gene_id	rank_value
AT2G42540	40.3779576687072
AT1G13930	37.921363429871
AT4G23600	36.268155487008
AT2G40840	35.5964638983057
AT3G44990	34.3782250943566
AT5G02810	34.146049720062
AT4G30660	33.1537211159901
AT2G43010	33.0053121894197
AT1G78680	32.9623668917499
AT1G28610	32.523596454127
AT4G17340	32.373082075542
AT3G05030	31.3410366081228
AT1G72930	30.1925784417873
AT3G25770	29.7203364861649
AT3G46970	29.3329858340636
AT2G43020	29.2242113326424
AT1G33970	29.1595394439994
AT2G39800	29.0348634518916
AT2G46170	28.8663575071798
AT5G59130	28.7001021950675
AT1G52400	28.0800797344733
AT1G10657	27.4101290952974
AT2G28720	27.1951266858666
AT1G70820	26.1443998675044
AT1G13650	26.0807974048414
AT1G71030	26.0733902342174
AT5G50950	26.0344904772484
AT3G29320	25.4724807433702
AT3G03780	25.3129243024954
AT5G47240	24.8946693616361
AT1G01500	24.2541736796578
AT3G52180	24.2518458752959
AT3G18080	24.1641276646455
AT5G48880	23.8763910979782
AT1G74640	23.1103192297335
AT5G40500	23.1075466415204
AT2G36870	23.0781825153932
AT2G39130	22.6656972781002
AT2G42530	22.4622473994519
AT4G21215	22.2515230853665
AT2G43535	22.2116757549025
AT1G18360	21.9732981701991
AT4G08870	21.9162896007889
AT4G27440	21.6998168757997
AT5G20150	21.6455588374242
AT2G28840	21.5344044073661
AT4G30650	21.503473905457
AT4G27310	21.4779597871368
AT4G17770	21.3070186586919
AT5G52310	21.1955738104677
AT5G28030	21.1748365606343
AT2G21380	21.1638554814304
AT2G23840	21.1535833658935
AT2G46670	21.0336847476678
AT1G19570	20.9698304145473
AT2G44940	20.9393889759044
AT2G40435	20.9100494650422
AT4G27820	20.8187701719387
AT1G66700	20.4904102036467
AT4G16590	20.4833064069944
AT4G39210	20.3459086512975
AT3G53830	20.2643134898601
AT1G18150	20.1831091542761
AT2G46650	20.1360643888298
AT3G14620	19.9549456762745
AT2G39920	19.9521662726082
AT5G24155	19.7422387952063
AT2G15970	19.682762915495
AT5G20190	19.6665311709429
AT4G18390	19.6366685737631
AT2G45560	19.6226004193944
AT4G34950	19.6170332818733
AT1G08650	19.5862899317895
AT4G09020	19.4684298890702
AT2G31360	19.4480354282998
AT1G20030	19.4328753968148
AT3G07390	19.3989419842171
AT2G22540	19.3914368431328
AT5G08030	19.327965941432
AT3G62750	19.3220837508896
AT1G78600	18.9788795884016
AT4G26530	18.9774052104666
AT4G33110	18.9689091831183
AT2G16600	18.9417224917504
AT5G67390	18.8753069573365
AT1G01300	18.8350287869994
AT3G58990	18.7756847067445
AT4G15920	18.5990268509245
AT1G23080	18.517343057323
AT1G48330	18.4668124503
AT3G14200	18.4127708957218
AT4G39730	18.4080120075678
AT5G44420	18.4077826667638
AT2G20750	18.4029918016918
AT3G05640	18.3621207697038
AT1G22070	18.2330563748035
AT4G21960	18.2098221138193
AT3G26740	18.2085467061621
AT5G48900	18.1447637276055
AT3G46370	18.1294350017239
AT1G20450	18.0810351366764
AT2G39900	18.000301308899
AT4G39980	17.9279711359415
AT4G21910	17.6860943278669
AT5G64170	17.6792563798131
AT3G06500	17.6342676445149
AT5G61270	17.587663182182
AT4G19120	17.5528277033651
AT3G63200	17.520852275921
AT1G04250	17.4521419913508
AT1G65840	17.398113465465
AT1G21590	17.3959131520388
AT4G12900	17.3409855783326
AT1G45191	17.2727646836328
AT4G27830	17.1621699392079
AT3G62550	17.0202552521919
AT3G27570	16.9684224650704
AT1G10900	16.9618204980308
AT1G79460	16.8892017613443
AT5G63780	16.8819648566078
AT5G64640	16.8648203442922
AT3G02870	16.8141556055495
AT1G78070	16.8120930281416
AT1G03310	16.744631869671
AT3G01310	16.7377078260398
AT4G12030	16.6869941669036
AT5G02180	16.6134392569696
AT2G46790	16.5405791215097
AT3G53800	16.5010113771245
AT1G02270	16.4984219976291
AT3G55760	16.4513329566421
AT2G30860	16.360744396693
AT3G02230	16.3355312715395
AT4G21760	16.311227508762
AT3G54890	16.2904054619365
AT1G14250	16.2660590017797
AT4G37180	16.2447581586937
AT5G38480	16.236764546224
AT4G01480	16.1701531166934
AT1G14580	16.1530260477607
AT1G75370	16.1415177648357
AT1G13360	16.1284585373245
AT5G55960	16.1243058194243
AT3G52740	16.1013026539563
AT5G62350	16.0891446369544
AT4G11600	16.0435128662798
AT4G36010	16.037292296585
AT2G20570	16.0224096174253
AT1G18330	16.0207689806738
AT5G11610	16.0101201928386
AT5G08570	15.9939726137091
AT4G26510	15.9154816858069
AT3G60520	15.8654022811875
AT1G73480	15.8114295371487
AT3G18440	15.7315868491582
AT5G61810	15.701301586208
AT1G73600	15.698244615079
AT5G41600	15.6739656578154
AT3G28370	15.5196125147083
AT1G75040	15.4472165764256
AT3G22200	15.4458329224974
AT5G44575	15.4394538070896
AT2G37640	15.4337327432628
AT1G64900	15.4334507013939
AT5G43440	15.4077825867539
AT4G26080	15.3843458249535
AT1G75580	15.25577832373
AT2G29650	15.231232367426
AT3G22370	15.203062922436
AT4G09760	15.2029155569378
AT4G30960	15.1922393654153
AT1G54575	15.175073963721
AT1G04690	15.1164029067225
AT1G43670	15.1046773871893
AT5G36160	15.0747299532676
AT5G64180	15.0391471650353
AT2G46370	14.9340380849129
AT1G19550	14.8697267294784
AT1G63010	14.7973410618452
AT3G17640	14.795923219723
AT5G59540	14.790580192259
AT1G54100	14.7680765779457
AT5G60840	14.734235177337
AT3G50760	14.7210062219135
AT5G43150	14.7205337536368
AT5G45750	14.7154872783758
AT5G18760	14.6997591137115
AT4G18930	14.5702435942423
AT5G11670	14.5631822047253
AT3G18500	14.5586263446823
AT5G66400	14.5569103242158
AT3G45600	14.5476300828414
AT4G14230	14.5178936871655
AT5G65090	14.4203878210597
AT5G57180	14.4190421714973
AT1G68600	14.2804032429264
AT5G65310	14.2691673239002
AT3G12490	14.2673147194335
AT4G33625	14.2512898203439
AT3G21330	14.2199820802446
AT3G61880	14.1946120594531
AT1G76180	14.1798852363636
AT1G24148	14.1789459952656
AT1G20620	14.105832968801
AT1G64390	14.0958068881612
AT1G11840	14.0771079831009
AT4G39260	14.0769313122656
AT1G63830	14.06447182638
AT1G11070	13.9953707480166
AT1G58280	13.9691496399852
AT2G22080	13.9285383522047
AT1G02820	13.9097103050368
AT1G17970	13.8943581596971
AT3G47470	13.8508330219103
AT3G02860	13.784457648839
AT3G16690	13.7809664447056
AT5G23010	13.7724016866961
AT4G13800	13.7230023508621
AT2G22430	13.6990218830468
AT1G02205	13.696542249299
AT5G57887	13.6590420003046
AT5G66880	13.595982839186
AT5G53420	13.5881786844654
AT3G08640	13.5844841541248
AT4G04210	13.5844374339974
AT2G42200	13.5578539101529
AT5G44720	13.5487476741662
AT4G27700	13.5482884156575
AT1G03430	13.5013313387131
AT3G06550	13.5001186139727
AT5G09810	13.4859685855343
AT1G62560	13.4757325475931
AT2G14750	13.4729327860886
AT1G66410	13.3945057501666
AT5G35560	13.3879106820121
AT1G22770	13.3867373180913
AT5G01410	13.2926120138918
AT1G20510	13.2459264877221
AT2G43550	13.2431982777297
AT3G61490	13.2156816827482
AT1G29395	13.2086896347368
AT4G25640	13.2045455475513
AT4G16146	13.2019194130092
AT5G60890	13.1561278836806
AT4G18270	13.1174814606139
AT2G44490	13.1004583985289
AT1G45201	13.0687851687475
AT1G48100	13.0521942086009
AT3G17790	13.0147933493043
AT5G59350	13.0142906102059
AT1G10760	13.0125260136511
AT1G67300	13.0117817510107
AT4G09500	12.9788480715266
AT5G38510	12.9550690288716
AT2G25450	12.9549516402135
AT5G24990	12.9476098063955
AT5G59950	12.9390451364448
AT2G21250	12.9311765545673
AT1G65900	12.9301955078597
AT4G33490	12.9153672166464
AT4G21570	12.9150451418924
AT4G18440	12.9039938570131
AT2G41090	12.8550462807126
AT3G15210	12.8424983555316
AT2G16430	12.8065229080808
AT2G41870	12.7753805635682
AT5G65890	12.7433542066975
AT5G66420	12.7358390071935
AT5G14200	12.700610889598
AT1G67360	12.6856795762104
AT5G08130	12.6424862229773
AT4G03420	12.6420884796177
AT4G34650	12.6094968494685
AT1G77765	12.5526396717083
AT4G23500	12.5425924520316
AT2G39930	12.5381647694667
AT1G48920	12.5212617745509
AT5G61820	12.4951558469896
AT4G17100	12.4698879549146
AT3G57062	12.46169693782
AT3G14720	12.4548213325833
AT5G63980	12.4482644729228
AT1G21640	12.4116321985921
AT1G74090	12.376893720602
AT4G36830	12.370847918431
AT4G23020	12.2852942699952
AT2G41190	12.2849256800024
AT1G43620	12.279099600995
AT3G19720	12.2471837993053
AT5G17190	12.2436435614144
AT3G27690	12.2366976692659
AT1G07610	12.2223876353601
AT4G28250	12.2207194554773
AT1G68650	12.2182539397153
AT5G07690	12.2104557029665
AT2G38670	12.1931748784187
AT3G47500	12.1739230883209
AT4G05150	12.1656990754801
AT1G19960	12.1509120696396
AT3G03440	12.1261139513357
AT3G10940	12.1036288095194
AT2G38750	12.085995715346
AT3G03250	12.0823773149263
AT1G41830	12.049308572787
AT2G45660	12.0444147701675
AT4G27652	12.0413118347386
AT3G56080	12.0377714480793
AT4G39940	12.0130422211841
AT3G17800	12.0000541606701
AT1G53580	11.9982002059602
AT5G47330	11.9978746312124
AT2G20610	11.9874325257086
AT1G61520	11.9805555347942
AT4G14560	11.9637863791336
AT4G31450	11.9524082969093
AT4G29190	11.9491988124963
AT4G01080	11.8739223121948
AT5G57345	11.8378016290936
AT1G67750	11.7717682571078
AT1G79970	11.765860076492
AT1G51090	11.7484574116258
AT5G63860	11.7116838184092
AT5G44050	11.699051473991
AT1G49560	11.6983856587124
AT2G29390	11.6945537329577
AT4G36530	11.6807753167798
AT5G56630	11.6805550067839
AT5G39760	11.6735251150882
AT1G51610	11.6646040568605
AT3G15350	11.6514300532634
AT5G54270	11.6469410451235
AT1G17290	11.6292994416233
AT1G56650	11.6200143494436
AT2G22190	11.5799496573076
AT3G17120	11.5539129734115
AT1G17420	11.5500070505801
AT3G55880	11.5372598661057
AT4G37000	11.524457383098
AT1G02930	11.5172939210975
AT5G24030	11.4809223821374
AT2G44060	11.4647221939447
AT1G72500	11.4601617981172
AT2G46600	11.4267558087714
AT4G16190	11.4027440818914
AT1G08890	11.4009303062662
AT1G22540	11.3858164015264
AT2G19860	11.383917442237
AT5G49015	11.3628139262191
AT4G32770	11.3318101276489
AT2G34420	11.3160511832983
AT2G29670	11.3083070209722
AT1G70810	11.2911826963262
AT5G37780	11.2671954097107
AT5G08565	11.2614637362256
AT3G52070	11.2430298291123
AT3G26450	11.2335265290284
AT1G27760	11.2217580293771
AT3G12290	11.2088559407685
AT5G23810	11.1925391622451
AT3G52710	11.1910774647862
AT5G35460	11.1775638165105
AT1G07250	11.1212487767965
AT1G78670	11.096654372144
AT5G39860	11.0756985935868
AT5G24160	11.0739516253269
AT5G19540	11.0712016028577
AT5G65480	11.0548638679793
AT1G19180	11.0533947828087
AT1G15030	11.0428706589136
AT5G27280	11.0307682484913
AT5G24770	11.0223679286496
AT2G37760	11.0137002950652
AT1G51440	10.9829602929236
AT5G40830	10.9745229867848
AT4G04020	10.9582190468261
AT2G46680	10.9523618895658
AT5G45650	10.9515185242219
AT4G33550	10.901517574012
AT5G65640	10.8995967430793
AT1G18870	10.8913933671469
AT5G63320	10.8912001059608
AT3G26580	10.8848003781958
AT4G19550	10.8846101219823
AT2G28550	10.8757638431227
AT1G12090	10.8526469833171
AT5G01500	10.8512415770982
AT2G17840	10.8478701012437
AT1G26920	10.8431981490389
AT4G25660	10.8406386297596
AT1G16410	10.8107658622563
AT5G18680	10.7936740543084
AT5G20180	10.79259862015
AT3G23870	10.7821248827592
AT5G03630	10.7616775405631
AT1G80050	10.7287162370991
AT1G76020	10.7280773740984
AT2G36880	10.726818034846
AT3G49680	10.7254635327454
AT4G11330	10.6598836889125
AT5G61280	10.6594312323154
AT3G44860	10.6463241135371
AT2G29320	10.6175958541135
AT4G39950	10.6088239268827
AT1G54040	10.5914077243463
AT1G48540	10.5760077608443
AT5G15970	10.542268469464
AT1G72180	10.5272548421543
AT4G14240	10.5240545471109
AT1G49975	10.4902367663991
AT1G23190	10.4540238399305
AT3G56720	10.4259009945229
AT5G46470	10.4235182941319
AT3G02630	10.4203690602473
AT5G64330	10.4111410237476
AT2G42190	10.4003981129796
AT1G06040	10.3935385845169
AT3G62700	10.3719361537027
AT1G43860	10.3448653727702
AT5G14970	10.3370932839794
AT2G45600	10.3335421675009
AT5G41670	10.3267617815833
AT5G20700	10.2869438964393
AT5G44005	10.2867916180388
AT1G25425	10.2852290034705
AT3G26290	10.2830353512393
AT2G47890	10.2763994896651
AT5G50840	10.2702717903958
AT5G28910	10.2666603622794
AT5G42800	10.2570183373788
AT1G09850	10.252955074579
AT4G18530	10.2512775744463
AT3G27250	10.2320702141208
AT1G55265	10.2313181878363
AT1G07420	10.2286436866267
AT4G04840	10.2271350135307
AT5G40390	10.2238451766977
AT2G04400	10.2212233844208
AT5G60460	10.2141770241605
AT1G68490	10.2135279971323
AT2G22240	10.2129911201505
AT4G35840	10.2086590063125
AT5G01950	10.2069971697584
AT3G61130	10.1994505192042
AT4G26700	10.1986917062221
AT2G23340	10.1954363606669
AT1G70580	10.1951958811784
AT1G20696	10.1761346328853
AT5G50680	10.1748378191167
AT4G32980	10.1464087689525
AT4G27520	10.1376971427555
AT3G02020	10.1260274750212
AT2G37180	10.1029614432575
AT4G14040	10.1021281002605
AT5G27930	10.0568691301836
AT5G63800	10.0434888273753
AT2G02570	10.0393407997902
AT4G35300	10.0162169161234
AT3G25760	10.0153972713737
AT5G52320	10.005544856289
AT1G06460	10.0053666110201
AT3G15020	10.0052553337691
AT1G18590	9.97297526107097
AT1G11700	9.97273959830777
AT3G26960	9.96983401294313
AT5G11590	9.96412421825372
AT1G69830	9.96385052095673
AT1G15050	9.96151765201662
AT3G10370	9.94828596264638
AT5G07340	9.94524287097235
AT3G47160	9.92664801708911
AT1G20693	9.91206148655675
AT4G15510	9.90728364965284
AT4G15248	9.90360060213641
AT4G22620	9.9022108117236
AT1G43710	9.8852971377826
AT4G09750	9.87801074610364
AT2G37770	9.87376737543067
AT1G22370	9.87171210274347
AT2G04350	9.85718262629508
AT1G20380	9.83881007770515
AT4G13770	9.83708344474269
AT3G55290	9.82562980610555
AT5G65860	9.8154855709905
AT5G57050	9.77338057254779
AT2G46535	9.76982736082093
AT1G63850	9.75927097825397
AT4G38850	9.75815130705962
AT1G03630	9.74842278111902
AT3G49390	9.74421875809972
AT4G36250	9.73927188439054
AT4G01060	9.73245324206024
AT5G11790	9.72598584184026
AT4G25970	9.71685641066646
AT5G42420	9.70605844632891
AT1G77000	9.70201033501827
AT4G37470	9.67995039186131
AT5G65840	9.6767124919805
AT3G09540	9.67305864891064
AT4G14270	9.6647027787435
AT1G64890	9.65614034388498
AT2G44310	9.62374464135207
AT3G52370	9.5976609285574
AT2G36145	9.5955820145232
AT4G22240	9.56885456874996
AT1G07280	9.5649337632224
AT3G60540	9.54592218511229
AT1G64650	9.53665273186644
AT2G18245	9.51171502804597
AT5G41410	9.49489704913535
AT3G09390	9.49103917113593
AT5G51850	9.48983514678213
AT4G12910	9.46855442753664
AT5G65870	9.46295062501524
AT3G29575	9.44651876471962
AT3G22970	9.44215526229431
AT1G07890	9.43903948136007
AT1G53890	9.42913990688872
AT4G21180	9.39825843701284
AT3G20820	9.39121007371781
AT2G20340	9.37463049179233
AT5G11060	9.36677032038287
AT3G55940	9.34479754948018
AT2G06925	9.34043232768956
AT3G17020	9.33336081436978
AT4G15210	9.32854457075855
AT1G65860	9.32513079143453
AT1G05170	9.31562791765482
AT2G28470	9.31538787490358
AT1G22160	9.30390645106507
AT3G51450	9.30096710250547
AT4G01550	9.30020150558394
AT1G12750	9.27551913846784
AT5G09450	9.26976436533315
AT5G62070	9.2630115177883
AT1G23490	9.25557969969939
AT5G03650	9.24995943446745
AT4G21380	9.24164401543785
AT1G61800	9.23886093499743
AT5G47060	9.22739592048575
AT4G36020	9.22272654367713
AT2G21590	9.21920052586806
AT4G03510	9.21845312069734
AT1G57600	9.21582053556657
AT1G78370	9.20202775688957
AT3G23570	9.18797711662232
AT2G05070	9.18152378000945
AT4G36810	9.17264101474855
AT1G08390	9.15513531559722
AT2G47650	9.15443260421419
AT2G32220	9.1473907930588
AT5G05890	9.14329697149251
AT2G35860	9.13917857579695
AT1G55200	9.13498555574253
AT3G53990	9.11690192549326
AT4G24780	9.10558809019078
AT3G07940	9.10393533412614
AT1G58200	9.09547291595717
AT2G37240	9.07954528757106
AT4G31870	9.07148904493774
AT1G51140	9.06707802274004
AT1G53310	9.06573913072951
AT2G29170	9.05891795147126
AT3G11720	9.03706795287876
AT5G02860	9.03493778312006
AT4G12880	9.00996801154735
AT1G33230	9.00127721186025
AT5G13200	8.99871704949195
AT4G30020	8.99477094747967
AT5G61420	8.99012465047041
AT4G36360	8.98724248070268
AT5G39790	8.97670843011372
AT1G66980	8.97555392381702
AT5G60850	8.97034475911198
AT4G03400	8.95647034650367
AT1G77510	8.93525349697083
AT1G71140	8.92695953182863
AT5G03190	8.91650072342855
AT5G18130	8.9140838598719
AT5G43330	8.89886936316335
AT1G20630	8.89662813549088
AT1G51805	8.88404586732253
AT1G35720	8.88098687301057
AT2G36220	8.86393668103679
AT5G37360	8.84544901970311
AT5G01300	8.83919120753302
AT5G35180	8.8272164429562
AT5G57330	8.81508763787761
AT2G20250	8.81058200516124
AT5G01600	8.81012610176296
AT3G06035	8.77937234282816
AT1G23110	8.76540465031088
AT1G12760	8.76414058423183
AT2G29310	8.76215374704403
AT3G23090	8.73497643455794
AT2G35700	8.73069671139491
AT3G52990	8.72916648008917
AT1G22270	8.72101107278136
AT4G23170	8.70273467926837
AT5G13750	8.68983993510967
AT1G20260	8.68594140672174
AT1G78080	8.68571525167101
AT4G29040	8.67428406133021
AT4G38890	8.66522777954889
AT1G57590	8.6629920675302
AT3G28220	8.65084904762978
AT5G67330	8.64868433033079
AT1G51430	8.64759669373474
AT3G50500	8.63409590111137
AT1G77280	8.63023543400012
AT4G02770	8.6283566791613
AT1G08380	8.61862815414512
AT4G05020	8.61516673116218
AT5G47370	8.61243279404539
AT2G35190	8.61205825626546
AT1G10370	8.59070563887853
AT3G45140	8.57674168733492
AT3G23810	8.57530744292593
AT4G02260	8.56780031099491
AT2G21620	8.54943429568925
AT3G11410	8.54796303965039
AT1G16300	8.54794632000494
AT1G31170	8.54018352575029
AT5G46570	8.53218282882538
AT5G45420	8.52700579097617
AT5G11740	8.52279266229678
AT2G41475	8.51812473822021
AT3G18000	8.49905851568588
AT4G09900	8.49897656801316
AT1G77580	8.48756011799643
AT5G62280	8.48692659491823
AT5G55400	8.46903729618648
AT4G30530	8.44349739123691
AT1G65580	8.44274465386348
AT5G60120	8.42658403495539
AT3G20240	8.40584133356958
AT2G21520	8.40531684414528
AT1G73630	8.40086859770659
AT5G45830	8.39011637230579
AT4G01883	8.37914151835423
AT2G26900	8.37735711722534
AT1G25422	8.35623197745139
AT3G23820	8.3560818730499
AT4G29110	8.35526334183821
AT5G43860	8.35152214168918
AT4G19170	8.34999398463202
AT1G16400	8.32684364679952
AT3G50440	8.31941533618198
AT1G80950	8.29771184238586
AT4G00630	8.29293878083759
AT1G33170	8.2803082759928
AT3G19150	8.27310949997364
AT1G65790	8.26601705183324
AT5G12170	8.25076245815447
AT5G43140	8.24592799247411
AT3G17810	8.24213761726055
AT5G20480	8.24034697760811
AT5G15090	8.23274530433466
AT1G61890	8.230872192267
AT2G27840	8.21781906301159
AT2G34090	8.21618532131633
AT3G51750	8.21585489012693
AT2G18630	8.21275651699816
AT4G34900	8.1672491178838
AT4G18280	8.1664193187462
AT4G00520	8.16208005848758
AT1G19640	8.1619334699723
AT1G29910	8.15683868487292
AT5G02280	8.14965836564233
AT5G64530	8.13470414499513
AT2G40130	8.12892668885782
AT3G56260	8.12590239977551
AT5G53120	8.1238244379176
AT3G25700	8.11175767534552
AT1G67900	8.11139092367735
AT1G75800	8.09893988603991
AT5G50800	8.08169882278193
AT4G35790	8.08139282436655
AT4G22880	8.08124627404771
AT1G73030	8.07996371136911
AT1G20190	8.07839865031238
AT4G17050	8.07783062628327
AT5G47880	8.07460583107513
AT5G51050	8.0665133213593
AT1G26945	8.06627556104878
AT4G05400	8.05734792247943
AT2G22360	8.04423070203321
AT1G80870	8.03955524764749
AT5G57340	8.02509457044789
AT1G64200	8.02452118126475
AT1G54820	8.02227298208979
AT2G47170	8.01957860962283
AT1G27030	8.01624328272152
AT4G09510	8.01501193032134
AT5G61290	8.012322194714
AT4G13990	8.01075104315097
AT1G55260	8.00958919720825
AT5G08320	8.00683064893016
AT3G02730	8.00661688854669
AT2G43530	7.99251915352178
AT5G45280	7.98828163929104
AT5G19470	7.98324473495345
AT5G67070	7.97659340346157
AT1G24120	7.97126403587333
AT5G03230	7.96545649677539
AT4G01130	7.96299547163071
AT4G15450	7.96012220847605
AT1G75700	7.95677511161278
AT1G77850	7.94233893768538
AT2G46870	7.94199805748735
AT1G69690	7.93997215045493
AT5G14070	7.92692896189909
AT1G09580	7.91747161289595
AT2G32990	7.91502969461184
AT3G45640	7.89109782680185
AT5G52060	7.88899548164713
AT2G20960	7.87857148865798
AT3G44970	7.87098143782435
AT2G22840	7.85286492984608
AT5G02590	7.8486915832266
AT2G40880	7.84752517919237
AT1G01420	7.84067844568491
AT2G43100	7.83738197010979
AT1G54770	7.82682179928828
AT3G50840	7.8222847911386
AT1G74430	7.82180111709412
AT1G51060	7.81383415511559
AT5G02230	7.78070527254267
AT3G16870	7.77772927447675
AT3G01810	7.77643529324011
AT3G07700	7.77615266380249
AT4G23060	7.77198348090135
AT1G77960	7.77164218220189
AT1G47710	7.75619735194268
AT2G30790	7.75520553316972
AT5G57760	7.75460341626065
AT5G04940	7.75173708391485
AT1G21400	7.75150943652916
AT1G18710	7.74991911233253
AT5G04280	7.74966354824779
AT1G72920	7.74899616436981
AT5G63120	7.74831362949
AT1G44750	7.74379127194932
AT1G19940	7.72787036286938
AT5G08590	7.72420561646206
AT2G32580	7.72299534790127
AT1G07600	7.71187535388709
AT5G50160	7.70283679838437
AT4G14819	7.70065154274477
AT4G38580	7.69357211749076
AT2G24200	7.68305429729357
AT1G09350	7.68151566256511
AT5G02260	7.66198565398747
AT5G61240	7.64161222957411
AT5G24980	7.63474199112628
AT5G54970	7.63437340274569
AT3G11090	7.62749179704137
AT4G22990	7.62411031469674
AT2G01170	7.62345889685025
AT5G03210	7.62168230560857
AT1G21380	7.61272499808063
AT4G26940	7.61127758690751
AT1G75680	7.60649613852143
AT3G05500	7.59949097578998
AT1G49820	7.58104633876132
AT3G15510	7.5803810181717
AT1G19860	7.57977904694809
AT1G19330	7.57774612129953
AT2G32390	7.56491354210069
AT2G20990	7.55878870479727
AT1G20823	7.55789357044924
AT5G50430	7.55676761408906
AT2G29360	7.54863932615844
AT1G63000	7.54812864010952
AT1G03250	7.5399443418494
AT4G40042	7.53291941584324
AT3G27820	7.53268169304585
AT4G24010	7.52693066962814
AT4G32020	7.51637768286907
AT1G72340	7.50256688020228
AT3G14395	7.48520990209073
AT5G02190	7.48197665698964
AT1G76590	7.47990022182381
AT5G64860	7.45673527151376
AT4G15530	7.44913828710722
AT3G19710	7.44706347627093
AT1G03960	7.44683769189176
AT1G56300	7.44533409536288
AT3G24770	7.43969500643235
AT3G62580	7.43790156986923
AT4G23010	7.42310596029834
AT1G71890	7.4165792199424
AT2G04240	7.41444621839512
AT3G44310	7.41351482894378
AT4G30710	7.41110196467841
AT2G38740	7.40851408762235
AT1G26150	7.40631012728702
AT3G46290	7.4052052515377
AT1G78490	7.39893422411919
AT3G25560	7.39725921424827
AT3G44100	7.39496157324126
AT1G26130	7.39374613559918
AT1G52410	7.3936738928045
AT3G16520	7.39059541805178
AT5G17000	7.39053238522143
AT3G59300	7.38302816368886
AT5G47100	7.37894213063121
AT1G28600	7.3744504080844
AT4G04340	7.36593372420103
AT3G01510	7.35380715947017
AT4G33467	7.35146699453007
AT1G56230	7.35031227958481
AT4G07995	7.34328559793992
AT1G49720	7.34049812901744
AT5G64770	7.33886741882733
AT4G22200	7.33701669503167
AT2G23010	7.33539701009841
AT2G23760	7.33525234528464
AT5G41140	7.33229056930379
AT5G10730	7.32179124098737
AT3G18950	7.31895864865306
AT1G64970	7.31437504987841
AT2G32550	7.31425436554075
AT1G75710	7.31406838148389
AT1G53670	7.31002258476705
AT4G25420	7.30953511607563
AT5G23575	7.30883192961979
AT4G23050	7.30298973974983
AT1G11670	7.29753755760663
AT4G39800	7.29512613917909
AT4G34240	7.28611128423839
AT3G46000	7.27823244490366
AT1G66900	7.27668185255702
AT4G12590	7.26850391522375
AT5G05600	7.26181181927005
AT3G18850	7.24476047215762
AT3G08510	7.24316449604048
AT1G50732	7.23493716226314
AT5G06220	7.23160237301693
AT3G55240	7.22951332467746
AT5G63490	7.22910576488298
AT1G13440	7.22780920457874
AT5G60920	7.22028668340732
AT4G22690	7.21958306763041
AT4G34120	7.21621184367144
AT5G55730	7.21511569134716
AT5G61780	7.20499400881577
AT5G66130	7.20469047589575
AT1G01230	7.19571683014413
AT4G26288	7.18782407544982
AT5G41620	7.18579981732505
AT1G75440	7.18575554787716
AT1G64660	7.18393710951515
AT1G72450	7.17632078281491
AT4G35000	7.17268023885611
AT1G34220	7.16548589562276
AT3G05910	7.16097597085394
AT1G31230	7.15946729792364
AT3G03520	7.15710327224936
AT1G22850	7.15639107291023
AT5G19140	7.1541350915945
AT1G32220	7.15152019706643
AT5G53050	7.15033742780555
AT5G08330	7.14975670927271
AT1G55020	7.14943630148643
AT1G62540	7.13776556937801
AT1G10090	7.13342951252907
AT3G22840	7.11909426802848
AT3G28930	7.11798990068046
AT4G29610	7.11654354695304
AT2G29970	7.11148997022233
AT3G50660	7.10959614550487
AT1G53240	7.10375519931217
AT1G13280	7.10110686231788
AT2G32150	7.09777162183999
AT3G08590	7.09704589112361
AT2G41900	7.09539383158075
AT1G05805	7.09252526730494
AT1G74680	7.08853029851462
AT1G78900	7.08471609863872
AT1G44170	7.0804094514147
AT5G35510	7.07737897477208
AT3G23400	7.07670380679808
AT2G26660	7.07059103146185
AT2G37720	7.06860022611138
AT3G28070	7.06776917712947
AT4G13840	7.06414906755912
AT4G36900	7.06411513334812
AT1G03340	7.0619098858363
AT5G47120	7.05729243238634
AT3G30300	7.05724163254567
AT4G34870	7.05301644049786
AT1G74730	7.05047755521974
AT5G46590	7.04689392710786
AT5G12050	7.04584028224369
AT4G08170	7.04014460684859
AT1G73870	7.03755274181752
AT4G21940	7.03588673124306
AT2G38010	7.03264248561544
AT2G31390	7.0297843761009
AT5G02620	7.01679420199534
AT4G39960	7.0163500921017
AT1G20640	7.01006239250986
AT4G38810	7.00230154270943
AT4G37770	6.99563017141456
AT1G21270	6.9952005442455
AT1G49230	6.99438317164365
AT5G54810	6.99297622119557
AT2G21580	6.9916143720728
AT1G53110	6.98888965140506
AT3G16350	6.9808390610889
AT1G44575	6.97653263323852
AT3G15570	6.97625331711231
AT2G46820	6.97505439773953
AT3G56040	6.9739282348311
AT5G14700	6.96692246626082
AT3G54810	6.96585805507461
AT5G07990	6.95988774505843
AT1G31550	6.95672940188949
AT5G59480	6.94950421275839
AT1G34130	6.94490267617925
AT1G73860	6.92952166748343
AT3G47540	6.91385743944642
AT3G02750	6.9116922948648
AT1G75960	6.90539278051888
AT1G61240	6.89742189013056
AT4G39350	6.89416690847432
AT5G37600	6.89361242709163
AT5G67500	6.8933563386726
AT3G54640	6.87823639730841
AT4G03960	6.87755056121278
AT4G24740	6.87753107846256
AT1G27630	6.86970867848115
AT1G71880	6.85794226700693
AT3G24503	6.85662365421673
AT2G30570	6.85486337506582
AT4G36220	6.85470173029749
AT1G02300	6.85352303292123
AT4G28570	6.8512007896162
AT4G37680	6.84905232111264
AT1G55690	6.84569026156177
AT1G68585	6.84562187730086
AT1G17745	6.83274912214034
AT1G06210	6.83204615732003
AT1G14600	6.83026484385214
AT5G57030	6.82737456283045
AT5G51830	6.82507047601337
AT2G35620	6.8148892341232
AT2G20880	6.81438112798794
AT4G29010	6.8131178399075
AT2G03310	6.81100851686486
AT3G51660	6.80393165014897
AT4G25340	6.8028454436421
AT4G02500	6.79937044275517
AT5G57040	6.7977139019993
AT3G54960	6.79521014433785
AT1G21080	6.78698717756942
AT5G62530	6.78595170468216
AT2G34050	6.77968959558231
AT4G27710	6.77533807175651
AT1G10940	6.7612705274676
AT3G59670	6.75144574982164
AT4G14605	6.74635255830045
AT3G22180	6.74622824858236
AT1G72630	6.74263928421527
AT2G41160	6.74158667576095
AT5G25610	6.73964303520337
AT4G02715	6.73042066875641
AT1G76650	6.72936973136869
AT5G16990	6.72704163979399
AT3G02250	6.72373141023718
AT2G39330	6.72365456381911
AT5G23570	6.72353807145484
AT5G14640	6.72307952094456
AT1G60270	6.72077628131129
AT1G74520	6.72072373607344
AT4G25434	6.7203138124171
AT5G17780	6.71991547346791
AT5G39850	6.7197901448036
AT5G26040	6.71117990964877
AT1G03160	6.70211307175628
AT1G70800	6.69373357316792
AT2G37380	6.68427498063209
AT3G46940	6.68426759065314
AT5G12470	6.6808042314115
AT1G22950	6.68072398895561
AT1G80130	6.67684306271087
AT5G59050	6.67427749823731
AT4G09650	6.67311282604508
AT3G07720	6.66969926428581
AT1G72175	6.66043449645476
AT1G18265	6.65763235918772
AT1G04570	6.65352797246214
AT4G05530	6.65204988836699
AT1G09210	6.65172171870606
AT2G41940	6.64755649249718
AT5G63087	6.63930273740198
AT5G18030	6.63536992130895
AT3G46110	6.63373136216559
AT5G47455	6.63223889657872
AT3G23210	6.62942136883442
AT4G05450	6.62804320282964
AT2G37470	6.61545662331843
AT1G29400	6.61180262750606
AT1G70730	6.60956130951267
AT3G50350	6.60330261914426
AT1G34350	6.59623279545926
AT3G27230	6.59312935146492
AT5G47230	6.59254251021147
AT4G17720	6.5836834860856
AT5G18850	6.58273265110869
AT4G03410	6.58266915931407
AT2G38540	6.56681432980653
AT4G30160	6.56407897568637
AT5G46220	6.5502128760643
AT3G03190	6.54735772471285
AT5G45800	6.54618605084228
AT2G25250	6.54516088434236
AT5G17920	6.54502709159738
AT1G55840	6.52429908694459
AT2G22830	6.52047082070506
AT5G63790	6.51485578876645
AT2G38860	6.5118776958118
AT5G01880	6.51125773010341
AT1G15580	6.50869522017842
AT5G07700	6.50817255629106
AT5G63130	6.50813976787468
AT2G04080	6.50649970909031
AT1G03495	6.50469713308419
AT1G67950	6.50431171265095
AT2G46550	6.50273394724363
AT3G52630	6.5023578406635
AT2G04850	6.50034606417321
AT4G19030	6.49611796056118
AT3G63450	6.49564395248101
AT4G32340	6.47317694522865
AT2G20370	6.46652656136944
AT5G39570	6.46505344454408
AT5G01520	6.46019229337569
AT3G13480	6.45028394215324
AT5G14270	6.44827451774683
AT5G56270	6.44689432605004
AT3G15840	6.43121803169752
AT5G61960	6.42424699334191
AT3G29590	6.42071013257842
AT3G29100	6.41162669573329
AT5G43155	6.41041398443778
AT3G44160	6.4085591130778
AT4G02370	6.40832026854399
AT2G45080	6.39917081097287
AT3G26280	6.396722125203
AT1G77610	6.38925527350121
AT3G01060	6.38916951021614
AT1G09240	6.38498369540383
AT3G51670	6.37226955057197
AT1G76670	6.36404163906183
AT1G07900	6.36228031064152
AT5G62030	6.35385380749584
AT3G57780	6.34414084480297
AT3G14210	6.34122485593611
AT1G16730	6.33371399725209
AT1G53080	6.33364757737721
AT2G36630	6.3327012023938
AT2G40460	6.33200962406246
AT3G15730	6.32755515281854
AT4G17360	6.32491441417784
AT5G06830	6.32403333464774
AT2G03590	6.32211286221882
AT5G15440	6.32028439926208
AT1G45010	6.31738469073711
AT1G76955	6.3142607283923
AT5G13170	6.31398197200674
AT2G43410	6.30912146534337
AT3G49260	6.30401716616928
AT2G30060	6.30378123346208
AT4G13410	6.300362231989
AT1G35160	6.29680785385124
AT4G24380	6.29499836494858
AT2G45590	6.29244132168479
AT4G23670	6.29132451614702
AT5G05840	6.28900450438546
AT1G15820	6.28744569098779
AT2G42590	6.28687292942386
AT1G02850	6.2851098198559
AT4G16660	6.28212576571131
AT3G55450	6.28068173014251
AT5G17990	6.27504378076401
AT1G73750	6.27420058156065
AT2G13100	6.26778895675168
AT1G52000	6.26419117206501
AT2G28360	6.26377957437743
AT2G02070	6.26053210739776
AT5G19240	6.24857269997827
AT1G58225	6.24592383611035
AT3G14020	6.24516446816283
AT2G36350	6.24511226447424
AT4G20410	6.24509560634404
AT3G45780	6.24179680404576
AT5G22300	6.23995550022132
AT1G73470	6.23356224666452
AT3G12320	6.21871151446363
AT2G01890	6.21689887457214
AT2G06530	6.21481590609896
AT4G32390	6.20278390939885
AT1G50010	6.18781927915479
AT3G17070	6.18700371210904
AT2G04066	6.18627176725479
AT5G46830	6.18366312024711
AT5G66590	6.18335971132238
AT2G15318	6.18274111157606
AT1G65800	6.17817432221639
AT5G65880	6.17563751215567
AT3G61560	6.16748427193117
AT3G20390	6.16650815976156
AT5G04950	6.15616689980101
AT4G23630	6.15055628671072
AT4G02850	6.14949952289587
AT5G63530	6.14514613283912
AT1G51510	6.13777570352566
AT1G79600	6.13321582047178
AT1G44780	6.1307297487783
AT5G14790	6.12583490917501
AT3G05120	6.1239958364626
AT5G61230	6.12307192847268
AT4G14716	6.12109775347049
AT1G54830	6.12024245442713
AT5G52870	6.11936060225248
AT5G24300	6.11834792927599
AT3G59810	6.11545271103824
AT5G52450	6.11320732833576
AT1G28070	6.11219488089177
AT5G10440	6.11197882613012
AT2G31790	6.10186940793806
AT5G05090	6.10055497808899
AT2G30432	6.09967566205753
AT1G69640	6.08335473321807
AT2G29090	6.08262123228664
AT1G02880	6.07812971924408
AT1G29965	6.07704310411874
AT2G20290	6.07593042580916
AT2G39910	6.07565691377097
AT3G49120	6.07393675618511
AT1G10200	6.07371181333594
AT4G29510	6.07168218944077
AT1G54270	6.06822715402618
AT1G74940	6.06431095753671
AT3G22550	6.06082913694866
AT1G67785	6.05340126942376
AT2G40430	6.04193451060202
AT3G28050	6.03819328104282
AT5G39050	6.03768707132682
AT2G16890	6.03747557926033
AT3G29360	6.02684219773562
AT5G52200	6.02428436929126
AT3G13690	6.02146189398469
AT3G04120	6.01917257676625
AT3G55280	6.018678974914
AT5G38520	6.01548599748165
AT1G42540	6.01193158886931
AT2G22795	6.00565654957144
AT1G26910	6.00483661569485
AT5G58420	6.0044036857817
AT1G19340	6.0007236958402
AT5G59300	5.99971054515335
AT1G52280	5.99842511822665
AT1G09490	5.99198665674185
AT2G28900	5.99042853900829
AT1G70490	5.98885453037111
AT4G38050	5.98670417628563
AT1G15710	5.98627197132476
AT4G23290	5.98548968049578
AT4G17615	5.98260282155109
AT5G35970	5.98189314147706
AT3G02360	5.97890915311193
AT5G20660	5.97861798466635
AT2G39050	5.97760444596863
AT5G47910	5.9673597161712
AT5G56280	5.96638741027863
AT3G59060	5.95715689146781
AT5G09620	5.95654302556878
AT5G59180	5.94887035308211
AT2G15310	5.94723310609203
AT4G37150	5.94171469400024
AT5G64510	5.93981971760461
AT1G15020	5.93881813810434
AT4G30230	5.93734066847793
AT3G01390	5.93669155213362
AT1G05500	5.93232376047911
AT5G22070	5.93047094794459
AT3G05630	5.93018534495105
AT5G59080	5.91863681585188
AT1G03970	5.91837328439766
AT3G48000	5.91733272364462
AT1G76360	5.91647765167987
AT1G24070	5.90809776703961
AT2G19830	5.90283016153792
AT1G04750	5.89983198463179
AT1G64105	5.8988288207077
AT4G16150	5.89840390480229
AT5G49945	5.89629334958249
AT1G75860	5.89464417259306
AT1G17620	5.89366467420381
AT1G03150	5.89238566591413
AT1G18470	5.89134387800369
AT4G35310	5.89070390670011
AT3G61960	5.88850619847704
AT1G62800	5.88576635861832
AT1G56670	5.88467201627754
AT4G40070	5.88378980910743
AT1G64950	5.88154788059944
AT5G45920	5.8786120835264
AT5G47380	5.87429289305549
AT3G19270	5.87396602836284
AT5G48150	5.87105994300784
AT2G30424	5.87029952725323
AT4G11320	5.8671488775504
AT3G27240	5.86454267693414
AT4G01870	5.86371525229552
AT5G61010	5.86334939854992
AT5G61340	5.85861565656659
AT1G59970	5.85728004072434
AT3G12145	5.85199554860045
AT1G63240	5.84903336356114
AT2G45710	5.8463357555917
AT1G20100	5.84443897266007
AT5G06060	5.84360844936413
AT1G80500	5.84209701150388
AT1G12100	5.84031468525819
AT2G35960	5.83952236924709
AT4G31500	5.83894464246038
AT3G06310	5.83874026192935
AT5G52930	5.83736156398574
AT4G33380	5.8269459428062
AT5G40370	5.81791221008245
AT5G59320	5.813666163463
AT5G55570	5.80830306472006
AT1G66580	5.80688206546533
AT1G26770	5.80114215382076
AT3G14270	5.7977367923491
AT5G05830	5.79050864500744
AT5G51260	5.79010768979138
AT2G30350	5.78836926842286
AT3G57070	5.77957532393233
AT2G19810	5.77948720782967
AT5G10410	5.77773538803086
AT1G80120	5.76957504902491
AT1G55500	5.76906368858083
AT1G12060	5.76649533833772
AT4G29210	5.76084120155982
AT2G22810	5.75805409246371
AT3G55440	5.75613548553287
AT1G19310	5.75342029740075
AT1G26100	5.75285214866446
AT5G01530	5.75273152733688
AT4G24960	5.7519001274763
AT3G06450	5.74978487509055
AT4G01590	5.74615097311162
AT5G41910	5.74493694098004
AT5G13460	5.74401928345045
AT5G09870	5.7309457923818
AT4G35360	5.72518860890227
AT2G02390	5.71886019624889
AT5G10790	5.71822176087305
AT2G36340	5.71670765282282
AT2G37585	5.71608483492268
AT2G33845	5.71037700484463
AT5G38060	5.70579441622091
AT2G05100	5.70319515819522
AT4G27320	5.69620494717982
AT5G08050	5.69552442007732
AT3G52340	5.69517602647644
AT4G17420	5.69331419302586
AT4G22220	5.69296138007798
AT3G60440	5.69226263085477
AT2G46340	5.68971588791803
AT1G60790	5.6889631768567
AT2G06050	5.68641340502102
AT5G59850	5.6793209776105
AT2G32290	5.67853120288701
AT1G15950	5.67592839068661
AT2G46100	5.67565977965039
AT1G49450	5.67221663840412
AT4G12070	5.66408049495261
AT4G14220	5.65952098576191
AT1G26650	5.65591754080672
AT1G73830	5.65286723905952
AT2G29690	5.652796699908
AT5G35700	5.64975660263374
AT3G55340	5.64555742131399
AT2G46930	5.64209006062416
AT2G14520	5.64051489850579
AT1G20650	5.63212396582272
AT5G54770	5.63105203033336
AT5G65670	5.62824879206968
AT5G42040	5.62222177585855
AT1G07940	5.61736829626873
AT2G28790	5.61529708143876
AT5G03760	5.61522585081076
AT1G21670	5.61111081715894
AT5G39730	5.61099496617745
AT4G15540	5.61011249382134
AT1G22750	5.60747693111637
AT2G05940	5.60452501731116
AT1G28100	5.60422376971405
AT2G32560	5.59932717667216
AT5G56320	5.59674633896599
AT3G08030	5.59372507444214
AT5G27990	5.59058434339029
AT3G54600	5.58314089523059
AT5G41580	5.58020865758443
AT1G79550	5.5762127932124
AT4G27720	5.57580309237825
AT3G57490	5.57259711128269
AT5G42650	5.56857305700828
AT4G23200	5.56721311426709
AT4G18040	5.56138984034792
AT5G42020	5.55742383589784
AT1G11910	5.55046024267972
AT4G17570	5.55014718346384
AT3G59760	5.5501452267609
AT2G18840	5.54885555672541
AT3G52190	5.54853327948206
AT1G60000	5.53936590096933
AT1G44960	5.53801855001492
AT3G18060	5.53588983005879
AT4G36195	5.5356751645186
AT3G17930	5.53447264282224
AT2G26200	5.53365059760695
AT1G32540	5.53054234688545
AT5G55250	5.53000978769887
AT2G03470	5.52266026319441
AT5G16810	5.52162332318569
AT3G54250	5.52111879252466
AT5G16010	5.52107422620599
AT1G29390	5.51488583490715
AT5G15450	5.51274046467747
AT1G13090	5.51178705433119
AT5G14285	5.51040426589252
AT5G54470	5.50826217873549
AT5G19440	5.50444809644475
AT3G20500	5.50418828737122
AT1G08200	5.50354727032584
AT3G03640	5.50294002386529
AT2G03420	5.49925086650174
AT4G26790	5.49358593938271
AT5G45430	5.48843528866649
AT1G19920	5.48475282224395
AT5G07900	5.48436735584868
AT4G31590	5.4785769595279
AT2G41180	5.47727785084911
AT1G70210	5.4734294086542
AT5G67260	5.47242348753248
AT1G52800	5.47098438966752
AT4G39795	5.46790843504388
AT1G67660	5.46592763440248
AT1G13990	5.4647467853143
AT5G02940	5.46386753806663
AT4G12830	5.46301302684473
AT3G06470	5.46022432943316
AT3G52890	5.45028047911439
AT5G50375	5.45004087564146
AT4G22590	5.44734214786935
AT4G34550	5.443285841143
AT4G36240	5.44103775016657
AT3G61250	5.44047951170604
AT1G12650	5.43562027649144
AT5G58140	5.4280826257517
AT1G05420	5.42647738779044
AT5G07180	5.42631265955827
AT3G26180	5.4251056308852
AT5G59430	5.41555156183006
AT3G25580	5.41545781406447
AT5G07250	5.41545046733405
AT1G26190	5.41473116814281
AT5G62360	5.41405149066246
AT5G43160	5.40802420984181
AT1G78020	5.40769218705642
AT2G47870	5.40744980541393
AT2G29190	5.40692847225163
AT2G37580	5.40236085350459
AT3G61220	5.40230746662517
AT5G62230	5.40006778648904
AT2G13290	5.39717767172707
AT4G17760	5.39661231451632
AT3G24840	5.39659306819252
AT1G76400	5.39283722482032
AT1G77920	5.39021903587256
AT3G15750	5.382294888042
AT5G04160	5.37579046598432
AT5G01780	5.37408676199816
AT4G34000	5.37095470247007
AT2G25625	5.37038344366801
AT1G64710	5.36970353669172
AT5G39785	5.36840244688565
AT1G69450	5.36803066223692
AT5G18550	5.36570244538531
AT1G34760	5.36564060510892
AT5G64230	5.35870919011412
AT3G24230	5.35464298579514
AT1G20010	5.34839252554857
AT4G08240	5.34712005770189
AT3G01280	5.34591194330559
AT2G17972	5.3444681249019
AT2G46320	5.34073566841264
AT1G70890	5.34072574240345
AT5G41900	5.34039697537922
AT5G44730	5.33414329976995
AT1G15470	5.3314280802869
AT3G60770	5.32823125835378
AT3G27880	5.32620540856126
AT1G75300	5.32567740891889
AT2G33770	5.32136538710898
AT5G67150	5.32126715119823
AT4G27070	5.3179710528595
AT4G25900	5.31654280574241
AT5G52810	5.31580994926745
AT3G28080	5.31415805911238
AT5G40210	5.31320023553758
AT2G42790	5.31284766573896
AT5G04670	5.30157197243991
AT5G56250	5.29851862215376
AT2G23120	5.29306660379546
AT4G16940	5.29183311936864
AT4G23730	5.2892109711228
AT1G72940	5.28847244270967
AT3G61950	5.28646912503177
AT3G14850	5.28283293231373
AT4G36990	5.28158929133608
AT4G14365	5.28104263204875
AT5G41920	5.27719043377029
AT3G47550	5.27701976529247
AT5G59400	5.27187740812066
AT1G07590	5.27059489223363
AT1G53700	5.26583171990376
AT5G61330	5.26551242671834
AT3G14000	5.263139916923
AT2G40590	5.26227914611369
AT1G12990	5.26167471332619
AT1G07920	5.25902668892215
AT3G03560	5.25793952680806
AT4G31650	5.25664189344593
AT1G34570	5.25088835860486
AT4G17830	5.25066891198672
AT2G20680	5.24251147846116
AT3G57630	5.2300029462344
AT5G07460	5.22019161060098
AT1G63650	5.22009861350273
AT1G08030	5.2084935033706
AT4G38710	5.20535746012344
AT5G01840	5.20293235975289
AT4G04800	5.20284983853414
AT1G67800	5.20249459265995
AT1G06680	5.20017480691144
AT1G52220	5.18951711276208
AT1G54050	5.18890471697615
AT2G34200	5.18766403370171
AT1G18070	5.18176862076061
AT1G04530	5.18143037414754
AT4G09320	5.17901613772992
AT1G17190	5.17776637377348
AT4G02400	5.17707769950692
AT4G27595	5.17534765441339
AT4G17370	5.17411529730482
AT2G37975	5.17349992031776
AT1G73980	5.17248686950413
AT5G05200	5.16191875857271
AT1G01260	5.16085931463854
AT2G31870	5.15448837395919
AT2G37520	5.1543693609825
AT5G64780	5.15425467948683
AT5G03180	5.15292742068828
AT4G35830	5.15110008164795
AT1G55110	5.14810417138326
AT5G03160	5.14644966590366
AT4G18975	5.1463418191914
AT1G19650	5.13459968597609
AT3G07890	5.13411743297488
AT3G15940	5.13381171821414
AT5G56130	5.1320086906691
AT1G07780	5.13127315950308
AT5G54750	5.13081908020805
AT3G59520	5.13063222874494
AT2G26810	5.12936316050109
AT5G59780	5.11065106454533
AT5G54855	5.11033666774394
AT4G16857	5.10908707214212
AT5G65830	5.10861156157248
AT5G40550	5.10745051684458
AT4G04610	5.1071875277988
AT3G56710	5.10367991903089
AT1G73760	5.10231914109874
AT5G57070	5.10196158093091
AT1G32440	5.10147005756983
AT5G24610	5.09640964009066
AT5G56950	5.09144592488875
AT5G08335	5.09033261723213
AT5G63060	5.08546578808123
AT5G03660	5.08403806566034
AT1G78460	5.08389351489207
AT4G33220	5.08085003334095
AT3G21060	5.07844281085776
AT1G54440	5.07335654953442
AT2G24050	5.07299424073685
AT5G12080	5.06973974651255
AT2G46915	5.06904627751412
AT4G24620	5.06834143815138
AT1G07910	5.06619626625739
AT2G32060	5.06355481044657
AT3G12280	5.05443884272832
AT1G14910	5.05376408972466
AT3G06740	5.05013167735213
AT4G25225	5.04363626563718
AT1G01140	5.04280328094344
AT1G21750	5.03909113779266
AT5G49480	5.0297354717618
AT1G25250	5.02785532577032
AT4G40060	5.02711082245943
AT1G75460	5.02654147747277
AT5G51710	5.02514144392954
AT5G03545	5.02375780930881
AT5G54530	5.01505366276677
AT3G15360	5.00721775518482
AT3G06860	5.00555458271122
AT5G56180	5.00513120279655
AT2G38760	5.00492144037435
AT5G02560	5.00405486781087
AT4G29160	5.00392136048534
AT2G46240	5.00203788400363
AT3G09410	5.00178464160685
AT5G43430	4.99864437046524
AT5G61640	4.99006063911804
AT3G25940	4.9854850919071
AT3G17940	4.98328668175836
AT5G08020	4.98266959541231
AT4G33030	4.98086537822167
AT5G40540	4.98012100225812
AT1G78380	4.97741865294946
AT5G57660	4.97024619168727
AT1G53903	4.96659450544952
AT3G02350	4.96588088185817
AT5G58070	4.96510953886633
AT5G46630	4.9633410087738
AT4G02340	4.96205219548495
AT4G29590	4.96084031099635
AT5G57060	4.95736334963794
AT5G18080	4.95599372297322
AT5G25980	4.95392774277037
AT5G02530	4.95272380737281
AT1G50000	4.95043850813889
AT5G65020	4.94877462594156
AT2G37300	4.94771912343108
AT2G31270	4.94516349523003
AT1G25370	4.94383371639991
AT4G11560	4.94221734595123
AT2G26740	4.94158917663727
AT2G14050	4.93935899495808
AT3G19340	4.93680413332695
AT4G21800	4.93611756085471
AT2G05710	4.93470223321004
AT5G52980	4.93090630769941
AT3G16470	4.93000630734394
AT2G25690	4.92771454332015
AT5G28290	4.92152378308477
AT1G62570	4.92122994415243
AT5G35680	4.91617703194987
AT3G21220	4.91404371850759
AT3G55480	4.91374190446989
AT1G03080	4.91025357531
AT4G28390	4.90935594890919
AT3G13445	4.90932529952191
AT4G05180	4.90762535592325
AT5G06710	4.90495160802318
AT5G35490	4.90027561554004
AT1G27120	4.89813112041861
AT4G19830	4.89600186546656
AT5G48590	4.89522675905699
AT2G43240	4.89501799186279
AT5G47900	4.8915234771768
AT4G23000	4.89131591632499
AT4G21930	4.88993465205265
AT5G61310	4.8830038407292
AT5G24620	4.88125958342397
AT1G80300	4.88098994243291
AT3G57170	4.87699366116905
AT4G01220	4.87581224430709
AT1G16060	4.87002326854088
AT2G27730	4.86878563084586
AT4G08900	4.86785992103017
AT5G45610	4.86750161757081
AT1G21440	4.8638846347342
AT1G12140	4.86139402244194
AT3G04480	4.86138371396554
AT1G75540	4.86064847763301
AT1G12672	4.8557345084692
AT2G27860	4.85156788201097
AT3G46980	4.85148269865596
AT3G61750	4.84919449177553
AT4G21980	4.84702726617893
AT1G48440	4.84188042046939
AT1G70770	4.84083581297758
AT4G36660	4.8392960349249
AT4G34720	4.8383330038582
AT1G76900	4.83745271288464
AT3G03870	4.8364083403674
AT4G17470	4.83635176361067
AT3G07090	4.83494165630608
AT3G30380	4.8348104565153
AT5G09680	4.83337503268221
AT5G35735	4.83160881508552
AT3G01380	4.82732844146371
AT1G53590	4.82627760336341
AT5G08139	4.82623612696116
AT1G44810	4.8254660059644
AT3G53880	4.82492379632424
AT1G20270	4.82424240386417
AT1G79200	4.82206522986529
AT5G44530	4.82099507038941
AT2G38400	4.82091198148029
AT4G28310	4.82023241452666
AT5G57710	4.818542458417
AT2G24270	4.8182749891789
AT3G14560	4.81731610210135
AT2G21050	4.81341430440291
AT2G39770	4.81244559109286
AT3G27300	4.81165054685047
AT5G57700	4.80824255889172
AT5G15960	4.797005772724
AT4G39010	4.7951579764388
AT2G29680	4.79473830960557
AT5G42050	4.79331100347739
AT1G01650	4.79282022985951
AT5G09410	4.78828834573122
AT1G13730	4.78578846128143
AT1G34020	4.78421904728756
AT1G58300	4.78057556001815
AT4G31550	4.77975361218514
AT1G54030	4.77902516029295
AT3G55250	4.77743008452792
AT3G15660	4.77174156695971
AT4G19020	4.76782313764977
AT5G39530	4.76649777725679
AT1G07370	4.76204881244421
AT2G43510	4.76163943732322
AT1G01910	4.75878581616483
AT4G17500	4.75835424846803
AT5G40300	4.75831513634029
AT4G23040	4.75474118793999
AT3G29760	4.75045082613096
AT1G55210	4.74668304461279
AT5G04080	4.746655374591
AT3G25040	4.74032891737062
AT3G03960	4.73952049484318
AT1G31690	4.73825860488315
AT3G11250	4.73789136454702
AT1G76620	4.73768158214281
AT2G28660	4.73503045495284
AT1G78590	4.73039064599826
AT1G09230	4.73025979816263
AT5G53450	4.72685560258974
AT1G72600	4.71698651985438
AT2G46220	4.71602715192137
AT5G39510	4.71236959430824
AT3G19980	4.70471366116317
AT5G12950	4.70416210654158
AT3G18890	4.69886463647122
AT1G22360	4.69880629953456
AT5G64630	4.69529873784708
AT3G43440	4.69315489462219
AT5G14930	4.68907670955933
AT2G47600	4.68896857150906
AT5G11600	4.68870132268536
AT1G80910	4.68735511793573
AT5G44190	4.68531813378968
AT5G39800	4.68268711601202
AT5G43680	4.68047071355361
AT5G15260	4.68022387794707
AT1G26850	4.67689880045958
AT2G04390	4.67688122244655
AT3G60690	4.67614069685923
AT1G55550	4.67466863105209
AT4G02010	4.67392850388058
AT3G14740	4.67376265497501
AT3G03690	4.67257810263745
AT4G32560	4.67088999643212
AT2G46640	4.66919823240364
AT1G06690	4.66912444763731
AT3G13100	4.66842061625624
AT3G61900	4.66756998104758
AT5G13240	4.66458776829268
AT5G67560	4.66354085702761
AT2G04340	4.66347835296409
AT5G55950	4.6612720557254
AT4G38230	4.658336149839
AT1G22300	4.65028030863817
AT1G60860	4.64978791708901
AT3G23080	4.64854485676968
AT3G48890	4.64725794164683
AT3G28690	4.64606368754935
AT2G30460	4.64581734917583
AT3G50700	4.64358533748956
AT3G25740	4.64163823574008
AT1G11890	4.64153299389152
AT2G20980	4.64085023099699
AT4G11150	4.64019455757559
AT2G37570	4.63576644795715
AT1G54130	4.63572931575552
AT4G13615	4.63157838093441
AT5G42030	4.63020073667509
AT2G31140	4.62955435659088
AT4G35750	4.62840674355138
AT3G11880	4.62673811458229
AT3G14690	4.62663178438613
AT5G19220	4.62646726500922
AT2G34430	4.62594738451311
AT2G18010	4.62522584542852
AT4G29070	4.62335148282416
AT3G27080	4.6228861176089
AT3G12390	4.62250051424984
AT4G28730	4.62203990418411
AT3G57680	4.61827281077795
AT5G09990	4.61381092740773
AT4G29130	4.61185851014591
AT3G06590	4.6108984809013
AT5G27320	4.61015646294873
AT4G36940	4.60874414201811
AT4G31580	4.60788676131094
AT2G39700	4.6074684831718
AT1G70260	4.60624328692143
AT3G57090	4.6037469087098
AT3G61770	4.59154092765631
AT1G71970	4.59125072859222
AT2G24190	4.58634904967643
AT3G29350	4.58602446521354
AT1G18740	4.58323573428424
AT1G09180	4.5820889991013
AT4G04200	4.58115432370321
AT4G27380	4.58058854242853
AT4G00355	4.58030932941582
AT3G10360	4.57982575782329
AT3G49650	4.57979792448095
AT2G42610	4.57367565011007
AT3G16780	4.57296892999661
AT5G64400	4.57190388502904
AT1G07080	4.57108790091771
AT4G11220	4.5701903803679
AT4G02040	4.5690609367398
AT5G52220	4.56793663961209
AT4G08390	4.56789756592607
AT5G04220	4.56738251902283
AT3G53020	4.563529684471
AT1G65920	4.56301223349659
AT5G06510	4.56267133919405
AT4G27230	4.56193103704861
AT5G41810	4.56063919756491
AT2G45695	4.55103391538109
AT1G64810	4.55098381724955
AT1G25320	4.55038968600812
AT5G57300	4.54950866451007
AT4G18010	4.54697326198595
AT3G24500	4.54358862949205
AT4G29520	4.54275990666983
AT2G20260	4.54273071701452
AT2G40270	4.5423228559234
AT5G41460	4.54151940316438
AT4G32330	4.54011466763864
AT2G02860	4.53820238096521
AT2G34840	4.53713343438872
AT5G08410	4.5362327453184
AT4G01100	4.53290941767293
AT3G57890	4.52855862677312
AT1G77090	4.52621805306514
AT5G05590	4.52564545676257
AT5G30495	4.52541876231068
AT1G72416	4.52475145689556
AT5G15980	4.52189090334051
AT1G50575	4.51865139933098
AT3G28130	4.51761872679124
AT2G46430	4.515693688267
AT1G17890	4.51545780965277
AT5G63880	4.51387432313681
AT3G04380	4.51348574258294
AT4G22840	4.51109382841866
AT5G48480	4.50026739853464
AT3G03830	4.49631871430496
AT5G15050	4.4863082958015
AT3G18130	4.48504016092543
AT3G24820	4.48227467252562
AT3G52880	4.47719972903957
AT5G08170	4.47665754820311
AT2G39435	4.47418892260596
AT1G33600	4.47119232447855
AT3G55520	4.47085493080351
AT1G42470	4.46743917125478
AT3G16080	4.46680155547968
AT2G23670	4.46413593577402
AT1G21730	4.46389795165707
AT1G19580	4.4637996967568
AT2G42880	4.45335008559463
AT3G01040	4.44560301889063
AT5G52560	4.44473951988932
AT1G51630	4.44383120070803
AT3G09800	4.44350143423425
AT3G59940	4.44203556525382
AT4G39150	4.4385645497298
AT3G48240	4.43601227307284
AT1G61580	4.43456182323763
AT1G52230	4.43388857494633
AT1G53040	4.43037258056976
AT2G33380	4.42993233890018
AT5G17220	4.42719898796935
AT5G63180	4.42329217635718
AT1G57770	4.42211459080661
AT4G13430	4.42150190372738
AT2G04520	4.41548303518615
AT1G69040	4.41483860346146
AT1G03130	4.41337489447495
AT4G08520	4.41140963232819
AT1G07070	4.40976483553102
AT1G03110	4.40900178541013
AT5G16040	4.40835300062408
AT2G33500	4.40437982534591
AT5G57610	4.40275593304044
AT5G02760	4.40026000820995
AT2G37110	4.39989112876513
AT2G37870	4.39795343226547
AT4G14740	4.39738321524794
AT2G47780	4.39686364650909
AT2G33050	4.39613127535968
AT1G59670	4.39597230707651
AT4G39390	4.39506911085078
AT5G13070	4.39447446207483
AT2G18230	4.39333678996623
AT5G19850	4.39235360103333
AT5G15650	4.39141930001178
AT5G07920	4.39121032869526
AT2G28510	4.39119781573127
AT3G51000	4.38630031231747
AT1G15370	4.3795573072513
AT4G30630	4.37675329722843
AT2G39890	4.37627941135999
AT5G11710	4.37218553006038
AT3G13350	4.36994754981278
AT4G21580	4.3694669338067
AT1G52720	4.36823696771733
AT3G49870	4.36558959728343
AT5G13370	4.36367516213177
AT5G49530	4.36200027859911
AT5G55120	4.35967970653466
AT1G24020	4.35639843037627
AT1G71710	4.35354135921254
AT5G09510	4.35094189772591
AT5G56190	4.35057004054059
AT5G67180	4.34756166931794
AT5G27410	4.34705024613218
AT3G18280	4.34638572338563
AT2G34850	4.34212924590882
AT1G71240	4.33893261133433
AT1G65960	4.33840474816918
AT3G15990	4.33594432551936
AT1G13910	4.33468205380408
AT1G27680	4.33174866634835
AT3G57230	4.32737058580891
AT4G24450	4.32585175601931
AT3G14890	4.32388642115298
AT1G70830	4.32272452610263
AT4G03230	4.32047099715085
AT4G14070	4.31994593108759
AT1G62610	4.31975445583342
AT1G17130	4.31966008772789
AT1G55340	4.31887916421118
AT3G18070	4.31765518657877
AT2G37170	4.31676469274393
AT4G04750	4.31625202978129
AT4G27180	4.31572588949467
AT4G13640	4.31530666478247
AT5G63510	4.31517368651969
AT4G13260	4.31241190650586
AT5G04750	4.3121835549067
AT5G14040	4.31166332085954
AT5G52950	4.30635944934601
AT5G20160	4.30588068499228
AT5G41880	4.30473164362374
AT2G31040	4.30343449827021
AT3G13920	4.30188974467057
AT5G22650	4.30131352016103
AT4G10770	4.30002875368474
AT2G38640	4.2999003696581
AT5G08580	4.29935355596429
AT4G15765	4.29785418683892
AT5G20590	4.29512005235338
AT5G48730	4.29373209267988
AT1G04410	4.2918326130025
AT1G33990	4.29158966321256
AT4G17550	4.28938567253716
AT3G24160	4.2890223468551
AT2G19530	4.28741201447343
AT3G51800	4.28694531363833
AT5G13050	4.28472703747594
AT1G43890	4.28309184280231
AT1G25440	4.28119165906405
AT5G59240	4.27405041726963
AT5G14960	4.2692351213587
AT3G07230	4.26923136596887
AT5G44100	4.26812369102939
AT1G07820	4.26743373730548
AT3G53530	4.26177781523971
AT3G56090	4.26176261688229
AT3G56870	4.2611262938353
AT3G02720	4.26082240906784
AT3G15530	4.259782275427
AT2G18750	4.25915350647139
AT2G18670	4.25746596491351
AT2G43150	4.25732846699036
AT5G13180	4.25169067853569
AT1G05320	4.25033530863974
AT5G64040	4.24379356602104
AT2G20100	4.24373445774755
AT1G70505	4.24254121798223
AT4G15470	4.24036957230319
AT1G73710	4.23755398572725
AT1G10630	4.23701939585954
AT1G52825	4.23646736128052
AT2G25610	4.23554626093159
AT4G10340	4.23465355821027
AT4G25630	4.2344438694158
AT2G41630	4.23355679386866
AT1G04290	4.2330588453288
AT2G24490	4.22176680750087
AT4G13575	4.2198535497792
AT4G02890	4.21947662728974
AT5G08040	4.21597271346593
AT2G34490	4.21358542167045
AT5G38640	4.2117377414308
AT4G36550	4.21050242963392
AT3G48460	4.21045233315452
AT4G22780	4.20898804748948
AT2G45720	4.20708810291369
AT1G67320	4.20437061553624
AT5G58670	4.20257181073066
AT2G41040	4.20253719831638
AT3G56150	4.20079561143065
AT3G21190	4.19884447867068
AT4G09890	4.19497195332926
AT2G05220	4.19305307973296
AT3G27640	4.19088097695066
AT3G09000	4.19065458091885
AT1G57610	4.18928126760118
AT1G28250	4.1881281249223
AT3G23840	4.18660353933873
AT1G75280	4.18551837156205
AT3G53620	4.1852551246711
AT5G11580	4.18519742633058
AT5G16840	4.18423716045088
AT1G22140	4.18101664877248
AT1G08880	4.18100705108328
AT5G55050	4.17957140998921
AT5G66675	4.17835181908538
AT4G18630	4.17740898208032
AT2G34310	4.17336209609249
AT3G21070	4.17228430109228
AT1G60800	4.16991504003012
AT1G46480	4.16679444237989
AT2G20495	4.16592204125226
AT5G01210	4.1646798383995
AT3G21465	4.16399850858506
AT2G45740	4.1630326343516
AT5G28220	4.16213568179769
AT1G78995	4.15947371823654
AT1G71695	4.15732871741752
AT2G22330	4.15172556716883
AT4G34200	4.15041155953457
AT1G03600	4.14896838131804
AT4G34910	4.1486041199023
AT4G30260	4.14831976570498
AT1G71360	4.14755482009612
AT2G31570	4.14678251380322
AT1G79520	4.14663349997959
AT4G00370	4.14589000002682
AT4G30060	4.14546700403036
AT1G23410	4.14395308631587
AT5G55070	4.14275880393362
AT5G55280	4.14058315171086
AT1G31330	4.13438660924775
AT5G52580	4.13067273452431
AT4G01460	4.12751973105499
AT5G47390	4.12629910398777
AT5G21274	4.12535778375378
AT1G30630	4.12397419006947
AT5G37540	4.12255315004487
AT5G61530	4.12112895182076
AT5G16550	4.11955367358109
AT4G14930	4.11951345020112
AT2G37390	4.11751002771031
AT3G49645	4.11574915604858
AT4G16720	4.11546565292195
AT5G65990	4.11529099511539
AT4G14695	4.11527185852507
AT5G18590	4.11362987002969
AT2G25710	4.11326805622429
AT5G04820	4.11292289333051
AT1G70160	4.1124072465414
AT1G62330	4.11089239339604
AT5G61000	4.11024219405908
AT1G76390	4.10991716352791
AT2G36390	4.10981082776821
AT5G42890	4.10859802024663
AT1G20440	4.10722956971409
AT2G39020	4.10578996318728
AT1G72120	4.10570004426197
AT4G23270	4.10524329966418
AT1G22790	4.10517894473643
AT2G01970	4.10515343548823
AT4G39170	4.10435659466317
AT1G18720	4.1018812791309
AT1G64760	4.10022307393254
AT3G62650	4.09895311068155
AT4G23920	4.09747874735717
AT1G07930	4.09691896802768
AT3G13060	4.09554515306126
AT1G04635	4.09517495449468
AT3G09440	4.09201678659403
AT3G08580	4.09192502482046
AT1G19050	4.09134225778712
AT1G76690	4.09067891841338
AT5G13320	4.08649264613061
AT1G69790	4.08442622552429
AT2G18110	4.08335871465574
AT1G09310	4.07772548970286
AT3G18610	4.07736908601376
AT2G17040	4.07639654770353
AT4G24830	4.07437753991222
AT1G23200	4.07188321690379
AT3G09550	4.07115407806148
AT4G12800	4.07083042424046
AT1G19910	4.07023112406851
AT1G26730	4.06981372644498
AT5G28830	4.06649279628206
AT4G26910	4.06604234226168
AT3G20370	4.05760165587158
AT1G56430	4.05643828002659
AT4G11010	4.05561965511698
AT5G51840	4.05048240607579
AT3G17890	4.05040617948498
AT4G27960	4.04917576908535
AT2G26730	4.04882996462343
AT3G23620	4.04518784968877
AT1G70900	4.04392765444784
AT3G47820	4.04084711633135
AT3G24150	4.03910421038799
AT2G20630	4.03449942609788
AT4G20860	4.03361260406613
AT3G19370	4.03355657576932
AT1G17370	4.03307866553186
AT2G27970	4.03283850764495
AT5G12840	4.0295794673582
AT4G02860	4.02939897718335
AT1G70000	4.02725308821237
AT3G08550	4.02586892406586
AT5G61770	4.02577735767219
AT5G15520	4.025572373225
AT1G61990	4.02395970459861
AT1G71940	4.02015536504396
AT5G09860	4.02009518831882
AT2G03680	4.01630580154046
AT1G27350	4.01076322416238
AT1G16960	4.01023468694518
AT1G78100	4.00970094390372
AT2G34570	4.00216384929044
AT4G02060	4.00210636352783
AT1G52360	4.00207020893855
AT2G40150	3.9997781350976
AT1G08580	3.99888806297704
AT5G01260	3.99876794845102
AT3G46010	3.99838753714645
AT5G03890	3.99802004152583
AT1G75010	3.99709773893824
AT4G17230	3.98382606022597
AT1G06200	3.97967689726057
AT3G60410	3.97722496806356
AT5G01170	3.97638579007104
AT3G60200	3.97549795646926
AT2G20420	3.97461247115535
AT5G54760	3.97209325580721
AT5G06260	3.9711744160266
AT1G28230	3.97040648575718
AT3G16230	3.96853493846029
AT1G68760	3.96716575982784
AT4G19975	3.9649575852704
AT4G03200	3.96353872952422
AT5G40810	3.96285560931321
AT1G49670	3.96191085309949
AT1G20160	3.95788786128381
AT1G17050	3.95640230425896
AT4G23260	3.95431941344159
AT4G02280	3.95360211971159
AT4G29750	3.94999105359742
AT5G40650	3.94993905123063
AT3G16250	3.94935222111111
AT1G72020	3.9487650907339
AT1G21500	3.94865983578434
AT4G11960	3.94658699225721
AT1G77840	3.94632015639141
AT1G68820	3.94250261790621
AT4G31560	3.94196481935345
AT3G28720	3.94100994235119
AT2G40400	3.94032293369811
AT1G56700	3.94002407076051
AT4G14550	3.93962344427262
AT5G39550	3.93809156969757
AT5G56240	3.93626135971523
AT4G12760	3.93531960455508
AT1G13860	3.93346163208831
AT4G19960	3.93121418949314
AT1G62740	3.92834282031031
AT1G01740	3.92778689095142
AT2G19640	3.92693668822393
AT4G37630	3.92573112506884
AT5G04660	3.92305452222598
AT3G51510	3.92210055586836
AT2G36540	3.92121733455481
AT4G28660	3.92114569450469
AT2G37270	3.92049124652557
AT5G40140	3.91976097328839
AT1G24265	3.91946275745072
AT5G59450	3.91790574688444
AT5G22110	3.91746219144558
AT3G06520	3.91690230136836
AT5G49810	3.91466832455515
AT2G17700	3.91341511519533
AT3G09630	3.91311719134219
AT4G22756	3.91254263621335
AT5G40700	3.91008136097804
AT4G29680	3.90983216357508
AT2G30420	3.90946186250415
AT5G06350	3.90871555381765
AT1G07150	3.90080535689214
AT5G06770	3.89671940745429
AT3G54470	3.89448710907423
AT3G10480	3.89365071485839
AT3G56320	3.89118214652028
AT2G43500	3.89084035490043
AT2G21160	3.89057894340287
AT4G36050	3.88894621344516
AT1G43130	3.88775990012253
AT2G27190	3.88749511484192
AT3G04840	3.88708186203284
AT1G30610	3.88644059834466
AT2G15560	3.88480061275852
AT1G72900	3.88419327631282
AT3G17710	3.88325110916781
AT2G18680	3.87855099135849
AT1G44900	3.8735154568075
AT5G08680	3.87134140530778
AT5G65650	3.86931965071598
AT1G75420	3.86924111720325
AT1G80310	3.86735111284195
AT4G16008	3.86383088683824
AT4G23680	3.86237743867318
AT5G67240	3.8608660278905
AT3G53570	3.85886091355642
AT2G27920	3.85824727861121
AT4G04720	3.85721084819866
AT5G17760	3.85619384020896
AT4G31920	3.85105820612453
AT5G65780	3.84717589965675
AT1G04160	3.84684142576189
AT2G24590	3.84443900321371
AT2G40570	3.84254268022299
AT4G03500	3.84253721422709
AT4G16390	3.84227292176884
AT2G04395	3.84105488567573
AT1G69370	3.83716360274758
AT2G18890	3.83706727644369
AT1G26880	3.83651730511427
AT1G42480	3.83508974143088
AT5G45940	3.83502212605056
AT3G02510	3.83486099475546
AT3G12810	3.83473701799503
AT5G27030	3.83247120866707
AT3G54820	3.83056413753696
AT4G34600	3.82507583934746
AT3G47370	3.82486079280778
AT3G04110	3.82414048495114
AT2G47400	3.82264491954923
AT4G28480	3.82217778982836
AT5G17450	3.82167134810088
AT5G44110	3.82024616587231
AT5G58320	3.818936685244
AT2G44080	3.81841276352508
AT3G23930	3.81403551758624
AT1G05070	3.81395744415463
AT5G40240	3.81216505733099
AT2G42390	3.81128334414195
AT2G22170	3.81090809460839
AT4G35335	3.80669278916048
AT4G37400	3.80656323853749
AT1G54290	3.80637333477071
AT3G52730	3.80585204135101
AT3G25110	3.80279569261115
AT3G49970	3.80254051128742
AT3G19840	3.80155849559617
AT3G20720	3.80129182069343
AT2G45070	3.80113639917615
AT1G12800	3.80035626702361
AT4G11110	3.79994495773979
AT3G26100	3.79977308972284
AT3G54390	3.79720418808327
AT1G54410	3.79673984272509
AT3G13360	3.79571838802399
AT5G15910	3.79438864478477
AT3G05690	3.79314504062775
AT5G50780	3.79126562345635
AT3G19400	3.7900451817988
AT1G30590	3.7893822667575
AT2G04865	3.78932071774975
AT1G24100	3.78902637551173
AT2G19790	3.78843871264791
AT3G14930	3.78750192076479
AT5G46280	3.78704604990261
AT4G32600	3.78617206986843
AT2G35130	3.78438387725234
AT5G15430	3.78295392448752
AT4G31750	3.78080990823862
AT5G38530	3.78050072715019
AT1G06470	3.7794429640038
AT2G47060	3.775083238148
AT2G41705	3.77467045847464
AT1G74380	3.77410360070512
AT5G54250	3.7730143396365
AT1G65290	3.77201543176722
AT1G19670	3.77109968002772
AT2G17630	3.76949788217057
AT4G17890	3.76810025752883
AT5G16820	3.76650086333844
AT5G56150	3.76632105617942
AT4G22950	3.76451506794948
AT2G34810	3.76281890138994
AT5G54830	3.7619371821179
AT4G32920	3.76128146821297
AT5G52470	3.75827560793758
AT5G52380	3.75810474444516
AT2G39390	3.75804154079587
AT5G10380	3.75182960981486
AT1G72210	3.75110041462275
AT5G53870	3.74899843643357
AT5G02470	3.74700881633955
AT5G50460	3.74644595727932
AT2G26640	3.74464482300715
AT1G69030	3.744276530629
AT5G61930	3.74285557842743
AT3G45240	3.7406170025665
AT5G57460	3.74013029641658
AT5G52750	3.73808730062943
AT2G21870	3.73346153124647
AT1G76410	3.73272213907578
AT2G12400	3.7325964563833
AT4G01880	3.72916433958449
AT1G29670	3.72759507382625
AT2G39780	3.72432047912048
AT4G32050	3.72411123548646
AT1G67740	3.7228445759494
AT1G53470	3.72025507279069
AT2G12550	3.71870521087737
AT1G21460	3.71467085903344
AT1G08040	3.7102046434609
AT3G22480	3.70948101959385
AT5G04170	3.70805315791573
AT5G48720	3.70775786638119
AT1G69460	3.70768266114213
AT2G23755	3.70455491606398
AT4G34740	3.70396055319389
AT3G20920	3.70120072382393
AT1G04650	3.70110969998334
AT3G57400	3.70025914225916
AT2G02080	3.70005554217747
AT4G32930	3.699541803211
AT3G56170	3.69875576888517
AT4G05010	3.69800192400374
AT5G55990	3.6979785479588
AT5G26600	3.6965712545501
AT3G13650	3.69613919414788
AT2G47070	3.69560345205042
AT1G31835	3.69490062470776
AT4G29670	3.69276010024998
AT2G38950	3.6915435849566
AT1G74070	3.68901922818362
AT2G20690	3.68839073903293
AT5G53030	3.68789733825414
AT5G26667	3.68783537310463
AT5G60040	3.68766959494869
AT5G39040	3.68444102364768
AT4G16060	3.68371328956513
AT5G65280	3.68231195443222
AT5G60550	3.68197855485149
AT2G03090	3.68148591228633
AT5G07640	3.68127826949534
AT1G69610	3.6805000188224
AT4G04760	3.67959002420594
AT2G36090	3.67887760873892
AT4G35260	3.67885288942951
AT2G42670	3.67758400027551
AT1G24330	3.67721944771581
AT5G61220	3.67626933327781
AT3G50820	3.67610406443776
AT5G02540	3.67398633795212
AT3G10610	3.67262196629323
AT4G32800	3.67145214948271
AT4G38100	3.67143559615466
AT2G31300	3.66937135847784
AT5G65420	3.66699621163984
AT3G21480	3.66454203008555
AT4G36840	3.66404458375191
AT2G29300	3.66366551400654
AT5G46330	3.66314077559182
AT4G28360	3.66289184989475
AT4G10960	3.66090910387641
AT1G34550	3.65948434716817
AT3G11900	3.65939659198872
AT4G32280	3.65925882866949
AT3G19220	3.65843416538215
AT3G44880	3.65819391585615
AT1G53650	3.65812777087792
AT2G25100	3.65646908145834
AT4G24240	3.65564892600242
AT4G12040	3.65528365319229
AT5G25540	3.651857879506
AT5G66070	3.65062268321865
AT3G23490	3.64985354640274
AT2G32240	3.64936670514955
AT5G07790	3.64905404010221
AT1G72700	3.64886913467482
AT1G29465	3.64822873645274
AT4G26970	3.64783337897795
AT4G31700	3.64771950814747
AT3G26360	3.64685330753311
AT3G62560	3.64320164290118
AT4G27390	3.64034358569724
AT1G67940	3.63908810602684
AT1G53840	3.63861079215135
AT4G27540	3.63697533941513
AT5G54900	3.63298493553145
AT1G78650	3.63141101556838
AT1G18020	3.62873145596175
AT2G47470	3.62841254955217
AT5G18520	3.62794369426773
AT5G10070	3.62723461825251
AT1G19970	3.62567799503497
AT2G43200	3.62294454864321
AT1G30300	3.62245688077462
AT3G48450	3.61774490520585
AT3G08710	3.61485989509207
AT2G17265	3.6144064266906
AT1G66180	3.6141314684313
AT5G52880	3.61180763894615
AT5G10630	3.61096808388673
AT5G61570	3.60888243955678
AT5G19940	3.60853637594185
AT1G28540	3.60824839607608
AT3G27540	3.60790018431596
AT5G13930	3.60566821760505
AT1G17550	3.60286676988984
AT5G47570	3.60017227004075
AT3G24350	3.5977640970781
AT4G04810	3.5969879240608
AT1G76800	3.59615156762166
AT4G34680	3.59576232237167
AT5G63040	3.59517506619325
AT3G02050	3.59254355573822
AT3G59770	3.59237300865968
AT5G63135	3.59097468614575
AT2G19750	3.58904767857983
AT5G44320	3.58768809438069
AT3G43670	3.5876559628062
AT5G47930	3.5873691421759
AT1G34340	3.58691765448061
AT3G11400	3.58535329044697
AT4G30560	3.5841445999428
AT3G18050	3.58318458621285
AT4G02620	3.58078447840332
AT3G15710	3.5772874604401
AT1G55680	3.57632024299718
AT5G20030	3.5748163447886
AT5G13870	3.57394303082801
AT4G19210	3.57391731381921
AT2G26230	3.57337892650979
AT4G09920	3.57287646376074
AT5G06460	3.56743717154202
AT5G12140	3.56739239891195
AT1G14710	3.56629300496282
AT5G02270	3.56621456067481
AT1G58380	3.56370055248983
AT2G41540	3.5626806210675
AT4G13850	3.55940092833321
AT3G48760	3.55889976071881
AT2G45790	3.55807287127419
AT3G23410	3.55794845297613
AT4G09720	3.55635004215566
AT3G44590	3.55593316271697
AT1G74290	3.55490439768698
AT3G10020	3.55447695225153
AT3G59780	3.5543700660861
AT1G11720	3.54763918134631
AT5G57870	3.54744676893672
AT5G45010	3.54741482808179
AT1G70190	3.54699694137979
AT5G13060	3.54425846625069
AT1G65980	3.54071536097666
AT5G28540	3.53506070704998
AT1G66250	3.53269410681424
AT5G05990	3.53265109959826
AT3G45260	3.53261333558037
AT5G61950	3.53011693781145
AT5G48840	3.52757997073717
AT3G09820	3.52369822938408
AT3G20640	3.52145611469033
AT5G45030	3.51885475269399
AT3G07730	3.51876186450811
AT4G30110	3.51772667570518
AT3G09900	3.51753043029559
AT5G28530	3.51646622473764
AT4G20930	3.51480471330872
AT5G45100	3.5138378190489
AT5G49540	3.51375691858521
AT4G17260	3.51364851717337
AT2G21195	3.51217273361505
AT1G52910	3.50846348569296
AT4G02220	3.50687721889264
AT4G13010	3.50648251916593
AT5G35730	3.50536556445726
AT1G10500	3.50221952056193
AT1G71780	3.50174233773093
AT1G79870	3.50071582643698
AT2G39840	3.49931957808798
AT5G63220	3.49859647640913
AT1G64640	3.49845319800657
AT5G41850	3.4980498704381
AT2G03800	3.49660635568121
AT3G28200	3.49505581050457
AT1G64060	3.49421187878199
AT3G61470	3.49298859515205
AT4G18372	3.49258852692945
AT5G20380	3.49150948298218
AT3G08760	3.4884469034524
AT5G44070	3.48409690752669
AT2G25180	3.48370149470788
AT1G52040	3.48359174100724
AT4G01026	3.48229890275229
AT3G59400	3.48119624274402
AT3G12510	3.47710792411896
AT3G46670	3.4759796582189
AT1G69870	3.4758254956874
AT3G52870	3.47581888342908
AT3G46780	3.47409027672675
AT5G06600	3.47384178605621
AT3G17365	3.47306378432822
AT5G55920	3.4728600027383
AT4G13930	3.47196818494034
AT2G43130	3.46907483454836
AT3G52220	3.46695272014061
AT5G53140	3.46680101714105
AT2G16440	3.46569131890864
AT5G06590	3.465255882911
AT2G27290	3.46498361690378
AT1G54110	3.46439309862455
AT3G04830	3.46186782121024
AT1G08660	3.45992546976117
AT5G08560	3.45989427475936
AT5G49210	3.45969982605653
AT5G11390	3.45454617042858
AT1G51100	3.45288006315234
AT2G37560	3.45251680173369
AT3G04040	3.45188736112063
AT2G46060	3.44976700264329
AT1G78610	3.44827320460447
AT5G65120	3.44671966262082
AT2G11810	3.44568940444601
AT3G10260	3.44509260594854
AT2G24940	3.44363319026731
AT3G03030	3.44306232077454
AT1G23220	3.44153644529493
AT3G27270	3.44086899041015
AT3G60245	3.44060708084598
AT1G76030	3.43854249834765
AT1G35620	3.43808270331523
AT3G61110	3.43705340850553
AT4G39220	3.43363359908984
AT1G64980	3.43283106972645
AT3G16100	3.42988742143636
AT5G38830	3.42822121723844
AT1G80520	3.42456079719694
AT1G51760	3.42354492911432
AT4G36060	3.42198403267918
AT5G08270	3.42072523800523
AT5G10360	3.41960368184908
AT4G12980	3.41899449012185
AT3G28140	3.41809995111705
AT3G07080	3.41756218477088
AT5G27520	3.41701799542463
AT1G12350	3.41216966509118
AT3G61140	3.41186227421244
AT2G35510	3.41150333067519
AT5G44010	3.40865948557258
AT2G06520	3.4085803693598
AT1G63970	3.40830614378871
AT1G33260	3.40809692851335
AT4G13250	3.40793761040865
AT5G53340	3.40681465445016
AT3G47833	3.40613661504999
AT5G55640	3.40566176129762
AT3G48820	3.40398698347019
AT3G21250	3.40392577706721
AT1G53440	3.40312523369001
AT5G60360	3.40225021874675
AT4G22745	3.40221109508864
AT1G61960	3.40048963132252
AT4G10450	3.39946391187072
AT2G46530	3.39785511540355
AT3G58270	3.39663703986677
AT2G14860	3.39615603343668
AT2G47610	3.39349835948241
AT5G56260	3.3919386297031
AT1G54780	3.38968017186647
AT4G37580	3.38921471916596
AT1G64090	3.38790782787884
AT3G54050	3.3876513729928
AT5G19530	3.38746009154435
AT5G59910	3.38565292521768
AT5G06110	3.38405205620438
AT4G30940	3.38213812191875
AT2G30270	3.3816755220101
AT3G16480	3.37916603947477
AT2G14080	3.37875774269295
AT4G16880	3.37788024327634
AT3G61830	3.37339266485809
AT1G13180	3.37224986424728
AT4G13220	3.37087709179378
AT3G15790	3.37010083043043
AT2G23180	3.37006617911974
AT1G30210	3.3696680346218
AT5G02820	3.36711425629149
AT1G56330	3.36533083692371
AT3G10620	3.36293541208562
AT1G15250	3.36157392752367
AT1G12840	3.36081363908218
AT5G24340	3.36076744851524
AT3G22845	3.35736747561112
AT5G26670	3.35483102931611
AT2G40480	3.35400839499925
AT3G01920	3.35358277685498
AT2G22000	3.35317101337227
AT5G46720	3.35145088478582
AT1G22650	3.35127378107423
AT5G48300	3.3511025881248
AT5G53486	3.35088105810168
AT4G22820	3.35007501424868
AT4G14680	3.34932701956075
AT2G16700	3.34903443002125
AT5G58005	3.34874422125694
AT4G10180	3.34790755443447
AT4G34180	3.34698149286394
AT3G10130	3.34492368283089
AT1G74390	3.3434605751201
AT3G25220	3.33941689096781
AT1G77590	3.33813428667218
AT3G25570	3.33226559589132
AT5G55230	3.33178046531148
AT2G31710	3.3300519969391
AT3G14860	3.32995053922192
AT2G35830	3.32735176532887
AT5G11650	3.32571863961688
AT5G12940	3.32410461536725
AT3G47830	3.32407795988416
AT1G79340	3.32359879174034
AT3G51250	3.32317989973186
AT1G72520	3.32313309054029
AT1G52780	3.3225175984827
AT3G11120	3.32138517175764
AT3G18410	3.31992074887246
AT4G22530	3.31985509260689
AT5G13210	3.31819324669169
AT5G60790	3.31652305770642
AT4G09810	3.31474712275363
AT4G18580	3.31386890651279
AT3G16000	3.31318305521153
AT2G33840	3.31272306767044
AT5G27760	3.31217084429357
AT1G11440	3.30638813664332
AT3G49100	3.30497971653902
AT3G15480	3.30325100735237
AT1G50570	3.30262325349237
AT3G24190	3.29512073342006
AT5G65683	3.29511175132696
AT3G27110	3.29467009772282
AT2G34970	3.29437691725417
AT5G62840	3.29337495055116
AT5G49300	3.29297645874009
AT1G72050	3.29283778000062
AT5G67030	3.29065919628193
AT1G03950	3.29016310297564
AT2G03480	3.28851093291752
AT5G62460	3.28585882495296
AT1G65040	3.28558932632286
AT4G29440	3.28332460167151
AT1G28140	3.28317423930689
AT5G13730	3.28240038308698
AT2G32260	3.27990216935216
AT4G02730	3.27511124521898
AT2G27150	3.27503586979008
AT1G53300	3.27444451867811
AT2G35650	3.27216922885459
AT1G80040	3.27180511170747
AT2G47380	3.27168943891553
AT5G06660	3.26895544935634
AT1G64350	3.26759077563406
AT3G60390	3.26723734617904
AT5G50340	3.26718126419333
AT3G19553	3.26539607387064
AT5G32460	3.26388139432597
AT1G45145	3.26317287481934
AT1G07040	3.26129291922123
AT3G18910	3.26123575335426
AT4G20430	3.25954497995948
AT2G45340	3.25461247569709
AT2G38000	3.25249499039248
AT2G44210	3.25105268842504
AT3G19360	3.24960978133735
AT3G53400	3.24932964951332
AT3G11470	3.24872265593885
AT5G08760	3.24765065555015
AT5G52660	3.24690922923158
AT4G00740	3.24642619842642
AT2G41820	3.24595404476972
AT3G59140	3.24585723293197
AT4G10400	3.2437300527452
AT4G24130	3.24370296141385
AT3G03270	3.24205636424418
AT3G04140	3.24164240348225
AT1G30530	3.23923131645638
AT1G26520	3.23900678741471
AT5G19250	3.23538821634676
AT2G36620	3.23412779902609
AT1G11790	3.23306330938394
AT4G38300	3.23268855615783
AT5G43990	3.2313446634392
AT5G15160	3.22589690979884
AT4G23430	3.22281573764132
AT3G06868	3.22268611324387
AT5G03220	3.22227080143528
AT5G10080	3.22083378558307
AT1G13460	3.21996575043088
AT2G36590	3.21943713397524
AT3G45300	3.21877745296918
AT1G46768	3.21855359508165
AT5G57630	3.2164524327356
AT3G53870	3.21556647837475
AT2G31800	3.21493506412152
AT5G08160	3.21473433751389
AT2G24820	3.21347131049375
AT1G06500	3.21247454167708
AT3G46560	3.21204343568491
AT1G70560	3.21056922355143
AT5G20220	3.20788447958204
AT3G24830	3.20679565745038
AT1G51110	3.20623171808588
AT1G62520	3.20519917858615
AT1G07300	3.20500270049499
AT1G68060	3.20179869141065
AT4G14950	3.20056461878506
AT1G15060	3.19895566522221
AT3G47590	3.1981572924527
AT4G09570	3.19688758130026
AT4G16780	3.1956373854737
AT5G44635	3.19409785284945
AT5G20680	3.19358820835285
AT3G23605	3.1912243642632
AT5G43080	3.19073118312886
AT1G13000	3.18954287927585
AT3G53000	3.18918881211988
AT1G58983	3.18826334787125
AT5G57290	3.18301694115854
AT1G31930	3.1828689949996
AT5G10970	3.18144650616517
AT1G72890	3.18107505712184
AT3G62840	3.18018184290142
AT4G22130	3.17580015167543
AT1G65470	3.17389036867101
AT1G17500	3.17321783731998
AT3G59110	3.17222168048763
AT1G68670	3.17056367944802
AT3G22260	3.16867094899276
AT1G49400	3.16492011786293
AT1G67190	3.16222810139256
AT5G09600	3.16094439730606
AT5G62560	3.15976542271933
AT2G24990	3.15846045165293
AT5G03300	3.15696818103321
AT3G26080	3.15604627444366
AT4G14570	3.1551058267536
AT4G01510	3.15473539032527
AT3G56340	3.15130560038668
AT4G22740	3.15067383517097
AT2G31725	3.14941564848743
AT3G12170	3.14865299197659
AT5G16870	3.14722672072866
AT4G04470	3.14611635522076
AT5G38690	3.14601414305771
AT4G25980	3.1459063080944
AT3G22320	3.14530435024559
AT3G53610	3.14272601367926
AT1G11960	3.14258827073787
AT1G05835	3.13868117629561
AT1G01470	3.13728532966837
AT1G03740	3.13438484897952
AT5G18800	3.13292820837541
AT5G58760	3.13178735205488
AT5G05820	3.13160107469819
AT5G64740	3.13122581591963
AT5G39990	3.13087167764825
AT5G37480	3.13039143665084
AT1G73590	3.12887656018896
AT3G50070	3.1242072438169
AT2G29570	3.12268678666762
AT1G12050	3.12252012037506
AT3G11690	3.12145453247658
AT5G61510	3.11967011820045
AT2G17695	3.11843363081163
AT1G48175	3.11833604618719
AT1G61670	3.11802944096815
AT3G04870	3.11782173811264
AT5G60142	3.11758531774325
AT1G33270	3.11721733950028
AT5G47520	3.11673526982946
AT1G53500	3.11653301586798
AT2G35060	3.11594170354473
AT2G33590	3.1151646953039
AT1G56045	3.11482434801864
AT5G22580	3.11405748042218
AT2G35635	3.11382455735995
AT5G54920	3.10876074339507
AT4G14690	3.1080279987157
AT3G28860	3.10721795661627
AT1G17455	3.10626266358044
AT4G29120	3.1060003597438
AT1G43170	3.10549201106058
AT1G51160	3.10522408637433
AT5G45840	3.1050036760237
AT5G06000	3.10392739923288
AT4G30760	3.10360234361462
AT3G53700	3.10278191464585
AT1G10930	3.10233634675524
AT2G38450	3.10089472177239
AT1G72320	3.10005053386322
AT3G02190	3.10000542302284
AT2G16460	3.09943501914021
AT3G16140	3.09863630940352
AT1G01220	3.09848565144584
AT1G68185	3.09798021159076
AT4G15910	3.09693189527995
AT5G42270	3.0963640831697
AT2G16660	3.09635341670834
AT3G09560	3.09604605344167
AT2G14720	3.0958538761019
AT1G15910	3.09360665378145
AT1G12880	3.09269181083044
AT4G30996	3.09170081637247
AT3G50790	3.09120266079321
AT5G15025	3.08971731736091
AT4G24390	3.08260156237138
AT1G34030	3.08132901827548
AT1G72230	3.08017867637153
AT2G40280	3.07876965478364
AT3G08940	3.07777758958493
AT1G01670	3.07640684000609
AT2G25670	3.07361014938672
AT1G78172	3.07291662174376
AT4G26760	3.07260255982388
AT1G78820	3.06896432637768
AT4G21900	3.06848001631527
AT2G42520	3.06727577707296
AT4G16960	3.06548904578269
AT3G57280	3.06527909701991
AT1G09330	3.06435843298163
AT5G40080	3.0629143752098
AT1G80110	3.06251923690419
AT4G09840	3.06224772606704
AT1G70270	3.06185659098679
AT5G59140	3.05933290536119
AT2G35840	3.05887066197974
AT3G60240	3.05865764619006
AT1G65030	3.05634393222613
AT2G21270	3.05479349863951
AT2G29995	3.05289457549631
AT1G79390	3.05221169770211
AT3G51090	3.05123060031582
AT5G22440	3.0507592629417
AT5G13440	3.04933433593767
AT3G07630	3.0480613643844
AT1G80490	3.04614643311336
AT3G01100	3.04536511874766
AT5G11750	3.04533725233038
AT4G24350	3.04507579035278
AT1G72090	3.04474683598318
AT1G18400	3.04416516513012
AT5G16940	3.04413793217254
AT5G62540	3.04391530817077
AT3G28950	3.04321001151177
AT3G62220	3.0414266771922
AT1G17990	3.04037990513643
AT4G16950	3.03831168301147
AT4G13577	3.03643718669313
AT2G33390	3.03484712746825
AT5G27490	3.03388571354598
AT5G59880	3.03386176092283
AT5G59420	3.03235976209923
AT5G26030	3.03161804780313
AT4G38270	3.03048409251809
AT5G47480	3.03041760205314
AT3G55750	3.02841516324657
AT4G27430	3.02733668659965
AT3G26310	3.0259562661497
AT4G28750	3.02375118763585
AT3G53430	3.02217830959677
AT5G21070	3.02115513628908
AT5G06360	3.01848527556019
AT5G08200	3.01668206859748
AT5G15080	3.01496251112731
AT1G66890	3.01491680613909
AT3G50860	3.01443763403667
AT3G47080	3.0127185320279
AT1G65430	3.01123087211608
AT1G11660	3.01096278889133
AT2G36290	3.01003826119576
AT5G25790	3.00927807729654
AT5G45775	3.00755213001995
AT1G19730	3.00686791761069
AT1G32070	3.00631019734225
AT3G48070	3.00607193141328
AT1G55670	3.00425628994333
AT3G07170	3.00414364690724
AT2G40935	3.00328397640051
AT5G56710	2.99978755703178
AT2G30880	2.9992559203942
AT1G65540	2.998280335327
AT5G58000	2.99755429819933
AT1G67400	2.99719743717298
AT1G61795	2.99679868936354
AT2G45690	2.9948579210694
AT2G02230	2.99292755848646
AT5G12110	2.99268555741876
AT1G56150	2.99264688745359
AT5G40600	2.99165918090132
AT5G06860	2.9908861937923
AT1G11650	2.99009199835038
AT3G52100	2.98965267127846
AT1G61280	2.98807067415776
AT5G58700	2.98781090231647
AT3G29310	2.98735099568996
AT2G43090	2.98716261956626
AT1G01550	2.98572513813574
AT3G20000	2.98558166246761
AT1G04270	2.98454353393788
AT1G69750	2.98126207560169
AT5G25190	2.98067468346832
AT1G70790	2.97973970709386
AT4G23180	2.97869284140891
AT3G49900	2.97636835965527
AT2G36026	2.97591874829851
AT3G55030	2.97476608151654
AT1G05550	2.97405416693849
AT3G60510	2.97297861551143
AT5G02870	2.97188777086374
AT2G01690	2.96736198272543
AT5G46340	2.96522238042998
AT1G49410	2.96041748473353
AT1G06290	2.95657287688365
AT5G10470	2.95655131500081
AT1G23340	2.95606484399018
AT4G22930	2.95464917740749
AT5G23420	2.95283478801571
AT1G04100	2.9514217397928
AT3G46490	2.95126414576457
AT1G15860	2.94921065297209
AT1G18060	2.94886646237709
AT3G17040	2.94816113959376
AT1G26840	2.94796273155066
AT5G08710	2.94638204254595
AT5G11200	2.94589884725513
AT4G19610	2.94542356422139
AT1G58520	2.94539127286903
AT4G13070	2.94483704140696
AT5G50100	2.94453951215043
AT2G26330	2.9400959921898
AT2G30950	2.93953834577267
AT1G54580	2.93737226464613
AT2G07690	2.93573861685315
AT1G75950	2.93571696941735
AT1G21190	2.93446900614417
AT5G51510	2.93223704074878
AT2G27950	2.93121116681628
AT1G20050	2.93090418352732
AT4G39820	2.92884378581669
AT1G08960	2.9282491156836
AT5G63810	2.92804062412928
AT1G74060	2.92737914934824
AT3G05650	2.92714237256883
AT5G10200	2.92196775386407
AT3G49670	2.91969583428943
AT4G19180	2.91899199978914
AT3G05400	2.91730484743228
AT2G35520	2.91710798481558
AT1G13560	2.9149883160756
AT3G50550	2.91403521513964
AT5G16050	2.91363473514682
AT2G28520	2.91309169240273
AT5G44060	2.91278691693648
AT3G14220	2.91028871380588
AT4G23250	2.90943214239264
AT2G13360	2.90877845722902
AT4G36870	2.90865239220419
AT3G22950	2.90572704340453
AT4G11160	2.90518914972675
AT2G48000	2.90493063569875
AT4G38310	2.90202459019758
AT5G60800	2.89879705206029
AT1G68340	2.8973989783196
AT4G33780	2.89695476585505
AT3G01170	2.89581308780401
AT2G25110	2.89343065029887
AT3G13410	2.89133728786158
AT4G02080	2.89098055161958
AT4G28700	2.89079455399834
AT1G13170	2.88935067463449
AT2G45990	2.88885032159437
AT2G39630	2.8880964953503
AT1G74210	2.88698805740958
AT5G06190	2.88633060393729
AT1G14000	2.88543656488584
AT1G72710	2.88327905540288
AT1G69670	2.88271625420505
AT4G11570	2.8818698355486
AT5G10610	2.88160801933297
AT5G67590	2.8811737269051
AT2G45140	2.87745810292707
AT4G01610	2.87735983481095
AT3G09650	2.87677673593756
AT3G58580	2.87646665511875
AT5G39740	2.87497500930117
AT5G22270	2.87307718528118
AT3G18160	2.87174437191126
AT5G20280	2.87047644758488
AT2G26600	2.87004411438284
AT1G07840	2.86880537742821
AT1G77930	2.86713992769887
AT3G28270	2.86642131729642
AT1G71220	2.86623855471573
AT3G15095	2.86533603975218
AT5G08415	2.86457911560115
AT1G74458	2.86396280639015
AT1G75210	2.86323195367804
AT4G14990	2.86157755508354
AT5G42850	2.85769408619148
AT5G43970	2.85766105847737
AT2G44160	2.85695055668817
AT5G61520	2.85663787549849
AT1G07360	2.85593385589185
AT5G10540	2.85490202258455
AT3G51880	2.854898316019
AT2G43040	2.85380902461386
AT2G30942	2.85288062754129
AT1G78430	2.85273736695476
AT5G56600	2.85200251091995
AT2G45520	2.8513121734148
AT1G07750	2.85122696025429
AT5G44400	2.84791294656079
AT1G71090	2.84690038344895
AT1G77140	2.84576172812646
AT3G09230	2.84292842337271
AT1G44835	2.84267869944116
AT5G57190	2.84146456902909
AT1G16040	2.84021439090958
AT5G20140	2.83946139414983
AT3G56110	2.83945510675589
AT1G44446	2.83661873367892
AT5G17560	2.83655134976178
AT3G29639	2.83497939439739
AT4G08960	2.83474771329138
AT1G07700	2.83278549420098
AT3G12800	2.8327507625893
AT1G77310	2.83261179776836
AT4G02450	2.83229768502186
AT4G03070	2.82748513634009
AT2G41220	2.82689403780185
AT4G16710	2.82660875442749
AT2G26530	2.82539507896151
AT5G14310	2.82323042992306
AT1G52630	2.8226254846435
AT3G52640	2.82220571929938
AT2G41950	2.82176758472903
AT3G01210	2.82154259355324
AT3G46320	2.82152290336992
AT1G64850	2.82110472148213
AT3G12920	2.82007512996519
AT4G03820	2.81924715867922
AT5G52830	2.81794131889238
AT2G36680	2.81770280174242
AT1G78870	2.81632662886433
AT3G05060	2.81403989621833
AT2G19690	2.81402879230032
AT1G61490	2.81381256528002
AT3G62810	2.81350084748543
AT5G52910	2.81259612672985
AT3G28480	2.8123299067048
AT5G14660	2.81101085618941
AT2G02810	2.81081969241877
AT5G20570	2.81056561264112
AT4G19670	2.80668555500284
AT5G23580	2.80639734509491
AT4G35630	2.80610018409098
AT1G02390	2.80558643017009
AT3G48930	2.80329895107815
AT3G54990	2.80241937998645
AT3G22104	2.80066122579176
AT4G18490	2.80047404713906
AT4G00860	2.79938135849378
AT3G59500	2.79916287742832
AT5G13740	2.79904266242746
AT2G18240	2.79845924173403
AT5G43830	2.79786950634625
AT4G31400	2.79660015092875
AT1G21090	2.79316477931139
AT3G10080	2.79217685498639
AT2G21940	2.79131894311689
AT4G12850	2.79067494438358
AT2G04270	2.79013012846166
AT2G35760	2.78949674084582
AT1G48630	2.78891083761257
AT3G04920	2.78821834574746
AT1G62370	2.78757924954745
AT4G33920	2.78717081067205
AT2G26260	2.78400330330965
AT1G23120	2.78380406939714
AT2G21830	2.78212141546222
AT5G62630	2.78141340299277
AT1G75150	2.78129988428627
AT1G56070	2.78092840600011
AT4G18100	2.7807424111089
AT1G78130	2.78052788596935
AT2G30970	2.78002384240562
AT4G20830	2.77927606633771
AT5G45950	2.77731212003861
AT4G15000	2.77640079886917
AT2G18990	2.77583650817763
AT3G06240	2.77480512563821
AT5G18230	2.77154125349973
AT2G43540	2.77138236947881
AT3G10185	2.77129381256684
AT1G80230	2.77078188179393
AT3G05365	2.77049058149743
AT2G42220	2.77045243818352
AT1G54690	2.76964230984254
AT2G33860	2.76944802193852
AT5G38970	2.76815763732604
AT1G04190	2.767060445354
AT2G38460	2.76679991008076
AT1G55080	2.76656352546304
AT5G43620	2.76649832483673
AT1G71430	2.76604877869193
AT1G05060	2.76518802088146
AT4G13270	2.76420924192381
AT3G19470	2.76292382160269
AT3G56800	2.76244397144971
AT3G18040	2.76240544723458
AT1G30890	2.76229555233566
AT3G62310	2.76183445550443
AT2G27420	2.7609705015805
AT5G38220	2.76084666259977
AT1G09640	2.76068886295356
AT1G16190	2.75909719268871
AT3G11750	2.75901918059481
AT4G00690	2.75695925031989
AT4G34220	2.75571811507126
AT3G27000	2.75411782291815
AT5G66410	2.75399675103064
AT5G51820	2.75375540723983
AT3G02760	2.75253815074356
AT3G05675	2.75218461106904
AT1G17830	2.75066175986431
AT5G56500	2.75051435049363
AT4G18905	2.75047241940029
AT3G51980	2.74973423538268
AT5G07670	2.74959488107965
AT1G20560	2.74649406216742
AT2G31610	2.74521795447569
AT1G01290	2.74505772567091
AT5G04410	2.74488839026333
AT5G67280	2.74473782618604
AT5G52900	2.74432778945724
AT2G20450	2.74168942181708
AT2G17360	2.73977285008699
AT1G52315	2.73882560521662
AT1G63090	2.73837319428828
AT4G05100	2.73629976552533
AT3G15090	2.73499751745964
AT1G09590	2.73299973951585
AT1G08280	2.73187084832695
AT1G80960	2.72553130651272
AT4G18160	2.72487524575892
AT2G02360	2.72440428220012
AT5G03050	2.7229981407075
AT5G61450	2.72147969499211
AT3G03310	2.7209597855391
AT5G17580	2.7196892372544
AT3G44850	2.7188332365952
AT1G65820	2.71880689758384
AT1G30510	2.71799734337884
AT5G43850	2.71753185926561
AT5G39830	2.71704610897501
AT3G55920	2.71458911137036
AT5G37475	2.71385709917045
AT1G22520	2.7121384351483
AT3G18430	2.71184926246424
AT2G30105	2.71152449240858
AT5G63620	2.7108436058612
AT2G47750	2.70963315199534
AT3G23390	2.70958602556316
AT1G12400	2.70858380945043
AT3G02220	2.70772493505985
AT1G71840	2.70652280234651
AT3G01120	2.7060642673474
AT1G17490	2.70546561646712
AT3G20080	2.70424212728834
AT3G05520	2.70246073659791
AT1G28120	2.70167325033443
AT5G49950	2.70074657144878
AT5G47630	2.69967047604769
AT5G48370	2.69543532758616
AT1G32583	2.69540831999089
AT3G51390	2.69505381551329
AT3G01435	2.6933007065752
AT3G60800	2.69300212426604
AT1G49750	2.69203541490467
AT2G27385	2.69178797578177
AT2G35900	2.69124192663183
AT5G26610	2.68920892900419
AT5G18540	2.68859767835325
AT5G53280	2.68788055310248
AT1G49840	2.68717669781257
AT4G39140	2.68705730302762
AT2G36070	2.6863734287626
AT5G17070	2.68622607835115
AT1G80750	2.68448583016642
AT4G35030	2.68361907519426
AT2G24240	2.68157736145935
AT5G20920	2.67970584138149
AT4G29390	2.67930299740774
AT5G11840	2.67920744028176
AT4G32040	2.67890934872849
AT4G36210	2.67869951318195
AT3G18190	2.67867500513582
AT2G02880	2.67648271520427
AT2G26830	2.67540411105133
AT5G59690	2.67229212071916
AT3G62260	2.66801595331485
AT1G30380	2.66801466124006
AT3G46460	2.66718113130258
AT5G07270	2.66629256757226
AT3G54140	2.66624343327433
AT3G16760	2.66612218819326
AT3G08505	2.66595115677068
AT1G16810	2.66554966469287
AT1G55810	2.6653334902552
AT2G25900	2.66432771703036
AT4G13560	2.66369947797295
AT3G24730	2.6631195223133
AT3G42950	2.66241426216108
AT1G23170	2.66240222880917
AT3G05740	2.65817660432642
AT1G78040	2.65805834594083
AT1G77680	2.6564592195072
AT3G13910	2.65640063845341
AT4G38930	2.65366385847466
AT1G13690	2.65318373692518
AT2G17420	2.65280050995778
AT2G31490	2.65242410275007
AT3G55070	2.6511606766563
AT4G00030	2.65108336997548
AT3G03680	2.65099717053528
AT1G51660	2.65073163034168
AT1G61500	2.65062080740644
AT4G01897	2.65003771885886
AT1G60190	2.64981403747711
AT4G00820	2.64930048902767
AT3G04970	2.64819269175905
AT5G62440	2.64782014863434
AT5G02960	2.64660201299646
AT2G02510	2.64596407262399
AT3G20560	2.64593761338497
AT3G08870	2.64578334571946
AT1G34260	2.64436806862276
AT3G57750	2.64425540122121
AT5G64370	2.64418063625086
AT5G27640	2.64284990119494
AT5G66040	2.641037185769
AT5G46430	2.63926643949116
AT3G48160	2.63744493063344
AT1G11580	2.63737467724511
AT4G29810	2.63667940586687
AT3G30460	2.63598313623594
AT5G45590	2.6355306762322
AT1G05410	2.63286246466879
AT5G48570	2.63150978602431
AT3G04550	2.63150859760368
AT2G44620	2.63137750702736
AT2G32850	2.63136930363145
AT5G04885	2.63112221604406
AT5G56890	2.62934822720683
AT4G25500	2.62910986892364
AT2G47410	2.62842756946472
AT4G34500	2.62836751263985
AT5G42570	2.62726197957566
AT5G41870	2.62716265742754
AT3G52940	2.62702097443726
AT5G35160	2.62600454150456
AT1G22800	2.62427979564404
AT1G79500	2.62416061697747
AT5G55550	2.62355163516303
AT3G51430	2.62341562225057
AT1G51700	2.62281920613868
AT1G01070	2.62184821433457
AT1G20950	2.6214784750415
AT5G44930	2.61995469131796
AT1G61620	2.61944149576367
AT1G80890	2.61925109667406
AT1G32450	2.61924801727739
AT3G48120	2.61895624232922
AT3G44900	2.61894872956749
AT4G23770	2.61795823883989
AT5G11420	2.61732628238818
AT4G38740	2.6146889974551
AT3G52750	2.6145063559151
AT5G46560	2.61424778031125
AT4G30400	2.61393921103467
AT1G62310	2.61231553453727
AT4G22150	2.6086615875668
AT4G38250	2.608283136105
AT5G37790	2.60811553564847
AT1G04020	2.60593972604905
AT5G20890	2.60579780638714
AT4G36480	2.60568279776771
AT4G02820	2.60512398641916
AT3G10060	2.60473060492123
AT2G40490	2.60280851017256
AT1G52930	2.60192660096448
AT3G25120	2.60135225595894
AT4G10090	2.60119876680488
AT5G27600	2.60096714543302
AT3G49910	2.60051323198178
AT5G08370	2.60023899427257
AT5G66570	2.59993487574435
AT5G19550	2.59973494364594
AT1G71170	2.59695458522779
AT5G50370	2.59685430830589
AT4G38630	2.59683051682625
AT5G38140	2.5966593430605
AT4G00895	2.59598047860979
AT2G02050	2.59433083875358
AT1G53025	2.59364041748813
AT1G56050	2.59208098105538
AT1G31812	2.5910672147587
AT3G11510	2.59088396269706
AT2G25620	2.59016383629319
AT1G71310	2.58946968784832
AT4G08590	2.5875913875542
AT1G11475	2.58661280573382
AT1G04910	2.58412453682973
AT5G55860	2.58348060991788
AT5G66760	2.58162687940327
AT1G69980	2.58139967551661
AT1G28680	2.58120579743084
AT3G45630	2.58068714943009
AT4G02580	2.58032909249656
AT5G54780	2.57974590710283
AT4G02980	2.57956022461469
AT3G56120	2.57893348682123
AT3G22090	2.57751132127181
AT3G05800	2.57743847868855
AT2G17280	2.57660746990149
AT2G01640	2.57650339064225
AT1G71270	2.5758156116902
AT5G46110	2.57390528748926
AT1G06780	2.57345333350379
AT5G50970	2.57306672076873
AT5G25140	2.57126177298619
AT5G16440	2.57107078871738
AT1G57620	2.57069619165252
AT1G54510	2.5661717669916
AT5G44170	2.56587996159817
AT4G16430	2.56497992321285
AT2G43920	2.56391138986343
AT2G42320	2.55773215447408
AT5G11760	2.5572756790807
AT1G12550	2.5570728732617
AT5G56740	2.55622799588074
AT3G48610	2.55541962908679
AT1G02140	2.55538507554778
AT2G30620	2.55527267866982
AT2G28600	2.55405853837817
AT4G11740	2.55180121345086
AT1G29930	2.55110764274042
AT5G10840	2.55069990057893
AT5G35530	2.55067970048631
AT2G14660	2.54986342689973
AT3G62600	2.54899834895323
AT3G60960	2.54821349371078
AT2G03810	2.54762161874529
AT4G20980	2.54730846970127
AT3G42660	2.54684620395265
AT1G76980	2.54572980329228
AT1G78570	2.54568984564568
AT5G59210	2.54567235680263
AT1G02740	2.54552861304777
AT1G10410	2.54549293847228
AT4G16770	2.54456690578516
AT1G80760	2.54360351278749
AT1G67550	2.543096543247
AT4G16490	2.54288587439465
AT5G55610	2.54267183100277
AT5G65270	2.5412878039204
AT4G01895	2.54010829256137
AT2G39990	2.53804556228656
AT3G06700	2.53779646720359
AT1G48840	2.53650971010621
AT1G47830	2.53604843004073
AT3G62940	2.53487266358222
AT4G04910	2.53475570980666
AT5G53480	2.53449472823426
AT1G51940	2.53321617478827
AT4G24440	2.53228951009805
AT2G24300	2.53180033693829
AT4G34710	2.52989317782713
AT3G61630	2.5291419871358
AT1G32190	2.5290452835049
AT1G34190	2.52715006284261
AT4G30845	2.52456406974239
AT3G47620	2.52300568035745
AT3G07810	2.52239998444102
AT5G22860	2.521180309764
AT5G04060	2.52117021615009
AT1G14670	2.52068620908385
AT5G56730	2.51984706717335
AT3G26430	2.51968599508738
AT4G04620	2.51957640935514
AT5G01445	2.51943405472914
AT1G18540	2.51937980977101
AT2G02370	2.51925876997103
AT5G47500	2.51883905543878
AT1G33560	2.51869015969624
AT1G16280	2.5172956996413
AT2G38730	2.51720283421151
AT3G08770	2.51718845022629
AT2G20770	2.51695861440694
AT1G10350	2.51691964558537
AT3G13330	2.51584066543478
AT2G23940	2.51530057217157
AT5G06480	2.51519507765367
AT3G13225	2.51358213428413
AT5G42146	2.51328927199234
AT1G67350	2.51309333706491
AT1G05520	2.51093041684319
AT5G50720	2.50905442716968
AT5G52650	2.50780173146464
AT2G43070	2.50772826760493
AT2G22370	2.50725817112669
AT5G64800	2.50649103188243
AT3G18480	2.50620150919875
AT3G05990	2.50478717959141
AT5G02830	2.50441042453192
AT5G27120	2.50356661661148
AT5G57970	2.50324983125478
AT1G14440	2.50071866114362
AT4G24550	2.50030757505763
AT3G52560	2.49982067764172
AT3G06680	2.49958345384913
AT5G04800	2.49899070685325
AT1G60890	2.49832572216007
AT5G63000	2.49796070039535
AT5G47210	2.49718428456102
AT1G77500	2.49556812431737
AT1G77810	2.49498975534791
AT2G21370	2.49492232131818
AT3G61990	2.49458959386772
AT5G65140	2.4944728131471
AT4G36150	2.49390136776938
AT4G32940	2.49356973028924
AT4G12610	2.48966863989195
AT5G10950	2.48760398557987
AT5G05470	2.48681305339719
AT3G06980	2.48669616878867
AT3G58700	2.485514224078
AT3G45930	2.48446774391869
AT3G24080	2.48446144507386
AT1G18080	2.48187521350404
AT3G63440	2.48157861219508
AT5G52510	2.48047060772227
AT1G09530	2.47991773699402
AT4G03635	2.47828182060161
AT2G37600	2.47809667030659
AT3G01150	2.4779243616831
AT5G59470	2.47660479825192
AT1G24510	2.47607661772849
AT1G64880	2.47566015833606
AT1G55535	2.47467283158762
AT1G18335	2.47435151057523
AT4G17616	2.47428733900874
AT2G38840	2.47385735859273
AT5G45455	2.46921790363037
AT3G15680	2.46886114975908
AT3G10090	2.46835028663438
AT5G13310	2.46808572800251
AT1G76720	2.46794351779154
AT1G48580	2.46737921071195
AT3G55500	2.46565552001426
AT1G09870	2.4653039405313
AT1G53320	2.46516330757334
AT4G20310	2.4644426515783
AT1G54080	2.46273131734475
AT3G62830	2.46180513500484
AT5G59840	2.4589388031049
AT4G24210	2.45754927758154
AT2G30910	2.45658712404211
AT4G08300	2.45623709131621
AT3G27430	2.45564773163943
AT1G77400	2.45522828954254
AT4G36380	2.4551765646753
AT4G39280	2.45501449546196
AT1G25480	2.45456227415093
AT2G31160	2.45378749403139
AT5G41120	2.45204070224872
AT4G31600	2.45187920394532
AT5G17520	2.45159239024511
AT3G17205	2.4505756848079
AT5G63680	2.45032008679083
AT1G66880	2.44880672682033
AT1G79820	2.44847780774776
AT1G05120	2.44789809226225
AT5G58770	2.44755896527853
AT5G63410	2.44564790676171
AT3G52090	2.44563196316156
AT1G79920	2.44385162507112
AT5G35690	2.44257376202278
AT4G01150	2.44140772435352
AT5G40400	2.44108817069323
AT1G04440	2.44020144458017
AT1G50020	2.43857574491448
AT3G23660	2.43818893675803
AT2G42620	2.43806526860047
AT5G16510	2.43798198021949
AT5G63960	2.43782514207843
AT5G25100	2.43624196763411
AT3G15460	2.4360405539358
AT4G20150	2.43507647986176
AT3G26640	2.43275818184795
AT4G19130	2.43196703937006
AT1G09050	2.43133904258736
AT5G44240	2.43101099611428
AT5G23020	2.43071510645995
AT4G23100	2.43032232877052
AT1G14320	2.4300226998352
AT3G16890	2.42724606494061
AT1G08820	2.4267186349566
AT4G32870	2.42619220302411
AT2G17790	2.4260417423994
AT1G22780	2.42575531700053
AT1G01580	2.42486122396771
AT5G63910	2.42477533889581
AT3G57660	2.42408431582676
AT1G01240	2.42226380834554
AT3G61070	2.42096338764136
AT4G05590	2.41909017292667
AT2G34520	2.41752779890544
AT2G27820	2.41730040110926
AT3G20410	2.41657395273834
AT1G22200	2.4156993014361
AT1G76460	2.41153637741417
AT1G80290	2.41068172275582
AT1G32130	2.40953226539932
AT1G50480	2.40876830739981
AT1G05590	2.40861589151052
AT3G09730	2.40619829329636
AT3G13580	2.40570801758076
AT5G62980	2.40487404794397
AT2G20580	2.4047309439548
AT5G12980	2.40397733891179
AT1G22450	2.40211960861992
AT1G68100	2.40083695939624
AT2G24960	2.40010339768639
AT3G27520	2.39968471818529
AT3G05560	2.39777813830497
AT3G47780	2.39730274555592
AT1G05910	2.39689497191398
AT3G61420	2.39601314519031
AT3G05550	2.39523851583847
AT3G48490	2.39469665782352
AT4G14620	2.39337974962027
AT1G77370	2.3918560599178
AT4G29330	2.39171361533855
AT5G01290	2.39167771006842
AT5G46740	2.39166982864672
AT1G16860	2.39092948608144
AT2G06005	2.39026558160442
AT1G32210	2.39025952942988
AT4G22260	2.38944742893257
AT2G42280	2.38896564384843
AT1G04730	2.38856976409142
AT1G71865	2.38766157808308
AT1G52530	2.38660203001811
AT2G23000	2.38605198532617
AT1G67620	2.38591555470573
AT4G21860	2.3857021570117
AT5G16970	2.38566737482162
AT2G41840	2.38557183500488
AT5G48020	2.38551760933533
AT1G79790	2.38411467826796
AT1G26550	2.38405612515023
AT3G06510	2.38369324793415
AT2G44770	2.38326632392415
AT1G74870	2.38229034632218
AT5G58970	2.38053091758178
AT4G28025	2.37997977128779
AT1G73570	2.37994474762148
AT4G23790	2.37968951567875
AT3G49010	2.37911392376678
AT2G16740	2.37770265113144
AT1G09780	2.37722529319619
AT5G02410	2.37445662234208
AT3G01090	2.3737294588558
AT1G78550	2.37371273203256
AT2G47320	2.37339747987546
AT1G06910	2.37299134744198
AT1G21200	2.3726122131147
AT4G25520	2.3710007235475
AT5G50310	2.37071521031981
AT5G22130	2.36994638069128
AT1G51650	2.36941897273882
AT4G04860	2.36594645571761
AT1G29170	2.36531808099739
AT1G77600	2.36527037383295
AT4G21105	2.36516988973715
AT5G61020	2.36497497111151
AT1G09040	2.36418285746574
AT5G24314	2.36338535511569
AT3G26600	2.36260094914992
AT1G55370	2.3622245225235
AT3G14080	2.36171892236036
AT2G01250	2.36155848224121
AT4G26950	2.36136873615676
AT4G22850	2.36069615431629
AT4G37090	2.35975522884248
AT3G62790	2.35735523460209
AT5G51740	2.35699192658913
AT5G45560	2.35613293796774
AT3G20510	2.35577214186154
AT5G41170	2.35535654130266
AT1G05430	2.35246472622118
AT1G67210	2.35223333277428
AT1G71070	2.35132424011585
AT4G37980	2.34969315060511
AT3G49550	2.348677740385
AT4G03150	2.34808017500232
AT3G52280	2.34701888596311
AT1G53920	2.34634758459562
AT1G16310	2.3447562095717
AT5G10240	2.3445442020211
AT3G18620	2.34282882044573
AT3G46030	2.34238104655609
AT5G61300	2.33849810817428
AT4G04360	2.33708234404969
AT4G25320	2.33422036829937
AT4G15140	2.33381439118618
AT3G08690	2.33347488365211
AT3G57600	2.3334539406951
AT4G35860	2.3319301737749
AT5G22210	2.3316908591815
AT3G60880	2.33128316005156
AT3G63220	2.33028250400902
AT1G25145	2.32964109703113
AT5G19090	2.32918806936304
AT1G64930	2.32854738965994
AT5G59790	2.32643255834286
AT1G78060	2.32516282421132
AT1G68160	2.32447835378
AT4G28200	2.32410338403433
AT2G16770	2.32256747270044
AT3G44750	2.32243767563269
AT4G35290	2.32203977252076
AT3G46630	2.32103235642239
AT3G58830	2.32089301525891
AT2G27710	2.32082517589062
AT3G11950	2.32067646817939
AT1G70610	2.31947383352027
AT5G50860	2.3193618187074
AT2G35490	2.31897318642577
AT2G34260	2.31841433404184
AT3G59470	2.31725561741588
AT1G74200	2.31516884490678
AT5G54145	2.31516635075158
AT4G17910	2.31502417769599
AT3G51760	2.31433953711857
AT2G42230	2.31221619742686
AT5G03780	2.31101889836727
AT1G79040	2.31013497310587
AT1G61780	2.3098389748544
AT2G15620	2.30914839919584
AT4G12120	2.30909127357163
AT4G36130	2.3082080092579
AT5G19320	2.30736397112169
AT1G71130	2.30638130861023
AT3G10520	2.30583068698707
AT5G20080	2.30549084132597
AT4G15955	2.30361629103104
AT1G29920	2.30287167293071
AT1G77740	2.30211618532748
AT2G19540	2.30096410213127
AT5G15750	2.30015353096643
AT2G32440	2.29868631484534
AT1G31180	2.298011010828
AT5G55620	2.29717905338612
AT1G47260	2.29289555749618
AT2G46540	2.29284793015225
AT1G09920	2.2923236414989
AT5G18920	2.29211871033456
AT1G19850	2.29045211768956
AT2G25650	2.29038336992095
AT1G21065	2.29001096881167
AT4G26060	2.28979044918203
AT2G17030	2.28975948930354
AT3G58790	2.28885333914235
AT2G01990	2.28850566742967
AT5G11040	2.28786100872948
AT5G58900	2.28736654661981
AT1G28200	2.28714129568977
AT4G35740	2.28619744310793
AT3G05420	2.28566665545968
AT5G60390	2.28543595950028
AT1G30475	2.28539909056866
AT3G26380	2.28533774699044
AT3G23600	2.28529618370474
AT3G06690	2.28471784477008
AT1G03180	2.28413879020961
AT1G53830	2.28410224506159
AT5G11900	2.28342121672293
AT2G37260	2.28341202915842
AT5G49760	2.28317227541852
AT1G61570	2.28279006171936
AT5G46920	2.28274085427246
AT2G47970	2.2822359254684
AT1G76660	2.28185735153977
AT4G18030	2.28133409915292
AT5G61760	2.28058998615277
AT3G48187	2.28019390040674
AT1G75410	2.27885951404184
AT1G50370	2.27810265734761
AT4G00880	2.27778915439055
AT4G20480	2.27769819225741
AT4G19560	2.27755944215547
AT1G66240	2.27613316821919
AT1G30000	2.2743658632893
AT4G10480	2.27308219616742
AT1G62430	2.27200240820835
AT5G62050	2.27160779634644
AT3G07300	2.27160306336853
AT4G00710	2.27075326909532
AT4G36110	2.27057996122617
AT3G45620	2.27002939190908
AT5G40870	2.26870740484264
AT4G27740	2.26834978445796
AT4G24190	2.26746419204513
AT3G09010	2.26733851787028
AT1G04130	2.26660472593211
AT5G54580	2.26647375255304
AT5G43960	2.26504754784293
AT5G48910	2.26419599705147
AT5G45300	2.26368830641326
AT1G16740	2.26347454087274
AT4G34920	2.26155126566312
AT3G43960	2.26123473972977
AT1G20720	2.25972173308707
AT2G28570	2.25912148564692
AT1G71697	2.25906593711855
AT5G60860	2.25824396879921
AT1G59830	2.25816332833948
AT5G20740	2.25811262211322
AT5G19760	2.25787531982288
AT1G79610	2.25774645144917
AT2G26100	2.2561052317353
AT5G63990	2.2553666536186
AT5G26680	2.25509899199388
AT5G21100	2.25473469639696
AT4G19185	2.25217169036173
AT2G32930	2.25198490296632
AT1G30330	2.24942268162824
AT3G10860	2.24927075197246
AT5G44910	2.24806455779522
AT2G40630	2.24762828901928
AT4G18480	2.24710672006742
AT5G11890	2.24660076784155
AT2G20670	2.24509268821358
AT2G45860	2.24353535858946
AT5G59660	2.24337141359281
AT1G68710	2.2418071366035
AT5G61540	2.24028654792415
AT5G13120	2.23999572888353
AT5G62090	2.23915748838663
AT1G73790	2.23856596162554
AT3G08020	2.23796478753467
AT1G15080	2.23704439273873
AT5G11310	2.23610321901086
AT5G19025	2.23518430437943
AT5G48830	2.23497600002805
AT3G59550	2.23483443396585
AT1G17090	2.23370550512042
AT5G58600	2.23045159224842
AT4G12460	2.23024789448478
AT4G04640	2.22989826515087
AT5G52410	2.22928924540797
AT4G14110	2.22830628908867
AT2G01760	2.22826635062528
AT2G16990	2.22769235418416
AT5G26751	2.2271134341171
AT5G08120	2.22688590577809
AT3G46540	2.22592001174196
AT2G03340	2.22548818473674
AT5G56520	2.2250657791838
AT1G11730	2.2248418981272
AT1G01010	2.224804376504
AT4G37800	2.22418815701639
AT3G55010	2.22366243734433
AT1G13060	2.22277932078124
AT5G46170	2.2225765882493
AT3G56880	2.22194110529029
AT4G02030	2.22134885433663
AT2G39705	2.22034503001601
AT3G51940	2.21994906080366
AT5G09250	2.21985852184023
AT5G19855	2.21983179828639
AT4G10000	2.21925875062654
AT4G23750	2.21849406321109
AT5G63050	2.217742962117
AT4G24990	2.21743456963653
AT1G60610	2.21714655966146
AT5G43280	2.21679836030823
AT1G20770	2.21678346947567
AT5G51150	2.21581074107666
AT2G03870	2.21425769761813
AT1G69010	2.21373260456277
AT1G10870	2.21259782538893
AT5G07720	2.21202089428225
AT4G35410	2.21133937381211
AT5G13190	2.21116426554857
AT3G52120	2.21108298743684
AT3G02320	2.2110702169956
AT3G10330	2.20994239828058
AT1G33720	2.20954258496978
AT2G30550	2.20897326640728
AT5G46750	2.20868341951047
AT5G26720	2.2083908331742
AT3G54840	2.20588404215779
AT2G45060	2.20348118958844
AT4G16265	2.20314375200153
AT3G18170	2.20309358319468
AT1G55510	2.20247635854438
AT4G11280	2.20197980876881
AT3G62240	2.20062410233263
AT4G25360	2.19906495472139
AT5G66740	2.19709507615598
AT5G39950	2.19653110320347
AT5G53760	2.1962934272565
AT4G18501	2.19611543676131
AT2G26760	2.19500142755067
AT5G56160	2.19334697987305
AT1G21980	2.1931510314252
AT4G05000	2.19067772973133
AT2G10950	2.19039418832583
AT3G48660	2.18918185858271
AT3G24090	2.18889691740843
AT2G19080	2.18526970414713
AT1G31910	2.18522673741384
AT1G43770	2.18473927140322
AT3G04770	2.18173302401348
AT5G64520	2.18173270825434
AT1G64280	2.18090527942715
AT5G51670	2.18057959218875
AT5G01610	2.1799835137523
AT1G72560	2.17996282111135
AT5G26240	2.17872423467178
AT5G02050	2.17838696812618
AT2G44150	2.17815655786794
AT2G42750	2.17739373247835
AT1G76260	2.17735766643335
AT2G33540	2.17699035612781
AT2G01350	2.17655609212268
AT5G66170	2.17522670334448
AT5G18190	2.17471196425682
AT2G03120	2.1739540053784
AT3G50960	2.17330406832214
AT5G15310	2.17295615397715
AT2G38580	2.17242396194815
AT2G43490	2.17205136808479
AT5G18640	2.17130699372537
AT2G33600	2.16830952460388
AT5G35430	2.16772399852037
AT5G03670	2.1668663945901
AT4G19400	2.16626902766706
AT1G32200	2.16512296206932
AT1G54385	2.16462592289195
AT2G22260	2.16385125603668
AT4G27410	2.16284344951691
AT3G20740	2.16274818063271
AT5G66840	2.16264406890812
AT2G44360	2.16206935575839
AT2G18020	2.16075353654309
AT3G21700	2.16033181876392
AT2G28250	2.15870092220342
AT4G17680	2.15843604085841
AT2G17560	2.15674844505025
AT5G16380	2.15670721102722
AT4G02050	2.15453326465303
AT5G59870	2.15016123224526
AT3G29270	2.14870336960582
AT2G40070	2.14862234424531
AT3G06850	2.14714575505636
AT5G38860	2.14642255330189
AT1G71230	2.14578572233123
AT1G02130	2.14511678398305
AT4G13810	2.14500554987209
AT1G69523	2.14305360559796
AT2G29990	2.14261494804853
AT1G02780	2.14194999379365
AT2G46690	2.14170823927304
AT3G05170	2.14097114322299
AT1G53035	2.14076786503276
AT5G04490	2.1396323457258
AT1G72160	2.13853379013864
AT4G17240	2.13610097582875
AT1G11300	2.13600375819764
AT3G19590	2.1347716397389
AT4G23300	2.13333514017583
AT5G17165	2.13264586871203
AT1G17880	2.13242069228336
AT1G49470	2.13225864226985
AT3G29160	2.13167061425916
AT1G72190	2.12977238809923
AT1G36280	2.12952065601446
AT3G05100	2.12942913110246
AT1G50170	2.12899096352512
AT3G08610	2.12799431220251
AT4G23860	2.12745569826785
AT1G56450	2.12744829215677
AT5G63550	2.1266466202983
AT1G70530	2.12518995245676
AT1G64630	2.12354314454979
AT3G10920	2.12336360661713
AT3G20070	2.12292063563895
AT4G02600	2.12269140200288
AT2G29125	2.12132729161195
AT4G24220	2.12043040174447
AT2G42710	2.11990511853435
AT1G02970	2.11976980086493
AT3G05430	2.11878924351058
AT5G47050	2.11648494459507
AT1G19170	2.11627895072154
AT3G01160	2.11542499224399
AT5G65710	2.11464766612489
AT1G17080	2.11415251541059
AT2G05320	2.11296096140041
AT2G15050	2.11283630632363
AT1G63855	2.11238530128732
AT1G08010	2.11021284180464
AT3G06890	2.10919482621588
AT5G46760	2.10839699518667
AT3G61740	2.10763978261922
AT1G77320	2.10761368128349
AT2G27200	2.10700011572051
AT4G13020	2.10686717610836
AT1G60987	2.10578097233358
AT3G25400	2.10576293548303
AT2G26440	2.10490344687533
AT4G14147	2.10424862374018
AT1G77870	2.10314588596436
AT3G08920	2.10271797521446
AT3G44010	2.10149836527104
AT2G37100	2.100542016339
AT5G50250	2.10004414870681
AT4G29830	2.09989440115352
AT2G40550	2.0994811011753
AT1G29460	2.09927497933307
AT1G02410	2.09886872661454
AT4G17510	2.09843443993542
AT5G04110	2.0983321693094
AT5G08290	2.09801668865568
AT5G01230	2.09758803246813
AT1G08640	2.09722245238548
AT3G54200	2.09626179096132
AT3G08800	2.09599674212337
AT1G68740	2.09589838123764
AT3G21360	2.0949921538615
AT3G52040	2.09450960574755
AT5G28150	2.09303498377072
AT1G54180	2.09201666613768
AT1G75900	2.09085962438173
AT2G35170	2.08983880228765
AT4G25740	2.08432826562416
AT4G30550	2.08264372871082
AT5G19900	2.08247729056465
AT4G01560	2.08085638196518
AT1G65410	2.0799761831923
AT2G39240	2.07903948079205
AT2G18730	2.07725579130792
AT3G10670	2.07685543339701
AT5G63080	2.07543420489235
AT5G39380	2.075243334715
AT5G16320	2.07294108134523
AT5G61170	2.07179104484128
AT4G08230	2.07168122313109
AT1G27910	2.07161765750993
AT2G01980	2.07149431564995
AT1G48050	2.07005796532227
AT4G33460	2.06983744458306
AT1G22570	2.06982799593071
AT3G56580	2.06573191299117
AT5G08690	2.06435222271019
AT3G11670	2.06399701902145
AT5G66060	2.06331581717629
AT4G16360	2.06195353533283
AT2G32520	2.0586451190192
AT3G05870	2.05723253297715
AT5G13490	2.05647404941256
AT1G76280	2.05611146510488
AT1G60640	2.05560188414127
AT5G03740	2.05558289950979
AT4G10930	2.05481632172257
AT1G10290	2.05478276021858
AT3G08970	2.05332804423678
AT5G41190	2.05323874995816
AT1G70630	2.05296130057061
AT1G67440	2.05269220478405
AT3G43590	2.05247720080254
AT1G48390	2.05095989771646
AT5G24200	2.05006566387551
AT2G32100	2.05005184783055
AT1G67460	2.04976876170695
AT2G16860	2.04973024099367
AT2G32480	2.04951554956534
AT1G24625	2.04909882043915
AT4G21670	2.0475540560607
AT5G27970	2.04724941651403
AT1G36730	2.04657221329904
AT4G11845	2.04571263158639
AT1G58290	2.04400562422294
AT1G77230	2.04267742576266
AT5G02630	2.03919108307549
AT5G16130	2.03842968776227
AT2G44350	2.03770204271737
AT5G02790	2.03718870058234
AT5G07090	2.03712377349408
AT4G16650	2.03643720631775
AT2G30330	2.03641243980707
AT3G53350	2.03447627148547
AT4G18060	2.03399279945292
AT5G50330	2.03329109537489
AT5G02380	2.03294476924216
AT5G24360	2.032939399967
AT3G20300	2.03258793817326
AT5G17930	2.03257393445342
AT3G19640	2.03164937793145
AT3G26020	2.02957099581877
AT5G22120	2.02949268044575
AT2G17270	2.02824778930122
AT2G22780	2.02635134214815
AT2G43110	2.02411895018949
AT4G15130	2.02386384491478
AT5G15400	2.02298684981516
AT2G41680	2.02220311023592
AT3G55620	2.02147610720932
AT4G20760	2.02124010942231
AT2G46390	2.02050837816562
AT1G28490	2.02024680557859
AT1G63050	2.01885031338698
AT5G11880	2.01850888607745
AT2G24500	2.01660003831556
AT2G27130	2.01614477319205
AT1G71696	2.0160886330466
AT1G67170	2.01565861815115
AT2G36230	2.01554562346021
AT3G15420	2.01467760754292
AT3G03210	2.01450001838804
AT1G52730	2.01436686627428
AT4G11270	2.01327821026992
AT3G51920	2.01269259347069
AT2G28800	2.01199840729149
AT2G40780	2.01191118778611
AT5G56940	2.0104144382006
AT5G16450	2.00936071738086
AT5G20230	2.00906830780484
AT2G02350	2.00822022839975
AT4G29730	2.00482221377943
AT5G50960	2.00478745974306
AT5G48660	2.00475021466673
AT3G56210	2.00390142379873
AT1G29418	2.00323275967931
AT5G25940	2.00314310750998
AT4G22540	2.0025130292854
AT3G54300	2.0023956956236
AT1G30290	2.00164644912399
AT1G21610	2.00134982440268
AT3G04020	2.00116406756513
AT4G38970	1.99940448576069
AT1G72440	1.99937546266699
AT4G24670	1.99849952813363
AT4G40050	1.99847505046309
AT2G17650	1.996168532698
AT4G05160	1.99546244248676
AT3G20290	1.99483242812614
AT2G39950	1.99457080887491
AT3G60590	1.99452032072978
AT5G18620	1.99400384884708
AT4G32530	1.99392338383119
AT2G25640	1.99338475510147
AT5G41360	1.99228306992495
AT4G24330	1.9921934018107
AT5G65900	1.99163836176326
AT1G16020	1.99024075459295
AT4G16670	1.98536663859819
AT2G23090	1.98487061523563
AT1G32050	1.98473877957778
AT1G03270	1.98469378917982
AT3G63150	1.98469071417164
AT4G24480	1.98441185128476
AT1G23740	1.98408033826804
AT2G47630	1.9836962093178
AT1G55170	1.98335809492261
AT2G21960	1.98296146817526
AT1G15270	1.98242023044418
AT1G29560	1.98216050871243
AT4G14760	1.98149542850412
AT3G51850	1.98045890794164
AT4G36090	1.97947305262107
AT5G28300	1.9787533426347
AT1G07380	1.97874799668846
AT1G21760	1.97720150802141
AT1G08465	1.97718466641899
AT2G42950	1.97711949500148
AT4G28080	1.9752143185196
AT1G74088	1.97510665320977
AT2G38560	1.9748046517787
AT2G35605	1.97444496673953
AT1G22040	1.97413278279928
AT1G51980	1.97400771320023
AT1G28090	1.97377381735267
AT2G34480	1.97372990350481
AT3G03610	1.9732989003863
AT3G55460	1.97308961192816
AT1G08830	1.97273739055823
AT3G22660	1.97193216184604
AT2G25605	1.96995644813142
AT3G16840	1.96779665618086
AT5G51040	1.96686682300064
AT3G58050	1.96441527821055
AT4G09800	1.96407743435702
AT3G04760	1.96278960677949
AT5G57270	1.96267957656461
AT5G19380	1.96263953254841
AT3G50110	1.96161635580829
AT2G44200	1.96123027151474
AT3G59290	1.96071991943885
AT5G27840	1.96065965280272
AT4G15670	1.96062135345196
AT2G37080	1.95962128482417
AT3G27400	1.9582470514313
AT4G12650	1.9555852051782
AT5G55660	1.95555455380362
AT4G04330	1.95417044625563
AT1G72030	1.9533765338741
AT3G18035	1.95327133420732
AT1G11090	1.95291686925453
AT2G39440	1.95183443464855
AT3G60500	1.95137751903142
AT3G11591	1.94982199131891
AT1G45000	1.94916361109053
AT1G78140	1.94847263371215
AT3G48990	1.94715653616432
AT5G52030	1.94713355911253
AT1G16210	1.94710576994491
AT5G07290	1.94652526543994
AT4G33910	1.94644547886165
AT1G53542	1.94643703363349
AT5G50400	1.94635428671379
AT5G59410	1.94625656446143
AT3G52590	1.9457153619587
AT3G46040	1.94555863171484
AT2G30920	1.94535054932518
AT1G11200	1.94467534788194
AT5G64670	1.94440792156176
AT3G48030	1.9434217794061
AT1G52370	1.94087928570592
AT4G15940	1.94061163965467
AT5G16270	1.9401951838324
AT5G15470	1.93913127545546
AT5G57280	1.93760642617576
AT2G47110	1.93726976787087
AT3G24030	1.93507522771814
AT1G74890	1.93500382130181
AT1G10970	1.93335496040904
AT2G41350	1.93303972183519
AT5G36740	1.9326171993814
AT3G18090	1.9324520006147
AT5G38070	1.93239624878004
AT5G67480	1.93205704400935
AT3G08520	1.92976631293767
AT5G52280	1.92814482230529
AT1G76880	1.92684862483655
AT5G53350	1.92598708380843
AT5G40570	1.92576938137975
AT2G33550	1.92523758082543
AT5G27620	1.92382327747704
AT5G06980	1.92197732988207
AT5G03690	1.92167691519411
AT1G73400	1.92061022119484
AT2G44610	1.9182819290946
AT5G58960	1.91808245225559
AT1G23890	1.91734686094362
AT5G67100	1.91724333791904
AT4G17960	1.91721972904795
AT4G01500	1.91707738904898
AT3G19540	1.91632039018787
AT1G10050	1.91504704175266
AT5G24920	1.91475091391154
AT2G40830	1.9145268174809
AT2G29660	1.91443855522288
AT1G62130	1.9143828733928
AT2G40520	1.91368205601929
AT3G54460	1.91362910912332
AT1G05785	1.91324979982655
AT2G45980	1.91304585919877
AT3G19650	1.91082761211007
AT2G45310	1.91035237538246
AT3G53030	1.90991272580171
AT4G35250	1.9094243376766
AT5G15820	1.908578033048
AT4G34250	1.90723624122405
AT2G01930	1.90714031522171
AT3G09890	1.90672416085698
AT5G01990	1.90571839419858
AT2G37790	1.90402658171147
AT1G64940	1.90350977726963
AT5G24352	1.9010680601721
AT5G66750	1.90050055403266
AT4G23900	1.89983929686696
AT3G14570	1.89845665513535
AT1G44100	1.89560091498107
AT1G77420	1.89526033355041
AT5G13390	1.89485999518745
AT4G38370	1.89383444338747
AT3G28670	1.89365567997416
AT3G42050	1.89356650631188
AT1G27330	1.89284931873813
AT4G27080	1.89186759823211
AT3G24440	1.89110127274262
AT4G09010	1.89061357427195
AT2G42700	1.89020191510956
AT5G19310	1.88973460073693
AT5G48090	1.88665604803346
AT1G29700	1.88644437712999
AT5G41210	1.88589733718028
AT4G11410	1.88564527447315
AT1G63080	1.88413170252741
AT2G41210	1.88116943525536
AT4G22290	1.88081830260242
AT1G78420	1.88081310457169
AT3G20330	1.87792533092656
AT5G33320	1.87707919166625
AT1G34780	1.87633189640981
AT5G11770	1.87631319867737
AT4G25570	1.87477803172223
AT3G51470	1.87441502449653
AT4G00585	1.87412684186218
AT5G25780	1.87365129489829
AT4G36630	1.87320713391925
AT1G08130	1.87309775925059
AT5G66680	1.87273403094385
AT5G62580	1.87215149813741
AT4G26430	1.86987186475556
AT4G16850	1.86928343631133
AT1G11430	1.8685271932185
AT1G72730	1.86717700021577
AT5G23890	1.86703779455367
AT5G14500	1.86647663221467
AT1G17510	1.86614874542214
AT3G03880	1.86585589780906
AT3G58430	1.86437893749637
AT1G80850	1.86433990093099
AT4G35685	1.86366277835298
AT2G40140	1.86354224627624
AT1G19480	1.86322225783497
AT1G63330	1.86314446746927
AT4G22380	1.86247267753169
AT4G00490	1.86224222848733
AT1G75360	1.86188597085978
AT2G36910	1.86068131555692
AT3G14130	1.85946831951169
AT2G47830	1.8591317214483
AT5G59290	1.85875702298134
AT2G25737	1.85806961874419
AT3G28007	1.85736017552269
AT3G03820	1.85669759782654
AT1G01970	1.85577411598614
AT3G23740	1.85570949846526
AT2G32500	1.85535895048211
AT3G25140	1.85476755376798
AT5G57210	1.85446675587268
AT4G14540	1.85421506833553
AT2G03710	1.85399460919674
AT1G52510	1.85311433531616
AT2G39725	1.85305531489047
AT2G38720	1.85248506947969
AT5G11730	1.85239784705832
AT3G22680	1.85208669850932
AT1G27880	1.85110174275055
AT1G76380	1.85064771589223
AT1G06790	1.84896176484368
AT1G51710	1.84817899833215
AT4G36640	1.8477524020875
AT3G28715	1.84739016766813
AT3G61240	1.84720615717349
AT4G32000	1.84698279800193
AT5G38720	1.84676784159773
AT3G21580	1.84672781456855
AT1G15170	1.84666587377605
AT5G35410	1.84525624251986
AT2G39250	1.84493182703074
AT3G58930	1.84265321422092
AT3G62390	1.84159181514929
AT4G31990	1.84131650819148
AT2G43640	1.83538694306493
AT3G02875	1.83522241565827
AT1G67560	1.83487921406572
AT3G15650	1.83434262380887
AT3G54320	1.8316150695883
AT1G71980	1.83111302675201
AT5G54650	1.83108389568708
AT2G17980	1.83010845689617
AT4G16442	1.82867839091178
AT1G57700	1.82791899921213
AT3G19770	1.82743992337163
AT5G50090	1.82716340143778
AT2G16510	1.82690712292395
AT3G25100	1.8265428798232
AT2G38630	1.82618535771614
AT5G11430	1.82529496135535
AT3G55690	1.82497269571433
AT5G54430	1.82484573424096
AT4G34555	1.82349408942278
AT3G52170	1.82263227988601
AT1G15780	1.82205995308611
AT5G05920	1.8216068072641
AT3G52930	1.82098437234382
AT1G54650	1.82055009681711
AT2G22475	1.8202639576852
AT5G62140	1.81953558009525
AT3G54085	1.81832271668379
AT1G55730	1.81822431448498
AT5G16300	1.81694382971251
AT5G11720	1.81678932425469
AT5G40530	1.81592268738353
AT1G26530	1.81588325315902
AT1G80510	1.81526357426745
AT2G12190	1.8151355394197
AT1G73820	1.81506431579418
AT1G78800	1.81491227286417
AT1G48830	1.8141480846631
AT5G64600	1.81414100077049
AT1G56110	1.81371116364661
AT1G12970	1.81318918262924
AT2G29730	1.81148951600543
AT4G39190	1.81026269695912
AT5G58990	1.80985533527625
AT3G26980	1.80939983182732
AT5G02080	1.80908077417262
AT5G20900	1.80820853396459
AT5G42660	1.8077967435886
AT5G51340	1.80619690107433
AT5G24680	1.80487758249524
AT4G28550	1.80474855585679
AT5G07350	1.80463874083757
AT3G46930	1.80397524449252
AT1G57660	1.80371821790733
AT3G11070	1.80314042440645
AT3G53890	1.80268508155837
AT4G02530	1.80233888997825
AT5G43710	1.80205524562193
AT4G23570	1.80126028103027
AT4G18380	1.8012113842386
AT3G18600	1.80109841471795
AT5G01830	1.80064438077605
AT3G56940	1.79855345794051
AT5G63700	1.7979459518896
AT4G18910	1.79696237471821
AT3G20050	1.79684063771459
AT3G02570	1.79682340040775
AT1G32230	1.79658980595352
AT1G19800	1.79548504262787
AT4G32030	1.795423942266
AT1G30280	1.79492918757297
AT5G27830	1.79266327884033
AT3G49080	1.79244871982162
AT3G16175	1.79232448140134
AT1G48110	1.79066972659868
AT3G24315	1.78879167910135
AT1G31830	1.7884383492366
AT1G76350	1.78569300385802
AT3G03070	1.78536126226982
AT4G36890	1.78383429151448
AT2G32380	1.78337905264651
AT1G08910	1.78314110564816
AT1G08780	1.78278013065056
AT4G25890	1.78211107796214
AT1G04010	1.78173635703403
AT3G07480	1.77956908829421
AT5G64320	1.77843347124953
AT3G09370	1.77765951381149
AT3G18880	1.77690207546412
AT5G50335	1.77637444220292
AT2G27170	1.77453667061315
AT3G51240	1.77364758503354
AT5G42970	1.77343894887022
AT4G19645	1.77255232975653
AT3G60260	1.7721445966971
AT3G12610	1.77207354308111
AT1G10590	1.7720085008252
AT4G39240	1.77142579199967
AT5G09760	1.7700676256004
AT5G64140	1.76991900155988
AT4G37890	1.76925873493355
AT4G33650	1.76836916835761
AT3G14430	1.76786243080146
AT3G54930	1.76712565215219
AT4G35985	1.766453705581
AT5G14600	1.76539305131258
AT5G33290	1.76534090064867
AT4G32470	1.76517645945988
AT3G60415	1.7650944811283
AT2G01670	1.76509271246812
AT4G15020	1.76422030224196
AT1G47900	1.76324001352581
AT5G53400	1.76172385217995
AT4G27630	1.76093776930248
AT3G17210	1.7605707013253
AT5G44280	1.76015662731125
AT5G18840	1.75875323812882
AT1G22180	1.75870933103643
AT5G12920	1.75818935129287
AT5G20450	1.75446252273705
AT4G05410	1.75271114471937
AT2G03510	1.75127823914936
AT2G30410	1.75125668539134
AT4G29350	1.75090599852746
AT3G55410	1.74837693725495
AT3G25540	1.74813991227739
AT2G17970	1.74756050585998
AT3G15640	1.74682102306484
AT2G44430	1.74669722675671
AT1G18800	1.74604293357573
AT3G07130	1.74509481401579
AT5G47130	1.74506305800046
AT3G43980	1.74461418359888
AT5G22320	1.7441596571694
AT3G55270	1.74336980285748
AT5G15200	1.7430826601589
AT3G44740	1.74256422587346
AT3G17700	1.74204121514399
AT3G19930	1.741928653961
AT1G31070	1.74175765686977
AT3G56070	1.74069001722239
AT2G17260	1.74052702178628
AT3G63030	1.7402385482104
AT5G62000	1.73976032765809
AT3G05280	1.73952356273831
AT3G13810	1.7376853460701
AT2G19280	1.73715850583966
AT1G63190	1.73715564486161
AT3G52105	1.73673030460076
AT5G35840	1.73663364211778
AT1G30825	1.73628966291202
AT1G08800	1.73625550407416
AT1G23180	1.73612441515002
AT4G24800	1.7360985216203
AT4G13630	1.7356234541841
AT5G01430	1.73502856710317
AT1G41880	1.73486371697804
AT4G11420	1.73332130959668
AT4G00420	1.73275383732863
AT2G31650	1.73237876850634
AT2G30120	1.73134491979963
AT5G24240	1.72990364622136
AT2G19160	1.72956158845899
AT3G01340	1.72872964631444
AT2G31660	1.72821257744589
AT1G68000	1.72566333070197
AT3G51080	1.72519239274538
AT4G23990	1.72451799001266
AT4G07410	1.72378859925153
AT3G20620	1.72289372041733
AT1G74810	1.72239010672719
AT1G18480	1.72223255164527
AT3G47520	1.72167593496855
AT5G51880	1.72163980335304
AT5G14250	1.72099973510372
AT5G14060	1.72063928721303
AT3G09660	1.72053391141482
AT1G31175	1.71930783384193
AT2G26460	1.71909948506083
AT5G57150	1.71889777744708
AT2G29640	1.718217093251
AT3G03773	1.71807544122611
AT4G15560	1.71766837100351
AT5G51640	1.7175504548357
AT3G29230	1.71752375276773
AT5G58490	1.71752248050367
AT1G63380	1.71692684031017
AT2G30870	1.71629037759203
AT5G43940	1.71535505915254
AT3G26070	1.71515015323885
AT4G30825	1.71497882873996
AT5G13650	1.71410780817503
AT3G03940	1.7132855307723
AT1G27210	1.713144189258
AT1G24190	1.71285157720678
AT3G04520	1.71252499493506
AT2G13790	1.71148628221391
AT2G40610	1.7107578025146
AT2G30710	1.71068975243075
AT2G02450	1.71004710897756
AT2G19950	1.70966210122527
AT1G19200	1.70884594149153
AT2G40190	1.70879913516679
AT4G01010	1.70854399921738
AT3G19510	1.707028412803
AT4G35040	1.70596297099366
AT5G06410	1.70579526538803
AT3G61890	1.70450398760962
AT3G14350	1.70395623233456
AT5G48580	1.7037799047898
AT5G19930	1.70324040748301
AT2G14680	1.70294582218787
AT2G44410	1.70039608136721
AT5G37510	1.70017597952292
AT1G70230	1.69968797893011
AT3G51100	1.69937493266574
AT2G45010	1.6993658689073
AT2G33040	1.69765632507393
AT4G18300	1.69751217153369
AT5G62220	1.69669449322724
AT3G09570	1.69648256903431
AT1G49710	1.69646335737369
AT4G23910	1.69622190620336
AT1G12110	1.69603315240998
AT1G07705	1.69528790566778
AT2G32410	1.69522490809736
AT3G54760	1.6949465618932
AT3G55140	1.69418189357417
AT3G11850	1.6933115974351
AT4G34840	1.6931378741642
AT4G25950	1.69298716110609
AT3G66654	1.69224282707006
AT5G38460	1.69196575985938
AT2G41050	1.69144212470274
AT4G19110	1.69143762196224
AT3G53680	1.69027225057888
AT5G13610	1.69022746036121
AT4G34750	1.68911153214047
AT3G06180	1.68906699698846
AT1G28765	1.68869103259416
AT2G01150	1.68809051474573
AT4G02550	1.68776994187502
AT1G74470	1.68745581578766
AT5G56030	1.68688791731499
AT1G14450	1.68644427889662
AT2G37460	1.68639649857459
AT5G18060	1.68635878492221
AT4G19600	1.68536207024694
AT4G34540	1.68380796935669
AT1G23330	1.68252190218712
AT3G55380	1.68236388912547
AT1G31870	1.67929624489616
AT2G21410	1.67908235733836
AT3G26420	1.6773791059322
AT3G05480	1.67574376196462
AT1G26330	1.67417341502752
AT5G04980	1.67349042134602
AT5G08180	1.67324194929605
AT5G38240	1.67160540184333
AT2G01470	1.66913213843169
AT5G22950	1.66885679868671
AT5G56010	1.66883842151934
AT4G00340	1.66753477222312
AT4G26620	1.6667680391517
AT2G19730	1.66640424388432
AT5G41340	1.66606093071233
AT2G25210	1.66414760448379
AT3G03900	1.66381626988993
AT5G16140	1.66352901013697
AT2G11890	1.66294908649638
AT2G37860	1.66278609016522
AT2G03140	1.66215793670514
AT4G32210	1.66181799904748
AT4G10750	1.66103272442447
AT1G16900	1.65963678694147
AT4G11980	1.65918501395555
AT5G49010	1.65906660061786
AT5G22760	1.65901474041136
AT3G11964	1.65892189791859
AT2G29900	1.65825661647079
AT1G55820	1.65727666303719
AT2G17820	1.6555551737974
AT3G01360	1.65534120419655
AT4G34190	1.65506514029662
AT2G20815	1.65470551034094
AT4G16144	1.65427873675324
AT2G19680	1.6540626311192
AT2G27530	1.65286409743398
AT1G68730	1.65225867705281
AT1G21110	1.6517497324239
AT5G13260	1.65093092500367
AT5G01220	1.65059578209097
AT5G05420	1.64810590382142
AT4G29540	1.64782466589746
AT4G02570	1.64713011864085
AT5G20170	1.64704788075933
AT1G67180	1.64685144037906
AT1G05360	1.64619655803708
AT1G76810	1.64549331761892
AT4G15730	1.64467428415819
AT5G02950	1.64391659979258
AT2G02480	1.64223547466369
AT2G29070	1.64192646672943
AT1G45231	1.64185978941426
AT1G69910	1.64157149404313
AT1G73880	1.63989710558671
AT1G67570	1.63920359021122
AT4G26670	1.63868053106506
AT5G27770	1.63864631407328
AT5G03430	1.63844904268982
AT4G32360	1.63834769368571
AT3G46990	1.63785810705855
AT4G31985	1.63775159223326
AT3G06410	1.63584820113231
AT1G50940	1.63445742402747
AT4G01450	1.63442216982282
AT2G13820	1.63439300715793
AT4G03180	1.63436912846832
AT1G48880	1.6342246941613
AT1G13160	1.63253255243872
AT5G15581	1.63240718243988
AT5G05960	1.63236589861863
AT5G51220	1.6313493122792
AT5G57140	1.63036195505597
AT4G08350	1.6296754570136
AT3G66658	1.62796425302117
AT1G10130	1.6273259014258
AT4G00165	1.62432848847467
AT1G68550	1.62319466430151
AT1G79260	1.62308235475744
AT4G13550	1.62249573786913
AT5G03370	1.62184079254398
AT5G40760	1.62180771132105
AT3G10570	1.6192565460037
AT5G03990	1.61909732550908
AT1G21680	1.61847587438837
AT5G17910	1.61802926507865
AT3G61610	1.61777790832623
AT5G25150	1.61764058573453
AT3G19010	1.61743268341392
AT5G15490	1.61612047184942
AT2G01720	1.61602995103373
AT3G09250	1.61544464473379
AT5G35480	1.61453291794381
AT5G62910	1.61430131063629
AT3G15358	1.61412939174573
AT5G12130	1.61376581714555
AT3G04240	1.61372636362204
AT5G06420	1.61320320207249
AT5G21040	1.61178818523069
AT3G26090	1.61175744704003
AT4G14880	1.61147539390795
AT2G19130	1.61099881856321
AT3G09360	1.61077063973576
AT2G43080	1.6107687573658
AT4G35450	1.60921465285515
AT5G23740	1.60895763039135
AT3G47120	1.60837870979317
AT5G15740	1.60835389298498
AT3G10070	1.60692914928117
AT5G10370	1.60537183706687
AT1G53860	1.60472093259046
AT1G04990	1.60356198413247
AT2G37680	1.60288414350726
AT4G10810	1.60256811321283
AT5G45760	1.60234699622815
AT1G17350	1.6011724729665
AT1G07020	1.60081035397475
AT5G66120	1.60043590438786
AT4G14910	1.60019491019302
AT1G59600	1.60008726297616
AT4G25210	1.59935145288513
AT5G19050	1.59889443611092
AT1G64620	1.5988716330693
AT3G22430	1.5986010233318
AT4G15620	1.59845126072171
AT5G60450	1.59739777281658
AT1G66350	1.5950884383582
AT1G30860	1.59501393580975
AT4G35760	1.59483467833823
AT2G02060	1.59481829264794
AT1G13330	1.59310467757444
AT2G11520	1.59274170711888
AT5G07960	1.59099846873886
AT5G02600	1.5898702719914
AT1G75670	1.58981440550313
AT2G14560	1.58937033909798
AT5G50410	1.58926063573086
AT1G74850	1.58864984699296
AT3G10530	1.58772020853674
AT5G12190	1.58748768312612
AT2G15820	1.58715839652538
AT2G44670	1.58700560144383
AT3G27750	1.58546980304121
AT4G24026	1.58423049196258
AT1G13260	1.58286149285709
AT5G45330	1.58262707418414
AT3G20120	1.58256059032519
AT2G32210	1.58221802078373
AT4G32460	1.58147124161359
AT4G17410	1.58137307842823
AT4G13520	1.58079225831188
AT5G57880	1.57946350704479
AT4G19650	1.57803537684237
AT3G51460	1.57667003331004
AT4G01900	1.57602916346873
AT4G10330	1.57527617261278
AT2G37990	1.57429424720381
AT1G36180	1.57416427434389
AT1G23750	1.57381647580978
AT4G26070	1.57341501974186
AT3G29075	1.57286899608709
AT1G03365	1.57277417710246
AT2G22120	1.57252794807985
AT4G21280	1.57173436104416
AT3G25545	1.57015618395858
AT1G01210	1.56959358777125
AT5G07300	1.56956552182977
AT3G20600	1.56713265670325
AT2G20490	1.56698450689102
AT1G08770	1.56541964259264
AT3G24495	1.56534464529364
AT4G21160	1.56386643649374
AT4G38130	1.56356848563772
AT5G13500	1.56037239005917
AT3G52115	1.55909006279068
AT4G02330	1.55643811755099
AT3G59410	1.55614813133063
AT4G24790	1.55568075605145
AT1G21150	1.55531921346215
AT3G02530	1.55502789837536
AT5G64480	1.5527666007994
AT2G33585	1.55243268899715
AT3G59800	1.55182972046769
AT2G40765	1.55061254706864
AT1G28310	1.55028127485624
AT1G53120	1.55027724757585
AT4G09980	1.55017279851871
AT5G57350	1.54999804359443
AT3G14400	1.54954814266537
AT3G26115	1.54943221011672
AT5G39590	1.54891249022386
AT4G17940	1.54777403523039
AT5G38770	1.54668325346777
AT1G56345	1.54621522796735
AT5G13880	1.54586830344975
AT1G10840	1.54493842640563
AT1G59700	1.54481554454705
AT3G61590	1.54405029848587
AT4G23310	1.54333254398334
AT3G30180	1.54302328789515
AT1G07990	1.54248299865733
AT5G44580	1.54235871631099
AT1G07440	1.54225722062888
AT2G16790	1.54165817476013
AT2G41070	1.54117886519162
AT3G12130	1.54001393711149
AT3G16010	1.53912339914329
AT3G13570	1.53871559574907
AT1G36310	1.53783653148898
AT4G07390	1.53709888206248
AT3G12550	1.53706292196778
AT4G14120	1.53683461556566
AT4G20330	1.53450858068986
AT1G55205	1.53436165965986
AT2G39740	1.53342493158556
AT1G20580	1.53260222116366
AT5G04830	1.532548265544
AT4G36790	1.53243265083477
AT2G44440	1.53233235569985
AT2G47250	1.5319907695448
AT1G33340	1.53188796521819
AT2G40510	1.53180520842898
AT1G78210	1.53001764650504
AT5G16790	1.52901770305243
AT3G12980	1.52876504754023
AT5G08190	1.52858373183385
AT4G35890	1.52853664185404
AT3G06010	1.52796831428786
AT5G66310	1.52504892111177
AT3G07570	1.52477302979149
AT4G01690	1.52458629198754
AT3G58660	1.52451534968312
AT2G32640	1.52395102110206
AT1G01190	1.52171844081558
AT2G35120	1.52038628255574
AT5G66610	1.51952099289031
AT3G02180	1.51918301114307
AT2G22400	1.51885714831105
AT1G74700	1.51880324614752
AT5G08740	1.51837777254172
AT1G51070	1.51758118492916
AT5G14030	1.51726384588729
AT5G45600	1.51689160418767
AT1G12270	1.51673173164658
AT3G10970	1.51614207012363
AT3G16110	1.51598804930705
AT2G43720	1.51524928187679
AT1G59740	1.51486701863503
AT5G15460	1.51373446089017
AT5G40930	1.51348294806177
AT4G28755	1.51282443845718
AT3G59540	1.51231376860961
AT4G33580	1.5108629279612
AT2G23430	1.51073009693587
AT4G24160	1.51067765948314
AT5G24530	1.51036546502556
AT3G04650	1.51035415261984
AT4G12750	1.51029351526247
AT4G37670	1.50991014313504
AT2G45730	1.50910054987364
AT5G12390	1.50895374783317
AT4G11370	1.50886554967996
AT4G13530	1.50867690765662
AT5G59650	1.50856240834664
AT4G11670	1.50836552756247
AT5G54160	1.50824962513309
AT1G29310	1.50769587333059
AT3G01640	1.50664027763556
AT2G34250	1.50647969230229
AT1G55520	1.5059588851594
AT5G53540	1.50522744068123
AT1G55460	1.50383046281815
AT5G58020	1.50354092795904
AT5G09440	1.50246887599545
AT2G40800	1.50181748015324
AT3G23430	1.50102129090631
AT5G62600	1.50058617678853
AT3G28960	1.49861853573677
AT5G42670	1.49797035930401
AT5G09650	1.49792930504704
AT5G17523	1.49779545859281
AT3G48280	1.49772209917406
AT5G44180	1.49670885918039
AT4G39330	1.4966921701662
AT5G20165	1.49578570934057
AT2G01590	1.49566512220985
AT3G19740	1.49504877127498
AT2G36170	1.49467047496595
AT4G28050	1.49455754330017
AT5G01770	1.49443813806694
AT5G08720	1.49432913559424
AT4G14410	1.49321537480082
AT4G26980	1.49316090726798
AT5G19280	1.49301697999995
AT1G69380	1.49255026838836
AT5G64350	1.49248956360128
AT1G16515	1.4922421905275
AT4G29860	1.49167723983291
AT5G54840	1.49086134593209
AT1G20110	1.49078787245548
AT1G05270	1.49033931973523
AT1G58080	1.49022602121008
AT4G31490	1.49008373024644
AT5G45790	1.48980953807438
AT5G46710	1.48928523788056
AT4G04925	1.48866498121934
AT4G21430	1.48815511019458
AT2G31580	1.48742644285941
AT4G31350	1.48668477907659
AT2G20840	1.48667303815246
AT5G08480	1.48566828945156
AT3G04290	1.48512293542181
AT3G13230	1.48504980603236
AT5G47400	1.48494680132812
AT4G14520	1.48469186521013
AT5G27720	1.48174162917702
AT1G71440	1.4806732423335
AT4G00310	1.47983710846759
AT1G32730	1.47879895983706
AT5G18250	1.47811231218047
AT2G04550	1.47796021241556
AT3G49510	1.47775349186581
AT2G46520	1.47739711437825
AT2G26140	1.47726946502688
AT3G50040	1.47691229236073
AT3G26000	1.47619614055892
AT1G62930	1.47603373563473
AT4G29660	1.47587245372028
AT2G21280	1.47528824802088
AT5G13660	1.47492952926875
AT1G64140	1.47452993451291
AT4G28610	1.47291108985553
AT5G57990	1.47206346707134
AT3G58900	1.47141371294535
AT4G34060	1.47028396254428
AT5G11240	1.47024574930394
AT2G19600	1.4700596171627
AT5G37380	1.46950390090269
AT1G16700	1.46810452295345
AT1G74340	1.46767035146103
AT4G35940	1.46764056195698
AT5G02290	1.46761828984284
AT4G11800	1.46761572625382
AT3G60640	1.46729099268048
AT5G48655	1.4670174606079
AT2G30110	1.46700646778213
AT1G19690	1.46552247683175
AT5G16630	1.46308445210067
AT4G26630	1.46275512488345
AT4G31160	1.4624644584173
AT3G54660	1.46159817627435
AT1G04985	1.46145563138739
AT2G18040	1.46119915039668
AT1G69680	1.46068273126172
AT1G14660	1.45935359028532
AT1G59560	1.4588457883463
AT1G67630	1.45668030722718
AT1G67865	1.45619270292603
AT1G72790	1.45595854496995
AT1G67420	1.45505277552881
AT1G26630	1.45457160282886
AT5G51110	1.45413941451487
AT1G76200	1.45304190524657
AT4G27760	1.45197226999919
AT5G33280	1.45169993186071
AT1G77440	1.44999491368271
AT1G75400	1.44928077746797
AT3G15355	1.44885508712492
AT5G40440	1.44736099000657
AT5G54880	1.44731163516871
AT1G01660	1.44726765833963
AT2G47690	1.44714287032138
AT2G17580	1.4470958926765
AT1G80530	1.44653879656757
AT1G19520	1.44640903108211
AT3G06630	1.44601817359197
AT3G52240	1.4457649435848
AT1G30120	1.44338989496212
AT1G47240	1.44313732227369
AT5G19570	1.44305412924464
AT3G11730	1.44281224417922
AT3G46220	1.44150569669414
AT1G67920	1.44141523132473
AT2G03505	1.44118955221796
AT3G04910	1.44055031585788
AT4G20940	1.44050990987422
AT5G06440	1.44032358837341
AT3G16560	1.44020704964127
AT5G67570	1.4396417784513
AT5G09900	1.43928600082003
AT5G43320	1.4390824061693
AT2G29700	1.43781663765853
AT2G39445	1.43754948085875
AT1G77350	1.43711778171812
AT5G20910	1.4360522281225
AT1G76190	1.43530213454692
AT5G23390	1.43518424904223
AT1G10310	1.43507413166571
AT5G56350	1.43430653481117
AT3G03340	1.43392514898902
AT2G36010	1.4334781300352
AT1G31860	1.43306306359056
AT1G29120	1.43145205566525
AT3G04030	1.43085229618056
AT5G02650	1.43072987828352
AT1G08845	1.43015569798956
AT1G52830	1.42956624610771
AT3G54130	1.42941143961483
AT4G39920	1.42904792482478
AT1G60950	1.42877203889918
AT3G58820	1.42848020434029
AT4G37190	1.42712367265333
AT4G27470	1.42690207326344
AT1G48850	1.42665521613597
AT3G45090	1.42563288902817
AT1G08165	1.42411706634814
AT2G28560	1.42258059433047
AT5G64200	1.42067325688008
AT1G77550	1.41959299781823
AT5G18420	1.41954513257305
AT5G12250	1.41898087368943
AT1G80190	1.41822157765416
AT5G17700	1.41804714957592
AT4G21700	1.41750674858808
AT5G63110	1.41733950493656
AT3G60740	1.41720202659101
AT1G50270	1.41677447287415
AT2G03330	1.4167688594581
AT2G45190	1.41651479778753
AT1G01690	1.41648034636391
AT2G24640	1.41593534993444
AT3G61800	1.41589469679843
AT4G24490	1.41584872372595
AT3G16785	1.41568885601825
AT1G78940	1.41453823055703
AT5G18020	1.41141102996093
AT3G15353	1.41007615535133
AT4G14320	1.40991967664591
AT5G44290	1.40930804163335
AT1G53870	1.40890890048937
AT2G03430	1.40815807096742
AT3G50690	1.40756370401713
AT1G32410	1.40695877214633
AT5G04480	1.40370043435129
AT4G23840	1.40288186598464
AT3G12530	1.40287098123796
AT3G29280	1.40054897228404
AT2G22480	1.39755519320834
AT1G29630	1.39747331694885
AT1G08220	1.39682740428371
AT1G05460	1.39637962484091
AT4G08290	1.39622850970939
AT3G07440	1.3961647825302
AT4G34480	1.39611059980443
AT4G37760	1.39553195683477
AT4G16890	1.3952976606163
AT1G80940	1.39420384495821
AT4G16800	1.39396347167413
AT2G44580	1.39378966458126
AT1G24180	1.39348305782372
AT1G11880	1.39298608811331
AT5G56680	1.39185519730989
AT4G29870	1.39080538856875
AT5G10870	1.39050569332106
AT1G44800	1.39018628681611
AT2G17800	1.39000907377567
AT5G13450	1.38973884345779
AT4G21150	1.38756315515854
AT3G03770	1.38662383227316
AT1G33420	1.38616001496174
AT3G04780	1.38458266072657
AT5G14210	1.38414948003943
AT5G10960	1.38403594980994
AT3G63460	1.38355977954106
AT4G33250	1.38342181732829
AT1G62680	1.3831096551064
AT3G21110	1.38254481841718
AT1G18580	1.38150841400033
AT5G62920	1.3807506861032
AT1G16430	1.37966476338401
AT1G68310	1.37955711935644
AT3G55200	1.37825124679551
AT5G18440	1.37773783946493
AT5G61580	1.3777296403895
AT3G21055	1.375989258589
AT1G66530	1.37582917913628
AT4G14455	1.37510298442038
AT5G25480	1.37474943331208
AT4G16760	1.37433357457705
AT2G14110	1.3729178271012
AT3G63130	1.37183101090208
AT4G30980	1.37167370785618
AT4G15680	1.37092520573054
AT2G39500	1.37082913218495
AT4G00760	1.37037266999817
AT4G09520	1.3686473614237
AT3G02560	1.36815939385247
AT3G12860	1.36760925061932
AT4G29480	1.3663192357374
AT1G63420	1.36620761073207
AT1G36390	1.36497443584543
AT4G16444	1.36439825655562
AT2G37678	1.36439616835539
AT3G45400	1.36396821741624
AT1G07870	1.3630541749734
AT5G04930	1.36301564976284
AT5G08260	1.36218512316248
AT1G17280	1.36200562084736
AT1G49760	1.36182271884079
AT3G61620	1.36127614922572
AT1G80460	1.36088738120905
AT2G45460	1.36061265802041
AT5G13800	1.36004174608879
AT4G09550	1.35887653238901
AT2G36370	1.35877766243618
AT4G30010	1.35786048288773
AT4G22305	1.35775120333549
AT1G61065	1.35729482701749
AT1G20225	1.35708351969444
AT4G10590	1.35594741625962
AT5G59970	1.35551687748186
AT4G20720	1.35539320680369
AT2G46290	1.35425248067334
AT5G39250	1.35373604735033
AT1G04430	1.35237426165163
AT3G13857	1.35161164489011
AT5G16560	1.35149009941638
AT5G11980	1.35135517171841
AT5G46620	1.35107983763068
AT1G73230	1.35099273106637
AT5G67520	1.35079307341396
AT3G59360	1.35077439046796
AT5G49555	1.35061870747489
AT4G03430	1.35060811004524
AT5G56760	1.35053050459398
AT3G45050	1.34995180321299
AT1G32127	1.34962824103118
AT3G57290	1.34944546342745
AT5G53330	1.34939727040688
AT5G53090	1.34939247575754
AT1G30450	1.34920540469481
AT3G26932	1.34900754198593
AT2G25080	1.34737436954681
AT5G18900	1.34704813877286
AT1G19710	1.34617884036793
AT2G32600	1.34604558095141
AT4G39380	1.3451613161241
AT3G51150	1.34347401333913
AT1G29320	1.34253428571508
AT1G09830	1.34167252585459
AT5G05620	1.3412860260019
AT2G20440	1.33986389541568
AT1G25260	1.33894952707596
AT1G21140	1.33695932837345
AT4G10760	1.33558020641393
AT3G20100	1.33428844938091
AT5G66100	1.33406160490222
AT1G14460	1.33395531224626
AT5G35170	1.33232708236164
AT1G05090	1.33002730334532
AT2G24420	1.32954705826501
AT5G66560	1.32930375320262
AT5G60410	1.32740262079967
AT1G36940	1.3271113083433
AT3G03840	1.32627326110123
AT3G48550	1.32589153989359
AT5G16070	1.32432084183384
AT3G28920	1.32412597654766
AT3G61350	1.3235351845913
AT1G19950	1.32131005562029
AT3G07400	1.32103679395501
AT2G17190	1.32084437455744
AT4G10050	1.32068178116994
AT4G21110	1.32032648199097
AT5G05210	1.32002617050027
AT4G39955	1.31996235437692
AT3G62450	1.3193102001953
AT5G62640	1.31880531977775
AT3G10405	1.31544517349977
AT4G29740	1.31523738210013
AT3G44370	1.31434604244082
AT5G34930	1.31410410389438
AT3G05830	1.31372265602132
AT3G45650	1.31333021964214
AT1G65950	1.31274449697666
AT4G28980	1.31234368834715
AT3G26950	1.3119458231614
AT4G27620	1.31152493236043
AT2G36480	1.31120806524688
AT5G01881	1.31093743708962
AT4G01570	1.31056339739678
AT4G21720	1.31044701193704
AT4G28350	1.30922114576232
AT5G14480	1.30891305165452
AT2G41430	1.30836112055873
AT5G47890	1.30815132555405
AT5G17380	1.30661231008969
AT1G67490	1.30652486833135
AT1G26160	1.30553164712941
AT5G53930	1.30550150603949
AT3G46430	1.30447394249
AT3G57650	1.3036900515546
AT2G35010	1.30261420324313
AT5G25580	1.30079959378755
AT2G24390	1.30074153424879
AT3G07770	1.30046820198831
AT5G25080	1.2998338573394
AT3G26850	1.29978477111324
AT1G52310	1.29945739066851
AT3G48140	1.29834394556743
AT5G23140	1.29796333827948
AT1G66070	1.29751344041793
AT5G17550	1.29641272366061
AT3G13226	1.2956479813827
AT5G38470	1.2951734104756
AT3G26370	1.2941074091822
AT2G29200	1.29340876611873
AT3G56450	1.29322664498225
AT2G18510	1.29319449767706
AT3G61415	1.29215176351995
AT2G35780	1.2918002103841
AT1G68680	1.29172696260194
AT3G11745	1.29152521222955
AT3G12180	1.2896920705067
AT5G04260	1.28930925922757
AT3G03320	1.28910133401639
AT1G16825	1.28878625292612
AT1G17760	1.28744389396684
AT1G10820	1.28729027058449
AT2G43945	1.2863975737225
AT4G20300	1.28534038372219
AT5G51180	1.28482294738482
AT5G46400	1.28480864211781
AT3G17970	1.28431993185067
AT2G43190	1.28380597302871
AT3G06530	1.28346687707433
AT2G29525	1.28334971971672
AT5G40060	1.28326022963061
AT1G63430	1.282533076172
AT1G73170	1.2820575309675
AT3G23610	1.2815530956687
AT1G54320	1.28114722101248
AT4G02195	1.27876253982672
AT3G28900	1.27850098510902
AT3G21510	1.2779376937761
AT1G17940	1.27747859239101
AT5G50420	1.27587637637532
AT3G46180	1.27515625566575
AT5G18750	1.27504836726763
AT3G59970	1.27489901933169
AT2G33470	1.27481417155988
AT1G26470	1.27479386658822
AT1G59860	1.2745453305033
AT3G05270	1.27370076495352
AT1G78580	1.2730203479228
AT2G24070	1.27282623470802
AT3G26840	1.27235784105692
AT1G52155	1.27204353344116
AT5G56670	1.2718114063103
AT5G15240	1.27113130412455
AT1G74690	1.27073932284446
AT1G10095	1.27059442146268
AT1G65260	1.27051849196926
AT1G30620	1.2695309891222
AT4G12430	1.26733424592254
AT1G76270	1.26704342828477
AT2G23080	1.26704237698817
AT2G35360	1.26552074848396
AT2G33120	1.26468645774547
AT5G19460	1.26459664376707
AT3G18350	1.26437791264729
AT4G02900	1.2643337819985
AT2G13960	1.26345962080579
AT1G33490	1.26333751477044
AT5G42300	1.26291050206286
AT1G77060	1.26280897590572
AT4G24972	1.26223433689953
AT4G32285	1.26200311436796
AT2G35940	1.2617879108558
AT3G19990	1.26178357342038
AT3G50620	1.26069930238856
AT5G07020	1.26060313666822
AT3G07950	1.2598840586576
AT1G76580	1.25733218685356
AT5G20830	1.25705818908987
AT3G58560	1.25607092459495
AT4G02350	1.25536063575498
AT2G02800	1.25511097516117
AT4G38900	1.25490298256297
AT1G63130	1.25396861537122
AT5G04360	1.25383566554033
AT3G01820	1.25353032713874
AT3G23100	1.25336801471785
AT1G32940	1.25317346442959
AT1G24490	1.25231267764531
AT4G15690	1.25177798581479
AT4G00170	1.25170100935388
AT3G07910	1.25162317816105
AT3G11290	1.25054270329335
AT3G17090	1.25035118780948
AT1G03680	1.25032297666103
AT5G63970	1.24957740125705
AT1G61150	1.24894810373683
AT1G19740	1.24808688605469
AT5G63640	1.24807057541056
AT5G43450	1.24784351921396
AT4G16210	1.24693074705835
AT5G23310	1.24679517026847
AT4G36960	1.2467565212239
AT5G23870	1.24616107246061
AT5G38660	1.24508204053532
AT4G21060	1.24443049413077
AT1G20020	1.24435812417908
AT3G28970	1.24386987126676
AT5G67530	1.24371982513784
AT1G03330	1.24295871410514
AT3G27310	1.24260290540512
AT5G01310	1.2420686063399
AT1G73430	1.24136464656482
AT3G59990	1.23978224918275
AT2G42740	1.23827510867432
AT5G57815	1.23786325834377
AT3G58750	1.23766160031879
AT3G44620	1.23731022827482
AT5G16690	1.23724214828093
AT1G61000	1.23717185291274
AT2G39420	1.23668407122494
AT5G58060	1.23492259062747
AT1G09770	1.23405992755653
AT1G13940	1.23401996077955
AT1G62020	1.23350472631026
AT2G21230	1.23316274160554
AT5G56610	1.23263197626542
AT4G11790	1.2325384421814
AT5G62790	1.23218327091423
AT4G19190	1.23209088461656
AT3G06540	1.23164551097255
AT4G39540	1.23031908269582
AT1G10490	1.22964114136248
AT3G57200	1.22886862182914
AT2G43260	1.22836666215174
AT1G02470	1.22790083094347
AT1G60690	1.22750910549103
AT1G24267	1.22579539095759
AT4G22910	1.2253242610479
AT1G29590	1.22432011537726
AT4G02070	1.22416552833534
AT4G32590	1.22414103763293
AT5G59770	1.22413752533518
AT3G50685	1.22371267242402
AT1G49950	1.22229648596808
AT3G55120	1.22154339657105
AT3G52030	1.2206012386329
AT3G08880	1.2202970212006
AT3G15980	1.21968023946617
AT1G75990	1.21956250983379
AT5G54100	1.2192079839905
AT5G47710	1.21828723817157
AT1G23400	1.21825615972567
AT5G06180	1.2182464065958
AT3G53370	1.21816248662335
AT4G38510	1.21733712955773
AT4G33090	1.21713812897032
AT5G65685	1.21651462366083
AT2G46980	1.21650981783108
AT1G48900	1.21513152493021
AT4G25020	1.21468408542077
AT3G24170	1.21443535401092
AT1G55280	1.21411549969866
AT4G14210	1.21292106750395
AT4G19900	1.21278761655199
AT4G15880	1.21263403361297
AT5G57567	1.21261754369286
AT5G18780	1.21253789404635
AT5G62960	1.20863223216517
AT4G36420	1.20857380848864
AT3G28760	1.20802644670153
AT2G35260	1.2068329900043
AT5G47760	1.205062201239
AT4G19710	1.20479373011251
AT4G32200	1.20466498771411
AT3G24200	1.202254434332
AT4G27240	1.20179280290684
AT3G08670	1.2015195286746
AT3G12260	1.20037464768605
AT4G30480	1.19955484622434
AT3G57810	1.19883969154811
AT3G09970	1.19593183732029
AT5G21990	1.19558755101318
AT1G77540	1.19532172471996
AT5G12240	1.19526231084021
AT2G22720	1.19412455014865
AT1G13770	1.19398688238128
AT1G55750	1.19269643382436
AT2G04410	1.19226419797054
AT2G33220	1.19081651695327
AT1G03360	1.19023242203141
AT2G18060	1.18964079518571
AT1G07390	1.18844711486441
AT5G09850	1.18806869023052
AT1G05055	1.18757067538285
AT5G47700	1.18650068938763
AT3G14050	1.18633875726151
AT2G40820	1.18523854276967
AT2G01110	1.18493149088949
AT4G07950	1.18464761565854
AT4G32720	1.18368027335024
AT5G64020	1.18352048950316
AT2G16090	1.18341690493039
AT4G31060	1.1831773399398
AT2G44850	1.1825056809922
AT5G01750	1.18241225933903
AT2G20010	1.18161865086142
AT2G02980	1.17979300268894
AT1G76940	1.17916772652237
AT3G51830	1.17876270529686
AT3G53520	1.17871494218871
AT1G56310	1.17837211869455
AT2G41530	1.17824965696263
AT3G18270	1.17809115986281
AT4G11260	1.1779610898689
AT5G53650	1.17745434385995
AT1G27400	1.17665937616264
AT5G14280	1.17627154820372
AT1G76120	1.17567107151418
AT5G07320	1.17413266665842
AT1G43580	1.17383181777531
AT3G62800	1.1728866294245
AT5G08790	1.17282369663549
AT5G49890	1.17208596580449
AT2G47990	1.1720363514222
AT5G41700	1.1718362577388
AT2G39750	1.17146628120988
AT1G15970	1.17090444112281
AT3G22810	1.17073579268438
AT4G13540	1.17035821326608
AT1G74270	1.16957828981955
AT4G14960	1.16925429841699
AT3G15810	1.16923990041416
AT1G17160	1.16874434589172
AT4G18950	1.16818732831237
AT1G34360	1.16792760131313
AT5G02890	1.1678163169279
AT5G04510	1.16679447965559
AT3G62140	1.1661293724658
AT3G54790	1.16584989069363
AT3G06170	1.16583855187639
AT1G69960	1.16517940745182
AT1G78960	1.16451713843497
AT4G39300	1.16419235986884
AT1G13820	1.16387138547256
AT5G60190	1.163586050102
AT5G02800	1.162860615834
AT2G18950	1.16269857506233
AT3G30390	1.16194096007544
AT1G63700	1.16178405744904
AT4G10150	1.16137587863929
AT2G26695	1.16127343679821
AT2G47090	1.15997296461264
AT4G38200	1.15994540646428
AT5G56210	1.15977889908839
AT1G34770	1.15973849012953
AT3G51580	1.15800000280823
AT5G66540	1.15691265142747
AT1G24530	1.15623169699778
AT4G13050	1.15608424236993
AT4G15410	1.15590472690444
AT5G50850	1.15468116246722
AT2G42450	1.15384540910491
AT4G22310	1.15356352931521
AT3G51310	1.1526265681808
AT1G50950	1.15250923607303
AT1G08260	1.15205551487387
AT5G62740	1.15144865933638
AT1G23800	1.15137977927803
AT1G11410	1.15121380480084
AT1G22700	1.1511079851576
AT1G56500	1.15062377673673
AT5G11680	1.15034940062872
AT3G53190	1.14895760467679
AT1G28060	1.14837981025698
AT5G53590	1.14816878576591
AT5G50930	1.14816715944314
AT1G32150	1.14752350854876
AT3G18773	1.14726758566771
AT1G42440	1.1464368663098
AT4G26640	1.14484062792587
AT2G34620	1.14458229339876
AT2G43465	1.14426377198035
AT5G26790	1.14424516614982
AT4G10790	1.14423496995564
AT4G24420	1.14407014506585
AT1G23440	1.14271068251076
AT2G24170	1.14116232979992
AT5G06910	1.14007884741641
AT1G64840	1.13918949194602
AT2G26550	1.13874428380511
AT3G50845	1.13802834800479
AT3G51300	1.13791711581894
AT5G14370	1.13652984094265
AT4G20440	1.13630185993672
AT5G13160	1.13621646988907
AT4G11175	1.13541913805788
AT1G16540	1.13480669050878
AT1G12900	1.13342705519895
AT5G62020	1.13290889265136
AT1G61850	1.13253174309994
AT3G14910	1.13244638841342
AT5G18630	1.13242805261892
AT3G12670	1.13138377828063
AT1G01225	1.13062434545451
AT3G56330	1.13053285777664
AT1G77300	1.13031012626219
AT5G41950	1.13002140758924
AT1G13080	1.12934915452271
AT5G51450	1.12932127538252
AT3G09910	1.12914244306209
AT5G27850	1.12742126900846
AT5G13030	1.12742098831355
AT5G16120	1.12600356156769
AT1G68190	1.12572395510102
AT3G11940	1.1242335853111
AT3G47070	1.12396568444641
AT1G50110	1.12360495837009
AT5G58030	1.12336641250329
AT3G16810	1.12303057204801
AT2G28210	1.12242927945708
AT2G43180	1.12236208576214
AT1G76140	1.12104123755583
AT1G79710	1.12067642172113
AT1G11680	1.11999501765091
AT4G25730	1.11972659189207
AT3G54020	1.11902674592244
AT2G44090	1.1185230995728
AT1G31940	1.11804623477804
AT4G30810	1.11730379092666
AT2G32070	1.11727049067628
AT2G28830	1.11703955405591
AT1G34120	1.11639285280983
AT5G66970	1.11562102046876
AT2G27680	1.1155768910349
AT5G08520	1.11531336765503
AT4G32890	1.11530174064594
AT3G23830	1.11470315372946
AT5G63540	1.11449761674853
AT3G15580	1.11448021523748
AT1G67250	1.114393729665
AT4G18130	1.11341007943979
AT1G32500	1.11305436660408
AT5G18700	1.11224044069129
AT1G25220	1.11187447425895
AT3G14450	1.11179853854033
AT5G55290	1.11148859797939
AT1G26120	1.1112156238678
AT1G05940	1.11040182626943
AT5G60340	1.10974167449723
AT2G39960	1.10974023778276
AT4G19040	1.10970208133603
AT3G25430	1.10959052990806
AT2G24220	1.10932919129576
AT5G19670	1.10899406634656
AT1G60220	1.10788581066675
AT5G15700	1.10775564437178
AT3G48880	1.10753068918321
AT5G23320	1.10725558763616
AT4G39660	1.1066340985235
AT1G75690	1.1066097850466
AT3G21540	1.10643306448659
AT3G11890	1.10632371691916
AT5G04320	1.10513280506029
AT5G18040	1.10510497211275
AT3G46200	1.10436202976088
AT2G22910	1.10405705607113
AT3G49940	1.10341035384874
AT4G11380	1.1034054851445
AT1G02260	1.10224308047414
AT3G10650	1.101601796963
AT3G52420	1.10157789564687
AT3G03740	1.10050534772425
AT3G27470	1.10045652263279
AT5G41480	1.09976537321985
AT4G35490	1.09891055950158
AT1G08970	1.09861389031732
AT5G24580	1.09845405415234
AT2G28310	1.09789544276091
AT2G29530	1.09767718877588
AT2G02970	1.09762459710346
AT1G06010	1.09761586269848
AT5G63770	1.0973711796989
AT1G51560	1.09663018045375
AT2G44680	1.09654619784674
AT2G37620	1.096100250834
AT4G25680	1.09436100847923
AT3G05000	1.09356448555134
AT3G04080	1.09336544104797
AT5G18070	1.0926976563367
AT1G29980	1.09246999715031
AT5G15010	1.09246116693718
AT2G26060	1.09165532785887
AT1G17450	1.09146408584851
AT5G27560	1.09027948215739
AT5G12150	1.0902250742752
AT1G50670	1.08971961330409
AT5G62570	1.08959850310299
AT2G31305	1.08859392335978
AT3G55220	1.08708667190845
AT1G23280	1.08698448619738
AT1G22840	1.08632326533002
AT3G19080	1.08542394925711
AT5G42980	1.08523545062846
AT3G28850	1.0850074816814
AT1G18840	1.08431961824036
AT4G24930	1.08242117344673
AT4G25840	1.08111961998347
AT1G03930	1.08020277802004
AT2G26670	1.07980713438357
AT5G65290	1.07963576190594
AT1G23290	1.0794292980166
AT2G25280	1.07621266049549
AT2G35035	1.07455132724854
AT5G52040	1.07414912553031
AT4G00550	1.07369255017018
AT3G60720	1.07354557033616
AT4G18375	1.07353701379144
AT5G37020	1.07297588824044
AT1G54773	1.0728745415163
AT1G22970	1.07249341406116
AT5G42520	1.07103455475149
AT1G31220	1.06946770817639
AT1G14890	1.06882344722418
AT5G35200	1.06860729585131
AT2G24860	1.06792091593605
AT4G16450	1.06790109809199
AT2G44280	1.06780872691823
AT1G18460	1.06768190553525
AT2G27285	1.06665390052768
AT5G12040	1.06649112072847
AT4G37750	1.06625414975724
AT5G66050	1.06621301627465
AT5G13920	1.06620564383612
AT2G24645	1.06546098627001
AT3G51650	1.06543819349682
AT5G67140	1.0652270548136
AT5G38840	1.06484960611403
AT5G02040	1.06483274545511
AT2G32870	1.06254384773286
AT3G60050	1.06208512134998
AT5G20070	1.06129929947626
AT2G15730	1.06041310968812
AT2G43310	1.0602384651247
AT1G06430	1.05960064955293
AT2G44760	1.0587936369408
AT3G05590	1.05877390963083
AT5G43810	1.05831423377163
AT2G04880	1.0575349243711
AT3G19170	1.05718610624941
AT3G58840	1.0571235547431
AT4G17950	1.05692321534958
AT4G18890	1.05667405822135
AT1G08810	1.05653660497902
AT4G31300	1.05552421078097
AT2G21630	1.05434067243504
AT2G15080	1.0539537625525
AT2G15960	1.05353267298731
AT3G22470	1.05343007956456
AT1G08710	1.05293465407527
AT4G01600	1.0528685997087
AT5G10990	1.05269663434996
AT4G26990	1.05238304058549
AT1G62670	1.05176480792928
AT3G15120	1.05121750530715
AT4G14710	1.05046979954856
AT4G37880	1.05039518404673
AT2G01400	1.04924996751036
AT3G50520	1.04922917530085
AT2G25140	1.04890051435886
AT2G29210	1.04745215486295
AT5G50520	1.04708334921781
AT5G35620	1.04585645038262
AT1G15660	1.04528182470585
AT1G51402	1.04474466635424
AT5G27680	1.0446330417999
AT1G76820	1.04424960722583
AT4G17190	1.04305222731088
AT1G79740	1.04291656422621
AT2G23093	1.04265665389122
AT3G50850	1.0421178734032
AT5G05330	1.0407055974468
AT5G45400	1.04050058966436
AT3G01930	1.03983215372058
AT1G10730	1.03849938320727
AT5G52545	1.0382959831014
AT4G30220	1.0374229146988
AT3G56630	1.03667543266975
AT3G51040	1.03658981678487
AT3G56050	1.03476025260106
AT1G20570	1.03338787192747
AT5G62710	1.03309715587652
AT5G62380	1.03083443600245
AT4G34420	1.03076354487506
AT2G44270	1.0302688050783
AT5G60200	1.03001255734551
AT5G06870	1.02939860803323
AT1G16480	1.02931654027087
AT1G26370	1.02879990819893
AT3G24800	1.02870471902554
AT1G56290	1.02870459065126
AT4G12110	1.02845806367696
AT1G04850	1.02724585703338
AT1G75390	1.02708299494615
AT3G25530	1.02686262124422
AT4G00525	1.02683835317002
AT5G63520	1.0264065297385
AT4G02130	1.02589482499811
AT3G29130	1.02489807298729
AT3G53250	1.02482590043177
AT1G18950	1.02447517204159
AT4G10550	1.02422778722876
AT4G19660	1.02410951837864
AT1G14920	1.02396240270008
AT2G36330	1.02393506823586
AT1G62690	1.0232655567373
AT2G25320	1.02284711161102
AT4G29910	1.0224642062836
AT1G80555	1.02152780198937
AT1G80600	1.02106414545403
AT3G57160	1.0198665961392
AT4G06634	1.01911552722485
AT1G74050	1.0190373530776
AT1G73875	1.0174886856389
AT1G73130	1.01580710888641
AT5G18210	1.01500595908889
AT5G44250	1.01388944906653
AT3G57870	1.01221362691965
AT3G17660	1.01149173505207
AT5G65810	1.01116642033724
AT4G10110	1.01057188519885
AT5G27700	1.00986718509101
AT4G22270	1.00912065338687
AT1G68660	1.00784488831314
AT3G04580	1.00782918884359
AT1G07670	1.0064164542798
AT5G23720	1.0057687743155
AT2G16920	1.00559601872854
AT4G16845	1.00555325740294
AT1G54140	1.00548772323729
AT1G80900	1.00275689247215
AT4G12840	1.00249652548419
AT1G78810	1.00060373886323
AT1G34380	1.00056451675785
AT2G27590	1.00016826166398
AT5G19070	0.99983160204454
AT4G20890	0.99863692094558
AT2G14285	0.997537727482248
AT5G01180	0.996868525447892
AT4G10430	0.996831565164426
AT5G07120	0.996477418594994
AT4G02110	0.996121465258513
AT5G10650	0.995768058567795
AT5G61790	0.99538485105735
AT1G78320	0.994484563865044
AT1G70330	0.993670989755551
AT1G80880	0.993279249925593
AT1G76730	0.992996396848115
AT1G07410	0.992161858407241
AT4G39850	0.991990231322305
AT1G71800	0.991967302627689
AT4G17270	0.989238622409154
AT4G33390	0.988962950172818
AT5G65220	0.988160303149965
AT1G28520	0.987658337876599
AT5G47090	0.987226474427878
AT1G29060	0.98692375795566
AT5G20935	0.986814823664449
AT1G09815	0.986253838047778
AT3G57940	0.984733424123392
AT2G24020	0.984443461460125
AT1G04820	0.984285274025199
AT3G07568	0.983617744130743
AT3G27280	0.982905828982755
AT1G03290	0.982857429662786
AT1G17720	0.982362695949655
AT3G19760	0.982344581229797
AT2G19385	0.982329131677659
AT4G26500	0.981925164586608
AT2G43060	0.981628418462768
AT3G05090	0.981556251096229
AT5G37190	0.980855774783711
AT2G43030	0.980138219869666
AT5G11810	0.979796510965286
AT5G65495	0.978850106151164
AT5G61460	0.978733522282546
AT4G01370	0.978639684693015
AT5G45970	0.97776724699776
AT4G29410	0.977743839286113
AT4G35530	0.976102786959393
AT5G11170	0.975952860866126
AT3G20970	0.974972074285822
AT1G75510	0.974458034229999
AT4G00480	0.974456863622713
AT5G04020	0.973543920749446
AT2G01630	0.9735114115719
AT2G02560	0.973340135327149
AT5G02740	0.972938262281953
AT3G51270	0.972937068138637
AT2G44510	0.972478383396695
AT2G18790	0.97240220624364
AT1G47820	0.972262599478757
AT1G09900	0.971730264716476
AT1G80745	0.971657349411857
AT4G24880	0.970049489851518
AT3G62300	0.969795432226272
AT1G77410	0.969435560896049
AT2G21860	0.968905905680959
AT4G15075	0.968594524103084
AT3G26618	0.968482577293967
AT5G10110	0.968308832916412
AT3G10300	0.968177738698343
AT5G50130	0.966470559798384
AT1G55830	0.966341539640414
AT3G51600	0.966007982661799
AT5G26710	0.965280965385803
AT2G42160	0.965026140794586
AT3G09035	0.964142046027299
AT5G50440	0.963972464151851
AT1G73150	0.963337114660395
AT1G14590	0.96244307750478
AT3G49430	0.961741724541235
AT3G08630	0.960872532063177
AT2G46000	0.96019950491034
AT2G19170	0.95913515069943
AT4G15415	0.958984053883838
AT2G16405	0.958698789088457
AT4G30935	0.958696065079663
AT3G03100	0.958511411684335
AT2G41140	0.957988323663926
AT5G10260	0.957328404306595
AT1G06760	0.956487846860999
AT5G08300	0.956233720313463
AT1G42990	0.95578078202941
AT2G24360	0.954257278581832
AT2G19110	0.95372617026729
AT4G08540	0.953504589939495
AT3G05570	0.953179813521236
AT3G25520	0.952944903422981
AT3G61690	0.952782426742788
AT5G60910	0.952335267835631
AT1G23820	0.952114715063107
AT5G57740	0.951665275387105
AT2G36320	0.951013270595848
AT3G10420	0.950344230027084
AT1G22170	0.949216622379618
AT3G15470	0.949120371885161
AT3G52960	0.948897271741493
AT1G53710	0.948152870896092
AT4G05440	0.947667474707918
AT3G28956	0.947441910159099
AT3G22170	0.946889580387249
AT5G06210	0.946452700546485
AT3G13290	0.946425477203533
AT2G44820	0.946101969067862
AT1G62920	0.946090523562328
AT1G63670	0.945561949930861
AT5G48460	0.941853579543847
AT5G38210	0.940411606642318
AT1G17210	0.938245716209825
AT1G62850	0.937744162410137
AT5G27750	0.936889674306758
AT1G50970	0.936070147653055
AT1G21920	0.935933625113376
AT1G77885	0.935451520591397
AT5G01270	0.934970456426483
AT2G15910	0.93479998736887
AT3G27325	0.934729846162149
AT1G04680	0.933619777550928
AT2G36530	0.933458907835119
AT1G57820	0.933410360498843
AT5G66005	0.933186674044064
AT5G23540	0.933017663201006
AT1G14370	0.931548952997913
AT5G59460	0.931356943347024
AT1G52620	0.930718272679164
AT5G62950	0.929877881642982
AT3G49350	0.928652250239597
AT1G79010	0.928446725949514
AT5G24320	0.927769468799796
AT3G09180	0.927661867723308
AT4G34090	0.927568404650769
AT4G29100	0.926090344533132
AT1G47340	0.925165956209109
AT2G20210	0.925123570121951
AT1G60989	0.925033068394052
AT4G19950	0.924942700517783
AT5G16890	0.922832536905795
AT4G23530	0.922775419305066
AT4G11400	0.921006722808104
AT3G21400	0.920641106822991
AT1G55870	0.920085992068263
AT4G28640	0.920027336970074
AT1G21660	0.919472721092757
AT1G29730	0.919213726326386
AT2G43560	0.919107649067356
AT4G21470	0.918443820199271
AT1G08230	0.91578871380273
AT1G30910	0.91433890939092
AT3G61180	0.913929390599801
AT1G54990	0.912659215742428
AT5G10830	0.912433307937358
AT1G65020	0.911100793421915
AT5G38420	0.910632338867144
AT1G34750	0.90980881775324
AT3G45880	0.909579210792791
AT2G09990	0.908972808278785
AT4G36800	0.908888651796481
AT3G58100	0.908748132560247
AT1G24160	0.908526937216233
AT1G14830	0.907064041629569
AT1G51690	0.906467635011126
AT5G67540	0.905596851966899
AT5G58590	0.905123485505864
AT5G11950	0.905079643562025
AT5G49630	0.904717961037271
AT3G17630	0.903730973936822
AT5G50565	0.903430490592935
AT2G46910	0.90308889100304
AT1G80400	0.902226765248323
AT4G27270	0.901505284666958
AT1G28570	0.901210480920343
AT2G20280	0.900929627502187
AT1G55900	0.900441824368393
AT2G34460	0.900203552320069
AT5G23090	0.899866806818276
AT3G53500	0.899304761885538
AT1G10580	0.899190964168208
AT1G10430	0.899016586319775
AT1G75850	0.897981623382282
AT5G17510	0.897547114872912
AT3G54350	0.896020749590597
AT5G23820	0.895428891734892
AT5G35400	0.895313237171854
AT4G18020	0.894834197116013
AT3G26744	0.894714277671388
AT3G47490	0.894535654693512
AT5G24150	0.894030159474672
AT3G58800	0.893998711419554
AT1G04200	0.892414248834915
AT5G49060	0.891274436913181
AT1G52300	0.890948592685104
AT2G16710	0.889364783392429
AT1G27150	0.889150897150171
AT4G32272	0.887882176671317
AT2G25830	0.887610587577419
AT2G27470	0.887055222043648
AT5G55630	0.886579116069478
AT5G10745	0.886033659468043
AT4G12130	0.884240716079746
AT1G31810	0.884175405512628
AT4G29490	0.883988169777184
AT5G21010	0.883851833738956
AT2G13800	0.883056872034774
AT1G09760	0.882463175701114
AT5G57160	0.881880991823208
AT1G79090	0.881466238299812
AT1G67340	0.88139907459271
AT3G53970	0.881031207690914
AT1G56260	0.879798696064274
AT5G23430	0.879329220766865
AT5G20090	0.878548536433923
AT4G10955	0.877534364146702
AT2G41770	0.877510825691921
AT3G48810	0.876354677666427
AT3G04820	0.87604296241604
AT5G19000	0.875762552578008
AT2G15290	0.875198637003049
AT2G03500	0.87487702729159
AT5G12860	0.874655326614697
AT1G48310	0.874550533430942
AT4G24100	0.874227255525721
AT4G24840	0.873960009551594
AT4G11350	0.872947464890891
AT5G38050	0.872895353602497
AT1G25420	0.872186928591784
AT1G50910	0.872177133316841
AT3G54720	0.872107313863785
AT3G44530	0.872017155146576
AT1G74950	0.871936462781058
AT3G58170	0.871755682191012
AT2G17990	0.871535767177697
AT4G00970	0.870936567464053
AT5G61830	0.870810310223922
AT2G25297	0.870440946216885
AT5G42840	0.870243353997192
AT4G08555	0.8699383068499
AT1G13350	0.869861733389721
AT5G04990	0.869626977997591
AT1G09390	0.869317232223059
AT3G11440	0.869110171408968
AT4G28990	0.869029628640122
AT4G02485	0.868732680126678
AT4G32240	0.868476172248821
AT1G66820	0.868159065643498
AT3G20780	0.867939859172806
AT1G28510	0.867566167531921
AT1G19270	0.867416526142177
AT1G20840	0.867140028381388
AT3G48980	0.866634775376167
AT1G73670	0.864838089022201
AT4G00850	0.863610908952164
AT5G64220	0.863102269258929
AT4G21560	0.862521576330576
AT1G64860	0.862440648882561
AT1G57540	0.861134654822413
AT3G51990	0.859975299833272
AT4G33010	0.859929991074494
AT1G69526	0.859784785961726
AT2G25970	0.859471954229884
AT1G80810	0.859240966667946
AT1G53070	0.856746474191642
AT5G38150	0.856576041807877
AT5G02450	0.856500485817803
AT3G25800	0.853716392125223
AT3G27740	0.853714734271068
AT5G03280	0.853509427058803
AT4G25670	0.853268439379103
AT5G04760	0.85247944707627
AT3G47060	0.852285006545535
AT4G24920	0.850137685792161
AT5G46690	0.849982435839712
AT3G18295	0.84951939547585
AT1G69770	0.84940937412196
AT2G45910	0.849216572982306
AT5G39450	0.847976285693974
AT2G14255	0.847387168051442
AT1G56010	0.846977649740259
AT3G19950	0.846478465248494
AT5G25757	0.846448754687841
AT3G27460	0.845862895987648
AT1G06510	0.845724917990704
AT5G41790	0.845552156803694
AT1G10230	0.845354265077568
AT3G55640	0.845108997663208
AT2G15042	0.844832129760386
AT4G38460	0.844764853741518
AT1G79160	0.844637688457465
AT2G06000	0.84452071511209
AT5G62430	0.844455204843041
AT2G04740	0.844296332886474
AT3G29670	0.84421047055543
AT4G35930	0.843838537599308
AT3G51620	0.843831398483894
AT5G24460	0.843541976942571
AT5G28060	0.84343253632189
AT5G50350	0.843150408353673
AT4G32175	0.843073697686247
AT5G05790	0.842995189284106
AT2G20540	0.842567107654025
AT2G26710	0.841988803762604
AT1G65500	0.840579845916167
AT5G02910	0.83947076528137
AT3G10540	0.839351635090419
AT5G16230	0.838873277695111
AT1G06380	0.838681579235004
AT3G50750	0.838616395644714
AT4G13710	0.838342460119942
AT1G01630	0.838122516644088
AT3G61320	0.837496245595387
AT3G01780	0.837072766667107
AT1G56560	0.836903164945037
AT1G14700	0.836109695357253
AT5G03250	0.835355933519185
AT3G56010	0.835192126764291
AT1G21010	0.835178861037135
AT1G26940	0.834410332090592
AT5G30490	0.834399623028317
AT2G18600	0.833895274530403
AT3G27060	0.833036791591912
AT4G22830	0.832047375473805
AT5G40880	0.831939142476662
AT4G24090	0.831725605999018
AT4G30100	0.830930437599647
AT3G51480	0.830800285236037
AT5G43490	0.82944796204038
AT5G39320	0.829295955833691
AT1G62790	0.828980284175178
AT2G26350	0.828359161760495
AT3G09310	0.827861266009949
AT5G55700	0.82777622846487
AT1G30845	0.827373730339138
AT3G59920	0.826270179098038
AT3G24360	0.824559462375491
AT5G42150	0.824408365980878
AT3G05345	0.824194464419579
AT5G48220	0.823140227912784
AT1G55120	0.822836117634595
AT1G07220	0.822660933366418
AT1G29150	0.822278408750271
AT1G76560	0.821908658682613
AT2G31200	0.820690041284324
AT3G18165	0.819206650703503
AT5G58250	0.819135638489408
AT5G25760	0.81777299899917
AT2G33410	0.814894351547202
AT3G44805	0.813778083587287
AT1G20300	0.813740869324375
AT2G46560	0.813383429571878
AT5G07470	0.811773717873566
AT5G43820	0.810805861396788
AT4G28370	0.810421854155933
AT3G24810	0.810121906537943
AT3G48540	0.808296607093556
AT1G69310	0.808003915471642
AT5G05987	0.80753798125538
AT2G33385	0.807091148002267
AT2G38330	0.806969128163993
AT4G37910	0.806957284898919
AT1G33800	0.806653567174627
AT2G46610	0.806581195253315
AT1G72170	0.805908754203432
AT4G18470	0.804799439478486
AT3G08910	0.804267876234752
AT3G19895	0.804254542099632
AT1G32380	0.803803819375212
AT5G16190	0.803450269241959
AT1G62290	0.803052273029896
AT4G36720	0.802227869554607
AT1G80270	0.801938073424965
AT1G05380	0.801928621008107
AT4G37608	0.80075164406241
AT2G39830	0.799620368539813
AT4G31730	0.798595987616734
AT5G19820	0.797494582074818
AT4G16070	0.797205480467311
AT1G62780	0.796721236189559
AT1G79150	0.796586788990116
AT5G10270	0.796525017646135
AT3G01660	0.796417385281302
AT5G55900	0.796082691559928
AT1G57860	0.795856147906914
AT1G72830	0.794631557804354
AT4G05110	0.794623825546737
AT1G21450	0.794319717135287
AT2G17250	0.793831839399798
AT5G28500	0.792995566158737
AT2G47330	0.791886196927504
AT2G26540	0.791719475709626
AT3G29030	0.79160914175028
AT1G21170	0.790468615606256
AT3G48600	0.790063911946109
AT2G35340	0.78959521474519
AT5G01960	0.789564357193411
AT3G23325	0.789166661504349
AT3G15357	0.789108356732784
AT2G42210	0.788549070508677
AT5G53000	0.788503131447613
AT4G14615	0.787916580136438
AT3G06370	0.787554510376391
AT1G66080	0.787507503098741
AT4G21210	0.787412443169505
AT5G13970	0.787104450388728
AT3G14600	0.786586796123323
AT5G62850	0.7865414932813
AT2G26930	0.786369545634941
AT2G03640	0.786141759500335
AT1G24310	0.78559907587792
AT2G44710	0.785592439024329
AT1G69020	0.785172998796215
AT4G17840	0.785166514832533
AT5G62610	0.784976370725563
AT2G35100	0.784848429247203
AT4G02230	0.78425065809845
AT1G75000	0.784152906941318
AT1G01050	0.783890416968002
AT5G60680	0.783778071592784
ATCG00790	0.781932827440088
AT2G44065	0.781684522981097
AT1G36380	0.781305564748503
AT1G64370	0.781249704024633
AT3G07980	0.781228298012463
AT2G07774	0.780973933870706
AT2G04620	0.780861162871272
AT4G36945	0.779806940038812
AT2G43320	0.779715069862231
AT3G63290	0.779378804706876
AT1G26762	0.778603722657538
AT5G56100	0.77826444624289
AT1G30480	0.778105991442618
AT5G60300	0.776725716753275
AT2G36580	0.776702955602179
AT2G27800	0.776698123339138
AT1G78620	0.776693794155083
AT2G33150	0.776058382430758
AT1G18880	0.774701781510174
AT3G46450	0.774610297424849
ATCG00050	0.774111951314377
AT3G01450	0.773965918720643
AT5G06280	0.773463811031835
AT4G35270	0.77291399146302
AT4G32420	0.772682131274401
AT3G62660	0.772427915032775
AT2G23780	0.770997577912368
AT5G66000	0.770545416741171
AT4G21192	0.76931296304558
AT1G02420	0.769285770413007
AT4G39090	0.769216343841524
AT2G27790	0.769185736936411
AT3G60360	0.768944930194397
AT1G80170	0.768943763354236
AT2G29080	0.768867584641475
AT3G55160	0.767156012298271
AT1G21770	0.76687394043254
AT1G79940	0.766372866565701
AT3G59580	0.766118108493281
AT5G62500	0.765799477351157
AT1G25570	0.765106177236247
AT1G78540	0.764769311154662
AT3G04130	0.764745348768299
AT2G42640	0.763712874903095
AT3G02490	0.76363939991971
AT5G51130	0.763633378645312
AT2G47450	0.763384899077955
AT2G40700	0.762920287150697
AT1G17220	0.76271720668645
AT1G21560	0.762338486233973
AT2G36160	0.761091352298314
AT3G56270	0.760812683078306
AT1G24440	0.760537806495401
AT4G19990	0.759843027702417
AT2G29065	0.75963014104553
AT1G72480	0.759244111444629
AT4G20280	0.758508895122618
AT1G30810	0.758481031584468
AT1G17460	0.75828731724893
AT3G13340	0.757205381085019
AT3G60400	0.75716082784792
AT5G20300	0.757149370720998
AT3G52300	0.756792931390459
AT5G58520	0.756743605338209
AT3G50360	0.756494876523499
AT3G13320	0.755964440283176
AT2G42130	0.755877142067408
AT5G20930	0.755812892858484
AT1G08480	0.755797139714065
AT2G46070	0.755607267366023
AT3G54750	0.754932471237047
AT4G10100	0.754774895478548
AT3G04710	0.754144254466765
AT5G01970	0.753991048331236
AT5G16210	0.753868621970648
AT2G47310	0.752222855949321
AT2G30990	0.752033913682878
AT3G13050	0.75202648657624
AT1G01800	0.751914228770192
AT4G25230	0.751547863763993
AT3G27340	0.751547776001675
AT1G16370	0.748250870969584
AT5G22740	0.747764706536937
AT1G18340	0.746867404884751
AT3G15540	0.746334078462006
AT1G53050	0.746061768345062
AT5G60370	0.745451972442158
AT4G27490	0.745384168536743
AT1G72910	0.745275758220625
AT5G63200	0.74346307927175
AT5G49570	0.742868270570452
AT1G73350	0.742772218573564
AT3G20420	0.741815506093153
AT4G04190	0.741445330523888
AT5G66450	0.739021151028082
AT5G49730	0.7388657259836
AT5G43780	0.737450217964334
AT1G74320	0.734886649443847
AT1G78690	0.734858771063387
AT2G05760	0.734739193954691
AT4G21585	0.733647449670031
AT4G13830	0.733450130076631
AT1G20340	0.732460252709613
AT1G73440	0.732146818300112
AT2G35800	0.731027328909709
AT1G01710	0.73081153631914
AT5G39500	0.72878704182833
AT4G19380	0.728409052191368
AT3G59870	0.728159427196873
AT3G49880	0.726986749750154
AT1G16500	0.726811846186667
AT2G45280	0.726727292086075
AT5G48330	0.726375454948837
AT1G15215	0.726188532033962
AT4G13670	0.726174310150495
AT5G15070	0.726033029303395
AT1G08750	0.725845153913345
AT5G08430	0.72555884646029
AT3G01410	0.725285799972866
AT1G61470	0.72489326318931
AT4G10730	0.724736394428866
AT5G09230	0.723651299706007
AT1G79770	0.72334104975807
AT2G28105	0.723161029617599
AT4G19540	0.723063205742815
AT5G49160	0.723029231783659
AT3G26670	0.722823977342002
AT3G22790	0.722095251296088
AT4G04770	0.720785949038302
AT1G05350	0.719774393630441
AT2G15890	0.719609716239069
AT5G61210	0.718779088718239
AT2G43360	0.71859465253284
AT4G13460	0.718100427152286
AT1G08550	0.717784595229466
AT5G52050	0.717398515453539
AT3G19460	0.716927203000292
AT1G74800	0.716796715523207
AT5G22040	0.715876128133564
AT1G76170	0.71585778324267
AT2G25580	0.714640630489013
AT2G20820	0.714582484173396
AT4G14920	0.714539568026675
AT1G73210	0.714018262429799
AT4G04940	0.712525212783424
AT1G70670	0.71122145322508
AT1G04480	0.710700668295456
AT2G30200	0.710575963870985
AT2G22670	0.710408775856165
AT5G44740	0.710042115039263
AT3G03810	0.7093114548065
AT1G04870	0.708778926620079
AT2G27490	0.708575855863794
AT3G56300	0.708011434998885
AT5G22620	0.707065490685566
AT2G28670	0.706772245070914
AT2G21790	0.706650676891303
AT4G28070	0.706346613456444
AT5G06680	0.705262816368287
AT3G61700	0.704574822214732
AT4G00905	0.704168663514545
AT1G72680	0.703732674403974
AT5G42740	0.703132958857692
AT3G61570	0.703119721168058
AT5G63030	0.702549428991495
AT1G13110	0.701946714019908
AT4G16920	0.701822056891975
AT5G25170	0.701300418676412
AT5G12300	0.700668195474184
AT3G28430	0.698364649527463
AT3G54826	0.698191814160013
AT1G50440	0.698131270657507
AT5G10900	0.697518168973429
AT5G18730	0.697489752571684
AT1G04340	0.697149470835236
AT5G14590	0.696537112940237
AT4G01940	0.693415990353703
AT4G00530	0.69259223865597
AT3G24590	0.692330879044516
AT3G59650	0.691249910313484
AT5G37680	0.691136172970595
AT5G50990	0.691097580817014
AT4G27100	0.690954086866019
AT2G17380	0.690756069025445
AT5G20620	0.690494568435318
AT3G52610	0.689050889008757
AT2G18760	0.688526812541473
AT5G02030	0.688508354143164
AT3G50570	0.687292317961216
AT1G03165	0.686402360612278
AT3G58510	0.68608801864577
AT3G59150	0.685405366328057
AT3G04443	0.685220555899143
AT1G55920	0.684326596721179
AT1G06070	0.684155839056494
AT4G08685	0.684105364138711
AT1G18900	0.682884923044396
AT5G67580	0.682773324932602
AT2G24440	0.682215177392685
AT3G62250	0.681937073686302
AT3G22850	0.681111681595536
AT5G10690	0.680471786879794
AT1G74710	0.680435274149897
AT5G42210	0.678770395308831
AT5G64610	0.678648074341366
AT1G68980	0.677913030436709
AT1G67830	0.677747599503243
AT4G18050	0.677556585364179
AT3G63340	0.676719417647233
AT4G13345	0.676487033322358
AT4G26965	0.675556678660534
AT1G69850	0.675069428470342
AT2G27260	0.675023433669622
AT2G19350	0.674864796867394
AT5G09220	0.674532624870237
AT2G21290	0.674263093053648
AT5G56420	0.674085750266876
AT2G39805	0.67327682600123
AT3G17860	0.673233412332882
AT1G64520	0.673155919929995
AT5G15320	0.672974418396153
AT3G50050	0.672664096684931
AT3G02660	0.672621542092875
AT2G19380	0.671913288351216
AT3G21175	0.671849410049747
AT1G06670	0.671285153202562
AT4G19420	0.670887245108109
AT1G30755	0.670009434897716
AT2G40205	0.669925110910019
AT5G01850	0.669739540790194
AT1G09980	0.669127431931239
AT5G51170	0.668301445184775
AT2G40810	0.66799032562855
AT4G39420	0.667936872050852
AT4G17790	0.66770618026832
AT2G25760	0.666944160224519
AT5G04550	0.666582779392815
AT3G12480	0.666478431291737
AT1G71830	0.666257134423405
AT5G58440	0.665858685199893
AT1G09130	0.664033243266697
AT1G05720	0.662945461878859
AT4G31530	0.662416138873793
AT3G05580	0.662308808042078
AT3G18740	0.662230190059513
AT1G29040	0.661778847020154
AT3G56740	0.661731250688152
AT5G10060	0.661324544250864
AT1G06220	0.660761275997552
AT5G55390	0.660657911796543
AT1G29470	0.660456140138229
AT4G34960	0.660106242190909
AT4G15165	0.659528120254754
AT3G06770	0.658693202865988
AT3G54100	0.658399175971649
AT2G27460	0.65807439314225
AT1G17430	0.657867986130789
AT1G26110	0.657388848179665
AT3G06610	0.657345915853159
AT1G28350	0.65661229621992
AT4G11090	0.656360066893998
AT2G39270	0.656091821696989
AT5G62680	0.655943913506473
AT5G47490	0.655902044510109
AT3G07610	0.655544495478048
AT1G49245	0.654624360010268
AT1G77710	0.653804639946652
AT1G76850	0.653222428346884
AT2G29450	0.653079626223552
AT2G35155	0.652074104943464
AT4G00090	0.651728108139155
AT1G77890	0.650225037394184
AT2G01735	0.649904193846887
AT3G54710	0.649757637309123
AT3G23480	0.649285503048397
AT4G40045	0.649092298846196
AT3G52850	0.649013804526181
AT1G07902	0.647926902142031
AT5G10010	0.645617669997742
AT2G41880	0.645293096177646
AT1G47310	0.645065806141747
AT1G28420	0.64468628334051
AT3G17880	0.643719927208392
AT5G18380	0.642285940979999
AT1G76630	0.642004690893482
AT5G64090	0.640535770521417
AT1G69070	0.639370668887716
AT3G15610	0.639143238514362
AT1G55140	0.63797148071821
AT4G33540	0.637930586782223
AT3G55320	0.637473753568659
AT2G19390	0.637410698516039
AT3G51520	0.636678512210463
AT2G22122	0.634638330846723
AT2G44100	0.633013794219714
AT1G45233	0.632224621820352
AT4G24530	0.631902298622841
AT5G65820	0.631005710806737
AT1G02680	0.630847948350969
AT5G50170	0.630648449014069
AT1G01780	0.629313121335869
AT1G14010	0.629065559429302
AT2G03620	0.628827833653589
AT5G50810	0.628596544665213
AT4G20960	0.627916572444172
AT4G15010	0.627572952491374
AT4G26550	0.626821031477651
AT3G22270	0.62613932348882
AT5G45510	0.625304141643978
AT5G27460	0.624655387583757
AT1G64770	0.624612859684255
AT5G65930	0.624161730040023
AT1G70600	0.62414096908247
AT1G68030	0.624051727798193
AT4G23490	0.623140490256078
AT1G29990	0.622465438896153
AT3G05010	0.621810668594473
AT3G51500	0.621646028275049
AT1G14560	0.62136812193348
AT3G05545	0.621071474111707
AT5G50550	0.621001773665395
AT3G02070	0.619961599747
AT2G04650	0.619692014729053
AT3G10400	0.61915246524469
AT4G02120	0.619047867825817
AT3G24630	0.61890835986781
AT3G17340	0.618843876889615
AT4G10570	0.618779506688075
AT2G41960	0.618730709354446
AT3G11320	0.618657619169529
AT1G62660	0.618123025816755
AT2G02790	0.616748763454217
AT3G03720	0.616456954719198
AT1G73177	0.613512786267528
AT2G28390	0.610352994361105
AT1G07230	0.610320600662845
AT1G47330	0.608622328897878
AT1G54520	0.608308661867882
AT1G07660	0.607447106207461
AT2G22270	0.607130522341141
AT3G01400	0.607085534510441
AT2G38880	0.606476134658518
AT3G04640	0.606027462528801
AT1G27700	0.605997965076064
AT1G47870	0.605629403225111
AT3G17712	0.60537967860567
AT1G18440	0.605248931915213
AT2G29760	0.60510958153135
AT1G56610	0.604948581728509
AT5G24840	0.604860813037611
AT3G16270	0.604183129323774
AT2G25350	0.603983408300404
AT5G35790	0.603586041012443
AT5G57950	0.603167950061494
AT1G47271	0.602789766629203
AT3G12915	0.601986273159175
AT1G74300	0.601704339980003
AT4G05390	0.601246271664593
AT3G60190	0.600831721204857
AT3G53490	0.60082253596543
AT1G32630	0.600695667570388
AT1G78790	0.599889821659926
AT1G53165	0.599369048081876
AT1G80930	0.599000751271633
AT5G16680	0.598438100773476
AT2G01260	0.598182669779159
AT5G10810	0.598072757990918
AT4G16440	0.596034807836395
AT4G32520	0.595443441139329
AT3G63520	0.595361752483832
AT1G10180	0.594934969617316
AT3G53560	0.594552437233543
AT2G36930	0.594413907194621
AT3G57060	0.592629585339348
AT4G38500	0.592008862689261
AT3G01610	0.591925376152534
AT5G08080	0.591831441171013
AT5G53500	0.591476892902044
AT2G34300	0.591445601635235
AT5G45720	0.591430566362925
AT3G56020	0.591218169751623
AT2G26500	0.590738617296207
AT2G04700	0.590344262584446
AT5G28040	0.590214069174451
AT2G34160	0.58884011441067
AT2G03240	0.588213730240325
AT3G47836	0.5881390992583
AT1G03905	0.587225194501902
AT1G31817	0.586821274600892
AT1G32260	0.586126088313556
AT3G08740	0.585676818768072
AT4G34340	0.58561676011285
AT5G17770	0.585448539045825
AT1G80060	0.585336562533776
AT1G26440	0.585294829426291
AT5G52210	0.584145496353856
AT5G15710	0.583442377593645
AT2G31450	0.583382637073411
AT2G02710	0.581956256861841
AT5G23550	0.581036725901088
AT5G48990	0.580559960532815
AT4G29530	0.580404496609565
AT5G67170	0.5800520772459
AT5G08060	0.579598878495085
AT2G35470	0.578986746028924
AT3G09720	0.57847166573839
AT1G19140	0.578389792354089
AT4G00440	0.578250233805725
AT1G67430	0.576604520202554
AT1G79530	0.575059529557024
AT5G65460	0.575036626333489
AT3G23780	0.574428130198298
AT3G54280	0.574202618426773
AT1G04170	0.574173803665566
AT5G08630	0.5738861130917
AT5G13810	0.573231351375429
AT1G51400	0.57309218474052
AT5G56900	0.5730689872446
AT1G75340	0.571465440100133
AT3G20650	0.570463571715578
AT1G65484	0.569556106826466
AT4G10140	0.56873889727988
AT2G24945	0.567974597755879
AT5G04520	0.56745840220578
AT4G34700	0.567435971385514
AT5G50870	0.56629802793208
AT1G29550	0.565442981727136
AT1G16080	0.564853273394976
AT5G55310	0.564530775884312
AT3G27020	0.564414746981347
AT5G07140	0.564079143894435
AT5G21482	0.563890200783092
AT4G08455	0.561918821954724
AT3G24760	0.561746458801832
AT1G31600	0.561191523033327
AT1G73120	0.561175879955105
AT4G14360	0.560925784682236
AT3G61870	0.560284195992987
AT3G55000	0.557644697993587
AT4G02405	0.557436661415079
AT5G05760	0.557405335703557
AT2G20320	0.556433413517245
AT3G47960	0.556178617079058
AT5G25060	0.554685503383484
AT1G43690	0.554008715845545
AT3G11710	0.553773046389927
AT5G15170	0.553672697091457
AT3G51960	0.553251868504467
AT1G32610	0.55122913802319
AT3G03300	0.551128340684273
AT2G19580	0.55074207799222
AT1G44110	0.550690838845288
AT4G23540	0.550253357971759
AT2G37940	0.548286007895353
AT3G05940	0.547608261100388
AT2G44870	0.547488068019537
AT1G76510	0.547169279780324
AT4G26180	0.54674428035398
AT1G58230	0.546617847877514
AT5G16600	0.545714632662523
AT5G16060	0.545529977436467
AT3G07110	0.545382036236537
AT5G02680	0.544881132599405
AT1G63400	0.544818967610819
AT5G59960	0.544738164598872
ATCG00470	0.544423434948585
AT2G37550	0.543731015032667
AT3G58630	0.54246087040346
AT3G03550	0.542311066625463
AT2G27090	0.542139808698159
AT5G03720	0.541578285637996
AT1G65660	0.541143159149406
AT4G16330	0.539769554163954
AT1G62910	0.539124464748054
AT2G45150	0.538797058146754
AT2G41000	0.538309479235697
AT5G22350	0.538106011279382
AT5G16260	0.537922309037915
AT3G49330	0.537845706390515
AT5G40950	0.537732802869592
AT4G39370	0.537710274126439
AT1G17730	0.537315588450189
AT4G14310	0.537242882745156
AT2G15860	0.535084787985991
AT2G04560	0.534800267659034
AT1G08530	0.533947119998066
AT2G41120	0.533665299648875
AT5G55200	0.533605423342646
AT3G57390	0.533550156713497
AT4G25650	0.533388131593184
AT2G26920	0.532832427399868
AT3G03980	0.532708788464505
AT4G35987	0.532667141284521
AT2G34860	0.531839261558703
AT5G40520	0.530376661301899
AT1G31780	0.525875625819568
AT5G05170	0.524826284439794
AT3G56470	0.524788970314138
AT1G73730	0.524711472966073
AT3G51050	0.524005650374528
AT3G49850	0.522796772606637
AT3G43810	0.522771079105654
AT1G49990	0.522448800750579
AT5G23250	0.521673117882883
AT5G25510	0.521628051829794
AT3G62530	0.521520267081029
AT1G49140	0.521391912909486
AT3G17430	0.520883483840227
AT2G46160	0.520646844283135
AT3G14790	0.52057572812131
AT5G46240	0.520444716035118
AT1G11780	0.520178179369329
AT4G13170	0.519147040262715
AT3G58180	0.51787647061687
AT2G29960	0.517604744322411
AT4G31441	0.516845873787929
AT4G35870	0.516634991227975
AT1G73990	0.516506538017356
AT5G11350	0.515871129303414
AT5G14680	0.51522493991187
AT3G14940	0.515006566413012
AT5G58620	0.514490901701588
AT1G55915	0.514379846028075
AT5G41110	0.514073754665004
AT1G10060	0.512501167039484
AT5G07830	0.512287511608449
AT4G39400	0.512273234558443
AT1G48560	0.51219434328872
AT1G75980	0.511687492927993
AT4G11840	0.511665846673737
AT1G18010	0.510501406397288
AT3G03050	0.510456739397455
AT2G18400	0.510384368931314
AT5G44565	0.509650413611647
AT5G14140	0.507917610463489
AT2G43840	0.506781763471419
AT1G62914	0.506055396882572
AT1G16010	0.505944137065249
AT5G41010	0.505052953910084
AT1G06740	0.504538469669849
AT5G16950	0.504499768147858
AT3G21160	0.503230834319716
AT1G23040	0.5029934156075
AT2G26360	0.502785222500895
AT4G02880	0.502406144706513
AT3G06810	0.499963224786841
AT4G12000	0.4995213504889
AT4G01650	0.498729159003167
AT5G16760	0.498623553973022
AT5G46210	0.498247093929285
AT1G07050	0.49796122789707
AT4G23980	0.497836116441334
AT5G13430	0.496861836124427
AT4G37200	0.496645137192638
AT3G62620	0.496629165188245
AT5G44150	0.49620830008399
AT1G71480	0.496129941649535
AT2G26770	0.495946901891572
AT5G13630	0.49560228530195
AT4G30620	0.494437578704457
AT5G48800	0.493913367621537
AT2G14620	0.491554827177703
AT3G60961	0.491220166368281
AT2G05755	0.491060014232671
AT4G17520	0.490567051047503
AT4G26310	0.490284316056678
AT1G75270	0.490097655863056
AT1G14030	0.489910499825427
AT1G06450	0.489262823634828
AT1G18040	0.487976357364712
AT1G29350	0.487902755742274
AT5G40640	0.487731900272319
AT5G11640	0.487241045618806
AT1G18560	0.487182063973668
AT1G67090	0.485841248885519
AT5G57570	0.485789127004262
AT5G60570	0.484793270689013
AT3G63300	0.484389549614372
AT5G18010	0.484315288994977
AT1G18090	0.483837741970134
AT1G64610	0.483625738845489
AT5G24810	0.482638979343112
AT5G49930	0.482633707655097
AT1G01820	0.482523530887312
AT1G71950	0.48233777832837
AT1G48360	0.481753883910963
AT4G14790	0.480871285419717
AT1G01760	0.480284408892661
AT1G62950	0.479573752057826
AT1G56420	0.479295869385341
AT3G45290	0.478903048391466
AT4G18140	0.478662932037937
AT1G54090	0.477641746765992
AT5G62760	0.47709471177315
AT1G56090	0.477024015922803
AT5G44520	0.476651555133075
AT3G10800	0.476116343073715
AT3G10660	0.475587204745177
AT2G29940	0.4753137597363
AT1G59640	0.474842324928943
AT5G07130	0.473960473873091
AT5G08510	0.473570988590282
AT3G50950	0.473412828174438
AT5G49220	0.472079889091268
AT1G31500	0.471908964651475
AT1G49520	0.471053826085246
AT3G25597	0.470702851373396
AT1G01390	0.470689700636822
AT3G55800	0.470448738959911
AT2G41790	0.469600484609796
AT3G43520	0.469179049251308
AT3G18370	0.468780551148522
AT5G13640	0.467940586874059
AT1G16750	0.467228696702012
AT3G15180	0.467023077342187
AT3G13970	0.466772674672943
AT1G56190	0.466750878089642
AT2G33110	0.466637674753323
AT4G34140	0.466500216456399
AT2G28590	0.466116208920683
AT5G07440	0.46544708824174
AT3G03090	0.464663237760096
AT4G09340	0.464363150300354
AT4G39860	0.464351384120615
AT5G06750	0.463479561518769
AT1G55673	0.463170883996903
AT5G17370	0.462295686568147
AT4G37682	0.46181657893987
AT5G47140	0.461769055289181
AT1G12775	0.459605980911643
AT3G48410	0.458623214149221
AT5G42530	0.458397399946884
AT1G07130	0.458371233059948
AT2G22410	0.45826953532885
AT3G21280	0.458269283970917
AT3G56430	0.458140993827115
AT4G26780	0.455823455416527
AT2G16950	0.45570241655796
AT4G08700	0.455648722484945
AT1G60620	0.455496553660472
AT1G11710	0.454297357742743
AT1G09995	0.4542326149274
AT5G58450	0.454199831217078
AT5G46800	0.453409719134424
AT5G49020	0.453093253086205
AT4G01790	0.452508118363104
AT5G32470	0.45200010041068
AT3G13930	0.451148818890581
AT5G51700	0.451134002641568
AT3G12990	0.451030590956818
AT5G49000	0.450871425991827
AT2G36835	0.450573149662738
AT5G09330	0.450555071665951
AT3G10210	0.450530562720235
AT2G37220	0.45032712168059
AT4G38120	0.449333680855997
AT3G60820	0.448667859420505
AT1G62750	0.448532414852715
AT1G78895	0.447355416589286
AT2G23348	0.447293821269687
AT1G11480	0.446823402201607
AT5G25900	0.44681783165836
AT3G11500	0.446027030827396
AT1G14610	0.445962695236994
AT5G16640	0.445911972091327
AT5G45290	0.445503927979313
AT4G35060	0.444417512191687
AT3G51280	0.44435708101442
AT2G32920	0.444293314647312
AT3G22120	0.443633282422052
AT2G19520	0.441408466901989
AT4G38650	0.440518192579019
AT5G19630	0.440350604759975
AT3G03140	0.440344889070726
AT3G17740	0.44008816948188
AT5G52630	0.439383802548417
AT5G17790	0.439274223647074
AT3G48830	0.438060160792485
AT5G64080	0.437299579456406
AT3G13190	0.437115377513689
AT5G10695	0.4357444576916
AT2G34150	0.435511637652493
AT4G33770	0.435457534858024
AT4G17440	0.435225308801294
AT4G38770	0.435105833280694
AT5G20290	0.434421824278635
AT5G56000	0.434045777447885
AT5G61500	0.433376021248287
AT5G63950	0.431920385667429
AT5G22480	0.430948817759156
AT4G37830	0.430345619767617
AT4G05460	0.429838299312337
AT4G38360	0.42976250355728
AT1G17270	0.429650632040467
AT5G13290	0.428924214137353
AT3G59630	0.428489955763538
AT1G11390	0.428265230776334
AT5G14880	0.42806224882914
AT4G21926	0.426724731290836
AT4G13360	0.426608047905387
AT3G24320	0.426416361230512
AT2G43650	0.425836930378017
AT4G33670	0.425498553853237
AT3G23540	0.423336306141259
AT1G18660	0.422938911232212
AT5G55760	0.422260555724349
AT5G59150	0.421904903934582
AT5G53940	0.421835781724352
AT3G02080	0.42150346265803
AT5G63840	0.421313140459782
AT3G59210	0.420812305234046
AT4G08180	0.420124190019419
AT2G40920	0.419397787263038
AT2G02760	0.41934834800508
AT5G05430	0.419223969333672
AT3G02370	0.418819014379236
AT2G35733	0.418522040185851
AT3G55510	0.417303276905469
AT4G25850	0.417110292510736
AT3G61540	0.417040141189611
AT1G77570	0.416801363342125
AT5G39210	0.415953244806076
AT4G38620	0.415114693322761
AT2G46920	0.414584285109368
AT5G45480	0.414582819901973
AT1G21160	0.414211644842379
AT2G02500	0.413920923757136
AT1G55300	0.41352343232058
AT3G29170	0.413505654933954
AT3G08720	0.413276633324567
AT4G21810	0.413121032605813
AT4G16860	0.412177891671526
AT1G61600	0.411841490469811
AT2G16750	0.411830749958336
AT3G09090	0.411809357695752
AT5G49650	0.410595362597226
AT1G72370	0.410579847228625
AT4G31480	0.409667924676641
AT5G57890	0.408683220407562
AT3G14650	0.40818568370987
AT4G22300	0.408031229284787
AT4G29400	0.407647020777479
AT3G61790	0.407536170040239
AT5G11250	0.406462251438397
AT2G11910	0.406315506516797
AT3G15380	0.405707841844477
AT1G49850	0.405576992472305
AT2G24310	0.405278317023254
AT2G38220	0.404853470195595
AT1G49360	0.404740592119804
AT4G18730	0.404418764354459
AT2G02870	0.404369387347553
AT2G14045	0.40414707763934
AT5G61840	0.403834955669249
AT5G58510	0.40360559530498
AT2G42370	0.402498961216153
AT3G23560	0.40217298879488
AT4G26270	0.400651424308856
AT5G46870	0.400558849744764
AT1G01940	0.400057646180623
AT4G39120	0.399465227297922
AT3G10980	0.398174663034302
AT2G04032	0.397431770342114
AT3G10730	0.396995622857163
AT2G19270	0.396004812972141
AT5G55510	0.39528994589527
AT1G49350	0.394984708529316
AT5G01620	0.394540190836882
AT2G34980	0.393229137317511
AT1G16470	0.392729437347378
AT3G16400	0.392660824061837
AT5G02460	0.391118608006837
AT3G62770	0.389218510095093
AT2G29140	0.388526771664928
AT2G38130	0.388254887592815
AT2G23740	0.388143754152051
AT5G36210	0.387530950955211
AT2G22425	0.387294805100979
AT3G02980	0.386922886514911
AT4G25800	0.38652635476204
AT4G22190	0.385785925634362
AT1G09020	0.385203413725451
AT2G30020	0.384613890688191
AT3G44280	0.384422000791006
AT1G29690	0.384408502087571
AT1G72510	0.383840741828192
AT1G19080	0.383791023962481
AT3G13940	0.382916858826133
AT2G46700	0.382085964463153
AT5G10600	0.380351065686049
AT4G26145	0.380160206116745
AT1G11320	0.38007166014022
AT5G44490	0.379971704421235
AT5G05365	0.379717955999847
AT5G47080	0.379640312373336
AT2G23930	0.379308648993596
AT1G27770	0.379279629105225
AT2G16530	0.378958046353117
AT4G32350	0.378895826368008
AT4G30240	0.378044691618632
AT4G05320	0.377435976470282
AT2G35500	0.377240836837871
AT5G42360	0.376809755587717
AT5G61920	0.376445590513066
AT4G27090	0.375722076449865
AT2G27720	0.375557972872838
AT3G07370	0.375228379270118
AT4G09060	0.37481787367097
AT3G48970	0.374757996093213
AT5G64730	0.374346007022896
AT5G20850	0.372797246955607
AT1G72750	0.372507093573838
AT4G29920	0.371304232484831
AT1G06630	0.3711111225001
AT5G66580	0.370578764560844
AT3G18100	0.369668394453651
AT5G42480	0.369569505042517
AT3G19180	0.368952322348102
AT2G44230	0.368380011620256
AT5G08650	0.367840448422675
AT4G37120	0.367675712892036
AT2G37195	0.367620935793018
AT4G15093	0.366838229223384
AT3G62890	0.365800628568792
AT3G03860	0.365139946606134
AT5G22290	0.363986116858736
AT5G05370	0.363671004804628
AT4G21100	0.363296959919089
AT1G77080	0.363093713360313
AT2G47920	0.362990667762359
AT5G18610	0.362686645423365
AT1G64180	0.362247319937933
AT2G01130	0.361764843109692
AT2G18520	0.360975819892553
AT3G16200	0.360871485081852
AT4G26840	0.360207081723772
AT4G35140	0.35977042953118
AT3G58140	0.359276181586483
AT5G20110	0.359235291942455
AT4G14840	0.358709555935172
AT3G63540	0.358618205496467
AT3G04400	0.358274672502467
AT1G79210	0.358233980560402
AT5G13850	0.357718486929643
AT3G17350	0.357698089633628
AT1G71015	0.357414727194573
AT2G17760	0.356722099956253
AT4G34530	0.356472254550717
AT2G41505	0.35523960972143
AT4G31810	0.354884281083942
AT4G10890	0.354658269329529
AT5G22930	0.354581717687212
AT3G47570	0.354130356160092
AT5G48640	0.35350080983489
AT3G19480	0.352775356520729
AT3G29090	0.352337306867259
AT3G62070	0.351923463685534
AT3G62400	0.351312733567228
AT4G38730	0.351234414771692
AT3G20280	0.351066951561225
AT1G05030	0.350673272282729
AT5G55520	0.350337794381195
AT3G59000	0.349676846601843
AT5G08500	0.348783055960879
AT3G48680	0.34844547332203
AT2G04570	0.348417592703904
AT5G53020	0.34812713956234
AT2G40770	0.348127080878887
AT5G57860	0.34805475245907
AT5G38890	0.347790739860002
AT1G20830	0.347365982843483
AT5G19230	0.346659427823253
AT5G52230	0.346243698280529
AT3G19280	0.345852053663584
AT5G17522	0.345341591777342
AT1G79650	0.345318154103509
AT4G26750	0.344851171724955
AT1G08620	0.343762741223931
AT3G49720	0.342998271714796
AT5G05010	0.342564011697387
AT2G10615	0.341937323835806
AT1G15570	0.341659966080214
AT4G35540	0.341525996703442
AT3G43240	0.341397864171851
AT1G06650	0.341337555679916
AT2G14740	0.341066645575109
AT1G63020	0.340756341240804
AT4G03440	0.340127037336312
AT5G41330	0.340103529116082
AT4G30840	0.34009770285437
AT5G04420	0.338527923890031
AT5G26110	0.338435258810188
AT2G43700	0.337014405326582
AT1G29710	0.336579899828979
AT3G59280	0.336452413517664
AT1G14020	0.336025285534569
AT5G27395	0.335784012346032
AT1G21370	0.334347041817541
AT2G43210	0.334255919229089
AT1G05670	0.334191422704553
AT5G22790	0.333577850667883
AT2G43940	0.332751669324992
AT2G31190	0.33202952705975
AT3G04590	0.331303048538596
AT5G53560	0.330758288967337
AT2G03690	0.330662019822153
AT1G27600	0.330530921810054
AT5G51080	0.330076842006993
AT2G38680	0.329744573731066
AT3G62030	0.32942854832567
AT4G14713	0.329375719832821
AT3G07960	0.329175883669928
AT3G57000	0.328873994783231
AT1G60780	0.328581268321771
AT5G60820	0.328312488373782
AT2G43460	0.328284246685772
AT1G34470	0.327898460860922
AT2G42510	0.327713356679893
AT1G55480	0.327585225577288
AT3G46130	0.326874534749064
AT3G26920	0.326693032704097
AT4G25515	0.325203101885963
AT1G67330	0.324797337221792
AT3G53120	0.324189001285385
AT1G47560	0.324003151313504
AT1G55270	0.323407395850856
AT1G25490	0.323074245650609
AT4G11920	0.322954993440577
AT5G60990	0.322944422872495
AT5G05380	0.322635932961527
AT4G12720	0.322250531289289
AT3G20480	0.321299550941258
AT1G33040	0.32115078828609
AT2G35790	0.320748359385776
AT2G23350	0.319705233364092
AT4G22560	0.318951619397944
AT5G27210	0.317490072471929
AT5G54590	0.317355017148271
AT5G55790	0.316081306297178
AT5G05970	0.316063901711172
AT3G26340	0.314327931468958
AT4G24015	0.313835267514327
AT4G25120	0.312553983356249
AT4G25600	0.311286215222653
AT2G20710	0.310284096697372
AT3G62050	0.310232225796365
AT1G30580	0.310087233466522
AT5G62575	0.309701955429799
AT2G31510	0.309650979542421
AT2G39080	0.308816142987537
AT4G15770	0.308634250370049
AT1G58025	0.308585538362313
AT4G22160	0.308448300968267
AT1G16260	0.30837675847968
AT4G39690	0.307369838589596
AT5G36940	0.306672084016112
AT4G31670	0.306443604377061
AT1G10585	0.306161261874437
AT1G50500	0.305751720068666
AT1G20220	0.305225064597315
AT2G28710	0.30428937982193
AT5G04920	0.304193766877348
AT5G44230	0.304111444080685
AT5G65910	0.303491294926714
AT4G34215	0.302529832113287
AT5G05950	0.302431394657703
AT4G16370	0.302257111098401
AT1G60960	0.302173243984298
AT1G52500	0.301203440364007
AT5G25520	0.301160324469475
AT3G51840	0.300982872493261
AT5G45930	0.299663872533227
AT1G19120	0.299187325069958
AT3G27580	0.29904847948041
AT5G13520	0.298434183391961
AT5G58310	0.297713691596082
AT2G18260	0.297448844908613
AT5G63850	0.297038644658573
AT5G37370	0.296567421275863
AT4G28600	0.296287564674544
AT2G01100	0.295700021325757
AT1G20200	0.294612417338385
AT5G44000	0.293471597478693
AT5G13420	0.293448199969794
AT1G65650	0.293348623939324
AT2G20940	0.29221411012131
AT5G60640	0.29207484558647
AT3G19900	0.291332404759797
AT3G54980	0.289940560982409
AT1G35190	0.289701053391411
AT5G09380	0.288560461817941
AT3G20800	0.288391532027149
AT2G28150	0.287375425876443
AT3G51640	0.287255318671933
AT2G43980	0.28679239687201
AT4G24940	0.28646389755907
AT1G03920	0.286378766270542
AT3G44150	0.286185190463407
AT1G08125	0.285574485623603
AT2G42260	0.28547659271171
AT2G40720	0.284306345016914
AT5G59890	0.284012773886249
AT5G22730	0.283584777559636
AT1G70550	0.281959474340663
AT3G47580	0.281149058744648
AT2G38810	0.281054248700273
AT3G59600	0.280593327522335
AT1G45249	0.280259176629148
AT1G28340	0.279486842470198
AT5G16730	0.279286789810914
AT2G25310	0.278005033560812
AT2G01120	0.277260845287897
AT5G11010	0.276555380212859
AT2G26990	0.27628894147444
AT5G26622	0.276125843884221
AT5G41270	0.275754305141696
AT1G06720	0.275703900307174
AT1G20490	0.274932991174572
AT3G26690	0.274278585813454
AT5G17460	0.274162780027758
AT5G04850	0.274095667955645
AT4G14510	0.273811830065811
AT1G76110	0.272597692588525
AT3G49250	0.270817859777523
AT1G74960	0.270534084392387
AT3G60286	0.270223095825396
AT3G60030	0.270104674272793
AT4G38940	0.269516358937666
AT3G16980	0.268621559637274
AT1G69970	0.268022012479002
AT1G68560	0.267421398417176
AT2G25570	0.267369512151412
AT1G13020	0.266118150633574
AT3G49890	0.265925196157495
AT2G44520	0.265465491649464
AT5G27690	0.265207849370868
AT5G20970	0.265097280741609
AT5G19680	0.264493465638768
AT1G04710	0.263862760022542
AT1G05620	0.263573061257856
AT2G34380	0.263241280401047
AT1G53680	0.263143191565304
AT5G56930	0.262451106932119
AT5G38360	0.262099452528958
AT5G65620	0.262083550997156
AT5G14570	0.261889606532366
AT1G79990	0.261721975285506
AT5G35910	0.261664504842876
AT3G54680	0.261158990416751
AT1G30540	0.260690143094198
AT2G27760	0.260287021830063
AT2G37630	0.260211596970041
AT1G77940	0.260190552016987
AT1G31320	0.258984624381955
AT1G11240	0.257914163627183
AT5G62410	0.257724324796421
AT4G18593	0.256601150044891
AT1G53850	0.255286863619416
AT1G29840	0.255279927699176
AT4G13110	0.254152104386544
AT3G53980	0.253891409640356
AT3G02650	0.253742268333783
AT4G21300	0.253290747083464
AT2G42770	0.25290539338361
AT4G35910	0.252893426898822
AT4G34390	0.252858844952682
AT4G17895	0.252342608244052
AT3G02520	0.251513141392045
AT2G33180	0.25059236313929
AT4G25440	0.250349844388778
AT5G64580	0.250345866267499
AT5G13960	0.249821145295846
AT5G06670	0.249645328206653
AT4G09620	0.248276401614673
AT1G27390	0.247932920842915
AT3G12690	0.247207783667069
AT1G72690	0.245411538364448
AT1G16780	0.244333342728504
AT4G03560	0.243129936416847
AT3G57340	0.242674868588213
AT1G79000	0.240973647091634
AT5G58330	0.240664103938332
AT3G21640	0.239841304796456
AT3G01140	0.238853187202782
AT5G40280	0.238622960743504
AT1G12000	0.238284741756589
AT1G22410	0.238016093689353
AT1G26640	0.237388530390667
AT5G05140	0.237135980101534
AT1G71080	0.236352026222332
AT4G19006	0.236327135664053
AT1G74410	0.235103620155411
AT3G61200	0.234643008319798
AT1G65620	0.234308989401958
AT1G69410	0.234153335470011
AT2G27450	0.23394746343598
AT4G04970	0.23315500907823
AT3G46060	0.23279089079609
AT4G10800	0.232569980509
AT2G19740	0.232533673508306
AT3G56030	0.232367625298131
AT1G24400	0.231009547997894
AT3G02090	0.230853537358661
AT2G20360	0.230065309605119
AT3G55040	0.230061144749689
AT1G59520	0.229353745023516
AT1G11450	0.229189447476366
AT5G07710	0.228955988284979
AT5G28640	0.227715819773589
AT4G26230	0.226734708190027
AT1G78700	0.22652424966315
AT3G28940	0.226159432207241
AT1G04830	0.22601972457375
AT3G27890	0.225507897031233
AT3G20890	0.225380711531119
AT4G12340	0.225203132513885
AT3G55820	0.224521373476339
AT1G79730	0.22369624973749
AT1G62990	0.223201786565074
AT1G20575	0.223166680363594
AT5G08780	0.222982825084934
AT1G59650	0.222763430264335
AT1G17780	0.222603630916298
AT1G71900	0.222431372521004
AT3G02740	0.222313514099895
AT3G16420	0.222285738830672
AT3G28030	0.221882558136525
AT1G44910	0.221801806735668
AT4G00810	0.221785793178549
AT5G43745	0.221294206993179
AT4G03250	0.221022208482543
AT1G30010	0.220757287017886
AT5G17840	0.220647422544225
AT4G32610	0.22062495177959
AT1G04555	0.219680185883932
AT5G03880	0.219595463111564
AT1G27435	0.219476993667365
AT4G26455	0.219381965019245
AT4G31390	0.219193201788205
AT3G63170	0.218498217845779
AT5G38380	0.218026405383188
AT2G03450	0.217645512262158
AT1G29220	0.21726033268617
AT1G79070	0.216716635445584
AT5G17250	0.216455174918349
AT1G05200	0.216336617057623
AT1G26600	0.21541883383958
AT2G21190	0.213425835587948
AT1G64550	0.213328459173193
AT5G23400	0.213211342508775
AT1G02010	0.213032718992103
AT5G23480	0.212936413832569
AT5G51940	0.211832460301771
AT2G11000	0.210598330621942
AT3G11240	0.209914944963627
AT1G65486	0.20964909427554
AT2G38710	0.208632219783883
AT1G18190	0.207891391715401
AT4G34460	0.207368411042522
AT3G59640	0.207341667864839
AT1G19700	0.207223648273009
AT2G28430	0.206463793679577
AT1G60070	0.204287619561893
AT3G13882	0.204051266374979
AT5G58740	0.203630664900807
AT5G20840	0.20351629374774
AT2G45830	0.202650814787718
AT1G78280	0.202434534363011
AT5G51290	0.202399899904379
AT4G30700	0.202137824870718
AT3G49920	0.201747902073471
AT1G47250	0.201200123285198
AT5G59720	0.201185123028849
AT3G55400	0.201043817006517
AT5G22280	0.200520243878211
AT3G07800	0.200306330969119
AT3G16650	0.19985824693711
AT3G50920	0.199814408559461
AT5G59160	0.199175423426061
AT4G14890	0.199025410061651
AT4G34050	0.198449325167769
AT5G08670	0.19712417660136
AT5G51430	0.196655237507702
AT2G44950	0.194919783194491
AT5G65470	0.194574891545532
AT2G17870	0.194014308248814
AT4G36290	0.19181804840595
AT1G14840	0.191695048217741
AT5G47580	0.19159885284094
AT1G14630	0.191231695397527
AT5G56360	0.190287721235646
AT1G13580	0.188128582284641
AT3G07100	0.187937140878948
AT5G11800	0.187532124228001
AT1G26570	0.187342289618056
AT4G05520	0.187086704741621
AT5G54670	0.187037319994651
AT1G11050	0.186199535429533
AT3G10270	0.185593773426366
AT3G13677	0.184296796291384
AT5G46550	0.184200617314531
AT1G19360	0.184173524589563
AT2G32770	0.182186176627774
AT1G67310	0.181793314057128
AT4G00570	0.181194050854934
AT4G33210	0.180859914876572
AT1G27380	0.179036257377983
AT1G31730	0.178806095331186
AT5G66530	0.178701051233975
AT5G10320	0.177830957601048
AT5G24170	0.177403740300787
AT3G45030	0.176602620084441
AT4G38920	0.176265467027589
AT1G58360	0.174590769888797
AT2G36960	0.174241978394322
AT3G61550	0.172709738573604
AT5G12100	0.171779440858682
AT2G27960	0.171375727208516
AT2G21500	0.171036429015245
AT4G21790	0.17016320696521
AT2G25920	0.169548980950062
AT3G23340	0.168341738497277
AT4G17020	0.168322130519882
AT1G78030	0.167352114701946
AT1G74900	0.167051332869711
AT3G07500	0.167029378506829
AT5G46100	0.165564078688776
AT1G27690	0.165175407156553
AT5G02065	0.164964025122633
AT5G64950	0.164929905823758
AT4G12290	0.16438763362588
AT1G16670	0.163983319830782
AT5G47320	0.163882520457796
AT3G48470	0.163259820086465
AT3G49310	0.163189117209917
AT2G18770	0.162558659650173
AT3G10350	0.162324034867577
AT5G47790	0.161023025422328
AT5G27470	0.1603571655112
AT5G20885	0.160353710228312
AT1G79930	0.160322359863667
AT5G45170	0.160276879087852
AT3G05050	0.159986845006277
AT3G24430	0.159682125807357
AT2G32530	0.159520986142944
AT1G26820	0.158426934563786
AT1G64040	0.15728776358175
AT3G56640	0.156943997016634
AT3G62910	0.156264921541414
AT1G63810	0.155859894920426
AT4G17540	0.155784639020445
AT3G05040	0.155256585994255
AT5G48680	0.15494864353357
AT3G63480	0.154260882394961
AT5G48790	0.153390394578818
AT2G20000	0.152569276628185
AT3G53320	0.151442487934198
AT1G16360	0.150924674881965
AT1G09630	0.150312240708259
AT3G11830	0.150031130985971
AT1G11800	0.149362400893335
AT1G03000	0.149147002002089
AT5G53060	0.148586406387911
AT3G01720	0.148524705568985
AT5G01400	0.148433094049609
AT5G11470	0.148427729612954
AT1G14310	0.147904496631951
AT2G01940	0.147811236011457
AT5G59000	0.14700187466673
AT2G05380	0.146275044060649
AT3G56190	0.145706371971193
AT4G04890	0.145492983547968
AT1G47410	0.145468499370179
AT5G19130	0.145192758899356
AT1G48030	0.144994098825111
AT4G08910	0.144865194426447
AT4G26520	0.144849784998429
AT2G24150	0.144290332601263
AT2G14120	0.143422203031673
AT1G08005	0.142923107202469
AT5G47260	0.142909755596406
AT4G09990	0.142863563357863
AT5G48810	0.142161845104525
AT2G19720	0.141293203211063
AT1G18670	0.141290593767549
AT5G67610	0.141258839419762
AT5G07980	0.141020046744298
AT2G22310	0.140103153927289
AT1G76570	0.139363624710604
AT4G28860	0.138902318124844
AT4G26860	0.13882405378064
AT3G02920	0.138337211015909
AT1G74130	0.136646290766155
AT2G46180	0.135749073393898
AT3G23790	0.135337523819844
AT5G64760	0.134452293702325
AT5G06950	0.133945318250344
AT5G59550	0.13393493583553
AT1G01730	0.133466763735153
AT1G71500	0.133444206238957
AT2G38470	0.133337962814431
AT2G34670	0.132706156617002
AT2G43850	0.132383982579184
AT3G44340	0.131396165750154
AT2G34060	0.130850699683226
AT4G38640	0.130817452934217
AT1G26830	0.130098260118034
AT1G56423	0.130079519801141
AT5G18500	0.129668325848932
AT5G12410	0.128387701814777
AT5G11560	0.12742110331546
AT2G02040	0.126862216452359
AT2G45200	0.126413016229719
AT1G11570	0.126351431929433
AT5G42200	0.124890733508427
AT3G04890	0.124523562799544
AT3G57910	0.124500132101163
AT2G38140	0.124418302372434
AT3G52570	0.124103472416164
AT5G08110	0.123913391546626
AT5G53592	0.123871770225986
AT4G03415	0.123693809466286
AT5G23630	0.123248296483472
AT5G13530	0.122536549557106
AT1G31010	0.122319826436538
AT1G12680	0.12091880494238
AT1G69720	0.120447444748214
AT4G19003	0.120297244355619
AT4G15700	0.120162753251162
AT3G24040	0.119589915536407
AT2G44050	0.118992407276932
AT5G46085	0.118919752844284
AT1G31660	0.118707049346043
AT3G07670	0.118402425659082
AT4G35550	0.118328569246663
AT2G28880	0.11693979349643
AT4G24710	0.116016930503771
AT2G48060	0.115854099132395
AT4G13992	0.115194155093581
AT5G54910	0.115045236207896
AT1G01020	0.115026562278634
AT3G03890	0.114543187586245
AT2G16070	0.114349603316993
AT4G18570	0.114201502827995
AT2G20140	0.114121309090607
ATCG01020	0.113914308896887
AT2G05260	0.11336310792127
AT1G69620	0.113118291741294
AT5G10336	0.11282471236507
AT2G06025	0.112738128111073
AT1G63540	0.112612010830749
AT5G09920	0.112423680665063
AT5G61410	0.112301170119657
AT2G45290	0.110779713002747
AT5G60580	0.110744378080716
AT1G49620	0.110569606102989
AT4G25100	0.109974260432504
AT3G06120	0.109574849957608
AT3G48860	0.109499779633495
AT2G22660	0.109486538489396
AT5G13220	0.109232222179591
AT3G27320	0.108601776577218
AT3G45770	0.107779416370933
AT1G04210	0.107026769718281
AT5G18120	0.106443945943739
AT4G33630	0.105893994030586
AT1G03200	0.10560632697112
AT5G08750	0.105551872845819
AT1G69280	0.105017847975809
AT2G17200	0.104777115422286
AT1G52600	0.104741024658578
AT1G63470	0.104554749510193
AT1G67870	0.104547461691032
AT3G07530	0.104402333035006
AT5G01940	0.104327653875781
AT1G09645	0.104136208098017
AT4G32970	0.103709507970487
AT3G22820	0.103579757674023
AT1G18000	0.103359816799579
AT2G02910	0.103304119255776
AT2G41520	0.102885108680587
AT2G18876	0.102035628653389
AT1G73770	0.101641451495461
AT1G25682	0.101606409787793
AT3G16750	0.101199973866661
AT3G53090	0.100054899337764
AT1G24460	0.0996450701039004
AT1G21070	0.0991138645776641
AT4G32620	0.098816394009833
AT2G44525	0.0986202320489154
AT3G01200	0.0984473670460271
AT3G05750	0.0982329382450493
AT2G37660	0.0977861022441845
AT3G54540	0.0965624926352559
AT4G02840	0.095993518264832
AT2G29420	0.0956628855148077
AT2G24570	0.0945655179190506
AT4G29000	0.0943414355193405
AT1G80570	0.0941286907292063
AT3G20550	0.0937819249969103
AT3G53180	0.0937586499187278
AT5G16710	0.0931455196595996
AT1G74510	0.0916255421695934
AT1G65250	0.0914755371082946
AT3G45440	0.0902096556811201
AT4G34670	0.0900050114180815
AT1G74260	0.089975524511561
AT4G33320	0.0886157118928807
AT1G21410	0.0863786859516237
AT1G64300	0.0863617445191049
AT2G33450	0.0856437825800975
AT1G61030	0.0852928041803591
AT4G03020	0.0852789488295179
AT5G02240	0.0852690445408726
AT4G08470	0.0852083333634287
AT2G38230	0.0851858919095526
AT5G01110	0.0844253879285647
AT3G01180	0.0844011744857586
AT1G22050	0.0842995176730757
AT1G17440	0.0842096382645778
AT1G04960	0.0837201629174286
AT5G47420	0.083607356950983
AT1G78050	0.0834333971250549
AT1G03750	0.0832679580694496
AT5G42460	0.0823578398556238
AT5G19660	0.0815863956628157
AT1G54710	0.0813710212016122
AT4G32120	0.0810545103499862
AT4G08920	0.0810520995622913
AT4G37220	0.0810156983746721
AT3G13782	0.0805953893539027
AT5G51280	0.0801913481843994
AT1G55325	0.0797059337351737
AT3G20910	0.0795894431401119
AT1G22660	0.079567283596913
AT4G28706	0.0790916498829868
AT2G44980	0.0785723895398075
AT5G53080	0.0784943602147344
AT2G41020	0.0781423065766942
AT4G31030	0.0780556114595314
AT2G32880	0.0772517298017759
AT3G45750	0.0768283803830783
AT3G14467	0.0764241248111314
AT5G04740	0.0760235344224509
AT2G21240	0.0749590281903808
AT4G35570	0.0728915411205868
AT4G08580	0.0728092029544572
AT2G42300	0.0712612203605259
AT4G38320	0.0707440879529848
AT1G24405	0.0706946819482836
AT3G09085	0.069553066567735
AT2G32980	0.0692838317090925
AT1G73680	0.0686395863308864
AT2G42890	0.0677415210321003
AT1G62730	0.0676620108306459
AT1G64360	0.0666797972442337
AT5G18400	0.0658588324865548
AT2G40420	0.0658240319318587
AT4G30890	0.0654630019049412
AT2G17150	0.0653863094239236
AT5G61880	0.0644541721051578
AT3G06330	0.0644279487010555
AT1G04930	0.0642084293540303
AT3G05180	0.0634011625925817
AT1G51390	0.062514134906479
AT2G28160	0.0621909533663723
AT3G10840	0.061711007884731
AT4G00940	0.0615756517332326
AT3G15010	0.0614039089346987
AT1G76065	0.0612803703867694
AT3G21820	0.0608958087010948
AT2G35330	0.0592048955533147
AT5G64160	0.0588942538495528
AT1G24150	0.0585846086613243
AT3G24670	0.0585379882783471
AT5G66470	0.0574813355462763
AT3G04960	0.0574139566815365
AT1G03610	0.0572029900399816
AT1G34065	0.056828583545037
AT3G03120	0.0565505449628612
AT4G29990	0.0560949398635887
AT2G24765	0.0559483899174984
AT5G54680	0.0551164887239268
AT3G10605	0.054610328173858
AT5G44650	0.0542295714714244
AT5G13950	0.0540847460783255
AT1G13210	0.0534707379844264
AT3G13845	0.0523733725403664
AT3G08010	0.0516718791311685
AT1G71750	0.0501089453505065
AT1G19020	0.0496148924797858
AT5G26830	0.0479491430019762
AT2G22530	0.0478433785680078
AT5G17900	0.0476358589694676
AT2G21640	0.0474023056418695
AT4G08790	0.0471242957211003
AT2G44650	0.0469177064093689
AT1G15430	0.046690265164651
AT1G66140	0.046452342450112
AT5G08450	0.045763314372316
AT1G11750	0.0447998530699974
AT1G70700	0.044299350125394
AT2G45540	0.0435059436301491
AT4G33130	0.0429627582095571
AT3G59530	0.0414336186667815
AT1G12120	0.041246178931013
AT2G32090	0.0407608332571382
ATCG00530	0.0390316392515235
AT5G27820	0.038869109559192
AT1G01720	0.0377768662891243
AT5G10560	0.0375752611884453
AT5G27550	0.0374648453412016
AT3G06300	0.0374177278368433
AT3G26300	0.0370613167364573
AT4G34620	0.0369554937495934
AT3G53390	0.0367744573679612
AT5G52890	0.0365861558102366
AT3G47850	0.0364659509171834
AT3G13674	0.0364045712540891
AT3G15920	0.0361346062427432
AT1G16650	0.0352714656415604
AT2G40940	0.0352606017344498
AT5G14850	0.0350740709279816
AT4G39990	0.0349082585224227
AT1G47278	0.0328855700840661
AT5G58230	0.0324070251510624
AT5G38630	0.0321905008086432
AT1G08600	0.0318419266177545
AT5G43010	0.0314663565291082
AT1G15960	0.0308742511116751
AT2G35610	0.0303687057301077
AT2G27350	0.0298566909397271
AT1G30090	0.0295120245630158
AT5G47040	0.0289723891995821
AT2G26030	0.0289148054771628
AT3G11820	0.0280867700717193
AT5G63380	0.026946016990075
AT3G53750	0.025303454259311
AT1G04860	0.0248115639596392
AT3G25410	0.0247315527155836
AT5G58940	0.0236384807384927
AT2G21530	0.0232107106889303
AT4G28910	0.0225533540742933
AT5G59980	0.0225379127023171
AT1G09100	0.0222018527451459
AT1G68790	0.0219334055692864
AT4G10360	0.0203439720810326
AT2G46380	0.0192356448696992
AT1G22870	0.0182841092443944
AT5G02060	0.0181333285594031
AT1G21720	0.0173312399350858
AT1G17040	0.0166509186063457
AT3G61150	0.0160748663868694
AT1G68370	0.01560790115395
AT5G39600	0.0153806943545116
AT4G24050	0.0147283484001881
AT2G21470	0.0133842396882017
AT1G72880	0.0133382869873306
AT1G67140	0.0132870917366596
AT4G05040	0.0125607143019059
AT1G01900	0.0124032399450489
AT5G35590	0.0118695742449432
AT4G30993	0.0110423785063017
AT1G49300	0.0105456221358005
AT4G13150	0.0104011622716336
AT5G54440	0.00840954236260995
AT1G17930	0.00827897352395664
AT1G15880	0.00815939041439027
AT3G04090	0.00809270745723792
AT3G27906	0.00761206205963532
AT5G09980	0.00694261291825709
AT2G19430	0.00669879726784706
AT1G47500	0.00667039325216532
AT5G04090	0.00306707499243738
AT2G32760	0.0023842417517931
AT5G16280	0.00180791246632124
AT3G55350	0.00135127133806098
AT3G49725	-0.00055977861330068
AT1G53060	-0.000878853146477809
AT2G25950	-0.000980494173884053
AT4G32700	-0.00106276299585409
AT5G58690	-0.00157352183488819
AT5G42140	-0.00199157449919925
AT1G53910	-0.00232471659490506
ATCG00070	-0.00282103101701022
AT5G64010	-0.00295604530991981
AT3G15390	-0.00305649892518983
AT2G28810	-0.00389000036732175
AT1G63490	-0.00428767466127376
AT1G75880	-0.00447219644863365
AT1G29250	-0.00454437266668613
AT4G00590	-0.00530706260860673
AT5G27240	-0.00541348197958311
AT3G48210	-0.00554960710152605
AT5G45500	-0.00580170423678195
AT3G22425	-0.00581517050804008
AT4G23660	-0.00593006010030714
AT4G39880	-0.00636998870753533
AT4G03260	-0.00660378874870991
AT2G37840	-0.00730734422469675
ATCG00670	-0.00835573999034833
AT1G72800	-0.00860727699436614
AT2G19490	-0.00918305772614662
AT5G16530	-0.00944041917045471
AT5G10330	-0.00980368951834442
AT4G23885	-0.0103494689364526
AT5G38850	-0.0107945983174423
AT3G49600	-0.011047278971034
AT5G41070	-0.0112031296984684
AT5G63440	-0.0113493760271236
AT2G30480	-0.0114349602341154
AT4G24970	-0.0116182002127453
AT3G22980	-0.0117091302607179
AT1G50700	-0.0118595863231184
AT4G39470	-0.0119462800499791
AT2G01650	-0.0123975483519874
AT3G07050	-0.0126924359533545
AT2G37450	-0.0136743421684484
AT5G12310	-0.0142070512113512
AT5G02400	-0.0149806656821296
AT1G17530	-0.0152315522709657
AT1G71810	-0.0160114289179598
AT2G02090	-0.0161414192784719
AT4G17010	-0.0161922098126389
AT2G43990	-0.0170267197665099
AT3G19830	-0.0189100258583257
AT5G45260	-0.0189938544013291
AT3G09810	-0.0190053933878448
AT4G20350	-0.0195313181454593
AT5G53310	-0.0200090080959041
AT2G32940	-0.0205738967315895
AT3G25710	-0.0205847620070426
AT1G12530	-0.0212093651989948
AT1G01100	-0.0215806623456465
AT5G41150	-0.0218793381635371
AT5G16610	-0.021894886662521
AT3G09710	-0.0223014570279796
AT1G15690	-0.0226092902717317
AT1G26690	-0.0229643340315924
AT1G33120	-0.0237842220715129
AT5G66360	-0.0245266157443576
AT1G06820	-0.0256441934684982
AT4G30800	-0.0259896008709377
AT1G50320	-0.0262680447065129
AT4G14160	-0.0263931972183716
AT3G52155	-0.0266754718192208
AT1G20810	-0.026712929806549
AT5G23200	-0.0269058543256448
AT1G31650	-0.0272418523208835
AT2G47210	-0.0272904650963592
AT5G55180	-0.0277166402943808
AT2G28410	-0.0285616633793393
AT5G45350	-0.0293891106060363
AT5G63760	-0.030350461636949
AT3G61480	-0.0307264080739077
AT4G35560	-0.0307406345119382
AT5G10550	-0.0311111630397908
AT5G28050	-0.0311651689952362
AT3G13770	-0.0314836956196558
AT2G24090	-0.0319043467451995
AT3G09760	-0.0322250181179728
AT2G39170	-0.0324471171879895
AT2G26590	-0.0333203557985714
AT4G22320	-0.0339255753502965
AT3G55490	-0.0352898765749353
AT1G16270	-0.0355099533382324
AT3G01345	-0.0355358928349137
AT5G12430	-0.035996848806696
AT3G14580	-0.0370826988008834
AT2G45920	-0.0374082392713356
AT1G50200	-0.0386710645729861
AT4G17350	-0.0387591807847066
AT5G38730	-0.0402294158538381
AT5G07910	-0.0404300610425218
AT3G51530	-0.0406092825603526
AT5G45900	-0.0406100119930553
AT2G39850	-0.0406991901739641
AT1G07980	-0.0414730172439934
AT2G03670	-0.0428558968664615
AT4G00660	-0.043111236392917
AT5G54090	-0.0443917052284317
AT5G15020	-0.0447200748633636
AT4G11300	-0.0449946265522295
AT5G54260	-0.0457583451515297
AT5G44040	-0.0458310429671399
AT5G09960	-0.0458515560265981
AT3G49490	-0.0459986625275794
AT2G32900	-0.0461746275053248
AT2G14825	-0.047355350670992
AT5G25754	-0.0475097595065609
AT3G53440	-0.0481106518381453
AT4G31850	-0.0481136346324033
AT5G15550	-0.0498093668748143
AT2G21300	-0.0500143496156713
AT1G60230	-0.0503670085045025
AT5G54890	-0.0507166974018536
AT1G50140	-0.0523633749849663
AT3G23200	-0.0527172176591414
AT1G32240	-0.0531539288643353
AT3G03420	-0.0538518713220984
AT3G54610	-0.0540835728413544
AT4G02560	-0.0541429291144811
AT5G40740	-0.0543158700777483
AT3G18210	-0.0545778563923765
AT1G22860	-0.0545793442005058
AT5G08420	-0.0553688838579508
AT3G47990	-0.0555952273907483
AT3G48440	-0.0557836684145583
AT1G04310	-0.0558113404464186
AT3G24180	-0.0559291533663015
AT2G32295	-0.056067517122767
AT3G22630	-0.0570659858185783
AT1G01960	-0.0572069493174239
AT3G58940	-0.0572072522218617
AT2G19470	-0.0575777935199906
AT5G46700	-0.058992310133952
AT3G29010	-0.0592538658847256
AT1G51350	-0.0599536334422648
AT5G49880	-0.0610112872750583
AT5G64050	-0.0614789963140243
AT4G09580	-0.0615088067959173
AT2G20410	-0.0615212923969586
AT2G05590	-0.061544438705106
AT5G57020	-0.0618259128125344
AT3G21295	-0.0618671583442792
AT3G26400	-0.0622126370059307
AT3G63310	-0.0628580937557331
AT1G27980	-0.0653965479003552
AT1G76080	-0.0656857045657344
AT5G52120	-0.0658497585523511
AT1G13390	-0.0666410145041849
AT5G41240	-0.0667152514601337
AT1G76150	-0.0668693923995924
AT2G38940	-0.0681537652551913
AT1G26460	-0.0686750016543106
AT2G15695	-0.0691131411083601
AT3G55600	-0.0692433046758103
AT3G51870	-0.0693278661785065
AT1G32740	-0.0698348916322788
AT3G47300	-0.0698739750831544
AT5G47970	-0.072007622260009
AT1G16320	-0.0726423851413471
AT4G25180	-0.0727456014538553
AT1G14410	-0.072819241862583
AT2G45100	-0.0732775482268323
AT3G32940	-0.0733346996206391
AT1G54170	-0.0740515636414776
AT1G15900	-0.07412756956403
AT3G60830	-0.0743542346021999
AT2G17390	-0.0745444294257827
AT4G37640	-0.0747584982671968
AT2G34530	-0.0753922542627306
AT5G53570	-0.0760217974895616
AT2G07340	-0.076830240328968
AT1G61980	-0.0774408542910132
AT3G47910	-0.0778414129375023
AT5G03495	-0.0781299552035603
AT2G39690	-0.0781486959715665
AT4G39160	-0.0782990452724505
AT3G11330	-0.078641398428297
AT2G25290	-0.0792164475278134
AT3G15550	-0.0794608663310832
AT3G26590	-0.0796919467677475
AT3G50270	-0.0799139126236244
AT5G52960	-0.0803828787682412
AT2G33255	-0.0804608005210881
AT5G47860	-0.0809350310481053
AT4G23710	-0.0810868456064662
AT4G12580	-0.0812832510090152
AT1G06150	-0.0815478127263597
AT5G52520	-0.0815609689915678
AT3G17840	-0.0819613833625389
AT2G43800	-0.0825141474629005
AT1G19150	-0.0831009660139999
AT1G50450	-0.0836512934406203
AT2G22970	-0.0837277308225742
AT2G41610	-0.0844339716481626
AT1G20870	-0.0852584734820657
AT1G53780	-0.0854575312509915
AT4G06599	-0.0858790743191364
AT1G63610	-0.0866544588194821
AT5G64030	-0.086706398829103
AT2G45630	-0.0876158406533686
AT1G05140	-0.0882305823167765
AT5G63310	-0.0885302562369135
AT4G32208	-0.0885712142041641
AT2G19930	-0.0890336936247447
AT5G11270	-0.0907507493832251
AT5G12220	-0.0930194767018393
AT4G15930	-0.0934143748085923
AT4G15240	-0.0937202712556024
AT4G15790	-0.0940295717315439
AT5G23290	-0.0940999662419498
AT3G60040	-0.0949754437722651
AT2G03980	-0.0954775385032968
AT4G21326	-0.0956234460277358
AT4G29360	-0.0957888071750389
AT2G43250	-0.0958995993896697
ATCG00430	-0.0961283731702014
AT4G00930	-0.0963092817225153
AT4G26450	-0.0963360972877579
AT1G06570	-0.096900642013732
AT3G23990	-0.0972319378758584
AT1G11870	-0.097858027133704
AT5G23900	-0.0979691293648338
AT5G61030	-0.0982554418092859
AT5G06811	-0.0985259316784276
AT1G36320	-0.098738529132776
AT5G40710	-0.0995399798727902
AT5G52440	-0.0995862876875192
AT5G17650	-0.0996146583368288
AT5G22010	-0.101157864581213
AT5G61910	-0.102458681917054
AT5G09580	-0.102965610078134
AT2G23360	-0.104235006711197
AT3G22210	-0.104416355032567
AT5G02320	-0.105225210737882
AT1G66680	-0.105449300205428
AT1G63160	-0.105654316627375
AT2G33560	-0.105703079404331
AT4G24560	-0.105724748281386
AT4G01070	-0.105979839861375
AT2G18220	-0.106334738704214
AT2G39100	-0.107649978783649
AT3G61113	-0.110281912007446
AT5G47430	-0.110582273285622
AT5G05730	-0.110918791221391
AT5G04620	-0.111382397585894
AT3G54180	-0.112254478144966
AT1G78770	-0.1141150199297
AT3G26060	-0.114375188600328
AT5G50530	-0.114640968877571
AT1G12820	-0.114920645987838
AT2G13440	-0.115525914184159
AT3G62870	-0.115772862844679
AT5G08010	-0.117574574252018
AT4G00290	-0.1175884898956
AT5G40610	-0.117892292457518
AT2G39280	-0.118392138043855
AT3G17680	-0.11857434704717
AT5G66010	-0.118728822601926
AT3G17780	-0.119191175399839
AT2G15000	-0.119866422446697
AT1G21780	-0.120130063153471
AT1G32870	-0.121155744660765
AT1G12410	-0.121412221539952
AT4G28590	-0.121653563841632
AT1G74720	-0.121787321973177
AT1G28960	-0.121906016999737
AT1G71100	-0.123387234560586
AT4G28950	-0.123456247883653
AT4G26000	-0.124220273142817
AT3G20200	-0.124361953585973
AT2G03070	-0.124456060847135
AT5G16910	-0.124814317148212
AT5G63460	-0.124862960628935
AT5G53430	-0.128396547163155
AT3G53900	-0.12928301695448
AT3G01750	-0.130165526054082
AT5G49460	-0.130275088823964
AT5G60170	-0.131379294573642
AT4G21400	-0.131624812575965
AT5G50230	-0.131754821136691
AT4G36270	-0.131998577034266
AT5G65687	-0.132674379405377
AT3G12250	-0.133350064234687
AT5G62650	-0.133600025340024
AT4G36390	-0.134993365295394
AT3G14172	-0.13665752543497
AT3G11110	-0.137230472366398
AT1G19350	-0.138022251823482
AT1G16710	-0.138255980956106
AT2G42960	-0.138808595415929
AT1G47970	-0.139820190689552
AT1G20140	-0.140169372224838
AT1G09290	-0.141072087718286
AT1G28395	-0.141189072835286
AT3G05936	-0.141743022257033
AT5G06100	-0.141978504124303
AT5G10430	-0.142741156504648
AT5G66320	-0.142973620805772
AT5G19370	-0.143064432945232
AT3G45680	-0.143210117325668
AT5G02850	-0.143308431286943
AT5G11510	-0.145204745027201
AT1G12850	-0.146273341748612
AT3G06320	-0.146476118387077
AT4G30870	-0.146493916305225
AT4G02075	-0.146752217667825
AT1G53750	-0.147072778631859
AT5G45390	-0.147174673991709
AT2G04845	-0.148059205649089
AT3G12270	-0.148190814070609
AT4G01290	-0.149272260988992
AT1G68580	-0.149568886798448
AT2G42690	-0.149840953883336
AT1G45150	-0.150371058697025
AT1G26170	-0.150793720506793
AT2G36720	-0.150924109971433
AT5G41130	-0.151163247413874
AT1G75335	-0.151588732653061
AT1G07950	-0.152840533779718
AT4G36190	-0.153305653994749
AT4G08510	-0.153438237838708
AT1G47720	-0.153542087703564
AT5G05630	-0.153904379930003
AT3G10250	-0.153917098901186
AT5G54800	-0.154882762344311
AT2G36500	-0.155206569369243
AT3G01980	-0.155274087080138
AT3G12020	-0.15536235487121
AT1G17560	-0.156477921015906
AT5G53130	-0.157190400290244
AT2G04170	-0.15754982389003
AT5G17570	-0.158428682729178
AT1G66510	-0.158689388281803
AT3G63530	-0.158777328440647
AT2G19460	-0.160146027485274
AT4G22340	-0.161041391842047
AT1G67690	-0.162133772256241
AT3G18640	-0.163179417535316
AT5G03080	-0.163434706413639
AT2G27020	-0.16368183352899
AT5G22780	-0.164491357899017
AT3G51120	-0.165705384578022
AT5G24310	-0.165867897706219
AT3G56490	-0.166286821453693
AT2G37330	-0.167120948035643
AT4G25280	-0.167283074868165
AT1G29440	-0.168313763841501
AT3G51770	-0.168466074468427
AT1G62250	-0.169336500542414
AT4G15475	-0.169484018509585
AT5G49960	-0.169629632718229
AT4G35220	-0.170404049411096
AT1G76530	-0.170414305658431
AT3G24010	-0.171197929746155
AT2G20180	-0.171522291103281
AT3G07550	-0.172339843084268
AT2G36240	-0.172846212146366
AT3G02580	-0.173660339966399
AT2G42820	-0.173769402450289
AT3G54030	-0.17415006501123
AT3G62970	-0.174241645819525
AT5G36890	-0.174568092733507
AT5G23800	-0.175016299831187
AT2G21600	-0.175156425679045
AT1G63120	-0.177085764509814
AT3G07660	-0.177395208657599
AT1G13220	-0.177471188982674
AT2G28620	-0.177996712145287
AT1G21350	-0.178121664708907
AT3G19630	-0.178418841844567
AT1G14642	-0.178459942299245
AT3G60850	-0.178522274810651
AT2G32040	-0.179189498983399
AT4G24570	-0.179260999419444
AT1G50240	-0.179694379754917
AT1G63170	-0.179849389545683
AT3G02950	-0.179967122073094
AT5G16370	-0.180586913934271
AT1G74240	-0.18178613736872
AT5G07770	-0.183230999409982
AT5G58470	-0.183274678697811
AT3G15190	-0.183639238662584
AT1G46264	-0.18400844988163
AT4G21460	-0.184208897043855
AT4G27745	-0.184363665368369
AT4G29790	-0.184364928944163
AT1G10510	-0.184784258363992
AT3G19508	-0.184809310394747
AT1G54450	-0.185187592733623
AT4G32660	-0.185196826732643
AT3G06480	-0.185494633028812
AT4G00780	-0.186510944823045
AT2G14850	-0.186881256934439
AT5G05570	-0.187592676174685
AT5G46850	-0.187664000387997
AT3G44890	-0.187726131063569
AT2G26570	-0.18833391336192
AT5G27950	-0.18967270891111
AT5G04050	-0.189894695261764
AT2G24650	-0.190053755225274
AT2G40730	-0.190417501238041
AT5G64667	-0.190717292141534
AT1G44920	-0.190835681727937
AT3G54560	-0.191542724130615
AT2G37890	-0.191612495573015
AT3G25880	-0.191668643955632
AT1G50620	-0.191995384710426
AT5G58340	-0.192629905800696
AT1G18270	-0.194239704638782
AT5G67130	-0.194269588459674
AT1G56570	-0.194740611465437
AT3G10700	-0.19516778950987
AT2G45450	-0.195233590487836
AT4G04870	-0.195353524716175
AT1G52827	-0.196274658254326
AT4G33925	-0.196484374266169
AT1G16916	-0.196809937793497
AT3G07430	-0.197433458302223
AT5G03850	-0.197624717619525
AT1G78560	-0.198331003554531
AT2G39650	-0.198711845882899
AT5G08360	-0.200848685806051
AT3G27870	-0.200892913760699
AT2G06845	-0.201017352184533
AT2G28940	-0.201267909794067
AT2G45260	-0.20206474271053
AT3G03970	-0.2022693983464
AT4G28740	-0.20227680905489
AT5G03070	-0.202888642024399
AT1G25375	-0.203267877245953
AT1G59960	-0.203600304863397
AT5G19485	-0.203644662339194
AT1G01370	-0.204450209306365
AT3G26570	-0.205275525522457
AT4G30730	-0.205632820638175
AT1G13320	-0.206760860119858
AT1G75350	-0.207025522696124
AT3G28450	-0.207708715060295
AT2G47850	-0.208078955391893
AT1G07030	-0.210048639596874
AT5G59500	-0.210179857770874
AT1G29370	-0.210602027417895
AT1G14687	-0.210701949161208
AT5G64830	-0.210763866762578
AT2G17720	-0.211248025009457
AT2G37320	-0.211315469392581
AT5G43900	-0.211388786626015
AT3G22760	-0.212611194733208
AT5G62390	-0.212975386227055
AT1G49380	-0.213912882143194
AT1G13120	-0.214768272573564
AT3G05670	-0.214775156544601
AT1G80860	-0.214879022391409
AT4G23460	-0.215075585880663
AT4G21070	-0.216305406745418
AT4G24820	-0.216924097360473
AT3G07540	-0.217651414946561
AT4G35880	-0.218084581175456
AT2G33735	-0.218976121632286
AT2G40640	-0.219485071508585
AT2G31530	-0.219764321729239
AT5G17530	-0.219777888474466
AT1G08410	-0.220124691226714
AT4G32295	-0.220151164857294
AT2G01080	-0.220370236155719
AT3G51030	-0.220512675427992
AT3G47450	-0.22085681360261
AT1G14230	-0.221153369814552
AT1G63460	-0.221260970254991
AT5G13360	-0.221926453017364
AT1G79640	-0.22207446737527
AT4G02930	-0.222188788250293
AT4G09350	-0.222617592531904
AT4G39900	-0.222943249689573
AT5G58200	-0.22302863357985
AT5G05660	-0.223059421537002
AT1G29420	-0.223817837037517
AT4G36795	-0.223829223189437
AT2G30933	-0.224174175042697
AT5G43880	-0.224428407254578
AT3G58010	-0.22473596582886
AT1G22710	-0.225217470915932
AT1G30640	-0.225823359365173
AT5G66860	-0.226030947399198
AT5G58190	-0.226076354585025
AT5G03800	-0.226659056628172
AT4G33300	-0.227032158113291
AT5G28740	-0.227670046951593
AT5G17850	-0.227764712024043
AT2G39260	-0.228160106094535
AT1G54380	-0.228657781930581
AT1G20980	-0.229351239967052
AT2G14890	-0.230033799029393
AT1G24706	-0.231866003338756
AT4G39630	-0.233030460298397
AT1G14810	-0.233767056638213
AT5G16930	-0.233839419077992
AT3G48100	-0.233846707130649
AT3G02450	-0.234593118604221
AT1G52320	-0.234761935019173
AT1G48090	-0.234850086509433
AT2G24260	-0.234864114460761
AT4G08310	-0.234875872084999
AT2G05920	-0.235440248058085
AT3G25230	-0.23571912480916
AT3G58220	-0.235738616298926
AT3G12680	-0.236737337685813
AT5G15537	-0.23741694755995
AT3G02555	-0.239569448325401
AT5G26210	-0.239774648375532
AT1G74580	-0.240221753921768
AT1G49590	-0.241216779136885
AT5G13560	-0.242176066216771
AT2G41200	-0.242293072166017
AT3G13437	-0.242324065982371
AT1G30040	-0.242491929243562
AT1G05210	-0.243044929561328
AT5G17060	-0.24359683313431
AT5G37000	-0.24362901675213
AT1G17980	-0.245467226776522
AT2G15270	-0.246363867888119
AT5G19210	-0.246386583009028
AT2G36885	-0.246509091316556
AT4G12230	-0.248170698990444
AT2G45870	-0.248413828445181
AT5G16470	-0.249545537436737
AT1G10720	-0.249878762769999
AT4G32410	-0.250063646470229
AT1G56350	-0.251533555234814
AT5G54860	-0.252500372229392
AT2G41780	-0.252694629550805
AT1G18890	-0.253982721962886
AT3G27930	-0.254202500372379
AT3G61650	-0.254516931929903
AT2G30050	-0.255368860364093
AT4G15820	-0.255447619340522
AT4G14720	-0.256230313022414
AT4G18830	-0.257960477398007
AT2G18560	-0.258485706836879
AT2G30600	-0.258531208649393
ATCG00630	-0.26019306679943
AT5G14610	-0.26042987627856
AT3G18240	-0.260735459910309
AT1G05850	-0.261655685068381
AT3G07260	-0.261794142199857
AT3G46590	-0.26259196550524
AT2G38300	-0.262776011600363
AT1G35180	-0.26315250687232
AT1G68570	-0.263454327211777
AT1G57870	-0.264598444537589
AT1G55540	-0.26571354215456
AT4G19095	-0.266488995675296
AT5G40405	-0.266762332880741
AT3G62900	-0.267128868772249
AT1G14520	-0.268203672037264
AT2G20130	-0.268261960841978
AT4G14300	-0.268371245046552
AT5G24165	-0.268636325143545
AT3G49530	-0.269049928814096
AT5G51410	-0.269058531916369
AT3G16290	-0.269557753492833
AT3G58640	-0.2705656061366
AT5G06580	-0.272898671907565
AT1G12700	-0.272913792173809
AT5G62200	-0.27396602883535
AT3G03305	-0.274219041825736
AT5G01700	-0.274928874210302
AT2G31070	-0.276746853444692
AT2G44120	-0.276876666241687
AT5G03030	-0.276982044108878
AT5G14440	-0.27768652393425
AT1G48490	-0.278041623357669
AT2G26860	-0.278062927410705
AT1G50120	-0.27821582648316
AT3G22220	-0.278658416943548
AT5G66930	-0.278711384852423
AT2G24970	-0.278895372898896
AT1G56590	-0.278945808300956
AT3G48570	-0.279113522609076
AT2G40060	-0.279302029018592
AT5G61980	-0.279912616410936
AT5G09420	-0.280982043436698
AT2G45770	-0.2813538654025
AT1G13780	-0.282407923738343
AT5G23520	-0.282567353642793
AT3G07930	-0.283857272648795
AT5G43500	-0.284637848700194
AT2G13600	-0.285389293343415
AT3G28730	-0.285449466253195
AT4G29780	-0.285824189992422
AT3G33528	-0.285863928012985
AT5G36950	-0.285921098847994
AT1G32360	-0.286183388806668
AT4G11630	-0.286708472557868
AT3G22990	-0.286771388605717
AT4G17310	-0.287420629822691
AT1G62380	-0.28818663356953
AT3G03350	-0.288374378609714
AT1G55130	-0.288444906137676
AT4G11440	-0.288779062791805
AT2G36355	-0.289234203074302
AT3G11945	-0.290027049807368
AT5G51370	-0.290469186252918
AT4G33865	-0.290537101448162
AT1G71180	-0.291524892460797
AT3G15352	-0.29202558400252
AT4G14640	-0.292083989135774
AT1G52520	-0.292190047754919
AT1G09710	-0.292254395277832
AT3G02420	-0.294530359492117
AT3G17850	-0.295311140797272
AT1G14140	-0.29589190038687
AT4G25610	-0.296572813201794
AT2G30720	-0.297128321621959
AT2G32910	-0.297185000268872
AT2G04230	-0.298275163379911
AT5G46150	-0.299016547953738
AT1G26230	-0.300769350452986
AT4G10030	-0.301548759035227
AT3G03750	-0.302433777020948
AT3G02780	-0.304166680457491
AT1G45130	-0.304484836516074
AT4G03340	-0.304888907723195
AT2G26580	-0.305299129035506
AT4G36650	-0.305432607571322
AT1G60700	-0.306058409019682
AT1G24300	-0.307895800086424
AT5G53470	-0.308361373876427
AT2G43420	-0.308468886087729
AT1G17820	-0.308628216455578
AT1G10920	-0.309099553950754
AT1G15720	-0.309111565697844
AT1G13880	-0.309202791188174
AT1G27470	-0.309384044723547
AT2G41980	-0.310298234030843
AT3G18760	-0.312127711409527
AT1G23900	-0.313246760842167
AT1G60170	-0.313420048802112
AT3G61370	-0.314272468451643
AT2G16900	-0.314940517989559
AT5G44450	-0.315016060359139
AT5G18390	-0.316190999786322
AT4G03100	-0.316258696433164
AT4G32900	-0.316330021626795
AT3G56440	-0.316831577513383
AT1G20230	-0.316853478167711
AT4G29240	-0.317147830907123
AT3G23920	-0.317694168045686
AT5G05740	-0.31810247896394
AT2G36570	-0.318442972326693
AT1G17145	-0.318699123800021
AT1G10330	-0.31909092677187
AT5G19600	-0.319659687951686
AT5G01190	-0.319669383465018
AT5G27860	-0.321881690449693
AT4G28220	-0.322156637357634
AT5G22220	-0.322666514258084
AT1G56440	-0.32310509798156
AT2G05810	-0.323674372875765
AT3G11810	-0.324072692572262
AT3G54900	-0.32438734744744
AT3G11590	-0.324744520809988
AT5G40330	-0.324931108282863
AT1G13920	-0.326202141814239
AT3G22230	-0.326524086732409
AT3G03160	-0.32652767016459
AT5G65560	-0.32684137898456
AT2G13540	-0.326933421281249
AT2G35530	-0.327554478051907
AT1G01840	-0.327598950373137
AT4G25290	-0.328239538618673
AT1G07790	-0.3293493001769
AT1G01090	-0.329624103364123
AT1G77260	-0.329721886378588
AT2G32235	-0.329843149563107
AT3G26650	-0.330321127227154
AT3G19130	-0.330429959237527
AT1G77120	-0.331231930475975
AT3G29173	-0.331587088963013
AT5G14620	-0.331593855701738
AT1G08520	-0.331705981001832
AT3G50100	-0.332089571997245
AT1G78630	-0.332126056876208
AT1G30900	-0.332437481194198
AT2G44700	-0.333085523602642
AT5G26910	-0.333257536480421
AT3G12100	-0.333936975507013
AT5G57565	-0.334762517809496
AT3G08980	-0.335929095910021
AT4G32060	-0.336226316487506
AT5G41000	-0.336400964191289
AT1G11930	-0.336666636651765
AT5G19030	-0.337350795381445
AT4G15810	-0.337391010193206
AT4G19150	-0.337415790810607
AT4G21530	-0.337891632678503
AT4G27650	-0.338218502300038
ATCG00720	-0.338380666355949
AT5G59740	-0.339171454733614
AT5G37130	-0.339315602735064
AT1G04140	-0.339593493433125
ATCG00710	-0.339656616365432
AT2G40650	-0.340786152591931
AT1G76320	-0.342775193144352
AT3G54230	-0.343075190234592
AT1G23465	-0.34461476534392
AT1G45160	-0.345488935615413
AT1G32060	-0.345698974895937
AT2G41830	-0.345777327205839
AT1G55190	-0.346866432429096
AT4G03090	-0.347185943159223
AT5G55160	-0.34779718960832
AT4G23930	-0.348491052150219
AT4G08500	-0.348944033118742
AT4G03550	-0.349138728234244
AT1G70310	-0.350133272114784
AT5G24318	-0.350195132010119
AT5G19690	-0.350652795331663
AT5G43600	-0.350808767214804
AT4G27900	-0.351502658145171
AT5G15220	-0.353512411078843
AT5G45370	-0.353844075053402
AT4G04920	-0.35412629459959
AT3G55830	-0.354484628583892
AT3G57980	-0.355035921773989
AT1G60080	-0.355375291493288
AT1G10450	-0.355530558225629
AT3G14075	-0.355843410390321
AT5G13890	-0.356136180433291
AT1G02690	-0.357828424696691
AT1G10570	-0.358641070581534
AT3G57720	-0.359004431461605
AT2G41130	-0.359039142547633
AT1G15130	-0.359182595398661
AT5G56120	-0.359302943227241
AT5G52820	-0.360041049410107
AT2G36200	-0.3603376962051
AT3G25130	-0.360782117478226
AT1G77800	-0.361122298082119
AT3G50590	-0.361306781012656
AT2G19400	-0.361476451647058
AT4G31790	-0.361620150317346
AT1G53000	-0.361854895415654
AT1G26090	-0.363758036897651
AT1G32810	-0.364304040846814
AT3G52660	-0.365723995482478
AT1G17590	-0.365840387068147
AT5G55540	-0.366336321490216
ATCG00080	-0.367318810058397
AT5G13340	-0.367830023897226
AT5G02670	-0.368850341398524
AT3G56830	-0.369321266785873
AT1G06640	-0.37000445963844
AT4G23640	-0.370036194875762
AT5G15853	-0.370491712707016
AT2G42680	-0.37106657214452
AT5G01350	-0.371129462188448
AT4G01320	-0.37127505036744
AT1G19000	-0.371973948265127
AT5G54290	-0.372195106176333
AT1G54570	-0.373226377285314
AT1G56220	-0.373995236898954
AT3G15900	-0.374300809947472
AT1G04630	-0.374364475120944
AT5G61360	-0.374812938333612
AT3G56250	-0.375721562498576
AT5G09740	-0.376156370395045
AT4G23620	-0.376196318656622
AT3G02400	-0.376767779302254
AT1G73940	-0.377210758658031
AT1G79570	-0.377217358010048
AT1G80360	-0.377473601991279
AT1G18030	-0.377720847123407
AT3G57610	-0.378187793528791
AT4G02725	-0.378537050211518
AT1G01380	-0.378693385147901
AT2G44290	-0.379116679049711
AT3G24100	-0.379745344981647
AT3G02890	-0.380675809150622
AT1G60160	-0.380723129285871
AT1G69060	-0.381064357778916
AT5G06050	-0.381583600727634
AT5G02880	-0.381617272951658
AT3G10490	-0.382302500475593
AT1G06580	-0.38245295900539
AT4G24200	-0.384012009533467
AT5G41220	-0.384517784928623
AT5G17620	-0.384619499718672
AT5G19840	-0.384883708615064
AT2G14260	-0.385964592078518
AT4G35980	-0.38599479277185
ATCG00540	-0.386057673436943
AT5G18770	-0.386408593325273
AT1G73310	-0.386604769913258
AT3G12350	-0.38694219221342
AT1G05087	-0.387866194367363
AT3G45590	-0.387870249869649
AT1G73320	-0.388043798846594
AT5G22400	-0.388637751958673
AT5G14350	-0.389633669127134
AT3G04980	-0.389798050407083
AT5G01390	-0.390013135391249
AT3G47810	-0.391935705786634
AT1G30960	-0.392473228465944
AT4G33350	-0.392679448458853
AT1G66430	-0.393601824889184
AT1G60830	-0.393766679815778
AT4G36080	-0.394076399256325
AT3G21270	-0.394155728302854
AT3G01320	-0.395026870134799
AT1G06870	-0.395604471679779
AT1G30520	-0.397711013947508
AT5G19750	-0.397740051174202
AT5G60030	-0.397784064151749
AT5G46871	-0.398669462709139
AT5G40770	-0.399330948495352
AT1G25500	-0.399534860337057
AT4G17390	-0.400264796535595
AT5G09400	-0.402843255681466
AT1G27752	-0.403226516214234
AT1G19025	-0.403472297651952
AT2G42120	-0.403545967165448
AT3G21290	-0.404589110341248
AT5G67210	-0.40551159885338
AT1G06800	-0.405695198719857
AT1G72275	-0.405908202743239
AT2G39110	-0.405932594167958
AT1G34640	-0.405987792925317
AT3G48090	-0.406559153580194
AT5G02610	-0.407360237340525
AT2G01460	-0.408282480233973
AT2G27360	-0.408795724558136
AT5G20980	-0.408842558574325
AT5G38040	-0.408973845937437
AT5G11780	-0.408978673140394
AT4G37210	-0.409454608195725
AT2G36250	-0.410399357112171
AT2G31680	-0.410424663714912
AT2G40900	-0.410426693438508
AT2G30320	-0.412245988979056
AT3G47650	-0.412250081465114
AT1G15980	-0.412403972377569
AT2G38700	-0.41248258400686
AT1G06530	-0.413513708145972
AT2G24140	-0.413884118654588
AT3G14830	-0.415199892700331
AT3G58810	-0.415825355713159
AT1G65420	-0.417127570776802
AT1G26340	-0.417432129538597
AT5G50920	-0.41796021432295
AT1G74530	-0.417978102398394
AT3G63120	-0.417987131037094
AT1G76310	-0.419299455011831
AT2G24790	-0.420115226610899
AT1G64510	-0.420349989666523
AT2G26270	-0.421628656464506
AT5G55530	-0.42259807496171
AT2G27035	-0.423533478530598
AT4G22120	-0.424476075153738
AT4G10320	-0.425047719517433
AT1G02090	-0.425386862578637
AT3G54650	-0.425460086566049
AT1G67530	-0.42659173359996
AT1G28240	-0.427065184837503
AT2G32200	-0.42806696826426
AT3G09860	-0.428448602341252
AT1G21840	-0.429194155131012
AT1G31800	-0.429516058745559
AT1G05820	-0.429532311078781
AT3G21600	-0.430166918183424
AT1G75330	-0.431375243549202
AT5G59613	-0.431896094370905
AT3G24560	-0.431970888986484
AT5G58560	-0.432560502581352
AT2G24250	-0.433039056561856
AT2G19340	-0.435621763637164
AT5G63890	-0.435912989105829
AT2G34630	-0.436149432245021
AT5G01075	-0.436472623836815
AT2G06990	-0.436592907136231
AT1G70100	-0.436918444328667
AT3G02160	-0.436929677362031
AT4G34230	-0.43697402492604
AT2G25010	-0.437784865185798
AT5G56340	-0.43810297699664
AT5G16150	-0.438392737235675
AT1G65190	-0.439604092862689
AT1G61370	-0.439916736174185
AT1G53690	-0.440379476492214
AT3G12640	-0.441509918024366
AT3G22300	-0.442178577343407
AT5G49900	-0.442218775649883
ATMG00580	-0.442348797439954
AT4G30990	-0.442832686317638
AT5G46530	-0.443516289584662
AT2G25300	-0.44404058290367
AT3G48050	-0.444169117283146
AT1G66590	-0.444697501690955
AT1G73960	-0.446415750831468
AT3G48060	-0.447038221081547
AT3G58600	-0.447648040847257
AT1G61140	-0.447739910550467
AT2G47790	-0.44844587970709
AT4G13730	-0.448496233039987
AT3G23010	-0.44865228704259
AT1G51340	-0.448949032912703
AT5G66658	-0.449878145398032
AT2G39720	-0.450091419634179
AT2G46440	-0.451082840090666
AT5G20995	-0.451119189039599
AT1G69588	-0.452804681493941
AT1G09794	-0.45310378144372
AT1G17870	-0.453371228782132
AT3G27670	-0.454092236263233
AT1G75500	-0.45479890772204
AT1G75380	-0.454912186652958
AT5G01450	-0.454989996482339
AT5G16750	-0.455427648338416
AT4G03390	-0.455576219093234
AT3G07640	-0.456394960242794
AT1G10240	-0.456509732620425
AT2G20650	-0.456533657101941
AT3G07360	-0.457259964199831
AT4G37480	-0.457469323544972
AT2G32810	-0.458740674137636
AT3G21100	-0.459221165456313
AT2G27480	-0.459392239370981
AT4G25130	-0.46028934961987
AT5G12360	-0.460877762635233
AT4G28100	-0.46110952260975
AT1G70480	-0.461729677212119
AT4G22755	-0.461990772380775
AT1G02560	-0.462095832423895
AT1G58250	-0.462225307832946
AT2G26515	-0.462432700222475
AT4G26100	-0.462475114578164
AT1G29890	-0.46269800191529
AT1G11950	-0.462907471130338
AT3G57180	-0.463159302449083
AT5G18525	-0.46324480896678
AT4G31890	-0.463883165348121
AT5G08280	-0.464289800858581
AT4G17905	-0.464659820993812
AT1G68540	-0.465105102404866
AT4G09950	-0.466771608756507
ATCG01040	-0.466979949320749
AT1G08350	-0.467770517237623
AT4G28690	-0.46808178940706
AT5G42950	-0.468187768451009
AT3G25480	-0.46880842098868
AT5G11700	-0.468946643179557
AT4G19840	-0.469399339432342
AT3G12300	-0.469453639412386
AT5G47190	-0.469661849185074
AT5G26780	-0.469772404696719
AT2G41600	-0.471395935502047
AT5G16780	-0.472955854441891
AT5G20580	-0.473317597788782
AT3G61430	-0.473504401160499
AT4G12780	-0.473898896504958
AT1G22960	-0.47556982859129
AT5G01370	-0.476440182439326
AT5G64290	-0.47648209460278
AT4G11830	-0.476958203002258
AT5G56090	-0.477095826240362
AT3G46920	-0.47728111893538
ATCG00440	-0.477591606013836
AT2G01820	-0.477846528550804
AT1G52260	-0.478043118236809
AT3G05210	-0.478415223583715
AT2G02780	-0.479007484626372
AT3G18830	-0.479234455679068
AT2G28890	-0.479284547061391
AT3G09830	-0.480177853527285
ATCG00420	-0.480927238947282
AT1G23100	-0.480934484268123
AT3G08680	-0.481372282495901
AT3G20350	-0.481504316299533
AT4G22390	-0.482128971682673
AT4G02640	-0.482480970785185
AT1G15490	-0.483321580693384
AT2G42080	-0.483784832059035
AT1G16800	-0.483852065169697
AT5G25490	-0.484589591586402
AT5G35570	-0.485024811531543
AT3G62860	-0.485477427225002
AT1G26210	-0.485639711749036
AT2G31260	-0.485913124918571
AT4G04695	-0.486254146179213
AT1G54490	-0.486285379342795
AT4G04950	-0.486526775270259
AT5G55840	-0.486787612621234
AT4G00650	-0.487539721787103
AT1G60650	-0.488000929797132
AT2G42975	-0.488005044599815
AT3G17390	-0.488128215754385
AT1G09750	-0.488447255045376
AT1G11755	-0.488496981701411
AT3G23980	-0.488524039649525
AT2G35040	-0.488569731982303
AT4G04320	-0.489109700116041
AT4G27050	-0.489240168379212
AT3G27560	-0.489382143697163
AT2G45880	-0.489630176669427
AT4G39520	-0.489699134635084
AT4G30820	-0.489774178086905
AT1G17200	-0.493393275329329
AT1G48230	-0.493528964329497
AT5G16030	-0.493764442093295
AT1G11270	-0.493814035137926
AT3G04000	-0.495100754600534
AT2G33847	-0.495339293558493
AT5G27150	-0.49552927054448
AT2G19670	-0.495713507701058
AT5G08390	-0.495937066971417
AT3G27380	-0.496039838403175
ATCG00570	-0.496370878895042
AT1G14180	-0.496496196477095
AT1G43850	-0.496693162888076
AT2G22870	-0.496870833393093
AT1G14690	-0.497941737801708
AT4G37310	-0.498807935046911
AT4G13030	-0.498902351678089
AT5G28750	-0.499223698550879
AT5G10710	-0.499321317741448
AT2G24180	-0.499372361723681
AT1G80680	-0.499852807704719
AT5G16290	-0.500402059425967
AT2G20740	-0.500474001126639
ATMG00990	-0.501410467445559
AT1G72010	-0.501429925374816
AT2G27210	-0.501572851600661
AT3G28460	-0.501930387595075
AT3G20630	-0.502666815158623
AT1G23710	-0.503019013431728
AT1G60990	-0.50415638177951
AT5G60160	-0.504962491448925
AT5G15270	-0.505207639752162
AT1G05300	-0.505273911603367
AT3G12050	-0.505570015295882
ATMG00660	-0.507114162086376
AT1G17700	-0.507676746348934
AT2G25560	-0.507839166382731
AT1G75630	-0.50796890118063
AT1G22550	-0.508364168711948
AT3G58760	-0.509177331760865
AT2G21170	-0.509359762823756
AT5G51451	-0.51016745183518
AT1G36990	-0.510636952889864
AT2G05210	-0.510918607359477
AT1G11190	-0.51202200724998
AT2G01918	-0.512449900001203
AT4G36280	-0.512782323128143
AT4G16500	-0.512918471509058
AT2G17370	-0.51352360701638
AT3G21260	-0.513658619680777
AT3G23900	-0.513861635595496
AT1G22640	-0.514430969104559
AT1G22310	-0.515034316396974
AT5G64940	-0.515431855378532
AT1G04800	-0.516875107578156
AT1G14400	-0.517036640604228
AT1G20670	-0.518397746304375
AT1G47420	-0.519054287742958
AT3G10160	-0.519687006045577
AT2G35320	-0.520144967558678
AT1G01950	-0.520375913471311
AT4G30000	-0.520588690688175
AT3G11630	-0.52149911781169
AT1G07510	-0.521545103501301
AT1G52380	-0.522142185565806
AT3G24506	-0.522274829336949
AT4G38840	-0.522538491913831
AT3G18260	-0.5230186816661
AT2G21150	-0.523382310124463
AT1G20910	-0.524558322745643
AT3G44660	-0.525221156171156
AT2G03050	-0.525277851225417
AT3G02130	-0.526495441018562
AT3G05250	-0.526746106990269
AT2G29290	-0.526920751980217
AT1G05730	-0.527266989264325
AT5G16310	-0.527969239010879
AT2G26840	-0.528247178790371
AT1G49340	-0.52841705087458
AT3G19490	-0.528429308890133
AT2G38020	-0.528573077514327
AT3G07310	-0.528653009159016
AT5G05080	-0.52952966582536
AT4G34800	-0.530939260566506
AT5G08391	-0.530969584556198
AT1G80700	-0.532390445491947
AT3G47390	-0.532470551563363
AT5G25570	-0.534179822271903
AT5G06430	-0.534310061469666
AT1G26300	-0.535326058450357
AT5G53750	-0.53671386124495
AT1G60560	-0.537064996545423
AT5G38880	-0.537623829977435
AT4G28060	-0.537778418966169
AT5G52530	-0.537848625321459
AT1G12450	-0.5378741403088
AT2G43235	-0.538157710125749
AT2G44830	-0.539020155493373
AT2G06255	-0.539412475692008
AT1G76185	-0.54000186637225
AT5G54600	-0.540384485283014
AT4G20170	-0.540504450688918
AT3G19240	-0.540757290771249
AT5G05000	-0.541230622459059
AT1G67680	-0.541484479370748
AT4G20325	-0.54160118977125
AT3G05350	-0.541719696647745
AT3G58030	-0.541884600205864
AT5G22140	-0.542718909998065
AT5G14550	-0.543410717740091
AT5G57410	-0.544382358018558
AT3G44190	-0.544469583589172
AT4G19140	-0.544656559998065
AT5G48340	-0.544682246081145
AT2G40660	-0.544978516316579
AT1G59900	-0.54507986993072
AT1G04510	-0.545153886659578
AT1G62630	-0.546605893758186
AT3G21430	-0.546975981056324
AT1G78970	-0.547583913591169
AT1G68690	-0.549229889294676
AT1G51600	-0.549314043641715
AT4G31930	-0.550365930774202
AT5G04560	-0.550856198227183
AT3G09455	-0.55183810101993
AT5G09590	-0.552699618915791
AT3G09500	-0.553407889577807
AT1G63350	-0.554670002202404
AT1G14730	-0.554949302640092
AT2G35480	-0.554982704149766
AT1G61660	-0.555307558633863
AT2G24030	-0.555739679281831
AT1G45248	-0.556526959651976
AT4G35620	-0.55698562877981
AT4G11120	-0.557704848735122
AT5G07220	-0.559138698905485
AT2G22230	-0.559321682367621
AT4G34040	-0.559692161821893
AT5G66230	-0.559849367002001
AT2G37650	-0.560627168325652
AT4G20910	-0.561066374489376
AT3G13420	-0.561426593437835
AT5G54180	-0.561458257256786
AT4G24290	-0.562052338137787
AT4G39080	-0.563604682605093
AT3G08890	-0.56363047567079
AT5G46160	-0.564421954952437
AT3G53940	-0.565632366035924
AT1G80690	-0.566079446022674
AT1G80720	-0.567051632283544
AT3G22110	-0.567638392075795
AT1G78200	-0.568972491239351
AT4G26210	-0.569053999660505
AT1G79880	-0.569165533831153
AT1G12860	-0.569476326010971
AT1G07770	-0.569513595772561
AT1G51720	-0.569514521673531
AT5G49740	-0.569664465066549
AT5G66640	-0.56973797252902
AT2G32630	-0.569755901041128
AT5G01730	-0.569773114298652
AT5G38600	-0.569783149590466
AT2G23200	-0.569897512495414
AT4G27120	-0.572000975316414
AT1G78660	-0.572117256653255
AT3G56160	-0.572332963287554
AT5G54540	-0.572506224763956
AT3G62000	-0.573881521132992
AT5G22330	-0.574507956401656
AT1G55250	-0.57473397933008
AT1G70430	-0.574761122758625
AT2G24762	-0.57522764461645
AT5G20730	-0.575512393050772
AT4G33680	-0.576387371400283
AT4G19810	-0.576674496256053
AT1G62010	-0.577355611952572
AT4G24265	-0.577444706701414
AT1G79350	-0.577971405568736
AT5G48630	-0.578203194746557
AT5G43380	-0.578814850065612
AT1G80030	-0.578863211162865
AT1G15240	-0.579742974174916
AT3G17300	-0.580676328183852
AT4G30520	-0.581382529230237
AT3G14840	-0.581516458539746
AT3G60680	-0.58153415377608
AT2G39090	-0.58187021872352
AT4G16310	-0.582405596444986
AT1G55860	-0.582741659228206
AT3G16410	-0.583390681974176
AT1G73450	-0.583400974394676
AT1G16830	-0.583426307163045
AT5G39330	-0.583525650537339
AT5G15190	-0.583562708824617
AT2G20635	-0.584495435356409
AT3G16940	-0.584877240482776
AT1G20930	-0.584976435187608
AT5G41370	-0.585009466580143
AT5G56140	-0.585593817073045
AT5G37670	-0.58604998699115
AT1G10320	-0.586066715148536
AT5G43750	-0.586551481360073
AT1G33610	-0.586623509592714
AT5G22690	-0.587033773449383
AT3G02290	-0.587080225444351
AT4G02290	-0.587496310817534
AT2G18465	-0.587560269924798
AT1G59510	-0.587836234769506
AT5G61970	-0.588061180616873
AT3G08840	-0.588906985585496
AT5G45160	-0.589131493693885
AT5G64560	-0.590075259563839
AT2G46710	-0.59080250905384
AT1G54115	-0.590848137453328
AT1G67850	-0.592485100767578
AT1G25350	-0.593086000519412
AT5G44780	-0.593119700357694
AT3G45980	-0.59323720880756
AT1G17330	-0.593423762131283
AT5G18600	-0.59495881558964
AT5G48600	-0.596383734300832
AT4G07990	-0.596407285366662
AT1G75020	-0.596861977038493
AT5G10800	-0.597343323679499
AT5G07590	-0.597400284340538
AT1G33390	-0.598129927897548
AT4G02020	-0.598146285097569
AT2G07680	-0.59899105493592
AT1G77470	-0.599455981414526
AT3G14960	-0.600109117207378
AT2G48100	-0.600166838063847
AT5G03345	-0.600537572919217
AT1G32550	-0.60054187197864
AT1G04030	-0.600830238483696
AT3G13235	-0.60092805946457
AT1G01830	-0.601772908408501
AT5G06690	-0.603607565589281
AT5G50200	-0.603989812451963
AT4G29735	-0.604890527803249
AT1G49880	-0.605599098893438
AT3G49660	-0.605779166140879
AT3G20870	-0.606656218427378
AT4G16765	-0.606849988247522
AT3G15000	-0.607440914680808
AT2G21390	-0.607881353696409
AT1G63770	-0.608215523716946
AT3G10380	-0.608286026786228
AT4G03080	-0.608307942913728
AT5G38280	-0.608399519138269
AT5G64813	-0.608591815382545
AT3G48425	-0.609376405901564
AT2G26680	-0.609919049447848
AT3G12950	-0.609987140918927
AT1G54310	-0.610455457566212
AT1G62305	-0.610483533063193
AT3G51820	-0.610695533553091
AT4G13590	-0.610826333048798
AT2G13370	-0.611459629914379
AT4G27500	-0.612317259914015
AT4G33500	-0.612791772954303
AT1G79030	-0.613031998848676
AT5G46030	-0.613527291759135
AT2G03280	-0.613539956346815
AT1G74560	-0.614108081410946
AT3G48670	-0.614469653649565
AT5G19080	-0.614896060178897
AT1G67040	-0.615038031600865
AT2G22690	-0.615168483239005
AT4G32430	-0.616863136157873
AT1G28760	-0.617081402151049
AT2G34357	-0.617122795770386
AT1G22830	-0.617150588786418
AT1G27940	-0.617152857942316
AT4G30180	-0.617893247237864
AT5G67460	-0.619034425152424
AT4G33700	-0.619454222440347
AT5G39710	-0.619520402849931
AT5G10620	-0.620742272740591
AT1G59590	-0.621173545090857
AT5G06160	-0.621309366650486
AT4G09680	-0.623121988048776
AT5G15680	-0.623160860491615
AT5G24450	-0.623210236477257
AT4G20360	-0.623892232497491
AT4G10610	-0.62486581848791
AT3G10880	-0.626522113924877
AT5G53920	-0.626618083081922
AT3G24660	-0.626704730782792
AT3G01300	-0.626990499355281
AT5G05580	-0.627233206426924
AT3G02030	-0.627234026241071
AT5G14710	-0.627655741015581
AT5G22000	-0.627695229855206
AT1G12640	-0.628042453244527
AT2G34780	-0.628233851296609
AT2G40410	-0.628509822186131
AT3G19780	-0.629250559226773
AT4G20400	-0.629406852447993
AT2G06510	-0.630380872428693
AT5G50570	-0.631719663467839
AT1G27340	-0.631970525147866
AT2G46110	-0.63280324541565
AT1G54530	-0.632887795808745
AT3G59980	-0.633852832485875
AT1G05180	-0.634071407013656
AT5G24500	-0.634660624482142
AT3G54780	-0.635106723322887
AT2G47980	-0.635157091349403
AT3G53920	-0.635521582133374
AT2G46230	-0.635860908718554
AT5G35670	-0.635869076117338
AT1G18180	-0.635938757807655
AT4G34350	-0.636038828996886
AT4G31440	-0.636059927144593
AT3G51630	-0.63612487483236
AT1G34370	-0.63635722850316
AT5G56540	-0.636789712064012
AT1G32750	-0.636989689479799
AT2G17525	-0.637817597292854
AT1G04230	-0.638203870479975
AT5G03905	-0.638597834528217
AT2G31820	-0.639259166099423
AT3G57830	-0.639594471118679
AT4G31240	-0.639665265887883
AT4G24770	-0.639690389751417
AT5G43560	-0.639744146662023
AT1G50260	-0.639787043382289
AT5G47030	-0.64090911163915
AT3G10150	-0.64122761687366
AT5G05240	-0.641791644161688
AT5G18860	-0.641836137448263
AT2G38420	-0.642095437305083
AT1G79620	-0.642354368964632
AT2G31840	-0.642457062849867
AT4G01995	-0.643407638755099
AT3G08960	-0.643819348531185
AT3G04181	-0.64454594680513
AT5G01510	-0.64482544297538
AT5G08400	-0.644896490218928
AT1G73370	-0.646862495588166
AT4G27780	-0.647770256706574
AT4G29020	-0.647771700398146
AT4G26240	-0.648645765150794
AT3G01910	-0.648798970244831
AT3G10915	-0.64909470837672
AT5G20200	-0.649236728052395
AT5G66140	-0.649256979076502
AT5G17010	-0.649428222654388
AT4G25370	-0.650382272167292
AT1G19990	-0.650753766122921
AT2G40095	-0.651342170046762
AT5G51960	-0.651387924274615
AT1G15390	-0.651492229821706
AT1G24280	-0.65168148015289
AT3G15110	-0.652160547717481
AT5G43020	-0.652248366169877
AT4G16015	-0.652482896114422
AT5G42240	-0.653097117446582
ATCG00810	-0.65340711000859
AT1G19485	-0.653423289336557
AT3G54040	-0.653822367743405
AT4G31200	-0.654023645644288
AT2G19940	-0.654782960188672
AT1G10830	-0.655343173859511
AT5G59610	-0.655896496923642
AT3G03060	-0.656272786161732
AT1G50740	-0.657037965389739
AT5G58003	-0.657831279879316
AT2G44530	-0.659126307826522
AT3G10390	-0.65927332578433
AT1G08720	-0.659354003725167
AT4G18780	-0.659392210692305
AT3G57990	-0.659504162165156
AT3G01470	-0.659506381674801
AT3G48150	-0.659681242052003
ATCG00680	-0.660555170075117
AT1G03190	-0.66082285085639
AT3G48350	-0.660961656812566
AT5G05520	-0.662286298922729
AT3G53420	-0.662684233000557
AT1G07630	-0.662686436749859
AT4G01020	-0.662828938263908
AT3G06210	-0.662879780623262
AT2G20780	-0.664254275265788
AT4G36920	-0.665808589905073
AT2G39460	-0.666839658458314
AT3G06050	-0.668019850831078
AT3G44730	-0.668225802349466
AT3G63070	-0.668461886561547
AT3G51895	-0.668843907969194
AT3G51720	-0.66886951929991
AT3G49000	-0.668926406937232
AT1G69320	-0.669174573949718
AT3G49060	-0.669759763093929
AT5G43930	-0.670203351714936
AT2G41650	-0.671011929740495
AT4G14340	-0.671690948173845
AT2G23390	-0.672404675562729
AT5G39960	-0.672424925495653
AT2G31170	-0.672607478009187
AT2G36980	-0.672699288404107
AT4G31570	-0.672894815387368
AT3G25860	-0.673747371072222
AT5G02120	-0.673896031219274
AT1G24210	-0.674541125036204
AT1G43245	-0.676088448855833
AT3G11520	-0.67647153525331
AT2G17340	-0.676561369967307
AT3G10820	-0.677637587881995
AT1G16460	-0.677983281466032
AT3G06040	-0.678112516921123
AT1G80770	-0.680150686545097
AT5G38560	-0.681984811373195
AT2G30070	-0.682068514342694
AT1G50730	-0.682579813074567
AT4G35580	-0.682630567623193
AT1G49040	-0.682749315512931
AT3G04790	-0.682776839130568
AT5G16390	-0.682786360159721
AT2G04660	-0.682937872413131
AT3G10440	-0.683045777365634
AT2G13840	-0.683253323875328
AT2G37150	-0.68464541479792
AT2G04430	-0.684828987543394
AT4G19160	-0.685191255720285
AT1G28280	-0.685578502999951
AT4G31270	-0.686090179545009
AT3G53240	-0.686211763675965
AT5G43210	-0.686262982125166
AT4G19520	-0.686690225731424
AT3G02150	-0.68689478178381
AT3G19440	-0.686959799759633
AT4G39320	-0.687202691908916
AT5G51750	-0.687900995268638
AT1G55310	-0.688092008799488
AT4G36230	-0.688162623506021
AT1G75060	-0.688549043371127
AT1G63750	-0.691072688506979
AT1G59980	-0.691107606566478
AT2G05915	-0.691187117594867
AT4G10470	-0.691575115534461
AT5G13020	-0.692051525068252
AT1G78120	-0.692231842037558
AT5G65630	-0.692315492474971
AT2G44860	-0.69242451985317
AT4G00100	-0.692816512663484
AT4G29430	-0.692876409418715
AT4G05430	-0.693607727828387
AT1G66345	-0.693632798287294
AT4G11970	-0.694783269811472
AT5G19420	-0.695268703342383
AT3G27160	-0.696095331739353
AT3G45900	-0.696421721776181
AT4G14170	-0.698132627425358
AT1G27850	-0.698258482249469
AT2G14530	-0.700175298004261
AT1G54610	-0.700669767862934
AT3G14470	-0.702004618823966
AT1G27430	-0.702652855064195
AT2G35630	-0.702943006743899
AT4G00270	-0.70442240866638
AT1G78880	-0.704759721586178
AT3G20010	-0.705385105227795
AT4G14750	-0.705900073369228
AT4G12060	-0.707673923832635
AT1G27920	-0.708278489860471
ATCG00270	-0.708278816982484
AT3G10500	-0.709048270798822
AT4G05050	-0.709245623790398
AT1G80410	-0.709283728844709
AT3G61310	-0.709410000274071
AT5G06700	-0.712045624088489
AT1G79850	-0.712073411678381
AT4G21090	-0.712130062882328
AT1G16000	-0.712763215664053
AT5G13090	-0.712792874780493
AT1G25290	-0.712920530269525
AT3G63510	-0.713507781461107
AT1G70320	-0.713538916670911
AT5G65260	-0.71420237537393
AT5G24630	-0.715274036242781
AT4G34660	-0.715909240958984
AT3G05890	-0.716323593198214
AT4G20850	-0.716372169950174
AT5G66510	-0.717525033907392
AT5G41770	-0.717893026823052
AT2G39940	-0.718275461846798
AT4G08690	-0.718713761759847
AT3G55370	-0.720786074210484
AT2G30390	-0.721622499778248
AT1G73100	-0.722089323100235
AT1G76450	-0.722158731881884
AT1G59610	-0.722868890565892
AT2G34185	-0.723506473169431
AT5G42080	-0.723561701730326
AT4G32640	-0.723641257376659
AT1G15420	-0.723687920258226
AT2G21330	-0.723838631283727
AT5G13410	-0.724329874070959
AT3G18580	-0.724398456716735
AT3G28700	-0.724406116615016
AT5G58575	-0.724539184777385
AT1G33265	-0.724673178519278
AT1G55620	-0.72727563284097
AT1G09690	-0.727421690807885
AT4G11530	-0.727604722654838
AT4G33060	-0.727708458359216
AT2G31370	-0.7278149792196
AT1G47640	-0.728943144237346
AT5G42190	-0.72910862444317
AT3G53740	-0.729152350402339
AT1G68070	-0.729559952341428
AT2G45300	-0.729561484091643
AT3G46020	-0.730143445022098
AT3G15850	-0.731312381776999
AT3G53540	-0.732334783433706
AT1G77122	-0.732853689170791
AT5G66190	-0.733087580487798
AT1G30070	-0.733806168291417
AT1G68500	-0.733826402627445
AT4G34310	-0.734206091648314
AT1G31190	-0.734756657967256
AT5G54940	-0.734875402465881
AT2G26780	-0.734966033725472
AT3G15970	-0.735803803873275
AT1G05630	-0.735989159841689
AT2G20300	-0.736284394188149
AT5G59845	-0.736703082798166
AT2G40710	-0.737603780551441
AT3G62950	-0.737653028450022
AT1G30470	-0.738017876430921
AT1G80010	-0.738032664836203
AT2G22470	-0.738063111277606
AT2G33290	-0.738566345970022
AT1G31150	-0.73875423950498
AT2G41945	-0.738797054968712
AT3G50380	-0.739045676442717
AT1G63360	-0.740181208305116
AT3G27530	-0.740294946698701
AT5G07110	-0.741197452989313
AT1G17110	-0.741207741152409
AT5G45520	-0.741464727657285
AT4G33495	-0.741580251479965
AT1G14360	-0.741599688560216
AT5G13570	-0.741790358193334
AT3G05290	-0.742387643430111
AT1G15110	-0.742871719644229
AT1G33480	-0.743128157679136
AT2G22300	-0.743726491338814
AT5G13300	-0.744737173992045
AT3G45740	-0.745322994872883
AT5G19970	-0.746080511033837
AT2G43950	-0.746227293531524
AT5G07950	-0.747131559291297
AT1G10650	-0.748027787444615
AT1G79420	-0.749042583224091
AT4G32880	-0.750125289468451
AT3G25620	-0.750213417156617
AT2G36670	-0.750376126307295
AT5G64970	-0.750453497065926
AT3G48730	-0.751610818160611
AT3G14390	-0.75163823368634
AT1G01510	-0.753823051439555
AT4G02810	-0.753911470431583
AT5G53010	-0.754120917169529
AT3G48430	-0.754322260622434
AT1G69295	-0.7547384326146
AT4G28630	-0.754842159746268
ATCG00280	-0.755188769794519
AT2G36810	-0.755932394121169
AT5G14540	-0.755937025954314
AT5G24350	-0.755954723738418
AT1G24600	-0.757371010654272
AT3G07590	-0.758206786791455
AT5G15540	-0.758394762745052
AT1G05540	-0.759183221425553
AT1G54790	-0.759419316807007
AT3G55050	-0.759974852264252
AT3G54120	-0.759990087736329
AT4G10300	-0.761539243639412
AT3G58350	-0.761845994850614
AT5G40270	-0.761984053118986
AT5G64390	-0.763111249091454
AT3G20680	-0.763280165645557
AT4G06676	-0.763320673179886
AT5G41350	-0.763490897618178
AT5G22799	-0.763572190701857
AT4G23850	-0.764311005700114
AT1G60850	-0.765213799818701
AT1G32780	-0.765597103792914
AT1G74230	-0.765661593633051
AT4G17600	-0.766511317709806
AT1G62886	-0.766517234408066
AT1G64990	-0.766572107751053
AT1G26660	-0.767399933952158
AT5G27889	-0.76797560451488
AT3G13065	-0.768482284247832
AT3G05380	-0.768494941013473
AT5G11280	-0.768843387045507
AT3G63190	-0.768940485994292
AT1G32760	-0.769147747060127
AT4G02140	-0.769251725275597
AT1G19290	-0.769381988719223
AT3G22231	-0.769782563374154
AT1G08370	-0.769938516262103
AT4G16535	-0.77072122935531
AT3G14463	-0.771089333820239
AT5G65700	-0.771353271915689
AT5G03490	-0.771747232240906
AT5G19300	-0.77325171855927
AT2G30740	-0.773707420946951
AT3G03950	-0.774376975145632
AT1G24240	-0.774402767480207
AT3G53710	-0.774763287228806
AT4G10070	-0.775686688277558
AT4G25390	-0.775723816833096
AT5G60600	-0.775947080280894
AT5G62720	-0.777130082300344
AT1G70710	-0.778036954933755
AT2G40980	-0.778045613183149
AT4G37110	-0.778381224602049
AT5G08230	-0.778482954652268
AT2G18900	-0.779580538970441
AT1G17230	-0.779911223687456
AT1G45110	-0.780708327799036
AT5G10910	-0.780810870782676
AT3G01480	-0.780827404173871
AT5G04460	-0.780930680782776
AT5G60700	-0.781765393623262
AT1G64583	-0.781995818285669
AT3G48320	-0.782795993662673
AT5G18065	-0.783159819130278
AT5G30510	-0.783283773618197
AT2G47620	-0.784046191622676
AT2G27980	-0.784214261325464
AT3G52430	-0.784265855281158
AT4G28270	-0.78500544062626
AT1G25580	-0.785731611519989
AT3G05510	-0.785873437206999
AT1G59660	-0.78592030743888
AT1G06060	-0.786571037339439
AT1G60260	-0.786962343019764
AT4G02800	-0.787154264842721
AT5G53620	-0.787824658520233
AT5G58787	-0.787933729096076
AT4G16900	-0.788639132070664
AT3G56730	-0.788784431391226
AT3G52150	-0.788926461229897
AT3G17717	-0.789333474539677
AT4G22890	-0.789560880367797
AT3G08660	-0.789793339218865
AT4G32250	-0.791499840977477
AT5G27093	-0.792914888208722
AT1G74020	-0.794012664138021
AT3G02710	-0.794580268094479
AT5G23610	-0.794734928692905
AT4G14600	-0.795725650074242
AT4G14342	-0.795924923516513
AT3G17900	-0.79759407089296
AT3G13460	-0.797835510020873
AT1G07180	-0.797889986198588
AT2G12905	-0.798156017747363
AT5G22100	-0.798451663304224
AT3G47930	-0.798690062190368
AT2G32190	-0.798709727908535
ATCG00360	-0.798749807148832
AT2G33820	-0.798866415209884
AT2G31400	-0.799185866827403
AT5G27540	-0.800302333144676
AT4G01710	-0.800430684783188
AT5G14105	-0.800567314076239
AT4G35070	-0.80078446692129
AT1G03520	-0.800965461564732
AT5G04900	-0.801143162876196
AT5G04440	-0.802775655726869
AT1G67960	-0.802869537005036
AT2G30580	-0.803396401196992
AT2G20725	-0.804303319640349
AT1G50710	-0.804557957382867
AT1G09910	-0.80462332938484
AT5G46050	-0.805330562848585
AT2G45320	-0.806507264611024
AT4G14590	-0.806557092172078
AT1G72990	-0.807100824281308
ATMG00510	-0.807283807837131
AT5G18310	-0.807423319970715
AT1G02370	-0.807465151089938
AT2G16250	-0.80822541565037
AT1G30260	-0.80871005234432
AT1G53350	-0.809427783973087
AT3G14160	-0.809551388334827
AT3G17380	-0.8103055867508
AT1G48380	-0.810433646954447
AT2G42240	-0.811083262274254
AT3G20250	-0.811114228856137
AT1G60995	-0.811369482163235
AT5G11030	-0.812191161618113
AT3G08530	-0.812423612278625
AT2G35720	-0.814525245898457
AT3G52580	-0.815300495393753
AT2G25050	-0.815686451797016
AT3G58460	-0.815815261137463
AT5G57360	-0.817145588504981
AT4G32260	-0.817164145439461
AT2G45030	-0.817574394796955
AT3G06455	-0.817638294976253
AT2G38270	-0.818267168314837
AT2G46590	-0.818771545019499
AT5G51230	-0.819394092694866
AT5G26360	-0.819471828199717
AT2G21440	-0.820261151201672
AT1G12730	-0.820571370476845
AT4G17330	-0.821884707197801
AT3G55020	-0.82237895431013
AT2G17290	-0.822813261973951
AT4G30390	-0.823217913778973
AT3G03790	-0.823522752286138
AT2G36550	-0.823630750011308
AT3G06160	-0.823893344877159
AT5G37350	-0.824543223171512
AT4G09630	-0.824657835640767
AT3G46960	-0.825082120036061
AT3G58040	-0.825560451703025
AT2G20760	-0.82579290236959
AT2G19710	-0.826576271325928
AT2G37120	-0.826655014535727
AT2G16400	-0.827329602248284
AT3G02790	-0.827486192609822
AT4G13200	-0.827938530689087
AT5G46640	-0.828521063383123
AT1G11360	-0.828685511377665
AT1G05780	-0.828778220300255
AT5G36880	-0.828839604467853
AT2G32950	-0.828871897842986
AT3G61970	-0.829127509410871
AT4G33180	-0.829223856008225
AT4G16380	-0.829278640918237
AT4G26660	-0.829289791465721
AT3G22415	-0.82946993959941
AT1G58220	-0.829588077340733
AT2G06210	-0.829812194973768
AT3G03180	-0.829816080306053
AT1G67590	-0.830730759021021
AT4G10620	-0.83094580698587
AT2G26970	-0.831467323375445
AT4G32915	-0.831747324448883
AT2G26210	-0.834355312185162
AT3G21650	-0.834886705695648
AT4G36750	-0.835545796325021
AT1G20760	-0.835756632648551
AT3G12620	-0.835971230006438
AT1G52590	-0.836022544420447
AT1G28150	-0.836312102193357
AT1G29340	-0.836614361488203
AT1G57720	-0.836725242788416
AT5G05360	-0.837324379133101
AT1G51740	-0.837678027190788
AT3G61710	-0.838286724437351
AT3G05070	-0.838563481835588
AT2G14095	-0.838956706247652
AT4G27585	-0.838987309849378
AT2G04690	-0.840054559706373
AT1G22510	-0.841169820919265
AT1G79020	-0.841487022056267
AT5G50890	-0.842201843501452
AT5G48240	-0.842699426807346
AT1G47230	-0.84308291081923
AT5G53800	-0.844249271837614
AT2G40240	-0.845109375469234
AT3G49780	-0.845296693523967
AT3G25980	-0.845402663804381
AT2G38820	-0.845612315518497
AT1G18730	-0.845754034872271
AT5G53530	-0.846807623103545
AT5G25360	-0.846818323047191
AT3G51140	-0.84693844107068
AT3G56760	-0.848728465992202
AT3G53100	-0.848999588487433
AT3G05700	-0.849189106545412
AT3G10690	-0.850336538237803
AT3G16700	-0.850833439180212
AT5G42350	-0.850867362533346
AT2G33750	-0.851203834394055
AT1G14190	-0.851443890019282
AT1G10700	-0.851618052886421
AT5G38300	-0.851908464148118
AT5G46180	-0.852011370939742
AT1G77460	-0.852702668662869
AT1G29330	-0.853414362552928
AT5G27360	-0.853570854657587
AT5G26990	-0.853758172457008
AT5G09840	-0.853950310932498
AT5G02520	-0.854419459850916
AT2G17640	-0.854422050126851
AT1G31720	-0.854467600368426
AT5G22360	-0.857919017903042
AT5G14450	-0.858071425369642
AT2G27060	-0.858169786762188
AT1G02870	-0.858253465760577
AT3G06130	-0.858397290063729
AT1G09730	-0.858829566787463
AT3G10525	-0.858931747837714
AT3G14205	-0.859046365597281
AT3G22235	-0.859146798569468
AT5G47070	-0.859918631062776
AT1G03220	-0.860137918084204
AT5G10980	-0.860428511769682
AT3G44110	-0.861871741062836
AT3G03920	-0.861999012936972
AT3G52200	-0.86239346378772
AT5G23120	-0.862536344966767
AT3G02460	-0.86378360280456
AT5G22090	-0.863875595281269
AT5G04070	-0.86447955847372
AT5G58160	-0.866538280720637
AT3G13772	-0.866675354740671
AT3G27010	-0.866782864666562
AT5G42765	-0.868230846013628
AT5G36220	-0.868371950743636
AT1G29450	-0.868699312242189
AT1G09150	-0.869042126494936
AT5G43060	-0.869191970856813
AT1G08540	-0.869274542166776
AT4G32670	-0.870165387036999
AT4G01395	-0.870839394975121
AT2G35540	-0.870889559271532
AT3G51780	-0.871362447328952
AT3G01130	-0.872583184629702
AT2G31945	-0.872753207819724
AT2G32170	-0.87363122552655
AT4G04850	-0.873823535753592
AT5G17630	-0.874430328865686
AT5G52170	-0.87505282719321
AT1G21580	-0.87535262770421
AT1G16970	-0.875713451100241
AT1G48170	-0.875806719366151
AT4G21065	-0.876615276856105
AT2G37500	-0.87713433278894
AT4G35905	-0.877651735782864
AT3G15395	-0.877983666203286
AT1G03260	-0.878208894198146
AT5G22060	-0.878615457660771
AT2G23370	-0.878700407613905
AT2G16595	-0.878883442857303
AT2G44040	-0.879430340361044
AT3G20395	-0.879946613042536
AT1G26740	-0.881101457603019
AT4G32840	-0.881400654455137
AT3G02280	-0.881920677748894
AT4G18840	-0.882296828082014
AT1G44820	-0.882744052370008
AT4G28440	-0.882774627352104
AT5G37720	-0.882930411271999
ATCG00190	-0.883341927642356
AT3G60810	-0.883501680698446
AT5G04250	-0.883529880985226
AT1G77750	-0.883678578490025
AT2G04305	-0.883723793416591
AT1G45207	-0.884085325391256
AT1G29810	-0.884086735335099
AT1G50660	-0.884952079320595
AT2G32430	-0.885040979983568
AT1G53430	-0.887452987561315
AT5G59560	-0.888258624209489
AT3G22520	-0.888317813103903
AT2G03270	-0.889005436137569
AT1G61970	-0.889148495905675
AT5G11850	-0.889248697704145
AT3G03360	-0.889282820885586
AT3G16710	-0.889729184974839
AT4G39770	-0.890843676444739
AT1G78750	-0.891454659366721
AT3G07880	-0.892464303576759
AT1G80650	-0.892708378555721
AT1G69480	-0.8927320917529
AT3G13860	-0.893247393636567
AT1G06590	-0.894515024934493
AT2G04940	-0.895168716413837
AT1G68230	-0.89558814922097
AT2G40300	-0.896137310170038
AT3G47510	-0.897138744529663
AT5G05610	-0.898392203556856
AT3G24535	-0.89880634392429
AT4G26300	-0.899048431915536
AT5G47750	-0.89925797910025
AT1G72390	-0.899450728644139
AT3G53210	-0.899545322624395
AT5G46020	-0.900841295684288
AT2G46310	-0.901771385119791
AT4G02540	-0.902832241546484
AT3G20170	-0.90294807281206
AT4G36850	-0.903284948381298
AT3G48750	-0.903820991471265
AT2G20480	-0.904284349059132
AT3G48330	-0.904958547204932
AT1G09470	-0.905272141788926
AT1G74780	-0.905438095653683
AT1G18810	-0.905705592189143
AT5G62700	-0.906716787724372
AT2G23890	-0.90679467761946
AT3G11280	-0.906829474556513
AT2G32120	-0.908155805775527
AT2G36120	-0.908237789410077
AT5G07970	-0.908242927794702
AT4G32960	-0.908509553737665
AT2G48121	-0.909064351337572
AT5G51100	-0.909436587157626
AT5G20350	-0.90976488525154
AT2G45750	-0.910332389706382
AT3G15520	-0.910815138819772
AT4G38490	-0.911042801924251
AT2G47300	-0.911730576318262
AT1G63680	-0.912730957005287
AT1G14570	-0.912949590220916
AT2G34450	-0.912983172703365
AT1G08000	-0.913078090426455
AT5G15920	-0.913648968463532
AT2G26150	-0.914335196242011
AT4G38280	-0.91512839533117
AT1G16340	-0.915452337952119
AT5G39840	-0.917211697313557
AT1G19490	-0.917255655744859
AT1G29880	-0.917896320959517
AT5G27670	-0.918303426673665
AT4G14770	-0.918910060216182
AT1G64150	-0.919029345864595
AT4G17650	-0.919980252959628
AT1G77250	-0.920474835749264
AT5G05750	-0.921219807611722
AT1G61250	-0.921233018282293
AT3G05340	-0.921459264717614
AT1G33930	-0.924148186375264
AT2G47820	-0.924242912955256
AT4G31770	-0.924493352131419
AT1G23530	-0.925915142862898
AT4G35350	-0.925926418539166
AT2G24040	-0.926245311723065
AT1G77130	-0.926615328683596
AT5G25840	-0.927115438852085
AT4G01090	-0.927659037455264
AT2G44600	-0.928975787990159
AT1G78170	-0.929052587095311
AT3G50080	-0.929177657955308
AT3G21750	-0.930758500251918
AT1G76040	-0.931253683358968
AT5G44790	-0.931483670878669
AT2G45500	-0.93149224573796
AT1G33590	-0.931765661356378
AT1G19980	-0.93214779478882
AT1G51540	-0.932837547690844
AT4G28300	-0.933103867193575
AT3G07680	-0.933986449986619
AT5G20720	-0.934125628047237
AT3G61850	-0.934871484487965
AT1G45230	-0.934990717499852
AT2G07698	-0.935280149184457
ATCG00380	-0.935519276593048
AT2G36380	-0.936110983973388
AT5G02440	-0.936670846138316
AT5G44510	-0.936996379019981
AT5G67600	-0.937516939857344
AT2G46450	-0.939321138069866
AT1G60670	-0.941623560878609
AT4G01660	-0.942159582895506
AT2G18410	-0.942415100794458
AT4G19490	-0.942447432884065
AT3G58530	-0.942455061268958
AT2G42270	-0.943736962639701
AT3G06340	-0.945164165573488
AT4G32140	-0.94588554744531
AT1G67700	-0.945913120759666
AT5G14410	-0.946125038223215
AT1G14380	-0.948546106589012
AT2G17540	-0.948865903055244
AT1G47655	-0.949503675671362
AT3G54170	-0.95027625475481
AT3G19290	-0.95028713319595
AT2G30575	-0.950579242296883
AT1G72250	-0.950616224459213
AT3G20790	-0.950704924422647
AT1G79510	-0.950756082705358
AT1G52150	-0.950814974285235
AT1G04790	-0.950845901736339
AT1G29850	-0.951623321109224
AT1G72550	-0.951750794019029
AT1G65010	-0.951951188812946
AT1G65320	-0.952443950778
AT2G20400	-0.95266114103083
AT1G75310	-0.9531259181513
AT3G27970	-0.953261153778746
AT5G38430	-0.953399804530712
AT4G16630	-0.953544625222046
AT1G12230	-0.957317187075353
AT1G31880	-0.957583873883217
AT4G30330	-0.957811519762304
AT2G22740	-0.959700101844762
AT1G65270	-0.960375151187269
AT5G45110	-0.961965726682929
AT1G15120	-0.96288473638914
AT3G61670	-0.963106380212403
AT3G08950	-0.963951027150923
AT5G37530	-0.964005935362856
AT5G27610	-0.964909420659273
AT3G07740	-0.965743625544858
AT1G63220	-0.966609527080096
AT1G23550	-0.967731060236103
AT4G28500	-0.968127642290852
AT3G06760	-0.968654177821744
AT3G12340	-0.9704821225796
AT1G58350	-0.97050522966187
AT1G34200	-0.970902648248219
AT4G02610	-0.970951562914878
AT2G24692	-0.97108179347737
AT3G13180	-0.972015692631576
AT3G63410	-0.972094667689962
AT5G14050	-0.973285495634984
AT5G53850	-0.973688812686915
AT1G11180	-0.973892701978755
AT4G08330	-0.974186791770288
AT5G59820	-0.974234013171009
AT2G22010	-0.974328647628183
AT1G47380	-0.974423805206713
AT5G03450	-0.975253344877667
AT2G45900	-0.975696744619375
AT2G23610	-0.976099646398979
AT5G51120	-0.976361507177807
AT2G17140	-0.977708970191764
AT3G11450	-0.978049368997028
AT2G23450	-0.978091041992022
AT4G37820	-0.978257220222745
AT4G18640	-0.978731203878938
AT2G26690	-0.979122005754749
AT2G43780	-0.979247092404594
AT4G18070	-0.979510553362572
AT5G42330	-0.980032245844106
AT3G47560	-0.980205195870081
AT1G51405	-0.980823360763187
AT3G20320	-0.981000440981789
AT4G38020	-0.982091388614664
AT3G24740	-0.982864774292126
AT1G56170	-0.982973042664448
AT5G01720	-0.983092687206676
AT3G06200	-0.983556054816671
AT2G45240	-0.983908946933895
AT1G27660	-0.984328946075563
AT1G51450	-0.98558448401969
AT4G24610	-0.986273751621015
AT2G41640	-0.986435777487292
AT5G53045	-0.987265498794399
AT5G41100	-0.987850000536049
AT2G28190	-0.987852695203325
AT3G09030	-0.988101194120533
AT5G15630	-0.988367121004384
ATCG00480	-0.988659488786543
AT5G19620	-0.990002873503897
AT2G25420	-0.990142819168551
AT4G17483	-0.990765656940938
AT3G16630	-0.991273647805015
AT3G49590	-0.99211514756067
AT3G45000	-0.993009747185928
AT5G64980	-0.993775376352897
AT2G37250	-0.993800945568571
AT3G56060	-0.993885494020564
AT2G20890	-0.994356204114077
AT4G24690	-0.994412390519506
AT4G37660	-0.995066118869054
AT4G01037	-0.996391004720815
AT1G16680	-0.997168528497582
AT1G53160	-0.997440454166459
AT1G59820	-0.998033276552264
AT1G20470	-0.99868736518348
AT1G12320	-0.998874993256907
AT4G15563	-0.998973171164049
AT1G11940	-0.999198772424238
AT1G20880	-1.00032552232562
AT5G45780	-1.00068593716211
AT3G53670	-1.00119452533231
AT3G54210	-1.00136006350031
AT1G32790	-1.00294172224173
AT3G09100	-1.00342523258285
AT5G06810	-1.00394031474174
AT1G59030	-1.00443637590829
AT5G67230	-1.00466022893345
AT1G44790	-1.00468787130033
AT5G47870	-1.00503769610616
AT4G24900	-1.00540442531061
AT5G14780	-1.0067231390734
AT5G51560	-1.00722798470527
AT3G11270	-1.00759191607766
AT1G09270	-1.0078885054439
AT5G48040	-1.00810339098774
AT2G29590	-1.00812531985613
AT1G52670	-1.00817424710577
AT3G61380	-1.00863372479088
AT2G15240	-1.00898631880851
AT2G41290	-1.01056156651363
AT1G01930	-1.01077893624481
AT1G47550	-1.01091635995779
AT2G36460	-1.01154179363894
AT5G66850	-1.01256864049755
AT2G17570	-1.01257395095792
AT4G18240	-1.01318142203066
AT3G16500	-1.01346318324548
AT1G47290	-1.01393976612688
AT5G45130	-1.01563572095543
AT5G18940	-1.01596488143633
AT1G10210	-1.01614317579798
AT1G55890	-1.01646504972505
AT5G24420	-1.01694902834358
AT1G04400	-1.01716369877167
AT3G07180	-1.01766357838054
AT2G29560	-1.01801370350805
AT4G34280	-1.01832578272641
AT3G59430	-1.02016331072815
AT2G40320	-1.02053057016967
AT5G15390	-1.02053715568058
AT4G20740	-1.02086957026937
AT3G17730	-1.02101011878024
AT1G68300	-1.0215836136761
AT5G50640	-1.02226241683431
AT1G78890	-1.02233307812419
AT4G38330	-1.02294495045907
AT1G06550	-1.02305528043475
AT5G38650	-1.02347126215674
AT4G02482	-1.02361991153247
AT1G33780	-1.02363928321975
AT5G19990	-1.02377357522545
AT2G32250	-1.02397801380549
AT1G03830	-1.02544278204601
AT5G52990	-1.02572108626909
AT1G13100	-1.02592092116872
AT3G19960	-1.02617968177166
AT2G47590	-1.02639103247711
AT4G03280	-1.0273282915446
AT1G22940	-1.02882307509749
AT4G18400	-1.0288777083025
AT4G09140	-1.02962370282503
AT5G22770	-1.0304743664466
AT5G59710	-1.0319185002824
AT1G22730	-1.03225414438081
AT1G70740	-1.03324055619651
AT3G12685	-1.03374167227095
AT1G15260	-1.03417810508725
AT4G01280	-1.03449978546223
AT1G53770	-1.03451321654268
AT4G10280	-1.03470401340561
AT3G08620	-1.03589641403633
AT1G14640	-1.03603144004302
AT1G71350	-1.03678872289965
AT1G67410	-1.03733481749409
AT1G59890	-1.03832015797674
AT1G02020	-1.0385401054761
AT5G55190	-1.03894707523209
AT2G28060	-1.03899299550367
AT3G09350	-1.03899709273683
AT5G56310	-1.03943361089316
AT5G04840	-1.04005292867636
AT1G66910	-1.0406245670914
AT5G58100	-1.04153994878598
AT5G19151	-1.04164268358613
AT4G31980	-1.04234853173399
AT4G37590	-1.0428580512093
AT2G27600	-1.04477707531417
AT1G60460	-1.04478032477715
AT5G09445	-1.04527541649339
AT2G38695	-1.04579553311603
AT2G33435	-1.04667005461047
AT1G16930	-1.04714565224445
AT3G01460	-1.04729310903191
AT5G53440	-1.04735025366687
AT2G15280	-1.04775982344203
AT5G65570	-1.04787022086218
AT3G46580	-1.04802574747156
AT3G10110	-1.0482710495472
AT5G24000	-1.0482760593911
AT1G78240	-1.04858252089198
AT2G38185	-1.04950058141143
AT5G03510	-1.0510001819713
AT3G56840	-1.05109401421282
AT5G09880	-1.05130766716071
AT3G17820	-1.0521929114881
AT2G37020	-1.05285283527618
AT5G65240	-1.05317455619035
AT1G03055	-1.05392039476771
AT3G02540	-1.05400443430857
AT1G09195	-1.05417380807275
AT5G61380	-1.05527415177684
AT5G03140	-1.05552201297879
AT3G14920	-1.05600801688316
AT5G13565	-1.0563379647607
AT3G15590	-1.05693633660436
AT3G60450	-1.05790104885685
AT5G44160	-1.05907540495894
AT1G05205	-1.05928553231214
AT3G54440	-1.06064118066401
AT5G12260	-1.0612810012577
AT4G32400	-1.06154451021149
AT5G45700	-1.06197577999263
AT1G08420	-1.06251729307442
AT5G41960	-1.06331839786216
AT1G44000	-1.06531570495126
AT2G35810	-1.06564201997372
AT1G61640	-1.065728775286
AT1G17070	-1.06633081416217
AT1G52870	-1.06634995247438
AT5G35930	-1.06812185097487
AT5G02020	-1.0682398425279
AT4G00400	-1.06887199921534
AT3G11030	-1.06912785156653
AT1G70070	-1.06958012994941
AT3G14310	-1.06989813008491
AT5G41180	-1.07000944908014
AT5G14920	-1.07005531764878
AT2G04842	-1.07056598800331
AT2G16800	-1.07146726500249
AT3G63090	-1.07371401061789
AT2G17470	-1.07425076515439
AT3G19420	-1.0747063108282
AT2G19180	-1.07536256329649
AT3G16660	-1.07653812868539
AT4G34100	-1.07666703410795
AT1G72640	-1.07675692573086
AT1G33330	-1.07693622545275
AT1G10750	-1.07750184203077
AT5G05190	-1.07765711799124
AT2G27330	-1.07786480271368
AT1G47490	-1.07812024000215
AT3G25900	-1.07932638425059
AT1G58440	-1.08088635291799
AT5G42310	-1.08191249373876
AT4G24120	-1.08215152533765
AT1G48370	-1.08363147985942
AT2G31955	-1.08400671862982
AT1G21880	-1.08441658089887
AT4G14290	-1.085219290369
AT5G26980	-1.08578514090899
AT5G50280	-1.08639343651028
AT1G72040	-1.0870067926689
AT4G01730	-1.08718321424026
AT2G38050	-1.08776283613895
AT5G15180	-1.08785276799756
AT4G23240	-1.0882209016321
AT3G49560	-1.08858741666054
AT3G14190	-1.08868583996346
AT1G16690	-1.08876321082195
AT2G02740	-1.08912479608022
AT5G43050	-1.08984059264826
AT2G22610	-1.0912595031527
AT1G22060	-1.09192088630127
AT2G41110	-1.09194363098422
AT2G18120	-1.09207493525608
AT1G09010	-1.09250834096926
AT5G47440	-1.09263790852572
AT3G55530	-1.09437598210722
AT1G50900	-1.09526787434372
AT3G24870	-1.09548422269609
AT1G54220	-1.09553095834486
AT4G29940	-1.09565240040983
AT4G12640	-1.09579680613162
AT1G60900	-1.09742572046616
AT5G06850	-1.10044870763314
AT1G14850	-1.10181897024352
AT3G15880	-1.1019115181504
AT3G12010	-1.10211606264231
AT4G10080	-1.10215637873569
AT1G15000	-1.10277566511411
AT2G25430	-1.10358687274225
AT3G13300	-1.10518659661261
AT1G14980	-1.10540123418457
AT2G28000	-1.10560036572537
AT5G26770	-1.10631112714757
AT3G49050	-1.10655198927947
AT5G57590	-1.10728748817634
AT4G14900	-1.10741428910908
AT2G20530	-1.10746089211039
AT1G21700	-1.10778506154339
AT1G72950	-1.10824586208363
AT2G27900	-1.1093179420222
AT4G34810	-1.10934667703576
AT1G55040	-1.1093652439953
AT2G01540	-1.10949963254957
AT3G61530	-1.10953400420492
AT5G55220	-1.10954580267098
AT1G53720	-1.10963352018456
AT5G57015	-1.10965298813928
ATCG01000	-1.10965755318348
AT1G66340	-1.11072767204738
AT1G27530	-1.11127134644937
AT1G51538	-1.1115116002134
AT1G18600	-1.11240169837094
AT2G02730	-1.11270415461542
AT2G21850	-1.11289547200047
AT5G17710	-1.11320075642659
AT3G04680	-1.11337083997367
AT5G11480	-1.11359287423632
AT1G62600	-1.11454916672277
AT3G11420	-1.1146762277959
AT2G27040	-1.11542547568453
AT1G77770	-1.11590911041245
AT3G21810	-1.11596765161627
AT1G52160	-1.11757584575729
AT5G25500	-1.11793084333579
AT3G42670	-1.11843749350156
AT4G23950	-1.11892181941583
AT1G06730	-1.11965495460536
AT2G20362	-1.12011248154145
AT2G31280	-1.12011538110988
AT1G20410	-1.12123796109109
AT2G01450	-1.12222753594423
AT3G03370	-1.12276097028253
AT2G28315	-1.12366623937441
ATCG00770	-1.12412439597874
AT5G23110	-1.12412523460921
AT1G76860	-1.12429787299741
AT5G64240	-1.12493028483786
AT3G52060	-1.12582921970821
AT5G17020	-1.12686675433098
AT4G22410	-1.12699245837717
AT4G30900	-1.1277759344265
AT1G69390	-1.12785400989084
AT1G19240	-1.12790850461796
AT1G28260	-1.12840155598804
AT5G44710	-1.12938116849141
AT1G48635	-1.13025519204909
AT3G50210	-1.13045890156917
AT3G13490	-1.13051393415405
AT1G28210	-1.1325225433266
AT5G22510	-1.13345985043433
AT1G27900	-1.13364141393757
AT1G72840	-1.13381010357481
AT3G17950	-1.13431467074985
AT3G09200	-1.13549144410313
AT5G15930	-1.13805403851424
AT4G26410	-1.13909611713796
AT5G13820	-1.13997967637737
AT5G18480	-1.1405845508418
AT5G45190	-1.14100267895028
AT1G50290	-1.14101232511831
AT5G58720	-1.14127187838394
AT2G01510	-1.14144282294959
AT3G20150	-1.14184299078612
AT3G23300	-1.14223301213508
AT5G03415	-1.14229458725024
AT5G06290	-1.14245529887117
AT3G05810	-1.14285914661259
AT1G12470	-1.14363365846096
AT3G08990	-1.14406137716616
AT3G30841	-1.14420568649774
AT5G64150	-1.14463918592856
AT5G37290	-1.14485661141649
AT3G54670	-1.14607162660378
AT3G45830	-1.14649047163802
AT2G25355	-1.14709961491497
AT5G16520	-1.14806338257917
AT1G48270	-1.14833370189475
AT3G13080	-1.15025542636611
AT2G23470	-1.15229811296592
AT5G10780	-1.15257223761342
AT1G23130	-1.15302773845373
AT5G11490	-1.15311595904013
AT1G61560	-1.1532019814977
AT3G12150	-1.15343114043269
AT2G37690	-1.15359699242486
AT5G65770	-1.15371121239
AT5G66460	-1.15378326479576
AT4G26480	-1.1549380064075
AT1G63730	-1.1550959852644
AT1G75200	-1.15537177642018
AT2G32970	-1.15565956288775
AT4G32850	-1.15653800766583
AT2G45810	-1.15707367422843
AT1G62880	-1.15768482874119
AT1G59840	-1.16000489211278
AT1G60940	-1.16150677002488
AT5G66810	-1.16183670951027
AT4G15215	-1.16183781382802
AT4G24040	-1.1619144466929
AT4G02210	-1.16322453971771
AT1G07730	-1.163650646926
AT1G69530	-1.16452730084252
AT4G24805	-1.16528304279998
AT1G50360	-1.16663630055035
AT1G59760	-1.16728892316156
AT5G12200	-1.16750773987036
AT2G05170	-1.16756200500761
ATCG01250	-1.16765612001661
AT1G65560	-1.16783605841598
AT5G22875	-1.16812788127905
AT5G13480	-1.16841957302729
AT1G53660	-1.16860506456378
AT3G59570	-1.16888924759609
AT2G26470	-1.16920593521792
AT5G67470	-1.16920707409606
AT1G80350	-1.16927158107792
AT1G02950	-1.17094315667257
AT4G18465	-1.17111731105297
AT5G48610	-1.17130456371923
AT3G25440	-1.17155586034782
AT5G42390	-1.1717874799905
AT2G29510	-1.17194174591287
AT4G24250	-1.17235620589819
AT1G15140	-1.17311779996478
AT1G06900	-1.17366364409147
AT3G24715	-1.17467324899273
AT1G35470	-1.17657026630414
AT1G23880	-1.17661344185762
AT1G48350	-1.17901918324819
AT3G22310	-1.17914980125757
AT4G19440	-1.17929246493586
AT3G25030	-1.17940523677547
AT5G04430	-1.17967857818565
AT2G36490	-1.18042293675632
AT2G33490	-1.18147457982382
AT1G42960	-1.18293378013752
AT5G21090	-1.18395244571096
AT3G56990	-1.18412856818074
AT4G31180	-1.18437877820418
AT4G32270	-1.1854706869536
AT1G08450	-1.18563773263031
AT4G22350	-1.18603963880294
AT5G61350	-1.18639987250791
AT1G69325	-1.18668965068845
AT1G76520	-1.1867351636644
AT5G15830	-1.18691089296364
AT4G34430	-1.18700404529261
AT3G62120	-1.18725511353245
AT4G09640	-1.18759137281561
AT2G35736	-1.18776420297118
AT4G35970	-1.1894640248234
AT4G03270	-1.18971455881899
AT3G09520	-1.18990283758265
AT5G54140	-1.1902219537901
AT1G64320	-1.19036548850252
AT1G73020	-1.19146680028852
AT3G51970	-1.19315350962525
AT1G73970	-1.19324375863211
AT1G07140	-1.19337582423632
AT2G30800	-1.19384193249779
AT5G28400	-1.19407221095398
AT1G30500	-1.19511359283883
AT1G28530	-1.19716860217517
AT5G55210	-1.19722697155719
AT1G60420	-1.19879928923164
AT3G17330	-1.19913053153064
AT4G26140	-1.20001387545858
AT1G30420	-1.20098418325062
AT2G24630	-1.20132070722313
AT3G43790	-1.20180174678583
AT5G06240	-1.20225836029868
AT1G50250	-1.20316179040809
AT1G76540	-1.20332061976906
AT1G52700	-1.20374100594483
AT3G57220	-1.20411723892495
AT2G01750	-1.20626694759118
AT1G08760	-1.20639322398755
AT5G42070	-1.20648069590778
AT5G60930	-1.20686703113789
AT3G09920	-1.20760593892788
AT1G51370	-1.20783244078104
AT4G38910	-1.2079346706675
AT1G68937	-1.20869553332508
AT1G55490	-1.20962190215438
AT4G11640	-1.20964247236339
AT3G23690	-1.20988288923292
AT1G12370	-1.21004497473938
AT2G15830	-1.21020586158224
AT1G07960	-1.21028212667028
AT5G49910	-1.21139098094948
AT2G23950	-1.21154755124133
AT1G79190	-1.21224279886932
AT5G56020	-1.21252942185148
AT2G02960	-1.21287130091598
AT5G10530	-1.21475835563871
AT1G76870	-1.21525877979439
AT4G14100	-1.21526137851557
AT3G58690	-1.21535678273178
AT3G27100	-1.21744129396402
AT4G18210	-1.21764575628899
AT1G33140	-1.21785092334176
AT3G03330	-1.2178648916758
AT1G29950	-1.21913119367676
AT3G17160	-1.21978687789081
AT5G04895	-1.22058886137627
AT1G61040	-1.22066709646765
AT3G49360	-1.22133038571522
AT3G15080	-1.22182488574728
AT5G35450	-1.22232318842159
AT1G14970	-1.22282926115198
AT3G61520	-1.22290323071041
AT3G07565	-1.22315087393834
AT2G16780	-1.22320628331537
AT4G04790	-1.22384462569488
AT3G62499	-1.22396812253756
AT3G54910	-1.22410898280912
AT3G44690	-1.22413161663261
AT3G48170	-1.22455027537661
AT5G49800	-1.22490613399552
AT3G16190	-1.22606216977038
AT5G40410	-1.22611919533181
AT4G01410	-1.2263565642432
AT3G11200	-1.22646555104631
AT5G21900	-1.22682937440926
AT3G09040	-1.2283489737815
AT1G76600	-1.22878585437634
AT1G07110	-1.22895557377975
AT2G35680	-1.22902103906716
AT5G28020	-1.23010089475998
AT5G03290	-1.23061535454083
AT4G14420	-1.23093942883968
AT2G47350	-1.2321912473554
AT1G17650	-1.23307939777058
ATCG00730	-1.23350652038083
AT3G04810	-1.23369861696242
AT3G27350	-1.23389135642914
AT2G36830	-1.23427507220555
AT5G51480	-1.23530609063692
AT2G23820	-1.2355579075561
AT1G23360	-1.23635203057493
AT1G02120	-1.23686125574841
AT1G04120	-1.23725113837605
AT5G24060	-1.23753176942168
AT3G57120	-1.23767984723847
AT5G52640	-1.23817682350393
AT1G01440	-1.23841898887476
AT4G33000	-1.2384870969882
AT4G01440	-1.23862890903474
AT4G39200	-1.23898395537509
AT2G40100	-1.23898649215648
AT2G04540	-1.23930874224996
AT3G12600	-1.23984903516103
AT5G44820	-1.23998656885268
AT2G36000	-1.24027618610026
AT5G23690	-1.24042522011464
AT4G26900	-1.24091055226328
AT3G18940	-1.24109126474079
AT3G48200	-1.24132700309428
AT5G09460	-1.24261691168549
AT1G50380	-1.24298360167403
AT5G09820	-1.24317043659723
AT4G33100	-1.24329685474232
AT2G30260	-1.24420122180289
AT3G55990	-1.24481057132879
AT3G25920	-1.2459358852703
AT1G70200	-1.24617869388944
AT1G56210	-1.24697390981919
AT5G62270	-1.24910783495375
AT5G03406	-1.24944427890122
AT4G19510	-1.25005931645808
AT3G52050	-1.25014893524311
AT4G36180	-1.25050105329385
AT4G22140	-1.25081765319301
AT5G03330	-1.25095228291444
AT2G35110	-1.25108927401863
AT1G31160	-1.25124370847953
AT4G26680	-1.25180164840753
AT4G24280	-1.25351908662398
AT3G17450	-1.25380135109923
AT4G19045	-1.25422457523256
AT1G22020	-1.25459154326829
AT5G52840	-1.25471683312965
AT2G22860	-1.25515383874464
AT1G67890	-1.25528714190274
AT5G13510	-1.25554005893822
AT2G11270	-1.25647653779375
AT3G42640	-1.25675619822733
AT1G68830	-1.25697240023346
AT3G23890	-1.25731440615562
AT1G15440	-1.25736815354589
AT1G09700	-1.25775015395736
AT1G18260	-1.25817376077817
AT1G15220	-1.25827278883598
AT3G57770	-1.25903386426056
AT5G51200	-1.25918851076934
AT3G21300	-1.26073694471371
AT3G03850	-1.26162656297702
AT1G79690	-1.2617727859537
AT1G01030	-1.26259369527819
AT5G41990	-1.26293842468483
AT1G61300	-1.26386569675265
AT5G63570	-1.26437854907922
AT5G03970	-1.26632678872476
AT2G35795	-1.26757142159673
AT1G29260	-1.26769448758488
AT2G26890	-1.26820696667964
AT1G03230	-1.26849816821709
AT5G47680	-1.26858095433592
AT5G13790	-1.26885459316468
AT1G01180	-1.26948590606472
AT4G02150	-1.27061481673609
AT3G49290	-1.27131708072944
AT4G13750	-1.27136606396016
AT3G04460	-1.27143078641706
AT2G45270	-1.27178162557065
AT5G24710	-1.27219649149414
AT2G38570	-1.27251951124502
AT1G16610	-1.27267919368731
AT3G04490	-1.27271264288313
AT1G52420	-1.27282560005358
AT3G55770	-1.27355583027623
AT3G21470	-1.27364140258068
AT1G64570	-1.27409875091854
AT3G57050	-1.27411570109702
AT4G35785	-1.27428037438673
AT2G30700	-1.27455856104662
AT3G06420	-1.27460559998845
AT1G79110	-1.2746215956147
AT2G47220	-1.27485729732596
AT2G18570	-1.27489313106935
AT3G21630	-1.27535675630394
AT4G39970	-1.27542748766679
AT1G06960	-1.27677300384873
AT5G12320	-1.27740719078255
AT2G30695	-1.2777260932092
AT4G38790	-1.27806950523592
AT5G24830	-1.2781108861499
AT2G44740	-1.27878732940357
AT3G44490	-1.27913072797574
AT3G26085	-1.2792014739028
AT5G23450	-1.28082173153084
AT5G46070	-1.28135201203988
AT1G48420	-1.28162145265755
AT1G30240	-1.28182776351571
AT1G10780	-1.28235117748619
AT4G18460	-1.28251389559996
AT1G49500	-1.28281995651273
AT3G17770	-1.28342564911974
AT5G49510	-1.28413295401289
AT5G22370	-1.28523295244089
AT5G24650	-1.2853930999956
AT1G61350	-1.2854564851608
AT4G12770	-1.28560864370785
AT3G26780	-1.28645706286601
AT3G04630	-1.2868823617932
AT3G13380	-1.28780920582359
AT5G15880	-1.28805418954707
AT3G13200	-1.28846779239777
AT1G76920	-1.28847492339106
AT2G18250	-1.28850170096822
AT2G16365	-1.2895513746615
AT1G67280	-1.29029794857917
AT3G52250	-1.29117463952484
AT4G34490	-1.29141704942015
AT1G79430	-1.29218427334703
AT2G24350	-1.29235666386242
AT3G13430	-1.29254225918039
AT1G19715	-1.29327407723717
AT5G63710	-1.29356437336573
AT2G03150	-1.29382226578847
AT4G24275	-1.2954887106357
AT4G30150	-1.295855298482
AT5G09830	-1.29633492291991
AT4G33260	-1.29701669056018
AT3G25660	-1.2979300612928
AT4G24470	-1.29800838136796
AT4G19010	-1.29819397482802
AT1G09810	-1.29847558594871
AT5G22630	-1.29898122787178
AT2G24330	-1.29942349538044
AT3G54290	-1.29991734877113
AT3G59690	-1.30087379463642
AT3G49180	-1.30187991720055
AT3G61030	-1.30301024987223
AT5G38200	-1.30405802506627
AT1G21830	-1.30424714905425
AT3G13470	-1.30455465165509
AT5G53890	-1.30508197107719
AT3G56460	-1.30548601573024
AT1G14990	-1.30587975749828
AT3G58160	-1.30753269051421
AT5G50150	-1.30755723926914
AT4G35240	-1.30776529902819
AT5G02480	-1.30851294155379
AT2G15790	-1.30854037132318
AT2G34655	-1.30867755364393
AT1G79280	-1.30956117242221
AT5G59670	-1.31001987875832
AT4G16141	-1.31133626951645
AT1G73090	-1.31195192750764
AT3G19670	-1.31249231914902
AT1G32530	-1.31338740795477
AT1G80210	-1.31354278368506
AT4G31010	-1.3136522769262
AT4G14380	-1.31463290227847
AT5G09390	-1.31631391361306
AT2G14900	-1.31669122801542
AT5G24750	-1.31733629431881
AT3G51260	-1.31888321130635
AT5G49430	-1.319188446087
AT1G77220	-1.32114109156016
AT3G17000	-1.32136659208712
AT1G70180	-1.32141574768803
AT3G02770	-1.32159432756291
AT5G01470	-1.3218331993468
AT1G52080	-1.32220802671288
AT1G16560	-1.32346317294709
AT4G00040	-1.32549918529572
AT5G55170	-1.32728576144337
AT5G19390	-1.32733246138656
AT3G57570	-1.32819601908683
AT5G54870	-1.32884894061559
AT4G16510	-1.33003882603675
AT3G56140	-1.33004490754339
AT2G24280	-1.33038080056232
AT4G21770	-1.33045898677801
AT3G60350	-1.33148956240729
AT1G26810	-1.33193065677002
AT3G23255	-1.3323127203624
AT4G04350	-1.33283663247939
AT3G59490	-1.33302379522475
AT2G43820	-1.3339957696283
AT3G04340	-1.33436867485878
AT3G52800	-1.33511070110416
AT5G56720	-1.33634711423905
AT5G02770	-1.33639489344286
AT1G66260	-1.33647703200734
AT1G24793	-1.33796364552
AT4G15030	-1.33816457106332
AT3G45020	-1.33826063475479
AT5G21060	-1.3383440051911
AT3G18560	-1.3383451235597
AT3G17920	-1.33886925458283
AT2G42070	-1.34072603396987
AT5G58040	-1.34193221219358
AT1G19010	-1.34203976691471
AT4G03520	-1.34229685173814
AT1G63290	-1.34314246071159
AT3G24860	-1.34354699518008
AT4G38170	-1.34377878049269
AT5G06310	-1.3440101278679
AT5G44578	-1.34405104369774
AT4G11060	-1.34441570291476
AT1G12330	-1.34460178461186
AT2G37590	-1.34462446861634
AT4G31510	-1.34506109800406
AT5G02690	-1.3451900351964
AT3G08000	-1.34568391575325
AT1G14530	-1.34574840133535
AT4G24810	-1.34579289512953
AT3G15030	-1.34631692041662
AT5G04870	-1.34678789863912
AT4G00500	-1.34829125985272
AT1G78910	-1.3491332731226
AT3G58730	-1.34941882302154
AT1G65845	-1.34951113895899
AT1G76550	-1.3495508713514
AT3G04500	-1.3511873551043
AT5G51730	-1.35149616933207
AT4G24680	-1.35203297468719
AT2G37420	-1.35250424546503
AT3G47460	-1.3525120885072
AT3G53340	-1.35262532587677
AT2G40930	-1.35288395667623
AT1G26750	-1.35327996451034
AT2G32080	-1.35452128889151
AT3G12140	-1.35488798133798
AT5G36230	-1.35563104826899
AT4G33160	-1.35626857049612
AT1G25380	-1.35667985582472
AT1G10170	-1.35668660031401
AT5G05110	-1.35690912704486
AT1G47578	-1.35694996934562
AT4G32690	-1.35710729705531
AT1G14210	-1.35720921239946
AT5G09310	-1.35726288873808
AT5G11910	-1.35822422359611
AT1G27090	-1.35874845183738
AT3G01690	-1.35879744227814
AT5G45360	-1.35881219679208
AT1G03475	-1.35899434327313
AT1G74160	-1.3590866325728
AT3G45190	-1.35937741577184
AT1G38131	-1.35970689795564
AT4G28030	-1.36007633746159
AT5G49580	-1.36016824091819
AT1G33400	-1.36104688619735
AT1G53880	-1.36140851646195
AT5G23405	-1.36178585169505
AT2G04630	-1.36244040810124
AT1G49970	-1.36312136121461
AT5G14770	-1.36387642201223
AT4G01915	-1.36409989923921
AT5G23395	-1.36496124858981
AT3G53280	-1.36522313722518
AT5G37180	-1.36547246345211
AT3G63140	-1.36548705089734
AT1G05160	-1.36597878523231
AT5G09790	-1.36618593590599
AT3G56510	-1.36625957973625
AT4G30750	-1.36630521960891
AT1G29970	-1.36726295256398
AT5G58930	-1.36801609678587
AT2G31290	-1.36869217353304
AT1G04970	-1.36973959346862
AT1G25470	-1.36999919249738
AT5G54080	-1.37053899298802
AT5G21430	-1.37059580516907
AT5G65400	-1.37062815135086
AT5G49830	-1.37141190334453
AT5G25090	-1.37170519966902
AT4G17250	-1.37182841223902
AT1G29380	-1.37205656845609
AT4G27910	-1.37349106078919
AT4G16420	-1.37929944387505
AT2G42010	-1.3795751752452
AT1G64790	-1.38147871817828
AT1G28670	-1.38156267954237
AT3G54160	-1.38197644828075
AT4G33760	-1.3831025541608
AT1G17630	-1.38338935048206
AT3G07750	-1.38379949034911
AT4G15110	-1.38418229541311
AT3G01590	-1.3857891196595
AT1G73530	-1.38690139956216
AT5G22796	-1.38784002707466
AT1G02890	-1.38813551660583
AT5G04860	-1.38861409501212
AT2G01710	-1.3892537258943
AT5G35980	-1.38963554421923
AT3G18020	-1.3897543246866
AT5G40910	-1.39012425961922
AT2G22250	-1.39019852992227
AT5G01590	-1.39069373029697
AT5G26180	-1.39088577163526
AT5G02010	-1.3927404540841
AT3G63370	-1.39327859541151
AT5G60540	-1.39341378719446
AT2G15530	-1.39343525754705
AT3G07020	-1.39403178474715
AT1G74030	-1.3941894780175
AT2G20330	-1.39420291681119
AT5G11340	-1.39508259057129
AT5G08310	-1.39509432394307
AT5G24930	-1.39586006967784
AT1G34320	-1.39709157276972
AT1G64680	-1.39843881849062
AT1G22620	-1.39903223334606
AT5G42770	-1.39968812585556
AT5G48385	-1.40032402225846
AT3G01790	-1.40178402953209
AT2G02150	-1.40215526132631
AT1G25277	-1.4038578770827
AT5G01980	-1.40594742700718
AT5G04600	-1.40602700296055
AT4G39235	-1.40670446235264
AT1G54340	-1.40701771035444
AT5G51440	-1.40758363886946
AT2G43710	-1.4077287321021
AT5G37070	-1.40792707244597
AT4G28020	-1.40879740287323
AT2G44420	-1.40958088872121
AT1G11060	-1.41047525761335
AT3G12400	-1.41078485275435
AT2G29180	-1.41179442384436
AT5G67245	-1.41193307736157
AT3G18860	-1.4120732332292
AT3G20230	-1.41236642850042
AT5G14260	-1.41327856734287
AT3G02300	-1.41403823030384
AT3G13870	-1.41421694801808
AT2G44140	-1.41722499314448
AT3G27610	-1.41856522461995
AT1G03380	-1.4186757770069
AT4G10310	-1.41947674847657
AT1G76710	-1.41972654685194
AT5G20950	-1.42032497909609
AT2G30500	-1.42111547193928
AT4G11820	-1.42130679602106
AT2G33800	-1.4233436259523
AT2G02148	-1.42352923294397
AT5G58350	-1.42459253646861
AT5G56660	-1.42476892418641
AT1G68810	-1.4252920842811
AT1G66520	-1.42555268887661
AT1G29750	-1.42569814005528
AT1G69520	-1.42667490035559
AT1G51360	-1.42683255309934
AT1G15350	-1.42790981363444
AT4G18750	-1.42815596507151
AT3G59950	-1.42833098187937
AT4G27010	-1.42963446623347
AT2G48160	-1.4300861661398
AT1G28320	-1.43091893253892
AT2G18050	-1.43527499353096
AT5G04590	-1.43614883983478
AT5G63905	-1.43939528152439
AT2G16060	-1.43944591879935
AT1G18690	-1.43953311580625
AT1G78300	-1.43954661341364
AT5G65540	-1.43996332402705
AT1G62720	-1.44048540317212
AT1G73850	-1.44094674869779
AT3G18380	-1.44134492611284
AT2G20270	-1.44252721392872
AT2G21660	-1.44356671085577
AT5G18820	-1.44445198155957
AT4G04670	-1.44463451091125
AT4G02790	-1.44586823834306
AT1G65480	-1.44623872986934
AT2G39730	-1.44709136530766
AT2G24535	-1.44712221894165
AT4G14096	-1.44763033319207
AT3G45310	-1.44772213072062
AT1G56690	-1.44795604389771
AT3G54400	-1.44821216378141
AT4G26490	-1.44892079973985
AT5G47840	-1.44922425372174
AT5G63150	-1.45186090123109
AT1G08360	-1.45191851790688
AT3G27260	-1.45218840518521
AT4G15440	-1.45246105383439
AT4G08320	-1.45309389754525
AT2G02765	-1.45322743771293
AT5G09890	-1.45343317110097
AT3G03490	-1.45348294424583
AT1G09812	-1.45393401322935
AT5G63370	-1.45592852419812
AT2G47500	-1.45666330785524
AT2G28380	-1.45761007337254
AT4G28470	-1.45798412542933
AT4G39910	-1.45827812772327
ATCG00130	-1.45861936345709
AT4G24760	-1.45945523654146
AT5G06120	-1.45954808963845
AT2G40200	-1.46026457024598
AT1G35350	-1.46044100742998
AT2G19260	-1.46066135472724
AT2G21140	-1.46160681727058
AT1G27385	-1.46365993312961
AT1G65380	-1.46376058024788
AT5G35520	-1.46380144547943
AT2G14775	-1.46409033988258
AT2G27230	-1.46440679651273
AT2G17670	-1.46565743046818
AT1G15870	-1.46595506232497
AT1G53380	-1.46625963448003
AT4G39640	-1.46643157153686
AT5G58370	-1.46755244898048
AT1G05560	-1.46767739146615
AT1G29820	-1.46772832599095
AT2G22730	-1.46783168356118
AT1G45229	-1.46812887050804
AT5G14910	-1.46836326591161
AT1G02145	-1.46943711537489
AT5G62290	-1.47043811383025
AT3G61210	-1.47084689268725
AT1G63150	-1.47133943855717
AT3G60480	-1.47183272265664
AT3G55005	-1.47196779781399
AT5G11330	-1.47201673258483
AT5G43920	-1.47276902754705
AT2G20930	-1.4730236980222
AT5G09260	-1.47375516804305
AT5G42960	-1.47392228250977
AT2G13560	-1.47403629139202
AT2G04360	-1.47405333762228
AT2G01660	-1.47461124312662
AT4G31460	-1.47487411273822
AT2G34720	-1.47507728398519
AT1G19110	-1.47515491243142
AT4G33080	-1.47529610129837
AT1G76970	-1.47575012362496
AT4G11860	-1.47586576134964
AT4G17560	-1.47648218203644
AT4G36730	-1.47777841095677
AT3G19970	-1.47811519175522
AT1G14270	-1.47870058878536
AT2G31320	-1.47891289780118
AT3G48710	-1.48020935073608
AT5G62880	-1.48073740627914
AT4G31420	-1.48080462353768
AT3G20020	-1.48290194630291
AT5G06970	-1.48378773026978
AT2G32340	-1.48395178411532
AT3G59680	-1.48522774982903
AT5G48310	-1.48575601916586
AT4G35110	-1.48595401034418
AT5G09350	-1.48648054303678
AT3G59890	-1.48694840950126
AT2G26510	-1.48708752588128
AT5G20050	-1.48765958273305
AT2G46200	-1.48822982804534
AT3G06930	-1.49037465667612
AT3G05230	-1.49234797914382
AT4G16143	-1.49410946137376
AT1G77490	-1.49569889243139
AT2G18915	-1.49655981721243
AT1G27410	-1.4991291058015
AT3G09840	-1.50007128630653
AT1G31020	-1.50201285783686
AT2G41080	-1.5022713449575
AT1G51380	-1.50334094271837
AT3G13990	-1.503611505072
AT2G38410	-1.50394091775296
AT2G40530	-1.50611069783546
AT3G43840	-1.50618553779445
AT2G38180	-1.50791921047267
AT5G65250	-1.50820649417824
AT2G46580	-1.50976076820578
AT3G27925	-1.50981642416379
AT5G36710	-1.51142763310485
AT5G57580	-1.51148424910477
AT4G27800	-1.51183671350572
AT5G64816	-1.51219402873225
AT1G06490	-1.51257989957046
AT2G32840	-1.51265573357277
AT1G49490	-1.51313756675748
AT4G39600	-1.51325098820291
AT5G58410	-1.51404102761071
AT1G78010	-1.51462651838654
AT4G38760	-1.51663113502912
AT5G23850	-1.51727834171652
AT5G26000	-1.51780148587845
AT3G09880	-1.51859455594603
AT2G42400	-1.51887812892467
AT1G71920	-1.51921039109237
AT2G48120	-1.51960080834146
AT1G05470	-1.51972082333086
AT1G32080	-1.52009020339003
AT2G25060	-1.52084978347037
AT2G37160	-1.52204591192407
AT2G30960	-1.5221348143712
AT3G15890	-1.52265844730564
AT2G01140	-1.52273634388375
AT2G18740	-1.52327842871715
AT5G40160	-1.52342908464782
AT3G06920	-1.52443167430956
AT5G55500	-1.52473200096154
AT2G43770	-1.5255019891393
AT5G09690	-1.52553203976689
AT5G15280	-1.52556653056779
AT1G31410	-1.52572096351345
AT3G22400	-1.52606079043956
AT1G78915	-1.52614942352156
AT1G28400	-1.52648158964152
AT5G46260	-1.52674278392316
AT2G39190	-1.52780551297118
AT4G37930	-1.52814657432277
AT1G73885	-1.52890017459795
AT4G28010	-1.52952959474196
AT5G44200	-1.52995203334414
AT2G40030	-1.53106646371155
AT2G17410	-1.5313729863585
AT5G53490	-1.5321446895081
AT1G75230	-1.53214827283949
AT5G46490	-1.53297671848479
AT4G38670	-1.53437479698143
AT3G59390	-1.53539726903884
AT2G24530	-1.53632752472972
AT1G27310	-1.53731670902757
AT2G34590	-1.53742922258959
AT5G15730	-1.53753445819622
AT2G21220	-1.53881002629969
AT1G18490	-1.53924213665024
AT2G02955	-1.5395605807951
AT1G49050	-1.53956365317954
AT5G35080	-1.5402864774077
AT1G02170	-1.54056654612651
AT5G42870	-1.54100810782474
AT1G65440	-1.54141222544882
ATCG00520	-1.54154128120807
AT2G26190	-1.5416873894838
AT5G36700	-1.54169883427463
AT1G07710	-1.54228351753727
AT5G15760	-1.54274150345496
AT2G34040	-1.54316867720457
AT2G36840	-1.54418086208673
AT5G63870	-1.54431085650345
AT3G07160	-1.54453984137639
AT5G65720	-1.54489185788809
AT1G58210	-1.54530958079531
AT4G16280	-1.54568100699758
AT2G01600	-1.54630430948232
AT2G43745	-1.54704464934535
AT5G37850	-1.54706144291228
AT1G69250	-1.54754502604561
AT2G02590	-1.5484091436163
AT5G11450	-1.54868222137736
AT5G37590	-1.54882062332086
AT1G06230	-1.54890599222526
AT3G50830	-1.54920684027904
AT2G17900	-1.54969023256041
AT3G08850	-1.55011089426363
AT3G28210	-1.55156451103216
AT3G56240	-1.55174808800692
AT5G55600	-1.55208665064611
AT1G29940	-1.55226792090513
AT3G15800	-1.55278487632396
AT1G54120	-1.55326463844883
AT1G05760	-1.55345484435742
AT1G50410	-1.5540062712661
ATCG00780	-1.55402970328825
AT1G02350	-1.55407189958287
AT1G31970	-1.55427178487827
AT1G02720	-1.55437875905883
AT1G79950	-1.55455149884936
AT1G19100	-1.55479533483412
AT4G00460	-1.55515001462141
AT1G18630	-1.55516912621442
AT5G50110	-1.55650724405819
AT1G80620	-1.5569492115087
AT4G25550	-1.55698805482773
AT3G49420	-1.55710894052946
AT5G11520	-1.55775594185107
AT4G26800	-1.55852123788162
AT5G18970	-1.55876060450421
AT3G19515	-1.55940646453636
AT5G03470	-1.55996806756549
AT3G44020	-1.56097075708656
AT4G38600	-1.56248166462078
AT1G01715	-1.56298782615218
AT4G21650	-1.56329374098149
AT1G02990	-1.56352107424241
AT5G19590	-1.56375381726323
AT1G13790	-1.56409986866142
AT2G45820	-1.56445466390547
AT1G32990	-1.56715607993849
AT4G27680	-1.5673492404952
AT4G33945	-1.56753525022595
AT1G32160	-1.56783880217673
AT1G30545	-1.56799435015719
AT1G64050	-1.56800687155476
AT1G15200	-1.56819302139654
AT5G23980	-1.56851779720652
AT3G60620	-1.56968962678619
AT5G35100	-1.56990036780468
AT1G07745	-1.57010922542852
AT2G41082	-1.57248513275915
AT3G54010	-1.57293558256854
AT3G49800	-1.57388662666883
AT5G01090	-1.5739974761245
AT4G01050	-1.57472179067425
AT5G66250	-1.57595454732628
ATMG00980	-1.57656274569476
AT3G18230	-1.57665743759861
AT4G29170	-1.57690656075289
AT4G30600	-1.57764714311158
AT4G09150	-1.57779808384434
AT2G44970	-1.57782044634077
AT2G02160	-1.57888887471843
AT3G04470	-1.57939677706831
AT1G44890	-1.57989147903995
AT5G12350	-1.58008911826055
AT5G19830	-1.58057199256611
AT1G79910	-1.58107600425334
AT1G64400	-1.58146128862559
AT2G40260	-1.58274763144869
AT4G22750	-1.58292952391176
AT2G43120	-1.58317086248611
AT5G08530	-1.58340743261873
AT3G12930	-1.58355228950706
AT4G12670	-1.58370439922213
AT3G59100	-1.58508706937918
AT1G30410	-1.58557959799244
AT3G08780	-1.585676853545
AT2G25170	-1.58627534309929
AT3G02900	-1.5867129995195
AT1G50920	-1.58804385548747
AT3G56950	-1.58811280097596
AT1G53290	-1.5884085348775
AT3G47750	-1.58926280865816
AT3G26040	-1.59110099759593
AT1G74970	-1.59126228940337
AT4G11850	-1.59172676625609
AT2G44180	-1.59178852756053
AT5G55810	-1.59180247826394
AT3G46950	-1.59222279422009
AT1G02330	-1.59224542673082
AT3G09670	-1.59240292434964
AT3G02065	-1.59258307189843
AT5G26749	-1.59267576085215
AT1G27000	-1.59272409755915
AT3G07330	-1.59349338714398
AT4G20840	-1.5935432688634
AT1G05310	-1.59460466558134
AT3G23330	-1.59675872549683
AT3G60860	-1.59780491412272
AT5G18150	-1.59850148791365
AT3G13700	-1.59918789628579
AT2G46140	-1.59982380827893
AT3G44960	-1.60108742588465
AT4G35500	-1.60248964778988
AT4G12680	-1.60332681998519
AT3G20770	-1.60382317220707
AT4G27340	-1.60394809608253
AT4G38570	-1.60513574320465
AT1G08840	-1.60561215870379
AT3G27550	-1.60583422277512
AT3G16340	-1.60622735898412
AT5G39940	-1.60746558602364
AT1G75550	-1.60775792088747
AT4G23650	-1.6078019011263
AT3G01950	-1.60815107502475
AT5G18410	-1.60977843491876
AT2G05830	-1.61061452780043
AT5G27380	-1.6131053954347
AT4G29080	-1.61312551565681
AT1G33980	-1.61325308733982
AT3G27850	-1.61352882402383
AT2G34010	-1.61451553627707
AT1G72360	-1.61589135139758
AT3G27860	-1.61616948246261
AT3G46510	-1.61635409952526
AT1G53645	-1.61789047949893
AT5G60230	-1.61811090155358
AT5G16000	-1.61845359643228
AT2G29540	-1.61861442883533
AT1G17100	-1.6186739621393
AT1G47210	-1.62021927182569
AT3G56910	-1.62037884171807
AT2G22560	-1.62099213688917
AT2G34690	-1.62127753215321
AT2G20860	-1.62287398407543
AT1G77450	-1.62435111532907
AT5G09770	-1.62491981626097
AT4G25315	-1.62566619013558
AT4G20340	-1.62674163681492
AT3G57350	-1.62678684111258
AT3G53110	-1.62687159589021
AT1G19130	-1.62688472450194
AT5G10750	-1.62706753626685
AT5G42540	-1.62852872992626
AT4G08480	-1.62863608875078
AT1G14480	-1.62881534458948
AT2G01090	-1.62896132379906
AT3G07760	-1.62917717013989
AT4G14850	-1.62995402416063
AT4G27370	-1.63089832733587
AT3G13530	-1.63147561124297
AT3G11960	-1.63149175794403
AT4G30210	-1.63198937705345
AT3G07990	-1.63238818873137
AT5G04040	-1.63285301359123
AT1G02160	-1.63293001055722
AT2G35450	-1.63306209414318
AT2G01480	-1.63370691268738
AT1G09620	-1.63380471949484
AT1G62640	-1.63429345621648
AT2G04900	-1.63529294762645
AT1G67480	-1.63560201765972
AT5G42470	-1.63616452816599
AT4G39740	-1.63618343233474
AT1G51355	-1.63631358931655
AT5G24380	-1.63744854594655
AT3G62920	-1.6376114833349
AT3G56900	-1.63879230867254
AT4G27880	-1.63911861590682
AT5G48450	-1.64078185727156
AT1G73080	-1.64132315619827
AT5G63940	-1.64197309539266
AT5G09660	-1.64288838577169
AT1G60490	-1.64384790918514
AT2G33620	-1.64397003361053
AT5G23760	-1.64512334763813
AT2G28460	-1.64566525443294
AT3G13800	-1.64651051892249
AT1G03900	-1.64735975821128
AT1G22590	-1.64747497796309
AT1G64385	-1.64776904088877
AT3G62190	-1.64791665265424
AT1G13950	-1.64833037784653
AT1G01170	-1.64835881310128
AT3G04930	-1.64872306742726
AT3G54420	-1.64892350054743
AT1G54217	-1.6489606565181
AT1G10390	-1.64900523187747
AT4G37130	-1.65065128672115
AT5G26160	-1.65134010842542
AT4G39840	-1.65159864268946
AT4G00450	-1.65186244756384
AT2G46270	-1.65267009569709
AT4G01540	-1.65344407811561
AT5G02502	-1.6537123228667
AT2G43910	-1.65418909980483
AT5G23680	-1.65608361569603
AT5G10310	-1.65616988938783
AT1G54370	-1.65648210435633
AT5G36790	-1.65672131788697
AT2G24690	-1.65826967794711
AT3G10050	-1.65907173157615
AT2G26000	-1.65912967422083
AT5G15802	-1.65924360421928
ATCG01230	-1.65933075797271
AT3G60310	-1.6593498998058
AT1G12080	-1.65983092863326
AT1G61310	-1.66061740040794
AT5G58375	-1.66076468380095
AT1G12340	-1.66098746763264
AT1G01725	-1.66107539723013
AT1G25280	-1.66133623172454
AT5G02420	-1.66248103525531
AT5G16720	-1.6631483936156
AT3G54380	-1.66327925863168
AT5G55670	-1.66392826970599
AT2G27740	-1.66393825327343
AT4G17300	-1.66400045153486
AT3G12780	-1.66403047965188
AT3G16060	-1.66478259369343
AT4G32320	-1.66530790590086
AT4G29260	-1.66673642301615
AT5G17870	-1.66681861308183
AT4G17180	-1.66762944239058
AT4G37445	-1.66772132519001
AT1G35680	-1.66783306432154
AT4G04960	-1.66844228345214
AT1G07450	-1.6698315687097
AT5G13590	-1.67097055096757
AT5G14390	-1.67152614231306
AT4G15660	-1.67189360236086
AT4G33270	-1.67316375872349
AT5G51540	-1.67354796681326
AT1G14620	-1.67369691972829
AT1G13050	-1.67397374644225
AT2G18330	-1.67399664127802
AT1G70360	-1.67405912797957
AT5G23910	-1.67427708499782
AT4G36400	-1.67601795598265
AT5G66730	-1.67630428825217
AT4G32730	-1.67832619376819
AT3G46210	-1.67872812299138
AT5G04890	-1.67994478401452
AT4G04900	-1.68004218150732
AT5G10160	-1.68020393660601
AT4G27940	-1.68042337595228
AT3G33520	-1.68054623080904
AT1G06710	-1.68098634588334
AT2G25740	-1.6811910128922
AT2G17480	-1.68216641884399
AT4G36520	-1.6821901355865
AT2G32415	-1.6832561396186
AT4G15180	-1.68363596739142
AT1G28290	-1.68365882550739
AT2G31970	-1.68491034939304
AT4G12320	-1.68500657947636
AT3G62130	-1.68626110889974
AT3G46440	-1.68631133176546
AT1G59620	-1.68658849563833
AT2G01440	-1.68673683125509
AT5G23535	-1.68839366798585
AT3G22380	-1.68928241879803
AT1G18620	-1.68980451888844
AT4G23190	-1.69002130776505
AT1G75250	-1.69012484048321
AT3G57480	-1.6901736469634
AT1G78180	-1.69115882229531
AT5G27010	-1.69120013108825
AT1G03540	-1.69120273947734
AT3G27050	-1.69156368331395
AT2G03060	-1.69235390306976
AT4G31880	-1.69268471912966
AT3G23280	-1.6929655183726
AT1G10030	-1.69345016064924
AT3G47630	-1.69436980020518
AT1G73740	-1.69578904018243
AT3G15150	-1.6996742288943
AT2G19870	-1.69982626363117
AT4G13970	-1.69991059462976
AT5G65760	-1.70064954004072
AT5G28850	-1.70124052483875
AT3G63490	-1.70248314711278
ATMG00060	-1.70261206731646
AT4G13870	-1.7027287593533
AT3G49710	-1.7027732327658
AT5G55140	-1.7027738086774
AT2G28480	-1.70366443234819
AT4G35850	-1.70429507571922
AT1G55180	-1.70447095047182
AT5G03130	-1.70487783631706
AT2G21210	-1.70559567554021
AT1G78920	-1.70673348693967
AT5G41980	-1.70735512059523
AT1G79985	-1.70923724417589
AT4G34830	-1.70954509275753
AT3G60180	-1.70959222925081
AT4G22000	-1.71010778384973
AT5G40780	-1.71037712284103
AT1G52570	-1.71079259027031
AT3G23580	-1.71127500098995
AT4G33660	-1.71419367860341
AT5G10920	-1.71458782843102
AT1G49130	-1.71517649517892
AT1G57765	-1.71672348455956
AT2G38800	-1.71682793963649
AT2G41740	-1.71699029970333
AT2G27030	-1.71749695341167
AT5G65180	-1.71858235777774
AT1G13960	-1.71925814366266
AT5G04680	-1.72020048947202
AT5G28460	-1.72033493784588
AT1G28560	-1.72078042624123
AT1G68862	-1.7212748987415
AT3G02990	-1.72143233884744
AT5G16490	-1.72173555104723
AT3G52840	-1.72275174559666
AT2G41700	-1.72301535224459
AT1G79810	-1.72331851791004
AT5G51690	-1.72399916114173
AT2G39810	-1.72466743910799
AT1G08500	-1.72476320167409
AT5G05310	-1.72494196884468
AT5G46420	-1.72529138743885
AT1G08190	-1.728677077139
AT3G17310	-1.72939874578012
AT5G25640	-1.72987113013728
AT1G16570	-1.7326225359239
AT5G03910	-1.73325897960194
AT5G23490	-1.73353367790152
AT3G04310	-1.73372574646827
AT2G27580	-1.73407032256552
AT1G70590	-1.7342710097669
AT3G13224	-1.7349631342782
AT1G80610	-1.73513830074665
AT5G47800	-1.73518452103987
AT1G16870	-1.73555441525186
AT3G46880	-1.7357149118536
AT5G58220	-1.73671442092284
AT3G63160	-1.73678016055387
AT1G09575	-1.73755898191641
AT3G43700	-1.73801386017318
AT4G16155	-1.73916013137937
AT4G05190	-1.74002392172072
AT4G37430	-1.74102747375143
AT1G80980	-1.74305878697755
AT5G64250	-1.74347332407395
AT5G60730	-1.74502255758278
AT4G23800	-1.74671960009133
AT3G58720	-1.74731823976897
AT5G66720	-1.74741094531851
AT1G30490	-1.74753898100171
AT1G74750	-1.74773591595015
AT4G32450	-1.74932813888506
AT1G04945	-1.74934574873716
AT5G11110	-1.74974247647977
AT4G32680	-1.75070262658987
AT4G15720	-1.75109364197873
AT1G01770	-1.75231661139311
AT4G24460	-1.75412277479482
AT1G52980	-1.75460076164174
AT4G11100	-1.75473501951383
AT2G26070	-1.75474589873282
AT5G51570	-1.75475618064743
AT1G49540	-1.75522012461182
AT1G27100	-1.75558982411538
AT4G04885	-1.7559592889497
AT3G53780	-1.75731746003459
AT3G60370	-1.75858134510986
AT1G12200	-1.7586825643367
AT2G43280	-1.75918316949036
AT4G33940	-1.75923303608177
AT1G06850	-1.7593347827358
AT5G22850	-1.76056842313097
AT1G06770	-1.7610424366963
AT1G15830	-1.76223906637086
AT1G17680	-1.76279183011877
AT4G15850	-1.76463756799307
AT1G12930	-1.76469539128392
AT5G08070	-1.7649458992618
AT4G27750	-1.76634170962577
AT4G02630	-1.7671219417079
AT4G00060	-1.76820431764996
AT4G34730	-1.76924929916468
AT2G20190	-1.76978622105907
AT1G52340	-1.77094907637822
AT4G24060	-1.77126781260914
AT3G57590	-1.77177588455904
AT5G22700	-1.77230759095355
AT3G05190	-1.77322595508115
AT3G27180	-1.77381598003648
AT4G32440	-1.77413547068737
AT1G70650	-1.77431628779461
AT2G01490	-1.7750549928428
AT5G63630	-1.77547159264463
AT1G21630	-1.77613308145112
AT4G35730	-1.77840901364892
AT1G69400	-1.77855883550196
AT1G60200	-1.77999320846649
AT3G22942	-1.78012395615579
AT1G03140	-1.78066040498016
AT5G48520	-1.78097468376578
AT4G34890	-1.7810043928206
AT2G20950	-1.78161936786155
AT5G67370	-1.78297338775119
AT4G36710	-1.78365826438194
AT4G03000	-1.7840766545603
AT2G28450	-1.78419313561373
AT1G48450	-1.78425781805
AT1G48320	-1.78510410372116
AT5G64700	-1.78533086389253
AT1G03440	-1.78540035182951
AT4G26710	-1.78558586656282
AT3G07420	-1.78581197221525
AT3G06620	-1.78666134001429
AT1G14650	-1.78712527362084
AT2G31010	-1.78720322659528
AT5G19510	-1.78803050132121
AT3G59380	-1.78965724975408
AT4G34930	-1.78966977584665
AT2G47370	-1.79025013643419
AT3G63420	-1.79050293854485
AT2G34640	-1.79138851336742
AT1G15290	-1.79289137510872
AT5G44850	-1.79314433090368
AT1G53200	-1.79318397828624
AT4G23330	-1.79428937980187
AT3G22690	-1.79452489576474
AT2G20810	-1.7948649467439
AT2G31960	-1.79492931064904
AT1G72530	-1.79525248831472
AT2G36895	-1.79569625838963
AT1G72130	-1.79650655778329
AT5G38895	-1.79811528672103
AT1G09795	-1.79937738749399
AT1G02000	-1.79943666137032
AT1G34460	-1.80144412830244
AT5G08440	-1.80182544784919
AT4G01210	-1.80264466962152
AT4G16100	-1.80429416653307
AT1G17690	-1.80526376627442
AT4G30780	-1.80575367737229
AT4G33666	-1.80616584914365
AT2G01320	-1.80647545096767
AT5G42090	-1.80653789052839
AT5G40380	-1.80682391750071
AT3G51740	-1.8072660542602
AT5G62770	-1.80753870512223
AT1G71930	-1.80830501586039
AT5G24010	-1.80838363516354
AT5G66380	-1.80856678266547
ATCG00300	-1.80900548301226
AT5G14320	-1.81034571439355
AT2G45330	-1.8110639643274
AT5G12290	-1.81141622148723
AT5G07870	-1.81165326147584
AT5G03770	-1.81380392578625
AT5G07890	-1.81420754990732
AT2G35240	-1.81586172960135
AT5G46680	-1.81712355523971
AT1G72740	-1.81782806875981
AT5G44560	-1.81792621214502
AT1G67070	-1.8203829130764
AT4G13780	-1.82077363674553
AT1G02750	-1.8212290220819
AT2G19560	-1.8212648500223
AT1G07970	-1.82162704200234
AT1G34580	-1.82262101597789
AT3G58970	-1.82467659332859
AT2G17930	-1.82515938189656
AT4G00990	-1.82561727893043
AT4G21740	-1.8257319888859
AT4G38260	-1.82578630589632
AT1G29960	-1.82588870146461
AT5G09950	-1.82641048901077
AT1G08920	-1.82657307338766
AT3G22330	-1.82716251999394
AT1G47480	-1.82973667125507
AT5G55000	-1.83026850537917
AT4G34590	-1.83076221937002
AT3G25210	-1.83081672622905
AT4G14145	-1.83153091286771
AT4G02390	-1.83167117137212
AT2G48030	-1.831796613317
AT5G22030	-1.83185957945851
AT3G13740	-1.83216565497445
AT5G38980	-1.83262201563286
AT4G23895	-1.83395611381884
AT5G41470	-1.83457296098406
AT4G24400	-1.83502862194491
AT1G76070	-1.83536021887602
AT1G79470	-1.83718887666884
AT1G19880	-1.84068619195805
AT1G08940	-1.84070554387508
AT1G54500	-1.84193341038144
AT4G34770	-1.84202139787304
AT5G20540	-1.84244938122544
AT5G44670	-1.84357140928221
AT4G24540	-1.84408090114004
AT1G29760	-1.84486602517405
AT1G08340	-1.84537118310866
AT5G22080	-1.84579059992391
AT4G15830	-1.84741689456878
AT1G73060	-1.84841000897246
AT1G06130	-1.84865986237194
AT1G02080	-1.84879981601203
AT1G80000	-1.8503843915625
AT2G28350	-1.85047235009584
AT3G15160	-1.85185616052047
AT1G53760	-1.8529539637371
AT2G32700	-1.85338655884732
AT5G10940	-1.85343603195889
AT2G31060	-1.85604299604811
AT4G28150	-1.85743594797508
AT4G37380	-1.85860598957924
AT4G19850	-1.85873316650648
AT4G28830	-1.85933172594704
AT5G51010	-1.85961156118862
AT3G53410	-1.8603767867879
AT1G63640	-1.86117482003056
AT5G08535	-1.8615127985758
AT2G32860	-1.86192363431047
AT2G44260	-1.86205088294786
AT5G26850	-1.86212720215151
AT4G04180	-1.86276467344701
AT5G62300	-1.86285235952658
AT5G58530	-1.86347341070483
AT2G15430	-1.86547135437125
AT1G59540	-1.86562103736133
AT5G47435	-1.86589415163551
AT5G66950	-1.86609368394983
AT2G38550	-1.86704665869524
AT5G42920	-1.86710811107632
AT4G37270	-1.8687337360225
AT4G17150	-1.86923966046197
AT1G54350	-1.87001912039046
AT5G40660	-1.8708562145793
AT3G61898	-1.87175355781112
AT1G07320	-1.87189856914247
AT1G67880	-1.87275255644216
AT2G33170	-1.87414664667773
AT4G02920	-1.87895491944886
AT1G04900	-1.87919959021342
AT2G39550	-1.87927862304846
AT5G55130	-1.87994389871773
AT2G07715	-1.88024267548515
AT5G43822	-1.88091690041874
AT5G27780	-1.88110355774509
AT4G21710	-1.882228009861
AT1G12220	-1.8851775128693
AT1G02960	-1.88618722500752
AT1G05790	-1.88786449094205
AT5G59250	-1.88916656711736
AT1G48600	-1.8897981003889
AT2G47390	-1.88986283825344
AT4G32070	-1.8905942275982
AT1G11020	-1.89142016537121
AT5G48440	-1.8914852554726
AT1G15340	-1.89227192713658
AT3G60340	-1.89300263105678
AT1G55150	-1.89493321234658
AT4G04880	-1.89503465915889
AT5G17210	-1.89588277292138
AT5G35995	-1.89598827690489
AT5G49470	-1.89680955158215
AT3G15410	-1.89769226013481
AT1G56340	-1.89828326761619
AT1G08060	-1.89858334255645
AT2G44660	-1.89908383699683
AT5G23590	-1.89960683215348
AT4G31140	-1.899717160457
AT5G05940	-1.89986212925033
AT3G62020	-1.9001985919657
AT4G32290	-1.90149172498869
ATMG00370	-1.90185560857381
AT3G18660	-1.90305097346018
AT2G07360	-1.90374744986634
AT5G52240	-1.90444514983939
AT4G00800	-1.90473525975163
AT5G27890	-1.90577968518389
AT5G37500	-1.90638124757598
AT5G42450	-1.90683894656701
AT4G28540	-1.90693461200361
AT2G22090	-1.90748015167778
AT5G18570	-1.90795825788077
AT5G22340	-1.90817269168279
AT4G14350	-1.90881255861523
AT2G30170	-1.90882316041623
AT4G17040	-1.91018785444932
AT4G31073	-1.91020139480751
AT1G73250	-1.91033982731715
AT1G15410	-1.91092573940825
AT3G15690	-1.91116669178559
AT5G22820	-1.91171766506282
AT3G52860	-1.91287536386525
AT5G40720	-1.91323187349854
AT4G00026	-1.91361658099092
AT3G63250	-1.91435314542195
AT5G64440	-1.91502274916321
AT3G29200	-1.9156638226676
AT2G30280	-1.91687973710638
AT2G46020	-1.91698155027392
AT3G44200	-1.91714172380046
AT5G51070	-1.91794441807836
AT1G52342	-1.91808762650676
AT4G25080	-1.91850465863708
AT2G01220	-1.91914399614219
AT1G68260	-1.91923184828897
AT1G61215	-1.919436862636
AT3G33530	-1.92023554582741
ATCG01240	-1.92036857569865
AT3G20730	-1.92088264272971
ATCG00740	-1.92093101518419
AT2G31340	-1.92165986004527
AT2G27110	-1.92185530207463
AT2G22640	-1.92225814252305
AT1G70350	-1.92260281963598
AT5G17050	-1.9227235204704
AT3G12360	-1.92304860213204
ATMG00080	-1.92417312765182
AT3G52950	-1.92456966482798
AT5G66820	-1.9273356554224
AT3G07410	-1.92813048400544
AT2G17020	-1.92842628149382
AT2G25910	-1.92870000120128
AT5G42400	-1.9294084626956
AT1G68920	-1.92949266099489
AT1G25540	-1.92989878964653
AT2G29260	-1.93003705135048
AT5G06370	-1.9305376653668
AT3G24050	-1.93122052838109
AT5G14100	-1.93202801871738
AT3G60950	-1.93232789645192
AT5G43100	-1.93297025679351
AT5G25220	-1.93372680778433
AT4G11130	-1.93587690739521
AT1G21900	-1.93677415927836
AT1G56000	-1.93715259255381
AT4G03010	-1.93766679111584
AT2G39450	-1.93863424684115
AT3G62510	-1.93868607489196
AT4G13940	-1.93914187653434
AT1G27050	-1.93993342706259
AT5G17170	-1.94138998721983
AT3G59910	-1.94172624223979
AT2G23700	-1.94245905827465
AT3G16740	-1.94302300151943
AT1G74860	-1.94441415430996
AT2G17830	-1.94445420932339
AT5G44800	-1.94552217951365
AT4G33690	-1.94657767350048
AT5G14520	-1.94823476944166
AT3G62080	-1.94844669524914
AT1G53460	-1.94883418212076
AT5G58950	-1.94992516837799
AT2G41060	-1.95064294125559
AT3G02260	-1.95090302839173
AT5G14240	-1.9510559515195
AT3G52390	-1.9514173469067
AT5G57960	-1.95260102932028
AT1G07880	-1.95505888816036
AT5G25050	-1.95567055821432
AT4G13885	-1.95624369790533
AT1G11130	-1.9562866238573
AT1G53875	-1.95685797067889
AT3G06250	-1.95711725598808
AT1G63480	-1.95712745404433
AT5G60590	-1.95718555393908
AT4G27040	-1.95776602250883
AT2G38370	-1.95998643532856
AT5G23330	-1.96158951768598
AT5G23300	-1.96213801037656
ATCG01130	-1.96245674129762
AT5G06560	-1.96253838500798
AT2G20060	-1.96265106582825
AT4G02740	-1.9629191219331
AT3G24880	-1.96310350100526
AT1G70280	-1.96359430974089
AT1G50300	-1.96378015048658
AT5G18830	-1.96413766872016
AT1G42970	-1.96466776172426
AT2G34410	-1.96478984653304
AT3G56620	-1.96482968593722
AT1G54390	-1.96519676209996
AT5G05800	-1.96584344518562
AT3G27700	-1.96587003206171
AT1G30270	-1.96610232207619
AT1G64600	-1.96647383663414
AT5G67320	-1.96835247740489
AT5G60620	-1.96882124200192
AT2G27810	-1.9691517661389
ATMG01080	-1.969295530854
AT4G28210	-1.9693970540621
AT5G07940	-1.9704199024189
AT5G50665	-1.97067428250233
AT4G02940	-1.97354162479564
AT5G24280	-1.97452635888145
AT3G56290	-1.97458537860518
AT5G63010	-1.97706513232262
AT2G38480	-1.97754281522345
AT5G49980	-1.97769634838387
AT2G33680	-1.97806510688438
AT4G25720	-1.9781633398719
AT3G58000	-1.97852440702484
AT2G26340	-1.97867329587487
AT4G19350	-1.97880646967787
AT3G29185	-1.97926325262207
AT2G40860	-1.97934264146507
AT3G12730	-1.97986498806713
AT5G10050	-1.98131162292992
AT1G06190	-1.98157664392332
AT5G06780	-1.98222707857577
AT5G50915	-1.98231241526525
AT5G40730	-1.98246346800714
AT1G73200	-1.98259186263238
AT2G02470	-1.98269307056242
AT1G23970	-1.98333187326363
AT5G14720	-1.98345383459736
AT4G37510	-1.98409032137152
AT4G17610	-1.98452949537715
AT5G48970	-1.986134682295
AT5G14420	-1.98634856089776
AT3G57790	-1.986664869862
AT1G19430	-1.98673626622496
AT5G49940	-1.98720368376234
AT5G11380	-1.98797494606059
AT4G36980	-1.98808002382361
AT5G51530	-1.9885944371687
AT3G18520	-1.98874570610005
AT1G05190	-1.98903529542316
AT5G45490	-1.98908323393398
AT4G18230	-1.98916440563679
AT4G15640	-1.99034938108807
AT2G05620	-1.9908996489725
AT5G03420	-1.9912582744889
AT5G37340	-1.99134515537723
AT4G11211	-1.99219974118426
AT1G07480	-1.99481763984712
AT1G73110	-1.99638833299849
AT4G16520	-1.99706644668898
AT1G28410	-1.9971743448863
AT3G17670	-1.99742493411338
AT4G04460	-1.99964456182218
AT3G01800	-2.00048255761154
AT4G38240	-2.00068328180157
AT2G03820	-2.00115195406389
AT1G03687	-2.0012803260576
AT5G35220	-2.00333204434478
AT1G77700	-2.0061820248108
AT1G79660	-2.00759959258349
AT3G19810	-2.00855508775826
AT3G22930	-2.00884682718094
AT3G62360	-2.01035243808644
AT3G46100	-2.01413934726591
AT1G12790	-2.01500636540129
AT3G19870	-2.01557926602217
AT4G13720	-2.01565609870546
AT2G36740	-2.01574078275581
AT3G66652	-2.01574625836826
AT4G12240	-2.01695256611467
AT2G35020	-2.01758366681581
ATCG00500	-2.01794022914423
AT4G21660	-2.02067853136093
AT3G15260	-2.02089312278701
AT4G12970	-2.02169373918414
AT3G50430	-2.02188258982962
AT1G52770	-2.02190836901426
AT5G24740	-2.02243254105939
AT3G53230	-2.02271165945961
AT1G23050	-2.02296144133946
AT5G50020	-2.02325117566245
AT3G13404	-2.024231564083
AT3G58590	-2.02431402702114
AT2G47640	-2.02450830898854
AT5G24800	-2.02767825753845
AT1G14340	-2.0282825232531
AT2G40690	-2.028447521422
AT2G43350	-2.02957124200521
AT4G40040	-2.03180322349011
AT3G04560	-2.03485022135964
AT1G80790	-2.03510965434149
AT3G53470	-2.03664406537574
AT1G33810	-2.03664573386437
AT5G63260	-2.03680688630741
AT1G66730	-2.03684437931315
AT1G64440	-2.03794877384848
AT5G15570	-2.03914214333593
AT1G22920	-2.03950642837401
AT3G23940	-2.03966083307567
AT4G03240	-2.04065541726356
AT4G33520	-2.04093092862573
AT1G64355	-2.04233591317629
AT4G31800	-2.04398344378884
AT3G62330	-2.04453216572144
AT4G38150	-2.0448495424269
AT1G50630	-2.04509238827913
AT2G28540	-2.04520497114598
AT5G54730	-2.04528442812704
AT5G02310	-2.04530850257327
AT3G07525	-2.04566987942206
AT1G75240	-2.04583483676203
AT2G01913	-2.04679089236355
AT5G20320	-2.0469559228494
AT4G10600	-2.04709133832809
AT5G38410	-2.04730379048984
AT4G39890	-2.04755128745648
AT3G12700	-2.04776443642286
AT4G31150	-2.04854307837769
AT4G40080	-2.04883347442612
AT5G04130	-2.04885937350162
AT2G35658	-2.04947799856254
AT2G27340	-2.04992257553214
AT5G04540	-2.05208039505346
AT3G24460	-2.05264546333019
AT3G25470	-2.05265468782164
AT5G64880	-2.05428863424506
AT1G38065	-2.05666531576241
AT4G08160	-2.05687773554238
AT1G80440	-2.0569780172959
AT2G47230	-2.05733640930386
AT3G07860	-2.05747017453166
AT3G53720	-2.05754310874579
AT1G74630	-2.05822731508293
AT5G09270	-2.05950623754341
AT2G38090	-2.05987689378151
AT3G60110	-2.06003676101522
AT3G25600	-2.06034594744024
AT3G25500	-2.06150549703972
AT3G44670	-2.06151663698752
AT1G12260	-2.06196196032275
AT3G52900	-2.06273343878691
AT5G40480	-2.0632883798563
AT5G64470	-2.06331112644114
AT5G14170	-2.06511311129503
AT2G17530	-2.06546129795216
AT5G48960	-2.06584716227049
AT2G48010	-2.0662491806094
AT1G67710	-2.06698193478246
AT5G26742	-2.06729553403469
AT2G32690	-2.06756269685209
AT4G37530	-2.06768978786518
AT5G17410	-2.06819860918693
AT2G30100	-2.06941014011265
AT1G74330	-2.07000867193828
AT3G51010	-2.07024280033683
AT5G14220	-2.07030019434739
AT2G38080	-2.07106159648925
AT2G17975	-2.07110323690226
AT1G59710	-2.07165856844731
AT5G44550	-2.0735639526681
AT3G55710	-2.07492363812475
AT1G15480	-2.07577281506691
AT5G66090	-2.07588214932368
AT5G48620	-2.07612263663748
AT1G13195	-2.07800056170859
AT1G69490	-2.07930810532474
AT3G09450	-2.08059392807167
AT5G60690	-2.08283333107853
AT4G30410	-2.08343325534301
AT4G02200	-2.08648734632266
AT2G46090	-2.08770519635722
AT1G36980	-2.08900934742587
AT3G05020	-2.08939486505982
AT4G30920	-2.08994992972443
AT3G19520	-2.09002416874129
AT3G61860	-2.09004119783553
AT1G51580	-2.09010706129925
AT3G08600	-2.09088406347541
AT3G16800	-2.09106933117067
AT2G46040	-2.09131822825648
AT5G42790	-2.0924774927006
AT1G63740	-2.09250420375342
AT4G02990	-2.09361489532833
AT4G17620	-2.09384583941926
AT4G20010	-2.09599477882075
AT1G76130	-2.09613595717932
AT3G49470	-2.09682534931103
AT5G35630	-2.09696862293482
AT1G71040	-2.09814379489024
AT1G09800	-2.09819615610829
AT1G59750	-2.09843124675416
AT2G38210	-2.09986961135134
AT1G55910	-2.10043045859195
AT3G58470	-2.10249646176524
AT2G41730	-2.10307142325012
AT5G20960	-2.10397332162137
AT2G36850	-2.10504250572601
AT2G31600	-2.10556407335966
AT1G73460	-2.10728527307116
AT1G45050	-2.10737055104954
AT3G05760	-2.10813381264703
AT3G04450	-2.10968112058174
AT4G26720	-2.1102179982053
AT3G02200	-2.11037035253934
AT5G08540	-2.11183246103766
AT3G10985	-2.11460636883617
AT4G35050	-2.11576583584152
AT1G15940	-2.11628952572282
AT5G10190	-2.11697520782767
AT4G03115	-2.1171133805494
AT3G29770	-2.11756204264498
AT5G52370	-2.11761950754508
AT3G54190	-2.11767666269975
AT3G48190	-2.11778112937659
AT3G11620	-2.11797338279761
AT1G63780	-2.11844892969556
AT1G23230	-2.11850444292408
AT3G23020	-2.11920853854093
AT2G40290	-2.12084873044499
AT3G03570	-2.12109037132095
AT4G24270	-2.12124225114134
AT5G18280	-2.12164111215943
AT2G28910	-2.12173487012779
AT3G60210	-2.12394829425204
AT3G28180	-2.12490103263418
AT2G20230	-2.12520921445756
AT1G62085	-2.12644993883643
AT4G02430	-2.12650645266392
AT1G32580	-2.12665154490298
AT1G70570	-2.12682976321282
AT1G76680	-2.12744329953077
AT3G63010	-2.12859664730472
AT1G73930	-2.12868086236688
AT1G48620	-2.12896806689714
AT2G31130	-2.12917309233212
AT2G38870	-2.12928554356172
AT1G27360	-2.13022554980741
AT4G02100	-2.13142537852449
AT1G23260	-2.13201361347649
AT4G34020	-2.1320816529619
AT1G12244	-2.13225359933221
AT1G71190	-2.13322621979056
AT3G05410	-2.13392425479897
AT5G66631	-2.1349990429433
AT2G21070	-2.1350537155695
AT2G33210	-2.13535156725119
AT5G61140	-2.13644856732037
AT1G22630	-2.13697401570551
AT5G02100	-2.13813843744655
AT3G19330	-2.13903201709153
AT5G41800	-2.1395223651659
AT4G08280	-2.14265182327352
AT1G60010	-2.1427039168901
AT3G44680	-2.14297333685054
AT3G06483	-2.14323252694166
AT5G28390	-2.14508349016335
AT3G16770	-2.14522371601401
AT4G30930	-2.14744082935961
AT3G15351	-2.1477605894241
AT5G55100	-2.14892531400881
AT4G19870	-2.14961170735032
AT5G09240	-2.14969082871779
AT1G21790	-2.15021606258369
AT2G34510	-2.15072489012341
AT5G21326	-2.15150974842762
AT4G22285	-2.1521956927542
AT1G01320	-2.15420098257346
AT4G29960	-2.15431097288625
AT4G32010	-2.1547238959069
AT2G40316	-2.15474222628818
AT5G58640	-2.15567887044801
AT1G56130	-2.15630145741194
AT5G03900	-2.15673969041271
AT5G11020	-2.15797948497698
AT5G26860	-2.15887009078646
AT5G24430	-2.15917744910099
AT1G30680	-2.15987705987804
AT5G19480	-2.16121340911755
AT4G19640	-2.16187986143991
AT1G09840	-2.16231172469236
AT3G50880	-2.1636420464245
AT4G39460	-2.1645983467448
AT2G25850	-2.16493749625291
AT2G39120	-2.1651950336764
AT1G34160	-2.16526836670232
AT2G25590	-2.1661836156324
AT1G74280	-2.16763037294992
AT3G06670	-2.16791056527541
AT3G20570	-2.16839753496034
AT1G66760	-2.16885246389228
AT2G23140	-2.16916638946364
AT1G34000	-2.1705419360211
AT5G27270	-2.17111375643297
AT5G01160	-2.17131397418868
AT3G01710	-2.17177963963193
AT5G50240	-2.17200554519764
AT5G06800	-2.17235415087595
AT2G17130	-2.17326741633124
AT1G55970	-2.17466950505673
AT1G72240	-2.17533411973978
AT5G58240	-2.17596589018599
AT1G48950	-2.17631868761891
AT1G24764	-2.17693138758768
AT5G26920	-2.17722452667001
AT2G41760	-2.17748713884633
AT5G37660	-2.17771500079852
AT2G41460	-2.18138110767003
AT3G14760	-2.18245530824387
AT3G22900	-2.18315175872996
AT3G05840	-2.18326020914321
AT3G27190	-2.18377193290435
AT2G29580	-2.18536804609984
AT2G31880	-2.18625873841284
AT5G48470	-2.18725482348207
AT5G18960	-2.18776876560746
AT1G54850	-2.18796865003567
AT1G55980	-2.18918670045911
AT5G03530	-2.18929012118784
AT2G29890	-2.19026521461776
AT2G25800	-2.19028997401273
AT3G18680	-2.19101950681188
AT1G20920	-2.19110323543565
AT5G27660	-2.19122476406327
AT3G47730	-2.1913030286599
AT5G15530	-2.1919007795506
AT3G54090	-2.19260697986087
AT5G17440	-2.19455519938223
AT2G42330	-2.19471643619891
AT2G25880	-2.19522518567021
AT5G42220	-2.19533352216873
AT5G19010	-2.19545092948853
AT3G23640	-2.19560563250416
AT3G22590	-2.19568898948591
AT1G59580	-2.19619340075291
AT5G20500	-2.19645829708655
AT2G37060	-2.196493264823
AT3G14170	-2.19806644876161
AT4G00755	-2.19817711588265
AT5G12400	-2.19839993593794
AT5G66770	-2.20030941468157
AT5G46460	-2.2009541027672
AT5G03320	-2.2013149615995
AT5G05690	-2.20224419743497
AT4G26810	-2.20310169452496
AT1G67500	-2.20386988317528
AT3G10640	-2.20406599107925
AT5G52110	-2.20456553569358
AT2G40600	-2.2048612210106
AT3G12570	-2.20500064175033
AT4G29060	-2.20560790767724
AT1G53400	-2.2056580704389
AT5G22830	-2.20653745031237
AT1G77270	-2.20654259860024
AT1G33080	-2.2069276778519
AT3G23070	-2.2091937045895
AT5G06300	-2.20934791176819
AT1G29050	-2.20939296988015
AT4G39870	-2.20957317198417
AT3G26935	-2.20997284068688
AT3G49840	-2.20999433744091
AT4G10040	-2.21105790678573
AT4G40000	-2.2112707139983
AT5G42690	-2.21432272368935
AT5G25440	-2.2147532917986
AT4G00840	-2.21548555328673
AT3G55170	-2.21639088763508
AT1G67060	-2.21802567959288
AT5G58210	-2.2187616839433
AT1G32340	-2.2189715311571
AT3G11130	-2.22088334752639
AT4G31330	-2.22144030384725
AT4G28400	-2.22238538292929
AT2G40090	-2.22312145936282
AT1G77290	-2.22390055159023
AT4G10920	-2.22526523949667
AT5G27710	-2.22641794949923
AT2G35370	-2.22706210512728
AT1G59218	-2.22730482411065
AT5G19400	-2.22744806622878
AT5G64340	-2.22788300132896
AT1G33250	-2.22802528160069
AT4G12560	-2.22830287801159
AT4G38092	-2.22895269619611
AT5G47010	-2.22953437090857
AT4G14000	-2.23020249321131
AT1G58060	-2.23081719656526
AT2G35230	-2.23157329456397
AT1G12210	-2.23230845460326
AT1G74040	-2.23287488324346
AT3G06910	-2.23368319576947
AT1G16180	-2.23496457244993
AT5G42720	-2.23527011201924
AT1G04300	-2.23532804128247
AT1G04420	-2.23557846671596
AT4G22758	-2.23619769912433
AT2G41905	-2.23664381164319
AT3G22190	-2.23700499152457
AT3G53580	-2.23728604641778
AT1G61400	-2.23747656011766
AT3G62110	-2.23784419270589
AT2G32230	-2.23992610241551
AT4G31410	-2.24159855292524
AT3G06820	-2.24280418697825
AT3G58130	-2.2436681302673
AT1G17410	-2.24455239882252
AT3G16565	-2.24491132217044
AT1G16820	-2.24500971678065
AT5G60270	-2.24522599513136
AT1G76050	-2.2454535247997
AT1G09160	-2.24643522671142
AT2G25480	-2.24686297267385
AT3G57020	-2.24729962156802
AT3G03010	-2.24788765044216
AT2G38770	-2.24919743109116
AT1G18160	-2.2501938793135
AT1G16445	-2.2508394548969
AT1G53510	-2.25101194522977
AT3G13550	-2.25108429860109
AT1G43560	-2.25214972986995
AT1G32370	-2.25346850173377
AT5G58270	-2.25363537238626
AT5G52540	-2.25376914632884
AT3G50000	-2.25486835760223
AT3G17830	-2.25564902315554
AT1G09340	-2.25566752206602
AT4G10710	-2.25591500675145
AT3G50670	-2.25607237126095
AT5G44563	-2.25637036098991
AT2G33980	-2.25749975298929
AT1G54920	-2.25908733742728
AT2G21120	-2.25944444917237
AT5G61940	-2.25968618694011
AT3G44400	-2.26269762725535
AT3G49580	-2.26343142542171
AT5G03100	-2.26519208134585
AT1G61180	-2.26715821647073
AT1G27060	-2.26736657097646
AT2G36360	-2.26848949752176
AT2G20920	-2.26876692143619
AT1G29070	-2.26908143313284
AT2G32010	-2.26919684263235
AT5G66550	-2.27022996047221
AT1G58470	-2.27114469029212
AT1G27540	-2.27279245708743
AT1G03910	-2.27339139467278
AT5G03260	-2.27366833936525
AT1G71020	-2.27533477306854
AT3G21230	-2.27626530221306
AT1G65310	-2.27697699589503
AT2G47900	-2.27718838513228
AT2G33700	-2.27797817620936
AT1G02475	-2.27812853195456
AT1G11850	-2.28040225612906
AT2G15900	-2.28136399282711
AT5G04270	-2.28398484905999
AT1G48160	-2.28447241319107
AT1G56580	-2.28500021726436
AT3G52110	-2.28542953749076
AT2G25870	-2.28760136169723
AT4G19390	-2.28841966397425
AT1G04240	-2.28908029934592
AT3G02830	-2.2896657284159
AT4G34030	-2.28967718743759
AT5G06150	-2.2901311003704
AT3G48110	-2.29037313688518
AT4G33430	-2.29096955449612
AT5G53220	-2.29192960723052
AT4G02760	-2.29224494765988
AT5G20790	-2.29231205009377
AT5G51910	-2.29359876814209
AT1G54200	-2.29366136917426
AT5G06960	-2.29387113120974
AT1G35170	-2.29644612134582
AT5G64710	-2.29645114321419
AT5G17690	-2.29653721626205
AT3G12940	-2.29816973518769
AT4G25050	-2.30055735434748
AT2G01340	-2.30358846299793
AT4G38860	-2.30464708538621
AT3G43300	-2.30597356276256
AT1G62970	-2.30619219604484
AT1G27840	-2.30722675524653
AT2G41670	-2.30738782278178
AT5G47690	-2.30782142005192
AT5G46250	-2.30806511470613
AT4G20050	-2.30856423274382
AT1G09970	-2.30876266076124
AT3G57760	-2.30949476370031
AT1G45180	-2.30976944876944
AT3G10550	-2.31126538415296
AT1G13410	-2.31127240034709
AT4G31310	-2.31318893894577
AT3G43540	-2.31332300961971
AT1G67720	-2.31385230139601
AT2G30490	-2.31438054209423
AT1G17520	-2.31494747637449
AT5G54660	-2.31572220588147
AT1G30200	-2.31623515412368
AT5G44600	-2.3163959892207
AT1G50510	-2.31755157244455
AT1G30130	-2.31816695953692
AT2G20900	-2.31852297199138
AT3G09700	-2.31994568898435
AT5G24970	-2.32077733742055
AT2G36305	-2.32195822154887
AT1G32490	-2.32216994783446
AT1G49940	-2.3241516731762
AT5G51470	-2.32554050307629
AT4G14800	-2.32654057447377
AT1G28440	-2.32735540917865
AT5G60980	-2.32764131733544
AT2G17350	-2.33028977740873
AT1G47128	-2.33033052337899
AT5G48870	-2.33098307928856
AT2G36430	-2.33115175992718
AT3G18140	-2.3319608042808
AT3G13222	-2.33220591790861
AT4G31080	-2.3337997666621
AT2G46420	-2.33474738681038
AT4G24020	-2.3352813255498
AT3G22060	-2.33531609230033
AT3G21610	-2.33642203243541
AT4G38040	-2.33726647389027
AT1G18250	-2.3377606193457
AT4G32130	-2.33812529827242
AT3G11210	-2.33829746004342
AT1G60600	-2.3391240428106
AT1G01860	-2.34137902918132
AT4G28450	-2.34175208749728
AT5G25620	-2.34185934248411
AT4G09180	-2.34259286893662
AT5G25590	-2.34323296559708
AT5G20000	-2.34379561976714
AT5G56580	-2.34435665977552
AT4G15570	-2.34469227805389
AT5G49550	-2.34517643681466
AT1G48610	-2.34538614573962
AT5G52070	-2.34726919051542
AT1G03040	-2.34862656904002
AT2G01830	-2.34910309512151
ATCG01300	-2.34913962468665
AT3G20670	-2.34976969456922
AT1G32470	-2.34999898191296
AT4G15900	-2.35280690544413
AT5G63280	-2.35281786061045
AT3G15400	-2.35849501685667
AT2G45640	-2.35855087017468
AT4G25300	-2.35970233114908
AT3G05710	-2.36036601092501
AT1G51745	-2.36070377651556
AT2G14170	-2.36205101227017
AT1G62350	-2.36342418860182
AT5G43720	-2.36561204751496
AT1G04770	-2.36655250032866
AT1G56540	-2.36729050210741
AT5G27740	-2.36740117725004
AT2G14800	-2.36788004835969
AT5G41760	-2.36846677801602
AT1G76700	-2.36847202352494
AT4G16695	-2.36875915273233
AT1G48970	-2.36965142788072
AT2G16930	-2.36976171310513
AT3G59090	-2.37003423421118
AT1G11120	-2.3731913430397
AT3G15220	-2.37700081133736
AT2G28240	-2.3771781617446
AT1G25520	-2.37740025772004
AT5G08340	-2.37773350334154
AT5G45020	-2.37820290504375
AT5G37570	-2.37878456549299
AT1G31280	-2.37931719281293
AT2G21970	-2.37981725218118
AT1G65000	-2.38067145261195
AT1G35340	-2.38074601715406
AT1G69340	-2.38252543279601
AT5G66600	-2.38286354611893
AT5G57790	-2.38325469104897
AT3G53130	-2.38385613209572
AT3G19260	-2.38457394998789
AT2G27050	-2.38670895334482
AT3G26910	-2.3875794804663
AT5G60430	-2.38774487689408
AT5G22800	-2.38837841638284
AT1G74440	-2.3892213049016
AT3G25680	-2.39025381924649
AT4G15080	-2.39065561956887
AT5G58090	-2.3918183423273
AT1G16090	-2.39341252802999
AT2G40085	-2.39396290826386
AT1G01360	-2.39423208058538
AT1G01350	-2.39440932689335
AT2G44900	-2.39682407817573
AT5G63670	-2.39731139511648
AT5G13470	-2.39813140594327
AT4G17215	-2.39826799253852
AT3G17910	-2.39840251976218
AT1G26500	-2.40162549381351
AT1G48860	-2.40245068621794
AT2G39870	-2.40280114953848
AT1G24095	-2.4031632157773
AT1G50840	-2.40560410722236
AT1G27130	-2.4059633730025
AT3G08947	-2.40651084690191
AT5G10020	-2.40682264367558
AT1G18700	-2.40714742903139
AT3G52380	-2.40756064183248
AT1G05230	-2.40772147307714
AT5G01910	-2.4099357248731
AT5G01800	-2.41010844761384
AT2G23070	-2.41068007396381
AT2G38650	-2.41351215681665
AT1G62040	-2.41394727655958
AT4G16180	-2.41524906806245
AT2G01680	-2.41539312492752
AT2G45490	-2.4162087592194
AT3G14750	-2.41666062055247
AT3G59320	-2.41684685385012
AT4G33990	-2.41819588254844
AT4G02680	-2.41922779730091
AT2G13650	-2.421676891885
AT1G61770	-2.42272175920994
AT2G45850	-2.4228974734024
AT3G01990	-2.42360175067989
AT3G11910	-2.42613042017049
AT4G28510	-2.43101755160371
AT3G61600	-2.43155951264614
AT2G26110	-2.43163748583239
AT3G07030	-2.43246680278809
AT3G07510	-2.43286604101275
AT4G12005	-2.43308614229585
ATCG00640	-2.43328699725673
AT5G23460	-2.43348375935471
AT4G25770	-2.43423311398068
AT4G34570	-2.43437994508397
AT1G62440	-2.43445050061006
AT3G46830	-2.43512050921188
AT1G05900	-2.43560778623631
AT3G29390	-2.43561548844793
AT3G61080	-2.43571559088787
AT1G33700	-2.43740849287192
AT1G26930	-2.43984560444354
AT3G06270	-2.44138137985722
AT1G15280	-2.44148107752371
AT3G04160	-2.44184525011143
AT3G54110	-2.44333251682843
AT3G10450	-2.44377966874161
AT4G22330	-2.44419835144347
AT1G20816	-2.44428218286733
AT5G57930	-2.44432326383595
AT3G14290	-2.44550461230532
AT2G03550	-2.44577750609621
AT1G31430	-2.44643095318972
AT2G43630	-2.44646378672752
AT5G17660	-2.44654087557631
AT1G27420	-2.44672059711513
AT5G24260	-2.44707874993816
AT2G39140	-2.4475686413529
AT5G36290	-2.44804465558304
AT5G10350	-2.44897491059042
AT1G15500	-2.44898482185614
AT4G38210	-2.44912697221426
AT1G58070	-2.44917021110392
AT1G67120	-2.44994118152293
AT1G03090	-2.45008027556486
AT5G65660	-2.45051885294932
AT1G76440	-2.45091127091566
AT3G61050	-2.45139180791816
AT4G26870	-2.45306081199625
AT4G01810	-2.45326143493432
AT4G22730	-2.45443442693739
AT2G05120	-2.45454892738789
AT1G75560	-2.45545866347886
AT5G44030	-2.45706659693203
AT1G34300	-2.45713711811902
AT4G23550	-2.45734570225558
AT1G05010	-2.45775300209247
AT2G47880	-2.45912750057152
AT2G14835	-2.45944930716496
AT3G59660	-2.45948869829789
AT2G38280	-2.46008516385336
AT3G06580	-2.461161118769
AT3G44716	-2.46191201951579
AT3G46640	-2.46258897205573
AT4G21220	-2.4628121638456
AT1G48550	-2.46519258677515
AT3G26395	-2.46558433460008
AT5G13840	-2.46701750584418
AT2G37510	-2.46843550710917
AT3G04610	-2.46881247986915
AT5G16160	-2.46960592031407
AT1G77690	-2.46982183626915
AT1G48140	-2.47222294618791
AT1G07470	-2.47290479572008
AT4G27435	-2.4736938562753
AT1G71340	-2.47389555055113
AT5G57910	-2.474378332454
AT1G03210	-2.47474848304319
AT1G58848	-2.47640254027013
AT4G10130	-2.47665694617595
AT2G01180	-2.47751540658644
AT1G48520	-2.4804855300078
AT4G24750	-2.48061894249707
AT1G03550	-2.48121788797155
AT2G37410	-2.48153442772289
AT1G14510	-2.48204144508945
AT2G47020	-2.48209183662625
AT2G47960	-2.48219114576624
AT5G63930	-2.48559866480705
AT3G27830	-2.4860828727703
AT5G20010	-2.48618599112748
AT4G18370	-2.48683936859066
AT1G16240	-2.48736613976155
AT3G02680	-2.48793406377684
AT3G02340	-2.48866963372622
AT3G44630	-2.48901281199229
AT5G16400	-2.48922175764355
AT1G04940	-2.49123756142084
AT4G24730	-2.4917172078906
AT5G26800	-2.4923124598728
AT2G42900	-2.49254976826288
AT3G56820	-2.49255655645744
AT5G53360	-2.49434285726171
AT3G06880	-2.49601919747694
AT1G80070	-2.49638087202005
AT5G12850	-2.49685992595736
AT5G56860	-2.49693040788314
AT2G24600	-2.49693972092297
AT5G48930	-2.49700694582937
AT1G73950	-2.49797500265574
AT1G80830	-2.49806603545868
AT1G10850	-2.4982946049439
AT4G18590	-2.49856136855719
AT3G29290	-2.49897469622133
AT1G68720	-2.50038185027162
AT1G03030	-2.50085952338207
AT1G26260	-2.50107402585511
AT1G10610	-2.50122578022679
AT5G22240	-2.50279517711574
AT1G33360	-2.50330086749173
AT3G09060	-2.50348567076181
AT3G09770	-2.50362374348255
AT2G45380	-2.50419958290646
AT3G52470	-2.50431621085882
AT4G34450	-2.50492470425349
AT5G62890	-2.50717717286464
AT1G22230	-2.50744275977097
AT5G04140	-2.50751414859521
AT1G45332	-2.5077504437689
AT5G58300	-2.50950274470835
AT4G38550	-2.50966970020785
AT2G21710	-2.51122717033486
AT3G26710	-2.51135243794781
AT1G53450	-2.51206060925412
AT1G69210	-2.51247709513456
AT2G18030	-2.51403072805707
AT3G53930	-2.5148569182673
AT1G32090	-2.51518070133587
AT3G54260	-2.5152932720131
AT4G16840	-2.51541059288597
AT1G70060	-2.51593897899548
AT1G09570	-2.51702989091108
AT4G10060	-2.51775092094799
AT3G50910	-2.51964706237805
AT3G62880	-2.51980411911127
AT1G24360	-2.5202438604264
AT3G18790	-2.52187500598457
AT5G56910	-2.52246249708842
AT5G45710	-2.52292277543419
AT3G60750	-2.5247210857006
AT4G31070	-2.52685960987524
AT5G65060	-2.5272572311807
AT3G07350	-2.52754428276435
AT5G23040	-2.52957173932059
AT3G60250	-2.52963527208663
AT5G24020	-2.52982641301108
AT4G38225	-2.52984128569999
AT4G22720	-2.53009481013319
AT1G62200	-2.53082174996859
AT1G03470	-2.53164254668843
AT5G23670	-2.53216686534452
AT5G61190	-2.53339233790557
AT4G00620	-2.53367561378193
AT1G14820	-2.53403517187991
AT1G29520	-2.53412871241367
AT4G33810	-2.53418771778606
AT4G32830	-2.53471825892864
AT1G76890	-2.53757716072128
AT5G18980	-2.53781937486795
AT5G03440	-2.5379202138081
AT1G08460	-2.53842722221089
AT5G05680	-2.53919345988437
AT1G55930	-2.54024063971884
AT1G69080	-2.54091484531235
AT4G01000	-2.54103579924799
AT1G29510	-2.54313660293155
AT3G57300	-2.54326495387626
AT1G08490	-2.54340647221784
AT5G19430	-2.54353539607711
AT1G16220	-2.54464689412316
AT3G59330	-2.54472981241949
AT3G16280	-2.54536175353503
AT5G65960	-2.54552197743548
AT4G15950	-2.5476465816981
AT4G11690	-2.55064547641226
AT1G54210	-2.55126534110639
AT1G06515	-2.5521936417606
AT4G34265	-2.55228705116941
AT2G40711	-2.55332419319502
AT1G16390	-2.55645236453855
AT5G04240	-2.55654760368928
AT4G16340	-2.55752840989774
AT1G79560	-2.55982699530749
AT1G02860	-2.56249708112021
AT3G52260	-2.56272101832762
AT3G13670	-2.56301515962952
AT5G18100	-2.56306319290522
AT1G31340	-2.56373989777114
AT1G58602	-2.56600934585918
AT1G01430	-2.56633826581898
AT3G16670	-2.5663566071552
AT3G42630	-2.56635928276113
AT3G58520	-2.56749972482034
AT2G33610	-2.5685447858976
AT4G18220	-2.56917865663174
AT5G24670	-2.5696685500073
AT1G07640	-2.57045586145699
AT5G28900	-2.57137551571619
AT1G63390	-2.57189273779919
AT3G47640	-2.57238067752529
AT1G05570	-2.57400427361288
AT4G01310	-2.57404971999605
AT4G16566	-2.57914227350542
AT4G39560	-2.57936265755226
AT3G08930	-2.58071355312596
AT3G02910	-2.58133885178291
AT4G21990	-2.58221515068785
AT2G33480	-2.58340489180044
AT5G58260	-2.58347466819999
AT1G48790	-2.58487392898754
AT5G19290	-2.58640816222787
AT1G35420	-2.58659902062102
AT3G48420	-2.58758236631257
AT3G51110	-2.587780893525
AT5G57035	-2.58803291243762
AT5G22500	-2.58854956800865
AT1G76300	-2.58931638833662
AT1G53800	-2.5895904536867
AT2G02130	-2.58964895124413
AT4G23410	-2.59041589877061
AT3G53850	-2.59063024213631
AT1G32415	-2.5911111900321
AT1G73650	-2.59173021565024
AT4G28490	-2.59581996156743
AT4G00380	-2.59755282848107
AT3G09150	-2.59867669915358
AT5G14530	-2.59892395905913
AT5G63400	-2.60003570799783
AT3G27027	-2.60017504106409
AT1G65230	-2.60019269451832
AT5G07630	-2.60081170254953
AT3G16260	-2.60236271700294
AT2G37480	-2.60339017746708
AT5G49390	-2.60347561428321
AT1G30970	-2.60402071292084
AT3G16720	-2.60814619276031
AT1G04080	-2.60844249992276
AT1G17340	-2.60845999030592
AT1G61190	-2.60944636800146
AT5G60020	-2.60982940807492
AT1G24350	-2.61027802594141
AT2G43900	-2.61041007146783
AT1G68240	-2.61225126992081
AT5G64680	-2.61381511996389
AT4G31340	-2.61523211426802
AT4G27260	-2.6162363616596
AT5G28370	-2.61726481743125
AT4G33640	-2.61890521431354
AT5G19910	-2.61903260771831
AT1G69580	-2.61907243321971
AT5G25800	-2.61928541430839
AT3G54620	-2.6200357197661
AT1G02340	-2.62054533311906
AT2G34355	-2.62154036512345
AT3G48380	-2.62175782553919
AT2G37930	-2.62227156283671
AT2G24290	-2.62236934592805
AT1G33290	-2.6237774385582
AT1G74840	-2.6242924341964
AT5G23150	-2.62518321917759
AT2G30470	-2.62623895431815
AT1G15930	-2.62729575076484
AT5G10700	-2.6282974334643
AT4G09670	-2.62874401050395
AT4G22920	-2.63070176876855
AT5G58920	-2.63185397779115
AT1G10120	-2.63189623333362
AT1G64065	-2.6321761823078
AT3G11460	-2.63333704946438
AT5G62690	-2.63383169529544
AT1G05600	-2.6341294359182
AT3G11930	-2.63472451963524
AT4G00750	-2.63560138990852
AT1G66160	-2.6371745853009
AT3G58610	-2.6381932834446
AT5G45220	-2.63920092344131
AT2G17780	-2.64050585785401
AT5G41080	-2.64241314360024
AT1G17640	-2.64289670726201
AT5G22880	-2.64350367028171
AT4G20090	-2.64499702435329
AT2G30780	-2.64522258046544
AT5G21970	-2.6457492175799
AT2G43750	-2.64575964931045
AT1G35660	-2.64699032561128
AT5G25890	-2.64725392295267
AT5G26940	-2.64816445997625
AT1G67580	-2.64918441894158
AT3G56850	-2.64967299588478
AT1G72310	-2.65002794514673
AT1G64750	-2.65139043846692
AT4G37540	-2.65157872209023
AT2G28080	-2.65174811598342
AT2G41340	-2.65187944246234
AT3G15430	-2.65241511563823
AT2G36060	-2.65308692134023
AT4G01840	-2.65334979866434
AT4G00752	-2.65532823722268
AT1G36070	-2.65793723978718
AT1G03650	-2.65867024021378
AT3G56310	-2.6588887601855
AT1G31360	-2.65985007608516
AT4G26600	-2.66032082173815
AT1G02335	-2.66074866150338
AT5G67300	-2.66076959684058
AT2G24520	-2.66182869508635
AT1G54360	-2.66286368302709
AT5G57230	-2.66332459739058
AT5G51300	-2.66407769826131
AT2G42310	-2.66547429968286
AT1G68935	-2.66591360655814
AT2G01021	-2.66785250473698
AT3G14010	-2.67087710227526
AT1G58807	-2.6709901461985
AT3G08730	-2.67159883317382
AT5G46390	-2.67298324089211
AT2G04530	-2.67471052197487
AT3G01850	-2.67477052018769
AT1G75720	-2.67497729952823
AT1G12770	-2.67586355177737
AT3G49070	-2.67595965511309
AT4G32605	-2.67671704324119
AT4G15090	-2.67728055463696
AT1G31200	-2.67812027483507
AT3G46820	-2.6786066043542
AT1G53330	-2.67883319437234
AT1G32700	-2.67969160947474
AT3G18110	-2.6797737308396
AT5G08380	-2.68028330082806
AT5G46910	-2.68101910945528
AT5G04710	-2.68147723113082
AT5G53830	-2.68180598098177
AT4G36690	-2.68197109992416
AT1G66670	-2.68220492175247
AT5G41650	-2.68413306830738
AT1G35780	-2.68495270903371
AT1G10890	-2.68539071806918
AT1G55475	-2.68582744499802
AT4G12600	-2.68614235208202
AT4G39680	-2.68696861958904
AT2G27100	-2.68812578339064
AT1G07520	-2.69144623981553
AT1G05750	-2.69198135949885
AT1G25390	-2.69271386514062
AT4G05210	-2.69334909776085
AT1G80420	-2.69579279137265
AT3G10760	-2.6975644573554
AT3G54830	-2.69822124187462
AT3G52290	-2.69854174874027
AT4G02460	-2.6988018046263
AT2G34680	-2.69902428097073
AT1G24610	-2.70011838633162
AT1G01040	-2.70082854606093
AT5G23360	-2.70087741917193
AT3G51610	-2.70089390392374
AT3G17240	-2.70125862486794
AT4G40030	-2.7014061891767
AT4G35800	-2.70177576411828
AT5G66055	-2.7028629420282
AT5G44750	-2.70316281185519
AT3G15070	-2.70322602733178
AT2G18090	-2.70382839193631
AT3G19000	-2.70492365037511
AT2G22450	-2.70521370302404
AT3G24070	-2.70791692597681
AT2G29020	-2.70866267703987
AT1G20890	-2.7092106111064
AT4G25450	-2.70992605239899
AT2G42380	-2.71033882041126
AT3G51730	-2.71129735794473
AT1G15760	-2.71280300697862
AT4G30340	-2.71321680609683
AT2G36990	-2.7132393705341
AT2G05840	-2.71341111377302
AT2G43790	-2.71368047278685
AT4G26570	-2.71400062043257
AT1G33060	-2.71407229182346
AT5G20610	-2.71577801046939
AT3G10140	-2.71598668580292
ATCG01100	-2.71684447015137
AT3G24490	-2.71732188099742
AT5G64070	-2.71773542555302
AT2G28760	-2.71829126715758
AT1G65295	-2.72182765015014
AT3G21140	-2.72422538843453
AT2G30000	-2.72466711791697
AT2G38040	-2.72546058471352
AT5G35360	-2.72577210227154
AT4G25620	-2.72640238642065
AT3G12587	-2.72753372495357
AT5G12120	-2.72753758083127
AT5G13270	-2.72885445343795
AT4G34412	-2.72888171600586
AT2G21385	-2.73193249407367
AT3G05685	-2.73651330455539
AT4G34110	-2.73964978234747
AT1G47840	-2.74368686833901
AT1G20960	-2.74421264806478
AT2G23380	-2.74513289558822
AT3G59040	-2.74731934436897
AT3G06778	-2.74755004536687
AT5G10490	-2.7523131076979
AT5G53580	-2.75386448398735
AT4G31860	-2.75429007791982
AT2G48110	-2.75529991943956
AT5G54585	-2.75546009869533
AT3G62820	-2.75599681835489
AT5G01670	-2.75660062660814
AT5G24400	-2.75794245624915
ATCG00830	-2.7590437517192
AT5G66160	-2.75912427087132
AT2G39340	-2.76320591404615
AT2G21080	-2.76717222983402
AT2G15230	-2.76751922520776
AT1G69200	-2.77001092780647
AT4G01335	-2.77002095587603
AT1G73910	-2.77076909993755
AT5G65205	-2.77104883399625
AT5G18790	-2.77132633526962
AT5G64130	-2.77337535514902
AT1G53390	-2.77530943240469
AT2G28070	-2.77544244333445
AT5G63470	-2.77668478475337
AT4G14050	-2.77766965264796
AT2G39795	-2.7778177012202
AT1G79490	-2.77787028803841
AT3G11220	-2.77821123149678
AT1G10910	-2.778575756465
AT5G58790	-2.77921765360986
AT4G08850	-2.78112642944298
AT1G70290	-2.78184830837396
AT5G49970	-2.782363082606
AT4G02510	-2.78419813826813
AT1G79440	-2.78442166454851
AT4G28760	-2.78525130225499
AT4G25170	-2.78724587501065
AT4G29050	-2.78751588186692
AT4G16130	-2.78855024708281
AT3G11760	-2.78974866829052
AT3G56410	-2.79016689646166
AT2G16485	-2.79311089310992
AT3G44330	-2.79330043738638
AT1G12360	-2.79651478790756
AT4G18600	-2.79929910595585
AT4G16570	-2.80016046368173
AT1G30320	-2.80039752717031
AT5G07740	-2.80050130155287
AT3G59020	-2.80103406244209
AT1G79220	-2.80167514225025
AT1G16890	-2.80316740086472
AT3G62980	-2.80328631038439
AT1G49740	-2.80396006124021
AT1G61010	-2.804888530732
AT1G80780	-2.80554793666034
AT3G43800	-2.80704802652687
AT1G70760	-2.80834396591482
AT2G48070	-2.80849238509559
AT4G15840	-2.8094025407371
AT4G33470	-2.81101190359056
AT4G34150	-2.81237519700909
AT2G20020	-2.81269465118541
AT4G33950	-2.81329138071823
AT3G16030	-2.81551763918137
AT1G53250	-2.81571617493496
AT5G08470	-2.81684281723113
AT5G40690	-2.81766509237864
AT2G45950	-2.81767373590733
AT2G02400	-2.81812563218114
AT1G34210	-2.81866867107019
AT1G74180	-2.81975304311799
AT1G27960	-2.82103596410368
AT1G69840	-2.82382211035578
AT1G56520	-2.82383534679132
AT1G29790	-2.82518421151118
AT4G30580	-2.82594603236065
AT1G33350	-2.82743673358199
AT1G61210	-2.8286149191834
AT1G29530	-2.82863453049221
AT5G42780	-2.83100545906459
AT2G20790	-2.83162779496318
AT5G54640	-2.83426124771357
AT3G21865	-2.83500379088484
AT2G31740	-2.83603478907227
AT2G32000	-2.83737576773073
AT5G50320	-2.83797460037882
AT3G23910	-2.83801584753464
AT1G30570	-2.83829130406725
AT5G17610	-2.83833761753947
AT3G50890	-2.83841744546491
AT5G48530	-2.84116494983266
AT1G08680	-2.84261670507683
AT5G21160	-2.84285020061449
AT5G05670	-2.84407738114904
AT3G26990	-2.84442299378269
AT1G32100	-2.8448493846642
AT2G22790	-2.84532320720241
AT2G24830	-2.84597676951243
AT2G42570	-2.84604399941325
AT5G20060	-2.84628219598567
AT1G71260	-2.84637047259301
AT2G01390	-2.84680960622927
AT3G57360	-2.84855110478609
AT1G74370	-2.84875625695722
AT3G20040	-2.85340690934922
AT1G72970	-2.85495104074792
AT2G04039	-2.85499214950771
AT3G27420	-2.85528825701711
AT3G24530	-2.85889960810656
AT5G46790	-2.85999321552877
AT5G16620	-2.86165697146682
AT5G23080	-2.86380479299563
AT5G11960	-2.86590070822794
AT1G19380	-2.8664258596123
AT1G18610	-2.86714168019952
AT1G69230	-2.86813142758126
AT5G66790	-2.87005611179618
AT3G01740	-2.87013912988333
AT4G37330	-2.87083976091797
AT2G41720	-2.87119140740361
AT1G08510	-2.87167931935554
AT4G24430	-2.8727986668763
AT1G53190	-2.87390223114289
AT4G32180	-2.87724763221488
AT4G37810	-2.87806842561012
AT4G29220	-2.87898414067924
AT5G23750	-2.87919500953427
AT2G33530	-2.8805965478787
AT2G47760	-2.88238363525027
AT4G30950	-2.88432839890143
AT5G40340	-2.88460250383536
AT4G23940	-2.88571031516311
AT5G23920	-2.88595498655458
AT4G02590	-2.88623842332819
AT1G71010	-2.88812670793175
AT2G17320	-2.88814200271982
AT4G00230	-2.88853152084593
AT3G14230	-2.88990010776415
AT3G57530	-2.89070396902148
AT1G68910	-2.89128844011544
AT5G03500	-2.89220612505592
AT5G18580	-2.89249925425815
AT3G10720	-2.89442763048797
AT1G77030	-2.89714994119074
AT4G35950	-2.89787749680705
AT5G05230	-2.89788262240552
AT5G64960	-2.89839770661577
AT5G05560	-2.89882391361424
AT1G01790	-2.90013642291409
AT2G36310	-2.9009784652625
AT1G16590	-2.9012085252799
AT1G64530	-2.90159069469321
AT5G04720	-2.90166580305768
AT5G20040	-2.90232240690893
AT5G19450	-2.90274605169853
AT1G75730	-2.90434010901379
AT3G14110	-2.90524386593559
AT3G51370	-2.90776085252063
AT5G46270	-2.91067182705621
AT1G69160	-2.9111075255149
AT5G19740	-2.91136054589891
AT5G27893	-2.91153650096405
AT5G14460	-2.91294043795401
AT4G28770	-2.91410223268233
AT1G31850	-2.91554951966977
AT3G28710	-2.91663272284001
AT5G23880	-2.91825433452779
AT1G16840	-2.91826459978459
AT5G16830	-2.91925358853527
AT4G04700	-2.92196278191325
AT2G46210	-2.92313151404308
AT4G34290	-2.92399831140448
AT4G30510	-2.92407217963768
AT5G46880	-2.92647921608234
AT3G14810	-2.92662134635628
AT1G13030	-2.92682269468102
AT3G54850	-2.92687952062249
AT1G06240	-2.92702628833597
AT3G10410	-2.92802738661854
AT3G59820	-2.92843543024862
AT5G64900	-2.9304746094401
AT1G68780	-2.93226571065229
AT5G26731	-2.93233466231332
AT5G39350	-2.93287740625696
AT1G71110	-2.93368597805782
AT2G42810	-2.93561907487144
AT5G49030	-2.93594243943001
AT5G47720	-2.9370675881191
AT5G23770	-2.93896006872682
AT5G22450	-2.94097931385108
AT2G34190	-2.94144219266135
AT4G15802	-2.94189794487444
AT1G60430	-2.94405212003887
AT1G34430	-2.94461719677387
AT5G57850	-2.94467245756214
AT3G05625	-2.94474386852261
AT1G08110	-2.94825556562179
AT4G07825	-2.94870052358023
AT4G36970	-2.94993539344766
AT1G69170	-2.95024933270897
AT5G11860	-2.95038949937511
AT5G54710	-2.95062107636446
AT1G55090	-2.95123711809101
AT4G32820	-2.95493892582212
AT5G62100	-2.95585924745107
AT3G24110	-2.9566035944031
AT4G14660	-2.95860795470562
AT5G61670	-2.95866237130332
AT3G20860	-2.95906839965193
AT4G20020	-2.96092609983244
AT3G47000	-2.96111049500371
AT1G04590	-2.96145566940796
AT1G55335	-2.9623918720712
AT2G26240	-2.96435418567544
AT3G21240	-2.96436846231685
AT3G22150	-2.96497954914231
AT5G16420	-2.96539835481969
AT3G44480	-2.965965957884
AT5G67640	-2.96821386345466
AT5G23100	-2.96830090116484
AT5G59865	-2.96915218113429
AT3G17580	-2.97079324654227
AT1G65700	-2.97274974647513
AT4G30860	-2.97370839272202
AT1G02705	-2.97375380955832
AT2G30590	-2.97391656352042
AT4G01040	-2.97514782847149
AT5G27650	-2.97665885411521
AT1G08470	-2.97954002149255
AT3G18980	-2.98057526272332
AT1G04810	-2.98132078822881
AT4G30720	-2.98201202265059
AT2G34710	-2.98234573172654
AT1G69260	-2.98404535554314
AT1G18750	-2.98428366092802
AT3G54860	-2.98433838416346
AT3G56570	-2.98578634117139
AT2G47940	-2.98613654585359
AT1G03760	-2.98641368209469
AT5G40580	-2.98716834151337
AT3G15060	-2.98803331864303
AT3G08650	-2.98849106121342
AT5G18430	-2.98868762105475
AT4G29820	-2.99004549389775
AT3G01670	-2.99062810843748
AT2G41420	-2.99121109492372
AT1G43190	-2.99284377408772
AT1G23150	-2.99470746000897
AT3G60910	-2.99479923772177
AT1G29720	-2.99515723286086
AT3G12120	-2.99579792081274
AT3G10850	-2.99655966663306
AT5G42820	-2.99931071066969
AT3G45530	-2.99964528020751
AT4G38350	-3.00272808422826
AT5G63500	-3.00337858711141
AT5G63690	-3.00439872966234
AT5G05130	-3.00495455353189
AT3G47890	-3.00513369134783
AT2G42600	-3.00628638352736
AT3G56750	-3.00687668634919
AT2G46735	-3.00756664899025
AT1G26180	-3.00919744058107
AT5G10170	-3.00976792201485
AT4G30270	-3.01032362157631
AT5G54500	-3.01085469893773
AT2G45800	-3.01114268571481
AT3G01350	-3.01126596949633
AT5G24520	-3.01215793755364
AT1G48650	-3.01273254331092
AT1G63295	-3.01381466563632
AT2G26280	-3.01442146531652
AT3G08943	-3.01526279467706
AT2G18850	-3.01596284900605
AT1G77480	-3.01702031821707
AT1G72645	-3.01755920969853
AT1G56180	-3.02062194853457
AT5G58870	-3.02309408899396
AT1G11340	-3.02314833244594
AT4G32160	-3.02347056276175
AT3G60530	-3.02360756496505
AT3G48870	-3.02517049707108
AT5G53180	-3.02611324442433
AT3G21200	-3.02634887935569
AT3G06290	-3.02642458985907
AT1G07810	-3.02717429191412
AT3G44735	-3.0288541003459
AT5G51890	-3.02911299080019
AT1G10670	-3.03011543911427
AT5G07370	-3.03077076085759
AT5G62470	-3.03133912015234
AT3G18930	-3.03146986101123
AT1G68990	-3.03259256684794
AT3G61060	-3.03360868095334
AT5G61200	-3.03379326356963
AT3G01050	-3.03475304352577
AT2G02170	-3.03621478424423
AT3G01890	-3.03673020580039
AT5G51980	-3.03811096395131
AT1G70250	-3.03905168816132
AT4G35080	-3.04103400356654
AT4G01120	-3.04243452004868
AT1G49980	-3.04460842182423
AT4G01935	-3.04464908639074
AT2G30040	-3.04499085952857
AT1G49170	-3.04515979004063
AT2G01070	-3.04570341866629
AT3G25840	-3.046639283375
AT3G12560	-3.04749846264485
AT4G18340	-3.0476055239208
AT1G21650	-3.04815031474195
AT4G31120	-3.04819276391026
AT1G70980	-3.04851891184091
AT5G05980	-3.04914403629767
AT2G42650	-3.05056911767036
AT2G44690	-3.05174883229259
AT2G38660	-3.05185979081514
AT1G09890	-3.05344645760352
AT3G53360	-3.05349044071457
AT3G01550	-3.0542798797725
AT2G03667	-3.05550230966574
AT2G35820	-3.05566893705395
AT1G12460	-3.05567323883261
AT5G60970	-3.05729800600257
AT5G08640	-3.05982985441397
AT1G54630	-3.06065350677714
AT3G49140	-3.06425473196071
AT1G75810	-3.06481542047182
AT2G07050	-3.06532685171117
AT3G13780	-3.06768114284513
AT5G40970	-3.06830028034617
AT3G14120	-3.07043458766304
AT3G22960	-3.07224502888775
AT2G23590	-3.0735370191176
AT4G37550	-3.07411669602078
AT4G25880	-3.07430009943974
AT1G78290	-3.07583659117968
AT2G17120	-3.07813836313282
AT1G80920	-3.07930460071298
AT5G15610	-3.07966106186163
AT2G43370	-3.0802315174405
AT4G31040	-3.08208191439379
AT5G05160	-3.08281881525486
AT2G19760	-3.08316788228028
AT5G48250	-3.08351141762202
AT3G63180	-3.08447434785415
AT5G07360	-3.08554377370847
AT4G22280	-3.08638903955931
AT3G45100	-3.08865333774769
AT3G06440	-3.08957068272825
AT4G16700	-3.09079677507976
AT5G49215	-3.09283721475195
AT1G06950	-3.09367752107701
AT5G03700	-3.09526595440936
AT1G54150	-3.09718959488474
AT5G05780	-3.09774589308264
AT5G65490	-3.09807810203997
AT1G77720	-3.10123978841369
AT2G23980	-3.10156290311069
AT1G07240	-3.10231866999323
AT2G22125	-3.10295321430312
AT2G33570	-3.10379115120858
AT3G03630	-3.1040152874325
AT1G64740	-3.10686088127687
AT2G40540	-3.10782190636171
AT5G02130	-3.10825429379481
AT1G48570	-3.10933369237819
AT5G23510	-3.10991517227264
AT2G05540	-3.11003802115723
AT1G13040	-3.11100828630382
AT4G00020	-3.11299269731056
AT2G05990	-3.11357747750856
AT3G43220	-3.11430596354006
AT5G06265	-3.11483536658828
AT3G54880	-3.11550225828771
AT1G05830	-3.11789287833844
AT1G32330	-3.11814595536272
AT2G46630	-3.1183194414181
AT3G55850	-3.1187878013996
AT4G25707	-3.12271449697618
AT3G13560	-3.12353016523551
AT4G21745	-3.1271249607721
AT5G13780	-3.12801869878094
AT1G02305	-3.12828307024965
AT1G17140	-3.12876429824027
AT2G41500	-3.12877398239919
AT3G55740	-3.12936327223952
AT5G64460	-3.13286495531001
AT3G50780	-3.13635230728115
AT3G16170	-3.13766085860214
AT5G57370	-3.1383171842726
AT3G06950	-3.13862956299345
AT3G51420	-3.14024379465954
AT5G04230	-3.14107299296113
AT5G26280	-3.14166897717428
AT2G17033	-3.14219061023159
AT1G29490	-3.14231220628258
AT3G44320	-3.14270344011869
AT1G54060	-3.14455330448712
AT1G18773	-3.14526079149587
AT5G56990	-3.14529367842626
AT5G15640	-3.14790885519282
AT5G13250	-3.14935315651136
AT4G31780	-3.15175187067166
AT4G35470	-3.15184618858136
AT3G14595	-3.15211515433587
AT5G59380	-3.15301856228664
AT1G30400	-3.15329055511164
AT3G06400	-3.15476066063774
AT1G03860	-3.15508556777732
AT5G19860	-3.15604192588324
ATCG00800	-3.15674753180228
AT1G09660	-3.15881498856132
AT3G61640	-3.15949911044937
AT4G27360	-3.16071231940085
AT4G16447	-3.16072943638489
AT4G21310	-3.16141281893552
AT2G18328	-3.16189383239558
AT5G17400	-3.16378179519453
AT2G21650	-3.16464776087193
AT1G01340	-3.16548104464409
AT1G79630	-3.16645348340836
AT2G05310	-3.16677798858273
AT3G48530	-3.16752600348225
AT1G14040	-3.16833268857975
AT1G44760	-3.16856858930452
AT2G28260	-3.1685772868565
AT4G10970	-3.16881664680518
AT3G52210	-3.16932942315279
AT5G59010	-3.17135644421629
AT5G20990	-3.1725545807797
AT3G55646	-3.17382744686898
AT1G23020	-3.18099992444125
AT1G48780	-3.18126172073688
AT1G22190	-3.18519355969261
AT1G54250	-3.18625201033876
AT4G00830	-3.18977249368962
AT2G17240	-3.19344956174155
AT5G58710	-3.1939462201364
AT5G17240	-3.19526843790003
AT5G43910	-3.19544966402193
AT5G20490	-3.19586606593964
AT5G62150	-3.19688408749666
AT3G56370	-3.1969618604313
AT1G69740	-3.19812787875088
AT4G29380	-3.19905828006706
AT2G27510	-3.20151899338358
AT4G31115	-3.20172954404148
AT5G45250	-3.20281949902047
AT4G19070	-3.20417771452996
AT3G17750	-3.2058128472379
AT3G24255	-3.20583839525524
AT3G11100	-3.207965227575
AT5G16570	-3.208246370416
AT5G26740	-3.20843309239774
AT1G01080	-3.20989757588033
AT5G16800	-3.2099111520736
AT4G34370	-3.21236404840221
AT1G29500	-3.21323055325858
AT1G07010	-3.21358793944461
AT1G02910	-3.2137033908569
AT5G60940	-3.21378968448366
AT3G18960	-3.21651110216655
AT3G62010	-3.21973870248377
AT5G35320	-3.2198362839417
AT1G66150	-3.22182699080433
AT4G32650	-3.22210480800876
AT4G26370	-3.22260646532467
AT1G80260	-3.22366357059969
AT2G23810	-3.2243818552793
AT3G04260	-3.22460116778212
AT4G33200	-3.22613485543094
AT5G64270	-3.22712309382048
AT3G61090	-3.2283131334707
AT1G61430	-3.23000856402441
AT4G20030	-3.23083414159316
AT3G63260	-3.23133311498775
AT1G31440	-3.2317550557302
AT5G52850	-3.23330941703984
AT1G75170	-3.23505600387221
AT5G48920	-3.23650084086572
AT4G34070	-3.24041730497612
AT1G74910	-3.24102053988613
AT1G50030	-3.24169288321303
AT1G03060	-3.24222256641779
AT1G14345	-3.24481593354034
AT5G59340	-3.24526929964884
AT2G11891	-3.2458341175286
AT3G01680	-3.2465955294583
AT5G27450	-3.24834366391565
AT3G12380	-3.24892326786314
AT3G49410	-3.24934506026599
AT1G05860	-3.25532592038462
AT3G13040	-3.25793899997356
AT5G11970	-3.25893961543761
AT3G18510	-3.26191671585628
AT5G24690	-3.26383942195266
AT3G06660	-3.26544006246804
AT4G33360	-3.26649153870038
AT2G43400	-3.26671024958625
AT4G38950	-3.26930073593865
AT2G04780	-3.2697109793099
AT2G39400	-3.27126600732377
AT4G21520	-3.2715769743488
AT1G64185	-3.27318099278919
AT1G60710	-3.27449430627336
AT3G60290	-3.27485663739413
AT1G79840	-3.27953243807841
AT5G20120	-3.2881362004756
AT5G47660	-3.28853484313828
AT2G45530	-3.28934426203143
AT5G19500	-3.29008022314849
AT5G46500	-3.29111092932752
AT3G59050	-3.29185721476967
AT1G27320	-3.29374106574
AT4G16835	-3.29387703856956
AT2G28290	-3.29445791841726
AT1G12810	-3.29550270876822
AT2G40815	-3.29638123818272
AT1G24560	-3.29649655854239
AT1G73380	-3.29789250655423
AT4G17810	-3.29819599420343
AT3G32930	-3.29821699193331
AT4G17970	-3.30017900417855
AT5G64930	-3.30059999096554
AT5G09300	-3.30288576209413
AT3G55080	-3.30621181118362
AT1G49510	-3.30830034618769
AT3G44220	-3.31060096157335
AT2G20830	-3.31236052228994
AT5G24120	-3.3130144762563
AT2G32650	-3.31308887333282
ATMG00480	-3.31799013363549
AT5G25770	-3.31850267747908
AT5G66210	-3.31976038257007
AT4G13160	-3.32492220066651
AT3G24140	-3.32720136249777
AT5G61060	-3.33008901258575
AT1G14430	-3.33126769830871
AT2G35660	-3.33140204164994
AT1G69730	-3.33150878721073
AT5G56780	-3.33151721643137
AT1G33680	-3.33175479930212
AT3G43610	-3.33182131494803
AT1G65032	-3.33277584380935
AT4G19985	-3.33297492033166
AT2G34730	-3.33297668521392
AT2G41170	-3.33349999260276
AT5G53150	-3.33551568146464
AT5G53770	-3.33682067899738
AT2G25190	-3.33696216672635
AT5G46290	-3.33718326637236
AT5G57130	-3.33778459973047
AT4G39100	-3.33807651089993
AT4G32551	-3.33811339727096
AT4G26190	-3.33820698323067
AT1G74310	-3.33833633363673
AT3G17170	-3.33893673500924
AT3G17470	-3.33897931467639
AT1G24090	-3.34035497900537
AT5G41761	-3.34163973460154
AT4G35460	-3.34198605552586
AT5G40200	-3.34432546529631
AT1G63660	-3.34813652348209
AT1G63690	-3.35127049313637
AT1G35220	-3.3523106813753
AT5G13400	-3.35255354011238
AT5G25120	-3.35310940153581
AT3G21770	-3.35447103251935
AT1G17920	-3.35505845880548
AT5G49400	-3.35508451637003
AT2G18300	-3.35715059524246
AT4G12790	-3.35904436285767
AT1G61420	-3.3592101560321
AT3G17668	-3.35961860477835
AT4G09000	-3.36026459946008
AT3G54690	-3.3606618909047
AT3G46740	-3.36181031822829
AT4G20380	-3.36205230615632
AT4G26830	-3.36468364255553
AT1G16920	-3.36562908174985
AT4G12020	-3.36604631063535
AT3G15780	-3.36635234467687
AT3G06730	-3.36765824460278
AT1G48760	-3.3677059278409
AT1G53520	-3.37069196934358
AT1G62400	-3.37304638776917
AT5G50180	-3.37589406241743
AT3G45040	-3.37605992992879
AT2G16050	-3.37716223387789
AT1G43700	-3.37877781642625
AT2G43445	-3.37923183301953
AT4G36580	-3.37997199427147
AT3G54220	-3.38007101081906
AT1G65390	-3.38069972535513
AT1G75080	-3.38152343341399
AT2G20050	-3.38232261099505
AT5G58110	-3.38250658439637
AT2G23310	-3.3829933625109
AT3G51130	-3.38611727783969
AT5G36250	-3.38627842103359
AT1G63940	-3.388182896279
AT1G67148	-3.38907447081129
AT1G18170	-3.39088388482627
AT3G22780	-3.39213219500944
AT5G12440	-3.39570123881945
AT5G48760	-3.40191710067744
AT4G02520	-3.40226064327205
AT3G26720	-3.40507853889096
AT2G30530	-3.40525727302708
AT1G54680	-3.405939814172
AT3G11490	-3.4078222615291
AT4G31840	-3.40809022795711
AT5G43470	-3.40850601327387
AT4G38400	-3.40950420610225
AT5G44785	-3.40968151408702
AT5G42000	-3.4104101133977
AT4G17900	-3.4142050480064
AT1G69700	-3.41933095330236
AT4G34560	-3.42271941705577
AT5G44090	-3.42321110601048
AT5G11690	-3.42361533471547
AT1G56460	-3.42483935239364
AT5G60400	-3.42582962551802
AT5G24760	-3.42615541873301
AT5G38110	-3.42693883952757
AT5G16880	-3.42728125518873
AT2G17520	-3.4279778427875
AT2G40760	-3.43100099939478
AT4G21865	-3.43147048969391
AT1G19440	-3.43168068262491
AT5G34940	-3.432942361609
AT4G37460	-3.43351934151879
AT2G25930	-3.43573422273196
AT2G03780	-3.43646725222025
AT3G15140	-3.43735024545098
AT1G48200	-3.44066237353789
AT5G21920	-3.44073937183239
AT4G29890	-3.44183857680707
AT5G61560	-3.44328435574609
AT1G32400	-3.44346500166426
AT3G01650	-3.44453407204087
AT4G21450	-3.4471200883652
AT5G58290	-3.44911887519047
AT2G46280	-3.44982014984915
AT2G22570	-3.45258465936556
AT1G10270	-3.45451181956857
AT4G28710	-3.4548353534558
AT5G55470	-3.45550133787883
AT5G56290	-3.45601684991722
AT4G37040	-3.45647363844366
AT2G32320	-3.45688588478336
AT2G35690	-3.45934501888669
AT5G15810	-3.46026550117642
AT5G13280	-3.46145225914495
AT4G02480	-3.46480612692738
AT5G27300	-3.46774614452172
AT1G79670	-3.46777390758128
AT5G49330	-3.47030617196107
AT1G72470	-3.47109845122374
AT3G13880	-3.47177455240521
AT3G52920	-3.47214180010427
AT1G63900	-3.47249661713226
AT5G15780	-3.47295188030234
AT5G44582	-3.47605246491622
AT1G06840	-3.47672196514165
AT3G44430	-3.47838872448272
AT4G03205	-3.48417864678063
AT5G28010	-3.48535691213408
AT5G23070	-3.48741420009175
AT5G08620	-3.48770042667928
AT1G14150	-3.48889180281053
AT5G11500	-3.48912289874992
AT3G49210	-3.4900025871033
AT5G23130	-3.49482752845661
AT3G09050	-3.496231059756
AT1G64960	-3.49742347797916
AT4G15520	-3.49756895568245
AT3G12040	-3.49776535468244
AT5G51720	-3.49798675744057
AT3G24570	-3.50142956675106
AT3G44600	-3.50312407059676
AT5G53860	-3.50485994170846
AT4G38660	-3.50594573131767
AT1G45976	-3.5074352365041
AT3G14410	-3.50777565399604
AT1G10380	-3.50780697130542
AT2G28230	-3.50840849082409
AT4G36760	-3.5098845923835
AT3G16920	-3.51010806264952
AT1G18485	-3.51208149116322
ATCG00020	-3.51339591329597
AT1G53090	-3.51419497467839
AT4G33050	-3.51541040612601
AT1G58170	-3.51690206126427
AT1G56145	-3.51703215945957
AT3G05680	-3.51746590161436
AT3G02930	-3.51949286600569
AT2G16390	-3.51972790633219
AT5G65450	-3.52011530078294
AT1G73390	-3.5201204722644
AT3G03110	-3.52535340681244
AT4G27690	-3.52572783279052
AT2G03380	-3.52896917755056
AT1G04550	-3.52946074416929
AT5G53070	-3.52998550031022
AT4G21750	-3.53111176708656
AT5G20510	-3.53415573865371
AT1G18680	-3.53481359856529
AT2G25660	-3.53522412280738
AT5G39340	-3.53785047999211
AT1G10522	-3.53833304105809
AT4G26650	-3.53851005238186
AT1G04640	-3.53943268150463
AT3G11530	-3.5419388871867
AT5G05930	-3.54208628240995
AT1G56140	-3.54263556677355
AT1G09060	-3.54361988216163
AT2G47730	-3.54595761343091
AT2G34470	-3.54643895277936
AT5G45340	-3.54819164044688
AT3G53270	-3.55210617664482
AT2G21730	-3.55349586770939
AT1G04950	-3.55596705897696
AT4G26160	-3.55982353420621
AT1G72650	-3.56172987349544
AT5G05450	-3.56285801558359
AT3G56360	-3.56424055965084
AT1G64490	-3.5725614082157
AT3G02470	-3.57423417043604
AT5G04780	-3.57495381798231
AT3G22290	-3.5750981400507
AT5G04200	-3.57838009529676
AT1G74170	-3.58058659956134
AT5G55040	-3.58074165489452
AT1G18500	-3.58350543625376
AT2G16630	-3.5858744146039
AT2G01060	-3.58691256223418
AT5G27730	-3.58786852439269
AT3G25585	-3.58854372943971
AT3G53170	-3.59034145190081
AT2G03390	-3.59101696294793
AT5G19180	-3.59115311141711
AT3G09320	-3.59347169021885
AT5G42940	-3.59365815861728
AT5G61150	-3.59839548861259
AT2G35410	-3.5987818145111
AT1G29800	-3.60267765024974
AT1G30690	-3.60345873041722
AT4G05420	-3.60366409501956
AT2G24060	-3.60369156760921
AT5G64280	-3.60481616906114
AT1G72330	-3.60538234636626
AT2G17500	-3.6091702145971
AT4G25870	-3.60918497174209
AT4G33140	-3.6104105219888
AT5G38290	-3.61274264131528
AT2G19450	-3.61440570726544
AT1G12780	-3.61718615013512
AT1G07830	-3.61861625756451
AT2G45440	-3.62079626644174
AT1G15400	-3.6243855308106
AT1G76950	-3.62688299210957
AT5G56590	-3.63016669907122
AT5G05550	-3.63097032133455
AT1G67840	-3.6333024737441
AT1G63800	-3.63890029108664
AT1G18650	-3.64156180978114
AT2G46720	-3.64280073790194
AT5G16200	-3.64455386948512
AT4G29140	-3.64634957882875
AT5G26760	-3.6470422435076
AT3G04600	-3.64720781471338
AT3G57030	-3.64794558202137
AT3G06190	-3.64799969595388
AT4G04740	-3.64862435041087
AT1G79590	-3.64876012553493
AT1G27595	-3.65054002799266
AT5G50210	-3.6518726765014
AT3G20930	-3.65267554555082
AT4G27657	-3.65461573610687
AT2G24395	-3.65568532689629
AT1G49180	-3.65643279976223
AT1G21930	-3.65939978777265
AT2G30160	-3.66082301853051
AT5G58800	-3.66101519432798
AT2G24550	-3.66578479174556
AT3G44720	-3.67021391854924
AT2G33310	-3.67222212706873
AT2G34925	-3.67838601693571
AT3G21790	-3.6800320056962
AT2G16370	-3.68197609372399
AT4G34160	-3.68258333502724
AT1G77180	-3.68318581760324
AT1G02610	-3.68341345012196
AT1G79720	-3.68546670003165
AT1G13810	-3.68657884272305
AT4G12570	-3.69080681351286
AT4G33620	-3.69331895796822
AT5G55260	-3.69356340641276
AT1G11905	-3.6949794825368
AT1G05870	-3.69594917675077
AT3G52460	-3.69724021124781
AT3G46870	-3.69926804083878
AT2G42920	-3.70012186511157
AT2G33360	-3.70096009745353
AT3G14150	-3.70130243715346
AT4G23440	-3.70169046591728
AT1G09140	-3.7018523946545
AT5G01460	-3.70483693203704
AT4G20130	-3.71044765345142
AT5G16660	-3.7106636415958
AT1G03590	-3.71295795284394
AT5G05870	-3.71413754214482
AT1G58180	-3.71451967734592
AT1G75770	-3.71693080121444
AT4G29900	-3.71717318396082
AT3G43920	-3.71805711032907
AT5G52920	-3.71929217169298
AT5G42320	-3.71991910314491
AT2G01190	-3.72018899808505
AT4G00180	-3.72025127709417
AT5G02710	-3.72124056733853
AT2G28950	-3.72328075428787
AT5G47200	-3.72575628608497
AT5G25270	-3.72757892992575
AT3G57080	-3.73014475441515
AT2G25520	-3.73118306794486
AT2G42910	-3.73159800834082
AT4G04570	-3.73169207118678
AT4G19880	-3.73188832065018
AT5G03940	-3.7328872891457
AT3G26520	-3.73471996620547
AT3G09210	-3.73746122730374
AT5G62620	-3.73791807939235
AT5G24890	-3.74239454288474
AT4G33480	-3.7433858043844
AT1G80150	-3.74546091528456
AT4G11660	-3.74813386212469
AT5G19875	-3.74882195128025
AT3G60320	-3.75014009458718
AT3G15290	-3.75164783278067
AT5G53200	-3.75281204970761
AT1G73660	-3.75325498553072
AT1G59990	-3.75721784234937
AT3G22750	-3.75775540337667
AT4G27000	-3.75789245356223
AT5G50740	-3.75887759446219
AT1G09070	-3.76020840202265
AT1G27650	-3.76102213455843
AT1G50600	-3.76154798571812
AT4G27610	-3.76221782753829
AT1G06360	-3.7622391016531
AT2G38320	-3.7635158937482
AT2G04160	-3.76478083528932
AT3G25910	-3.76703340346995
AT5G37770	-3.76714483855034
AT1G27070	-3.76862233816865
AT5G13000	-3.76994349542545
AT1G30460	-3.77135733116557
AT4G31720	-3.7716491355588
AT3G49320	-3.77251648826895
AT1G23460	-3.77299993614203
AT1G04520	-3.77341954113303
AT5G40190	-3.77418284688484
AT1G74450	-3.77487250905006
AT5G45050	-3.78049218667625
AT1G79230	-3.78459065967643
AT5G43310	-3.78742319568743
AT3G06100	-3.78749201949347
AT3G57450	-3.79053262843224
AT1G32928	-3.79183935316971
AT2G43970	-3.79389543571594
AT4G09730	-3.79948936525768
AT5G45140	-3.79952928650036
AT1G43605	-3.7996668943758
AT1G20460	-3.80215232981856
AT5G11530	-3.80421123319694
AT2G01620	-3.80596495637151
AT1G19660	-3.8066430761575
AT4G14965	-3.80941000538754
AT4G00335	-3.80962358870133
AT5G48500	-3.81088450737021
AT3G10230	-3.81298808170556
AT1G09960	-3.81353470986789
AT1G24040	-3.81382496482364
AT2G05520	-3.81643250918384
AT4G33510	-3.81715133935651
AT1G17120	-3.82004144905799
AT3G53950	-3.8209122992304
AT3G05730	-3.82122208535991
AT1G10950	-3.82412156688696
AT2G11225	-3.8242828465856
AT1G15730	-3.82599209067162
AT3G11800	-3.83505961379362
AT4G10170	-3.8361942305232
AT3G20130	-3.83663636006911
AT5G65950	-3.83750416353735
AT1G68590	-3.83753039655242
AT1G08070	-3.83830466534395
AT3G12590	-3.83894524958589
AT3G09740	-3.83904883513577
AT2G34660	-3.83948372367194
AT4G34610	-3.84004395506341
AT2G28605	-3.84437224526466
AT2G03530	-3.84438426867859
AT4G16480	-3.84727609716407
AT5G53550	-3.84911224784441
AT4G17640	-3.84939036384493
AT4G35420	-3.85051511161484
AT5G04290	-3.85057547092964
AT5G43870	-3.85244188216911
AT5G01030	-3.85403822807922
AT3G54970	-3.85412162635488
AT1G43650	-3.85660020738172
AT4G13980	-3.85835407113705
AT3G50370	-3.85880198419005
AT5G18240	-3.86015824808953
AT3G54740	-3.86141668650769
AT3G02880	-3.86287627832288
AT2G38970	-3.86398860023639
AT1G74790	-3.86412592606532
AT5G10180	-3.86420181906587
AT3G06140	-3.86579869315752
AT1G62810	-3.86588760325225
AT1G51590	-3.86877176285394
AT3G45970	-3.86877545828836
AT4G00231	-3.87012170182127
AT2G16850	-3.87015388110535
AT5G10480	-3.8715046947277
AT1G66660	-3.87220466426398
AT1G03370	-3.87242697019677
AT5G20410	-3.87252338970346
AT5G45620	-3.87406541085905
AT1G52710	-3.87418572144873
AT2G18910	-3.87709472364791
AT3G52520	-3.87869385898718
AT3G01490	-3.88264723789531
AT5G50000	-3.88283483074398
AT3G55260	-3.8829744946004
AT3G42150	-3.88415824839189
AT3G25805	-3.88539365071637
AT2G17036	-3.89143061944433
AT3G06840	-3.89179241883617
AT4G28880	-3.89189209215568
AT5G64840	-3.89192181815053
AT4G34360	-3.89461732579436
AT1G79380	-3.89467052943923
AT3G04740	-3.89556698076594
AT3G12345	-3.89569835319013
AT5G49720	-3.89772847170387
AT1G60060	-3.89890325850597
AT1G79060	-3.89900997594604
AT3G07200	-3.89982371472857
AT5G41970	-3.90029448672946
AT4G21510	-3.90132139313517
AT4G05060	-3.90487344795241
AT2G29340	-3.90636721654946
AT3G02060	-3.90702580416994
AT2G04450	-3.90750909130524
AT1G12390	-3.91113999975485
AT5G42620	-3.91348402857188
AT5G55930	-3.91390453284171
AT1G09420	-3.91454486471004
AT5G35732	-3.91489089997195
AT2G18290	-3.91631154455593
AT1G73920	-3.92089675535516
AT3G07140	-3.92112430355937
AT2G34900	-3.92254735864992
AT4G21620	-3.92421561333862
AT3G61780	-3.92494996657815
AT1G53560	-3.92565004243007
ATCG00490	-3.92794171636789
AT1G32520	-3.92806601358033
AT5G52420	-3.93072776063063
AT2G21340	-3.93097537808787
AT3G10810	-3.93247274018809
AT3G02820	-3.93343852665833
AT1G34150	-3.93381389195643
AT1G48770	-3.93986112291017
AT2G32180	-3.9405115899815
AT1G68840	-3.94144537714802
AT3G14100	-3.94516024449294
AT5G46450	-3.94871214348143
AT3G19910	-3.94952745727158
AT1G35460	-3.95076938817444
AT1G73720	-3.95313364568483
AT3G06350	-3.9532084128569
AT4G33240	-3.95339469685578
AT1G49630	-3.95387441722933
AT3G25890	-3.95943362005538
AT1G50280	-3.95998370590298
AT1G27450	-3.96084403437022
AT1G27750	-3.96167833868143
AT3G06020	-3.96245321760982
AT5G19190	-3.96542123606751
AT3G09980	-3.97131310586799
AT2G35920	-3.97167742414822
AT4G25710	-3.97307882777482
AT3G01500	-3.9743051293697
AT2G34170	-3.97528821252667
AT2G39290	-3.97694212571493
AT4G38290	-3.97942242512572
AT3G13120	-3.97958405845331
AT5G51020	-3.97976515737169
AT5G05710	-3.98111532805249
AT2G20390	-3.98296046149879
AT1G27500	-3.98352230929264
AT5G57080	-3.98459940201844
AT2G15570	-3.98807809401141
AT5G64310	-3.98828436278984
AT4G12400	-3.98924467860835
AT5G29000	-3.99284643861927
AT1G11820	-3.99545465995643
AT1G17360	-3.9955674714966
AT1G02150	-3.99596744258978
AT1G53030	-3.99691940686686
AT5G55125	-4.00169864200492
AT4G32950	-4.002001895196
AT1G70150	-4.00487803497057
AT4G04220	-4.00731862942681
AT2G01755	-4.00850235239122
AT4G31170	-4.01097031325655
AT1G22910	-4.01189089525599
AT2G47580	-4.01829136954366
AT4G17070	-4.02022615477591
AT1G49890	-4.02049831217473
AT5G59800	-4.02152537369826
AT4G33890	-4.02157417896999
AT5G08610	-4.02193525670675
AT5G56790	-4.02270482402191
AT3G09690	-4.02444010804792
AT2G41490	-4.02470420799134
AT3G15450	-4.02843565968368
AT1G50430	-4.02847401797991
AT1G18640	-4.02932258963302
AT2G33630	-4.03156958058608
AT5G16540	-4.03396255120421
AT1G62480	-4.03809896444362
AT4G21610	-4.03966780535375
AT4G37020	-4.04107776436201
AT1G48410	-4.04676786568759
AT1G75760	-4.04867937109223
AT1G68140	-4.04889237360117
AT2G34400	-4.04899089509288
AT3G61580	-4.05287395217705
AT2G02820	-4.0539188500031
AT3G52230	-4.05636071764384
AT3G04300	-4.05957370185609
AT3G26490	-4.06076310873292
AT4G21410	-4.06468861320732
AT5G06140	-4.064995581456
AT5G64420	-4.06768817831373
AT1G61790	-4.06889597066521
AT2G39760	-4.06997908110247
AT3G48500	-4.07258598769963
AT5G09670	-4.07291650982075
AT1G50490	-4.0730887166811
AT5G03730	-4.0735813725042
AT4G32760	-4.07590817058869
AT3G06430	-4.07868048770078
AT1G21690	-4.07947260417188
AT3G56000	-4.07965314420871
AT4G02380	-4.08048932942272
AT1G45474	-4.08080521854851
AT4G20140	-4.08189947487884
AT5G25560	-4.08230822294803
AT5G59730	-4.08356051200903
AT4G18820	-4.08591975196595
AT1G09415	-4.08865366438369
AT3G17465	-4.09004283016709
AT4G15233	-4.09010966616217
AT1G27480	-4.09122096396848
AT3G48780	-4.09174185084633
AT5G65410	-4.09371497627868
AT1G53230	-4.09666919559591
AT5G05270	-4.09781879949838
AT1G43790	-4.09818847808646
AT1G65280	-4.09903214294282
AT3G12630	-4.10182006153748
AT5G64260	-4.10238975234636
AT1G28710	-4.10248669030091
AT2G43430	-4.10507252449128
AT1G20850	-4.10713588388718
AT1G52550	-4.10925308343075
AT5G03040	-4.11082312593502
AT5G06620	-4.11201845246739
AT5G43630	-4.11428029307806
AT4G25835	-4.11509174038917
AT5G66900	-4.11902341843846
AT5G53300	-4.1201328325089
AT5G05180	-4.12162602834712
AT1G14170	-4.12275253516911
AT1G27950	-4.12383504003385
AT1G06890	-4.12433353994678
AT5G16590	-4.12468090761077
AT3G01860	-4.12576301046924
AT2G39470	-4.12794586232191
AT5G55060	-4.12864738604158
AT3G58570	-4.12901312757309
AT5G56170	-4.13043272276458
AT2G27830	-4.1311795685247
AT3G55605	-4.1314986292291
AT1G27045	-4.13273334885361
AT4G13100	-4.13305665201391
AT3G17100	-4.13330254251561
AT5G18460	-4.13534586442185
AT1G30757	-4.13574199006564
AT1G11310	-4.13863562212258
AT3G18800	-4.13867875645133
AT1G23730	-4.14185108252539
AT1G22430	-4.14358147770743
AT1G21480	-4.14370298763987
AT4G24175	-4.14659750656838
AT5G60870	-4.14697258232555
AT1G13740	-4.14990507076841
AT3G23050	-4.15090376365574
AT4G23470	-4.15116045617274
AT3G07690	-4.15141514091229
AT3G04940	-4.15191322722779
AT3G18820	-4.15213810023135
AT4G22360	-4.15274488874321
AT2G15090	-4.15508732622954
AT5G54310	-4.15797865104682
AT3G19450	-4.15988507504942
AT5G47650	-4.16283140396232
AT1G53530	-4.1630323262396
AT4G34270	-4.16493157133626
AT5G48120	-4.16513672720473
AT1G07210	-4.16671151130128
AT5G64360	-4.16744381507501
AT5G56650	-4.16795336820525
AT3G07340	-4.16946586194549
AT1G14770	-4.17552459147075
AT1G48460	-4.17620108779915
AT5G23060	-4.18109458601266
AT1G27695	-4.18254647657932
AT5G66290	-4.1826799262916
AT1G15670	-4.18353952858433
AT4G01800	-4.18435759958307
AT4G21190	-4.18692646519299
AT1G12430	-4.18863339076805
AT3G63080	-4.1898198472781
AT5G07080	-4.19069140033779
AT3G26510	-4.19086991584936
AT2G31090	-4.19272952538238
AT2G28370	-4.19733040688796
AT5G41520	-4.19884486115148
AT1G68870	-4.19990386315035
AT4G30790	-4.20282977797244
AT2G17787	-4.20722154717059
AT2G38960	-4.20752769154964
AT1G72620	-4.20765996838028
AT1G68010	-4.21084704561542
AT2G33370	-4.21114037569303
AT2G38440	-4.21125948480263
AT2G47510	-4.21268203745734
AT1G29030	-4.21400825503345
AT1G74670	-4.21520395238835
AT3G01440	-4.21572013928042
AT1G07350	-4.21773184698894
AT3G59880	-4.21915764976995
AT3G06380	-4.2199606036384
AT5G02160	-4.22089415604578
AT3G28100	-4.22171991055823
AT4G34790	-4.22210621692501
AT4G38090	-4.22592954225267
AT4G33560	-4.2281459337361
AT4G28290	-4.2316922487714
AT1G11350	-4.23335590967824
AT1G80245	-4.23351646863607
AT1G03280	-4.24014257078697
AT5G57440	-4.24429466924202
AT5G65050	-4.24709211894227
AT4G33740	-4.24716147418854
AT3G02390	-4.24719359778396
AT4G00900	-4.24750308500477
AT1G09940	-4.25372104272838
AT1G35140	-4.25525812076988
AT1G05970	-4.25679733870871
AT3G09300	-4.26332779956206
AT1G27970	-4.26451979508125
AT2G31440	-4.2645303858251
AT4G25910	-4.26595540660984
AT3G16090	-4.26732840355797
AT2G26170	-4.27034840791442
AT3G11540	-4.27937961382933
AT3G16330	-4.28024432457135
AT2G38025	-4.28450815925423
AT3G58110	-4.28607772894091
AT5G13690	-4.28962035584173
AT5G51660	-4.29122035757861
AT3G52905	-4.29546817560105
AT1G27510	-4.29908858449883
AT2G20585	-4.29926911531623
AT5G65925	-4.30175699399772
AT4G19200	-4.30227874694457
AT3G20440	-4.30420091056975
AT5G58120	-4.31188883564028
AT5G18404	-4.31384160859914
AT2G37970	-4.31946016188368
AT4G10840	-4.3218353709928
AT1G77670	-4.32886882615329
AT2G46225	-4.32891031749601
AT5G47640	-4.33047497790705
AT3G62500	-4.33254971446005
AT3G42170	-4.33394023120127
AT2G46470	-4.34211983546665
AT4G16110	-4.34382633855846
AT5G10290	-4.34463158075463
AT5G17670	-4.34606331290498
AT1G60550	-4.34977662688133
AT3G49160	-4.35734395999058
AT1G01160	-4.35851123167899
AT2G43810	-4.35890117642346
AT3G23710	-4.36080577015691
AT1G04980	-4.36528387516798
AT5G47110	-4.36797243419761
AT1G59780	-4.36804762271692
AT1G02380	-4.36845122782657
AT5G45410	-4.37017410592804
AT3G11780	-4.37052195206776
AT1G21120	-4.3743721870736
AT1G15810	-4.37467675525662
AT5G11160	-4.37539966015197
AT5G48490	-4.37625993082147
AT5G05100	-4.37692501807366
AT1G11860	-4.37914066513361
AT3G18290	-4.37991566812757
AT2G48020	-4.38091623379093
AT1G61380	-4.38435065203294
AT4G03330	-4.3891766613378
AT1G66130	-4.38922326985916
AT3G04350	-4.3924581716009
AT1G13190	-4.39942743497017
AT5G64650	-4.40247935406125
AT1G77760	-4.40551812793598
AT4G24590	-4.4060569932312
AT3G50900	-4.4066502031734
AT4G30500	-4.40912812005163
AT2G36420	-4.40939006328855
AT5G03830	-4.41016210955554
AT1G28380	-4.41366866739808
AT1G65060	-4.41684394042108
AT1G75190	-4.41700835721528
AT3G03710	-4.42035342612675
AT1G20970	-4.42189408844295
AT3G47610	-4.42479612674926
AT1G32920	-4.42628922404258
AT3G55580	-4.42908966591751
AT4G36440	-4.42930994165297
AT5G11150	-4.42951900984326
AT2G28305	-4.43243062521337
AT4G16680	-4.43554540668311
AT3G16830	-4.4357934223964
AT3G09735	-4.43768751134285
AT2G33990	-4.43812122963212
AT3G56860	-4.43838736379721
AT3G42790	-4.43905586382851
AT2G41620	-4.44654757353334
AT3G07780	-4.44775436169531
AT2G45670	-4.44919801652634
AT5G17230	-4.45238730579889
AT1G06400	-4.45336362124675
AT4G27020	-4.45691278671236
AT2G32730	-4.45797269812279
AT3G13730	-4.45942694474421
AT5G65940	-4.45976240355366
AT4G33440	-4.45985475919433
AT1G21910	-4.4663560567258
AT3G48740	-4.46849447574258
AT5G23210	-4.47089831788459
AT1G71820	-4.47959558750107
AT3G03020	-4.48465429357768
AT3G19790	-4.49700834808944
AT1G79050	-4.50309588487455
AT5G12370	-4.50539276836192
AT1G49430	-4.50690908161788
AT3G59080	-4.50723686787053
AT4G22670	-4.50832090447672
AT5G09995	-4.51038349484516
AT3G05160	-4.51167871173357
AT3G10572	-4.51220071719744
AT5G65750	-4.51318441774428
AT2G47710	-4.51992141953238
AT1G11330	-4.52202459574452
AT5G37055	-4.52390379121837
AT4G36860	-4.52477643781121
AT1G25450	-4.53193116577674
AT4G09040	-4.53202705268516
AT1G31480	-4.53251870361042
AT5G42810	-4.53325349612221
AT5G48360	-4.53539936958309
AT5G06610	-4.53930602972352
AT3G47600	-4.54242206537624
AT3G47690	-4.5444361514459
AT3G22890	-4.5445816412972
AT5G62990	-4.54524736929037
AT5G02150	-4.5492206316421
AT5G65440	-4.5495471487078
AT4G30310	-4.55019762235016
AT3G01540	-4.55193886596706
AT1G71860	-4.55330264944396
AT5G49410	-4.5537988595776
AT4G26610	-4.55495651430397
AT1G66330	-4.55525390820142
AT3G06720	-4.5569162730055
AT2G02020	-4.56254035117544
AT3G47800	-4.56314715590428
AT3G63000	-4.56760640566522
AT3G45850	-4.56984643616312
AT1G79830	-4.57080369314532
AT5G05540	-4.57365659537768
AT1G66840	-4.57366515302471
ATCG00820	-4.57411270377194
AT4G35783	-4.57669120311662
AT2G31110	-4.57949444720241
AT3G21870	-4.58343983786758
AT1G76100	-4.58486583554465
AT1G05840	-4.58598289695725
AT1G22280	-4.58872501168476
AT4G03120	-4.58876639663186
AT5G03390	-4.58987926923936
AT2G31350	-4.590783476744
AT1G80480	-4.5919351086061
AT5G19350	-4.59240159218563
AT5G04770	-4.59417264397614
AT5G13720	-4.59498059329972
AT3G49500	-4.59525674957234
AT1G68890	-4.59633865519527
AT2G37540	-4.59662806927206
AT2G44750	-4.59701483587394
AT1G73180	-4.59900125895532
AT3G29375	-4.59932071092914
AT2G01420	-4.59945788644894
AT4G30910	-4.60006013929095
AT1G17860	-4.6003174514785
AT4G37650	-4.60041108219712
AT4G38495	-4.60045242940912
AT5G41560	-4.60097640125595
AT4G04780	-4.60347358610399
AT4G16690	-4.60744067592805
AT3G02110	-4.60820441431982
AT4G31130	-4.60849306878236
AT1G60810	-4.60997934520913
AT4G17085	-4.61010420040882
AT1G02840	-4.61129162730351
AT3G11397	-4.61200283366235
AT5G19960	-4.61603174029927
AT5G65970	-4.61828849981126
AT4G30490	-4.61938930254696
AT3G20430	-4.6208733180978
AT5G19330	-4.62303256572442
AT2G25270	-4.6244549895134
AT3G21390	-4.62510562186914
AT4G21534	-4.63355252257534
AT1G47580	-4.63478122092175
AT3G01370	-4.63644158507857
AT1G47960	-4.63805132402294
AT5G25210	-4.64208651186084
AT3G28040	-4.64506940203068
AT4G17140	-4.64951496315416
AT4G19450	-4.64967783656705
AT5G10460	-4.6531567417071
AT4G31430	-4.65609955260523
AT5G35330	-4.65618739517352
AT5G66180	-4.65833961012309
AT3G48040	-4.66254129137401
AT1G26560	-4.66267941321599
AT1G50590	-4.66316948458788
AT3G14980	-4.66704919508558
AT4G05090	-4.66844609435801
AT3G07270	-4.6687437871987
AT3G47860	-4.67101640266295
AT5G55910	-4.6752765384619
AT5G62810	-4.67674979173061
AT5G19150	-4.67706649729887
AT4G33960	-4.67744630818101
AT1G16250	-4.67787507603451
AT2G17442	-4.67828718883457
AT1G13450	-4.68011656509953
AT3G10010	-4.6817581871873
AT4G25030	-4.6835229292534
AT2G42780	-4.68722255446018
AT1G12710	-4.68854464364133
AT2G40890	-4.68962774249872
AT5G27390	-4.6916114901681
AT3G13440	-4.69788415200255
AT5G08660	-4.69981186961563
AT5G64500	-4.70019142717951
AT3G10030	-4.70237077826298
AT1G66970	-4.70388984821053
AT1G01610	-4.70397344980268
AT5G24850	-4.70444727926938
AT5G35210	-4.71164614266617
AT1G09300	-4.71486687490427
AT1G66740	-4.71791132086138
AT1G22882	-4.72132669987886
AT2G25790	-4.72241652727046
AT1G25230	-4.72661551138403
AT4G39620	-4.73244376210101
AT5G54930	-4.73302322142165
AT5G65740	-4.73376864507401
AT3G01520	-4.7345982039449
AT3G27090	-4.7354260381819
AT5G35525	-4.73586571073849
AT3G55470	-4.73635712671424
AT5G21105	-4.73812303127728
AT2G37340	-4.7425934428109
AT4G36910	-4.74847174439437
AT5G01020	-4.74850965268167
AT3G05220	-4.75777430527241
AT1G10150	-4.76109404360123
AT4G23740	-4.7658098815389
AT1G68130	-4.76770699233179
AT4G22770	-4.76789364420632
AT4G22570	-4.76991637514838
AT4G18290	-4.77142074278826
AT1G36050	-4.773616094995
AT5G46840	-4.77489938858133
AT4G20270	-4.77555979846935
AT3G28650	-4.77655894885041
AT2G25510	-4.78103827726271
AT3G11560	-4.78720788261731
AT1G16350	-4.78880054519386
AT1G11000	-4.79030036979337
AT2G26910	-4.79079124070698
AT5G38865	-4.79730011047138
AT3G28910	-4.79795413962964
AT3G61100	-4.7980856329401
AT4G19860	-4.79993464703621
AT1G24050	-4.79996548291069
AT1G72420	-4.8013888052524
AT5G37310	-4.81067797745084
AT5G60335	-4.81392718426783
AT5G52970	-4.81562104379203
AT2G17220	-4.81757166814172
AT2G47010	-4.81769488151461
AT3G07470	-4.82200320340586
AT4G31360	-4.82536019811656
AT5G46860	-4.8295471916216
AT4G32190	-4.8310364197446
AT5G12480	-4.83184497868668
AT4G01750	-4.83189706083891
AT2G03020	-4.8375366905326
AT4G23760	-4.83843293127
AT3G54480	-4.844241570437
AT5G42560	-4.84812176563299
AT5G18110	-4.84819812323074
AT2G22490	-4.84903861174719
AT5G44860	-4.85016846398794
AT4G04614	-4.85317076953783
AT4G24630	-4.85374188486589
AT1G49580	-4.85399859916904
AT4G18970	-4.85505740439611
AT1G20540	-4.85839247505446
AT1G77210	-4.86676736307672
AT3G16310	-4.86712838365284
AT3G13030	-4.86773573643674
AT4G01720	-4.86849327900413
AT4G32480	-4.86855980711139
AT1G13630	-4.87307563329785
AT3G15760	-4.87768179063368
AT4G01960	-4.88368490764188
AT5G47310	-4.88454046595953
AT5G67220	-4.88577248245028
AT3G19570	-4.88975185646836
AT3G63400	-4.89354140814642
AT2G04030	-4.89437305123623
AT4G38440	-4.89483173436568
AT3G17590	-4.90201093427466
AT4G17460	-4.90211575125417
AT2G20850	-4.90221815907016
AT4G27600	-4.9032643101547
AT5G40490	-4.90327012502769
AT2G23420	-4.90538421031317
AT5G14730	-4.90947743789293
AT3G17626	-4.91250254125398
AT4G37250	-4.91716139545793
AT1G80670	-4.92296479644112
AT2G22770	-4.92304287461333
AT2G19480	-4.9234136751413
AT3G52140	-4.924424420849
AT5G20020	-4.92549262302244
AT4G36780	-4.92788740174063
AT4G36540	-4.93769095205032
AT2G33740	-4.9439679082934
AT4G38220	-4.94516781696116
AT3G43230	-4.94568852284874
AT2G23680	-4.94609009549135
AT2G34750	-4.94688493167049
AT1G70620	-4.94808369794662
AT4G32710	-4.95110581639778
AT3G57320	-4.95340500700712
AT2G39970	-4.9544171826986
AT3G56930	-4.95955708472493
AT5G57000	-4.96183801329701
AT5G44870	-4.97099229627539
AT1G12280	-4.97174970988957
AT2G17705	-4.97190224330957
AT1G51730	-4.97221001707862
AT5G49990	-4.97226666266229
AT2G31890	-4.97353274985519
AT3G23760	-4.97355213542083
AT5G06270	-4.97786690647468
AT1G51200	-4.97948452845452
AT1G08300	-4.97991948897516
AT4G16830	-4.98131828819349
AT3G04210	-4.98230118114214
AT1G72610	-4.98576578498359
AT1G55850	-4.98979461417399
AT1G69935	-4.99126512730098
AT3G01560	-4.99173891001706
AT5G22640	-4.99257733133518
AT5G45660	-4.99395131166237
AT1G21600	-4.99395969390386
AT2G25070	-4.99552811359034
AT2G45250	-4.99664259932219
AT5G43700	-5.00315242010273
AT3G10340	-5.0139070739155
AT1G52290	-5.01859794428106
AT5G43130	-5.02279906031119
AT4G14500	-5.02940423161313
AT2G16940	-5.029786785839
AT1G48430	-5.02999593415728
AT4G15630	-5.03222190876805
AT5G47830	-5.03537781298694
AT1G10600	-5.03727647912
AT4G08460	-5.03815015887178
AT5G36170	-5.04087433170327
AT2G07180	-5.04167158457142
AT2G41710	-5.04365249704397
AT5G55940	-5.044461692524
AT5G11630	-5.04480423939301
AT1G79700	-5.05384722564559
AT5G41050	-5.05608211066532
AT4G24500	-5.05944449841388
AT2G45700	-5.06063779991675
AT1G19870	-5.06292401988145
AT3G16850	-5.06385927637794
AT5G17040	-5.06671740741931
AT5G07240	-5.06792409033516
AT1G44770	-5.06879352326425
AT3G21215	-5.06915820184807
AT1G54730	-5.071708726111
AT1G69510	-5.07200943350684
AT2G36900	-5.07222028690906
AT2G03350	-5.07264362748884
AT3G05490	-5.07735334175253
AT1G51310	-5.08055839794276
AT1G18300	-5.08231756761138
AT5G60780	-5.08464783576258
AT4G12310	-5.08719442725539
AT3G45890	-5.09137407399794
AT1G31300	-5.09143498227174
AT4G05120	-5.09283447743783
AT2G43520	-5.09323683672161
AT1G14860	-5.09593679244991
AT3G45230	-5.09723781999786
AT5G65210	-5.0981548854926
AT1G09250	-5.1053257786116
AT1G21710	-5.10923117634651
AT5G53970	-5.11341035601351
AT3G14680	-5.11821470313887
AT5G56530	-5.11849950549837
AT4G24660	-5.11890308952601
AT3G23805	-5.12050054929582
AT3G19030	-5.12584231116601
AT5G26820	-5.13643005505777
AT4G31210	-5.13885241566658
AT3G21670	-5.14186578224968
AT2G30230	-5.14256615586088
AT5G19200	-5.14562465123244
AT5G46190	-5.14616569928041
AT5G01240	-5.14758565595205
AT2G19880	-5.14776573917252
AT1G11303	-5.1482527028119
AT4G13500	-5.14854661166543
AT1G13700	-5.15246779814134
AT3G09470	-5.15493962508683
AT1G25275	-5.15513728095929
AT5G57100	-5.16138800376165
AT1G55880	-5.16239376930674
AT4G01850	-5.16297583516752
AT5G25460	-5.16315415462011
AT5G54300	-5.16466849999817
AT5G01015	-5.16480906896164
ATCG00650	-5.16558089878994
AT2G29550	-5.16828452163492
AT3G57800	-5.16916640868667
AT4G37300	-5.17126641698395
AT3G56590	-5.17176577708651
AT1G09460	-5.17363855767742
AT3G61160	-5.17725927806138
AT5G14430	-5.18005401587652
AT1G74880	-5.18078097675183
AT1G17850	-5.18329075423532
AT3G03040	-5.19421176618874
AT2G23985	-5.19676786113935
AT1G58370	-5.19741582032209
AT1G27460	-5.20125866278039
AT1G17580	-5.2045986257927
AT3G18010	-5.20760420628085
AT5G15600	-5.20964974711532
AT1G33410	-5.21194730449585
AT3G61010	-5.2123526513956
AT1G11545	-5.21310907136595
AT5G49820	-5.21439981067718
AT4G37870	-5.2180081888388
AT5G60750	-5.22307458278203
AT1G78530	-5.22423870126568
AT1G35510	-5.22477723557384
AT1G75180	-5.22548414281307
AT3G13450	-5.22947447286993
AT3G60080	-5.23155425439467
AT2G39010	-5.23238259301493
AT1G27520	-5.23645708173598
AT5G01010	-5.24333299702457
AT2G30980	-5.24342797275523
AT2G17230	-5.24604226258282
AT3G56650	-5.24664133270211
AT2G35710	-5.24804792184584
AT5G15410	-5.24829128025176
AT1G53570	-5.25188326451856
AT3G04950	-5.25229425032223
AT2G43680	-5.26434308506413
AT3G07790	-5.26740897493911
AT3G26782	-5.27352579504115
AT1G48960	-5.27611535797079
AT3G59310	-5.27635150110512
AT1G75130	-5.27858846565087
AT5G46410	-5.27988583633557
AT1G12240	-5.28384102509338
AT1G68220	-5.28674428352825
AT5G07860	-5.28863241667757
AT1G72150	-5.29155131328901
AT3G02700	-5.29617681098553
AT3G52720	-5.29971295772146
AT4G25990	-5.29991171612279
AT5G58650	-5.30168877001837
AT1G25400	-5.30680970377225
AT1G09740	-5.3069057881079
AT1G68080	-5.30701630758715
AT2G40020	-5.30842940218028
AT4G01860	-5.31210775380427
AT1G14290	-5.31240330284603
AT3G16640	-5.31383031254209
AT2G43330	-5.31639256287785
AT3G22450	-5.31969558582646
AT2G45620	-5.32130211415547
AT2G14880	-5.32438119388271
AT3G29810	-5.32500466002375
AT5G62930	-5.32618677923943
AT5G41750	-5.32703325880176
AT1G16520	-5.32769424632658
AT5G20360	-5.32825327008189
AT3G48310	-5.33434030019916
AT5G18200	-5.33620660189332
AT4G35440	-5.33626258812735
AT2G33060	-5.33635146522227
AT1G66750	-5.3515888749555
AT1G73840	-5.35478659144377
AT3G55980	-5.35577587561022
AT3G58850	-5.3561661414201
AT5G41740	-5.35704632520187
AT3G12210	-5.3574357196476
AT3G58020	-5.3589011830383
AT5G64410	-5.35925622660551
AT1G16640	-5.36009220483099
AT3G60070	-5.36351001894124
AT5G42110	-5.36375003520992
AT3G63500	-5.36772820216354
AT1G55350	-5.37127181941694
AT4G18800	-5.37393690506153
AT3G20060	-5.37451301096293
AT5G47820	-5.38830319478113
AT1G70370	-5.39335743049803
AT4G04955	-5.40316834722505
AT5G13010	-5.40851308592704
AT2G46810	-5.41383027163607
AT4G34580	-5.41385200766067
AT3G47295	-5.41591824027046
AT2G18860	-5.41621278950938
AT4G31050	-5.41699488973658
AT1G05960	-5.42135089733581
AT5G66800	-5.4220002231038
AT1G76405	-5.42784045807807
AT3G06780	-5.43527321436334
AT5G13760	-5.437552865646
AT3G18390	-5.4404120147046
AT1G77020	-5.4502591087266
AT4G29950	-5.45412403916766
AT5G27290	-5.45838682066347
AT5G03610	-5.46212999555116
AT2G20120	-5.46376161091082
AT3G21760	-5.46377418169046
AT4G26690	-5.46427086065179
AT3G56960	-5.4663836779371
AT1G18450	-5.46952310496545
AT4G03140	-5.46968831452286
AT1G10020	-5.47319472565049
AT5G57490	-5.47348538496175
AT5G37740	-5.47351482581564
AT2G35050	-5.47434138308838
AT2G22650	-5.47892614219549
AT4G28820	-5.4809453495168
AT2G18700	-5.48181005522315
AT3G46610	-5.48196600457402
AT5G06530	-5.48385853619835
AT4G21445	-5.48503252861052
AT2G25730	-5.48615965499499
AT5G16715	-5.48714106427814
AT5G45670	-5.4873586382037
AT5G25630	-5.48893619664705
AT2G17510	-5.49197640555962
AT3G02120	-5.49375939915903
AT1G01920	-5.49662323415258
AT4G37440	-5.50757611064434
AT1G04050	-5.50828515842861
AT5G10740	-5.50926574649591
AT1G70520	-5.51932733500136
AT1G34010	-5.52635597040182
AT1G74740	-5.52709114480377
AT1G10960	-5.53394813494159
AT5G03110	-5.53540613259848
AT3G23310	-5.53651061054257
AT4G09970	-5.54201545673426
AT3G24520	-5.54357718350251
AT5G38990	-5.54422556791336
AT3G22440	-5.54702726541704
AT4G17530	-5.54710321322154
AT1G67080	-5.55310887710139
AT2G02180	-5.55365319666066
AT5G22050	-5.55614905162652
AT2G33330	-5.56326975064224
AT5G13550	-5.56384752983276
AT3G26700	-5.56478111154817
AT3G24120	-5.56490356816707
AT5G60100	-5.5651133750145
AT1G43900	-5.5651581448705
AT1G75660	-5.56628185742945
AT2G29910	-5.56929263970381
AT3G61260	-5.57026989904252
AT5G54280	-5.57028774005861
AT1G71410	-5.57312352180181
AT3G02170	-5.57389295439023
AT5G49230	-5.57419955086879
AT3G45010	-5.57439766521688
AT5G49840	-5.57827965437483
AT4G33530	-5.57829659122885
AT5G15330	-5.58638645694366
AT1G67730	-5.59280791391218
AT5G03540	-5.59358958204611
AT3G17611	-5.59471506280225
AT5G65380	-5.59707080497242
AT1G15510	-5.59761480072859
AT4G35020	-5.59765391664003
AT5G34850	-5.59848676201125
AT1G62960	-5.6006213517695
AT1G79270	-5.60207071879416
AT5G23340	-5.60637451299909
AT4G36410	-5.60826705811214
AT2G32765	-5.62183948005838
AT5G66030	-5.62865778982854
AT4G28260	-5.63018965676059
AT3G50240	-5.63145615044073
AT5G16170	-5.63181828050534
AT5G05700	-5.63356210764893
AT5G53170	-5.63435483721157
AT3G62720	-5.63718803225322
AT5G26570	-5.64055244911551
AT1G65080	-5.64128045596682
AT5G26200	-5.64201652208988
AT4G00730	-5.64263995823185
AT1G01490	-5.64997575347414
AT2G38610	-5.65002296050609
AT5G14080	-5.65049682655931
AT3G06650	-5.6529878401169
AT1G10155	-5.65587297656835
AT1G13570	-5.65940463583813
AT1G05710	-5.66149560593339
AT1G80380	-5.66251765687994
AT3G23000	-5.66369133225949
AT2G30150	-5.66642494600556
AT3G53220	-5.66678383748962
AT5G17270	-5.6692171108252
AT4G34135	-5.66969499898381
AT5G49450	-5.67131862092219
AT4G33410	-5.67546000222564
AT1G11400	-5.67572785376782
AT1G06410	-5.68010217923063
AT4G17170	-5.68287135535751
AT1G68400	-5.68639631566836
AT3G57880	-5.68761435041594
AT4G33565	-5.68894891017403
AT2G42500	-5.69005453635978
AT1G72820	-5.69273692106151
AT4G17080	-5.69490081634033
AT4G37520	-5.69878917057603
AT3G44800	-5.69981569354427
AT4G17740	-5.70124617451314
AT5G16480	-5.70260185169034
AT1G03400	-5.70301388483834
AT2G20562	-5.70378117023333
AT2G28320	-5.71209441749734
AT5G65920	-5.72075920383753
AT2G45400	-5.72191873715473
AT5G65010	-5.72564711894228
AT4G16990	-5.72683098827139
AT5G66520	-5.73117431679515
AT1G69220	-5.73484690506764
AT1G55320	-5.73792078976239
AT2G36970	-5.74353164197311
AT3G27390	-5.74414255140643
AT5G32440	-5.7455677522878
AT4G30190	-5.74599257156593
AT5G27430	-5.75051274311402
AT1G55530	-5.75785100298792
AT1G78110	-5.76020163942296
AT3G14420	-5.7706509276378
AT3G07580	-5.77263148893951
AT1G19450	-5.77818327478543
AT4G36105	-5.78288337832175
AT5G12210	-5.78387607899302
AT4G33150	-5.78419747366401
AT3G18215	-5.79247190651105
AT1G52565	-5.80040678359726
AT1G55360	-5.80198356901348
AT5G35750	-5.80213049728252
AT5G47730	-5.80460064877289
AT2G01910	-5.8083212303949
AT2G28120	-5.81176729112494
AT3G06790	-5.81244457270197
AT4G38420	-5.81795283428866
AT2G39660	-5.81825995143928
AT4G18810	-5.81858411062453
AT3G03990	-5.81900130005293
AT3G54360	-5.82187771966118
AT1G49240	-5.83296546304559
AT2G25530	-5.83554022759197
AT3G06960	-5.83661079584315
AT1G30110	-5.83857249962855
AT5G20130	-5.83927180213371
AT1G09560	-5.84012523778469
AT2G44640	-5.84020481805519
AT3G25690	-5.8426912464804
AT3G07010	-5.84664718035956
AT5G48160	-5.85245317907721
AT5G55970	-5.85742714891351
AT5G59570	-5.85756429691804
AT1G09280	-5.86008867453099
AT1G53210	-5.86400506222879
AT1G47395	-5.86455703521977
AT1G54460	-5.86886568206441
AT1G60440	-5.87109381390044
AT1G06700	-5.87140976168204
AT4G01330	-5.87492733021336
AT4G19100	-5.88350670498053
AT2G42490	-5.89171935943448
AT5G53900	-5.8928789535791
AT3G55960	-5.8996282148336
AT4G14400	-5.90383428172969
AT3G26810	-5.90498803396327
AT3G03000	-5.91190960219258
AT2G38290	-5.91230331047398
AT3G11600	-5.92179280319547
AT3G58500	-5.92202043807402
AT4G00430	-5.92385504823953
AT5G61900	-5.92404428291787
AT1G15180	-5.92614044938378
AT5G48335	-5.92623429142636
AT1G42430	-5.93167722862145
AT5G53460	-5.93364365011645
AT5G42990	-5.93414829104575
AT3G62370	-5.94233628391775
AT4G27350	-5.94521976010735
AT3G06060	-5.95087997741934
AT1G45688	-5.95290275288686
AT5G03455	-5.9538971563878
AT3G63240	-5.96100607360877
AT3G11170	-5.96117231795952
AT3G07460	-5.96296626477042
AT2G29050	-5.97182851884578
AT5G48030	-5.97226634123535
AT2G16270	-5.97282899749276
AT4G13040	-5.97989565530405
AT1G10865	-5.98446440096065
AT3G16570	-5.98719737150871
AT4G37925	-5.98902717068022
AT2G21540	-5.99040548073172
AT1G67230	-5.99645605015066
AT1G05690	-5.99730462270037
AT5G10946	-5.99925395664578
AT1G32170	-5.99975854446333
AT4G35920	-6.00025153916701
AT3G55630	-6.00358108390339
AT5G10450	-6.00620035119098
AT2G15580	-6.00642129872734
AT3G05530	-6.00752189765082
AT5G01650	-6.01047221697134
AT5G18170	-6.01114964381949
AT3G02600	-6.01628923809692
AT1G14280	-6.0186316958325
AT1G58030	-6.02516620518648
AT5G47780	-6.02555738211974
AT5G67420	-6.02778913293533
AT5G47560	-6.027800693404
AT3G55390	-6.03003008317991
AT1G51500	-6.03205206367168
AT5G66080	-6.03336155505174
AT2G05160	-6.0354136795043
AT5G03520	-6.03573110850344
AT1G59870	-6.03611998221872
AT3G57930	-6.03627674378396
AT3G05200	-6.03769335503822
AT1G14720	-6.04138253049973
AT2G37040	-6.05310567894634
AT4G10910	-6.05413329722066
AT1G27370	-6.06037220024098
AT5G03560	-6.06058279488794
AT1G06110	-6.06271873745763
AT2G26430	-6.06431381373909
AT3G26730	-6.06775643363143
AT3G06110	-6.07030915584206
AT1G24450	-6.07087232831373
AT3G12110	-6.07301049731306
AT1G53280	-6.07829897318485
AT4G37920	-6.08167209437659
AT2G30140	-6.08215093404035
AT4G13510	-6.08321193230885
AT1G58235	-6.08758611983607
AT1G12520	-6.09300206749452
AT1G52750	-6.09819531905392
AT1G78260	-6.10047034345122
AT4G32150	-6.10121644396479
AT5G47770	-6.10245019128897
AT1G04620	-6.1031822784206
AT1G47270	-6.10658318687696
AT3G49220	-6.11025840256054
AT1G67910	-6.12036506841834
AT5G59440	-6.12343531088366
AT1G77990	-6.12508582720753
AT5G41060	-6.12665267662578
AT4G30350	-6.13265378969898
AT1G65070	-6.14310374937281
AT1G63500	-6.16156488550881
AT4G27450	-6.16351454011633
AT3G13070	-6.16989416802927
AT1G49010	-6.17224589510711
AT3G06435	-6.17341909538277
AT4G13400	-6.17473731171325
AT1G52740	-6.17632318216464
AT2G22980	-6.17924751525352
AT4G25780	-6.18050620362483
AT4G26555	-6.18816408582678
AT1G14685	-6.18919664659865
AT3G14415	-6.19220484303885
AT1G61170	-6.19224113869174
AT1G71720	-6.19880180680714
AT5G65110	-6.19890005726816
AT2G32960	-6.2019277157459
AT1G50180	-6.20790342951873
AT5G17290	-6.2136063126741
AT3G19850	-6.21579544315027
AT5G53370	-6.21714614164321
AT1G68238	-6.21744188732828
AT5G66240	-6.22109176635808
AT1G70780	-6.22868788731765
AT3G14660	-6.22979252299667
AT5G45680	-6.23162840464366
AT3G25150	-6.23608970135495
AT5G24105	-6.23715823355352
AT1G21000	-6.24080146547264
AT5G57170	-6.25383904714467
AT5G45060	-6.26141742346621
AT5G18290	-6.2664986027216
AT1G13980	-6.27013210596364
AT5G15790	-6.27290367526177
AT2G29630	-6.27450057200097
AT1G06560	-6.27462918697322
AT1G74920	-6.27638156623064
AT2G19620	-6.27647791956275
AT5G04190	-6.27955102998982
AT2G39000	-6.28245220352157
AT2G17440	-6.28736642812153
AT2G39670	-6.29333114567729
AT2G06010	-6.29719263348377
AT1G09430	-6.30060379710983
AT2G17730	-6.31890320724212
AT5G35740	-6.32438651150389
AT5G49710	-6.32473843219437
AT5G62865	-6.32838291502035
AT3G20270	-6.33647048081461
AT3G60600	-6.34493466988195
AT3G57470	-6.34769465821599
AT5G20270	-6.35243715420341
AT4G18197	-6.35299880290787
AT3G54080	-6.35407423049573
AT5G03240	-6.35511199091694
AT5G51400	-6.35532322332929
AT5G19730	-6.35753720824523
AT2G01270	-6.3575809190492
AT5G54110	-6.36058156907917
AT1G24580	-6.36202778206349
AT5G56850	-6.36316607117548
AT1G73655	-6.36448505606779
AT3G53260	-6.36702462785647
AT5G63480	-6.37017925631251
AT3G44555	-6.38395371237737
AT2G17550	-6.38795833324683
AT1G08210	-6.39441047592534
AT3G57520	-6.40008456091642
AT4G21880	-6.40161137609592
AT3G16950	-6.41310624048452
AT3G07060	-6.42178328725675
AT1G55330	-6.42646475293974
AT1G07620	-6.42767559806978
AT3G17650	-6.42782962543133
AT3G18990	-6.4299097735478
AT4G34760	-6.43049460814237
AT2G24120	-6.4392462159557
AT4G38540	-6.45445823032891
AT3G19190	-6.45478974100952
AT2G44500	-6.45679188040045
AT1G05385	-6.45864303540001
AT1G70660	-6.45873165966425
AT4G27640	-6.46091463531028
AT1G78150	-6.46600863076405
AT5G16240	-6.46674539593358
AT4G18710	-6.47139699374893
AT1G79750	-6.47257574653947
AT5G44340	-6.47791007035774
AT1G32460	-6.48899607902795
AT1G70895	-6.4984776200727
AT4G30690	-6.4996870492437
AT1G74250	-6.50279040204957
AT1G16170	-6.50355134331505
AT1G70940	-6.50642445973126
AT5G47020	-6.51787554828354
AT1G58110	-6.52162974941268
AT2G39480	-6.52213672748788
AT1G64430	-6.52882428292345
AT1G67470	-6.53145116107369
AT2G27775	-6.53188890422865
AT4G32910	-6.54512147448166
AT5G55300	-6.5538775480222
AT1G45170	-6.56156287861637
AT1G24340	-6.56654791642123
AT3G26680	-6.56773348235022
AT5G55580	-6.5684159997191
AT2G41560	-6.56944922229084
AT1G48280	-6.5701697144645
AT4G11360	-6.571129587642
AT4G25690	-6.57488543293764
AT3G58620	-6.57956440411203
AT3G58680	-6.59664843718564
AT2G21320	-6.59739810759484
AT2G18960	-6.60602223315339
AT3G23750	-6.60775423962305
AT4G00360	-6.63141522116027
AT1G09440	-6.64136110386892
AT5G21222	-6.64202797508155
AT2G46500	-6.66088755818228
AT3G21530	-6.66943673290199
AT1G32310	-6.67192039135517
AT5G16110	-6.67317125948287
AT3G51950	-6.67465958072826
AT4G26850	-6.68017201012842
AT1G21060	-6.68423317128149
AT2G40360	-6.6867953682361
AT3G26900	-6.68803805426458
AT3G23550	-6.69339234660325
AT5G05860	-6.6935176126974
AT3G55420	-6.69729375971631
AT5G55480	-6.70588303782984
AT1G56280	-6.71577390953913
AT1G06390	-6.71885308614133
AT4G12690	-6.72673854520719
AT1G29900	-6.73918979713771
AT2G38780	-6.74586419847866
AT2G40670	-6.76165725105174
AT3G23030	-6.76733051806171
AT3G16857	-6.77137543183867
AT3G50530	-6.77514273897966
AT1G61165	-6.77871225063352
AT4G39050	-6.78591633270114
AT5G46730	-6.78868815496935
AT2G30890	-6.79220130532839
AT1G30880	-6.79508577432833
AT2G45960	-6.79628026950316
AT3G12760	-6.79674829858351
AT5G03460	-6.79713280464597
AT2G33340	-6.7990449492573
AT1G12250	-6.79928678033885
AT2G21045	-6.80062169796905
AT1G60870	-6.80240651133705
AT5G54980	-6.80484010288937
AT1G30360	-6.8128887621726
AT3G50630	-6.8143797445008
AT1G16720	-6.82060102164771
AT5G62190	-6.82307690830927
AT4G38470	-6.82516558041552
AT1G49160	-6.85353899322044
AT4G37790	-6.85809117061105
AT1G23860	-6.86030781900191
AT4G21540	-6.86656937297855
AT3G16220	-6.8685793725019
AT3G55560	-6.87082993172671
AT4G39710	-6.87316201286904
AT5G23660	-6.87672874414119
AT1G18570	-6.87674224385135
AT3G46900	-6.88007370359048
AT4G00720	-6.88556502128391
AT4G17486	-6.88589945435755
AT2G41310	-6.88653071567348
AT2G30440	-6.88886156966475
AT4G00330	-6.88938553365873
AT1G65590	-6.9053424691345
AT2G25220	-6.9057741038286
AT4G36570	-6.90765150613558
AT5G25040	-6.9119434927059
AT5G40670	-6.91246768969174
AT4G15260	-6.91798185545324
AT2G28100	-6.91825215356048
AT1G13270	-6.92709301227293
AT3G30775	-6.93546542114434
AT3G55360	-6.93671531865527
AT5G16180	-6.94130546328141
AT2G43160	-6.95322072914401
AT1G77630	-6.95842175796403
AT3G56130	-6.96070249460077
AT5G14800	-6.96793685000614
AT2G31750	-6.97391256304969
AT4G14746	-6.97666255766853
AT2G38120	-6.97805958341648
AT5G13140	-6.9811847769108
AT4G17030	-6.98172499194947
AT3G17410	-6.98979285260724
AT1G80560	-6.9919444984879
AT2G34560	-7.00084494901906
AT5G57110	-7.02397228142851
AT4G30200	-7.02621719045778
AT3G62410	-7.02828960337573
AT1G31420	-7.03115112716784
AT4G04040	-7.03576595066003
AT3G55330	-7.03998621032441
AT5G18650	-7.04092277361285
AT1G44350	-7.04295959487624
AT1G47400	-7.05016365525173
AT2G23460	-7.05456243980757
AT5G45550	-7.05586949843118
AT5G14090	-7.05988285675205
AT4G38060	-7.06631159909296
AT3G23450	-7.06879016766228
AT3G29240	-7.0834343691964
AT3G57190	-7.08424028254616
AT2G44920	-7.08635601971659
AT1G75750	-7.09117078969852
AT1G11380	-7.09334917154134
AT2G37200	-7.09672499477385
AT1G80640	-7.10355161594644
AT5G10860	-7.10902592555717
AT1G07170	-7.11409423673457
AT1G63300	-7.11531039351329
AT1G21050	-7.1176349663095
AT4G09830	-7.12215731872636
AT5G20250	-7.1225631047185
AT1G52190	-7.12329201876613
AT5G51770	-7.12816507290955
AT4G05330	-7.12849780735684
AT3G13062	-7.1293635873457
AT3G23530	-7.13151943331495
AT1G55450	-7.13366588430606
AT1G72410	-7.14829890439526
AT1G71790	-7.15077284985251
AT3G05970	-7.15162626461269
AT1G08900	-7.15204130649684
AT5G06340	-7.15515824415561
AT2G28930	-7.15633275513613
AT1G27300	-7.15699673402493
AT3G10220	-7.15801054283037
AT2G32710	-7.15901509673549
AT4G00300	-7.1750250204974
AT5G62730	-7.17672700314585
AT4G37080	-7.17899717638975
AT5G24870	-7.18055715538186
AT1G34630	-7.19011245790976
AT5G14740	-7.19996866194656
AT5G17360	-7.2030417178728
AT1G80280	-7.20462574163632
AT3G05320	-7.20789671716564
AT1G60590	-7.20859456428431
AT5G52570	-7.21103478318431
AT5G07580	-7.21443842752758
AT5G59830	-7.21590502037712
AT1G36160	-7.21781218580611
AT1G10550	-7.2184329946745
AT3G23590	-7.22767160986825
AT1G60140	-7.25552580445486
AT1G17610	-7.25659488920496
AT1G26580	-7.26059753282153
AT4G21320	-7.26353883585253
AT5G52100	-7.27521894163245
AT1G10660	-7.27823068723146
AT3G19580	-7.28429625005089
AT3G51710	-7.29349370430846
AT1G30820	-7.2992840703363
AT2G32450	-7.29932560410863
AT1G25550	-7.31105608182943
AT5G53250	-7.31166732675584
AT4G15760	-7.31178579800714
AT3G14770	-7.3147237629846
AT4G37280	-7.3208954137824
AT3G57550	-7.32153972360693
AT5G23860	-7.32646819922834
AT5G60210	-7.33459706204214
AT1G19770	-7.33842460995836
AT1G15740	-7.34597783830995
AT1G68110	-7.35227780046052
AT5G04910	-7.35373944774607
AT2G22990	-7.36427407453974
AT4G15545	-7.36854680904271
AT4G37295	-7.38330613278708
AT4G13350	-7.38839502403625
AT3G10740	-7.38846176521316
AT3G51910	-7.38875216782142
AT1G78830	-7.38960095978273
AT4G32790	-7.39028337765746
AT3G04730	-7.39692726627366
AT3G54510	-7.41402029383511
AT2G36130	-7.41693943187308
AT5G04530	-7.41880107566621
AT3G48720	-7.42621668216696
AT3G03380	-7.43022133853654
AT5G56460	-7.43034244946615
AT1G22930	-7.44341700730691
AT1G28110	-7.44519272520777
AT1G14300	-7.44775018104231
AT1G53730	-7.45099982311919
AT3G49640	-7.45680438968097
AT4G28780	-7.45861547866623
AT5G57120	-7.46253175241115
AT3G48590	-7.4772692347585
AT5G06390	-7.48628193368149
AT3G02410	-7.48962862212593
AT2G27500	-7.49024336925109
AT4G10120	-7.49815395605848
AT5G19950	-7.50082082432245
AT4G32300	-7.50489936509864
AT2G05790	-7.50821589245982
AT1G50040	-7.51070100735057
AT1G04280	-7.51936752610058
AT4G23870	-7.52994256170351
AT3G05935	-7.53988596849153
AT4G37260	-7.5513257505015
AT5G63160	-7.55691364723418
AT5G45310	-7.55847591896923
AT1G22330	-7.56242826148968
AT2G39580	-7.56883223770128
AT5G43270	-7.57514659072331
AT3G53760	-7.57941538036953
AT3G56200	-7.59482296769814
AT4G11680	-7.59640535434272
AT3G53630	-7.59946605852074
AT1G61667	-7.60554574217409
AT2G18710	-7.60673758835827
AT1G75100	-7.61122622020582
AT4G31000	-7.61978193784402
AT3G18750	-7.6335601394038
AT5G61130	-7.63551910899855
AT1G71990	-7.6473040594975
AT5G64850	-7.65232215049014
AT2G02100	-7.6534529504314
AT2G32487	-7.65558094437995
AT2G35390	-7.66236866386365
AT5G16650	-7.66485953737484
AT1G22740	-7.6730659423097
AT3G50560	-7.67869889863037
AT3G52360	-7.67938308668663
AT4G38480	-7.68661903130242
AT2G46800	-7.69920148414031
AT3G07560	-7.70054273452627
AT3G24550	-7.70401310068971
AT2G18280	-7.71241658119241
AT4G33790	-7.71371185010561
AT5G51140	-7.7253333278637
AT1G26790	-7.72838163084851
AT1G55160	-7.72957526810216
AT5G41940	-7.73538920257144
AT5G27350	-7.74396988997022
AT2G20835	-7.76358388908879
AT5G12230	-7.76619375489214
AT1G19400	-7.7698102079654
AT2G31150	-7.77987591867555
AT5G47180	-7.78253289838133
AT3G11230	-7.80336621909402
AT5G02970	-7.80375728161598
AT1G69800	-7.80503381002716
AT4G14830	-7.8097465716123
AT1G28010	-7.81312816830204
AT4G20070	-7.81746079909872
AT3G25070	-7.82748049021427
AT3G25590	-7.83097556820122
AT5G32450	-7.83411894258107
AT2G22420	-7.84379399957606
AT1G28330	-7.8479744467478
AT4G00950	-7.86082751206391
AT2G27402	-7.86267064085623
AT1G78230	-7.86288204994661
AT4G00560	-7.86417139853431
AT4G38430	-7.86738210589291
AT1G52200	-7.87991030226399
AT2G32800	-7.88364239727727
AT2G31810	-7.89304793366156
AT5G12420	-7.8980989195316
AT5G67440	-7.90075432923509
AT5G42100	-7.91146829815183
AT1G56200	-7.92996969158913
AT4G34260	-7.93663051044837
AT5G44680	-7.94049844730155
AT2G32540	-7.94984167344424
AT4G02440	-7.95336885466279
AT1G49032	-7.97218380950941
AT1G69780	-7.97278869373898
AT5G67380	-7.98986796831172
AT1G14350	-7.99459845473793
AT4G26110	-8.00464922140527
AT5G22020	-8.02644563269093
AT2G47485	-8.02776090409641
AT5G57655	-8.04157395647662
AT2G46030	-8.04879448089601
AT5G13770	-8.05391158619183
AT1G20780	-8.06950921215565
AT3G58670	-8.07118117247768
AT5G51545	-8.07464118168517
AT5G39080	-8.07852603689903
AT4G35090	-8.07974141291087
AT1G52540	-8.08528238137395
AT2G16640	-8.08666990095475
AT5G44660	-8.11732761457738
AT5G63140	-8.1265183667724
AT1G15920	-8.14214149609267
AT4G25940	-8.15113031008847
AT1G23030	-8.1659615186856
AT2G03730	-8.17454441208026
AT2G45000	-8.18214472243095
AT5G54170	-8.19275319235505
AT5G10030	-8.19495200414328
AT1G02110	-8.19831232055869
AT5G25265	-8.19831283544901
AT4G20780	-8.21279339381097
AT5G23280	-8.21607671046813
AT2G28140	-8.22038746860001
AT5G24270	-8.22186637720944
AT1G68020	-8.22374482147834
AT4G12390	-8.23788868772424
AT1G21130	-8.24339078681752
AT1G30230	-8.25573379026808
AT1G48300	-8.26254094247665
AT5G56550	-8.27242932000486
AT5G55850	-8.27789035972662
AT5G23730	-8.28602923840278
AT4G16980	-8.30119668716413
AT2G34770	-8.31121612624361
AT5G15230	-8.31643034250884
AT3G47430	-8.32413473750526
AT1G19600	-8.32597663112186
AT2G17710	-8.33323720975202
AT1G48745	-8.33677748839531
AT5G64300	-8.37532006009131
AT5G56870	-8.39032844588917
AT4G06598	-8.39332396576082
AT5G19120	-8.39717595415283
AT1G19835	-8.40369114163668
AT5G08100	-8.40915915336521
AT4G29310	-8.41780379293541
AT2G46780	-8.42188868239385
AT5G57940	-8.43413049770807
AT3G61440	-8.43616596085855
AT1G05890	-8.44176939862922
AT2G31560	-8.4438488592949
AT2G16650	-8.4459638156698
AT4G26400	-8.4561872716597
AT3G15770	-8.46251513268937
AT4G33420	-8.46270826782644
AT3G43720	-8.46782718393057
AT5G63420	-8.47526231754968
AT4G20870	-8.48032014010312
AT4G38520	-8.48683093135852
AT3G12200	-8.50566787875777
AT2G47160	-8.50589753958278
AT3G13000	-8.5078798709011
AT1G50460	-8.5121652145042
AT4G14870	-8.52112393135785
AT1G02280	-8.54025509810146
AT5G46780	-8.54657801138382
AT1G28660	-8.54716959764383
AT4G22010	-8.55173307794427
AT1G28580	-8.57416643694819
AT4G31820	-8.57552566599178
AT4G09030	-8.59925843026682
AT1G78510	-8.60028396236527
AT1G04350	-8.60077853957842
AT2G16586	-8.61715514933561
AT5G54390	-8.63327240212898
AT5G15860	-8.63735365351161
AT4G10925	-8.64822667217897
AT1G67325	-8.65356685263003
AT1G30440	-8.66702338891899
AT1G33240	-8.66783790930701
AT2G42040	-8.67034153525759
AT1G02100	-8.68482702543451
AT1G06645	-8.69081923695956
AT4G39040	-8.70042803461469
AT5G64380	-8.70530948648531
AT5G17310	-8.71035268206807
AT5G13100	-8.71098224437813
AT4G15420	-8.71560383474754
AT3G62060	-8.72242926642678
AT3G19680	-8.72548083915872
AT1G63110	-8.72751182729496
AT4G24230	-8.72962319449809
AT5G01040	-8.73586239992398
AT1G78000	-8.74285520717075
AT5G37710	-8.7605895509937
AT4G38800	-8.79455273638203
AT5G13110	-8.79562555696168
AT3G15620	-8.80307695499797
AT4G05070	-8.80659634385623
AT1G62180	-8.81602956393174
AT5G62900	-8.83746684706458
AT3G26890	-8.84190218871859
AT2G05630	-8.85086323185692
AT1G51680	-8.85103445173162
AT1G13380	-8.85800058016237
AT1G06830	-8.8580106036931
AT5G03380	-8.86057858482887
AT1G33470	-8.86549644083848
AT4G25960	-8.88512762071348
AT4G25700	-8.88914501237548
AT2G01860	-8.90143150169129
AT3G13790	-8.92018590717496
AT1G22690	-8.92781575179151
AT3G07220	-8.93135913560829
AT4G25830	-8.93935730435794
AT3G21560	-8.95840097522069
AT4G37240	-8.98480357898917
AT2G46330	-8.99274237711982
AT5G58570	-8.99716443469944
AT2G46260	-9.02795300944191
AT2G26080	-9.02857935385464
AT5G13980	-9.02936740067319
AT3G53460	-9.03269514514198
AT1G05000	-9.03925793206938
AT1G07200	-9.05213188877277
AT1G76490	-9.05791285493277
AT5G47540	-9.07526509016099
AT3G15354	-9.07762611874149
AT1G17470	-9.09271017205898
AT2G46900	-9.11033158205411
AT4G18740	-9.1106473592394
AT3G24420	-9.11336414648335
AT5G41260	-9.11620607667161
AT1G36370	-9.12944191353193
AT2G37050	-9.17332664554828
AT4G37450	-9.19133121640166
AT2G23600	-9.19333083017384
AT1G49480	-9.19966809661764
AT1G12500	-9.21656268638661
AT2G35880	-9.21966978246266
AT5G59920	-9.24109776411194
AT3G07870	-9.25213071426726
AT4G16140	-9.25588559934207
AT5G15850	-9.25961308251265
AT3G62290	-9.28431616038798
AT5G28630	-9.29007171224036
AT1G69420	-9.29342480961159
AT4G30850	-9.3017158580705
AT2G33830	-9.32924575326539
AT3G20540	-9.33097482052785
AT1G18210	-9.33546720226159
AT3G13510	-9.35258139954517
AT5G09225	-9.37604422840249
AT4G17245	-9.38242251818134
AT2G31730	-9.38677614565428
AT4G34640	-9.39389258086626
AT1G32900	-9.397088114697
AT5G64570	-9.40592219599002
AT5G48545	-9.41307880952441
AT3G57330	-9.43215904387155
AT1G65220	-9.43357913527639
AT4G28085	-9.45806257489159
AT4G14385	-9.45926086861691
AT3G44790	-9.4764036531313
AT1G35580	-9.48505629523793
AT2G47490	-9.49174848133658
AT3G55610	-9.49665476301113
AT1G65870	-9.49888847194794
AT1G75220	-9.50238820557541
AT3G12740	-9.50702813821026
AT1G02816	-9.50728624390902
AT1G35670	-9.50873331369032
AT2G14910	-9.51432527612899
AT1G35516	-9.55146826281006
AT3G04670	-9.55600158462098
AT2G04790	-9.55766179131397
AT4G32570	-9.57129532666811
AT1G48240	-9.58723316687932
AT1G57680	-9.5878652311465
AT1G56720	-9.60269642210801
AT1G10360	-9.60927318781633
AT4G27870	-9.61477453230384
AT4G00960	-9.62521404221498
AT4G18205	-9.62541472796342
AT3G14870	-9.6265654916604
AT5G27400	-9.62974392698001
AT1G68410	-9.6318065344234
AT1G16880	-9.63919869581782
AT5G40250	-9.64208429734471
AT1G68520	-9.6435156882929
AT4G15800	-9.69209767655639
AT2G02410	-9.69796251496243
AT5G11090	-9.73901352529097
AT2G28130	-9.7410518110816
AT2G15680	-9.75772700001843
AT3G27770	-9.77521930358835
AT5G01810	-9.77584292421236
AT5G21930	-9.78336778603946
AT2G43340	-9.78863323800873
AT2G47800	-9.79774661555436
AT2G25840	-9.8045389950414
AT5G10150	-9.84113713096895
AT5G11260	-9.87431329503165
AT5G02250	-9.88354922712098
AT4G09160	-9.88668102986307
AT3G19860	-9.89177273743067
AT5G06130	-9.90645237826627
AT5G66620	-9.90748374738521
AT3G12080	-9.91827772678548
AT2G26800	-9.94330577795175
AT3G10770	-9.94652593132214
AT3G23700	-9.95468049905442
AT5G20520	-9.95684922480677
AT2G42580	-9.97011732674032
AT1G61740	-9.97792554240679
AT2G47910	-9.98973993263509
AT2G45180	-10.0057823067001
AT5G22920	-10.0073882485255
AT2G21880	-10.0104248857361
AT1G12420	-10.0162198316946
AT2G41330	-10.0204070454159
AT2G30766	-10.0291247767765
AT1G49600	-10.0527301850685
AT1G17840	-10.0665259027425
AT3G50810	-10.0980241300304
AT3G11700	-10.1008034262523
AT4G26150	-10.1022845956178
AT5G04810	-10.108224660015
AT3G19820	-10.110246179638
AT2G46490	-10.1143788556632
AT3G21350	-10.123572575884
AT1G56660	-10.1271270095374
AT5G44130	-10.1555459196933
AT1G10470	-10.1583508218677
AT4G19530	-10.1654496968852
AT1G47740	-10.1748927258977
AT1G64670	-10.1761188488302
AT1G75840	-10.1901490827002
AT3G22420	-10.1955713236453
AT2G33510	-10.2009082910593
AT2G26975	-10.2209696893344
AT2G23130	-10.2431608680025
AT5G01920	-10.2535258646146
AT1G07650	-10.2759424086538
AT5G47620	-10.2768473964856
AT2G41990	-10.3003822788332
AT1G02640	-10.3383111902822
AT4G31290	-10.3507462564021
AT1G61100	-10.3553987596511
AT3G57410	-10.3613396195259
AT5G23380	-10.368479872816
AT1G31540	-10.3736361279692
AT4G08950	-10.392430899056
AT2G04795	-10.4113368170778
AT4G35780	-10.4199716646222
AT3G15820	-10.4248651946782
AT1G58100	-10.4328403280899
AT1G20090	-10.4616537700474
AT1G47530	-10.4630095089792
AT5G48180	-10.484131286731
AT2G26250	-10.5233882090182
AT4G04830	-10.5533842520608
AT5G22940	-10.5546074185716
AT3G06080	-10.5577659724267
AT2G23320	-10.5778990412293
AT2G18390	-10.5812613089725
AT5G17350	-10.5870205995788
AT5G43460	-10.5996381251152
AT3G46600	-10.6039806679285
AT4G08980	-10.615790267099
AT3G24000	-10.6381702921292
AT3G58120	-10.6827709314452
AT1G76990	-10.688504336619
AT1G23310	-10.6889590317507
AT3G21690	-10.7029016035637
AT3G16370	-10.7063512771033
AT1G33110	-10.8077698932966
AT5G14120	-10.8460556872384
AT5G38590	-10.8487311498331
AT4G23820	-10.8706799545962
AT2G33810	-10.8937918307878
AT3G26030	-10.8940460279881
AT1G27290	-10.9181368000799
AT4G17870	-10.9563679786056
AT5G25280	-10.9567706584868
AT5G19770	-10.9742327075896
AT1G14205	-10.982932863731
AT1G11260	-10.9882943006848
AT3G19800	-10.9903772229384
AT1G26960	-11.0021241073695
AT5G05440	-11.0179029761126
AT2G30520	-11.036099298764
AT1G01520	-11.0422520389896
AT5G26220	-11.0584537523428
AT1G12440	-11.0766086009285
AT2G26980	-11.1001472930585
AT1G01540	-11.1620123809624
AT1G03457	-11.1798790153571
AT1G12580	-11.1896192563481
AT5G67385	-11.1982074650181
AT1G02500	-11.2240801856838
AT5G61440	-11.2269050466025
AT3G29180	-11.3100066552572
AT2G40110	-11.3237700731114
AT3G56680	-11.3546719432912
AT4G27030	-11.3552350253664
AT3G56480	-11.3655452499118
AT5G49360	-11.3712932035104
AT5G21940	-11.3774445177576
AT4G38160	-11.38652244372
AT2G16380	-11.4013607362826
AT5G42680	-11.453023038454
AT1G47570	-11.4675689285218
AT4G09460	-11.4904911926363
AT1G52760	-11.5297603527684
AT5G26880	-11.5299292346936
AT2G34070	-11.5345384337179
AT1G33811	-11.551583794779
AT4G35230	-11.5696318440087
AT3G12520	-11.5722278805279
AT3G16910	-11.5761783517137
AT1G61900	-11.6390965122094
AT5G65390	-11.6443074124379
AT5G40450	-11.6891341334456
AT5G03120	-11.7037827634475
AT5G21170	-11.7394735843833
AT5G24490	-11.740669177195
AT3G02690	-11.7647174798786
AT2G23560	-11.7721625989975
AT3G05880	-11.7735640247892
AT1G66200	-11.7811070600646
AT2G47440	-11.7917979928395
AT1G72770	-11.7940796866022
AT5G15950	-11.7979903717371
AT1G70410	-11.8060696455003
AT5G28840	-11.8455980947524
AT1G63180	-11.8529375579729
AT3G60130	-11.8758887263297
AT4G08930	-11.8768054322945
AT5G54130	-11.9214978373395
AT2G43760	-11.9428796901962
AT3G48360	-11.9614769386644
AT1G08980	-11.9799305296773
AT4G17090	-11.9956555713932
AT1G23090	-11.9992269544759
AT3G13750	-12.0729298336149
AT1G76010	-12.0927908020703
AT5G62670	-12.1607241637245
AT1G26220	-12.1936947759339
AT5G24210	-12.2140542096216
AT4G14030	-12.2323680908222
AT2G01850	-12.2367614352401
AT1G07720	-12.2412054649168
AT3G05165	-12.2606452418482
AT3G23730	-12.262082867465
AT5G59750	-12.2645960921578
AT4G17730	-12.2754582033519
AT4G11240	-12.2755024222048
AT5G56040	-12.2817025786483
AT5G25130	-12.3900331160568
AT5G18140	-12.4286862157733
AT4G35600	-12.4855469667216
AT1G29660	-12.5501686558491
AT5G45040	-12.5653048631583
AT3G27960	-12.5653495348214
AT2G47700	-12.5968804914432
AT3G02380	-12.6088055735085
AT3G03150	-12.6214003242636
AT4G24520	-12.6610061716248
AT4G37560	-12.6717765524185
AT2G06850	-12.7094987522739
AT5G65730	-12.7543584415002
AT5G48230	-12.7895406090361
AT5G49700	-12.7925354116564
AT5G15350	-12.8627931820622
AT5G56750	-12.8678022075342
AT4G20260	-12.8735017201222
AT2G03890	-12.8911978187001
AT1G49730	-12.9515135295606
AT2G32720	-12.9802504226715
AT1G48480	-12.9924539892868
AT2G29400	-13.0232032408837
AT2G28200	-13.0915927460005
AT5G63190	-13.0963767533271
AT3G57040	-13.1043936888983
AT5G23050	-13.1132390338171
AT3G58490	-13.1243452294127
AT2G36950	-13.1704869275157
AT1G33050	-13.2240151187643
AT1G42550	-13.2348062825941
AT1G07570	-13.2366493864395
AT4G30610	-13.2687839029332
AT2G47420	-13.3236615953385
AT4G35640	-13.3608525339785
AT5G65000	-13.3994382484658
AT3G54500	-13.4667233412321
AT2G45170	-13.4899675666852
AT1G04040	-13.5033939401875
AT4G20820	-13.5476841536502
AT1G37130	-13.5975420297082
AT2G41100	-13.5980170971679
AT5G65430	-13.6941824247234
AT2G39570	-13.7312937423338
AT5G48850	-13.7549089697843
AT1G64330	-13.886968135521
AT2G38170	-13.9013837716261
AT5G51970	-13.9449131030278
AT5G62130	-13.9871323670146
AT3G17440	-14.0576798360523
AT1G68530	-14.0661498630739
AT1G51950	-14.0925701690631
AT3G27170	-14.1047890246773
AT4G01950	-14.1481386764832
AT1G31350	-14.1787727699905
AT2G29980	-14.2773468704826
AT2G26300	-14.2881871283945
AT5G43760	-14.3913700617934
AT1G76160	-14.5081309442093
AT1G55000	-14.5681679858327
AT1G64230	-14.5854490538936
AT1G15750	-14.6090015573856
AT4G00955	-14.7059708421038
AT4G28190	-14.7101045542242
AT4G03210	-14.7217391927761
AT3G05900	-14.8383658825997
AT4G24510	-14.8894227607595
AT1G11530	-14.9537357025214
AT1G01620	-15.009166525985
AT2G23690	-15.0143202710907
AT1G23480	-15.1243300110701
AT4G13340	-15.1267665964529
AT4G23400	-15.162942733154
AT5G53160	-15.2422930668801
AT1G05810	-15.243261513632
AT3G07650	-15.2596913829492
AT1G26665	-15.2748493225824
AT1G19680	-15.2858118994451
AT5G02500	-15.3179043080745
AT1G65490	-15.320877984818
AT4G15780	-15.3253828666637
AT2G10940	-15.3496508552907
AT3G17510	-15.3500179058473
AT4G37610	-15.3583528989978
AT3G59350	-15.44531186011
AT3G06070	-15.5181641249828
AT1G48210	-15.5446052974295
AT2G40960	-15.5931698850865
AT2G16280	-15.5944112048139
AT2G47930	-15.7915464810522
AT5G51460	-15.8840073019122
AT3G19100	-15.8884391015106
AT5G28770	-15.9240056782846
AT2G42170	-15.9600640725253
AT3G62150	-15.96760023585
AT2G36410	-16.0099711230763
AT3G54920	-16.2443218242129
AT3G16240	-16.2478450691288
AT4G19410	-16.2570970184339
AT1G63980	-16.2674910413054
AT4G38960	-16.3342044797719
AT1G10740	-16.3565931753935
AT3G18780	-16.3599589628804
AT5G42825	-16.3801433804661
AT3G17609	-16.5970027780078
AT1G22885	-16.7486254517454
AT2G37025	-16.8130902085367
AT1G23870	-16.9045119255939
AT5G66920	-16.9318204429805
AT5G14760	-17.0518306224301
AT1G55960	-17.1079276695629
AT5G44020	-17.1768174811633
AT5G64620	-17.2363457917703
AT1G22890	-17.2383561929137
AT4G30470	-17.2415952381224
AT3G01770	-17.2490455390753
AT5G10250	-17.2747992177995
AT2G31380	-17.3476735737437
AT3G01290	-17.3767562720012
AT3G60300	-17.4539301364718
AT5G21020	-17.5383508818502
AT1G26670	-17.8293310568723
AT3G47420	-17.8613943270171
AT1G66230	-17.8703411820904
AT1G64720	-17.8738409167504
AT1G54740	-17.9211346062426
AT5G40890	-17.9991044648029
AT2G24100	-17.9998296455029
AT2G30930	-18.0501411497924
AT5G19780	-18.189768635692
AT1G08570	-18.2295523748893
AT5G57800	-18.3297686790897
AT2G24540	-18.3727935164848
AT3G14990	-18.4311995313917
AT4G12420	-18.6605766267902
AT1G64500	-18.7644214236882
AT5G13710	-18.8017259130134
AT2G30010	-18.9028749234804
AT4G21870	-18.9290369334411
AT4G03110	-19.2745158312651
AT4G11460	-19.5155553951974
AT5G42760	-19.6660725841683
AT2G28630	-19.7432565253013
AT2G38310	-19.7533078301881
AT5G02840	-19.7603766324318
AT3G13520	-20.2315470851874
AT1G08930	-20.2683896348303
AT2G33250	-20.503979985529
AT1G63260	-20.6304223428712
AT1G66940	-20.9164159291901
AT1G49200	-20.9232903396793
AT4G00050	-21.0665834687498
AT1G70090	-21.1796613440571
AT2G46250	-21.3910125563238
AT2G47240	-21.4204946923721
AT2G41250	-21.8462229612147
AT4G27130	-21.9397278940924
AT1G13640	-23.1461915237096
AT1G68440	-23.5632729511362
AT1G65930	-25.2238369051727
AT5G40850	-25.5851837843728
AT4G15430	-25.6536353399584
AT3G09600	-25.7880383947941
AT2G46830	-25.8234706368282
AT5G37260	-25.9871156115782
AT4G35100	-26.0454571482976
AT1G22530	-27.8795193536492
AT5G39660	-28.2275195632644
AT5G17300	-28.2773266547801
AT5G52882	-30.0600953788104
AT5G66052	-37.420077416706
AT5G18670	-38.1327332422414
AT1G01060	-54.8210708931302
