,samples,n_genes_by_counts,log1p_n_genes_by_counts,total_counts,log1p_total_counts,pct_counts_in_top_50_genes,pct_counts_in_top_100_genes,pct_counts_in_top_200_genes,pct_counts_in_top_500_genes,total_counts_mt,log1p_total_counts_mt,pct_counts_mt,total_counts_ribo,log1p_total_counts_ribo,pct_counts_ribo,total_counts_hb,log1p_total_counts_hb,pct_counts_hb,n_genes,doublet_score,predicted_doublet,leiden_res_0_02,leiden_res_0_50,leiden_res_1_00,leiden_res_2_00,cell_type_res_0.02_lvl1,cell_type_res_0.50_lvl1,cell_type_res_0.50_lvl2,leiden_sub
AAACCCAAGTGAGTGC-1,s1d1,683,6.52795791762255,1631.0,7.3975616,56.284488044144695,62.59963212752913,70.3862660944206,88.77988963825874,581.0,6.3664703,35.62232,63.0,4.158883,3.8626611,13.0,2.6390574,0.79705703,683,0.04532019704433497,False,2,4,2,2,B_cells,B_cells,Naive_B,0
AAACCCACATTCTCTA-1,s1d1,1901,7.550661243105336,4412.0,8.39231,36.876699909338164,42.52039891205802,50.29465095194923,65.32184950135994,792.0,6.675823,17.951042,210.0,5.351858,4.759746,16.0,2.8332133,0.36264732,1901,0.013950892857142856,False,2,4,2,2,B_cells,B_cells,Naive_B,0
AAACGAACAAGAATAC-1,s1d1,1630,7.396948602621014,5981.0,8.69651,41.26400267513793,58.56880120381207,69.52014713258653,81.05667948503594,428.0,6.061457,7.1559944,2399.0,7.783224,40.11035,20.0,3.0445225,0.33439222,1630,0.020302932645826624,False,2,4,10,12,B_cells,B_cells,Naive_B,0
AAACGAAGTAAGTTAG-1,s1d1,1286,7.160069207596127,3504.0,8.161945,34.27511415525114,49.05821917808219,61.757990867579906,77.56849315068493,257.0,5.5529594,7.334475,958.0,6.865891,27.340183,12.0,2.5649493,0.34246576,1286,0.022673434856175977,False,2,9,13,15,B_cells,B_cells,B_cell,0
AAACGCTGTTCGGTAT-1,s1d1,1652,7.410347097821024,5049.0,8.5271435,39.6712220241632,53.911665676371555,64.0720934838582,77.1439889086948,426.0,6.056784,8.437315,1573.0,7.3613753,31.154684,13.0,2.6390574,0.25747672,1651,0.02395001735508504,False,2,13,16,23,B_cells,B_cells,Naive_B,0
AAACGCTTCATGGATC-1,s1d1,1024,6.932447891572509,2383.0,7.776535,47.83885858161981,54.04951741502308,62.4422996223248,78.0109106168695,438.0,6.0844994,18.380194,106.0,4.6728287,4.4481745,18.0,2.944439,0.7553504,1024,0.02330363262508568,False,2,4,2,2,B_cells,B_cells,Naive_B,0
AAAGAACGTGCTGCAC-1,s1d1,877,6.777646593635117,2246.0,7.7173514,52.67141585040071,60.68566340160285,69.85752448797862,83.2146037399822,607.0,6.410175,27.025826,233.0,5.4553213,10.373999,19.0,2.9957323,0.84594834,877,0.013950892857142856,False,2,4,10,12,B_cells,B_cells,Naive_B,0
AAAGGATAGTGGAAGA-1,s1d1,383,5.950642552587727,719.0,6.5792513,53.68567454798331,60.639777468706534,74.54798331015299,100.0,259.0,5.560682,36.02225,27.0,3.3322046,3.7552156,12.0,2.5649493,1.6689847,383,0.01866832607342875,False,2,4,2,2,B_cells,B_cells,Naive_B,0
AAAGGATCACGTCGGT-1,s1d1,1685,7.430114138561801,5495.0,8.611775,37.74340309372157,54.540491355777974,65.73248407643312,78.0891719745223,361.0,5.891644,6.569609,2049.0,7.625595,37.288445,33.0,3.5263605,0.60054594,1685,0.025293908086925547,False,2,13,16,23,B_cells,B_cells,Naive_B,0
AAAGGGCAGGCACGAT-1,s1d1,882,6.78332520060396,3269.0,8.0925455,45.426736004894465,65.40226368920159,76.690119302539,88.31446925665341,379.0,5.9401712,11.59376,1448.0,7.278629,44.29489,15.0,2.7725887,0.45885593,882,0.00814176245210728,False,2,4,10,12,B_cells,B_cells,Naive_B,0
AAAGGGCGTGTCGCTG-1,s1d1,1664,7.417580402414544,4805.0,8.47762,31.8210197710718,46.70135275754422,59.687825182101975,74.88033298647242,328.0,5.7960577,6.826223,1367.0,7.221105,28.449532,17.0,2.8903718,0.35379812,1662,0.029787234042553193,False,2,9,13,15,B_cells,B_cells,B_cell,1
AAAGGTATCAAGTAAG-1,s1d1,1831,7.513163545234075,6560.0,8.788898,39.74085365853659,56.46341463414634,67.36280487804878,78.5060975609756,404.0,6.003887,6.158537,2651.0,7.8830695,40.411587,17.0,2.8903718,0.25914636,1831,0.015260581629714942,False,2,4,10,12,B_cells,B_cells,Naive_B,0
AAAGTCCGTCAACCAT-1,s1d1,1869,7.533693709848633,6964.0,8.848653,39.94830557151063,57.36645605973578,67.77713957495692,78.79092475588743,426.0,6.056784,6.117174,2728.0,7.9116907,39.17289,31.0,3.465736,0.4451465,1869,0.02671057446030004,False,2,13,16,23,B_cells,B_cells,Naive_B,0
AAATGGAAGAGCCATG-1,s1d1,922,6.827629234502852,2743.0,7.917172,41.633248268319356,60.33539919795844,71.85563251913962,84.61538461538461,228.0,5.433722,8.312067,1227.0,7.113142,44.732048,6.0,1.9459102,0.21873862,922,0.011560693641618498,False,2,4,10,12,B_cells,B_cells,Naive_B,0
AAATGGATCGCCTCTA-1,s1d1,1546,7.344072850573066,5349.0,8.584852,41.61525518788559,58.87081697513554,68.94746681622733,80.44494297999626,362.0,5.894403,6.76762,2238.0,7.7137847,41.839596,28.0,3.3672957,0.52346236,1546,0.028206092515983452,False,2,13,16,23,B_cells,B_cells,Naive_B,0
AACAAAGCACGACGAA-1,s1d1,1522,7.328437352895162,4448.0,8.4004345,39.77068345323741,53.64208633093526,64.25359712230215,77.02338129496404,435.0,6.0776424,9.779676,1267.0,7.145196,28.48471,12.0,2.5649493,0.26978418,1522,0.029787234042553193,False,2,13,16,23,B_cells,B_cells,Naive_B,0
AACAAAGGTATGCGTT-1,s1d1,1707,7.443078374348516,5939.0,8.689465,39.771005219733965,56.01953190772857,67.57029802997138,79.27260481562553,426.0,6.056784,7.172925,2081.0,7.641084,35.039566,38.0,3.6635616,0.63983834,1707,0.025293908086925547,False,2,4,10,12,B_cells,B_cells,Naive_B,0
AACAAAGTCCGTACGG-1,s1d1,1889,7.5443321080536885,7197.0,8.881558,41.61456162289843,58.371543698763375,69.3205502292622,79.38029734611644,620.0,6.431331,8.6147,2798.0,7.9370174,38.87731,24.0,3.218876,0.33347228,1888,0.02671057446030004,False,2,13,16,23,B_cells,B_cells,Naive_B,0
AACAACCGTACTGAGG-1,s1d1,2217,7.704361167910313,7123.0,8.871224,36.47339604099396,51.32668819317703,61.65941316860874,72.83447985399411,563.0,6.3350544,7.903973,2376.0,7.7735944,33.35673,30.0,3.4339871,0.42117083,2216,0.030612244897959183,False,2,4,10,12,B_cells,B_cells,Naive_B,0
AACAAGAAGCCGTTAT-1,s1d1,1704,7.4413203897176174,5636.0,8.637107,37.9347054648687,53.47764371894961,65.02838892831797,77.57274662881476,434.0,6.075346,7.7004967,1824.0,7.5093355,32.36338,17.0,2.8903718,0.30163234,1703,0.028206092515983452,False,2,4,10,12,B_cells,B_cells,Naive_B,0
AACACACAGGTCCCGT-1,s1d1,1002,6.910750787961936,3905.0,8.270269,44.83994878361076,64.6606914212548,76.28681177976952,87.14468629961588,342.0,5.8377304,8.758002,1836.0,7.515889,47.016644,18.0,2.944439,0.46094748,1002,0.00814176245210728,False,2,13,16,23,B_cells,B_cells,Naive_B,0
AACACACTCCGACAGC-1,s1d1,1976,7.589335823170617,6630.0,8.799511,38.80844645550528,54.8868778280543,64.2684766214178,75.36953242835595,621.0,6.43294,9.366516,2197.0,7.695303,33.137257,21.0,3.0910425,0.3167421,1975,0.02087410306588389,False,2,13,16,23,B_cells,B_cells,Naive_B,0
AACACACTCCTCATAT-1,s1d1,2108,7.653969180478774,5959.0,8.692825,33.73049169323712,46.90384292666555,57.224366504447055,70.29702970297029,327.0,5.7930136,5.487498,1675.0,7.4241652,28.108744,36.0,3.6109178,0.60412824,2107,0.05100956429330499,False,2,4,10,12,B_cells,B_cells,Naive_B,0
AACACACTCCTGGCTT-1,s1d1,2266,7.726212650507529,6692.0,8.808818,33.756724447101014,46.68260609683203,56.85893604303646,69.56066945606695,502.0,6.22059,7.501494,1841.0,7.518607,27.510462,29.0,3.4011974,0.43335325,2265,0.029787234042553193,False,2,4,10,12,B_cells,B_cells,Naive_B,0
AACCAACGTCTTAGTG-1,s1d1,1928,7.564757012905729,4988.0,8.514991,32.69847634322374,43.32397754611066,53.548516439454694,68.24378508420207,336.0,5.820083,6.736167,935.0,6.8416157,18.744987,24.0,3.218876,0.48115477,1926,0.03927765237020317,False,2,9,13,15,B_cells,B_cells,B_cell,1
AACCACAAGTCAGCCC-1,s1d1,2607,7.866338923046544,7891.0,8.973605,40.3370928906349,48.143454568495756,56.05119756684831,67.83677607400837,1718.0,7.449498,21.771639,1003.0,6.9117475,12.710683,55.0,4.0253515,0.69699657,2606,0.0868217054263566,False,2,9,13,15,B_cells,B_cells,B_cell,1
AACCACACACACGCCA-1,s1d1,2544,7.841885928984623,8876.0,9.091219,38.29427670121676,52.737719693555654,61.59305993690851,72.34114465975665,642.0,6.4661446,7.232988,3054.0,8.024535,34.40739,39.0,3.6888795,0.43938708,2542,0.04156936011209715,False,2,13,16,23,B_cells,B_cells,Naive_B,0
AACCACACACGGCCAT-1,s1d1,2497,7.823245690685523,8814.0,9.08421,36.72566371681416,51.45223508055366,61.69729975039709,72.9067392784207,671.0,6.510258,7.6128883,2849.0,7.9550743,32.323574,29.0,3.4011974,0.32902202,2497,0.02087410306588389,False,2,13,16,23,B_cells,B_cells,Naive_B,0
AACCACAGTTCGGCTG-1,s1d1,1911,7.555905093611346,6457.0,8.773075,38.79510608641784,53.95694595013164,64.44169118785814,76.16540188942234,605.0,6.40688,9.369677,1988.0,7.5953875,30.78829,34.0,3.5553482,0.5265603,1910,0.02671057446030004,False,2,13,16,23,B_cells,B_cells,Naive_B,0
AACCACATCTTCCAGC-1,s1d1,1924,7.562681246721884,6234.0,8.737934,38.78729547641964,54.058389477061276,64.21238370227783,75.47321142123837,484.0,6.184149,7.7638755,2166.0,7.681099,34.74495,22.0,3.1354942,0.35290343,1924,0.03713411970292704,False,2,13,16,23,B_cells,B_cells,Naive_B,0
AACCATGAGTTATGGA-1,s1d1,513,6.2422232654551655,1608.0,7.383368,68.59452736318407,74.31592039800995,80.53482587064677,99.19154228855722,733.0,6.598509,45.584576,111.0,4.7184987,6.902985,8.0,2.1972246,0.49751243,513,0.12643678160919536,False,2,4,2,2,B_cells,B_cells,Naive_B,0
AACCTGAAGACGCAGT-1,s1d1,1754,7.470224135899966,5788.0,8.663714,37.47408431237042,53.69730476848652,65.65307532826537,77.643400138217,450.0,6.1114674,7.7747064,1999.0,7.6009026,34.536972,18.0,2.944439,0.31098825,1753,0.01920050361976708,False,2,4,10,12,B_cells,B_cells,Naive_B,0
AACCTGACACCAGACC-1,s1d1,1142,7.04141166379481,4681.0,8.451481,48.579363383892336,68.10510574663533,77.18436231574451,86.28498184148687,441.0,6.09131,9.421064,2146.0,7.671827,45.844902,11.0,2.4849067,0.23499252,1142,0.019745222929936305,False,2,13,16,33,B_cells,B_cells,Naive_B,0
AACCTGATCGATTGGT-1,s1d1,1079,6.984716320118266,2985.0,8.00169,39.128978224455615,55.711892797319926,66.66666666666666,80.60301507537689,339.0,5.8289456,11.356784,1024.0,6.932448,34.304855,16.0,2.8332133,0.53601336,1079,0.010824742268041237,False,2,13,16,23,B_cells,B_cells,Naive_B,0
AACCTTTAGGAACGTC-1,s1d1,1553,7.348587530927593,5049.0,8.5271435,39.82966924143395,55.91206179441473,66.70627847098434,79.14438502673798,611.0,6.4167323,12.101406,1669.0,7.420579,33.05605,11.0,2.4849067,0.21786492,1553,0.02599277978339351,False,2,4,10,12,B_cells,B_cells,Naive_B,0
AACGAAACACATTGTG-1,s1d1,2101,7.650644551436897,6173.0,8.728103,33.22533614126033,47.56196338895189,58.691074032075164,71.47254171391543,442.0,6.0935698,7.1602135,1648.0,7.407924,26.696905,31.0,3.465736,0.5021869,2101,0.034166666666666665,False,2,4,10,12,B_cells,B_cells,Naive_B,0
AACGAAAGTACTGTTG-1,s1d1,809,6.697034247666484,1949.0,7.575585,55.720882503848124,61.00564391995895,68.75320677270395,84.14571575166752,550.0,6.3117347,28.219599,55.0,4.0253515,2.82196,13.0,2.6390574,0.6670087,808,0.02395001735508504,False,2,4,2,2,B_cells,B_cells,Naive_B,0
AACGAAAGTGTACATC-1,s1d1,1693,7.434847875211999,6011.0,8.701512,40.608883713192476,57.644318748960245,68.42455498253203,79.70387622691732,418.0,6.037871,6.953918,2297.0,7.7397943,38.213276,20.0,3.0445225,0.33272335,1693,0.02599277978339351,False,2,13,16,23,B_cells,B_cells,Naive_B,0
AACGAAATCACCGCTT-1,s1d1,1083,6.988413181999592,2329.0,7.7536235,41.47702876771147,49.162730785744955,58.65178188063547,74.96779733791327,366.0,5.9053617,15.714899,147.0,4.9972124,6.3117223,10.0,2.3978953,0.42936882,1083,0.052574525745257464,False,2,9,13,15,B_cells,B_cells,B_cell,1
AACGGGACAAGTGCTT-1,s1d1,1559,7.352441100243583,5339.0,8.582981,39.87638134482113,57.53886495598427,68.72073421989137,80.16482487357183,360.0,5.888878,6.742836,2045.0,7.623642,38.303055,20.0,3.0445225,0.374602,1559,0.020302932645826624,False,2,4,10,12,B_cells,B_cells,Naive_B,0
AACGGGATCCACGGGT-1,s1d1,224,5.41610040220442,576.0,6.3578424,69.79166666666666,78.47222222222221,95.83333333333334,100.0,300.0,5.7071104,52.083332,31.0,3.465736,5.381944,8.0,2.1972246,1.388889,224,0.012719891745602164,False,2,4,2,2,B_cells,B_cells,Naive_B,0
AACGTCATCACCGGTG-1,s1d1,1515,7.323830566202317,3389.0,8.128585,37.38565948657421,43.788728238418415,52.935969312481554,70.05016228976099,586.0,6.375025,17.291237,295.0,5.6903596,8.704633,12.0,2.5649493,0.35408676,1513,0.009433962264150943,False,2,4,2,2,B_cells,B_cells,Naive_B,0
AACTTCTGTCATCCCT-1,s1d1,2209,7.700747794511798,8962.0,9.100861,41.50859183218032,59.11626869002454,68.66770810087034,78.18567284088374,453.0,6.1180973,5.0546756,3862.0,8.259199,43.09306,22.0,3.1354942,0.24548091,2207,0.02599277978339351,False,2,4,10,12,B_cells,B_cells,Naive_B,0
AACTTCTGTCCTTGTC-1,s1d1,2069,7.635303886259415,6670.0,8.805525,35.592203898050975,50.55472263868066,61.4992503748126,73.53823088455772,467.0,6.1484685,7.001499,2079.0,7.6401234,31.169415,25.0,3.2580965,0.37481257,2068,0.03927765237020317,False,2,13,16,23,B_cells,B_cells,Naive_B,0
AACTTCTTCATGACAC-1,s1d1,2564,7.84971375760487,8621.0,9.062073,38.058229903723465,50.64377682403433,59.853845261570584,71.233035610718,776.0,6.6554403,9.001276,2640.0,7.878913,30.622896,34.0,3.5553482,0.3943858,2563,0.17278911564625846,False,2,13,16,33,B_cells,B_cells,Naive_B,0
AAGACAAAGCCACCGT-1,s1d1,1944,7.573017256052546,6436.0,8.769818,38.03604723430703,53.293971410814166,64.09260410192667,75.54381603480422,469.0,6.152733,7.287135,2117.0,7.6582274,32.8931,24.0,3.218876,0.37290242,1944,0.024613220815752467,False,2,13,16,23,B_cells,B_cells,Naive_B,0
AAGACAACATGACACT-1,s1d1,2045,7.6236419465115715,7158.0,8.876125,41.561888795753006,55.350656607991056,64.43140542050853,75.53785973735681,715.0,6.5736804,9.988824,2259.0,7.72312,31.559095,37.0,3.637586,0.5169041,2045,0.027448071216617215,False,2,4,10,12,B_cells,B_cells,Naive_B,0
AAGACAATCCTACACC-1,s1d1,1730,7.456454555176209,5517.0,8.61577,38.28167482327352,53.61609570418706,64.58220047127062,76.90773971361247,355.0,5.874931,6.4346566,1861.0,7.5294065,33.7321,11.0,2.4849067,0.19938374,1729,0.025293908086925547,False,2,13,16,23,B_cells,B_cells,Naive_B,0
AAGACTCAGAATCTAG-1,s1d1,1909,7.554858521040676,7303.0,8.896177,44.89935642886485,60.23551964945912,69.61522661919759,79.48788169245515,751.0,6.6227365,10.283444,2680.0,7.893945,36.697247,11.0,2.4849067,0.15062304,1908,0.03927765237020317,False,2,13,16,33,B_cells,B_cells,Naive_B,0
AAGACTCCACCTGATA-1,s1d1,2262,7.724446645633537,7972.0,8.983816,38.033115905669845,53.14851981936779,62.83241344706473,74.15955845459106,392.0,5.9738097,4.9172106,2850.0,7.9554253,35.750126,27.0,3.3322046,0.3386854,2261,0.011189175123601354,False,2,4,10,12,B_cells,B_cells,Naive_B,0
AAGACTCTCCCGTGTT-1,s1d1,1188,7.080867896690782,3827.0,8.250098,41.28560229945127,57.61693232296838,69.3754899399007,82.02247191011236,361.0,5.891644,9.432976,1425.0,7.2626286,37.23543,41.0,3.7376697,1.0713353,1188,0.011939506500397984,False,2,4,10,12,B_cells,B_cells,Naive_B,0
AAGATAGAGTGGTGGT-1,s1d1,1563,7.355001921105257,4903.0,8.497807,37.65041811136039,53.82418927187437,65.69447277177238,78.31939628798695,375.0,5.9295893,7.6483784,1714.0,7.4471684,34.95819,13.0,2.6390574,0.26514378,1563,0.016656751933372994,False,2,13,16,23,B_cells,B_cells,Naive_B,0
AAGATAGTCTACAGGT-1,s1d1,1791,7.491087593534876,5859.0,8.675905,38.52193207031917,53.38795016214372,64.72094214029698,76.9926608636286,567.0,6.3421216,9.677419,1848.0,7.5224004,31.54122,32.0,3.4965076,0.5461683,1790,0.028206092515983452,False,2,4,10,12,B_cells,B_cells,Naive_B,0
AAGCATCAGCCTTTCC-1,s1d1,2572,7.8528278122817445,7359.0,8.903815,29.202337274086155,40.92947411333061,51.21619785296916,65.33496398967252,345.0,5.846439,4.688137,1531.0,7.3343296,20.804457,23.0,3.1780539,0.31254247,2571,0.04040404040404041,False,2,9,13,15,B_cells,B_cells,B_cell,1
AAGCATCAGTAGTCCT-1,s1d1,1815,7.504391559161238,6646.0,8.801921,40.12940114354499,56.244357508275655,67.52934095696659,78.87451098405056,657.0,6.489205,9.885646,2255.0,7.721349,33.930183,20.0,3.0445225,0.30093288,1815,0.04805725971370142,False,2,13,16,33,B_cells,B_cells,Naive_B,0
AAGCATCTCAGCTTCC-1,s1d1,1917,7.559038255443384,6819.0,8.827615,42.2642616219387,58.2343452119079,67.73720486874907,78.01730459011586,484.0,6.184149,7.097815,2558.0,7.847372,37.512833,13.0,2.6390574,0.19064379,1917,0.18338108882521495,False,2,13,16,33,B_cells,B_cells,Naive_B,0
AAGCCATGTGAGTTTC-1,s1d1,1347,7.206377291472252,4301.0,8.366836,38.153917693559634,56.079981399674494,67.9144385026738,80.30690537084399,377.0,5.934894,8.765403,1559.0,7.3524413,36.247383,13.0,2.6390574,0.3022553,1346,0.02205882352941177,False,2,13,16,23,B_cells,B_cells,Naive_B,0
AAGCGAGAGTGCACAG-1,s1d1,1523,7.329093736246592,5143.0,8.545587,41.24052109663621,57.76783978222827,68.714757923391,80.10888586428155,481.0,6.177944,9.352518,1908.0,7.5543346,37.09897,34.0,3.5553482,0.66109276,1522,0.014378347899633496,False,2,4,10,12,B_cells,B_cells,Naive_B,0
AAGCGTTAGAGTTGAT-1,s1d1,1924,7.562681246721884,6156.0,8.725345,40.91942820012996,54.71085120207927,64.65237166991554,75.82846003898635,799.0,6.684612,12.979208,1864.0,7.5310163,30.279402,21.0,3.0910425,0.3411306,1923,0.33830845771144274,True,2,13,16,23,B_cells,B_cells,Naive_B,0
AAGCGTTAGGATTACA-1,s1d1,2082,7.641564441260972,8149.0,9.005774,41.83335378574058,58.620689655172406,67.99607313780832,77.94821450484723,773.0,6.6515718,9.4858265,3164.0,8.059908,38.82685,25.0,3.2580965,0.30678612,2081,0.02087410306588389,False,2,13,16,23,B_cells,B_cells,Naive_B,0
AAGGAATTCCCGTGAG-1,s1d1,1986,7.594381242551817,7592.0,8.934982,41.95205479452055,58.42992623814541,68.24288724973655,78.39831401475237,778.0,6.658011,10.247629,2817.0,7.943783,37.104847,40.0,3.713572,0.52687037,1986,0.020302932645826624,False,2,13,16,23,B_cells,B_cells,Naive_B,0
AAGGTAAGTCACGTGC-1,s1d1,1885,7.542213463193403,6178.0,8.728911,38.6047264486889,54.85594043379734,65.3123988345743,76.72385885399807,602.0,6.401917,9.744254,2087.0,7.643962,33.78116,8.0,2.1972246,0.12949175,1885,0.016656751933372994,False,2,4,10,12,B_cells,B_cells,Naive_B,0
AAGTCGTAGGTTAAAC-1,s1d1,1140,7.039660349862076,2991.0,8.003697,34.87128050819124,50.852557673019064,63.490471414242734,78.60247408893348,164.0,5.1059456,5.4831157,931.0,6.8373327,31.126713,16.0,2.8332133,0.53493816,1140,0.029787234042553193,False,2,9,13,15,B_cells,B_cells,B_cell,1
AAGTCGTCAGAAGTGC-1,s1d1,1391,7.238496840894365,4137.0,8.327968,38.433647570703414,54.99153976311336,65.74812666183225,78.46265409717186,276.0,5.6240177,6.671501,1503.0,7.3158836,36.330673,18.0,2.944439,0.43509787,1391,0.032336297493936954,False,2,4,10,12,B_cells,B_cells,Naive_B,0
AAGTCGTTCACCGACG-1,s1d1,489,6.194405391104672,1444.0,7.2758646,64.26592797783933,71.67590027700831,79.98614958448753,100.0,691.0,6.539586,47.853188,128.0,4.8598123,8.864265,7.0,2.0794415,0.48476452,489,0.10588235294117652,False,2,4,10,12,B_cells,B_cells,Naive_B,0
AAGTGAACAGAACTTC-1,s1d1,1743,7.463936604468925,5547.0,8.621193,37.98449612403101,54.1914548404543,64.61150171263746,77.05065801334055,307.0,5.7300997,5.534523,1909.0,7.5548587,34.414997,25.0,3.2580965,0.45069405,1743,0.05100956429330499,False,2,13,16,23,B_cells,B_cells,Naive_B,0
AAGTGAATCCGGGACT-1,s1d1,1088,6.9930151229329605,2230.0,7.710205,41.83856502242153,48.34080717488789,57.309417040358746,73.6322869955157,530.0,6.274762,23.766815,74.0,4.317488,3.3183858,17.0,2.8903718,0.76233184,1087,0.011560693641618498,False,2,4,2,2,B_cells,B_cells,Naive_B,0
AAGTGAATCGTCCTCA-1,s1d1,1817,7.505492274737424,5837.0,8.672144,39.369539146822,54.87407915024841,64.62223745074525,76.39198218262806,606.0,6.408529,10.382046,1831.0,7.5131636,31.368855,27.0,3.3322046,0.4625664,1817,0.0655737704918033,False,2,13,16,23,B_cells,B_cells,Naive_B,0
AAGTTCGAGAGCATCG-1,s1d1,880,6.78105762593618,2090.0,7.6453977,36.411483253588514,51.48325358851674,64.35406698564593,81.81818181818183,161.0,5.0875964,7.703349,550.0,6.3117347,26.31579,16.0,2.8332133,0.76555026,880,0.02671057446030004,False,2,9,13,15,B_cells,B_cells,B_cell,1
AATAGAGTCCGCACGA-1,s1d1,2054,7.628031126930335,6261.0,8.742255,38.55614119150296,52.46765692381409,61.25219613480275,72.49640632486823,655.0,6.4861608,10.461588,1881.0,7.5400906,30.043125,26.0,3.295837,0.41526914,2053,0.028985507246376812,False,2,4,10,12,B_cells,B_cells,Naive_B,0
AATCGACAGCCGCTTG-1,s1d1,1129,7.029972911706386,3945.0,8.2804575,41.64765525982256,60.81115335868188,72.0152091254753,84.05576679340938,258.0,5.556828,6.5399237,1743.0,7.463937,44.18251,11.0,2.4849067,0.278834,1129,0.011189175123601354,False,2,13,16,23,B_cells,B_cells,Naive_B,0
AATCGTGCACCTGATA-1,s1d1,1866,7.532088143541722,7284.0,8.893573,43.314113124656785,59.555189456342674,70.12630422844592,79.94233937397036,488.0,6.1923623,6.6996155,2737.0,7.914983,37.57551,28.0,3.3672957,0.38440418,1865,0.09374999999999999,False,2,13,16,33,B_cells,B_cells,Naive_B,0
AATCGTGTCCTTATCA-1,s1d1,1890,7.544861068658458,6225.0,8.736489,35.88755020080321,52.03212851405622,63.48594377510041,75.45381526104418,444.0,6.0980744,7.13253,2188.0,7.6912003,35.148594,25.0,3.2580965,0.4016064,1889,0.02330363262508568,False,2,13,16,23,B_cells,B_cells,Naive_B,0
AATGACCCAACCGTAT-1,s1d1,973,6.881411303642535,1960.0,7.5812097,40.255102040816325,47.90816326530612,58.11224489795919,75.86734693877551,274.0,5.616771,13.979591,80.0,4.394449,4.0816326,15.0,2.7725887,0.7653061,973,0.16321243523316062,False,2,9,13,15,B_cells,B_cells,B_cell,1
AATGACCGTTGTTGAC-1,s1d1,1871,7.534762657037537,6855.0,8.832879,44.08460977388767,58.45368344274252,68.25674690007294,78.7746170678337,755.0,6.6280413,11.013859,2141.0,7.669495,31.232676,18.0,2.944439,0.26258203,1869,0.027448071216617215,False,2,13,16,33,B_cells,B_cells,Naive_B,0
AATGCCAGTGTCTTCC-1,s1d1,646,6.472346294500901,1413.0,7.254178,54.56475583864119,61.3588110403397,68.43595187544233,89.66737438075018,491.0,6.1984787,34.748764,33.0,3.5263605,2.3354564,13.0,2.6390574,0.9200283,646,0.013532173432753385,False,2,4,2,2,B_cells,B_cells,Naive_B,0
AATGGAAAGGCAATGC-1,s1d1,250,5.5254529391317835,535.0,6.2841344,62.616822429906534,71.96261682242991,90.65420560747664,100.0,237.0,5.4722705,44.299065,17.0,2.8903718,3.17757,2.0,1.0986123,0.37383178,250,0.008456148828219379,False,2,4,2,2,B_cells,B_cells,Naive_B,0
AATGGAACAAGTCGTT-1,s1d1,706,6.561030665896573,1263.0,7.1420364,41.72604908946952,49.6437054631829,59.9366587490103,83.68962787015045,288.0,5.6664267,22.80285,32.0,3.4965076,2.53365,17.0,2.8903718,1.3460016,705,0.010116337885685384,False,2,4,2,2,B_cells,B_cells,Naive_B,0
AATGGCTGTATGGGAC-1,s1d1,2088,7.644440761556566,7750.0,8.955577,43.08387096774193,57.30322580645161,66.96774193548387,77.10967741935484,682.0,6.526495,8.8,2588.0,7.859027,33.393547,32.0,3.4965076,0.41290322,2086,0.03818827708703375,False,2,13,16,33,B_cells,B_cells,Naive_B,0
AATGGCTGTGGAGGTT-1,s1d1,2193,7.693481640835175,6109.0,8.717682,31.789163529219184,44.720903584874776,55.966606645932224,68.76739237191029,488.0,6.1923623,7.9882135,1368.0,7.221836,22.39319,27.0,3.3322046,0.44197085,2193,0.02087410306588389,False,2,13,16,23,B_cells,B_cells,Naive_B,0
AATTTCCTCAGAGCGA-1,s1d1,1519,7.326465613840322,5629.0,8.635864,44.83922543968733,60.54361343044946,70.26114762835317,81.89731746313733,727.0,6.590301,12.915259,2026.0,7.614312,35.992184,13.0,2.6390574,0.23094688,1518,0.04277566539923954,False,2,13,16,23,B_cells,B_cells,Naive_B,0
ACAACCAAGCGACCCT-1,s1d1,1726,7.454141078146678,5432.0,8.600246,37.57363770250368,53.240058910162006,64.87481590574374,77.22754050073638,385.0,5.9558372,7.0876284,1787.0,7.488853,32.897644,25.0,3.2580965,0.46023563,1726,0.014814814814814819,False,2,13,16,23,B_cells,B_cells,Naive_B,0
ACAACCAGTACCATAC-1,s1d1,1867,7.532623618788788,6389.0,8.762489,40.10017217091877,55.21990921897011,65.44060103302552,77.0230082955079,352.0,5.866468,5.5094695,2267.0,7.7266536,35.482864,18.0,2.944439,0.28173423,1867,0.027448071216617215,False,2,4,10,12,B_cells,B_cells,Naive_B,0
ACAACCATCCACACAA-1,s1d1,2122,7.660585461703256,6753.0,8.81789,34.96223900488672,50.03702058344439,61.1135791500074,73.31556345328002,297.0,5.6970935,4.3980455,1967.0,7.584773,29.127794,33.0,3.5263605,0.48867172,2122,0.019745222929936305,False,2,13,16,23,B_cells,B_cells,Naive_B,0
ACACAGTCAGACCATT-1,s1d1,1744,7.4645098346365275,5601.0,8.630879,37.83252990537404,53.61542581681843,64.29209069808964,76.75415104445634,323.0,5.7807436,5.766827,1911.0,7.5559053,34.118908,22.0,3.1354942,0.392787,1744,0.025293908086925547,False,2,13,16,23,B_cells,B_cells,Naive_B,0
ACACAGTGTTCGGTCG-1,s1d1,3123,8.046869510959576,16196.0,9.692581,41.071869597431466,58.82316621387997,68.80711286737467,77.71672017782168,628.0,6.4441314,3.8775005,7339.0,8.901094,45.313656,27.0,3.3322046,0.16670783,3122,0.028985507246376812,False,2,13,16,23,B_cells,B_cells,Naive_B,0
ACACCAAAGAGGCCAT-1,s1d1,508,6.2324480165505225,1030.0,6.9382844,49.12621359223301,59.6116504854369,70.09708737864078,99.22330097087378,286.0,5.659482,27.76699,146.0,4.9904327,14.174758,12.0,2.5649493,1.1650485,508,0.025293908086925547,False,2,13,16,23,B_cells,B_cells,Naive_B,0
ACACCAAAGGGCAACT-1,s1d1,2376,7.773594467360194,8286.0,9.022444,40.39343470914796,54.42915761525464,63.35988414192614,73.88365918416606,622.0,6.4345465,7.506638,2621.0,7.8716927,31.631666,35.0,3.583519,0.42239922,2376,0.3075170842824603,True,2,13,16,23,B_cells,B_cells,Naive_B,0
ACACCAAGTGGTGATG-1,s1d1,1760,7.473637108496206,5717.0,8.651375,38.061920587720834,54.32919363302431,64.98163372398112,77.01591743921638,488.0,6.1923623,8.535946,1923.0,7.5621614,33.63652,25.0,3.2580965,0.43729228,1760,0.028206092515983452,False,2,4,10,12,B_cells,B_cells,Naive_B,0
ACACGCGCAGCGAGTA-1,s1d1,1704,7.4413203897176174,6189.0,8.73069,42.28469865891097,58.50702859912749,69.28421392793666,80.20681854903862,708.0,6.5638556,11.4396515,2296.0,7.7393594,37.098076,27.0,3.3322046,0.4362579,1703,0.02087410306588389,False,2,13,16,23,B_cells,B_cells,Naive_B,0
ACACTGAAGGTACATA-1,s1d1,1951,7.5766097669730375,6711.0,8.811652,39.606616003576214,55.714498584413654,65.99612576367159,76.66517657577113,524.0,6.263398,7.8080764,2518.0,7.8316174,37.52049,29.0,3.4011974,0.43212637,1951,0.025293908086925547,False,2,13,16,23,B_cells,B_cells,Naive_B,0
ACACTGACATCCGAGC-1,s1d1,1819,7.506591780070841,5447.0,8.6030035,34.89994492381127,50.908757114007706,61.520102808885625,74.18762621626584,398.0,5.988961,7.3067746,1698.0,7.437795,31.173122,20.0,3.0445225,0.3671746,1819,0.03512484130342784,False,2,4,10,12,B_cells,B_cells,Naive_B,0
ACAGCCGCAGTGACCC-1,s1d1,1884,7.541683099882111,5806.0,8.66682,38.494660695831904,52.85911126420943,62.48708232862556,74.54357561143644,582.0,6.3681874,10.024114,1790.0,7.4905295,30.830175,33.0,3.5263605,0.56837755,1884,0.0314615690959777,False,2,4,10,12,B_cells,B_cells,Naive_B,0
ACAGGGACAACGGTAG-1,s1d1,1591,7.3727463664043285,6327.0,8.75274,44.46024972340762,62.39924134660977,71.97724039829303,82.7564406511775,687.0,6.5337887,10.858227,2683.0,7.8950634,42.405563,20.0,3.0445225,0.31610557,1591,0.013532173432753385,False,2,4,10,12,B_cells,B_cells,Naive_B,0
ACAGGGAGTGCTCTTC-1,s1d1,1558,7.351799869057777,4596.0,8.433159,36.92341166231506,52.11053089643168,63.9686684073107,76.97998259355961,427.0,6.059123,9.290688,1446.0,7.277248,31.462141,24.0,3.218876,0.5221932,1558,0.022673434856175977,False,2,13,16,23,B_cells,B_cells,Naive_B,0
ACAGGGATCGCTATTT-1,s1d1,1031,6.939253946041508,2790.0,7.9341555,41.7921146953405,56.98924731182796,67.45519713261649,80.96774193548387,382.0,5.9480352,13.691756,876.0,6.776507,31.39785,5.0,1.7917595,0.17921147,1031,0.01618122977346279,False,2,13,16,23,B_cells,B_cells,Naive_B,0
ACATCCCGTTCATCTT-1,s1d1,2323,7.751045117971802,5969.0,8.694502,31.797621042050594,39.75540291506115,48.86915731278271,63.611995309097004,288.0,5.6664267,4.8249288,636.0,6.4567695,10.655051,24.0,3.218876,0.40207738,2321,0.03818827708703375,False,2,9,13,15,B_cells,B_cells,B_cell,1
ACATCGATCGCGTGCA-1,s1d1,781,6.661854740545311,1954.0,7.5781455,40.02047082906858,56.29477993858751,69.60081883316275,85.61924257932446,193.0,5.267858,9.877175,716.0,6.5750756,36.642784,6.0,1.9459102,0.30706242,781,0.04156936011209715,False,2,13,16,23,B_cells,B_cells,Naive_B,0
ACCAACATCAATCCAG-1,s1d1,1958,7.580189417944541,5704.0,8.649098,37.833099579242635,49.91234221598878,59.22159887798036,72.07223001402524,479.0,6.173786,8.397615,1244.0,7.1268907,21.809256,17.0,2.8903718,0.2980365,1956,0.0314615690959777,False,2,4,10,12,B_cells,B_cells,Naive_B,0
ACCACAAAGGTCTTTG-1,s1d1,2500,7.824445930877619,8096.0,8.9992485,38.204051383399204,50.382905138339915,59.498517786561266,70.5657114624506,784.0,6.6656837,9.683795,2101.0,7.650645,25.951088,34.0,3.5553482,0.4199605,2499,0.027448071216617215,False,2,4,10,12,B_cells,B_cells,Naive_B,0
ACCATTTCACTAACGT-1,s1d1,2340,7.75833346749091,7984.0,8.98532,35.94689378757515,50.75150300601202,61.37274549098196,72.70791583166333,534.0,6.2822666,6.6883764,2614.0,7.8690195,32.74048,22.0,3.1354942,0.2755511,2340,0.032336297493936954,False,2,13,16,23,B_cells,B_cells,Naive_B,0
ACCCTCAGTAAGGTCG-1,s1d1,770,6.647688373563329,1404.0,7.2477927,34.971509971509974,47.079772079772084,59.401709401709404,80.76923076923077,41.0,3.7376697,2.9202278,391.0,5.971262,27.849003,4.0,1.609438,0.28490028,770,0.017639902676399026,False,2,13,16,23,B_cells,B_cells,Naive_B,0
ACCCTTGGTCGGAACA-1,s1d1,2086,7.643482907077201,6185.0,8.730044,38.464025869038,51.107518189167344,60.80840743734842,72.27162489894907,881.0,6.782192,14.244139,1761.0,7.474205,28.47211,24.0,3.218876,0.38803557,2086,0.3753424657534244,True,2,13,16,23,B_cells,B_cells,Naive_B,0
ACCGTTCCAGAACGCA-1,s1d1,1916,7.558516743045645,5942.0,8.689969,37.12554695388758,51.598788286772134,62.06664422753282,74.06597105351733,420.0,6.042633,7.068327,1871.0,7.534763,31.487715,22.0,3.1354942,0.3702457,1916,0.02205882352941177,False,2,13,16,23,B_cells,B_cells,Naive_B,0
ACCTACCTCAAATGCC-1,s1d1,2195,7.694392802629421,7288.0,8.894122,36.99231613611416,51.193743139407246,61.23765093304061,73.02414928649836,665.0,6.50129,9.124588,2026.0,7.614312,27.79912,38.0,3.6635616,0.52140504,2193,0.028985507246376812,False,2,13,16,23,B_cells,B_cells,Naive_B,0
ACCTGAACAAGCAGGT-1,s1d1,3215,8.075893630298857,11992.0,9.392078,32.45496997998666,46.5393595730487,56.696130753835895,68.34556370913943,1023.0,6.931472,8.530686,3473.0,8.153062,28.960974,37.0,3.637586,0.30853903,3215,0.03611349957007739,False,2,4,10,12,B_cells,B_cells,Naive_B,0
ACCTGAACAAGTATCC-1,s1d1,1548,7.3453648404168685,4146.0,8.33014,34.925229136517125,47.99807042932947,59.64785335262904,74.72262421611191,221.0,5.4026775,5.330439,1057.0,6.9641356,25.494453,11.0,2.4849067,0.26531598,1548,0.02599277978339351,False,2,9,13,15,B_cells,B_cells,B_cell,0
ACCTGAACACAACGCC-1,s1d1,2015,7.60887062919126,5952.0,8.69165,36.223118279569896,49.47916666666667,59.61021505376344,72.24462365591397,504.0,6.2245584,8.467742,1656.0,7.412764,27.82258,21.0,3.0910425,0.35282257,2014,0.030612244897959183,False,2,13,16,23,B_cells,B_cells,Naive_B,0
ACCTGAAGTGTCCGTG-1,s1d1,1544,7.3427791893318455,5053.0,8.527935,39.02632099742727,55.19493370275084,67.20759944587374,79.33900653077379,414.0,6.0282784,8.193152,1749.0,7.467371,34.6131,18.0,2.944439,0.35622403,1544,0.015260581629714942,False,2,13,16,23,B_cells,B_cells,Naive_B,0
ACCTGAATCATTTGCT-1,s1d1,858,6.755768921984255,1823.0,7.508787,48.38178826110806,53.976961053208996,63.90565002742732,80.36204059243006,468.0,6.150603,25.671968,61.0,4.1271343,3.3461328,20.0,3.0445225,1.0970926,856,0.030612244897959183,False,2,4,2,2,B_cells,B_cells,Naive_B,0
ACCTGTCGTGCCTATA-1,s1d1,1248,7.130098510125578,4938.0,8.504918,47.81287970838396,65.75536654515999,75.13163223977318,84.85216686917781,491.0,6.1984787,9.943296,2179.0,7.6870804,44.12718,12.0,2.5649493,0.24301338,1248,0.02599277978339351,False,2,13,16,23,B_cells,B_cells,Naive_B,0
ACGATCAAGATTAGCA-1,s1d1,1761,7.474204806496124,5796.0,8.665096,39.285714285714285,56.07315389924086,66.5976535541753,77.95031055900621,556.0,6.322565,9.592823,1951.0,7.5766096,33.661144,20.0,3.0445225,0.34506556,1761,0.022673434856175977,False,2,13,16,23,B_cells,B_cells,Naive_B,0
ACGATCACATACCGTA-1,s1d1,543,6.298949246855942,965.0,6.8731637,46.73575129533678,54.09326424870466,64.4559585492228,95.5440414507772,221.0,5.4026775,22.901554,59.0,4.0943446,6.11399,11.0,2.4849067,1.1398964,543,0.00877620672842516,False,2,4,2,2,B_cells,B_cells,Naive_B,0
ACGATCATCCAACTAG-1,s1d1,1821,7.507690077819904,6019.0,8.702843,38.44492440604751,54.627014454228274,64.46253530486791,76.37481309187572,488.0,6.1923623,8.107659,2011.0,7.6068845,33.410866,28.0,3.3672957,0.46519354,1820,0.015260581629714942,False,2,4,10,12,B_cells,B_cells,Naive_B,0
ACGATGTGTCAAGCGA-1,s1d1,1788,7.489412083508719,4638.0,8.442254,35.316946959896505,45.70935748167314,56.080206985769735,70.72013799051315,468.0,6.150603,10.090556,757.0,6.6306834,16.32169,24.0,3.218876,0.5174644,1788,0.03611349957007739,False,2,9,13,15,B_cells,B_cells,B_cell,1
ACGCACGTCAGTCCGG-1,s1d1,1651,7.409741954080923,4223.0,8.348537,35.40137343121004,46.81506038361354,57.210513852711344,72.74449443523562,233.0,5.4553213,5.5174046,841.0,6.7357802,19.914753,13.0,2.6390574,0.30783802,1651,0.027448071216617215,False,2,9,13,15,B_cells,B_cells,B_cell,1
ACGCACGTCGGAGTGA-1,s1d1,950,6.85751406254539,2192.0,7.6930256,46.25912408759124,54.1058394160584,63.45802919708029,79.47080291970804,498.0,6.212606,22.718979,187.0,5.236442,8.531022,21.0,3.0910425,0.95802915,950,0.016656751933372994,False,2,4,10,12,B_cells,B_cells,Naive_B,0
ACGGAAGTCCACACCT-1,s1d1,1821,7.507690077819904,6149.0,8.724207,38.57537811026183,55.29354366563669,65.79931696210765,77.10196779964222,479.0,6.173786,7.7898846,2245.0,7.716906,36.510002,23.0,3.1780539,0.37404457,1821,0.034166666666666665,False,2,13,16,23,B_cells,B_cells,Naive_B,0
ACGGTCGAGCGCCCAT-1,s1d1,262,5.572154032177765,735.0,6.60123,71.156462585034,77.9591836734694,91.56462585034014,100.0,418.0,6.037871,56.870747,15.0,2.7725887,2.0408163,8.0,2.1972246,1.0884354,262,0.01046719428133776,False,2,4,2,2,B_cells,B_cells,Naive_B,0
ACGGTCGCAGTAGATA-1,s1d1,1874,7.536363938404511,6078.0,8.712596,38.35143139190523,54.26127015465614,64.29746627179993,75.74860151365581,572.0,6.350886,9.410991,2068.0,7.6348205,34.02435,20.0,3.0445225,0.3290556,1874,0.01920050361976708,False,2,13,16,23,B_cells,B_cells,Naive_B,0
ACGGTCGGTCTTTATC-1,s1d1,2094,7.647308832356238,6916.0,8.841738,36.43724696356275,51.373626373626365,61.8421052631579,73.64083285135918,495.0,6.206576,7.157316,2268.0,7.7270947,32.79352,19.0,2.9957323,0.2747253,2094,0.02671057446030004,False,2,4,10,12,B_cells,B_cells,Naive_B,0
ACGGTCGGTGGTCAAG-1,s1d1,993,6.901737206656574,3745.0,8.228444,45.393858477970625,65.26034712950602,75.99465954606141,86.83578104138851,298.0,5.7004437,7.957277,1785.0,7.487734,47.66355,9.0,2.3025851,0.24032043,993,0.010824742268041237,False,2,13,16,23,B_cells,B_cells,Naive_B,0
ACGGTTATCTATACTC-1,s1d1,998,6.906754778648554,1973.0,7.587817,41.10491637100861,47.49113025848961,57.62797769893563,74.7592498732894,412.0,6.0234475,20.881907,34.0,3.5553482,1.7232642,18.0,2.944439,0.91231626,998,0.010824742268041237,False,2,4,2,2,B_cells,B_cells,Naive_B,0
ACGTAACAGGGCAATC-1,s1d1,2734,7.913886714856082,9316.0,9.139596,33.54443967367969,47.327179046801206,57.69643623872906,69.53628166595105,693.0,6.542472,7.4388146,2642.0,7.87967,28.359812,39.0,3.6888795,0.41863462,2733,0.04156936011209715,False,2,4,10,12,B_cells,B_cells,Naive_B,0
ACGTAACTCGAGAAGC-1,s1d1,1583,7.367708572374371,5351.0,8.585226,40.31022238833863,57.59671089515979,68.51055877406093,79.76079237525695,423.0,6.0497336,7.9050646,2096.0,7.648263,39.170246,17.0,2.8903718,0.3176976,1583,0.0314615690959777,False,2,4,10,12,B_cells,B_cells,Naive_B,0
ACGTACAGTGACCGTC-1,s1d1,1574,7.362010551259734,4172.0,8.3363905,36.145733461169705,48.537871524448704,59.15627996164909,74.25695110258869,293.0,5.68358,7.0230103,972.0,6.880384,23.298178,33.0,3.5263605,0.79098755,1574,0.025293908086925547,False,2,9,13,15,B_cells,B_cells,B_cell,1
ACGTAGTCACGGGTAA-1,s1d1,1517,7.325148957955575,5038.0,8.524963,40.92894005557761,57.12584358872569,68.3604605001985,79.81341802302501,512.0,6.240276,10.162764,1814.0,7.503841,36.00635,16.0,2.8332133,0.31758636,1517,0.02145922746781116,False,2,13,16,23,B_cells,B_cells,Naive_B,0
ACGTAGTTCTGTGCTC-1,s1d1,2127,7.662937850461535,5155.0,8.547916,25.838991270611057,35.44131910766246,46.28516003879729,62.483026188166825,276.0,5.6240177,5.3540254,860.0,6.7580943,16.682833,29.0,3.4011974,0.5625606,2125,0.028985507246376812,False,2,9,13,15,B_cells,B_cells,B_cell,1
ACGTTCCAGACCTGGA-1,s1d1,2073,7.637234388789473,7150.0,8.875008,37.88811188811189,54.13986013986014,64.62937062937063,75.44055944055944,446.0,6.1025586,6.2377625,2653.0,7.8838234,37.104897,24.0,3.218876,0.33566433,2073,0.022673434856175977,False,2,4,10,12,B_cells,B_cells,Naive_B,0
ACTACGAGTAGGTTTC-1,s1d1,1739,7.461640392208575,4424.0,8.395025,32.120253164556964,43.874321880650996,55.19891500904159,70.43399638336348,187.0,5.236442,4.226944,941.0,6.8480053,21.270344,11.0,2.4849067,0.24864376,1739,0.03611349957007739,False,2,9,13,15,B_cells,B_cells,B_cell,1
ACTATCTCACGAGGTA-1,s1d1,1560,7.353081920515432,5362.0,8.587278,40.80566952629616,58.00074599030213,68.5751585229392,80.23125699365909,329.0,5.799093,6.1357703,2149.0,7.673223,40.07833,18.0,2.944439,0.33569565,1560,0.015260581629714942,False,2,4,10,12,B_cells,B_cells,Naive_B,0
ACTATCTCAGATTAAG-1,s1d1,1968,7.585281078639126,7317.0,8.898092,40.809074757414244,57.37324039907066,68.01968019680197,78.22878228782287,690.0,6.53814,9.430094,2791.0,7.9345136,38.14405,19.0,2.9957323,0.25966927,1967,0.02599277978339351,False,2,13,16,23,B_cells,B_cells,Naive_B,0
ACTATTCCACAGTCAT-1,s1d1,1964,7.583247524303362,6479.0,8.776476,37.81447754283068,53.27982713381695,63.929618768328446,75.366568914956,546.0,6.3044486,8.427227,2186.0,7.690286,33.739777,37.0,3.637586,0.5710758,1964,0.030612244897959183,False,2,13,16,23,B_cells,B_cells,Naive_B,0
ACTATTCCAGAGTTCT-1,s1d1,1876,7.537430036586509,7836.0,8.966612,41.79428279734558,60.43899948953547,70.6610515569168,80.56406329760082,562.0,6.3332796,7.1720266,3284.0,8.097122,41.909138,15.0,2.7725887,0.19142419,1874,0.018148262073208247,False,2,13,16,23,B_cells,B_cells,Naive_B,0
ACTATTCTCCTACCGT-1,s1d1,2259,7.723120092266331,8150.0,9.005896,38.674846625766875,53.75460122699387,64.02453987730061,75.03067484662577,714.0,6.572283,8.760736,2615.0,7.869402,32.085888,27.0,3.3322046,0.33128834,2259,0.025293908086925547,False,2,4,10,12,B_cells,B_cells,Naive_B,0
ACTCCCAGTCTGTCAA-1,s1d1,1481,7.301147805856032,4615.0,8.4372835,39.241603466955574,55.34127843986999,66.15384615384615,78.74322860238352,386.0,5.9584246,8.36403,1631.0,7.3975616,35.341278,17.0,2.8903718,0.36836404,1479,0.017639902676399026,False,2,13,16,23,B_cells,B_cells,Naive_B,0
ACTCCCAGTGAGTAAT-1,s1d1,2156,7.676473646389156,7983.0,8.985195,41.826381059751974,56.59526493799324,66.40360766629087,76.51258925216085,549.0,6.3099184,6.877114,2840.0,7.9519114,35.5756,27.0,3.3322046,0.33821872,2156,0.04277566539923954,False,2,4,10,12,B_cells,B_cells,Naive_B,0
ACTCTCGGTACGACAG-1,s1d1,1722,7.45182223652793,6678.0,8.806724,44.15992812219227,60.52710392333034,69.90116801437556,80.44324648098234,561.0,6.331502,8.400719,2659.0,7.886081,39.81731,12.0,2.5649493,0.17969452,1719,0.04156936011209715,False,2,4,10,12,B_cells,B_cells,Naive_B,0
ACTGATGAGCTAGATA-1,s1d1,2295,7.738923757439457,7565.0,8.931419,36.45736946463979,51.02445472571051,60.92531394580304,72.13483146067415,741.0,6.6093493,9.795109,2322.0,7.7506146,30.693985,27.0,3.3322046,0.3569068,2294,0.02087410306588389,False,2,13,16,23,B_cells,B_cells,Naive_B,0
ACTGCAACATGGGCAA-1,s1d1,1840,7.518064181233078,6311.0,8.750208,38.3457455236888,55.17350657582,66.36032324512755,77.54713991443512,621.0,6.43294,9.839962,2065.0,7.6333694,32.720646,37.0,3.637586,0.58627796,1840,0.02330363262508568,False,2,4,10,12,B_cells,B_cells,Naive_B,0
ACTGTCCTCGGAGATG-1,s1d1,3150,8.055475141757274,14175.0,9.559306,40.14109347442681,56.33862433862434,66.29276895943562,75.40035273368608,1057.0,6.9641356,7.45679,5479.0,8.60886,38.652557,31.0,3.465736,0.2186949,3150,0.33830845771144274,True,2,4,10,12,B_cells,B_cells,Naive_B,0
ACTTAGGAGGGCGAGA-1,s1d1,1307,7.176254532017144,3752.0,8.23031,40.191897654584224,54.45095948827292,65.93816631130063,78.49147121535182,497.0,6.2106,13.246268,1089.0,6.993933,29.02452,21.0,3.0910425,0.5597015,1307,0.015260581629714942,False,2,4,10,12,B_cells,B_cells,Naive_B,0
ACTTAGGTCCGGGACT-1,s1d1,3014,8.011355109161286,12177.0,9.407387,34.080643836741395,49.47852508828118,60.811365689414465,72.25917713722592,782.0,6.6631327,6.421943,3559.0,8.177516,29.227234,31.0,3.465736,0.2545783,3011,0.017639902676399026,False,2,13,16,23,B_cells,B_cells,Naive_B,0
ACTTATCAGACCTGGA-1,s1d1,1459,7.286191714702382,5320.0,8.579416,40.50751879699248,58.890977443609025,69.81203007518798,81.97368421052632,318.0,5.765191,5.9774437,2296.0,7.7393594,43.157894,9.0,2.3025851,0.16917293,1458,0.00814176245210728,False,2,13,16,23,B_cells,B_cells,Naive_B,0
ACTTCCGCATTGAAGA-1,s1d1,1310,7.1785454837637,4841.0,8.485084,45.217930179714934,62.15657921916959,72.71224953522,83.2679198512704,434.0,6.075346,8.96509,2051.0,7.62657,42.36728,10.0,2.3978953,0.20656888,1310,0.4207317073170726,True,2,13,16,12,B_cells,B_cells,Naive_B,0
ACTTCCGTCAAGCCAT-1,s1d1,1964,7.583247524303362,6799.0,8.824677,39.59405794969849,55.243418149727894,65.56846595087514,76.4377114281512,514.0,6.244167,7.559935,2459.0,7.8079166,36.167084,24.0,3.218876,0.3529931,1964,0.01866832607342875,False,2,13,16,23,B_cells,B_cells,Naive_B,0
ACTTCCGTCGATCCAA-1,s1d1,540,6.293419278846481,1617.0,7.388946,68.27458256029685,72.78911564625851,78.97340754483612,97.52628324056896,721.0,6.582025,44.588745,41.0,3.7376697,2.5355597,10.0,2.3978953,0.6184292,539,0.052574525745257464,False,2,4,2,2,B_cells,B_cells,Naive_B,0
ACTTCGCGTCTTCGAA-1,s1d1,1787,7.488852955733459,5602.0,8.631058,39.628704034273476,54.26633345233846,64.4055694394859,76.25847911460193,420.0,6.042633,7.4973226,1809.0,7.501082,32.292038,19.0,2.9957323,0.33916458,1786,0.02087410306588389,False,2,13,16,23,B_cells,B_cells,Naive_B,0
ACTTTCAAGGCTATCT-1,s1d1,440,6.089044875446846,1055.0,6.9622436,61.990521327014214,67.77251184834124,77.25118483412322,100.0,422.0,6.0473723,40.0,30.0,3.4339871,2.8436017,9.0,2.3025851,0.8530806,440,0.06346272335181764,False,2,4,2,2,B_cells,B_cells,Naive_B,0
ACTTTCACATGCCATA-1,s1d1,1806,7.499423290592229,6106.0,8.717191,39.4202423845398,55.66655748444154,66.37733377006224,78.03799541434654,514.0,6.244167,8.41795,2195.0,7.6943927,35.948246,5.0,1.7917595,0.08188667,1806,0.022673434856175977,False,2,4,10,12,B_cells,B_cells,Naive_B,0
ACTTTCAGTAGGTAGC-1,s1d1,940,6.846943139585379,2583.0,7.857094,59.58188153310105,64.42121564072784,71.35114208284939,82.9655439411537,1101.0,7.004882,42.624855,164.0,5.1059456,6.349207,13.0,2.6390574,0.5032907,939,0.010824742268041237,False,2,4,2,2,B_cells,B_cells,Naive_B,0
ACTTTGTAGGGACCAT-1,s1d1,1197,7.088408778675395,2760.0,7.9233484,35.97826086956522,47.7536231884058,59.34782608695652,74.7463768115942,240.0,5.484797,8.695652,609.0,6.413459,22.065218,17.0,2.8903718,0.615942,1196,0.016656751933372994,False,2,13,16,23,B_cells,B_cells,Naive_B,0
ACTTTGTGTCAGTTTG-1,s1d1,1445,7.27655640271871,3335.0,8.112528,41.73913043478261,48.395802098950526,57.03148425787107,71.66416791604198,606.0,6.408529,18.170914,267.0,5.590987,8.005997,22.0,3.1354942,0.6596702,1444,0.024613220815752467,False,2,4,2,2,B_cells,B_cells,Naive_B,0
ACTTTGTGTTGGGATG-1,s1d1,1264,7.142827401161621,3464.0,8.150468,38.33718244803695,53.34872979214781,64.83833718244803,77.94457274826789,243.0,5.497168,7.0150113,1107.0,7.010312,31.957275,17.0,2.8903718,0.4907621,1264,0.024613220815752467,False,2,13,16,23,B_cells,B_cells,Naive_B,0
AGAAATGAGGGTGGGA-1,s1d1,2610,7.8674885686991285,10573.0,9.266153,35.685235978435635,51.2248179324695,63.26492007944765,75.03073867398089,700.0,6.552508,6.6206374,3552.0,8.175548,33.595005,35.0,3.583519,0.3310319,2610,0.0314615690959777,False,2,13,16,33,B_cells,B_cells,Naive_B,0
AGAACAAAGCCAAGGT-1,s1d1,1408,7.25063551189868,4008.0,8.296297,37.075848303393215,51.896207584830336,64.04690618762476,77.34530938123753,232.0,5.4510384,5.788423,1107.0,7.010312,27.61976,16.0,2.8332133,0.3992016,1408,0.024613220815752467,False,2,13,16,23,B_cells,B_cells,Naive_B,0
AGAACAAAGTCTAACC-1,s1d1,1424,7.261927092702751,5233.0,8.562931,43.818077584559525,60.901968278234285,71.45041085419453,82.3428243837187,469.0,6.152733,8.962354,2126.0,7.662468,40.626793,13.0,2.6390574,0.24842347,1424,0.02205882352941177,False,2,13,16,23,B_cells,B_cells,Naive_B,0
AGAACCTAGGACAGTC-1,s1d1,898,6.80128303447162,1871.0,7.534763,46.285408872260824,52.592196686264025,62.69374665954035,78.72795296632816,458.0,6.1290503,24.47889,49.0,3.912023,2.6189203,15.0,2.7725887,0.8017103,898,0.01618122977346279,False,2,4,2,2,B_cells,B_cells,Naive_B,0
AGAACCTGTCATCTAG-1,s1d1,2035,7.618742377670413,6172.0,8.727941,37.29747245625405,50.38885288399222,60.48282566429034,72.68308489954633,694.0,6.543912,11.244329,1720.0,7.4506607,27.86779,22.0,3.1354942,0.3564485,2034,0.024613220815752467,False,2,13,16,23,B_cells,B_cells,Naive_B,0
AGAACCTGTTGCTCAA-1,s1d1,1332,7.195187320178709,2959.0,7.9929447,40.45285569449138,47.009124704291985,55.72828658330518,71.88239270023657,800.0,6.685861,27.03616,220.0,5.398163,7.434944,8.0,2.1972246,0.2703616,1331,0.011939506500397984,False,2,4,2,2,B_cells,B_cells,Naive_B,0
AGAAGTATCACCATCC-1,s1d1,1819,7.506591780070841,5831.0,8.671115,38.48396501457726,53.98730920939805,64.43148688046647,76.16189332876007,467.0,6.1484685,8.008918,1916.0,7.558517,32.858856,28.0,3.3672957,0.48019207,1819,0.034166666666666665,False,2,4,10,12,B_cells,B_cells,Naive_B,0
AGAAGTATCTTCGTAT-1,s1d1,425,6.054439346269371,1067.0,6.973543,63.54264292408622,69.54076850984067,78.912839737582,100.0,524.0,6.263398,49.109653,36.0,3.6109178,3.3739455,20.0,3.0445225,1.8744143,424,0.010824742268041237,False,2,4,2,2,B_cells,B_cells,Naive_B,0
AGACAGGAGACCAAGC-1,s1d1,1768,7.478169694159785,5612.0,8.632841,40.07483962936564,53.72416250890948,64.18389166072701,76.72843905915894,767.0,6.64379,13.667143,1540.0,7.340187,27.441198,35.0,3.583519,0.62366354,1768,0.02395001735508504,False,2,13,16,23,B_cells,B_cells,Naive_B,0
AGACCATGTGGGACAT-1,s1d1,986,6.894670039433482,2155.0,7.67601,45.89327146171694,52.66821345707656,61.94895591647332,77.44779582366588,269.0,5.598422,12.482598,50.0,3.9318256,2.3201857,14.0,2.7080503,0.649652,986,0.0655737704918033,False,2,4,2,2,B_cells,B_cells,Naive_B,0
AGACTCAGTAGGCTCC-1,s1d1,1657,7.4133673356952405,5527.0,8.617581,41.30631445630541,56.81201375067849,67.08883662022798,79.06640130269585,436.0,6.079933,7.8885474,2155.0,7.67601,38.99041,24.0,3.218876,0.43423194,1657,0.02205882352941177,False,2,4,10,12,B_cells,B_cells,Naive_B,0
AGACTCAGTCTGTGCG-1,s1d1,2540,7.840312983320164,9512.0,9.160415,37.258200168208575,53.39571068124474,63.61438183347351,74.48486122792262,587.0,6.376727,6.1711526,3407.0,8.133881,35.817917,14.0,2.7080503,0.14718251,2540,0.20833333333333326,False,2,13,16,23,B_cells,B_cells,Naive_B,0
AGAGAATAGAACAGGA-1,s1d1,1368,7.221835825288449,3929.0,8.276395,40.544667854415884,54.848561975057265,65.81827437006872,77.90786459658946,503.0,6.222576,12.80224,1126.0,7.0273147,28.658691,19.0,2.9957323,0.4835836,1368,0.03818827708703375,False,2,4,10,12,B_cells,B_cells,Naive_B,0
AGAGAATCAGGACTTT-1,s1d1,3476,8.153925132007862,15055.0,9.619532,39.80073065426769,52.35469943540352,61.727000996346725,71.5841912985719,1847.0,7.521859,12.26835,4254.0,8.35585,28.256393,40.0,3.713572,0.26569244,3473,0.04805725971370142,False,2,13,16,33,B_cells,B_cells,Naive_B,0
AGAGAATTCGCCTCTA-1,s1d1,1087,6.992096427415888,2247.0,7.7177963,44.726301735647525,50.200267022696934,59.101023587004896,73.87627948375612,526.0,6.2672005,23.408989,137.0,4.9272537,6.0970182,19.0,2.9957323,0.8455719,1087,0.025293908086925547,False,2,4,10,12,B_cells,B_cells,Naive_B,0
AGAGAGCTCCGCACGA-1,s1d1,731,6.595780513961311,1518.0,7.3258076,48.88010540184453,56.060606060606055,65.01976284584981,84.78260869565217,429.0,6.063785,28.260868,151.0,5.0238805,9.947299,15.0,2.7725887,0.9881423,730,0.049504950495049514,False,2,4,2,2,B_cells,B_cells,Naive_B,0
AGAGCAGCAGGCCTGT-1,s1d1,1477,7.298445101508147,4632.0,8.44096,44.926597582038,57.77202072538861,67.83246977547496,78.90759930915371,621.0,6.43294,13.406735,1350.0,7.2086005,29.145077,17.0,2.8903718,0.36701208,1477,0.28151260504201703,True,2,4,10,12,B_cells,B_cells,Naive_B,0
AGAGCCCAGCGACCCT-1,s1d1,3101,8.039802343736485,12097.0,9.400795,35.364139869389106,49.47507646523931,59.75035132677523,70.61254856576011,920.0,6.82546,7.605191,3495.0,8.159375,28.891462,31.0,3.465736,0.2562619,3100,0.032336297493936954,False,2,4,10,12,B_cells,B_cells,Naive_B,0
AGAGCCCCACCTGAAT-1,s1d1,4051,8.306965865368573,19329.0,9.869413,39.74339075999793,54.08453618914584,63.63495266180351,72.75596254332868,1355.0,7.2122946,7.010192,6804.0,8.825413,35.200993,33.0,3.5263605,0.17072792,4050,0.3753424657534244,True,2,4,10,36,B_cells,B_cells,Naive_B,0
AGATAGACAGGTCAGA-1,s1d1,1709,7.444248649496705,5007.0,8.518792,36.988216496904336,52.107050129818255,62.63231475933693,75.69402836029559,358.0,5.8833222,7.14999,1565.0,7.35628,31.25624,25.0,3.2580965,0.499301,1709,0.016656751933372994,False,2,13,16,23,B_cells,B_cells,Naive_B,0
AGATAGAGTTCCGCTT-1,s1d1,1867,7.532623618788788,5907.0,8.684063,38.10733028610124,52.90333502624005,63.39935669544609,75.48671068224141,514.0,6.244167,8.701541,1927.0,7.5642385,32.622314,24.0,3.218876,0.40629762,1867,0.022673434856175977,False,2,13,16,23,B_cells,B_cells,Naive_B,0
AGATGCTAGTCGCCCA-1,s1d1,484,6.184148890937483,1297.0,7.16858,64.070932922128,70.39321511179647,78.10331534309945,100.0,642.0,6.4661446,49.498844,37.0,3.637586,2.8527372,20.0,3.0445225,1.5420201,484,0.013532173432753385,False,2,4,2,2,B_cells,B_cells,Naive_B,0
AGCATCAAGGATACGC-1,s1d1,952,6.859614903654202,2977.0,7.999007,38.93181054753107,57.77628485052065,70.97749412159892,84.81692979509573,159.0,5.075174,5.340947,1087.0,6.9920964,36.513268,12.0,2.5649493,0.4030904,952,0.00783289817232376,False,2,4,10,12,B_cells,B_cells,Naive_B,0
AGCATCAGTAGTGTGG-1,s1d1,2376,7.773594467360194,9348.0,9.143024,39.7732135216089,55.8515190415062,66.39922978177151,76.27299957210099,766.0,6.642487,8.194266,3535.0,8.170752,37.81558,34.0,3.5553482,0.36371416,2375,0.03927765237020317,False,2,13,16,33,B_cells,B_cells,Naive_B,0
AGCCAATCACTGGAAG-1,s1d1,816,6.705639094860003,1713.0,7.446585,46.70169293636894,53.59019264448336,64.03969643899592,81.55283129013426,463.0,6.1398845,27.028605,66.0,4.204693,3.8528898,21.0,3.0910425,1.2259195,816,0.015260581629714942,False,2,4,2,2,B_cells,B_cells,Naive_B,0
AGCGCCAAGCTTCATG-1,s1d1,1353,7.21081845347222,4525.0,8.417594,41.48066298342542,59.04972375690608,69.83425414364642,81.14917127071823,437.0,6.082219,9.657458,1752.0,7.469084,38.71823,10.0,2.3978953,0.22099447,1353,0.028206092515983452,False,2,4,10,12,B_cells,B_cells,Naive_B,0
AGCGTATTCTGTCGTC-1,s1d1,3650,8.202756381655638,11638.0,9.362117,34.67090565389242,43.09159649424299,51.01391991751159,62.734146760611786,1843.0,7.5196924,15.836054,1488.0,7.30586,12.785702,41.0,3.7376697,0.3522942,3649,0.24000000000000005,True,2,4,10,36,B_cells,B_cells,Naive_B,0
AGCTACAGTGTACATC-1,s1d1,687,6.5337888379333435,1348.0,7.207119,47.32937685459941,54.74777448071217,63.87240356083086,86.12759643916914,322.0,5.7776523,23.887241,62.0,4.1431346,4.5994067,11.0,2.4849067,0.8160237,687,0.02330363262508568,False,2,4,2,2,B_cells,B_cells,Naive_B,0
AGCTCAAAGCACTCGC-1,s1d1,1967,7.584773077612199,6137.0,8.722254,35.42447449894085,50.65993156265276,61.64249633371354,73.87974580413884,501.0,6.2186003,8.163598,1838.0,7.5169773,29.949486,29.0,3.4011974,0.47254357,1967,0.022673434856175977,False,2,4,10,12,B_cells,B_cells,Naive_B,0
AGCTCAAGTCATAGTC-1,s1d1,1985,7.593877844605118,6743.0,8.816408,39.68559988135845,54.0708883286371,64.6151564585496,75.66365119383065,321.0,5.7745514,4.7604923,2217.0,7.704361,32.87854,17.0,2.8903718,0.2521133,1985,0.0314615690959777,False,2,13,16,33,B_cells,B_cells,Naive_B,0
AGCTCAATCCAAAGGG-1,s1d1,1881,7.540090320145325,5894.0,8.68186,35.714285714285715,51.47607736681371,62.69087207329488,74.80488632507635,485.0,6.1862087,8.228707,1891.0,7.5453897,32.083477,23.0,3.1780539,0.39022735,1879,0.018148262073208247,False,2,4,10,12,B_cells,B_cells,Naive_B,0
AGCTCAATCGCCAGTG-1,s1d1,1095,6.999422467507961,2521.0,7.8328075,36.73145577151924,49.54383181277271,60.84886949623165,76.39825466084888,206.0,5.332719,8.171361,641.0,6.464588,25.426418,5.0,1.7917595,0.198334,1095,0.011560693641618498,False,2,13,16,23,B_cells,B_cells,Naive_B,0
AGCTTCCCACAGTATC-1,s1d1,2035,7.618742377670413,6411.0,8.765926,36.43737326470129,51.73919825300265,62.345967867727346,73.74824520355638,467.0,6.1484685,7.284355,1904.0,7.5522375,29.698956,45.0,3.8286414,0.7019186,2035,0.02671057446030004,False,2,13,16,23,B_cells,B_cells,Naive_B,0
AGCTTCCGTATGGAAT-1,s1d1,1726,7.454141078146678,5261.0,8.568267,35.487549895457136,50.92187796996769,62.91579547614522,75.84109484888805,279.0,5.6347895,5.303174,1737.0,7.46049,33.016537,27.0,3.3322046,0.5132104,1726,0.028985507246376812,False,2,13,16,23,B_cells,B_cells,Naive_B,0
AGCTTCCGTCTAATCG-1,s1d1,533,6.280395838960195,1397.0,7.242798,62.56263421617753,69.0050107372942,76.1632068718683,97.63779527559055,513.0,6.2422233,36.721546,28.0,3.3672957,2.0042949,15.0,2.7725887,1.0737294,533,0.024613220815752467,False,2,4,2,2,B_cells,B_cells,Naive_B,0
AGGAAATAGAGAGTGA-1,s1d1,1373,7.2254814727822945,5300.0,8.575651,44.39622641509434,62.32075471698113,73.22641509433963,83.52830188679246,389.0,5.966147,7.339623,2446.0,7.802618,46.150944,34.0,3.5553482,0.6415094,1373,0.18338108882521495,False,2,4,10,36,B_cells,B_cells,Naive_B,0
AGGAAATCAACCTAAC-1,s1d1,1636,7.400620577371135,5683.0,8.645411,39.9084990322013,57.22329755410874,68.66091852894598,80.01055780397677,398.0,5.988961,7.003343,2079.0,7.6401234,36.58279,15.0,2.7725887,0.2639451,1635,0.022673434856175977,False,2,4,10,12,B_cells,B_cells,Naive_B,0
AGGAAATCAAGATCCT-1,s1d1,1591,7.3727463664043285,4377.0,8.384347,34.544208361891705,49.85149645876171,60.49805803061458,75.07425177061916,193.0,5.267858,4.409413,1437.0,7.2710085,32.830708,19.0,2.9957323,0.43408728,1589,0.02671057446030004,False,2,13,16,23,B_cells,B_cells,Naive_B,0
AGGAAATGTCGCTTGG-1,s1d1,1808,7.500529485395295,6354.0,8.756997,41.24960654705697,58.54579792256847,68.33490714510545,78.80075542965062,645.0,6.4707994,10.151086,2430.0,7.796058,38.24363,24.0,3.218876,0.3777148,1808,0.0314615690959777,False,2,13,16,23,B_cells,B_cells,Naive_B,0
AGGAAATTCTTCTGGC-1,s1d1,2906,7.9748769005588755,10776.0,9.28517,34.54899777282851,48.14402375649592,59.06644394951744,70.60133630289532,976.0,6.8844867,9.057164,2886.0,7.967973,26.781738,30.0,3.4339871,0.27839643,2904,0.02205882352941177,False,2,13,16,33,B_cells,B_cells,Naive_B,0
AGGAATAAGGTGTGAC-1,s1d1,1350,7.208600337960199,5568.0,8.62497,47.7191091954023,66.07399425287356,75.55675287356321,84.73419540229885,789.0,6.672033,14.170259,2355.0,7.7647204,42.295258,40.0,3.713572,0.7183908,1350,0.028985507246376812,False,2,13,16,23,B_cells,B_cells,Naive_B,0
AGGACTTAGAGTAACT-1,s1d1,1767,7.477604243197589,6051.0,8.708144,40.81969922326888,57.37894562882169,67.3442406213849,78.44984300115684,491.0,6.1984787,8.114361,2316.0,7.7480288,38.274666,23.0,3.1780539,0.38010246,1766,0.02395001735508504,False,2,13,16,23,B_cells,B_cells,Naive_B,0
AGGACTTCACATGGTT-1,s1d1,2071,7.6362696033793735,7952.0,8.981304,43.44818913480885,59.1172032193159,68.48591549295774,78.10613682092556,707.0,6.562444,8.890845,2969.0,7.9963174,37.33652,25.0,3.2580965,0.31438634,2071,0.0314615690959777,False,2,13,16,33,B_cells,B_cells,Naive_B,0
AGGAGGTAGGAAACGA-1,s1d1,979,6.887552571664617,2977.0,7.999007,39.87235471951629,58.14578434665771,70.47363117232112,83.90997648639569,228.0,5.433722,7.658717,1189.0,7.0817084,39.939537,8.0,2.1972246,0.26872692,979,0.007529411764705883,False,2,4,10,12,B_cells,B_cells,Naive_B,0
AGGAGGTGTTCCTTGC-1,s1d1,206,5.332718793265369,513.0,6.2422233,69.5906432748538,79.33723196881091,98.83040935672514,100.0,263.0,5.575949,51.26706,27.0,3.3322046,5.263158,5.0,1.7917595,0.97465885,206,0.01618122977346279,False,2,13,16,33,B_cells,B_cells,Naive_B,0
AGGATAAGTGGGAGAG-1,s1d1,1810,7.501634457883413,6670.0,8.805525,40.104947526236884,57.79610194902549,68.33583208395802,79.20539730134932,413.0,6.025866,6.191904,2703.0,7.9024873,40.52474,21.0,3.0910425,0.31484258,1809,0.034166666666666665,False,2,13,16,33,B_cells,B_cells,Naive_B,0
AGGATCTAGGTCTACT-1,s1d1,1867,7.532623618788788,5187.0,8.554104,33.56468093310199,46.558704453441294,57.89473684210527,71.52496626180836,361.0,5.891644,6.9597073,1246.0,7.128496,24.021593,25.0,3.2580965,0.48197415,1867,0.020302932645826624,False,2,13,16,23,B_cells,B_cells,Naive_B,0
AGGATCTGTGCTATTG-1,s1d1,2148,7.67275789664251,6634.0,8.800114,34.97135966234549,49.32167621344588,59.933675007536934,71.72143503165512,533.0,6.280396,8.0343685,1893.0,7.5464463,28.53482,25.0,3.2580965,0.37684655,2147,0.02330363262508568,False,2,4,10,12,B_cells,B_cells,Naive_B,0
AGGCTGCAGTAACCGG-1,s1d1,730,6.594413459749778,1771.0,7.479864,56.86053077357425,62.50705815923207,70.07340485601355,87.01298701298701,698.0,6.5496507,39.41276,79.0,4.3820267,4.4607563,17.0,2.8903718,0.9599096,730,0.0701058201058201,False,2,13,16,2,B_cells,B_cells,Naive_B,0
AGGCTGCTCCTGTAGA-1,s1d1,3241,8.08394570229562,13281.0,9.494165,40.697236653866426,55.635870792861986,64.08402981703185,73.05172803252768,1040.0,6.947937,7.830735,4653.0,8.445482,35.03501,24.0,3.218876,0.18070929,3241,0.33830845771144274,True,2,13,16,12,B_cells,B_cells,Naive_B,0
AGGGAGTCACGGTCTG-1,s1d1,1877,7.537962659768208,5757.0,8.658345,36.060448150078166,51.363557408372415,62.080944936598925,74.57008858780615,377.0,5.934894,6.548549,1777.0,7.4832444,30.866772,37.0,3.637586,0.64269584,1875,0.02671057446030004,False,2,13,16,23,B_cells,B_cells,Naive_B,0
AGGGCCTTCTCAGTCC-1,s1d1,2466,7.810758116529357,7563.0,8.931155,33.174666137776015,45.77548591828639,55.57318524395082,68.33267222001851,596.0,6.391917,7.8804708,1706.0,7.442493,22.557186,34.0,3.5553482,0.44955704,2465,0.032336297493936954,False,2,4,10,12,B_cells,B_cells,Naive_B,0
AGGGCTCGTAACACGG-1,s1d1,1720,7.450660796211539,5331.0,8.581482,38.56687300694054,53.98611892703058,64.94091164884637,77.11498780716563,553.0,6.317165,10.373288,1706.0,7.442493,32.001503,18.0,2.944439,0.3376477,1720,0.02087410306588389,False,2,13,16,23,B_cells,B_cells,Naive_B,0
AGGGCTCTCAAGCCGC-1,s1d1,2183,7.688913336864796,6524.0,8.783397,33.64500306560392,45.52421827099939,56.407112201103615,69.74248927038627,374.0,5.926926,5.7326794,1453.0,7.2820735,22.271612,20.0,3.0445225,0.3065604,2182,0.03611349957007739,False,2,9,13,15,B_cells,B_cells,B_cell,1
AGGGTCCCATGAAGCG-1,s1d1,1858,7.527793987721444,4253.0,8.355615,28.16835175170468,38.960733599811896,50.29391018104867,66.6823418763226,269.0,5.598422,6.324947,693.0,6.542472,16.29438,38.0,3.6635616,0.8934869,1858,0.024613220815752467,False,2,9,13,15,B_cells,B_cells,B_cell,1
AGGGTGAAGTGCAAAT-1,s1d1,1302,7.172424577124845,3924.0,8.275122,39.88277268093782,55.96330275229357,67.32925586136595,79.56167176350662,398.0,5.988961,10.142712,1358.0,7.2145042,34.607544,23.0,3.1780539,0.58613664,1302,0.02087410306588389,False,2,13,16,23,B_cells,B_cells,Naive_B,0
AGGGTGACAATAGTCC-1,s1d1,1195,7.086737934510577,3695.0,8.215007,40.54127198917456,58.21380243572395,69.41813261163735,81.19079837618403,354.0,5.872118,9.580515,1374.0,7.226209,37.185387,24.0,3.218876,0.6495264,1195,0.02395001735508504,False,2,13,16,23,B_cells,B_cells,Naive_B,0
AGGGTGAGTGTCCTAA-1,s1d1,1689,7.432483807917119,5545.0,8.620832,40.559062218214606,56.3931469792606,66.51036970243463,78.46708746618575,518.0,6.251904,9.341749,2024.0,7.613325,36.501354,24.0,3.218876,0.43282235,1688,0.028206092515983452,False,2,13,16,23,B_cells,B_cells,Naive_B,0
AGGGTGATCCACAGGC-1,s1d1,1747,7.466227556215481,5066.0,8.530504,35.88630082905645,50.90801421239637,61.8239242005527,74.81247532570075,403.0,6.001415,7.9549937,1590.0,7.372118,31.385708,19.0,2.9957323,0.37504935,1747,0.01866832607342875,False,2,13,16,23,B_cells,B_cells,Naive_B,0
AGGTAGGCAGCGGATA-1,s1d1,794,6.678342114654332,1731.0,7.457032,50.43327556325823,56.44136337377239,65.68457538994801,83.0155979202773,512.0,6.240276,29.578278,51.0,3.9512436,2.9462738,11.0,2.4849067,0.6354708,794,0.014378347899633496,False,2,4,2,2,B_cells,B_cells,Naive_B,0
AGGTAGGCAGGTTACT-1,s1d1,1322,7.187657164114956,4400.0,8.389587,42.13636363636364,59.340909090909086,70.0909090909091,81.31818181818183,395.0,5.9814143,8.977272,1735.0,7.459339,39.43182,9.0,2.3025851,0.20454544,1322,0.01571594877764843,False,2,4,10,12,B_cells,B_cells,Naive_B,0
AGGTCATTCTGTCCCA-1,s1d1,2154,7.675546002537848,7567.0,8.9316845,39.8969208404916,54.3412184485265,64.23946081670411,75.2345711642659,676.0,6.517671,8.933527,2320.0,7.7497535,30.659443,35.0,3.583519,0.4625347,2154,0.034166666666666665,False,2,13,16,23,B_cells,B_cells,Naive_B,0
AGGTCTAAGCCATGCC-1,s1d1,1998,7.6004023345004,7293.0,8.894808,40.46345811051694,56.75305087069793,67.26998491704374,77.88290141231317,696.0,6.5467854,9.543398,2582.0,7.8567066,35.403812,18.0,2.944439,0.246812,1998,0.02395001735508504,False,2,4,10,12,B_cells,B_cells,Naive_B,0
AGGTCTACATCCCACT-1,s1d1,401,5.996452088619021,839.0,6.733402,57.210965435041714,64.12395709177592,76.04290822407627,100.0,329.0,5.799093,39.213352,27.0,3.3322046,3.218117,21.0,3.0910425,2.5029798,400,0.022673434856175977,False,2,4,2,2,B_cells,B_cells,Naive_B,0
AGGTCTATCTGCTGAA-1,s1d1,1316,7.183111701743281,4874.0,8.491876,42.57283545342634,61.75625769388593,71.97373820270825,83.258104226508,465.0,6.1441855,9.540419,2128.0,7.663408,43.66024,15.0,2.7725887,0.30775544,1316,0.017639902676399026,False,2,4,10,12,B_cells,B_cells,Naive_B,0
AGGTGTTCACGGGTAA-1,s1d1,1758,7.472500744737558,6567.0,8.789965,41.19080249733516,58.94624638343231,69.62083142987665,80.18882290239074,439.0,6.086775,6.6849394,2587.0,7.8586407,39.39394,28.0,3.3672957,0.4263743,1758,0.015260581629714942,False,2,13,16,23,B_cells,B_cells,Naive_B,0
AGGTTACCACGGCTAC-1,s1d1,1905,7.552762084214147,8309.0,9.025215,43.422794560115534,62.6669876038031,71.97015284631124,81.51402094114816,456.0,6.1246834,5.488025,3969.0,8.286521,47.767483,14.0,2.7080503,0.16849199,1905,0.28151260504201703,True,2,4,10,12,B_cells,B_cells,Naive_B,0
AGTAACCTCTTAGCTT-1,s1d1,1889,7.5443321080536885,6724.0,8.813587,41.64187983343248,57.55502676977989,67.1772754312909,77.78108268887567,586.0,6.375025,8.715051,2452.0,7.805067,36.46639,14.0,2.7080503,0.20820941,1889,0.019745222929936305,False,2,4,10,12,B_cells,B_cells,Naive_B,0
AGTACCACATGAGATA-1,s1d1,1755,7.470793774195062,5844.0,8.673342,36.841204654346335,53.507871321013,65.28062970568104,77.41273100616016,471.0,6.156979,8.059548,2100.0,7.650169,35.93429,27.0,3.3322046,0.46201232,1755,0.024613220815752467,False,2,4,10,12,B_cells,B_cells,Naive_B,0
AGTACCAGTTCGCGTG-1,s1d1,1870,7.534228326274089,6976.0,8.850374,39.01949541284404,56.981077981651374,67.70355504587155,78.44036697247707,618.0,6.4281054,8.858945,2694.0,7.8991537,38.618122,15.0,2.7725887,0.21502294,1869,0.01571594877764843,False,2,13,16,23,B_cells,B_cells,Naive_B,0
AGTACTGCAAGACCTT-1,s1d1,649,6.476972362889683,1466.0,7.2909746,53.069577080491136,59.89085948158254,69.3724420190996,89.83628922237381,546.0,6.3044486,37.2442,124.0,4.828314,8.45839,6.0,1.9459102,0.40927693,649,0.013532173432753385,False,2,4,2,2,B_cells,B_cells,Naive_B,0
AGTAGCTCACTATGTG-1,s1d1,2009,7.605890001053122,5386.0,8.591743,27.51578165614556,40.49387300408466,52.69216487189009,67.87968808020794,193.0,5.267858,3.5833642,1293.0,7.1654935,24.006683,31.0,3.465736,0.5755663,2009,0.030612244897959183,False,2,9,13,15,B_cells,B_cells,B_cell,1
AGTAGCTCAGTAGATA-1,s1d1,1849,7.52294091807237,6490.0,8.778172,41.26348228043143,57.21109399075501,67.3035439137134,78.42835130970724,659.0,6.49224,10.154083,2340.0,7.7583337,36.05547,23.0,3.1780539,0.35439137,1848,0.02087410306588389,False,2,13,16,23,B_cells,B_cells,Naive_B,0
AGTAGCTGTCTCGACG-1,s1d1,379,5.940171252720432,740.0,6.6080008,55.54054054054054,62.29729729729729,75.8108108108108,100.0,215.0,5.3752785,29.054054,24.0,3.218876,3.2432432,13.0,2.6390574,1.7567568,379,0.029787234042553193,False,2,9,13,15,B_cells,B_cells,B_cell,1
AGTAGTCCAATGCTCA-1,s1d1,1690,7.43307534889858,5394.0,8.593228,39.87764182424917,55.20949202817946,65.64701520207639,77.93845012977381,492.0,6.200509,9.121246,1843.0,7.5196924,34.167595,24.0,3.218876,0.4449388,1690,0.024613220815752467,False,2,13,16,23,B_cells,B_cells,Naive_B,0
AGTCAACAGGATACAT-1,s1d1,1948,7.575071699507561,4474.0,8.406261,30.28609745194457,41.5958873491283,51.65400089405454,66.69646848457757,270.0,5.602119,6.0348682,969.0,6.877296,21.658472,11.0,2.4849067,0.24586499,1948,0.1392978482446206,False,2,4,10,36,B_cells,B_cells,Naive_B,0
AGTCAACAGGCCTGAA-1,s1d1,1927,7.564238475170491,6243.0,8.739376,38.282876822040684,52.891238186769186,63.19077366650648,75.28431843664904,688.0,6.535241,11.020343,1809.0,7.501082,28.976452,11.0,2.4849067,0.17619734,1927,0.024613220815752467,False,2,4,10,12,B_cells,B_cells,Naive_B,0
AGTCAACCAACCTAAC-1,s1d1,610,6.415096959171596,1582.0,7.367077,61.5676359039191,67.76232616940582,74.08343868520859,93.04677623261695,642.0,6.4661446,40.581543,44.0,3.8066626,2.7812893,17.0,2.8903718,1.0745891,610,0.04532019704433497,False,2,4,2,2,B_cells,B_cells,Naive_B,0
AGTCATGAGGCGAAGG-1,s1d1,595,6.39024066706535,1239.0,7.1228666,45.52058111380145,56.49717514124294,68.11945117029863,92.33252623083132,276.0,5.6240177,22.27603,229.0,5.4380794,18.482647,15.0,2.7725887,1.2106538,595,0.02145922746781116,False,2,13,16,23,B_cells,B_cells,Naive_B,0
AGTCTCCAGGCGAACT-1,s1d1,536,6.285998094508865,921.0,6.8265452,44.73398479913138,52.66015200868621,63.51791530944625,96.09120521172639,214.0,5.370638,23.235613,54.0,4.0073333,5.863192,15.0,2.7725887,1.6286645,536,0.009433962264150943,False,2,4,2,2,B_cells,B_cells,Naive_B,0
AGTGACTTCTTTCAGT-1,s1d1,1793,7.492203042618741,5895.0,8.68203,39.42324003392706,55.453774385072094,66.20865139949109,77.6590330788804,563.0,6.3350544,9.550467,1959.0,7.5807,33.231552,30.0,3.4339871,0.5089058,1793,0.02330363262508568,False,2,13,16,23,B_cells,B_cells,Naive_B,0
AGTGATCAGCAATAAC-1,s1d1,1891,7.545389749611823,6254.0,8.741137,39.8784777742245,54.84489926447074,64.59865685960985,76.07930924208507,605.0,6.40688,9.673808,2077.0,7.639161,33.210747,20.0,3.0445225,0.31979534,1891,0.02330363262508568,False,2,13,16,23,B_cells,B_cells,Naive_B,0
AGTGATCAGGATTCAA-1,s1d1,1848,7.522400231387125,5668.0,8.642768,41.107974594213125,53.93436838390967,63.70853916725476,75.42342978122795,687.0,6.5337887,12.120678,1559.0,7.3524413,27.505293,21.0,3.0910425,0.37050104,1848,0.2592592592592592,True,2,4,10,12,B_cells,B_cells,Naive_B,0
AGTGATCGTCGCTTGG-1,s1d1,687,6.5337888379333435,1256.0,7.136483,42.99363057324841,51.03503184713376,61.22611464968153,85.11146496815286,271.0,5.605802,21.576433,112.0,4.727388,8.917197,8.0,2.1972246,0.6369427,687,0.01618122977346279,False,2,4,10,12,B_cells,B_cells,Naive_B,0
AGTGTTGCATGACAAA-1,s1d1,1670,7.421177528595393,5550.0,8.621734,40.03603603603604,56.18018018018019,66.79279279279278,78.68468468468468,445.0,6.100319,8.018019,2083.0,7.6420445,37.531532,30.0,3.4339871,0.5405406,1669,0.019745222929936305,False,2,13,16,23,B_cells,B_cells,Naive_B,0
AGTGTTGTCACTGGGC-1,s1d1,1790,7.490529402060711,6486.0,8.777555,40.610545790934324,57.631822386679,68.28553808202282,79.06259636139377,573.0,6.352629,8.834413,2476.0,7.8148036,38.17453,14.0,2.7080503,0.21584952,1789,0.02205882352941177,False,2,13,16,23,B_cells,B_cells,Naive_B,0
AGTGTTGTCGCGATCG-1,s1d1,1487,7.305188215393037,4768.0,8.469892,39.219798657718115,55.473993288590606,66.63171140939598,79.2994966442953,352.0,5.866468,7.3825502,1767.0,7.4776044,37.059563,16.0,2.8332133,0.33557048,1487,0.02145922746781116,False,2,13,16,23,B_cells,B_cells,Naive_B,0
AGTTAGCAGCGCCATC-1,s1d1,1518,7.325807502595773,5012.0,8.51979,41.08140462889066,56.8635275339186,67.55786113328013,79.68874700718276,469.0,6.152733,9.357542,1707.0,7.4430785,34.05826,11.0,2.4849067,0.21947327,1518,0.014814814814814819,False,2,13,16,23,B_cells,B_cells,Naive_B,0
AGTTAGCCAGGCTTGC-1,s1d1,1462,7.288244401020124,5112.0,8.539541,40.962441314553985,57.766040688575906,69.87480438184663,81.18153364632238,430.0,6.066108,8.41158,1889.0,7.544332,36.95227,20.0,3.0445225,0.3912363,1462,0.015260581629714942,False,2,13,16,23,B_cells,B_cells,Naive_B,0
AGTTAGCGTCGTTGCG-1,s1d1,1535,7.336936913707618,5467.0,8.606668,44.00951161514542,59.13663800987745,70.03841229193341,81.06822754710079,709.0,6.565265,12.968722,1886.0,7.5427437,34.497894,22.0,3.1354942,0.40241447,1534,0.02671057446030004,False,2,13,16,33,B_cells,B_cells,Naive_B,0
AGTTCCCAGTTGTCAC-1,s1d1,1682,7.428333194190806,4463.0,8.403801,35.357382926282774,48.59959668384495,59.30988124579879,73.51557248487565,276.0,5.6240177,6.184181,1167.0,7.0630484,26.14833,26.0,3.295837,0.5825678,1681,0.06346272335181764,False,2,13,16,23,B_cells,B_cells,Naive_B,0
ATACTTCCATGACGGA-1,s1d1,741,6.60934924316738,1571.0,7.360104,47.358370464672184,54.55124124761298,65.56333545512413,84.65945257797581,419.0,6.0402546,26.67091,75.0,4.3307333,4.7740293,7.0,2.0794415,0.44557607,741,0.24000000000000005,True,2,4,16,2,B_cells,B_cells,Naive_B,0
ATAGACCAGCTACTGT-1,s1d1,2165,7.680637427560936,6909.0,8.840725,36.8215371254885,50.39803155304675,60.9784339267622,72.64437689969606,488.0,6.1923623,7.063251,2020.0,7.6113477,29.237226,24.0,3.218876,0.34737298,2164,0.017142857142857147,False,2,13,16,23,B_cells,B_cells,Naive_B,0
ATAGAGAAGTCATGCT-1,s1d1,1581,7.366445148327599,5579.0,8.626944,41.85337874170998,58.89944434486467,69.17010216884746,80.62376770030471,444.0,6.0980744,7.958415,2249.0,7.7186856,40.311886,16.0,2.8332133,0.28678975,1581,0.019745222929936305,False,2,13,16,23,B_cells,B_cells,Naive_B,0
ATAGAGACAGACCGCT-1,s1d1,1863,7.530479995245536,6499.0,8.779557,39.60609324511463,55.73165102323434,66.62563471303278,77.93506693337436,547.0,6.3062754,8.416679,2398.0,7.7828074,36.897984,24.0,3.218876,0.36928758,1862,0.011939506500397984,False,2,4,10,12,B_cells,B_cells,Naive_B,0
ATAGGCTCAACAAGAT-1,s1d1,2229,7.709756864454165,8277.0,9.021357,40.993113446901056,56.62679714872538,66.13507309411622,76.05412589102332,873.0,6.7730803,10.547299,2777.0,7.9294868,33.550804,17.0,2.8903718,0.20538843,2229,0.012719891745602164,False,2,13,16,23,B_cells,B_cells,Naive_B,0
ATAGGCTCACGTGTGC-1,s1d1,2168,7.682021510826875,7017.0,8.856234,37.822431238420975,52.88584865327063,63.103890551517736,73.87772552372809,662.0,6.496775,9.434232,2303.0,7.742402,32.820293,25.0,3.2580965,0.3562776,2168,0.02205882352941177,False,2,4,10,12,B_cells,B_cells,Naive_B,0
ATAGGCTGTTCTTGCC-1,s1d1,662,6.4967749901858625,1496.0,7.3112183,55.14705882352941,61.831550802139034,69.11764705882352,89.1711229946524,338.0,5.826,22.593584,51.0,3.9512436,3.409091,14.0,2.7080503,0.93582886,662,0.0314615690959777,False,2,4,10,12,B_cells,B_cells,Naive_B,0
ATCACGACACCTGTCT-1,s1d1,1014,6.922643891475888,2951.0,7.990238,39.6814639105388,56.6248729244324,68.7563537783802,82.58217553371739,241.0,5.488938,8.166723,1027.0,6.9353704,34.80176,11.0,2.4849067,0.372755,1014,0.012325830653804931,False,2,4,10,12,B_cells,B_cells,Naive_B,0
ATCACGACACGACTAT-1,s1d1,1254,7.134890851565884,2777.0,7.9294868,43.06805905653583,49.11775297083184,57.25603168887289,72.84839755131436,672.0,6.5117455,24.198774,127.0,4.8520303,4.5732803,18.0,2.944439,0.6481815,1254,0.022673434856175977,False,2,4,2,2,B_cells,B_cells,Naive_B,0
ATCACGACACGTACTA-1,s1d1,2016,7.6093665379542115,6824.0,8.828347,39.31711606096132,54.073856975381005,64.39038686987104,75.58616647127783,600.0,6.398595,8.792498,2223.0,7.7070627,32.5762,20.0,3.0445225,0.29308322,2016,0.024613220815752467,False,2,13,16,23,B_cells,B_cells,Naive_B,0
ATCACGATCCTCAGAA-1,s1d1,1911,7.555905093611346,6585.0,8.792702,39.07365223993926,55.94533029612756,66.2870159453303,77.3424449506454,511.0,6.2383246,7.760061,2449.0,7.8038435,37.190582,22.0,3.1354942,0.33409262,1911,0.02671057446030004,False,2,4,10,12,B_cells,B_cells,Naive_B,0
ATCACTTAGAAAGCGA-1,s1d1,1221,7.108244139731541,3081.0,8.033334,33.26841934436871,49.95131450827653,62.54462836741318,76.59850697825381,198.0,5.293305,6.426485,1073.0,6.9791455,34.826355,12.0,2.5649493,0.38948393,1219,0.012325830653804931,False,2,13,16,23,B_cells,B_cells,Naive_B,0
ATCACTTCAAGAGTAT-1,s1d1,651,6.480044561926653,1566.0,7.3569183,56.641123882503194,63.02681992337165,71.20051085568328,90.35759897828864,575.0,6.3561077,36.71775,93.0,4.543295,5.9386973,31.0,3.465736,1.9795659,651,0.09754028837998303,False,2,4,2,2,B_cells,B_cells,Naive_B,0
ATCACTTTCCGTGACG-1,s1d1,2577,7.8547691834991324,8717.0,9.073145,35.44797522083286,51.06114488929677,59.98623379603074,71.22863370425605,500.0,6.216606,5.735918,3031.0,8.016977,34.771137,22.0,3.1354942,0.2523804,2577,0.032336297493936954,False,2,13,16,23,B_cells,B_cells,Naive_B,0
ATCAGGTTCTTTGCAT-1,s1d1,1566,7.356918242356021,4914.0,8.500047,38.88888888888889,53.84615384615385,64.95726495726495,78.3068783068783,333.0,5.811141,6.776557,1442.0,7.2744794,29.344728,17.0,2.8903718,0.34595034,1565,0.022673434856175977,False,2,13,16,23,B_cells,B_cells,Naive_B,0
ATCATTCAGTTGGACG-1,s1d1,1490,7.307202314764738,4910.0,8.499233,38.39103869653768,56.0285132382892,67.4745417515275,79.83706720977597,435.0,6.0776424,8.85947,1837.0,7.5164332,37.41344,7.0,2.0794415,0.14256619,1489,0.01046719428133776,False,2,4,10,12,B_cells,B_cells,Naive_B,0
ATCATTCGTACATTGC-1,s1d1,1352,7.210079628170788,4148.0,8.330623,38.62102217936355,55.71359691417551,66.75506268081003,79.4599807135969,245.0,5.5053315,5.906461,1543.0,7.3421316,37.19865,9.0,2.3025851,0.21697204,1352,0.017142857142857147,False,2,13,16,23,B_cells,B_cells,Naive_B,0
ATCCCTGCAGTGGCTC-1,s1d1,1805,7.498869733976931,5423.0,8.598589,35.66291720449936,50.931218882537344,62.19804536234557,75.0691499170201,348.0,5.855072,6.417112,1614.0,7.38709,29.762125,21.0,3.0910425,0.38723952,1805,0.02330363262508568,False,2,4,10,12,B_cells,B_cells,Naive_B,0
ATCCCTGGTGAGATTA-1,s1d1,973,6.881411303642535,3411.0,8.135054,44.825564350630316,63.58839050131926,74.2597478745236,86.13309879800644,201.0,5.3082676,5.8927,1683.0,7.4289274,49.34037,20.0,3.0445225,0.5863383,973,0.017142857142857147,False,2,13,16,23,B_cells,B_cells,Naive_B,0
ATCCGTCAGGAGTATT-1,s1d1,1564,7.355641102974253,5516.0,8.615589,42.89340101522843,59.6627991298042,69.9238578680203,80.71065989847716,483.0,6.182085,8.756346,2221.0,7.706163,40.264683,37.0,3.637586,0.6707759,1564,0.02205882352941177,False,2,13,16,23,B_cells,B_cells,Naive_B,0
ATCCGTCCAAGCGAAC-1,s1d1,2081,7.641084249174914,5416.0,8.597298,31.166912850812405,41.72821270310192,52.47415066469719,67.00516986706056,278.0,5.6312118,5.1329393,881.0,6.782192,16.266617,24.0,3.218876,0.44313148,2081,0.03713411970292704,False,2,9,13,15,B_cells,B_cells,B_cell,1
ATCCGTCGTGATACCT-1,s1d1,1650,7.409136443920128,5273.0,8.570544,37.51185283519818,54.3144320121373,65.21904039446235,77.84942158164233,341.0,5.8348107,6.4669065,1925.0,7.5632005,36.506733,18.0,2.944439,0.34136164,1650,0.02330363262508568,False,2,13,16,23,B_cells,B_cells,Naive_B,0
ATCGATGGTACACTCA-1,s1d1,1645,7.406103381237015,4313.0,8.369621,34.68583352654765,48.17992116856017,59.03083700440529,73.4523533503362,338.0,5.826,7.8367724,1123.0,7.024649,26.037561,18.0,2.944439,0.41734293,1644,0.02205882352941177,False,2,4,10,12,B_cells,B_cells,Naive_B,0
ATCGGATAGAGGATGA-1,s1d1,1411,7.252762418053187,4529.0,8.418477,39.500993596820486,56.10510046367851,67.78538308677412,79.88518436741002,332.0,5.8081427,7.330537,1712.0,7.4460015,37.80084,17.0,2.8903718,0.37535882,1409,0.015260581629714942,False,2,4,10,12,B_cells,B_cells,Naive_B,0
ATCGGCGAGCCTGCCA-1,s1d1,2161,7.6787889981991535,8443.0,9.041211,41.833471514864385,58.21390501006751,67.86687196494137,77.69750088830985,760.0,6.6346335,9.001539,3186.0,8.066835,37.7354,22.0,3.1354942,0.26057088,2160,0.06346272335181764,False,2,4,10,12,B_cells,B_cells,Naive_B,0
ATCGGCGCAGTGACCC-1,s1d1,1413,7.254177846456518,4522.0,8.416931,41.70720919946926,58.40336134453782,68.73065015479877,79.80981866430783,452.0,6.115892,9.995578,1631.0,7.3975616,36.06811,22.0,3.1354942,0.4865104,1412,0.027448071216617215,False,2,13,16,23,B_cells,B_cells,Naive_B,0
ATCGGCGGTAGCGTCC-1,s1d1,1260,7.13966033596492,4721.0,8.459988,45.15992374496929,63.96949798771446,73.75556026265622,83.90171573819106,316.0,5.7589016,6.693497,2320.0,7.7497535,49.14213,13.0,2.6390574,0.27536538,1260,0.013532173432753385,False,2,13,16,23,B_cells,B_cells,Naive_B,0
ATCGTAGTCATCCTGC-1,s1d1,2952,7.990576881743923,8663.0,9.066932,31.67493939743738,41.65993304859749,51.229366270345146,64.18099965369964,629.0,6.4457197,7.2607646,1410.0,7.2520537,16.276117,35.0,3.583519,0.4040171,2952,0.3075170842824603,True,2,4,10,36,B_cells,B_cells,Naive_B,0
ATCGTCCCATATGGCT-1,s1d1,1570,7.359467638255621,4813.0,8.479283,38.250571369208394,54.12424683149803,64.94909619779763,77.76854352794514,402.0,5.9989367,8.352379,1548.0,7.345365,32.16289,25.0,3.2580965,0.5194265,1570,0.027448071216617215,False,2,13,16,23,B_cells,B_cells,Naive_B,0
ATCGTGATCGACGCTG-1,s1d1,2337,7.757051142032013,8582.0,9.057539,38.09135399673736,52.843160102540196,64.44884642274528,75.19226287578653,814.0,6.703188,9.484968,2522.0,7.833204,29.387089,19.0,2.9957323,0.2213936,2337,0.022673434856175977,False,2,13,16,23,B_cells,B_cells,Naive_B,0
ATCTTCATCTCGAGTA-1,s1d1,1765,7.476472381163905,5519.0,8.616133,37.76046385214713,53.34299691973183,64.19641239354955,76.46312737814822,355.0,5.874931,6.4323244,1955.0,7.5786567,35.423084,20.0,3.0445225,0.36238447,1765,0.013532173432753385,False,2,4,10,12,B_cells,B_cells,Naive_B,0
ATGAAAGAGATCACTC-1,s1d1,631,6.448889394146858,1573.0,7.3613753,60.58486967577876,66.24284806102987,72.6001271455817,91.67196439923713,658.0,6.4907236,41.8309,32.0,3.4965076,2.0343292,22.0,3.1354942,1.3986014,629,0.04805725971370142,False,2,4,2,2,B_cells,B_cells,Naive_B,0
ATGACCACAACTCCCT-1,s1d1,1801,7.496652438168283,6097.0,8.715716,40.6101361325242,56.91323601771363,66.59012629161883,77.64474331638512,573.0,6.352629,9.398065,2262.0,7.724447,37.100212,24.0,3.218876,0.3936362,1800,0.020302932645826624,False,2,4,10,12,B_cells,B_cells,Naive_B,0
ATGACCACATGTGGCC-1,s1d1,1885,7.542213463193403,5582.0,8.627481,38.74955213185238,50.51952705123611,60.98172697957721,73.683267646005,414.0,6.0282784,7.416697,1271.0,7.148346,22.769617,19.0,2.9957323,0.3403798,1884,0.04805725971370142,False,2,4,10,12,B_cells,B_cells,Naive_B,0
ATGAGGGAGATCCCAT-1,s1d1,461,6.135564891081739,927.0,6.8330317,53.72168284789643,61.057173678532905,71.84466019417476,100.0,309.0,5.7365723,33.333336,76.0,4.3438053,8.19849,41.0,3.7376697,4.4228697,461,0.10588235294117652,False,2,4,2,2,B_cells,B_cells,Naive_B,0
ATGAGTCGTCGCAGTC-1,s1d1,1426,7.2633296174768365,5067.0,8.530702,41.168344187882376,59.16716005525953,70.59403986579831,81.72488652062364,335.0,5.817111,6.611407,2154.0,7.675546,42.51036,9.0,2.3025851,0.1776199,1426,0.020302932645826624,False,2,13,16,23,B_cells,B_cells,Naive_B,0
ATGCATGAGTTGCGCC-1,s1d1,1957,7.579678823090456,6946.0,8.8460655,40.0230348401958,56.88165850849409,67.03138496976678,77.3106824071408,515.0,6.2461066,7.4143395,2719.0,7.908387,39.144833,27.0,3.3322046,0.3887129,1957,0.02205882352941177,False,2,13,16,23,B_cells,B_cells,Naive_B,0
ATGCATGCATGTGACT-1,s1d1,1652,7.410347097821024,4074.0,8.312626,32.44968090328915,43.86352479135984,54.34462444771723,70.69219440353461,239.0,5.480639,5.8664703,767.0,6.64379,18.826706,22.0,3.1354942,0.54000986,1651,0.03611349957007739,False,2,9,13,15,B_cells,B_cells,B_cell,1
ATGCCTCAGTAGGGTC-1,s1d1,1791,7.491087593534876,6132.0,8.721439,39.98695368558382,56.702544031311156,66.99282452707111,78.16373124592303,519.0,6.253829,8.463797,2218.0,7.704812,36.170906,17.0,2.8903718,0.27723417,1790,0.027448071216617215,False,2,13,16,23,B_cells,B_cells,Naive_B,0
ATGCCTCCAATGTCTG-1,s1d1,828,6.720220155135295,1964.0,7.5832477,54.276985743380855,59.419551934826885,68.0244399185336,83.29938900203666,574.0,6.35437,29.22607,86.0,4.465908,4.3788185,19.0,2.9957323,0.9674135,828,0.06778566817301485,False,2,4,2,2,B_cells,B_cells,Naive_B,0
ATGCCTCCACTTCATT-1,s1d1,1676,7.424761761823209,4573.0,8.4281435,39.55827684233545,50.88563306363437,60.76973540345506,74.28383993002406,572.0,6.350886,12.5082,1068.0,6.9744787,23.354473,12.0,2.5649493,0.2624098,1675,0.02330363262508568,False,2,13,16,23,B_cells,B_cells,Naive_B,0
ATGCGATAGATGACAT-1,s1d1,2237,7.71333788887187,7305.0,8.896451,37.686516084873375,51.964407939767284,61.49212867898699,72.70362765229295,428.0,6.061457,5.8590007,2409.0,7.787382,32.977413,35.0,3.583519,0.4791239,2237,0.055900621118012424,False,2,13,16,23,B_cells,B_cells,Naive_B,0
ATGGAGGAGAGTGGCT-1,s1d1,1563,7.355001921105257,5508.0,8.614139,41.15831517792302,59.0958605664488,69.5352214960058,80.70079883805374,391.0,5.971262,7.098766,2302.0,7.741968,41.793755,21.0,3.0910425,0.3812636,1562,0.017142857142857147,False,2,4,10,12,B_cells,B_cells,Naive_B,0
ATGGAGGCAGCTCCTT-1,s1d1,1838,7.516977224604321,6831.0,8.829372,43.08300395256917,58.43946713511931,68.71614697701655,79.1684965598009,854.0,6.7511015,12.50183,2337.0,7.757051,34.211685,16.0,2.8332133,0.23422632,1838,0.22316865417376477,False,2,13,16,33,B_cells,B_cells,Naive_B,0
ATGGAGGGTAAGCGGT-1,s1d1,2383,7.776535028185241,6775.0,8.821142,28.915129151291513,41.859778597785976,53.653136531365305,67.27675276752767,221.0,5.4026775,3.2619927,1749.0,7.467371,25.815498,33.0,3.5263605,0.48708487,2381,0.028985507246376812,False,2,9,13,15,B_cells,B_cells,B_cell,1
ATGGAGGGTACGATTC-1,s1d1,1373,7.2254814727822945,5166.0,8.550048,42.953929539295395,60.91753774680604,72.18350754936121,83.10104529616724,312.0,5.7462034,6.0394893,2377.0,7.774015,46.01239,24.0,3.218876,0.46457607,1373,0.1951588502269289,False,2,4,10,36,B_cells,B_cells,Naive_B,0
ATGGAGGTCGCTCCTA-1,s1d1,1632,7.398174092970465,5053.0,8.527935,37.52226400158322,53.27528201068672,64.19948545418563,77.08292103700772,463.0,6.1398845,9.162874,1641.0,7.4036703,32.475758,25.0,3.2580965,0.49475557,1632,0.017639902676399026,False,2,13,16,23,B_cells,B_cells,Naive_B,0
ATGGATCTCCGACATA-1,s1d1,1250,7.1316985104669115,3599.0,8.188689,37.89941650458461,53.59822172825785,65.60155598777439,79.16087802167269,282.0,5.645447,7.83551,1183.0,7.076654,32.870243,13.0,2.6390574,0.36121145,1250,0.013121924548933845,False,2,4,10,12,B_cells,B_cells,Naive_B,0
ATGGGTTGTCCTACAA-1,s1d1,385,5.955837369464831,1186.0,7.0791845,71.24789207419899,75.96964586846543,84.40134907251264,100.0,585.0,6.3733196,49.325462,25.0,3.2580965,2.1079257,10.0,2.3978953,0.8431703,385,0.01618122977346279,False,2,4,2,2,B_cells,B_cells,Naive_B,0
ATGTCCCAGGCAGGGA-1,s1d1,1816,7.504942068396171,6023.0,8.703506,41.125684874647185,55.487298688361285,65.81437821683546,77.3202722895567,607.0,6.410175,10.078034,1893.0,7.5464463,31.42952,26.0,3.295837,0.4316786,1815,0.02599277978339351,False,2,13,16,23,B_cells,B_cells,Naive_B,0
ATGTCCCGTCAGTCTA-1,s1d1,1908,7.554334823725748,6119.0,8.719317,37.04853734270306,53.08056872037915,63.36002614806341,75.12665468213761,573.0,6.352629,9.364275,1983.0,7.59287,32.407257,19.0,2.9957323,0.31050825,1906,0.0314615690959777,False,2,4,10,12,B_cells,B_cells,Naive_B,0
ATGTCCCGTTGCGGCT-1,s1d1,1885,7.542213463193403,5890.0,8.681181,39.52461799660442,53.3786078098472,63.90492359932088,75.53480475382003,493.0,6.2025356,8.370118,1858.0,7.527794,31.544992,18.0,2.944439,0.30560273,1885,0.028206092515983452,False,2,13,16,23,B_cells,B_cells,Naive_B,0
ATTACCTGTGGCTAGA-1,s1d1,914,6.818924065275521,2381.0,7.775696,56.78286434271315,61.7387652246955,70.01259974800504,82.61234775304493,769.0,6.6463904,32.297356,57.0,4.060443,2.3939521,18.0,2.944439,0.7559849,913,0.02330363262508568,False,2,4,2,2,B_cells,B_cells,Naive_B,0
ATTACTCCATCGCTCT-1,s1d1,2013,7.607878073278507,6317.0,8.751158,35.83979737217034,50.68861801488048,61.80148804812411,74.06996992243154,391.0,5.971262,6.1896467,2025.0,7.6138186,32.056355,26.0,3.295837,0.41158777,2013,0.027448071216617215,False,2,13,16,23,B_cells,B_cells,Naive_B,0
ATTACTCGTTACCCTC-1,s1d1,920,6.825460036255307,1984.0,7.5933743,49.44556451612903,54.63709677419355,63.70967741935484,78.83064516129032,460.0,6.133398,23.185484,50.0,3.9318256,2.5201614,23.0,3.1780539,1.1592742,919,0.028206092515983452,False,2,4,2,2,B_cells,B_cells,Naive_B,0
ATTATCCAGTAACCTC-1,s1d1,1076,6.981934677156389,2420.0,7.791936,48.553719008264466,53.96694214876033,62.231404958677686,76.19834710743801,714.0,6.572283,29.504131,33.0,3.5263605,1.3636364,17.0,2.8903718,0.70247936,1075,0.010116337885685384,False,2,4,2,2,B_cells,B_cells,Naive_B,0
ATTATCCTCGTCCTTG-1,s1d1,372,5.921578419643816,926.0,6.8319535,64.57883369330453,70.62634989200865,81.42548596112312,100.0,447.0,6.104793,48.27214,20.0,3.0445225,2.1598272,20.0,3.0445225,2.1598272,372,0.012719891745602164,False,2,4,2,2,B_cells,B_cells,Naive_B,0
ATTCACTAGGCGTTAG-1,s1d1,1637,7.401231264413015,5374.0,8.589514,37.79307778191291,53.46110904354299,65.37030145143282,78.06103461109043,455.0,6.122493,8.466692,1810.0,7.5016346,33.680683,20.0,3.0445225,0.37216225,1637,0.014814814814814819,False,2,13,16,23,B_cells,B_cells,Naive_B,0
ATTCACTCAGCACAAG-1,s1d1,2693,7.898782356970309,7610.0,8.93735,30.223390275952696,39.25098554533509,49.31668856767411,63.53482260183968,305.0,5.723585,4.0078845,1078.0,6.98379,14.165571,37.0,3.637586,0.48620236,2691,0.033237587197373825,False,2,9,13,15,B_cells,B_cells,B_cell,1
ATTCATCGTTGTTGAC-1,s1d1,963,6.871091294610546,1887.0,7.5432734,41.547429782723896,48.27768945416005,58.87652358240594,75.46369899311077,438.0,6.0844994,23.211447,91.0,4.5217886,4.8224697,10.0,2.3978953,0.5299417,963,0.01046719428133776,False,2,4,2,2,B_cells,B_cells,Naive_B,0
ATTCCATGTCAAAGAT-1,s1d1,1749,7.4673710669175595,4602.0,8.4344635,35.832246849196004,47.392438070404175,57.80095610604086,72.35984354628422,292.0,5.6801724,6.345067,987.0,6.895683,21.447197,20.0,3.0445225,0.43459368,1749,0.03611349957007739,False,2,9,13,15,B_cells,B_cells,B_cell,1
ATTCCATTCTTGCAAG-1,s1d1,2206,7.699389406256737,7027.0,8.857657,36.359755229827805,49.793653052511736,60.0683079550306,71.80873772591433,628.0,6.4441314,8.936957,1952.0,7.5771217,27.778568,30.0,3.4339871,0.42692474,2204,0.07510431154381082,False,2,13,16,23,B_cells,B_cells,Naive_B,0
ATTCCTAGTGACCTGC-1,s1d1,1767,7.477604243197589,5547.0,8.621193,38.254912565350644,53.29006670272219,63.69208581215071,75.86082567153416,523.0,6.261492,9.42852,1685.0,7.4301143,30.37678,26.0,3.295837,0.46872184,1766,0.024613220815752467,False,2,13,16,23,B_cells,B_cells,Naive_B,0
ATTCCTATCTTGTGCC-1,s1d1,1605,7.381501894506707,4552.0,8.423542,36.09402460456942,50.72495606326889,61.44551845342706,75.72495606326889,320.0,5.771441,7.0298767,1334.0,7.1966867,29.305801,12.0,2.5649493,0.26362038,1604,0.02087410306588389,False,2,4,10,12,B_cells,B_cells,Naive_B,0
ATTCTACCAGAGCCCT-1,s1d1,1920,7.560601162768557,6798.0,8.824531,40.57075610473669,56.92850838481907,66.97558105325095,77.59635186819654,488.0,6.1923623,7.178582,2542.0,7.8410997,37.393353,13.0,2.6390574,0.19123271,1920,0.017142857142857147,False,2,4,10,12,B_cells,B_cells,Naive_B,0
ATTCTACTCAAACCCA-1,s1d1,2123,7.66105638236183,6083.0,8.713418,32.28670064113102,45.84908762123952,56.929146802564524,70.03123458819661,387.0,5.961005,6.361993,1749.0,7.467371,28.752262,22.0,3.1354942,0.36166367,2121,0.02599277978339351,False,2,4,10,12,B_cells,B_cells,Naive_B,0
ATTCTTGCAAGAGTAT-1,s1d1,1389,7.237059026124737,4123.0,8.324579,40.91680814940577,56.754790201309724,66.723259762309,78.43803056027164,205.0,5.327876,4.972108,1588.0,7.37086,38.515644,14.0,2.7080503,0.33955857,1388,0.024613220815752467,False,2,4,10,12,B_cells,B_cells,Naive_B,0
ATTCTTGCAATTGCTG-1,s1d1,1716,7.448333860897476,6489.0,8.778018,42.47187548158422,59.28494375096317,69.7950377562028,80.7674526121128,437.0,6.082219,6.734474,2575.0,7.853993,39.68254,12.0,2.5649493,0.18492833,1716,0.014378347899633496,False,2,4,10,12,B_cells,B_cells,Naive_B,0
ATTCTTGTCATTACTC-1,s1d1,1264,7.142827401161621,4318.0,8.370779,41.709124594719775,59.935155164427975,70.37980546549328,82.30662343677628,428.0,6.061457,9.911996,1741.0,7.462789,40.31959,16.0,2.8332133,0.3705419,1264,0.01571594877764843,False,2,4,10,12,B_cells,B_cells,Naive_B,0
ATTGTTCCATGGCCAC-1,s1d1,1425,7.262628600974241,4350.0,8.378161,38.252873563218394,54.18390804597701,65.47126436781609,78.73563218390804,249.0,5.521461,5.7241383,1550.0,7.3466554,35.632183,21.0,3.0910425,0.4827586,1425,0.03512484130342784,False,2,13,16,23,B_cells,B_cells,Naive_B,0
ATTTACCGTTCCGCAG-1,s1d1,1997,7.599901959208498,6135.0,8.721929,35.94132029339853,51.9641401792991,61.972290138549305,73.83863080684596,306.0,5.7268476,4.9877753,2163.0,7.6797137,35.25672,17.0,2.8903718,0.27709863,1997,0.02145922746781116,False,2,13,16,23,B_cells,B_cells,Naive_B,0
ATTTCTGCAATAGTCC-1,s1d1,672,6.511745329644728,1300.0,7.1708884,47.07692307692308,54.769230769230774,63.69230769230769,86.76923076923076,368.0,5.9107966,28.307692,54.0,4.0073333,4.1538463,21.0,3.0910425,1.6153846,672,0.03713411970292704,False,2,9,13,15,B_cells,B_cells,B_cell,1
ATTTCTGTCCATCACC-1,s1d1,2214,7.703007682479236,7911.0,8.976136,38.80672481355075,53.25496144608772,63.87308810517002,74.84515231955505,511.0,6.2383246,6.4593606,2511.0,7.8288345,31.740614,21.0,3.0910425,0.26545316,2214,0.06346272335181764,False,2,13,16,33,B_cells,B_cells,Naive_B,0
CAAAGAAAGGCATCGA-1,s1d1,1900,7.550135342488429,7858.0,8.969415,43.10257062865869,59.56986510562484,70.27233392720794,79.9949096462204,780.0,6.6605754,9.92619,3038.0,8.019284,38.661236,21.0,3.0910425,0.26724356,1900,0.03927765237020317,False,2,13,16,33,B_cells,B_cells,Naive_B,0
CAAAGAACACGTGTGC-1,s1d1,1792,7.491645473605133,5152.0,8.547335,37.88819875776397,52.42624223602485,62.34472049689441,74.9223602484472,245.0,5.5053315,4.755435,1937.0,7.5694118,37.59705,16.0,2.8332133,0.310559,1792,0.2592592592592592,True,2,13,16,12,B_cells,B_cells,Naive_B,0
CAAAGAAGTCGACTTA-1,s1d1,1610,7.384610383176974,5218.0,8.560061,38.17554618627827,54.40781908777309,65.98313530088157,78.72748179379072,412.0,6.0234475,7.8957453,1768.0,7.47817,33.882713,16.0,2.8332133,0.3066309,1610,0.014814814814814819,False,2,13,16,23,B_cells,B_cells,Naive_B,0
CAAAGAATCCTGGGTG-1,s1d1,406,6.008813185442595,947.0,6.8543544,61.66842661034847,67.68743400211193,78.24709609292503,100.0,415.0,6.0306854,43.822598,32.0,3.4965076,3.379092,10.0,2.3978953,1.0559663,406,0.044025157232704414,False,2,4,2,2,B_cells,B_cells,Naive_B,0
CAACAACAGGTTATAG-1,s1d1,1659,7.414572881350589,6655.0,8.803274,44.898572501878284,62.945154019534186,73.10293012772352,82.58452291510143,605.0,6.40688,9.090909,2835.0,7.95015,42.59955,15.0,2.7725887,0.22539443,1659,0.02395001735508504,False,2,13,16,23,B_cells,B_cells,Naive_B,0
CAACAACCACTTGTGA-1,s1d1,2408,7.786967002614872,6289.0,8.7467165,30.116075687708697,40.387979010971534,50.91429480044523,64.66846875496898,339.0,5.8289456,5.390364,1064.0,6.9707303,16.91843,37.0,3.637586,0.58832884,2408,0.01866832607342875,False,2,13,16,23,B_cells,B_cells,Naive_B,0
CAACAACGTATGTGTC-1,s1d1,1879,7.539027055823995,5905.0,8.683724,37.290431837425906,52.58255715495343,63.13293818797629,75.02116850127011,469.0,6.152733,7.942422,1924.0,7.562681,32.582558,37.0,3.637586,0.6265876,1879,0.028985507246376812,False,2,13,16,23,B_cells,B_cells,Naive_B,0
CAACAACTCGTTCAGA-1,s1d1,1151,7.049254841255837,2161.0,7.678789,36.41832484960666,43.08190652475706,52.33688107357705,69.87505784359092,308.0,5.733341,14.252661,173.0,5.159055,8.005552,19.0,2.9957323,0.87922263,1151,0.013121924548933845,False,2,4,2,2,B_cells,B_cells,Naive_B,0
CAACAGTCAGGGTCTC-1,s1d1,1603,7.38025578842646,4284.0,8.362876,35.78431372549019,48.62278244631186,59.12698412698413,74.20634920634922,339.0,5.8289456,7.9131656,969.0,6.877296,22.619047,9.0,2.3025851,0.21008405,1603,0.029787234042553193,False,2,9,13,15,B_cells,B_cells,B_cell,0
CAACCAATCCATTCAT-1,s1d1,532,6.278521424165844,1154.0,7.0518556,55.11265164644714,62.56499133448874,71.23050259965338,97.22703639514731,416.0,6.0330863,36.048527,20.0,3.0445225,1.7331023,13.0,2.6390574,1.1265165,531,0.011560693641618498,False,2,4,2,2,B_cells,B_cells,Naive_B,0
CAACCTCAGACGGAAA-1,s1d1,1664,7.417580402414544,4783.0,8.473032,35.70980556136316,51.07673008572026,62.11582688689107,75.66380932469161,408.0,6.0137153,8.530211,1427.0,7.26403,29.834831,22.0,3.1354942,0.4599624,1664,0.027448071216617215,False,2,13,16,23,B_cells,B_cells,Naive_B,0
CAACCTCCAGAGAGGG-1,s1d1,1633,7.3987862754199485,4600.0,8.434029,35.15217391304348,49.56521739130435,60.58695652173913,75.0,353.0,5.869297,7.673913,1278.0,7.153834,27.78261,17.0,2.8903718,0.36956522,1633,0.020302932645826624,False,2,13,16,23,B_cells,B_cells,Naive_B,0
CAACCTCTCCGATGCG-1,s1d1,1794,7.492760300922379,5879.0,8.679312,38.61200884504167,54.20989964279639,64.85796904235414,76.9348528661337,457.0,6.126869,7.773431,1865.0,7.5315523,31.723082,20.0,3.0445225,0.3401939,1793,0.022673434856175977,False,2,13,16,23,B_cells,B_cells,Naive_B,0
CAACGGCCACGCACCA-1,s1d1,2288,7.735870319952567,8681.0,9.069007,40.31793572169105,55.45444073263449,65.96014284068656,76.1317820527589,650.0,6.47851,7.4876165,2965.0,7.9949694,34.15505,19.0,2.9957323,0.21886879,2288,0.025293908086925547,False,2,4,10,12,B_cells,B_cells,Naive_B,0
CAACGGCTCTATTGTC-1,s1d1,841,6.7357800142423265,2534.0,7.837949,63.57537490134175,68.31097079715865,74.70402525651144,86.54301499605367,941.0,6.8480053,37.134964,87.0,4.477337,3.433307,16.0,2.8332133,0.63141274,841,0.11048689138576782,False,2,4,2,2,B_cells,B_cells,Naive_B,0
CAAGACTAGGTCTGGA-1,s1d1,2233,7.711548979629146,7783.0,8.9598255,35.410510086085054,51.12424514968521,62.739303610433,74.39290761916999,554.0,6.3189683,7.1180778,2467.0,7.8111634,31.697289,18.0,2.944439,0.2312733,2232,0.04805725971370142,False,2,4,10,12,B_cells,B_cells,Naive_B,0
CAAGACTGTAGCGAGT-1,s1d1,1662,7.416378479192928,5554.0,8.622454,38.89088944904574,55.653583003240904,66.70867842996039,78.86208138278718,385.0,5.9558372,6.931941,2007.0,7.6048946,36.136116,11.0,2.4849067,0.19805546,1662,0.014814814814814819,False,2,4,10,12,B_cells,B_cells,Naive_B,0
CAAGACTGTGTTCCTC-1,s1d1,1695,7.4360278163518485,5678.0,8.64453,39.48573441352589,56.69249735822473,66.8016907361747,78.83057414582599,305.0,5.723585,5.3716097,2163.0,7.6797137,38.0944,13.0,2.6390574,0.22895385,1695,0.032336297493936954,False,2,4,10,12,B_cells,B_cells,Naive_B,0
CAAGAGGCATGCTGCG-1,s1d1,508,6.2324480165505225,1426.0,7.2633295,64.30575035063114,71.31837307152875,78.40112201963534,99.4389901823282,644.0,6.46925,45.16129,81.0,4.406719,5.6802244,12.0,2.5649493,0.84151477,508,0.01866832607342875,False,2,4,10,12,B_cells,B_cells,Naive_B,0
CAAGGGAGTCGCATTA-1,s1d1,805,6.692083742506628,1747.0,7.4662275,51.57412707498569,57.298225529479105,65.36920435031483,82.54149971379508,627.0,6.44254,35.890095,58.0,4.0775375,3.3199773,27.0,3.3322046,1.5455066,804,0.024613220815752467,False,2,4,2,2,B_cells,B_cells,Naive_B,0
CAATACGTCTACACAG-1,s1d1,1260,7.13966033596492,3833.0,8.251664,36.9945212627185,54.500391338377256,67.41455778763371,80.17218888599008,255.0,5.5451775,6.6527524,1403.0,7.247081,36.603184,14.0,2.7080503,0.36524916,1260,0.00910209102091021,False,2,4,10,12,B_cells,B_cells,Naive_B,0
CAATCGATCAGACAAA-1,s1d1,896,6.799055862058796,1691.0,7.4336667,40.86339444115908,47.78237729154347,58.840922531046715,76.581904198699,378.0,5.9375362,22.353638,85.0,4.454347,5.0266113,19.0,2.9957323,1.1235955,896,0.04040404040404041,False,2,4,2,2,B_cells,B_cells,Naive_B,0
CAATTTCGTACTCCGG-1,s1d1,698,6.54965074223381,1613.0,7.386471,54.80471171729696,61.004339739615624,69.12585244885307,87.72473651580906,576.0,6.3578424,35.709858,41.0,3.7376697,2.5418475,15.0,2.7725887,0.9299442,698,0.009433962264150943,False,2,4,2,2,B_cells,B_cells,Naive_B,0
CAATTTCTCCTAGCGG-1,s1d1,1752,7.469083884921234,5768.0,8.6602545,40.13522884882108,55.842579750346744,66.7128987517337,77.999306518724,515.0,6.2461066,8.928572,2002.0,7.6024013,34.70874,16.0,2.8332133,0.2773925,1752,0.02395001735508504,False,2,13,16,23,B_cells,B_cells,Naive_B,0
CACACAAAGGACCCAA-1,s1d1,2059,7.630461261783627,6905.0,8.840146,36.20564808110065,52.599565532223025,63.43229543808834,74.88776249094859,449.0,6.1092477,6.5025344,2414.0,7.7894545,34.960175,31.0,3.465736,0.44895005,2057,0.02145922746781116,False,2,13,16,23,B_cells,B_cells,Naive_B,0
CACACAAGTATTGGCT-1,s1d1,1931,7.566311014772463,5217.0,8.55987,45.77343300747556,51.04466168295956,58.11769216024535,70.96032202415181,1389.0,7.237059,26.624498,332.0,5.8081427,6.3638105,33.0,3.5263605,0.63254744,1930,0.034166666666666665,False,2,4,2,2,B_cells,B_cells,Naive_B,0
CACACAATCTTACCAT-1,s1d1,1111,7.013915474810528,1998.0,7.6004024,36.786786786786784,43.493493493493496,53.5035035035035,69.41941941941941,343.0,5.8406415,17.167168,58.0,4.0775375,2.9029028,11.0,2.4849067,0.5505505,1111,0.012325830653804931,False,2,4,2,2,B_cells,B_cells,Naive_B,0
CACAGATAGATACGAT-1,s1d1,1698,7.4377951216719325,5311.0,8.5777235,38.297872340425535,53.92581434758049,64.16870645829411,76.8593485219356,437.0,6.082219,8.228206,1771.0,7.479864,33.345886,13.0,2.6390574,0.244775,1698,0.027448071216617215,False,2,4,10,12,B_cells,B_cells,Naive_B,0
CACAGATCAATGCAGG-1,s1d1,1234,7.118826249062078,4881.0,8.49331,45.25711944273714,64.82278221675885,74.92317148125383,84.9620979307519,458.0,6.1290503,9.383323,2241.0,7.7151237,45.912724,7.0,2.0794415,0.14341323,1234,0.012325830653804931,False,2,13,16,23,B_cells,B_cells,Naive_B,0
CACAGGCCAAGAGTTA-1,s1d1,1847,7.521859252201629,6585.0,8.792702,46.48443432042521,59.54441913439636,68.67122247532271,78.99772209567199,1079.0,6.9847164,16.385725,1881.0,7.5400906,28.56492,12.0,2.5649493,0.18223234,1846,0.01866832607342875,False,2,13,16,23,B_cells,B_cells,Naive_B,0
CACCAAAAGGGTCAAC-1,s1d1,841,6.7357800142423265,1856.0,7.5267177,48.22198275862069,55.172413793103445,65.46336206896551,81.6271551724138,443.0,6.0958247,23.868534,96.0,4.574711,5.172414,15.0,2.7725887,0.80818963,841,0.02330363262508568,False,2,4,2,2,B_cells,B_cells,Naive_B,0
CACCAAATCTATTTCG-1,s1d1,1036,6.9440872082295275,2225.0,7.7079616,48.04494382022472,53.123595505617985,62.112359550561806,75.91011235955057,681.0,6.5250297,30.60674,54.0,4.0073333,2.4269662,16.0,2.8332133,0.71910113,1035,0.02205882352941177,False,2,4,10,12,B_cells,B_cells,Naive_B,0
CACCGTTGTTAGGGTG-1,s1d1,379,5.940171252720432,914.0,6.818924,62.910284463894975,69.47483588621444,80.41575492341356,100.0,423.0,6.0497336,46.280087,76.0,4.3438053,8.315098,10.0,2.3978953,1.0940919,379,0.02395001735508504,False,2,4,2,2,B_cells,B_cells,Naive_B,0
CACGAATCAACACACT-1,s1d1,3391,8.129174996911793,12357.0,9.422059,33.5680181273772,46.11151574006636,56.688516630250064,67.68633163389171,651.0,6.4800444,5.268269,2727.0,7.911324,22.068462,30.0,3.4339871,0.24277738,3390,0.4776632302405488,True,2,4,10,36,B_cells,B_cells,Naive_B,0
CACGAATCATCTAACG-1,s1d1,1277,7.15305163493748,2915.0,7.977968,41.74957118353345,49.74271012006861,58.59348198970841,73.34476843910807,579.0,6.363028,19.862778,402.0,5.9989367,13.790737,25.0,3.2580965,0.8576329,1275,0.011560693641618498,False,2,13,16,23,B_cells,B_cells,Naive_B,0
CACGAATTCGTAACAC-1,s1d1,2277,7.731053144007127,9058.0,9.111514,37.95539854272466,54.559505409582684,66.31706778538309,76.93751379995584,621.0,6.43294,6.855818,3175.0,8.063377,35.051888,20.0,3.0445225,0.22079928,2276,0.01571594877764843,False,2,4,10,12,B_cells,B_cells,Naive_B,0
CACGGGTAGGCCCACT-1,s1d1,1485,7.303843225277705,6292.0,8.747193,44.35791481246027,63.82708200890019,74.06230133502861,84.34520025429116,480.0,6.175867,7.628735,2996.0,8.005367,47.61602,15.0,2.7725887,0.23839797,1485,0.011560693641618498,False,2,4,10,12,B_cells,B_cells,Naive_B,0
CACGTGGGTTAAGGAT-1,s1d1,2055,7.628517626575055,5638.0,8.637462,33.30968428520752,44.82085846044696,55.39198297268535,69.12025540971976,442.0,6.0935698,7.8396597,1325.0,7.1899223,23.501242,23.0,3.1780539,0.40794605,2054,0.032336297493936954,False,2,13,16,23,B_cells,B_cells,Naive_B,0
CACGTTCGTCCACACG-1,s1d1,1300,7.170888478512505,4779.0,8.472196,45.0721908349027,64.21845574387947,73.59280184138942,83.26009625444654,317.0,5.7620516,6.6331873,2385.0,7.777374,49.905838,13.0,2.6390574,0.27202344,1300,0.012719891745602164,False,2,13,16,23,B_cells,B_cells,Naive_B,0
CACTAAGGTTCGCGTG-1,s1d1,709,6.565264970035361,1515.0,7.3238306,49.04290429042904,56.10561056105611,66.4026402640264,86.2046204620462,348.0,5.855072,22.970297,41.0,3.7376697,2.7062707,15.0,2.7725887,0.990099,708,0.01571594877764843,False,2,4,2,2,B_cells,B_cells,Naive_B,0
CACTAAGTCTATGCCC-1,s1d1,1192,7.084226422097916,2874.0,7.963808,51.00904662491301,55.94989561586638,62.908837856645796,75.92205984690327,811.0,6.6995006,28.218512,82.0,4.4188404,2.8531663,26.0,3.295837,0.90466255,1192,0.04666332162568991,False,2,4,2,2,B_cells,B_cells,Naive_B,0
CACTGAATCTTGGTCC-1,s1d1,1839,7.517520850603031,5875.0,8.678632,37.97446808510638,53.92340425531915,64.10212765957446,75.64255319148936,467.0,6.1484685,7.9489365,1900.0,7.550135,32.340424,21.0,3.0910425,0.35744682,1839,0.02087410306588389,False,2,4,10,12,B_cells,B_cells,Naive_B,0
CACTGGGGTCGCTGCA-1,s1d1,3090,8.036249942132116,11843.0,9.379577,34.78848264797771,47.75816938275775,58.73511779110024,70.26091361985983,1303.0,7.1731915,11.00228,3112.0,8.043343,26.277124,28.0,3.3672957,0.23642658,3087,0.03512484130342784,False,2,4,10,12,B_cells,B_cells,Naive_B,0
CACTGTCAGCTGCCTG-1,s1d1,3625,8.195885391314796,14748.0,9.59893,35.33360455655004,49.33550311906699,59.35042039598589,69.88744236506645,1082.0,6.98749,7.3365884,4341.0,8.37609,29.4345,53.0,3.988984,0.35937077,3622,0.33830845771144274,True,2,4,10,36,B_cells,B_cells,Naive_B,0
CACTGTCCAGGTCTCG-1,s1d1,1627,7.395107546562485,5098.0,8.536799,40.80031384856807,54.746959591996855,64.966653589643,77.89329148685759,401.0,5.9964523,7.86583,1595.0,7.3752556,31.28678,18.0,2.944439,0.35307965,1627,0.01920050361976708,False,2,13,16,33,B_cells,B_cells,Naive_B,0
CACTGTCTCACCTCGT-1,s1d1,698,6.54965074223381,1463.0,7.2889276,50.17088174982912,57.00615174299385,65.96035543403964,86.46616541353383,482.0,6.1800165,32.946003,28.0,3.3672957,1.9138756,8.0,2.1972246,0.5468216,697,0.013121924548933845,False,2,4,2,2,B_cells,B_cells,Naive_B,0
CACTTCGCAGAACATA-1,s1d1,1178,7.072421900537371,2997.0,8.005701,49.74974974974975,55.55555555555556,63.39673006339673,77.37737737737737,674.0,6.514713,22.489157,100.0,4.6151204,3.33667,17.0,2.8903718,0.56723386,1178,0.044025157232704414,False,2,4,2,2,B_cells,B_cells,Naive_B,0
CAGAGCCCAGAACCGA-1,s1d1,1218,7.105786129481271,4680.0,8.451267,48.91025641025641,66.36752136752136,75.08547008547009,84.65811965811966,468.0,6.150603,10.0,2240.0,7.7146773,47.863247,11.0,2.4849067,0.23504275,1218,0.01866832607342875,False,2,13,16,23,B_cells,B_cells,Naive_B,0
CAGATCACACGACGCT-1,s1d1,473,6.161207321695077,1072.0,6.978214,59.42164179104478,65.20522388059702,74.53358208955224,100.0,454.0,6.1202974,42.350746,26.0,3.295837,2.425373,4.0,1.609438,0.37313432,473,0.033237587197373825,False,2,4,2,2,B_cells,B_cells,Naive_B,0
CAGATCAGTTGGGCCT-1,s1d1,1680,7.427144133408616,4704.0,8.456381,34.03486394557823,48.2780612244898,60.35289115646258,74.46853741496598,398.0,5.988961,8.460884,1277.0,7.153052,27.147108,20.0,3.0445225,0.4251701,1680,0.02087410306588389,False,2,13,16,23,B_cells,B_cells,Naive_B,0
CAGCAATTCGTCCTCA-1,s1d1,3518,8.165932137321585,15190.0,9.628458,37.55760368663594,51.63265306122449,61.74456879526004,71.8564845292956,801.0,6.6871085,5.273206,4793.0,8.475121,31.553654,40.0,3.713572,0.26333115,3517,0.33830845771144274,True,2,4,10,12,B_cells,B_cells,Naive_B,0
CAGCAATTCTGCCTCA-1,s1d1,2110,7.65491704784832,7715.0,8.951052,39.857420609202855,55.981853532080365,66.24756966947504,76.43551523007129,714.0,6.572283,9.254699,2641.0,7.8792915,34.232014,33.0,3.5263605,0.42773816,2109,0.02599277978339351,False,2,13,16,23,B_cells,B_cells,Naive_B,0
CAGCACGCAAGAATGT-1,s1d1,1688,7.4318919168078,6422.0,8.767641,43.273123637496106,60.40174400498287,70.33634381812519,80.90937402678293,604.0,6.4052286,9.4051695,2531.0,7.836765,39.4114,11.0,2.4849067,0.17128621,1688,0.01618122977346279,False,2,13,16,23,B_cells,B_cells,Naive_B,0
CAGCAGCAGAGAGAAC-1,s1d1,1769,7.478734825567875,5919.0,8.686091,39.077546882919414,55.8371346511235,66.53150870079405,78.0199357999662,365.0,5.902633,6.166582,2196.0,7.694848,37.10086,21.0,3.0910425,0.35478967,1768,0.01571594877764843,False,2,13,16,23,B_cells,B_cells,Naive_B,0
CAGCAGCGTCCCGTGA-1,s1d1,1028,6.9363427358340495,3403.0,8.132707,43.079635615633265,61.79841316485454,72.96503085512784,84.48427857772553,350.0,5.8607864,10.285043,1423.0,7.261225,41.816044,21.0,3.0910425,0.6171025,1028,0.012719891745602164,False,2,4,10,12,B_cells,B_cells,Naive_B,0
CAGCCAGCAGACCTAT-1,s1d1,542,6.297109319933935,1192.0,7.0842266,55.11744966442953,62.91946308724832,71.30872483221476,96.47651006711409,433.0,6.073045,36.3255,42.0,3.7612002,3.52349,13.0,2.6390574,1.0906041,542,0.019745222929936305,False,2,4,2,2,B_cells,B_cells,Naive_B,0
CAGCCAGGTCCCTGAG-1,s1d1,3485,8.156510226079966,12039.0,9.395989,32.35318548052164,45.98388570479276,55.54448043857463,66.54207160063127,682.0,6.526495,5.664922,3630.0,8.197264,30.152004,40.0,3.713572,0.33225352,3482,0.28151260504201703,True,2,9,13,15,B_cells,B_cells,B_cell,1
CAGCCAGGTGAGTAGC-1,s1d1,1191,7.083387847625295,2362.0,7.7676873,39.03471634208298,45.76629974597798,54.65707027942421,70.74513124470786,459.0,6.1312265,19.432684,124.0,4.828314,5.2497883,22.0,3.1354942,0.931414,1190,0.02599277978339351,False,2,4,16,2,B_cells,B_cells,Naive_B,0
CAGCCAGTCACTGTTT-1,s1d1,1577,7.363913501405819,4389.0,8.387085,35.31556163135111,50.42150831624516,61.33515607199818,75.46138072453861,293.0,5.68358,6.675781,1256.0,7.136483,28.616997,6.0,1.9459102,0.1367054,1577,0.015260581629714942,False,2,13,16,23,B_cells,B_cells,Naive_B,0
CAGGCCAGTTTACTTC-1,s1d1,1834,7.51479976048867,6573.0,8.790877,38.90156701658299,55.63669557279781,66.65145291343374,78.07698159135859,505.0,6.2265368,7.6829457,2475.0,7.8143997,37.654037,20.0,3.0445225,0.30427507,1834,0.024613220815752467,False,2,13,16,23,B_cells,B_cells,Naive_B,0
CAGGGCTCAGCAGAAC-1,s1d1,1601,7.379008127628304,6228.0,8.736971,44.04303147077713,62.058445728965964,72.0616570327553,82.32177263969172,533.0,6.280396,8.558125,2702.0,7.9021177,43.384712,20.0,3.0445225,0.3211304,1601,0.02330363262508568,False,2,13,16,23,B_cells,B_cells,Naive_B,0
CAGGTATCAGAGGGTT-1,s1d1,1128,7.029087564149662,2655.0,7.8845763,50.50847457627119,55.78154425612053,63.31450094161959,76.34651600753295,813.0,6.7019606,30.62147,39.0,3.6888795,1.4689265,27.0,3.3322046,1.0169492,1126,0.013121924548933845,False,2,4,2,2,B_cells,B_cells,Naive_B,0
CAGTGCGAGGTTCCGC-1,s1d1,1059,6.966024187106113,3930.0,8.276649,43.74045801526717,63.8676844783715,75.41984732824427,85.7760814249364,303.0,5.7170277,7.7099233,1823.0,7.508787,46.38677,8.0,2.1972246,0.20356235,1059,0.011560693641618498,False,2,13,16,23,B_cells,B_cells,Naive_B,0
CAGTGCGCAGATCATC-1,s1d1,960,6.8679744089702925,2275.0,7.730175,49.582417582417584,56.61538461538461,65.53846153846153,79.78021978021978,582.0,6.3681874,25.582418,197.0,5.288267,8.659341,17.0,2.8903718,0.74725276,960,0.032336297493936954,False,2,4,10,12,B_cells,B_cells,Naive_B,0
CAGTTAGAGAGCTGAC-1,s1d1,1902,7.551186867296149,6865.0,8.834337,40.961398397669335,56.56227239621268,67.21048798252002,78.29570284049527,774.0,6.652863,11.274581,2175.0,7.6852436,31.682447,22.0,3.1354942,0.32046613,1902,0.049504950495049514,False,2,13,16,33,B_cells,B_cells,Naive_B,0
CATAAGCCAGTTAAAG-1,s1d1,1006,6.914730892718563,2318.0,7.7488914,49.654874892148406,55.43572044866264,64.06384814495254,78.17083692838655,650.0,6.47851,28.041416,94.0,4.553877,4.0552197,17.0,2.8903718,0.73339087,1006,0.013532173432753385,False,2,4,2,2,B_cells,B_cells,Naive_B,0
CATAAGCCATTGGGAG-1,s1d1,1691,7.433666540166168,5715.0,8.651025,44.26946631671041,59.21259842519685,68.32895888013998,79.16010498687665,700.0,6.552508,12.248469,2074.0,7.6377163,36.290462,36.0,3.6109178,0.62992126,1689,0.02395001735508504,False,2,13,16,23,B_cells,B_cells,Naive_B,0
CATACAGGTTAGAGTA-1,s1d1,937,6.843749949006225,2191.0,7.6925697,47.69511638521223,55.499771793701505,65.13007759014148,80.05476951163853,594.0,6.3885612,27.110907,261.0,5.5683446,11.912369,11.0,2.4849067,0.50205386,937,0.09754028837998303,False,2,4,10,12,B_cells,B_cells,Naive_B,0
CATACAGTCCAGCAAT-1,s1d1,2997,8.005700678662542,13400.0,9.503084,41.3134328358209,57.06716417910448,66.45522388059702,75.73880597014926,868.0,6.767343,6.4776125,5112.0,8.539541,38.149254,23.0,3.1780539,0.1716418,2997,0.2592592592592592,True,2,4,10,12,B_cells,B_cells,Naive_B,0
CATACCCTCTCATAGG-1,s1d1,1678,7.425953657077541,4488.0,8.409386,35.8065953654189,49.71033868092692,60.29411764705882,73.75222816399287,314.0,5.7525725,6.996435,1362.0,7.2174435,30.347595,18.0,2.944439,0.4010695,1678,0.02205882352941177,False,2,13,16,23,B_cells,B_cells,Naive_B,0
CATACTTGTGCAGGAT-1,s1d1,1143,7.042286171939743,4597.0,8.433376,47.46573852512508,65.58625190341527,75.83206438981944,86.01261692408092,500.0,6.216606,10.876658,1987.0,7.5948844,43.223843,12.0,2.5649493,0.2610398,1143,0.010116337885685384,False,2,13,16,23,B_cells,B_cells,Naive_B,0
CATAGACAGATTCGAA-1,s1d1,1548,7.3453648404168685,5726.0,8.652947,45.09256025148446,61.03737338456165,71.34125043660497,81.69752008382815,585.0,6.3733196,10.216556,2053.0,7.6275444,35.854,19.0,2.9957323,0.33181977,1547,0.033237587197373825,False,2,13,16,23,B_cells,B_cells,Naive_B,0
CATAGACGTGGCCACT-1,s1d1,1469,7.293017679772782,4921.0,8.501471,44.11704938020728,59.88620199146515,69.13229018492176,80.3088803088803,478.0,6.1717005,9.713473,1906.0,7.5532866,38.731964,19.0,2.9957323,0.38610038,1469,0.020302932645826624,False,2,4,10,12,B_cells,B_cells,Naive_B,0
CATCAAGAGTGGTTAA-1,s1d1,1363,7.218176838403408,4621.0,8.438582,41.44124648344514,58.861718242804585,70.09305345163385,81.3243886604631,520.0,6.25575,11.252975,1650.0,7.4091363,35.706554,14.0,2.7080503,0.30296472,1362,0.01866832607342875,False,2,4,10,12,B_cells,B_cells,Naive_B,0
CATCAAGTCACTCACC-1,s1d1,1675,7.424165281042028,4765.0,8.469263,35.362014690451204,49.3389296956978,60.52465897166841,74.83735571878279,317.0,5.7620516,6.6526756,1338.0,7.1996784,28.079748,18.0,2.944439,0.37775445,1674,0.027448071216617215,False,2,4,10,12,B_cells,B_cells,Naive_B,0
CATCCGTCAGGTCCGT-1,s1d1,717,6.576469569048224,1519.0,7.3264656,50.032916392363404,56.61619486504279,65.96445029624753,85.71428571428571,436.0,6.079933,28.703094,27.0,3.3322046,1.7774853,21.0,3.0910425,1.3824885,717,0.011560693641618498,False,2,4,2,2,B_cells,B_cells,Naive_B,0
CATCGCTCACGAAGAC-1,s1d1,1485,7.303843225277705,3882.0,8.264363,36.6306027820711,48.53168469860896,59.63420917053065,74.62648119526017,332.0,5.8081427,8.552293,799.0,6.684612,20.582174,15.0,2.7725887,0.38639876,1484,0.02145922746781116,False,2,4,10,12,B_cells,B_cells,Naive_B,0
CATCGGGGTCTCTCCA-1,s1d1,1198,7.089243155027514,2581.0,7.8563194,43.82022471910113,49.67067028283611,58.000774893452146,72.95621851995351,636.0,6.4567695,24.641613,123.0,4.8202815,4.765595,19.0,2.9957323,0.7361488,1198,0.016656751933372994,False,2,4,2,2,B_cells,B_cells,Naive_B,0
CATCGGGTCACTGCTC-1,s1d1,1621,7.3914152346753585,5197.0,8.556029,38.90706176640369,54.51221858764672,65.90340581104483,78.4298633827208,538.0,6.289716,10.352126,1664.0,7.4175806,32.01847,16.0,2.8332133,0.30786994,1621,0.022673434856175977,False,2,4,10,12,B_cells,B_cells,Naive_B,0
CATGCGGAGTGCGTCC-1,s1d1,2953,7.9909154630913255,12608.0,9.442166,39.65736040609137,55.91687817258884,65.7519035532995,75.24587563451777,942.0,6.8490663,7.4714465,4818.0,8.480322,38.213833,33.0,3.5263605,0.26173857,2953,0.33830845771144274,True,2,13,16,12,B_cells,B_cells,Naive_B,0
CATGCGGGTTATCTTC-1,s1d1,2139,7.668561108015897,6784.0,8.82247,36.5123820754717,50.86969339622641,61.600825471698116,72.96580188679245,637.0,6.4583383,9.38974,2063.0,7.632401,30.40979,24.0,3.218876,0.3537736,2139,0.02671057446030004,False,2,13,16,23,B_cells,B_cells,Naive_B,0
CATGCTCGTTTAAGGA-1,s1d1,1054,6.961296045910167,2928.0,7.982416,42.04234972677596,58.879781420765035,68.61338797814209,81.0792349726776,305.0,5.723585,10.416666,1107.0,7.010312,37.807377,12.0,2.5649493,0.40983605,1054,0.018148262073208247,False,2,4,10,12,B_cells,B_cells,Naive_B,0
CATTCATAGGCTCACC-1,s1d1,1610,7.384610383176974,4827.0,8.482187,39.527656929770046,53.90511704992748,64.42925212347214,77.00435052827844,524.0,6.263398,10.855604,1407.0,7.2499256,29.14854,21.0,3.0910425,0.4350528,1610,0.029787234042553193,False,2,13,16,23,B_cells,B_cells,Naive_B,0
CATTCCGCATGACTCA-1,s1d1,1957,7.579678823090456,5665.0,8.642239,34.139452780229476,46.53133274492498,57.49338040600177,71.4739629302736,365.0,5.902633,6.4430714,1171.0,7.066467,20.670786,49.0,3.912023,0.86496025,1955,0.049504950495049514,False,2,9,13,15,B_cells,B_cells,B_cell,1
CATTCCGTCGAGATGG-1,s1d1,2987,8.002359546252707,11623.0,9.360827,37.44300094639938,52.43912931256991,62.50537726920761,72.64045427170267,1031.0,6.939254,8.870343,3696.0,8.215277,31.799019,30.0,3.4339871,0.2581089,2987,0.020302932645826624,False,2,4,10,12,B_cells,B_cells,Naive_B,0
CATTCTAAGACGGAAA-1,s1d1,1956,7.579167967396076,6045.0,8.707152,35.913978494623656,51.44747725392887,62.08436724565757,74.04466501240695,480.0,6.175867,7.9404464,2019.0,7.6108527,33.399506,17.0,2.8903718,0.28122413,1956,0.027448071216617215,False,2,13,16,23,B_cells,B_cells,Naive_B,0
CATTCTAAGGTCCGAA-1,s1d1,1483,7.302496423727326,4977.0,8.512783,42.55575647980711,57.96664657424151,68.57544705645971,80.24914607193088,576.0,6.3578424,11.573237,1548.0,7.345365,31.103075,10.0,2.3978953,0.20092425,1481,0.013532173432753385,False,2,13,16,23,B_cells,B_cells,Naive_B,0
CATTCTACATAGTCGT-1,s1d1,1550,7.346655163176539,4948.0,8.506941,39.47049312853678,55.59822150363784,66.32983023443816,78.77930476960387,351.0,5.8636312,7.0937753,1814.0,7.503841,36.661278,16.0,2.8332133,0.32336298,1549,0.014814814814814819,False,2,4,10,12,B_cells,B_cells,Naive_B,0
CATTCTATCTGAGGTT-1,s1d1,1878,7.538494999413465,5220.0,8.560444,33.85057471264368,47.1455938697318,58.86973180076628,72.52873563218391,399.0,5.9914646,7.643678,1263.0,7.1420364,24.195402,21.0,3.0910425,0.40229884,1877,0.03713411970292704,False,2,4,10,12,B_cells,B_cells,Naive_B,0
CATTGAGTCCTCTAAT-1,s1d1,2066,7.633853559681768,6985.0,8.851664,38.61130994989262,54.48818897637795,64.65282748747315,75.24695776664281,541.0,6.295266,7.745168,2423.0,7.7931743,34.688618,20.0,3.0445225,0.28632784,2066,0.03927765237020317,False,2,13,16,23,B_cells,B_cells,Naive_B,0
CATTGTTTCGATACTG-1,s1d1,1726,7.454141078146678,5568.0,8.62497,40.445402298850574,55.04669540229885,65.30172413793103,77.53232758620689,622.0,6.4345465,11.170978,1741.0,7.462789,31.26796,19.0,2.9957323,0.34123564,1726,0.02145922746781116,False,2,13,16,23,B_cells,B_cells,Naive_B,0
CATTGTTTCTCGTCAC-1,s1d1,724,6.586171654854675,1587.0,7.3702307,52.993068683049785,59.294265910523,66.98172652804033,85.88531821045999,589.0,6.3801227,37.11405,19.0,2.9957323,1.1972275,14.0,2.7080503,0.88216764,723,0.00814176245210728,False,2,4,2,2,B_cells,B_cells,Naive_B,0
CATTTCATCCACGTGG-1,s1d1,874,6.774223886357614,2154.0,7.675546,39.78644382544104,53.62116991643454,66.24883936861653,82.63695450324977,137.0,4.9272537,6.3602595,511.0,6.2383246,23.723307,6.0,1.9459102,0.27855152,874,0.02205882352941177,False,2,13,16,23,B_cells,B_cells,Naive_B,0
CATTTCATCCCTCGTA-1,s1d1,1928,7.564757012905729,7060.0,8.862342,38.711048158640224,55.538243626062325,66.38810198300284,77.47875354107649,573.0,6.352629,8.116148,2465.0,7.810353,34.915016,63.0,4.158883,0.89235127,1928,0.013532173432753385,False,2,13,16,23,B_cells,B_cells,Naive_B,0
CCAAGCGCAGCTGAAG-1,s1d1,1705,7.441906728051625,6760.0,8.818926,43.77218934911243,62.544378698224854,71.7603550295858,81.96745562130178,684.0,6.529419,10.118343,2932.0,7.983781,43.37278,14.0,2.7080503,0.2071006,1705,0.01920050361976708,False,2,13,16,23,B_cells,B_cells,Naive_B,0
CCAATGAAGCGAGAAA-1,s1d1,486,6.18826412308259,1187.0,7.0800266,61.1625947767481,67.4810446503791,75.90564448188711,100.0,489.0,6.1944056,41.196293,52.0,3.9702919,4.380792,36.0,3.6109178,3.032856,485,0.04532019704433497,False,2,4,2,2,B_cells,B_cells,Naive_B,0
CCAATGAAGGCCTAGA-1,s1d1,2332,7.75491027202143,7671.0,8.945333,38.58688567331508,49.88919306478947,59.614131143266846,71.56824403597966,1075.0,6.9810057,14.013818,1599.0,7.377759,20.84474,35.0,3.583519,0.45626387,2331,0.02145922746781116,False,2,13,16,23,B_cells,B_cells,Naive_B,0
CCAATGAAGTGACCTT-1,s1d1,3320,8.108021221376747,13545.0,9.513846,36.2421557770395,51.24400147655962,60.66445182724253,71.10372831303063,668.0,6.505784,4.9317093,4663.0,8.447629,34.425987,30.0,3.4339871,0.22148395,3317,0.4207317073170726,True,2,9,13,15,B_cells,B_cells,B_cell,1
CCAATTTGTCCTGTTC-1,s1d1,1969,7.585788821732034,5422.0,8.598405,33.419402434526006,45.92401327923275,57.17447436370343,70.87790483216526,274.0,5.616771,5.053486,1002.0,6.910751,18.480265,17.0,2.8903718,0.31353745,1969,0.032336297493936954,False,2,4,10,12,B_cells,B_cells,Naive_B,0
CCAATTTGTTGGATCT-1,s1d1,1192,7.084226422097916,3562.0,8.178358,39.64065131948344,56.09208309938237,68.41661987647389,80.57271195957327,267.0,5.590987,7.495789,1312.0,7.18007,36.833237,20.0,3.0445225,0.5614823,1192,0.015260581629714942,False,2,13,16,23,B_cells,B_cells,Naive_B,0
CCAATTTTCTGGGATT-1,s1d1,895,6.79794041297493,2200.0,7.696667,53.90909090909091,59.5,68.4090909090909,82.04545454545455,541.0,6.295266,24.59091,60.0,4.1108737,2.7272727,15.0,2.7725887,0.6818182,895,0.12643678160919536,False,2,4,2,2,B_cells,B_cells,Naive_B,0
CCACACTAGTATAGAC-1,s1d1,1522,7.328437352895162,7506.0,8.923592,48.00159872102318,67.73248068212096,77.21822541966426,86.38422595257128,519.0,6.253829,6.9144683,3761.0,8.232706,50.10658,13.0,2.6390574,0.17319478,1522,0.013532173432753385,False,2,13,16,23,B_cells,B_cells,Naive_B,0
CCACCATCAGTCTTCC-1,s1d1,553,6.317164686747284,1212.0,7.100852,54.70297029702971,62.62376237623762,70.87458745874588,95.62706270627062,340.0,5.8318825,28.052803,38.0,3.6635616,3.1353135,18.0,2.944439,1.4851485,552,0.02145922746781116,False,2,4,2,2,B_cells,B_cells,Naive_B,0
CCACCATGTCCAGCAC-1,s1d1,2038,7.620214770574455,6931.0,8.843904,40.008656759486364,54.927138940989764,64.72370509306018,75.74664550569904,536.0,6.2859983,7.7333717,2221.0,7.706163,32.044437,28.0,3.3672957,0.40398213,2038,0.01920050361976708,False,2,4,10,12,B_cells,B_cells,Naive_B,0
CCATAAGCAAACTAGA-1,s1d1,1378,7.229113877793302,4058.0,8.308692,43.37111877772302,55.101034992607204,65.37703302119272,78.3637259733859,651.0,6.4800444,16.042385,995.0,6.903747,24.519466,28.0,3.3672957,0.68999505,1378,0.04040404040404041,False,2,4,10,12,B_cells,B_cells,Naive_B,0
CCATAAGCACTTCTCG-1,s1d1,2500,7.824445930877619,8793.0,9.081825,36.08552257477539,50.44922097122711,61.116797452519044,72.66007051063346,449.0,6.1092477,5.1063347,2711.0,7.9054418,30.831343,18.0,2.944439,0.2047083,2499,0.04805725971370142,False,2,13,16,33,B_cells,B_cells,Naive_B,0
CCATCACAGAGTTGCG-1,s1d1,1518,7.325807502595773,6509.0,8.781095,44.00061453372254,64.00368720233523,74.23567368259333,84.36011676140728,488.0,6.1923623,7.4973116,3023.0,8.014336,46.443386,14.0,2.7080503,0.2150868,1518,0.00877620672842516,False,2,13,16,23,B_cells,B_cells,Naive_B,0
CCCAACTAGTCACAGG-1,s1d1,1998,7.6004023345004,6522.0,8.78309,37.672493100275986,53.40386384544619,63.70745170193193,75.0229990800368,399.0,5.9914646,6.117755,2187.0,7.690743,33.532658,16.0,2.8332133,0.24532352,1997,0.028985507246376812,False,2,13,16,23,B_cells,B_cells,Naive_B,0
CCCATTGCAGAAGTGC-1,s1d1,2010,7.606387389772652,7280.0,8.8930235,41.86813186813187,57.36263736263736,66.90934065934066,77.12912087912088,932.0,6.838405,12.802198,2614.0,7.8690195,35.906593,41.0,3.7376697,0.5631868,2010,0.025293908086925547,False,2,13,16,23,B_cells,B_cells,Naive_B,0
CCCATTGTCCAATCTT-1,s1d1,1202,7.0925737159746784,2777.0,7.9294868,41.87972632337054,50.126035289881166,58.98451566438603,74.72092185812028,514.0,6.244167,18.509182,463.0,6.1398845,16.672668,28.0,3.3672957,1.0082823,1202,0.03927765237020317,False,2,4,16,2,B_cells,B_cells,Naive_B,0
CCCGAAGCATAACGGG-1,s1d1,1353,7.21081845347222,3082.0,8.033658,38.57884490590526,47.33939000648929,56.97598961713173,72.32316677482154,445.0,6.100319,14.438677,588.0,6.378426,19.07852,26.0,3.295837,0.843608,1353,0.017142857142857147,False,2,13,16,23,B_cells,B_cells,Naive_B,0
CCCGAAGGTCACTGAT-1,s1d1,2103,7.651595573857601,5491.0,8.611048,29.28428337279184,41.70460753961027,52.64979056638135,66.8912766344928,222.0,5.4071717,4.0429792,1210.0,7.0992017,22.036058,16.0,2.8332133,0.2913859,2103,0.052574525745257464,False,2,9,13,15,B_cells,B_cells,B_cell,1
CCCGAAGGTTGTGTAC-1,s1d1,585,6.373319789577012,1197.0,7.088409,52.130325814536334,59.48203842940685,67.83625730994152,92.89891395154552,405.0,6.0063534,33.834587,46.0,3.8501477,3.8429406,21.0,3.0910425,1.754386,585,0.014814814814814819,False,2,4,2,2,B_cells,B_cells,Naive_B,0
CCCTCTCAGTCGGGAT-1,s1d1,1505,7.317212408359839,4891.0,8.495357,40.03271314659579,56.614189327335914,67.77755060314864,79.45205479452055,315.0,5.755742,6.440401,1852.0,7.5245614,37.865467,17.0,2.8903718,0.34757718,1505,0.028985507246376812,False,2,4,10,12,B_cells,B_cells,Naive_B,0
CCCTCTCCAAACTGCT-1,s1d1,1585,7.368970402194793,3958.0,8.283747,50.32844871147044,54.52248610409297,60.358767054067705,72.58716523496716,1075.0,6.9810057,27.160183,89.0,4.4998097,2.2486103,22.0,3.1354942,0.55583626,1583,0.03818827708703375,False,2,4,2,2,B_cells,B_cells,Naive_B,0
CCCTTAGCAGTATACC-1,s1d1,2086,7.643482907077201,7505.0,8.923458,39.48034643570953,55.01665556295803,65.87608261159227,76.48234510326449,768.0,6.645091,10.233178,2390.0,7.779467,31.845436,23.0,3.1780539,0.30646235,2086,0.019745222929936305,False,2,13,16,23,B_cells,B_cells,Naive_B,0
CCGAACGTCTGGACTA-1,s1d1,1981,7.591861714889934,7660.0,8.943898,42.41514360313316,58.36814621409921,68.59007832898172,78.79895561357702,916.0,6.8211074,11.958224,2828.0,7.9476786,36.91906,23.0,3.1780539,0.3002611,1979,0.04277566539923954,False,2,13,16,33,B_cells,B_cells,Naive_B,0
CCGATCTGTCGTGTTA-1,s1d1,419,6.040254711277414,1197.0,7.088409,67.58563074352548,73.3500417710944,81.70426065162907,100.0,549.0,6.3099184,45.864662,23.0,3.1780539,1.9214703,11.0,2.4849067,0.9189641,419,0.11542192046556742,False,2,4,2,2,B_cells,B_cells,Naive_B,0
CCGATCTGTGTTTGCA-1,s1d1,2470,7.81237820598861,9626.0,9.172327,41.647621026386865,56.71099106586329,65.97756077290671,75.9817161853314,734.0,6.5998707,7.625182,3398.0,8.131237,35.30023,32.0,3.4965076,0.332433,2470,0.029787234042553193,False,2,13,16,33,B_cells,B_cells,Naive_B,0
CCGATCTTCGACGAGA-1,s1d1,362,5.8944028342648505,784.0,6.6656837,59.82142857142857,66.58163265306123,79.33673469387756,100.0,323.0,5.7807436,41.198982,30.0,3.4339871,3.8265307,5.0,1.7917595,0.6377551,362,0.009433962264150943,False,2,4,2,2,B_cells,B_cells,Naive_B,0
CCGATCTTCTAAGGAA-1,s1d1,1673,7.422971251049421,5851.0,8.674539,42.163732695265765,58.126815928901046,68.1763801059648,79.57614083062724,564.0,6.336826,9.639378,2176.0,7.6857033,37.190224,16.0,2.8332133,0.27345753,1672,0.02087410306588389,False,2,13,16,23,B_cells,B_cells,Naive_B,0
CCGATGGCAGAGTTGG-1,s1d1,1872,7.5352967024440884,6939.0,8.8450575,39.29961089494164,56.780515924484796,68.0789739155498,78.67127828217323,517.0,6.249975,7.450641,2678.0,7.893199,38.593456,19.0,2.9957323,0.27381468,1871,0.019745222929936305,False,2,13,16,23,B_cells,B_cells,Naive_B,0
CCGATGGGTCAGTCCG-1,s1d1,2034,7.618251097876695,7243.0,8.887929,38.76846610520502,55.2119287588016,66.06378572414745,76.7499654839155,416.0,6.0330863,5.7434764,2725.0,7.9105906,37.62253,16.0,2.8332133,0.22090293,2034,0.022673434856175977,False,2,13,16,23,B_cells,B_cells,Naive_B,0
CCGATGGGTGACTAAA-1,s1d1,504,6.22455842927536,1324.0,7.189168,61.55589123867069,69.10876132930514,77.0392749244713,99.69788519637463,525.0,6.265301,39.65257,64.0,4.1743875,4.833837,13.0,2.6390574,0.9818731,502,0.02671057446030004,False,2,4,2,2,B_cells,B_cells,Naive_B,0
CCGATGGGTTCGAAGG-1,s1d1,1058,6.9650803456014065,3615.0,8.193124,43.26417704011065,62.15767634854772,72.75242047026279,84.5643153526971,269.0,5.598422,7.4412174,1613.0,7.386471,44.61964,10.0,2.3978953,0.2766252,1058,0.01571594877764843,False,2,4,10,12,B_cells,B_cells,Naive_B,0
CCGATGGTCCATGATG-1,s1d1,1295,7.16703787691222,3667.0,8.207402,51.24079629124625,58.385601308971914,66.10308153804199,78.32015271338969,1072.0,6.978214,29.233706,481.0,6.177944,13.11699,15.0,2.7725887,0.40905374,1294,0.08364732479276565,False,2,13,16,23,B_cells,B_cells,Naive_B,0
CCGCAAGGTAGCTGCC-1,s1d1,1798,7.4949862339505335,6299.0,8.748305,39.434830925543736,56.38990315923162,67.26464518177488,78.47277345610414,460.0,6.133398,7.3027463,2279.0,7.7319307,36.180347,17.0,2.8903718,0.2698841,1798,0.018148262073208247,False,2,4,10,12,B_cells,B_cells,Naive_B,0
CCGGACAAGCACCCAC-1,s1d1,1858,7.527793987721444,5972.0,8.695004,41.05827193569993,55.79370395177495,65.20428667113195,76.60750167448091,608.0,6.4118185,10.180843,1938.0,7.5699277,32.45144,22.0,3.1354942,0.36838582,1858,0.02671057446030004,False,2,13,16,23,B_cells,B_cells,Naive_B,0
CCGGACATCGAGATAA-1,s1d1,1847,7.521859252201629,6294.0,8.747511,46.64760088973626,58.48427073403241,67.28630441690498,77.97902764537655,1506.0,7.3178763,23.92755,1495.0,7.31055,23.75278,19.0,2.9957323,0.30187482,1846,0.0314615690959777,False,2,4,10,12,B_cells,B_cells,Naive_B,0
CCGGACATCGTACCTC-1,s1d1,1947,7.5745584842024805,7204.0,8.88253,43.73958911715714,58.48139922265408,67.79566907273737,78.22043309272627,136.0,4.919981,1.88784,3160.0,8.058643,43.864517,6.0,1.9459102,0.08328706,1945,0.22316865417376477,False,2,13,16,12,B_cells,B_cells,Naive_B,0
CCGGGTAAGCATCGAG-1,s1d1,1931,7.566311014772463,6577.0,8.791486,38.46738634635852,54.56895240991333,65.39455678880948,76.41781967462369,564.0,6.336826,8.575338,2356.0,7.765145,35.821804,23.0,3.1780539,0.3497035,1931,0.015260581629714942,False,2,4,10,12,B_cells,B_cells,Naive_B,0
CCGGTAGGTGACATCT-1,s1d1,1992,7.597396320212795,6854.0,8.832733,38.28421359789903,54.40618616866063,64.47330026262037,75.80974613364458,461.0,6.135565,6.726,2445.0,7.8022094,35.6726,24.0,3.218876,0.3501605,1992,0.03611349957007739,False,2,13,16,23,B_cells,B_cells,Naive_B,0
CCGGTAGTCATGCAGT-1,s1d1,1571,7.360103972989152,4837.0,8.484257,37.87471573289229,53.58693405003101,64.6681827579078,77.85817655571635,323.0,5.7807436,6.6776934,1662.0,7.4163785,34.36014,25.0,3.2580965,0.5168493,1570,0.028985507246376812,False,2,4,10,12,B_cells,B_cells,Naive_B,0
CCGGTAGTCGCTTGAA-1,s1d1,1329,7.1929342212158,4878.0,8.492696,44.79294792947929,61.72611726117261,72.18122181221813,83.00533005330053,420.0,6.042633,8.610086,1956.0,7.579168,40.0984,15.0,2.7725887,0.30750307,1329,0.02145922746781116,False,2,13,16,33,B_cells,B_cells,Naive_B,0
CCGGTGACAGCATCTA-1,s1d1,489,6.194405391104672,1245.0,7.1276937,61.84738955823293,68.75502008032129,76.78714859437751,100.0,534.0,6.2822666,42.891563,71.0,4.276666,5.7028112,9.0,2.3025851,0.72289157,489,0.017142857142857147,False,2,4,2,2,B_cells,B_cells,Naive_B,0
CCGGTGAGTGGATTTC-1,s1d1,1500,7.313886831633462,5166.0,8.550048,42.64421215640728,58.88501742160279,68.9121176926055,80.64266356949284,732.0,6.5971456,14.169571,1808.0,7.5005293,34.998066,14.0,2.7080503,0.2710027,1500,0.013532173432753385,False,2,13,16,23,B_cells,B_cells,Naive_B,0
CCGGTGATCATTCACT-1,s1d1,717,6.576469569048224,1711.0,7.4454174,54.003506721215665,60.54938632378726,69.78375219170077,87.31735827001754,523.0,6.261492,30.56692,41.0,3.7376697,2.3962595,16.0,2.8332133,0.93512565,716,0.016656751933372994,False,2,4,2,2,B_cells,B_cells,Naive_B,0
CCGTAGGCAATAGTGA-1,s1d1,864,6.762729506931879,2362.0,7.7676873,50.38103302286198,61.1346316680779,70.61812023708721,84.58933107535987,403.0,6.001415,17.061811,588.0,6.378426,24.894157,22.0,3.1354942,0.931414,864,0.18338108882521495,False,2,4,2,2,B_cells,B_cells,Naive_B,0
CCGTAGGGTATTTCTC-1,s1d1,1467,7.291656209174461,4413.0,8.392536,37.638794470881486,53.84092454112849,64.9444822116474,78.08746884205756,330.0,5.8021183,7.477906,1386.0,7.2348986,31.407207,15.0,2.7725887,0.33990481,1467,0.025293908086925547,False,2,13,16,23,B_cells,B_cells,Naive_B,0
CCGTGAGCAAATCGGG-1,s1d1,1142,7.04141166379481,4031.0,8.302018,45.42297196725379,62.49069709749442,73.35648722401389,84.07343091044406,240.0,5.484797,5.953858,1834.0,7.5147996,45.4974,13.0,2.6390574,0.32250062,1141,0.01618122977346279,False,2,4,10,12,B_cells,B_cells,Naive_B,0
CCGTGAGGTTAAGACA-1,s1d1,1336,7.198183577101943,4163.0,8.334231,39.73096324765794,55.96925294258948,67.33125150132116,79.9183281287533,248.0,5.5174527,5.9572425,1470.0,7.293698,35.311073,13.0,2.6390574,0.3122748,1336,0.01046719428133776,False,2,13,16,23,B_cells,B_cells,Naive_B,0
CCTAACCAGAATCGTA-1,s1d1,1814,7.503840746698951,5964.0,8.693665,40.3420523138833,55.751173708920184,65.64386317907444,77.29711602951039,512.0,6.240276,8.584842,2090.0,7.6453977,35.043594,24.0,3.218876,0.40241447,1814,0.027448071216617215,False,2,13,16,23,B_cells,B_cells,Naive_B,0
CCTAACCTCACTAGCA-1,s1d1,2197,7.6953031349635665,5821.0,8.669399,26.71362308881636,38.48136059096375,50.60986084865144,65.91650919086067,203.0,5.31812,3.487373,1101.0,7.004882,18.914276,14.0,2.7080503,0.24050851,2197,0.02671057446030004,False,2,9,13,15,B_cells,B_cells,B_cell,1
CCTAACCTCAGCTAGT-1,s1d1,3012,8.0106915391303,10991.0,9.304923,39.42316440724229,52.23364571012647,61.14093349103812,71.12182694932217,1233.0,7.1180162,11.218269,3141.0,8.052615,28.577927,35.0,3.583519,0.31844234,3011,0.28151260504201703,True,2,13,16,23,B_cells,B_cells,Naive_B,0
CCTAACCTCCTACTGC-1,s1d1,1277,7.15305163493748,3740.0,8.227108,39.49197860962567,54.54545454545454,65.93582887700535,79.22459893048128,291.0,5.676754,7.7807484,1283.0,7.1577353,34.304813,17.0,2.8903718,0.45454544,1277,0.01920050361976708,False,2,13,16,23,B_cells,B_cells,Naive_B,0
CCTAACCTCCTTATCA-1,s1d1,2442,7.8009820712577405,7394.0,8.90856,38.20665404381931,49.31025155531512,58.42575060860157,69.88098458209359,929.0,6.8351846,12.564241,1560.0,7.3530817,21.098188,17.0,2.8903718,0.22991614,2441,0.28151260504201703,True,2,13,16,23,B_cells,B_cells,Naive_B,0
CCTACGTCACGGTGAA-1,s1d1,2816,7.943427767876373,9022.0,9.1075325,36.57725559742851,47.78319663045888,57.13810684992241,68.47705608512526,863.0,6.761573,9.565507,2075.0,7.6381984,22.999334,22.0,3.1354942,0.24384838,2814,0.10588235294117652,False,2,13,16,23,B_cells,B_cells,Naive_B,0
CCTACGTTCACGGAGA-1,s1d1,569,6.345636360828596,1284.0,7.158514,56.931464174454824,63.47352024922118,71.26168224299066,94.62616822429906,506.0,6.228511,39.4081,29.0,3.4011974,2.2585669,12.0,2.5649493,0.93457943,569,0.00877620672842516,False,2,4,2,2,B_cells,B_cells,Naive_B,0
CCTACGTTCGGCTTGG-1,s1d1,695,6.54534966033442,1912.0,7.556428,60.98326359832637,66.99790794979079,74.11087866108787,89.80125523012552,861.0,6.7592554,45.03138,43.0,3.7841897,2.248954,17.0,2.8903718,0.88912135,693,0.012719891745602164,False,2,4,2,2,B_cells,B_cells,Naive_B,0
CCTATCGAGGGCCCTT-1,s1d1,1595,7.3752557780097545,6128.0,8.720787,43.11357702349869,60.98237597911227,70.95300261096605,81.80483028720627,636.0,6.4567695,10.378591,2628.0,7.8743587,42.88512,8.0,2.1972246,0.1305483,1595,0.013121924548933845,False,2,4,10,12,B_cells,B_cells,Naive_B,0
CCTCAACAGGGCAAGG-1,s1d1,1073,6.97914527506881,3452.0,8.146998,42.03360370799537,59.67555040556199,71.40787949015063,83.40092699884126,312.0,5.7462034,9.038239,1418.0,7.2577076,41.077633,9.0,2.3025851,0.26071844,1073,0.010116337885685384,False,2,13,16,23,B_cells,B_cells,Naive_B,0
CCTCAACTCCGGTAGC-1,s1d1,1850,7.523481312573497,6378.0,8.760767,37.98996550642835,54.640953276889306,65.92975854499844,77.45374725619317,488.0,6.1923623,7.6513014,2297.0,7.7397943,36.014427,10.0,2.3978953,0.15678896,1850,0.022673434856175977,False,2,13,16,23,B_cells,B_cells,Naive_B,0
CCTCACATCCCACAGG-1,s1d1,1906,7.553286605600419,4900.0,8.497194,32.59183673469388,43.69387755102041,54.22448979591836,68.9591836734694,293.0,5.68358,5.979592,1038.0,6.946014,21.183674,26.0,3.295837,0.53061223,1906,0.03818827708703375,False,2,9,13,15,B_cells,B_cells,B_cell,1
CCTCAGTAGCTGAAAT-1,s1d1,1041,6.948897222313312,2374.0,7.772753,47.598989048020215,54.128053917438926,62.88963774220725,77.21145745577086,730.0,6.5944133,30.749788,158.0,5.0689044,6.6554337,22.0,3.1354942,0.926706,1041,0.04805725971370142,False,2,4,2,2,B_cells,B_cells,Naive_B,0
CCTCAGTAGTTCATGC-1,s1d1,1542,7.341483852363161,3256.0,8.088562,36.7014742014742,43.33538083538084,51.9041769041769,67.997542997543,451.0,6.1136823,13.851352,236.0,5.46806,7.2481575,27.0,3.3322046,0.82923836,1542,0.06778566817301485,False,2,13,16,33,B_cells,B_cells,Naive_B,0
CCTCAGTGTTATCTGG-1,s1d1,1459,7.286191714702382,3210.0,8.074338,40.06230529595015,46.16822429906542,54.98442367601246,70.12461059190032,692.0,6.54103,21.557632,206.0,5.332719,6.4174457,14.0,2.7080503,0.43613705,1458,0.0701058201058201,False,2,4,10,12,B_cells,B_cells,Naive_B,0
CCTCAGTTCGCTGTCT-1,s1d1,2200,7.696667081526462,7113.0,8.86982,38.53507662027274,52.15802052579783,62.055391536623084,73.20399268944186,720.0,6.5806394,10.122311,1819.0,7.506592,25.572895,20.0,3.0445225,0.28117532,2198,0.33830845771144274,True,2,13,16,23,B_cells,B_cells,Naive_B,0
CCTCATGAGGACAAGA-1,s1d1,1403,7.247080584585756,4933.0,8.503905,41.98256638962092,59.010743969187104,69.73444151631867,81.69470910196634,446.0,6.1025586,9.041151,1998.0,7.6004024,40.502735,25.0,3.2580965,0.506791,1403,0.011560693641618498,False,2,4,10,12,B_cells,B_cells,Naive_B,0
CCTCATGCACCACATA-1,s1d1,2376,7.773594467360194,8081.0,8.997395,35.998020047023886,50.81054324959781,60.83405519118921,72.08266303675288,494.0,6.204558,6.113105,2488.0,7.8196363,30.788269,52.0,3.9702919,0.6434847,2375,0.028206092515983452,False,2,4,10,12,B_cells,B_cells,Naive_B,0
CCTCATGGTACTGCCG-1,s1d1,2052,7.627057417018934,6865.0,8.834337,37.640203932993444,52.643845593590676,63.5251274581209,74.97450837581937,654.0,6.4846354,9.526585,2128.0,7.663408,30.997816,49.0,3.912023,0.7137655,2050,0.02330363262508568,False,2,4,10,12,B_cells,B_cells,Naive_B,0
CCTCCAATCGCGTCGA-1,s1d1,266,5.58724865840025,755.0,6.6280413,71.3907284768212,78.01324503311258,91.25827814569536,100.0,397.0,5.986452,52.582783,69.0,4.248495,9.139072,4.0,1.609438,0.5298013,266,0.04532019704433497,False,2,4,2,2,B_cells,B_cells,Naive_B,0
CCTCCAATCGGCTGTG-1,s1d1,1680,7.427144133408616,6826.0,8.828641,46.42543217111046,63.06768239085848,72.42894813946674,82.56665690008789,872.0,6.7719355,12.774685,2677.0,7.8928256,39.217697,15.0,2.7725887,0.21974804,1680,0.01866832607342875,False,2,13,16,33,B_cells,B_cells,Naive_B,0
CCTCCTCGTCAGTCTA-1,s1d1,2897,7.971776122880628,10802.0,9.28758,33.049435289761156,48.88909461210887,60.238844658396594,71.52379189039067,575.0,6.3561077,5.323088,3518.0,8.165932,32.568043,23.0,3.1780539,0.21292353,2896,0.027448071216617215,False,2,13,16,23,B_cells,B_cells,Naive_B,0
CCTCCTCTCAACCGAT-1,s1d1,1611,7.385230923066573,4806.0,8.477828,56.40865584685809,60.54931335830213,66.25052018310446,76.88306283811902,1848.0,7.5224004,38.451935,83.0,4.4308167,1.7270079,40.0,3.713572,0.832293,1609,0.017639902676399026,False,2,4,2,2,B_cells,B_cells,Naive_B,0
CCTCTAGAGTAAGCAT-1,s1d1,1896,7.5480289699350145,6196.0,8.731821,38.84764364105875,53.40542285345384,64.46094254357651,76.12976113621691,399.0,5.9914646,6.439638,1894.0,7.546974,30.568108,10.0,2.3978953,0.16139445,1896,0.04532019704433497,False,2,4,10,12,B_cells,B_cells,Naive_B,0
CCTCTAGTCGATTGAC-1,s1d1,1570,7.359467638255621,5858.0,8.6757345,43.001024240355065,60.1229088426084,70.8091498805053,81.73438033458518,554.0,6.3189683,9.457152,2194.0,7.6939373,37.453056,23.0,3.1780539,0.39262548,1570,0.02087410306588389,False,2,4,10,12,B_cells,B_cells,Naive_B,0
CCTTCAGGTGATACAA-1,s1d1,1532,7.334981878871814,5206.0,8.557759,42.35497502881291,58.413369189396846,68.01767191701883,80.17671917018825,441.0,6.09131,8.470995,1950.0,7.5760975,37.45678,21.0,3.0910425,0.40338072,1532,0.028985507246376812,False,2,13,16,23,B_cells,B_cells,Naive_B,0
CCTTTGGTCACGGTCG-1,s1d1,1881,7.540090320145325,6492.0,8.77848,40.28034504004929,55.329636475662355,65.44978434996919,76.879235982748,767.0,6.64379,11.814541,2096.0,7.648263,32.28589,18.0,2.944439,0.27726433,1881,0.02145922746781116,False,2,4,10,12,B_cells,B_cells,Naive_B,0
CGAAGGATCGAACCAT-1,s1d1,1130,7.030857476116121,2961.0,7.99362,46.774738264099966,56.56872678149274,65.45086119554205,78.72340425531915,701.0,6.5539336,23.674435,554.0,6.3189683,18.709894,14.0,2.7080503,0.47281325,1130,0.018148262073208247,False,2,4,10,12,B_cells,B_cells,Naive_B,0
CGAAGTTAGCGAATGC-1,s1d1,1658,7.413970290190444,6505.0,8.78048,44.242890084550346,61.26056879323597,70.91468101460416,81.62951575710991,730.0,6.5944133,11.2221365,2630.0,7.875119,40.43044,23.0,3.1780539,0.35357416,1656,0.012719891745602164,False,2,4,10,12,B_cells,B_cells,Naive_B,0
CGAAGTTTCGCGGTAC-1,s1d1,2006,7.604396348796338,5890.0,8.681181,35.144312393887944,47.35144312393888,57.80984719864176,71.42614601018676,495.0,6.206576,8.404075,1454.0,7.282761,24.68591,15.0,2.7725887,0.25466892,2006,0.032336297493936954,False,2,4,10,12,B_cells,B_cells,Naive_B,0
CGACAGCAGATTACCC-1,s1d1,2100,7.650168700845001,5384.0,8.5913725,30.646359583952453,40.88038632986627,51.13298662704309,65.88038632986627,243.0,5.497168,4.513373,953.0,6.860664,17.700594,35.0,3.583519,0.6500743,2100,0.03818827708703375,False,2,9,13,15,B_cells,B_cells,B_cell,1
CGAGAAGAGATGCTGG-1,s1d1,1334,7.19668657083435,4363.0,8.381145,38.964015585606234,56.9103827641531,68.691267476507,80.88471235388495,323.0,5.7807436,7.403163,1675.0,7.4241652,38.391014,14.0,2.7080503,0.32088014,1334,0.017639902676399026,False,2,13,16,23,B_cells,B_cells,Naive_B,0
CGAGGAACATGTTACG-1,s1d1,2027,7.614805364711073,7003.0,8.854237,38.52634585177781,53.59131800656861,64.20105668999,75.66757104098244,608.0,6.4118185,8.6819935,2413.0,7.7890406,34.45666,30.0,3.4339871,0.42838785,2025,0.01571594877764843,False,2,13,16,23,B_cells,B_cells,Naive_B,0
CGAGGCTTCGACGAGA-1,s1d1,442,6.093569770045136,1084.0,6.989335,61.162361623616235,68.45018450184503,77.67527675276753,100.0,481.0,6.177944,44.372692,23.0,3.1780539,2.121771,13.0,2.6390574,1.199262,441,0.01618122977346279,False,2,4,2,2,B_cells,B_cells,Naive_B,0
CGAGGCTTCGGCATAT-1,s1d1,1581,7.366445148327599,6303.0,8.7489395,43.43963192130732,61.89116293828336,72.28303982230683,82.84943677613835,449.0,6.1092477,7.123592,2684.0,7.895436,42.582897,22.0,3.1354942,0.34904015,1581,0.014814814814814819,False,2,13,16,23,B_cells,B_cells,Naive_B,0
CGAGTGCTCCCGAGGT-1,s1d1,648,6.47543271670409,1318.0,7.184629,50.22761760242792,57.81487101669196,66.00910470409713,88.77086494688923,393.0,5.976351,29.817905,34.0,3.5553482,2.5796661,18.0,2.944439,1.3657056,648,0.00814176245210728,False,2,4,2,2,B_cells,B_cells,Naive_B,0
CGATCGGTCAAGTGTC-1,s1d1,716,6.57507584059962,1200.0,7.09091,38.83333333333333,47.16666666666667,56.99999999999999,82.0,281.0,5.641907,23.416666,35.0,3.583519,2.9166667,6.0,1.9459102,0.5,716,0.09374999999999999,False,2,9,13,15,B_cells,B_cells,B_cell,1
CGATGCGGTTCAAGTC-1,s1d1,1744,7.4645098346365275,5957.0,8.692491,39.41581332885681,55.732751384925294,66.76179284874937,78.3951653516871,563.0,6.3350544,9.451066,2093.0,7.6468315,35.135136,25.0,3.2580965,0.41967434,1743,0.018148262073208247,False,2,13,16,23,B_cells,B_cells,Naive_B,0
CGATGGCAGTCGGGAT-1,s1d1,1606,7.382124365737512,5781.0,8.662505,44.47327451997924,61.23508043591074,70.19546791212593,80.8683618751081,535.0,6.2841344,9.254454,2423.0,7.7931743,41.913162,19.0,2.9957323,0.32866284,1606,0.028985507246376812,False,2,4,10,12,B_cells,B_cells,Naive_B,0
CGATGGCGTAGTGGCA-1,s1d1,2714,7.906547232368036,11696.0,9.367087,40.69767441860465,57.23324213406292,67.1768125854993,76.6672366621067,833.0,6.7262335,7.1220927,4676.0,8.450412,39.979477,37.0,3.637586,0.31634745,2714,0.3075170842824603,True,2,13,16,12,B_cells,B_cells,Naive_B,0
CGCAGGTTCTACGCGG-1,s1d1,1727,7.454719949364001,5442.0,8.602086,40.57331863285557,54.79603087100331,65.17824329290703,77.43476662991547,539.0,6.291569,9.904448,1522.0,7.3284373,27.967659,11.0,2.4849067,0.20213157,1725,0.020302932645826624,False,2,13,16,23,B_cells,B_cells,Naive_B,0
CGCATAAAGTCACACT-1,s1d1,1814,7.503840746698951,5916.0,8.685585,39.469235970250175,53.93847194050034,64.5368492224476,76.45368492224476,541.0,6.295266,9.144692,1830.0,7.5126176,30.933064,21.0,3.0910425,0.35496956,1812,0.02145922746781116,False,2,13,16,23,B_cells,B_cells,Naive_B,0
CGCATAATCCCTTGGT-1,s1d1,1822,7.508238774678663,4949.0,8.507143,33.82501515457668,47.443928066276015,58.53707819761568,72.27722772277228,394.0,5.9788857,7.9612045,1160.0,7.057037,23.439077,28.0,3.3672957,0.56577086,1821,0.018148262073208247,False,2,4,10,12,B_cells,B_cells,Naive_B,0
CGCATGGCAACTCCAA-1,s1d1,1716,7.448333860897476,6329.0,8.753056,43.22957813240638,59.851477326591876,69.33164796966345,80.15484278717017,493.0,6.2025356,7.7895403,2616.0,7.869784,41.333546,31.0,3.465736,0.4898088,1716,0.04532019704433497,False,2,4,10,12,B_cells,B_cells,Naive_B,0
CGCCATTAGATGAATC-1,s1d1,1836,7.515889085215125,5312.0,8.577912,36.859939759036145,49.9058734939759,60.35391566265061,73.55045180722891,491.0,6.1984787,9.243223,1435.0,7.2696166,27.014307,20.0,3.0445225,0.37650603,1835,0.02599277978339351,False,2,4,10,12,B_cells,B_cells,Naive_B,0
CGGAACCCAAGCTACT-1,s1d1,2483,7.81762544305337,10489.0,9.258178,39.98474592430165,57.46973019353609,67.81390027648013,77.6241777099819,610.0,6.4150968,5.815616,4435.0,8.397509,42.28239,25.0,3.2580965,0.23834494,2483,0.33830845771144274,True,2,4,10,12,B_cells,B_cells,Naive_B,0
CGGAACCGTACTGACT-1,s1d1,879,6.779921907472252,2340.0,7.7583337,59.05982905982906,63.63247863247863,70.98290598290599,83.80341880341881,523.0,6.261492,22.350428,67.0,4.2195077,2.8632479,16.0,2.8332133,0.6837607,878,0.1392978482446206,False,2,4,2,2,B_cells,B_cells,Naive_B,0
CGGAACCGTATCGTTG-1,s1d1,1798,7.4949862339505335,4668.0,8.4487,33.1191088260497,44.94430162810625,56.12682090831191,70.99400171379607,257.0,5.5529594,5.5055695,946.0,6.853299,20.265638,13.0,2.6390574,0.27849185,1797,0.027448071216617215,False,2,9,13,15,B_cells,B_cells,B_cell,0
CGGAATTGTGTGTGTT-1,s1d1,171,5.147494476813453,618.0,6.4281054,80.42071197411003,88.51132686084142,100.0,100.0,403.0,6.001415,65.21036,24.0,3.218876,3.883495,13.0,2.6390574,2.10356,171,0.02671057446030004,False,2,4,2,2,B_cells,B_cells,Naive_B,0
CGGAATTTCCCGTTCA-1,s1d1,994,6.902742737158593,3060.0,8.026497,40.52287581699346,58.36601307189543,70.55555555555556,83.8562091503268,283.0,5.6489744,9.248366,1186.0,7.0791845,38.75817,21.0,3.0910425,0.6862745,994,0.013121924548933845,False,2,4,10,12,B_cells,B_cells,Naive_B,0
CGGACACAGCATGCAG-1,s1d1,787,6.669498089857879,1709.0,7.4442487,50.087770626097125,56.758338209479234,65.65242832065536,83.20655354008191,438.0,6.0844994,25.629023,34.0,3.5553482,1.9894674,20.0,3.0445225,1.170275,787,0.024613220815752467,False,2,4,2,2,B_cells,B_cells,Naive_B,0
CGGCAGTGTTAAGTCC-1,s1d1,625,6.439350371100098,1582.0,7.367077,60.745891276864725,66.8141592920354,73.13527180783818,92.09860935524652,699.0,6.55108,44.184578,35.0,3.583519,2.2123895,14.0,2.7080503,0.88495576,625,0.00814176245210728,False,2,4,2,2,B_cells,B_cells,Naive_B,0
CGGCAGTTCCCTCATG-1,s1d1,2074,7.637716432664798,6991.0,8.852522,37.0905449864111,52.83936489772565,63.925046488342154,74.89629523673294,509.0,6.234411,7.2807894,2338.0,7.7574787,33.442997,77.0,4.356709,1.1014161,2074,0.022673434856175977,False,2,4,10,12,B_cells,B_cells,Naive_B,0
CGGGTGTAGACTTCAC-1,s1d1,2088,7.644440761556566,5289.0,8.573573,30.743051616562678,40.70712800151257,51.67328417470222,66.51540934013991,311.0,5.7430034,5.8801284,823.0,6.7141705,15.560597,24.0,3.218876,0.45377198,2087,0.044025157232704414,False,2,9,13,15,B_cells,B_cells,B_cell,1
CGGTCAGAGTTGGCGA-1,s1d1,1498,7.312553498102598,4911.0,8.499436,39.89004276114844,57.137039299531665,67.90877621665649,79.678273264101,343.0,5.8406415,6.984321,1986.0,7.5943813,40.43983,20.0,3.0445225,0.407249,1498,0.014814814814814819,False,2,13,16,23,B_cells,B_cells,Naive_B,0
CGGTCAGTCGACATTG-1,s1d1,2678,7.893198869544609,9535.0,9.162829,37.8814892501311,52.385946512847404,62.55899318300996,72.65862611431568,541.0,6.295266,5.6738334,3119.0,8.0455885,32.711063,24.0,3.218876,0.25170425,2678,0.28151260504201703,True,2,13,16,12,B_cells,B_cells,Naive_B,0
CGTAAGTCAAATTAGG-1,s1d1,1576,7.3632795869630385,5075.0,8.532279,43.66502463054187,57.891625615763544,67.3103448275862,78.79802955665025,579.0,6.363028,11.408867,1677.0,7.425358,33.044334,18.0,2.944439,0.35467982,1575,0.01866832607342875,False,2,4,10,12,B_cells,B_cells,Naive_B,0
CGTAAGTCATTGTCGA-1,s1d1,1810,7.501634457883413,5644.0,8.638525,37.98724309000709,53.260099220411064,63.48334514528703,75.53153791637138,428.0,6.061457,7.583274,1834.0,7.5147996,32.494686,16.0,2.8332133,0.28348687,1810,0.02330363262508568,False,2,13,16,23,B_cells,B_cells,Naive_B,0
CGTAATGAGTCACGAG-1,s1d1,1380,7.2305631534092925,4357.0,8.379768,40.00459031443654,56.185448703236176,67.40876750057379,79.80261647922883,363.0,5.897154,8.331421,1660.0,7.415175,38.09961,10.0,2.3978953,0.22951572,1380,0.02671057446030004,False,2,13,16,23,B_cells,B_cells,Naive_B,0
CGTCAAACAATTCGTG-1,s1d1,1104,7.007600613951853,4280.0,8.361942,44.27570093457944,64.60280373831776,75.49065420560748,85.88785046728972,302.0,5.7137327,7.0560746,2068.0,7.6348205,48.317757,10.0,2.3978953,0.23364486,1104,0.009771986970684038,False,2,4,10,12,B_cells,B_cells,Naive_B,0
CGTGAATAGCCTCAGC-1,s1d1,1617,7.388946097618437,5224.0,8.56121,38.1125574272588,54.345329249617144,65.77335375191424,78.52220520673812,376.0,5.9322453,7.19755,1846.0,7.521318,35.336906,15.0,2.7725887,0.2871363,1617,0.016656751933372994,False,2,13,16,23,B_cells,B_cells,Naive_B,0
CGTGAATAGGGAGGGT-1,s1d1,520,6.255750041753367,1148.0,7.046647,55.052264808362374,63.41463414634146,72.12543554006969,98.25783972125436,456.0,6.1246834,39.721252,85.0,4.454347,7.4041815,15.0,2.7725887,1.3066202,520,0.01920050361976708,False,2,4,2,2,B_cells,B_cells,Naive_B,0
CGTGAATAGTGCCCGT-1,s1d1,2176,7.685703061234547,8083.0,8.9976425,39.67586292218236,56.303352715575905,65.74291723370035,76.07324013361377,686.0,6.5323343,8.486948,2958.0,7.9926066,36.595325,23.0,3.1780539,0.28454784,2175,0.018148262073208247,False,2,13,16,23,B_cells,B_cells,Naive_B,0
CGTGATACACTTCTCG-1,s1d1,2019,7.61085279039525,8331.0,9.027859,45.5767614932181,61.33717440883447,70.51974552874805,80.20645780818629,982.0,6.8906093,11.7873,3265.0,8.091321,39.190975,15.0,2.7725887,0.18005042,2019,0.04040404040404041,False,2,13,16,33,B_cells,B_cells,Naive_B,0
CGTGATATCTGCTCTG-1,s1d1,1609,7.383989457978509,3874.0,8.2623005,31.879194630872483,43.88229220443986,55.18843572534847,71.37325761486835,321.0,5.7745514,8.286009,835.0,6.7286286,21.55395,23.0,3.1780539,0.5937016,1607,0.025293908086925547,False,2,9,13,15,B_cells,B_cells,B_cell,1
CGTGCTTCAAGCCATT-1,s1d1,2034,7.618251097876695,6597.0,8.794522,36.89555858723662,52.2358647870244,62.861906927391246,74.24586933454601,574.0,6.35437,8.700924,2118.0,7.6586995,32.105503,22.0,3.1354942,0.33348492,2033,0.024613220815752467,False,2,13,16,23,B_cells,B_cells,Naive_B,0
CGTGCTTCACTTGGCG-1,s1d1,1794,7.492760300922379,6388.0,8.762333,41.51534126487164,58.34376956793989,68.28428303068253,79.03882279273638,215.0,5.3752785,3.3656857,2685.0,7.895808,42.031937,16.0,2.8332133,0.25046962,1793,0.07254237288135591,False,2,13,16,33,B_cells,B_cells,Naive_B,0
CGTGTCTGTTAAGTCC-1,s1d1,544,6.300785794663244,1263.0,7.1420364,58.27395091053048,64.8456057007126,72.76326207442597,96.51623119556612,362.0,5.894403,28.661915,37.0,3.637586,2.929533,11.0,2.4849067,0.87094223,544,0.0701058201058201,False,2,4,2,2,B_cells,B_cells,Naive_B,0
CGTTAGACACTTCCTG-1,s1d1,1769,7.478734825567875,5380.0,8.59063,35.74349442379182,50.70631970260223,62.54646840148699,75.33457249070632,369.0,5.913503,6.858736,1651.0,7.409742,30.68773,21.0,3.0910425,0.39033458,1767,0.024613220815752467,False,2,4,10,12,B_cells,B_cells,Naive_B,0
CGTTAGAGTCATGGCC-1,s1d1,1717,7.4489161025442,5749.0,8.656955,41.52026439380762,57.627413463211,67.42042094277265,78.8311010610541,649.0,6.4769726,11.28892,2097.0,7.64874,36.47591,24.0,3.218876,0.4174639,1717,0.028985507246376812,False,2,4,10,12,B_cells,B_cells,Naive_B,0
CGTTCTGGTAAGTAGT-1,s1d1,1443,7.275172319452771,4581.0,8.429891,43.855053481772536,59.13555992141454,68.52215673433749,79.41497489631085,457.0,6.126869,9.975987,1688.0,7.431892,36.84785,29.0,3.4011974,0.63304955,1442,0.025293908086925547,False,2,13,16,23,B_cells,B_cells,Naive_B,0
CTAACTTGTAGCGTTT-1,s1d1,1629,7.396335293800808,4275.0,8.360773,34.24561403508772,47.134502923976605,58.22222222222222,73.5906432748538,256.0,5.549076,5.988304,1032.0,6.9402223,24.14035,12.0,2.5649493,0.28070176,1629,0.05951679434295814,False,2,9,13,15,B_cells,B_cells,B_cell,1
CTAAGTGCAGTTCCAA-1,s1d1,2015,7.60887062919126,6573.0,8.790877,37.30412292712612,52.36573862771946,63.21314468279324,74.57781834778639,479.0,6.173786,7.2873874,2189.0,7.691657,33.302906,30.0,3.4339871,0.4564126,2015,0.01571594877764843,False,2,4,10,12,B_cells,B_cells,Naive_B,0
CTAAGTGTCCCTCATG-1,s1d1,1093,6.9975959829819265,3038.0,8.019284,39.82883475971033,54.73996050032917,66.88610928242265,80.4805793285056,333.0,5.811141,10.961159,902.0,6.8057227,29.690584,58.0,4.0775375,1.9091507,1093,0.020302932645826624,False,2,13,16,23,B_cells,B_cells,Naive_B,0
CTACCTGCAAGTGATA-1,s1d1,1926,7.563719668414366,6221.0,8.7358465,38.14499276643627,53.673042919144834,63.91255425172802,75.38980871242565,566.0,6.340359,9.098215,2138.0,7.6680937,34.367466,18.0,2.944439,0.28934255,1926,0.024613220815752467,False,2,13,16,23,B_cells,B_cells,Naive_B,0
CTACCTGCAGTAGGAC-1,s1d1,401,5.996452088619021,954.0,6.8617115,62.99790356394131,68.44863731656184,78.9308176100629,100.0,454.0,6.1202974,47.5891,38.0,3.6635616,3.9832287,15.0,2.7725887,1.5723271,401,0.02087410306588389,False,2,4,2,2,B_cells,B_cells,Naive_B,0
CTACCTGTCATTTGTC-1,s1d1,1618,7.389563953677635,4788.0,8.474077,38.59649122807017,53.446115288220554,63.26232247284879,76.6499582289056,280.0,5.638355,5.8479533,1633.0,7.398786,34.1061,18.0,2.944439,0.37593985,1618,0.033237587197373825,False,2,4,10,12,B_cells,B_cells,Naive_B,0
CTACGGGCATGGGAAC-1,s1d1,2730,7.912423121473705,11298.0,9.33247,39.68844043193486,56.65604531775536,66.44538856434767,76.03115595680651,1037.0,6.945051,9.178616,4288.0,8.363809,37.95362,51.0,3.9512436,0.45140734,2728,0.019745222929936305,False,2,4,10,12,B_cells,B_cells,Naive_B,0
CTACGGGGTTAATCGC-1,s1d1,1602,7.3796321526095525,4272.0,8.360071,36.35299625468165,47.91666666666667,59.269662921348306,74.20411985018727,327.0,5.7930136,7.6544943,763.0,6.638568,17.860487,18.0,2.944439,0.4213483,1602,0.028206092515983452,False,2,9,13,15,B_cells,B_cells,B_cell,1
CTAGACACAGTAACAA-1,s1d1,2354,7.764296006450518,8918.0,9.095939,38.125140165956495,53.92464678178964,64.54361964566047,75.19623233908949,675.0,6.516193,7.568961,3073.0,8.030735,34.458397,39.0,3.6888795,0.4373178,2354,0.02395001735508504,False,2,4,10,12,B_cells,B_cells,Naive_B,0
CTAGACAGTTGGTACT-1,s1d1,1516,7.324489979348532,5972.0,8.695004,46.935699933020764,64.9531145344943,73.55994641661086,82.98727394507702,734.0,6.5998707,12.29069,2577.0,7.854769,43.15137,15.0,2.7725887,0.25117213,1515,0.02330363262508568,False,2,4,10,12,B_cells,B_cells,Naive_B,0
CTAGGTAAGTCAGCCC-1,s1d1,1185,7.078341579557671,3056.0,8.025189,36.78010471204188,50.13089005235602,62.10732984293193,77.58507853403141,184.0,5.220356,6.020942,743.0,6.612041,24.312826,16.0,2.8332133,0.5235602,1185,0.029787234042553193,False,2,9,13,15,B_cells,B_cells,B_cell,1
CTAGGTATCAGACTGT-1,s1d1,306,5.726847747587197,921.0,6.8265452,72.20412595005429,77.63300760043431,88.49077090119435,100.0,518.0,6.251904,56.24321,29.0,3.4011974,3.1487513,6.0,1.9459102,0.6514658,306,0.13260869565217392,False,2,4,2,2,B_cells,B_cells,Naive_B,0
CTATCCGAGTCACACT-1,s1d1,931,6.837332814685591,2158.0,7.6774006,51.43651529193698,57.13623725671918,66.12604263206673,80.02780352177943,488.0,6.1923623,22.613531,47.0,3.871201,2.1779425,16.0,2.8332133,0.74142724,931,0.02087410306588389,False,2,4,2,2,B_cells,B_cells,Naive_B,0
CTATCCGTCGTAGGGA-1,s1d1,887,6.78897174299217,1843.0,7.5196924,44.81823114487249,52.14324470971242,62.723819858925665,79.00162778079218,397.0,5.986452,21.540966,88.0,4.4886365,4.7748237,13.0,2.6390574,0.7053717,887,0.04532019704433497,False,2,4,2,2,B_cells,B_cells,Naive_B,0
CTATCTAAGGAGAGTA-1,s1d1,822,6.71295620067707,2376.0,7.7735944,40.53030303030303,59.17508417508418,72.05387205387206,86.44781144781145,183.0,5.214936,7.7020206,862.0,6.7604146,36.27946,15.0,2.7725887,0.63131315,822,0.017639902676399026,False,2,4,10,12,B_cells,B_cells,Naive_B,0
CTATCTATCTCCTGCA-1,s1d1,1901,7.550661243105336,6779.0,8.8217325,41.25977282785072,57.39784629001328,67.07478979200472,77.54831096031863,584.0,6.371612,8.61484,2483.0,7.8176255,36.62782,15.0,2.7725887,0.22127157,1901,0.02145922746781116,False,2,4,10,12,B_cells,B_cells,Naive_B,0
CTCAACCCAGGGAGAG-1,s1d1,1146,7.044905117129371,4225.0,8.349011,44.40236686390532,63.17159763313609,74.29585798816568,84.71005917159763,335.0,5.817111,7.928994,1942.0,7.5719886,45.964497,18.0,2.944439,0.42603552,1146,0.02330363262508568,False,2,4,10,12,B_cells,B_cells,Naive_B,0
CTCAACCCATAGGAGC-1,s1d1,1573,7.3613754289773485,4778.0,8.471987,40.45625784847216,54.625366262034326,65.15278359146086,77.54290498116366,549.0,6.3099184,11.490163,1443.0,7.275172,30.20092,16.0,2.8332133,0.33486813,1572,0.024613220815752467,False,2,4,10,12,B_cells,B_cells,Naive_B,0
CTCAATTCAGTATTCG-1,s1d1,1919,7.560080465021827,6474.0,8.775703,39.52734012974977,55.59159715786222,65.41550818659252,76.55236329935126,600.0,6.398595,9.26784,2309.0,7.7450027,35.665737,25.0,3.2580965,0.38616002,1919,0.02599277978339351,False,2,4,10,12,B_cells,B_cells,Naive_B,0
CTCAATTTCGTAATGC-1,s1d1,951,6.858565034791365,2784.0,7.932003,40.589080459770116,58.58477011494253,70.51005747126436,83.80028735632183,232.0,5.4510384,8.333334,1102.0,7.005789,39.583336,8.0,2.1972246,0.28735632,951,0.00877620672842516,False,2,4,10,12,B_cells,B_cells,Naive_B,0
CTCACTGGTAGACAAT-1,s1d1,1720,7.450660796211539,5071.0,8.53149,36.36363636363637,51.19305856832972,62.51232498521002,75.64582922500493,353.0,5.869297,6.961152,1503.0,7.3158836,29.639126,18.0,2.944439,0.35495958,1720,0.028206092515983452,False,2,4,10,12,B_cells,B_cells,Naive_B,0
CTCACTGTCAATCAGC-1,s1d1,1184,7.077498053569231,3745.0,8.228444,39.946595460614155,58.024032042723626,69.90654205607477,81.73564753004005,179.0,5.192957,4.779706,1549.0,7.34601,41.361816,11.0,2.4849067,0.29372495,1184,0.013532173432753385,False,2,4,10,12,B_cells,B_cells,Naive_B,0
CTCAGGGAGCGCCCAT-1,s1d1,1827,7.510977752014095,6079.0,8.71276,38.39447277512748,53.93979272906728,65.56999506497779,77.38114821516697,684.0,6.529419,11.25185,1884.0,7.541683,30.99194,26.0,3.295837,0.42770192,1826,0.018148262073208247,False,2,4,10,12,B_cells,B_cells,Naive_B,0
CTCAGGGTCCACGAAT-1,s1d1,1573,7.3613754289773485,4399.0,8.389359,36.962946124119114,52.14821550352353,62.96885655830871,75.6080927483519,245.0,5.5053315,5.5694475,1437.0,7.2710085,32.666515,15.0,2.7725887,0.34098658,1573,0.024613220815752467,False,2,13,16,23,B_cells,B_cells,Naive_B,0
CTCAGGGTCGCTGATA-1,s1d1,1262,7.141245122350491,3323.0,8.108924,53.505868191393326,58.471260908817335,64.91122479687029,77.06891363226,1104.0,7.007601,33.222992,101.0,4.624973,3.0394223,26.0,3.295837,0.7824255,1260,0.17278911564625846,False,2,4,2,2,B_cells,B_cells,Naive_B,0
CTCAGTCAGTCGAAAT-1,s1d1,1877,7.537962659768208,5948.0,8.690978,37.40753194351043,52.18560860793544,62.91190316072629,75.20174848688634,370.0,5.916202,6.220578,1915.0,7.557995,32.195698,18.0,2.944439,0.30262274,1875,0.018148262073208247,False,2,13,16,23,B_cells,B_cells,Naive_B,0
CTCAGTCCACCTCTAC-1,s1d1,1003,6.911747300251674,2251.0,7.719574,49.71123944913372,55.486450466459345,64.3269657929809,77.65437583296313,434.0,6.075346,19.280321,108.0,4.691348,4.797868,22.0,3.1354942,0.97734344,1001,0.055900621118012424,False,2,4,2,2,B_cells,B_cells,Naive_B,0
CTCATCGAGCCGTTGC-1,s1d1,2356,7.7651449029361315,9752.0,9.18533,40.67883511074651,57.967596390484,67.95529122231338,77.66611977030354,783.0,6.664409,8.029122,3691.0,8.213923,37.848644,12.0,2.5649493,0.12305168,2354,0.017142857142857147,False,2,13,16,23,B_cells,B_cells,Naive_B,0
CTCATGCCAATGACCT-1,s1d1,1180,7.074116816197362,3905.0,8.270269,43.71318822023048,61.17797695262483,71.60051216389245,82.58642765685019,316.0,5.7589016,8.09219,1641.0,7.4036703,42.02305,16.0,2.8332133,0.40973112,1179,0.019745222929936305,False,2,13,16,23,B_cells,B_cells,Naive_B,0
CTCCAACAGCGCTGAA-1,s1d1,662,6.4967749901858625,1351.0,7.20934,50.33308660251665,57.735011102886745,65.80310880829016,88.00888230940045,404.0,6.003887,29.903776,39.0,3.6888795,2.8867505,21.0,3.0910425,1.5544041,662,0.00814176245210728,False,2,4,2,2,B_cells,B_cells,Naive_B,0
CTCCAACCAGGGAATC-1,s1d1,1889,7.5443321080536885,4502.0,8.412499,36.36161705908485,44.135939582407815,52.843180808529546,67.61439360284318,665.0,6.50129,14.771213,637.0,6.4583383,14.149266,20.0,3.0445225,0.444247,1889,0.02599277978339351,False,2,13,16,23,B_cells,B_cells,Naive_B,0
CTCCACAAGAAGAGCA-1,s1d1,1549,7.346010209913293,5071.0,8.53149,39.77519226976928,56.65549201340958,67.28455925852889,79.31374482350621,447.0,6.104793,8.81483,1932.0,7.5668287,38.098995,18.0,2.944439,0.35495958,1548,0.030612244897959183,False,2,13,16,23,B_cells,B_cells,Naive_B,0
CTCCACAAGCGCCCAT-1,s1d1,1500,7.313886831633462,3543.0,8.173012,34.716342082980525,45.8650860852385,56.3646627152131,71.77533163985323,246.0,5.5093884,6.9432683,714.0,6.572283,20.152414,22.0,3.1354942,0.6209427,1500,0.052574525745257464,False,2,9,13,15,B_cells,B_cells,B_cell,1
CTCCACAGTGTGTGTT-1,s1d1,821,6.71174039505618,1752.0,7.469084,47.26027397260274,53.99543378995434,64.55479452054794,81.67808219178082,458.0,6.1290503,26.141552,47.0,3.871201,2.6826484,16.0,2.8332133,0.913242,821,0.018148262073208247,False,2,4,2,2,B_cells,B_cells,Naive_B,0
CTCCTCCCACAAATAG-1,s1d1,2222,7.706612913964197,6890.0,8.837972,35.73294629898404,49.46298984034833,59.840348330914374,71.43686502177069,599.0,6.3969297,8.693759,1919.0,7.5600805,27.85196,31.0,3.465736,0.44992742,2221,0.01920050361976708,False,2,13,16,23,B_cells,B_cells,Naive_B,0
CTCCTTTTCGCCAACG-1,s1d1,4516,8.415603335654604,18228.0,9.810769,35.30283080974325,46.274961597542244,55.17335966644722,65.49813473776608,1389.0,7.237059,7.620145,4367.0,8.382061,23.957647,38.0,3.6635616,0.20847048,4513,0.3753424657534244,True,2,4,10,12,B_cells,B_cells,Naive_B,0
CTCGAGGCAAGTGTCT-1,s1d1,1905,7.552762084214147,6647.0,8.802072,40.048142018955915,55.73943132240108,66.18023168346623,77.28298480517527,626.0,6.4409466,9.417783,2430.0,7.796058,36.557846,17.0,2.8903718,0.25575447,1905,0.02330363262508568,False,2,13,16,23,B_cells,B_cells,Naive_B,0
CTCTCAGGTTTGGAAA-1,s1d1,363,5.8971538676367405,1199.0,7.090077,72.89407839866556,78.0650542118432,86.40533778148458,100.0,562.0,6.3332796,46.87239,59.0,4.0943446,4.9207673,14.0,2.7080503,1.1676397,362,0.16321243523316062,False,2,4,2,2,B_cells,B_cells,Naive_B,0
CTCTCAGTCCTCCACA-1,s1d1,1453,7.282073658093465,4336.0,8.374938,35.49354243542435,51.91420664206642,64.09132841328413,78.02121771217713,351.0,5.8636312,8.095018,1382.0,7.2320104,31.872692,14.0,2.7080503,0.3228782,1453,0.02671057446030004,False,2,4,10,12,B_cells,B_cells,Naive_B,0
CTCTCGAGTCTGTAGT-1,s1d1,1439,7.272398392570047,4635.0,8.441607,40.3883495145631,56.44012944983818,67.50809061488673,79.7411003236246,486.0,6.1882644,10.485436,1508.0,7.3192024,32.535057,21.0,3.0910425,0.45307443,1439,0.020302932645826624,False,2,13,16,23,B_cells,B_cells,Naive_B,0
CTCTGGTGTATGTCCA-1,s1d1,1752,7.469083884921234,6449.0,8.771835,39.432470150410914,57.1406419599938,68.28965731121104,79.40766010234145,451.0,6.1136823,6.9933324,2670.0,7.8902082,41.401768,39.0,3.6888795,0.6047449,1752,0.027448071216617215,False,2,4,10,12,B_cells,B_cells,Naive_B,0
CTGAATGCACCGTCTT-1,s1d1,2018,7.610357618312838,6055.0,8.708805,36.01981833195706,49.95871180842279,60.528488852188275,72.6672171758877,577.0,6.359574,9.529315,1715.0,7.4477515,28.323698,24.0,3.218876,0.39636666,2018,0.030612244897959183,False,2,4,10,12,B_cells,B_cells,Naive_B,0
CTGAGCGAGCAATAGT-1,s1d1,622,6.434546518787453,1490.0,7.3072023,59.261744966442954,64.96644295302013,71.67785234899328,91.81208053691276,626.0,6.4409466,42.01342,15.0,2.7725887,1.0067114,20.0,3.0445225,1.3422819,621,0.014378347899633496,False,2,4,2,2,B_cells,B_cells,Naive_B,0
CTGAGCGAGTGCGTCC-1,s1d1,2859,7.958576903813898,10258.0,9.23591,30.62000389939559,44.96003119516475,56.9409241567557,69.39949307857282,609.0,6.413459,5.9368296,3050.0,8.023225,29.732891,27.0,3.3322046,0.2632092,2857,0.03818827708703375,False,2,9,13,15,B_cells,B_cells,B_cell,1
CTGAGCGGTTTGCAGT-1,s1d1,1390,7.237778191923443,4462.0,8.403577,42.51456745853877,58.090542357687134,68.80322725235321,80.05378753922008,555.0,6.3207684,12.438369,1450.0,7.2800083,32.496635,27.0,3.3322046,0.6051098,1390,0.016656751933372994,False,2,13,16,23,B_cells,B_cells,Naive_B,0
CTGATCCGTAGTCTTG-1,s1d1,401,5.996452088619021,1165.0,7.0613346,69.87124463519314,74.16309012875536,82.74678111587983,100.0,645.0,6.4707994,55.364807,38.0,3.6635616,3.2618027,11.0,2.4849067,0.944206,401,0.013950892857142856,False,2,4,2,2,B_cells,B_cells,Naive_B,0
CTGCATCAGTGTTCCA-1,s1d1,1504,7.316548177182976,4065.0,8.310415,40.8610086100861,52.767527675276746,62.50922509225092,75.30135301353013,790.0,6.673298,19.434195,845.0,6.7405195,20.787209,4.0,1.609438,0.09840098,1504,0.18338108882521495,False,2,13,16,23,B_cells,B_cells,Naive_B,0
CTGCCATCAGTGGGTA-1,s1d1,1855,7.526178913346146,4521.0,8.41671,30.50210130502101,41.406768414067685,52.37779252377792,67.90533067905331,301.0,5.710427,6.657819,869.0,6.768493,19.22141,15.0,2.7725887,0.331785,1854,0.03927765237020317,False,2,9,13,15,B_cells,B_cells,B_cell,1
CTGCGAGAGTTGCATC-1,s1d1,882,6.78332520060396,1874.0,7.536364,33.83137673425827,47.54535752401281,61.04589114194236,79.61579509071505,154.0,5.043425,8.217716,382.0,5.9480352,20.384205,12.0,2.5649493,0.6403415,882,0.02599277978339351,False,2,4,10,15,B_cells,B_cells,Naive_B,0
CTGCTCACATCCTGTC-1,s1d1,2130,7.664346632098617,7464.0,8.917981,40.474276527331185,53.443193997856376,64.09431939978563,75.05359056806003,744.0,6.6133842,9.967846,1878.0,7.538495,25.160772,28.0,3.3672957,0.375134,2128,0.052574525745257464,False,2,13,16,33,B_cells,B_cells,Naive_B,0
CTGCTCATCGACACTA-1,s1d1,1084,6.98933526597456,3034.0,8.017967,39.683586025049436,56.163480553724455,67.43572841133818,80.75148319050757,250.0,5.525453,8.239947,1110.0,7.0130157,36.585365,4.0,1.609438,0.13183916,1084,0.014378347899633496,False,2,4,10,12,B_cells,B_cells,Naive_B,0
CTGGACGTCCGATAAC-1,s1d1,1113,7.01571242048723,4622.0,8.438799,47.706620510601475,67.97922977066206,77.3691042838598,86.73734314149719,430.0,6.066108,9.303332,2303.0,7.742402,49.826916,12.0,2.5649493,0.25962788,1113,0.009433962264150943,False,2,4,10,12,B_cells,B_cells,Naive_B,0
CTGGCAGGTATGGGAC-1,s1d1,1087,6.992096427415888,2238.0,7.7137847,45.39767649687221,50.67024128686327,59.60679177837355,73.77122430741734,616.0,6.424869,27.524576,64.0,4.1743875,2.8596961,21.0,3.0910425,0.93833774,1087,0.00814176245210728,False,2,4,2,2,B_cells,B_cells,Naive_B,0
CTGGCAGTCTACGCGG-1,s1d1,1742,7.463363045520021,5902.0,8.683216,37.597424601829886,54.13419179939004,66.06235174517113,78.0582853270078,478.0,6.1717005,8.098949,2013.0,7.607878,34.107082,20.0,3.0445225,0.3388682,1742,0.02330363262508568,False,2,4,10,12,B_cells,B_cells,Naive_B,0
CTGGTCTTCCACGTCT-1,s1d1,1942,7.57198844937744,5311.0,8.5777235,35.793635850122385,49.105629824891736,58.275277725475426,71.22952363020147,411.0,6.0210233,7.738656,1554.0,7.349231,29.260027,24.0,3.218876,0.4518923,1942,0.044025157232704414,False,2,13,16,23,B_cells,B_cells,Naive_B,0
CTGTACCCACGAAGAC-1,s1d1,1971,7.586803535162581,6310.0,8.75005,38.526148969889064,53.29635499207607,63.42313787638669,74.91283676703645,571.0,6.349139,9.049128,2068.0,7.6348205,32.773376,8.0,2.1972246,0.12678288,1969,0.02087410306588389,False,2,13,16,23,B_cells,B_cells,Naive_B,0
CTGTACCTCTCGTTTA-1,s1d1,1856,7.526717561352706,7924.0,8.9777775,43.81625441696113,62.63250883392226,72.7284199899041,82.07975769813225,618.0,6.4281054,7.7990913,3538.0,8.171599,44.649166,19.0,2.9957323,0.2397779,1856,0.04040404040404041,False,2,13,16,23,B_cells,B_cells,Naive_B,0
CTGTAGATCACGTCCT-1,s1d1,1248,7.130098510125578,3529.0,8.169053,42.561632190422216,55.90818928875036,65.71266647775575,78.80419382261263,551.0,6.313548,15.613489,965.0,6.8731637,27.344856,20.0,3.0445225,0.56673276,1248,0.02087410306588389,False,2,13,16,23,B_cells,B_cells,Naive_B,0
CTGTATTGTTGTTGAC-1,s1d1,1777,7.48324441607385,5256.0,8.567316,36.37747336377473,51.579147640791476,62.19558599695586,75.03805175038052,428.0,6.061457,8.143075,1636.0,7.4006205,31.126331,25.0,3.2580965,0.47564688,1777,0.027448071216617215,False,2,4,10,12,B_cells,B_cells,Naive_B,0
CTGTGGGCATAATCCG-1,s1d1,2049,7.6255950721324535,6752.0,8.817742,40.21030805687204,54.04324644549763,64.114336492891,75.2813981042654,1022.0,6.930495,15.136255,1966.0,7.5842648,29.117298,21.0,3.0910425,0.31101897,2049,0.024613220815752467,False,2,4,10,12,B_cells,B_cells,Naive_B,0
CTGTGGGGTCCTTAAG-1,s1d1,379,5.940171252720432,939.0,6.84588,64.21725239616613,70.28753993610223,80.93716719914804,100.0,395.0,5.9814143,42.06603,31.0,3.465736,3.3013842,9.0,2.3025851,0.9584664,379,0.011189175123601354,False,2,4,2,2,B_cells,B_cells,Naive_B,0
CTTACCGAGATTCGCT-1,s1d1,1719,7.450079569807499,4797.0,8.475954,36.251824056702105,48.05086512403586,58.76589535126121,72.94142172190952,460.0,6.133398,9.589327,924.0,6.829794,19.262037,16.0,2.8332133,0.33354178,1719,0.028206092515983452,False,2,9,13,15,B_cells,B_cells,B_cell,1
CTTACCGAGCCACCGT-1,s1d1,1494,7.3098814858247865,5141.0,8.5451975,41.353822213577125,58.43221163197821,69.14997082279713,80.66524022563704,340.0,5.8318825,6.6134996,1906.0,7.5532866,37.0745,15.0,2.7725887,0.29177204,1494,0.017142857142857147,False,2,13,16,23,B_cells,B_cells,Naive_B,0
CTTAGGACACATGGTT-1,s1d1,2119,7.659171367666058,6328.0,8.752897,28.682048040455122,43.59987357774968,55.70480404551201,70.27496839443742,204.0,5.32301,3.2237675,1895.0,7.5475016,29.94627,12.0,2.5649493,0.18963337,2118,0.029787234042553193,False,2,9,13,15,B_cells,B_cells,B_cell,1
CTTAGGAGTTGGATCT-1,s1d1,1766,7.4770384723196965,5158.0,8.548498,35.57580457541683,47.90616518030244,59.2865451725475,73.82706475378053,477.0,6.169611,9.24777,1028.0,6.9363427,19.930206,20.0,3.0445225,0.3877472,1765,0.02671057446030004,False,2,13,13,15,B_cells,B_cells,Naive_B,1
CTTAGGATCTATCGGA-1,s1d1,1502,7.315218389752975,4981.0,8.513587,41.618148966071075,58.38185103392893,68.54045372415177,79.88355751857057,558.0,6.3261495,11.20257,1804.0,7.498316,36.21763,14.0,2.7080503,0.28106806,1502,0.028206092515983452,False,2,4,10,12,B_cells,B_cells,Naive_B,0
CTTAGGATCTCTATAC-1,s1d1,2126,7.6624678152002375,7333.0,8.900276,41.292786035728895,55.02522841947361,64.61202781944634,75.20796399836355,819.0,6.7093043,11.16869,2297.0,7.7397943,31.324152,25.0,3.2580965,0.3409246,2125,0.1951588502269289,False,2,4,10,12,B_cells,B_cells,Naive_B,0
CTTCAATAGTGCAGGT-1,s1d1,957,6.86484777797086,2650.0,7.8826923,60.0,64.18867924528303,71.43396226415094,82.75471698113208,1075.0,6.9810057,40.56604,49.0,3.912023,1.8490566,16.0,2.8332133,0.6037736,955,0.018148262073208247,False,2,4,2,2,B_cells,B_cells,Naive_B,0
CTTCAATTCCAGCAAT-1,s1d1,1792,7.491645473605133,5411.0,8.596374,36.7954167436703,51.17353539087045,62.225097024579554,74.95841803733137,524.0,6.263398,9.683977,1506.0,7.3178763,27.832195,9.0,2.3025851,0.16632785,1792,0.18338108882521495,False,2,4,10,36,B_cells,B_cells,Naive_B,0
CTTCCGACAACGCATT-1,s1d1,1268,7.1459844677143876,2476.0,7.8148036,38.65105008077545,44.709208400646204,53.10985460420032,68.98222940226171,508.0,6.232448,20.516964,52.0,3.9702919,2.1001616,23.0,3.1780539,0.92891765,1267,0.013950892857142856,False,2,4,2,2,B_cells,B_cells,Naive_B,0
CTTCCTTAGCCATTCA-1,s1d1,2189,7.691656822810547,6681.0,8.807173,34.03682083520431,47.17856608292172,57.536296961532706,70.39365364466397,475.0,6.1654177,7.1097145,1864.0,7.5310163,27.900017,19.0,2.9957323,0.28438857,2187,0.033237587197373825,False,2,4,10,12,B_cells,B_cells,Naive_B,0
CTTCCTTGTATCGAAA-1,s1d1,2019,7.61085279039525,7649.0,8.942461,41.4825467381357,57.91606745979867,68.13962609491436,78.27166949928095,702.0,6.555357,9.1776705,2956.0,7.9919305,38.645573,23.0,3.1780539,0.30069292,2018,0.029787234042553193,False,2,4,10,12,B_cells,B_cells,Naive_B,0
CTTCCTTTCGCGTGAC-1,s1d1,947,6.854354502255021,3624.0,8.19561,47.35099337748344,67.02538631346579,76.73841059602648,87.66556291390728,295.0,5.6903596,8.140177,1776.0,7.4826818,49.006622,14.0,2.7080503,0.38631347,947,0.01920050361976708,False,2,13,16,23,B_cells,B_cells,Naive_B,0
CTTCGGTAGGAAGTGA-1,s1d1,1514,7.323170717943469,5200.0,8.556606,41.19230769230769,58.42307692307692,69.0,80.5,407.0,6.011267,7.826923,2069.0,7.635304,39.78846,22.0,3.1354942,0.42307693,1514,0.03512484130342784,False,2,13,16,23,B_cells,B_cells,Naive_B,0
CTTCGGTGTATCTCTT-1,s1d1,1158,7.055312843339752,2627.0,7.8739786,46.859535591929955,52.95013323182337,60.86791016368481,74.95241720593833,625.0,6.4393506,23.791397,120.0,4.7957907,4.5679483,26.0,3.295837,0.9897221,1157,0.02671057446030004,False,2,13,16,23,B_cells,B_cells,Naive_B,0
CTTCTAAAGAATGTTG-1,s1d1,915,6.82001636467413,1985.0,7.593878,47.95969773299748,54.35768261964735,63.97984886649874,79.09319899244332,493.0,6.2025356,24.836271,98.0,4.59512,4.937028,12.0,2.5649493,0.60453403,914,0.02671057446030004,False,2,4,2,2,B_cells,B_cells,Naive_B,0
CTTCTAAGTAGCTTAC-1,s1d1,1505,7.317212408359839,4843.0,8.4854965,39.78938674375387,56.659095601899644,67.58207722486063,79.2483997522197,423.0,6.0497336,8.734255,1718.0,7.449498,35.47388,12.0,2.5649493,0.24778031,1505,0.013950892857142856,False,2,13,16,23,B_cells,B_cells,Naive_B,0
CTTGAGAAGGATACAT-1,s1d1,1804,7.498315870766981,6343.0,8.755265,40.50134005990856,57.874822639129754,68.48494403279204,79.15812706921015,549.0,6.3099184,8.6552105,2525.0,7.8343925,39.807663,20.0,3.0445225,0.3153082,1804,0.028985507246376812,False,2,13,16,23,B_cells,B_cells,Naive_B,0
CTTGAGAGTCTTCCGT-1,s1d1,1713,7.446585099157725,5238.0,8.563886,36.597938144329895,52.27185948835433,63.115693012600225,75.86865215731196,505.0,6.2265368,9.641084,1581.0,7.366445,30.183277,13.0,2.6390574,0.24818633,1711,0.02671057446030004,False,2,13,16,23,B_cells,B_cells,Naive_B,0
CTTGAGAGTCTTGGTA-1,s1d1,1519,7.326465613840322,6072.0,8.711608,46.08036890645587,63.356389986824766,72.94137022397892,83.21805006587614,717.0,6.5764694,11.808301,2550.0,7.8442407,41.996048,17.0,2.8903718,0.27997366,1519,0.02087410306588389,False,2,13,16,33,B_cells,B_cells,Naive_B,0
CTTGAGAGTTCACGAT-1,s1d1,1643,7.404887575616125,5374.0,8.589514,39.225902493487155,55.41496092296241,66.35653144771119,78.73092668403424,512.0,6.240276,9.527354,1852.0,7.5245614,34.462227,16.0,2.8332133,0.29772982,1643,0.02087410306588389,False,2,4,10,12,B_cells,B_cells,Naive_B,0
CTTGATTAGGTACCTT-1,s1d1,2774,7.928406026180535,11320.0,9.3344145,45.697879858657245,57.95053003533569,66.49293286219081,75.57420494699647,1938.0,7.5699277,17.12014,3130.0,8.049108,27.650177,16.0,2.8332133,0.14134276,2773,0.28151260504201703,True,2,4,10,12,B_cells,B_cells,Naive_B,0
CTTTCAACACGCAAAG-1,s1d1,2096,7.64826303090192,7336.0,8.900685,38.52235550708833,54.839149400218105,65.36259541984732,76.06324972737187,494.0,6.204558,6.7339153,2531.0,7.836765,34.50109,19.0,2.9957323,0.25899673,2096,0.02145922746781116,False,2,4,10,12,B_cells,B_cells,Naive_B,0
CTTTCAAGTATTCCTT-1,s1d1,508,6.2324480165505225,1231.0,7.116394,61.73842404549147,66.85621445978879,74.97969130787978,99.35012185215271,558.0,6.3261495,45.329002,31.0,3.465736,2.518278,11.0,2.4849067,0.8935825,507,0.012325830653804931,False,2,4,2,2,B_cells,B_cells,Naive_B,0
CTTTCAAGTCACCCTT-1,s1d1,2019,7.61085279039525,6291.0,8.747034,36.957558416785886,50.58019392783342,60.56270863137816,72.69114608170402,436.0,6.079933,6.9305363,1673.0,7.4229712,26.593546,31.0,3.465736,0.49276742,2019,0.02395001735508504,False,2,13,16,23,B_cells,B_cells,Naive_B,0
CTTTCAATCAAGCCTA-1,s1d1,1010,6.918695219020472,3581.0,8.183677,43.339849204132925,63.6414409382854,74.69980452387601,85.75816810946662,297.0,5.6970935,8.293773,1626.0,7.394493,45.40631,5.0,1.7917595,0.1396258,1010,0.009771986970684038,False,2,4,10,12,B_cells,B_cells,Naive_B,0
CTTTCGGGTACGGATG-1,s1d1,2358,7.765993079407675,8915.0,9.095603,40.10095344924285,56.724621424565335,66.10207515423444,75.90577678070667,747.0,6.617403,8.379136,3302.0,8.102587,37.0387,20.0,3.0445225,0.224341,2356,0.12072434607645872,False,2,13,16,23,B_cells,B_cells,Naive_B,0
CTTTCGGTCGTGGGAA-1,s1d1,1654,7.411556287811163,5858.0,8.6757345,41.39638101741209,58.29634687606692,68.7606691703653,79.9590303857972,664.0,6.499787,11.334927,2199.0,7.696213,37.53841,22.0,3.1354942,0.3755548,1654,0.020302932645826624,False,2,13,16,23,B_cells,B_cells,Naive_B,0
GAAACCTGTCTTCGAA-1,s1d1,2392,7.780303087908373,7789.0,8.960596,42.88098600590576,53.08768776479651,61.625369110283735,72.15303633329054,1722.0,7.4518223,22.1081,1608.0,7.383368,20.644499,25.0,3.2580965,0.32096547,2391,0.04040404040404041,False,2,4,10,12,B_cells,B_cells,Naive_B,0
GAAACCTTCATACAGC-1,s1d1,1104,7.007600613951853,5179.0,8.552561,49.95172813284418,70.30314732573856,79.9768295037652,88.3375168951535,384.0,5.9532433,7.4145584,2773.0,7.9280457,53.543156,9.0,2.3025851,0.17377873,1104,0.017639902676399026,False,2,4,10,12,B_cells,B_cells,Naive_B,0
GAACACTAGGCTCCCA-1,s1d1,2002,7.602401335665818,6013.0,8.701845,36.63728588059205,51.60485614501913,61.33377681689672,72.9918509895227,385.0,5.9558372,6.4027944,1833.0,7.5142546,30.483952,30.0,3.4339871,0.498919,2002,0.03818827708703375,False,2,13,16,23,B_cells,B_cells,Naive_B,0
GAACACTGTTTCAGAC-1,s1d1,1879,7.539027055823995,5650.0,8.639587,35.04424778761062,50.902654867256636,62.24778761061947,74.35398230088495,364.0,5.8998976,6.4424777,1726.0,7.454141,30.548674,18.0,2.944439,0.31858408,1878,0.034166666666666665,False,2,4,10,12,B_cells,B_cells,Naive_B,0
GAACGTTCAAATGAGT-1,s1d1,2098,7.649216319820633,6935.0,8.8444805,36.481614996395095,51.751982696467195,62.855082912761354,74.44844989185292,456.0,6.1246834,6.575342,2331.0,7.754482,33.61211,27.0,3.3322046,0.3893295,2098,0.024613220815752467,False,2,4,10,12,B_cells,B_cells,Naive_B,0
GAACGTTGTGGTCTTA-1,s1d1,1482,7.301822342137932,4673.0,8.449771,39.67472715600257,56.15236464797775,66.9163278407875,78.98566231542907,499.0,6.214608,10.678365,1519.0,7.3264656,32.505886,14.0,2.7080503,0.29959342,1482,0.015260581629714942,False,2,4,10,12,B_cells,B_cells,Naive_B,0
GAACGTTTCTGAGAGG-1,s1d1,1621,7.3914152346753585,5338.0,8.582793,38.83476957662046,55.71375046834021,66.89771449981266,78.99962532783815,460.0,6.133398,8.61746,1912.0,7.556428,35.818657,20.0,3.0445225,0.37467217,1621,0.028985507246376812,False,2,4,10,12,B_cells,B_cells,Naive_B,0
GAACTGTAGATGAATC-1,s1d1,1866,7.532088143541722,6100.0,8.716208,38.16393442622951,54.180327868852466,64.52459016393442,76.19672131147541,486.0,6.1882644,7.9672127,2132.0,7.6652846,34.95082,26.0,3.295837,0.4262295,1866,0.02205882352941177,False,2,13,16,23,B_cells,B_cells,Naive_B,0
GAACTGTAGGACCCAA-1,s1d1,556,6.322565239927284,1676.0,7.424762,64.73747016706443,71.53937947494033,78.75894988066825,96.65871121718376,718.0,6.5778613,42.840096,148.0,5.0039463,8.830549,18.0,2.944439,1.0739857,555,0.10588235294117652,False,2,4,2,2,B_cells,B_cells,Naive_B,0
GAACTGTGTATCAGCT-1,s1d1,1287,7.160845906664299,4340.0,8.37586,45.89861751152074,61.63594470046083,71.70506912442396,81.86635944700461,367.0,5.908083,8.456222,1625.0,7.3938785,37.442394,15.0,2.7725887,0.34562212,1286,0.11542192046556742,False,2,13,16,23,B_cells,B_cells,Naive_B,0
GAACTGTGTTCCAAAC-1,s1d1,1854,7.5256399750415355,7363.0,8.904359,41.50482140431889,58.76680700801303,69.45538503327448,79.81800896373761,517.0,6.249975,7.021595,2928.0,7.982416,39.7664,19.0,2.9957323,0.25804698,1854,0.01618122977346279,False,2,4,10,12,B_cells,B_cells,Naive_B,0
GAAGAATAGGCACAAC-1,s1d1,1755,7.470793774195062,5407.0,8.595634,39.00499352690956,52.875901609025334,63.78768263362308,76.14203809876086,584.0,6.371612,10.800814,1499.0,7.3132205,27.723322,22.0,3.1354942,0.40688,1755,0.03927765237020317,False,2,13,16,23,B_cells,B_cells,Naive_B,0
GAAGAATCAGTTTCAG-1,s1d1,1156,7.053585727193677,4061.0,8.309431,44.52105392760404,62.49692194040877,73.3563161782812,83.84634326520562,418.0,6.037871,10.293032,1739.0,7.4616404,42.821964,13.0,2.6390574,0.3201182,1156,0.012325830653804931,False,2,13,16,23,B_cells,B_cells,Naive_B,0
GAAGAATCATCGATAC-1,s1d1,1680,7.427144133408616,5499.0,8.612503,39.479905437352244,54.40989270776505,65.48463356973994,77.99599927259501,478.0,6.1717005,8.69249,1675.0,7.4241652,30.460083,21.0,3.0910425,0.3818876,1679,0.013950892857142856,False,2,13,16,23,B_cells,B_cells,Naive_B,0
GAAGCCCCAAGGACAC-1,s1d1,1651,7.409741954080923,3881.0,8.264106,33.986086060293744,45.06570471527957,54.88276217469724,70.34269518165421,367.0,5.908083,9.456326,738.0,6.605298,19.015717,31.0,3.465736,0.7987632,1649,0.03713411970292704,False,2,4,10,12,B_cells,B_cells,Naive_B,0
GAAGCCCCAGCACCCA-1,s1d1,2017,7.609862200913554,6209.0,8.733916,37.33290384925109,50.9904976646803,61.426960863263005,73.32903849251086,464.0,6.1420374,7.4730234,1776.0,7.4826818,28.60364,22.0,3.1354942,0.35432437,2017,0.019745222929936305,False,2,4,10,12,B_cells,B_cells,Naive_B,0
GAAGCGATCCGGACTG-1,s1d1,1697,7.437206366871292,5413.0,8.596744,38.11195270644745,53.79641603547016,65.47201182338814,77.8126731941622,308.0,5.733341,5.6900053,1864.0,7.5310163,34.43562,26.0,3.295837,0.48032516,1696,0.030612244897959183,False,2,4,10,12,B_cells,B_cells,Naive_B,0
GAAGGACCAGCCTACG-1,s1d1,1389,7.237059026124737,4490.0,8.409831,37.57238307349666,55.612472160356354,67.30512249443207,80.20044543429844,380.0,5.9427996,8.463251,1639.0,7.4024515,36.50334,24.0,3.218876,0.53452116,1388,0.012719891745602164,False,2,4,10,12,B_cells,B_cells,Naive_B,0
GAAGGACGTATTTCCT-1,s1d1,2205,7.698936199813447,5511.0,8.614683,27.436037016875343,39.30321175830158,50.51714752313554,64.97913264380331,257.0,5.5529594,4.6634,1078.0,6.98379,19.560879,27.0,3.3322046,0.48992923,2204,0.030612244897959183,False,2,9,13,15,B_cells,B_cells,B_cell,1
GAAGGGTCACCAGTAT-1,s1d1,1847,7.521859252201629,6586.0,8.792853,42.605526875189796,58.411782569085936,67.91679319769207,78.59095050106286,631.0,6.4488893,9.58093,2430.0,7.796058,36.896446,20.0,3.0445225,0.30367446,1846,0.017639902676399026,False,2,13,16,23,B_cells,B_cells,Naive_B,0
GAAGGGTCACCATATG-1,s1d1,1674,7.423568444259167,4695.0,8.454467,35.07987220447284,50.94781682641107,61.66134185303515,74.99467518636848,334.0,5.814131,7.1139507,1530.0,7.3336763,32.58786,30.0,3.4339871,0.63897765,1674,0.028985507246376812,False,2,4,10,12,B_cells,B_cells,Naive_B,0
GAAGTAAAGTCCCAAT-1,s1d1,1185,7.078341579557671,3269.0,8.0925455,37.99327011318446,53.99204649739981,65.83052921382686,79.04557968797798,237.0,5.4722705,7.2499237,1073.0,6.9791455,32.823494,18.0,2.944439,0.5506271,1184,0.012325830653804931,False,2,4,10,12,B_cells,B_cells,Naive_B,0
GAAGTAACAAACTAAG-1,s1d1,1975,7.588829878307813,6619.0,8.797851,39.447046381628645,55.204713702976285,65.0702523039734,75.84227224656293,628.0,6.4441314,9.487839,2277.0,7.7310534,34.400967,32.0,3.4965076,0.48345673,1975,0.024613220815752467,False,2,4,10,12,B_cells,B_cells,Naive_B,0
GAATCACAGCTTAGTC-1,s1d1,830,6.7226297948554485,1879.0,7.539027,53.539116551357104,58.86109632783395,66.47152740819585,82.4374667376264,558.0,6.3261495,29.696646,41.0,3.7376697,2.1820116,15.0,2.7725887,0.7982969,829,0.018148262073208247,False,2,4,2,2,B_cells,B_cells,Naive_B,0
GAATCACTCTCTATGT-1,s1d1,392,5.973809611869261,794.0,6.6783423,55.16372795969773,63.22418136020151,75.81863979848866,100.0,296.0,5.6937323,37.2796,25.0,3.2580965,3.1486146,23.0,3.1780539,2.8967254,392,0.028985507246376812,False,2,9,13,15,B_cells,B_cells,B_cell,0
GAATCGTCAGCGATTT-1,s1d1,1542,7.341483852363161,4601.0,8.434246,40.14344707672245,54.85763964355574,65.09454466420344,77.35274940230384,427.0,6.059123,9.280591,1477.0,7.298445,32.10172,17.0,2.8903718,0.36948487,1542,0.017639902676399026,False,2,4,10,12,B_cells,B_cells,Naive_B,0
GAATCGTTCAGAGTTC-1,s1d1,571,6.349138991379798,1350.0,7.2086005,57.18518518518518,64.5925925925926,72.51851851851852,94.74074074074073,473.0,6.161207,35.037037,79.0,4.3820267,5.851852,16.0,2.8332133,1.1851852,571,0.0868217054263566,False,2,4,2,2,B_cells,B_cells,Naive_B,0
GACAGCCAGCACCTGC-1,s1d1,768,6.645090969505644,1664.0,7.4175806,52.644230769230774,58.65384615384615,65.86538461538461,83.89423076923077,515.0,6.2461066,30.949518,42.0,3.7612002,2.5240383,17.0,2.8903718,1.0216346,768,0.007529411764705883,False,2,4,2,2,B_cells,B_cells,Naive_B,0
GACATCAGTTAAGACA-1,s1d1,1986,7.594381242551817,5688.0,8.64629,33.22784810126582,47.74964838255977,59.10689170182841,71.80028129395218,282.0,5.645447,4.957806,1670.0,7.4211774,29.360056,27.0,3.3322046,0.47468352,1986,0.030612244897959183,False,2,4,10,12,B_cells,B_cells,Naive_B,0
GACCAATCACATTCTT-1,s1d1,1743,7.463936604468925,4089.0,8.3163,29.78723404255319,40.52335534360479,51.30838835901198,68.01173881144534,223.0,5.411646,5.453656,717.0,6.5764694,17.53485,18.0,2.944439,0.44020545,1743,0.04277566539923954,False,2,9,13,15,B_cells,B_cells,B_cell,1
GACCCAGAGGTCGACA-1,s1d1,1712,7.44600149832412,6267.0,8.743213,43.05090154779001,59.74150311153662,69.34737513962024,80.0702090314345,606.0,6.408529,9.669699,2426.0,7.794411,38.71071,31.0,3.465736,0.49465454,1712,0.028206092515983452,False,2,13,16,23,B_cells,B_cells,Naive_B,0
GACCCAGGTCGCACAC-1,s1d1,2488,7.819636302367592,8404.0,9.036582,35.93526891956211,50.8567348881485,61.137553545930515,72.15611613517373,810.0,6.698268,9.6382675,2474.0,7.813996,29.438362,19.0,2.9957323,0.22608282,2487,0.02671057446030004,False,2,13,16,23,B_cells,B_cells,Naive_B,0
GACCCTTCAATACCTG-1,s1d1,470,6.154858094016418,1106.0,7.009409,59.94575045207957,66.54611211573237,75.5877034358047,100.0,471.0,6.156979,42.585896,44.0,3.8066626,3.9783,14.0,2.7080503,1.2658228,470,0.20833333333333326,False,2,4,2,2,B_cells,B_cells,Naive_B,0
GACCCTTGTGGCAGAT-1,s1d1,305,5.723585101952381,782.0,6.6631327,66.87979539641944,73.78516624040921,86.57289002557545,100.0,369.0,5.913503,47.1867,61.0,4.1271343,7.8005114,9.0,2.3025851,1.1508951,305,0.0701058201058201,False,2,4,2,2,B_cells,B_cells,Naive_B,0
GACCCTTTCCATGATG-1,s1d1,2084,7.642524134232902,7501.0,8.922925,41.52779629382749,56.01919744034129,65.84455405945874,76.45647247033729,746.0,6.616065,9.94534,2474.0,7.813996,32.98227,30.0,3.4339871,0.39994666,2082,0.09754028837998303,False,2,13,16,23,B_cells,B_cells,Naive_B,0
GACCGTGAGTAGACAT-1,s1d1,1819,7.506591780070841,6558.0,8.788593,40.66788655077767,56.96858798414151,67.67307105824946,78.62153095455932,581.0,6.3664703,8.859408,2329.0,7.7536235,35.513874,36.0,3.6109178,0.5489478,1818,0.020302932645826624,False,2,4,10,12,B_cells,B_cells,Naive_B,0
GACGCTGAGGCTATCT-1,s1d1,869,6.76849321164863,1833.0,7.5142546,32.95144571740317,48.717948717948715,62.138570649208944,79.86906710310966,98.0,4.59512,5.346427,552.0,6.315358,30.114567,8.0,2.1972246,0.436443,869,0.1951588502269289,False,2,4,10,36,B_cells,B_cells,Naive_B,0
GACTATGCAGAACTTC-1,s1d1,1384,7.233455418621439,2888.0,7.9686656,38.57340720221607,44.73684210526316,53.2202216066482,69.39058171745152,534.0,6.2822666,18.490305,133.0,4.89784,4.605263,41.0,3.7376697,1.4196676,1384,0.025293908086925547,False,2,13,16,23,B_cells,B_cells,Naive_B,0
GACTGATCATTCTCTA-1,s1d1,2402,7.784473235736469,9948.0,9.205227,40.33976678729393,55.55890631282669,66.29473260956976,77.1210293526337,720.0,6.5806394,7.2376356,3493.0,8.158802,35.112587,34.0,3.5553482,0.34177724,2402,0.04040404040404041,False,2,4,10,12,B_cells,B_cells,Naive_B,0
GACTTCCCAACCAATC-1,s1d1,2152,7.674617497364363,6646.0,8.801921,34.08065001504664,49.20252783629251,59.840505567258504,72.05838098104122,357.0,5.880533,5.371652,1997.0,7.599902,30.04815,33.0,3.5263605,0.4965393,2152,0.025293908086925547,False,2,13,16,23,B_cells,B_cells,Naive_B,0
GACTTCCCAGTAACGG-1,s1d1,1804,7.498315870766981,6512.0,8.781555,41.078009828009826,57.90847665847666,68.01289926289927,78.68550368550369,497.0,6.2106,7.632064,2512.0,7.8292327,38.57494,28.0,3.3672957,0.42997542,1804,0.02395001735508504,False,2,4,10,12,B_cells,B_cells,Naive_B,0
GACTTCCCAGTAGGAC-1,s1d1,1017,6.925595197110468,3166.0,8.06054,43.588123815540115,60.960202147820596,71.63613392293115,83.67024636765635,219.0,5.3936276,6.917246,1381.0,7.231287,43.61971,10.0,2.3978953,0.31585598,1017,0.016656751933372994,False,2,4,10,12,B_cells,B_cells,Naive_B,0
GAGACCCCAACTGGTT-1,s1d1,2721,7.909122183211411,10393.0,9.248984,39.969210045222745,53.66111806023285,62.97507938035216,73.28009236986433,803.0,6.6895995,7.726354,3301.0,8.1022835,31.761763,27.0,3.3322046,0.25979024,2721,0.04805725971370142,False,2,4,10,12,B_cells,B_cells,Naive_B,0
GAGACTTCATTACGGT-1,s1d1,1577,7.363913501405819,5183.0,8.553332,39.841790468840436,56.627435847964506,67.31622612386649,79.22052865136021,356.0,5.8777356,6.868609,1875.0,7.536897,36.17596,23.0,3.1780539,0.44375843,1577,0.01866832607342875,False,2,4,10,12,B_cells,B_cells,Naive_B,0
GAGAGGTCAGAACTAA-1,s1d1,1590,7.372118028337787,5581.0,8.627302,42.87762049811862,58.51997849847697,68.32108941049991,80.30818849668519,740.0,6.6080008,13.259273,1870.0,7.5342283,33.50654,15.0,2.7725887,0.26876903,1589,0.017142857142857147,False,2,13,16,23,B_cells,B_cells,Naive_B,0
GAGATGGCAGTTCCAA-1,s1d1,1604,7.380879035564116,5980.0,8.696343,41.77257525083612,59.68227424749164,70.35117056856187,81.53846153846153,340.0,5.8318825,5.685619,2523.0,7.8336,42.190636,25.0,3.2580965,0.41806018,1604,0.011939506500397984,False,2,13,16,23,B_cells,B_cells,Naive_B,0
GAGATGGTCCGTAGTA-1,s1d1,1367,7.221105098182496,5229.0,8.562166,43.6029833620195,60.872059667240386,72.32740485752534,83.4193918531268,355.0,5.874931,6.7890606,2354.0,7.764296,45.01817,22.0,3.1354942,0.42073056,1367,0.20833333333333326,False,2,4,10,36,B_cells,B_cells,Naive_B,0
GAGCCTGCAGTGAGCA-1,s1d1,2145,7.671360923190644,5840.0,8.672657,30.42808219178082,43.15068493150685,53.93835616438356,67.67123287671232,265.0,5.583496,4.537671,1385.0,7.234177,23.715754,23.0,3.1780539,0.3938356,2144,0.03611349957007739,False,2,9,13,15,B_cells,B_cells,B_cell,1
GAGCCTGGTTTAGTCG-1,s1d1,2279,7.731930721948486,6689.0,8.80837,32.770219763791296,46.34474510390193,56.719988040065786,69.1732695470175,548.0,6.3080983,8.192554,1829.0,7.512071,27.3434,20.0,3.0445225,0.29899836,2279,0.018148262073208247,False,2,13,16,23,B_cells,B_cells,Naive_B,0
GAGGCAACACTGTGTA-1,s1d1,1342,7.202661196523238,3223.0,8.078378,44.2134657151722,51.56686317095873,60.19236735960285,73.87527148619299,676.0,6.517671,20.974247,288.0,5.6664267,8.935774,18.0,2.944439,0.55848587,1342,0.052574525745257464,False,2,4,2,2,B_cells,B_cells,Naive_B,0
GAGGCAAGTGCCCTTT-1,s1d1,452,6.115892125483034,1051.0,6.9584484,59.181731684110375,66.5080875356803,76.02283539486203,100.0,385.0,5.9558372,36.63178,33.0,3.5263605,3.1398668,24.0,3.218876,2.2835395,452,0.034166666666666665,False,2,4,2,2,B_cells,B_cells,Naive_B,0
GAGGCCTCATAGAAAC-1,s1d1,2624,7.872836175025724,9134.0,9.119868,38.395007663674185,51.72980074447121,61.002846507554196,71.95095248522006,794.0,6.6783423,8.692796,2748.0,7.9189925,30.085394,30.0,3.4339871,0.32844317,2623,0.04666332162568991,False,2,4,10,12,B_cells,B_cells,Naive_B,0
GAGGGATCAAAGCTAA-1,s1d1,1217,7.1049654482698426,2631.0,7.8754992,45.72405929304447,50.93120486507031,58.532877232991254,72.74800456100343,624.0,6.437752,23.717216,96.0,4.574711,3.6488028,31.0,3.465736,1.1782593,1217,0.024613220815752467,False,2,4,2,2,B_cells,B_cells,Naive_B,0
GAGGGTAAGCGACAGT-1,s1d1,1197,7.088408778675395,3555.0,8.176392,41.715893108298175,56.45569620253165,67.59493670886076,80.39381153305204,455.0,6.122493,12.798874,1201.0,7.091742,33.7834,20.0,3.0445225,0.5625879,1197,0.02671057446030004,False,2,13,16,23,B_cells,B_cells,Naive_B,0
GAGGGTAGTTCAGGTT-1,s1d1,1711,7.445417556701687,5526.0,8.6174,40.02895403546869,55.77271082157076,66.5218964893232,78.08541440463264,565.0,6.338594,10.224394,1901.0,7.550661,34.401016,19.0,2.9957323,0.34382915,1711,0.02330363262508568,False,2,4,10,12,B_cells,B_cells,Naive_B,0
GAGGGTATCGTAACCA-1,s1d1,1991,7.596894438144544,7394.0,8.90856,38.19312956451177,55.04463078171491,66.28347308628618,77.27887476332161,599.0,6.3969297,8.101163,2706.0,7.9035964,36.59724,21.0,3.0910425,0.28401405,1991,0.028206092515983452,False,2,4,10,12,B_cells,B_cells,Naive_B,0
GAGTCATAGTGCCAGA-1,s1d1,1674,7.423568444259167,5508.0,8.614139,40.86782861292665,56.0639070442992,66.35802469135803,78.46768336964416,734.0,6.5998707,13.326071,1821.0,7.50769,33.061,14.0,2.7080503,0.25417575,1674,0.02671057446030004,False,2,13,16,23,B_cells,B_cells,Naive_B,0
GAGTCATGTTTAGACC-1,s1d1,1740,7.462214939768189,5633.0,8.636575,41.00834368897568,55.29913012604296,65.1695366589739,77.15249423042783,536.0,6.2859983,9.515356,1840.0,7.518064,32.664654,25.0,3.2580965,0.44381326,1738,0.06778566817301485,False,2,13,16,33,B_cells,B_cells,Naive_B,0
GAGTCTAGTGTCGCTG-1,s1d1,818,6.70808408385307,1960.0,7.5812097,46.275510204081634,57.44897959183673,68.36734693877551,83.77551020408164,516.0,6.248043,26.32653,453.0,6.1180973,23.112246,8.0,2.1972246,0.40816325,817,0.01571594877764843,False,2,13,16,23,B_cells,B_cells,Naive_B,0
GAGTCTATCAGTCATG-1,s1d1,1692,7.4342573821331355,6366.0,8.758883,42.004398366321084,59.34652843229657,69.93402450518379,80.85139805215206,658.0,6.4907236,10.336161,2372.0,7.77191,37.260445,16.0,2.8332133,0.2513352,1692,0.014814814814814819,False,2,13,16,23,B_cells,B_cells,Naive_B,0
GAGTGTTAGAGGCGGA-1,s1d1,1918,7.5595594960077,6729.0,8.81433,38.43067320552831,54.510328429187105,65.53722692822113,76.90592955862684,508.0,6.232448,7.549413,2478.0,7.8156104,36.82568,26.0,3.295837,0.38638726,1918,0.01618122977346279,False,2,4,10,12,B_cells,B_cells,Naive_B,0
GAGTGTTAGCATACTC-1,s1d1,1481,7.301147805856032,4362.0,8.380916,35.51123337918386,51.30674002751031,63.48005502063274,77.51031636863824,276.0,5.6240177,6.3273726,1483.0,7.3024964,33.998165,13.0,2.6390574,0.2980284,1480,0.02087410306588389,False,2,4,10,12,B_cells,B_cells,Naive_B,0
GAGTGTTAGCATCGAG-1,s1d1,681,6.525029657843462,1669.0,7.420579,57.21989215098861,63.21150389454764,71.18034751348112,89.15518274415818,606.0,6.408529,36.309166,31.0,3.465736,1.8573996,14.0,2.7080503,0.83882564,681,0.009433962264150943,False,2,4,2,2,B_cells,B_cells,Naive_B,0
GAGTTACCACCGAATT-1,s1d1,1862,7.529943370601589,6756.0,8.818335,40.42332741267022,57.267613972764956,68.07282415630551,78.84843102427472,467.0,6.1484685,6.9123745,2633.0,7.876259,38.972767,20.0,3.0445225,0.29603314,1861,0.02145922746781116,False,2,13,16,23,B_cells,B_cells,Naive_B,0
GAGTTACCAGGCTATT-1,s1d1,1255,7.135687347028144,4216.0,8.346879,40.96299810246679,58.46774193548387,69.73434535104364,82.09203036053131,362.0,5.894403,8.586337,1719.0,7.4500794,40.773247,18.0,2.944439,0.42694494,1255,0.017142857142857147,False,2,13,16,23,B_cells,B_cells,Naive_B,0
GAGTTACGTCTCGACG-1,s1d1,1599,7.3777589082278725,4666.0,8.448272,38.55550792970424,52.29318474067723,62.75182168881269,76.4466352336048,511.0,6.2383246,10.951565,1379.0,7.229839,29.55422,17.0,2.8903718,0.36433777,1598,0.033237587197373825,False,2,4,10,12,B_cells,B_cells,Naive_B,0
GAGTTGTTCTGCCTCA-1,s1d1,1874,7.536363938404511,5625.0,8.635154,35.39555555555556,49.88444444444444,61.04888888888888,73.79555555555555,477.0,6.169611,8.48,1677.0,7.425358,29.813334,25.0,3.2580965,0.44444445,1873,0.028206092515983452,False,2,4,10,12,B_cells,B_cells,Naive_B,0
GATAGAACAGGACTTT-1,s1d1,1360,7.215975002651466,3282.0,8.096513,49.93906154783668,54.6617915904936,60.99939061547837,73.79646556977453,774.0,6.652863,23.583181,63.0,4.158883,1.9195613,23.0,3.1780539,0.7007922,1359,0.02205882352941177,False,2,4,2,2,B_cells,B_cells,Naive_B,0
GATAGAAGTACTGCCG-1,s1d1,1896,7.5480289699350145,6102.0,8.716536,37.70894788593904,52.98262864634546,63.7823664372337,75.84398557849885,441.0,6.09131,7.2271385,2065.0,7.6333694,33.841362,15.0,2.7725887,0.24582103,1895,0.017639902676399026,False,2,13,16,23,B_cells,B_cells,Naive_B,0
GATAGAAGTAGATCGG-1,s1d1,862,6.760414691083428,1742.0,7.463363,45.407577497129736,52.123995407577496,61.99770378874856,79.21928817451206,417.0,6.0354815,23.938002,66.0,4.204693,3.7887483,39.0,3.6888795,2.238806,862,0.02330363262508568,False,2,4,2,2,B_cells,B_cells,Naive_B,0
GATAGAATCTGTTGGA-1,s1d1,1662,7.416378479192928,5292.0,8.574141,37.60393046107332,52.966742252456534,64.64474678760394,77.45653817082389,394.0,5.9788857,7.4452004,1766.0,7.4770384,33.371128,16.0,2.8332133,0.30234316,1661,0.01618122977346279,False,2,13,16,23,B_cells,B_cells,Naive_B,0
GATAGCTAGACTCGAG-1,s1d1,1935,7.568379267836522,4549.0,8.422882,31.589360298966806,40.51439876896021,50.62651132116949,65.92657726972962,350.0,5.8607864,7.6939983,704.0,6.558198,15.475929,23.0,3.1780539,0.50560564,1935,0.03713411970292704,False,2,9,13,15,B_cells,B_cells,B_cell,1
GATAGCTGTTACGTAC-1,s1d1,1374,7.226209010100671,4164.0,8.334472,39.19308357348703,54.99519692603266,66.45052833813641,79.01056676272815,341.0,5.8348107,8.18924,1423.0,7.261225,34.17387,11.0,2.4849067,0.26416907,1374,0.01920050361976708,False,2,13,16,23,B_cells,B_cells,Naive_B,0
GATCACACACAACCGC-1,s1d1,756,6.6293632534374485,1523.0,7.329094,46.68417596848325,53.84110308601444,63.493105712409715,83.19107025607354,405.0,6.0063534,26.59225,49.0,3.912023,3.2173343,27.0,3.3322046,1.7728169,756,0.030612244897959183,False,2,4,2,2,B_cells,B_cells,Naive_B,0
GATCACAGTCTGTCAA-1,s1d1,1783,7.486613313139955,5651.0,8.639765,38.86037869403645,54.59210759157671,64.62572995929924,76.5882144753141,459.0,6.1312265,8.122456,1959.0,7.5807,34.66643,24.0,3.218876,0.4247036,1782,0.018148262073208247,False,2,4,10,12,B_cells,B_cells,Naive_B,0
GATCAGTAGACTGAGC-1,s1d1,1294,7.166265974133638,3493.0,8.158802,40.53821929573432,53.850558259375894,64.07099914113942,77.26882336100773,405.0,6.0063534,11.594618,1121.0,7.022868,32.092754,21.0,3.0910425,0.60120237,1293,0.03927765237020317,False,2,13,16,33,B_cells,B_cells,Naive_B,0
GATCATGAGTAGGCCA-1,s1d1,3113,8.043663352393944,13325.0,9.497473,36.50281425891182,51.947467166979365,62.86679174484052,73.13320825515947,1009.0,6.9177055,7.5722327,4382.0,8.3854885,32.885555,46.0,3.8501477,0.34521577,3111,0.052574525745257464,False,2,13,16,33,B_cells,B_cells,Naive_B,0
GATCATGCACGGTAGA-1,s1d1,1512,7.321849713788356,4650.0,8.444838,39.462365591397855,55.46236559139784,65.95698924731182,78.23655913978494,389.0,5.966147,8.365592,1631.0,7.3975616,35.075268,14.0,2.7080503,0.30107525,1512,0.025293908086925547,False,2,4,10,12,B_cells,B_cells,Naive_B,0
GATCGTACAATAGAGT-1,s1d1,1607,7.382746449738912,5724.0,8.652597,43.76310272536688,59.870719776380156,69.42697414395528,80.66037735849056,488.0,6.1923623,8.525506,2256.0,7.7217917,39.413,9.0,2.3025851,0.1572327,1606,0.018148262073208247,False,2,13,16,23,B_cells,B_cells,Naive_B,0
GATGACTCAGCCTACG-1,s1d1,2241,7.715123603632105,7626.0,8.93945,38.23760818253344,53.0159979019145,63.427747180697615,74.31156569630213,381.0,5.9454207,4.996066,2589.0,7.859413,33.949646,8.0,2.1972246,0.10490428,2241,0.02145922746781116,False,2,4,10,12,B_cells,B_cells,Naive_B,0
GATGACTGTGGGACAT-1,s1d1,1782,7.48605261786314,5909.0,8.6844015,38.094432222034186,54.983922829581985,65.62870198003046,77.32272804196988,355.0,5.874931,6.007785,2234.0,7.7119966,37.806736,22.0,3.1354942,0.37231344,1779,0.0314615690959777,False,2,13,16,23,B_cells,B_cells,Naive_B,0
GATGACTTCTGCTTTA-1,s1d1,1932,7.566828479208331,7284.0,8.893573,43.6161449752883,58.40197693574959,68.49258649093905,78.77539813289401,822.0,6.7129564,11.285008,2295.0,7.7389235,31.507414,14.0,2.7080503,0.19220209,1931,0.028206092515983452,False,2,13,16,33,B_cells,B_cells,Naive_B,0
GATGAGGAGGAGGTTC-1,s1d1,906,6.810142450115136,1701.0,7.4395595,40.44679600235156,48.08935920047031,58.49500293944738,76.13168724279835,451.0,6.1136823,26.513815,162.0,5.09375,9.523809,18.0,2.944439,1.0582011,905,0.028985507246376812,False,2,13,16,23,B_cells,B_cells,Naive_B,0
GATGAGGCAGCCCAGT-1,s1d1,420,6.042632833682381,942.0,6.8490663,59.554140127388536,66.02972399150742,76.64543524416136,100.0,295.0,5.6903596,31.316349,38.0,3.6635616,4.0339704,23.0,3.1780539,2.4416137,420,0.013532173432753385,False,2,4,2,2,B_cells,B_cells,Naive_B,0
GATGAGGGTATCATGC-1,s1d1,854,6.75110146893676,1849.0,7.522941,49.86479177934019,55.4353704705246,64.6295294753921,80.85451595457003,555.0,6.3207684,30.016226,62.0,4.1431346,3.353164,29.0,3.4011974,1.5684154,854,0.01920050361976708,False,2,4,2,2,B_cells,B_cells,Naive_B,0
GATGAGGTCATTGCCC-1,s1d1,2072,7.636752112435779,6735.0,8.815222,37.357089829250185,52.90274684484039,63.01410541945063,74.44691907943579,631.0,6.4488893,9.368968,2152.0,7.6746173,31.952488,28.0,3.3672957,0.41573867,2072,0.03512484130342784,False,2,4,10,12,B_cells,B_cells,Naive_B,0
GATGATCGTTCGAACT-1,s1d1,1237,7.121252453244542,3024.0,8.014667,40.773809523809526,51.42195767195767,61.24338624338625,75.62830687830689,350.0,5.8607864,11.574074,778.0,6.658011,25.727514,16.0,2.8332133,0.52910054,1235,0.028206092515983452,False,2,4,2,12,B_cells,B_cells,Naive_B,0
GATGATCTCAACCTTT-1,s1d1,1645,7.406103381237015,5692.0,8.646993,41.23330990864371,56.974701335207314,67.32255797610681,79.28671820098384,392.0,5.9738097,6.8868585,2101.0,7.650645,36.911453,17.0,2.8903718,0.29866478,1645,0.019745222929936305,False,2,4,10,12,B_cells,B_cells,Naive_B,0
GATGATCTCCACTTCG-1,s1d1,2243,7.716015266642587,9353.0,9.143559,41.62300866032289,57.46819202394954,67.99957232973377,78.22089169250508,622.0,6.4345465,6.650273,3572.0,8.181161,38.190956,20.0,3.0445225,0.21383514,2241,0.027448071216617215,False,2,13,16,23,B_cells,B_cells,Naive_B,0
GATGGAGCAGGAGGTT-1,s1d1,861,6.759255270663693,1714.0,7.4471684,44.28238039673279,50.816802800466746,61.43523920653442,78.93815635939323,467.0,6.1484685,27.246206,48.0,3.8918204,2.8004668,11.0,2.4849067,0.64177364,860,0.013532173432753385,False,2,13,16,2,B_cells,B_cells,Naive_B,0
GATGTTGAGAATTTGG-1,s1d1,3307,8.104099056143582,12506.0,9.434044,33.719814489045255,46.24180393411162,56.92467615544538,68.83096113865345,857.0,6.7546043,6.852711,2908.0,7.9755645,23.252838,43.0,3.7841897,0.34383497,3305,0.02671057446030004,False,2,9,13,15,B_cells,B_cells,B_cell,1
GATGTTGGTGTTCGAT-1,s1d1,1581,7.366445148327599,4924.0,8.50208,40.88139723801787,55.34118602761983,66.08448415922015,78.04630381803412,443.0,6.0958247,8.996751,1441.0,7.2737865,29.264826,22.0,3.1354942,0.44679126,1581,0.03713411970292704,False,2,4,10,12,B_cells,B_cells,Naive_B,0
GATGTTGTCGGAGTAG-1,s1d1,1480,7.300472814267799,2994.0,8.0047,25.551102204408814,35.97194388777555,48.39679358717434,67.26786907147628,147.0,4.9972124,4.9098196,438.0,6.0844994,14.629258,16.0,2.8332133,0.53440213,1479,0.03512484130342784,False,2,9,13,15,B_cells,B_cells,B_cell,1
GATTCTTAGCTACGTT-1,s1d1,2259,7.723120092266331,6230.0,8.737292,29.727126805778493,41.829855537720704,53.29052969502408,67.28731942215089,227.0,5.4293456,3.6436598,1380.0,7.230563,22.150883,28.0,3.3672957,0.4494382,2257,0.0314615690959777,False,2,9,13,15,B_cells,B_cells,B_cell,1
GATTCTTCAATAGGGC-1,s1d1,2274,7.729735331385051,8374.0,9.033007,39.22856460472892,55.182708383090514,64.37783615954143,74.9104370671125,563.0,6.3350544,6.723191,3157.0,8.057694,37.700024,14.0,2.7080503,0.16718414,2274,0.034166666666666665,False,2,4,10,12,B_cells,B_cells,Naive_B,0
GATTCTTCAGACCGCT-1,s1d1,634,6.453624998892692,1243.0,7.126087,48.99436846339501,57.03942075623492,65.08447304907482,89.21962992759454,303.0,5.7170277,24.376509,27.0,3.3322046,2.172164,22.0,3.1354942,1.7699115,634,0.06346272335181764,False,2,4,2,2,B_cells,B_cells,Naive_B,0
GATTCTTCAGAGGCTA-1,s1d1,1745,7.465082736399547,6312.0,8.750366,42.157794676806084,59.442332065906214,69.35994930291508,79.87959442332065,490.0,6.196444,7.762991,2618.0,7.870548,41.476555,13.0,2.6390574,0.2059569,1745,0.02671057446030004,False,2,13,16,23,B_cells,B_cells,Naive_B,0
GATTTCTAGGAGCTGT-1,s1d1,443,6.095824562432225,981.0,6.889591,58.00203873598369,65.03567787971458,75.22935779816514,100.0,386.0,5.9584246,39.347603,26.0,3.295837,2.6503568,12.0,2.5649493,1.2232417,443,0.017142857142857147,False,2,4,2,2,B_cells,B_cells,Naive_B,0
GATTTCTCACGCGTGT-1,s1d1,582,6.368187186350492,1182.0,7.075809,51.26903553299492,59.22165820642979,67.68189509306261,93.06260575296108,351.0,5.8636312,29.69543,38.0,3.6635616,3.2148902,11.0,2.4849067,0.93062603,582,0.00910209102091021,False,2,4,2,2,B_cells,B_cells,Naive_B,0
GATTTCTTCCGCTAGG-1,s1d1,349,5.857933154483459,715.0,6.5736804,58.18181818181818,65.17482517482517,79.16083916083916,100.0,294.0,5.6869755,41.11888,33.0,3.5263605,4.6153846,6.0,1.9459102,0.83916086,349,0.018148262073208247,False,2,4,2,2,B_cells,B_cells,Naive_B,0
GATTTCTTCGCTGATA-1,s1d1,2319,7.749322464660356,7988.0,8.985821,37.48122183274912,50.375563345017525,61.65498247371056,73.39759639459189,443.0,6.0958247,5.545819,2154.0,7.675546,26.965448,40.0,3.713572,0.50075114,2318,0.04805725971370142,False,2,4,10,12,B_cells,B_cells,Naive_B,0
GCAACATAGCTGAAAT-1,s1d1,2285,7.734558844354756,7921.0,8.977399,39.41421537684636,54.38707233935109,64.07019315742963,74.48554475445019,483.0,6.182085,6.097715,2907.0,7.9752207,36.699913,20.0,3.0445225,0.25249338,2285,0.4207317073170726,True,2,13,16,12,B_cells,B_cells,Naive_B,0
GCAACATGTCCGAAAG-1,s1d1,2167,7.681560362559537,7405.0,8.910046,41.60702228224173,55.867656988521276,64.74004051316678,75.1384199864956,580.0,6.364751,7.8325458,2445.0,7.8022094,33.01823,14.0,2.7080503,0.18906143,2167,0.03927765237020317,False,2,13,16,33,B_cells,B_cells,Naive_B,0
GCAACCGGTACAGAGC-1,s1d1,2332,7.75491027202143,8789.0,9.08137,38.19547161224258,54.727500284446464,65.081351689612,75.66276026851747,715.0,6.5736804,8.135169,3211.0,8.074649,36.5343,27.0,3.3322046,0.3072022,2332,0.02599277978339351,False,2,13,16,23,B_cells,B_cells,Naive_B,0
GCAACCGGTCAACACT-1,s1d1,1710,7.444833273892193,5604.0,8.631414,41.220556745182016,55.567451820128476,65.77444682369736,77.8372591006424,470.0,6.154858,8.386867,1848.0,7.5224004,32.976444,13.0,2.6390574,0.23197715,1710,0.02599277978339351,False,2,13,16,23,B_cells,B_cells,Naive_B,0
GCACATAAGCGAATGC-1,s1d1,1555,7.349873704738337,5278.0,8.571492,40.86775293671845,56.59340659340659,67.67715043577113,80.01136794240242,401.0,5.9964523,7.5975747,1939.0,7.570443,36.7374,18.0,2.944439,0.34103826,1554,0.02205882352941177,False,2,4,10,12,B_cells,B_cells,Naive_B,0
GCACATAAGCTACAAA-1,s1d1,1885,7.542213463193403,6355.0,8.757154,37.89142407553108,53.67427222659323,65.3658536585366,76.93154996066089,358.0,5.8833222,5.6333594,2209.0,7.700748,34.760033,21.0,3.0910425,0.33044848,1885,0.01866832607342875,False,2,4,10,12,B_cells,B_cells,Naive_B,0
GCACATATCACAAGAA-1,s1d1,288,5.666426688112432,622.0,6.4345465,61.7363344051447,69.77491961414792,85.85209003215434,100.0,262.0,5.572154,42.122185,25.0,3.2580965,4.0192924,20.0,3.0445225,3.215434,288,0.044025157232704414,False,2,9,13,15,B_cells,B_cells,B_cell,0
GCACGGTCAGCTCGGT-1,s1d1,1743,7.463936604468925,4181.0,8.338545,29.299210715139917,41.16240133939249,53.14518057880889,69.55273857928725,252.0,5.5333896,6.0272665,778.0,6.658011,18.607988,14.0,2.7080503,0.3348481,1742,0.029787234042553193,False,2,9,13,15,B_cells,B_cells,B_cell,1
GCACGTGGTCGAACAG-1,s1d1,773,6.651571873589727,1731.0,7.457032,51.70421721548239,57.65453495089543,66.89774696707106,84.22876949740035,543.0,6.2989492,31.36915,29.0,3.4011974,1.6753322,20.0,3.0445225,1.1554015,772,0.009433962264150943,False,2,4,2,2,B_cells,B_cells,Naive_B,0
GCACGTGGTGAAGCGT-1,s1d1,1766,7.4770384723196965,5729.0,8.653471,37.89492057950777,54.56449642171408,65.78809565369174,77.48298132309304,367.0,5.908083,6.406005,2141.0,7.669495,37.37127,21.0,3.0910425,0.3665561,1766,0.02145922746781116,False,2,13,16,23,B_cells,B_cells,Naive_B,0
GCACGTGTCCCTCTAG-1,s1d1,1058,6.9650803456014065,3407.0,8.133881,43.20516583504549,60.61050777810391,71.52920457880833,83.62195479894335,355.0,5.874931,10.419724,1371.0,7.224025,40.24068,8.0,2.1972246,0.23481068,1057,0.011560693641618498,False,2,4,10,12,B_cells,B_cells,Naive_B,0
GCACTAACAATTGCTG-1,s1d1,658,6.490723534502507,1361.0,7.2167096,50.33063923585599,57.6781778104335,66.34827332843497,88.39088905216752,393.0,5.976351,28.875828,29.0,3.4011974,2.1307862,15.0,2.7725887,1.1021308,656,0.04666332162568991,False,2,9,13,15,B_cells,B_cells,B_cell,1
GCACTAAGTGCCGTAC-1,s1d1,1332,7.195187320178709,3504.0,8.161945,38.89840182648402,52.425799086758,62.78538812785388,76.25570776255708,272.0,5.609472,7.762557,1039.0,6.946976,29.651827,12.0,2.5649493,0.34246576,1332,0.028206092515983452,False,2,13,16,23,B_cells,B_cells,Naive_B,0
GCAGCCACAAGTTCGT-1,s1d1,523,6.261491684321042,1039.0,6.946976,50.62560153994225,59.28777670837344,68.91241578440808,97.78633301251203,312.0,5.7462034,30.028873,54.0,4.0073333,5.197305,10.0,2.3978953,0.962464,523,0.02395001735508504,False,2,4,2,2,B_cells,B_cells,Naive_B,0
GCAGCCAGTAGCTTGT-1,s1d1,1858,7.527793987721444,5654.0,8.640295,36.5935620799434,51.34418111071808,62.221436151397235,74.54899186416696,395.0,5.9814143,6.9862046,1777.0,7.4832444,31.429077,15.0,2.7725887,0.2652989,1857,0.033237587197373825,False,2,4,10,12,B_cells,B_cells,Naive_B,0
GCAGCCATCGATCCCT-1,s1d1,2116,7.6577552711348655,6391.0,8.762802,34.548583946174304,48.30230010952902,59.223908621498985,71.3972774213738,517.0,6.249975,8.0895,1807.0,7.4999766,28.274137,31.0,3.465736,0.48505712,2113,0.01920050361976708,False,2,13,16,23,B_cells,B_cells,Naive_B,0
GCAGCTGAGACCATGG-1,s1d1,1950,7.576097340623111,5988.0,8.6976795,35.77154308617235,51.686706746826985,62.5751503006012,74.44889779559118,480.0,6.175867,8.016032,1998.0,7.6004024,33.366734,28.0,3.3672957,0.4676019,1950,0.022673434856175977,False,2,13,16,23,B_cells,B_cells,Naive_B,0
GCAGCTGCATGAGAAT-1,s1d1,1605,7.381501894506707,3512.0,8.164226,29.584282460136674,40.176537585421414,50.597949886104786,68.53644646924829,188.0,5.241747,5.353075,602.0,6.401917,17.14123,23.0,3.1780539,0.6548975,1605,0.030612244897959183,False,2,9,13,15,B_cells,B_cells,B_cell,1
GCAGGCTCACAATGCT-1,s1d1,2428,7.795234929002173,7473.0,8.919186,34.09607921852,45.015388732771314,55.01137428074401,68.71403720058879,441.0,6.09131,5.9012446,1398.0,7.243513,18.707348,33.0,3.5263605,0.4415897,2428,0.03512484130342784,False,2,9,13,15,B_cells,B_cells,B_cell,1
GCAGGCTGTAGCTTTG-1,s1d1,1985,7.593877844605118,6285.0,8.74608,38.07478122513922,53.06284805091488,62.84805091487669,74.4948289578361,385.0,5.9558372,6.125696,2151.0,7.674153,34.224342,28.0,3.3672957,0.44550517,1985,0.032336297493936954,False,2,13,16,23,B_cells,B_cells,Naive_B,0
GCAGGCTGTTAAACCC-1,s1d1,1281,7.156176637480615,4411.0,8.392083,40.761732033552484,59.05690319655407,70.82294264339151,82.29426433915212,408.0,6.0137153,9.249603,1725.0,7.453562,39.106777,17.0,2.8903718,0.38540015,1281,0.01920050361976708,False,2,4,10,12,B_cells,B_cells,Naive_B,0
GCATCGGAGACTCTAC-1,s1d1,1537,7.338238150065589,4871.0,8.49126,39.64278382262369,55.224799835762674,65.92075549168548,78.71073701498665,355.0,5.874931,7.288031,1766.0,7.4770384,36.25539,19.0,2.9957323,0.39006364,1537,0.029787234042553193,False,2,4,10,12,B_cells,B_cells,Naive_B,0
GCATCGGGTAATGTGA-1,s1d1,1418,7.257707677160043,4546.0,8.422223,40.32116146062473,56.4232292124945,67.55389353277607,79.8064232292125,461.0,6.135565,10.140783,1610.0,7.38461,35.415752,22.0,3.1354942,0.48394194,1418,0.017142857142857147,False,2,4,10,12,B_cells,B_cells,Naive_B,0
GCATCGGGTATGCGGA-1,s1d1,1456,7.284134806195205,4614.0,8.437067,38.64325964456003,55.57000433463373,66.94841785869095,79.28045080190725,397.0,5.986452,8.604248,1645.0,7.4061036,35.652363,16.0,2.8332133,0.3467707,1456,0.014814814814814819,False,2,13,16,23,B_cells,B_cells,Naive_B,0
GCATCTCAGACGGTCA-1,s1d1,2160,7.6783263565068856,5032.0,8.523771,32.670906200317965,41.03736089030207,50.27821939586645,64.08982511923689,682.0,6.526495,13.553259,690.0,6.53814,13.712242,26.0,3.295837,0.5166932,2157,0.2592592592592592,True,2,4,10,36,B_cells,B_cells,Naive_B,0
GCATCTCTCTCAATCT-1,s1d1,785,6.666956792429207,1519.0,7.3264656,43.77880184331797,51.21790651744569,61.48782093482554,81.23765635286372,326.0,5.7899604,21.461489,56.0,4.0430512,3.686636,11.0,2.4849067,0.7241606,784,0.009433962264150943,False,2,4,2,2,B_cells,B_cells,Naive_B,0
GCATGATAGCGTGAAC-1,s1d1,1814,7.503840746698951,6156.0,8.725345,44.75308641975309,57.47238466536713,67.02404158544509,77.71280051981806,1213.0,7.101676,19.704353,1662.0,7.4163785,26.998053,16.0,2.8332133,0.25990903,1814,0.04532019704433497,False,2,13,16,23,B_cells,B_cells,Naive_B,0
GCATGATCAGACCTGC-1,s1d1,2226,7.708410667257367,7951.0,8.981179,39.240347126147654,55.08741038863037,65.03584454785562,75.29870456546345,664.0,6.499787,8.3511505,2846.0,7.954021,35.79424,23.0,3.1780539,0.2892718,2224,0.02671057446030004,False,2,13,16,23,B_cells,B_cells,Naive_B,0
GCATGATTCTTACGTT-1,s1d1,1508,7.319202458767849,5005.0,8.518393,42.37762237762237,58.6013986013986,68.77122877122878,79.86013986013985,435.0,6.0776424,8.691309,1782.0,7.4860525,35.604397,21.0,3.0910425,0.41958043,1508,0.02330363262508568,False,2,13,16,23,B_cells,B_cells,Naive_B,0
GCATTAGCATAAGCGG-1,s1d1,893,6.795705775173514,3257.0,8.088869,46.699416641080745,66.44151059256986,76.88056493705864,87.93368130181149,219.0,5.3936276,6.723979,1635.0,7.4000096,50.19957,8.0,2.1972246,0.24562481,893,0.011560693641618498,False,2,13,16,23,B_cells,B_cells,Naive_B,0
GCCAGCACAATAGGAT-1,s1d1,1878,7.538494999413465,6403.0,8.764678,39.575199125409966,55.66140871466501,65.84413556145556,76.88583476495393,509.0,6.234411,7.9493985,2461.0,7.808729,38.43511,25.0,3.2580965,0.39044198,1877,0.020302932645826624,False,2,4,10,12,B_cells,B_cells,Naive_B,0
GCCAGCAGTCATCCGG-1,s1d1,1438,7.271703706887368,6016.0,8.702344,46.70877659574468,64.96010638297872,74.43484042553192,84.40824468085107,593.0,6.3868794,9.857048,2693.0,7.8987823,44.76396,10.0,2.3978953,0.1662234,1437,0.02395001735508504,False,2,4,10,12,B_cells,B_cells,Naive_B,0
GCCAGGTCACGGGTAA-1,s1d1,2027,7.614805364711073,5705.0,8.649274,33.54951796669588,46.15249780893952,57.23049956178791,70.63978965819456,443.0,6.0958247,7.765118,1368.0,7.221836,23.978966,13.0,2.6390574,0.22787029,2026,0.017639902676399026,False,2,4,10,12,B_cells,B_cells,Naive_B,0
GCCAGGTGTTCCACGG-1,s1d1,3679,8.210668031162976,11965.0,9.389825,30.071040534893438,41.42081069786878,51.09068115336398,62.51567070622649,819.0,6.7093043,6.8449645,2544.0,7.841886,21.262014,15.0,2.7725887,0.12536564,3679,0.1951588502269289,False,2,4,10,36,B_cells,B_cells,Naive_B,0
GCCATGGGTTCCGCGA-1,s1d1,1157,7.05444965813294,4131.0,8.326517,45.67901234567901,62.86613410796418,73.51730815783102,84.0958605664488,335.0,5.817111,8.109417,1843.0,7.5196924,44.613895,9.0,2.3025851,0.21786492,1156,0.013121924548933845,False,2,4,10,12,B_cells,B_cells,Naive_B,0
GCCATGGTCGTACACA-1,s1d1,1955,7.578656850594762,6022.0,8.703341,36.831617402856196,51.52773165061441,61.79010295582863,73.74626369976752,621.0,6.43294,10.312188,1842.0,7.51915,30.587847,25.0,3.2580965,0.4151445,1955,0.028985507246376812,False,2,4,10,12,B_cells,B_cells,Naive_B,0
GCCCAGAAGATGCGAC-1,s1d1,1523,7.329093736246592,5461.0,8.605571,42.135140084233655,59.348104742721105,70.24354513825307,81.26716718549716,598.0,6.395262,10.950376,2099.0,7.6496925,38.436184,20.0,3.0445225,0.3662333,1523,0.019745222929936305,False,2,13,16,23,B_cells,B_cells,Naive_B,0
GCCCGAAAGATGCAGC-1,s1d1,756,6.6293632534374485,1809.0,7.501082,55.05804311774462,61.1387506909895,69.26478717523493,85.84853510226644,623.0,6.4361506,34.438915,49.0,3.912023,2.708679,17.0,2.8903718,0.9397457,756,0.018148262073208247,False,2,4,2,2,B_cells,B_cells,Naive_B,0
GCCGATGTCGTGTGGC-1,s1d1,873,6.773080375655535,1972.0,7.5873103,52.23123732251521,57.40365111561866,65.87221095334685,81.08519269776876,771.0,6.6489844,39.097363,76.0,4.3438053,3.8539555,15.0,2.7725887,0.7606491,873,0.028206092515983452,False,2,4,2,2,B_cells,B_cells,Naive_B,0
GCGAGAATCATGCGGC-1,s1d1,2010,7.606387389772652,7690.0,8.947806,41.28738621586476,57.828348504551364,67.73732119635892,78.03641092327697,763.0,6.638568,9.921977,2921.0,7.9800234,37.984394,32.0,3.4965076,0.41612485,2010,0.02395001735508504,False,2,4,10,12,B_cells,B_cells,Naive_B,0
GCGGATCCATGCCGAC-1,s1d1,2573,7.853216388156072,7072.0,8.86404,29.680429864253394,41.487556561085974,51.55542986425339,65.25735294117648,506.0,6.228511,7.1549773,1370.0,7.2232957,19.372173,20.0,3.0445225,0.28280544,2573,0.17278911564625846,False,2,4,10,36,B_cells,B_cells,Naive_B,0
GCGTGCAGTCTCCCTA-1,s1d1,1399,7.24422751560335,4384.0,8.385945,40.14598540145985,56.34124087591241,67.90602189781022,79.49361313868614,452.0,6.115892,10.310219,1477.0,7.298445,33.690693,13.0,2.6390574,0.29653284,1398,0.02599277978339351,False,2,13,16,23,B_cells,B_cells,Naive_B,0
GCGTGCATCGACACCG-1,s1d1,671,6.51025834052315,1666.0,7.418781,57.98319327731093,64.04561824729892,71.72869147659064,89.73589435774309,614.0,6.4216223,36.85474,152.0,5.030438,9.12365,10.0,2.3978953,0.6002401,671,0.019745222929936305,False,2,4,2,2,B_cells,B_cells,Naive_B,0
GCGTTTCAGTTAGTAG-1,s1d1,1758,7.472500744737558,6194.0,8.731498,39.715854052308686,57.636422344204064,68.29189538262835,79.17339360671617,552.0,6.315358,8.91185,2429.0,7.7956467,39.21537,17.0,2.8903718,0.27445915,1758,0.02599277978339351,False,2,4,10,12,B_cells,B_cells,Naive_B,0
GCTACAAAGACGAAGA-1,s1d1,1440,7.273092595999522,4315.0,8.370085,37.68250289687138,54.183082271147164,65.51564310544612,78.21552723059096,233.0,5.4553213,5.3997684,1555.0,7.3498735,36.03708,20.0,3.0445225,0.4634994,1440,0.032336297493936954,False,2,13,16,23,B_cells,B_cells,Naive_B,0
GCTACAAGTGAGGCAT-1,s1d1,1361,7.216709486709457,3736.0,8.226038,43.44218415417559,54.229122055674516,64.07922912205566,76.95396145610277,751.0,6.6227365,20.101713,758.0,6.632002,20.28908,16.0,2.8332133,0.4282655,1360,0.0314615690959777,False,2,13,16,23,B_cells,B_cells,Naive_B,0
GCTACCTAGTGCACCC-1,s1d1,1308,7.1770187659099,3148.0,8.05484,38.405336721728084,48.50698856416773,58.70393900889454,74.33290978398983,536.0,6.2859983,17.026684,545.0,6.302619,17.312578,27.0,3.3322046,0.8576875,1308,0.028985507246376812,False,2,13,16,23,B_cells,B_cells,Naive_B,0
GCTACCTTCGTGGCGT-1,s1d1,1768,7.478169694159785,6010.0,8.701346,39.73377703826955,55.973377703826955,66.82196339434276,78.18635607321131,452.0,6.115892,7.5207987,2270.0,7.7279754,37.770382,20.0,3.0445225,0.3327787,1768,0.0314615690959777,False,2,4,10,12,B_cells,B_cells,Naive_B,0
GCTCAAAGTACGATTC-1,s1d1,2073,7.637234388789473,5114.0,8.539932,31.892843175596404,41.6112631990614,51.31012905748924,65.54556120453657,388.0,5.963579,7.5870166,803.0,6.6895995,15.701994,27.0,3.3322046,0.52796245,2073,0.029787234042553193,False,2,13,16,23,B_cells,B_cells,Naive_B,0
GCTCAAAGTGAATAAC-1,s1d1,3187,8.067149039910106,12221.0,9.410993,36.0690614515997,49.70951640618607,59.83143768922346,70.12519433761558,1090.0,6.99485,8.919074,3505.0,8.162231,28.68014,43.0,3.7841897,0.35185337,3186,0.33830845771144274,True,2,4,10,12,B_cells,B_cells,Naive_B,0
GCTGAATCAAGATCCT-1,s1d1,1853,7.5251007461258,4624.0,8.439232,31.206747404844293,41.8901384083045,52.40051903114187,67.99307958477509,329.0,5.799093,7.1150517,906.0,6.8101425,19.593426,29.0,3.4011974,0.62716264,1851,0.03512484130342784,False,2,9,13,15,B_cells,B_cells,B_cell,1
GCTGCAGAGAAGTCCG-1,s1d1,1806,7.499423290592229,5139.0,8.544808,36.5440747227087,49.56217162872154,59.68087176493482,73.28273983265227,420.0,6.042633,8.172796,1506.0,7.3178763,29.305311,20.0,3.0445225,0.38918078,1806,0.029787234042553193,False,2,13,16,23,B_cells,B_cells,Naive_B,0
GCTGCAGGTTCTCCTG-1,s1d1,1812,7.502738210754851,5276.0,8.571113,34.32524639878696,48.91963608794541,60.25398028809704,73.57846853677029,322.0,5.7776523,6.1031084,1556.0,7.3505163,29.492039,8.0,2.1972246,0.15163003,1811,0.013121924548933845,False,2,13,16,23,B_cells,B_cells,Naive_B,0
GCTGGGTGTGCAGTGA-1,s1d1,447,6.104793232414985,994.0,6.902743,57.84708249496981,65.09054325955734,75.15090543259558,100.0,386.0,5.9584246,38.833,51.0,3.9512436,5.1307845,12.0,2.5649493,1.2072434,447,0.032336297493936954,False,2,4,16,2,B_cells,B_cells,Naive_B,0
GCTTGGGAGAAACCAT-1,s1d1,1575,7.362645270417825,5353.0,8.585599,40.66878385951803,56.95871473939847,68.07397720904166,79.91780310106482,434.0,6.075346,8.107603,1885.0,7.5422134,35.213898,17.0,2.8903718,0.3175789,1574,0.02145922746781116,False,2,4,10,12,B_cells,B_cells,Naive_B,0
GCTTGGGTCGTCCTTG-1,s1d1,1848,7.522400231387125,6313.0,8.7505245,40.69380643117377,55.1560272453667,65.57896404245209,77.09488357357833,803.0,6.6895995,12.719785,1869.0,7.533694,29.605576,16.0,2.8332133,0.25344527,1847,0.025293908086925547,False,2,13,16,23,B_cells,B_cells,Naive_B,0
GGAAGTGAGGATTTGA-1,s1d1,1683,7.428927194802272,3933.0,8.277412,33.206203915586066,44.01220442410374,54.48766844647851,69.9211797609967,346.0,5.8493247,8.797356,797.0,6.6821084,20.26443,16.0,2.8332133,0.40681413,1683,0.12072434607645872,False,2,13,16,33,B_cells,B_cells,Naive_B,0
GGAAGTGTCAAGCTTG-1,s1d1,1485,7.303843225277705,4654.0,8.445697,42.45810055865922,58.229480017189516,67.44735711216158,78.83541039965621,525.0,6.265301,11.280619,1698.0,7.437795,36.484745,16.0,2.8332133,0.3437903,1484,0.02671057446030004,False,2,4,10,12,B_cells,B_cells,Naive_B,0
GGAATGGTCATTGTTC-1,s1d1,1077,6.982862751468942,2663.0,7.887584,50.281637251220424,56.70296657904619,64.62636124671424,78.33270747277507,725.0,6.58755,27.224934,128.0,4.8598123,4.806609,22.0,3.1354942,0.82613593,1076,0.052574525745257464,False,2,4,2,2,B_cells,B_cells,Naive_B,0
GGACGTCGTTTCGTTT-1,s1d1,429,6.063785208687608,986.0,6.89467,61.257606490872206,66.63286004056795,76.77484787018255,100.0,390.0,5.9687076,39.553753,21.0,3.0910425,2.1298175,9.0,2.3025851,0.9127789,429,0.013121924548933845,False,2,4,2,2,B_cells,B_cells,Naive_B,0
GGACGTCTCGGTAACT-1,s1d1,1882,7.5406215286571525,5413.0,8.596744,32.920746351376316,46.96101976722705,58.2486606318123,71.84555699242564,450.0,6.1114674,8.31332,1313.0,7.1808314,24.25642,45.0,3.8286414,0.83133197,1882,0.022673434856175977,False,2,13,16,23,B_cells,B_cells,Naive_B,0
GGAGAACCAAGTGCTT-1,s1d1,2346,7.760893195851024,9106.0,9.116798,40.69844058862289,56.14979134636503,66.22007467603778,76.2354491544037,807.0,6.694562,8.862288,3188.0,8.067463,35.009884,26.0,3.295837,0.285526,2346,0.057670126874279116,False,2,13,16,33,B_cells,B_cells,Naive_B,0
GGAGCAAAGACCATGG-1,s1d1,1630,7.396948602621014,6376.0,8.760453,42.00125470514429,60.633626097867,71.3456712672522,82.08908406524466,520.0,6.25575,8.155583,2668.0,7.889459,41.844414,13.0,2.6390574,0.20388958,1630,0.025293908086925547,False,2,13,16,23,B_cells,B_cells,Naive_B,0
GGAGGATAGGCCTGCT-1,s1d1,714,6.5722825426940075,1623.0,7.3926477,54.0973505853358,60.258780036968574,68.33025261860752,86.81454097350584,537.0,6.2878585,33.086876,61.0,4.1271343,3.7584717,16.0,2.8332133,0.9858287,714,0.01866832607342875,False,2,4,2,2,B_cells,B_cells,Naive_B,0
GGAGGTACATGGAAGC-1,s1d1,1855,7.526178913346146,5976.0,8.695674,36.663319946452475,52.37617135207496,63.888888888888886,75.98728246318608,309.0,5.7365723,5.170683,2004.0,7.6033993,33.534138,21.0,3.0910425,0.35140562,1854,0.0314615690959777,False,2,13,16,23,B_cells,B_cells,Naive_B,0
GGATCTACAAGCCCAC-1,s1d1,1899,7.549609165154532,6585.0,8.792702,38.63325740318906,55.125284738041,66.86408504176158,77.7828397873956,372.0,5.9215784,5.649203,2502.0,7.8252454,37.99544,38.0,3.6635616,0.57706904,1898,0.027448071216617215,False,2,13,16,23,B_cells,B_cells,Naive_B,0
GGATCTACAGCACAGA-1,s1d1,2030,7.616283561580385,7092.0,8.866863,39.55160744500846,55.78116187253242,65.8770445572476,76.41003948110547,622.0,6.4345465,8.770446,2617.0,7.870166,36.90073,18.0,2.944439,0.2538071,2030,0.1951588502269289,False,2,4,10,36,B_cells,B_cells,Naive_B,0
GGCACGTTCACTACTT-1,s1d1,2063,7.6324011266014535,6416.0,8.766706,34.00872817955112,49.04925187032419,60.16209476309227,72.70885286783042,335.0,5.817111,5.2213216,2007.0,7.6048946,31.281174,21.0,3.0910425,0.32730672,2063,0.033237587197373825,False,2,13,16,23,B_cells,B_cells,Naive_B,0
GGCAGTCTCTCATGCC-1,s1d1,2708,7.904334842085095,10383.0,9.248021,36.76201483193682,52.364441876143694,62.554175093903496,73.32177597996726,925.0,6.8308744,8.908793,3317.0,8.107118,31.946451,34.0,3.5553482,0.32745835,2707,0.02599277978339351,False,2,4,10,12,B_cells,B_cells,Naive_B,0
GGCGTCACAACACAAA-1,s1d1,1042,6.949856455000773,2253.0,7.720462,39.19218819351975,49.134487350199734,59.6537949400799,75.94318686196183,386.0,5.9584246,17.132711,420.0,6.042633,18.641811,17.0,2.8903718,0.7545495,1042,0.028985507246376812,False,2,13,16,23,B_cells,B_cells,Naive_B,0
GGCGTCAGTCATGGCC-1,s1d1,1436,7.270312886079025,4626.0,8.439664,39.926502377864246,56.59316904453091,68.2447038478167,79.76653696498055,357.0,5.880533,7.7172503,1714.0,7.4471684,37.05145,17.0,2.8903718,0.36748812,1436,0.02087410306588389,False,2,4,10,12,B_cells,B_cells,Naive_B,0
GGCTGTGGTGATCATC-1,s1d1,1937,7.569411792450712,6066.0,8.71062,35.36102868447082,50.36267721727662,61.81998021760633,74.21694691724366,452.0,6.115892,7.4513683,2009.0,7.60589,33.119022,22.0,3.1354942,0.36267722,1936,0.024613220815752467,False,2,4,10,12,B_cells,B_cells,Naive_B,0
GGCTGTGTCGGACAAG-1,s1d1,1144,7.0431599159883405,3674.0,8.209309,43.658138268916716,61.241154055525314,71.58410451823626,82.47142079477409,317.0,5.7620516,8.628199,1513.0,7.3225102,41.181274,14.0,2.7080503,0.38105607,1144,0.0314615690959777,False,2,4,10,12,B_cells,B_cells,Naive_B,0
GGCTTGGCAGTCAGTT-1,s1d1,1782,7.48605261786314,6115.0,8.718663,39.95094031071137,56.56582174979559,66.68847097301716,78.15208503679477,391.0,5.971262,6.394113,2376.0,7.7735944,38.855274,20.0,3.0445225,0.32706457,1782,0.030612244897959183,False,2,4,10,12,B_cells,B_cells,Naive_B,0
GGCTTGGGTAGGCTGA-1,s1d1,2023,7.6128310304073565,6926.0,8.843183,39.87871787467513,54.05717585908172,64.0629511983829,75.74357493502744,787.0,6.669498,11.36298,2112.0,7.6558642,30.493793,23.0,3.1780539,0.332082,2023,0.030612244897959183,False,2,13,16,23,B_cells,B_cells,Naive_B,0
GGCTTTCTCTCATGCC-1,s1d1,2355,7.764720544771477,7159.0,8.876266,34.23662522698701,47.18536108395027,57.49406341667831,69.53485123620618,434.0,6.075346,6.0622993,1996.0,7.5994015,27.880987,17.0,2.8903718,0.23746333,2354,0.028985507246376812,False,2,13,16,23,B_cells,B_cells,Naive_B,0
GGGAAGTGTTCGCGTG-1,s1d1,1548,7.3453648404168685,4637.0,8.442039,37.73991805046366,54.58270433469916,65.4733664006901,77.39918050463662,341.0,5.8348107,7.353893,1651.0,7.409742,35.60492,18.0,2.944439,0.388182,1548,0.02671057446030004,False,2,13,16,23,B_cells,B_cells,Naive_B,0
GGGACAATCTGAGTCA-1,s1d1,1741,7.462789157412448,5971.0,8.694838,39.74208675263775,55.53508625020934,66.65550159102328,78.63004521855636,464.0,6.1420374,7.770893,2069.0,7.635304,34.65081,19.0,2.9957323,0.31820467,1741,0.01920050361976708,False,2,13,16,23,B_cells,B_cells,Naive_B,0
GGGACAATCTTTGCTA-1,s1d1,859,6.756932389247553,2040.0,7.6211953,50.0,57.15686274509804,66.96078431372548,82.40196078431372,528.0,6.2709885,25.882355,187.0,5.236442,9.166667,25.0,3.2580965,1.2254902,859,0.22316865417376477,False,2,4,2,2,B_cells,B_cells,Naive_B,0
GGGACCTGTGAAAGTT-1,s1d1,3290,8.098946748943339,11269.0,9.3299,34.1201526311119,47.16478835744077,56.42914189369066,67.29079776377674,764.0,6.639876,6.779661,3007.0,8.00903,26.683823,33.0,3.5263605,0.29283875,3289,0.28151260504201703,True,2,4,10,36,B_cells,B_cells,Naive_B,0
GGGACTCAGTCAGAGC-1,s1d1,1303,7.1731917424865985,3734.0,8.225503,37.0915907873594,53.82967327262988,65.80074986609534,78.49491162292448,316.0,5.7589016,8.462774,1230.0,7.115582,32.940544,17.0,2.8903718,0.45527583,1303,0.01866832607342875,False,2,4,10,12,B_cells,B_cells,Naive_B,0
GGGACTCGTCTTCGAA-1,s1d1,1584,7.368339686311381,3995.0,8.293049,33.99249061326658,46.15769712140175,57.446808510638306,72.86608260325407,282.0,5.645447,7.058824,725.0,6.58755,18.147684,12.0,2.5649493,0.30037546,1584,0.024613220815752467,False,2,9,13,15,B_cells,B_cells,B_cell,1
GGGAGATTCTAGTCAG-1,s1d1,1464,7.289610521451167,5129.0,8.542861,42.28894521349191,59.27081302398128,70.11113277441996,81.20491323844804,450.0,6.1114674,8.77364,1935.0,7.5683794,37.726654,14.0,2.7080503,0.2729577,1464,0.017142857142857147,False,2,13,16,23,B_cells,B_cells,Naive_B,0
GGGAGTAAGATCGCCC-1,s1d1,1194,7.085901464365611,4021.0,8.299535,44.16811738373539,61.32802785376772,71.57423526485948,82.7406117881124,324.0,5.7838254,8.057697,1725.0,7.453562,42.899776,22.0,3.1354942,0.54712754,1193,0.022673434856175977,False,2,13,16,23,B_cells,B_cells,Naive_B,0
GGGAGTACATCATTGG-1,s1d1,1540,7.340186835320115,3362.0,8.120588,38.994646044021415,45.954788816180844,54.283164782867345,69.06603212373588,660.0,6.493754,19.631172,218.0,5.389072,6.484236,17.0,2.8903718,0.5056514,1540,0.055900621118012424,False,2,4,10,12,B_cells,B_cells,Naive_B,0
GGGATGAAGTAGTGCG-1,s1d1,483,6.182084906716632,1434.0,7.26892,68.6889818688982,73.29149232914924,80.2649930264993,100.0,781.0,6.6618547,54.46304,22.0,3.1354942,1.5341702,11.0,2.4849067,0.7670851,483,0.013121924548933845,False,2,4,2,2,B_cells,B_cells,Naive_B,0
GGGATGACAAAGCAAT-1,s1d1,1837,7.516433302915632,5191.0,8.554874,33.53881718358698,48.48776728953958,59.75727220188788,72.95318821036409,273.0,5.613128,5.2591023,1646.0,7.4067106,31.708727,24.0,3.218876,0.46233866,1837,0.01571594877764843,False,2,13,16,23,B_cells,B_cells,Naive_B,0
GGGATGATCGAGTCTA-1,s1d1,804,6.690842277418564,1695.0,7.436028,49.852507374631266,55.75221238938053,64.36578171091445,82.06489675516224,520.0,6.25575,30.678467,84.0,4.4426513,4.9557524,17.0,2.8903718,1.0029498,804,0.00877620672842516,False,2,4,2,2,B_cells,B_cells,Naive_B,0
GGGCCATAGCCTTGAT-1,s1d1,2395,7.78155595923534,8579.0,9.057189,36.332905933092434,50.2972374402611,61.46404009791351,73.4118195593892,781.0,6.6618547,9.103625,2400.0,7.7836404,27.975288,19.0,2.9957323,0.22147103,2393,0.02205882352941177,False,2,4,10,12,B_cells,B_cells,Naive_B,0
GGGCCATTCGGACGTC-1,s1d1,2391,7.779885115070522,8382.0,9.033961,39.40586972083035,51.455499880696735,61.32188021951801,72.95394893820091,876.0,6.776507,10.450967,1871.0,7.534763,22.321642,40.0,3.713572,0.47721308,2391,0.07510431154381082,False,2,13,16,33,B_cells,B_cells,Naive_B,0
GGGCGTTGTAGCGTTT-1,s1d1,1733,7.458186157340487,5283.0,8.572438,37.8004921446148,52.07268597387847,62.84308158243422,75.809199318569,571.0,6.349139,10.808252,1497.0,7.3118863,28.336174,11.0,2.4849067,0.20821501,1732,0.017639902676399026,False,2,13,16,23,B_cells,B_cells,Naive_B,0
GGGCGTTGTGACTCTA-1,s1d1,311,5.7430031878094825,606.0,6.408529,56.930693069306926,65.18151815181518,81.68316831683168,100.0,207.0,5.3375382,34.158413,28.0,3.3672957,4.620462,10.0,2.3978953,1.6501651,311,0.029787234042553193,False,2,4,2,2,B_cells,B_cells,Naive_B,0
GGGTAGAAGTTCCGGC-1,s1d1,1310,7.1785454837637,3170.0,8.061802,33.31230283911672,46.782334384858046,58.92744479495268,74.44794952681389,216.0,5.379897,6.81388,731.0,6.5957804,23.059937,16.0,2.8332133,0.50473183,1310,0.028206092515983452,False,2,9,13,15,B_cells,B_cells,B_cell,1
GGGTAGACATGGCCCA-1,s1d1,986,6.894670039433482,2089.0,7.6449194,46.05074198180948,52.27381522259454,61.847774054571566,76.73528003829584,532.0,6.2785215,25.466732,76.0,4.3438053,3.6381044,29.0,3.4011974,1.388224,986,0.011560693641618498,False,2,4,2,2,B_cells,B_cells,Naive_B,0
GGGTCACAGGGTCTTT-1,s1d1,897,6.8001700683022,2302.0,7.741968,39.35708079930495,54.64813205907906,67.37619461337967,82.75412684622067,206.0,5.332719,8.94874,749.0,6.6200733,32.536922,6.0,1.9459102,0.26064292,897,0.018148262073208247,False,2,13,16,23,B_cells,B_cells,Naive_B,0
GGGTCTGAGACCCGCT-1,s1d1,1797,7.494430215031565,5768.0,8.6602545,40.221914008321775,54.42094313453537,64.66712898751734,76.71636615811373,622.0,6.4345465,10.783633,1779.0,7.484369,30.842579,18.0,2.944439,0.31206656,1797,0.028206092515983452,False,2,13,16,23,B_cells,B_cells,Naive_B,0
GGGTGAAAGGTAGACC-1,s1d1,1475,7.297091005160418,5300.0,8.575651,41.9811320754717,59.47169811320755,69.73584905660377,81.60377358490565,397.0,5.986452,7.4905663,2233.0,7.711549,42.132076,15.0,2.7725887,0.2830189,1474,0.017142857142857147,False,2,13,16,23,B_cells,B_cells,Naive_B,0
GGGTGAAGTAGCTCGC-1,s1d1,1547,7.344719054149673,4902.0,8.497602,41.064871481028156,55.71195430436556,66.54426764585884,78.64137086903304,643.0,6.4676986,13.117094,1477.0,7.298445,30.13056,32.0,3.4965076,0.6527948,1547,0.017142857142857147,False,2,13,16,23,B_cells,B_cells,Naive_B,0
GGGTGTCAGGTCGTAG-1,s1d1,1446,7.277247726631484,4285.0,8.36311,39.48658109684948,54.912485414235704,65.6242707117853,77.92298716452743,464.0,6.1420374,10.828471,1270.0,7.147559,29.638273,19.0,2.9957323,0.44340724,1446,0.02087410306588389,False,2,13,16,23,B_cells,B_cells,Naive_B,0
GGGTGTCAGTAGAGTT-1,s1d1,1846,7.52131798019924,6516.0,8.782169,39.59484346224678,56.322897483118474,66.57458563535911,77.82381829343156,408.0,6.0137153,6.2615104,2501.0,7.824846,38.382442,22.0,3.1354942,0.33763045,1846,0.018148262073208247,False,2,4,10,12,B_cells,B_cells,Naive_B,0
GGGTGTCCAAGCCCAC-1,s1d1,5152,8.547334348328224,23121.0,10.04854,35.42234332425068,48.60083906405433,57.89974482072575,66.89157043380477,2286.0,7.7349963,9.8871155,7101.0,8.868132,30.71234,52.0,3.9702919,0.22490376,5143,0.22316865417376477,False,2,13,16,23,B_cells,B_cells,Naive_B,0
GGGTGTCTCGCAATGT-1,s1d1,2762,7.924072324923417,11021.0,9.307649,39.0436439524544,55.30351147808729,64.30450957263406,74.48507394973232,970.0,6.8783264,8.801379,3902.0,8.269501,35.405136,27.0,3.3322046,0.24498685,2761,0.027448071216617215,False,2,13,16,23,B_cells,B_cells,Naive_B,0
GGGTTATGTGAGCCAA-1,s1d1,1439,7.272398392570047,5416.0,8.597298,42.300590841949784,60.690546528803544,72.21196454948301,82.66248153618906,309.0,5.7365723,5.7053175,2472.0,7.813187,45.64254,27.0,3.3322046,0.4985229,1439,0.17278911564625846,False,2,4,10,36,B_cells,B_cells,Naive_B,0
GGTAACTCAGGTGTTT-1,s1d1,1877,7.537962659768208,4754.0,8.466952,34.11863693731594,45.540597391670175,55.32183424484644,69.56247370635255,371.0,5.918894,7.803955,1073.0,6.9791455,22.570467,24.0,3.218876,0.50483805,1876,0.04805725971370142,False,2,9,13,15,B_cells,B_cells,B_cell,0
GGTAGAGGTGCCAAGA-1,s1d1,2904,7.974188669286011,11656.0,9.363662,38.11770761839396,53.13143445435827,63.15202470830473,73.63589567604667,962.0,6.8700533,8.25326,4077.0,8.313362,34.977695,38.0,3.6635616,0.32601234,2904,0.02205882352941177,False,2,4,10,12,B_cells,B_cells,Naive_B,0
GGTCACGAGCCGTTAT-1,s1d1,2469,7.8119734296220225,8939.0,9.09829,39.65767982995861,54.010515717641795,63.597717865533056,74.1469963083119,1049.0,6.9565454,11.735094,2749.0,7.9193563,30.75288,23.0,3.1780539,0.25729948,2467,0.033237587197373825,False,2,13,16,23,B_cells,B_cells,Naive_B,0
GGTCTGGGTACGAGCA-1,s1d1,863,6.761572768804055,2079.0,7.6401234,48.821548821548824,57.287157287157285,67.67676767676768,82.53968253968253,486.0,6.1882644,23.376623,275.0,5.620401,13.227513,19.0,2.9957323,0.91390085,862,0.018148262073208247,False,2,4,16,2,B_cells,B_cells,Naive_B,0
GGTGTCGAGATGCTTC-1,s1d1,1905,7.552762084214147,6782.0,8.822175,39.05927455028015,55.69153641993512,66.95664995576526,77.779416101445,772.0,6.650279,11.383073,2257.0,7.7222347,33.27927,30.0,3.4339871,0.4423474,1904,0.02087410306588389,False,2,4,10,12,B_cells,B_cells,Naive_B,0
GGTGTCGCATCTCAAG-1,s1d1,574,6.354370040797351,972.0,6.880384,33.43621399176955,47.11934156378601,61.52263374485597,92.38683127572016,45.0,3.8286414,4.6296296,229.0,5.4380794,23.55967,5.0,1.7917595,0.5144033,574,0.030612244897959183,False,2,9,13,15,B_cells,B_cells,B_cell,0
GGTGTCGGTGGCCCAT-1,s1d1,1538,7.338888133838879,5118.0,8.540714,37.74912075029309,55.588120359515436,66.6862055490426,79.71864009378663,408.0,6.0137153,7.971864,1944.0,7.573017,37.98359,34.0,3.5553482,0.66432196,1538,0.012325830653804931,False,2,13,16,23,B_cells,B_cells,Naive_B,0
GGTGTTAGTATTCCTT-1,s1d1,1292,7.164720378771857,4317.0,8.370547,41.8577716006486,59.32360435487607,70.09497336113041,81.65392633773453,206.0,5.332719,4.7718325,1925.0,7.5632005,44.591152,13.0,2.6390574,0.30113506,1292,0.013532173432753385,False,2,4,10,12,B_cells,B_cells,Naive_B,0
GGTGTTATCAAGGTGG-1,s1d1,1935,7.568379267836522,5688.0,8.64629,33.175105485232066,46.27285513361463,57.78832630098453,71.81786216596343,552.0,6.315358,9.704641,1324.0,7.189168,23.277075,22.0,3.1354942,0.38677916,1935,0.02330363262508568,False,2,13,16,23,B_cells,B_cells,Naive_B,0
GGTTAACCATACACCA-1,s1d1,2190,7.692113339595466,7278.0,8.892749,39.81863149216818,52.70678757900522,62.20115416323166,73.35806540258312,679.0,6.522093,9.329486,2109.0,7.6544433,28.97774,25.0,3.2580965,0.34350097,2190,0.04666332162568991,False,2,13,16,33,B_cells,B_cells,Naive_B,0
GGTTGTAGTTGCTCAA-1,s1d1,1833,7.51425465281641,4815.0,8.479699,31.484942886812046,44.48598130841121,55.742471443406025,70.63343717549326,248.0,5.5174527,5.150571,1013.0,6.921658,21.038422,31.0,3.465736,0.64382136,1833,0.0314615690959777,False,2,9,13,15,B_cells,B_cells,B_cell,1
GTAACCATCAGGAAAT-1,s1d1,1885,7.542213463193403,6010.0,8.701346,37.00499168053245,52.46256239600665,63.16139767054908,74.97504159733776,444.0,6.0980744,7.387687,2051.0,7.62657,34.126453,14.0,2.7080503,0.23294508,1885,0.01571594877764843,False,2,13,16,23,B_cells,B_cells,Naive_B,0
GTAACCATCTCTATAC-1,s1d1,1664,7.417580402414544,5907.0,8.684063,40.84983917386152,56.67851701371255,67.95327577450483,79.56661587946505,643.0,6.4676986,10.88539,1948.0,7.575072,32.97782,21.0,3.0910425,0.3555104,1664,0.02087410306588389,False,2,4,10,12,B_cells,B_cells,Naive_B,0
GTAAGTCAGACGCATG-1,s1d1,1624,7.393263094763838,6005.0,8.700514,41.648626144879266,58.70108243130724,69.55870108243131,80.99916736053288,600.0,6.398595,9.991673,2268.0,7.7270947,37.768524,22.0,3.1354942,0.36636138,1623,0.028985507246376812,False,2,13,16,23,B_cells,B_cells,Naive_B,0
GTAAGTCCACATTCTT-1,s1d1,475,6.16541785423142,1138.0,7.037906,59.31458699472759,67.04745166959579,75.83479789103691,100.0,465.0,6.1441855,40.86116,51.0,3.9512436,4.4815464,14.0,2.7080503,1.2302285,475,0.03818827708703375,False,2,4,2,2,B_cells,B_cells,Naive_B,0
GTAATGCTCAGTGTGT-1,s1d1,1355,7.212294468500341,3397.0,8.130942,44.89255225198705,52.25198704739476,60.641742714159555,74.83073299970562,679.0,6.522093,19.988226,445.0,6.100319,13.099794,28.0,3.3672957,0.8242567,1353,0.13260869565217392,False,2,13,16,33,B_cells,B_cells,Naive_B,0
GTACAGTCAGGATCTT-1,s1d1,1600,7.3783837129967145,4923.0,8.501877,36.68494820231566,52.63050985171643,64.31037984968515,77.65590087345115,326.0,5.7899604,6.6219783,1764.0,7.475906,35.83181,19.0,2.9957323,0.38594353,1600,0.03713411970292704,False,2,4,10,12,B_cells,B_cells,Naive_B,0
GTACAGTTCTGTTCAT-1,s1d1,1742,7.463363045520021,5616.0,8.633553,40.598290598290596,54.36253561253561,64.56552706552706,76.74501424501425,619.0,6.4297194,11.022079,1758.0,7.472501,31.303417,16.0,2.8332133,0.28490028,1742,0.024613220815752467,False,2,13,16,23,B_cells,B_cells,Naive_B,0
GTAGAAATCCTACCAC-1,s1d1,2211,7.701652362642226,8134.0,9.003931,40.238505040570445,55.39709859847554,65.10941726088025,75.8913203835751,822.0,6.7129564,10.105729,2793.0,7.9352293,34.33735,30.0,3.4339871,0.36882222,2209,0.027448071216617215,False,2,13,16,23,B_cells,B_cells,Naive_B,1
GTAGATCAGCTCGAAG-1,s1d1,960,6.8679744089702925,1939.0,7.570443,41.36152656008252,49.35533780299124,59.66993295513151,76.27643115007736,411.0,6.0210233,21.196493,210.0,5.351858,10.830325,11.0,2.4849067,0.5673027,960,0.028206092515983452,False,2,13,16,23,B_cells,B_cells,Naive_B,0
GTAGATCGTTCCAGGC-1,s1d1,1931,7.566311014772463,6668.0,8.805225,38.61727654469106,55.47390521895621,65.80683863227354,76.76964607078585,371.0,5.918894,5.563887,2615.0,7.869402,39.217155,20.0,3.0445225,0.29994,1931,0.02395001735508504,False,2,4,10,12,B_cells,B_cells,Naive_B,0
GTAGCTACAGGATGAC-1,s1d1,931,6.837332814685591,2736.0,7.9146175,44.005847953216374,59.393274853801174,70.83333333333334,84.24707602339181,254.0,5.5412636,9.283627,1040.0,6.947937,38.011696,16.0,2.8332133,0.58479536,931,0.013950892857142856,False,2,13,16,23,B_cells,B_cells,Naive_B,0
GTAGCTAGTGCCTTTC-1,s1d1,1419,7.258412150595307,4850.0,8.48694,41.36082474226804,59.01030927835051,69.91752577319588,81.05154639175258,522.0,6.2595816,10.762887,1946.0,7.574045,40.12371,21.0,3.0910425,0.4329897,1419,0.012719891745602164,False,2,4,10,12,B_cells,B_cells,Naive_B,0
GTAGCTATCATCAGTG-1,s1d1,2063,7.6324011266014535,6436.0,8.769818,37.67868241143567,50.792417650714725,61.00062150403978,72.80919825978869,470.0,6.154858,7.3026724,1953.0,7.577634,30.344933,32.0,3.4965076,0.49720323,2062,0.02599277978339351,False,2,13,16,23,B_cells,B_cells,Naive_B,0
GTAGGAGAGTGAACAT-1,s1d1,347,5.8522024797744745,1043.0,6.9508147,71.52444870565677,76.3183125599233,85.90604026845638,100.0,563.0,6.3350544,53.97891,28.0,3.3672957,2.6845639,13.0,2.6390574,1.2464046,347,0.15451174289245986,False,2,4,2,2,B_cells,B_cells,Naive_B,0
GTAGGAGTCCAACCGG-1,s1d1,1553,7.348587530927593,6020.0,8.703009,43.006644518272424,60.8139534883721,71.27906976744185,82.50830564784053,683.0,6.527958,11.345514,2307.0,7.744137,38.322258,16.0,2.8332133,0.26578072,1553,0.01571594877764843,False,2,13,16,23,B_cells,B_cells,Naive_B,0
GTAGGAGTCCCGGTAG-1,s1d1,1954,7.578145472419466,7393.0,8.908424,41.52576761801704,58.582442851345874,68.80833220614095,78.92601109157312,811.0,6.6995006,10.969836,2626.0,7.8735976,35.520084,13.0,2.6390574,0.17584202,1954,0.02671057446030004,False,2,13,16,33,B_cells,B_cells,Naive_B,0
GTAGTACAGTGGATTA-1,s1d1,406,6.008813185442595,583.0,6.369901,36.87821612349914,47.512864493996574,64.6655231560892,100.0,6.0,1.9459102,1.0291595,24.0,3.218876,4.116638,26.0,3.295837,4.4596915,405,0.019745222929936305,False,2,4,2,2,B_cells,B_cells,Naive_B,0
GTAGTACCAGGTGTTT-1,s1d1,2059,7.630461261783627,4815.0,8.479699,28.22429906542056,39.50155763239876,50.40498442367601,65.19210799584631,273.0,5.613128,5.669782,939.0,6.84588,19.501558,17.0,2.8903718,0.35306334,2059,0.3075170842824603,True,2,4,10,36,B_cells,B_cells,Naive_B,0
GTAGTACGTAGTCTTG-1,s1d1,1605,7.381501894506707,4745.0,8.465057,36.1854583772392,51.54899894625922,63.18229715489989,76.67017913593256,330.0,5.8021183,6.9546895,1468.0,7.2923374,30.93783,17.0,2.8903718,0.35827187,1605,0.04277566539923954,False,2,4,10,12,B_cells,B_cells,Naive_B,0
GTAGTACTCCGAGCTG-1,s1d1,1557,7.351158226430694,4404.0,8.390495,38.30608537693006,52.043596730245234,62.67029972752044,75.99909173478656,438.0,6.0844994,9.945504,1088.0,6.9930153,24.704815,11.0,2.4849067,0.24977294,1557,0.019745222929936305,False,2,4,10,12,B_cells,B_cells,Naive_B,0
GTATTTCCAATAGTAG-1,s1d1,1812,7.502738210754851,5576.0,8.626407,36.33428981348637,52.08034433285509,62.62553802008608,75.3048780487805,394.0,5.9788857,7.065997,1779.0,7.484369,31.90459,18.0,2.944439,0.32281205,1811,0.022673434856175977,False,2,13,16,23,B_cells,B_cells,Naive_B,0
GTCAAACCAAGAGCTG-1,s1d1,892,6.794586580876499,1868.0,7.533159,48.12633832976446,53.693790149892926,62.95503211991434,79.01498929336188,482.0,6.1800165,25.802998,37.0,3.637586,1.9807281,19.0,2.9957323,1.0171306,891,0.013532173432753385,False,2,4,2,2,B_cells,B_cells,Naive_B,0
GTCAAACCAGAGAAAG-1,s1d1,2552,7.845024417241484,8547.0,9.0534525,36.85503685503686,49.37404937404937,60.14976014976015,71.47537147537147,970.0,6.8783264,11.349011,2048.0,7.6251073,23.961624,373.0,5.924256,4.3641043,2552,0.28151260504201703,True,2,4,10,12,B_cells,B_cells,Naive_B,0
GTCACGGGTTGTTTGG-1,s1d1,1906,7.553286605600419,5778.0,8.661986,36.27552786431291,51.86915887850467,62.928348909657316,74.88750432675666,526.0,6.2672005,9.103497,1838.0,7.5169773,31.810316,19.0,2.9957323,0.32883352,1905,0.01920050361976708,False,2,4,10,12,B_cells,B_cells,Naive_B,0
GTCACGGTCGTAGTCA-1,s1d1,1662,7.416378479192928,5220.0,8.560444,37.60536398467433,53.81226053639847,64.67432950191571,77.27969348659003,495.0,6.206576,9.4827585,1726.0,7.454141,33.065136,12.0,2.5649493,0.22988506,1661,0.022673434856175977,False,2,4,10,12,B_cells,B_cells,Naive_B,0
GTCAGCGAGGATATGT-1,s1d1,1027,6.93537044601511,2332.0,7.7549105,37.0926243567753,49.871355060034304,62.04974271012007,77.40137221269296,256.0,5.549076,10.977702,520.0,6.25575,22.298456,8.0,2.1972246,0.3430532,1027,0.0314615690959777,False,2,9,13,15,B_cells,B_cells,B_cell,1
GTCAGCGCAAGACGAC-1,s1d1,1944,7.573017256052546,7200.0,8.881975,42.34722222222223,57.41666666666667,67.69444444444444,78.04166666666667,695.0,6.5453496,9.652778,2535.0,7.838343,35.208332,18.0,2.944439,0.25,1943,0.04277566539923954,False,2,13,16,33,B_cells,B_cells,Naive_B,0
GTCAGCGCACAAATAG-1,s1d1,1171,7.066466970136958,3979.0,8.289037,42.69917064589093,61.02035687358632,71.72656446343302,83.1364664488565,316.0,5.7589016,7.941694,1714.0,7.4471684,43.07615,15.0,2.7725887,0.37697914,1171,0.016656751933372994,False,2,13,16,23,B_cells,B_cells,Naive_B,0
GTCAGCGCACCAGTTA-1,s1d1,2126,7.6624678152002375,6976.0,8.850374,39.205848623853214,54.243119266055054,63.66112385321101,74.3836009174312,697.0,6.548219,9.991399,2383.0,7.776535,34.159977,33.0,3.5263605,0.47305045,2125,0.020302932645826624,False,2,4,10,12,B_cells,B_cells,Naive_B,0
GTCATCCAGAAATTGC-1,s1d1,2493,7.821643126239982,7900.0,8.974745,32.620253164556964,46.92405063291139,57.734177215189874,70.10126582278481,534.0,6.2822666,6.759494,2232.0,7.711101,28.253164,42.0,3.7612002,0.5316456,2492,0.03927765237020317,False,2,13,16,23,B_cells,B_cells,Naive_B,0
GTCATGAAGCAAGTCG-1,s1d1,1485,7.303843225277705,4489.0,8.409608,39.74159055468924,55.179327244375145,65.49342838048562,78.05747382490532,382.0,5.9480352,8.50969,1550.0,7.3466554,34.528847,19.0,2.9957323,0.42325687,1483,0.01618122977346279,False,2,4,10,12,B_cells,B_cells,Naive_B,0
GTCATGAGTCTATGAC-1,s1d1,2009,7.605890001053122,5990.0,8.698013,35.99332220367279,50.1669449081803,60.10016694490818,72.32053422370618,395.0,5.9814143,6.594324,1837.0,7.5164332,30.667778,18.0,2.944439,0.30050084,2009,0.018148262073208247,False,2,4,10,12,B_cells,B_cells,Naive_B,0
GTCATTTAGTACCATC-1,s1d1,2323,7.751045117971802,6097.0,8.715716,29.260291946859112,40.01968181072659,50.97588978185993,65.29440708545187,341.0,5.8348107,5.5929146,1137.0,7.037028,18.648516,24.0,3.218876,0.3936362,2322,0.057670126874279116,False,2,9,13,15,B_cells,B_cells,B_cell,1
GTCATTTCAACCTAAC-1,s1d1,1274,7.150701457592526,3888.0,8.265907,44.11008230452675,57.58744855967078,67.72119341563786,80.0925925925926,755.0,6.6280413,19.418724,1111.0,7.0139155,28.575102,14.0,2.7080503,0.3600823,1274,0.017142857142857147,False,2,13,16,23,B_cells,B_cells,Naive_B,0
GTCATTTCACTACCCT-1,s1d1,1798,7.4949862339505335,4683.0,8.451908,35.191116805466585,48.024770446295115,57.847533632286996,71.85564808883194,540.0,6.2934194,11.53107,1101.0,7.004882,23.51057,21.0,3.0910425,0.4484305,1798,0.04040404040404041,False,2,13,16,23,B_cells,B_cells,Naive_B,0
GTCCACTCAGGATGAC-1,s1d1,2373,7.772331575169614,7574.0,8.932609,41.56324267229997,52.838658568787956,61.3414312120412,71.91708476366517,952.0,6.859615,12.569316,1846.0,7.521318,24.372854,43.0,3.7841897,0.56773174,2373,0.28151260504201703,True,2,4,10,12,B_cells,B_cells,Naive_B,0
GTCCACTGTCAGTCGC-1,s1d1,1723,7.452402451223638,5998.0,8.699348,40.01333777925976,56.952317439146384,67.73924641547183,79.22640880293432,483.0,6.182085,8.052685,2248.0,7.7182407,37.47916,14.0,2.7080503,0.23341113,1723,0.02205882352941177,False,2,13,16,23,B_cells,B_cells,Naive_B,0
GTCCACTTCGGTGAAG-1,s1d1,1506,7.317876198626496,3495.0,8.159375,32.41773962804006,44.12017167381974,55.479256080114446,71.21602288984263,234.0,5.4595857,6.6952786,708.0,6.5638556,20.257511,17.0,2.8903718,0.48640916,1505,0.033237587197373825,False,2,9,13,15,B_cells,B_cells,B_cell,1
GTCGAATAGTTTCGGT-1,s1d1,1452,7.2813856635702825,4503.0,8.412722,38.7297357317344,55.49633577614923,66.40017765933823,78.85853875194316,335.0,5.817111,7.4394846,1684.0,7.429521,37.39729,25.0,3.2580965,0.55518544,1452,0.03611349957007739,False,2,13,16,23,B_cells,B_cells,Naive_B,0
GTCGAATCAATCGCAT-1,s1d1,1919,7.560080465021827,6062.0,8.70996,38.08973935994721,52.55691191026064,63.32893434510063,75.09072913229957,534.0,6.2822666,8.808974,1874.0,7.536364,30.913889,17.0,2.8903718,0.2804355,1919,0.04277566539923954,False,2,13,16,23,B_cells,B_cells,Naive_B,0
GTCGAATGTATGTCCA-1,s1d1,1499,7.313220387090301,4468.0,8.40492,37.33213965980304,53.178155774395705,64.54789615040286,77.64100268576544,281.0,5.641907,6.289168,1588.0,7.37086,35.54163,16.0,2.8332133,0.35810205,1499,0.02671057446030004,False,2,4,10,12,B_cells,B_cells,Naive_B,0
GTCGAATTCAGCTGAT-1,s1d1,1842,7.519149957669823,6262.0,8.742414,40.32258064516129,56.56339827531141,66.65602044075375,78.05812839348451,445.0,6.100319,7.1063557,2357.0,7.765569,37.639732,8.0,2.1972246,0.1277547,1842,0.017142857142857147,False,2,13,16,23,B_cells,B_cells,Naive_B,0
GTCGCGATCAATGTCG-1,s1d1,2562,7.848933726364071,9238.0,9.131189,42.08703182507036,55.8129465252219,64.5810781554449,73.95540160207837,993.0,6.901737,10.74908,2978.0,7.999343,32.236416,26.0,3.295837,0.2814462,2561,0.33830845771144274,True,2,13,16,33,B_cells,B_cells,Naive_B,0
GTCGTAAAGAGGATGA-1,s1d1,1549,7.346010209913293,4685.0,8.452334,38.67662753468517,54.57844183564568,65.33617929562433,77.6093916755603,394.0,5.9788857,8.409819,1722.0,7.4518223,36.755604,15.0,2.7725887,0.32017076,1547,0.027448071216617215,False,2,4,10,16,B_cells,B_cells,Naive_B,0
GTCGTAAAGTATAGGT-1,s1d1,1512,7.321849713788356,5717.0,8.651375,42.8371523526325,61.23841175441665,71.71593493090782,82.29840825607836,530.0,6.274762,9.2705965,2284.0,7.7341213,39.951023,15.0,2.7725887,0.26237535,1512,0.01920050361976708,False,2,13,16,23,B_cells,B_cells,Naive_B,0
GTCGTAATCGACATCA-1,s1d1,710,6.566672429803241,1818.0,7.506042,59.680968096809686,65.18151815181518,71.94719471947195,88.44884488448845,708.0,6.5638556,38.943897,65.0,4.189655,3.5753574,13.0,2.6390574,0.7150715,709,0.04277566539923954,False,2,4,2,2,B_cells,B_cells,Naive_B,0
GTCGTTCAGCACGTCC-1,s1d1,1841,7.518607216815252,6514.0,8.781862,40.09824992324225,56.202026404666874,66.47221369358304,77.44857230580288,563.0,6.3350544,8.642923,2383.0,7.776535,36.582745,14.0,2.7080503,0.21492171,1840,0.02205882352941177,False,2,13,16,23,B_cells,B_cells,Naive_B,0
GTCGTTCAGGTAAACT-1,s1d1,1425,7.262628600974241,4505.0,8.413165,39.223085460599336,56.44839067702553,67.96892341842397,79.46725860155382,358.0,5.8833222,7.946726,1660.0,7.415175,36.847946,9.0,2.3025851,0.19977804,1425,0.032336297493936954,False,2,13,16,23,B_cells,B_cells,Naive_B,0
GTCTACCTCGCTGTTC-1,s1d1,3752,8.23031079913502,14382.0,9.573802,32.943957724933945,44.93811709080796,55.159226811291894,66.38854123209568,939.0,6.84588,6.5289946,3256.0,8.088562,22.63941,39.0,3.6888795,0.2711723,3750,0.03818827708703375,False,2,9,13,15,B_cells,B_cells,B_cell,1
GTCTAGACAGGCACAA-1,s1d1,452,6.115892125483034,1217.0,7.1049657,64.25636811832375,71.07641741988496,79.29334428923582,100.0,527.0,6.2690964,43.303204,29.0,3.4011974,2.3829088,16.0,2.8332133,1.3147084,451,0.012325830653804931,False,2,4,2,2,B_cells,B_cells,Naive_B,0
GTCTAGACAGTATTCG-1,s1d1,1248,7.130098510125578,3698.0,8.215817,38.372093023255815,55.30016224986479,67.11736073553271,79.77285018929152,372.0,5.9215784,10.059491,1308.0,7.1770186,35.37047,18.0,2.944439,0.4867496,1248,0.015260581629714942,False,2,13,16,23,B_cells,B_cells,Naive_B,0
GTCTCACAGCTAAATG-1,s1d1,2119,7.659171367666058,8573.0,9.05649,42.4472180100315,59.69905517321824,69.96383996267352,79.13215910416423,615.0,6.423247,7.173685,3502.0,8.161375,40.84918,17.0,2.8903718,0.19829696,2119,0.024613220815752467,False,2,4,10,12,B_cells,B_cells,Naive_B,0
GTCTCACCAGAACTAA-1,s1d1,1187,7.080026499922591,2552.0,7.8450246,45.376175548589345,51.057993730407524,58.89498432601881,73.07993730407524,596.0,6.391917,23.354233,123.0,4.8202815,4.8197494,10.0,2.3978953,0.39184955,1185,0.03713411970292704,False,2,4,2,2,B_cells,B_cells,Naive_B,0
GTCTCACTCACCCATC-1,s1d1,1048,6.955592608396297,3480.0,8.155075,44.36781609195402,63.189655172413794,72.98850574712644,84.25287356321839,257.0,5.5529594,7.3850574,1595.0,7.3752556,45.833336,16.0,2.8332133,0.4597701,1047,0.02087410306588389,False,2,13,16,23,B_cells,B_cells,Naive_B,0
GTCTCACTCAGACATC-1,s1d1,3822,8.248790733696413,16257.0,9.696341,37.22088946300055,50.667404810235595,60.515470258965365,70.35738451128745,1307.0,7.1762547,8.039614,4810.0,8.478661,29.587254,40.0,3.713572,0.24604785,3820,0.3753424657534244,True,2,4,10,36,B_cells,B_cells,Naive_B,0
GTCTGTCAGTTGGGAC-1,s1d1,1242,7.1252830915107115,2532.0,7.8371596,36.65086887835703,44.58925750394945,54.14691943127961,70.69510268562401,384.0,5.9532433,15.165877,280.0,5.638355,11.058452,13.0,2.6390574,0.51342815,1242,0.04277566539923954,False,2,13,16,23,B_cells,B_cells,Naive_B,0
GTCTGTCTCCTAGCCT-1,s1d1,2117,7.658227526161352,7630.0,8.939974,40.78636959370904,56.17300131061599,66.2254259501966,76.57929226736566,500.0,6.216606,6.55308,2771.0,7.9273243,36.31717,27.0,3.3322046,0.35386634,2117,0.052574525745257464,False,2,13,16,33,B_cells,B_cells,Naive_B,0
GTCTGTCTCTCGTGAA-1,s1d1,512,6.240275845170769,979.0,6.8875527,50.25536261491318,57.91624106230848,68.13074565883555,98.77425944841676,333.0,5.811141,34.0143,49.0,3.912023,5.005107,6.0,1.9459102,0.6128703,512,0.011560693641618498,False,2,4,2,2,B_cells,B_cells,Naive_B,0
GTCTTTAAGATGATTG-1,s1d1,1087,6.992096427415888,2343.0,7.759614,44.08877507469057,50.832266325224076,59.58173282116944,74.94664959453692,472.0,6.1590953,20.145113,178.0,5.187386,7.597098,11.0,2.4849067,0.46948358,1087,0.01571594877764843,False,2,13,16,23,B_cells,B_cells,Naive_B,0
GTCTTTACATCCGAAT-1,s1d1,3080,8.033009498596668,13216.0,9.489259,41.29085956416465,58.08111380145279,66.57082324455206,75.27996368038741,851.0,6.7475867,6.439164,5455.0,8.604471,41.275726,28.0,3.3672957,0.21186441,3079,0.28151260504201703,True,2,13,16,12,B_cells,B_cells,Naive_B,0
GTGACGCAGTTGGGAC-1,s1d1,1444,7.275864600546533,4616.0,8.4375,42.52599653379549,57.32235701906413,67.59098786828423,79.54939341421144,659.0,6.49224,14.27643,1430.0,7.2661285,30.979204,20.0,3.0445225,0.43327558,1444,0.02671057446030004,False,2,13,16,23,B_cells,B_cells,Naive_B,0
GTGAGCCGTTGGCCGT-1,s1d1,651,6.480044561926653,1430.0,7.2661285,54.05594405594406,61.048951048951054,68.46153846153847,89.44055944055944,532.0,6.2785215,37.202797,31.0,3.465736,2.1678321,11.0,2.4849067,0.7692308,650,0.015260581629714942,False,2,4,2,2,B_cells,B_cells,Naive_B,0
GTGAGCCTCAGTCACA-1,s1d1,616,6.424869023905388,1490.0,7.3072023,58.65771812080537,65.36912751677852,72.08053691275168,92.21476510067113,606.0,6.408529,40.67114,45.0,3.8286414,3.0201342,19.0,2.9957323,1.2751678,616,0.013950892857142856,False,2,4,2,2,B_cells,B_cells,Naive_B,0
GTGAGCCTCTTCGTAT-1,s1d1,2241,7.715123603632105,11057.0,9.310909,46.10653884417111,64.06801121461517,72.95830695487022,81.16125531337615,1055.0,6.9622436,9.541467,4893.0,8.495766,44.25251,19.0,2.9957323,0.17183685,2241,0.013950892857142856,False,2,4,10,12,B_cells,B_cells,Naive_B,0
GTGAGGAAGCAGGCTA-1,s1d1,884,6.785587645007929,1775.0,7.482119,35.38028169014085,47.49295774647887,60.16901408450705,78.36619718309859,207.0,5.3375382,11.661972,445.0,6.100319,25.070423,10.0,2.3978953,0.56338024,884,0.17278911564625846,False,2,13,16,23,B_cells,B_cells,Naive_B,0
GTGAGGACATCCGGCA-1,s1d1,1106,7.009408932708637,4784.0,8.473242,48.202341137123746,68.12290969899666,77.84280936454849,87.33277591973244,479.0,6.173786,10.012542,2415.0,7.7898684,50.48077,5.0,1.7917595,0.104515046,1106,0.011560693641618498,False,2,13,16,23,B_cells,B_cells,Naive_B,0
GTGATGTCAGAAACCG-1,s1d1,452,6.115892125483034,1090.0,6.99485,60.82568807339449,67.70642201834862,76.88073394495413,100.0,442.0,6.0935698,40.550457,35.0,3.583519,3.211009,13.0,2.6390574,1.1926606,452,0.015260581629714942,False,2,4,2,2,B_cells,B_cells,Naive_B,0
GTGCACGTCATGCCAA-1,s1d1,2299,7.7406644019172415,10166.0,9.226903,45.76037772968719,62.590989573086766,70.8734999016329,79.49045839071415,892.0,6.7945867,8.774346,4341.0,8.37609,42.70116,22.0,3.1354942,0.21640763,2299,0.02145922746781116,False,2,4,10,12,B_cells,B_cells,Naive_B,0
GTGCACGTCTGAGGTT-1,s1d1,2412,7.7886260656250315,8586.0,9.058004,38.87724202189611,54.425809457256,63.824831120428605,74.1090146750524,561.0,6.331502,6.5338926,3184.0,8.066208,37.083626,25.0,3.2580965,0.29117167,2412,0.028206092515983452,False,2,13,16,23,B_cells,B_cells,Naive_B,0
GTGCTGGTCGGTATGT-1,s1d1,1913,7.5569505720129,5894.0,8.68186,35.96878181201222,52.03596878181202,62.589073634204276,74.34679334916865,558.0,6.3261495,9.467255,1991.0,7.5968943,33.780117,17.0,2.8903718,0.2884289,1913,0.028985507246376812,False,2,4,10,12,B_cells,B_cells,Naive_B,0
GTGGAGAGTGATGGCA-1,s1d1,1450,7.280008252884188,4632.0,8.44096,38.752158894645945,55.11658031088083,67.01208981001727,79.49050086355786,368.0,5.9107966,7.944732,1602.0,7.379632,34.58549,20.0,3.0445225,0.43177894,1450,0.009433962264150943,False,2,4,10,12,B_cells,B_cells,Naive_B,0
GTGGCGTAGTGCACCC-1,s1d1,1790,7.490529402060711,5904.0,8.683555,39.58333333333333,54.505420054200535,64.71883468834689,76.79539295392954,637.0,6.4583383,10.789295,1988.0,7.5953875,33.672085,44.0,3.8066626,0.74525744,1789,0.05420353982300886,False,2,13,16,23,B_cells,B_cells,Naive_B,0
GTGGCGTGTGAGTAGC-1,s1d1,1832,7.513709247839705,5973.0,8.695172,37.686254813326634,53.64138623807132,64.32278586974721,76.56119203080529,346.0,5.8493247,5.792734,2138.0,7.6680937,35.794407,19.0,2.9957323,0.31809813,1831,0.0314615690959777,False,2,4,10,16,B_cells,B_cells,Naive_B,0
GTGGCGTTCTCGCTCA-1,s1d1,535,6.284134161070802,800.0,6.685861,35.0,45.625,58.12500000000001,95.625,24.0,3.218876,3.0,70.0,4.26268,8.75,33.0,3.5263605,4.125,535,0.013121924548933845,False,2,4,2,2,B_cells,B_cells,Naive_B,0
GTGGTTACAGTCACGC-1,s1d1,1755,7.470793774195062,5926.0,8.687273,43.75632804589943,57.18866014174823,66.57104286196423,78.13027337158286,667.0,6.504288,11.255484,1670.0,7.4211774,28.180897,9.0,2.3025851,0.1518731,1755,0.044025157232704414,False,2,13,16,23,B_cells,B_cells,Naive_B,0
GTGTAACAGACGCAGT-1,s1d1,2455,7.806289289267033,7491.0,8.921591,39.03350687491657,51.395007342143906,60.779602189293826,70.91176077960219,990.0,6.8987145,13.215859,1930.0,7.5657935,25.764252,27.0,3.3322046,0.36043254,2453,0.12072434607645872,False,2,4,10,12,B_cells,B_cells,Naive_B,0
GTGTAACTCCTTGACC-1,s1d1,816,6.705639094860003,1949.0,7.575585,53.771164699846075,59.36377629553618,68.39404822986147,83.78655720882504,683.0,6.527958,35.043613,33.0,3.5263605,1.6931759,11.0,2.4849067,0.56439203,814,0.007529411764705883,False,2,4,2,2,B_cells,B_cells,Naive_B,0
GTGTCCTCACTCTCGT-1,s1d1,1853,7.5251007461258,6265.0,8.742893,40.54269752593775,56.951316839585,66.54429369513169,77.41420590582602,365.0,5.902633,5.826018,2496.0,7.8228455,39.84038,24.0,3.218876,0.3830806,1853,0.028985507246376812,False,2,13,16,23,B_cells,B_cells,Naive_B,0
GTGTGGCAGCCAAGCA-1,s1d1,1864,7.5310163320779155,4795.0,8.475537,30.114702815432743,42.33576642335766,53.43065693430656,68.96767466110532,257.0,5.5529594,5.35975,1078.0,6.98379,22.48175,22.0,3.1354942,0.45881128,1863,0.024613220815752467,False,2,9,13,15,B_cells,B_cells,B_cell,1
GTGTTAGCATGTGCCG-1,s1d1,1765,7.476472381163905,5837.0,8.672144,38.66712352235738,55.7478156587288,65.82148363885557,77.35137913311632,272.0,5.609472,4.659928,2389.0,7.7790484,40.928562,36.0,3.6109178,0.6167552,1764,0.022673434856175977,False,2,4,10,12,B_cells,B_cells,Naive_B,0
GTGTTAGTCGTTTACT-1,s1d1,388,5.963579343618446,989.0,6.897705,65.01516683518706,70.87967644084934,80.99089989888778,100.0,482.0,6.1800165,48.7361,17.0,2.8903718,1.718908,7.0,2.0794415,0.70778567,388,0.020302932645826624,False,2,4,2,2,B_cells,B_cells,Naive_B,0
GTGTTCCCAACCGGAA-1,s1d1,1653,7.4109518755836366,4654.0,8.445697,35.68972926514826,50.128921357971635,61.36656639449936,75.22561237645037,435.0,6.0776424,9.346799,1259.0,7.138867,27.051998,23.0,3.1780539,0.49419856,1652,0.016656751933372994,False,2,13,16,23,B_cells,B_cells,Naive_B,0
GTTACAGCATGACCCG-1,s1d1,546,6.304448802421981,1018.0,6.926577,47.54420432220039,56.188605108055015,66.01178781925344,95.48133595284872,270.0,5.602119,26.522594,21.0,3.0910425,2.0628684,9.0,2.3025851,0.88408643,546,0.011560693641618498,False,2,4,2,2,B_cells,B_cells,Naive_B,0
GTTACCCAGCATCGAG-1,s1d1,1488,7.305860032684009,5585.0,8.628018,42.86481647269472,60.787824529991056,71.44136078782452,82.3097582811101,558.0,6.3261495,9.991048,2264.0,7.72533,40.53715,20.0,3.0445225,0.35810205,1488,0.011560693641618498,False,2,13,16,23,B_cells,B_cells,Naive_B,0
GTTACGATCAAGTTGC-1,s1d1,1874,7.536363938404511,4841.0,8.485084,32.41065895476141,44.20574261516216,55.05060937822764,69.59305928527164,236.0,5.46806,4.8750257,1138.0,7.037906,23.50754,18.0,2.944439,0.371824,1873,0.030612244897959183,False,2,9,13,15,B_cells,B_cells,B_cell,1
GTTAGACCAGCACACC-1,s1d1,1956,7.579167967396076,6174.0,8.728264,35.79527048914804,50.3239390994493,61.66180758017493,74.02008422416586,532.0,6.2785215,8.616779,1781.0,7.4854918,28.846777,24.0,3.218876,0.38872692,1956,0.01866832607342875,False,2,13,16,23,B_cells,B_cells,Naive_B,0
GTTAGACGTAGTGTGG-1,s1d1,1400,7.244941546337007,5253.0,8.566745,44.60308395202741,61.679040548258136,71.99695412145441,82.8669331810394,475.0,6.1654177,9.042452,2158.0,7.6774006,41.081284,13.0,2.6390574,0.24747762,1399,0.02330363262508568,False,2,4,10,12,B_cells,B_cells,Naive_B,0
GTTAGACTCATCTGTT-1,s1d1,1776,7.482681828154651,4307.0,8.368229,32.06408172742048,42.16391920130021,53.05316925934525,69.12003714882749,293.0,5.68358,6.8028793,707.0,6.562444,16.415138,12.0,2.5649493,0.27861622,1776,0.034166666666666665,False,2,9,13,15,B_cells,B_cells,B_cell,1
GTTAGTGCATCTCATT-1,s1d1,1764,7.475905969367397,4282.0,8.362409,31.83092013078001,42.94722092480149,53.45632881830921,69.07986921999067,185.0,5.2257466,4.320411,899.0,6.802395,20.994864,19.0,2.9957323,0.4437179,1764,0.027448071216617215,False,2,9,13,15,B_cells,B_cells,B_cell,1
GTTAGTGTCGACATTG-1,s1d1,1582,7.367077059881012,5421.0,8.59822,38.240177089097955,55.543257701531076,67.51521859435529,80.04058291828076,380.0,5.9427996,7.0097766,1991.0,7.5968943,36.727543,15.0,2.7725887,0.27670172,1581,0.0314615690959777,False,2,13,16,23,B_cells,B_cells,Naive_B,0
GTTATGGAGGTCCAGA-1,s1d1,466,6.1463292576688975,1026.0,6.934397,58.0896686159844,64.32748538011695,74.07407407407408,100.0,415.0,6.0306854,40.448345,42.0,3.7612002,4.0935674,8.0,2.1972246,0.7797271,466,0.013950892857142856,False,2,4,2,2,B_cells,B_cells,Naive_B,0
GTTATGGCAGGCACAA-1,s1d1,1737,7.460490305825338,6260.0,8.742095,40.239616613418534,57.779552715654944,68.19488817891374,79.4408945686901,546.0,6.3044486,8.722045,2383.0,7.776535,38.067093,35.0,3.583519,0.55910546,1736,0.020302932645826624,False,2,4,10,12,B_cells,B_cells,Naive_B,0
GTTATGGCATTGACTG-1,s1d1,751,6.62273632394984,1383.0,7.2327332,41.64859002169197,49.240780911062906,60.159074475777295,81.85104844540854,216.0,5.379897,15.618221,51.0,3.9512436,3.6876354,14.0,2.7080503,1.0122921,750,0.03818827708703375,False,2,9,13,15,B_cells,B_cells,B_cell,1
GTTATGGGTCTCCCTA-1,s1d1,450,6.111467339502679,986.0,6.89467,57.200811359026375,64.50304259634888,74.64503042596348,100.0,326.0,5.7899604,33.06288,36.0,3.6109178,3.6511157,13.0,2.6390574,1.3184583,450,0.014814814814814819,False,2,4,2,2,B_cells,B_cells,Naive_B,0
GTTCGCTTCACGATAC-1,s1d1,1821,7.507690077819904,6059.0,8.709465,38.323155636243605,53.80425812840402,64.86218847994719,76.84436375639544,476.0,6.1675167,7.856082,1942.0,7.5719886,32.051495,15.0,2.7725887,0.24756561,1821,0.02205882352941177,False,2,4,10,12,B_cells,B_cells,Naive_B,0
GTTCTATAGGTAAGTT-1,s1d1,1645,7.406103381237015,5691.0,8.646817,40.028114566859955,57.59971885433141,67.28167281672816,79.03707608504656,462.0,6.1377273,8.118081,2225.0,7.7079616,39.09682,11.0,2.4849067,0.19328764,1645,0.02205882352941177,False,2,4,10,12,B_cells,B_cells,Naive_B,0
GTTGAACAGCATCTTG-1,s1d1,1977,7.589841512182657,5524.0,8.617039,35.91600289645185,49.8551774076756,59.99275887038378,72.17595944967415,336.0,5.820083,6.082549,1663.0,7.41698,30.104998,18.0,2.944439,0.32585084,1976,0.04666332162568991,False,2,13,16,23,B_cells,B_cells,Naive_B,0
GTTGAACGTGAACGGT-1,s1d1,780,6.660575149839686,2353.0,7.763871,47.59881002974925,63.705907352316196,74.75563110922226,88.10029749256269,322.0,5.7776523,13.684657,939.0,6.84588,39.9065,13.0,2.6390574,0.5524862,780,0.012719891745602164,False,2,13,16,23,B_cells,B_cells,Naive_B,0
GTTGCGGAGCAAATCA-1,s1d1,1958,7.580189417944541,6275.0,8.744488,39.07569721115538,53.0996015936255,63.42629482071713,75.0597609561753,736.0,6.6025877,11.729084,1812.0,7.502738,28.876495,29.0,3.4011974,0.4621514,1958,0.02395001735508504,False,2,13,16,23,B_cells,B_cells,Naive_B,0
GTTGCGGCATGACGTT-1,s1d1,1827,7.510977752014095,6583.0,8.7923975,42.89837460124563,59.19793407261127,68.32751025368373,78.74829105271152,683.0,6.527958,10.375209,2496.0,7.8228455,37.915844,21.0,3.0910425,0.3190035,1827,0.02330363262508568,False,2,13,16,23,B_cells,B_cells,Naive_B,0
GTTGCGGCATTGTCGA-1,s1d1,524,6.263398262591624,1243.0,7.126087,59.211584875301696,65.8889782783588,73.93403057119872,98.06918744971841,546.0,6.3044486,43.925987,33.0,3.5263605,2.6548672,16.0,2.8332133,1.2872084,523,0.009771986970684038,False,2,4,2,2,B_cells,B_cells,Naive_B,0
GTTGCTCAGTTTGGCT-1,s1d1,1105,7.00850518208228,4049.0,8.306472,46.85107433934304,64.41096567053593,75.0061743640405,85.05803902198073,435.0,6.0776424,10.743394,1707.0,7.4430785,42.158558,14.0,2.7080503,0.34576437,1104,0.018148262073208247,False,2,13,16,33,B_cells,B_cells,Naive_B,0
GTTGTAGCACGCCAGT-1,s1d1,2804,7.9391588179567965,9634.0,9.173158,33.55823126427237,46.24247456923396,57.079094872327175,69.37928171060827,661.0,6.4952655,6.861117,2383.0,7.776535,24.735312,26.0,3.295837,0.26987752,2804,0.030612244897959183,False,2,4,10,12,B_cells,B_cells,Naive_B,0
GTTGTAGCACTGCTTC-1,s1d1,1441,7.273786317844895,4732.0,8.462315,39.180050718512256,57.692307692307686,67.83601014370245,80.11411665257819,241.0,5.488938,5.092984,2094.0,7.647309,44.2519,9.0,2.3025851,0.19019441,1441,0.02671057446030004,False,2,4,10,12,B_cells,B_cells,Naive_B,0
GTTGTAGTCGGTCATA-1,s1d1,1764,7.475905969367397,6862.0,8.8338995,43.57330224424366,60.34683765665987,70.1544739143107,80.60332264645876,757.0,6.6306834,11.031769,2757.0,7.922261,40.177788,19.0,2.9957323,0.2768872,1764,0.02145922746781116,False,2,13,16,23,B_cells,B_cells,Naive_B,0
GTTGTCCAGAATACAC-1,s1d1,419,6.040254711277414,952.0,6.859615,59.2436974789916,66.49159663865547,76.99579831932773,100.0,283.0,5.6489744,29.72689,29.0,3.4011974,3.0462184,17.0,2.8903718,1.7857144,419,0.02395001735508504,False,2,4,2,2,B_cells,B_cells,Naive_B,0
GTTTACTAGCTCCGAC-1,s1d1,3142,8.052933036797567,13158.0,9.484861,38.58489132086944,54.29396564827481,64.0750873993008,73.50661194710443,1054.0,6.961296,8.010336,4756.0,8.467373,36.145313,32.0,3.4965076,0.24319805,3142,0.33830845771144274,True,2,13,16,12,B_cells,B_cells,Naive_B,0
GTTTACTCATAGTCGT-1,s1d1,2054,7.628031126930335,5388.0,8.592115,30.419450631031925,40.9985152190052,51.911655530809206,67.279138827023,349.0,5.857933,6.4773574,1095.0,6.9994226,20.322939,20.0,3.0445225,0.37119526,2051,0.033237587197373825,False,2,9,13,15,B_cells,B_cells,B_cell,1
GTTTACTGTCCAGCCA-1,s1d1,1826,7.510430556378006,5956.0,8.692323,38.650100738750844,54.75151108126259,65.16118200134319,76.9140362659503,597.0,6.393591,10.023506,2037.0,7.6197243,34.200806,22.0,3.1354942,0.3693754,1825,0.018148262073208247,False,2,4,10,12,B_cells,B_cells,Naive_B,0
GTTTGGAAGTTAGAAC-1,s1d1,1937,7.569411792450712,5166.0,8.550048,46.30274874177313,51.47115756871854,58.207510646535034,70.7897793263647,1361.0,7.2167096,26.345333,182.0,5.209486,3.5230353,17.0,2.8903718,0.32907474,1936,0.07254237288135591,False,2,4,2,2,B_cells,B_cells,Naive_B,0
GTTTGGACATTGCTGA-1,s1d1,1791,7.491087593534876,5589.0,8.628735,36.33923778851315,51.56557523707283,63.5713007693684,76.16747181964574,345.0,5.846439,6.1728396,1753.0,7.469654,31.365183,13.0,2.6390574,0.23259975,1791,0.02330363262508568,False,2,4,10,12,B_cells,B_cells,Naive_B,0
TAACCAGGTAGTCACT-1,s1d1,1672,7.422373700986824,4507.0,8.413609,31.32904370978478,44.930108719769244,57.02240958508986,72.37630352784558,234.0,5.4595857,5.1919236,1167.0,7.0630484,25.893057,16.0,2.8332133,0.35500333,1671,0.04277566539923954,False,2,9,13,15,B_cells,B_cells,B_cell,1
TAACCAGTCCACTGAA-1,s1d1,976,6.884486652042782,2434.0,7.797702,54.14954806902219,59.16187345932621,67.37880032867707,80.44371405094495,747.0,6.617403,30.690224,39.0,3.6888795,1.6023008,13.0,2.6390574,0.53410023,976,0.013532173432753385,False,2,4,2,2,B_cells,B_cells,Naive_B,0
TAAGCACTCTGTACAG-1,s1d1,2720,7.908754738783246,11484.0,9.348797,36.5987460815047,51.85475444096134,63.436084987809124,74.59944270289098,676.0,6.517671,5.886451,3490.0,8.157944,30.390108,32.0,3.4965076,0.27864856,2719,0.022673434856175977,False,2,4,10,12,B_cells,B_cells,Naive_B,0
TAAGCCAGTGCAATGG-1,s1d1,1742,7.463363045520021,4202.0,8.343554,30.03331746787244,40.909090909090914,52.14183722037126,68.94336030461685,202.0,5.313206,4.807235,760.0,6.6346335,18.086626,28.0,3.3672957,0.66634935,1741,0.04156936011209715,False,2,9,13,15,B_cells,B_cells,B_cell,1
TAAGTCGCACACGGTC-1,s1d1,1894,7.546974117516527,8295.0,9.023529,45.88306208559373,63.230861965039175,72.2242314647378,81.76009644364075,797.0,6.6821084,9.608198,3479.0,8.154788,41.940926,15.0,2.7725887,0.18083183,1893,0.057670126874279116,False,2,13,16,23,B_cells,B_cells,Naive_B,0
TAAGTCGTCCTCTAGC-1,s1d1,1819,7.506591780070841,5867.0,8.677269,37.83875916141128,52.44588375660474,63.337310380092035,75.89909664223624,499.0,6.214608,8.5051985,1900.0,7.550135,32.384525,18.0,2.944439,0.30680075,1819,0.013950892857142856,False,2,13,16,23,B_cells,B_cells,Naive_B,0
TAATCTCAGTACTCGT-1,s1d1,1657,7.4133673356952405,6378.0,8.760767,42.44277202884917,59.89338350580119,70.77453747256193,81.48322358105989,473.0,6.161207,7.416118,2499.0,7.824046,39.18156,29.0,3.4011974,0.45468798,1657,0.01618122977346279,False,2,13,16,23,B_cells,B_cells,Naive_B,0
TAATCTCAGTTCCAGT-1,s1d1,1325,7.189922170745808,3214.0,8.0755825,34.69197261978842,48.63098942128189,60.11200995644057,74.33105164903547,121.0,4.804021,3.764779,869.0,6.768493,27.03796,9.0,2.3025851,0.2800249,1324,0.01920050361976708,False,2,13,16,23,B_cells,B_cells,Naive_B,0
TAATCTCCAGCCTATA-1,s1d1,1174,7.069023426578259,2817.0,7.943783,49.94675186368477,55.41356052538161,62.51331203407881,76.07383741569045,875.0,6.7753663,31.061415,33.0,3.5263605,1.171459,12.0,2.5649493,0.4259851,1174,0.0314615690959777,False,2,4,2,2,B_cells,B_cells,Naive_B,0
TAATCTCCATATGGCT-1,s1d1,1867,7.532623618788788,5823.0,8.669743,37.8842521037266,52.73913790142538,63.18049115576163,74.8754937317534,571.0,6.349139,9.805943,1884.0,7.541683,32.354458,21.0,3.0910425,0.36063883,1866,0.025293908086925547,False,2,4,10,12,B_cells,B_cells,Naive_B,0
TAATCTCGTCTAACGT-1,s1d1,1762,7.47477218239787,5296.0,8.574896,36.91465256797583,51.793806646525674,62.63217522658611,75.52870090634441,448.0,6.107023,8.459215,1622.0,7.3920317,30.626886,18.0,2.944439,0.33987916,1762,0.024613220815752467,False,2,4,10,12,B_cells,B_cells,Naive_B,0
TAATTCCCAACGTTAC-1,s1d1,1682,7.428333194190806,4788.0,8.474077,37.80284043441938,50.0,60.317460317460316,74.33166248955723,434.0,6.075346,9.064327,1183.0,7.076654,24.707602,38.0,3.6635616,0.79365087,1681,0.02395001735508504,False,2,13,16,23,B_cells,B_cells,Naive_B,0
TACAGGTTCATTACGG-1,s1d1,1709,7.444248649496705,5181.0,8.552946,37.05848291835553,52.71183169272341,63.52055587724378,76.54892877822815,326.0,5.7899604,6.2922215,1684.0,7.429521,32.50338,17.0,2.8903718,0.328122,1709,0.016656751933372994,False,2,13,16,23,B_cells,B_cells,Naive_B,0
TACATTCCAAACGTGG-1,s1d1,781,6.661854740545311,1661.0,7.415777,41.78205900060205,52.317880794701985,64.84045755568934,83.08248043347382,317.0,5.7620516,19.084888,348.0,5.855072,20.951233,14.0,2.7080503,0.84286577,781,0.02330363262508568,False,2,4,10,12,B_cells,B_cells,Naive_B,0
TACATTCGTGGGCTCT-1,s1d1,507,6.230481447578482,1085.0,6.9902563,54.74654377880185,62.48847926267281,71.70506912442396,99.35483870967742,380.0,5.9427996,35.02304,29.0,3.4011974,2.672811,9.0,2.3025851,0.82949305,506,0.02145922746781116,False,2,4,2,2,B_cells,B_cells,Naive_B,0
TACCCACCACAATTCG-1,s1d1,1858,7.527793987721444,6971.0,8.849657,42.303830153493045,58.4421173432793,68.698895423899,79.2138860995553,571.0,6.349139,8.191077,2653.0,7.8838234,38.057667,26.0,3.295837,0.37297377,1856,0.0314615690959777,False,2,13,16,23,B_cells,B_cells,Naive_B,0
TACCCACGTGTGATGG-1,s1d1,2320,7.749753406274437,9304.0,9.138308,43.21797076526225,59.2433361994841,68.30395528804814,77.47205503009458,719.0,6.5792513,7.727859,3694.0,8.214736,39.703354,20.0,3.0445225,0.2149613,2320,0.024613220815752467,False,2,4,10,12,B_cells,B_cells,Naive_B,0
TACCCACTCGCACTCT-1,s1d1,2054,7.628031126930335,6810.0,8.826294,37.841409691629956,53.480176211453745,64.11160058737151,75.03671071953009,567.0,6.3421216,8.325991,2291.0,7.73718,33.6417,19.0,2.9957323,0.27900147,2054,0.028206092515983452,False,2,13,16,23,B_cells,B_cells,Naive_B,0
TACCCGTAGCGTTGTT-1,s1d1,1429,7.265429723253953,5341.0,8.583355,41.41546526867628,60.60662797228983,71.24134057292642,82.60625351057854,520.0,6.25575,9.736005,2229.0,7.709757,41.733757,18.0,2.944439,0.33701554,1429,0.013950892857142856,False,2,4,10,12,B_cells,B_cells,Naive_B,0
TACCCGTAGTAATCCC-1,s1d1,2263,7.724888439323074,7214.0,8.883918,37.621291932353756,52.439700582201276,61.741059051843635,72.4424729692265,587.0,6.376727,8.136955,2269.0,7.7275352,31.45273,28.0,3.3672957,0.38813418,2260,0.03713411970292704,False,2,13,16,23,B_cells,B_cells,Naive_B,0
TACCCGTGTAAGATCA-1,s1d1,2485,7.818430272070656,8203.0,9.012377,34.7068145800317,48.96988906497623,59.36852371083749,71.08374984761673,635.0,6.455199,7.7410707,2616.0,7.869784,31.89077,18.0,2.944439,0.21943192,2483,0.030612244897959183,False,2,13,16,23,B_cells,B_cells,Naive_B,0
TACCCGTTCGGTGCAC-1,s1d1,1092,6.996681488176539,2611.0,7.8678713,49.67445423209498,55.53427805438529,63.53887399463807,77.32669475296822,672.0,6.5117455,25.737265,101.0,4.624973,3.86825,14.0,2.7080503,0.5361931,1092,0.013950892857142856,False,2,4,2,2,B_cells,B_cells,Naive_B,0
TACCGAATCATCACAG-1,s1d1,1182,7.075808863978387,3738.0,8.226574,46.95024077046549,60.54039593365436,69.93044408774746,81.75494917067951,633.0,6.452049,16.934189,1270.0,7.147559,33.975388,25.0,3.2580965,0.66880685,1182,0.02395001735508504,False,2,13,16,23,B_cells,B_cells,Naive_B,0
TACCTCGGTCGCGGTT-1,s1d1,501,6.218600119691729,1048.0,6.9555926,54.103053435114504,61.73664122137404,71.27862595419847,99.90458015267176,292.0,5.6801724,27.862597,44.0,3.8066626,4.1984735,17.0,2.8903718,1.6221374,500,0.044025157232704414,False,2,9,13,15,B_cells,B_cells,B_cell,1
TACCTCGGTGGATCAG-1,s1d1,1475,7.297091005160418,4094.0,8.317522,38.324377137274055,52.442598925256476,63.04347826086957,76.1846604787494,400.0,5.9939613,9.770395,1136.0,7.0361485,27.747923,14.0,2.7080503,0.34196386,1475,0.02330363262508568,False,2,13,16,23,B_cells,B_cells,Naive_B,0
TACCTCGGTGTCTTGA-1,s1d1,2678,7.893198869544609,9314.0,9.139381,35.58084603822203,47.89564097058192,58.202705604466395,70.56044663946747,914.0,6.818924,9.813185,2282.0,7.733246,24.500751,21.0,3.0910425,0.22546706,2676,0.03611349957007739,False,2,4,10,12,B_cells,B_cells,Naive_B,0
TACCTCGGTTGGATCT-1,s1d1,981,6.889591308354466,2007.0,7.6048946,42.00298953662182,49.57648231190832,59.54160438465371,76.03388141504733,489.0,6.1944056,24.364723,149.0,5.0106354,7.4240165,15.0,2.7725887,0.7473842,981,0.018148262073208247,False,2,4,2,2,B_cells,B_cells,Naive_B,0
TACCTGCCAGAACATA-1,s1d1,1852,7.52456122628536,5972.0,8.695004,38.362357669122574,53.18151373074347,63.764233087742795,75.7032819825854,508.0,6.232448,8.506363,1956.0,7.579168,32.752846,16.0,2.8332133,0.26791695,1852,0.01571594877764843,False,2,4,10,12,B_cells,B_cells,Naive_B,0
TACGCTCTCAGCGTCG-1,s1d1,712,6.569481420414296,1681.0,7.4277387,42.83164782867341,56.09756097560976,69.4824509220702,87.38845925044616,268.0,5.5947113,15.942891,501.0,6.2186003,29.803688,5.0,1.7917595,0.29744202,712,0.011939506500397984,False,2,13,16,23,B_cells,B_cells,Naive_B,0
TACGCTCTCCCTTGGT-1,s1d1,1968,7.585281078639126,6022.0,8.703341,36.05114579873796,50.581202258385915,61.457987379608106,73.49717701760213,387.0,5.961005,6.4264364,1780.0,7.4849305,29.558287,14.0,2.7080503,0.23248091,1968,0.02395001735508504,False,2,13,16,23,B_cells,B_cells,Naive_B,0
TACGCTCTCTGACGCG-1,s1d1,500,6.2166061010848646,1589.0,7.3714895,68.91126494650723,74.82693517935809,81.12020138451857,100.0,720.0,6.5806394,45.311516,80.0,4.394449,5.0346127,13.0,2.6390574,0.8181246,500,0.11542192046556742,False,2,4,2,2,B_cells,B_cells,Naive_B,0
TACGCTCTCTTTGCTA-1,s1d1,1708,7.443663683115591,5861.0,8.676246,40.60740487971336,57.90820679065006,68.02593414093158,79.2526872547347,345.0,5.846439,5.8863673,2165.0,7.6806374,36.939087,9.0,2.3025851,0.1535574,1708,0.017142857142857147,False,2,13,16,23,B_cells,B_cells,Naive_B,0
TACGGGCTCTCTTAAC-1,s1d1,1333,7.195937226475569,2930.0,7.983099,33.44709897610921,44.30034129692832,55.460750853242324,71.56996587030716,321.0,5.7745514,10.955631,589.0,6.3801227,20.102388,12.0,2.5649493,0.40955633,1332,0.06144578313253013,False,2,4,10,12,B_cells,B_cells,Naive_B,0
TACGGTAAGCACTTTG-1,s1d1,644,6.4692503167957724,1506.0,7.3178763,56.640106241699876,63.28021248339974,70.5179282868526,90.43824701195219,613.0,6.419995,40.70385,34.0,3.5553482,2.257636,23.0,3.1780539,1.5272245,644,0.03611349957007739,False,2,4,2,2,B_cells,B_cells,Naive_B,0
TACGGTAGTTGCTCAA-1,s1d1,1520,7.327123292259293,4361.0,8.380686,38.33983031414813,52.900710846136214,63.74684705342811,76.61086906672782,414.0,6.0282784,9.493236,1372.0,7.2247534,31.460676,13.0,2.6390574,0.29809678,1520,0.02395001735508504,False,2,13,16,23,B_cells,B_cells,Naive_B,0
TACTGCCAGACTCAAA-1,s1d1,300,5.707110264748875,770.0,6.6476884,67.4025974025974,74.02597402597402,87.01298701298701,100.0,378.0,5.9375362,49.09091,19.0,2.9957323,2.4675324,10.0,2.3978953,1.2987013,299,0.012719891745602164,False,2,4,2,2,B_cells,B_cells,Naive_B,0
TACTTACCATAGATGA-1,s1d1,1405,7.2485040723706105,3892.0,8.266935,38.77183967112025,50.95066803699897,62.20452209660843,76.74717368961973,470.0,6.154858,12.076054,805.0,6.692084,20.683455,19.0,2.9957323,0.4881809,1405,0.016656751933372994,False,2,4,10,12,B_cells,B_cells,Naive_B,0
TACTTGTGTTTCGTAG-1,s1d1,2032,7.617267813628347,8728.0,9.074406,42.50687442713107,61.60632447296058,70.96700274977086,80.13290559120072,367.0,5.908083,4.2048583,4307.0,8.368229,49.34693,27.0,3.3322046,0.30934924,2032,0.049504950495049514,False,2,13,16,33,B_cells,B_cells,Naive_B,0
TAGACCACAATTGCGT-1,s1d1,412,6.023447592961033,823.0,6.7141705,54.921020656136086,62.089914945321986,74.24058323207777,100.0,265.0,5.583496,32.19927,24.0,3.218876,2.9161603,13.0,2.6390574,1.5795867,412,0.17278911564625846,False,2,4,2,2,B_cells,B_cells,Naive_B,0
TAGACCAGTCACAGAG-1,s1d1,1725,7.453561871643373,6040.0,8.706325,36.788079470198674,54.75165562913907,66.87086092715232,78.67549668874172,478.0,6.1717005,7.9139075,2199.0,7.696213,36.407288,16.0,2.8332133,0.26490065,1725,0.017142857142857147,False,2,13,16,23,B_cells,B_cells,Naive_B,0
TAGACCATCGACCTAA-1,s1d1,1487,7.305188215393037,5083.0,8.533854,39.602596891599454,57.859531772575245,68.71926027936259,80.58233326775526,364.0,5.8998976,7.1611257,2027.0,7.614805,39.878025,23.0,3.1780539,0.45248872,1487,0.02395001735508504,False,2,4,10,12,B_cells,B_cells,Naive_B,0
TAGAGTCAGCGACTTT-1,s1d1,1034,6.942156705699469,2265.0,7.7257714,46.9757174392936,52.62693156732892,61.45695364238411,76.42384105960265,641.0,6.464588,28.30022,128.0,4.8598123,5.651214,15.0,2.7725887,0.66225165,1033,0.02145922746781116,False,2,4,2,2,B_cells,B_cells,Naive_B,0
TAGATCGAGCACTAGG-1,s1d1,1475,7.297091005160418,6399.0,8.764053,44.163150492264414,64.27566807313643,74.54289732770746,84.76324425691514,437.0,6.082219,6.8291917,3139.0,8.051978,49.05454,16.0,2.8332133,0.25003907,1475,0.012325830653804931,False,2,4,10,12,B_cells,B_cells,Naive_B,0
TAGATCGTCTCCCTAG-1,s1d1,1426,7.2633296174768365,4421.0,8.394347,40.30762270979417,56.45781497398779,67.63175752092286,79.05451255372088,447.0,6.104793,10.110835,1378.0,7.229114,31.169418,40.0,3.713572,0.9047727,1426,0.01618122977346279,False,2,13,16,23,B_cells,B_cells,Naive_B,0
TAGGAGGCATAGGTAA-1,s1d1,1221,7.108244139731541,4957.0,8.508758,47.08493040145249,65.58402259431108,75.30764575347992,85.45491224530967,574.0,6.35437,11.579584,2274.0,7.7297354,45.87452,14.0,2.7080503,0.2824289,1221,0.00814176245210728,False,2,4,10,12,B_cells,B_cells,Naive_B,0
TAGGAGGTCTTTGCAT-1,s1d1,786,6.668228248417403,1781.0,7.4854918,39.07916900617631,52.55474452554745,65.80572711959573,83.94160583941606,212.0,5.3612924,11.903425,452.0,6.115892,25.379,5.0,1.7917595,0.28074116,786,0.028985507246376812,False,2,9,13,15,B_cells,B_cells,B_cell,0
TAGGGTTAGACGCATG-1,s1d1,1781,7.485491608030754,5912.0,8.684909,39.39445196211096,55.243572395128545,66.2381596752368,77.58795669824087,507.0,6.2304816,8.575778,2063.0,7.632401,34.895126,20.0,3.0445225,0.33829498,1780,0.032336297493936954,False,2,13,16,23,B_cells,B_cells,Naive_B,0
TAGGTACGTAAGGCCA-1,s1d1,1207,7.0967213784947605,4316.0,8.370316,41.05653382761816,59.777571825764596,71.40871177015755,83.61909175162188,339.0,5.8289456,7.854495,1848.0,7.5224004,42.81742,14.0,2.7080503,0.3243744,1207,0.00877620672842516,False,2,13,16,23,B_cells,B_cells,Naive_B,0
TAGGTTGCACAGCGCT-1,s1d1,1819,7.506591780070841,4554.0,8.423981,32.191480017566974,43.65393061045235,54.347826086956516,69.82872200263505,231.0,5.4467373,5.0724635,887.0,6.788972,19.477383,16.0,2.8332133,0.3513395,1819,0.025293908086925547,False,2,9,13,15,B_cells,B_cells,B_cell,1
TAGTGCAAGGCACTCC-1,s1d1,1404,7.247792581767846,4675.0,8.450198,41.219251336898395,57.06951871657754,68.36363636363636,80.66310160427807,539.0,6.291569,11.529412,1445.0,7.2765565,30.909092,16.0,2.8332133,0.342246,1403,0.02395001735508504,False,2,13,16,23,B_cells,B_cells,Naive_B,0
TAGTGCACAGGCATGA-1,s1d1,2109,7.6544432264701125,6364.0,8.75857,34.50659962287869,48.28724072910119,59.852294154619734,72.1558768070396,476.0,6.1675167,7.4795723,1721.0,7.4512415,27.04274,35.0,3.583519,0.54996854,2109,0.01866832607342875,False,2,13,16,23,B_cells,B_cells,Naive_B,0
TATACCTTCTACCCAC-1,s1d1,2003,7.602900462204755,6272.0,8.74401,39.39732142857143,52.024872448979586,61.51147959183674,73.38966836734694,412.0,6.0234475,6.568877,1593.0,7.374002,25.398598,29.0,3.4011974,0.46237245,2003,0.07254237288135591,False,2,13,16,33,B_cells,B_cells,Naive_B,0
TATATCCTCGTTGTGA-1,s1d1,1206,7.095893221097532,3448.0,8.14584,43.735498839907194,56.061484918793504,66.35730858468676,79.52436194895591,534.0,6.2822666,15.487239,874.0,6.774224,25.348028,24.0,3.218876,0.6960557,1206,0.027448071216617215,False,2,13,16,23,B_cells,B_cells,Naive_B,0
TATCAGGAGGATTTGA-1,s1d1,1123,7.024649030453636,3375.0,8.124447,42.63703703703703,57.54074074074074,68.97777777777779,81.54074074074073,59.0,4.0943446,1.7481482,1550.0,7.3466554,45.925926,18.0,2.944439,0.5333333,1123,0.28151260504201703,True,2,13,16,12,B_cells,B_cells,Naive_B,0
TATCAGGGTACTGTTG-1,s1d1,1537,7.338238150065589,3906.0,8.270525,36.226318484383,49.30875576036866,59.651817716333845,73.4511008704557,398.0,5.988961,10.189452,1028.0,6.9363427,26.318485,25.0,3.2580965,0.64004093,1536,0.05420353982300886,False,2,4,10,12,B_cells,B_cells,Naive_B,0
TATCCTAAGTTAGTGA-1,s1d1,355,5.87493073085203,819.0,6.7093043,62.14896214896215,68.86446886446886,81.07448107448107,100.0,352.0,5.866468,42.979244,40.0,3.713572,4.884005,12.0,2.5649493,1.4652015,355,0.1392978482446206,False,2,4,2,2,B_cells,B_cells,Naive_B,0
TATCTGTAGATTGATG-1,s1d1,1459,7.286191714702382,4865.0,8.490027,39.38335046248716,56.67009249743062,67.99588900308325,80.28776978417265,418.0,6.037871,8.591984,1818.0,7.506042,37.36896,15.0,2.7725887,0.30832475,1459,0.02395001735508504,False,2,13,16,23,B_cells,B_cells,Naive_B,0
TATCTGTGTGATGAAT-1,s1d1,1891,7.545389749611823,6248.0,8.740177,38.844430217669654,54.25736235595391,64.43661971830986,76.24839948783611,563.0,6.3350544,9.010883,2143.0,7.6704288,34.298973,26.0,3.295837,0.41613317,1889,0.025293908086925547,False,2,13,16,23,B_cells,B_cells,Naive_B,0
TATCTGTTCCTACCGT-1,s1d1,1287,7.160845906664299,4584.0,8.430546,44.175392670157066,61.038394415357764,71.88045375218151,82.83158813263525,403.0,6.001415,8.791449,1908.0,7.5543346,41.62304,16.0,2.8332133,0.34904015,1286,0.014814814814814819,False,2,4,10,12,B_cells,B_cells,Naive_B,0
TATCTGTTCGTAGGGA-1,s1d1,1823,7.508787170634276,6123.0,8.719971,39.42511840601012,54.679078882900534,65.65409113179814,77.39670096357995,518.0,6.251904,8.459906,2082.0,7.6415644,34.002937,19.0,2.9957323,0.31030542,1823,0.04040404040404041,False,2,4,10,12,B_cells,B_cells,Naive_B,0
TATCTTGAGTCACTCA-1,s1d1,1417,7.257002707092073,4901.0,8.497398,43.19526627218935,59.66129361354826,70.026525198939,81.2895327484187,517.0,6.249975,10.548867,1836.0,7.515889,37.461742,16.0,2.8332133,0.32646397,1416,0.02205882352941177,False,2,13,16,23,B_cells,B_cells,Naive_B,0
TATCTTGCACGGTGTC-1,s1d1,1800,7.496097345175956,5389.0,8.5923,36.29615884208573,51.345333085915755,62.31211727593246,74.94897012432733,429.0,6.063785,7.960661,1679.0,7.426549,31.15606,20.0,3.0445225,0.37112635,1800,0.033237587197373825,False,2,13,16,23,B_cells,B_cells,Naive_B,0
TATGTTCGTGTCACAT-1,s1d1,1451,7.280697195384741,5142.0,8.545392,44.96304939712174,62.368728121353556,71.62582652664334,81.50525087514586,313.0,5.749393,6.0871253,2145.0,7.671361,41.715286,8.0,2.1972246,0.15558149,1451,0.08364732479276565,False,2,13,16,33,B_cells,B_cells,Naive_B,0
TATTCCAGTCGGAAAC-1,s1d1,445,6.100318952020064,1020.0,6.928538,55.490196078431374,66.07843137254902,75.98039215686273,100.0,325.0,5.786897,31.862745,210.0,5.351858,20.588236,2.0,1.0986123,0.19607845,445,0.025293908086925547,False,2,13,16,23,B_cells,B_cells,Naive_B,0
TATTCCATCCGATGTA-1,s1d1,1685,7.430114138561801,5421.0,8.59822,38.812027301235936,54.12285556170448,65.48607268031729,77.80852241283895,411.0,6.0210233,7.5816274,1747.0,7.4662275,32.22653,24.0,3.218876,0.44272277,1685,0.02145922746781116,False,2,13,16,23,B_cells,B_cells,Naive_B,0
TATTGCTAGGTGCATG-1,s1d1,1686,7.430707082545968,4915.0,8.500251,37.07019328585962,51.61749745676501,62.54323499491353,75.86978636826043,335.0,5.817111,6.8158703,1427.0,7.26403,29.033571,27.0,3.3322046,0.54933876,1686,0.024613220815752467,False,2,4,10,12,B_cells,B_cells,Naive_B,0
TATTGCTCAGACCTGC-1,s1d1,2212,7.70210434005105,6854.0,8.832733,36.60636124890575,50.919171286839806,60.50481470674058,71.72454041435657,430.0,6.066108,6.2737083,2250.0,7.71913,32.82755,22.0,3.1354942,0.32098043,2210,0.02599277978339351,False,2,13,16,23,B_cells,B_cells,Naive_B,0
TATTGCTCAGCCTATA-1,s1d1,1756,7.471363088187097,5416.0,8.597298,37.573855243722306,53.04652880354506,63.460118168389954,75.9231905465288,440.0,6.089045,8.124077,1676.0,7.424762,30.945345,20.0,3.0445225,0.36927623,1755,0.028985507246376812,False,2,4,10,12,B_cells,B_cells,Naive_B,0
TATTGGGAGGATACCG-1,s1d1,532,6.278521424165844,1533.0,7.335634,65.62296151337247,71.81996086105676,78.34311806914546,97.9125896934116,653.0,6.4831076,42.59622,45.0,3.8286414,2.9354208,10.0,2.3978953,0.6523157,531,0.01866832607342875,False,2,4,2,2,B_cells,B_cells,Naive_B,0
TATTGGGGTCAAACGG-1,s1d1,1647,7.4073177104694174,5476.0,8.608313,39.60920379839299,56.19065010956903,67.67713659605552,79.05405405405406,428.0,6.061457,7.815924,1950.0,7.5760975,35.609932,17.0,2.8903718,0.31044558,1647,0.018148262073208247,False,2,4,10,12,B_cells,B_cells,Naive_B,0
TATTGGGTCGTAGTCA-1,s1d1,1850,7.523481312573497,5464.0,8.606119,38.0307467057101,51.55563689604685,61.365300146412885,73.90190336749633,505.0,6.2265368,9.242313,1644.0,7.4054956,30.087847,14.0,2.7080503,0.25622255,1849,0.02395001735508504,False,2,13,16,23,B_cells,B_cells,Naive_B,0
TCAAGACAGTTCCGGC-1,s1d1,2014,7.608374474380783,6517.0,8.782323,37.01089458339727,51.910388215436555,62.068436397115235,74.03713365045266,607.0,6.410175,9.314102,2022.0,7.6123366,31.026545,20.0,3.0445225,0.30688968,2014,0.029787234042553193,False,2,4,10,12,B_cells,B_cells,Naive_B,0
TCAAGACGTGCAGGAT-1,s1d1,1936,7.5688956634069955,7995.0,8.986696,45.26579111944965,61.78861788617886,71.0569105691057,80.38774233896186,840.0,6.7345915,10.506567,3097.0,8.038512,38.73671,14.0,2.7080503,0.17510945,1935,0.027448071216617215,False,2,4,10,12,B_cells,B_cells,Naive_B,0
TCAAGACGTTTACACG-1,s1d1,837,6.731018100482083,1683.0,7.4289274,33.92751039809863,47.712418300653596,61.43790849673203,79.97623291740939,106.0,4.6728287,6.298277,429.0,6.063785,25.490198,7.0,2.0794415,0.41592395,837,0.04666332162568991,False,2,13,16,23,B_cells,B_cells,Naive_B,0
TCAAGACTCAAGCCGC-1,s1d1,1777,7.48324441607385,6153.0,8.724857,39.78547050219405,55.51763367463026,66.87794571753616,78.28701446448886,593.0,6.3868794,9.637575,2114.0,7.6568103,34.357224,20.0,3.0445225,0.3250447,1776,0.019745222929936305,False,2,4,10,12,B_cells,B_cells,Naive_B,0
TCAAGCAAGTCTTGGT-1,s1d1,1409,7.251344983372214,4927.0,8.502688,41.44509843718287,59.50882890196875,69.7178810635275,81.55063933428049,348.0,5.855072,7.0631213,1988.0,7.5953875,40.349094,17.0,2.8903718,0.34503755,1407,0.025293908086925547,False,2,13,16,23,B_cells,B_cells,Naive_B,0
TCAAGCATCTGCTTAT-1,s1d1,847,6.742880635791903,1722.0,7.4518223,46.922183507549356,52.72938443670151,62.4274099883856,79.84901277584204,370.0,5.916202,21.486643,24.0,3.218876,1.3937283,15.0,2.7725887,0.87108016,847,0.02205882352941177,False,2,4,2,2,B_cells,B_cells,Naive_B,0
TCAAGTGAGAGTCACG-1,s1d1,990,6.898714534329988,1951.0,7.5766096,42.84982060481804,48.89800102511532,59.14915427985649,74.88467452588417,442.0,6.0935698,22.655048,84.0,4.4426513,4.3054843,11.0,2.4849067,0.56381345,990,0.013532173432753385,False,2,13,16,23,B_cells,B_cells,Naive_B,0
TCAAGTGAGAGTCCGA-1,s1d1,1388,7.236339342754344,5559.0,8.623353,44.54038496132398,61.46788990825688,72.3511422917791,84.02590393955748,525.0,6.265301,9.444144,2299.0,7.7406645,41.356358,11.0,2.4849067,0.19787732,1388,0.00910209102091021,False,2,13,16,23,B_cells,B_cells,Naive_B,0
TCAAGTGAGGACGCAT-1,s1d1,1924,7.562681246721884,7001.0,8.853951,39.43722325382088,56.66333380945579,66.99042993858019,77.61748321668334,489.0,6.1944056,6.9847164,2732.0,7.913155,39.023,32.0,3.4965076,0.45707756,1924,0.02205882352941177,False,2,13,16,23,B_cells,B_cells,Naive_B,0
TCAAGTGCAACCCTAA-1,s1d1,1674,7.423568444259167,6702.0,8.81031,44.4643390032826,63.16025067144137,72.97821545807221,82.48284094300209,614.0,6.4216223,9.161444,2836.0,7.9505024,42.315727,12.0,2.5649493,0.17905103,1673,0.01618122977346279,False,2,13,16,23,B_cells,B_cells,Naive_B,0
TCAATCTAGACGCCCT-1,s1d1,1840,7.518064181233078,5523.0,8.616858,38.819482165489774,53.304363570523265,62.79196089082021,74.97736737280464,513.0,6.2422233,9.28843,1706.0,7.442493,30.889011,19.0,2.9957323,0.34401593,1840,0.025293908086925547,False,2,4,10,12,B_cells,B_cells,Naive_B,0
TCAATCTCAGCTTTCC-1,s1d1,999,6.907755278982137,2806.0,7.939872,40.841054882394864,57.982893799002134,69.31575196008554,82.21667854597291,214.0,5.370638,7.626515,1064.0,6.9707303,37.918747,8.0,2.1972246,0.28510335,999,0.01571594877764843,False,2,4,10,12,B_cells,B_cells,Naive_B,0
TCAATCTTCTAGTGTG-1,s1d1,1658,7.413970290190444,5083.0,8.533854,38.815660043281525,54.121581743065114,65.02065709226834,77.21817824119614,467.0,6.1484685,9.187488,1716.0,7.4483337,33.75959,13.0,2.6390574,0.25575447,1657,0.030612244897959183,False,2,13,16,23,B_cells,B_cells,Naive_B,0
TCAATTCAGAGTCAGC-1,s1d1,2351,7.763021309018518,8443.0,9.041211,35.81665284851356,50.941608433021436,62.35935094160844,73.95475541869004,409.0,6.016157,4.8442497,2674.0,7.8917046,31.671207,20.0,3.0445225,0.23688261,2351,0.02145922746781116,False,2,13,16,23,B_cells,B_cells,Naive_B,0
TCAATTCCATGGCGCT-1,s1d1,2920,7.979681302387741,12543.0,9.436997,41.784262138244436,57.58590448855936,67.06529538387946,76.07430439288846,753.0,6.6253924,6.0033484,4854.0,8.487764,38.698875,33.0,3.5263605,0.26309496,2920,0.33830845771144274,True,2,4,10,12,B_cells,B_cells,Naive_B,0
TCAATTCTCACTGCTC-1,s1d1,1658,7.413970290190444,6405.0,8.764991,43.9344262295082,60.843091334894616,71.06947697111632,81.92037470725995,598.0,6.395262,9.336456,2520.0,7.832411,39.34426,19.0,2.9957323,0.29664323,1658,0.02395001735508504,False,2,13,16,23,B_cells,B_cells,Naive_B,0
TCAATTCTCAGGTGTT-1,s1d1,1053,6.960347729101308,2386.0,7.7777925,35.75020955574183,47.40150880134116,59.7652975691534,76.82313495389774,154.0,5.043425,6.4543166,482.0,6.1800165,20.201174,12.0,2.5649493,0.5029338,1051,0.028985507246376812,False,2,9,13,15,B_cells,B_cells,B_cell,1
TCACGCTTCATGAGTC-1,s1d1,2800,7.937731775260109,8861.0,9.089528,37.37727118835346,47.10529285633675,56.494752285295114,68.22029116352556,1550.0,7.3466554,17.492382,1522.0,7.3284373,17.176392,35.0,3.583519,0.39498928,2800,0.33830845771144274,True,2,4,10,12,B_cells,B_cells,Naive_B,0
TCACGCTTCTTCCTAA-1,s1d1,2426,7.794411205726601,8488.0,9.046527,38.348256361922715,51.70829406220546,62.181903864278986,73.23279924599434,999.0,6.9077554,11.769557,2272.0,7.7288556,26.7672,23.0,3.1780539,0.27097076,2425,0.33830845771144274,True,2,13,16,23,B_cells,B_cells,Naive_B,0
TCACTCGTCAGTGTGT-1,s1d1,1791,7.491087593534876,4910.0,8.499233,29.95926680244399,43.34012219959267,55.010183299389006,70.69246435845213,265.0,5.583496,5.3971486,1249.0,7.130899,25.437883,11.0,2.4849067,0.22403258,1790,0.025293908086925547,False,2,9,13,15,B_cells,B_cells,B_cell,1
TCAGCAACAACTGCCG-1,s1d1,2033,7.617759576608505,7022.0,8.856946,45.243520364568504,57.690116775847336,65.86442608943321,76.33152947878098,1068.0,6.9744787,15.209343,1889.0,7.544332,26.901167,17.0,2.8903718,0.24209628,2032,0.22316865417376477,False,2,4,10,12,B_cells,B_cells,Naive_B,0
TCAGCCTCATCTGTTT-1,s1d1,2443,7.8013913202914855,8541.0,9.052751,39.550403933965576,53.3544081489287,62.697576396206536,72.9656948835031,745.0,6.6147256,8.722632,2678.0,7.893199,31.354641,20.0,3.0445225,0.23416463,2442,0.20833333333333326,False,2,4,10,12,B_cells,B_cells,Naive_B,0
TCAGGGCCAACCAACT-1,s1d1,1615,7.38770923908104,3535.0,8.170752,31.994342291371996,40.62234794908062,50.721357850070724,68.45827439886845,214.0,5.370638,6.053748,405.0,6.0063534,11.45686,14.0,2.7080503,0.3960396,1614,0.03818827708703375,False,2,9,10,12,B_cells,B_cells,B_cell,0
TCAGGTACACAAACGG-1,s1d1,2261,7.724004656676065,8857.0,9.089076,41.35711866320425,57.72835045726544,67.60754205712996,77.52060517105114,755.0,6.6280413,8.524331,3405.0,8.133294,38.444168,22.0,3.1354942,0.2483911,2261,0.04277566539923954,False,2,4,10,12,B_cells,B_cells,Naive_B,0
TCAGGTACACATGACT-1,s1d1,1016,6.92461239604856,2031.0,7.616776,41.85130477597242,48.2520925652388,58.09945839487936,74.59379615952733,380.0,5.9427996,18.709995,31.0,3.465736,1.5263417,22.0,3.1354942,1.0832102,1015,0.007529411764705883,False,2,4,2,2,B_cells,B_cells,Naive_B,0
TCAGGTATCGGTAACT-1,s1d1,2746,7.918264686095274,11607.0,9.359449,42.62944774704919,58.542258981649006,67.08021021797191,76.16093736538296,1179.0,7.07327,10.157663,4390.0,8.387312,37.822006,30.0,3.4339871,0.25846472,2745,0.3075170842824603,True,2,13,16,12,B_cells,B_cells,Naive_B,0
TCAGTCCAGGAGCTGT-1,s1d1,971,6.879355804460439,3727.0,8.223627,46.01556211430105,65.89750469546553,76.73732224309096,87.36248993828816,376.0,5.9322453,10.088543,1681.0,7.4277387,45.1033,8.0,2.1972246,0.21464986,971,0.009771986970684038,False,2,13,16,23,B_cells,B_cells,Naive_B,0
TCAGTCCGTTTCGATG-1,s1d1,1777,7.48324441607385,5480.0,8.609043,38.1021897810219,52.700729927007295,63.613138686131386,76.05839416058394,483.0,6.182085,8.8138685,1633.0,7.398786,29.79927,18.0,2.944439,0.32846716,1776,0.024613220815752467,False,2,13,16,23,B_cells,B_cells,Naive_B,0
TCAGTCCTCGCAATGT-1,s1d1,870,6.769641976852503,1690.0,7.4330754,41.77514792899408,49.112426035502956,60.35502958579882,78.10650887573965,422.0,6.0473723,24.970413,110.0,4.7095304,6.508876,14.0,2.7080503,0.8284024,869,0.011560693641618498,False,2,4,2,2,B_cells,B_cells,Naive_B,0
TCAGTGAAGTAGGAAG-1,s1d1,1562,7.354362330421477,5639.0,8.637639,40.76964000709346,58.78701897499556,69.7818762191878,81.16687355914169,548.0,6.3080983,9.718035,2082.0,7.6415644,36.92144,17.0,2.8903718,0.3014719,1562,0.01920050361976708,False,2,13,16,23,B_cells,B_cells,Naive_B,0
TCAGTGACACAGCCTG-1,s1d1,518,6.251903883165888,1343.0,7.2034054,62.17423678332092,68.87565152643336,76.3216679076694,98.65971705137751,591.0,6.383507,44.00596,26.0,3.295837,1.9359642,15.0,2.7725887,1.1169025,518,0.009771986970684038,False,2,4,2,2,B_cells,B_cells,Naive_B,0
TCATATCAGTCTGTAC-1,s1d1,862,6.760414691083428,2112.0,7.6558642,54.21401515151515,59.84848484848485,68.65530303030303,82.85984848484848,541.0,6.295266,25.615532,45.0,3.8286414,2.1306818,9.0,2.3025851,0.42613637,862,0.08364732479276565,False,2,4,2,2,B_cells,B_cells,Naive_B,0
TCATATCGTGTCTTCC-1,s1d1,1566,7.356918242356021,5292.0,8.574141,41.59108087679516,58.18216175359032,68.34845049130763,79.85638699924415,316.0,5.7589016,5.9712777,2050.0,7.626083,38.737717,20.0,3.0445225,0.37792894,1566,0.03512484130342784,False,2,4,10,12,B_cells,B_cells,Naive_B,0
TCATCATAGAGGACTC-1,s1d1,1657,7.4133673356952405,5672.0,8.643474,43.33568406205924,58.110014104372354,68.01833568406207,79.6015514809591,329.0,5.799093,5.800423,2023.0,7.612831,35.66643,15.0,2.7725887,0.264457,1656,0.03611349957007739,False,2,13,16,33,B_cells,B_cells,Naive_B,0
TCATCATCAGCTATAC-1,s1d1,1872,7.5352967024440884,5622.0,8.634621,36.17929562433298,50.58697972251868,61.22376378512985,73.78157239416578,519.0,6.253829,9.23159,1635.0,7.4000096,29.082176,29.0,3.4011974,0.51583064,1872,0.03713411970292704,False,2,13,16,23,B_cells,B_cells,Naive_B,0
TCATGAGTCTCGTTTA-1,s1d1,1432,7.267525427828172,3823.0,8.249052,37.719068794140725,51.87025895893278,62.80408056500131,75.62123986398117,355.0,5.874931,9.285901,1065.0,6.9716687,27.857702,16.0,2.8332133,0.4185195,1432,0.02395001735508504,False,2,13,16,23,B_cells,B_cells,Naive_B,0
TCATGGAAGAGTTGTA-1,s1d1,1519,7.326465613840322,4590.0,8.431853,39.651416122004356,56.51416122004357,66.18736383442267,77.79956427015252,396.0,5.9839363,8.627451,1708.0,7.4436636,37.21133,23.0,3.1780539,0.50108933,1519,0.01866832607342875,False,2,13,16,23,B_cells,B_cells,Naive_B,0
TCATGGAGTGAACGGT-1,s1d1,823,6.714170529909472,1765.0,7.4764724,50.14164305949008,56.09065155807366,64.70254957507082,81.69971671388102,596.0,6.391917,33.767708,58.0,4.0775375,3.2861187,21.0,3.0910425,1.1898017,823,0.027448071216617215,False,2,4,2,2,B_cells,B_cells,Naive_B,0
TCATGGATCGCATTGA-1,s1d1,1488,7.305860032684009,5021.0,8.521584,42.401911969727145,57.51842262497511,68.1736705835491,80.32264489145588,482.0,6.1800165,9.599681,1856.0,7.5267177,36.96475,22.0,3.1354942,0.43815976,1488,0.028206092515983452,False,2,13,16,23,B_cells,B_cells,Naive_B,0
TCATTACTCCCATAGA-1,s1d1,2315,7.7475968386928855,7798.0,8.961751,38.34316491408053,53.23159784560144,62.82380097460888,73.59579379328032,708.0,6.5638556,9.079251,2483.0,7.8176255,31.8415,56.0,4.0430512,0.71813285,2315,0.0314615690959777,False,2,13,16,23,B_cells,B_cells,Naive_B,0
TCATTGTCAAGCGCTC-1,s1d1,512,6.240275845170769,1304.0,7.1739583,60.966257668711656,68.40490797546013,76.07361963190185,99.079754601227,540.0,6.2934194,41.41104,66.0,4.204693,5.06135,17.0,2.8903718,1.303681,512,0.028206092515983452,False,2,4,2,2,B_cells,B_cells,Naive_B,0
TCATTGTCACAGCTTA-1,s1d1,1976,7.589335823170617,5070.0,8.531293,32.40631163708087,42.97830374753452,53.116370808678504,67.65285996055226,272.0,5.609472,5.3648915,826.0,6.717805,16.291914,34.0,3.5553482,0.67061144,1976,0.028206092515983452,False,2,9,13,15,B_cells,B_cells,B_cell,1
TCATTGTTCAACTGAC-1,s1d1,998,6.906754778648554,2272.0,7.7288556,50.04401408450704,55.36971830985915,64.1725352112676,78.08098591549296,759.0,6.6333184,33.40669,46.0,3.8501477,2.024648,19.0,2.9957323,0.8362676,998,0.012325830653804931,False,2,4,2,2,B_cells,B_cells,Naive_B,0
TCATTTGAGTAGACCG-1,s1d1,1590,7.372118028337787,5142.0,8.545392,48.288603656164916,58.53753403345002,66.99727732399843,78.80202255931545,1168.0,7.063904,22.714897,1051.0,6.9584484,20.439518,24.0,3.218876,0.46674445,1588,0.01920050361976708,False,2,4,10,12,B_cells,B_cells,Naive_B,0
TCATTTGCAGCATCTA-1,s1d1,1431,7.266827347520591,4494.0,8.410721,37.11615487316422,54.16110369381397,65.93235425011126,79.2834890965732,349.0,5.857933,7.76591,1585.0,7.3689704,35.26925,8.0,2.1972246,0.17801513,1431,0.014378347899633496,False,2,4,10,12,B_cells,B_cells,Naive_B,0
TCATTTGCAGCTTTCC-1,s1d1,1056,6.963189985870238,3650.0,8.202757,43.97260273972603,61.97260273972602,73.56164383561644,84.76712328767123,304.0,5.7203116,8.328767,1605.0,7.381502,43.972603,13.0,2.6390574,0.3561644,1056,0.012719891745602164,False,2,13,16,23,B_cells,B_cells,Naive_B,0
TCCACCACACATGAAA-1,s1d1,1760,7.473637108496206,7236.0,8.886962,42.564953012714206,61.885019347705914,71.91818684355997,81.52294085129907,581.0,6.3664703,8.029298,3183.0,8.065893,43.98839,27.0,3.3322046,0.37313432,1760,0.017142857142857147,False,2,4,10,12,B_cells,B_cells,Naive_B,0
TCCAGAAAGCTGCGAA-1,s1d1,1538,7.338888133838879,4793.0,8.475121,39.03609430419361,53.473815981639895,64.74024619236386,78.34341748383059,474.0,6.163315,9.889422,1533.0,7.335634,31.984144,22.0,3.1354942,0.4590027,1538,0.04156936011209715,False,2,13,16,23,B_cells,B_cells,Naive_B,0
TCCATCGAGGACGGAG-1,s1d1,917,6.822197390620491,3767.0,8.2343,47.43827979824795,67.640031855588,78.39129280594638,88.93018316963101,254.0,5.5412636,6.742766,1959.0,7.5807,52.00425,11.0,2.4849067,0.29200956,917,0.027448071216617215,False,2,4,10,12,B_cells,B_cells,Naive_B,0
TCCATCGTCCGTATGA-1,s1d1,1682,7.428333194190806,3860.0,8.258681,34.94818652849741,43.60103626943005,53.34196891191711,69.37823834196891,544.0,6.300786,14.093265,562.0,6.3332796,14.559585,20.0,3.0445225,0.5181347,1682,0.03818827708703375,False,2,4,10,12,B_cells,B_cells,Naive_B,0
TCCATGCGTTTACTTC-1,s1d1,2430,7.796057974316123,8151.0,9.006019,34.511102932155566,48.460311618206354,59.30560667402772,71.42681879523984,548.0,6.3080983,6.7231016,2399.0,7.783224,29.431973,26.0,3.295837,0.31897926,2430,0.03927765237020317,False,2,13,16,33,B_cells,B_cells,Naive_B,0
TCCCACACAGCCTATA-1,s1d1,1589,7.371489295214277,3776.0,8.236686,33.501059322033896,44.06779661016949,54.89936440677966,71.15995762711864,379.0,5.9401712,10.037077,676.0,6.517671,17.902542,16.0,2.8332133,0.42372882,1589,0.02599277978339351,False,2,13,16,23,B_cells,B_cells,Naive_B,0
TCCCAGTGTTGCATCA-1,s1d1,946,6.853299093186078,2726.0,7.9109573,40.9024211298606,57.37344093910492,69.66250917094644,83.63903154805577,228.0,5.433722,8.363903,1047.0,6.954639,38.407925,14.0,2.7080503,0.513573,946,0.013121924548933845,False,2,13,16,23,B_cells,B_cells,Naive_B,0
TCCGAAAAGAGGTTAT-1,s1d1,588,6.3784261836515865,1398.0,7.243513,58.0829756795422,65.09298998569385,72.24606580829757,93.70529327610872,584.0,6.371612,41.773964,48.0,3.8918204,3.4334764,17.0,2.8903718,1.2160228,588,0.02330363262508568,False,2,4,2,2,B_cells,B_cells,Naive_B,0
TCCGAAAGTCCTGTTC-1,s1d1,1562,7.354362330421477,5642.0,8.638171,48.20985466146757,62.51329315845445,71.12725983693726,81.17688762850052,1131.0,7.031741,20.046083,1720.0,7.4506607,30.485641,25.0,3.2580965,0.44310525,1561,0.15451174289245986,False,2,13,16,33,B_cells,B_cells,Naive_B,0
TCCGATCAGAAATTCG-1,s1d1,1379,7.22983877815125,4059.0,8.308938,39.467849223946786,54.20054200542005,65.8290219265829,78.34441980783444,409.0,6.016157,10.076374,1258.0,7.138073,30.992857,10.0,2.3978953,0.24636608,1379,0.018148262073208247,False,2,4,10,12,B_cells,B_cells,Naive_B,0
TCCGATCGTACCTAGT-1,s1d1,1630,7.396948602621014,5276.0,8.571113,39.42380591357089,55.780894617134194,66.3570887035633,78.5822592873389,399.0,5.9914646,7.562547,1866.0,7.5320883,35.367702,10.0,2.3978953,0.18953753,1630,0.01920050361976708,False,2,4,10,12,B_cells,B_cells,Naive_B,0
TCCGGGATCTCCAATT-1,s1d1,1806,7.499423290592229,5388.0,8.592115,37.657757980697845,51.930215293244245,62.24944320712695,74.87008166295472,439.0,6.086775,8.147736,1705.0,7.441907,31.644396,16.0,2.8332133,0.2969562,1805,0.019745222929936305,False,2,13,16,23,B_cells,B_cells,Naive_B,0
TCCTAATGTACAGTCT-1,s1d1,1733,7.458186157340487,5522.0,8.616676,38.645418326693225,53.694313654473014,64.86780152118797,77.32705541470482,349.0,5.857933,6.320174,1906.0,7.5532866,34.51648,15.0,2.7725887,0.27164072,1733,0.022673434856175977,False,2,4,10,12,B_cells,B_cells,Naive_B,0
TCCTCCCTCGGCCCAA-1,s1d1,1251,7.132497551660044,3846.0,8.255049,39.13156526261051,56.084243369734786,67.39469578783151,80.47321892875715,335.0,5.817111,8.710348,1364.0,7.2189097,35.46542,15.0,2.7725887,0.3900156,1251,0.02330363262508568,False,2,4,10,12,B_cells,B_cells,Naive_B,0
TCCTCGACAATGGGTG-1,s1d1,1751,7.468513271496337,5235.0,8.5633135,38.94937917860554,53.56255969436485,63.190066857688635,75.79751671442216,445.0,6.100319,8.500478,1709.0,7.4442487,32.645653,16.0,2.8332133,0.30563515,1751,0.017639902676399026,False,2,4,10,12,B_cells,B_cells,Naive_B,0
TCCTCGATCTCAGAAC-1,s1d1,2378,7.774435510302958,6040.0,8.706325,28.344370860927153,37.980132450331126,48.54304635761589,63.062913907284766,348.0,5.855072,5.7615895,980.0,6.8885727,16.225164,14.0,2.7080503,0.23178807,2376,0.03927765237020317,False,2,9,13,15,B_cells,B_cells,B_cell,1
TCCTCTTCAGATACCT-1,s1d1,1527,7.331714969726466,3732.0,8.224968,29.849946409431936,42.71168274383709,55.09110396570204,72.48124330117899,214.0,5.370638,5.734191,830.0,6.72263,22.240086,13.0,2.6390574,0.3483387,1526,0.034166666666666665,False,2,9,13,15,B_cells,B_cells,B_cell,1
TCCTTCTTCCGAAATC-1,s1d1,2133,7.665753431861699,6743.0,8.816408,36.36363636363637,50.5116417025063,61.10040041524544,72.75693311582381,581.0,6.3664703,8.6163435,1971.0,7.5868034,29.230312,22.0,3.1354942,0.32626426,2133,0.02145922746781116,False,2,13,16,23,B_cells,B_cells,Naive_B,0
TCCTTCTTCGTTTACT-1,s1d1,2008,7.605392364814935,6439.0,8.770284,38.748252834291044,53.610809131852776,63.425997825749334,74.5302065538127,518.0,6.251904,8.044727,2132.0,7.6652846,33.110733,14.0,2.7080503,0.21742505,2008,0.02145922746781116,False,2,4,10,12,B_cells,B_cells,Naive_B,0
TCCTTTCCATCGGATT-1,s1d1,1921,7.561121589530238,4773.0,8.47094,42.88707311963126,48.481039178713594,55.83490467211397,69.24366226691808,951.0,6.858565,19.924576,329.0,5.799093,6.8929396,24.0,3.218876,0.5028284,1920,0.3075170842824603,True,2,4,2,2,B_cells,B_cells,Naive_B,0
TCCTTTCTCCTTACCG-1,s1d1,3570,8.18060094759445,13003.0,9.473012,30.76213181573483,42.81319695454895,53.40306083211567,65.56948396523879,652.0,6.481577,5.0142274,2960.0,7.9932823,22.763977,18.0,2.944439,0.1384296,3567,0.055900621118012424,False,2,13,16,33,B_cells,B_cells,Naive_B,0
TCGAAGTAGCAAATGT-1,s1d1,1738,7.461065514354283,7420.0,8.912069,45.660377358490564,63.099730458221025,72.3989218328841,82.10242587601077,916.0,6.8211074,12.345014,3245.0,8.085178,43.733154,19.0,2.9957323,0.25606468,1738,0.015260581629714942,False,2,4,10,12,B_cells,B_cells,Naive_B,0
TCGAAGTCAAATCGGG-1,s1d1,2437,7.798933310041217,10516.0,9.260748,42.04069988588817,58.91023202738685,68.66679345758844,77.88132369722328,1185.0,7.0783415,11.268543,4162.0,8.333991,39.577785,17.0,2.8903718,0.16165842,2436,0.3075170842824603,True,2,13,16,12,B_cells,B_cells,Naive_B,0
TCGAAGTGTGGAAATT-1,s1d1,2234,7.711996507047669,7558.0,8.930494,36.86160359883567,52.44773749669225,62.635617888330245,73.68351415718443,511.0,6.2383246,6.761048,2578.0,7.855157,34.109554,33.0,3.5263605,0.43662345,2233,0.025293908086925547,False,2,13,16,23,B_cells,B_cells,Naive_B,0
TCGACCTAGACGACGT-1,s1d1,1401,7.2456550675945355,3433.0,8.141481,33.26536556947276,46.69385377221089,57.87940576755025,73.75473346926886,311.0,5.7430034,9.059132,903.0,6.8068295,26.303524,16.0,2.8332133,0.4660647,1401,0.028206092515983452,False,2,9,13,15,B_cells,B_cells,B_cell,1
TCGACCTCAGTCAACT-1,s1d1,1292,7.164720378771857,2906.0,7.974877,41.32828630419821,49.17412250516173,57.98348245010323,72.74604267033723,546.0,6.3044486,18.788713,351.0,5.8636312,12.078458,15.0,2.7725887,0.5161734,1292,0.017639902676399026,False,2,13,16,23,B_cells,B_cells,Naive_B,0
TCGATTTCACGCGGTT-1,s1d1,1622,7.392031567514591,5012.0,8.51979,37.190742218675176,53.49162011173184,65.28332003192338,77.61372705506784,365.0,5.902633,7.2825217,1812.0,7.502738,36.153233,20.0,3.0445225,0.3990423,1620,0.018148262073208247,False,2,13,16,23,B_cells,B_cells,Naive_B,0
TCGATTTTCTACCTTA-1,s1d1,637,6.45833828334479,1388.0,7.2363396,51.873198847262245,59.14985590778098,68.51585014409221,90.12968299711815,373.0,5.924256,26.873198,42.0,3.7612002,3.0259366,12.0,2.5649493,0.86455333,637,0.03713411970292704,False,2,13,16,23,B_cells,B_cells,Naive_B,0
TCGATTTTCTCTGAGA-1,s1d1,1015,6.923628628138427,2082.0,7.6415644,44.47646493756004,50.67243035542748,60.27857829010566,75.26416906820364,492.0,6.200509,23.631124,63.0,4.158883,3.0259366,15.0,2.7725887,0.7204611,1014,0.022673434856175977,False,2,4,2,2,B_cells,B_cells,Naive_B,0
TCGCACTTCGAGAACG-1,s1d1,1595,7.3752557780097545,5369.0,8.588583,39.82119575339914,56.17433414043583,67.8897373812628,79.60514062208978,446.0,6.1025586,8.306948,1716.0,7.4483337,31.96126,25.0,3.2580965,0.46563604,1595,0.02087410306588389,False,2,4,10,12,B_cells,B_cells,Naive_B,0
TCGCAGGTCGCTTACC-1,s1d1,1789,7.489970898834801,6190.0,8.730852,38.49757673667205,54.7172859450727,66.02584814216478,77.80290791599353,650.0,6.47851,10.500808,2025.0,7.6138186,32.714054,15.0,2.7725887,0.24232633,1789,0.028985507246376812,False,2,4,10,12,B_cells,B_cells,Naive_B,0
TCGCTCACATGCCGCA-1,s1d1,1758,7.472500744737558,6084.0,8.713582,39.72715318869165,56.31163708086785,66.8145956607495,78.23800131492439,552.0,6.315358,9.072978,2109.0,7.6544433,34.664692,15.0,2.7725887,0.24654832,1757,0.019745222929936305,False,2,13,16,23,B_cells,B_cells,Naive_B,0
TCGGATACAATTTCTC-1,s1d1,1563,7.355001921105257,3995.0,8.293049,35.294117647058826,48.06007509386733,59.22403003754694,73.39173967459324,208.0,5.3423343,5.206508,915.0,6.8200164,22.90363,16.0,2.8332133,0.4005006,1563,0.2592592592592592,True,2,13,16,23,B_cells,B_cells,Naive_B,0
TCGGATAGTTCCAGGC-1,s1d1,1826,7.510430556378006,5526.0,8.6174,37.07926167209555,52.352515381831346,63.04741223307998,75.49764748461817,394.0,5.9788857,7.1299314,1757.0,7.471932,31.79515,23.0,3.1780539,0.41621426,1826,0.027448071216617215,False,2,13,16,23,B_cells,B_cells,Naive_B,0
TCGGATAGTTGGACCC-1,s1d1,1905,7.552762084214147,6756.0,8.818335,41.51865008880994,57.519242155121376,67.25873297809355,77.85671995263469,676.0,6.517671,10.00592,2431.0,7.796469,35.98283,41.0,3.7376697,0.60686797,1905,0.01920050361976708,False,2,13,16,23,B_cells,B_cells,Naive_B,0
TCGGATATCTACAGGT-1,s1d1,374,5.926926025970411,1000.0,6.908755,65.60000000000001,72.6,82.6,100.0,443.0,6.0958247,44.3,64.0,4.1743875,6.4,17.0,2.8903718,1.7,374,0.16321243523316062,False,2,4,2,2,B_cells,B_cells,Naive_B,0
TCGGGACAGAACTGAT-1,s1d1,1979,7.590852123688581,6969.0,8.849371,41.94288994116803,58.7602238484718,67.62806715454154,77.47166020949922,832.0,6.7250338,11.938585,2582.0,7.8567066,37.04979,32.0,3.4965076,0.45917636,1978,0.028206092515983452,False,2,4,10,12,B_cells,B_cells,Naive_B,0
TCGGGACGTATTGCCA-1,s1d1,1936,7.5688956634069955,7299.0,8.89563,41.55363748458693,58.54226606384436,68.57103712837375,78.79161528976573,542.0,6.297109,7.425675,2858.0,7.958227,39.156048,23.0,3.1780539,0.31511167,1935,0.027448071216617215,False,2,13,16,23,B_cells,B_cells,Naive_B,0
TCGGTCTCAGGATGAC-1,s1d1,2053,7.627544390488503,5788.0,8.663714,34.070490670352456,47.5984796129924,58.500345542501734,71.19903248099516,311.0,5.7430034,5.373186,1688.0,7.431892,29.163786,15.0,2.7725887,0.25915688,2053,0.02395001735508504,False,2,4,10,12,B_cells,B_cells,Naive_B,0
TCGTCCATCAAACCCA-1,s1d1,2429,7.795646536334594,9074.0,9.113278,45.53669825876129,56.49107339651752,65.38461538461539,75.27000220409963,1812.0,7.502738,19.969143,2078.0,7.6396422,22.900595,30.0,3.4339871,0.33061495,2425,0.027448071216617215,False,2,4,10,12,B_cells,B_cells,Naive_B,0
TCGTGCTTCAGGGATG-1,s1d1,1105,7.00850518208228,3624.0,8.19561,44.70198675496689,61.53421633554083,71.90949227373068,83.30573951434879,404.0,6.003887,11.1479025,1469.0,7.293018,40.53532,4.0,1.609438,0.11037528,1105,0.027448071216617215,False,2,13,16,33,B_cells,B_cells,Naive_B,0
TCGTGGGTCCGTAATG-1,s1d1,1430,7.266128779556451,4568.0,8.42705,41.112084063047284,58.55954465849387,68.78283712784588,79.64098073555166,342.0,5.8377304,7.486865,1779.0,7.484369,38.944836,10.0,2.3978953,0.2189142,1430,0.03512484130342784,False,2,13,16,23,B_cells,B_cells,Naive_B,0
TCGTGGGTCGCATTAG-1,s1d1,1336,7.198183577101943,3570.0,8.180601,39.32773109243698,52.29691876750701,63.41736694677871,76.5826330532213,409.0,6.016157,11.456583,978.0,6.886532,27.394958,12.0,2.5649493,0.33613446,1336,0.02145922746781116,False,2,13,16,23,B_cells,B_cells,Naive_B,0
TCTAACTAGTAGACAT-1,s1d1,1287,7.160845906664299,3084.0,8.034307,42.769130998702984,50.97276264591439,60.05188067444877,74.48119325551232,594.0,6.3885612,19.2607,452.0,6.115892,14.65629,11.0,2.4849067,0.35667965,1286,0.04277566539923954,False,2,4,10,12,B_cells,B_cells,Naive_B,0
TCTAACTCAGAGCCCT-1,s1d1,2373,7.772331575169614,8572.0,9.056373,40.11899206719552,53.86140923938404,64.01073261782548,74.34671021931871,1068.0,6.9744787,12.459169,2470.0,7.8123784,28.814745,32.0,3.4965076,0.37330845,2372,0.07254237288135591,False,2,13,16,23,B_cells,B_cells,Naive_B,0
TCTAACTTCCACTTTA-1,s1d1,2233,7.711548979629146,7269.0,8.891512,34.942908240473244,50.62594579722107,61.59031503645619,72.9398816893658,457.0,6.126869,6.286972,2414.0,7.7894545,33.209522,25.0,3.2580965,0.34392625,2233,0.020302932645826624,False,2,13,16,23,B_cells,B_cells,Naive_B,0
TCTACCGCAGCAGTAG-1,s1d1,1755,7.470793774195062,4754.0,8.466952,35.0231384097602,46.27681952040387,57.36222128733698,71.81320992848129,413.0,6.025866,8.687421,813.0,6.7019606,17.101387,17.0,2.8903718,0.3575936,1755,0.04156936011209715,False,2,9,13,15,B_cells,B_cells,B_cell,1
TCTACCGGTGCTCTTC-1,s1d1,1017,6.925595197110468,2549.0,7.8438487,48.64652805021577,55.786582973715184,64.7704982346018,79.71753628874069,685.0,6.5308776,26.873285,262.0,5.572154,10.278541,14.0,2.7080503,0.549235,1017,0.033237587197373825,False,2,4,10,12,B_cells,B_cells,Naive_B,0
TCTACCGGTTGCCATA-1,s1d1,1881,7.540090320145325,5755.0,8.657998,38.66203301476976,52.45873153779323,62.46741963509991,74.54387489139879,593.0,6.3868794,10.304084,1707.0,7.4430785,29.661163,13.0,2.6390574,0.22589052,1881,0.02671057446030004,False,2,13,16,23,B_cells,B_cells,Naive_B,0
TCTATACCATAGACTC-1,s1d1,1642,7.404279118037268,4407.0,8.391176,34.58134785568414,48.03721352393919,59.67778534150215,74.08668028137055,331.0,5.805135,7.5107784,1160.0,7.057037,26.32176,19.0,2.9957323,0.43113226,1641,0.032336297493936954,False,2,13,16,23,B_cells,B_cells,Naive_B,0
TCTATACTCCGATGCG-1,s1d1,3248,8.0861025356691,11602.0,9.359019,36.2006550594725,48.37097052232374,57.28322702982245,68.45371487674538,748.0,6.618739,6.447164,3138.0,8.05166,27.047062,35.0,3.583519,0.30167213,3245,0.07510431154381082,False,2,13,16,23,B_cells,B_cells,Naive_B,0
TCTCACGTCGGTTAGT-1,s1d1,1601,7.379008127628304,4407.0,8.391176,38.05309734513274,51.94009530292716,62.06035852053551,75.01701837985024,435.0,6.0776424,9.870661,1404.0,7.2477927,31.858408,23.0,3.1780539,0.52189696,1600,0.0314615690959777,False,2,4,10,12,B_cells,B_cells,Naive_B,0
TCTCTGGCAGCACCCA-1,s1d1,1859,7.528331766707247,5552.0,8.622093,37.211815561959654,49.98198847262248,61.07708933717579,73.9193083573487,397.0,5.986452,7.150576,1419.0,7.2584124,25.55836,19.0,2.9957323,0.34221902,1857,0.02599277978339351,False,2,13,16,23,B_cells,B_cells,Naive_B,0
TCTGCCACATTCCTCG-1,s1d1,2492,7.821242083523558,7651.0,8.942722,33.69494183766828,46.84354986276304,56.99908508691674,69.049797412103,624.0,6.437752,8.155797,2063.0,7.632401,26.963795,25.0,3.2580965,0.32675466,2490,0.034166666666666665,False,2,13,16,23,B_cells,B_cells,Naive_B,0
TCTGGCTGTCTAACGT-1,s1d1,1623,7.392647520721623,4198.0,8.342602,49.6903287279657,54.21629347308242,60.481181515007144,73.2491662696522,1172.0,7.06732,27.918056,147.0,4.9972124,3.5016675,32.0,3.4965076,0.7622677,1623,0.09018355945730247,False,2,4,2,2,B_cells,B_cells,Naive_B,0
TCTGGCTGTTGCAACT-1,s1d1,2068,7.634820677745543,5990.0,8.698013,34.10684474123539,47.813021702838064,58.313856427378965,70.8848080133556,375.0,5.9295893,6.2604337,1690.0,7.4330754,28.213688,27.0,3.3322046,0.45075125,2067,0.02330363262508568,False,2,13,16,23,B_cells,B_cells,Naive_B,0
TCTGTCGAGGTTGGTG-1,s1d1,712,6.569481420414296,1567.0,7.3575563,52.45692405871091,58.838544990427565,67.32610082961072,86.47096362476069,538.0,6.289716,34.333122,37.0,3.637586,2.3611999,15.0,2.7725887,0.95724314,712,0.04532019704433497,False,2,4,2,2,B_cells,B_cells,Naive_B,0
TCTGTCGGTCGATTCA-1,s1d1,1968,7.585281078639126,6307.0,8.749574,37.133343903599176,52.32281591882035,63.40573965435231,75.09116854288885,509.0,6.234411,8.070398,2008.0,7.6053925,31.837643,19.0,2.9957323,0.30125257,1968,0.017142857142857147,False,2,13,16,23,B_cells,B_cells,Naive_B,0
TCTTCCTGTACCCGCA-1,s1d1,1102,7.005789019253503,2454.0,7.805882,46.9437652811736,52.81173594132029,60.96169519152404,75.46862265688672,590.0,6.381816,24.04238,46.0,3.8501477,1.8744906,17.0,2.8903718,0.6927466,1101,0.02330363262508568,False,2,4,2,2,B_cells,B_cells,Naive_B,0
TCTTCCTGTGGGCTTC-1,s1d1,1886,7.54274354536855,5533.0,8.618666,34.91776613048979,49.9728899331285,60.5819627688415,73.45020784384602,264.0,5.57973,4.771372,1835.0,7.5153446,33.164646,21.0,3.0910425,0.37954092,1886,0.03611349957007739,False,2,13,16,23,B_cells,B_cells,Naive_B,0
TCTTCCTTCTTACGGA-1,s1d1,1710,7.444833273892193,4789.0,8.474286,35.247442054708706,49.279599081227815,60.24222175819587,74.29525997076634,362.0,5.894403,7.5589895,1238.0,7.12206,25.850906,15.0,2.7725887,0.3132178,1710,0.033237587197373825,False,2,4,10,12,B_cells,B_cells,Naive_B,0
TCTTGCGCAATACCTG-1,s1d1,1776,7.482681828154651,5941.0,8.689801,37.63676148796499,54.569937720922404,65.71284295573136,77.4617067833698,411.0,6.0210233,6.9180274,2086.0,7.643483,35.111935,16.0,2.8332133,0.26931491,1776,0.02599277978339351,False,2,4,10,12,B_cells,B_cells,Naive_B,0
TCTTGCGTCCATATGG-1,s1d1,1229,7.114769448366463,2488.0,7.8196363,38.5048231511254,44.975884244372985,53.81832797427653,70.69935691318328,463.0,6.1398845,18.609324,141.0,4.955827,5.6672025,13.0,2.6390574,0.522508,1229,0.025293908086925547,False,2,4,2,2,B_cells,B_cells,Naive_B,0
TCTTGCGTCGAGCACC-1,s1d1,318,5.765191102784844,819.0,6.7093043,67.27716727716728,73.38217338217338,85.59218559218559,100.0,437.0,6.082219,53.357758,30.0,3.4339871,3.663004,14.0,2.7080503,1.7094018,318,0.01920050361976708,False,2,4,2,2,B_cells,B_cells,Naive_B,0
TCTTTGAAGATGCGAC-1,s1d1,2578,7.8551570058813445,7615.0,8.938006,35.35128036769534,47.078135259356536,56.75640183847669,68.06303348653972,935.0,6.8416157,12.2783985,1745.0,7.4650826,22.915298,27.0,3.3322046,0.35456336,2577,0.3075170842824603,True,2,4,10,36,B_cells,B_cells,Naive_B,0
TCTTTGATCCGTGCGA-1,s1d1,1725,7.453561871643373,6135.0,8.721929,42.298288508557455,58.74490627546862,68.41075794621027,79.62510187449062,539.0,6.291569,8.785656,2371.0,7.7714887,38.647106,25.0,3.2580965,0.40749794,1724,0.020302932645826624,False,2,13,16,33,B_cells,B_cells,Naive_B,0
TGAACGTTCAAGAATG-1,s1d1,2041,7.621684998724611,7488.0,8.92119,40.5849358974359,56.99786324786324,67.2676282051282,77.79113247863248,534.0,6.2822666,7.1314106,2787.0,7.9330797,37.21955,31.0,3.465736,0.41399574,2041,0.012719891745602164,False,2,4,10,12,B_cells,B_cells,Naive_B,0
TGAACGTTCTTGTTAC-1,s1d1,1716,7.448333860897476,6741.0,8.816112,41.35884883548435,58.56697819314641,70.2418038866637,81.23423824358403,375.0,5.9295893,5.562973,2924.0,7.9810495,43.376354,24.0,3.218876,0.35603026,1716,0.1951588502269289,False,2,4,10,36,B_cells,B_cells,Naive_B,0
TGACAGTCAGGTCTCG-1,s1d1,1686,7.430707082545968,5683.0,8.645411,40.62994897061411,56.6954073552701,67.32359669188808,79.06035544606722,451.0,6.1136823,7.9359493,2078.0,7.6396422,36.565193,16.0,2.8332133,0.28154144,1686,0.018148262073208247,False,2,4,10,12,B_cells,B_cells,Naive_B,0
TGACGCGCAAGTGTCT-1,s1d1,2414,7.789454566086673,7475.0,8.919454,30.18060200668896,43.62541806020067,55.37123745819398,69.17725752508362,418.0,6.037871,5.5919733,1946.0,7.574045,26.033445,20.0,3.0445225,0.26755852,2413,0.03818827708703375,False,2,9,13,15,B_cells,B_cells,B_cell,1
TGACGCGTCATGAGTC-1,s1d1,2116,7.6577552711348655,7574.0,8.932609,39.17348824927383,55.096382360707686,65.39477158700818,75.90440982307895,626.0,6.4409466,8.265118,2723.0,7.909857,35.951942,21.0,3.0910425,0.27726433,2116,0.030612244897959183,False,2,13,16,23,B_cells,B_cells,Naive_B,0
TGACGCGTCCGAAATC-1,s1d1,1536,7.337587743538596,4480.0,8.407601,37.20982142857142,52.723214285714285,63.72767857142857,76.875,293.0,5.68358,6.5401783,1307.0,7.1762547,29.174107,21.0,3.0910425,0.46875003,1536,0.017639902676399026,False,2,4,10,12,B_cells,B_cells,Naive_B,0
TGAGACTAGGCCTGAA-1,s1d1,989,6.897704943128636,2600.0,7.8636513,54.92307692307692,60.76923076923077,68.53846153846153,81.1923076923077,849.0,6.7452364,32.653847,151.0,5.0238805,5.807692,24.0,3.218876,0.9230769,989,0.04805725971370142,False,2,4,2,2,B_cells,B_cells,Naive_B,0
TGAGCATTCCAACACA-1,s1d1,1884,7.541683099882111,6116.0,8.718827,37.148463047743626,52.5997383911053,63.35840418574231,75.53956834532374,397.0,5.986452,6.491171,2050.0,7.626083,33.51864,26.0,3.295837,0.42511442,1884,0.018148262073208247,False,2,4,10,12,B_cells,B_cells,Naive_B,0
TGAGCGCGTGCCCTTT-1,s1d1,1290,7.1631723908466425,3896.0,8.267962,39.42505133470226,55.85215605749486,67.81314168377823,79.72279260780287,383.0,5.9506426,9.830596,1291.0,7.1639466,33.13655,17.0,2.8903718,0.43634498,1290,0.017639902676399026,False,2,13,16,23,B_cells,B_cells,Naive_B,0
TGAGGAGTCGTTCGCT-1,s1d1,1027,6.93537044601511,2429.0,7.7956467,49.93824619184849,55.66076574722108,63.894606834088094,78.3038287361054,779.0,6.659294,32.07081,63.0,4.158883,2.5936599,27.0,3.3322046,1.1115685,1026,0.034166666666666665,False,2,4,2,2,B_cells,B_cells,Naive_B,0
TGAGGTTTCCGGCAGT-1,s1d1,883,6.784457062637643,2875.0,7.9641557,43.582608695652176,61.70434782608696,74.01739130434783,86.67826086956522,200.0,5.303305,6.9565215,1315.0,7.182352,45.73913,11.0,2.4849067,0.38260868,883,0.013532173432753385,False,2,4,10,12,B_cells,B_cells,Naive_B,0
TGATCTTCAGCTGTAT-1,s1d1,1624,7.393263094763838,5460.0,8.605388,42.765567765567766,57.34432234432234,68.15018315018315,79.41391941391942,496.0,6.20859,9.0842495,1640.0,7.403061,30.03663,18.0,2.944439,0.32967034,1624,0.032336297493936954,False,2,4,10,12,B_cells,B_cells,Naive_B,0
TGATGGTAGGCCCGTT-1,s1d1,1431,7.266827347520591,4452.0,8.401333,38.926325247079966,55.90745732255166,66.84636118598382,79.0880503144654,338.0,5.826,7.592093,1560.0,7.3530817,35.040432,10.0,2.3978953,0.22461815,1431,0.019745222929936305,False,2,13,16,23,B_cells,B_cells,Naive_B,0
TGATGGTTCAAGTCGT-1,s1d1,1800,7.496097345175956,5929.0,8.687779,37.021420138303256,53.314218249283186,64.46280991735537,76.70770787653905,514.0,6.244167,8.669252,2034.0,7.6182513,34.305954,19.0,2.9957323,0.32045877,1800,0.02205882352941177,False,2,4,10,12,B_cells,B_cells,Naive_B,0
TGATGGTTCCTATTGT-1,s1d1,1889,7.5443321080536885,6526.0,8.783703,37.925222188170395,55.20992951271836,65.8443150475023,76.81581366840331,608.0,6.4118185,9.31658,2270.0,7.7279754,34.783943,24.0,3.218876,0.36775973,1889,0.02087410306588389,False,2,4,10,12,B_cells,B_cells,Naive_B,0
TGATTCTAGATACATG-1,s1d1,1594,7.374629015218945,6546.0,8.786762,42.88114879315613,62.12954476015887,72.74671555148183,83.28750381912619,343.0,5.8406415,5.239841,3018.0,8.012681,46.104492,13.0,2.6390574,0.19859456,1592,0.011560693641618498,False,2,13,16,23,B_cells,B_cells,Naive_B,0
TGATTCTAGCAAGTCG-1,s1d1,2009,7.605890001053122,7978.0,8.984569,40.68688894459764,56.90649285535222,68.61368764101279,78.90448734018551,734.0,6.5998707,9.200301,2703.0,7.9024873,33.880672,26.0,3.295837,0.3258962,2009,0.022673434856175977,False,2,4,10,12,B_cells,B_cells,Naive_B,0
TGATTCTAGCGTACAG-1,s1d1,1485,7.303843225277705,4510.0,8.414274,39.33481152993348,54.589800443458984,65.27716186252772,78.15964523281596,376.0,5.9322453,8.337029,1417.0,7.257003,31.41907,19.0,2.9957323,0.42128605,1485,0.029787234042553193,False,2,13,16,23,B_cells,B_cells,Naive_B,0
TGCACGGGTGCCTTCT-1,s1d1,2943,7.987524479848767,9143.0,9.120853,30.30733894782894,42.17434102592147,52.89292354806956,65.74428524554304,581.0,6.3664703,6.3545885,1940.0,7.5709586,21.218418,28.0,3.3672957,0.3062452,2940,0.049504950495049514,False,2,4,10,12,B_cells,B_cells,Naive_B,0
TGCAGATCAAGTCATC-1,s1d1,1914,7.557472901614746,6686.0,8.80792,38.72270415794197,55.51899491474723,66.18306909961113,77.23601555489081,509.0,6.234411,7.6129227,2366.0,7.7693787,35.387375,21.0,3.0910425,0.31408915,1912,0.030612244897959183,False,2,13,16,23,B_cells,B_cells,Naive_B,0
TGCAGATGTTCTTGTT-1,s1d1,510,6.236369590203704,1360.0,7.215975,62.5735294117647,69.85294117647058,77.20588235294117,99.26470588235294,576.0,6.3578424,42.352943,24.0,3.218876,1.764706,20.0,3.0445225,1.4705882,510,0.11542192046556742,False,2,4,2,2,B_cells,B_cells,Naive_B,0
TGCATCCCACATACTG-1,s1d1,1578,7.364547014255642,4564.0,8.426174,36.853637160385624,50.98597721297108,62.313759859772134,76.38036809815951,502.0,6.22059,10.999124,1200.0,7.09091,26.292727,16.0,2.8332133,0.35056967,1577,0.017142857142857147,False,2,4,10,12,B_cells,B_cells,Naive_B,0
TGCATCCTCAGATTGC-1,s1d1,903,6.806829360392176,2048.0,7.6251073,48.876953125,55.322265625,65.087890625,80.322265625,518.0,6.251904,25.292969,91.0,4.5217886,4.4433594,5.0,1.7917595,0.24414062,903,0.010824742268041237,False,2,13,16,23,B_cells,B_cells,Naive_B,0
TGCATCCTCCGTAGTA-1,s1d1,1909,7.554858521040676,6320.0,8.751633,38.164556962025316,53.528481012658226,64.01898734177215,75.56962025316456,424.0,6.052089,6.7088604,2072.0,7.636752,32.78481,14.0,2.7080503,0.221519,1909,0.020302932645826624,False,2,13,16,23,B_cells,B_cells,Naive_B,0
TGCATCCTCTCCAAGA-1,s1d1,2179,7.687080155783135,7940.0,8.9797945,40.32745591939547,54.962216624685134,65.34005037783376,76.02015113350126,461.0,6.135565,5.806045,2652.0,7.883446,33.4005,23.0,3.1780539,0.28967255,2178,0.033237587197373825,False,2,13,16,33,B_cells,B_cells,Naive_B,0
TGCATGACATTGCCGG-1,s1d1,1580,7.365812837209472,4716.0,8.458928,37.57421543681086,53.15945716709075,63.95250212044105,77.09923664122137,368.0,5.9107966,7.803223,1481.0,7.301148,31.403732,14.0,2.7080503,0.29686174,1580,0.01618122977346279,False,2,13,16,23,B_cells,B_cells,Naive_B,0
TGCGACGAGTCATGGG-1,s1d1,1805,7.498869733976931,6143.0,8.723231,38.75956373107602,56.031255087091004,66.57984698030278,77.76330783005046,487.0,6.1903152,7.9277225,2336.0,7.7566233,38.02702,22.0,3.1354942,0.3581312,1804,0.02145922746781116,False,2,13,16,23,B_cells,B_cells,Naive_B,0
TGCGACGGTCCAACGC-1,s1d1,2943,7.987524479848767,13463.0,9.507774,40.78585753546758,57.11951273861695,67.28812300378816,76.26086310629132,1209.0,7.098376,8.980167,5138.0,8.544614,38.163857,43.0,3.7841897,0.31939387,2941,0.4207317073170726,True,2,13,16,12,B_cells,B_cells,Naive_B,0
TGCGATAAGCGACTGA-1,s1d1,1764,7.475905969367397,5819.0,8.669056,41.05516411754597,56.22959271352465,65.88760955490635,77.4703557312253,693.0,6.542472,11.909263,1970.0,7.5862966,33.854614,32.0,3.4965076,0.54992265,1764,0.014814814814814819,False,2,13,16,23,B_cells,B_cells,Naive_B,0
TGCTCCAAGACCTCAT-1,s1d1,3898,8.268475388982598,13947.0,9.543092,30.84534308453431,42.67584426758443,52.98630529863053,64.56585645658565,845.0,6.7405195,6.0586505,3120.0,8.045909,22.370403,54.0,4.0073333,0.38718003,3895,0.33830845771144274,True,2,4,10,36,B_cells,B_cells,Naive_B,0
TGCTCCAAGTTGGCGA-1,s1d1,1586,7.369600720526409,6262.0,8.742414,43.10124560843181,60.87511977004152,72.02171830086235,82.6572979878633,508.0,6.232448,8.112424,2710.0,7.9050727,43.27691,16.0,2.8332133,0.2555094,1585,0.013950892857142856,False,2,4,10,12,B_cells,B_cells,Naive_B,0
TGCTCCACAGCGACCT-1,s1d1,225,5.420534999272286,901.0,6.8046145,80.57713651498335,86.12652608213097,97.2253052164262,100.0,561.0,6.331502,62.26415,43.0,3.7841897,4.772475,11.0,2.4849067,1.2208657,225,0.11048689138576782,False,2,4,2,2,B_cells,B_cells,Naive_B,0
TGCTCGTCATGTCGTA-1,s1d1,1651,7.409741954080923,5532.0,8.618485,40.27476500361533,56.67028199566161,67.24511930585683,79.13955169920463,342.0,5.8377304,6.182213,2169.0,7.6824822,39.20824,22.0,3.1354942,0.39768618,1651,0.020302932645826624,False,2,13,16,23,B_cells,B_cells,Naive_B,0
TGCTCGTGTCTTGCTC-1,s1d1,1083,6.988413181999592,2078.0,7.6396422,31.953801732435032,41.57844080846968,52.59865255052936,71.944177093359,123.0,4.8202815,5.9191527,331.0,5.805135,15.928778,11.0,2.4849067,0.5293551,1083,0.04666332162568991,False,2,9,13,15,B_cells,B_cells,B_cell,0
TGCTCGTGTTGTGCCG-1,s1d1,693,6.542471960506805,1175.0,7.0698743,32.59574468085106,43.91489361702128,58.04255319148937,83.57446808510637,86.0,4.465908,7.3191485,224.0,5.4161005,19.063831,6.0,1.9459102,0.5106383,693,0.024613220815752467,False,2,9,13,15,B_cells,B_cells,B_cell,0
TGCTGAAGTTTCTATC-1,s1d1,3787,8.239593454305968,17585.0,9.774858,38.75462041512653,53.11344896218368,62.18936593687802,71.7202160932613,1122.0,7.023759,6.380438,6237.0,8.738415,35.467728,34.0,3.5553482,0.1933466,3786,0.0806451612903226,False,2,4,10,12,B_cells,B_cells,Naive_B,0
TGCTTCGAGCTGTGCC-1,s1d1,1696,7.436617265234227,5603.0,8.631236,41.28145636266286,57.29073710512226,67.14260217740497,78.65429234338747,615.0,6.423247,10.976262,1981.0,7.5918617,35.35606,25.0,3.2580965,0.44618952,1694,0.02330363262508568,False,2,13,16,23,B_cells,B_cells,Naive_B,0
TGCTTCGAGGGAGGAC-1,s1d1,1968,7.585281078639126,6022.0,8.703341,37.14712720026569,51.810029890401864,62.28827632015942,73.91232148787779,675.0,6.516193,11.2089,1851.0,7.5240216,30.737295,24.0,3.218876,0.39853868,1967,0.044025157232704414,False,2,13,16,23,B_cells,B_cells,Naive_B,0
TGCTTGCAGAGCATAT-1,s1d1,3068,8.029107054619736,14123.0,9.555631,41.37931034482759,57.90554414784395,67.24491963463853,76.47100474403456,1115.0,7.017506,7.8949237,5630.0,8.636043,39.86405,26.0,3.295837,0.18409686,3068,0.3753424657534244,True,2,4,10,12,B_cells,B_cells,Naive_B,0
TGCTTGCAGCTGGAGT-1,s1d1,1866,7.532088143541722,6228.0,8.736971,40.46242774566474,55.394990366088635,65.59087989723828,76.71804752729608,561.0,6.331502,9.007708,2147.0,7.6722927,34.473347,21.0,3.0910425,0.3371869,1866,0.028206092515983452,False,2,4,10,12,B_cells,B_cells,Naive_B,0
TGCTTGCGTCGCCTAG-1,s1d1,1338,7.199678345691172,3695.0,8.215007,36.18403247631935,52.205683355886336,63.734776725304464,77.32070365358594,231.0,5.4467373,6.2516913,1263.0,7.1420364,34.181328,12.0,2.5649493,0.3247632,1338,0.02205882352941177,False,2,13,16,23,B_cells,B_cells,Naive_B,0
TGGAACTCACTGCTTC-1,s1d1,2028,7.615298339825815,7436.0,8.914223,38.94566971490048,53.81925766541151,65.70736955352339,77.03066164604625,345.0,5.846439,4.639591,2508.0,7.8276396,33.72781,21.0,3.0910425,0.2824099,2028,0.03713411970292704,False,2,4,10,12,B_cells,B_cells,Naive_B,0
TGGAGAGTCATGGGAG-1,s1d1,2172,7.6838639802564295,7698.0,8.948846,37.905949597298,54.49467394128346,65.0168875032476,75.43517796830346,612.0,6.418365,7.9501166,2876.0,7.9645033,37.36035,26.0,3.295837,0.33775008,2171,0.019745222929936305,False,2,13,16,23,B_cells,B_cells,Naive_B,0
TGGAGGAGTACCACGC-1,s1d1,964,6.872128101338986,1988.0,7.5953875,44.8692152917505,51.559356136820924,61.56941649899397,76.65995975855131,466.0,6.1463294,23.440643,80.0,4.394449,4.024145,28.0,3.3672957,1.4084507,964,0.016656751933372994,False,2,4,2,2,B_cells,B_cells,Naive_B,0
TGGATCACATATGGCT-1,s1d1,2205,7.698936199813447,6893.0,8.838407,36.84897722326998,49.86217902219643,60.32206586391992,72.01508777020166,556.0,6.322565,8.0661545,1674.0,7.4235682,24.285507,27.0,3.3322046,0.39170176,2202,0.04277566539923954,False,2,13,16,23,B_cells,B_cells,Naive_B,0
TGGATGTAGGTAGGCT-1,s1d1,1839,7.517520850603031,5819.0,8.669056,37.44629661453858,53.17064787764221,63.85976971988314,75.90651314658876,513.0,6.2422233,8.815948,1987.0,7.5948844,34.146763,19.0,2.9957323,0.32651657,1839,0.020302932645826624,False,2,4,10,12,B_cells,B_cells,Naive_B,0
TGGGAAGAGACTCCGC-1,s1d1,1570,7.359467638255621,4747.0,8.465479,48.599115230672005,56.41457762797556,64.84095218032442,77.45944807246681,1431.0,7.2668276,30.145355,665.0,6.50129,14.008848,15.0,2.7725887,0.31598905,1569,0.06144578313253013,False,2,4,10,12,B_cells,B_cells,Naive_B,0
TGGGAAGTCTAGTTCT-1,s1d1,1173,7.068172000388042,3938.0,8.278682,43.753174200101576,61.32554596241747,71.76231589639411,82.91010665312342,375.0,5.9295893,9.5226,1658.0,7.4139705,42.10259,14.0,2.7080503,0.3555104,1173,0.02330363262508568,False,2,13,16,23,B_cells,B_cells,Naive_B,0
TGGGAGAGTTTGAACC-1,s1d1,1874,7.536363938404511,6718.0,8.812695,38.195891634415005,55.16522774635308,66.5078892527538,77.96963381958916,588.0,6.378426,8.7526045,2439.0,7.799753,36.305447,21.0,3.0910425,0.31259304,1874,0.01920050361976708,False,2,13,16,23,B_cells,B_cells,Naive_B,0
TGGGATTTCCTCACCA-1,s1d1,1132,7.0326242610280065,2492.0,7.8212423,43.90048154093098,50.64205457463884,59.59069020866774,74.63884430176564,539.0,6.291569,21.629213,164.0,5.1059456,6.581059,15.0,2.7725887,0.60192615,1132,0.024613220815752467,False,2,4,2,2,B_cells,B_cells,Naive_B,0
TGGGATTTCGTAGGAG-1,s1d1,915,6.82001636467413,3159.0,8.058328,46.4070908515353,64.92560937005382,75.18201962646407,86.86293130737576,296.0,5.6937323,9.370053,1533.0,7.335634,48.528015,8.0,2.1972246,0.2532447,915,0.020302932645826624,False,2,4,10,12,B_cells,B_cells,Naive_B,0
TGGGATTTCTCTTCAA-1,s1d1,2733,7.913521017283895,9814.0,9.191668,38.25147748114938,52.588139392704306,61.463215814143055,72.22335439168535,729.0,6.5930448,7.428164,3262.0,8.090403,33.23823,37.0,3.637586,0.37701243,2731,0.033237587197373825,False,2,13,16,23,B_cells,B_cells,Naive_B,0
TGGGCGTCACACGGAA-1,s1d1,1791,7.491087593534876,4619.0,8.43815,47.30461138774626,51.67785234899329,58.15111495994804,71.14093959731544,1387.0,7.235619,30.028143,86.0,4.465908,1.8618749,24.0,3.218876,0.51959294,1791,0.01920050361976708,False,2,4,2,2,B_cells,B_cells,Naive_B,0
TGGGCGTGTGGCTTAT-1,s1d1,1575,7.362645270417825,4537.0,8.420241,36.38968481375358,51.465726250826535,62.993167291161555,76.30592902799206,339.0,5.8289456,7.4718976,1487.0,7.305188,32.77496,21.0,3.0910425,0.46286094,1575,0.01866832607342875,False,2,13,16,23,B_cells,B_cells,Naive_B,0
TGGGTTATCATCCCGT-1,s1d1,1840,7.518064181233078,6896.0,8.838841,47.172273781902554,61.064385150812065,69.59106728538283,79.84338747099768,844.0,6.7393365,12.238979,2292.0,7.7376165,33.23666,20.0,3.0445225,0.2900232,1840,0.03818827708703375,False,2,13,16,33,B_cells,B_cells,Naive_B,0
TGGTACAAGACATATG-1,s1d1,1665,7.418180822726788,5016.0,8.520588,42.464114832535884,55.92105263157895,64.93221690590111,76.774322169059,590.0,6.381816,11.762361,1604.0,7.380879,31.97767,18.0,2.944439,0.35885167,1664,0.04532019704433497,False,2,4,10,12,B_cells,B_cells,Naive_B,0
TGGTACAAGGTACAAT-1,s1d1,1452,7.2813856635702825,5098.0,8.536799,41.21224009415457,58.00313848568066,69.26245586504511,81.32601020007846,496.0,6.20859,9.729305,1906.0,7.5532866,37.38721,9.0,2.3025851,0.17653982,1452,0.011189175123601354,False,2,13,16,23,B_cells,B_cells,Naive_B,0
TGGTACACACAAATCC-1,s1d1,959,6.866933284461882,2057.0,7.62949,42.48906174039864,50.607681088964505,60.67087992221683,77.68595041322314,283.0,5.6489744,13.757899,151.0,5.0238805,7.3407874,10.0,2.3978953,0.4861449,959,0.10157618213660244,False,2,9,13,15,B_cells,B_cells,B_cell,1
TGGTACATCACGGACC-1,s1d1,1779,7.484368643286131,5690.0,8.646642,38.04920913884007,53.58523725834799,64.27065026362038,76.29173989455185,492.0,6.200509,8.646749,1878.0,7.538495,33.005272,22.0,3.1354942,0.38664323,1778,0.019745222929936305,False,2,13,16,23,B_cells,B_cells,Naive_B,0
TGGTACATCGACGCGT-1,s1d1,1495,7.310550158534422,4731.0,8.462103,39.48425280067639,55.65419573028958,66.75121538786726,78.96850560135277,340.0,5.8318825,7.1866417,1757.0,7.471932,37.138027,14.0,2.7080503,0.29592052,1495,0.01571594877764843,False,2,4,10,12,B_cells,B_cells,Naive_B,0
TGGTAGTAGCCATTCA-1,s1d1,2034,7.618251097876695,5734.0,8.654343,32.211370770840595,45.517963027554934,57.167771189396575,70.648761771887,417.0,6.0354815,7.2724104,1365.0,7.219642,23.80537,28.0,3.3672957,0.48831528,2033,0.02205882352941177,False,2,13,16,23,B_cells,B_cells,Naive_B,0
TGGTAGTAGTCTCTGA-1,s1d1,1186,7.079184394609668,3813.0,8.246434,39.91607658012064,58.64148964070286,70.25963808025178,82.00891686336217,316.0,5.7589016,8.287438,1494.0,7.3098817,39.181747,18.0,2.944439,0.47206926,1186,0.013532173432753385,False,2,13,16,23,B_cells,B_cells,Naive_B,0
TGGTAGTCATCGGATT-1,s1d1,1876,7.537430036586509,5928.0,8.687611,34.83468286099865,50.556680161943326,62.48313090418354,75.06747638326586,350.0,5.8607864,5.9041834,1854.0,7.52564,31.275303,20.0,3.0445225,0.33738193,1876,0.018148262073208247,False,2,4,10,12,B_cells,B_cells,Naive_B,0
TGGTAGTTCCTACCGT-1,s1d1,640,6.46302945692067,1336.0,7.1981835,51.49700598802395,58.982035928143716,67.06586826347305,89.52095808383234,414.0,6.0282784,30.988022,42.0,3.7612002,3.1437125,17.0,2.8903718,1.2724551,640,0.010116337885685384,False,2,4,2,2,B_cells,B_cells,Naive_B,0
TGGTGATGTGCATGTT-1,s1d1,568,6.343880434126331,1349.0,7.20786,58.042994810971095,65.30763528539659,72.72053372868793,94.9592290585619,394.0,5.9788857,29.206821,21.0,3.0910425,1.5567087,16.0,2.8332133,1.1860638,568,0.03927765237020317,False,2,4,2,2,B_cells,B_cells,Naive_B,0
TGGTTAGTCGTAGAGG-1,s1d1,640,6.46302945692067,1387.0,7.235619,52.19899062725306,59.40879596250901,68.27685652487384,89.90627253064167,489.0,6.1944056,35.255947,30.0,3.4339871,2.1629415,14.0,2.7080503,1.0093727,639,0.012719891745602164,False,2,4,2,2,B_cells,B_cells,Naive_B,0
TGTAAGCAGCAGGCTA-1,s1d1,2592,7.860570785538664,8106.0,9.0004835,37.81149765605724,46.570441648161854,55.995558845299776,68.34443622008389,1346.0,7.205635,16.604984,1017.0,6.9255953,12.546262,20.0,3.0445225,0.24673082,2592,0.04156936011209715,False,2,13,16,33,B_cells,B_cells,Naive_B,0
TGTAAGCGTGGATCGA-1,s1d1,1506,7.317876198626496,3861.0,8.258941,49.46904946904947,55.11525511525511,61.64206164206164,73.94457394457395,919.0,6.8243737,23.802124,259.0,5.560682,6.7081065,24.0,3.218876,0.6216006,1505,0.24000000000000005,True,2,4,2,2,B_cells,B_cells,Naive_B,0
TGTACAGAGAGCCGAT-1,s1d1,1952,7.577121930876679,7097.0,8.867568,40.650979287022686,57.2777229815415,67.45103564886573,77.72298154149641,744.0,6.6133842,10.483303,2566.0,7.8504934,36.15612,17.0,2.8903718,0.23953784,1952,0.02330363262508568,False,2,13,16,23,B_cells,B_cells,Naive_B,0
TGTAGACAGGCCACTC-1,s1d1,336,5.820082930352362,921.0,6.8265452,68.94679695982627,74.3756786102063,85.23344191096635,100.0,501.0,6.2186003,54.397392,18.0,2.944439,1.9543973,11.0,2.4849067,1.1943539,336,0.034166666666666665,False,2,4,2,2,B_cells,B_cells,Naive_B,0
TGTAGACGTCCTGTTC-1,s1d1,1756,7.471363088187097,4441.0,8.39886,31.884710650754332,43.54875028146814,54.987615401936495,70.3895519027246,275.0,5.620401,6.192299,871.0,6.7707896,19.6127,21.0,3.0910425,0.47286648,1755,0.028985507246376812,False,2,9,13,15,B_cells,B_cells,B_cell,1
TGTCAGACAGGGTTGA-1,s1d1,1595,7.3752557780097545,5573.0,8.625868,41.09097434057061,57.83240624439261,68.92158621927149,80.35169567557868,587.0,6.376727,10.532927,1915.0,7.557995,34.362103,16.0,2.8332133,0.2870985,1595,0.01866832607342875,False,2,4,10,12,B_cells,B_cells,Naive_B,0
TGTCCACAGGAGAGGC-1,s1d1,1355,7.212294468500341,4537.0,8.420241,41.1505400044082,58.562927044302405,69.67158915582984,81.1549482036588,423.0,6.0497336,9.323341,1835.0,7.5153446,40.44523,11.0,2.4849067,0.24245095,1355,0.011189175123601354,False,2,13,16,23,B_cells,B_cells,Naive_B,0
TGTCCACTCTCCGAGG-1,s1d1,520,6.255750041753367,1055.0,6.9622436,52.98578199052133,60.18957345971564,69.66824644549763,98.10426540284361,377.0,5.934894,35.734596,29.0,3.4011974,2.748815,12.0,2.5649493,1.1374408,520,0.010824742268041237,False,2,13,2,2,B_cells,B_cells,Naive_B,0
TGTCCCAGTTGGGAAC-1,s1d1,533,6.280395838960195,1269.0,7.1467724,58.313632781717885,65.87864460204885,73.75886524822694,97.39952718676122,465.0,6.1441855,36.643024,65.0,4.189655,5.1221433,17.0,2.8903718,1.3396375,532,0.024613220815752467,False,2,4,2,2,B_cells,B_cells,Naive_B,0
TGTCCTGAGTAACGAT-1,s1d1,1328,7.192182058713246,4665.0,8.448057,43.38692390139335,61.39335476956056,72.19721329046088,82.25080385852091,464.0,6.1420374,9.946409,1847.0,7.521859,39.592712,23.0,3.1780539,0.49303323,1328,0.025293908086925547,False,2,13,16,23,B_cells,B_cells,Naive_B,0
TGTCCTGCATACTGAC-1,s1d1,1284,7.158513997329321,3459.0,8.149024,41.399248337669846,53.975137322925704,63.717837525296325,77.33448973691819,500.0,6.216606,14.455044,869.0,6.768493,25.12287,21.0,3.0910425,0.6071119,1284,0.03927765237020317,False,2,4,10,12,B_cells,B_cells,Naive_B,0
TGTCCTGTCCATTCGC-1,s1d1,396,5.983936280687191,1222.0,7.109062,70.45826513911621,75.77741407528642,83.9607201309329,100.0,576.0,6.3578424,47.13584,57.0,4.060443,4.6644845,12.0,2.5649493,0.9819968,395,0.0806451612903226,False,2,4,2,2,B_cells,B_cells,Naive_B,0
TGTGAGTTCCAAGGGA-1,s1d1,2089,7.644919344958857,7307.0,8.896725,38.53838784726974,54.26303544546326,65.14301354865198,75.94087860955248,593.0,6.3868794,8.115505,2459.0,7.8079166,33.652664,16.0,2.8332133,0.21896812,2089,0.02330363262508568,False,2,13,16,23,B_cells,B_cells,Naive_B,0
TGTGATGGTCTTCATT-1,s1d1,3605,8.190354403763262,14937.0,9.611664,29.798486978643634,44.25922206601058,55.928231907344184,68.36714199638482,787.0,6.669498,5.268796,4358.0,8.379998,29.17587,25.0,3.2580965,0.16736962,3605,0.0868217054263566,False,2,9,13,15,B_cells,B_cells,B_cell,1
TGTGATGGTGATTAGA-1,s1d1,1952,7.577121930876679,6594.0,8.794067,38.095238095238095,53.83682135274492,64.64968152866241,75.72035183500152,694.0,6.543912,10.524719,2091.0,7.645876,31.710646,25.0,3.2580965,0.37913254,1951,0.032336297493936954,False,2,13,16,23,B_cells,B_cells,Naive_B,0
TGTGATGTCTCGGTAA-1,s1d1,1536,7.337587743538596,5331.0,8.581482,41.830800975426754,59.20090039392234,69.61170512099044,80.56649784280623,478.0,6.1717005,8.966423,2127.0,7.6629376,39.898705,24.0,3.218876,0.45019695,1536,0.02145922746781116,False,2,4,10,12,B_cells,B_cells,Naive_B,0
TGTGATGTCTTGTTAC-1,s1d1,1925,7.563200592358071,5251.0,8.566364,32.50809369643877,45.62940392306227,56.42734717196725,70.42468101314036,239.0,5.480639,4.5515137,1266.0,7.1444073,24.109694,20.0,3.0445225,0.38087982,1925,0.028985507246376812,False,2,9,13,15,B_cells,B_cells,B_cell,1
TGTGCGGAGCGCACAA-1,s1d1,1954,7.578145472419466,6792.0,8.823648,38.36866902237927,54.07832744405182,64.811542991755,76.36925795053003,519.0,6.253829,7.641343,2382.0,7.7761154,35.07067,16.0,2.8332133,0.23557127,1954,0.013121924548933845,False,2,4,10,12,B_cells,B_cells,Naive_B,0
TGTGCGGTCTCCTGAC-1,s1d1,1521,7.3277805384216315,5130.0,8.543056,41.539961013645225,58.226120857699804,68.44054580896686,80.09746588693957,408.0,6.0137153,7.953216,1999.0,7.6009026,38.96686,18.0,2.944439,0.3508772,1521,0.02087410306588389,False,2,4,10,12,B_cells,B_cells,Naive_B,0
TGTGGCGAGTTGCGAG-1,s1d1,1616,7.388327859577107,5011.0,8.51959,38.35561764118938,53.88146078627021,64.81740171622431,77.72899620834166,424.0,6.052089,8.461385,1701.0,7.4395595,33.94532,15.0,2.7725887,0.29934144,1616,0.02395001735508504,False,2,4,10,12,B_cells,B_cells,Naive_B,0
TGTGTGACATGTGGCC-1,s1d1,468,6.150602768446279,974.0,6.8824377,55.74948665297741,62.217659137576995,72.48459958932239,100.0,340.0,5.8318825,34.907597,35.0,3.583519,3.593429,11.0,2.4849067,1.1293635,468,0.04040404040404041,False,2,4,2,2,B_cells,B_cells,Naive_B,0
TGTGTGAGTTGCGTAT-1,s1d1,832,6.725033642166843,1893.0,7.5464463,51.188589540412046,57.68621236133122,66.61384046487058,82.46170100369783,508.0,6.232448,26.83571,85.0,4.454347,4.490227,15.0,2.7725887,0.79239297,832,0.01920050361976708,False,2,4,2,2,B_cells,B_cells,Naive_B,0
TGTTACTAGCCTCACG-1,s1d1,1614,7.387090235656757,5031.0,8.523573,38.40190816935003,53.66726296958855,64.95726495726495,77.85728483402902,472.0,6.1590953,9.381833,1676.0,7.424762,33.313457,14.0,2.7080503,0.2782747,1614,0.02145922746781116,False,2,13,16,23,B_cells,B_cells,Naive_B,0
TGTTACTGTAAGTTGA-1,s1d1,1826,7.510430556378006,5973.0,8.695172,37.20073664825046,53.32328812991797,64.50694793236231,76.56119203080529,579.0,6.363028,9.693621,2002.0,7.6024013,33.517494,26.0,3.295837,0.43529215,1825,0.025293908086925547,False,2,13,16,23,B_cells,B_cells,Naive_B,0
TGTTACTGTTTATGCG-1,s1d1,2035,7.618742377670413,6432.0,8.7691965,37.1113184079602,49.875621890547265,60.68097014925373,73.28980099502488,686.0,6.5323343,10.665422,1643.0,7.4048877,25.544155,29.0,3.4011974,0.45087063,2032,0.028206092515983452,False,2,4,10,12,B_cells,B_cells,Naive_B,0
TGTTACTTCGGAAACG-1,s1d1,1512,7.321849713788356,5538.0,8.619569,42.072950523654754,59.172986637775374,70.47670639219935,81.72625496569158,434.0,6.075346,7.8367643,2194.0,7.6939373,39.61719,21.0,3.0910425,0.37919828,1512,0.015260581629714942,False,2,4,10,12,B_cells,B_cells,Naive_B,0
TGTTCATAGATTGGGC-1,s1d1,564,6.336825731146441,1238.0,7.12206,56.38126009693053,62.52019386106623,70.59773828756059,94.83037156704361,527.0,6.2690964,42.56866,31.0,3.465736,2.5040388,6.0,1.9459102,0.48465267,563,0.015260581629714942,False,2,4,2,2,B_cells,B_cells,Naive_B,0
TGTTCCGGTTGCAAGG-1,s1d1,1720,7.450660796211539,5677.0,8.644354,38.523868240267745,54.48300158534437,65.80940637660736,77.91086841641712,606.0,6.408529,10.674652,1906.0,7.5532866,33.57407,13.0,2.6390574,0.22899418,1720,0.016656751933372994,False,2,13,16,23,B_cells,B_cells,Naive_B,0
TGTTCTAGTGGTTCTA-1,s1d1,762,6.637258031284457,1408.0,7.2506356,43.75,50.85227272727273,60.08522727272727,81.39204545454545,365.0,5.902633,25.923296,29.0,3.4011974,2.0596592,22.0,3.1354942,1.5625,761,0.00910209102091021,False,2,4,2,2,B_cells,B_cells,Naive_B,0
TGTTGAGCAAATACAG-1,s1d1,1433,7.2682230211595655,4943.0,8.50593,41.16933036617439,58.48674893789196,69.41128869107828,81.12482298199474,428.0,6.061457,8.65871,1938.0,7.5699277,39.206963,17.0,2.8903718,0.34392068,1433,0.017639902676399026,False,2,13,16,23,B_cells,B_cells,Naive_B,0
TGTTGAGCACCTTCCA-1,s1d1,493,6.202535517187923,1452.0,7.281386,66.94214876033058,72.93388429752066,79.82093663911846,100.0,656.0,6.4876842,45.17906,61.0,4.1271343,4.201102,11.0,2.4849067,0.75757575,493,0.06778566817301485,False,2,4,10,12,B_cells,B_cells,Naive_B,0
TGTTGAGCAGCCCACA-1,s1d1,1852,7.52456122628536,6802.0,8.825119,42.56101146721553,59.67362540429285,69.0238165245516,79.31490738018229,660.0,6.493754,9.703028,2659.0,7.886081,39.091446,43.0,3.7841897,0.632167,1852,0.030612244897959183,False,2,4,10,12,B_cells,B_cells,Naive_B,0
TGTTGGAAGTATGTAG-1,s1d1,1538,7.338888133838879,4770.0,8.470311,38.343815513626836,53.64779874213836,65.05241090146751,78.23899371069183,363.0,5.897154,7.610063,1503.0,7.3158836,31.509436,19.0,2.9957323,0.39832285,1538,0.018148262073208247,False,2,13,16,23,B_cells,B_cells,Naive_B,0
TGTTGGACACTAAACC-1,s1d1,788,6.670766320845874,1831.0,7.5131636,55.598033861278,61.0595303113053,67.88640087383943,84.27089022392136,552.0,6.315358,30.14746,59.0,4.0943446,3.222283,11.0,2.4849067,0.60076463,788,0.032336297493936954,False,2,4,2,2,B_cells,B_cells,Naive_B,0
TGTTGGAGTGTGTTTG-1,s1d1,1782,7.48605261786314,5283.0,8.572438,38.67120954003408,52.7162597009275,63.01343933371191,75.43062653795192,561.0,6.331502,10.618967,1567.0,7.3575563,29.661179,19.0,2.9957323,0.35964414,1782,0.019745222929936305,False,2,13,16,23,B_cells,B_cells,Naive_B,0
TGTTTGTAGACAACTA-1,s1d1,1063,6.96979066990159,3634.0,8.198364,42.29499174463401,61.447440836543755,73.22509631260318,84.5074298293891,350.0,5.8607864,9.631261,1542.0,7.341484,42.432583,9.0,2.3025851,0.24766098,1063,0.007529411764705883,False,2,4,10,12,B_cells,B_cells,Naive_B,0
TGTTTGTCAGAGGGTT-1,s1d1,1564,7.355641102974253,3591.0,8.186464,31.85742133110554,42.606516290726816,53.049289891395155,70.37037037037037,215.0,5.3752785,5.9871902,716.0,6.5750756,19.938736,11.0,2.4849067,0.30632135,1563,0.027448071216617215,False,2,9,13,15,B_cells,B_cells,B_cell,1
TGTTTGTTCTGTTCAT-1,s1d1,534,6.282266746896006,1393.0,7.2399325,61.95262024407753,68.84422110552764,76.0229720028715,97.5592246949031,665.0,6.50129,47.738693,55.0,4.0253515,3.948313,34.0,3.5553482,2.4407754,534,0.07510431154381082,False,2,4,2,2,B_cells,B_cells,Naive_B,0
TTAATCCGTGGTCTCG-1,s1d1,2002,7.602401335665818,6327.0,8.75274,38.8177651335546,52.710605342184294,63.11047889995258,74.50608503240083,456.0,6.1246834,7.207207,1876.0,7.5374303,29.650703,21.0,3.0910425,0.33191085,2000,0.04040404040404041,False,2,13,16,23,B_cells,B_cells,Naive_B,0
TTAATCCGTTGGACTT-1,s1d1,1538,7.338888133838879,4813.0,8.479283,37.50259713276542,53.81259089964679,65.71784749636402,78.43340951589445,352.0,5.866468,7.3135257,1684.0,7.429521,34.988575,12.0,2.5649493,0.24932474,1538,0.017639902676399026,False,2,4,10,12,B_cells,B_cells,Naive_B,0
TTACAGGAGAGCTGCA-1,s1d1,1297,7.168579897264035,3930.0,8.276649,41.75572519083969,58.85496183206107,68.70229007633588,79.72010178117048,290.0,5.673323,7.3791347,1584.0,7.3683395,40.305344,11.0,2.4849067,0.27989823,1296,0.030612244897959183,False,2,13,16,23,B_cells,B_cells,Naive_B,0
TTACAGGTCACCCATC-1,s1d1,1557,7.351158226430694,4511.0,8.414495,36.9541121702505,51.96187098204389,63.33407226778984,76.56838838395035,307.0,5.7300997,6.805586,1374.0,7.226209,30.45888,19.0,2.9957323,0.42119265,1557,0.02087410306588389,False,2,13,16,23,B_cells,B_cells,Naive_B,0
TTACAGGTCGAATCCA-1,s1d1,1731,7.4570320891223805,5618.0,8.633909,39.6938412246351,56.51477394090424,66.01993592025633,77.73228907084372,352.0,5.866468,6.2655745,2183.0,7.6889133,38.857246,22.0,3.1354942,0.3915984,1731,0.02330363262508568,False,2,4,10,12,B_cells,B_cells,Naive_B,0
TTACCATAGGCATGGT-1,s1d1,1304,7.173958319756794,3917.0,8.273336,39.69874904263467,54.96553484809803,66.19862139392391,79.47408731171815,436.0,6.079933,11.130968,1286.0,7.1600695,32.83125,14.0,2.7080503,0.3574164,1304,0.02599277978339351,False,2,13,16,23,B_cells,B_cells,Naive_B,0
TTACCATCAAAGCAAT-1,s1d1,2369,7.7706452341291765,8052.0,8.9938,37.034277198211626,53.12965722801788,62.692498758072524,73.01291604570294,603.0,6.403574,7.488823,2767.0,7.9258804,34.364136,33.0,3.5263605,0.40983605,2369,0.025293908086925547,False,2,13,16,23,B_cells,B_cells,Naive_B,0
TTACCATTCCCAGGAC-1,s1d1,1970,7.58629630715272,5852.0,8.674709,35.74846206425154,49.863294600136705,60.95352016404648,73.1032125768968,505.0,6.2265368,8.629528,1700.0,7.4389715,29.049896,73.0,4.304065,1.2474368,1970,0.028985507246376812,False,2,13,16,23,B_cells,B_cells,Naive_B,0
TTACGTTAGAGATTCA-1,s1d1,743,6.612041034833092,1710.0,7.4448333,53.68421052631579,59.82456140350877,68.24561403508773,85.78947368421052,635.0,6.455199,37.134506,60.0,4.1108737,3.508772,17.0,2.8903718,0.994152,743,0.013121924548933845,False,2,4,2,2,B_cells,B_cells,Naive_B,0
TTACGTTGTATGGTTC-1,s1d1,1646,7.4067107301776405,4963.0,8.509967,36.79226274430788,50.77574047954866,62.44207132782591,76.4456981664316,413.0,6.025866,8.32158,1443.0,7.275172,29.075157,22.0,3.1354942,0.44328025,1646,0.02599277978339351,False,2,4,10,12,B_cells,B_cells,Naive_B,0
TTACTGTCACCAGTTA-1,s1d1,1230,7.115582126184454,3015.0,8.011686,47.131011608623545,53.03482587064676,61.26036484245439,75.787728026534,711.0,6.568078,23.582088,246.0,5.5093884,8.159204,30.0,3.4339871,0.99502486,1230,0.011189175123601354,False,2,4,2,12,B_cells,B_cells,Naive_B,0
TTACTGTTCAGAGTTC-1,s1d1,3860,8.258681496264236,15569.0,9.653101,33.21343695805768,46.80454749823367,56.13077268931852,66.85721626308691,854.0,6.7511015,5.485259,4466.0,8.404472,28.68521,36.0,3.6109178,0.23122872,3858,0.28151260504201703,True,2,9,13,15,B_cells,B_cells,B_cell,1
TTAGGCAAGCCTCATA-1,s1d1,1771,7.4798641311650265,6399.0,8.764053,42.16283794342866,58.30598531020472,67.91686200968901,79.13736521331458,596.0,6.391917,9.313955,2427.0,7.794823,37.9278,31.0,3.465736,0.48445067,1770,0.01866832607342875,False,2,13,16,23,B_cells,B_cells,Naive_B,0
TTAGGCATCACGAGGA-1,s1d1,815,6.704414354964107,1849.0,7.522941,38.77771768523527,53.704705246078966,66.03569497025418,82.96376419686317,203.0,5.31812,10.978908,542.0,6.297109,29.31314,10.0,2.3978953,0.5408329,814,0.01571594877764843,False,2,4,10,12,B_cells,B_cells,Naive_B,0
TTATTGCTCGTGGTAT-1,s1d1,1715,7.447751280047908,6226.0,8.73665,41.21426276903309,58.64118213941536,69.06521040796659,80.03533568904594,547.0,6.3062754,8.785737,2458.0,7.80751,39.479603,16.0,2.8332133,0.25698683,1714,0.01920050361976708,False,2,13,16,23,B_cells,B_cells,Naive_B,0
TTCACCGGTAGTACGG-1,s1d1,1775,7.4821189235521155,4583.0,8.430327,32.904211215361116,44.88326423739908,56.18590442941305,71.00152738380973,257.0,5.5529594,5.607681,911.0,6.81564,19.87781,22.0,3.1354942,0.4800349,1773,0.025293908086925547,False,2,9,13,15,B_cells,B_cells,B_cell,1
TTCACCGGTCAACACT-1,s1d1,2067,7.63433723562832,6825.0,8.828494,37.50915750915751,52.102564102564095,62.578754578754584,74.3003663003663,597.0,6.393591,8.747252,2198.0,7.695758,32.205128,30.0,3.4339871,0.43956047,2066,0.019745222929936305,False,2,13,16,23,B_cells,B_cells,Naive_B,0
TTCACCGGTGGATGAC-1,s1d1,1663,7.416979621381154,5488.0,8.610501,39.887026239067055,57.45262390670553,67.54737609329446,78.80830903790087,376.0,5.9322453,6.8513117,2082.0,7.6415644,37.937317,16.0,2.8332133,0.2915452,1663,0.018148262073208247,False,2,13,16,23,B_cells,B_cells,Naive_B,0
TTCACGCAGGCCTTCG-1,s1d1,786,6.668228248417403,1755.0,7.4707937,52.478632478632484,58.4045584045584,66.60968660968662,83.7037037037037,477.0,6.169611,27.17949,64.0,4.1743875,3.6467235,14.0,2.7080503,0.7977208,786,0.020302932645826624,False,2,4,10,12,B_cells,B_cells,Naive_B,0
TTCAGGAAGAACAAGG-1,s1d1,1783,7.486613313139955,6702.0,8.81031,41.883019994031635,59.29573261712922,69.68069233064756,80.18501939719486,606.0,6.408529,9.042077,2700.0,7.901377,40.28648,25.0,3.2580965,0.37302297,1783,0.019745222929936305,False,2,4,10,12,B_cells,B_cells,Naive_B,0
TTCAGGAGTAAGAACT-1,s1d1,1929,7.5652752818989315,7691.0,8.947936,42.127161617474975,59.29007931348329,69.75685866597323,79.8075672864387,559.0,6.3279366,7.2682357,2992.0,8.004031,38.902615,19.0,2.9957323,0.247042,1929,0.014378347899633496,False,2,13,16,23,B_cells,B_cells,Naive_B,0
TTCATGTAGCTGCCAC-1,s1d1,1230,7.115582126184454,3645.0,8.2013855,39.72565157750343,56.04938271604938,67.57201646090535,79.97256515775034,265.0,5.583496,7.270233,1302.0,7.172425,35.720165,9.0,2.3025851,0.2469136,1229,0.02395001735508504,False,2,13,16,23,B_cells,B_cells,Naive_B,0
TTCATTGCACTCCGGA-1,s1d1,2006,7.604396348796338,6232.0,8.737613,35.0609756097561,50.25673940949936,61.071887034659824,73.52374839537869,322.0,5.7776523,5.1668806,2074.0,7.6377163,33.279846,17.0,2.8903718,0.2727856,2005,0.013950892857142856,False,2,4,10,12,B_cells,B_cells,Naive_B,0
TTCATTGGTACCAATC-1,s1d1,638,6.459904454377535,1495.0,7.31055,56.12040133779265,62.87625418060201,70.70234113712375,90.76923076923077,475.0,6.1654177,31.772575,53.0,3.988984,3.5451505,10.0,2.3978953,0.6688963,637,0.014378347899633496,False,2,4,2,2,B_cells,B_cells,Naive_B,0
TTCATTGGTAGTCCTA-1,s1d1,3631,8.197538739721184,16805.0,9.729491,41.1841713775662,56.16780720023803,64.78429038976495,73.86492115441833,1069.0,6.975414,6.3612022,6327.0,8.75274,37.64951,65.0,4.189655,0.38678965,3629,0.3075170842824603,True,2,13,16,12,B_cells,B_cells,Naive_B,0
TTCCAATAGACCCTTA-1,s1d1,984,6.892641641172089,2008.0,7.6053925,46.613545816733065,51.64342629482071,60.95617529880478,75.89641434262948,447.0,6.104793,22.260956,66.0,4.204693,3.2868526,5.0,1.7917595,0.24900399,981,0.02087410306588389,False,2,4,2,2,B_cells,B_cells,Naive_B,0
TTCCGGTTCTCAAAGC-1,s1d1,1804,7.498315870766981,5798.0,8.665441,37.73715074163505,54.13935839944809,64.95343221800621,76.62987236978267,423.0,6.0497336,7.295619,1935.0,7.5683794,33.373577,25.0,3.2580965,0.43118316,1803,0.034166666666666665,False,2,13,16,23,B_cells,B_cells,Naive_B,0
TTCCGTGGTGGAAGTC-1,s1d1,402,5.998936561946683,916.0,6.8211074,61.572052401746724,67.03056768558952,77.9475982532751,100.0,376.0,5.9322453,41.048035,32.0,3.4965076,3.49345,3.0,1.3862944,0.32751092,401,0.034166666666666665,False,2,4,2,2,B_cells,B_cells,Naive_B,0
TTCCGTGTCGAGGCAA-1,s1d1,1793,7.492203042618741,6226.0,8.73665,40.20237712817218,55.89463539993575,67.16993254095728,78.58978477353035,579.0,6.363028,9.299711,2182.0,7.6884556,35.046577,14.0,2.7080503,0.22486348,1793,0.02145922746781116,False,2,13,16,23,B_cells,B_cells,Naive_B,0
TTCCTAATCAGCCTTC-1,s1d1,2108,7.653969180478774,5835.0,8.671801,33.79605826906598,46.13538988860326,55.83547557840617,68.84318766066838,391.0,5.971262,6.7009425,1503.0,7.3158836,25.758356,54.0,4.0073333,0.92544985,2108,0.03927765237020317,False,2,13,16,23,B_cells,B_cells,Naive_B,0
TTCCTAATCGAAACAA-1,s1d1,701,6.553933404025811,1401.0,7.245655,48.75089221984297,55.88865096359743,64.23982869379014,85.65310492505354,432.0,6.070738,30.83512,85.0,4.454347,6.067095,10.0,2.3978953,0.7137759,701,0.13260869565217392,False,2,4,2,2,B_cells,B_cells,Naive_B,0
TTCCTCTTCTGCCTCA-1,s1d1,2458,7.807510042216193,8957.0,9.100303,38.148933794797365,52.98649101261583,62.92285363402925,73.96449704142012,616.0,6.424869,6.877302,3091.0,8.036573,34.509323,23.0,3.1780539,0.2567824,2456,0.025293908086925547,False,2,13,16,23,B_cells,B_cells,Naive_B,0
TTCCTTCTCCTGTAAG-1,s1d1,1274,7.150701457592526,3196.0,8.069968,35.07509386733417,47.96620775969963,59.85607008760952,75.78222778473092,254.0,5.5412636,7.9474344,771.0,6.6489844,24.123905,10.0,2.3978953,0.31289113,1274,0.02395001735508504,False,2,4,10,12,B_cells,B_cells,Naive_B,0
TTCCTTCTCTAGTGTG-1,s1d1,1701,7.43955930913332,4982.0,8.513787,36.69209152950622,51.324769169008434,61.96306704134885,75.29104777197912,544.0,6.300786,10.91931,1507.0,7.3185396,30.248896,15.0,2.7725887,0.3010839,1701,0.027448071216617215,False,2,4,10,12,B_cells,B_cells,Naive_B,0
TTCGCTGCATGGTGGA-1,s1d1,1692,7.4342573821331355,5346.0,8.5842905,40.778151889263,56.09801720912833,65.76879910213243,77.70295548073327,515.0,6.2461066,9.63337,1850.0,7.5234814,34.605312,17.0,2.8903718,0.31799477,1692,0.024613220815752467,False,2,13,16,23,B_cells,B_cells,Naive_B,0
TTCGGTCCACTTTATC-1,s1d1,2351,7.763021309018518,6664.0,8.8046255,30.732292917166866,40.63625450180072,51.18547418967587,66.3265306122449,254.0,5.5412636,3.8115244,1030.0,6.9382844,15.456182,22.0,3.1354942,0.33013207,2351,0.029787234042553193,False,2,9,13,15,B_cells,B_cells,B_cell,1
TTCGGTCTCGCACGAC-1,s1d1,1934,7.5678626054638825,5867.0,8.677269,35.77637634225328,50.502812340207946,61.44537242202147,73.51286858701211,467.0,6.1484685,7.959775,1840.0,7.518064,31.361855,13.0,2.6390574,0.22157831,1934,0.02205882352941177,False,2,4,10,12,B_cells,B_cells,Naive_B,0
TTCTAACGTACCCAGC-1,s1d1,1828,7.511524648390866,6064.0,8.71029,39.1820580474934,54.45250659630607,64.59432717678101,76.59960422163589,520.0,6.25575,8.575198,2076.0,7.63868,34.23483,13.0,2.6390574,0.21437995,1828,0.022673434856175977,False,2,4,10,12,B_cells,B_cells,Naive_B,0
TTCTAGTGTTAGGCTT-1,s1d1,1160,7.057036981697891,4143.0,8.329417,43.253680907554916,62.68404537774559,73.4009172097514,84.06951484431572,269.0,5.598422,6.4928794,1962.0,7.582229,47.356987,10.0,2.3978953,0.24137099,1160,0.01571594877764843,False,2,13,16,23,B_cells,B_cells,Naive_B,0
TTCTAGTTCATTCGGA-1,s1d1,549,6.309918278226516,1214.0,7.1024995,56.34266886326195,63.01482701812191,71.25205930807249,95.96375617792422,497.0,6.2106,40.939045,34.0,3.5553482,2.800659,7.0,2.0794415,0.5766063,549,0.00877620672842516,False,2,4,2,2,B_cells,B_cells,Naive_B,0
TTCTAGTTCCTCATAT-1,s1d1,1487,7.305188215393037,5321.0,8.579604,41.08250328885548,59.368539748167635,69.83649689907912,81.45085510242436,249.0,5.521461,4.6795716,2390.0,7.779467,44.91637,20.0,3.0445225,0.37586918,1487,0.028985507246376812,False,2,4,10,12,B_cells,B_cells,Naive_B,0
TTCTCTCAGCGGCTCT-1,s1d1,1739,7.461640392208575,4424.0,8.395025,33.31826401446655,44.936708860759495,56.17088607594937,70.93128390596745,260.0,5.5645204,5.877034,975.0,6.8834624,22.03888,20.0,3.0445225,0.45207956,1739,0.032336297493936954,False,2,9,13,15,B_cells,B_cells,B_cell,1
TTCTGTACAAGTAGTA-1,s1d1,380,5.942799375126701,868.0,6.767343,60.944700460829495,67.74193548387096,79.26267281105991,100.0,325.0,5.786897,37.442394,25.0,3.2580965,2.8801844,9.0,2.3025851,1.0368664,380,0.15451174289245986,False,2,4,2,2,B_cells,B_cells,Naive_B,0
TTCTGTAGTAAGAACT-1,s1d1,439,6.0867747269123065,1152.0,7.0501227,65.10416666666666,70.57291666666666,79.25347222222221,100.0,546.0,6.3044486,47.395836,32.0,3.4965076,2.777778,13.0,2.6390574,1.1284722,439,0.0868217054263566,False,2,4,2,2,B_cells,B_cells,Naive_B,0
TTCTTGACAATTCTTC-1,s1d1,880,6.78105762593618,2068.0,7.6348205,53.62669245647969,58.65570599613152,67.11798839458413,81.6247582205029,629.0,6.4457197,30.41586,39.0,3.6888795,1.8858801,11.0,2.4849067,0.5319149,880,0.024613220815752467,False,2,4,2,2,B_cells,B_cells,Naive_B,0
TTCTTGAGTGTTCAGT-1,s1d1,978,6.88653164253051,2191.0,7.6925697,48.881789137380196,54.72387037882246,63.85212231857599,78.18347786398905,588.0,6.378426,26.837059,149.0,5.0106354,6.800548,14.0,2.7080503,0.63897765,978,0.049504950495049514,False,2,4,2,2,B_cells,B_cells,Naive_B,0
TTGAACGGTAGGACCA-1,s1d1,1706,7.442492722794441,4732.0,8.462315,30.853761622992394,45.667793744716825,57.75570583262891,72.95012679628064,212.0,5.3612924,4.480135,1463.0,7.2889276,30.917158,16.0,2.8332133,0.3381234,1704,0.03611349957007739,False,2,9,13,15,B_cells,B_cells,B_cell,1
TTGACCCTCATGCTAG-1,s1d1,3068,8.029107054619736,11897.0,9.384126,34.487685971253256,46.92779692359419,58.30881734891149,70.4379255274439,584.0,6.371612,4.9088006,2695.0,7.8995247,22.65277,35.0,3.583519,0.2941918,3064,0.052574525745257464,False,2,13,16,33,B_cells,B_cells,Naive_B,0
TTGAGTGCAACGAGGT-1,s1d1,1498,7.312553498102598,3621.0,8.194781,33.44380005523336,44.573322286661146,55.95139464236398,72.43855288594311,165.0,5.1119876,4.556752,801.0,6.6871085,22.120962,17.0,2.8903718,0.46948358,1497,0.04040404040404041,False,2,9,13,15,B_cells,B_cells,B_cell,1
TTGAGTGCACGGTGAA-1,s1d1,1792,7.491645473605133,5400.0,8.594339,37.31481481481482,53.05555555555556,63.42592592592593,75.62962962962962,437.0,6.082219,8.092592,1726.0,7.454141,31.962963,20.0,3.0445225,0.37037036,1791,0.024613220815752467,False,2,13,16,23,B_cells,B_cells,Naive_B,0
TTGAGTGCATAGAAAC-1,s1d1,1113,7.01571242048723,2569.0,7.851661,38.30284157259634,51.22615803814714,61.697158427403664,76.13857532113663,269.0,5.598422,10.471001,603.0,6.403574,23.472168,14.0,2.7080503,0.5449591,1113,0.02145922746781116,False,2,13,16,23,B_cells,B_cells,Naive_B,0
TTGATGGTCACAACCA-1,s1d1,303,5.717027701406222,629.0,6.4457197,59.77742448330684,67.72655007949126,83.6248012718601,100.0,227.0,5.4293456,36.08903,22.0,3.1354942,3.497615,9.0,2.3025851,1.4308426,303,0.013121924548933845,False,2,4,2,2,B_cells,B_cells,Naive_B,0
TTGATGGTCTGACGCG-1,s1d1,1265,7.143617602704121,3363.0,8.120886,35.89057389235801,50.31222123104371,62.771335117454655,77.25245316681534,230.0,5.4424176,6.8391314,899.0,6.802395,26.732084,12.0,2.5649493,0.35682425,1265,0.04532019704433497,False,2,9,13,15,B_cells,B_cells,B_cell,1
TTGCCTGAGACCCGCT-1,s1d1,3044,8.021256180143997,11994.0,9.392245,36.99349674837419,52.07603801900951,62.281140570285146,72.26113056528264,897.0,6.80017,7.4787393,3892.0,8.266935,32.44956,29.0,3.4011974,0.24178757,3043,0.02395001735508504,False,2,13,16,23,B_cells,B_cells,Naive_B,0
TTGCCTGAGCACCGAA-1,s1d1,1026,6.934397209928558,2524.0,7.8339963,38.15372424722662,52.575277337559434,64.22345483359746,79.16006339144216,122.0,4.8121843,4.833597,775.0,6.6541524,30.705229,14.0,2.7080503,0.5546751,1026,0.025293908086925547,False,2,13,16,23,B_cells,B_cells,Naive_B,0
TTGGGATTCCAACTAG-1,s1d1,1915,7.557994958530806,5905.0,8.683724,36.85012701100762,50.34716342082981,61.202370872142254,73.98814563928873,482.0,6.1800165,8.162574,1737.0,7.46049,29.41575,33.0,3.5263605,0.55884844,1913,0.027448071216617215,False,2,13,16,23,B_cells,B_cells,Naive_B,0
TTGGGCGAGTTCTCTT-1,s1d1,1140,7.039660349862076,3095.0,8.037867,53.44103392568659,59.03069466882068,66.4297253634895,79.32148626817448,939.0,6.84588,30.339256,165.0,5.1119876,5.3311796,17.0,2.8903718,0.549273,1139,0.07780157030692363,False,2,4,10,12,B_cells,B_cells,Naive_B,0
TTGGGCGCACAATGAA-1,s1d1,1634,7.399398083331354,4945.0,8.506334,39.25176946410516,54.35793731041456,63.74115267947421,77.0273003033367,378.0,5.9375362,7.644085,1759.0,7.473069,35.57128,14.0,2.7080503,0.28311425,1634,0.01920050361976708,False,2,4,10,12,B_cells,B_cells,Naive_B,0
TTGGGTAAGAGAATCT-1,s1d1,2159,7.67786350067821,5576.0,8.626407,31.438307030129124,43.31061692969871,54.142754662840744,67.71879483500717,582.0,6.3681874,10.43759,1229.0,7.1147695,22.04089,77.0,4.356709,1.3809181,2158,0.1951588502269289,False,2,4,10,12,B_cells,B_cells,Naive_B,0
TTGGGTAAGCATCAGG-1,s1d1,1129,7.029972911706386,3622.0,8.195058,40.69574820541138,58.503589177250134,69.9337382661513,82.63390392048592,332.0,5.8081427,9.166206,1446.0,7.277248,39.922695,20.0,3.0445225,0.5521811,1129,0.014814814814814819,False,2,13,16,23,B_cells,B_cells,Naive_B,0
TTGGGTACATAGAAAC-1,s1d1,534,6.282266746896006,1233.0,7.1180162,53.933495539334956,63.179237631792375,72.91159772911597,97.24249797242499,380.0,5.9427996,30.81914,227.0,5.4293456,18.410381,33.0,3.5263605,2.676399,534,0.14657210401891246,False,2,13,16,23,B_cells,B_cells,Naive_B,0
TTGGGTAGTGCCGAAA-1,s1d1,1918,7.5595594960077,6085.0,8.713746,42.72801972062449,54.74116680361545,64.35497124075596,75.41495480690223,1024.0,6.932448,16.828266,1390.0,7.237778,22.843058,22.0,3.1354942,0.3615448,1917,0.24000000000000005,True,2,4,10,36,B_cells,B_cells,Naive_B,0
TTGGTTTCACGACGAA-1,s1d1,1729,7.455876687491824,5329.0,8.581106,37.586789266278856,52.617751923437794,64.0833176956277,76.71232876712328,296.0,5.6937323,5.554513,1824.0,7.5093355,34.22781,14.0,2.7080503,0.26271346,1729,0.018148262073208247,False,2,4,10,12,B_cells,B_cells,Naive_B,0
TTGTGGAGTGTTCATG-1,s1d1,376,5.932245187448011,927.0,6.8330317,64.61704422869471,70.22653721682848,81.01402373247033,100.0,409.0,6.016157,44.12082,34.0,3.5553482,3.6677454,6.0,1.9459102,0.6472492,376,0.09018355945730247,False,2,4,2,2,B_cells,B_cells,Naive_B,0
TTGTGGATCTGGGAGA-1,s1d1,1551,7.347299700743164,5191.0,8.554874,39.56848391446734,56.25120400693508,67.71335002889617,79.75341937969563,476.0,6.1675167,9.169717,1964.0,7.5832477,37.834713,35.0,3.583519,0.67424387,1550,0.013950892857142856,False,2,13,16,23,B_cells,B_cells,Naive_B,0
TTGTGTTGTAAGAACT-1,s1d1,1797,7.494430215031565,5504.0,8.613412,37.95421511627907,52.216569767441854,62.84520348837209,75.43604651162791,450.0,6.1114674,8.175872,1673.0,7.4229712,30.396076,19.0,2.9957323,0.3452035,1795,0.04156936011209715,False,2,13,16,23,B_cells,B_cells,Naive_B,0
TTGTTCAAGATGACAT-1,s1d1,1952,7.577121930876679,7906.0,8.975504,45.9271439413104,62.05413609916519,70.33898305084746,79.71161143435366,553.0,6.317165,6.9946876,3357.0,8.119101,42.461422,23.0,3.1780539,0.2909183,1952,0.07510431154381082,False,2,13,16,33,B_cells,B_cells,Naive_B,0
TTGTTGTCACCCGTAG-1,s1d1,1078,6.983789965258135,2784.0,7.932003,39.762931034482754,54.27442528735632,65.19396551724138,79.23850574712644,214.0,5.370638,7.686782,769.0,6.6463904,27.622128,7.0,2.0794415,0.2514368,1078,0.01571594877764843,False,2,4,10,12,B_cells,B_cells,Naive_B,0
TTGTTGTGTACGAGTG-1,s1d1,1497,7.311886164077165,4314.0,8.369853,38.085303662494205,53.66249420491423,64.53407510431154,76.8891979601298,355.0,5.874931,8.229022,1467.0,7.291656,34.005566,14.0,2.7080503,0.3245248,1497,0.09018355945730247,False,2,13,16,23,B_cells,B_cells,Naive_B,0
TTGTTTGGTAGTCGTT-1,s1d1,1438,7.271703706887368,3984.0,8.290293,40.51204819277108,53.86546184738956,64.05622489959839,76.45582329317268,482.0,6.1800165,12.098393,1145.0,7.044033,28.73996,13.0,2.6390574,0.32630524,1437,0.02330363262508568,False,2,13,16,23,B_cells,B_cells,Naive_B,0
TTTACGTGTCAACACT-1,s1d1,1588,7.370860166536716,4704.0,8.456381,37.244897959183675,52.57227891156463,63.49914965986394,76.87074829931973,418.0,6.037871,8.886054,1458.0,7.2855067,30.994898,21.0,3.0910425,0.4464286,1588,0.02599277978339351,False,2,13,16,23,B_cells,B_cells,Naive_B,0
TTTAGTCAGTGCGACA-1,s1d1,535,6.284134161070802,1236.0,7.1204443,58.7378640776699,64.80582524271846,72.89644012944983,97.168284789644,536.0,6.2859983,43.365696,26.0,3.295837,2.10356,7.0,2.0794415,0.566343,534,0.013532173432753385,False,2,4,2,2,B_cells,B_cells,Naive_B,0
TTTAGTCCATAACGGG-1,s1d1,2208,7.700295203420117,6418.0,8.767017,31.676534746026803,46.057961981925835,57.447803053910874,70.00623247117483,389.0,5.966147,6.061078,1724.0,7.4529824,26.86195,24.0,3.218876,0.37394828,2208,0.028206092515983452,False,2,4,10,12,B_cells,B_cells,Naive_B,0
TTTAGTCGTTGTTTGG-1,s1d1,1499,7.313220387090301,5019.0,8.521185,41.044032675831836,58.55748157003388,68.65909543733811,80.09563658099222,405.0,6.0063534,8.069336,1937.0,7.5694118,38.593346,14.0,2.7080503,0.27894002,1499,0.02205882352941177,False,2,4,10,12,B_cells,B_cells,Naive_B,0
TTTATGCCATAGGCGA-1,s1d1,937,6.843749949006225,3075.0,8.031385,42.926829268292686,61.78861788617886,73.46341463414635,85.78861788617887,260.0,5.5645204,8.455285,1255.0,7.1356874,40.813007,7.0,2.0794415,0.22764227,937,0.013532173432753385,False,2,13,16,23,B_cells,B_cells,Naive_B,0
TTTCAGTCATATAGCC-1,s1d1,1207,7.0967213784947605,2507.0,7.827241,44.07658556043079,49.78061428001595,57.75827682489031,71.79896290386917,603.0,6.403574,24.052652,34.0,3.5553482,1.3562026,19.0,2.9957323,0.75787795,1206,0.0868217054263566,False,2,4,2,2,B_cells,B_cells,Naive_B,0
TTTCAGTTCTGCGGCA-1,s1d1,351,5.863631175598097,698.0,6.5496507,56.73352435530086,64.04011461318052,78.36676217765043,100.0,229.0,5.4380794,32.808025,19.0,2.9957323,2.722063,6.0,1.9459102,0.8595988,351,0.04156936011209715,False,2,9,13,15,B_cells,B_cells,B_cell,0
TTTCATGAGGCTGGAT-1,s1d1,1831,7.513163545234075,4327.0,8.372861,29.535474924890227,40.4668361451352,51.629304367922344,67.73746244511209,256.0,5.549076,5.916339,826.0,6.717805,19.089437,11.0,2.4849067,0.25421768,1831,0.02599277978339351,False,2,9,13,15,B_cells,B_cells,B_cell,1
TTTCATGAGTCTGCAT-1,s1d1,1855,7.526178913346146,5527.0,8.617581,37.21729690609734,51.40220734575719,61.89614619142392,74.4165008141849,465.0,6.1441855,8.413244,1742.0,7.463363,31.518003,20.0,3.0445225,0.36185995,1854,0.01571594877764843,False,2,4,10,12,B_cells,B_cells,Naive_B,0
TTTCATGGTCATCCCT-1,s1d1,496,6.208590026096629,1342.0,7.202661,64.3070044709389,70.49180327868852,77.94336810730253,100.0,580.0,6.364751,43.219074,37.0,3.637586,2.757079,14.0,2.7080503,1.0432191,496,0.010824742268041237,False,2,4,2,2,B_cells,B_cells,Naive_B,0
TTTCCTCAGGTTCACT-1,s1d1,1185,7.078341579557671,3705.0,8.217709,40.67476383265857,58.08367071524966,68.82591093117408,81.5114709851552,291.0,5.676754,7.854251,1472.0,7.2950563,39.730095,19.0,2.9957323,0.51282054,1184,0.017142857142857147,False,2,13,16,23,B_cells,B_cells,Naive_B,0
TTTCCTCTCGGTCTGG-1,s1d1,412,6.023447592961033,778.0,6.658011,53.470437017994854,59.89717223650386,72.75064267352185,100.0,268.0,5.5947113,34.4473,24.0,3.218876,3.084833,11.0,2.4849067,1.4138818,412,0.03818827708703375,False,2,4,2,2,B_cells,B_cells,Naive_B,0
TTTCGATCAATTGTGC-1,s1d1,1567,7.357556200910353,4155.0,8.332309,34.151624548736464,47.89410348977136,59.13357400722021,74.32009626955475,273.0,5.613128,6.5703974,1064.0,6.9707303,25.607702,19.0,2.9957323,0.45728037,1566,0.034166666666666665,False,2,9,13,15,B_cells,B_cells,B_cell,1
TTTCGATCATCGCTCT-1,s1d1,2119,7.659171367666058,6836.0,8.830104,37.214745465184315,51.930953774136924,62.814511410181396,73.69806904622587,480.0,6.175867,7.02165,2061.0,7.6314316,30.14921,16.0,2.8332133,0.23405501,2118,0.01866832607342875,False,2,4,10,12,B_cells,B_cells,Naive_B,0
TTTCGATTCCTGTACC-1,s1d1,2236,7.71289096149013,6144.0,8.723394,33.47981770833333,43.57096354166667,53.922526041666664,67.61067708333334,300.0,5.7071104,4.8828125,1004.0,6.9127426,16.341145,24.0,3.218876,0.390625,2233,0.06778566817301485,False,2,9,13,15,B_cells,B_cells,B_cell,1
TTTGACTCACGTAGTT-1,s1d1,1756,7.471363088187097,5826.0,8.670258,41.28046687263989,56.968760727772064,66.75248884311706,78.20116718159973,572.0,6.350886,9.818057,1941.0,7.5714736,33.31617,11.0,2.4849067,0.18880878,1755,0.04277566539923954,False,2,4,10,12,B_cells,B_cells,Naive_B,0
TTTGACTCAGGCTACC-1,s1d1,2138,7.668093709082406,6961.0,8.848222,37.19293204999282,52.13331417899727,62.103146099698314,73.52391897715846,316.0,5.7589016,4.5395775,2488.0,7.8196363,35.74199,19.0,2.9957323,0.2729493,2138,0.027448071216617215,False,2,4,10,12,B_cells,B_cells,Naive_B,0
TTTGATCGTCTTTCTA-1,s1d1,1752,7.469083884921234,5484.0,8.609773,37.673231218088986,52.735229759299784,63.67614879649891,76.44055433989789,433.0,6.073045,7.895697,1695.0,7.436028,30.908096,14.0,2.7080503,0.25528812,1752,0.02599277978339351,False,2,4,10,12,B_cells,B_cells,Naive_B,0
TTTGGTTCAACCGATT-1,s1d1,2084,7.642524134232902,6141.0,8.722906,33.41475329750855,46.93046735059437,58.231558378114315,71.2424686533138,459.0,6.1312265,7.4743524,1755.0,7.4707937,28.578407,27.0,3.3322046,0.4396678,2083,0.03818827708703375,False,2,13,16,23,B_cells,B_cells,Naive_B,0
TTTGTTGAGAATTTGG-1,s1d1,1526,7.3310603052186325,4801.0,8.476788,40.59570922724433,56.77983753384711,66.73609664653198,78.62945219745886,419.0,6.0402546,8.727348,1668.0,7.41998,34.74276,25.0,3.2580965,0.52072483,1525,0.02205882352941177,False,2,13,16,23,B_cells,B_cells,Naive_B,0
TTTGTTGAGGTTACCT-1,s1d1,1827,7.510977752014095,6977.0,8.850517,40.97749749175863,57.187903110219295,68.9694711193923,79.97706750752472,332.0,5.8081427,4.758492,2816.0,7.9434276,40.361187,28.0,3.3672957,0.40131864,1827,0.18338108882521495,False,2,4,10,36,B_cells,B_cells,Naive_B,0
AAACCCAGTTTAGAGA-1,s1d3,822,6.71295620067707,2854.0,7.956827,45.2697967764541,65.13665031534688,76.52417659425367,88.71758934828311,200.0,5.303305,7.0077085,1372.0,7.2247534,48.07288,13.0,2.6390574,0.45550108,822,0.009027081243731193,False,2,13,16,23,B_cells,B_cells,Naive_B,0
AAACGAATCAGCCCAG-1,s1d3,2526,7.834788107388194,11469.0,9.34749,44.55488708692998,61.1735983956753,70.3461504926323,78.90836167059028,874.0,6.774224,7.6205425,4827.0,8.482187,42.087368,25.0,3.2580965,0.2179789,2524,0.007736943907156673,False,2,13,16,23,B_cells,B_cells,Naive_B,0
AAAGAACAGGTTCAGG-1,s1d3,1606,7.382124365737512,4917.0,8.500657,39.271913768558065,52.99979662395769,63.88041488712629,77.50660972137482,537.0,6.2878585,10.921293,1475.0,7.297091,29.997965,12.0,2.5649493,0.24405125,1603,0.006248553575561214,False,2,4,10,16,B_cells,B_cells,Naive_B,0
AAAGAACTCCATCCGT-1,s1d3,1472,7.29505641646263,4725.0,8.4608345,41.67195767195767,56.48677248677249,66.62433862433862,79.42857142857143,452.0,6.115892,9.566137,1566.0,7.3569183,33.142857,20.0,3.0445225,0.42328042,1472,0.007125890736342043,False,2,4,10,12,B_cells,B_cells,Naive_B,0
AAAGGATAGACCATAA-1,s1d3,1187,7.080026499922591,2847.0,7.9543724,35.08956796628029,47.48858447488584,59.676852827537765,75.86933614330874,255.0,5.5451775,8.956797,708.0,6.5638556,24.868282,20.0,3.0445225,0.70249385,1186,0.005688282138794085,False,2,9,13,15,B_cells,B_cells,B_cell,1
AAAGGATCATATCTCT-1,s1d3,1464,7.289610521451167,4085.0,8.315322,37.01346389228886,49.91432068543452,61.34638922888617,76.40146878824969,139.0,4.9416423,3.4026928,1194.0,7.0859013,29.228888,18.0,2.944439,0.44063646,1463,0.03295786399666249,False,2,9,13,15,B_cells,B_cells,B_cell,1
AAAGGATGTTATGTGC-1,s1d3,1780,7.484930283289661,6400.0,8.76421,40.15625,56.765625,67.90625,79.1875,484.0,6.184149,7.5625,2336.0,7.7566233,36.5,30.0,3.4339871,0.46875003,1779,0.009027081243731193,False,2,4,10,16,B_cells,B_cells,Naive_B,0
AAAGGATTCTCGACGG-1,s1d3,1711,7.445417556701687,5936.0,8.688959,41.18935309973046,56.95754716981132,67.67183288409704,79.07681940700809,613.0,6.419995,10.326819,2070.0,7.635787,34.871967,15.0,2.7725887,0.25269544,1710,0.013544018058690746,False,2,13,16,23,B_cells,B_cells,Naive_B,0
AAAGGGCAGCCTCTCT-1,s1d3,1587,7.370230641807081,5599.0,8.630522,43.52562957671013,60.81443114841936,69.88747990712628,80.58581889623146,465.0,6.1441855,8.305054,2393.0,7.7807207,42.739777,24.0,3.218876,0.42864797,1585,0.010059324219757545,False,2,4,10,12,B_cells,B_cells,Naive_B,0
AAAGGGCAGGATATGT-1,s1d3,726,6.588926477533519,1721.0,7.4512415,38.524113887274844,55.31667635095875,69.3782684485764,86.86809994189424,126.0,4.8441873,7.321325,584.0,6.371612,33.933758,4.0,1.609438,0.23242301,726,0.0706521739130435,False,2,13,16,23,B_cells,B_cells,Naive_B,1
AAATGGAAGCATGCGA-1,s1d3,1251,7.132497551660044,2567.0,7.8508825,28.98324892871056,40.436306973120374,52.473704713673555,70.7440592130892,156.0,5.056246,6.0771327,507.0,6.2304816,19.75068,11.0,2.4849067,0.42851576,1251,0.03295786399666249,False,2,9,13,15,B_cells,B_cells,B_cell,1
AAATGGACAACAACAA-1,s1d3,544,6.300785794663244,1441.0,7.2737865,61.27689104788342,68.21651630811935,76.12768910478835,96.94656488549617,422.0,6.0473723,29.28522,79.0,4.3820267,5.482304,15.0,2.7725887,1.0409439,544,0.04390725209669462,False,2,13,16,2,B_cells,B_cells,Naive_B,0
AAATGGAGTCACCGCA-1,s1d3,1508,7.319202458767849,4861.0,8.489205,40.34149351985189,55.9967084961942,66.73523966262086,79.26352602345197,433.0,6.073045,8.907633,1565.0,7.35628,32.195023,18.0,2.944439,0.37029418,1508,0.00970873786407767,False,2,4,10,16,B_cells,B_cells,Naive_B,0
AAATGGATCCGATAGT-1,s1d3,1559,7.352441100243583,4222.0,8.348301,33.207010895310276,47.726196115585026,59.687351965892944,74.91710090004737,206.0,5.332719,4.8792043,1174.0,7.0690236,27.806726,14.0,2.7080503,0.3315964,1559,0.015312131919905774,False,2,9,13,15,B_cells,B_cells,B_cell,1
AACAACCCATTCTTCA-1,s1d3,1561,7.3537223303996315,5562.0,8.623893,43.16792520676016,60.40992448759439,69.7411003236246,80.92412801150665,467.0,6.1484685,8.39626,2223.0,7.7070627,39.96764,22.0,3.1354942,0.39554116,1560,0.007736943907156673,False,2,13,16,23,B_cells,B_cells,Naive_B,0
AACACACCACAAGTGG-1,s1d3,1675,7.424165281042028,6207.0,8.733594,44.48203641050427,59.75511519252456,70.03383276945384,80.8764298372805,569.0,6.3456364,9.167069,2213.0,7.702556,35.653297,15.0,2.7725887,0.24166264,1674,0.014855811243810076,False,2,13,16,33,B_cells,B_cells,Naive_B,0
AACAGGGCAACCGACC-1,s1d3,1481,7.301147805856032,5088.0,8.534837,40.07468553459119,57.82232704402516,69.73270440251572,80.71933962264151,295.0,5.6903596,5.797956,2043.0,7.622664,40.1533,24.0,3.218876,0.4716981,1481,0.008370260955194485,False,2,13,16,23,B_cells,B_cells,Naive_B,0
AACAGGGCAGTATGAA-1,s1d3,514,6.244166900663736,1314.0,7.181592,61.339421613394215,68.4931506849315,76.10350076103501,98.93455098934551,515.0,6.2461066,39.193302,95.0,4.564348,7.2298326,20.0,3.0445225,1.5220699,513,0.011152416356877323,False,2,13,16,23,B_cells,B_cells,Naive_B,0
AACCAACCATAGATGA-1,s1d3,2070,7.635786861395585,5171.0,8.551015,30.671050087023787,40.64977760587894,50.995938889963256,66.2347708373622,336.0,5.820083,6.4977756,845.0,6.7405195,16.341133,29.0,3.4011974,0.56082,2070,0.012311901504787963,False,2,9,13,15,B_cells,B_cells,B_cell,1
AACCATGCACTGATTG-1,s1d3,1580,7.365812837209472,5020.0,8.521384,39.6414342629482,56.45418326693227,66.33466135458167,78.48605577689243,358.0,5.8833222,7.1314745,1893.0,7.5464463,37.709164,14.0,2.7080503,0.27888444,1580,0.029469548133595286,False,2,13,16,23,B_cells,B_cells,Naive_B,0
AACCATGGTGTATTCG-1,s1d3,1559,7.352441100243583,5930.0,8.687948,46.34064080944351,63.47386172006745,72.66441821247892,82.141652613828,550.0,6.3117347,9.274874,2432.0,7.7968802,41.011803,21.0,3.0910425,0.35413155,1559,0.011531241619737198,False,2,13,16,33,B_cells,B_cells,Naive_B,0
AACCTGACACAACGCC-1,s1d3,1776,7.482681828154651,6566.0,8.789812,41.76058483094731,58.81815412732257,69.00700578738959,79.69844654279622,520.0,6.25575,7.9195857,2475.0,7.8143997,37.694183,30.0,3.4339871,0.45689917,1775,0.011531241619737198,False,2,13,16,23,B_cells,B_cells,Naive_B,0
AACCTTTGTACAATAG-1,s1d3,1608,7.3833681469923835,6017.0,8.70251,43.89230513544956,59.597806215722116,70.1013794249626,81.2863553265747,539.0,6.291569,8.9579525,2309.0,7.7450027,38.374607,14.0,2.7080503,0.23267409,1608,0.02358324533614925,False,2,4,10,16,B_cells,B_cells,Naive_B,0
AACGGGAAGTTGGCTT-1,s1d3,1518,7.325807502595773,6449.0,8.771835,46.30175220964491,64.16498681966196,74.18204372770973,84.2146069158009,667.0,6.504288,10.342689,2839.0,7.9515595,44.022327,17.0,2.8903718,0.26360676,1518,0.026364649090233935,False,2,13,16,33,B_cells,B_cells,Naive_B,0
AACGTCAAGCAACTCT-1,s1d3,685,6.530877627725885,1156.0,7.0535855,37.80276816608997,46.45328719723184,58.04498269896193,83.99653979238755,154.0,5.043425,13.321799,59.0,4.0943446,5.1038065,11.0,2.4849067,0.95155704,685,0.06825712392312791,False,2,9,13,15,B_cells,B_cells,B_cell,1
AACGTCATCAGCAGAG-1,s1d3,1267,7.145196134997171,3033.0,8.017637,43.19155951203429,50.74183976261127,59.874711506758985,74.7115067589845,580.0,6.364751,19.12298,236.0,5.46806,7.781075,18.0,2.944439,0.5934718,1266,0.010059324219757545,False,2,13,16,23,B_cells,B_cells,Naive_B,0
AAGACAAAGCCTGCCA-1,s1d3,2030,7.616283561580385,7046.0,8.860357,41.21487368719841,55.97502128867442,65.38461538461539,75.90122055066705,443.0,6.0958247,6.2872553,2600.0,7.8636513,36.900368,31.0,3.465736,0.43996596,2030,0.13636363636363627,False,2,4,10,12,B_cells,B_cells,Naive_B,0
AAGACAACAAACCACT-1,s1d3,1816,7.504942068396171,4780.0,8.472405,34.41422594142259,46.25523012552301,56.94560669456067,71.19246861924687,299.0,5.7037826,6.2552304,1021.0,6.929517,21.359833,22.0,3.1354942,0.46025103,1816,0.02168021680216802,False,2,9,13,15,B_cells,B_cells,B_cell,1
AAGACTCAGTCACTGT-1,s1d3,1147,7.045776576879511,2923.0,7.9807076,38.31679781046869,53.81457406773863,64.38590489223401,77.86520697913103,94.0,4.553877,3.215874,1162.0,7.0587583,39.753677,8.0,2.1972246,0.27369142,1147,0.009027081243731193,False,2,13,16,23,B_cells,B_cells,Naive_B,0
AAGACTCAGTTCGGTT-1,s1d3,2166,7.681099001536359,7892.0,8.973732,39.30562595032945,53.42118601115053,63.88748099341105,75.30410542321339,703.0,6.5567784,8.907755,2394.0,7.7811384,30.334517,16.0,2.8332133,0.20273696,2165,0.01991511589944499,False,2,13,16,33,B_cells,B_cells,Naive_B,0
AAGCATCCATTAAAGG-1,s1d3,1877,7.537962659768208,5312.0,8.577912,33.1137048192771,46.27259036144578,57.66189759036144,71.7808734939759,257.0,5.5529594,4.8381023,1509.0,7.3198647,28.40738,16.0,2.8332133,0.3012048,1877,0.011152416356877323,False,2,9,13,15,B_cells,B_cells,B_cell,1
AAGCCATAGAAAGCGA-1,s1d3,1633,7.3987862754199485,6709.0,8.811355,46.132061410046205,63.422268594425404,72.976598598897,83.11223729318826,686.0,6.5323343,10.225071,2821.0,7.945201,42.047997,18.0,2.944439,0.2682963,1632,0.018807778131973225,False,2,13,16,33,B_cells,B_cells,Naive_B,0
AAGCGAGGTGACTGAG-1,s1d3,1393,7.2399325913204695,3714.0,8.220134,35.164243403338716,49.03069466882068,60.28540656973613,75.95584275713516,273.0,5.613128,7.3505654,1035.0,6.9431224,27.867529,18.0,2.944439,0.48465267,1393,0.008370260955194485,False,2,9,13,15,B_cells,B_cells,B_cell,1
AAGCGTTGTGCGTTTA-1,s1d3,389,5.966146739123692,1217.0,7.1049657,69.92604765817583,76.253081347576,84.47000821692687,100.0,663.0,6.498282,54.47823,82.0,4.4188404,6.7378798,17.0,2.8903718,1.3968776,389,0.06597671410090555,False,2,13,16,23,B_cells,B_cells,Naive_B,0
AAGGAATTCACACCGG-1,s1d3,873,6.773080375655535,3043.0,8.020927,47.19027275714755,65.95465001643115,76.47058823529412,87.74235951363785,384.0,5.9532433,12.619125,1316.0,7.1831117,43.246796,6.0,1.9459102,0.19717383,873,0.005415162454873647,False,2,4,10,12,B_cells,B_cells,Naive_B,0
AAGGTAAAGGCTCCCA-1,s1d3,2700,7.901377353792616,12890.0,9.464285,45.17455391776571,61.62916989914663,70.19394879751746,78.7044220325834,1440.0,7.2730927,11.171451,4937.0,8.504716,38.30101,51.0,3.9512436,0.39565554,2699,0.0167427701674277,False,2,13,16,33,B_cells,B_cells,Naive_B,0
AAGGTAATCTTGCAGA-1,s1d3,134,4.90527477843843,522.0,6.2595816,83.9080459770115,93.48659003831418,100.0,100.0,345.0,5.846439,66.09196,33.0,3.5263605,6.3218393,5.0,1.7917595,0.9578544,134,0.010416666666666666,False,2,4,2,2,B_cells,B_cells,Naive_B,0
AAGTACCAGGCCTTGC-1,s1d3,1470,7.293697720601438,3261.0,8.0900955,27.997546764796077,40.72370438515793,52.86721864458755,70.25452315240723,144.0,4.9767337,4.4158235,822.0,6.7129564,25.206991,8.0,2.1972246,0.24532352,1470,0.01724137931034483,False,2,9,13,15,B_cells,B_cells,B_cell,1
AAGTACCAGTCGGCCT-1,s1d3,1892,7.545918151209323,4826.0,8.48198,27.724823870700373,40.88271860754248,53.025279734769995,68.40033153750518,250.0,5.525453,5.1802735,1279.0,7.1546154,26.50228,19.0,2.9957323,0.39370078,1891,0.014409221902017292,False,2,9,13,15,B_cells,B_cells,B_cell,1
AAGTACCCAGGTGTTT-1,s1d3,1731,7.4570320891223805,5933.0,8.688454,41.243890106185745,56.800943873251306,67.25096915557054,78.57744817124558,546.0,6.3044486,9.2027645,2145.0,7.671361,36.153717,23.0,3.1780539,0.38766223,1730,0.02168021680216802,False,2,4,10,16,B_cells,B_cells,Naive_B,0
AAGTACCTCGTAACAC-1,s1d3,1313,7.1808311990445555,4664.0,8.447844,44.361063464837045,62.00686106346483,71.80531732418525,82.56861063464837,333.0,5.811141,7.1397943,2050.0,7.626083,43.953686,24.0,3.218876,0.5145798,1312,0.008050744083922909,False,2,13,16,23,B_cells,B_cells,Naive_B,0
AAGTCGTGTGGAAGTC-1,s1d3,747,6.617402977974478,2404.0,7.785305,43.261231281198,63.76871880199667,75.95673876871881,89.72545757071548,227.0,5.4293456,9.4425955,1042.0,6.9498563,43.344425,11.0,2.4849067,0.4575707,747,0.028659953524399692,False,2,13,16,23,B_cells,B_cells,Naive_B,0
AAGTCGTTCCGGTTCT-1,s1d3,1284,7.158513997329321,3147.0,8.0545225,34.92214807753416,47.600889736256754,59.58055290753098,75.08738481093104,196.0,5.2832036,6.2281537,809.0,6.6970344,25.707022,15.0,2.7725887,0.47664443,1284,0.006535947712418303,False,2,9,13,15,B_cells,B_cells,B_cell,1
AAGTCGTTCTGGGCCA-1,s1d3,1537,7.338238150065589,3995.0,8.293049,34.09261576971214,47.70963704630788,59.27409261576971,74.04255319148936,271.0,5.605802,6.7834797,1021.0,6.929517,25.556946,14.0,2.7080503,0.35043806,1535,0.012311901504787963,False,2,9,13,15,B_cells,B_cells,B_cell,1
AATAGAGCACGACTAT-1,s1d3,1634,7.399398083331354,4291.0,8.364508,32.09042181309718,45.653693777674206,57.84199487298998,73.47937543696108,220.0,5.398163,5.1270103,1134.0,7.034388,26.427406,29.0,3.4011974,0.6758331,1634,0.008370260955194485,False,2,9,13,15,B_cells,B_cells,B_cell,1
AATCGACAGCATCGAG-1,s1d3,2507,7.827240901752812,9655.0,9.175335,40.69394096323148,55.72242361470741,64.8575867426204,75.03883997928534,890.0,6.7923446,9.218021,3410.0,8.134761,35.31849,33.0,3.5263605,0.3417918,2506,0.02048909451421018,False,2,4,10,16,B_cells,B_cells,Naive_B,0
AATCGACGTACTTCCC-1,s1d3,1951,7.5766097669730375,7014.0,8.855806,39.421157684630735,54.776161961790706,65.99657827202738,77.03165098374679,402.0,5.9989367,5.7313943,2628.0,7.8743587,37.467922,44.0,3.8066626,0.62731683,1951,0.033898305084745756,False,2,4,10,12,B_cells,B_cells,Naive_B,0
AATCGTGAGTGCACAG-1,s1d3,1409,7.251344983372214,4847.0,8.486321,43.24324324324324,60.20218691974417,70.4353208170002,81.24613162781101,569.0,6.3456364,11.739221,1895.0,7.5475016,39.096348,16.0,2.8332133,0.3301011,1408,0.008050744083922909,False,2,4,10,16,B_cells,B_cells,Naive_B,0
AATCGTGCAGAATCGG-1,s1d3,1752,7.469083884921234,4709.0,8.457443,31.556593756636232,44.4043321299639,55.808027181991925,71.22531322998513,152.0,5.030438,3.2278616,1127.0,7.0282016,23.932896,16.0,2.8332133,0.3397749,1751,0.022298456260720412,False,2,9,13,15,B_cells,B_cells,B_cell,1
AATCGTGGTCGCAACC-1,s1d3,775,6.654152520183219,2600.0,7.8636513,45.07692307692307,63.76923076923077,76.03846153846155,89.42307692307693,126.0,4.8441873,4.8461537,1184.0,7.077498,45.53846,19.0,2.9957323,0.7307692,775,0.007736943907156673,False,2,4,10,16,B_cells,B_cells,Naive_B,0
AATGAAGCACAGTCCG-1,s1d3,1665,7.418180822726788,6481.0,8.776784,44.082703286529856,61.76515969757753,71.37787378490974,81.7620737540503,457.0,6.126869,7.0513806,2667.0,7.8890843,41.151054,19.0,2.9957323,0.29316464,1665,0.006828349423122205,False,2,4,10,12,B_cells,B_cells,Naive_B,0
AATGAAGGTCTTTCAT-1,s1d3,1086,6.99117688712121,3548.0,8.174421,47.04058624577227,61.950394588500565,72.2096956031567,83.4836527621195,115.0,4.75359,3.2412627,1438.0,7.2717037,40.529877,11.0,2.4849067,0.31003383,1086,0.016255267910897053,False,2,13,16,33,B_cells,B_cells,Naive_B,0
AATGGAACAAGAAATC-1,s1d3,1622,7.392031567514591,5836.0,8.671972,41.86086360520905,58.36189170664839,68.88279643591501,80.32899246058945,478.0,6.1717005,8.190541,2216.0,7.7039104,37.971214,22.0,3.1354942,0.37697053,1621,0.010059324219757545,False,2,13,16,23,B_cells,B_cells,Naive_B,0
AATGGCTAGATCACTC-1,s1d3,2257,7.722234744709607,9999.0,9.2103405,43.784378437843785,60.3060306030603,69.97699769976997,79.45794579457946,911.0,6.81564,9.110911,3979.0,8.289037,39.79398,28.0,3.3672957,0.280028,2257,0.015778505507591547,False,2,4,10,12,B_cells,B_cells,Naive_B,0
AATGGCTAGTGATGGC-1,s1d3,906,6.810142450115136,2773.0,7.9280457,42.8777497295348,60.54814280562567,72.5928597187162,85.3588171655247,287.0,5.6629605,10.349802,1150.0,7.0483866,41.47133,22.0,3.1354942,0.7933645,906,0.008370260955194485,False,2,4,10,12,B_cells,B_cells,Naive_B,0
AATTTCCGTCCTGGTG-1,s1d3,1569,7.358830898342354,5139.0,8.544808,41.56450671336836,57.55983654407473,67.95096322241682,79.19828760459234,459.0,6.1312265,8.931699,1808.0,7.5005293,35.181942,7.0,2.0794415,0.13621327,1567,0.030303030303030304,False,2,13,16,23,B_cells,B_cells,Naive_B,0
AATTTCCGTGAGTCAG-1,s1d3,1472,7.29505641646263,3732.0,8.224968,34.565916398713824,46.9989281886388,58.14576634512326,73.95498392282958,206.0,5.332719,5.519829,967.0,6.875232,25.91104,34.0,3.5553482,0.91103965,1472,0.008370260955194485,False,2,9,13,15,B_cells,B_cells,B_cell,1
ACAACCAAGCCTCAGC-1,s1d3,1504,7.316548177182976,3919.0,8.273847,34.62618014799694,47.537637152334774,58.66292421536106,74.38121969890278,213.0,5.365976,5.43506,985.0,6.8936563,25.13396,21.0,3.0910425,0.535851,1504,0.008370260955194485,False,2,9,13,15,B_cells,B_cells,B_cell,1
ACAACCATCGCCTATC-1,s1d3,1469,7.293017679772782,5132.0,8.543446,42.926734216679655,59.937646141855026,70.0701480904131,81.11847233047544,425.0,6.0544395,8.281372,2018.0,7.6103578,39.321903,33.0,3.5263605,0.64302415,1468,0.015312131919905774,False,2,4,10,12,B_cells,B_cells,Naive_B,0
ACAAGCTCACAAGTTC-1,s1d3,2006,7.604396348796338,5527.0,8.617581,32.35028044146915,44.76207707617152,55.907363850189974,69.8027863216935,311.0,5.7430034,5.6269226,1297.0,7.16858,23.466618,25.0,3.2580965,0.45232493,2006,0.019354838709677417,False,2,9,13,15,B_cells,B_cells,B_cell,1
ACAAGCTCAGTCTTCC-1,s1d3,655,6.486160788944089,1479.0,7.2997975,52.33265720081136,59.364435429344155,69.23597025016903,89.51994590939825,285.0,5.655992,19.269775,67.0,4.2195077,4.530088,34.0,3.5553482,2.2988505,655,0.13636363636363627,False,2,9,13,15,B_cells,B_cells,B_cell,1
ACAAGCTTCCATGCAA-1,s1d3,1843,7.519692404116539,6312.0,8.750366,43.124207858048166,57.68377693282636,67.26869455006337,77.99429657794677,706.0,6.561031,11.185044,2032.0,7.6172676,32.192646,27.0,3.3322046,0.42775664,1842,0.018807778131973225,False,2,4,10,16,B_cells,B_cells,Naive_B,0
ACACAGTCATTCTTCA-1,s1d3,1656,7.4127640174265625,4942.0,8.505728,38.58761634965601,52.8328611898017,63.476325374342366,76.60866046135168,333.0,5.811141,6.738163,1602.0,7.379632,32.416023,19.0,2.9957323,0.38445973,1654,0.005688282138794085,False,2,4,10,12,B_cells,B_cells,Naive_B,0
ACACAGTGTGGCGTAA-1,s1d3,807,6.694562058521095,4239.0,8.352319,55.48478414720452,75.654635527247,84.2415664071715,92.75772587874499,426.0,6.056784,10.04954,2532.0,7.8371596,59.731068,6.0,1.9459102,0.1415428,807,0.013544018058690746,False,2,4,10,16,B_cells,B_cells,Naive_B,0
ACACAGTTCCCGATCT-1,s1d3,1940,7.57095858316901,6073.0,8.711773,36.818705746747895,51.374938251276134,61.53466161699325,73.9338053680224,420.0,6.042633,6.915857,1862.0,7.5299435,30.6603,21.0,3.0910425,0.34579286,1939,0.08469308469308467,False,2,4,13,15,B_cells,B_cells,Naive_B,0
ACACAGTTCTAAGGAA-1,s1d3,1356,7.213031659834869,4089.0,8.3163,42.18635363169479,56.395206651993156,67.22915138175594,79.06578625580826,464.0,6.1420374,11.347517,1392.0,7.239215,34.042553,20.0,3.0445225,0.48911715,1356,0.009364717792963807,False,2,13,16,23,B_cells,B_cells,Naive_B,0
ACACTGACAAATCCCA-1,s1d3,586,6.375024819828097,1297.0,7.16858,54.43330763299923,62.14340786430223,70.2390131071704,93.36931380107941,321.0,5.7745514,24.749422,73.0,4.304065,5.628373,42.0,3.7612002,3.2382421,586,0.1128404669260701,False,2,9,13,15,B_cells,B_cells,B_cell,0
ACACTGATCAGTGATC-1,s1d3,1744,7.4645098346365275,4411.0,8.392083,31.85218771253684,43.32350940829744,54.29607798685105,70.18816594876445,232.0,5.4510384,5.259578,969.0,6.877296,21.967808,21.0,3.0910425,0.4760825,1743,0.00970873786407767,False,2,9,13,15,B_cells,B_cells,B_cell,1
ACAGAAACACCAGTAT-1,s1d3,2192,7.693025748417888,7453.0,8.916506,41.55373675030189,53.91117670736616,63.46437676103582,74.45324030591708,949.0,6.856462,12.733128,1890.0,7.5448613,25.358915,28.0,3.3672957,0.37568763,2188,0.27695560253699775,False,2,13,16,23,B_cells,B_cells,Naive_B,0
ACAGCCGCAGCTACCG-1,s1d3,461,6.135564891081739,1086.0,6.991177,59.94475138121547,66.75874769797421,75.96685082872928,100.0,435.0,6.0776424,40.05525,39.0,3.6888795,3.59116,9.0,2.3025851,0.8287293,461,0.022298456260720412,False,2,4,2,2,B_cells,B_cells,Naive_B,0
ACATCCCAGCTCCCTT-1,s1d3,1974,7.5883236773352225,5687.0,8.646114,34.72832776507825,47.40636539475998,57.6050641814665,71.37330754352031,204.0,5.32301,3.5871286,1489.0,7.3065314,26.18252,22.0,3.1354942,0.3868472,1973,0.15136476426799012,False,2,9,13,15,B_cells,B_cells,B_cell,1
ACATCCCGTAACATAG-1,s1d3,2918,7.978996370854115,10460.0,9.255409,34.502868068833656,48.346080305927345,58.75717017208413,70.1338432122371,722.0,6.5834093,6.9024854,2935.0,7.984803,28.059275,46.0,3.8501477,0.43977058,2915,0.03797468354430379,False,2,9,13,15,B_cells,B_cells,B_cell,1
ACATCCCGTCAAGTTC-1,s1d3,1746,7.465655310134056,6796.0,8.824237,42.878163625662154,59.50559152442614,69.86462625073572,80.32666274278988,673.0,6.5132303,9.9028845,2516.0,7.830823,37.02178,24.0,3.218876,0.3531489,1746,0.009364717792963807,False,2,13,16,23,B_cells,B_cells,Naive_B,0
ACATCCCGTTGTTTGG-1,s1d3,797,6.682108597449809,1755.0,7.4707937,49.002849002849004,56.23931623931624,65.98290598290598,83.07692307692308,386.0,5.9584246,21.9943,137.0,4.9272537,7.8062677,18.0,2.944439,1.0256411,797,0.012714206744057488,False,2,4,10,12,B_cells,B_cells,Naive_B,0
ACATCGACATGGGTTT-1,s1d3,1294,7.166265974133638,4394.0,8.388223,41.80700955848885,59.08056440600819,70.07282658170232,81.92990441511152,322.0,5.7776523,7.328175,1901.0,7.550661,43.263542,21.0,3.0910425,0.47792444,1292,0.016255267910897053,False,2,13,16,23,B_cells,B_cells,Naive_B,0
ACATCGATCTATCCAT-1,s1d3,2980,8.000014093678072,13730.0,9.527411,43.080844865258555,58.96576839038602,68.77640203932994,77.3634377276038,848.0,6.744059,6.176256,5746.0,8.656433,41.849964,31.0,3.465736,0.22578296,2980,0.47222222222222165,False,2,13,16,12,B_cells,B_cells,Naive_B,0
ACATGCACACCGCTGA-1,s1d3,1399,7.24422751560335,4669.0,8.448915,43.11415720711073,59.11330049261084,69.17969586635255,80.74534161490683,396.0,5.9839363,8.481474,1867.0,7.532624,39.98715,23.0,3.1780539,0.49261084,1398,0.008695652173913044,False,2,4,10,12,B_cells,B_cells,Naive_B,0
ACATTTCGTACTGGGA-1,s1d3,1574,7.362010551259734,4999.0,8.517193,41.188237647529505,56.631326265253044,66.65333066613323,78.51570314062812,451.0,6.1136823,9.021805,1773.0,7.4809923,35.467094,14.0,2.7080503,0.280056,1572,0.039080459770114935,False,2,13,16,23,B_cells,B_cells,Naive_B,0
ACCAACACAAGCTACT-1,s1d3,2940,7.9865049385539955,13890.0,9.538997,43.822894168466526,60.02879769618431,68.77609791216702,77.45860331173506,673.0,6.5132303,4.8452125,6414.0,8.766395,46.17711,23.0,3.1780539,0.16558675,2940,0.3701657458563538,False,2,13,16,12,B_cells,B_cells,Naive_B,0
ACCAACATCGAGCACC-1,s1d3,1815,7.504391559161238,4980.0,8.513386,34.23694779116466,46.24497991967871,56.726907630522085,71.14457831325302,209.0,5.3471074,4.1967874,1111.0,7.0139155,22.309237,17.0,2.8903718,0.34136546,1811,0.035870516185476826,False,2,9,13,15,B_cells,B_cells,B_cell,1
ACCACAAAGCTATCTG-1,s1d3,1291,7.163946684342547,3788.0,8.239858,35.03167898627244,52.03273495248152,64.88912354804647,79.1182682154171,164.0,5.1059456,4.3294616,1420.0,7.259116,37.4868,15.0,2.7725887,0.39598733,1291,0.00970873786407767,False,2,9,13,15,B_cells,B_cells,B_cell,1
ACCACAACATGTGACT-1,s1d3,2179,7.687080155783135,8797.0,9.08228,41.445947482096166,58.372172331476634,68.00045470046608,77.83335227918609,530.0,6.274762,6.024781,3585.0,8.1847925,40.75253,35.0,3.583519,0.3978629,2179,0.014409221902017292,False,2,13,16,23,B_cells,B_cells,Naive_B,0
ACCACAAGTCTCTCAC-1,s1d3,825,6.716594773520978,1836.0,7.515889,51.470588235294116,57.24400871459695,65.95860566448802,82.29847494553377,531.0,6.2766433,28.921568,52.0,3.9702919,2.832244,32.0,3.4965076,1.7429193,824,0.04659498207885305,False,2,4,2,2,B_cells,B_cells,Naive_B,0
ACCCAAACAGCGAGTA-1,s1d3,545,6.302618975744905,1128.0,7.0290875,52.21631205673759,60.54964539007093,69.41489361702128,96.01063829787235,241.0,5.488938,21.365248,42.0,3.7612002,3.7234042,20.0,3.0445225,1.7730497,545,0.005146565227120161,False,2,4,2,2,B_cells,B_cells,Naive_B,0
ACCCAAATCTTTCCGG-1,s1d3,1493,7.309212365692763,4656.0,8.446127,40.549828178694156,55.3479381443299,66.0008591065292,78.67268041237114,376.0,5.9322453,8.075602,1498.0,7.3125534,32.17354,13.0,2.6390574,0.2792096,1493,0.007428708363287803,False,2,4,10,12,B_cells,B_cells,Naive_B,0
ACCTACCAGTTGGAGC-1,s1d3,2906,7.9748769005588755,13199.0,9.487972,41.11675126903553,57.93620728843094,66.98234714751118,76.51337222516858,572.0,6.350886,4.3336616,5594.0,8.629628,42.382,22.0,3.1354942,0.1666793,2904,0.3701657458563538,False,2,9,13,15,B_cells,B_cells,B_cell,1
ACCTACCCAACATCGT-1,s1d3,1603,7.38025578842646,4974.0,8.51218,33.11218335343788,48.27100924809007,61.1178126256534,75.9750703659027,240.0,5.484797,4.8250904,1617.0,7.388946,32.50905,27.0,3.3322046,0.54282266,1603,0.012311901504787963,False,2,9,13,15,B_cells,B_cells,B_cell,1
ACCTACCCAGTTGTTG-1,s1d3,2015,7.60887062919126,6272.0,8.74401,35.985331632653065,50.38265306122449,60.9375,72.92729591836735,340.0,5.8318825,5.4209185,1996.0,7.5994015,31.82398,22.0,3.1354942,0.3507653,2015,0.018807778131973225,False,2,13,16,23,B_cells,B_cells,Naive_B,0
ACCTGAACAGGTGGAT-1,s1d3,714,6.5722825426940075,1678.0,7.425954,54.23122765196663,60.60786650774732,69.36829558998808,87.24672228843862,582.0,6.3681874,34.684147,122.0,4.8121843,7.2705603,19.0,2.9957323,1.1323004,714,0.02168021680216802,False,2,4,2,2,B_cells,B_cells,Naive_B,0
ACCTGAAGTGCCTGCA-1,s1d3,1543,7.342131730584722,4485.0,8.408717,39.35340022296544,53.734671125975474,63.9241917502787,76.74470457079153,341.0,5.8348107,7.6031218,1387.0,7.235619,30.925306,26.0,3.295837,0.5797102,1543,0.02048909451421018,False,2,13,16,23,B_cells,B_cells,Naive_B,0
ACCTGTCTCAGGAAAT-1,s1d3,2003,7.602900462204755,5054.0,8.528133,30.68856351404828,42.22398100514444,52.49307479224377,67.0755836960823,313.0,5.749393,6.1931143,1096.0,7.0003343,21.685795,35.0,3.583519,0.69252074,2003,0.0786186627479794,False,2,13,16,23,B_cells,B_cells,Naive_B,0
ACCTGTCTCTCAATCT-1,s1d3,2094,7.647308832356238,8659.0,9.06647,46.876082688532165,62.9749393694422,71.0128190322208,79.69742464487815,941.0,6.8480053,10.867306,3438.0,8.142936,39.704353,22.0,3.1354942,0.2540709,2092,0.021077283372365346,False,2,4,10,12,B_cells,B_cells,Naive_B,0
ACGCACGCATCGGAGA-1,s1d3,1811,7.502186486602924,4647.0,8.444192,27.135786528943406,40.49924682590919,53.15257155153863,69.27049709489992,95.0,4.564348,2.0443296,1224.0,7.1106963,26.339573,17.0,2.8903718,0.3658274,1810,0.01191765980498375,False,2,9,13,15,B_cells,B_cells,B_cell,1
ACGCACGGTGTGCCTG-1,s1d3,2376,7.773594467360194,10406.0,9.250234,45.59869306169518,61.74322506246396,70.07495675571785,78.91600999423409,778.0,6.658011,7.4764557,4206.0,8.344505,40.418987,18.0,2.944439,0.17297712,2376,0.3701657458563538,False,2,4,10,12,B_cells,B_cells,Naive_B,0
ACGGAAGCAATCTCGA-1,s1d3,2086,7.643482907077201,10093.0,9.219696,45.95264044387199,63.08332507678589,73.09026057663728,82.18567323887844,1190.0,7.0825486,11.79035,4136.0,8.327726,40.978897,18.0,2.944439,0.17834143,2085,0.12368972746331237,False,2,13,16,33,B_cells,B_cells,Naive_B,0
ACGGGTCAGCCTTTCC-1,s1d3,1612,7.385851078125209,5910.0,8.68457,43.28257191201354,60.3891708967851,70.43993231810491,81.1844331641286,574.0,6.35437,9.712352,2332.0,7.7549105,39.458546,21.0,3.0910425,0.35532996,1612,0.009027081243731193,False,2,13,16,23,B_cells,B_cells,Naive_B,0
ACGGTCGGTTCTAACG-1,s1d3,1446,7.277247726631484,3479.0,8.154788,32.02069560218453,44.17936188559931,55.82063811440069,72.80827824087382,188.0,5.241747,5.4038515,724.0,6.5861716,20.810577,22.0,3.1354942,0.6323656,1446,0.00596603946764571,False,2,9,13,15,B_cells,B_cells,B_cell,1
ACGGTTAGTACAGAGC-1,s1d3,1572,7.360739903058278,3952.0,8.28223,34.463562753036435,46.60931174089069,57.51518218623482,72.8744939271255,301.0,5.710427,7.616397,929.0,6.8351846,23.507086,17.0,2.8903718,0.43016192,1570,0.0167427701674277,False,2,9,13,15,B_cells,B_cells,B_cell,1
ACGGTTATCCTAGCGG-1,s1d3,1075,6.98100574072173,3750.0,8.229777,44.080000000000005,62.26666666666667,73.33333333333333,84.66666666666667,430.0,6.066108,11.466666,1587.0,7.3702307,42.32,16.0,2.8332133,0.42666668,1074,0.010059324219757545,False,2,4,10,12,B_cells,B_cells,Naive_B,0
ACGTAGTCACCCTAAA-1,s1d3,1504,7.316548177182976,4431.0,8.396606,38.25321597833446,54.208982171067476,65.40284360189574,77.34145791017829,305.0,5.723585,6.883322,1553.0,7.3485875,35.04852,17.0,2.8903718,0.38366055,1504,0.01191765980498375,False,2,13,16,23,B_cells,B_cells,Naive_B,0
ACGTCCTCACAGCTTA-1,s1d3,3445,8.144969417087875,14413.0,9.575955,39.450496079927845,53.40317768681052,62.08978005966836,71.68528411850413,1095.0,6.9994226,7.5973077,4842.0,8.48529,33.59467,23.0,3.1780539,0.15957816,3442,0.3701657458563538,False,2,4,10,12,B_cells,B_cells,Naive_B,0
ACTACGAAGCTCATAC-1,s1d3,1277,7.15305163493748,3385.0,8.127404,39.29098966026588,52.791728212703106,63.69276218611522,77.04579025110783,249.0,5.521461,7.355982,948.0,6.8554087,28.005907,23.0,3.1780539,0.6794682,1277,0.011531241619737198,False,2,4,10,16,B_cells,B_cells,Naive_B,0
ACTATTCAGTGCTCGC-1,s1d3,1767,7.477604243197589,5322.0,8.579792,35.43780533633972,50.15031942878617,61.198797444569706,74.42690717775272,171.0,5.1474943,3.2130778,1689.0,7.4324837,31.736189,23.0,3.1780539,0.43216836,1764,0.02358324533614925,False,2,9,13,15,B_cells,B_cells,B_cell,1
ACTCCCATCACCTCGT-1,s1d3,1521,7.3277805384216315,6686.0,8.80792,47.517200119653005,64.83697277894107,74.57373616512115,84.4899790607239,598.0,6.395262,8.944062,2855.0,7.957177,42.701168,34.0,3.5553482,0.50852525,1521,0.009027081243731193,False,2,13,16,33,B_cells,B_cells,Naive_B,0
ACTCTCGTCATCAGTG-1,s1d3,1429,7.265429723253953,4873.0,8.491671,42.66365688487584,59.942540529447975,70.42889390519187,80.93576852041863,518.0,6.251904,10.630002,1894.0,7.546974,38.867226,10.0,2.3978953,0.20521238,1429,0.009027081243731193,False,2,13,16,23,B_cells,B_cells,Naive_B,0
ACTGATGCATAGTCAC-1,s1d3,1730,7.456454555176209,7584.0,8.933928,44.185126582278485,62.61867088607595,72.71888185654008,82.6081223628692,662.0,6.496775,8.728903,3213.0,8.075272,42.365505,13.0,2.6390574,0.17141351,1729,0.008370260955194485,False,2,13,16,33,B_cells,B_cells,Naive_B,0
ACTGCAAAGTGGCGAT-1,s1d3,444,6.09807428216624,1018.0,6.926577,60.11787819253438,66.2082514734774,76.03143418467585,100.0,332.0,5.8081427,32.61297,36.0,3.6109178,3.5363457,14.0,2.7080503,1.3752456,444,0.04801670146137786,False,2,9,13,15,B_cells,B_cells,B_cell,0
ACTGCAATCAAGAGTA-1,s1d3,1274,7.150701457592526,2966.0,7.9953065,33.4794335805799,46.021577882670265,58.057990559676334,73.90424814565071,235.0,5.463832,7.9231286,700.0,6.552508,23.60081,22.0,3.1354942,0.7417397,1274,0.04390725209669462,False,2,9,13,15,B_cells,B_cells,B_cell,1
ACTGCAATCTAGTTCT-1,s1d3,1766,7.4770384723196965,5815.0,8.668368,39.036973344797936,54.75494411006019,65.2450558899398,77.09372312983663,445.0,6.100319,7.652622,2054.0,7.6280313,35.32244,31.0,3.465736,0.53310406,1766,0.00970873786407767,False,2,13,16,23,B_cells,B_cells,Naive_B,0
ACTTAGGTCGACATCA-1,s1d3,763,6.638567789166521,1684.0,7.429521,50.89073634204275,57.36342042755345,66.56769596199526,84.38242280285036,208.0,5.3423343,12.351544,61.0,4.1271343,3.6223278,16.0,2.8332133,0.9501188,763,0.10344827586206894,False,2,13,16,2,B_cells,B_cells,Naive_B,0
ACTTATCAGCTAAATG-1,s1d3,1518,7.325807502595773,5788.0,8.663714,46.25086385625432,62.90601243953006,72.09744298548722,82.41188666205943,509.0,6.234411,8.794057,2441.0,7.800573,42.173462,9.0,2.3025851,0.15549412,1516,0.014409221902017292,False,2,13,16,23,B_cells,B_cells,Naive_B,0
ACTTCCGAGTCATGAA-1,s1d3,1551,7.347299700743164,5908.0,8.684232,43.51726472579553,60.95125253893027,71.12389979688558,82.21056194989845,289.0,5.669881,4.891672,2365.0,7.768956,40.030468,19.0,2.9957323,0.32159784,1550,0.011531241619737198,False,2,13,16,33,B_cells,B_cells,Naive_B,0
ACTTCCGGTCTGTGAT-1,s1d3,680,6.523562306149512,1411.0,7.2527623,49.04323175053153,56.83912119064494,65.98157335223246,87.24309000708718,238.0,5.476464,16.86747,59.0,4.0943446,4.181432,13.0,2.6390574,0.92133236,680,0.01312482546774644,False,2,9,13,15,B_cells,B_cells,B_cell,1
ACTTCCGTCTTGGAAC-1,s1d3,648,6.47543271670409,2161.0,7.678789,69.82878297084683,74.45627024525683,79.26885701064322,93.1513188338732,1069.0,6.975414,49.46784,66.0,4.204693,3.0541415,11.0,2.4849067,0.5090236,647,0.01827347195967234,False,2,4,2,2,B_cells,B_cells,Naive_B,0
AGAACCTAGCACTCTA-1,s1d3,1580,7.365812837209472,5525.0,8.61722,40.81447963800905,57.1764705882353,68.38009049773756,80.4524886877828,414.0,6.0282784,7.4932127,2059.0,7.630461,37.266968,12.0,2.5649493,0.21719457,1580,0.006535947712418303,False,2,13,16,23,B_cells,B_cells,Naive_B,0
AGAACCTCAGGCGATA-1,s1d3,530,6.274762021241939,1709.0,7.4442487,70.27501462843769,74.8390871854886,80.69046225863077,98.24458747805734,647.0,6.473891,37.8584,62.0,4.1431346,3.6278527,18.0,2.944439,1.0532475,530,0.107981220657277,False,2,4,2,2,B_cells,B_cells,Naive_B,0
AGAAGTATCATCGACA-1,s1d3,1438,7.271703706887368,5301.0,8.575839,42.558007923033394,60.00754574608565,71.3827579701943,82.30522542916431,386.0,5.9584246,7.281645,2231.0,7.7106533,42.0864,9.0,2.3025851,0.16977929,1438,0.011531241619737198,False,2,13,16,23,B_cells,B_cells,Naive_B,0
AGAAGTATCGCCGATG-1,s1d3,1248,7.130098510125578,4823.0,8.481359,47.33568318473979,65.54012025710139,75.1399543852374,84.49098071739581,484.0,6.184149,10.035248,2208.0,7.7002954,45.780636,17.0,2.8903718,0.3524777,1248,0.01312482546774644,False,2,13,16,23,B_cells,B_cells,Naive_B,0
AGACAAAGTAGTTAGA-1,s1d3,1423,7.261225091971921,4808.0,8.478245,43.67720465890183,59.92096505823628,70.15391014975042,80.80282861896838,441.0,6.09131,9.172213,1850.0,7.5234814,38.477535,24.0,3.218876,0.49916804,1422,0.013544018058690746,False,2,13,16,23,B_cells,B_cells,Naive_B,0
AGACAGGCAAGCCCAC-1,s1d3,2493,7.821643126239982,9839.0,9.194211,40.085374529931904,56.19473523732087,66.32787884947658,75.99349527390996,560.0,6.329721,5.691635,3689.0,8.213382,37.49365,30.0,3.4339871,0.30490902,2491,0.47222222222222165,False,2,9,13,15,B_cells,B_cells,B_cell,0
AGACCCGCAGCGGTCT-1,s1d3,1596,7.3758821482150125,5127.0,8.542471,39.652818412326894,55.04193485469086,66.12053832650673,78.62297639945388,469.0,6.152733,9.14765,1719.0,7.4500794,33.528378,26.0,3.295837,0.5071192,1596,0.009027081243731193,False,2,13,16,23,B_cells,B_cells,Naive_B,0
AGACTCACAAACTAAG-1,s1d3,684,6.529418838262226,1813.0,7.5032897,60.94870380584666,66.46442360728075,73.303916161059,89.85107556536128,577.0,6.359574,31.825703,54.0,4.0073333,2.9784887,22.0,3.1354942,1.2134584,683,0.013972055888223553,False,2,4,2,2,B_cells,B_cells,Naive_B,0
AGAGAATTCATCGGGC-1,s1d3,2446,7.802618063442671,12894.0,9.464595,45.01318442686521,64.02978129362495,73.02621374282612,81.56506902435241,1019.0,6.927558,7.9029007,6298.0,8.748146,48.844425,31.0,3.465736,0.2404219,2446,0.33333333333333315,False,2,4,10,12,B_cells,B_cells,Naive_B,0
AGATGAATCCTGTAGA-1,s1d3,1567,7.357556200910353,5231.0,8.562549,39.70560122347543,56.98719174154081,67.84553622634294,79.60237048365514,392.0,5.9738097,7.4937873,1969.0,7.5857887,37.640987,36.0,3.6109178,0.6882049,1566,0.025641025641025644,False,2,13,16,23,B_cells,B_cells,Naive_B,0
AGATGCTCAGCTGTCG-1,s1d3,1456,7.284134806195205,5253.0,8.566745,44.31753283837807,61.2602322482391,71.40681515324576,81.80087569008185,444.0,6.0980744,8.452312,2121.0,7.6601143,40.37693,31.0,3.465736,0.590139,1454,0.01724137931034483,False,2,13,16,33,B_cells,B_cells,Naive_B,0
AGATGCTGTTCCAAAC-1,s1d3,1664,7.417580402414544,5051.0,8.527539,39.002177786576915,54.52385666204712,64.38329043753713,76.95505840427637,391.0,5.971262,7.7410417,1710.0,7.4448333,33.854683,11.0,2.4849067,0.21777865,1664,0.008050744083922909,False,2,13,16,23,B_cells,B_cells,Naive_B,0
AGCATCAAGCAGCCCT-1,s1d3,1670,7.421177528595393,4881.0,8.49331,38.16840811309158,52.48924400737553,62.71255890186437,76.00901454619955,382.0,5.9480352,7.826265,1545.0,7.343426,31.65335,30.0,3.4339871,0.61462814,1670,0.008050744083922909,False,2,13,16,23,B_cells,B_cells,Naive_B,0
AGCATCAAGTCCGTCG-1,s1d3,1488,7.305860032684009,5118.0,8.540714,42.067213755373196,59.06604142243064,69.18718249316139,80.69558421258304,332.0,5.8081427,6.486909,2164.0,7.680176,42.28214,22.0,3.1354942,0.42985544,1488,0.01191765980498375,False,2,13,16,23,B_cells,B_cells,Naive_B,0
AGCATCATCTAACGGT-1,s1d3,1541,7.340835554123275,5547.0,8.621193,45.23165675139715,60.230755363259426,70.63277447268794,81.23309897241752,567.0,6.3421216,10.221742,1916.0,7.558517,34.54119,14.0,2.7080503,0.2523887,1541,0.024251069900142655,False,2,13,16,23,B_cells,B_cells,Naive_B,0
AGCCAATAGCACTCAT-1,s1d3,2789,7.933796874815411,10891.0,9.295784,41.043063079607016,55.541272610412264,64.52116426407125,74.12542466256542,868.0,6.767343,7.969883,3658.0,8.204946,33.587368,20.0,3.0445225,0.18363787,2788,0.23583180987202906,False,2,13,16,12,B_cells,B_cells,Naive_B,0
AGCCAATCAAGCGAGT-1,s1d3,1250,7.1316985104669115,3511.0,8.163941,39.53289661065224,52.63457704357732,64.31216177727144,78.63856451153518,311.0,5.7430034,8.857875,1042.0,6.9498563,29.678154,15.0,2.7725887,0.42722872,1250,0.006248553575561214,False,2,9,13,15,B_cells,B_cells,B_cell,1
AGCCAATCAGCGTATT-1,s1d3,763,6.638567789166521,2542.0,7.8410997,45.31864673485445,64.31943351691581,76.86860739575138,89.65381589299764,212.0,5.3612924,8.3398905,1122.0,7.023759,44.138474,7.0,2.0794415,0.27537373,762,0.02358324533614925,False,2,4,10,12,B_cells,B_cells,Naive_B,0
AGCCAATGTACCCAGC-1,s1d3,3369,8.122668023346407,12940.0,9.468156,35.865533230293664,48.99536321483771,59.14219474497682,69.74497681607419,936.0,6.8426833,7.233385,3767.0,8.2343,29.111284,50.0,3.9318256,0.38639876,3368,0.5458167330677278,False,2,4,10,36,B_cells,B_cells,Naive_B,0
AGCCACGAGGATTACA-1,s1d3,1380,7.2305631534092925,4919.0,8.501064,44.54157349054686,61.2726163854442,71.82354137019719,82.1101849969506,300.0,5.7071104,6.0988007,2125.0,7.661998,43.199837,14.0,2.7080503,0.2846107,1380,0.008695652173913044,False,2,4,10,16,B_cells,B_cells,Naive_B,0
AGCCACGGTGTTAACC-1,s1d3,1915,7.557994958530806,5339.0,8.582981,35.28750702378722,46.41318598988575,56.696010488855585,70.72485484173066,329.0,5.799093,6.162203,1165.0,7.0613346,21.820566,43.0,3.7841897,0.80539423,1913,0.025641025641025644,False,2,9,13,15,B_cells,B_cells,B_cell,1
AGCCAGCTCCTCCACA-1,s1d3,1044,6.951772164398911,3756.0,8.231376,45.68690095846645,63.92438764643238,74.30777422790203,85.51650692225772,263.0,5.575949,7.00213,1729.0,7.455877,46.033012,25.0,3.2580965,0.66560173,1043,0.0167427701674277,False,2,13,16,33,B_cells,B_cells,Naive_B,0
AGCCAGCTCTGCATAG-1,s1d3,629,6.4457198193855785,1387.0,7.235619,54.21773612112473,61.42754145638067,69.06993511175197,90.69935111751983,353.0,5.869297,25.450615,72.0,4.2904596,5.1910596,17.0,2.8903718,1.2256669,627,0.09523809523809527,False,2,9,13,15,B_cells,B_cells,B_cell,1
AGCGATTTCGAACGGA-1,s1d3,666,6.502790045915623,2536.0,7.8387375,50.552050473186114,70.42586750788644,81.26971608832808,93.45425867507886,288.0,5.6664267,11.356467,1244.0,7.1268907,49.053627,3.0,1.3862944,0.118296534,666,0.006535947712418303,False,2,13,16,23,B_cells,B_cells,Naive_B,0
AGCGCTGCAAAGACTA-1,s1d3,1629,7.396335293800808,5211.0,8.558719,38.36115908654769,54.88389944348494,65.63039723661485,78.2767223181731,294.0,5.6869755,5.641911,1901.0,7.550661,36.480522,30.0,3.4339871,0.57570523,1629,0.03690529124055136,False,2,13,16,23,B_cells,B_cells,Naive_B,0
AGCGTATCAGCGTACC-1,s1d3,1535,7.336936913707618,5757.0,8.658345,42.9911412193851,60.22233802327601,70.55758207399687,82.02188639916623,372.0,5.9215784,6.4616985,2457.0,7.807103,42.67848,25.0,3.2580965,0.43425396,1535,0.005146565227120161,False,2,4,10,16,B_cells,B_cells,Naive_B,0
AGCGTCGAGCGATTCT-1,s1d3,507,6.230481447578482,1221.0,7.108244,50.204750204750205,63.47256347256347,74.85667485667486,99.42669942669943,280.0,5.638355,22.932022,294.0,5.6869755,24.078625,6.0,1.9459102,0.49140048,507,0.008370260955194485,False,2,13,16,23,B_cells,B_cells,Naive_B,0
AGCTACAAGCCTATTG-1,s1d3,1812,7.502738210754851,6265.0,8.742893,39.53711093375898,56.44054269752594,66.95929768555466,78.10055865921788,412.0,6.0234475,6.576217,2471.0,7.812783,39.44134,18.0,2.944439,0.28731045,1811,0.00970873786407767,False,2,4,10,16,B_cells,B_cells,Naive_B,0
AGCTCAATCTGCCTCA-1,s1d3,1621,7.3914152346753585,3877.0,8.263075,34.25328862522569,45.39592468403404,55.945318545266964,71.08589115295332,291.0,5.676754,7.5058036,789.0,6.672033,20.350786,18.0,2.944439,0.4642765,1619,0.026364649090233935,False,2,9,13,15,B_cells,B_cells,B_cell,1
AGCTTCCCAGCCTACG-1,s1d3,1407,7.249925536717988,5355.0,8.585973,45.06069094304389,62.72642390289449,72.60504201680672,83.062558356676,627.0,6.44254,11.708684,2226.0,7.7084107,41.568626,35.0,3.583519,0.6535948,1407,0.00970873786407767,False,2,13,16,23,B_cells,B_cells,Naive_B,0
AGGAAATCAGTCGGTC-1,s1d3,1438,7.271703706887368,4794.0,8.475329,39.424280350438046,57.90571547768043,68.43971631205675,80.43387567793074,373.0,5.924256,7.7805595,1862.0,7.5299435,38.840218,28.0,3.3672957,0.5840634,1438,0.009027081243731193,False,2,13,16,23,B_cells,B_cells,Naive_B,0
AGGACGACAGACAAGC-1,s1d3,1784,7.487173694213739,6649.0,8.802372,41.4648819371334,58.05384268311025,68.4614227703414,79.22995939238984,430.0,6.066108,6.4671383,2785.0,7.932362,41.885998,24.0,3.218876,0.36095652,1783,0.00970873786407767,False,2,13,16,23,B_cells,B_cells,Naive_B,0
AGGACTTAGACATAGT-1,s1d3,1473,7.295735072749282,3588.0,8.185629,31.967670011148275,45.65217391304348,57.55295429208472,72.88182831661094,181.0,5.2040067,5.044593,921.0,6.8265452,25.668896,14.0,2.7080503,0.39018953,1473,0.02293259207783183,False,2,9,13,15,B_cells,B_cells,B_cell,1
AGGACTTCATAATCGC-1,s1d3,1743,7.463936604468925,5598.0,8.630343,38.06716684530189,53.822793854948195,64.70167917113254,77.31332618792426,418.0,6.037871,7.4669523,1843.0,7.5196924,32.922474,15.0,2.7725887,0.26795283,1743,0.009364717792963807,False,2,4,10,16,B_cells,B_cells,Naive_B,0
AGGACTTCATCTCCCA-1,s1d3,1590,7.372118028337787,5535.0,8.619027,42.836495031616984,58.102981029810294,68.87082204155375,80.30713640469737,498.0,6.212606,8.99729,1947.0,7.5745587,35.17615,35.0,3.583519,0.63233966,1589,0.012714206744057488,False,2,4,10,12,B_cells,B_cells,Naive_B,0
AGGACTTGTTAAGGGC-1,s1d3,1588,7.370860166536716,5689.0,8.646465,43.92687642819476,59.518368781859735,69.48497099666022,80.87537352786079,502.0,6.22059,8.824047,2183.0,7.6889133,38.372295,26.0,3.295837,0.45702234,1586,0.025641025641025644,False,2,4,10,16,B_cells,B_cells,Naive_B,0
AGGAGGTTCCGACAGC-1,s1d3,595,6.39024066706535,1371.0,7.224025,58.13274981765135,63.89496717724289,71.1889132020423,93.07075127644056,470.0,6.154858,34.281548,55.0,4.0253515,4.01167,23.0,3.1780539,1.6776075,595,0.014855811243810076,False,2,4,2,2,B_cells,B_cells,Naive_B,0
AGGATAACACCTGCTT-1,s1d3,2752,7.920446505142607,9228.0,9.130106,34.33029908972692,47.410056350238406,57.607282184655396,69.7767663632423,523.0,6.261492,5.667534,2670.0,7.8902082,28.93368,47.0,3.871201,0.5093194,2752,0.05429864253393665,False,2,13,16,33,B_cells,B_cells,Naive_B,0
AGGATCTAGTAATACG-1,s1d3,935,6.841615476477592,2882.0,7.9665866,42.53990284524636,60.9646079111728,72.38029146426092,84.90631505898682,242.0,5.4930615,8.396947,1215.0,7.103322,42.158222,11.0,2.4849067,0.3816794,935,0.009364717792963807,False,2,13,16,23,B_cells,B_cells,Naive_B,0
AGGCATTCAGACCCGT-1,s1d3,939,6.84587987526405,2246.0,7.7173514,35.08459483526269,49.24309884238646,62.33303650934996,80.45414069456812,138.0,4.934474,6.1442566,640.0,6.4630294,28.495104,15.0,2.7725887,0.66785395,937,0.005415162454873647,False,2,9,13,15,B_cells,B_cells,B_cell,1
AGGCATTCATGGGTTT-1,s1d3,3038,8.019283792916793,12579.0,9.439863,40.87765323157644,55.79139836234995,64.61562922330869,74.02019238413229,841.0,6.7357802,6.6857457,4768.0,8.469892,37.904446,28.0,3.3672957,0.22259322,3035,0.3701657458563538,False,2,9,13,15,B_cells,B_cells,B_cell,1
AGGCATTGTGTTTACG-1,s1d3,1341,7.201916317531627,3866.0,8.260234,37.09260217278841,53.05225038799794,65.05431971029488,78.24624935333678,289.0,5.669881,7.4754267,1284.0,7.158514,33.212624,27.0,3.3322046,0.69839627,1341,0.034868704261730527,False,2,13,16,23,B_cells,B_cells,Naive_B,0
AGGCCACTCAGAGCAG-1,s1d3,1361,7.216709486709457,5276.0,8.571113,45.128885519332826,62.717968157695225,72.83927217589083,83.68081880212283,530.0,6.274762,10.045489,2208.0,7.7002954,41.849888,26.0,3.295837,0.49279755,1361,0.010059324219757545,False,2,13,16,23,B_cells,B_cells,Naive_B,0
AGGCCACTCTTGCGCT-1,s1d3,1790,7.490529402060711,6294.0,8.747511,40.02224340641881,57.07022561169368,67.73117254528121,78.48744836352081,541.0,6.295266,8.595488,2346.0,7.7608933,37.273594,8.0,2.1972246,0.12710518,1790,0.0510314875135722,False,2,4,10,12,B_cells,B_cells,Naive_B,0
AGGCTGCTCGCCAGAC-1,s1d3,1745,7.465082736399547,6639.0,8.800867,41.286338303961436,58.14128633830396,69.43816839885525,80.11748757342974,614.0,6.4216223,9.248381,2394.0,7.7811384,36.059647,15.0,2.7725887,0.22593765,1744,0.022298456260720412,False,2,4,10,16,B_cells,B_cells,Naive_B,0
AGGGCTCAGCAGTCTT-1,s1d3,1112,7.014814351275545,4353.0,8.37885,44.222375373305766,65.08155295198713,75.78681369170687,85.9407305306685,317.0,5.7620516,7.282334,2142.0,7.669962,49.207443,23.0,3.1780539,0.5283712,1111,0.008695652173913044,False,2,13,16,23,B_cells,B_cells,Naive_B,0
AGGGCTCAGTCCCAGC-1,s1d3,1552,7.347943823148687,5638.0,8.637462,41.238027669386305,58.63781482795317,69.52820148989002,81.3409010287336,432.0,6.070738,7.662292,2295.0,7.7389235,40.705925,14.0,2.7080503,0.248315,1551,0.00970873786407767,False,2,13,16,23,B_cells,B_cells,Naive_B,0
AGGGCTCCAATGAACA-1,s1d3,1705,7.441906728051625,4614.0,8.437067,34.54703077589944,46.77069787602947,57.86736020806242,72.93021239705246,265.0,5.583496,5.7433896,1135.0,7.035269,24.599047,37.0,3.637586,0.8019072,1704,0.029469548133595286,False,2,9,13,15,B_cells,B_cells,B_cell,1
AGGGTCCCAGAGGGTT-1,s1d3,1326,7.190676034332207,4892.0,8.495561,42.27309893704007,60.97710547833197,71.87244480784955,83.1152902698283,452.0,6.115892,9.239574,2109.0,7.6544433,43.111202,20.0,3.0445225,0.40883073,1325,0.006828349423122205,False,2,4,10,12,B_cells,B_cells,Naive_B,0
AGGGTTTTCCATTGGA-1,s1d3,1480,7.300472814267799,4675.0,8.450198,39.25133689839572,55.25133689839572,66.37433155080214,79.03743315508022,346.0,5.8493247,7.401069,1624.0,7.3932633,34.73797,23.0,3.1780539,0.4919786,1478,0.008050744083922909,False,2,13,16,23,B_cells,B_cells,Naive_B,0
AGGTAGGTCCATTTGT-1,s1d3,1651,7.409741954080923,5622.0,8.634621,42.600498043400925,58.377801494130196,67.84062611170401,79.5268587691213,669.0,6.5072775,11.89968,1953.0,7.577634,34.738525,27.0,3.3322046,0.48025614,1650,0.010416666666666666,False,2,13,16,23,B_cells,B_cells,Naive_B,0
AGGTCATGTTCCACAA-1,s1d3,1828,7.511524648390866,6773.0,8.8208475,42.24125203011959,56.739997047098775,67.31138343422413,78.73911117673114,685.0,6.5308776,10.1136875,2317.0,7.74846,34.209362,20.0,3.0445225,0.2952901,1828,0.022298456260720412,False,2,4,10,12,B_cells,B_cells,Naive_B,0
AGGTCTAGTACCCGAC-1,s1d3,1466,7.2909747781429814,4341.0,8.37609,38.723796360285654,54.134991937341624,65.23842432619212,77.74706288873531,242.0,5.4930615,5.5747523,1416.0,7.256297,32.61921,16.0,2.8332133,0.36857867,1465,0.007736943907156673,False,2,4,10,16,B_cells,B_cells,Naive_B,0
AGGTGTTGTGAGACCA-1,s1d3,1691,7.433666540166168,5724.0,8.652597,42.54018169112509,57.582110412299095,66.99860237596087,78.79105520614954,627.0,6.44254,10.953878,2063.0,7.632401,36.04123,27.0,3.3322046,0.4716981,1691,0.028659953524399692,False,2,4,10,12,B_cells,B_cells,Naive_B,0
AGGTTACTCATGCCAA-1,s1d3,1743,7.463936604468925,5158.0,8.548498,35.323768902675454,49.3408297789841,60.04265219077162,74.0791004265219,263.0,5.575949,5.0988755,1590.0,7.372118,30.825901,32.0,3.4965076,0.6203955,1743,0.006535947712418303,False,2,9,13,15,B_cells,B_cells,B_cell,1
AGTAACCGTCACGTGC-1,s1d3,1696,7.436617265234227,6315.0,8.750841,43.262074425969914,58.97070467141726,69.65954077593032,80.53840063341251,380.0,5.9427996,6.017419,2603.0,7.8648043,41.21932,23.0,3.1780539,0.36421221,1696,0.013544018058690746,False,2,4,10,16,B_cells,B_cells,Naive_B,0
AGTAACCGTGTTTACG-1,s1d3,1809,7.501082124259871,4525.0,8.417594,31.248618784530386,42.828729281767956,53.85635359116022,69.43646408839778,205.0,5.327876,4.5303864,1091.0,6.995766,24.110498,29.0,3.4011974,0.640884,1808,0.05429864253393665,False,2,9,13,15,B_cells,B_cells,B_cell,1
AGTAACCGTTTAGAGA-1,s1d3,1465,7.290292882446597,5061.0,8.529517,43.09425014819206,59.47441217150761,69.82809721398932,80.93262201146018,618.0,6.4281054,12.211025,1827.0,7.5109777,36.099586,21.0,3.0910425,0.4149378,1464,0.01191765980498375,False,2,13,16,23,B_cells,B_cells,Naive_B,0
AGTACCAAGAGAGAAC-1,s1d3,1608,7.3833681469923835,4585.0,8.430763,36.42311886586696,49.61832061068702,60.523446019629226,75.26717557251908,216.0,5.379897,4.711014,1329.0,7.192934,28.985823,21.0,3.0910425,0.45801526,1608,0.019354838709677417,False,2,9,13,15,B_cells,B_cells,B_cell,1
AGTACCATCAGAGCAG-1,s1d3,1619,7.3901814282264295,5426.0,8.599142,40.61924069295982,58.58827865831183,68.3007740508662,79.37707335053446,399.0,5.9914646,7.353483,2196.0,7.694848,40.4718,21.0,3.0910425,0.38702545,1619,0.01827347195967234,False,2,13,16,23,B_cells,B_cells,Naive_B,0
AGTACCATCTGACAGT-1,s1d3,1219,7.106606137727303,3330.0,8.111028,40.18018018018018,56.21621621621622,65.82582582582582,78.4084084084084,377.0,5.934894,11.3213215,1171.0,7.066467,35.165165,10.0,2.3978953,0.3003003,1219,0.02168021680216802,False,2,13,16,23,B_cells,B_cells,Naive_B,0
AGTAGCTTCGGTCGAC-1,s1d3,427,6.059123195581797,1257.0,7.1372786,68.89419252187749,73.9856801909308,81.94112967382658,100.0,601.0,6.4002576,47.812252,43.0,3.7841897,3.4208431,12.0,2.5649493,0.954654,427,0.15136476426799012,False,2,4,2,2,B_cells,B_cells,Naive_B,0
AGTCACATCCTCACTG-1,s1d3,1852,7.52456122628536,6237.0,8.738415,40.339907006573675,55.828122494789156,66.29789963123297,77.52124418791085,424.0,6.052089,6.79814,2112.0,7.6558642,33.862434,33.0,3.5263605,0.52910054,1851,0.024936754607878576,False,2,4,10,16,B_cells,B_cells,Naive_B,0
AGTCACATCCTCGCAT-1,s1d3,1778,7.483806687665835,7535.0,8.927446,45.06967485069675,62.5613802256138,72.38221632382216,82.04379562043795,609.0,6.413459,8.082283,3100.0,8.03948,41.14134,15.0,2.7725887,0.19907099,1777,0.1180625630676085,False,2,4,10,12,B_cells,B_cells,Naive_B,0
AGTCATGGTCGTCGGT-1,s1d3,1996,7.599401333415815,7039.0,8.859364,39.721551356726806,55.51924989345077,66.13155277738315,76.81488847847706,576.0,6.3578424,8.182981,2489.0,7.820038,35.360138,31.0,3.465736,0.44040346,1995,0.014409221902017292,False,2,13,16,23,B_cells,B_cells,Naive_B,0
AGTGATCCACGCAGTC-1,s1d3,2377,7.774015077250727,8091.0,8.9986315,31.973798047212952,47.34890619206526,59.09034729946855,72.00593251761217,386.0,5.9584246,4.770733,2756.0,7.9218984,34.06254,29.0,3.4011974,0.35842294,2376,0.04263565891472869,False,2,9,13,15,B_cells,B_cells,B_cell,1
AGTGATCGTAAGATTG-1,s1d3,1070,6.976348070447749,3384.0,8.12711,45.360520094562645,61.64302600472813,71.8676122931442,83.15602836879432,454.0,6.1202974,13.416076,1238.0,7.12206,36.583923,18.0,2.944439,0.5319149,1070,0.015778505507591547,False,2,4,10,16,B_cells,B_cells,Naive_B,0
AGTGCCGTCCGTTGAA-1,s1d3,1538,7.338888133838879,5520.0,8.616314,42.028985507246375,59.22101449275362,69.69202898550725,81.19565217391305,438.0,6.0844994,7.9347825,2232.0,7.711101,40.434784,17.0,2.8903718,0.307971,1538,0.008370260955194485,False,2,13,16,23,B_cells,B_cells,Naive_B,0
AGTGTTGAGTGCAGCA-1,s1d3,1079,6.984716320118266,3064.0,8.027802,38.218015665796344,53.687989556135776,66.54699738903395,81.10313315926892,191.0,5.2574954,6.233681,1065.0,6.9716687,34.758484,7.0,2.0794415,0.22845952,1078,0.05785123966942148,False,2,9,13,15,B_cells,B_cells,B_cell,1
AGTGTTGGTTACAGCT-1,s1d3,1375,7.226936018493289,4676.0,8.450412,42.9213002566296,60.17964071856288,70.03849443969204,81.2874251497006,348.0,5.855072,7.4422584,1966.0,7.5842648,42.044483,15.0,2.7725887,0.320787,1374,0.010780962398106761,False,2,4,10,16,B_cells,B_cells,Naive_B,0
AGTTCCCAGTTGCCTA-1,s1d3,1486,7.304515946460155,6594.0,8.794067,48.39247801031241,66.16621170761297,75.55353351531696,85.04701243554746,487.0,6.1903152,7.385502,2946.0,7.988543,44.67698,13.0,2.6390574,0.19714893,1484,0.009027081243731193,False,2,4,10,12,B_cells,B_cells,Naive_B,0
AGTTCGACAATGAGCG-1,s1d3,1673,7.422971251049421,5962.0,8.693329,41.09359275410936,57.95035223079503,68.43341160684334,79.92284468299229,534.0,6.2822666,8.956726,2286.0,7.7349963,38.34284,28.0,3.3672957,0.46964106,1673,0.034868704261730527,False,2,13,16,23,B_cells,B_cells,Naive_B,0
ATACCGAAGCGTGAGT-1,s1d3,659,6.492239835020471,1641.0,7.4036703,58.3180987202925,64.59475929311395,72.0292504570384,90.31078610603291,568.0,6.3438807,34.61304,89.0,4.4998097,5.4235225,23.0,3.1780539,1.4015844,659,0.03690529124055136,False,2,4,10,12,B_cells,B_cells,Naive_B,0
ATACCGATCTGGGTCG-1,s1d3,817,6.706862336602747,2103.0,7.6515956,38.99191631003329,54.92154065620542,68.23585354255825,84.92629576795055,141.0,4.955827,6.7047076,703.0,6.5567784,33.428436,10.0,2.3978953,0.4755112,817,0.029469548133595286,False,2,9,13,15,B_cells,B_cells,B_cell,1
ATACCTTGTATGGGAC-1,s1d3,1493,7.309212365692763,4839.0,8.48467,41.9921471378384,57.36722463318868,67.80326513742509,79.47923124612524,470.0,6.154858,9.71275,1660.0,7.415175,34.304607,22.0,3.1354942,0.4546394,1491,0.010780962398106761,False,2,4,10,16,B_cells,B_cells,Naive_B,0
ATACCTTGTCAACCAT-1,s1d3,1792,7.491645473605133,4909.0,8.499029,33.85618252189855,47.56569566103076,58.6066408637197,72.33652475045834,326.0,5.7899604,6.6408634,1298.0,7.16935,26.44123,25.0,3.2580965,0.5092687,1792,0.005688282138794085,False,2,13,16,23,B_cells,B_cells,Naive_B,0
ATACTTCCATGAATAG-1,s1d3,425,6.054439346269371,1127.0,7.0282016,64.50754214729369,71.16237799467613,80.03549245785271,100.0,483.0,6.182085,42.857143,44.0,3.8066626,3.9041705,15.0,2.7725887,1.3309672,425,0.027873234058801075,False,2,4,10,12,B_cells,B_cells,Naive_B,0
ATACTTCTCGGACGTC-1,s1d3,1748,7.466799475018602,3906.0,8.270525,27.752176139272915,38.556067588325654,49.846390168970814,66.87147977470558,208.0,5.3423343,5.325141,811.0,6.6995006,20.76293,14.0,2.7080503,0.35842294,1748,0.015312131919905774,False,2,9,13,15,B_cells,B_cells,B_cell,1
ATAGAGAAGCAATTAG-1,s1d3,1400,7.244941546337007,5129.0,8.542861,43.24429713394424,61.2595047767596,71.74887892376681,82.4527198284266,357.0,5.880533,6.960421,2172.0,7.683864,42.34744,13.0,2.6390574,0.2534607,1400,0.013544018058690746,False,2,4,10,12,B_cells,B_cells,Naive_B,0
ATATCCTGTATAGCTC-1,s1d3,1509,7.31986492980897,5497.0,8.61214,44.93360014553392,61.37893396398035,70.72948881207931,81.64453338184464,462.0,6.1377273,8.404584,2055.0,7.6285176,37.384026,18.0,2.944439,0.32745135,1509,0.04390725209669462,False,2,4,10,12,B_cells,B_cells,Naive_B,0
ATCACGAGTCTCGGGT-1,s1d3,2580,7.855932199718614,13019.0,9.474242,45.75620247330824,63.37660342576235,72.12535525001921,80.58222597741762,924.0,6.829794,7.0973196,6054.0,8.70864,46.501266,15.0,2.7725887,0.11521622,2578,0.4153846153846153,False,2,4,10,16,B_cells,B_cells,Naive_B,0
ATCACGATCTAGAACC-1,s1d3,1391,7.238496840894365,5196.0,8.555837,44.63048498845266,62.25943033102387,72.51732101616628,82.85219399538106,390.0,5.9687076,7.5057735,2148.0,7.672758,41.339493,25.0,3.2580965,0.48113936,1391,0.008370260955194485,False,2,13,16,23,B_cells,B_cells,Naive_B,0
ATCACTTAGAAGAGCA-1,s1d3,1422,7.260522598089852,3521.0,8.166784,31.951150241408694,45.583641011076395,57.512070434535644,73.81425731326328,239.0,5.480639,6.787844,829.0,6.7214255,23.544447,15.0,2.7725887,0.42601535,1422,0.01191765980498375,False,2,9,13,15,B_cells,B_cells,B_cell,1
ATCACTTCAGAATGTA-1,s1d3,1613,7.3864708488298945,5228.0,8.5619755,41.20122417750574,56.31216526396328,66.77505738332059,78.71078806426932,502.0,6.22059,9.602142,1771.0,7.479864,33.875286,16.0,2.8332133,0.30604437,1611,0.010780962398106761,False,2,13,16,23,B_cells,B_cells,Naive_B,0
ATCAGGTTCGGTATGT-1,s1d3,639,6.461468176353717,1510.0,7.320527,56.092715231788084,62.980132450331126,70.9271523178808,90.79470198675497,421.0,6.0450053,27.880795,77.0,4.356709,5.099338,25.0,3.2580965,1.655629,639,0.006248553575561214,False,2,13,16,23,B_cells,B_cells,Naive_B,0
ATCCGTCAGAGCACTG-1,s1d3,1254,7.134890851565884,3021.0,8.013674,35.22012578616352,48.32836809003641,59.88083416087389,75.04137702747434,140.0,4.94876,4.6342273,862.0,6.7604146,28.533598,15.0,2.7725887,0.49652433,1251,0.006535947712418303,False,2,9,13,15,B_cells,B_cells,B_cell,1
ATCCGTCAGAGCATAT-1,s1d3,1509,7.31986492980897,5075.0,8.532279,41.4384236453202,57.556650246305416,68.09852216748769,80.11822660098522,453.0,6.1180973,8.926108,1795.0,7.493317,35.369457,24.0,3.218876,0.4729064,1508,0.011152416356877323,False,2,4,10,12,B_cells,B_cells,Naive_B,0
ATCCGTCAGTAATACG-1,s1d3,533,6.280395838960195,1278.0,7.153834,59.702660406885755,66.1189358372457,73.94366197183099,97.41784037558685,451.0,6.1136823,35.289513,60.0,4.1108737,4.6948357,42.0,3.7612002,3.2863848,532,0.0786186627479794,False,2,4,2,2,B_cells,B_cells,Naive_B,0
ATCCGTCGTACAAACA-1,s1d3,1827,7.510977752014095,4892.0,8.495561,33.17661488143908,45.23712183156173,55.88716271463614,70.97301717089125,262.0,5.572154,5.3556824,1233.0,7.1180162,25.204414,28.0,3.3672957,0.5723631,1827,0.007125890736342043,False,2,9,13,15,B_cells,B_cells,B_cell,1
ATCCTATTCGTGGCTG-1,s1d3,1680,7.427144133408616,4858.0,8.488588,37.46397694524496,51.15273775216138,61.50679291889667,75.50432276657061,470.0,6.154858,9.674763,1294.0,7.166266,26.636475,14.0,2.7080503,0.28818443,1679,0.024936754607878576,False,2,9,13,15,B_cells,B_cells,B_cell,1
ATCGATGTCCAGTGTA-1,s1d3,1451,7.280697195384741,3503.0,8.16166,32.600628033114475,44.961461604339135,56.6657151013417,72.85184127890379,247.0,5.5134287,7.0510993,801.0,6.6871085,22.866116,14.0,2.7080503,0.39965743,1449,0.010059324219757545,False,2,9,13,15,B_cells,B_cells,B_cell,1
ATCGCCTAGGTCGTCC-1,s1d3,388,5.963579343618446,966.0,6.8741984,61.49068322981367,70.1863354037267,80.53830227743272,100.0,312.0,5.7462034,32.298134,75.0,4.3307333,7.763975,45.0,3.8286414,4.658385,388,0.034868704261730527,False,2,13,16,23,B_cells,B_cells,Naive_B,0
ATCGGATAGATGACAT-1,s1d3,2129,7.6638772587034705,4967.0,8.510773,28.87054560096638,38.373263539359776,48.86249245017113,63.57962552848802,429.0,6.063785,8.637004,806.0,6.6933236,16.227098,24.0,3.218876,0.48318905,2129,0.04022450888681011,False,2,9,13,15,B_cells,B_cells,B_cell,1
ATCGGCGGTCGAACGA-1,s1d3,1462,7.288244401020124,5669.0,8.642944,52.88410654436409,63.34450520373963,72.35844064208855,83.03051684600459,278.0,5.6312118,4.903863,1082.0,6.98749,19.086258,1594.0,7.374629,28.117832,1461,0.014855811243810076,False,2,9,13,15,B_cells,B_cells,B_cell,1
ATCGGCGGTTTACTTC-1,s1d3,350,5.860786223465865,1145.0,7.044033,73.36244541484717,78.16593886462883,86.8995633187773,100.0,563.0,6.3350544,49.170307,41.0,3.7376697,3.580786,20.0,3.0445225,1.746725,350,0.008695652173913044,False,2,4,2,2,B_cells,B_cells,Naive_B,0
ATCGGCGTCACTCTTA-1,s1d3,1706,7.442492722794441,5886.0,8.680502,35.81379544682297,51.98776758409785,64.84879374787631,77.9476724430853,260.0,5.5645204,4.4172616,2102.0,7.65112,35.711857,17.0,2.8903718,0.28882095,1705,0.010416666666666666,False,2,9,13,15,B_cells,B_cells,B_cell,1
ATCGTAGCAGAGTAAT-1,s1d3,1522,7.328437352895162,6029.0,8.704502,45.13186266379167,63.1116271355117,73.03035329241997,83.04859844086914,438.0,6.0844994,7.264886,2716.0,7.907284,45.04893,19.0,2.9957323,0.31514347,1522,0.01191765980498375,False,2,4,10,12,B_cells,B_cells,Naive_B,0
ATCGTAGTCTCCTGTG-1,s1d3,552,6.315358001522335,1376.0,7.2276626,46.875,62.354651162790695,74.4186046511628,96.22093023255815,107.0,4.6821313,7.7761626,563.0,6.3350544,40.9157,25.0,3.2580965,1.8168604,552,0.035870516185476826,False,2,13,16,33,B_cells,B_cells,Naive_B,0
ATCGTCCAGTCATGAA-1,s1d3,1350,7.208600337960199,3591.0,8.186464,41.297688666109714,52.826510721247566,63.464216095795045,76.32971317181844,383.0,5.9506426,10.665553,811.0,6.6995006,22.584238,27.0,3.3322046,0.7518797,1349,0.04390725209669462,False,2,4,2,2,B_cells,B_cells,Naive_B,0
ATCGTCCTCGACGATT-1,s1d3,1778,7.483806687665835,4773.0,8.47094,34.338990152943644,46.40687198826734,57.804315943850824,72.09302325581395,243.0,5.497168,5.091138,1183.0,7.076654,24.78525,20.0,3.0445225,0.4190237,1778,0.04022450888681011,False,2,9,13,15,B_cells,B_cells,B_cell,1
ATCTTCACACGAGAAC-1,s1d3,1576,7.3632795869630385,4598.0,8.433594,38.01652892561984,51.84862983906046,63.04915180513267,76.59852109612875,381.0,5.9454207,8.286212,1400.0,7.2449417,30.448019,10.0,2.3978953,0.21748587,1576,0.01312482546774644,False,2,4,10,12,B_cells,B_cells,Naive_B,0
ATGAGTCAGGTAAACT-1,s1d3,1617,7.388946097618437,4123.0,8.324579,33.446519524618,46.56803298569003,57.53092408440455,72.90807664322095,199.0,5.2983174,4.8265824,1161.0,7.057898,28.15911,18.0,2.944439,0.4365753,1616,0.010059324219757545,False,2,9,13,15,B_cells,B_cells,B_cell,1
ATGCATGGTGGTCTGC-1,s1d3,1541,7.340835554123275,4762.0,8.468633,39.458210835783284,54.976900461990766,65.26669466610667,78.13943721125578,441.0,6.09131,9.260815,1561.0,7.3537226,32.780342,28.0,3.3672957,0.5879882,1541,0.005146565227120161,False,2,4,10,12,B_cells,B_cells,Naive_B,0
ATGGAGGCACGACGTC-1,s1d3,1510,7.32052696227274,5331.0,8.581482,43.387732132808104,60.9078972050272,70.69968111048584,81.05421121740761,548.0,6.3080983,10.279497,2150.0,7.673688,40.330143,28.0,3.3672957,0.5252298,1510,0.007428708363287803,False,2,4,10,16,B_cells,B_cells,Naive_B,0
ATGGAGGGTTCGGTAT-1,s1d3,1284,7.158513997329321,4933.0,8.503905,45.24630042570444,63.87593756334887,74.31583215082101,84.10703425907155,374.0,5.926926,7.581593,2239.0,7.714231,45.388203,14.0,2.7080503,0.28380296,1283,0.013544018058690746,False,2,13,16,23,B_cells,B_cells,Naive_B,0
ATGGATCGTGTACAGG-1,s1d3,1325,7.189922170745808,4972.0,8.511779,43.66452131938858,60.96138374899437,72.86806114239742,83.4070796460177,351.0,5.8636312,7.059533,2180.0,7.6875386,43.845535,17.0,2.8903718,0.34191474,1325,0.008050744083922909,False,2,4,10,12,B_cells,B_cells,Naive_B,0
ATGGTTGGTGTAGCAG-1,s1d3,1898,7.549082710812286,7390.0,8.908018,43.07171853856563,59.783491204330176,69.64817320703654,79.55345060893099,764.0,6.639876,10.338295,2995.0,8.0050335,40.52774,22.0,3.1354942,0.2976996,1898,0.011531241619737198,False,2,13,16,23,B_cells,B_cells,Naive_B,0
ATGTCTTAGCCGAATG-1,s1d3,1992,7.597396320212795,5707.0,8.649624,33.958296828456284,45.89101103907482,56.334326265989134,70.12440862099176,382.0,5.9480352,6.6935344,1322.0,7.1876574,23.164536,26.0,3.295837,0.4555809,1992,0.007736943907156673,False,2,9,13,15,B_cells,B_cells,B_cell,1
ATGTCTTGTTGCGGAA-1,s1d3,476,6.1675164908883415,949.0,6.856462,51.633298208640674,60.37934668071654,70.91675447839832,100.0,192.0,5.26269,20.231823,51.0,3.9512436,5.3740783,29.0,3.4011974,3.0558481,476,0.01312482546774644,False,2,9,13,15,B_cells,B_cells,B_cell,0
ATGTCTTTCCGAGCTG-1,s1d3,1483,7.302496423727326,4619.0,8.43815,42.649924226022954,57.50162372807968,67.13574366746049,78.71833730244641,353.0,5.869297,7.6423464,1614.0,7.38709,34.942627,12.0,2.5649493,0.25979647,1482,0.027108433734939756,False,2,4,10,16,B_cells,B_cells,Naive_B,0
ATTACCTAGCCTGCCA-1,s1d3,1643,7.404887575616125,5487.0,8.610319,41.00601421541826,56.460725350829236,67.04938946601057,79.09604519774011,445.0,6.100319,8.110079,1889.0,7.544332,34.426826,20.0,3.0445225,0.3644979,1642,0.012311901504787963,False,2,13,16,23,B_cells,B_cells,Naive_B,0
ATTACCTTCGGTCTGG-1,s1d3,2895,7.971085753505607,13241.0,9.491149,43.71271052035345,60.39574050298315,69.22437882335171,77.70561135865871,954.0,6.8617115,7.204894,5663.0,8.641886,42.768673,22.0,3.1354942,0.16615058,2895,0.33333333333333315,False,2,4,10,12,B_cells,B_cells,Naive_B,0
ATTATCCTCTTAGCAG-1,s1d3,1867,7.532623618788788,5561.0,8.6237135,36.881855781334295,50.49451537493257,61.44578313253012,73.94353533537134,385.0,5.9558372,6.923215,1598.0,7.377134,28.73584,19.0,2.9957323,0.34166515,1866,0.015778505507591547,False,2,13,16,23,B_cells,B_cells,Naive_B,0
ATTCACTGTACAGAGC-1,s1d3,1862,7.529943370601589,4630.0,8.440528,32.3110151187905,42.786177105831534,53.52051835853132,69.11447084233261,303.0,5.7170277,6.544276,750.0,6.6214056,16.198704,28.0,3.3672957,0.6047516,1862,0.03295786399666249,False,2,9,13,15,B_cells,B_cells,B_cell,1
ATTCCCGGTGTCACAT-1,s1d3,1329,7.1929342212158,4002.0,8.2948,40.57971014492754,57.04647676161919,67.46626686656671,79.28535732133933,288.0,5.6664267,7.1964016,1470.0,7.293698,36.731632,19.0,2.9957323,0.47476265,1328,0.01191765980498375,False,2,13,16,23,B_cells,B_cells,Naive_B,0
ATTCTTGTCACTCTTA-1,s1d3,1800,7.496097345175956,5185.0,8.553718,34.175506268081,48.736740597878494,59.614271938283515,73.28833172613307,174.0,5.164786,3.3558342,1545.0,7.343426,29.797491,20.0,3.0445225,0.38572806,1800,0.010059324219757545,False,2,9,13,15,B_cells,B_cells,B_cell,1
ATTCTTGTCCTGTTGC-1,s1d3,1524,7.329749689041512,5212.0,8.55891,41.67306216423638,58.59554873369148,69.05218726016884,80.35303146584805,444.0,6.0980744,8.518803,1910.0,7.555382,36.646202,12.0,2.5649493,0.23023792,1524,0.0167427701674277,False,2,13,16,23,B_cells,B_cells,Naive_B,0
ATTGGGTTCCATCAGA-1,s1d3,1592,7.373374309910049,5665.0,8.642239,42.70079435127979,59.45278022947926,69.79699911738747,80.72374227714033,324.0,5.7838254,5.719329,2402.0,7.7844734,42.400707,21.0,3.0910425,0.37069726,1592,0.008050744083922909,False,2,13,16,23,B_cells,B_cells,Naive_B,0
ATTTCACGTCCTGAAT-1,s1d3,1592,7.373374309910049,4192.0,8.341172,33.44465648854962,46.30248091603054,58.25381679389313,73.95038167938931,203.0,5.31812,4.8425574,1051.0,6.9584484,25.071564,18.0,2.944439,0.4293893,1592,0.00970873786407767,False,2,9,13,15,B_cells,B_cells,B_cell,1
ATTTCTGCATCCTATT-1,s1d3,1755,7.470793774195062,4945.0,8.506334,36.01617795753286,50.47522750252781,60.30333670374115,73.65015166835187,372.0,5.9215784,7.52275,1470.0,7.293698,29.726997,34.0,3.5553482,0.6875632,1754,0.008050744083922909,False,2,4,10,16,B_cells,B_cells,Naive_B,0
CAACAACAGATGACAT-1,s1d3,1602,7.3796321526095525,5167.0,8.550241,40.971550222566286,56.45442229533578,66.94406812463713,78.67234371976002,447.0,6.104793,8.651054,1828.0,7.5115247,35.378365,19.0,2.9957323,0.36771822,1602,0.010780962398106761,False,2,13,16,23,B_cells,B_cells,Naive_B,0
CAACAACAGCCACCGT-1,s1d3,2194,7.693937325509272,5726.0,8.652947,30.28292001397136,41.425078588892774,51.536849458609844,66.04959832343695,218.0,5.389072,3.8071952,1152.0,7.0501227,20.118757,33.0,3.5263605,0.57631856,2191,0.041408852927177546,False,2,9,13,15,B_cells,B_cells,B_cell,1
CAACAGTGTCATACCA-1,s1d3,1338,7.199678345691172,7380.0,8.906665,51.63956639566396,71.54471544715447,80.6639566395664,88.64498644986449,890.0,6.7923446,12.059621,3815.0,8.246958,51.693768,16.0,2.8332133,0.21680216,1338,0.015778505507591547,False,2,4,10,16,B_cells,B_cells,Naive_B,0
CAACAGTGTCCAAAGG-1-1,s1d3,1434,7.268920128193722,5216.0,8.559678,42.54217791411043,59.911809815950924,70.9930981595092,82.09355828220859,366.0,5.9053617,7.016871,2069.0,7.635304,39.666412,9.0,2.3025851,0.17254601,1434,0.010780962398106761,False,2,4,10,12,B_cells,B_cells,Naive_B,0
CAACGATGTGTCCGGT-1,s1d3,1331,7.194436851100335,4932.0,8.503702,44.95133819951338,62.347931873479325,73.1346309813463,83.1508515815085,553.0,6.317165,11.21249,2073.0,7.637234,42.03163,24.0,3.218876,0.486618,1331,0.010780962398106761,False,2,4,10,12,B_cells,B_cells,Naive_B,0
CAACGGCGTCTCAAGT-1,s1d3,3116,8.044626279767337,13023.0,9.474549,36.38946479305844,50.81010519849497,61.47585041849036,72.38731475082545,978.0,6.886532,7.5097904,4103.0,8.319717,31.505796,35.0,3.583519,0.26875526,3114,0.016255267910897053,False,2,13,16,33,B_cells,B_cells,Naive_B,0
CAACGGCGTTAAGCAA-1,s1d3,1635,7.400009517162692,3893.0,8.267192,31.004366812227076,42.58926277934755,53.73747752376059,70.45979964038017,202.0,5.313206,5.1888003,920.0,6.82546,23.63216,33.0,3.5263605,0.84767526,1635,0.009364717792963807,False,2,9,13,15,B_cells,B_cells,B_cell,1
CAAGAGGTCCGTATAG-1,s1d3,2086,7.643482907077201,7102.0,8.868273,35.11686848774993,51.070121092649956,62.41903689101661,74.55646296817798,452.0,6.115892,6.364404,2543.0,7.841493,35.806812,21.0,3.0910425,0.29569134,2086,0.007736943907156673,False,2,9,13,15,B_cells,B_cells,B_cell,1
CAAGGGAGTCTCTCTG-1,s1d3,2720,7.908754738783246,13883.0,9.538492,45.38644385219333,63.03392638478715,72.11697759850176,80.05474321112152,1116.0,7.0184016,8.038609,6341.0,8.75495,45.674564,26.0,3.295837,0.18727942,2718,0.4153846153846153,False,2,4,10,12,B_cells,B_cells,Naive_B,0
CAAGGGAGTGAACGGT-1,s1d3,1237,7.121252453244542,3329.0,8.110727,34.90537699008711,51.306698708320816,63.71282667467708,77.8612195854611,158.0,5.0689044,4.74617,1133.0,7.0335064,34.034245,10.0,2.3978953,0.3003905,1237,0.01991511589944499,False,2,13,16,23,B_cells,B_cells,Naive_B,0
CAAGGGATCAGGTGTT-1,s1d3,1119,7.02108396428914,4070.0,8.311644,43.31695331695332,62.65356265356266,74.2997542997543,84.79115479115478,372.0,5.9215784,9.140049,1860.0,7.528869,45.700245,25.0,3.2580965,0.6142506,1119,0.006248553575561214,False,2,4,10,16,B_cells,B_cells,Naive_B,0
CAATCGACATTGCTTT-1,s1d3,1175,7.069874128458572,2879.0,7.9655457,46.1618617575547,54.08127822160472,62.69538034039597,76.5543591524835,409.0,6.016157,14.206322,389.0,5.966147,13.511636,23.0,3.1780539,0.7988885,1175,0.06597671410090555,False,2,4,2,2,B_cells,B_cells,Naive_B,0
CAATTTCGTCGGCCTA-1,s1d3,1814,7.503840746698951,7029.0,8.857942,45.89557547304026,61.943377436335176,70.5790297339593,80.45241143832693,502.0,6.22059,7.1418414,3105.0,8.041091,44.174133,26.0,3.295837,0.36989614,1814,0.01312482546774644,False,2,13,16,23,B_cells,B_cells,Naive_B,0
CACAACAAGAAAGCGA-1,s1d3,1694,7.43543801981455,6872.0,8.835356,44.86321303841677,63.28579743888242,72.94819557625145,82.62514551804423,550.0,6.3117347,8.003492,3089.0,8.035927,44.950523,24.0,3.218876,0.3492433,1692,0.007125890736342043,False,2,4,10,16,B_cells,B_cells,Naive_B,0
CACAGGCGTGTATTGC-1,s1d3,3436,8.142354276849835,15092.0,9.621986,36.26424595812351,51.053538298436266,61.45640074211502,71.91227140206732,868.0,6.767343,5.7513914,4916.0,8.500454,32.573547,30.0,3.4339871,0.19878082,3433,0.031161473087818706,False,2,13,16,33,B_cells,B_cells,Naive_B,0
CACATGATCTTCCACG-1,s1d3,2138,7.668093709082406,5935.0,8.688791,30.884582982308338,43.58887952822241,54.91154170176916,68.66048862679023,178.0,5.187386,2.9991574,1562.0,7.3543625,26.318449,23.0,3.1780539,0.38753158,2136,0.006535947712418303,False,2,9,13,15,B_cells,B_cells,B_cell,1
CACCAAAAGTCCCGAC-1,s1d3,1125,7.026426808699636,3848.0,8.2555685,42.359667359667355,59.77130977130977,71.64760914760915,83.75779625779626,350.0,5.8607864,9.0956335,1584.0,7.3683395,41.16424,16.0,2.8332133,0.41580042,1125,0.009364717792963807,False,2,13,16,23,B_cells,B_cells,Naive_B,0
CACCGTTGTAACTAAG-1,s1d3,1712,7.44600149832412,4307.0,8.368229,34.06083120501509,45.36800557232412,56.3501276990945,71.79010912468075,251.0,5.529429,5.8277225,898.0,6.801283,20.84978,27.0,3.3322046,0.6268864,1712,0.030303030303030304,False,2,9,13,15,B_cells,B_cells,B_cell,1
CACGAATGTTAAAGTG-1,s1d3,2031,7.616775808698373,6019.0,8.702843,34.00897158996511,47.74879548097691,58.81375643794651,72.08838677521183,293.0,5.68358,4.8679185,1759.0,7.473069,29.224125,30.0,3.4339871,0.49842167,2031,0.02293259207783183,False,2,9,13,15,B_cells,B_cells,B_cell,1
CACGTTCAGGCATCGA-1,s1d3,1722,7.45182223652793,6152.0,8.724695,40.73472041612484,58.55006501950585,68.70936280884266,79.6001300390117,474.0,6.163315,7.7048116,2487.0,7.8192344,40.42588,18.0,2.944439,0.29258776,1721,0.005688282138794085,False,2,13,16,23,B_cells,B_cells,Naive_B,0
CACTAAGTCTCTATGT-1,s1d3,2180,7.687538766201629,5849.0,8.674197,26.312190117968882,38.7929560608651,50.5385535989058,66.28483501453239,201.0,5.3082676,3.4364848,1473.0,7.295735,25.18379,39.0,3.6888795,0.66678065,2180,0.010416666666666666,False,2,9,13,15,B_cells,B_cells,B_cell,1
CACTGGGGTGCAATAA-1,s1d3,1422,7.260522598089852,5224.0,8.56121,43.0895865237366,60.41347626339969,71.07580398162328,82.35068912710567,356.0,5.8777356,6.814701,2214.0,7.7030077,42.381317,22.0,3.1354942,0.42113322,1422,0.006828349423122205,False,2,13,16,23,B_cells,B_cells,Naive_B,0
CACTGTCAGGAGTCTG-1,s1d3,1285,7.1592919047975645,3257.0,8.088869,34.84801964998464,48.84863371200491,60.88424930918023,75.89806570463617,135.0,4.912655,4.1449184,941.0,6.8480053,28.891617,21.0,3.0910425,0.64476514,1285,0.019354838709677417,False,2,9,13,15,B_cells,B_cells,B_cell,1
CACTGTCCAGTCAGTT-1,s1d3,1406,7.249215057114389,4390.0,8.387312,40.27334851936219,56.87927107061503,68.04100227790433,79.3621867881549,341.0,5.8348107,7.7676535,1576.0,7.36328,35.899773,12.0,2.5649493,0.27334854,1406,0.012714206744057488,False,2,13,16,23,B_cells,B_cells,Naive_B,0
CACTTCGCATAGCACT-1,s1d3,2078,7.639642287858013,5435.0,8.600799,30.45078196872125,41.5639374425023,52.69549218031278,67.45170193192273,257.0,5.5529594,4.728611,1031.0,6.939254,18.96964,27.0,3.3322046,0.49678013,2078,0.00596603946764571,False,2,9,13,15,B_cells,B_cells,B_cell,1
CAGAGCCAGGTGGTTG-1,s1d3,1511,7.321188556739478,4432.0,8.3968315,35.018050541516246,49.842057761732846,61.93592057761733,77.18862815884476,216.0,5.379897,4.8736463,1167.0,7.0630484,26.331228,14.0,2.7080503,0.31588447,1510,0.034868704261730527,False,2,9,13,15,B_cells,B_cells,B_cell,1
CAGATCATCCCATGGG-1,s1d3,1419,7.258412150595307,3456.0,8.148156,34.40393518518518,46.932870370370374,57.89930555555556,73.40856481481481,161.0,5.0875964,4.658565,909.0,6.8134446,26.302084,83.0,4.4308167,2.4016204,1419,0.025641025641025644,False,2,9,13,15,B_cells,B_cells,B_cell,1
CAGATTGAGTTGCTCA-1,s1d3,1854,7.5256399750415355,4850.0,8.48694,31.319587628865982,43.422680412371136,54.24742268041237,69.54639175257732,340.0,5.8318825,7.010309,973.0,6.8814116,20.061855,25.0,3.2580965,0.5154639,1853,0.04263565891472869,False,2,4,13,15,B_cells,B_cells,Naive_B,0
CAGATTGGTAACTGCT-1,s1d3,1406,7.249215057114389,5437.0,8.601167,43.84771013426522,62.18502850836859,72.72392863711605,83.33639874931028,480.0,6.175867,8.828398,2398.0,7.7828074,44.105206,22.0,3.1354942,0.40463492,1405,0.01312482546774644,False,2,13,16,23,B_cells,B_cells,Naive_B,0
CAGATTGTCTGTCCCA-1,s1d3,1748,7.466799475018602,6515.0,8.782016,39.80046047582502,56.561780506523405,67.59785111281657,79.14044512663085,517.0,6.249975,7.9355335,2485.0,7.8184304,38.142746,28.0,3.3672957,0.42977744,1747,0.006828349423122205,False,2,13,16,23,B_cells,B_cells,Naive_B,0
CAGCACGCATATAGCC-1,s1d3,2339,7.757906208351747,7002.0,8.854094,30.576978006283916,43.91602399314481,55.18423307626392,68.56612396458155,288.0,5.6664267,4.1131105,1821.0,7.50769,26.006857,38.0,3.6635616,0.5427021,2336,0.010416666666666666,False,2,9,13,15,B_cells,B_cells,B_cell,1
CAGCGTGGTGCGACAA-1,s1d3,1457,7.284820912568604,5817.0,8.668712,46.03747636238611,64.89599449888259,74.24789410348977,83.54822073233625,471.0,6.156979,8.096957,2701.0,7.9017477,46.43287,12.0,2.5649493,0.20629191,1456,0.012311901504787963,False,2,13,16,33,B_cells,B_cells,Naive_B,0
CAGGGCTGTATTGGCT-1,s1d3,2639,7.878534196140362,8930.0,9.097283,31.646136618141096,46.23740201567749,56.88689809630459,69.87681970884658,467.0,6.1484685,5.229563,2960.0,7.9932823,33.146698,28.0,3.3672957,0.31354985,2636,0.04659498207885305,False,2,9,13,15,B_cells,B_cells,B_cell,1
CAGGGCTTCGACATCA-1,s1d3,1674,7.423568444259167,7386.0,8.907477,48.17221770917953,66.19279718386136,75.15569997292174,84.10506363390198,520.0,6.25575,7.0403466,3595.0,8.187577,48.673164,18.0,2.944439,0.2437043,1674,0.0167427701674277,False,2,4,10,16,B_cells,B_cells,Naive_B,0
CAGGTATCACGAGGTA-1,s1d3,1784,7.487173694213739,7542.0,8.928375,45.531689207106865,62.99390082206311,72.43436754176611,81.80853884911164,627.0,6.44254,8.313445,3284.0,8.097122,43.542828,44.0,3.8066626,0.58339965,1783,0.018807778131973225,False,2,13,16,33,B_cells,B_cells,Naive_B,0
CAGTTAGAGTCACACT-1,s1d3,1598,7.377133712833954,5551.0,8.621914,45.55935867411277,60.907944514501885,69.50099081246623,80.21978021978022,610.0,6.4150968,10.989011,2138.0,7.6680937,38.515583,20.0,3.0445225,0.36029544,1597,0.005146565227120161,False,2,4,10,12,B_cells,B_cells,Naive_B,0
CAGTTAGGTGGCTGCT-1,s1d3,2854,7.956827122090111,13010.0,9.473551,44.16602613374327,60.184473481936976,69.00076863950807,77.65564950038431,718.0,6.5778613,5.5188317,5509.0,8.61432,42.34435,31.0,3.465736,0.23827825,2854,0.2549019607843137,False,2,4,10,12,B_cells,B_cells,Naive_B,0
CAGTTAGGTGGGACAT-1,s1d3,1563,7.355001921105257,6773.0,8.8208475,47.70411929720951,65.77587479698805,75.09227816329543,84.30532998671194,667.0,6.504288,9.847925,3087.0,8.035279,45.57803,22.0,3.1354942,0.32481915,1563,0.02168021680216802,False,2,13,16,33,B_cells,B_cells,Naive_B,0
CAGTTCCTCCACGAAT-1,s1d3,1928,7.564757012905729,6222.0,8.736008,37.35133397621343,52.330440372870456,62.95403407264545,74.87945998071359,510.0,6.2363696,8.196721,1922.0,7.5616417,30.89039,24.0,3.218876,0.38572806,1927,0.008050744083922909,False,2,13,16,23,B_cells,B_cells,Naive_B,0
CATACAGCATTCCTCG-1,s1d3,2261,7.724004656676065,7728.0,8.952735,41.01966873706004,53.59730848861284,62.65527950310559,73.49896480331263,796.0,6.680855,10.300207,2151.0,7.674153,27.833853,14.0,2.7080503,0.18115942,2260,0.018807778131973225,False,2,4,10,16,B_cells,B_cells,Naive_B,0
CATCAAGAGAACCGCA-1,s1d3,1454,7.282761179605593,3734.0,8.225503,35.72576325656133,49.35725763256561,60.14997321906802,74.45099089448313,185.0,5.2257466,4.9544725,861.0,6.7592554,23.058384,11.0,2.4849067,0.29459026,1454,0.04390725209669462,False,2,9,13,15,B_cells,B_cells,B_cell,1
CATCAAGGTAGCTGCC-1,s1d3,1787,7.488852955733459,6368.0,8.759198,42.88630653266331,59.375,68.42022613065326,79.08291457286433,708.0,6.5638556,11.11809,2323.0,7.751045,36.47927,38.0,3.6635616,0.5967337,1787,0.01724137931034483,False,2,13,16,23,B_cells,B_cells,Naive_B,0
CATCCACGTCTACGAT-1,s1d3,1623,7.392647520721623,4890.0,8.495152,39.018404907975466,53.94683026584867,64.5398773006135,77.03476482617587,318.0,5.765191,6.503067,1558.0,7.3518,31.86094,14.0,2.7080503,0.28629857,1623,0.01827347195967234,False,2,13,16,23,B_cells,B_cells,Naive_B,0
CATCGCTAGATGTTGA-1,s1d3,1935,7.568379267836522,5504.0,8.613412,32.08575581395349,45.348837209302324,56.83139534883721,71.13008720930233,249.0,5.521461,4.5239825,1432.0,7.2675257,26.017443,25.0,3.2580965,0.4542151,1934,0.006248553575561214,False,2,9,13,15,B_cells,B_cells,B_cell,1
CATCGCTTCCGGTTCT-1,s1d3,462,6.137727054086234,1155.0,7.052721,61.471861471861466,68.65800865800867,77.31601731601731,100.0,367.0,5.908083,31.77489,48.0,3.8918204,4.155844,10.0,2.3978953,0.86580086,462,0.029469548133595286,False,2,4,2,2,B_cells,B_cells,Naive_B,0
CATCGCTTCTAACGGT-1,s1d3,1515,7.323830566202317,5348.0,8.584665,41.361256544502616,58.657442034405385,69.70830216903515,81.02094240837697,418.0,6.037871,7.816006,2052.0,7.6270576,38.369484,20.0,3.0445225,0.37397158,1514,0.008695652173913044,False,2,4,10,16,B_cells,B_cells,Naive_B,0
CATCGGGGTGGTTTAC-1,s1d3,1500,7.313886831633462,4287.0,8.363576,36.01586190809424,50.82808490786097,62.18801026358759,76.67366456729647,269.0,5.598422,6.2747846,1318.0,7.184629,30.744112,22.0,3.1354942,0.51317936,1498,0.012714206744057488,False,2,9,13,15,B_cells,B_cells,B_cell,1
CATCGGGTCCCTTGGT-1,s1d3,1976,7.589335823170617,6718.0,8.812695,38.64245311104496,55.01637392080977,65.67430782971122,76.1982732956237,450.0,6.1114674,6.698422,2504.0,7.826044,37.273,52.0,3.9702919,0.77403986,1976,0.015778505507591547,False,2,4,10,12,B_cells,B_cells,Naive_B,0
CATCGTCAGCCGTCGT-1,s1d3,742,6.610696044717759,2085.0,7.6430035,43.50119904076738,60.86330935251798,73.38129496402878,88.39328537170263,139.0,4.9416423,6.666667,858.0,6.755769,41.15108,10.0,2.3978953,0.4796163,742,0.008695652173913044,False,2,13,16,23,B_cells,B_cells,Naive_B,0
CATCGTCAGGATCACG-1,s1d3,522,6.259581464064923,2080.0,7.640604,75.86538461538461,79.71153846153847,84.51923076923077,98.9423076923077,1033.0,6.9411902,49.66346,60.0,4.1108737,2.8846154,21.0,3.0910425,1.0096154,522,0.05263157894736843,False,2,4,2,2,B_cells,B_cells,Naive_B,0
CATCGTCCAACAGAGC-1,s1d3,1352,7.210079628170788,3515.0,8.165079,36.10241820768137,49.92887624466572,61.62162162162163,75.76102418207681,220.0,5.398163,6.2588906,1067.0,6.973543,30.355618,18.0,2.944439,0.51209104,1350,0.006248553575561214,False,2,9,13,15,B_cells,B_cells,B_cell,1
CATCGTCTCGGAAACG-1,s1d3,1446,7.277247726631484,4538.0,8.420462,39.90744821507272,56.43455266637285,67.51873071837814,79.15381225209343,322.0,5.7776523,7.0956373,1700.0,7.4389715,37.461437,18.0,2.944439,0.39665052,1446,0.008695652173913044,False,2,13,16,23,B_cells,B_cells,Naive_B,0
CATCGTCTCTGTGCGG-1,s1d3,1502,7.315218389752975,3978.0,8.288786,34.2885872297637,47.988939165409754,59.35143288084465,74.81146304675717,300.0,5.7071104,7.5414786,942.0,6.8490663,23.68024,19.0,2.9957323,0.47762698,1500,0.04022450888681011,False,2,9,13,15,B_cells,B_cells,B_cell,1
CATGAGTTCCGCGGAT-1,s1d3,1681,7.427738840532894,6349.0,8.75621,43.3926602614585,60.466215151992444,70.18428098913215,80.83162702787841,473.0,6.161207,7.449992,2679.0,7.893572,42.19562,32.0,3.4965076,0.50401634,1681,0.02358324533614925,False,2,13,16,23,B_cells,B_cells,Naive_B,0
CATGCTCTCACCATAG-1,s1d3,1870,7.534228326274089,4467.0,8.404696,29.594806357734498,41.01186478620998,51.57824042981866,67.13678083725095,270.0,5.602119,6.0443254,864.0,6.7627296,19.34184,36.0,3.6109178,0.80591005,1868,0.04522613065326634,False,2,9,13,15,B_cells,B_cells,B_cell,1
CATGCTCTCCAGCACG-1,s1d3,1601,7.379008127628304,4914.0,8.500047,39.4993894993895,54.761904761904766,65.22181522181523,77.5946275946276,416.0,6.0330863,8.465609,1635.0,7.4000096,33.272285,33.0,3.5263605,0.6715507,1600,0.009027081243731193,False,2,4,10,12,B_cells,B_cells,Naive_B,0
CATGGATCAAGTACCT-1,s1d3,1751,7.468513271496337,5920.0,8.68626,43.3277027027027,56.6554054054054,66.40202702702702,78.05743243243242,481.0,6.177944,8.125,1906.0,7.5532866,32.195946,33.0,3.5263605,0.5574324,1750,0.016255267910897053,False,2,4,10,12,B_cells,B_cells,Naive_B,0
CATGGATGTAACCCGC-1,s1d3,2452,7.8050670442584895,8726.0,9.074177,40.72885629154251,54.767361906944764,63.958285583314236,73.92848957139583,468.0,6.150603,5.363282,2903.0,7.9738445,33.26839,30.0,3.4339871,0.34380013,2452,0.27695560253699775,False,2,13,16,12,B_cells,B_cells,Naive_B,0
CATGGATTCCGGACGT-1,s1d3,1409,7.251344983372214,4460.0,8.403129,42.19730941704036,56.860986547085204,67.24215246636771,79.61883408071749,398.0,5.988961,8.923767,1609.0,7.3839893,36.076233,19.0,2.9957323,0.42600897,1408,0.012311901504787963,False,2,13,16,23,B_cells,B_cells,Naive_B,0
CATGGTAGTGTATACC-1,s1d3,1071,6.977281341630747,3410.0,8.134761,64.10557184750733,67.77126099706746,73.63636363636363,83.25513196480938,1415.0,7.2555914,41.4956,95.0,4.564348,2.7859237,28.0,3.3672957,0.8211143,1071,0.3027522935779817,False,2,4,2,2,B_cells,B_cells,Naive_B,0
CATTCATAGCCGAACA-1,s1d3,1669,7.4205789054108005,6656.0,8.803424,43.70492788461539,61.5234375,71.76983173076923,82.03125,293.0,5.68358,4.4020433,2979.0,7.9996786,44.75661,21.0,3.0910425,0.3155048,1669,0.00970873786407767,False,2,4,10,16,B_cells,B_cells,Naive_B,0
CATTCCGAGCAGCCCT-1,s1d3,2114,7.656810091480378,5602.0,8.631058,32.898964655480185,41.28882541949304,50.82113530881828,66.10139235987147,297.0,5.6970935,5.3016777,666.0,6.50279,11.888611,25.0,3.2580965,0.44626918,2113,0.06597671410090555,False,2,9,10,15,B_cells,B_cells,B_cell,0
CATTCCGCAACCTAAC-1,s1d3,1959,7.580699752224563,5092.0,8.535623,31.539670070699138,42.02670856245091,52.867242733699925,68.28358208955224,228.0,5.433722,4.477612,1010.0,6.9186954,19.835035,30.0,3.4339871,0.5891594,1959,0.013544018058690746,False,2,9,13,15,B_cells,B_cells,B_cell,1
CATTCCGCACCATTCC-1,s1d3,1291,7.163946684342547,3733.0,8.225235,39.91427806054112,55.02276989016877,66.5952317171176,78.81060809000803,99.0,4.6051702,2.6520224,1494.0,7.3098817,40.02143,9.0,2.3025851,0.24109297,1291,0.007125890736342043,False,2,13,16,23,B_cells,B_cells,Naive_B,0
CATTCCGTCTCTAGGA-1,s1d3,1057,6.964135612418245,3748.0,8.229244,41.80896478121665,61.41942369263608,73.55923159018143,85.13874066168623,289.0,5.669881,7.7107787,1616.0,7.388328,43.11633,14.0,2.7080503,0.37353256,1057,0.008050744083922909,False,2,4,10,16,B_cells,B_cells,Naive_B,0
CATTCTAAGTACAGAT-1,s1d3,484,6.184148890937483,1240.0,7.123673,63.54838709677419,69.03225806451613,77.09677419354838,100.0,546.0,6.3044486,44.032257,30.0,3.4339871,2.4193547,14.0,2.7080503,1.1290323,484,0.031161473087818706,False,2,4,2,2,B_cells,B_cells,Naive_B,0
CATTCTATCGCTAATG-1,s1d3,1605,7.381501894506707,5378.0,8.590258,42.02305689847527,58.27445146894756,68.40833023428785,79.45332837486055,282.0,5.645447,5.243585,2146.0,7.671827,39.90331,20.0,3.0445225,0.37188545,1605,0.009027081243731193,False,2,13,16,23,B_cells,B_cells,Naive_B,0
CATTCTATCTGGTGGC-1,s1d3,1742,7.463363045520021,5907.0,8.684063,39.66480446927375,55.290333502624,65.85407144066362,77.83985102420856,484.0,6.184149,8.193668,2120.0,7.659643,35.88962,32.0,3.4965076,0.5417301,1741,0.011531241619737198,False,2,13,16,23,B_cells,B_cells,Naive_B,0
CATTGAGAGCCGTTAT-1,s1d3,3126,8.047829357457841,12011.0,9.3936615,33.752393639164104,48.18915993672467,58.87103488468903,70.27724585796354,791.0,6.6745615,6.58563,3679.0,8.210668,30.630255,35.0,3.583519,0.29139954,3124,0.07582260371959942,False,2,9,13,15,B_cells,B_cells,B_cell,1
CATTGAGCATATAGCC-1,s1d3,1377,7.228388451573604,4499.0,8.411833,42.40942431651478,58.6130251166926,69.0820182262725,80.5067792842854,451.0,6.1136823,10.02445,1638.0,7.4018416,36.40809,28.0,3.3672957,0.6223605,1375,0.006248553575561214,False,2,4,10,16,B_cells,B_cells,Naive_B,0
CATTGCCCAGCCTTCT-1,s1d3,2225,7.70796153183549,5924.0,8.686936,35.195813639432814,44.9696151249156,54.08507765023632,67.35313977042539,543.0,6.2989492,9.166104,1013.0,6.921658,17.099932,17.0,2.8903718,0.28696826,2224,0.3701657458563538,False,2,9,13,15,B_cells,B_cells,B_cell,1
CATTGCCTCAGTGTCA-1,s1d3,1746,7.465655310134056,5898.0,8.682538,42.25161071549678,57.76534418446931,67.59918616480162,78.87419464225161,650.0,6.47851,11.020685,2095.0,7.647786,35.520515,25.0,3.2580965,0.42387253,1745,0.033898305084745756,False,2,13,16,23,B_cells,B_cells,Naive_B,0
CATTGTTAGCCTGCCA-1,s1d3,2037,7.61972421378267,8331.0,9.027859,44.36442203817069,60.98907694154363,70.53174888968911,79.65430320489737,813.0,6.7019606,9.758733,3304.0,8.103191,39.659103,21.0,3.0910425,0.25207058,2037,0.014855811243810076,False,2,13,16,23,B_cells,B_cells,Naive_B,0
CATTGTTGTTGGTAGG-1,s1d3,1194,7.085901464365611,3492.0,8.158516,42.7262313860252,57.58877434135166,67.55441008018327,80.12600229095075,458.0,6.1290503,13.115694,1172.0,7.06732,33.562428,11.0,2.4849067,0.31500572,1194,0.02048909451421018,False,2,4,10,16,B_cells,B_cells,Naive_B,0
CATTTCACATGAGTAA-1,s1d3,1469,7.293017679772782,4418.0,8.393669,40.244454504300585,55.74920778632866,66.02535083748302,78.06699864191941,300.0,5.7071104,6.7904024,1508.0,7.3192024,34.13309,25.0,3.2580965,0.5658669,1469,0.008050744083922909,False,2,13,16,23,B_cells,B_cells,Naive_B,0
CCAATGACACGCTGAC-1,s1d3,1799,7.495541943884256,5996.0,8.699015,39.47631754503002,55.136757838559035,66.0773849232822,77.51834556370913,379.0,5.9401712,6.3208804,2089.0,7.6449194,34.839893,75.0,4.3307333,1.2508339,1798,0.012714206744057488,False,2,13,16,23,B_cells,B_cells,Naive_B,0
CCAATTTGTGGTCAAG-1,s1d3,1639,7.402451520818244,6222.0,8.736008,45.724847315975566,62.32722597235616,71.1025393764063,81.51719704275152,647.0,6.473891,10.398585,2513.0,7.8296304,40.388943,14.0,2.7080503,0.22500804,1639,0.00970873786407767,False,2,13,16,23,B_cells,B_cells,Naive_B,0
CCACAAAAGGCTCTAT-1,s1d3,2315,7.7475968386928855,8182.0,9.009814,32.51038865802982,48.20337325837203,60.05866536299194,73.2705939868003,349.0,5.857933,4.265461,2687.0,7.8965526,32.84038,17.0,2.8903718,0.20777315,2313,0.013544018058690746,False,2,9,13,15,B_cells,B_cells,B_cell,1
CCACAAATCCGTCCTA-1,s1d3,2312,7.746300662231439,6333.0,8.753687,31.106900363177008,41.67061424285489,52.25011842728564,66.52455392389072,242.0,5.4930615,3.8212538,1260.0,7.1396604,19.895784,20.0,3.0445225,0.31580612,2311,0.008050744083922909,False,2,9,13,15,B_cells,B_cells,B_cell,1
CCACACTAGACCATGG-1,s1d3,924,6.829793737512425,2323.0,7.751045,55.48859233749462,60.654326302195436,68.8334050796384,81.74773999139045,590.0,6.381816,25.398191,83.0,4.4308167,3.572966,17.0,2.8903718,0.7318123,924,0.028659953524399692,False,2,13,16,23,B_cells,B_cells,Naive_B,0
CCACGAGCAGGAATAT-1,s1d3,1109,7.01211529430638,4162.0,8.333991,49.3993272465161,66.33829889476213,75.4925516578568,85.36761172513215,798.0,6.683361,19.173475,1598.0,7.377134,38.395004,15.0,2.7725887,0.36040366,1109,0.010059324219757545,False,2,13,16,23,B_cells,B_cells,Naive_B,0
CCACGAGCATACAGCT-1,s1d3,1738,7.461065514354283,5671.0,8.643297,39.18180215129607,55.49285840239817,65.84376653147594,77.48192558631635,416.0,6.0330863,7.3355665,2063.0,7.632401,36.378063,25.0,3.2580965,0.44083935,1737,0.00970873786407767,False,2,13,16,23,B_cells,B_cells,Naive_B,0
CCACGTTCATCGTGGC-1,s1d3,1357,7.213768308118642,4759.0,8.468003,44.02185333053163,60.243748686698886,70.60306787140156,81.99201512922883,344.0,5.8435445,7.2284093,1928.0,7.564757,40.512714,17.0,2.8903718,0.3572179,1357,0.00970873786407767,False,2,13,16,23,B_cells,B_cells,Naive_B,0
CCACTTGAGTCTACCA-1,s1d3,1704,7.4413203897176174,6130.0,8.721113,42.62642740619902,58.760195758564436,68.87438825448613,80.0163132137031,554.0,6.3189683,9.03752,2301.0,7.7415338,37.536705,13.0,2.6390574,0.21207179,1704,0.007736943907156673,False,2,13,16,23,B_cells,B_cells,Naive_B,0
CCATAAGAGTCATACC-1,s1d3,2468,7.81156848934518,7456.0,8.916908,31.008583690987123,44.192596566523605,55.36480686695279,68.57564377682404,669.0,6.5072775,8.97264,1931.0,7.566311,25.898605,40.0,3.713572,0.53648067,2468,0.15994798439531857,False,2,9,13,15,B_cells,B_cells,B_cell,1
CCATAAGCAGCATTGT-1,s1d3,1505,7.317212408359839,5283.0,8.572438,44.27408669316676,60.477001703577514,69.73310618966497,80.97671777399205,426.0,6.056784,8.063601,1959.0,7.5807,37.081203,25.0,3.2580965,0.473216,1505,0.010416666666666666,False,2,13,16,33,B_cells,B_cells,Naive_B,0
CCATAAGGTACTCGCG-1,s1d3,3322,8.108623268354595,13241.0,9.491149,35.79790046069028,49.988671550487126,59.95015482214334,70.36477607431463,829.0,6.7214255,6.260856,4205.0,8.344268,31.75742,36.0,3.6109178,0.2718828,3321,0.5458167330677278,False,2,4,10,36,B_cells,B_cells,Naive_B,0
CCCGAAGAGAAACACT-1,s1d3,3001,8.007034012193408,12652.0,9.44565,37.6857413847613,51.620297186215616,62.39329750237117,72.96870060069554,1256.0,7.136483,9.927284,3794.0,8.24144,29.987352,38.0,3.6635616,0.30034778,2998,0.03204601479046837,False,2,4,10,12,B_cells,B_cells,Naive_B,0
CCCGAAGCAGTCGTTA-1,s1d3,1356,7.213031659834869,3544.0,8.173293,34.59367945823928,48.25056433408578,60.10158013544018,75.84650112866818,192.0,5.26269,5.4176073,1026.0,6.934397,28.95034,29.0,3.4011974,0.8182844,1356,0.009027081243731193,False,2,9,13,15,B_cells,B_cells,B_cell,1
CCCGAAGCATAGATGA-1,s1d3,3129,8.048788283534199,9982.0,9.208639,31.14606291324384,42.09577239030254,51.70306551793228,64.59627329192547,543.0,6.2989492,5.4397917,2053.0,7.6275444,20.56702,38.0,3.6635616,0.38068524,3126,0.02168021680216802,False,2,9,13,15,B_cells,B_cells,B_cell,1
CCCTCAACAGACCATT-1,s1d3,2309,7.745002803515839,8802.0,9.082848,42.35401045216996,56.97568734378551,66.4167234719382,76.25539650079527,655.0,6.4861608,7.441491,3206.0,8.0730915,36.42354,25.0,3.2580965,0.28402635,2309,0.039080459770114935,False,2,4,10,12,B_cells,B_cells,Naive_B,0
CCCTGATAGTCATAGA-1,s1d3,1691,7.433666540166168,4313.0,8.369621,30.095061442151632,43.98330628332947,55.87757941108278,71.57431022490147,156.0,5.056246,3.616972,1265.0,7.1436176,29.329931,16.0,2.8332133,0.3709715,1690,0.010059324219757545,False,2,9,13,15,B_cells,B_cells,B_cell,1
CCCTTAGCAAATACAG-1,s1d3,1955,7.578656850594762,7209.0,8.8832245,40.67138299348037,56.72076570952975,66.80538216118741,77.69454848106534,600.0,6.398595,8.322929,2653.0,7.8838234,36.801224,30.0,3.4339871,0.4161465,1954,0.02168021680216802,False,2,4,10,12,B_cells,B_cells,Naive_B,0
CCGATCTGTAGCACGA-1,s1d3,1589,7.371489295214277,4409.0,8.39163,36.470855069176686,50.85053300068043,61.66931276933545,75.30052166024042,377.0,5.934894,8.550692,1327.0,7.191429,30.097527,26.0,3.295837,0.5897029,1589,0.011152416356877323,False,2,4,10,12,B_cells,B_cells,Naive_B,0
CCGCAAGAGCGGCTCT-1,s1d3,1097,7.001245622069476,2730.0,7.912423,36.446886446886445,50.62271062271062,62.67399267399267,78.13186813186813,173.0,5.159055,6.3369966,834.0,6.727432,30.549452,12.0,2.5649493,0.43956047,1096,0.010059324219757545,False,2,9,13,15,B_cells,B_cells,B_cell,1
CCGGACATCCGCTGTT-1,s1d3,1472,7.29505641646263,4358.0,8.379998,38.41211564938045,54.88756310234052,65.23634694814135,77.69619091326297,404.0,6.003887,9.270308,1457.0,7.284821,33.432766,18.0,2.944439,0.41303352,1471,0.039080459770114935,False,2,13,16,23,B_cells,B_cells,Naive_B,0
CCGGGTAGTAAGGTCG-1,s1d3,1213,7.101675971619444,2579.0,7.8555446,31.36874757658007,43.85420705699883,55.40907328421869,72.35362543621558,224.0,5.4161005,8.685536,496.0,6.20859,19.232262,7.0,2.0794415,0.271423,1213,0.008695652173913044,False,2,9,13,15,B_cells,B_cells,B_cell,1
CCGGGTAGTTTCTATC-1,s1d3,1850,7.523481312573497,6745.0,8.816705,42.12008895478132,58.75463306152706,68.70274277242402,79.00667160859896,639.0,6.461468,9.473684,2534.0,7.837949,37.56857,17.0,2.8903718,0.25203854,1849,0.013972055888223553,False,2,4,10,12,B_cells,B_cells,Naive_B,0
CCGGTAGCAGCTCTGG-1,s1d3,1422,7.260522598089852,4526.0,8.417815,42.045956694653114,57.313300927971724,67.83031374281927,79.62881131241714,418.0,6.037871,9.235528,1627.0,7.3951077,35.947857,11.0,2.4849067,0.24304022,1422,0.009027081243731193,False,2,4,10,16,B_cells,B_cells,Naive_B,0
CCGTAGGAGAGTGTTA-1,s1d3,1794,7.492760300922379,5054.0,8.528133,32.21210922041947,45.98337950138504,57.6770874554808,72.37831420656904,227.0,5.4293456,4.491492,1455.0,7.283448,28.78908,29.0,3.4011974,0.57380295,1793,0.008050744083922909,False,2,9,13,15,B_cells,B_cells,B_cell,1
CCGTTCAAGGATAATC-1,s1d3,1552,7.347943823148687,4989.0,8.515191,39.72740028061736,56.32391260773703,66.80697534576068,78.91360994187212,305.0,5.723585,6.1134496,1893.0,7.5464463,37.943478,21.0,3.0910425,0.42092603,1549,0.009364717792963807,False,2,13,16,23,B_cells,B_cells,Naive_B,0
CCGTTCACAGCAATTC-1,s1d3,2263,7.724888439323074,6057.0,8.709135,30.130427604424632,42.199108469539375,52.36915964999175,66.15486214297506,255.0,5.5451775,4.210005,1427.0,7.26403,23.559519,32.0,3.4965076,0.52831435,2261,0.02358324533614925,False,2,9,13,15,B_cells,B_cells,B_cell,1
CCTAACCTCCGATCGG-1,s1d3,1684,7.429520842786462,6123.0,8.719971,44.09603135717786,59.95427078229626,69.4430834558223,80.4180957047199,609.0,6.413459,9.946105,2422.0,7.792762,39.555775,22.0,3.1354942,0.359301,1684,0.007736943907156673,False,2,4,10,16,B_cells,B_cells,Naive_B,0
CCTAAGACAGCGTATT-1,s1d3,1085,6.990256500493881,2865.0,7.9606724,36.404886561954626,52.32111692844678,65.16579406631763,79.58115183246073,165.0,5.1119876,5.7591624,958.0,6.865891,33.438046,11.0,2.4849067,0.38394415,1085,0.014409221902017292,False,2,9,13,15,B_cells,B_cells,B_cell,1
CCTACGTAGGGCAGAG-1,s1d3,1658,7.413970290190444,4344.0,8.376781,31.284530386740332,45.09668508287293,56.767955801104975,72.37569060773481,239.0,5.480639,5.5018415,1123.0,7.024649,25.85175,19.0,2.9957323,0.4373849,1656,0.021077283372365346,False,2,9,13,15,B_cells,B_cells,B_cell,1
CCTACGTTCTACGCAA-1,s1d3,2047,7.6246189861593985,5709.0,8.649974,29.97022245577159,42.10895077947101,53.86232264844981,68.59344894026975,311.0,5.7430034,5.447539,1334.0,7.1966867,23.366613,16.0,2.8332133,0.28025925,2047,0.014855811243810076,False,2,9,13,15,B_cells,B_cells,B_cell,1
CCTCAACCATTGAAGA-1,s1d3,2158,7.677400430514807,5538.0,8.619569,30.480317804261464,40.91729866377754,50.59588299024919,64.96930299747201,289.0,5.669881,5.2184906,1177.0,7.0715733,21.25316,28.0,3.3672957,0.5055977,2156,0.021077283372365346,False,2,9,13,15,B_cells,B_cells,B_cell,1
CCTCACAAGCTGAGTG-1,s1d3,1742,7.463363045520021,4341.0,8.37609,30.016125316747296,41.83367887583506,53.37479843354066,69.91476618290716,235.0,5.463832,5.413499,978.0,6.886532,22.529371,15.0,2.7725887,0.3455425,1741,0.009364717792963807,False,2,9,13,15,B_cells,B_cells,B_cell,1
CCTCACAGTACAAGTA-1,s1d3,576,6.3578422665081,1368.0,7.221836,57.96783625730995,65.2046783625731,72.51461988304094,94.44444444444444,470.0,6.154858,34.356724,52.0,3.9702919,3.8011696,18.0,2.944439,1.3157895,576,0.016255267910897053,False,2,4,2,2,B_cells,B_cells,Naive_B,0
CCTCAGTCAGCATCTA-1,s1d3,2137,7.6676260915849905,8381.0,9.033842,42.28612337429901,59.097959670683686,68.15415821501014,77.6041045221334,574.0,6.35437,6.848825,3454.0,8.147577,41.212265,39.0,3.6888795,0.46533826,2135,0.008050744083922909,False,2,4,10,12,B_cells,B_cells,Naive_B,0
CCTCATGAGGCCTTGC-1,s1d3,782,6.663132695990803,1641.0,7.4036703,41.3162705667276,52.772699573430835,64.53382084095064,82.81535648994516,179.0,5.192957,10.907983,404.0,6.003887,24.619135,5.0,1.7917595,0.30469227,782,0.12977099236641218,False,2,4,10,16,B_cells,B_cells,Naive_B,0
CCTCATGAGTCGGCCT-1,s1d3,1172,7.067319848653476,3091.0,8.036573,39.92235522484633,54.157230669686186,64.41281138790036,78.25946295697186,412.0,6.0234475,13.3290205,921.0,6.8265452,29.796183,16.0,2.8332133,0.5176318,1172,0.08157099697885198,False,2,4,10,16,B_cells,B_cells,Naive_B,0
CCTCATGCAACTGATC-1,s1d3,2313,7.746732907753622,8982.0,9.103089,40.93743041638833,56.12335782676464,66.21019817412603,76.68670674682699,566.0,6.340359,6.3014917,3312.0,8.10561,36.87375,41.0,3.7376697,0.4564685,2312,0.015778505507591547,False,2,13,16,23,B_cells,B_cells,Naive_B,0
CCTCCAAAGATAGTGT-1,s1d3,494,6.20455776256869,1261.0,7.140453,61.37985725614592,68.75495638382236,76.6851704996035,100.0,457.0,6.126869,36.241077,49.0,3.912023,3.885805,14.0,2.7080503,1.11023,493,0.03797468354430379,False,2,13,16,23,B_cells,B_cells,Naive_B,0
CCTCTAGGTTATCCAG-1,s1d3,1874,7.536363938404511,4657.0,8.4463415,30.77088254240928,42.280438050246936,52.97401760790208,68.21988404552287,197.0,5.288267,4.230191,1011.0,6.919684,21.709255,21.0,3.0910425,0.4509341,1873,0.01775147928994083,False,2,9,13,15,B_cells,B_cells,B_cell,1
CCTCTCCAGCTGACAG-1,s1d3,1566,7.356918242356021,4927.0,8.502688,41.8307286381165,56.058453419930984,65.84128272782627,78.3641160949868,504.0,6.2245584,10.229348,1629.0,7.396335,33.062714,17.0,2.8903718,0.34503755,1566,0.008370260955194485,False,2,4,10,16,B_cells,B_cells,Naive_B,0
CCTCTCCGTCTTGAGT-1,s1d3,750,6.621405651764134,1462.0,7.2882442,46.306429548563614,53.214774281805745,62.38030095759234,82.9001367989056,262.0,5.572154,17.920656,70.0,4.26268,4.787962,17.0,2.8903718,1.1627907,749,0.01991511589944499,False,2,4,2,2,B_cells,B_cells,Naive_B,0
CCTGCATAGGGAGGCA-1,s1d3,1878,7.538494999413465,7243.0,8.887929,43.21413778820931,58.80160154632058,68.60416954300705,79.20751069998619,515.0,6.2461066,7.1103134,2853.0,7.9564767,39.389755,27.0,3.3322046,0.3727737,1877,0.01991511589944499,False,2,13,16,33,B_cells,B_cells,Naive_B,0
CCTGCATGTGAATGAT-1,s1d3,1705,7.441906728051625,5161.0,8.549079,38.75217981011432,52.935477620616155,63.04979655105599,76.01240069753923,430.0,6.066108,8.331718,1542.0,7.341484,29.877932,25.0,3.2580965,0.48440224,1705,0.007125890736342043,False,2,4,10,16,B_cells,B_cells,Naive_B,0
CGACAGCCATCCGTGG-1,s1d3,1760,7.473637108496206,6573.0,8.790877,43.00928038947208,59.91176023124905,69.57249353415487,80.20690704396775,657.0,6.489205,9.995436,2455.0,7.806289,37.349762,27.0,3.3322046,0.4107713,1760,0.015778505507591547,False,2,4,10,12,B_cells,B_cells,Naive_B,0
CGAGGAAAGGTTAAAC-1,s1d3,1473,7.295735072749282,5302.0,8.576028,45.812900792153904,61.788004526593745,71.08638249717087,81.64843455299888,378.0,5.9375362,7.1293855,2288.0,7.7358704,43.153526,18.0,2.944439,0.33949453,1473,0.04522613065326634,False,2,13,16,33,B_cells,B_cells,Naive_B,0
CGAGGAAGTACGGTTT-1,s1d3,444,6.09807428216624,1179.0,7.07327,64.46140797285835,70.82273112807464,79.30449533502969,100.0,426.0,6.056784,36.132317,61.0,4.1271343,5.1738763,20.0,3.0445225,1.6963528,444,0.04022450888681011,False,2,4,2,2,B_cells,B_cells,Naive_B,0
CGAGGAAGTATAATGG-1,s1d3,1980,7.591357046698551,7720.0,8.951699,41.45077720207254,58.432642487046635,68.639896373057,78.57512953367876,682.0,6.526495,8.834197,3003.0,8.0077,38.898964,22.0,3.1354942,0.2849741,1978,0.01191765980498375,False,2,4,10,12,B_cells,B_cells,Naive_B,0
CGAGGAAGTTCTCGCT-1,s1d3,1368,7.221835825288449,4233.0,8.350903,39.80628395936688,57.40609496810772,67.75336640680368,79.49444838176234,332.0,5.8081427,7.8431377,1616.0,7.388328,38.176235,28.0,3.3672957,0.6614694,1368,0.011152416356877323,False,2,4,10,16,B_cells,B_cells,Naive_B,0
CGAGTGCGTAGTATAG-1,s1d3,1407,7.249925536717988,5074.0,8.532082,42.82617264485613,60.36657469452109,70.81198265668111,82.12455656286953,484.0,6.184149,9.538826,2036.0,7.6192336,40.126133,21.0,3.0910425,0.4138747,1407,0.013972055888223553,False,2,4,10,16,B_cells,B_cells,Naive_B,0
CGAGTGCGTGCGACAA-1,s1d3,1433,7.2682230211595655,4837.0,8.484257,41.59603059747777,58.98284060367997,69.50589208186892,80.71118461856523,419.0,6.0402546,8.662394,1936.0,7.568896,40.024807,15.0,2.7725887,0.3101096,1433,0.01191765980498375,False,2,13,16,23,B_cells,B_cells,Naive_B,0
CGAGTTAAGCTGGAGT-1,s1d3,1400,7.244941546337007,4634.0,8.441392,41.3034095813552,58.65343116098403,69.61588260681916,80.5783340526543,308.0,5.733341,6.646526,1964.0,7.5832477,42.382393,26.0,3.295837,0.5610703,1400,0.011152416356877323,False,2,13,16,23,B_cells,B_cells,Naive_B,0
CGAGTTATCAAGAAAC-1,s1d3,1295,7.16703787691222,2889.0,7.969012,47.00588438906196,52.232606438213914,59.293873312564905,72.48182762201453,807.0,6.694562,27.93354,165.0,5.1119876,5.711319,16.0,2.8332133,0.55382484,1295,0.08800000000000001,False,2,4,2,2,B_cells,B_cells,Naive_B,0
CGATGGCCAGAGTGAC-1,s1d3,1630,7.396948602621014,5179.0,8.552561,39.89187101757096,56.38154083799961,66.1517667503379,78.18111604556864,452.0,6.115892,8.727553,1891.0,7.5453897,36.51284,19.0,2.9957323,0.3668662,1630,0.005688282138794085,False,2,13,16,23,B_cells,B_cells,Naive_B,0
CGCAGGTGTTCTTCAT-1,s1d3,2620,7.8713112033234065,10327.0,9.242614,37.41648106904232,53.51989929311514,64.17158903844292,74.81359542945675,856.0,6.753438,8.288951,3494.0,8.159089,33.83364,30.0,3.4339871,0.29050064,2619,0.00970873786407767,False,2,13,16,23,B_cells,B_cells,Naive_B,0
CGCATAACATGGCACC-1,s1d3,1856,7.526717561352706,4803.0,8.477204,33.29169269206746,44.24318134499271,54.57006037892983,69.53987091401208,317.0,5.7620516,6.600042,1020.0,6.928538,21.236727,27.0,3.3322046,0.56214863,1853,0.013544018058690746,False,2,9,13,15,B_cells,B_cells,B_cell,1
CGCATAATCGGCACTG-1,s1d3,1706,7.442492722794441,5769.0,8.660427,42.52036748136592,58.22499566649333,67.42936384122031,78.66181313919223,558.0,6.3261495,9.672387,2144.0,7.6708946,37.164154,19.0,2.9957323,0.3293465,1705,0.00970873786407767,False,2,4,10,12,B_cells,B_cells,Naive_B,0
CGCATGGGTTGGGCCT-1,s1d3,1891,7.545389749611823,8349.0,9.030017,57.81530722242185,65.3730985746796,72.35597077494312,81.66247454785004,3371.0,8.123261,40.376095,1185.0,7.0783415,14.193317,22.0,3.1354942,0.26350462,1890,0.3027522935779817,False,2,4,10,12,B_cells,B_cells,Naive_B,0
CGCCAGACAGAAACCG-1,s1d3,2271,7.7284157798410416,9320.0,9.140025,43.13304721030043,59.54935622317596,68.77682403433477,78.15450643776825,627.0,6.44254,6.7274675,3861.0,8.258941,41.42704,9.0,2.3025851,0.09656652,2271,0.3701657458563538,False,2,9,13,15,B_cells,B_cells,B_cell,1
CGCCATTCAGTTGCGC-1,s1d3,937,6.843749949006225,2518.0,7.8316174,53.01826846703733,60.444797458300236,68.90389197776013,82.64495631453535,724.0,6.5861716,28.75298,305.0,5.723585,12.112788,7.0,2.0794415,0.27799842,937,0.031161473087818706,False,2,13,16,23,B_cells,B_cells,Naive_B,0
CGCGTGACAGAGCGTA-1,s1d3,1348,7.207118856207756,3191.0,8.068403,34.377937950485745,46.7251645252272,58.194923221560636,73.42525853964274,176.0,5.17615,5.5155125,717.0,6.5764694,22.469444,13.0,2.6390574,0.40739578,1347,0.08800000000000001,False,2,9,13,15,B_cells,B_cells,B_cell,1
CGGAACCCACGCAAAG-1,s1d3,930,6.836259277277067,2055.0,7.6285176,47.49391727493917,54.01459854014598,63.74695863746959,79.07542579075427,507.0,6.2304816,24.671532,101.0,4.624973,4.9148417,20.0,3.0445225,0.973236,930,0.0731707317073171,False,2,13,16,23,B_cells,B_cells,Naive_B,0
CGGAATTAGCTATCTG-1,s1d3,1031,6.939253946041508,2687.0,7.8965526,53.92631187197618,60.141421659843694,67.9568291775214,80.2381838481578,806.0,6.6933236,29.996279,126.0,4.8441873,4.6892447,13.0,2.6390574,0.48381096,1030,0.08469308469308467,False,2,4,2,2,B_cells,B_cells,Naive_B,0
CGGAATTGTCGGCACT-1,s1d3,400,5.993961427306569,1282.0,7.156956,71.68486739469579,76.5990639625585,84.399375975039,100.0,644.0,6.46925,50.23401,54.0,4.0073333,4.2121687,15.0,2.7725887,1.1700468,400,0.1128404669260701,False,2,4,2,2,B_cells,B_cells,Naive_B,0
CGGACACCAACCTAAC-1,s1d3,1701,7.43955930913332,4785.0,8.473451,32.70637408568443,46.72936259143155,58.808777429467085,73.5841170323929,169.0,5.1357985,3.5318704,1301.0,7.1716566,27.189133,19.0,2.9957323,0.39707416,1701,0.008695652173913044,False,2,9,13,15,B_cells,B_cells,B_cell,1
CGGACACGTAGCGAGT-1,s1d3,1746,7.465655310134056,4750.0,8.46611,33.66315789473685,46.90526315789474,58.04210526315789,72.65263157894736,198.0,5.293305,4.168421,1233.0,7.1180162,25.957893,27.0,3.3322046,0.56842107,1746,0.06172839506172841,False,2,9,13,15,B_cells,B_cells,B_cell,1
CGGAGAATCACCTTAT-1,s1d3,1383,7.232733136177615,3458.0,8.148735,34.26836321573163,48.00462695199537,59.42741469057259,74.46500867553499,194.0,5.273,5.610179,965.0,6.8731637,27.906305,20.0,3.0445225,0.578369,1383,0.05785123966942148,False,2,9,13,15,B_cells,B_cells,B_cell,0
CGGCAGTGTTGGAGAC-1,s1d3,1477,7.298445101508147,3695.0,8.215007,31.55615696887686,45.84573748308525,57.75372124492557,73.55886332882274,217.0,5.3844953,5.872801,932.0,6.838405,25.223276,37.0,3.637586,1.0013531,1476,0.027108433734939756,False,2,9,13,15,B_cells,B_cells,B_cell,1
CGGGACTAGCTAAATG-1,s1d3,1328,7.192182058713246,4748.0,8.46569,45.59814658803707,62.51053074978938,72.34625105307498,82.56107834877844,594.0,6.3885612,12.51053,1749.0,7.467371,36.836563,20.0,3.0445225,0.42123,1328,0.013972055888223553,False,2,13,16,23,B_cells,B_cells,Naive_B,0
CGGGACTAGGGTTTCT-1,s1d3,1629,7.396335293800808,5663.0,8.641886,41.69168285361116,58.590852904820764,68.25004414621225,79.93996115133322,478.0,6.1717005,8.440756,2249.0,7.7186856,39.713932,16.0,2.8332133,0.28253576,1627,0.012714206744057488,False,2,13,16,23,B_cells,B_cells,Naive_B,0
CGGGACTAGTCTGCAT-1,s1d3,1924,7.562681246721884,7585.0,8.93406,43.836519446275545,61.08108108108108,70.40210942649966,79.98681608437705,597.0,6.393591,7.8707976,3324.0,8.109225,43.823334,21.0,3.0910425,0.27686223,1923,0.013972055888223553,False,2,4,10,16,B_cells,B_cells,Naive_B,0
CGGGACTCAAACCATC-1,s1d3,1541,7.340835554123275,4610.0,8.4362,38.80694143167028,53.14533622559653,63.947939262472886,77.4186550976139,424.0,6.052089,9.197397,1448.0,7.278629,31.409979,22.0,3.1354942,0.47722343,1540,0.01191765980498375,False,2,4,10,12,B_cells,B_cells,Naive_B,0
CGGGCATAGTTTCGAC-1,s1d3,1203,7.093404625868766,3932.0,8.277158,42.828077314343844,59.68972533062055,70.70193285859614,82.12105798575789,343.0,5.8406415,8.723296,1574.0,7.3620105,40.030518,15.0,2.7725887,0.38148525,1203,0.010059324219757545,False,2,13,16,23,B_cells,B_cells,Naive_B,0
CGGGTCAAGCCGTAAG-1,s1d3,2212,7.70210434005105,8394.0,9.035392,40.07624493685966,55.38479866571361,65.68977841315225,76.30450321658327,317.0,5.7620516,3.7765071,3361.0,8.120292,40.040504,25.0,3.2580965,0.2978318,2212,0.47222222222222165,False,2,9,13,15,B_cells,B_cells,B_cell,1
CGGGTCACACTCCGAG-1,s1d3,1653,7.4109518755836366,4592.0,8.432289,34.930313588850176,47.86585365853659,58.64547038327527,73.60627177700349,241.0,5.488938,5.248258,1064.0,6.9707303,23.170732,36.0,3.6109178,0.78397214,1653,0.034868704261730527,False,2,9,13,15,B_cells,B_cells,B_cell,1
CGGGTCATCGGAGATG-1,s1d3,1411,7.252762418053187,4455.0,8.402007,41.25701459034792,57.59820426487094,68.19304152637487,79.55106621773288,531.0,6.2766433,11.919192,1585.0,7.3689704,35.578003,15.0,2.7725887,0.33670032,1411,0.008050744083922909,False,2,13,16,23,B_cells,B_cells,Naive_B,0
CGGGTGTCATCGGCCA-1,s1d3,633,6.452048954437226,1611.0,7.385231,58.03848541278709,65.17690875232775,73.12228429546866,91.74425822470515,439.0,6.086775,27.250156,92.0,4.5325994,5.7107387,24.0,3.218876,1.4897579,633,0.019354838709677417,False,2,13,16,23,B_cells,B_cells,Naive_B,0
CGGGTGTTCTGTCGCT-1,s1d3,1167,7.0630481633881725,4682.0,8.4516945,45.62152926099957,64.41691584792824,75.26697992310977,85.75395130286202,443.0,6.0958247,9.461769,2186.0,7.690286,46.68945,21.0,3.0910425,0.44852626,1167,0.008050744083922909,False,2,13,16,23,B_cells,B_cells,Naive_B,0
CGGTCAGTCGAGAGAC-1,s1d3,1591,7.3727463664043285,4197.0,8.342363,33.71455801763164,45.81844174410293,57.04074338813439,73.05218012866334,239.0,5.480639,5.6945434,934.0,6.8405466,22.253992,10.0,2.3978953,0.23826542,1590,0.031161473087818706,False,2,9,13,15,B_cells,B_cells,B_cell,1
CGTAAGTAGGTTCTAC-1,s1d3,653,6.483107351457199,1219.0,7.106606,43.970467596390485,52.33798195242002,62.83839212469237,87.44872846595571,227.0,5.4293456,18.621822,85.0,4.454347,6.9729285,25.0,3.2580965,2.0508614,653,0.04659498207885305,False,2,9,13,15,B_cells,B_cells,B_cell,1
CGTAATGAGCCAGACA-1,s1d3,676,6.517671272912275,1244.0,7.1268907,43.64951768488746,51.68810289389067,61.7363344051447,85.85209003215434,193.0,5.267858,15.514469,48.0,3.8918204,3.8585207,21.0,3.0910425,1.6881028,675,0.03690529124055136,False,2,9,13,15,B_cells,B_cells,B_cell,1
CGTAATGAGCTGACAG-1,s1d3,1299,7.170119543449628,4435.0,8.397509,42.84103720405862,60.338218714768885,70.68771138669673,81.98421645997746,290.0,5.673323,6.5388956,1839.0,7.517521,41.465614,14.0,2.7080503,0.31567082,1299,0.00970873786407767,False,2,13,16,23,B_cells,B_cells,Naive_B,0
CGTAATGCAGATTTCG-1,s1d3,1520,7.327123292259293,3747.0,8.228977,33.680277555377636,45.9033893781692,56.818788364024556,72.77822257806244,210.0,5.351858,5.6044836,978.0,6.886532,26.10088,18.0,2.944439,0.4803843,1520,0.008695652173913044,False,2,9,13,15,B_cells,B_cells,B_cell,1
CGTAATGTCCTCAGAA-1,s1d3,1585,7.368970402194793,6247.0,8.740017,44.19721466303826,62.429966383864254,72.48279174003521,82.6316631983352,459.0,6.1312265,7.347527,2627.0,7.8739786,42.052185,15.0,2.7725887,0.24011526,1584,0.010416666666666666,False,2,4,10,16,B_cells,B_cells,Naive_B,0
CGTAGTACATCCTTCG-1,s1d3,1506,7.317876198626496,5724.0,8.652597,43.62334032145353,61.94968553459119,72.32704402515722,82.42487770789657,472.0,6.1590953,8.245981,2425.0,7.793999,42.36548,11.0,2.4849067,0.1921733,1506,0.005688282138794085,False,2,13,16,23,B_cells,B_cells,Naive_B,0
CGTAGTATCATTCATC-1,s1d3,431,6.068425588244111,716.0,6.5750756,43.435754189944134,53.770949720670394,67.73743016759776,100.0,163.0,5.0998664,22.765364,38.0,3.6635616,5.3072624,11.0,2.4849067,1.5363129,431,0.011531241619737198,False,2,9,13,15,B_cells,B_cells,B_cell,1
CGTGAATCAACGGTAG-1,s1d3,1341,7.201916317531627,4529.0,8.418477,42.54802384632369,60.3223669684257,71.00905277103114,81.43077942150585,372.0,5.9215784,8.213734,1832.0,7.513709,40.45043,21.0,3.0910425,0.4636785,1338,0.008050744083922909,False,2,13,16,23,B_cells,B_cells,Naive_B,0
CGTGCTTGTTCGTGCG-1,s1d3,1756,7.471363088187097,4344.0,8.376781,31.537753222836095,43.11694290976059,54.05156537753223,69.68232044198895,229.0,5.4380794,5.271639,959.0,6.8669333,22.076427,27.0,3.3322046,0.6215469,1755,0.010059324219757545,False,2,9,13,15,B_cells,B_cells,B_cell,1
CGTGCTTTCGTAGTGT-1,s1d3,1303,7.1731917424865985,3874.0,8.2623005,39.313371192565825,54.620547237996895,66.15900877645844,79.27207021166753,358.0,5.8833222,9.241095,1212.0,7.100852,31.285492,16.0,2.8332133,0.4130098,1303,0.025641025641025644,False,2,4,13,15,B_cells,B_cells,Naive_B,0
CGTGTCTTCCGAAGGA-1,s1d3,897,6.8001700683022,1976.0,7.589336,47.874493927125506,54.95951417004049,64.72672064777328,79.9089068825911,597.0,6.393591,30.212551,210.0,5.351858,10.62753,11.0,2.4849067,0.55668014,897,0.033898305084745756,False,2,13,16,23,B_cells,B_cells,Naive_B,0
CGTTAGAAGTGCTACT-1,s1d3,1536,7.337587743538596,3694.0,8.214736,32.48511099079588,44.85652409312399,55.766107200866266,71.95452084461289,213.0,5.365976,5.766107,864.0,6.7627296,23.38928,27.0,3.3322046,0.730915,1536,0.029469548133595286,False,2,9,13,15,B_cells,B_cells,B_cell,1
CGTTAGACAAGCAGGT-1,s1d3,1483,7.302496423727326,3653.0,8.203578,33.83520394196551,47.27621133315083,58.19874076101834,73.0906104571585,198.0,5.293305,5.4202023,910.0,6.814543,24.911032,43.0,3.7841897,1.1771147,1481,0.09150865622423743,False,2,9,13,15,B_cells,B_cells,B_cell,1
CGTTAGACATCAGTCA-1,s1d3,1104,7.007600613951853,2080.0,7.640604,33.894230769230774,42.16346153846154,52.59615384615385,70.96153846153847,172.0,5.1532917,8.269231,181.0,5.2040067,8.701922,19.0,2.9957323,0.91346157,1104,0.1128404669260701,False,2,9,13,15,B_cells,B_cells,B_cell,1
CGTTAGATCAACGAGG-1,s1d3,409,6.016157159698354,1082.0,6.98749,65.80406654343808,71.44177449168208,80.68391866913124,100.0,435.0,6.0776424,40.203327,35.0,3.583519,3.2347505,16.0,2.8332133,1.4787431,409,0.21917808219178075,False,2,4,2,2,B_cells,B_cells,Naive_B,0
CGTTGGGCAGGCACAA-1,s1d3,714,6.5722825426940075,2185.0,7.689829,64.39359267734554,69.61098398169337,76.47597254004577,90.20594965675058,918.0,6.823286,42.01373,68.0,4.2341065,3.1121283,17.0,2.8903718,0.77803206,714,0.08800000000000001,False,2,4,2,2,B_cells,B_cells,Naive_B,0
CTAACCCTCGTCCTTG-1,s1d3,1452,7.2813856635702825,4960.0,8.509362,42.41935483870968,58.608870967741936,69.4758064516129,80.80645161290323,405.0,6.0063534,8.165322,1774.0,7.481556,35.76613,18.0,2.944439,0.36290324,1452,0.009364717792963807,False,2,13,16,23,B_cells,B_cells,Naive_B,0
CTAAGTGCAGAACTCT-1,s1d3,646,6.472346294500901,1637.0,7.4012313,58.827122785583384,64.99694563225412,72.7550397067807,91.08124618204032,495.0,6.206576,30.238241,61.0,4.1271343,3.7263286,23.0,3.1780539,1.4050092,644,0.006535947712418303,False,2,13,16,23,B_cells,B_cells,Naive_B,0
CTAAGTGTCTTCCAGC-1,s1d3,361,5.8916442118257715,783.0,6.664409,60.15325670498084,66.66666666666666,79.43805874840358,100.0,323.0,5.7807436,41.2516,43.0,3.7841897,5.4916987,14.0,2.7080503,1.7879949,361,0.027873234058801075,False,2,9,13,15,B_cells,B_cells,B_cell,0
CTACCTGAGGAAAGAC-1,s1d3,451,6.113682179832232,994.0,6.902743,58.65191146881288,64.6881287726358,74.74849094567404,100.0,360.0,5.888878,36.217304,29.0,3.4011974,2.917505,11.0,2.4849067,1.1066399,451,0.011152416356877323,False,2,4,2,2,B_cells,B_cells,Naive_B,0
CTAGACATCCCTCGAT-1,s1d3,2088,7.644440761556566,5464.0,8.606119,31.625183016105417,42.258418740849194,52.5805270863836,67.16691068814056,285.0,5.655992,5.215959,1006.0,6.914731,18.41142,38.0,3.6635616,0.6954612,2085,0.04263565891472869,False,2,9,13,15,B_cells,B_cells,B_cell,1
CTAGGTAAGCGTGCTC-1,s1d3,1002,6.910750787961936,3761.0,8.232706,48.07232119117256,66.65780377559159,76.30949215634139,86.65248604094656,400.0,5.9939613,10.635469,1731.0,7.457032,46.024994,9.0,2.3025851,0.23929805,1002,0.024936754607878576,False,2,13,16,33,B_cells,B_cells,Naive_B,0
CTAGGTAAGTAAGAGG-1,s1d3,2024,7.613324979540639,8839.0,9.087042,42.36904627220274,60.65165742731078,70.64147528000905,80.06561828261115,626.0,6.4409466,7.082249,3827.0,8.250098,43.296753,19.0,2.9957323,0.21495645,2023,0.01775147928994083,False,2,13,16,33,B_cells,B_cells,Naive_B,0
CTATAGGGTGAGGCAT-1,s1d3,1096,7.00033446027523,3776.0,8.236686,44.20021186440678,63.16207627118644,73.35805084745762,84.21610169491525,360.0,5.888878,9.533898,1660.0,7.415175,43.961864,8.0,2.1972246,0.21186441,1096,0.007736943907156673,False,2,13,16,23,B_cells,B_cells,Naive_B,0
CTATCCGCAAGAAATC-1,s1d3,1456,7.284134806195205,6551.0,8.787525,48.71012059227599,66.40207601892841,76.0341932529385,85.40680812089757,476.0,6.1675167,7.266066,3033.0,8.017637,46.298275,20.0,3.0445225,0.3052969,1455,0.01191765980498375,False,2,4,10,16,B_cells,B_cells,Naive_B,0
CTCAAGACAAGTGCAG-1,s1d3,1508,7.319202458767849,5989.0,8.697846,44.9323760227083,63.13240941726499,73.2175655368175,83.16914342962097,408.0,6.0137153,6.81249,2810.0,7.9412956,46.919353,9.0,2.3025851,0.15027551,1508,0.01191765980498375,False,2,13,16,23,B_cells,B_cells,Naive_B,0
CTCAAGAGTCAAGCGA-1,s1d3,1440,7.273092595999522,4868.0,8.4906435,41.29005751848809,58.504519309778146,68.98110106820049,80.69022185702546,413.0,6.025866,8.483977,1879.0,7.539027,38.599014,32.0,3.4965076,0.6573542,1440,0.01827347195967234,False,2,4,10,12,B_cells,B_cells,Naive_B,0
CTCAATTCAGGAGACT-1,s1d3,2249,7.718685495198466,8249.0,9.017968,40.05333979876349,55.81282579706631,65.37762152988242,75.68190083646502,736.0,6.6025877,8.922294,2896.0,7.971431,35.107285,23.0,3.1780539,0.27882168,2247,0.01827347195967234,False,2,13,16,23,B_cells,B_cells,Naive_B,0
CTCAATTGTCTGCATA-1,s1d3,1754,7.470224135899966,5402.0,8.594709,39.152165864494634,54.220659015179564,63.84672343576453,76.13846723435765,352.0,5.866468,6.5161047,1830.0,7.5126176,33.876343,28.0,3.3672957,0.5183266,1754,0.005688282138794085,False,2,13,16,23,B_cells,B_cells,Naive_B,0
CTCACTGTCTTGGCTC-1,s1d3,1862,7.529943370601589,6131.0,8.721276,41.93443157723047,56.483444788778336,65.63366498124287,76.80639373674768,427.0,6.059123,6.9646063,2186.0,7.690286,35.65487,22.0,3.1354942,0.35883215,1860,0.0706521739130435,False,2,13,16,33,B_cells,B_cells,Naive_B,0
CTCAGAAAGGGTTAAT-1,s1d3,1456,7.284134806195205,4305.0,8.367764,38.86178861788618,55.145180023228804,66.01626016260163,77.79326364692218,433.0,6.073045,10.058072,1392.0,7.239215,32.334496,22.0,3.1354942,0.5110337,1456,0.010416666666666666,False,2,4,10,16,B_cells,B_cells,Naive_B,0
CTCATCGGTAGGCTGA-1,s1d3,3015,8.011686729127847,10974.0,9.303375,43.81264807727356,54.50154911609258,62.35647895024604,71.86987424822307,2339.0,7.7579064,21.314014,2687.0,7.8965526,24.485147,30.0,3.4339871,0.27337343,3011,0.21917808219178075,False,2,13,16,12,B_cells,B_cells,Naive_B,0
CTCCAACAGAAAGCGA-1,s1d3,1679,7.426549072397305,5600.0,8.6307,41.07142857142857,57.410714285714285,68.0,78.94642857142857,441.0,6.09131,7.875,2156.0,7.6764736,38.5,16.0,2.8332133,0.28571427,1679,0.009027081243731193,False,2,13,16,23,B_cells,B_cells,Naive_B,0
CTCCAACAGTCCCTAA-1,s1d3,1914,7.557472901614746,4597.0,8.433376,30.280617794213615,40.02610398085708,50.55470959321296,66.4781379160322,231.0,5.4467373,5.0250163,853.0,6.7499313,18.55558,36.0,3.6109178,0.78311944,1914,0.010059324219757545,False,2,9,13,15,B_cells,B_cells,B_cell,1
CTCCACATCCAGTGCG-1,s1d3,1640,7.403061091090091,6179.0,8.729074,43.82586178993365,60.93218967470464,70.93380805955655,81.55041268813724,521.0,6.2576675,8.431785,2460.0,7.808323,39.812267,18.0,2.944439,0.29130927,1640,0.011531241619737198,False,2,13,16,23,B_cells,B_cells,Naive_B,0
CTCCATGAGCAGTCTT-1,s1d3,586,6.375024819828097,1639.0,7.4024515,64.18547895057962,70.28676021964613,76.4490543014033,94.7528981086028,715.0,6.5736804,43.62416,38.0,3.6635616,2.318487,12.0,2.5649493,0.7321538,585,0.04949441192123471,False,2,4,2,2,B_cells,B_cells,Naive_B,0
CTCCCAAAGGAGACCT-1,s1d3,566,6.340359303727752,1403.0,7.247081,59.94297933000713,66.78545972915182,73.91304347826086,95.29579472558802,488.0,6.1923623,34.782608,42.0,3.7612002,2.993585,15.0,2.7725887,1.0691376,565,0.01827347195967234,False,2,4,2,2,B_cells,B_cells,Naive_B,0
CTCCCTCGTAAGATTG-1,s1d3,2029,7.615791072035833,8236.0,9.016392,44.791160757649344,59.84701311316173,68.98980087421079,79.12821758135017,890.0,6.7923446,10.806216,3040.0,8.019941,36.91112,24.0,3.218876,0.2914036,2029,0.05974652987326495,False,2,13,16,33,B_cells,B_cells,Naive_B,0
CTCCGATCAAGCAGGT-1,s1d3,1332,7.195187320178709,3910.0,8.271548,39.07928388746803,56.18925831202046,66.95652173913044,78.72122762148338,259.0,5.560682,6.6240406,1439.0,7.2723985,36.80307,22.0,3.1354942,0.56265986,1332,0.010416666666666666,False,2,13,16,23,B_cells,B_cells,Naive_B,0
CTCCTCCGTCAACGCC-1,s1d3,2531,7.836764783264067,7397.0,8.908965,32.62133297282682,43.950250101392456,53.80559686359335,66.82438826551305,324.0,5.7838254,4.380154,1731.0,7.457032,23.401379,31.0,3.465736,0.41908884,2529,0.12977099236641218,False,2,13,16,33,B_cells,B_cells,Naive_B,0
CTCCTTTTCCACGTGG-1,s1d3,2009,7.605890001053122,5153.0,8.547528,27.925480302736272,38.75412381137202,50.37842033766737,66.42732388899671,205.0,5.327876,3.978265,1065.0,6.9716687,20.667572,26.0,3.295837,0.5045605,2008,0.006828349423122205,False,2,9,13,15,B_cells,B_cells,B_cell,1
CTCGAGGGTAGCGCCT-1,s1d3,529,6.272877006546167,1179.0,7.07327,56.573367260390164,63.61323155216285,72.0949957591179,97.54028837998302,453.0,6.1180973,38.42239,61.0,4.1271343,5.1738763,13.0,2.6390574,1.1026293,529,0.027108433734939756,False,2,4,2,2,B_cells,B_cells,Naive_B,0
CTCTCAGAGGTATTGA-1,s1d3,1593,7.374001859350161,5168.0,8.550434,42.91795665634675,57.77863777089783,66.75696594427245,78.85061919504643,573.0,6.352629,11.087461,1745.0,7.4650826,33.76548,20.0,3.0445225,0.3869969,1592,0.019354838709677417,False,2,13,16,23,B_cells,B_cells,Naive_B,0
CTCTCAGCATGGTACT-1,s1d3,2215,7.703459047867175,6732.0,8.814776,32.39750445632799,46.53891859774213,57.63517528223411,70.82590612002376,228.0,5.433722,3.3868093,2151.0,7.674153,31.951872,14.0,2.7080503,0.20796198,2214,0.010780962398106761,False,2,9,13,15,B_cells,B_cells,B_cell,1
CTCTCAGGTAGCTTTG-1,s1d3,1447,7.277938572945661,4972.0,8.511779,42.799678197908285,59.85518905872888,69.46902654867256,80.95333869670152,397.0,5.986452,7.984714,2001.0,7.601902,40.245377,25.0,3.2580965,0.5028157,1447,0.007428708363287803,False,2,13,16,23,B_cells,B_cells,Naive_B,0
CTCTCGAAGGAATCGC-1,s1d3,1550,7.346655163176539,3784.0,8.238801,34.43446088794926,46.723044397463006,57.108879492600416,72.25158562367865,245.0,5.5053315,6.47463,965.0,6.8731637,25.502115,31.0,3.465736,0.8192389,1549,0.01312482546774644,False,2,9,13,15,B_cells,B_cells,B_cell,1
CTCTCGACAGAACTAA-1,s1d3,2931,7.983440063006542,12141.0,9.404426,40.58150070010708,56.14858743101886,65.54649534634709,74.9526398155012,754.0,6.6267176,6.2103615,4591.0,8.432071,37.81402,34.0,3.5553482,0.28004283,2931,0.2549019607843137,False,2,4,10,16,B_cells,B_cells,Naive_B,0
CTCTGGTCATTCTCTA-1,s1d3,1826,7.510430556378006,5236.0,8.563504,36.00076394194041,49.73262032085562,60.08403361344538,73.18563789152024,354.0,5.872118,6.760886,1458.0,7.2855067,27.845684,27.0,3.3322046,0.5156608,1826,0.06172839506172841,False,2,9,13,15,B_cells,B_cells,B_cell,1
CTCTGGTGTGGGTCAA-1,s1d3,1556,7.350516171833998,5007.0,8.518792,42.680247653285406,57.81905332534451,67.84501697623327,78.90952666267226,275.0,5.620401,5.4923105,1898.0,7.5490828,37.90693,19.0,2.9957323,0.37946874,1556,0.04659498207885305,False,2,13,16,33,B_cells,B_cells,Naive_B,0
CTGAGCGCACCTGCAG-1,s1d3,1394,7.240649694255466,5492.0,8.61123,44.91988346686089,62.81864530225783,73.47050254916242,83.72177713037145,456.0,6.1246834,8.302986,2275.0,7.730175,41.42389,22.0,3.1354942,0.40058264,1394,0.007125890736342043,False,2,13,16,23,B_cells,B_cells,Naive_B,0
CTGAGCGGTATGCGGA-1,s1d3,1683,7.428927194802272,7060.0,8.862342,45.29745042492918,62.98866855524079,73.24362606232295,83.11614730878188,433.0,6.073045,6.1331444,3228.0,8.079927,45.72238,15.0,2.7725887,0.2124646,1680,0.107981220657277,False,2,13,16,33,B_cells,B_cells,Naive_B,0
CTGATCCGTTCATCTT-1,s1d3,1779,7.484368643286131,7234.0,8.886685,44.608791816422446,60.96212330660769,70.91512303013548,81.00635886093448,483.0,6.182085,6.676804,2993.0,8.004366,41.374065,20.0,3.0445225,0.2764722,1778,0.014855811243810076,False,2,4,10,16,B_cells,B_cells,Naive_B,0
CTGCAGGAGAGCAAGA-1,s1d3,1526,7.3310603052186325,3945.0,8.2804575,32.59822560202789,45.90621039290241,57.43979721166033,73.99239543726236,150.0,5.0172796,3.8022811,1062.0,6.9688506,26.92015,18.0,2.944439,0.45627373,1524,0.011531241619737198,False,2,9,13,15,B_cells,B_cells,B_cell,1
CTGCAGGGTGTCGCTG-1,s1d3,2758,7.922623574217286,9754.0,9.185535,36.7849087553824,52.36825917572278,62.00533114619643,71.98072585605905,683.0,6.527958,7.0022554,3483.0,8.155936,35.708427,17.0,2.8903718,0.17428747,2758,0.47222222222222165,False,2,9,13,15,B_cells,B_cells,B_cell,1
CTGCCATAGGTTCTTG-1,s1d3,1486,7.304515946460155,4341.0,8.37609,39.27666436304999,54.01981110343239,64.43215848882747,77.28633955309836,172.0,5.1532917,3.9622207,1574.0,7.3620105,36.258926,23.0,3.1780539,0.5298318,1486,0.009364717792963807,False,2,13,16,23,B_cells,B_cells,Naive_B,0
CTGCGAGAGTGTTCCA-1,s1d3,1200,7.0909098220799835,4165.0,8.334712,41.752701080432175,60.55222088835534,71.74069627851141,83.19327731092437,339.0,5.8289456,8.139256,1746.0,7.4656553,41.92077,13.0,2.6390574,0.31212485,1200,0.015778505507591547,False,2,13,16,23,B_cells,B_cells,Naive_B,0
CTGCGAGCAGAACCGA-1,s1d3,2370,7.771067086065406,7519.0,8.925322,30.442878042292858,44.28780422928581,55.84519217981114,69.80981513499135,487.0,6.1903152,6.4769254,2096.0,7.648263,27.876047,28.0,3.3672957,0.37238994,2368,0.02358324533614925,False,2,9,13,15,B_cells,B_cells,B_cell,1
CTGCTCACAAGCCCAC-1,s1d3,1790,7.490529402060711,6623.0,8.798454,42.88086969651215,59.217877094972074,68.76038049222407,79.4805979163521,449.0,6.1092477,6.7794056,2787.0,7.9330797,42.080627,24.0,3.218876,0.36237353,1790,0.007125890736342043,False,2,13,16,23,B_cells,B_cells,Naive_B,0
CTGCTCATCGTTGCCT-1,s1d3,1765,7.476472381163905,5528.0,8.617763,38.404486251808976,53.97973950795948,64.05571635311144,76.44717800289436,362.0,5.894403,6.5484805,1964.0,7.5832477,35.528217,20.0,3.0445225,0.3617945,1765,0.009364717792963807,False,2,4,10,12,B_cells,B_cells,Naive_B,0
CTGGACGTCTTGGATG-1,s1d3,1331,7.194436851100335,3788.0,8.239858,38.885955649419216,53.74868004223865,65.31151003167899,78.0623020063358,257.0,5.5529594,6.784583,1297.0,7.16858,34.239704,14.0,2.7080503,0.36958817,1330,0.016255267910897053,False,2,13,16,23,B_cells,B_cells,Naive_B,0
CTGGCAGTCGTTCAGA-1,s1d3,1554,7.349230824613334,5339.0,8.582981,44.07192358119498,60.048698258100764,69.58231878628956,80.25847536991945,532.0,6.2785215,9.964413,2032.0,7.6172676,38.059563,16.0,2.8332133,0.29968157,1552,0.05603697284806469,False,2,4,10,16,B_cells,B_cells,Naive_B,0
CTGGTCTGTAACATCC-1,s1d3,3391,8.129174996911793,15604.0,9.655347,41.98923352986414,57.58779800051269,65.77159702640348,74.45526788003076,842.0,6.736967,5.3960524,6190.0,8.730852,39.669315,33.0,3.5263605,0.21148424,3388,0.33333333333333315,False,2,9,13,15,B_cells,B_cells,B_cell,1
CTGTATTCAAATGCTC-1,s1d3,1923,7.562161631225652,6519.0,8.78263,39.51526307715908,54.870378892468175,64.77987421383648,76.23868691517104,509.0,6.234411,7.807946,2299.0,7.7406645,35.266148,31.0,3.465736,0.47553307,1923,0.012311901504787963,False,2,13,16,23,B_cells,B_cells,Naive_B,0
CTGTCGTAGGCTAAAT-1,s1d3,1282,7.1569563646156364,4905.0,8.498215,45.769622833843016,64.01630988786951,74.39347604485219,84.05708460754332,598.0,6.395262,12.191641,1953.0,7.577634,39.816513,18.0,2.944439,0.36697248,1282,0.010059324219757545,False,2,13,16,23,B_cells,B_cells,Naive_B,0
CTTACCGGTTGTCCCT-1,s1d3,1677,7.425357887027151,4557.0,8.42464,42.966864165020844,52.2492868114988,61.26837831906956,74.17160412552117,862.0,6.7604146,18.915953,728.0,6.591674,15.975423,21.0,3.0910425,0.4608295,1677,0.09920983318700616,False,2,4,2,2,B_cells,B_cells,Naive_B,0
CTTACCGTCTTACCGC-1,s1d3,1939,7.570443252057374,6390.0,8.762646,38.74804381846636,54.178403755868544,64.1001564945227,75.38341158059468,498.0,6.212606,7.7934275,2159.0,7.6778636,33.787167,23.0,3.1780539,0.3599374,1939,0.01724137931034483,False,2,13,16,23,B_cells,B_cells,Naive_B,0
CTTCCGAAGTACTGGG-1,s1d3,1666,7.418780882750794,5069.0,8.531096,37.62083251134346,54.15269283882422,64.27303215624384,76.99743539159599,421.0,6.0450053,8.305386,1709.0,7.4442487,33.714737,23.0,3.1780539,0.4537384,1666,0.008370260955194485,False,2,4,10,12,B_cells,B_cells,Naive_B,0
CTTCCGAGTTGTTGTG-1,s1d3,355,5.87493073085203,860.0,6.7580943,64.4186046511628,70.34883720930233,81.97674418604652,100.0,364.0,5.8998976,42.32558,18.0,2.944439,2.0930233,12.0,2.5649493,1.3953488,355,0.1128404669260701,False,2,4,2,2,B_cells,B_cells,Naive_B,0
CTTCCGATCAGCAGAG-1,s1d3,1322,7.187657164114956,4563.0,8.425955,45.058075827306595,61.42888450580758,71.55380232303308,81.98553583168969,555.0,6.3207684,12.163051,1688.0,7.431892,36.993206,27.0,3.3322046,0.591716,1321,0.018807778131973225,False,2,4,10,12,B_cells,B_cells,Naive_B,0
CTTCCGATCTTTCCAA-1,s1d3,775,6.654152520183219,1975.0,7.58883,58.63291139240506,63.89873417721519,70.88607594936708,86.07594936708861,525.0,6.265301,26.58228,113.0,4.7361984,5.721519,18.0,2.944439,0.9113924,774,0.033898305084745756,False,2,4,2,2,B_cells,B_cells,Naive_B,0
CTTGATTAGGTGGCTA-1,s1d3,518,6.251903883165888,1536.0,7.337588,64.12760416666666,71.35416666666666,79.296875,98.828125,577.0,6.359574,37.5651,152.0,5.030438,9.895834,11.0,2.4849067,0.7161459,518,0.035870516185476826,False,2,4,2,2,B_cells,B_cells,Naive_B,0
CTTTCAACAAGTCCAT-1,s1d3,2263,7.724888439323074,7746.0,8.955061,41.20836560805577,54.518461141234184,63.013168086754455,73.92202427059127,659.0,6.49224,8.507617,2451.0,7.8046594,31.64214,23.0,3.1780539,0.29692745,2261,0.1914893617021276,False,2,13,16,33,B_cells,B_cells,Naive_B,0
CTTTCGGGTATTTCGG-1,s1d3,1953,7.577633832602728,7159.0,8.876266,48.903478139404946,61.181729291800536,68.85039810029335,78.50258415979884,929.0,6.8351846,12.976673,2193.0,7.6934814,30.63277,21.0,3.0910425,0.29333708,1953,0.21917808219178075,False,2,13,16,33,B_cells,B_cells,Naive_B,0
CTTTCGGTCAGATGCT-1,s1d3,1246,7.1284959456800365,3961.0,8.284504,42.640747286038874,58.621560212067656,69.45215854582176,81.16637212825044,432.0,6.070738,10.906337,1447.0,7.2779384,36.53118,14.0,2.7080503,0.3534461,1246,0.009364717792963807,False,2,13,16,23,B_cells,B_cells,Naive_B,0
GAAACCTAGCGTTCAT-1,s1d3,1314,7.181591944611865,4107.0,8.320692,41.44144144144144,57.97419040662284,68.59021183345507,80.18018018018019,392.0,5.9738097,9.54468,1505.0,7.3172126,36.644753,11.0,2.4849067,0.2678354,1314,0.007736943907156673,False,2,4,10,16,B_cells,B_cells,Naive_B,0
GAACACTGTTAGGGTG-1,s1d3,1373,7.2254814727822945,4577.0,8.429017,42.69171946689971,59.66790474109679,69.93663972034084,80.9263709853616,385.0,5.9558372,8.411624,1875.0,7.536897,40.9657,14.0,2.7080503,0.3058772,1372,0.011152416356877323,False,2,4,10,12,B_cells,B_cells,Naive_B,0
GAAGCCCGTATGAAGT-1,s1d3,1073,6.97914527506881,2997.0,8.005701,44.81147814481148,57.82449115782449,67.73440106773441,80.88088088088088,491.0,6.1984787,16.38305,852.0,6.7487597,28.428429,21.0,3.0910425,0.7007007,1073,0.007736943907156673,False,2,13,16,23,B_cells,B_cells,Naive_B,0
GAAGCGACAGATTTCG-1,s1d3,427,6.059123195581797,924.0,6.829794,58.00865800865801,64.6103896103896,75.43290043290042,100.0,360.0,5.888878,38.961037,36.0,3.6109178,3.8961039,19.0,2.9957323,2.056277,426,0.03295786399666249,False,2,4,2,2,B_cells,B_cells,Naive_B,0
GAAGGACCACGACAAG-1,s1d3,1582,7.367077059881012,5303.0,8.576217,40.976805581746184,57.79747312841788,68.41410522345842,79.59645483688477,413.0,6.025866,7.788044,2119.0,7.6591716,39.95851,24.0,3.218876,0.452574,1582,0.007125890736342043,False,2,13,16,23,B_cells,B_cells,Naive_B,0
GAAGGACGTGCTCCGA-1,s1d3,1579,7.365180126021013,5625.0,8.635154,42.364444444444445,58.648888888888884,69.17333333333333,80.81777777777778,573.0,6.352629,10.186667,2043.0,7.622664,36.32,46.0,3.8501477,0.81777775,1578,0.009364717792963807,False,2,4,10,12,B_cells,B_cells,Naive_B,0
GAAGTAAGTGGCTTGC-1,s1d3,708,6.5638555265321274,1641.0,7.4036703,53.077391834247415,60.146252285191956,69.04326630103596,87.32480195003048,495.0,6.206576,30.164534,116.0,4.762174,7.0688605,54.0,4.0073333,3.2906764,705,0.02293259207783183,False,2,4,2,2,B_cells,B_cells,Naive_B,0
GAATAGACAGGCGTTC-1,s1d3,2037,7.61972421378267,7652.0,8.942853,43.910088865656036,59.213277574490334,68.36121275483534,78.08416100365918,661.0,6.4952655,8.638265,2902.0,7.9735,37.924725,24.0,3.218876,0.3136435,2037,0.04949441192123471,False,2,4,10,12,B_cells,B_cells,Naive_B,0
GAATCACCACTTCAAG-1,s1d3,1597,7.37650812632622,3525.0,8.167919,30.354609929078013,41.56028368794326,52.42553191489362,68.87943262411348,185.0,5.2257466,5.248227,704.0,6.558198,19.971632,30.0,3.4339871,0.8510638,1597,0.028659953524399692,False,2,9,13,15,B_cells,B_cells,B_cell,1
GAATCGTGTGTAGTGG-1,s1d3,582,6.368187186350492,1202.0,7.0925736,50.83194675540766,59.151414309484196,68.21963394342761,93.17803660565723,380.0,5.9427996,31.613976,82.0,4.4188404,6.8219633,6.0,1.9459102,0.49916804,581,0.12977099236641218,False,2,4,2,2,B_cells,B_cells,Naive_B,0
GACACGCCACAATGAA-1,s1d3,3085,8.034631032923107,12631.0,9.443989,40.5114401076716,54.88876573509619,64.64254611669702,74.12714749426014,939.0,6.84588,7.434091,4344.0,8.376781,34.391575,30.0,3.4339871,0.23751089,3084,0.5458167330677278,False,2,13,16,12,B_cells,B_cells,Naive_B,0
GACAGCCCATCGTGGC-1,s1d3,2238,7.713784616598755,6029.0,8.704502,32.791507712721845,43.655664289268536,53.42511195886548,67.19190578868802,451.0,6.1136823,7.480511,1175.0,7.0698743,19.489136,21.0,3.0910425,0.34831646,2236,0.01724137931034483,False,2,9,13,15,B_cells,B_cells,B_cell,1
GACAGCCGTTTGAACC-1,s1d3,1420,7.259116128097101,4244.0,8.3534975,38.47785108388313,54.33553251649388,64.82092365692743,78.32233741753063,336.0,5.820083,7.9170594,1355.0,7.2122946,31.927427,29.0,3.4011974,0.6833176,1420,0.008050744083922909,False,2,13,16,23,B_cells,B_cells,Naive_B,0
GACATCACATCGCTCT-1,s1d3,672,6.511745329644728,1262.0,7.1412454,46.513470681458,54.43740095087163,62.59904912836767,86.37083993660856,280.0,5.638355,22.187004,56.0,4.0430512,4.437401,21.0,3.0910425,1.6640253,671,0.12368972746331237,False,2,9,13,15,B_cells,B_cells,B_cell,1
GACATCATCGGCATTA-1,s1d3,1937,7.569411792450712,4679.0,8.451054,28.74545843128874,39.70933960247916,50.7373370378286,66.59542637315666,225.0,5.420535,4.8087196,926.0,6.8319535,19.790554,49.0,3.912023,1.0472323,1934,0.007736943907156673,False,2,9,13,15,B_cells,B_cells,B_cell,1
GACCAATCAAAGCTAA-1,s1d3,1778,7.483806687665835,4968.0,8.510974,31.984702093397743,46.15539452495974,58.11191626409018,72.74557165861513,265.0,5.583496,5.3341384,1383.0,7.2327332,27.838165,31.0,3.465736,0.6239936,1778,0.0167427701674277,False,2,9,13,15,B_cells,B_cells,B_cell,1
GACGCTGGTGCAATAA-1,s1d3,1712,7.44600149832412,5059.0,8.529121,39.138169598734926,52.0853923700336,61.86993476971734,75.09389207353232,636.0,6.4567695,12.571655,1400.0,7.2449417,27.673452,34.0,3.5553482,0.67206955,1712,0.014855811243810076,False,2,13,16,23,B_cells,B_cells,Naive_B,0
GACGCTGGTTCTGAGT-1,s1d3,1700,7.438971592395862,6842.0,8.830981,45.64454837766735,62.2332651271558,72.04033908213972,82.02280035077463,438.0,6.0844994,6.401637,2809.0,7.94094,41.05525,10.0,2.3978953,0.1461561,1699,0.01191765980498375,False,2,4,10,16,B_cells,B_cells,Naive_B,0
GACGTTACAGGTTCCG-1,s1d3,2862,7.959625305098115,12708.0,9.450066,43.08309726156752,59.61598992760466,68.21687126219705,76.94365753855838,773.0,6.6515718,6.0827827,5145.0,8.545975,40.48631,22.0,3.1354942,0.17311929,2862,0.4153846153846153,False,2,4,10,12,B_cells,B_cells,Naive_B,0
GACGTTATCTTCCCAG-1,s1d3,1714,7.44716835960004,6518.0,8.782476,45.734888002454746,62.457809143909174,71.3255599877263,81.29794415464866,704.0,6.558198,10.800859,2622.0,7.872074,40.227066,43.0,3.7841897,0.65971154,1712,0.007125890736342043,False,2,4,10,12,B_cells,B_cells,Naive_B,0
GACTCAAGTCATGGCC-1,s1d3,1059,6.966024187106113,3406.0,8.133588,43.62889019377569,61.06870229007634,71.49148561362301,83.58778625954199,295.0,5.6903596,8.661186,1381.0,7.231287,40.546097,22.0,3.1354942,0.64591897,1059,0.009027081243731193,False,2,13,16,33,B_cells,B_cells,Naive_B,0
GACTTCCCAGGTGTTT-1,s1d3,1775,7.4821189235521155,6037.0,8.705828,41.08000662580752,57.47888023852907,67.06973662415106,78.26735133344377,380.0,5.9427996,6.294517,2381.0,7.775696,39.44012,28.0,3.3672957,0.4638065,1775,0.01827347195967234,False,2,13,16,23,B_cells,B_cells,Naive_B,0
GACTTCCGTTATAGAG-1,s1d3,1384,7.233455418621439,4456.0,8.402231,41.292639138240574,57.2935368043088,67.93087971274686,80.16157989228007,286.0,5.659482,6.4183125,1615.0,7.387709,36.243267,24.0,3.218876,0.5385996,1384,0.005688282138794085,False,2,13,16,23,B_cells,B_cells,Naive_B,0
GAGACCCGTATAGGAT-1,s1d3,1301,7.171656822768514,4651.0,8.445052,43.17351107288755,61.707159750591266,72.24252848849709,82.77789722640291,233.0,5.4553213,5.0096755,2031.0,7.616776,43.66803,21.0,3.0910425,0.4515158,1299,0.008050744083922909,False,2,4,10,12,B_cells,B_cells,Naive_B,0
GAGACCCTCTGGCCAG-1,s1d3,1864,7.5310163320779155,4938.0,8.504918,32.705548805184286,44.89671931956258,56.03483191575537,70.37262049412718,313.0,5.749393,6.3385987,1113.0,7.0157123,22.53949,18.0,2.944439,0.36452004,1863,0.01191765980498375,False,2,9,13,15,B_cells,B_cells,B_cell,1
GAGACTTAGCGTACAG-1,s1d3,1396,7.242082359256962,4207.0,8.344743,48.41930116472546,58.23627287853578,67.00736867126218,78.70216306156405,940.0,6.8469434,22.343714,809.0,6.6970344,19.229855,21.0,3.0910425,0.49916804,1395,0.010416666666666666,False,2,4,10,16,B_cells,B_cells,Naive_B,0
GAGACTTGTCCTGAAT-1,s1d3,1836,7.515889085215125,4945.0,8.506334,31.324570273003033,44.24671385237613,55.69261880687563,70.71789686552073,141.0,4.955827,2.8513649,1271.0,7.148346,25.70273,25.0,3.2580965,0.5055612,1836,0.009027081243731193,False,2,9,13,15,B_cells,B_cells,B_cell,1
GAGAGGTCAATTGTGC-1,s1d3,735,6.601230118728877,1488.0,7.30586,44.95967741935484,53.42741935483871,64.04569892473118,84.20698924731182,308.0,5.733341,20.698925,143.0,4.9698133,9.610215,23.0,3.1780539,1.5456989,735,0.010059324219757545,False,2,9,13,15,B_cells,B_cells,B_cell,1
GAGAGGTCATCGTTCC-1,s1d3,1594,7.374629015218945,6128.0,8.720787,40.421018276762396,58.35509138381201,69.7943864229765,81.57637075718016,573.0,6.352629,9.350522,2348.0,7.761745,38.31593,25.0,3.2580965,0.40796342,1594,0.00970873786407767,False,2,13,16,23,B_cells,B_cells,Naive_B,0
GAGAGGTGTGCGTTTA-1,s1d3,1113,7.01571242048723,3068.0,8.029107,39.27640156453715,55.312907431551494,66.62320730117341,80.01955671447197,263.0,5.575949,8.57236,1032.0,6.9402223,33.637547,14.0,2.7080503,0.45632333,1113,0.009027081243731193,False,2,4,10,16,B_cells,B_cells,Naive_B,0
GAGATGGGTTTCAGAC-1,s1d3,1138,7.037905963447182,3815.0,8.246958,41.23197903014417,60.131061598951504,71.71690694626474,83.27653997378768,265.0,5.583496,6.9462647,1612.0,7.385851,42.25426,13.0,2.6390574,0.34076014,1137,0.0167427701674277,False,2,13,16,23,B_cells,B_cells,Naive_B,0
GAGGCAACAATTAGGA-1,s1d3,1231,7.116394144093465,3195.0,8.069655,36.93270735524257,51.924882629107984,63.7245696400626,77.12050078247262,237.0,5.4722705,7.4178405,841.0,6.7357802,26.32238,29.0,3.4011974,0.9076682,1230,0.028659953524399692,False,2,13,16,23,B_cells,B_cells,Naive_B,0
GAGGGATGTACAAACA-1,s1d3,1278,7.153833801578843,4266.0,8.358666,41.95968120018753,58.76699484294421,70.15939990623535,81.7627754336615,368.0,5.9107966,8.626348,1550.0,7.3466554,36.3338,16.0,2.8332133,0.3750586,1277,0.013972055888223553,False,2,13,16,33,B_cells,B_cells,Naive_B,0
GAGTGAGTCCTGCCAT-1,s1d3,1588,7.370860166536716,4700.0,8.45553,37.765957446808514,52.61702127659574,63.31914893617021,76.85106382978724,300.0,5.7071104,6.382979,1516.0,7.32449,32.255318,25.0,3.2580965,0.5319149,1587,0.005146565227120161,False,2,4,10,16,B_cells,B_cells,Naive_B,0
GAGTTACAGTGGCGAT-1,s1d3,930,6.836259277277067,2573.0,7.8532166,39.059463661096,55.69374271278663,68.28604741546832,83.28799067236689,169.0,5.1357985,6.568208,911.0,6.81564,35.40614,18.0,2.944439,0.6995725,930,0.05603697284806469,False,2,9,13,15,B_cells,B_cells,B_cell,1
GAGTTGTGTCTGTAAC-1,s1d3,2610,7.8674885686991285,11772.0,9.373564,45.97349643221203,62.14746856948692,70.31940197077812,78.75467210329596,1087.0,6.9920964,9.233775,5040.0,8.52536,42.813457,42.0,3.7612002,0.3567788,2609,0.33333333333333315,False,2,4,10,12,B_cells,B_cells,Naive_B,0
GAGTTTGGTGGAACAC-1,s1d3,1360,7.215975002651466,6300.0,8.748464,52.34920634920635,69.52380952380952,78.14285714285715,86.34920634920636,403.0,6.001415,6.396826,3159.0,8.058328,50.142853,19.0,2.9957323,0.3015873,1359,0.04390725209669462,False,2,13,16,33,B_cells,B_cells,Naive_B,0
GATCACAAGGCTCACC-1,s1d3,520,6.255750041753367,1265.0,7.1436176,59.130434782608695,66.79841897233202,74.70355731225297,98.41897233201581,412.0,6.0234475,32.569168,74.0,4.317488,5.8498025,15.0,2.7725887,1.1857708,520,0.01191765980498375,False,2,4,10,16,B_cells,B_cells,Naive_B,0
GATCACAAGGGTAGCT-1,s1d3,1333,7.195937226475569,3500.0,8.160804,38.31428571428571,51.08571428571429,62.08571428571429,76.2,340.0,5.8318825,9.714286,802.0,6.6883545,22.914286,20.0,3.0445225,0.57142854,1332,0.03797468354430379,False,2,9,13,15,B_cells,B_cells,B_cell,1
GATCAGTGTTGCGGCT-1,s1d3,1877,7.537962659768208,4923.0,8.501877,30.97704651635182,43.28661385334146,54.68210440788137,69.42920983140361,193.0,5.267858,3.9203737,1162.0,7.0587583,23.603495,24.0,3.218876,0.4875076,1874,0.010416666666666666,False,2,9,13,15,B_cells,B_cells,B_cell,1
GATCAGTTCACCTCAC-1,s1d3,2208,7.700295203420117,6968.0,8.849227,37.327784156142364,52.095292766934556,61.839839265212404,72.89035591274397,506.0,6.228511,7.261768,2270.0,7.7279754,32.577496,20.0,3.0445225,0.2870264,2208,0.02168021680216802,False,2,13,16,33,B_cells,B_cells,Naive_B,0
GATCAGTTCCCAGGCA-1,s1d3,2355,7.764720544771477,8182.0,9.009814,41.041310193106824,54.46101197751161,63.83524810559765,74.00391102419947,717.0,6.5764694,8.763139,2498.0,7.823646,30.530432,38.0,3.6635616,0.46443412,2353,0.2549019607843137,False,2,13,16,23,B_cells,B_cells,Naive_B,0
GATCGTATCAGCACCG-1,s1d3,1411,7.252762418053187,4348.0,8.377701,41.628334866605336,57.497700091996315,67.61729530818768,79.04783808647655,421.0,6.0450053,9.682612,1428.0,7.26473,32.842686,16.0,2.8332133,0.36798528,1411,0.01827347195967234,False,2,4,10,16,B_cells,B_cells,Naive_B,0
GATGCTAAGGGACTGT-1,s1d3,1554,7.349230824613334,5583.0,8.627661,42.61149919398173,60.16478595737059,70.46390829303242,81.12126097080423,480.0,6.175867,8.597528,2338.0,7.7574787,41.87713,24.0,3.218876,0.42987642,1554,0.006828349423122205,False,2,13,16,23,B_cells,B_cells,Naive_B,0
GATGCTAGTGCAACGA-1,s1d3,1909,7.554858521040676,5123.0,8.541691,32.461448370095646,45.12980675385516,55.533866874878,69.91996876829982,273.0,5.613128,5.328909,1297.0,7.16858,25.317198,38.0,3.6635616,0.74175286,1908,0.008050744083922909,False,2,9,13,15,B_cells,B_cells,B_cell,1
GATGGAGCAGAAGTTA-1,s1d3,1287,7.160845906664299,4550.0,8.423102,44.285714285714285,62.24175824175824,72.72527472527473,82.7032967032967,515.0,6.2461066,11.318682,1901.0,7.550661,41.78022,18.0,2.944439,0.3956044,1287,0.026364649090233935,False,2,13,16,23,B_cells,B_cells,Naive_B,0
GATGGAGCAGATTTCG-1,s1d3,1548,7.3453648404168685,3390.0,8.1288805,32.684365781710916,42.094395280235986,52.27138643067847,69.08554572271386,137.0,4.9272537,4.041298,506.0,6.228511,14.926253,33.0,3.5263605,0.9734513,1547,0.039080459770114935,False,2,9,13,15,B_cells,B_cells,B_cell,1
GATGGAGGTACGGTTT-1,s1d3,1271,7.148345743900068,3766.0,8.234035,44.90175252257036,58.17843866171004,67.36590546999469,79.52734997344663,608.0,6.4118185,16.14445,1164.0,7.0604763,30.908125,30.0,3.4339871,0.7966012,1271,0.011531241619737198,False,2,13,16,23,B_cells,B_cells,Naive_B,0
GATGGAGGTCACAATC-1,s1d3,749,6.620073206530356,1740.0,7.462215,55.45977011494253,61.206896551724135,68.44827586206897,85.6896551724138,540.0,6.2934194,31.034481,121.0,4.804021,6.9540234,69.0,4.248495,3.965517,749,0.05603697284806469,False,2,4,2,2,B_cells,B_cells,Naive_B,0
GATGGAGTCCCAAGCG-1,s1d3,860,6.7580945044277305,2036.0,7.6192336,52.554027504911595,58.447937131630646,67.58349705304518,82.31827111984283,587.0,6.376727,28.831041,156.0,5.056246,7.6620827,25.0,3.2580965,1.2278979,860,0.06380290587492103,False,2,13,16,2,B_cells,B_cells,Naive_B,0
GATGTTGCACCAGCTG-1,s1d3,2083,7.642044402873258,7371.0,8.905444,36.16876950210284,53.032153032153026,64.1025641025641,75.9055759055759,341.0,5.8348107,4.626238,2617.0,7.870166,35.504,17.0,2.8903718,0.23063356,2081,0.007125890736342043,False,2,9,13,15,B_cells,B_cells,B_cell,1
GATTCGAAGTTTCGAC-1,s1d3,1466,7.2909747781429814,5232.0,8.56274,41.341743119266056,58.944954128440365,69.82033639143731,81.53669724770643,494.0,6.204558,9.4418955,1888.0,7.5438027,36.085625,11.0,2.4849067,0.21024466,1466,0.009364717792963807,False,2,13,16,23,B_cells,B_cells,Naive_B,0
GATTTCTCAACTCCCT-1,s1d3,2176,7.685703061234547,6112.0,8.718173,30.56282722513089,44.06086387434555,55.69371727748691,69.20811518324608,311.0,5.7430034,5.088351,1525.0,7.330405,24.950916,26.0,3.295837,0.42539266,2175,0.04390725209669462,False,2,9,13,15,B_cells,B_cells,B_cell,1
GATTTCTCAATCTCTT-1,s1d3,1570,7.359467638255621,4721.0,8.459988,39.75852573607286,54.52234696038975,64.8379580597331,77.3353103156111,339.0,5.8289456,7.1806817,1569.0,7.358831,33.23448,31.0,3.465736,0.6566405,1569,0.008050744083922909,False,2,13,16,23,B_cells,B_cells,Naive_B,0
GCAACATTCCGATGTA-1,s1d3,2677,7.8928255262511176,13601.0,9.517972,43.129181677817805,61.03227703845305,70.99477979560326,79.89118447173001,853.0,6.7499313,6.271598,6136.0,8.722092,45.11433,37.0,3.637586,0.27203882,2677,0.014409221902017292,False,2,13,16,33,B_cells,B_cells,Naive_B,0
GCAACCGAGGGCATGT-1,s1d3,1728,7.455298485683291,4219.0,8.34759,31.974401516947143,43.25669589950225,54.46788338468831,70.25361460061626,271.0,5.605802,6.4233227,858.0,6.755769,20.336573,15.0,2.7725887,0.3555345,1727,0.012311901504787963,False,2,9,13,15,B_cells,B_cells,B_cell,1
GCACATACACCTCGTT-1,s1d3,1735,7.459338895220296,5270.0,8.569976,36.698292220113856,51.84060721062619,62.675521821631875,75.55977229601518,280.0,5.638355,5.3130927,1733.0,7.458186,32.88425,22.0,3.1354942,0.41745728,1734,0.013544018058690746,False,2,13,16,23,B_cells,B_cells,Naive_B,0
GCACATAGTTCGATTG-1,s1d3,1588,7.370860166536716,5157.0,8.548305,42.02055458599961,57.087453946092694,66.9769245685476,78.90246267209619,382.0,5.9480352,7.4074073,1703.0,7.440734,33.023075,37.0,3.637586,0.7174714,1587,0.014855811243810076,False,2,4,10,12,B_cells,B_cells,Naive_B,0
GCACATATCAGCAGAG-1,s1d3,1635,7.400009517162692,4727.0,8.461258,35.90014808546647,50.56060926591919,61.60355405119526,75.92553416543262,330.0,5.8021183,6.9811716,1318.0,7.184629,27.88238,16.0,2.8332133,0.33848107,1635,0.02048909451421018,False,2,9,13,15,B_cells,B_cells,B_cell,1
GCACGGTTCCTGTTGC-1,s1d3,461,6.135564891081739,1332.0,7.1951876,67.7927927927928,72.8978978978979,80.4054054054054,100.0,557.0,6.324359,41.816814,61.0,4.1271343,4.5795794,10.0,2.3978953,0.7507508,461,0.01827347195967234,False,2,4,2,2,B_cells,B_cells,Naive_B,0
GCACTAAAGGATTTCC-1,s1d3,1987,7.59488438721652,5186.0,8.553911,30.100269957578096,42.26764365599692,53.41303509448515,68.04859236405709,349.0,5.857933,6.729656,1156.0,7.0535855,22.290783,25.0,3.2580965,0.4820671,1986,0.04263565891472869,False,2,9,13,15,B_cells,B_cells,B_cell,1
GCAGCCAAGGAACGAA-1,s1d3,1730,7.456454555176209,8068.0,8.995785,46.92612791274169,65.96430342092216,74.93802677243431,83.88696083292018,932.0,6.838405,11.551809,3588.0,8.185629,44.47199,27.0,3.3322046,0.33465543,1729,0.021077283372365346,False,2,4,10,16,B_cells,B_cells,Naive_B,0
GCATCTCGTCCAAGAG-1,s1d3,1485,7.303843225277705,5135.0,8.54403,43.09639727361246,60.21421616358326,69.62025316455697,80.81791626095423,375.0,5.9295893,7.3028235,2158.0,7.6774006,42.025314,11.0,2.4849067,0.21421616,1485,0.00970873786407767,False,2,4,10,16,B_cells,B_cells,Naive_B,0
GCCAACGGTTTGTTCT-1,s1d3,230,5.442417710521793,695.0,6.5453496,73.09352517985612,81.29496402877699,95.68345323741008,100.0,346.0,5.8493247,49.784172,48.0,3.8918204,6.906475,15.0,2.7725887,2.1582735,230,0.143534994068802,False,2,13,16,2,B_cells,B_cells,Naive_B,0
GCCAGCAAGGAGATAG-1,s1d3,2828,7.947678571301568,12234.0,9.412056,41.01683831943763,57.7243746934772,66.92005885237862,76.14026483570377,808.0,6.695799,6.6045446,4990.0,8.515391,40.787968,37.0,3.637586,0.30243582,2825,0.4153846153846153,False,2,4,10,16,B_cells,B_cells,Naive_B,0
GCCAGCAGTATCTCTT-1,s1d3,1610,7.384610383176974,3899.0,8.268732,33.649653757373684,44.75506540138497,56.16824826878687,71.5311618363683,187.0,5.236442,4.7961016,865.0,6.763885,22.185175,13.0,2.6390574,0.33341885,1609,0.014855811243810076,False,2,9,13,15,B_cells,B_cells,B_cell,1
GCCAGGTAGTATTGCC-1,s1d3,1746,7.465655310134056,7112.0,8.869679,46.69572553430822,62.16254218222722,71.8082114735658,81.87570303712036,397.0,5.986452,5.5821147,2781.0,7.9309254,39.102924,21.0,3.0910425,0.2952756,1745,0.04522613065326634,False,2,13,16,23,B_cells,B_cells,Naive_B,0
GCCAGTGCAGATAAAC-1,s1d3,829,6.721425700790643,1797.0,7.49443,48.803561491374516,55.59265442404006,64.99721758486366,81.69170840289371,522.0,6.2595816,29.048412,189.0,5.247024,10.5175295,21.0,3.0910425,1.1686144,829,0.0167427701674277,False,2,4,2,2,B_cells,B_cells,Naive_B,0
GCCAGTGGTAGTAAGT-1,s1d3,1539,7.3395376954076745,4992.0,8.515792,40.88541666666667,56.931089743589745,67.9286858974359,79.18669871794873,506.0,6.228511,10.136218,1728.0,7.4552984,34.615387,23.0,3.1780539,0.4607372,1538,0.009364717792963807,False,2,13,16,23,B_cells,B_cells,Naive_B,0
GCCCAGACAAAGGCTG-1,s1d3,1589,7.371489295214277,4257.0,8.356555,32.81653746770026,45.54850833920601,58.0690627202255,74.18369743951139,260.0,5.5645204,6.1075873,1095.0,6.9994226,25.72234,15.0,2.7725887,0.3523608,1588,0.007125890736342043,False,2,9,13,15,B_cells,B_cells,B_cell,1
GCCCAGATCTACGCAA-1,s1d3,1592,7.373374309910049,6966.0,8.84894,43.85587137525122,62.08728107952914,72.78208440999138,83.40511053689347,548.0,6.3080983,7.866781,2911.0,7.9765954,41.78869,10.0,2.3978953,0.1435544,1592,0.034868704261730527,False,2,4,10,12,B_cells,B_cells,Naive_B,0
GCCGATGAGCTCACTA-1,s1d3,1457,7.284820912568604,4419.0,8.393895,42.22674813306178,56.82281059063137,67.14188730482009,78.34351663272233,477.0,6.169611,10.794297,1364.0,7.2189097,30.866713,16.0,2.8332133,0.36207286,1456,0.030303030303030304,False,2,13,16,23,B_cells,B_cells,Naive_B,0
GCCGATGTCCAGTTCC-1,s1d3,2250,7.719129840906732,7732.0,8.953252,33.61355406104501,48.60320744956027,59.9327470253492,72.71081220900155,323.0,5.7807436,4.1774445,2447.0,7.8030267,31.647697,25.0,3.2580965,0.32333162,2247,0.007736943907156673,False,2,9,13,15,B_cells,B_cells,B_cell,1
GCCTGTTAGGAAACGA-1,s1d3,2637,7.87777633327726,12786.0,9.456184,46.08165180666354,62.717034256217744,71.39840450492726,79.53230095416862,1200.0,7.09091,9.385265,5458.0,8.6050205,42.687313,26.0,3.295837,0.20334741,2634,0.01312482546774644,False,2,13,16,23,B_cells,B_cells,Naive_B,0
GCCTGTTAGGCACGAT-1,s1d3,1233,7.1180162044653335,2786.0,7.932721,28.930366116295765,42.53409906676238,55.92246949030869,73.68987796123474,122.0,4.8121843,4.3790383,653.0,6.4831076,23.438622,12.0,2.5649493,0.43072504,1233,0.005688282138794085,False,2,9,13,15,B_cells,B_cells,B_cell,1
GCCTGTTGTAGACGGT-1,s1d3,1646,7.4067107301776405,5684.0,8.645586,39.971850809289236,55.471498944405354,67.39971850809289,79.52146375791696,640.0,6.4630294,11.259677,1812.0,7.502738,31.878958,19.0,2.9957323,0.33427164,1646,0.007428708363287803,False,2,4,10,16,B_cells,B_cells,Naive_B,0
GCGATCGAGAAGCTGC-1,s1d3,1458,7.285506548522785,3594.0,8.1873,32.220367278797994,44.43516972732331,56.622148024485256,73.3444629938787,203.0,5.31812,5.6483026,736.0,6.6025877,20.478575,18.0,2.944439,0.5008347,1458,0.03690529124055136,False,2,4,13,15,B_cells,B_cells,Naive_B,0
GCGATCGTCAGACAAA-1,s1d3,1280,7.155396301896734,4035.0,8.303009,43.81660470879802,60.198265179677826,69.44237918215613,80.66914498141264,232.0,5.4510384,5.74969,1613.0,7.386471,39.975216,21.0,3.0910425,0.5204461,1280,0.16939890710382507,False,2,4,10,12,B_cells,B_cells,Naive_B,0
GCGGATCAGTTCTCTT-1,s1d3,1428,7.264730177929867,4311.0,8.369157,41.104152168870336,55.41637671073997,66.43470192530735,78.47367200185572,429.0,6.063785,9.951287,1137.0,7.037028,26.374392,7.0,2.0794415,0.16237532,1428,0.011531241619737198,False,2,13,16,23,B_cells,B_cells,Naive_B,0
GCGTTTCTCTGTGCAA-1,s1d3,1482,7.301822342137932,4898.0,8.496786,39.832584728460596,57.28868926092282,68.37484687627602,79.95100040832993,338.0,5.826,6.9007764,1905.0,7.552762,38.893425,20.0,3.0445225,0.4083299,1482,0.007125890736342043,False,2,13,16,23,B_cells,B_cells,Naive_B,0
GCTACAACATACAGGG-1,s1d3,1755,7.470793774195062,5550.0,8.621734,39.711711711711715,55.44144144144144,65.67567567567568,77.29729729729729,517.0,6.249975,9.315315,1950.0,7.5760975,35.135136,21.0,3.0910425,0.3783784,1754,0.011152416356877323,False,2,4,10,16,B_cells,B_cells,Naive_B,0
GCTACAATCGCCGAAC-1,s1d3,1493,7.309212365692763,4404.0,8.390495,38.079019073569484,53.564940962761135,64.44141689373298,77.45231607629428,236.0,5.46806,5.358765,1506.0,7.3178763,34.196186,12.0,2.5649493,0.27247956,1492,0.005688282138794085,False,2,13,16,23,B_cells,B_cells,Naive_B,0
GCTACCTCATACAGAA-1,s1d3,578,6.361302477572996,1406.0,7.249215,59.530583214793744,66.00284495021337,73.11522048364154,94.45234708392604,426.0,6.056784,30.29872,41.0,3.7376697,2.916074,22.0,3.1354942,1.5647227,577,0.041408852927177546,False,2,4,2,2,B_cells,B_cells,Naive_B,0
GCTACCTGTGAGATAT-1,s1d3,1501,7.31455283232408,4446.0,8.399985,37.359424201529464,53.95861448493028,64.79982006297796,77.48538011695906,257.0,5.5529594,5.7804766,1465.0,7.2902927,32.950966,18.0,2.944439,0.40485832,1500,0.008370260955194485,False,2,13,16,23,B_cells,B_cells,Naive_B,0
GCTGCAGAGAGAATCT-1,s1d3,3094,8.037543185118697,13241.0,9.491149,38.00317196586361,52.34498904916547,62.502832112378215,73.03829015935352,1505.0,7.3172126,11.366211,3798.0,8.242494,28.683636,34.0,3.5553482,0.25677818,3094,0.04659498207885305,False,2,4,10,16,B_cells,B_cells,Naive_B,0
GCTGCAGTCCTCTAAT-1,s1d3,1985,7.593877844605118,6670.0,8.805525,40.689655172413794,54.347826086956516,64.16791604197901,75.39730134932535,574.0,6.35437,8.605697,2188.0,7.6912003,32.803596,36.0,3.6109178,0.53973013,1984,0.08157099697885198,False,2,4,10,12,B_cells,B_cells,Naive_B,0
GCTGGGTGTTCACGAT-1,s1d3,750,6.621405651764134,1416.0,7.256297,43.85593220338983,51.34180790960452,61.15819209039548,82.34463276836158,182.0,5.209486,12.8531065,71.0,4.276666,5.014124,37.0,3.637586,2.6129944,749,0.03204601479046837,False,2,9,13,15,B_cells,B_cells,B_cell,1
GCTGGGTTCTGAGAAA-1,s1d3,1708,7.443663683115591,4763.0,8.4688425,35.12492126810833,50.2834348099937,60.550073483098885,74.61683812723074,331.0,5.805135,6.949402,1481.0,7.301148,31.093847,29.0,3.4011974,0.60885996,1708,0.011152416356877323,False,2,13,16,23,B_cells,B_cells,Naive_B,0
GCTTCACAGTAGGAAG-1,s1d3,2124,7.661527081358517,9513.0,9.16052,44.528539892778305,62.45138231893199,71.76495322190686,80.65804688321244,849.0,6.7452364,8.924629,4123.0,8.324579,43.34069,20.0,3.0445225,0.21023862,2122,0.011531241619737198,False,2,13,16,23,B_cells,B_cells,Naive_B,0
GCTTCACAGTGATGGC-1,s1d3,1742,7.463363045520021,6861.0,8.833755,42.38449205655152,59.56857600932809,70.004372540446,80.58592041976388,567.0,6.3421216,8.264101,2597.0,7.8624973,37.851627,22.0,3.1354942,0.32065296,1741,0.008695652173913044,False,2,4,10,12,B_cells,B_cells,Naive_B,0
GCTTTCGGTACGTAGG-1,s1d3,1535,7.336936913707618,5474.0,8.607947,42.8388746803069,60.08403361344538,69.69309462915601,81.09243697478992,490.0,6.196444,8.9514065,2184.0,7.689371,39.897697,21.0,3.0910425,0.38363174,1534,0.008370260955194485,False,2,13,16,23,B_cells,B_cells,Naive_B,0
GGAACCCGTAGTGTGG-1,s1d3,1383,7.232733136177615,4500.0,8.412055,41.8,57.82222222222222,68.35555555555555,80.37777777777778,392.0,5.9738097,8.711111,1624.0,7.3932633,36.08889,21.0,3.0910425,0.46666664,1382,0.009364717792963807,False,2,4,10,16,B_cells,B_cells,Naive_B,0
GGAAGTGGTCGTGGAA-1,s1d3,1129,7.029972911706386,3285.0,8.097426,39.54337899543379,56.073059360730596,67.51902587519027,80.8523592085236,190.0,5.2522736,5.783866,1234.0,7.1188264,37.56469,13.0,2.6390574,0.39573818,1129,0.04522613065326634,False,2,13,16,23,B_cells,B_cells,Naive_B,0
GGACGTCTCTAGGCCG-1,s1d3,1375,7.226936018493289,4287.0,8.363576,41.40424539304875,57.802659202239326,68.04292045719617,79.58945649638441,398.0,5.988961,9.283881,1611.0,7.385231,37.578728,15.0,2.7725887,0.34989503,1374,0.010059324219757545,False,2,13,16,23,B_cells,B_cells,Naive_B,0
GGAGATGAGCTGACTT-1,s1d3,1325,7.189922170745808,4435.0,8.397509,41.19503945885006,58.71476888387824,70.32694475760992,81.39797068771138,314.0,5.7525725,7.080045,1770.0,7.4792995,39.90981,26.0,3.295837,0.5862458,1324,0.009364717792963807,False,2,4,10,12,B_cells,B_cells,Naive_B,0
GGAGATGAGTATAACG-1,s1d3,927,6.833031732786201,2229.0,7.709757,35.21758636159713,51.14401076716016,64.15432929564827,80.84342754598475,96.0,4.574711,4.306864,786.0,6.668228,35.26245,6.0,1.9459102,0.269179,927,0.005688282138794085,False,2,9,13,15,B_cells,B_cells,B_cell,1
GGAGATGCACGTGTGC-1,s1d3,1553,7.348587530927593,5539.0,8.61975,41.740386351326954,59.74002527532045,69.86820725762773,80.98934825780827,317.0,5.7620516,5.723055,2350.0,7.762596,42.42643,23.0,3.1780539,0.4152374,1552,0.012714206744057488,False,2,13,16,23,B_cells,B_cells,Naive_B,0
GGAGATGCATTGGATC-1,s1d3,2151,7.674152921281675,7872.0,8.971194,43.483231707317074,58.3079268292683,67.58130081300813,77.0579268292683,764.0,6.639876,9.705284,2667.0,7.8890843,33.879574,20.0,3.0445225,0.25406504,2150,0.3027522935779817,False,2,4,10,16,B_cells,B_cells,Naive_B,0
GGAGCAAAGGTCTACT-1,s1d3,1333,7.195937226475569,4081.0,8.3143425,40.33325165400637,56.334231805929925,67.14040676304828,79.58833619210978,336.0,5.820083,8.233276,1494.0,7.3098817,36.608677,23.0,3.1780539,0.56358737,1333,0.00970873786407767,False,2,4,10,12,B_cells,B_cells,Naive_B,0
GGAGGATGTGTTTACG-1,s1d3,1875,7.53689712956617,5127.0,8.542471,36.16149795201872,48.07879851765165,58.43573239711333,72.0109225668032,655.0,6.4861608,12.775501,1254.0,7.134891,24.458748,24.0,3.218876,0.46811002,1875,0.3027522935779817,False,2,9,13,15,B_cells,B_cells,B_cell,1
GGAGGATTCGCTTAAG-1,s1d3,1134,7.034387929915503,3896.0,8.267962,43.14681724845995,60.831622176591374,72.76694045174537,83.72689938398358,327.0,5.7930136,8.393224,1560.0,7.3530817,40.04107,18.0,2.944439,0.46201232,1134,0.009027081243731193,False,2,4,10,12,B_cells,B_cells,Naive_B,0
GGATCTAAGATTCGCT-1,s1d3,1554,7.349230824613334,4270.0,8.359603,35.995316159250585,50.07025761124122,61.007025761124126,75.31615925058549,266.0,5.587249,6.2295084,1108.0,7.011214,25.948477,16.0,2.8332133,0.37470725,1553,0.04801670146137786,False,2,9,13,15,B_cells,B_cells,B_cell,1
GGCACGTCAATTCACG-1,s1d3,2264,7.725330037917135,7119.0,8.870663,30.116589408624804,44.82371119539261,56.468605141171516,70.52956875965725,213.0,5.365976,2.9919932,2143.0,7.6704288,30.102543,23.0,3.1780539,0.32307908,2262,0.019354838709677417,False,2,9,13,15,B_cells,B_cells,B_cell,1
GGCAGTCAGATGATTG-1,s1d3,1490,7.307202314764738,5336.0,8.582419,43.42203898050975,60.85082458770614,71.12068965517241,81.44677661169415,441.0,6.09131,8.264618,2236.0,7.712891,41.90405,15.0,2.7725887,0.28110945,1490,0.006828349423122205,False,2,4,10,12,B_cells,B_cells,Naive_B,0
GGCAGTCTCTTACTGT-1,s1d3,1652,7.410347097821024,5151.0,8.54714,39.48747815958066,55.15433896330809,65.48243059600077,77.63541059988351,345.0,5.846439,6.6977286,1887.0,7.5432734,36.633663,8.0,2.1972246,0.15530965,1651,0.015778505507591547,False,2,13,16,23,B_cells,B_cells,Naive_B,0
GGCGTCACAGTGTGGA-1,s1d3,1648,7.407924322559599,6746.0,8.816854,49.97035280166025,65.66854432256152,73.83634746516454,82.98250815297953,731.0,6.5957804,10.836051,2910.0,7.976252,43.136673,14.0,2.7080503,0.20753038,1648,0.23583180987202906,False,2,13,16,33,B_cells,B_cells,Naive_B,0
GGCTGTGAGAAGCTGC-1,s1d3,2040,7.621195162809845,6953.0,8.847073,39.83891845246656,54.940313533726446,64.77779375809003,75.20494750467425,696.0,6.5467854,10.010067,2338.0,7.7574787,33.625774,42.0,3.7612002,0.6040558,2040,0.013544018058690746,False,2,4,10,16,B_cells,B_cells,Naive_B,0
GGCTGTGCAGTTGCGC-1,s1d3,2039,7.620705086838262,7008.0,8.85495,40.02568493150685,54.580479452054796,63.81278538812786,75.11415525114155,430.0,6.066108,6.1358447,2484.0,7.818028,35.445206,13.0,2.6390574,0.18550229,2037,0.01724137931034483,False,2,4,10,15,B_cells,B_cells,Naive_B,0
GGCTTGGAGAGAATCT-1,s1d3,1468,7.292337176173877,5741.0,8.655563,46.646925622713816,63.577773906984845,73.38442780003483,83.13882598850374,646.0,6.4723463,11.252395,2378.0,7.7744355,41.421352,15.0,2.7725887,0.2612785,1468,0.010059324219757545,False,2,13,16,23,B_cells,B_cells,Naive_B,0
GGCTTTCAGCTAGATA-1,s1d3,1077,6.982862751468942,3767.0,8.2343,45.79240775152641,63.95009291213167,74.09078842580303,84.68277143615609,337.0,5.8230457,8.946111,1708.0,7.4436636,45.341118,8.0,2.1972246,0.21237057,1077,0.014409221902017292,False,2,4,10,16,B_cells,B_cells,Naive_B,0
GGCTTTCAGCTGTGCC-1,s1d3,1672,7.422373700986824,5340.0,8.583168,41.61048689138577,56.21722846441948,65.73033707865169,77.77153558052434,506.0,6.228511,9.475656,1747.0,7.4662275,32.715355,35.0,3.583519,0.6554307,1671,0.022298456260720412,False,2,4,10,12,B_cells,B_cells,Naive_B,0
GGCTTTCGTTCGAGCC-1,s1d3,1618,7.389563953677635,4412.0,8.39231,35.403445149592024,48.93472348141433,59.79147778785131,74.63735267452402,191.0,5.2574954,4.3291025,1293.0,7.1654935,29.306435,19.0,2.9957323,0.4306437,1618,0.013544018058690746,False,2,9,13,15,B_cells,B_cells,B_cell,1
GGGAAGTGTGAGCGAT-1,s1d3,2910,7.976251943745623,13987.0,9.545955,42.82548080360334,59.29791949667549,68.96403803531851,77.68642310717094,1305.0,7.174724,9.330092,5667.0,8.642591,40.516193,47.0,3.871201,0.3360263,2907,0.012714206744057488,False,2,4,10,16,B_cells,B_cells,Naive_B,0
GGGACAACATCCTGTC-1,s1d3,392,5.973809611869261,913.0,6.8178306,60.24096385542169,68.01752464403067,78.97042716319824,100.0,393.0,5.976351,43.044907,38.0,3.6635616,4.1621027,9.0,2.3025851,0.9857613,392,0.012714206744057488,False,2,4,2,2,B_cells,B_cells,Naive_B,0
GGGACCTCAAATCAAG-1,s1d3,1748,7.466799475018602,4333.0,8.374247,31.43318716824371,43.84952688668359,55.065774290330026,70.52850219247634,242.0,5.4930615,5.585045,1026.0,6.934397,23.678743,31.0,3.465736,0.7154396,1747,0.015778505507591547,False,2,9,13,15,B_cells,B_cells,B_cell,1
GGGACCTTCTGGGCGT-1,s1d3,466,6.1463292576688975,1015.0,6.923629,56.748768472906406,63.940886699507395,73.79310344827587,100.0,330.0,5.8021183,32.512318,48.0,3.8918204,4.729064,17.0,2.8903718,1.6748769,466,0.041408852927177546,False,2,4,2,2,B_cells,B_cells,Naive_B,0
GGGACTCAGGAAAGAC-1,s1d3,1247,7.129297548929373,4090.0,8.316545,42.00488997555013,59.21760391198044,70.4645476772616,81.7359413202934,279.0,5.6347895,6.821516,1624.0,7.3932633,39.706604,25.0,3.2580965,0.61124694,1247,0.008370260955194485,False,2,13,16,23,B_cells,B_cells,Naive_B,0
GGGACTCCAGACAAGC-1,s1d3,1814,7.503840746698951,6787.0,8.822911,41.6089583026374,58.84779725946663,69.20583468395462,79.65227641078533,454.0,6.1202974,6.6892586,2831.0,7.9487386,41.712097,23.0,3.1780539,0.33888316,1814,0.010059324219757545,False,2,13,16,23,B_cells,B_cells,Naive_B,0
GGGAGATGTACCGTGC-1,s1d3,2121,7.660114319173928,10128.0,9.223158,43.81911532385466,62.460505529225905,72.50197472353871,81.61532385466035,615.0,6.423247,6.072275,4619.0,8.43815,45.60624,22.0,3.1354942,0.21721958,2119,0.03797468354430379,False,2,4,10,12,B_cells,B_cells,Naive_B,0
GGGAGATTCCGCTAGG-1,s1d3,588,6.3784261836515865,1483.0,7.3024964,58.73229939312205,65.74511126095753,73.83681726230613,94.06608226567768,452.0,6.115892,30.47876,85.0,4.454347,5.731625,21.0,3.0910425,1.4160486,587,0.107981220657277,False,2,4,2,2,B_cells,B_cells,Naive_B,0
GGGAGTACAGCTACAT-1,s1d3,1035,6.943122422819428,4809.0,8.478453,48.03493449781659,68.47577458931171,79.57995425244333,88.87502599292992,392.0,5.9738097,8.151383,2498.0,7.823646,51.944275,11.0,2.4849067,0.22873779,1035,0.004622496147919876,False,2,13,16,23,B_cells,B_cells,Naive_B,0
GGGATGAAGAGTCACG-1,s1d3,1682,7.428333194190806,5840.0,8.672657,40.92465753424658,57.311643835616444,67.58561643835617,79.17808219178082,537.0,6.2878585,9.195206,2072.0,7.636752,35.479454,24.0,3.218876,0.4109589,1682,0.010780962398106761,False,2,13,16,23,B_cells,B_cells,Naive_B,0
GGGATGACACTCTCGT-1,s1d3,1113,7.01571242048723,4083.0,8.314832,44.15870683321088,62.52755326965467,73.91623806024981,84.98652951261327,372.0,5.9215784,9.110948,1891.0,7.5453897,46.313988,19.0,2.9957323,0.46534413,1113,0.009027081243731193,False,2,13,16,23,B_cells,B_cells,Naive_B,0
GGGATGAGTAACTGCT-1,s1d3,1613,7.3864708488298945,4877.0,8.492491,38.77383637482058,53.47549723190485,63.89173672339553,77.17859339758047,496.0,6.20859,10.170186,1492.0,7.3085427,30.592579,24.0,3.218876,0.4921058,1612,0.005415162454873647,False,2,13,16,23,B_cells,B_cells,Naive_B,0
GGGCGTTGTGTTAGCT-1,s1d3,1649,7.408530566894626,6581.0,8.792094,44.27898495669351,61.63197082510257,71.66084181735299,82.05439902750342,432.0,6.070738,6.564352,3189.0,8.067777,48.457684,20.0,3.0445225,0.3039052,1648,0.3701657458563538,False,2,9,13,15,B_cells,B_cells,B_cell,1
GGGCTCAGTATCCTTT-1,s1d3,1811,7.502186486602924,4359.0,8.380227,30.396880018352835,40.92681807754072,51.158522596925906,67.19431062170223,258.0,5.556828,5.9187884,882.0,6.783325,20.234,26.0,3.295837,0.5964671,1810,0.010780962398106761,False,2,9,13,15,B_cells,B_cells,B_cell,1
GGGCTCATCCATCTAT-1,s1d3,2225,7.70796153183549,6929.0,8.843616,35.806032616539184,49.5598210419974,59.97979506422283,71.64092942704575,620.0,6.431331,8.9479,1859.0,7.5283318,26.82927,27.0,3.3322046,0.38966662,2225,0.01991511589944499,False,2,13,16,23,B_cells,B_cells,Naive_B,0
GGGTATTCAAAGGATT-1,s1d3,1381,7.231287004327616,5430.0,8.599878,45.80110497237569,63.425414364640886,73.27808471454881,83.77532228360958,359.0,5.886104,6.611418,2465.0,7.810353,45.39595,11.0,2.4849067,0.20257826,1380,0.006535947712418303,False,2,13,16,23,B_cells,B_cells,Naive_B,0
GGGTATTTCCTCTCGA-1,s1d3,1642,7.404279118037268,4452.0,8.401333,34.65858041329739,47.77628032345013,59.11949685534591,73.8544474393531,219.0,5.3936276,4.9191375,1099.0,7.0030656,24.685535,33.0,3.5263605,0.74123985,1642,0.12977099236641218,False,2,9,13,15,B_cells,B_cells,B_cell,1
GGGTGAACAACGGCTC-1,s1d3,2122,7.660585461703256,7540.0,8.92811,40.49071618037136,54.84084880636605,65.45092838196287,76.0079575596817,672.0,6.5117455,8.912467,2282.0,7.733246,30.265251,31.0,3.465736,0.4111406,2121,0.03295786399666249,False,2,4,10,16,B_cells,B_cells,Naive_B,0
GGGTTATAGCGAGAAA-1,s1d3,1175,7.069874128458572,3548.0,8.174421,41.96730552423901,57.97632468996618,68.79932356257046,80.97519729425028,309.0,5.7365723,8.709132,1302.0,7.172425,36.696728,14.0,2.7080503,0.39458853,1175,0.00596603946764571,False,2,13,16,23,B_cells,B_cells,Naive_B,0
GGGTTATCACCGGAAA-1,s1d3,1384,7.233455418621439,3088.0,8.035603,30.05181347150259,41.87176165803109,53.85362694300518,71.37305699481865,166.0,5.117994,5.3756475,667.0,6.504288,21.599741,18.0,2.944439,0.5829016,1384,0.006535947712418303,False,2,9,13,15,B_cells,B_cells,B_cell,1
GGTAACTAGGGAGAAT-1,s1d3,1315,7.182352111885263,5063.0,8.529912,43.59075646849694,62.01856606754889,73.47422476792416,83.9028244124037,443.0,6.0958247,8.749753,2186.0,7.690286,43.175983,15.0,2.7725887,0.29626703,1314,0.008370260955194485,False,2,13,16,23,B_cells,B_cells,Naive_B,0
GGTAACTCACTGTCGG-1,s1d3,1507,7.318539548567902,5964.0,8.693665,44.047619047619044,62.82696177062375,72.97116029510396,83.11535881958417,347.0,5.8522024,5.818243,2799.0,7.9373746,46.931587,16.0,2.8332133,0.2682763,1505,0.006248553575561214,False,2,4,10,12,B_cells,B_cells,Naive_B,0
GGTAATCTCTAGCAAC-1,s1d3,2177,7.686162303492906,9293.0,9.137124,44.56042182287743,60.852254385020984,70.75217905950716,79.50069945119984,821.0,6.7117405,8.834606,3722.0,8.222285,40.05165,37.0,3.637586,0.39814916,2177,0.021077283372365346,False,2,4,10,12,B_cells,B_cells,Naive_B,0
GGTAATCTCTGAGAAA-1,s1d3,1190,7.0825485693553,2987.0,8.002359,37.3619015734851,50.48543689320388,62.169400736524935,76.89989956478071,186.0,5.2311087,6.2269835,704.0,6.558198,23.568798,5.0,1.7917595,0.16739203,1190,0.04949441192123471,False,2,9,13,15,B_cells,B_cells,B_cell,0
GGTAGAGCACCTTCGT-1,s1d3,1334,7.19668657083435,3361.0,8.120292,35.52514132698602,48.76524843796489,60.39869086581374,75.18595656054745,249.0,5.521461,7.4085093,859.0,6.7569323,25.557869,17.0,2.8903718,0.50580186,1332,0.01827347195967234,False,2,9,13,15,B_cells,B_cells,B_cell,1
GGTCTGGAGAAGCCTG-1,s1d3,1377,7.228388451573604,4736.0,8.46316,41.15287162162162,58.80489864864865,70.27027027027027,81.48226351351352,336.0,5.820083,7.094595,1942.0,7.5719886,41.00507,21.0,3.0910425,0.44341218,1376,0.010059324219757545,False,2,4,10,16,B_cells,B_cells,Naive_B,0
GGTGAAGGTATTGGCT-1,s1d3,2338,7.757478766584179,7828.0,8.9655905,37.5447112927951,51.20081757792539,60.93510475217169,72.25344915687276,658.0,6.4907236,8.405723,2383.0,7.776535,30.442003,26.0,3.295837,0.33214104,2335,0.4153846153846153,False,2,4,10,12,B_cells,B_cells,Naive_B,0
GGTGATTCAGGACAGT-1,s1d3,535,6.284134161070802,1170.0,7.0656133,55.042735042735046,62.82051282051282,71.36752136752136,97.00854700854701,359.0,5.886104,30.683762,112.0,4.727388,9.57265,11.0,2.4849067,0.940171,535,0.018807778131973225,False,2,13,16,2,B_cells,B_cells,Naive_B,0
GGTGGCTCAACGACAG-1,s1d3,451,6.113682179832232,939.0,6.84588,55.27156549520767,62.61980830670927,73.26943556975506,100.0,246.0,5.5093884,26.198084,54.0,4.0073333,5.7507987,12.0,2.5649493,1.2779553,451,0.09920983318700616,False,2,9,13,15,B_cells,B_cells,B_cell,1
GGTGTCGTCTGCTTAT-1,s1d3,1500,7.313886831633462,3577.0,8.182559,31.255241822756503,44.730220855465475,56.27620911378249,72.04361196533408,187.0,5.236442,5.227844,882.0,6.783325,24.657534,22.0,3.1354942,0.61504054,1500,0.012714206744057488,False,2,9,13,15,B_cells,B_cells,B_cell,1
GGTGTTAAGTCACGCC-1,s1d3,1285,7.1592919047975645,4163.0,8.334231,40.83593562334855,58.70766274321403,69.54119625270238,81.14340619745376,333.0,5.811141,7.9990396,1551.0,7.3472996,37.256786,12.0,2.5649493,0.28825366,1285,0.011531241619737198,False,2,13,16,23,B_cells,B_cells,Naive_B,0
GGTTAACAGGCATGGT-1,s1d3,1434,7.268920128193722,3483.0,8.155936,35.85989089865059,45.82256675279931,56.732701693942,73.18403674992823,296.0,5.6937323,8.498421,456.0,6.1246834,13.092162,18.0,2.944439,0.5167959,1434,0.05263157894736843,False,2,9,13,15,B_cells,B_cells,B_cell,0
GGTTAACCACCTATCC-1,s1d3,1886,7.54274354536855,5729.0,8.653471,34.43882003840112,47.30319427474254,58.509338453482286,72.43847093733636,207.0,5.3375382,3.613196,1567.0,7.3575563,27.352068,30.0,3.4339871,0.5236516,1885,0.01312482546774644,False,2,9,13,15,B_cells,B_cells,B_cell,1
GGTTCTCAGTAACCGG-1,s1d3,864,6.762729506931879,1856.0,7.5267177,49.299568965517246,55.92672413793104,64.22413793103449,80.38793103448276,467.0,6.1484685,25.161638,176.0,5.17615,9.4827585,26.0,3.295837,1.4008621,864,0.01312482546774644,False,2,4,2,2,B_cells,B_cells,Naive_B,0
GGTTGTAAGGAATTAC-1,s1d3,1431,7.266827347520591,4880.0,8.493105,43.483606557377044,60.55327868852459,70.3688524590164,80.922131147541,373.0,5.924256,7.6434426,1997.0,7.599902,40.92213,11.0,2.4849067,0.22540984,1431,0.012714206744057488,False,2,13,16,23,B_cells,B_cells,Naive_B,0
GTAAGTCGTGCTCGTG-1,s1d3,1311,7.179307969504034,5665.0,8.642239,46.42541924095322,65.8252427184466,76.16946160635482,85.68402471315093,431.0,6.0684257,7.60812,2582.0,7.8567066,45.57811,9.0,2.3025851,0.15887025,1311,0.010416666666666666,False,2,13,16,23,B_cells,B_cells,Naive_B,0
GTAATCGTCCTATTGT-1,s1d3,1634,7.399398083331354,4517.0,8.415825,36.35156077042285,49.85609918087226,60.12840380783706,74.85056453398273,191.0,5.2574954,4.2284703,1332.0,7.1951876,29.4886,20.0,3.0445225,0.44277176,1634,0.010416666666666666,False,2,9,13,15,B_cells,B_cells,B_cell,1
GTAATCGTCGAAGTGG-1,s1d3,480,6.175867270105761,1247.0,7.1292977,61.908580593424226,69.52686447473937,77.54611066559744,100.0,439.0,6.086775,35.20449,60.0,4.1108737,4.8115478,18.0,2.944439,1.4434643,480,0.027873234058801075,False,2,13,16,23,B_cells,B_cells,Naive_B,0
GTAATGCCATCCCACT-1,s1d3,1794,7.492760300922379,5606.0,8.631771,38.99393506956832,52.9432750624331,63.5390652871923,75.59757402782733,377.0,5.934894,6.7249374,1864.0,7.5310163,33.25009,25.0,3.2580965,0.44595078,1793,0.015312131919905774,False,2,4,10,16,B_cells,B_cells,Naive_B,0
GTACAACTCGAGAATA-1,s1d3,778,6.658011045870748,2002.0,7.6024013,56.943056943056945,62.93706293706294,71.12887112887113,86.11388611388612,685.0,6.5308776,34.215782,140.0,4.94876,6.9930067,31.0,3.465736,1.5484515,777,0.06380290587492103,False,2,4,10,12,B_cells,B_cells,Naive_B,0
GTACAGTTCAATCCAG-1,s1d3,270,5.602118820879701,546.0,6.3044486,59.70695970695971,68.86446886446886,87.17948717948718,100.0,197.0,5.288267,36.080585,31.0,3.465736,5.6776557,11.0,2.4849067,2.014652,268,0.2549019607843137,False,2,4,10,12,B_cells,B_cells,Naive_B,0
GTAGAAATCGACCCAG-1,s1d3,989,6.897704943128636,3399.0,8.131531,45.16034127684613,62.19476316563696,73.72756693145043,85.61341571050309,427.0,6.059123,12.562518,1359.0,7.21524,39.98235,18.0,2.944439,0.52956754,989,0.00970873786407767,False,2,13,16,23,B_cells,B_cells,Naive_B,0
GTAGAGGTCCTGGGAC-1,s1d3,543,6.298949246855942,1002.0,6.910751,45.90818363273453,55.78842315369261,65.76846307385229,95.70858283433134,279.0,5.6347895,27.844313,57.0,4.060443,5.6886225,14.0,2.7080503,1.3972056,543,0.16939890710382507,False,2,9,13,15,B_cells,B_cells,B_cell,0
GTAGCTACAAAGGCGT-1,s1d3,1575,7.362645270417825,6344.0,8.755423,42.5126103404792,60.46658259773013,72.27301387137453,83.05485498108449,440.0,6.089045,6.9356875,2723.0,7.909857,42.922447,15.0,2.7725887,0.23644388,1575,0.01775147928994083,False,2,4,10,16,B_cells,B_cells,Naive_B,0
GTAGGAGCAATACCCA-1,s1d3,462,6.137727054086234,976.0,6.8844867,55.43032786885246,62.909836065573764,73.15573770491804,100.0,285.0,5.655992,29.200819,50.0,3.9318256,5.1229506,13.0,2.6390574,1.3319672,462,0.02293259207783183,False,2,9,13,15,B_cells,B_cells,B_cell,1
GTAGTACGTATCGGTT-1,s1d3,1353,7.21081845347222,4253.0,8.355615,42.675758288267104,57.629908300023516,68.30472607571126,79.94356924523865,461.0,6.135565,10.839407,1460.0,7.2868767,34.32871,13.0,2.6390574,0.3056666,1351,0.010416666666666666,False,2,4,10,12,B_cells,B_cells,Naive_B,0
GTATTTCCAGCTGCCA-1,s1d3,1609,7.383989457978509,6127.0,8.720624,45.50350905826669,60.68222621184919,70.42598335237473,81.49175779337358,579.0,6.363028,9.449975,2235.0,7.712444,36.477886,13.0,2.6390574,0.21217561,1609,0.010059324219757545,False,2,13,16,23,B_cells,B_cells,Naive_B,0
GTCAAGTGTCACTCGG-1,s1d3,1823,7.508787170634276,4988.0,8.514991,31.976744186046513,45.950280673616675,57.55813953488372,71.87249398556536,209.0,5.3471074,4.190056,1307.0,7.1762547,26.202887,21.0,3.0910425,0.42101043,1822,0.012311901504787963,False,2,9,13,15,B_cells,B_cells,B_cell,1
GTCAAGTGTCTCCCTA-1,s1d3,1508,7.319202458767849,4314.0,8.369853,39.082058414464534,53.22206768660176,63.53732035234122,76.63421418636996,402.0,5.9989367,9.318498,1307.0,7.1762547,30.296707,35.0,3.583519,0.81131196,1506,0.027873234058801075,False,2,13,16,23,B_cells,B_cells,Naive_B,0
GTCACTCAGTGGACTG-1,s1d3,1652,7.410347097821024,4035.0,8.303009,33.80421313506815,44.56009913258983,55.48946716232962,71.44981412639405,298.0,5.7004437,7.3853774,745.0,6.6147256,18.463444,28.0,3.3672957,0.6939281,1652,0.01827347195967234,False,2,9,13,15,B_cells,B_cells,B_cell,1
GTCAGCGCAGTTCTAG-1,s1d3,1418,7.257707677160043,5006.0,8.518592,43.42788653615661,60.127846584099075,70.73511785856972,81.66200559328806,451.0,6.1136823,9.00919,1903.0,7.551712,38.01438,13.0,2.6390574,0.25968838,1417,0.010780962398106761,False,2,4,10,16,B_cells,B_cells,Naive_B,0
GTCAGCGTCGAGCCAC-1,s1d3,905,6.80903930604298,1899.0,7.549609,46.81411269088994,53.027909426013686,62.875197472353875,78.67298578199052,557.0,6.324359,29.331228,111.0,4.7184987,5.8451815,10.0,2.3978953,0.5265929,903,0.01724137931034483,False,2,4,10,12,B_cells,B_cells,Naive_B,0
GTCATGACAGTCGCTG-1,s1d3,1929,7.5652752818989315,7621.0,8.938794,41.477496391549664,58.53562524603071,68.67865109565673,78.900406770765,623.0,6.4361506,8.17478,2812.0,7.942007,36.898045,24.0,3.218876,0.3149193,1925,0.27695560253699775,False,2,13,16,33,B_cells,B_cells,Naive_B,0
GTCATGACATATCTCT-1,s1d3,1832,7.513709247839705,4544.0,8.421783,28.609154929577464,40.66901408450704,52.24471830985915,68.30985915492957,189.0,5.247024,4.159331,1004.0,6.9127426,22.09507,13.0,2.6390574,0.28609154,1832,0.013544018058690746,False,2,9,13,15,B_cells,B_cells,B_cell,1
GTCATGAGTGTAAATG-1,s1d3,2353,7.763871287820222,9460.0,9.154933,43.61522198731501,59.04862579281184,68.1923890063425,77.5475687103594,951.0,6.858565,10.052854,3430.0,8.140607,36.257927,41.0,3.7376697,0.43340382,2352,0.15136476426799012,False,2,4,10,16,B_cells,B_cells,Naive_B,0
GTCATTTGTGGGAGAG-1,s1d3,1531,7.3343293503005365,4156.0,8.332549,34.26371511068335,47.35322425409047,59.26371511068334,75.1924927815207,242.0,5.4930615,5.8229065,1173.0,7.068172,28.224255,23.0,3.1780539,0.5534167,1530,0.007125890736342043,False,2,9,13,15,B_cells,B_cells,B_cell,1
GTCCCATCAGATACTC-1,s1d3,887,6.78897174299217,3080.0,8.03301,44.44805194805195,63.44155844155844,75.09740259740259,87.43506493506493,265.0,5.583496,8.603896,1397.0,7.242798,45.357143,22.0,3.1354942,0.71428573,887,0.005146565227120161,False,2,13,16,23,B_cells,B_cells,Naive_B,0
GTCCTCACAACGGTAG-1,s1d3,1750,7.467942332285852,6202.0,8.732788,44.16317316994518,59.94840374072879,69.0422444372783,79.73234440503063,524.0,6.263398,8.448888,2384.0,7.7769547,38.439213,35.0,3.583519,0.5643341,1750,0.05429864253393665,False,2,4,10,16,B_cells,B_cells,Naive_B,0
GTCCTCACAGAGGTAC-1,s1d3,1740,7.462214939768189,7426.0,8.912877,47.56261782924859,63.93751683274979,73.16186372205765,82.64206840829517,474.0,6.163315,6.382979,3151.0,8.055793,42.431995,13.0,2.6390574,0.1750606,1738,0.08469308469308467,False,2,4,10,12,B_cells,B_cells,Naive_B,0
GTCCTCAGTTATGTCG-1,s1d3,593,6.386879319362645,1190.0,7.0825486,48.319327731092436,56.72268907563025,66.97478991596638,92.18487394957982,319.0,5.768321,26.806725,36.0,3.6109178,3.0252101,25.0,3.2580965,2.1008403,593,0.04801670146137786,False,2,4,2,2,B_cells,B_cells,Naive_B,0
GTCGCGACAATCCTTT-1,s1d3,527,6.269096283706261,1432.0,7.2675257,63.96648044692738,70.18156424581005,77.16480446927375,98.1145251396648,645.0,6.4707994,45.0419,65.0,4.189655,4.539106,11.0,2.4849067,0.76815647,526,0.03797468354430379,False,2,4,2,2,B_cells,B_cells,Naive_B,0
GTCGTAAAGACCAACG-1,s1d3,1607,7.382746449738912,4679.0,8.451054,36.22568924983971,49.284035050224404,61.508869416542,75.80679632400086,326.0,5.7899604,6.967301,1146.0,7.044905,24.492413,25.0,3.2580965,0.5343022,1607,0.06172839506172841,False,2,9,13,15,B_cells,B_cells,B_cell,1
GTCGTTCCAACGGGTA-1,s1d3,1636,7.400620577371135,6420.0,8.767329,45.218068535825545,63.021806853582554,72.33644859813084,82.30529595015577,587.0,6.376727,9.143302,2880.0,7.965893,44.85981,16.0,2.8332133,0.24922118,1635,0.011152416356877323,False,2,13,16,23,B_cells,B_cells,Naive_B,0
GTCTACCAGCGAACTG-1,s1d3,1606,7.382124365737512,4638.0,8.442254,38.59422164726175,52.30702889176369,63.15222078482105,76.15351444588184,376.0,5.9322453,8.106942,1407.0,7.2499256,30.336353,19.0,2.9957323,0.40965933,1605,0.00970873786407767,False,2,13,16,23,B_cells,B_cells,Naive_B,0
GTCTACCAGGGAGGCA-1,s1d3,1416,7.256297239690681,4954.0,8.508152,44.08558740411788,61.66733952361728,71.07387969317723,81.50989099717401,594.0,6.3885612,11.990311,1971.0,7.5868034,39.786034,19.0,2.9957323,0.38352847,1414,0.01191765980498375,False,2,4,10,16,B_cells,B_cells,Naive_B,0
GTCTAGACACCAGCGT-1,s1d3,1468,7.292337176173877,4848.0,8.486527,40.367161716171616,56.00247524752475,67.42986798679867,80.03300330033002,380.0,5.9427996,7.8382835,1627.0,7.3951077,33.56023,12.0,2.5649493,0.24752475,1468,0.007125890736342043,False,2,13,16,23,B_cells,B_cells,Naive_B,0
GTCTAGATCGTCTAAG-1,s1d3,369,5.91350300563827,986.0,6.89467,65.51724137931035,72.71805273833671,82.86004056795132,100.0,435.0,6.0776424,44.11765,67.0,4.2195077,6.795132,11.0,2.4849067,1.1156187,369,0.010780962398106761,False,2,13,16,2,B_cells,B_cells,Naive_B,0
GTCTTTAGTAGGGAGG-1,s1d3,1151,7.049254841255837,4025.0,8.300529,45.7639751552795,63.32919254658385,73.26708074534162,83.82608695652173,387.0,5.961005,9.614906,1758.0,7.472501,43.67702,12.0,2.5649493,0.29813662,1151,0.013544018058690746,False,2,13,16,23,B_cells,B_cells,Naive_B,0
GTGACGCCACTTCCTG-1,s1d3,1674,7.423568444259167,4131.0,8.326517,32.219801500847254,43.81505688695231,54.73251028806584,70.78189300411523,183.0,5.214936,4.42992,923.0,6.828712,22.343258,24.0,3.218876,0.58097315,1673,0.019354838709677417,False,2,9,13,15,B_cells,B_cells,B_cell,1
GTGAGCCAGGTCACAG-1,s1d3,485,6.186208623900494,1222.0,7.109062,63.666121112929616,68.49427168576105,76.67757774140753,100.0,476.0,6.1675167,38.952534,46.0,3.8501477,3.7643209,18.0,2.944439,1.472995,485,0.014855811243810076,False,2,4,2,2,B_cells,B_cells,Naive_B,0
GTGAGCCAGTCCGCCA-1,s1d3,1258,7.138073034044347,3087.0,8.035279,30.32069970845481,45.64301911240687,58.47100745059929,75.44541626174279,137.0,4.9272537,4.4379654,955.0,6.862758,30.936184,15.0,2.7725887,0.48590866,1258,0.012714206744057488,False,2,9,13,15,B_cells,B_cells,B_cell,1
GTGAGCCCAAAGGCGT-1,s1d3,1175,7.069874128458572,2487.0,7.8192344,39.68636911942099,47.72818657016486,57.016485725774025,72.85886610373944,328.0,5.7960577,13.188581,240.0,5.484797,9.650181,29.0,3.4011974,1.1660635,1175,0.04263565891472869,False,2,9,13,15,B_cells,B_cells,B_cell,1
GTGAGGAGTACCAATC-1,s1d3,1099,7.003065458786462,3934.0,8.277666,46.5683782409761,64.133197763091,74.30096593797661,84.7737671581088,385.0,5.9558372,9.786477,1673.0,7.4229712,42.526688,16.0,2.8332133,0.4067107,1099,0.005415162454873647,False,2,13,16,23,B_cells,B_cells,Naive_B,0
GTGCACGCAAGTTGGG-1,s1d3,1594,7.374629015218945,5914.0,8.685246,43.21947920189381,60.28068988840041,70.35847142374027,81.50152181264797,418.0,6.037871,7.0679746,2529.0,7.8359747,42.762936,16.0,2.8332133,0.27054447,1593,0.008695652173913044,False,2,4,10,12,B_cells,B_cells,Naive_B,0
GTGCACGCAGCTCATA-1,s1d3,566,6.340359303727752,1131.0,7.031741,48.894783377542,57.736516357206014,67.63925729442971,94.16445623342176,268.0,5.5947113,23.695845,54.0,4.0073333,4.7745357,10.0,2.3978953,0.8841733,565,0.0706521739130435,False,2,9,13,15,B_cells,B_cells,B_cell,1
GTGCAGCAGAGATGCC-1,s1d3,874,6.774223886357614,1885.0,7.5422134,44.35013262599469,53.209549071618035,63.87267904509284,80.15915119363395,332.0,5.8081427,17.612732,278.0,5.6312118,14.74801,22.0,3.1354942,1.1671088,874,0.028659953524399692,False,2,13,16,23,B_cells,B_cells,Naive_B,0
GTGCAGCAGGCTTCCG-1,s1d3,1878,7.538494999413465,5145.0,8.545975,30.6511175898931,43.57628765792031,55.39358600583091,70.51506316812439,237.0,5.4722705,4.606414,1409.0,7.251345,27.38581,17.0,2.8903718,0.33041787,1876,0.00596603946764571,False,2,9,13,15,B_cells,B_cells,B_cell,1
GTGCGTGGTCGCATGC-1,s1d3,416,6.0330862217988015,822.0,6.7129564,54.62287104622872,61.55717761557178,73.72262773722628,100.0,226.0,5.42495,27.493917,45.0,3.8286414,5.4744525,9.0,2.3025851,1.0948905,416,0.05429864253393665,False,2,4,2,2,B_cells,B_cells,Naive_B,0
GTGCGTGTCAAGTAAG-1,s1d3,1668,7.419979923661835,6826.0,8.828641,43.70055669498974,62.1740404336361,72.50219748022268,82.52270729563433,474.0,6.163315,6.9440374,3089.0,8.035927,45.253445,33.0,3.5263605,0.48344564,1665,0.1180625630676085,False,2,4,10,16,B_cells,B_cells,Naive_B,0
GTGCTGGAGATCCAAA-1,s1d3,749,6.620073206530356,2498.0,7.823646,49.159327461969575,66.93354683746998,77.34187349879905,90.0320256204964,268.0,5.5947113,10.728582,1205.0,7.095064,48.23859,5.0,1.7917595,0.20016013,749,0.013544018058690746,False,2,4,10,12,B_cells,B_cells,Naive_B,0
GTGGCGTAGGGCAGAG-1,s1d3,1363,7.218176838403408,5855.0,8.675222,46.96840307429547,65.44833475661828,75.69598633646456,85.2604611443211,367.0,5.908083,6.2681465,2797.0,7.9366603,47.771133,20.0,3.0445225,0.34158838,1360,0.012311901504787963,False,2,13,16,23,B_cells,B_cells,Naive_B,0
GTGGCGTGTGGTCTAT-1,s1d3,1404,7.247792581767846,4150.0,8.331104,36.69879518072289,52.313253012048186,64.3855421686747,78.21686746987952,236.0,5.46806,5.686747,1440.0,7.2730927,34.698795,17.0,2.8903718,0.40963855,1402,0.010059324219757545,False,2,9,13,15,B_cells,B_cells,B_cell,1
GTGGGAAGTTGAGAGC-1,s1d3,762,6.637258031284457,1812.0,7.502738,54.746136865342166,60.98233995584989,68.98454746136865,85.54083885209714,563.0,6.3350544,31.07064,82.0,4.4188404,4.5253863,21.0,3.0910425,1.1589404,762,0.015778505507591547,False,2,13,16,23,B_cells,B_cells,Naive_B,0
GTGTAACAGTCAAGCG-1,s1d3,693,6.542471960506805,1626.0,7.394493,56.33456334563346,62.48462484624846,69.68019680196802,88.13038130381304,611.0,6.4167323,37.576874,57.0,4.060443,3.5055351,13.0,2.6390574,0.79950804,692,0.107981220657277,False,2,4,2,2,B_cells,B_cells,Naive_B,0
GTGTGGCCACGGTGTC-1,s1d3,1565,7.356279876550748,6077.0,8.712431,45.927266743458944,62.168833305907526,71.82820470626953,82.47490538094453,608.0,6.4118185,10.004937,2427.0,7.794823,39.93747,29.0,3.4011974,0.47720912,1565,0.012714206744057488,False,2,4,10,12,B_cells,B_cells,Naive_B,0
GTGTGGCGTACTGCCG-1,s1d3,1451,7.280697195384741,6567.0,8.789965,51.62174508908177,68.5853509974113,77.03669864473885,85.51850159890361,622.0,6.4345465,9.471601,3105.0,8.041091,47.281864,23.0,3.1780539,0.35023603,1450,0.033898305084745756,False,2,4,10,12,B_cells,B_cells,Naive_B,0
GTGTTAGTCCACTAGA-1,s1d3,1786,7.488293515159428,6593.0,8.793916,41.99908994387987,59.0778097982709,69.08842711967237,79.49340209312908,504.0,6.2245584,7.6444716,2638.0,7.878155,40.012135,28.0,3.3672957,0.42469287,1785,0.01775147928994083,False,2,13,16,23,B_cells,B_cells,Naive_B,0
GTGTTCCGTCCAAGAG-1,s1d3,879,6.779921907472252,1945.0,7.573531,40.71979434447301,51.72236503856041,63.34190231362468,80.51413881748071,273.0,5.613128,14.03599,430.0,6.066108,22.10797,16.0,2.8332133,0.8226221,879,0.01724137931034483,False,2,9,13,15,B_cells,B_cells,B_cell,1
GTTACCCCACTGTCCT-1,s1d3,1533,7.335633981927201,5503.0,8.613231,43.249136834453935,60.47610394330365,70.32527712157005,81.22842086134835,467.0,6.1484685,8.4862795,2161.0,7.678789,39.26949,26.0,3.295837,0.47246957,1532,0.011531241619737198,False,2,4,10,16,B_cells,B_cells,Naive_B,0
GTTACGAGTAAGCAAT-1,s1d3,1824,7.509335266016592,5126.0,8.542276,33.4178696839641,47.17128365197035,58.505657432696054,72.74678111587983,216.0,5.379897,4.213812,1483.0,7.3024964,28.93094,37.0,3.637586,0.7218104,1821,0.007428708363287803,False,2,9,13,15,B_cells,B_cells,B_cell,1
GTTACGAGTACTCGTA-1,s1d3,1363,7.218176838403408,4001.0,8.29455,40.56485878530368,55.46113471632091,65.85853536615845,78.43039240189952,293.0,5.68358,7.3231688,1393.0,7.2399325,34.816296,17.0,2.8903718,0.42489377,1362,0.006248553575561214,False,2,4,10,16,B_cells,B_cells,Naive_B,0
GTTACGATCGGCTTGG-1,s1d3,1739,7.461640392208575,6288.0,8.746557,39.18575063613232,56.50445292620865,68.38422391857506,79.48473282442748,432.0,6.070738,6.870229,2384.0,7.7769547,37.913486,12.0,2.5649493,0.1908397,1739,0.018807778131973225,False,2,13,16,23,B_cells,B_cells,Naive_B,0
GTTAGTGAGACTCTAC-1,s1d3,1702,7.440146680662688,5928.0,8.687611,40.33400809716599,55.11133603238867,66.46423751686909,78.71120107962213,402.0,5.9989367,6.7813764,1985.0,7.593878,33.485157,19.0,2.9957323,0.32051283,1701,0.010059324219757545,False,2,13,16,33,B_cells,B_cells,Naive_B,0
GTTAGTGAGCCATTCA-1,s1d3,1267,7.145196134997171,3081.0,8.033334,35.41058098020123,49.13988964621876,60.04543979227523,75.10548523206751,167.0,5.123964,5.420318,1011.0,6.919684,32.814022,13.0,2.6390574,0.42194092,1265,0.009364717792963807,False,2,9,13,15,B_cells,B_cells,B_cell,1
GTTATGGTCATTGCGA-1,s1d3,2203,7.698029170272805,7963.0,8.982687,40.31144041190506,55.443928167775965,65.7164385281929,75.91360040185859,664.0,6.499787,8.338566,2739.0,7.9157133,34.396584,15.0,2.7725887,0.18837121,2202,0.031161473087818706,False,2,13,16,33,B_cells,B_cells,Naive_B,0
GTTCATTGTGACCGAA-1,s1d3,1442,7.274479558773871,3665.0,8.206857,38.362892223738065,48.54024556616644,59.26330150068213,74.29740791268759,187.0,5.236442,5.1023192,637.0,6.4583383,17.380629,22.0,3.1354942,0.60027283,1440,0.04522613065326634,False,2,9,13,15,B_cells,B_cells,B_cell,1
GTTCCGTAGCTGACTT-1,s1d3,1525,7.330405211844402,4284.0,8.362876,36.904761904761905,52.12418300653595,62.34827264239029,76.07376283846872,302.0,5.7137327,7.0494866,1414.0,7.2548847,33.00654,30.0,3.4339871,0.70028013,1525,0.012311901504787963,False,2,13,16,23,B_cells,B_cells,Naive_B,0
GTTCCGTTCCGTAGTA-1,s1d3,1987,7.59488438721652,5353.0,8.585599,32.35568839902858,43.751167569587146,54.71698113207547,69.34429291985802,362.0,5.894403,6.7625628,1085.0,6.9902563,20.269009,32.0,3.4965076,0.5977956,1986,0.03295786399666249,False,2,9,13,15,B_cells,B_cells,B_cell,1
GTTCGCTCAACACGTT-1,s1d3,1988,7.5953872788539725,8133.0,9.003808,43.47719168818394,60.15000614779294,69.92499692610353,79.76146563383745,461.0,6.135565,5.668265,3384.0,8.12711,41.60826,28.0,3.3672957,0.3442764,1985,0.012311901504787963,False,2,13,16,23,B_cells,B_cells,Naive_B,0
GTTCGCTCAATGACCT-1,s1d3,1413,7.254177846456518,3220.0,8.077447,32.88819875776397,43.19875776397515,54.254658385093165,71.64596273291926,246.0,5.5093884,7.6397514,500.0,6.216606,15.52795,17.0,2.8903718,0.52795035,1413,0.012714206744057488,False,2,9,13,15,B_cells,B_cells,B_cell,1
GTTCTATCAGAGGCTA-1,s1d3,1589,7.371489295214277,3857.0,8.257904,33.938294010889294,44.3609022556391,55.250194451646365,71.76562094892404,231.0,5.4467373,5.989111,648.0,6.475433,16.800623,16.0,2.8332133,0.41483018,1589,0.0510314875135722,False,2,9,13,15,B_cells,B_cells,B_cell,1
GTTCTATTCCGTATAG-1,s1d3,1796,7.493873886783559,5511.0,8.614683,36.87171112320813,52.458718925784794,63.164579931046994,75.61241154055526,369.0,5.913503,6.6956997,1877.0,7.537963,34.059155,20.0,3.0445225,0.36291054,1793,0.012311901504787963,False,2,13,16,23,B_cells,B_cells,Naive_B,0
GTTCTATTCCGTGGCA-1,s1d3,1468,7.292337176173877,3923.0,8.274867,32.85750700994137,46.85189905684425,59.01096099923529,75.32500637267397,210.0,5.351858,5.3530464,1104.0,7.007601,28.141727,15.0,2.7725887,0.38236046,1468,0.007736943907156673,False,2,9,13,15,B_cells,B_cells,B_cell,1
GTTGCGGTCAAATAGG-1,s1d3,1899,7.549609165154532,5791.0,8.664233,43.032291486789845,54.48109134864445,63.011569677085134,74.66758763598688,755.0,6.6280413,13.037472,1530.0,7.3336763,26.420307,30.0,3.4339871,0.51804525,1896,0.27695560253699775,False,2,13,16,12,B_cells,B_cells,Naive_B,0
GTTGCTCCATTCAGCA-1,s1d3,1593,7.374001859350161,5008.0,8.518991,40.93450479233226,56.36980830670927,66.05431309904152,78.17492012779552,489.0,6.1944056,9.764377,1598.0,7.377134,31.908945,32.0,3.4965076,0.63897765,1592,0.02293259207783183,False,2,13,16,23,B_cells,B_cells,Naive_B,0
GTTGTAGGTACTCGTA-1,s1d3,1577,7.363913501405819,3993.0,8.292548,32.632106185825194,45.73002754820937,57.20010017530679,73.02779864763336,264.0,5.57973,6.61157,902.0,6.8057227,22.58953,34.0,3.5553482,0.8514901,1576,0.025641025641025644,False,2,9,13,15,B_cells,B_cells,B_cell,1
GTTTGGAAGCCGGATA-1,s1d3,1268,7.1459844677143876,3941.0,8.279444,41.791423496574474,58.46231920832277,68.76427302715047,80.51256026389241,314.0,5.7525725,7.967521,1472.0,7.2950563,37.350925,23.0,3.1780539,0.5836082,1268,0.04022450888681011,False,2,13,16,23,B_cells,B_cells,Naive_B,0
GTTTGGAGTAGAGTTA-1,s1d3,1602,7.3796321526095525,6466.0,8.774467,45.02010516548098,63.23847819362821,73.12094030312404,82.95700587689453,654.0,6.4846354,10.114445,2827.0,7.947325,43.721,17.0,2.8903718,0.2629137,1602,0.012714206744057488,False,2,4,10,16,B_cells,B_cells,Naive_B,0
TAACACGTCCTCTGCA-1,s1d3,1704,7.4413203897176174,4980.0,8.513386,37.20883534136546,51.34538152610442,61.867469879518076,75.40160642570282,421.0,6.0450053,8.453815,1462.0,7.2882442,29.35743,28.0,3.3672957,0.562249,1704,0.01991511589944499,False,2,4,10,12,B_cells,B_cells,Naive_B,0
TAACGACTCTGGGAGA-1,s1d3,1338,7.199678345691172,4190.0,8.340694,41.766109785202865,58.04295942720764,68.44868735083533,80.0,373.0,5.924256,8.902148,1603.0,7.3802557,38.257755,21.0,3.0910425,0.50119334,1337,0.009027081243731193,False,2,13,16,23,B_cells,B_cells,Naive_B,0
TAAGCGTGTACTAACC-1,s1d3,1245,7.1276936993473985,3238.0,8.08302,34.71278567016677,49.66028412600371,62.384187770228536,76.99197035206919,197.0,5.288267,6.0840025,970.0,6.8783264,29.956764,18.0,2.944439,0.5558987,1245,0.01191765980498375,False,2,9,13,15,B_cells,B_cells,B_cell,1
TAAGTCGGTTTGAACC-1,s1d3,1437,7.271008538280992,6032.0,8.705,47.76193633952255,65.6996021220159,74.78448275862068,84.46618037135278,515.0,6.2461066,8.537798,2742.0,7.9168077,45.45756,13.0,2.6390574,0.21551724,1437,0.028659953524399692,False,2,13,16,33,B_cells,B_cells,Naive_B,0
TAATCTCAGTTGCCCG-1,s1d3,2485,7.818430272070656,7222.0,8.885026,29.216283577956244,41.95513708114096,52.6862364995846,66.68512877319303,149.0,5.0106354,2.0631404,1885.0,7.5422134,26.100803,12.0,2.5649493,0.16615896,2481,0.018807778131973225,False,2,9,13,15,B_cells,B_cells,B_cell,1
TACAACGTCAGAGCAG-1,s1d3,1431,7.266827347520591,4326.0,8.37263,38.92741562644475,55.016181229773466,66.52797041146556,78.47896440129449,379.0,5.9401712,8.76098,1507.0,7.3185396,34.835876,12.0,2.5649493,0.2773925,1431,0.011531241619737198,False,2,4,10,12,B_cells,B_cells,Naive_B,0
TACACCCAGACGACTG-1,s1d3,503,6.222576268071369,1387.0,7.235619,63.37418889689979,70.58399423215573,78.15428983417448,99.78370583994231,591.0,6.383507,42.60995,59.0,4.0943446,4.253785,32.0,3.4965076,2.3071377,503,0.1128404669260701,False,2,4,2,2,B_cells,B_cells,Naive_B,0
TACACCCAGACTTCGT-1,s1d3,734,6.5998704992128365,1409.0,7.251345,45.28034066713982,52.37757274662882,62.10078069552875,83.39247693399574,250.0,5.525453,17.74308,48.0,3.8918204,3.4066715,20.0,3.0445225,1.4194465,733,0.030303030303030304,False,2,9,13,15,B_cells,B_cells,B_cell,1
TACAGGTCAGAGTGTG-1,s1d3,1702,7.440146680662688,3925.0,8.275376,30.445859872611464,41.29936305732484,51.77070063694268,68.40764331210191,201.0,5.3082676,5.121019,657.0,6.489205,16.738853,37.0,3.637586,0.9426751,1702,0.04022450888681011,False,2,9,13,15,B_cells,B_cells,B_cell,1
TACATTCGTTTAGACC-1,s1d3,1678,7.425953657077541,5720.0,8.651899,40.36713286713287,56.66083916083916,67.48251748251748,79.4055944055944,211.0,5.3565865,3.688811,2244.0,7.7164607,39.23077,25.0,3.2580965,0.43706292,1676,0.024936754607878576,False,2,4,10,12,B_cells,B_cells,Naive_B,0
TACCCACCAATGCAGG-1,s1d3,1594,7.374629015218945,5751.0,8.657303,42.792557816031994,59.346200660754654,70.1095461658842,80.9772213528082,486.0,6.1882644,8.450704,2213.0,7.702556,38.480263,22.0,3.1354942,0.38254216,1594,0.008695652173913044,False,2,4,10,16,B_cells,B_cells,Naive_B,0
TACCGGGAGAACGCGT-1,s1d3,1804,7.498315870766981,6772.0,8.8207,41.154754873006496,57.250443000590664,67.82339043118725,79.14943886591848,436.0,6.079933,6.4382753,2543.0,7.841493,37.55168,29.0,3.4011974,0.4282339,1804,0.02048909451421018,False,2,4,10,16,B_cells,B_cells,Naive_B,0
TACCTCGCATGGACAG-1,s1d3,1468,7.292337176173877,4711.0,8.457868,39.482063256208875,54.9777117384844,66.48270006368074,79.45234557418807,260.0,5.5645204,5.518998,1653.0,7.410952,35.088093,21.0,3.0910425,0.4457652,1468,0.006535947712418303,False,2,4,10,12,B_cells,B_cells,Naive_B,0
TACGCTCAGTAAACTG-1,s1d3,1204,7.094234845924755,3901.0,8.269244,44.014355293514484,60.93309407844143,71.03306844398872,81.95334529607793,364.0,5.8998976,9.330941,1485.0,7.3038435,38.06716,8.0,2.1972246,0.20507562,1204,0.010059324219757545,False,2,4,10,12,B_cells,B_cells,Naive_B,0
TACGCTCCACTGTTCC-1,s1d3,2020,7.611347717403621,6305.0,8.749257,37.351308485329106,52.323552735923876,62.63283108643933,74.05233941316416,614.0,6.4216223,9.738303,1977.0,7.5898414,31.356066,53.0,3.988984,0.8406027,2018,0.00970873786407767,False,2,13,16,23,B_cells,B_cells,Naive_B,0
TACGCTCGTACGCTTA-1,s1d3,2009,7.605890001053122,5234.0,8.563122,31.46732900267482,43.121895299961785,53.897592663354985,68.24608330149026,276.0,5.6240177,5.2732134,1044.0,6.951772,19.946503,28.0,3.3672957,0.5349637,2008,0.018807778131973225,False,2,9,13,15,B_cells,B_cells,B_cell,1
TACGGTAGTACCTAAC-1,s1d3,1698,7.4377951216719325,5831.0,8.671115,42.05110615674841,58.29188818384496,68.23872406105299,79.45463899845653,558.0,6.3261495,9.569542,2185.0,7.689829,37.472134,26.0,3.295837,0.44589266,1698,0.010780962398106761,False,2,4,10,16,B_cells,B_cells,Naive_B,0
TACGTCCAGGTACCTT-1,s1d3,1898,7.549082710812286,7016.0,8.8560915,43.443557582668184,58.49486887115165,67.7594070695553,78.40649942987457,610.0,6.4150968,8.694412,2493.0,7.8216434,35.533066,29.0,3.4011974,0.41334093,1897,0.015778505507591547,False,2,13,16,33,B_cells,B_cells,Naive_B,0
TACGTCCCAGTGGTGA-1,s1d3,1726,7.454141078146678,5449.0,8.603371,39.19985318407047,55.03762158194164,65.27803266654432,77.29858689667829,402.0,5.9989367,7.3775,1938.0,7.5699277,35.56616,12.0,2.5649493,0.22022389,1726,0.015312131919905774,False,2,13,16,23,B_cells,B_cells,Naive_B,0
TACTGCCCAAGTTTGC-1,s1d3,1969,7.585788821732034,5180.0,8.552753,29.266409266409266,41.138996138996134,52.60617760617761,67.68339768339769,229.0,5.4380794,4.4208493,1037.0,6.945051,20.019304,31.0,3.465736,0.5984556,1966,0.02048909451421018,False,2,9,13,15,B_cells,B_cells,B_cell,1
TACTTACGTGGTACAG-1,s1d3,1504,7.316548177182976,4938.0,8.504918,44.69420818144998,60.024301336573515,69.23855812069664,79.66788173349534,485.0,6.1862087,9.821791,1922.0,7.5616417,38.92264,18.0,2.944439,0.36452004,1504,0.014855811243810076,False,2,13,16,23,B_cells,B_cells,Naive_B,0
TACTTACGTTCAAACC-1,s1d3,2413,7.789040401657477,8839.0,9.087042,39.1446996266546,54.0558886751895,63.943885054870464,74.44281027265528,838.0,6.7322106,9.48071,2976.0,7.9986715,33.66897,20.0,3.0445225,0.22626995,2413,0.011152416356877323,False,2,4,10,12,B_cells,B_cells,Naive_B,0
TACTTCACAAGCTACT-1,s1d3,2341,7.758760544157663,7196.0,8.881419,32.43468593663146,45.66425792106726,57.22623679822123,70.15008337965536,358.0,5.8833222,4.974986,1847.0,7.521859,25.667038,19.0,2.9957323,0.26403558,2340,0.021077283372365346,False,2,9,13,15,B_cells,B_cells,B_cell,1
TACTTGTAGCGGTATG-1,s1d3,323,5.780743515792329,670.0,6.508769,59.253731343283576,66.71641791044776,81.64179104477613,100.0,227.0,5.4293456,33.880596,26.0,3.295837,3.8805969,11.0,2.4849067,1.6417911,323,0.0731707317073171,False,2,9,13,15,B_cells,B_cells,B_cell,0
TAGACCATCTTTACAC-1,s1d3,1807,7.4999765409521215,4762.0,8.468633,32.73834523309534,44.72910541789164,55.81688366232675,70.53758924821504,253.0,5.5373344,5.312894,1094.0,6.99851,22.973541,22.0,3.1354942,0.46199077,1807,0.03690529124055136,False,2,9,13,15,B_cells,B_cells,B_cell,1
TAGAGTCTCTCCCATG-1,s1d3,1608,7.3833681469923835,5802.0,8.66613,43.795243019648396,60.70320579110652,70.28610823853843,80.90313684936228,587.0,6.376727,10.117201,2229.0,7.709757,38.417786,167.0,5.123964,2.8783178,1607,0.08157099697885198,False,2,13,16,23,B_cells,B_cells,Naive_B,0
TAGATCGTCAACGCTA-1,s1d3,2270,7.7279755421055585,9667.0,9.176577,42.89852074066411,59.88414192614048,69.50449984483294,78.5559118651081,883.0,6.784457,9.134168,3890.0,8.266421,40.239994,24.0,3.218876,0.2482673,2269,0.010059324219757545,False,2,4,10,12,B_cells,B_cells,Naive_B,0
TAGGAGGGTAACGGTG-1,s1d3,1606,7.382124365737512,5182.0,8.55314,37.41798533384794,52.75955229641065,65.1099961404863,78.38672327286761,288.0,5.6664267,5.5576997,1755.0,7.4707937,33.867233,26.0,3.295837,0.50173676,1606,0.026364649090233935,False,2,9,13,15,B_cells,B_cells,B_cell,1
TAGGAGGGTGTGTCGC-1,s1d3,1600,7.3783837129967145,6584.0,8.79255,44.304374240583236,63.09234507897934,73.1318347509113,83.26245443499393,511.0,6.2383246,7.761239,3084.0,8.034307,46.840824,17.0,2.8903718,0.25820172,1600,0.013544018058690746,False,2,13,16,23,B_cells,B_cells,Naive_B,0
TAGGGTTCACGGTGCT-1,s1d3,1692,7.4342573821331355,4221.0,8.348064,34.186211798152094,45.321013977730395,56.02937692489931,71.59440890784174,227.0,5.4293456,5.3778725,911.0,6.81564,21.582563,25.0,3.2580965,0.59227675,1692,0.01191765980498375,False,2,9,13,15,B_cells,B_cells,B_cell,1
TAGGGTTCATCCAACA-1,s1d3,1939,7.570443252057374,6846.0,8.831566,42.00993280747882,57.37657026000584,66.82734443470639,77.37364884604149,555.0,6.3207684,8.106924,2504.0,7.826044,36.576103,29.0,3.4011974,0.42360505,1939,0.011531241619737198,False,2,13,16,23,B_cells,B_cells,Naive_B,0
TAGGTACCAATTGCTG-1,s1d3,1875,7.53689712956617,8289.0,9.022805,47.062371818072144,65.36373507057546,73.78453371938714,82.35010254554228,544.0,6.300786,6.562915,3888.0,8.265907,46.905537,34.0,3.5553482,0.41018218,1875,0.013972055888223553,False,2,13,16,23,B_cells,B_cells,Naive_B,0
TAGGTACCAGTCTGGC-1,s1d3,2134,7.666221925662725,7236.0,8.886962,40.71310116086235,54.21503593145383,63.916528468767275,74.84798231066888,675.0,6.516193,9.328358,2211.0,7.7016525,30.555555,32.0,3.4965076,0.44223326,2134,0.012311901504787963,False,2,13,16,23,B_cells,B_cells,Naive_B,0
TATACCTTCCCGTTGT-1,s1d3,2382,7.776115477098742,8904.0,9.094368,41.711590296495956,55.91868823000898,65.5884995507637,75.51662174303684,832.0,6.7250338,9.344115,2923.0,7.9807076,32.82794,18.0,2.944439,0.20215632,2380,0.012311901504787963,False,2,4,10,16,B_cells,B_cells,Naive_B,0
TATATCCCATTAGGCT-1,s1d3,1564,7.355641102974253,4805.0,8.47762,39.31321540062435,55.52549427679501,66.16024973985432,77.85639958376692,512.0,6.240276,10.655567,1511.0,7.3211884,31.44641,38.0,3.6635616,0.7908429,1563,0.016255267910897053,False,2,4,10,12,B_cells,B_cells,Naive_B,0
TATATCCTCGTCGATA-1,s1d3,362,5.8944028342648505,738.0,6.605298,57.72357723577236,64.49864498644986,78.04878048780488,100.0,212.0,5.3612924,28.726288,47.0,3.871201,6.368563,14.0,2.7080503,1.8970189,362,0.3027522935779817,False,2,9,13,15,B_cells,B_cells,B_cell,1
TATCCTAAGTCGTCTA-1,s1d3,1354,7.2115567333138015,3829.0,8.25062,33.820840950639855,48.498302428832595,61.66100809610865,77.6965265082267,144.0,4.9767337,3.760773,1280.0,7.1553965,33.429096,9.0,2.3025851,0.23504831,1354,0.008695652173913044,False,2,9,13,15,B_cells,B_cells,B_cell,1
TATCCTATCAGAGTTC-1,s1d3,1617,7.388946097618437,4968.0,8.510974,37.94283413848631,53.80434782608695,64.15056360708535,77.51610305958133,242.0,5.4930615,4.8711753,1833.0,7.5142546,36.896137,20.0,3.0445225,0.40257648,1616,0.007428708363287803,False,2,13,16,23,B_cells,B_cells,Naive_B,0
TATCGCCTCGAGTGAG-1,s1d3,1641,7.403670290012373,4500.0,8.412055,31.422222222222224,46.511111111111106,58.88888888888889,74.06666666666666,191.0,5.2574954,4.2444444,1381.0,7.231287,30.688889,19.0,2.9957323,0.42222223,1640,0.007736943907156673,False,2,9,13,15,B_cells,B_cells,B_cell,1
TATCTGTCACTGTCCT-1,s1d3,2149,7.673223121121708,5776.0,8.66164,29.380193905817176,40.32202216066482,51.488919667590025,66.70706371191135,260.0,5.5645204,4.5013847,1115.0,7.017506,19.304016,36.0,3.6109178,0.62326866,2147,0.05785123966942148,False,2,9,13,15,B_cells,B_cells,B_cell,1
TATTCCACAGCTACCG-1,s1d3,1341,7.201916317531627,4254.0,8.35585,40.738128819934175,57.5223319228961,67.84203102961918,80.23037141513869,287.0,5.6629605,6.7465916,1526.0,7.3310604,35.87212,22.0,3.1354942,0.5171603,1339,0.006828349423122205,False,2,4,10,12,B_cells,B_cells,Naive_B,0
TATTCCAGTCACGCTG-1,s1d3,1318,7.1846291527173145,3161.0,8.05896,36.79215438152483,48.52894653590636,58.93704523884846,74.12211325529896,206.0,5.332719,6.5169253,741.0,6.6093493,23.44195,14.0,2.7080503,0.4428978,1318,0.00970873786407767,False,2,9,13,15,B_cells,B_cells,B_cell,1
TATTCCATCCAAATGC-1,s1d3,1897,7.5485559791698735,8510.0,9.049115,46.48648648648649,63.86603995299648,72.83196239717978,81.786133960047,772.0,6.650279,9.07168,3702.0,8.216899,43.501762,10.0,2.3978953,0.117508814,1896,0.107981220657277,False,2,13,16,33,B_cells,B_cells,Naive_B,0
TATTGCTAGAGCCCAA-1,s1d3,1436,7.270312886079025,5048.0,8.526945,44.21553090332805,60.182250396196515,70.18621236133123,81.45800316957211,561.0,6.331502,11.113312,1834.0,7.5147996,36.331223,24.0,3.218876,0.4754358,1435,0.01775147928994083,False,2,4,10,16,B_cells,B_cells,Naive_B,0
TATTGCTAGGTAACTA-1,s1d3,2219,7.705262474866325,8226.0,9.015177,39.05908096280088,55.640651592511546,66.3627522489667,76.2217359591539,667.0,6.504288,8.108437,3080.0,8.03301,37.442253,24.0,3.218876,0.29175785,2219,0.009364717792963807,False,2,4,10,12,B_cells,B_cells,Naive_B,0
TATTGCTCAAAGGCAC-1,s1d3,1560,7.353081920515432,3559.0,8.177516,30.991851643720146,42.2590615341388,53.07670694015173,70.21635290812026,217.0,5.3844953,6.0972185,749.0,6.6200733,21.045238,29.0,3.4011974,0.8148356,1560,0.01191765980498375,False,2,9,13,15,B_cells,B_cells,B_cell,1
TATTGCTGTCATCTAG-1,s1d3,1766,7.4770384723196965,8061.0,8.994917,45.65190423024439,65.59980151345987,74.92866889964024,83.58764421287681,726.0,6.5889263,9.006327,3842.0,8.254008,47.661583,13.0,2.6390574,0.1612703,1764,0.01991511589944499,False,2,4,10,12,B_cells,B_cells,Naive_B,0
TATTGCTGTCGCTTGG-1,s1d3,1294,7.166265974133638,3824.0,8.249313,42.36401673640167,56.09309623430963,66.5010460251046,79.23640167364016,364.0,5.8998976,9.518828,1120.0,7.0219765,29.288704,10.0,2.3978953,0.2615063,1294,0.021077283372365346,False,2,13,16,23,B_cells,B_cells,Naive_B,0
TATTTCGGTCTTTCAT-1,s1d3,615,6.423246963533519,1441.0,7.2737865,55.23941707147814,62.179042331714086,71.20055517002082,92.01943095072866,469.0,6.152733,32.54684,111.0,4.7184987,7.702984,15.0,2.7725887,1.0409439,615,0.0731707317073171,False,2,4,2,2,B_cells,B_cells,Naive_B,0
TATTTCGTCACAAGGG-1,s1d3,2635,7.877017895622398,12283.0,9.416053,44.66335585768949,61.77643898070504,70.30041520801107,78.86509810306929,680.0,6.5235624,5.536107,5518.0,8.615952,44.923878,15.0,2.7725887,0.12212,2634,0.33333333333333315,False,2,13,16,12,B_cells,B_cells,Naive_B,0
TCAAGACTCTCTTGCG-1,s1d3,2020,7.611347717403621,6918.0,8.842027,39.259901705695285,54.91471523561723,65.30789245446661,75.97571552471813,514.0,6.244167,7.4298935,2482.0,7.8172226,35.877422,23.0,3.1780539,0.33246604,2019,0.010780962398106761,False,2,4,10,16,B_cells,B_cells,Naive_B,0
TCAATCTAGCCATGCC-1,s1d3,1447,7.277938572945661,3381.0,8.126223,34.723454599231,45.814847678201716,56.255545696539485,71.99053534457262,174.0,5.164786,5.146406,694.0,6.543912,20.526472,13.0,2.6390574,0.38450164,1446,0.03690529124055136,False,2,9,13,15,B_cells,B_cells,B_cell,1
TCAATCTCAGGAGACT-1,s1d3,1740,7.462214939768189,3610.0,8.19174,31.24653739612188,38.67036011080332,47.97783933518006,65.20775623268698,410.0,6.0185933,11.357341,323.0,5.7807436,8.947369,29.0,3.4011974,0.8033241,1738,0.027108433734939756,False,2,4,2,2,B_cells,B_cells,Naive_B,0
TCAATTCCACTCACTC-1,s1d3,1872,7.5352967024440884,6247.0,8.740017,40.051224587802146,54.95437810148871,65.75956459100368,76.93292780534657,721.0,6.582025,11.54154,2000.0,7.6014023,32.01537,23.0,3.1780539,0.36817673,1870,0.010780962398106761,False,2,4,10,12,B_cells,B_cells,Naive_B,0
TCAATTCTCTTGAGCA-1,s1d3,2393,7.780720886117918,8665.0,9.0671625,41.44258511252164,54.96826312752452,64.00461627236007,74.49509521061742,1041.0,6.9488974,12.013849,2628.0,7.8743587,30.328909,24.0,3.218876,0.27697635,2392,0.013972055888223553,False,2,4,10,12,B_cells,B_cells,Naive_B,0
TCACAAGAGACGCATG-1,s1d3,1497,7.311886164077165,4855.0,8.48797,41.00926879505664,57.796086508753866,67.74459320288364,79.46446961894954,404.0,6.003887,8.321318,1767.0,7.4776044,36.39547,9.0,2.3025851,0.1853759,1494,0.014855811243810076,False,2,4,10,16,B_cells,B_cells,Naive_B,0
TCACAAGTCAGACTGT-1,s1d3,2043,7.622663951323595,7166.0,8.877242,40.34328774769746,55.13536142897014,64.47111359196205,75.55121406642479,734.0,6.5998707,10.242813,2460.0,7.808323,34.328773,28.0,3.3672957,0.39073402,2042,0.007125890736342043,False,2,4,10,12,B_cells,B_cells,Naive_B,0
TCACAAGTCATTGTTC-1,s1d3,1380,7.2305631534092925,4366.0,8.381831,35.75355016032982,53.023362345396244,65.41456710948236,79.84425103069171,295.0,5.6903596,6.7567563,1570.0,7.3594675,35.959686,29.0,3.4011974,0.66422355,1379,0.00596603946764571,False,2,9,13,15,B_cells,B_cells,B_cell,1
TCACACCAGATCACTC-1,s1d3,685,6.530877627725885,1835.0,7.5153446,62.288828337874655,67.73841961852861,73.56948228882834,89.91825613079018,619.0,6.4297194,33.732967,47.0,3.871201,2.561308,16.0,2.8332133,0.87193465,685,0.06825712392312791,False,2,4,2,2,B_cells,B_cells,Naive_B,0
TCACACCGTATGCTTG-1,s1d3,967,6.875232087276577,2250.0,7.71913,51.15555555555555,56.84444444444444,65.73333333333333,79.24444444444444,603.0,6.403574,26.800001,95.0,4.564348,4.222222,22.0,3.1354942,0.9777778,966,0.035870516185476826,False,2,4,2,2,B_cells,B_cells,Naive_B,0
TCACACCTCACCCTCA-1,s1d3,2355,7.764720544771477,6136.0,8.722092,29.416558018252935,39.6838331160365,49.75554106910039,64.374185136897,203.0,5.31812,3.3083444,1144.0,7.04316,18.644068,38.0,3.6635616,0.61929595,2353,0.024251069900142655,False,2,9,13,15,B_cells,B_cells,B_cell,1
TCACATTTCGTTCTCG-1,s1d3,1045,6.952728644624869,2242.0,7.7155695,46.03033006244425,51.56110615521855,60.481712756467445,75.69134701159679,495.0,6.206576,22.0785,65.0,4.189655,2.899197,16.0,2.8332133,0.7136485,1044,0.027873234058801075,False,2,4,2,12,B_cells,B_cells,Naive_B,0
TCACGGGTCTTACGGA-1,s1d3,2130,7.664346632098617,8661.0,9.066701,43.94411730747027,59.161759612054034,69.03359889158295,78.75534003001962,773.0,6.6515718,8.925066,3287.0,8.098035,37.951736,19.0,2.9957323,0.2193742,2128,0.02168021680216802,False,2,4,10,12,B_cells,B_cells,Naive_B,0
TCACTATGTATCGTTG-1,s1d3,1775,7.4821189235521155,6276.0,8.744647,40.344168260038245,57.10643722115998,67.68642447418738,78.61695347355003,525.0,6.265301,8.3652,2333.0,7.7553387,37.17336,13.0,2.6390574,0.2071383,1774,0.012714206744057488,False,2,4,10,12,B_cells,B_cells,Naive_B,0
TCACTATTCGCTTGCT-1,s1d3,1797,7.494430215031565,4738.0,8.463581,32.35542422963276,45.821021528070915,56.79611650485437,71.27479949345715,170.0,5.1416636,3.5880117,1182.0,7.075809,24.947235,12.0,2.5649493,0.25327143,1796,0.03797468354430379,False,2,9,13,15,B_cells,B_cells,B_cell,1
TCAGCAATCTTACCAT-1,s1d3,1673,7.422971251049421,4175.0,8.33711,33.74850299401197,44.69461077844311,56.21556886227545,71.90419161676647,303.0,5.7170277,7.2574854,813.0,6.7019606,19.473053,18.0,2.944439,0.4311377,1673,0.04022450888681011,False,2,9,13,15,B_cells,B_cells,B_cell,1
TCATACTTCCAGTGCG-1,s1d3,1766,7.4770384723196965,5708.0,8.649799,43.90329362298529,57.5332866152768,66.34548002803083,77.62789067974772,860.0,6.7580943,15.066573,1785.0,7.487734,31.271898,29.0,3.4011974,0.50805885,1764,0.2549019607843137,False,2,13,16,23,B_cells,B_cells,Naive_B,0
TCATATCAGCGCCATC-1,s1d3,1939,7.570443252057374,5878.0,8.679142,36.93433140523988,51.63320857434501,61.585573324259954,73.66451173868663,419.0,6.0402546,7.1282754,1932.0,7.5668287,32.868324,23.0,3.1780539,0.39128953,1939,0.027108433734939756,False,2,13,16,23,B_cells,B_cells,Naive_B,0
TCATCATTCCGATCGG-1,s1d3,2100,7.650168700845001,6443.0,8.770905,41.25407418904237,52.894614310104,61.67934192146516,72.57488747477882,740.0,6.6080008,11.485333,1663.0,7.41698,25.810957,23.0,3.1780539,0.35697657,2097,0.23583180987202906,False,2,4,10,12,B_cells,B_cells,Naive_B,0
TCATCCGCAACACGTT-1,s1d3,1771,7.4798641311650265,4706.0,8.456806,34.99787505312367,46.96132596685083,57.13982150446238,71.6107097322567,252.0,5.5333896,5.354866,1208.0,7.097549,25.669357,36.0,3.6109178,0.76498085,1770,0.015312131919905774,False,2,9,13,15,B_cells,B_cells,B_cell,1
TCATGAGAGTCCCAGC-1,s1d3,1724,7.45298232946546,5549.0,8.621553,33.91602090466751,50.33339340421698,62.80410884844117,76.24797260767706,314.0,5.7525725,5.658677,1860.0,7.528869,33.519554,25.0,3.2580965,0.45053163,1723,0.02168021680216802,False,2,9,13,15,B_cells,B_cells,B_cell,1
TCATGCCCATCATTGG-1,s1d3,1780,7.484930283289661,5264.0,8.568836,38.37386018237082,52.50759878419453,62.74696048632219,75.45592705167174,375.0,5.9295893,7.12386,1725.0,7.453562,32.769756,26.0,3.295837,0.49392098,1780,0.013972055888223553,False,2,13,16,23,B_cells,B_cells,Naive_B,0
TCATGCCGTGCAATGG-1,s1d3,1413,7.254177846456518,4578.0,8.429235,42.28920926168633,58.19134993446921,68.26124945391,80.05679335954565,464.0,6.1420374,10.13543,1573.0,7.3613753,34.35998,21.0,3.0910425,0.4587156,1413,0.007428708363287803,False,2,13,16,23,B_cells,B_cells,Naive_B,0
TCATGTTTCTTCGGAA-1,s1d3,1661,7.415776975415394,4600.0,8.434029,37.891304347826086,50.41304347826087,60.67391304347826,74.76086956521739,281.0,5.641907,6.1086955,1285.0,7.1592917,27.934784,16.0,2.8332133,0.3478261,1661,0.007736943907156673,False,2,9,13,15,B_cells,B_cells,B_cell,1
TCATTACAGCATCAAA-1,s1d3,1921,7.561121589530238,7488.0,8.92119,43.322649572649574,59.12126068376068,68.46955128205127,78.85950854700855,724.0,6.5861716,9.668803,2826.0,7.9469714,37.740387,23.0,3.1780539,0.3071581,1920,0.009027081243731193,False,2,4,10,16,B_cells,B_cells,Naive_B,0
TCATTACCAGCGTAGA-1,s1d3,520,6.255750041753367,1343.0,7.2034054,62.09977661950856,68.72673119880864,76.17274758004467,98.51079672375279,546.0,6.3044486,40.65525,56.0,4.0430512,4.1697693,24.0,3.218876,1.7870439,519,0.08469308469308467,False,2,4,2,2,B_cells,B_cells,Naive_B,0
TCATTCACAAGTGACG-1,s1d3,1347,7.206377291472252,5605.0,8.631593,47.261373773416594,65.44157002676182,75.27207850133809,84.88849241748439,509.0,6.234411,9.081178,2477.0,7.815207,44.192684,6.0,1.9459102,0.107047275,1347,0.006828349423122205,False,2,13,16,23,B_cells,B_cells,Naive_B,0
TCATTCATCCCGTAAA-1,s1d3,660,6.493753839851686,1278.0,7.153834,48.35680751173709,56.18153364632238,64.00625978090767,87.48043818466354,221.0,5.4026775,17.292645,55.0,4.0253515,4.3035994,21.0,3.0910425,1.6431924,660,0.0510314875135722,False,2,9,13,15,B_cells,B_cells,B_cell,0
TCATTGTGTGCGAGTA-1,s1d3,1474,7.29641326877392,3432.0,8.14119,32.72144522144522,44.05594405594406,55.44871794871795,71.62004662004662,212.0,5.3612924,6.177156,791.0,6.6745615,23.047785,21.0,3.0910425,0.6118881,1473,0.008370260955194485,False,2,9,13,15,B_cells,B_cells,B_cell,1
TCATTTGAGTGGATAT-1,s1d3,421,6.045005314036012,1088.0,6.9930153,63.14338235294118,70.49632352941177,79.6875,100.0,445.0,6.100319,40.900734,86.0,4.465908,7.904412,18.0,2.944439,1.6544118,421,0.024936754607878576,False,2,13,16,23,B_cells,B_cells,Naive_B,0
TCCACCATCGTTAGAC-1,s1d3,1906,7.553286605600419,5101.0,8.537388,28.072926877082928,41.26641834934326,53.75416584983337,69.31974122721036,172.0,5.1532917,3.371888,1259.0,7.138867,24.681435,14.0,2.7080503,0.274456,1905,0.03204601479046837,False,2,9,13,15,B_cells,B_cells,B_cell,1
TCCATGCAGGGAGAAT-1,s1d3,1179,7.07326971745971,2819.0,7.9444923,41.04292302234835,51.259311812699536,61.688542036183044,75.91344448385952,483.0,6.182085,17.133736,456.0,6.1246834,16.17595,18.0,2.944439,0.6385243,1178,0.005688282138794085,False,2,13,16,23,B_cells,B_cells,Naive_B,0
TCCCACACACGACTAT-1,s1d3,1845,7.520776415062797,5395.0,8.593413,36.570898980537535,50.36144578313253,60.75996292863762,73.4383688600556,215.0,5.3752785,3.9851713,1562.0,7.3543625,28.952732,12.0,2.5649493,0.22242817,1845,0.031161473087818706,False,2,9,13,15,B_cells,B_cells,B_cell,1
TCCCATGGTGACACGA-1,s1d3,1486,7.304515946460155,3423.0,8.138565,30.382705229331,43.44142565001461,55.010224948875255,71.19485831142272,192.0,5.26269,5.6091146,778.0,6.658011,22.728601,33.0,3.5263605,0.96406657,1486,0.01775147928994083,False,2,9,13,15,B_cells,B_cells,B_cell,1
TCCCATGTCGTGCTCT-1,s1d3,1499,7.313220387090301,4956.0,8.508556,42.19128329297821,58.333333333333336,68.80548829701371,79.84261501210653,341.0,5.8348107,6.8805485,2078.0,7.6396422,41.928974,36.0,3.6109178,0.72639227,1498,0.010780962398106761,False,2,13,16,23,B_cells,B_cells,Naive_B,0
TCCGAAACATGACTTG-1,s1d3,1434,7.268920128193722,4780.0,8.472405,42.65690376569038,59.72803347280335,69.53974895397491,80.46025104602509,311.0,5.7430034,6.506276,1936.0,7.568896,40.50209,31.0,3.465736,0.64853555,1433,0.018807778131973225,False,2,4,10,16,B_cells,B_cells,Naive_B,0
TCCGGGAAGTTGCGAG-1,s1d3,952,6.859614903654202,3972.0,8.287277,48.13695871097684,67.32124874118833,78.29808660624371,88.62034239677745,259.0,5.560682,6.5206447,2088.0,7.6444407,52.567978,14.0,2.7080503,0.35246727,952,0.02048909451421018,False,2,13,16,23,B_cells,B_cells,Naive_B,0
TCCTCCCAGCACTCAT-1,s1d3,1783,7.486613313139955,4248.0,8.354439,29.2608286252354,39.90112994350282,51.60075329566855,68.22033898305084,184.0,5.220356,4.33145,795.0,6.6795993,18.71469,33.0,3.5263605,0.77683616,1782,0.008695652173913044,False,2,9,13,15,B_cells,B_cells,B_cell,1
TCCTCGAAGCACTTTG-1,s1d3,1998,7.6004023345004,9771.0,9.187277,49.54457066830417,66.39033875754785,75.14072254631051,83.33845051683554,616.0,6.424869,6.30437,4623.0,8.439015,47.31348,24.0,3.218876,0.24562481,1997,0.013544018058690746,False,2,4,10,12,B_cells,B_cells,Naive_B,0
TCCTCTTCAAAGCGTG-1,s1d3,1544,7.3427791893318455,5127.0,8.542471,41.15467134776672,57.88960405695338,68.01248293348937,79.63721474546517,442.0,6.0935698,8.621026,1895.0,7.5475016,36.961185,13.0,2.6390574,0.2535596,1544,0.007125890736342043,False,2,4,10,16,B_cells,B_cells,Naive_B,0
TCCTCTTGTAAGATCA-1,s1d3,1297,7.168579897264035,2835.0,7.95015,31.146384479717813,43.880070546737215,55.87301587301587,71.88712522045856,178.0,5.187386,6.2786593,609.0,6.413459,21.481482,23.0,3.1780539,0.81128746,1296,0.009364717792963807,False,2,9,13,15,B_cells,B_cells,B_cell,1
TCCTTTCCAAGCTGTT-1,s1d3,2188,7.691200097522863,6748.0,8.81715,36.57379964433906,50.4742145820984,60.56609365737996,72.16953171310017,464.0,6.1420374,6.876112,2063.0,7.632401,30.572021,29.0,3.4011974,0.429757,2187,0.013544018058690746,False,2,4,10,12,B_cells,B_cells,Naive_B,0
TCCTTTCGTGCTTATG-1,s1d3,702,6.555356891810665,1607.0,7.3827467,53.45364032358432,60.04978220286248,68.7616677037959,87.42999377722465,335.0,5.817111,20.846296,46.0,3.8501477,2.8624768,20.0,3.0445225,1.244555,702,0.01312482546774644,False,2,4,2,2,B_cells,B_cells,Naive_B,0
TCCTTTCGTGGTCCGT-1,s1d3,3041,8.020270472819238,10744.0,9.282196,33.897989575577064,47.73827252419955,57.74385703648548,69.14556962025317,425.0,6.0544395,3.955696,3584.0,8.184514,33.358154,36.0,3.6109178,0.33507076,3040,0.33333333333333315,False,2,9,13,15,B_cells,B_cells,B_cell,1
TCGAAGTTCTTCGGTC-1,s1d3,2714,7.906547232368036,12810.0,9.458059,45.33957845433255,61.623731459797035,69.97658079625293,78.74316939890711,1099.0,7.0030656,8.579235,5237.0,8.563695,40.882122,26.0,3.295837,0.20296644,2714,0.3701657458563538,False,2,13,16,12,B_cells,B_cells,Naive_B,0
TCGACCTCAAATACGA-1,s1d3,1712,7.44600149832412,4544.0,8.421783,33.2306338028169,45.818661971830984,57.02024647887324,72.49119718309859,128.0,4.8598123,2.8169014,1008.0,6.916715,22.183098,17.0,2.8903718,0.37411973,1711,0.028659953524399692,False,2,9,13,15,B_cells,B_cells,B_cell,1
TCGACGGCAACCGTGC-1,s1d3,1556,7.350516171833998,3724.0,8.222822,32.62620837808808,44.70998925886144,55.71965628356605,71.64339419978518,225.0,5.420535,6.04189,945.0,6.8522425,25.375938,21.0,3.0910425,0.56390977,1554,0.011531241619737198,False,2,9,13,15,B_cells,B_cells,B_cell,1
TCGACGGCAGCTACCG-1,s1d3,1571,7.360103972989152,5390.0,8.592486,40.61224489795918,57.7365491651206,68.62708719851577,80.12987012987013,347.0,5.8522024,6.4378476,2196.0,7.694848,40.742115,9.0,2.3025851,0.16697589,1570,0.007125890736342043,False,2,13,16,23,B_cells,B_cells,Naive_B,0
TCGCAGGCAAACTAGA-1,s1d3,1551,7.347299700743164,6054.0,8.70864,44.73075652461183,61.62867525602908,71.86983812355467,82.6395771390816,291.0,5.676754,4.8067393,2670.0,7.8902082,44.10307,9.0,2.3025851,0.14866205,1551,0.008370260955194485,False,2,13,16,23,B_cells,B_cells,Naive_B,0
TCGCAGGGTGTCCATA-1,s1d3,2972,7.997326822998097,10337.0,9.243582,33.82025732804489,48.23449743639354,57.6666344200445,68.87878494727677,529.0,6.272877,5.117539,3289.0,8.098643,31.817743,32.0,3.4965076,0.30956757,2969,0.47222222222222165,False,2,9,13,15,B_cells,B_cells,B_cell,1
TCGCTCAGTAGGACCA-1,s1d3,1915,7.557994958530806,4898.0,8.496786,30.971825234789712,43.26255614536546,54.10371580236831,68.72192731727236,213.0,5.365976,4.348714,1231.0,7.116394,25.132708,20.0,3.0445225,0.4083299,1914,0.0510314875135722,False,2,9,13,15,B_cells,B_cells,B_cell,1
TCGCTCATCGCAGATT-1,s1d3,433,6.073044534100405,1074.0,6.980076,62.662942271880816,68.99441340782123,78.30540037243948,100.0,359.0,5.886104,33.42644,40.0,3.713572,3.7243948,8.0,2.1972246,0.74487895,431,0.011531241619737198,False,2,13,16,2,B_cells,B_cells,Naive_B,0
TCGGATACAATGACCT-1,s1d3,1651,7.409741954080923,6278.0,8.7449665,43.26218540936604,60.49697355845811,70.96208983752787,81.53870659445684,492.0,6.200509,7.836891,2581.0,7.8563194,41.111816,21.0,3.0910425,0.33450142,1651,0.013972055888223553,False,2,13,16,23,B_cells,B_cells,Naive_B,0
TCGGGACGTGGAGGTT-1,s1d3,1696,7.436617265234227,5984.0,8.697012,42.68048128342246,57.48663101604278,68.08155080213903,79.52874331550802,677.0,6.5191474,11.313502,2129.0,7.6638775,35.57821,16.0,2.8332133,0.26737967,1696,0.010416666666666666,False,2,13,16,23,B_cells,B_cells,Naive_B,0
TCGGGACTCATCGCAA-1,s1d3,1885,7.542213463193403,6996.0,8.853237,40.909090909090914,57.26129216695255,67.59576901086335,78.28759291023442,651.0,6.4800444,9.305317,2595.0,7.861727,37.092625,17.0,2.8903718,0.242996,1885,0.01312482546774644,False,2,4,10,16,B_cells,B_cells,Naive_B,0
TCGGGCAGTCAAGGCA-1,s1d3,1187,7.080026499922591,3497.0,8.159946,41.92164712610809,56.44838432942522,68.05833571632827,80.35458964826995,328.0,5.7960577,9.379468,1106.0,7.009409,31.62711,16.0,2.8332133,0.45753503,1187,0.026364649090233935,False,2,4,10,12,B_cells,B_cells,Naive_B,0
TCGGGTGTCAAACGTC-1,s1d3,1331,7.194436851100335,4505.0,8.413165,41.1542730299667,59.223085460599336,70.65482796892341,81.55382907880133,337.0,5.8230457,7.4805775,1809.0,7.501082,40.155384,20.0,3.0445225,0.4439512,1331,0.014409221902017292,False,2,4,10,16,B_cells,B_cells,Naive_B,0
TCGGTCTAGCGGTAAC-1,s1d3,741,6.60934924316738,1993.0,7.597898,39.939789262418465,57.55143000501756,71.34972403411942,87.90767686904165,91.0,4.5217886,4.565981,748.0,6.618739,37.53136,5.0,1.7917595,0.25087807,741,0.02168021680216802,False,2,9,13,15,B_cells,B_cells,B_cell,1
TCGTAGACAGGCATTT-1,s1d3,1431,7.266827347520591,4304.0,8.367533,38.01115241635687,54.85594795539034,65.8457249070632,78.36895910780669,293.0,5.68358,6.807621,1491.0,7.307873,34.642193,23.0,3.1780539,0.53438663,1431,0.019354838709677417,False,2,4,10,16,B_cells,B_cells,Naive_B,0
TCGTAGATCCACGAAT-1,s1d3,1567,7.357556200910353,5458.0,8.6050205,42.06669109563943,59.25247343349213,69.60425064126053,80.45071454745329,543.0,6.2989492,9.948699,2067.0,7.6343374,37.871014,17.0,2.8903718,0.3114694,1567,0.008370260955194485,False,2,13,16,23,B_cells,B_cells,Naive_B,0
TCGTAGATCCGAAGGA-1,s1d3,1142,7.04141166379481,3955.0,8.282989,44.121365360303415,61.1378002528445,72.89506953223767,83.76738305941845,442.0,6.0935698,11.175727,1578.0,7.3645473,39.898865,10.0,2.3978953,0.2528445,1142,0.010059324219757545,False,2,13,16,23,B_cells,B_cells,Naive_B,0
TCGTCCACACTGGATT-1,s1d3,1260,7.13966033596492,4116.0,8.32288,42.905733722060255,59.66958211856171,70.01943634596695,81.5354713313897,338.0,5.826,8.211856,1583.0,7.3677087,38.45967,7.0,2.0794415,0.17006803,1259,0.008050744083922909,False,2,13,16,23,B_cells,B_cells,Naive_B,0
TCGTGGGAGCGGATCA-1,s1d3,1127,7.028201432058005,4375.0,8.38389,47.65714285714286,66.03428571428572,75.70285714285714,85.66857142857143,337.0,5.8230457,7.702857,2103.0,7.6515956,48.068573,8.0,2.1972246,0.18285714,1127,0.024251069900142655,False,2,4,10,12,B_cells,B_cells,Naive_B,0
TCTACATGTACGGTTT-1,s1d3,1940,7.57095858316901,6725.0,8.813736,37.90334572490706,54.394052044609666,65.51672862453532,76.65427509293681,490.0,6.196444,7.2862453,2408.0,7.786967,35.80669,13.0,2.6390574,0.19330855,1940,0.009027081243731193,False,2,4,10,12,B_cells,B_cells,Naive_B,0
TCTATACAGGGTAATT-1,s1d3,1199,7.090076835776092,2868.0,7.961719,40.341701534170156,52.19665271966527,61.785216178521615,75.6276150627615,411.0,6.0210233,14.3305435,711.0,6.568078,24.790794,14.0,2.7080503,0.48814505,1199,0.010780962398106761,False,2,13,16,23,B_cells,B_cells,Naive_B,0
TCTATACCAATAGTAG-1,s1d3,1626,7.394493107219038,5908.0,8.684232,44.617467840216655,60.71428571428571,70.04062288422477,80.94109681787407,609.0,6.413459,10.308057,2279.0,7.7319307,38.574814,35.0,3.583519,0.59241706,1626,0.009364717792963807,False,2,13,16,23,B_cells,B_cells,Naive_B,0
TCTATCAGTTGGAGAC-1,s1d3,1350,7.208600337960199,3267.0,8.091933,36.14937251300888,47.903275176002445,58.70829507193144,73.98224670951944,246.0,5.5093884,7.529844,663.0,6.498282,20.293848,28.0,3.3672957,0.85705537,1350,0.041408852927177546,False,2,9,13,15,B_cells,B_cells,B_cell,1
TCTCACGAGTTGGAGC-1,s1d3,1202,7.0925737159746784,4368.0,8.38229,46.06227106227106,63.942307692307686,74.38186813186813,83.92857142857143,499.0,6.214608,11.423992,1853.0,7.5251007,42.42216,14.0,2.7080503,0.32051283,1202,0.010059324219757545,False,2,4,10,16,B_cells,B_cells,Naive_B,0
TCTCACGTCCTACGGG-1,s1d3,1000,6.90875477931522,2204.0,7.698483,47.186932849364794,53.44827586206896,62.52268602540835,77.31397459165154,489.0,6.1944056,22.186934,109.0,4.7004805,4.9455533,18.0,2.944439,0.8166969,1000,0.033898305084745756,False,2,4,2,2,B_cells,B_cells,Naive_B,0
TCTCAGCAGACAACAT-1,s1d3,435,6.077642243349034,990.0,6.8987145,58.58585858585859,66.16161616161617,76.26262626262627,100.0,260.0,5.5645204,26.262627,43.0,3.7841897,4.3434343,17.0,2.8903718,1.7171717,435,0.039080459770114935,False,2,4,10,12,B_cells,B_cells,Naive_B,0
TCTCTGGTCGTTGCCT-1,s1d3,1271,7.148345743900068,4075.0,8.312871,43.06748466257669,59.41104294478527,69.88957055214723,81.079754601227,273.0,5.613128,6.699386,1635.0,7.4000096,40.1227,21.0,3.0910425,0.5153374,1271,0.0167427701674277,False,2,13,16,23,B_cells,B_cells,Naive_B,0
TCTCTGGTCTTACACT-1,s1d3,1801,7.496652438168283,6386.0,8.76202,41.935483870967744,57.59473849044785,67.8828687754463,78.65643595364861,339.0,5.8289456,5.3084874,2423.0,7.7931743,37.942375,25.0,3.2580965,0.39148134,1801,0.014855811243810076,False,2,13,16,33,B_cells,B_cells,Naive_B,0
TCTGCCAGTAGCGAGT-1,s1d3,1428,7.264730177929867,5335.0,8.5822315,44.59231490159325,63.16776007497656,73.17713214620431,82.60543580131208,467.0,6.1484685,8.753514,2271.0,7.728416,42.567947,7.0,2.0794415,0.131209,1426,0.007736943907156673,False,2,13,16,23,B_cells,B_cells,Naive_B,0
TCTGGCTAGGGATCGT-1,s1d3,662,6.4967749901858625,1810.0,7.5016346,61.215469613259664,67.12707182320442,74.47513812154696,91.04972375690608,767.0,6.64379,42.37569,132.0,4.890349,7.2928176,22.0,3.1354942,1.2154696,662,0.014409221902017292,False,2,4,2,2,B_cells,B_cells,Naive_B,0
TCTGTCGCATTAAAGG-1,s1d3,1887,7.543273346705446,4829.0,8.482602,29.88196313936633,41.68564920273349,52.723131083039966,68.3578380617105,253.0,5.5373344,5.23918,1023.0,6.931472,21.18451,11.0,2.4849067,0.22779045,1887,0.010416666666666666,False,2,9,13,15,B_cells,B_cells,B_cell,1
TCTTGCGGTCACCCTT-1,s1d3,854,6.75110146893676,2292.0,7.7376165,58.63874345549738,63.91797556719022,71.46596858638743,84.55497382198953,679.0,6.522093,29.62478,81.0,4.406719,3.5340314,22.0,3.1354942,0.9598603,853,0.05429864253393665,False,2,4,10,2,B_cells,B_cells,Naive_B,0
TGACAGTGTAGCTAAA-1,s1d3,705,6.559615237493242,1436.0,7.270313,48.18941504178273,55.43175487465181,64.83286908077994,85.72423398328691,277.0,5.627621,19.289694,58.0,4.0775375,4.038997,20.0,3.0445225,1.3927577,704,0.0706521739130435,False,2,13,16,23,B_cells,B_cells,Naive_B,0
TGACGCGCATGAGATA-1,s1d3,621,6.432940092739179,1333.0,7.195937,52.66316579144787,60.16504126031508,68.41710427606901,90.92273068267068,301.0,5.710427,22.580645,75.0,4.3307333,5.6264067,26.0,3.295837,1.9504877,621,0.04022450888681011,False,2,4,2,2,B_cells,B_cells,Naive_B,0
TGAGGAGGTGAGCGAT-1,s1d3,1419,7.258412150595307,4994.0,8.516192,39.74769723668402,58.08970764917901,69.64357228674409,81.5979175010012,392.0,5.9738097,7.849419,2003.0,7.6029005,40.108128,31.0,3.465736,0.6207449,1419,0.009027081243731193,False,2,4,10,12,B_cells,B_cells,Naive_B,0
TGAGGTTCAGTTCACA-1,s1d3,1977,7.589841512182657,7403.0,8.909776,40.753748480345806,57.80089153046062,68.03998379035527,78.21153586383899,610.0,6.4150968,8.2399025,2772.0,7.9276853,37.44428,31.0,3.465736,0.41874918,1977,0.005688282138794085,False,2,4,10,12,B_cells,B_cells,Naive_B,0
TGAGGTTGTACGATCT-1,s1d3,1672,7.422373700986824,6035.0,8.705497,41.15990057995029,58.260149130074566,69.08036454018227,80.33140016570009,395.0,5.9814143,6.545153,2390.0,7.779467,39.602318,14.0,2.7080503,0.23198012,1670,0.012714206744057488,False,2,4,10,12,B_cells,B_cells,Naive_B,0
TGAGGTTTCCAGCAAT-1,s1d3,1772,7.480428306074208,4820.0,8.480737,34.89626556016597,46.51452282157676,57.489626556016596,72.03319502074689,306.0,5.7268476,6.348548,1169.0,7.0647593,24.253113,30.0,3.4339871,0.62240666,1772,0.013972055888223553,False,2,9,13,15,B_cells,B_cells,B_cell,1
TGAGTCACATCTGTTT-1,s1d3,1661,7.415776975415394,6515.0,8.782016,45.51036070606293,62.25633154259401,71.94167306216424,82.17958557175749,364.0,5.8998976,5.5871067,2786.0,7.932721,42.762856,14.0,2.7080503,0.21488872,1660,0.02168021680216802,False,2,4,10,16,B_cells,B_cells,Naive_B,0
TGATCTTAGGGCTAAC-1,s1d3,2745,7.917900586327916,9730.0,9.183072,38.55087358684481,51.880781089414185,61.356628982528264,72.06577595066803,812.0,6.7007313,8.345324,2944.0,7.987864,30.256935,18.0,2.944439,0.18499486,2741,0.3027522935779817,False,2,9,13,15,B_cells,B_cells,B_cell,1
TGATCTTGTACGATCT-1,s1d3,1793,7.492203042618741,5945.0,8.690474,39.46173254835997,55.340622371740956,65.88730025231287,77.30866274179982,434.0,6.075346,7.3002524,2156.0,7.6764736,36.26577,25.0,3.2580965,0.42052144,1792,0.007428708363287803,False,2,13,16,23,B_cells,B_cells,Naive_B,0
TGATCTTTCTACCAGA-1,s1d3,496,6.208590026096629,900.0,6.8035054,46.22222222222222,56.00000000000001,67.11111111111111,100.0,221.0,5.4026775,24.555555,74.0,4.317488,8.222222,19.0,2.9957323,2.111111,496,0.0510314875135722,False,2,9,13,15,B_cells,B_cells,B_cell,1
TGATGCAAGTCCTGCG-1,s1d3,2005,7.603897968521881,8162.0,9.007367,45.19725557461406,61.737319284489104,70.50967900024504,79.735358980642,894.0,6.7968235,10.9531975,3308.0,8.104402,40.52928,15.0,2.7725887,0.1837785,2004,0.013972055888223553,False,2,4,10,12,B_cells,B_cells,Naive_B,0
TGATGGTTCGCAATTG-1,s1d3,1607,7.382746449738912,4649.0,8.444622,35.943213594321364,50.376425037642505,62.09937620993762,76.18842761884275,405.0,6.0063534,8.711551,1246.0,7.128496,26.801464,16.0,2.8332133,0.34416005,1607,0.01191765980498375,False,2,4,10,16,B_cells,B_cells,Naive_B,0
TGCACGGAGTGGCGAT-1,s1d3,517,6.249975242259483,1381.0,7.231287,64.22881969587255,69.80448950036205,77.04561911658219,98.76900796524257,643.0,6.4676986,46.560463,59.0,4.0943446,4.2722664,17.0,2.8903718,1.230992,517,0.03797468354430379,False,2,4,2,2,B_cells,B_cells,Naive_B,0
TGCACGGCAGCTGCCA-1,s1d3,1698,7.4377951216719325,4440.0,8.398635,34.07657657657658,47.927927927927925,57.950450450450454,72.72522522522522,303.0,5.7170277,6.824324,1210.0,7.0992017,27.25225,28.0,3.3672957,0.6306307,1696,0.010416666666666666,False,2,4,10,12,B_cells,B_cells,Naive_B,0
TGCAGATAGTCGCCCA-1,s1d3,447,6.104793232414985,1151.0,7.049255,63.68375325803649,69.85230234578627,78.54039965247611,100.0,526.0,6.2672005,45.69939,46.0,3.8501477,3.9965246,26.0,3.295837,2.2589052,447,0.01827347195967234,False,2,4,2,2,B_cells,B_cells,Naive_B,0
TGCAGATTCAGGCGAA-1,s1d3,1884,7.541683099882111,6429.0,8.76873,37.93747083527765,53.834188831855656,64.69124280603515,76.38824078394774,410.0,6.0185933,6.3773527,2266.0,7.7262125,35.24654,23.0,3.1780539,0.35775393,1884,0.01775147928994083,False,2,13,16,23,B_cells,B_cells,Naive_B,0
TGCAGGCCAAGTCCCG-1,s1d3,1109,7.01211529430638,3770.0,8.235096,43.76657824933687,61.08753315649867,72.22811671087534,83.84615384615385,293.0,5.68358,7.771883,1568.0,7.358194,41.591515,17.0,2.8903718,0.45092836,1109,0.015312131919905774,False,2,13,16,33,B_cells,B_cells,Naive_B,0
TGCAGGCGTTGTATGC-1,s1d3,2564,7.84971375760487,9597.0,9.16931,39.12681046160259,54.93383348963218,64.80150046889653,74.62748775659061,910.0,6.814543,9.48213,3474.0,8.15335,36.198814,28.0,3.3672957,0.29175785,2563,0.008050744083922909,False,2,4,10,12,B_cells,B_cells,Naive_B,0
TGCAGTACAGCTGAGA-1,s1d3,1473,7.295735072749282,4376.0,8.384119,37.97989031078611,53.31352833638026,64.57952468007313,77.76508226691043,386.0,5.9584246,8.820841,1327.0,7.191429,30.324497,25.0,3.2580965,0.571298,1473,0.008370260955194485,False,2,4,10,16,B_cells,B_cells,Naive_B,0
TGCATCCAGAACTTCC-1,s1d3,1228,7.113956109566034,3840.0,8.253488,40.416666666666664,57.08333333333333,68.95833333333333,81.04166666666667,158.0,5.0689044,4.1145835,1516.0,7.32449,39.479168,26.0,3.295837,0.6770833,1226,0.006535947712418303,False,2,13,16,23,B_cells,B_cells,Naive_B,0
TGCATCCGTGTGAATA-1,s1d3,1817,7.505492274737424,8074.0,8.996529,48.959623482784245,64.7634381966807,73.80480554867475,82.4869952935348,546.0,6.3044486,6.7624474,3546.0,8.173858,43.918755,33.0,3.5263605,0.40871933,1816,0.01991511589944499,False,2,13,16,33,B_cells,B_cells,Naive_B,0
TGCATCCTCACACGAT-1,s1d3,2613,7.868636894184167,9595.0,9.169102,38.33246482542991,52.50651380927567,62.61594580510683,73.42365815528922,641.0,6.464588,6.680563,3180.0,8.064951,33.14226,30.0,3.4339871,0.31266284,2611,0.01827347195967234,False,2,4,10,16,B_cells,B_cells,Naive_B,0
TGCCGAGCAGTCAGTT-1,s1d3,1656,7.4127640174265625,5874.0,8.678461,41.35171944160708,58.29077289751447,68.89683350357507,80.14981273408239,458.0,6.1290503,7.797072,2414.0,7.7894545,41.096355,28.0,3.3672957,0.47667688,1656,0.011531241619737198,False,2,13,16,23,B_cells,B_cells,Naive_B,0
TGCCGAGGTGGTAATA-1-1,s1d3,1784,7.487173694213739,7600.0,8.936035,46.60526315789474,63.973684210526315,73.05263157894737,82.22368421052632,568.0,6.3438807,7.4736843,3359.0,8.119697,44.19737,39.0,3.6888795,0.5131579,1783,0.05263157894736843,False,2,13,16,33,B_cells,B_cells,Naive_B,0
TGCGACGCACGTATAC-1,s1d3,1788,7.489412083508719,7103.0,8.868413,47.008306349429816,62.67774179923976,71.57539067999437,81.20512459524146,865.0,6.763885,12.177953,2725.0,7.9105906,38.36407,19.0,2.9957323,0.2674926,1786,0.012311901504787963,False,2,13,16,33,B_cells,B_cells,Naive_B,0
TGCGACGTCTAACGGT-1,s1d3,1183,7.076653815443951,3989.0,8.291547,41.840060165455,60.26573075958886,71.79744296816246,82.87791426422663,313.0,5.749393,7.846578,1762.0,7.474772,44.17147,21.0,3.0910425,0.5264477,1183,0.007125890736342043,False,2,13,16,23,B_cells,B_cells,Naive_B,0
TGCGGCAAGATAGTGT-1,s1d3,1471,7.294377299288821,4952.0,8.507749,42.992730210016155,58.82471728594507,69.02261712439419,80.39176090468497,491.0,6.1984787,9.915186,1909.0,7.5548587,38.550083,17.0,2.8903718,0.34329563,1469,0.015778505507591547,False,2,4,10,16,B_cells,B_cells,Naive_B,0
TGCGGCACAAGACCTT-1,s1d3,1662,7.416378479192928,5784.0,8.663024,42.47925311203319,59.128630705394194,68.67219917012449,79.91009681881052,418.0,6.037871,7.226833,2359.0,7.766417,40.784924,30.0,3.4339871,0.5186722,1661,0.013972055888223553,False,2,4,10,16,B_cells,B_cells,Naive_B,0
TGCGGGTTCGAGCCTG-1,s1d3,1440,7.273092595999522,5141.0,8.5451975,44.89398949620696,61.13596576541529,70.93950593269793,81.71561952927446,643.0,6.4676986,12.507294,1879.0,7.539027,36.54931,16.0,2.8332133,0.31122348,1440,0.01191765980498375,False,2,13,16,33,B_cells,B_cells,Naive_B,0
TGCTCGTAGTGATCGG-1,s1d3,1333,7.195937226475569,4584.0,8.430546,44.175392670157066,61.540139616055846,71.37870855148341,81.8280977312391,368.0,5.9107966,8.027924,1982.0,7.592366,43.237347,31.0,3.465736,0.67626524,1330,0.009364717792963807,False,2,13,16,23,B_cells,B_cells,Naive_B,0
TGCTGAATCGCTACGG-1,s1d3,1462,7.288244401020124,4590.0,8.431853,39.95642701525055,57.124183006535944,67.38562091503269,79.04139433551198,337.0,5.8230457,7.342048,1718.0,7.449498,37.42919,27.0,3.3322046,0.5882353,1462,0.013544018058690746,False,2,13,16,23,B_cells,B_cells,Naive_B,0
TGCTGAATCTTACTGT-1,s1d3,1629,7.396335293800808,5307.0,8.57697,40.474844544940645,56.265309967966836,66.57245147917844,78.72621066515923,422.0,6.0473723,7.9517617,1860.0,7.528869,35.04805,21.0,3.0910425,0.3957038,1629,0.013972055888223553,False,2,4,10,12,B_cells,B_cells,Naive_B,0
TGCTTGCAGCGATTCT-1,s1d3,1835,7.515344571180436,5168.0,8.550434,41.44736842105263,52.4187306501548,60.913312693498455,73.52941176470588,755.0,6.6280413,14.609133,1076.0,6.9819345,20.820433,12.0,2.5649493,0.23219813,1835,0.011152416356877323,False,2,4,10,12,B_cells,B_cells,Naive_B,0
TGCTTGCTCACGGACC-1,s1d3,2207,7.699842407396986,8797.0,9.08228,44.04910765033534,59.72490621802887,68.52336023644425,77.91292486074798,625.0,6.4393506,7.104695,3575.0,8.182,40.638855,23.0,3.1780539,0.26145276,2207,0.06172839506172841,False,2,4,10,16,B_cells,B_cells,Naive_B,0
TGGAGAGGTAGGCTCC-1,s1d3,1435,7.269616749608169,4883.0,8.49372,42.924431701822655,59.614990784353886,69.91603522424738,80.85193528568503,476.0,6.1675167,9.748106,1911.0,7.5559053,39.135777,17.0,2.8903718,0.34814662,1435,0.007125890736342043,False,2,13,16,23,B_cells,B_cells,Naive_B,0
TGGAGGAAGGCGTTAG-1,s1d3,1562,7.354362330421477,4894.0,8.49597,39.12954638332653,54.84266448712709,65.73355128729055,78.29995913363302,482.0,6.1800165,9.848794,1715.0,7.4477515,35.042908,22.0,3.1354942,0.44953004,1562,0.006535947712418303,False,2,13,16,23,B_cells,B_cells,Naive_B,0
TGGCGTGAGTCGAAGC-1,s1d3,2505,7.826443135456014,8285.0,9.022323,30.162945081472543,45.17803258901629,57.04284852142426,70.31985515992758,375.0,5.9295893,4.5262523,2609.0,7.8671055,31.490644,28.0,3.3672957,0.33796018,2505,0.016255267910897053,False,2,9,13,15,B_cells,B_cells,B_cell,1
TGGGAAGGTGAGCCAA-1,s1d3,1425,7.262628600974241,3931.0,8.276903,35.181887560417195,50.01271940981938,61.587382345459176,76.4690918341389,209.0,5.3471074,5.3167133,1253.0,7.1340938,31.874842,23.0,3.1780539,0.58509284,1423,0.00596603946764571,False,2,9,13,15,B_cells,B_cells,B_cell,1
TGGGAAGTCAACTGAC-1,s1d3,1534,7.336285660021297,4847.0,8.486321,39.28203012172477,55.14751392613988,66.26779451206932,78.66721683515576,397.0,5.986452,8.190634,1630.0,7.396949,33.629047,27.0,3.3322046,0.5570456,1533,0.016255267910897053,False,2,4,10,12,B_cells,B_cells,Naive_B,0
TGGGAGACAACTGCTA-1,s1d3,895,6.79794041297493,3309.0,8.104704,49.50135992747053,67.33152009670596,77.18343910546993,88.06285886974918,306.0,5.7268476,9.247507,1609.0,7.3839893,48.62496,25.0,3.2580965,0.7555153,895,0.0786186627479794,False,2,4,10,12,B_cells,B_cells,Naive_B,0
TGGGAGAGTAGTCGGA-1,s1d3,1315,7.182352111885263,4192.0,8.341172,42.533396946564885,59.327290076335885,69.82347328244275,80.55820610687023,401.0,5.9964523,9.56584,1626.0,7.394493,38.788166,36.0,3.6109178,0.8587786,1315,0.021077283372365346,False,2,13,16,23,B_cells,B_cells,Naive_B,0
TGGGATTAGCTAAGTA-1,s1d3,1792,7.491645473605133,6355.0,8.757154,40.723839496459476,57.639653815893,67.8835562549174,78.91424075531079,613.0,6.419995,9.645947,2351.0,7.7630215,36.99449,34.0,3.5553482,0.5350118,1790,0.011531241619737198,False,2,13,16,23,B_cells,B_cells,Naive_B,0
TGGGCGTCACCTTCCA-1,s1d3,1368,7.221835825288449,4423.0,8.394799,41.84942346823423,58.76102193081619,68.93511191498982,80.37531087497175,439.0,6.086775,9.92539,1680.0,7.427144,37.98327,14.0,2.7080503,0.31652725,1368,0.006535947712418303,False,2,13,16,23,B_cells,B_cells,Naive_B,0
TGGGCGTTCATCTACT-1,s1d3,1625,7.3938782901077555,5044.0,8.526153,39.0761300555115,53.82632831086439,64.61141950832673,77.69627279936559,454.0,6.1202974,9.000793,1623.0,7.3926477,32.17684,21.0,3.0910425,0.41633627,1625,0.008695652173913044,False,2,13,16,23,B_cells,B_cells,Naive_B,0
TGGGCTGTCTATTGTC-1,s1d3,758,6.63200177739563,1828.0,7.5115247,54.59518599562363,60.886214442013134,69.47483588621444,85.88621444201313,484.0,6.184149,26.477024,96.0,4.574711,5.2516413,27.0,3.3322046,1.4770241,758,0.024251069900142655,False,2,4,2,2,B_cells,B_cells,Naive_B,0
TGGTAGTAGCTAGATA-1,s1d3,1769,7.478734825567875,5348.0,8.584665,32.74121166791324,48.44801795063575,60.95736724008975,74.79431563201196,207.0,5.3375382,3.8706057,1782.0,7.4860525,33.32087,22.0,3.1354942,0.41136873,1768,0.007428708363287803,False,2,9,13,15,B_cells,B_cells,B_cell,1
TGGTAGTTCAGCAATC-1,s1d3,711,6.568077911411976,1651.0,7.409742,53.906723198061776,59.96365838885524,69.04906117504542,87.2198667474258,543.0,6.2989492,32.889156,68.0,4.2341065,4.118716,27.0,3.3322046,1.6353724,711,0.018807778131973225,False,2,4,2,2,B_cells,B_cells,Naive_B,0
TGTAACGAGCGACCCT-1,s1d3,1586,7.369600720526409,4204.0,8.344029,34.490960989533775,47.57373929590866,58.4919124643197,74.07231208372978,216.0,5.379897,5.137964,1081.0,6.9865665,25.713604,16.0,2.8332133,0.3805899,1585,0.006248553575561214,False,2,9,13,15,B_cells,B_cells,B_cell,1
TGTAACGAGGTAAAGG-1,s1d3,520,6.255750041753367,1554.0,7.349231,67.5032175032175,72.97297297297297,79.40797940797941,98.71299871299871,778.0,6.658011,50.06435,55.0,4.0253515,3.5392535,33.0,3.5263605,2.123552,520,0.05974652987326495,False,2,4,2,2,B_cells,B_cells,Naive_B,0
TGTAAGCAGCCTAACT-1,s1d3,1646,7.4067107301776405,6006.0,8.700681,42.47419247419247,59.557109557109555,69.68031968031968,80.81918081918081,476.0,6.1675167,7.9254074,2402.0,7.7844734,39.99334,35.0,3.583519,0.58275056,1644,0.011152416356877323,False,2,4,10,12,B_cells,B_cells,Naive_B,0
TGTAAGCCAGGAGGAG-1,s1d3,1307,7.176254532017144,4303.0,8.3673,41.831280501975364,58.37787590053451,69.4399256332791,81.24564257494771,377.0,5.934894,8.76133,1730.0,7.4564548,40.204506,16.0,2.8332133,0.37183362,1307,0.008370260955194485,False,2,4,10,12,B_cells,B_cells,Naive_B,0
TGTAGACAGGCTTAGG-1,s1d3,1555,7.349873704738337,5261.0,8.568267,41.760121649876446,57.78369131343851,68.21896977760882,79.94677817905341,490.0,6.196444,9.313819,2007.0,7.6048946,38.148643,29.0,3.4011974,0.551226,1555,0.024251069900142655,False,2,13,16,23,B_cells,B_cells,Naive_B,0
TGTAGACCAGAAACCG-1,s1d3,1329,7.1929342212158,5213.0,8.559103,45.78937272204105,63.744484941492416,74.23748321503932,84.09744868597735,463.0,6.1398845,8.881642,2314.0,7.747165,44.389027,19.0,2.9957323,0.36447343,1329,0.007428708363287803,False,2,13,16,23,B_cells,B_cells,Naive_B,0
TGTAGACTCCGTGGCA-1,s1d3,1451,7.280697195384741,4867.0,8.490438,41.093075816724884,58.96856379700021,69.30347236490651,80.46024244914733,390.0,5.9687076,8.01315,1970.0,7.5862966,40.47668,23.0,3.1780539,0.47257036,1450,0.00970873786407767,False,2,13,16,23,B_cells,B_cells,Naive_B,0
TGTCAGATCCGAGGCT-1,s1d3,1292,7.164720378771857,4371.0,8.382976,42.09563029055136,59.4600777854038,70.48730267673301,81.8805765271105,259.0,5.560682,5.925418,1794.0,7.49276,41.04324,18.0,2.944439,0.4118051,1292,0.009027081243731193,False,2,4,10,12,B_cells,B_cells,Naive_B,0
TGTCCACTCCGATCTC-1,s1d3,2031,7.616775808698373,5616.0,8.633553,31.76638176638177,43.6965811965812,54.52279202279202,69.12393162393163,297.0,5.6970935,5.2884617,1157.0,7.0544496,20.601852,31.0,3.465736,0.55199426,2030,0.031161473087818706,False,2,9,13,15,B_cells,B_cells,B_cell,1
TGTCCCACAATGTCAC-1,s1d3,1320,7.186144304522325,5051.0,8.527539,44.76341318550782,64.16551177984557,74.14373391407642,83.76559097208474,344.0,5.8435445,6.8105326,2359.0,7.766417,46.70362,14.0,2.7080503,0.27717283,1320,0.012311901504787963,False,2,4,10,16,B_cells,B_cells,Naive_B,0
TGTCCCAGTAGCTGAG-1,s1d3,1480,7.300472814267799,3953.0,8.282483,30.53377181887174,45.83860359220845,58.689602833291175,75.2087022514546,235.0,5.463832,5.9448524,1157.0,7.0544496,29.26891,27.0,3.3322046,0.68302554,1480,0.006828349423122205,False,2,9,13,15,B_cells,B_cells,B_cell,1
TGTCCCATCCAGTGTA-1,s1d3,1319,7.1853870155804165,3424.0,8.138857,36.24415887850467,49.47429906542056,61.01051401869159,76.0806074766355,208.0,5.3423343,6.0747666,955.0,6.862758,27.891356,15.0,2.7725887,0.43808413,1319,0.026364649090233935,False,2,9,13,15,B_cells,B_cells,B_cell,1
TGTGAGTAGAGTGAAG-1,s1d3,1265,7.143617602704121,4474.0,8.406261,42.713455520786766,60.5274921770228,72.23960661600357,82.90120697362539,334.0,5.814131,7.465355,1867.0,7.532624,41.729996,18.0,2.944439,0.40232456,1265,0.01191765980498375,False,2,13,16,23,B_cells,B_cells,Naive_B,0
TGTGAGTAGTCCTACA-1,s1d3,2761,7.923710333969238,9568.0,9.166284,35.785953177257525,49.28929765886287,59.04055183946488,70.59991638795987,1028.0,6.9363427,10.744147,2622.0,7.872074,27.403847,38.0,3.6635616,0.3971572,2759,0.04263565891472869,False,2,13,16,33,B_cells,B_cells,Naive_B,0
TGTGAGTTCGTTGCCT-1,s1d3,1455,7.283448228756631,5140.0,8.545003,42.762645914396884,60.038910505836576,70.17509727626458,81.42023346303502,409.0,6.016157,7.9571986,2151.0,7.674153,41.848248,21.0,3.0910425,0.4085603,1454,0.010780962398106761,False,2,13,16,23,B_cells,B_cells,Naive_B,0
TGTGATGTCAAGCCCG-1,s1d3,1543,7.342131730584722,4964.0,8.510169,41.31748589846897,57.67526188557615,67.60676873489122,78.98871877518131,425.0,6.0544395,8.561644,1907.0,7.553811,38.4166,18.0,2.944439,0.3626108,1543,0.014409221902017292,False,2,4,10,12,B_cells,B_cells,Naive_B,0
TGTGATGTCGTTAGAC-1,s1d3,1943,7.572502985020384,5567.0,8.624791,33.03395006287049,46.865457158253996,57.80492186096641,71.34902101670558,176.0,5.17615,3.1614873,1598.0,7.377134,28.704866,21.0,3.0910425,0.37722293,1941,0.009027081243731193,False,2,9,13,15,B_cells,B_cells,B_cell,1
TGTGCGGAGATGCTTC-1,s1d3,1726,7.454141078146678,4616.0,8.4375,32.907279029462735,45.97053726169844,57.86395147313691,72.72530329289428,182.0,5.209486,3.9428077,1203.0,7.093405,26.061525,18.0,2.944439,0.389948,1725,0.024936754607878576,False,2,9,13,15,B_cells,B_cells,B_cell,1
TGTGCGGAGGCTAACG-1,s1d3,2017,7.609862200913554,6409.0,8.7656145,34.88843813387424,49.39928225932283,60.415041348104225,73.16273989701982,416.0,6.0330863,6.490872,1853.0,7.5251007,28.912466,25.0,3.2580965,0.39007646,2016,0.00970873786407767,False,2,9,13,15,B_cells,B_cells,B_cell,1
TGTGGCGGTAACGCGA-1,s1d3,2570,7.852050207265889,11834.0,9.378817,42.13283758661484,59.827615345614326,69.51157681257394,78.66317390569544,365.0,5.902633,3.0843332,5576.0,8.626407,47.118473,30.0,3.4339871,0.25350684,2569,0.024251069900142655,False,2,4,10,12,B_cells,B_cells,Naive_B,0
TGTGTGAGTCTAGGTT-1,s1d3,1077,6.982862751468942,3148.0,8.05484,37.515883100381195,54.32020330368488,67.56670902160101,81.67090216010166,146.0,4.9904327,4.6378655,1285.0,7.1592917,40.81957,15.0,2.7725887,0.47649303,1077,0.006535947712418303,False,2,9,13,15,B_cells,B_cells,B_cell,1
TGTGTGAGTTGCCGAC-1,s1d3,1062,6.968850378341948,3073.0,8.030735,40.64432150992515,56.16661243084933,67.49105109013993,81.7116823950537,377.0,5.934894,12.268142,1001.0,6.9097533,32.57403,16.0,2.8332133,0.52066386,1062,0.008695652173913044,False,2,4,10,12,B_cells,B_cells,Naive_B,0
TGTGTGATCTACACAG-1,s1d3,1623,7.392647520721623,4816.0,8.479907,36.75249169435216,51.37043189368771,62.68687707641196,76.37043189368771,222.0,5.4071717,4.609635,1529.0,7.333023,31.748339,21.0,3.0910425,0.43604654,1623,0.033898305084745756,False,2,9,13,15,B_cells,B_cells,B_cell,1
TGTTCATGTAACATGA-1,s1d3,1702,7.440146680662688,6446.0,8.77137,46.02854483400559,61.99193298169408,71.43965249767298,81.35277691591685,842.0,6.736967,13.062364,2389.0,7.7790484,37.061745,20.0,3.0445225,0.31026992,1701,0.02358324533614925,False,2,13,16,33,B_cells,B_cells,Naive_B,0
TGTTCTATCACGGAGA-1,s1d3,1327,7.191429330036379,4510.0,8.414274,40.465631929046566,59.534368070953434,70.73170731707317,81.6629711751663,341.0,5.8348107,7.560976,1911.0,7.5559053,42.372505,13.0,2.6390574,0.28824833,1327,0.01827347195967234,False,2,13,16,23,B_cells,B_cells,Naive_B,0
TGTTGGAGTGTAGCAG-1,s1d3,1510,7.32052696227274,5712.0,8.650499,43.48739495798319,61.57212885154062,71.48109243697479,82.31792717086834,432.0,6.070738,7.5630255,2503.0,7.825645,43.82003,8.0,2.1972246,0.14005603,1510,0.008050744083922909,False,2,4,10,12,B_cells,B_cells,Naive_B,0
TTAATCCGTCGAGATG-1,s1d3,2077,7.639161171659173,6624.0,8.798606,33.28804347826087,49.5018115942029,60.854468599033815,73.33937198067633,200.0,5.303305,3.0193238,2324.0,7.7514753,35.08454,13.0,2.6390574,0.19625604,2076,0.024936754607878576,False,2,9,13,15,B_cells,B_cells,B_cell,1
TTAATCCTCAGATGCT-1,s1d3,1415,7.255591274253665,4444.0,8.399535,43.31683168316832,58.97839783978398,68.65436543654366,79.4104410441044,399.0,5.9914646,8.978398,1649.0,7.4085307,37.10621,18.0,2.944439,0.40504053,1415,0.015778505507591547,False,2,13,16,23,B_cells,B_cells,Naive_B,0
TTAATCCTCTGTCGCT-1,s1d3,1621,7.3914152346753585,3937.0,8.278428,32.68986537973076,44.221488442976884,54.88950977901956,71.4249428498857,174.0,5.164786,4.4196086,927.0,6.8330317,23.545847,21.0,3.0910425,0.5334011,1618,0.006535947712418303,False,2,9,13,15,B_cells,B_cells,B_cell,1
TTACCGCGTGACAGGT-1,s1d3,1563,7.355001921105257,3661.0,8.205765,31.248292816170448,43.540016388964766,54.575252663206776,70.96421742693254,204.0,5.32301,5.572248,753.0,6.6253924,20.56815,31.0,3.465736,0.84676313,1563,0.03690529124055136,False,2,9,13,15,B_cells,B_cells,B_cell,1
TTACGCCGTCCCTCAT-1,s1d3,1593,7.374001859350161,4592.0,8.432289,38.37108013937282,52.78745644599303,63.109756097560975,76.19773519163763,378.0,5.9375362,8.231708,1338.0,7.1996784,29.137629,28.0,3.3672957,0.60975605,1590,0.012714206744057488,False,2,13,16,23,B_cells,B_cells,Naive_B,0
TTACGTTTCTCGGCTT-1,s1d3,1549,7.346010209913293,5574.0,8.626047,40.5453893074991,58.43200574094007,69.50125583064228,81.18048080373161,418.0,6.037871,7.499103,2249.0,7.7186856,40.348045,5.0,1.7917595,0.08970219,1549,0.02048909451421018,False,2,13,16,23,B_cells,B_cells,Naive_B,0
TTAGGCACACGACAAG-1,s1d3,1897,7.5485559791698735,6448.0,8.771681,39.70223325062035,55.598635235732004,65.80334987593052,76.81451612903226,389.0,5.966147,6.0328784,2346.0,7.7608933,36.383377,30.0,3.4339871,0.46526054,1897,0.019354838709677417,False,2,13,16,23,B_cells,B_cells,Naive_B,0
TTAGGCAGTCTAGGCC-1,s1d3,1369,7.222566018822171,3533.0,8.170186,35.861873761675625,48.74044721200113,60.28870648174356,75.40333993772997,63.0,4.158883,1.7831872,1146.0,7.044905,32.437023,18.0,2.944439,0.509482,1369,0.012714206744057488,False,2,9,13,15,B_cells,B_cells,B_cell,1
TTAGGGTTCCGTATAG-1,s1d3,2755,7.9215356321335495,12520.0,9.435163,41.78913738019169,57.539936102236425,68.04313099041534,77.3402555910543,952.0,6.859615,7.6038337,4663.0,8.447629,37.244408,14.0,2.7080503,0.111821085,2754,0.012311901504787963,False,2,4,10,12,B_cells,B_cells,Naive_B,0
TTAGTCTTCGCTAAAC-1,s1d3,1425,7.262628600974241,4969.0,8.511175,42.342523646608974,60.13282350573556,70.59770577581003,81.38458442342524,418.0,6.037871,8.412155,1928.0,7.564757,38.800564,13.0,2.6390574,0.26162207,1425,0.0167427701674277,False,2,13,16,23,B_cells,B_cells,Naive_B,0
TTAGTCTTCTGTAACG-1,s1d3,448,6.1070228877422545,1325.0,7.1899223,68.22641509433961,73.73584905660377,81.28301886792453,100.0,562.0,6.3332796,42.415092,49.0,3.912023,3.6981132,9.0,2.3025851,0.6792453,448,0.10344827586206894,False,2,4,2,2,B_cells,B_cells,Naive_B,0
TTCAATCGTAGATTGA-1,s1d3,1776,7.482681828154651,7264.0,8.890823,46.159140969163,62.27973568281938,72.02643171806167,81.6079295154185,489.0,6.1944056,6.731828,3091.0,8.036573,42.552315,33.0,3.5263605,0.45429516,1776,0.027108433734939756,False,2,13,16,33,B_cells,B_cells,Naive_B,0
TTCAATCTCTTGAACG-1,s1d3,537,6.2878585601617845,1201.0,7.091742,56.61948376353039,63.61365528726062,71.94004995836802,96.91923397169026,439.0,6.086775,36.55287,30.0,3.4339871,2.4979184,17.0,2.8903718,1.415487,537,0.15994798439531857,False,2,4,2,2,B_cells,B_cells,Naive_B,0
TTCACCGGTGAGGCAT-1,s1d3,1869,7.533693709848633,6694.0,8.809116,39.96115924708694,57.305049297878696,68.04601135345085,78.42844338213325,499.0,6.214608,7.4544373,2596.0,7.862112,38.781,26.0,3.295837,0.38840753,1867,0.012714206744057488,False,2,4,10,16,B_cells,B_cells,Naive_B,0
TTCACGCTCCCTCGTA-1,s1d3,1669,7.4205789054108005,5125.0,8.542081,39.33658536585366,54.79024390243903,65.07317073170732,77.19024390243902,449.0,6.1092477,8.760975,1678.0,7.425954,32.741463,35.0,3.583519,0.68292683,1668,0.012714206744057488,False,2,13,16,23,B_cells,B_cells,Naive_B,0
TTCACGCTCTCACTCG-1,s1d3,2672,7.890956716138919,6707.0,8.811056,31.981511853287607,39.570597882809004,48.14373043089309,61.50290741016848,480.0,6.175867,7.156702,859.0,6.7569323,12.807515,25.0,3.2580965,0.3727449,2672,0.4153846153846153,False,2,9,13,15,B_cells,B_cells,B_cell,1
TTCATGTAGATGAACT-1,s1d3,1440,7.273092595999522,3701.0,8.216628,34.720345852472306,47.96001080788976,59.41637395298568,74.60145906511754,282.0,5.645447,7.619562,945.0,6.8522425,25.53364,12.0,2.5649493,0.3242367,1439,0.005415162454873647,False,2,9,13,15,B_cells,B_cells,B_cell,1
TTCATTGTCGGAACTT-1,s1d3,472,6.159095388491933,825.0,6.7165947,46.78787878787879,54.90909090909091,67.03030303030303,100.0,181.0,5.2040067,21.939394,48.0,3.8918204,5.818182,13.0,2.6390574,1.5757575,472,0.02048909451421018,False,2,9,13,15,B_cells,B_cells,B_cell,1
TTCATTGTCTGAGAAA-1,s1d3,2720,7.908754738783246,11303.0,9.3329115,40.3344244890737,56.11784481995931,66.30098204016632,76.10368928603026,932.0,6.838405,8.245599,3979.0,8.289037,35.20304,42.0,3.7612002,0.37158275,2718,0.02168021680216802,False,2,4,10,12,B_cells,B_cells,Naive_B,0
TTCCACGCAGAGCGTA-1,s1d3,1355,7.212294468500341,4538.0,8.420462,40.50242397531952,58.395769061260474,69.72234464521816,81.15910092551785,280.0,5.638355,6.170119,1860.0,7.528869,40.98722,16.0,2.8332133,0.35257822,1355,0.015312131919905774,False,2,4,10,12,B_cells,B_cells,Naive_B,0
TTCCACGTCACCACAA-1,s1d3,553,6.317164686747284,1032.0,6.9402223,47.383720930232556,56.104651162790695,65.79457364341084,94.86434108527132,196.0,5.2832036,18.992249,52.0,3.9702919,5.0387597,23.0,3.1780539,2.228682,553,0.011531241619737198,False,2,9,13,15,B_cells,B_cells,B_cell,1
TTCCGGTAGCAAGTGC-1,s1d3,1613,7.3864708488298945,6108.0,8.717519,42.43614931237721,60.74001309757695,70.92337917485266,81.71250818598558,363.0,5.897154,5.9430256,2654.0,7.8842,43.45121,23.0,3.1780539,0.37655535,1613,0.007428708363287803,False,2,4,10,12,B_cells,B_cells,Naive_B,0
TTCCGGTCATCCCACT-1,s1d3,1034,6.942156705699469,2992.0,8.004031,58.68983957219251,64.1042780748663,70.78877005347593,82.1524064171123,735.0,6.60123,24.565508,127.0,4.8520303,4.2446523,25.0,3.2580965,0.83556145,1033,0.09523809523809527,False,2,4,2,2,B_cells,B_cells,Naive_B,0
TTCCTAAGTTGTTGAC-1,s1d3,933,6.839476438228843,2657.0,7.8853292,60.25592773805043,65.5626646593903,72.41249529544599,83.70342491531802,920.0,6.82546,34.62552,99.0,4.6051702,3.7260067,21.0,3.0910425,0.79036504,933,0.05429864253393665,False,2,4,16,2,B_cells,B_cells,Naive_B,0
TTCTAGTTCATGAAAG-1,s1d3,1295,7.16703787691222,4437.0,8.397959,41.40184809556006,59.657426188866346,71.08406581023215,82.08248816768086,285.0,5.655992,6.423259,1813.0,7.5032897,40.860943,9.0,2.3025851,0.20283975,1295,0.007125890736342043,False,2,13,16,23,B_cells,B_cells,Naive_B,0
TTCTAGTTCTCTCCGA-1,s1d3,2953,7.9909154630913255,13510.0,9.511259,42.35381199111769,59.022945965951145,67.77942264988897,76.60251665433012,730.0,6.5944133,5.403405,5825.0,8.670086,43.116207,10.0,2.3978953,0.074019246,2952,0.2549019607843137,False,2,4,10,12,B_cells,B_cells,Naive_B,0
TTCTAGTTCTTGCAGA-1,s1d3,1885,7.542213463193403,5363.0,8.587465,36.00596680962148,48.38709677419355,58.661197091180306,71.86276337870595,479.0,6.173786,8.931568,1197.0,7.088409,22.319597,14.0,2.7080503,0.26104793,1885,0.08157099697885198,False,2,9,13,15,B_cells,B_cells,B_cell,1
TTCTGTAAGCGGTAAC-1,s1d3,784,6.665683717782408,1820.0,7.507141,37.08791208791209,52.032967032967036,65.6043956043956,84.3956043956044,200.0,5.303305,10.989011,523.0,6.261492,28.736263,12.0,2.5649493,0.6593407,784,0.012311901504787963,False,2,9,13,15,B_cells,B_cells,B_cell,1
TTCTGTAGTATGTCTG-1,s1d3,1807,7.4999765409521215,4518.0,8.416046,32.492253209384685,44.466578131916776,54.67020805666224,69.58831341301462,217.0,5.3844953,4.80301,1246.0,7.128496,27.578575,33.0,3.5263605,0.7304117,1805,0.007125890736342043,False,2,9,13,15,B_cells,B_cells,B_cell,1
TTCTTCCTCCATCGTC-1,s1d3,2274,7.729735331385051,6232.0,8.737613,29.541078305519896,41.84852374839538,52.34274711168164,66.63992297817714,187.0,5.236442,3.0006418,1379.0,7.229839,22.127728,16.0,2.8332133,0.2567394,2272,0.014855811243810076,False,2,9,13,15,B_cells,B_cells,B_cell,1
TTGAACGAGCGAAACC-1,s1d3,1396,7.242082359256962,3641.0,8.200288,34.001647898928866,48.036253776435046,59.928591046415825,75.3913759956056,195.0,5.278115,5.3556714,994.0,6.902743,27.30019,17.0,2.8903718,0.4669047,1396,0.009364717792963807,False,2,9,13,15,B_cells,B_cells,B_cell,1
TTGAACGGTGTTCATG-1,s1d3,1610,7.384610383176974,3845.0,8.254789,31.807542262678805,43.32899869960988,54.59037711313394,71.13133940182055,191.0,5.2574954,4.96749,784.0,6.6656837,20.390118,19.0,2.9957323,0.49414825,1609,0.02168021680216802,False,2,9,13,15,B_cells,B_cells,B_cell,1
TTGACCCAGCTGCCTG-1,s1d3,2010,7.606387389772652,6241.0,8.739056,35.26678416920365,48.87037333760615,60.15061688831918,72.88896010254767,316.0,5.7589016,5.063291,1801.0,7.4966526,28.857555,34.0,3.5553482,0.5447845,2010,0.04659498207885305,False,2,9,13,15,B_cells,B_cells,B_cell,1
TTGACCCTCAGACATC-1,s1d3,2057,7.629489916393995,5794.0,8.664751,34.6392820158785,45.68519157749396,56.16154642733863,69.86537797721782,367.0,5.908083,6.334139,1178.0,7.072422,20.331377,31.0,3.465736,0.53503627,2054,0.02168021680216802,False,2,9,13,15,B_cells,B_cells,B_cell,1
TTGAGTGTCGTACACA-1,s1d3,1480,7.300472814267799,6794.0,8.823942,48.8519281719164,67.73623785693259,77.02384456873712,85.57550780100088,584.0,6.371612,8.595819,3450.0,8.14642,50.780098,23.0,3.1780539,0.338534,1480,0.009027081243731193,False,2,4,10,12,B_cells,B_cells,Naive_B,0
TTGATGGCAGAGGCTA-1,s1d3,1885,7.542213463193403,5237.0,8.563695,31.392018331105593,45.522245560435366,57.131945770479284,71.30036280313156,302.0,5.7137327,5.76666,1493.0,7.309212,28.508686,32.0,3.4965076,0.6110369,1885,0.01312482546774644,False,2,9,13,15,B_cells,B_cells,B_cell,1
TTGCATTCAGCTACTA-1,s1d3,1289,7.162397497355718,4012.0,8.297295,41.076769690927215,57.951146560319046,69.0927218344965,80.33399800598205,382.0,5.9480352,9.521436,1404.0,7.2477927,34.995014,18.0,2.944439,0.44865403,1289,0.00970873786407767,False,2,13,16,23,B_cells,B_cells,Naive_B,0
TTGCTGCAGCAATTAG-1,s1d3,1839,7.517520850603031,5670.0,8.643121,39.64726631393298,54.4973544973545,63.93298059964727,75.76719576719577,494.0,6.204558,8.712522,2014.0,7.6083746,35.520283,16.0,2.8332133,0.28218696,1839,0.04022450888681011,False,2,4,10,16,B_cells,B_cells,Naive_B,0
TTGGATGAGAGATCGC-1,s1d3,1700,7.438971592395862,4384.0,8.385945,32.82390510948905,45.14142335766424,56.25,71.55565693430657,281.0,5.641907,6.409672,1024.0,6.932448,23.357664,32.0,3.4965076,0.729927,1699,0.04263565891472869,False,2,9,13,15,B_cells,B_cells,B_cell,1
TTGGGATAGGTAGTCG-1,s1d3,1194,7.085901464365611,4190.0,8.340694,45.4653937947494,61.599045346062056,72.0525059665871,83.43675417661099,560.0,6.329721,13.365155,1536.0,7.337588,36.65871,14.0,2.7080503,0.3341289,1193,0.007428708363287803,False,2,13,16,23,B_cells,B_cells,Naive_B,0
TTGGGATCACAAGTGG-1,s1d3,1745,7.465082736399547,4829.0,8.482602,40.04969973079312,50.83868295713398,60.095257817353485,73.74197556429903,653.0,6.4831076,13.522469,889.0,6.7912216,18.409609,34.0,3.5553482,0.70407957,1742,0.107981220657277,False,2,9,13,15,B_cells,B_cells,B_cell,1
TTGGGATTCGCTCTCA-1,s1d3,1709,7.444248649496705,4529.0,8.418477,33.00949436961802,45.904173106646056,57.20909693088983,72.11304923824244,304.0,5.7203116,6.712299,951.0,6.858565,20.998013,18.0,2.944439,0.39743873,1709,0.04801670146137786,False,2,9,13,15,B_cells,B_cells,B_cell,1
TTGGTTTGTAAGCTCT-1,s1d3,1990,7.596392304064196,7700.0,8.949105,44.94805194805195,60.532467532467535,69.2987012987013,78.8051948051948,767.0,6.64379,9.961039,2940.0,7.986505,38.181816,24.0,3.218876,0.3116883,1990,0.015778505507591547,False,2,4,10,16,B_cells,B_cells,Naive_B,0
TTGTGGATCGTAGTGT-1,s1d3,1672,7.422373700986824,6688.0,8.80822,43.854665071770334,62.141148325358856,72.02452153110048,82.01255980861244,757.0,6.6306834,11.31878,2769.0,7.9266024,41.40251,23.0,3.1780539,0.34389952,1671,0.010416666666666666,False,2,4,10,12,B_cells,B_cells,Naive_B,0
TTGTTCACATGGCTAT-1,s1d3,2752,7.920446505142607,7860.0,8.969669,29.79643765903308,40.0,49.82188295165395,64.10941475826972,595.0,6.3902407,7.569975,1264.0,7.1428275,16.081425,32.0,3.4965076,0.4071247,2751,0.27695560253699775,False,2,9,13,15,B_cells,B_cells,B_cell,1
TTGTTGTAGACCGTTT-1,s1d3,547,6.306275286948016,1479.0,7.2997975,47.194050033806626,63.55645706558486,76.53820148749155,96.82217714672076,161.0,5.0875964,10.885734,605.0,6.40688,40.906017,15.0,2.7725887,1.0141988,547,0.007125890736342043,False,2,13,16,23,B_cells,B_cells,Naive_B,0
TTGTTTGCAGCACCCA-1,s1d3,1516,7.324489979348532,4935.0,8.504311,42.18844984802432,57.993920972644375,67.74062816616008,79.41236068895643,361.0,5.891644,7.3150964,1897.0,7.548556,38.439716,24.0,3.218876,0.48632216,1515,0.005146565227120161,False,2,4,10,12,B_cells,B_cells,Naive_B,0
TTGTTTGCAGCCGTCA-1,s1d3,1755,7.470793774195062,4510.0,8.414274,33.48115299334812,44.789356984478935,56.186252771618626,71.06430155210643,219.0,5.3936276,4.8558755,888.0,6.790097,19.689579,15.0,2.7725887,0.33259425,1755,0.04522613065326634,False,2,4,13,15,B_cells,B_cells,Naive_B,0
TTGTTTGGTGTCACAT-1,s1d3,1497,7.311886164077165,6170.0,8.727616,47.779578606158836,64.31118314424636,73.98703403565641,83.84116693679093,746.0,6.616065,12.090762,2508.0,7.8276396,40.6483,18.0,2.944439,0.2917342,1497,0.007125890736342043,False,2,13,16,23,B_cells,B_cells,Naive_B,0
TTTACCATCGAGTACT-1,s1d3,1579,7.365180126021013,6472.0,8.775395,47.357849196538936,64.91038318912238,73.65574783683559,83.32818294190358,444.0,6.0980744,6.860321,2839.0,7.9515595,43.865883,12.0,2.5649493,0.18541409,1579,0.018807778131973225,False,2,13,16,33,B_cells,B_cells,Naive_B,0
TTTAGTCAGACATCCT-1,s1d3,1871,7.534762657037537,6823.0,8.828201,42.31276564561043,58.053642092920995,68.0199325809761,78.29400556939763,790.0,6.673298,11.578485,2293.0,7.7380524,33.60692,24.0,3.218876,0.35175145,1871,0.33333333333333315,False,2,13,16,12,B_cells,B_cells,Naive_B,0
TTTAGTCGTACAGTTC-1,s1d3,956,6.863803391452954,2327.0,7.7527647,52.81478298238075,58.229480017189516,66.82423721529867,80.40395358831113,607.0,6.410175,26.085087,67.0,4.2195077,2.8792436,16.0,2.8332133,0.6875806,956,0.030303030303030304,False,2,4,2,2,B_cells,B_cells,Naive_B,0
TTTATGCCACCTAAAC-1,s1d3,1370,7.223295679562314,5020.0,8.521384,43.10756972111554,61.354581673306775,71.67330677290836,82.66932270916335,356.0,5.8777356,7.0916333,2173.0,7.6843243,43.286854,13.0,2.6390574,0.25896415,1370,0.00596603946764571,False,2,13,16,23,B_cells,B_cells,Naive_B,0
TTTATGCGTCCGGACT-1,s1d3,1308,7.1770187659099,3875.0,8.262559,41.883870967741935,56.903225806451616,66.81290322580645,79.1483870967742,475.0,6.1654177,12.258064,1278.0,7.153834,32.980644,26.0,3.295837,0.67096776,1308,0.0706521739130435,False,2,4,10,12,B_cells,B_cells,Naive_B,0
TTTATGCGTGGGACAT-1,s1d3,1722,7.45182223652793,6112.0,8.718173,46.15510471204188,61.33835078534031,69.48625654450262,80.0065445026178,787.0,6.669498,12.876309,2342.0,7.7591877,38.31806,26.0,3.295837,0.42539266,1722,0.005146565227120161,False,2,4,10,12,B_cells,B_cells,Naive_B,0
TTTATGCTCTCTGCCA-1,s1d3,1700,7.438971592395862,4770.0,8.470311,36.142557651991616,48.0503144654088,59.20335429769392,73.73165618448637,197.0,5.288267,4.129979,1116.0,7.0184016,23.396227,21.0,3.0910425,0.4402516,1698,0.027108433734939756,False,2,9,13,15,B_cells,B_cells,B_cell,1
TTTCACACAACTTGGT-1,s1d3,1056,6.963189985870238,3690.0,8.213653,44.03794037940379,62.493224932249326,73.41463414634146,84.93224932249322,232.0,5.4510384,6.2872624,1772.0,7.480428,48.02168,11.0,2.4849067,0.298103,1056,0.011531241619737198,False,2,13,16,23,B_cells,B_cells,Naive_B,0
TTTCACAGTCAAGGCA-1,s1d3,2360,7.766840537085513,9305.0,9.138414,40.73078989790435,56.99086512627619,66.43739924771627,76.70069854916711,703.0,6.5567784,7.555078,3576.0,8.18228,38.43095,15.0,2.7725887,0.16120365,2359,0.01191765980498375,False,2,13,16,23,B_cells,B_cells,Naive_B,0
TTTCAGTAGTTTGAGA-1,s1d3,778,6.658011045870748,1981.0,7.5918617,58.303886925795055,63.907117617364975,70.82281675921251,85.96668349318526,705.0,6.559615,35.588085,65.0,4.189655,3.2811713,19.0,2.9957323,0.9591116,776,0.05263157894736843,False,2,13,16,23,B_cells,B_cells,Naive_B,0
TTTCATGGTCTGTTAG-1,s1d3,1324,7.1891677384203225,3838.0,8.252967,40.15112037519542,54.4293903074518,65.5549765502866,78.53048462741012,248.0,5.5174527,6.4616985,1210.0,7.0992017,31.526836,13.0,2.6390574,0.3387181,1324,0.022298456260720412,False,2,13,16,23,B_cells,B_cells,Naive_B,0
TTTCATGTCGCTACAA-1,s1d3,1575,7.362645270417825,4151.0,8.331346,34.594073717176585,47.38617200674536,58.805107203083594,74.10262587328354,165.0,5.1119876,3.9749458,1204.0,7.094235,29.00506,16.0,2.8332133,0.3854493,1575,0.007125890736342043,False,2,9,13,15,B_cells,B_cells,B_cell,1
TTTCCTCAGTCGTTAC-1,s1d3,426,6.056784013228625,986.0,6.89467,60.24340770791075,66.93711967545639,77.079107505071,100.0,332.0,5.8081427,33.6714,45.0,3.8286414,4.5638943,24.0,3.218876,2.434077,426,0.02358324533614925,False,2,4,2,2,B_cells,B_cells,Naive_B,0
TTTGACTCACCGAATT-1,s1d3,1875,7.53689712956617,6945.0,8.8459215,42.793376529877605,58.50251979841613,68.23614110871131,78.57451403887688,588.0,6.378426,8.466522,2565.0,7.8501034,36.93305,22.0,3.1354942,0.31677467,1874,0.010780962398106761,False,2,13,16,23,B_cells,B_cells,Naive_B,0
TTTGATCGTCGAGTGA-1,s1d3,1205,7.095064377287131,3061.0,8.026824,34.56386801698791,49.42829140803659,61.51584449526298,76.96831100947404,197.0,5.288267,6.4358053,935.0,6.8416157,30.545574,9.0,2.3025851,0.29402158,1205,0.005146565227120161,False,2,9,13,15,B_cells,B_cells,B_cell,1
TTTGGTTCATGACGGA-1,s1d3,1648,7.407924322559599,4195.0,8.3418865,32.99165673420739,44.88676996424314,56.162097735399286,72.20500595947557,208.0,5.3423343,4.9582834,1036.0,6.944087,24.696068,18.0,2.944439,0.42908224,1648,0.012311901504787963,False,2,9,13,15,B_cells,B_cells,B_cell,1
