,leiden_sub,cell_type_res_0.02_lvl1
AAACCCAAGGATGGCT-1,Immune_mixed,Immune_mixed
AAACCCAAGGCCTAGA-1,Myeloid,Myeloid
AAACCCAAGTGAGTGC-1,"B_cells,0",B_cells
AAACCCACAAGAGGCT-1,Immune_mixed,Immune_mixed
AAACCCACATCGTGGC-1,Immune_mixed,Immune_mixed
AAACCCACATTCTCTA-1,"B_cells,0",B_cells
AAACCCAGTCCGCAGT-1,Erythroid,Erythroid
AAACCCAGTGCATACT-1,Immune_mixed,Immune_mixed
AAACCCAGTTGACGGA-1,Immune_mixed,Immune_mixed
AAACCCATCGATACTG-1,Immune_mixed,Immune_mixed
AAACCCATCGGAGCAA-1,Immune_mixed,Immune_mixed
AAACGAAAGCAATTCC-1,Immune_mixed,Immune_mixed
AAACGAAAGCTCCACG-1,Immune_mixed,Immune_mixed
AAACGAACAAGAATAC-1,"B_cells,0",B_cells
AAACGAACACAGGATG-1,Immune_mixed,Immune_mixed
AAACGAACATCGCTGG-1,Myeloid,Myeloid
AAACGAAGTAAGTTAG-1,"B_cells,1",B_cells
AAACGAAGTCCACTTC-1,Immune_mixed,Immune_mixed
AAACGAAGTCTCACAA-1,Immune_mixed,Immune_mixed
AAACGAAGTGGTCTAT-1,Immune_mixed,Immune_mixed
AAACGAAGTTTGCAGT-1,Erythroid,Erythroid
AAACGAATCCCTTGGT-1,Immune_mixed,Immune_mixed
AAACGAATCGCTCCTA-1,Immune_mixed,Immune_mixed
AAACGAATCGTGCACG-1,Immune_mixed,Immune_mixed
AAACGCTAGAAGTCAT-1,Immune_mixed,Immune_mixed
AAACGCTAGAGCCTGA-1,Immune_mixed,Immune_mixed
AAACGCTAGAGGTCGT-1,Immune_mixed,Immune_mixed
AAACGCTAGGCAGTCA-1,Myeloid,Myeloid
AAACGCTAGTAGAGTT-1,Immune_mixed,Immune_mixed
AAACGCTAGTCAGAGC-1,Immune_mixed,Immune_mixed
AAACGCTCAAGAATGT-1,Immune_mixed,Immune_mixed
AAACGCTCAAGCCTGC-1,Immune_mixed,Immune_mixed
AAACGCTCATGCAGGA-1,Myeloid,Myeloid
AAACGCTGTACTTGTG-1,Immune_mixed,Immune_mixed
AAACGCTGTCTCTCAC-1,Immune_mixed,Immune_mixed
AAACGCTGTGACTATC-1,Immune_mixed,Immune_mixed
AAACGCTGTTCGGTAT-1,"B_cells,0",B_cells
AAACGCTTCACCTACC-1,Immune_mixed,Immune_mixed
AAACGCTTCACTACTT-1,Myeloid,Myeloid
AAACGCTTCACTAGCA-1,Immune_mixed,Immune_mixed
AAACGCTTCATCTATC-1,Immune_mixed,Immune_mixed
AAACGCTTCATGGATC-1,"B_cells,0",B_cells
AAAGAACAGCGGATCA-1,Immune_mixed,Immune_mixed
AAAGAACAGCTCCCTT-1,Immune_mixed,Immune_mixed
AAAGAACAGGGACTGT-1,Immune_mixed,Immune_mixed
AAAGAACCATCAGTCA-1,Immune_mixed,Immune_mixed
AAAGAACGTGCTGCAC-1,"B_cells,0",B_cells
AAAGAACGTTACCCTC-1,Immune_mixed,Immune_mixed
AAAGGATAGTGGAAGA-1,"B_cells,0",B_cells
AAAGGATCACGTCGGT-1,"B_cells,0",B_cells
AAAGGATCATTCTGTT-1,Immune_mixed,Immune_mixed
AAAGGATGTATATGGA-1,Myeloid,Myeloid
AAAGGATGTTCCCAAA-1,Immune_mixed,Immune_mixed
AAAGGATGTTGAGGAC-1,Immune_mixed,Immune_mixed
AAAGGATGTTTCAGAC-1,Erythroid,Erythroid
AAAGGATTCCCATGGG-1,Erythroid,Erythroid
AAAGGATTCTACGGGC-1,Immune_mixed,Immune_mixed
AAAGGGCAGGACGGAG-1,Myeloid,Myeloid
AAAGGGCAGGCACGAT-1,"B_cells,0",B_cells
AAAGGGCAGTTTCAGC-1,Erythroid,Erythroid
AAAGGGCGTAACGTTC-1,Erythroid,Erythroid
AAAGGGCGTCATGGCC-1,Immune_mixed,Immune_mixed
AAAGGGCGTCCACGCA-1,Immune_mixed,Immune_mixed
AAAGGGCGTGTCGCTG-1,"B_cells,1",B_cells
AAAGGGCTCACTGGTA-1,Erythroid,Erythroid
AAAGGTAAGTCAGGGT-1,Myeloid,Myeloid
AAAGGTACAACTCATG-1,Erythroid,Erythroid
AAAGGTACAATGAACA-1,Immune_mixed,Immune_mixed
AAAGGTACACCGAATT-1,Immune_mixed,Immune_mixed
AAAGGTAGTAGTGCGA-1,Immune_mixed,Immune_mixed
AAAGGTATCAAGTAAG-1,"B_cells,0",B_cells
AAAGGTATCGAGAGCA-1,Erythroid,Erythroid
AAAGTCCAGAATCTAG-1,Immune_mixed,Immune_mixed
AAAGTCCAGCACGTCC-1,Erythroid,Erythroid
AAAGTCCAGCGAATGC-1,Immune_mixed,Immune_mixed
AAAGTCCAGGGCAACT-1,Immune_mixed,Immune_mixed
AAAGTCCGTACGATCT-1,Erythroid,Erythroid
AAAGTCCGTACTCAAC-1,Erythroid,Erythroid
AAAGTCCGTAGACAAT-1,Immune_mixed,Immune_mixed
AAAGTCCGTCAACCAT-1,"B_cells,0",B_cells
AAAGTCCGTTATCTGG-1,Immune_mixed,Immune_mixed
AAAGTCCTCTGTCCCA-1,Immune_mixed,Immune_mixed
AAAGTCCTCTTGCAAG-1,Immune_mixed,Immune_mixed
AAAGTGAAGAAGGGAT-1,Immune_mixed,Immune_mixed
AAAGTGACAACACGTT-1,Erythroid,Erythroid
AAAGTGACATATCTCT-1,Immune_mixed,Immune_mixed
AAAGTGACATATGGCT-1,Immune_mixed,Immune_mixed
AAAGTGAGTAACGCGA-1,Myeloid,Myeloid
AAAGTGAGTCGTACTA-1,Myeloid,Myeloid
AAAGTGAGTTTCCCAC-1,Myeloid,Myeloid
AAAGTGAGTTTCGTGA-1,Immune_mixed,Immune_mixed
AAATGGAAGAGCCATG-1,"B_cells,0",B_cells
AAATGGAAGCAGGCAT-1,Immune_mixed,Immune_mixed
AAATGGAAGCCATTCA-1,Immune_mixed,Immune_mixed
AAATGGACATAAGCAA-1,Myeloid,Myeloid
AAATGGAGTTCTAAGC-1,Immune_mixed,Immune_mixed
AAATGGATCATCTACT-1,Immune_mixed,Immune_mixed
AAATGGATCCTTATCA-1,Immune_mixed,Immune_mixed
AAATGGATCGCCTCTA-1,"B_cells,0",B_cells
AAATGGATCTTGTGCC-1,Erythroid,Erythroid
AACAAAGCACGACGAA-1,"B_cells,0",B_cells
AACAAAGCATCTCCCA-1,Immune_mixed,Immune_mixed
AACAAAGGTACCGCGT-1,Erythroid,Erythroid
AACAAAGGTACCTGTA-1,Erythroid,Erythroid
AACAAAGGTATGCGTT-1,"B_cells,0",B_cells
AACAAAGGTGTTCCAA-1,Immune_mixed,Immune_mixed
AACAAAGGTTCAGTAC-1,Erythroid,Erythroid
AACAAAGTCCGTACGG-1,"B_cells,0",B_cells
AACAAAGTCCTACGAA-1,Immune_mixed,Immune_mixed
AACAACCAGAAGCCAC-1,Immune_mixed,Immune_mixed
AACAACCAGACGAAGA-1,Immune_mixed,Immune_mixed
AACAACCAGAGAATCT-1,Erythroid,Erythroid
AACAACCAGTTCTACG-1,Immune_mixed,Immune_mixed
AACAACCAGTTGTAAG-1,Myeloid,Myeloid
AACAACCCACAAATCC-1,Immune_mixed,Immune_mixed
AACAACCCATGGCTAT-1,Erythroid,Erythroid
AACAACCCATTGCCTC-1,Immune_mixed,Immune_mixed
AACAACCGTACTGAGG-1,"B_cells,0",B_cells
AACAACCGTTCTTGCC-1,Immune_mixed,Immune_mixed
AACAACCGTTTCGGCG-1,Immune_mixed,Immune_mixed
AACAACCTCGGTCAGC-1,Immune_mixed,Immune_mixed
AACAACCTCTTACGGA-1,Immune_mixed,Immune_mixed
AACAAGAAGCCGTTAT-1,"B_cells,0",B_cells
AACAAGACAACTCCCT-1,Immune_mixed,Immune_mixed
AACAAGACACCGTGAC-1,Immune_mixed,Immune_mixed
AACAAGACACGACGAA-1,Myeloid,Myeloid
AACAAGAGTAGTTACC-1,Immune_mixed,Immune_mixed
AACAAGAGTCATCCCT-1,Erythroid,Erythroid
AACAAGATCATTCTTG-1,Immune_mixed,Immune_mixed
AACACACAGGTCCCGT-1,"B_cells,0",B_cells
AACACACAGTAATCCC-1,Erythroid,Erythroid
AACACACTCACTACGA-1,Immune_mixed,Immune_mixed
AACACACTCATTGCGA-1,Immune_mixed,Immune_mixed
AACACACTCCCAAGTA-1,Immune_mixed,Immune_mixed
AACACACTCCGACAGC-1,"B_cells,0",B_cells
AACACACTCCTCATAT-1,"B_cells,0",B_cells
AACACACTCCTGGCTT-1,"B_cells,0",B_cells
AACAGGGAGCGAGAAA-1,Immune_mixed,Immune_mixed
AACAGGGAGTTGGGAC-1,Immune_mixed,Immune_mixed
AACAGGGGTCAGACTT-1,Immune_mixed,Immune_mixed
AACAGGGGTGCGTTTA-1,Myeloid,Myeloid
AACAGGGGTGGTTTGT-1,Immune_mixed,Immune_mixed
AACAGGGTCCTAGCTC-1,Immune_mixed,Immune_mixed
AACAGGGTCTGTGCAA-1,Immune_mixed,Immune_mixed
AACCAACAGCTAATGA-1,Immune_mixed,Immune_mixed
AACCAACCAAACACCT-1,Immune_mixed,Immune_mixed
AACCAACCACTCACTC-1,Immune_mixed,Immune_mixed
AACCAACCAGATGCGA-1,Myeloid,Myeloid
AACCAACCAGCATTGT-1,Myeloid,Myeloid
AACCAACGTACGGTTT-1,Immune_mixed,Immune_mixed
AACCAACGTCTTAGTG-1,"B_cells,1",B_cells
AACCAACGTTGCGGCT-1,Immune_mixed,Immune_mixed
AACCAACTCCTAGCTC-1,Erythroid,Erythroid
AACCAACTCGATTGAC-1,Erythroid,Erythroid
AACCACAAGAACTTCC-1,Immune_mixed,Immune_mixed
AACCACAAGACTTGTC-1,Erythroid,Erythroid
AACCACAAGTCAGCCC-1,"B_cells,1",B_cells
AACCACACACACGCCA-1,"B_cells,0",B_cells
AACCACACACGGCCAT-1,"B_cells,0",B_cells
AACCACAGTTCAAAGA-1,Immune_mixed,Immune_mixed
AACCACAGTTCGGCGT-1,Erythroid,Erythroid
AACCACAGTTCGGCTG-1,"B_cells,0",B_cells
AACCACAGTTGTGTAC-1,Immune_mixed,Immune_mixed
AACCACATCACGGACC-1,Immune_mixed,Immune_mixed
AACCACATCGACATTG-1,Erythroid,Erythroid
AACCACATCTAAACGC-1,Immune_mixed,Immune_mixed
AACCACATCTTCCAGC-1,"B_cells,0",B_cells
AACCATGAGGCTCTCG-1,Myeloid,Myeloid
AACCATGAGTAGGAAG-1,Immune_mixed,Immune_mixed
AACCATGAGTTATGGA-1,"B_cells,0",B_cells
AACCATGCAGCCGTCA-1,Immune_mixed,Immune_mixed
AACCATGGTTAAGTCC-1,Immune_mixed,Immune_mixed
AACCATGTCGGTCAGC-1,Immune_mixed,Immune_mixed
AACCATGTCGTGTTCC-1,Erythroid,Erythroid
AACCCAAAGCAATTCC-1,Erythroid,Erythroid
AACCCAAAGCGCACAA-1,Myeloid,Myeloid
AACCCAAAGCTGAAGC-1,Immune_mixed,Immune_mixed
AACCCAAAGCTGTCCG-1,Immune_mixed,Immune_mixed
AACCCAAAGTCAAGCG-1,Myeloid,Myeloid
AACCCAACAAAGTGTA-1,Immune_mixed,Immune_mixed
AACCCAACAGGTACGA-1,Immune_mixed,Immune_mixed
AACCCAAGTCGCGTTG-1,Immune_mixed,Immune_mixed
AACCCAAGTCTCGGAC-1,Immune_mixed,Immune_mixed
AACCCAAGTCTTGTCC-1,Immune_mixed,Immune_mixed
AACCCAAGTGGCAACA-1,Immune_mixed,Immune_mixed
AACCCAAGTTTGACAC-1,Immune_mixed,Immune_mixed
AACCCAATCATTACGG-1,Immune_mixed,Immune_mixed
AACCCAATCCCTATTA-1,Immune_mixed,Immune_mixed
AACCTGAAGACGCAGT-1,"B_cells,0",B_cells
AACCTGAAGGATGTTA-1,Immune_mixed,Immune_mixed
AACCTGACACAGTACT-1,Immune_mixed,Immune_mixed
AACCTGACACCAGACC-1,"B_cells,0",B_cells
AACCTGACATGACGAG-1,Immune_mixed,Immune_mixed
AACCTGAGTAGACTGG-1,Immune_mixed,Immune_mixed
AACCTGAGTGACACGA-1,Immune_mixed,Immune_mixed
AACCTGAGTTGAGTCT-1,Erythroid,Erythroid
AACCTGATCGATTGGT-1,"B_cells,0",B_cells
AACCTTTAGGAACGTC-1,"B_cells,0",B_cells
AACCTTTAGTGAGCCA-1,Immune_mixed,Immune_mixed
AACCTTTGTAGTCACT-1,Myeloid,Myeloid
AACCTTTGTGATTCTG-1,Myeloid,Myeloid
AACCTTTGTTCGCGTG-1,Myeloid,Myeloid
AACCTTTGTTGTTTGG-1,Immune_mixed,Immune_mixed
AACCTTTTCGTTCTGC-1,Immune_mixed,Immune_mixed
AACGAAAAGAGCTGCA-1,Erythroid,Erythroid
AACGAAACACATTGTG-1,"B_cells,0",B_cells
AACGAAACAGATCATC-1,Immune_mixed,Immune_mixed
AACGAAAGTACTGTTG-1,"B_cells,0",B_cells
AACGAAAGTCAAAGCG-1,Erythroid,Erythroid
AACGAAAGTGTACATC-1,"B_cells,0",B_cells
AACGAAATCACCGCTT-1,"B_cells,1",B_cells
AACGAAATCATTGTTC-1,Erythroid,Erythroid
AACGAAATCTTGTGCC-1,Myeloid,Myeloid
AACGGGAAGAAGGCTC-1,Immune_mixed,Immune_mixed
AACGGGACAACAAAGT-1,Immune_mixed,Immune_mixed
AACGGGACAAGTGCTT-1,"B_cells,0",B_cells
AACGGGACACGGGCTT-1,Myeloid,Myeloid
AACGGGAGTGAATAAC-1,Myeloid,Myeloid
AACGGGAGTTAAGTCC-1,Immune_mixed,Immune_mixed
AACGGGAGTTGTTTGG-1,Immune_mixed,Immune_mixed
AACGGGATCCACGGGT-1,"B_cells,0",B_cells
AACGGGATCTCGTTTA-1,Immune_mixed,Immune_mixed
AACGTCAAGGATTTCC-1,Immune_mixed,Immune_mixed
AACGTCAAGGTAACTA-1,Erythroid,Erythroid
AACGTCAAGTCAAGCG-1,Erythroid,Erythroid
AACGTCACAAACTCTG-1,Immune_mixed,Immune_mixed
AACGTCACACCAACAT-1,Immune_mixed,Immune_mixed
AACGTCACAGGTCAAG-1,Myeloid,Myeloid
AACGTCAGTGGCCCAT-1,Immune_mixed,Immune_mixed
AACGTCAGTGGTAATA-1,Immune_mixed,Immune_mixed
AACGTCATCAAGTCGT-1,Erythroid,Erythroid
AACGTCATCACCGGTG-1,"B_cells,0",B_cells
AACGTCATCCTAACAG-1,Immune_mixed,Immune_mixed
AACGTCATCTTGATTC-1,Immune_mixed,Immune_mixed
AACTTCTAGAAGTGTT-1,Immune_mixed,Immune_mixed
AACTTCTAGTAGCAAT-1,Erythroid,Erythroid
AACTTCTAGTGGTGGT-1,Immune_mixed,Immune_mixed
AACTTCTCACATAACC-1,Erythroid,Erythroid
AACTTCTCACGTCGGT-1,Immune_mixed,Immune_mixed
AACTTCTCACTGGATT-1,Immune_mixed,Immune_mixed
AACTTCTCAGACTCTA-1,Erythroid,Erythroid
AACTTCTGTCATCCCT-1,"B_cells,0",B_cells
AACTTCTGTCCTTGTC-1,"B_cells,0",B_cells
AACTTCTTCATGACAC-1,"B_cells,0",B_cells
AACTTCTTCATTGCCC-1,Erythroid,Erythroid
AACTTCTTCTATGTGG-1,Erythroid,Erythroid
AACTTCTTCTATTTCG-1,Immune_mixed,Immune_mixed
AAGAACAAGCACCCAC-1,Myeloid,Myeloid
AAGAACAAGCAGTAAT-1,Immune_mixed,Immune_mixed
AAGAACAAGGGATCTG-1,Immune_mixed,Immune_mixed
AAGAACACACAAAGCG-1,Immune_mixed,Immune_mixed
AAGAACAGTCTGTTAG-1,Immune_mixed,Immune_mixed
AAGAACATCAAACTGC-1,Myeloid,Myeloid
AAGACAAAGACGAGCT-1,Erythroid,Erythroid
AAGACAAAGCCACCGT-1,"B_cells,0",B_cells
AAGACAACACCAGTAT-1,Immune_mixed,Immune_mixed
AAGACAACACGGATCC-1,Myeloid,Myeloid
AAGACAACAGATCACT-1,Myeloid,Myeloid
AAGACAACATGACACT-1,"B_cells,0",B_cells
AAGACAACATTGCAAC-1,Immune_mixed,Immune_mixed
AAGACAATCCTACACC-1,"B_cells,0",B_cells
AAGACAATCGATACTG-1,Erythroid,Erythroid
AAGACTCAGAATCCCT-1,Immune_mixed,Immune_mixed
AAGACTCAGAATCTAG-1,"B_cells,0",B_cells
AAGACTCAGCGACTGA-1,Immune_mixed,Immune_mixed
AAGACTCAGGTAGGCT-1,Immune_mixed,Immune_mixed
AAGACTCAGTGATAGT-1,Erythroid,Erythroid
AAGACTCCACCTGATA-1,"B_cells,0",B_cells
AAGACTCCATATACCG-1,Erythroid,Erythroid
AAGACTCGTAGCGTAG-1,Immune_mixed,Immune_mixed
AAGACTCGTCCGAAAG-1,Immune_mixed,Immune_mixed
AAGACTCGTCGTCATA-1,Immune_mixed,Immune_mixed
AAGACTCTCCAAGAGG-1,Immune_mixed,Immune_mixed
AAGACTCTCCCGTGTT-1,"B_cells,0",B_cells
AAGACTCTCGATACTG-1,Erythroid,Erythroid
AAGACTCTCTCCCATG-1,Immune_mixed,Immune_mixed
AAGATAGAGCTACAAA-1,Erythroid,Erythroid
AAGATAGAGGAACGAA-1,Immune_mixed,Immune_mixed
AAGATAGAGTAGACAT-1,Immune_mixed,Immune_mixed
AAGATAGAGTGGTGGT-1,"B_cells,0",B_cells
AAGATAGCAAGCGCAA-1,Immune_mixed,Immune_mixed
AAGATAGCACCTGCAG-1,Immune_mixed,Immune_mixed
AAGATAGCACGTTGGC-1,Immune_mixed,Immune_mixed
AAGATAGCATACTTTC-1,Myeloid,Myeloid
AAGATAGGTATGAAAC-1,Myeloid,Myeloid
AAGATAGTCCCGAGAC-1,Immune_mixed,Immune_mixed
AAGATAGTCCTGTAAG-1,Immune_mixed,Immune_mixed
AAGATAGTCGCACGGT-1,Immune_mixed,Immune_mixed
AAGATAGTCTACAGGT-1,"B_cells,0",B_cells
AAGCATCAGCCTTTCC-1,"B_cells,1",B_cells
AAGCATCAGTAGTCCT-1,"B_cells,0",B_cells
AAGCATCTCAGCTTCC-1,"B_cells,0",B_cells
AAGCATCTCCGTAATG-1,Immune_mixed,Immune_mixed
AAGCCATAGCAGCCTC-1,Erythroid,Erythroid
AAGCCATAGTCAGCGA-1,Erythroid,Erythroid
AAGCCATAGTGGTGGT-1,Myeloid,Myeloid
AAGCCATAGTTCGGTT-1,Immune_mixed,Immune_mixed
AAGCCATGTGAGTTTC-1,"B_cells,0",B_cells
AAGCCATTCCCTGTTG-1,Erythroid,Erythroid
AAGCGAGAGACCATGG-1,Immune_mixed,Immune_mixed
AAGCGAGAGTCCCTAA-1,Immune_mixed,Immune_mixed
AAGCGAGAGTGCACAG-1,"B_cells,0",B_cells
AAGCGAGCAACCGGAA-1,Erythroid,Erythroid
AAGCGAGCATCCGATA-1,Immune_mixed,Immune_mixed
AAGCGAGCATGCGGTC-1,Immune_mixed,Immune_mixed
AAGCGAGGTCGAGTTT-1,Erythroid,Erythroid
AAGCGAGGTGTTCGTA-1,Myeloid,Myeloid
AAGCGTTAGAATAGTC-1,Immune_mixed,Immune_mixed
AAGCGTTAGACTTCAC-1,Erythroid,Erythroid
AAGCGTTAGAGCGACT-1,Immune_mixed,Immune_mixed
AAGCGTTAGAGCTGAC-1,Immune_mixed,Immune_mixed
AAGCGTTAGAGTTGAT-1,"B_cells,0",B_cells
AAGCGTTAGGATTACA-1,"B_cells,0",B_cells
AAGCGTTAGTAGAATC-1,Immune_mixed,Immune_mixed
AAGCGTTGTGTCGCTG-1,Immune_mixed,Immune_mixed
AAGCGTTTCGGCTATA-1,Erythroid,Erythroid
AAGGAATCATATCTCT-1,Immune_mixed,Immune_mixed
AAGGAATTCCCGTGAG-1,"B_cells,0",B_cells
AAGGTAAAGCCTCAGC-1,Immune_mixed,Immune_mixed
AAGGTAACAATGAAAC-1,Myeloid,Myeloid
AAGGTAACAGACAAGC-1,Immune_mixed,Immune_mixed
AAGGTAAGTCACGTGC-1,"B_cells,0",B_cells
AAGGTAATCCCTCGAT-1,Erythroid,Erythroid
AAGGTAATCCGACATA-1,Immune_mixed,Immune_mixed
AAGTACCAGCTACGTT-1,Immune_mixed,Immune_mixed
AAGTACCAGGCCGCTT-1,Erythroid,Erythroid
AAGTACCAGGTACTGG-1,Immune_mixed,Immune_mixed
AAGTACCAGTTAGTGA-1,Immune_mixed,Immune_mixed
AAGTACCCAACACACT-1,Immune_mixed,Immune_mixed
AAGTACCCATTCGATG-1,Immune_mixed,Immune_mixed
AAGTACCGTCCGGTGT-1,Erythroid,Erythroid
AAGTACCTCAGCTGTA-1,Immune_mixed,Immune_mixed
AAGTACCTCGCTCATC-1,Immune_mixed,Immune_mixed
AAGTACCTCTGGGTCG-1,Immune_mixed,Immune_mixed
AAGTACCTCTGGTGGC-1,Immune_mixed,Immune_mixed
AAGTCGTAGCAAATGT-1,Myeloid,Myeloid
AAGTCGTAGGTAACTA-1,Immune_mixed,Immune_mixed
AAGTCGTAGGTGCTGA-1,Immune_mixed,Immune_mixed
AAGTCGTAGGTTAAAC-1,"B_cells,1",B_cells
AAGTCGTCAGAAGTGC-1,"B_cells,0",B_cells
AAGTCGTCAGGAGGTT-1,Immune_mixed,Immune_mixed
AAGTCGTTCACCGACG-1,"B_cells,0",B_cells
AAGTCGTTCCTATTGT-1,Immune_mixed,Immune_mixed
AAGTGAAAGTCAACAA-1,Immune_mixed,Immune_mixed
AAGTGAACAGAACTTC-1,"B_cells,0",B_cells
AAGTGAAGTACCGGAA-1,Erythroid,Erythroid
AAGTGAAGTTATGTCG-1,Immune_mixed,Immune_mixed
AAGTGAATCCGGGACT-1,"B_cells,0",B_cells
AAGTGAATCGTCCTCA-1,"B_cells,0",B_cells
AAGTGAATCTCAGTCC-1,Immune_mixed,Immune_mixed
AAGTTCGAGAGCATCG-1,"B_cells,1",B_cells
AAGTTCGAGCTCTTCC-1,Erythroid,Erythroid
AAGTTCGAGGCGACAT-1,Immune_mixed,Immune_mixed
AAGTTCGAGTTCCATG-1,Erythroid,Erythroid
AAGTTCGAGTTCCGTA-1,Immune_mixed,Immune_mixed
AAGTTCGAGTTCTCTT-1,Immune_mixed,Immune_mixed
AAGTTCGCACCCAAGC-1,Erythroid,Erythroid
AAGTTCGCAGGCATGA-1,Immune_mixed,Immune_mixed
AAGTTCGGTTGACTAC-1,Immune_mixed,Immune_mixed
AATAGAGCAGATTTCG-1,Immune_mixed,Immune_mixed
AATAGAGTCCGCACGA-1,"B_cells,0",B_cells
AATAGAGTCGTGCAGC-1,Myeloid,Myeloid
AATCACGAGATGACCG-1,Immune_mixed,Immune_mixed
AATCACGAGCAGAAAG-1,Immune_mixed,Immune_mixed
AATCACGAGGTACAGC-1,Immune_mixed,Immune_mixed
AATCACGAGTGCAAAT-1,Erythroid,Erythroid
AATCACGAGTGCCAGA-1,Immune_mixed,Immune_mixed
AATCACGCAAATCCCA-1,Erythroid,Erythroid
AATCACGCACAACGAG-1,Erythroid,Erythroid
AATCACGCAGGCGAAT-1,Immune_mixed,Immune_mixed
AATCACGCATTGCCTC-1,Myeloid,Myeloid
AATCACGGTATGCTAC-1,Erythroid,Erythroid
AATCACGGTCAGGTGA-1,Erythroid,Erythroid
AATCACGTCCTTCACG-1,Immune_mixed,Immune_mixed
AATCACGTCTTTCCAA-1,Immune_mixed,Immune_mixed
AATCGACAGCATCCTA-1,Immune_mixed,Immune_mixed
AATCGACAGCCGCTTG-1,"B_cells,0",B_cells
AATCGACAGCGCCTTG-1,Immune_mixed,Immune_mixed
AATCGACAGTGCCAGA-1,Myeloid,Myeloid
AATCGACCAACGGTAG-1,Myeloid,Myeloid
AATCGACGTACGGCAA-1,Myeloid,Myeloid
AATCGACGTTACCCAA-1,Immune_mixed,Immune_mixed
AATCGACTCAAGTCTG-1,Immune_mixed,Immune_mixed
AATCGACTCGTGCTCT-1,Immune_mixed,Immune_mixed
AATCGTGCACCCGTAG-1,Erythroid,Erythroid
AATCGTGCACCTGATA-1,"B_cells,0",B_cells
AATCGTGCATACCAGT-1,Immune_mixed,Immune_mixed
AATCGTGGTACGTACT-1,Immune_mixed,Immune_mixed
AATCGTGGTCGAAGCA-1,Immune_mixed,Immune_mixed
AATCGTGGTGATGTAA-1,Immune_mixed,Immune_mixed
AATCGTGTCAGCTTCC-1,Myeloid,Myeloid
AATCGTGTCCTTATCA-1,"B_cells,0",B_cells
AATCGTGTCTAAGAAG-1,Immune_mixed,Immune_mixed
AATGAAGAGGACTAAT-1,Erythroid,Erythroid
AATGAAGCAAGAGAGA-1,Immune_mixed,Immune_mixed
AATGAAGCAAGTGTCT-1,Myeloid,Myeloid
AATGAAGCAGTTTCGA-1,Myeloid,Myeloid
AATGAAGGTCTTGTCC-1,Immune_mixed,Immune_mixed
AATGAAGTCCAATCCC-1,Erythroid,Erythroid
AATGAAGTCTTACCAT-1,Immune_mixed,Immune_mixed
AATGACCAGTACAGAT-1,Erythroid,Erythroid
AATGACCCAAACACCT-1,Myeloid,Myeloid
AATGACCCAACCGTAT-1,"B_cells,1",B_cells
AATGACCCAATCCAGT-1,Immune_mixed,Immune_mixed
AATGACCCACATGGTT-1,Immune_mixed,Immune_mixed
AATGACCCATGTTCGA-1,Immune_mixed,Immune_mixed
AATGACCGTGAATGAT-1,Erythroid,Erythroid
AATGACCGTTGTTGAC-1,"B_cells,0",B_cells
AATGACCTCCAGTGTA-1,Immune_mixed,Immune_mixed
AATGCCAAGTTTCGAC-1,Erythroid,Erythroid
AATGCCACAACGCATT-1,Immune_mixed,Immune_mixed
AATGCCAGTGTCTTCC-1,"B_cells,0",B_cells
AATGCCATCGCTGCGA-1,Erythroid,Erythroid
AATGGAAAGGCAATGC-1,"B_cells,0",B_cells
AATGGAACAAGTCGTT-1,"B_cells,0",B_cells
AATGGAACAGCCTATA-1,Immune_mixed,Immune_mixed
AATGGAAGTCTTACAG-1,Immune_mixed,Immune_mixed
AATGGCTAGCGGACAT-1,Erythroid,Erythroid
AATGGCTGTACCTGTA-1,Erythroid,Erythroid
AATGGCTGTATGGGAC-1,"B_cells,0",B_cells
AATGGCTGTGGAGGTT-1,"B_cells,0",B_cells
AATGGCTGTGTACGCC-1,Erythroid,Erythroid
AATGGCTGTTTAAGGA-1,Immune_mixed,Immune_mixed
AATGGCTTCTGCGAGC-1,Erythroid,Erythroid
AATTCCTAGGCCGCTT-1,Immune_mixed,Immune_mixed
AATTCCTAGGTAAAGG-1,Immune_mixed,Immune_mixed
AATTCCTAGTAGGTTA-1,Immune_mixed,Immune_mixed
AATTCCTCACATCCCT-1,Immune_mixed,Immune_mixed
AATTCCTCATCCTTGC-1,Immune_mixed,Immune_mixed
AATTCCTGTGACGCCT-1,Immune_mixed,Immune_mixed
AATTCCTGTTACGATC-1,Erythroid,Erythroid
AATTCCTTCCCTATTA-1,Immune_mixed,Immune_mixed
AATTCCTTCCTCATAT-1,Immune_mixed,Immune_mixed
AATTTCCAGTATAACG-1,Erythroid,Erythroid
AATTTCCCACTATCCC-1,Erythroid,Erythroid
AATTTCCGTTATGACC-1,Erythroid,Erythroid
AATTTCCTCAGAGCGA-1,"B_cells,0",B_cells
AATTTCCTCAGCCTCT-1,Myeloid,Myeloid
AATTTCCTCATTCACT-1,Immune_mixed,Immune_mixed
AATTTCCTCTCATTTG-1,Erythroid,Erythroid
ACAAAGAAGACGATAT-1,Immune_mixed,Immune_mixed
ACAAAGAAGGGCGAAG-1,Immune_mixed,Immune_mixed
ACAAAGACACATACGT-1,Erythroid,Erythroid
ACAAAGACACTACCGG-1,Erythroid,Erythroid
ACAAAGACATCCAATG-1,Immune_mixed,Immune_mixed
ACAAAGAGTCAGACTT-1,Myeloid,Myeloid
ACAAAGAGTGCCTAAT-1,Erythroid,Erythroid
ACAAAGAGTGCTATTG-1,Immune_mixed,Immune_mixed
ACAAAGAGTTGGCCGT-1,Immune_mixed,Immune_mixed
ACAAAGATCCCTCTTT-1,Immune_mixed,Immune_mixed
ACAAAGATCGCTAAAC-1,Erythroid,Erythroid
ACAAAGATCTTACACT-1,Immune_mixed,Immune_mixed
ACAACCAAGCGACCCT-1,"B_cells,0",B_cells
ACAACCACAACAGCCC-1,Erythroid,Erythroid
ACAACCACAACTTGCA-1,Myeloid,Myeloid
ACAACCACAAGAGGCT-1,Erythroid,Erythroid
ACAACCAGTACCATAC-1,"B_cells,0",B_cells
ACAACCAGTAGAAACT-1,Immune_mixed,Immune_mixed
ACAACCAGTCGGTGAA-1,Myeloid,Myeloid
ACAACCAGTTTCGTGA-1,Immune_mixed,Immune_mixed
ACAACCATCCACACAA-1,"B_cells,0",B_cells
ACAACCATCCTACACC-1,Immune_mixed,Immune_mixed
ACAACCATCGCTACAA-1,Immune_mixed,Immune_mixed
ACAACCATCTCAGGCG-1,Immune_mixed,Immune_mixed
ACAAGCTAGATCCCAT-1,Immune_mixed,Immune_mixed
ACAAGCTAGGGAGAAT-1,Immune_mixed,Immune_mixed
ACAAGCTAGTTGAAGT-1,Immune_mixed,Immune_mixed
ACAAGCTGTAGACGGT-1,Immune_mixed,Immune_mixed
ACAAGCTGTCATCAGT-1,Immune_mixed,Immune_mixed
ACAAGCTGTCTAGATC-1,Immune_mixed,Immune_mixed
ACAAGCTGTGCTCTTC-1,Erythroid,Erythroid
ACAAGCTTCCGTCAAA-1,Immune_mixed,Immune_mixed
ACAAGCTTCGTGTGGC-1,Myeloid,Myeloid
ACACAGTAGCAACAAT-1,Erythroid,Erythroid
ACACAGTAGCGTTGTT-1,Immune_mixed,Immune_mixed
ACACAGTCAGACCATT-1,"B_cells,0",B_cells
ACACAGTCATCAGCAT-1,Immune_mixed,Immune_mixed
ACACAGTCATGGCCCA-1,Immune_mixed,Immune_mixed
ACACAGTGTTCGGTCG-1,"B_cells,0",B_cells
ACACAGTTCCGGACTG-1,Immune_mixed,Immune_mixed
ACACAGTTCGAACTCA-1,Immune_mixed,Immune_mixed
ACACAGTTCGAGAAGC-1,Immune_mixed,Immune_mixed
ACACAGTTCTCCGAAA-1,Erythroid,Erythroid
ACACCAAAGAGGCCAT-1,"B_cells,0",B_cells
ACACCAAAGCGTACAG-1,Immune_mixed,Immune_mixed
ACACCAAAGGGCAACT-1,"B_cells,0",B_cells
ACACCAACAATACGAA-1,Erythroid,Erythroid
ACACCAACAGAACATA-1,Erythroid,Erythroid
ACACCAACAGTTACCA-1,Immune_mixed,Immune_mixed
ACACCAAGTCGCTCGA-1,Immune_mixed,Immune_mixed
ACACCAAGTGGTGATG-1,"B_cells,0",B_cells
ACACCAATCAAAGGTA-1,Erythroid,Erythroid
ACACCAATCGCCAACG-1,Immune_mixed,Immune_mixed
ACACCAATCGTCCTTG-1,Immune_mixed,Immune_mixed
ACACCAATCTAGGCCG-1,Immune_mixed,Immune_mixed
ACACCAATCTGGTGGC-1,Erythroid,Erythroid
ACACCAATCTTCCTAA-1,Immune_mixed,Immune_mixed
ACACGCGAGCGTGTCC-1,Erythroid,Erythroid
ACACGCGCAGCGAGTA-1,"B_cells,0",B_cells
ACACGCGCATGACTTG-1,Myeloid,Myeloid
ACACGCGGTCATAGTC-1,Immune_mixed,Immune_mixed
ACACGCGGTCCATCTC-1,Immune_mixed,Immune_mixed
ACACGCGGTCGTGCCA-1,Immune_mixed,Immune_mixed
ACACGCGGTTCGGTAT-1,Immune_mixed,Immune_mixed
ACACGCGTCCAGCTCT-1,Immune_mixed,Immune_mixed
ACACTGAAGGTACATA-1,"B_cells,0",B_cells
ACACTGACAAGACAAT-1,Immune_mixed,Immune_mixed
ACACTGACAAGCGAGT-1,Myeloid,Myeloid
ACACTGACATCCGAGC-1,"B_cells,0",B_cells
ACACTGAGTCGGTACC-1,Erythroid,Erythroid
ACACTGATCCAACCAA-1,Immune_mixed,Immune_mixed
ACACTGATCTGGAAGG-1,Myeloid,Myeloid
ACAGAAAAGAGAGTGA-1,Immune_mixed,Immune_mixed
ACAGAAAAGAGGGTCT-1,Immune_mixed,Immune_mixed
ACAGAAAAGCGTGTTT-1,Immune_mixed,Immune_mixed
ACAGAAACACTAGTAC-1,Myeloid,Myeloid
ACAGAAAGTCGCAACC-1,Immune_mixed,Immune_mixed
ACAGCCGAGTGGCCTC-1,Immune_mixed,Immune_mixed
ACAGCCGCACCAGTAT-1,Immune_mixed,Immune_mixed
ACAGCCGCAGTGACCC-1,"B_cells,0",B_cells
ACAGCCGGTCCGGACT-1,Immune_mixed,Immune_mixed
ACAGCCGGTTGCCAAT-1,Immune_mixed,Immune_mixed
ACAGCCGTCACGGACC-1,Immune_mixed,Immune_mixed
ACAGCCGTCAGTGCGC-1,Immune_mixed,Immune_mixed
ACAGCCGTCGTGCGAC-1,Erythroid,Erythroid
ACAGGGAAGCAGGCAT-1,Immune_mixed,Immune_mixed
ACAGGGAAGTCGCCAC-1,Immune_mixed,Immune_mixed
ACAGGGACAACGGTAG-1,"B_cells,0",B_cells
ACAGGGACAACTTCTT-1,Immune_mixed,Immune_mixed
ACAGGGACACGCTGCA-1,Erythroid,Erythroid
ACAGGGAGTATGTCAC-1,Immune_mixed,Immune_mixed
ACAGGGAGTGCTCTTC-1,"B_cells,0",B_cells
ACAGGGATCGCTATTT-1,"B_cells,0",B_cells
ACAGGGATCTCGCCTA-1,Erythroid,Erythroid
ACATCCCAGACCAGAC-1,Immune_mixed,Immune_mixed
ACATCCCAGCGAGTCA-1,Erythroid,Erythroid
ACATCCCCAGTGCCTG-1,Immune_mixed,Immune_mixed
ACATCCCGTACAGGTG-1,Erythroid,Erythroid
ACATCCCGTCGTCAGC-1,Erythroid,Erythroid
ACATCCCGTTCATCTT-1,"B_cells,1",B_cells
ACATCCCTCATTTACC-1,Myeloid,Myeloid
ACATCCCTCCAACACA-1,Immune_mixed,Immune_mixed
ACATCCCTCCTACGAA-1,Immune_mixed,Immune_mixed
ACATCCCTCGCCGAAC-1,Erythroid,Erythroid
ACATCCCTCTGTAACG-1,Myeloid,Myeloid
ACATCGAAGCGAAACC-1,Immune_mixed,Immune_mixed
ACATCGAAGGGTTGCA-1,Immune_mixed,Immune_mixed
ACATCGACAACCACAT-1,Myeloid,Myeloid
ACATCGACAACTCCCT-1,Immune_mixed,Immune_mixed
ACATCGACACACCAGC-1,Erythroid,Erythroid
ACATCGAGTCACGCTG-1,Erythroid,Erythroid
ACATCGAGTGACAGGT-1,Myeloid,Myeloid
ACATCGATCATCACCC-1,Immune_mixed,Immune_mixed
ACATCGATCCATCTAT-1,Erythroid,Erythroid
ACATCGATCCCGAACG-1,Immune_mixed,Immune_mixed
ACATCGATCCGCGAGT-1,Erythroid,Erythroid
ACATCGATCGCGTGCA-1,"B_cells,0",B_cells
ACATGCAAGAATTCAG-1,Erythroid,Erythroid
ACATGCAAGCGCATCC-1,Immune_mixed,Immune_mixed
ACATGCAAGCTAGATA-1,Myeloid,Myeloid
ACATGCATCCAATCCC-1,Immune_mixed,Immune_mixed
ACATGCATCTTCGGAA-1,Immune_mixed,Immune_mixed
ACATTTCAGCCTCAGC-1,Immune_mixed,Immune_mixed
ACATTTCAGGCACTCC-1,Immune_mixed,Immune_mixed
ACATTTCCAAGCGCTC-1,Immune_mixed,Immune_mixed
ACATTTCCACGCGTCA-1,Immune_mixed,Immune_mixed
ACATTTCCAGGTTCCG-1,Immune_mixed,Immune_mixed
ACATTTCCATCCTCAC-1,Immune_mixed,Immune_mixed
ACATTTCGTCAATCTG-1,Immune_mixed,Immune_mixed
ACATTTCGTCGTGTTA-1,Immune_mixed,Immune_mixed
ACATTTCGTGCGACAA-1,Myeloid,Myeloid
ACATTTCGTGTCCTAA-1,Myeloid,Myeloid
ACATTTCGTTAGAAAC-1,Immune_mixed,Immune_mixed
ACATTTCTCTCTCTTC-1,Immune_mixed,Immune_mixed
ACATTTCTCTTCGTGC-1,Immune_mixed,Immune_mixed
ACCAAACAGGACGCTA-1,Immune_mixed,Immune_mixed
ACCAAACAGTCGCTAT-1,Immune_mixed,Immune_mixed
ACCAAACCAACGCATT-1,Immune_mixed,Immune_mixed
ACCAAACCACCGGCTA-1,Immune_mixed,Immune_mixed
ACCAAACCAGAGGCTA-1,Immune_mixed,Immune_mixed
ACCAAACCAGCAGATG-1,Erythroid,Erythroid
ACCAAACGTCACGCTG-1,Erythroid,Erythroid
ACCAAACGTGCCGTTG-1,Erythroid,Erythroid
ACCAAACTCGGATAAA-1,Myeloid,Myeloid
ACCAAACTCTCTGGTC-1,Immune_mixed,Immune_mixed
ACCAACAAGACCATAA-1,Myeloid,Myeloid
ACCAACAAGTCATTGC-1,Erythroid,Erythroid
ACCAACACAAGTTCCA-1,Immune_mixed,Immune_mixed
ACCAACAGTACGAAAT-1,Immune_mixed,Immune_mixed
ACCAACAGTACTGCCG-1,Immune_mixed,Immune_mixed
ACCAACAGTCACGACC-1,Immune_mixed,Immune_mixed
ACCAACATCAATCCAG-1,"B_cells,0",B_cells
ACCAACATCGTTACCC-1,Myeloid,Myeloid
ACCACAAAGCATCGAG-1,Immune_mixed,Immune_mixed
ACCACAAAGGTAGCAC-1,Immune_mixed,Immune_mixed
ACCACAAAGGTCTTTG-1,"B_cells,0",B_cells
ACCACAACACTACACA-1,Immune_mixed,Immune_mixed
ACCACAACAGAGTAAT-1,Immune_mixed,Immune_mixed
ACCACAACAGATACTC-1,Immune_mixed,Immune_mixed
ACCACAACATTGCCTC-1,Myeloid,Myeloid
ACCACAAGTACAGTAA-1,Erythroid,Erythroid
ACCACAAGTGTTGACT-1,Immune_mixed,Immune_mixed
ACCACAAGTTAGGCTT-1,Myeloid,Myeloid
ACCACAATCAAAGCCT-1,Immune_mixed,Immune_mixed
ACCACAATCTCGGTCT-1,Erythroid,Erythroid
ACCATTTAGAGCTGAC-1,Erythroid,Erythroid
ACCATTTCACAGTATC-1,Erythroid,Erythroid
ACCATTTCACGCGCTA-1,Erythroid,Erythroid
ACCATTTCACTAACGT-1,"B_cells,0",B_cells
ACCATTTCACTCACTC-1,Immune_mixed,Immune_mixed
ACCATTTGTGTCATGT-1,Immune_mixed,Immune_mixed
ACCATTTTCCATATGG-1,Immune_mixed,Immune_mixed
ACCATTTTCCGTATAG-1,Immune_mixed,Immune_mixed
ACCATTTTCTGTACAG-1,Immune_mixed,Immune_mixed
ACCATTTTCTTTCGAT-1,Immune_mixed,Immune_mixed
ACCCAAAAGACCTTTG-1,Myeloid,Myeloid
ACCCAAACAAAGAGTT-1,Erythroid,Erythroid
ACCCAAACAAGGACAC-1,Immune_mixed,Immune_mixed
ACCCAAACACATATCG-1,Erythroid,Erythroid
ACCCAAAGTATGAAAC-1,Myeloid,Myeloid
ACCCAAATCTGAATCG-1,Immune_mixed,Immune_mixed
ACCCTCAAGGATTTCC-1,Immune_mixed,Immune_mixed
ACCCTCAAGGCATTTC-1,Immune_mixed,Immune_mixed
ACCCTCAGTAAGGTCG-1,"B_cells,0",B_cells
ACCCTCAGTACCGGAA-1,Immune_mixed,Immune_mixed
ACCCTCAGTACTTGTG-1,Immune_mixed,Immune_mixed
ACCCTCAGTAGAGCTG-1,Immune_mixed,Immune_mixed
ACCCTCAGTGCGTTTA-1,Immune_mixed,Immune_mixed
ACCCTCAGTGTCCATA-1,Erythroid,Erythroid
ACCCTTGAGTTGTAAG-1,Immune_mixed,Immune_mixed
ACCCTTGCACCCTTAC-1,Immune_mixed,Immune_mixed
ACCCTTGCAGGAACCA-1,Immune_mixed,Immune_mixed
ACCCTTGGTAAGGTCG-1,Immune_mixed,Immune_mixed
ACCCTTGGTCGGAACA-1,"B_cells,0",B_cells
ACCCTTGGTTTAGAGA-1,Immune_mixed,Immune_mixed
ACCGTTCAGATACCAA-1,Immune_mixed,Immune_mixed
ACCGTTCAGCTGAGCA-1,Erythroid,Erythroid
ACCGTTCCAGAACGCA-1,"B_cells,0",B_cells
ACCGTTCCATGTGGTT-1,Erythroid,Erythroid
ACCGTTCGTACTCCCT-1,Immune_mixed,Immune_mixed
ACCGTTCGTAGGTCAG-1,Erythroid,Erythroid
ACCGTTCGTCTGATCA-1,Immune_mixed,Immune_mixed
ACCGTTCGTTCCAAAC-1,Immune_mixed,Immune_mixed
ACCGTTCTCAAACTGC-1,Erythroid,Erythroid
ACCGTTCTCGTGTGAT-1,Immune_mixed,Immune_mixed
ACCTACCAGGGTACGT-1,Immune_mixed,Immune_mixed
ACCTACCAGTTGGCTT-1,Erythroid,Erythroid
ACCTACCCACCGTACG-1,Immune_mixed,Immune_mixed
ACCTACCCACGACGCT-1,Immune_mixed,Immune_mixed
ACCTACCCATAATCCG-1,Immune_mixed,Immune_mixed
ACCTACCCATGAAAGT-1,Immune_mixed,Immune_mixed
ACCTACCCATTAGGAA-1,Erythroid,Erythroid
ACCTACCGTCCAGAAG-1,Erythroid,Erythroid
ACCTACCGTCTTCAAG-1,Immune_mixed,Immune_mixed
ACCTACCGTGCGAACA-1,Myeloid,Myeloid
ACCTACCTCAAATGCC-1,"B_cells,0",B_cells
ACCTACCTCCCTCTAG-1,Immune_mixed,Immune_mixed
ACCTACCTCGACGACC-1,Immune_mixed,Immune_mixed
ACCTACCTCGAGTCTA-1,Immune_mixed,Immune_mixed
ACCTACCTCTGCGTCT-1,Erythroid,Erythroid
ACCTGAAAGCCGAATG-1,Immune_mixed,Immune_mixed
ACCTGAAAGTAAGGGA-1,Immune_mixed,Immune_mixed
ACCTGAAAGTATCCTG-1,Erythroid,Erythroid
ACCTGAACAAGCAGGT-1,"B_cells,0",B_cells
ACCTGAACAAGCGATG-1,Immune_mixed,Immune_mixed
ACCTGAACAAGTATCC-1,"B_cells,1",B_cells
ACCTGAACACAACGCC-1,"B_cells,0",B_cells
ACCTGAACACTTCAAG-1,Immune_mixed,Immune_mixed
ACCTGAAGTGTCCGTG-1,"B_cells,0",B_cells
ACCTGAATCATTTGCT-1,"B_cells,0",B_cells
ACCTGTCAGAGCGACT-1,Immune_mixed,Immune_mixed
ACCTGTCAGGACTGGT-1,Immune_mixed,Immune_mixed
ACCTGTCCAAGCTCTA-1,Myeloid,Myeloid
ACCTGTCCAGGCTCTG-1,Myeloid,Myeloid
ACCTGTCGTAGCGTAG-1,Erythroid,Erythroid
ACCTGTCGTAGGCAAC-1,Myeloid,Myeloid
ACCTGTCGTGCCTATA-1,"B_cells,0",B_cells
ACCTGTCTCAAACGTC-1,Erythroid,Erythroid
ACCTGTCTCCGTGTGG-1,Immune_mixed,Immune_mixed
ACCTGTCTCGAGCACC-1,Erythroid,Erythroid
ACCTGTCTCTGAGTCA-1,Erythroid,Erythroid
ACGATCAAGATTAGCA-1,"B_cells,0",B_cells
ACGATCAAGGCCTGCT-1,Immune_mixed,Immune_mixed
ACGATCAAGGTCATTC-1,Erythroid,Erythroid
ACGATCACAATTAGGA-1,Immune_mixed,Immune_mixed
ACGATCACATACCGTA-1,"B_cells,0",B_cells
ACGATCAGTCCATACA-1,Myeloid,Myeloid
ACGATCAGTCCCGGTA-1,Immune_mixed,Immune_mixed
ACGATCATCAGTAGGG-1,Erythroid,Erythroid
ACGATCATCATTGGTG-1,Erythroid,Erythroid
ACGATCATCCAACTAG-1,"B_cells,0",B_cells
ACGATCATCCATTTCA-1,Immune_mixed,Immune_mixed
ACGATCATCCCTATTA-1,Myeloid,Myeloid
ACGATCATCTATTCGT-1,Erythroid,Erythroid
ACGATCATCTCTGCTG-1,Myeloid,Myeloid
ACGATGTAGACGCCCT-1,Immune_mixed,Immune_mixed
ACGATGTCAATTCGTG-1,Immune_mixed,Immune_mixed
ACGATGTCAGAGTGTG-1,Myeloid,Myeloid
ACGATGTCATGACTAC-1,Erythroid,Erythroid
ACGATGTGTCAAGCGA-1,"B_cells,1",B_cells
ACGATGTGTGCTCCGA-1,Immune_mixed,Immune_mixed
ACGATGTTCCCGAGGT-1,Erythroid,Erythroid
ACGCACGAGGCTCACC-1,Immune_mixed,Immune_mixed
ACGCACGAGTCCTACA-1,Immune_mixed,Immune_mixed
ACGCACGCAATTGCGT-1,Immune_mixed,Immune_mixed
ACGCACGGTACTCGTA-1,Immune_mixed,Immune_mixed
ACGCACGGTCATCACA-1,Erythroid,Erythroid
ACGCACGGTGACAGGT-1,Immune_mixed,Immune_mixed
ACGCACGTCAACTTTC-1,Immune_mixed,Immune_mixed
ACGCACGTCAGTCCGG-1,"B_cells,1",B_cells
ACGCACGTCGGAGTGA-1,"B_cells,0",B_cells
ACGGAAGCAAACGTGG-1,Erythroid,Erythroid
ACGGAAGGTATCACGT-1,Erythroid,Erythroid
ACGGAAGGTGGATTTC-1,Immune_mixed,Immune_mixed
ACGGAAGTCAGACCGC-1,Erythroid,Erythroid
ACGGAAGTCCACACCT-1,"B_cells,0",B_cells
ACGGGTCAGTAATCCC-1,Erythroid,Erythroid
ACGGGTCCAAACTCTG-1,Erythroid,Erythroid
ACGGGTCGTCAATGGG-1,Immune_mixed,Immune_mixed
ACGGGTCGTCTACAGT-1,Immune_mixed,Immune_mixed
ACGGGTCTCACCTCTG-1,Myeloid,Myeloid
ACGGGTCTCGTCAAAC-1,Erythroid,Erythroid
ACGGTCGAGCGCCCAT-1,"B_cells,0",B_cells
ACGGTCGAGGTAGCCA-1,Erythroid,Erythroid
ACGGTCGAGTATAACG-1,Immune_mixed,Immune_mixed
ACGGTCGCAGTAGATA-1,"B_cells,0",B_cells
ACGGTCGGTCTTTATC-1,"B_cells,0",B_cells
ACGGTCGGTGGTCAAG-1,"B_cells,0",B_cells
ACGGTCGTCCGTGGTG-1,Immune_mixed,Immune_mixed
ACGGTCGTCTGGTGGC-1,Immune_mixed,Immune_mixed
ACGGTTAAGCGTTGTT-1,Myeloid,Myeloid
ACGGTTAAGCTGTGCC-1,Immune_mixed,Immune_mixed
ACGGTTACAACGGGTA-1,Immune_mixed,Immune_mixed
ACGGTTACAAGATTGA-1,Immune_mixed,Immune_mixed
ACGGTTACAGCGTACC-1,Erythroid,Erythroid
ACGGTTACAGGCAATG-1,Immune_mixed,Immune_mixed
ACGGTTACATGGAGAC-1,Erythroid,Erythroid
ACGGTTAGTCCTTAAG-1,Immune_mixed,Immune_mixed
ACGGTTAGTGATACTC-1,Immune_mixed,Immune_mixed
ACGGTTATCTATACTC-1,"B_cells,0",B_cells
ACGTAACAGGGCAATC-1,"B_cells,0",B_cells
ACGTAACAGTGACCTT-1,Erythroid,Erythroid
ACGTAACCACCGTGGT-1,Erythroid,Erythroid
ACGTAACGTGATACCT-1,Immune_mixed,Immune_mixed
ACGTAACTCAATCGGT-1,Immune_mixed,Immune_mixed
ACGTAACTCGAGAAGC-1,"B_cells,0",B_cells
ACGTAACTCTGAATCG-1,Myeloid,Myeloid
ACGTAACTCTTAGCAG-1,Erythroid,Erythroid
ACGTAACTCTTAGCTT-1,Immune_mixed,Immune_mixed
ACGTACAAGCATCCCG-1,Immune_mixed,Immune_mixed
ACGTACAAGTGGTTCT-1,Erythroid,Erythroid
ACGTACAAGTTAGTAG-1,Erythroid,Erythroid
ACGTACACACACCTTC-1,Immune_mixed,Immune_mixed
ACGTACACAGCACACC-1,Immune_mixed,Immune_mixed
ACGTACAGTATACAGA-1,Immune_mixed,Immune_mixed
ACGTACAGTGACCGTC-1,"B_cells,1",B_cells
ACGTACAGTTACGGAG-1,Erythroid,Erythroid
ACGTACATCCAAGCCG-1,Immune_mixed,Immune_mixed
ACGTACATCCCTCAAC-1,Myeloid,Myeloid
ACGTACATCGTAATGC-1,Immune_mixed,Immune_mixed
ACGTACATCTAGACCA-1,Immune_mixed,Immune_mixed
ACGTAGTAGACGAGCT-1,Myeloid,Myeloid
ACGTAGTAGTGAGGTC-1,Immune_mixed,Immune_mixed
ACGTAGTCACGGGTAA-1,"B_cells,0",B_cells
ACGTAGTGTAGCGTCC-1,Erythroid,Erythroid
ACGTAGTGTATCGAGG-1,Erythroid,Erythroid
ACGTAGTGTGCCCTTT-1,Immune_mixed,Immune_mixed
ACGTAGTTCAGGAAAT-1,Immune_mixed,Immune_mixed
ACGTAGTTCTGTGCTC-1,"B_cells,1",B_cells
ACGTAGTTCTTAAGGC-1,Immune_mixed,Immune_mixed
ACGTAGTTCTTAATCC-1,Erythroid,Erythroid
ACGTCCTAGCCAAGTG-1,Immune_mixed,Immune_mixed
ACGTCCTAGTATCCTG-1,Myeloid,Myeloid
ACGTCCTGTAAGTTAG-1,Immune_mixed,Immune_mixed
ACGTTCCAGACCTGGA-1,"B_cells,0",B_cells
ACGTTCCAGGTTGAGC-1,Erythroid,Erythroid
ACGTTCCAGTGTAGAT-1,Erythroid,Erythroid
ACGTTCCCAGATTAAG-1,Immune_mixed,Immune_mixed
ACGTTCCGTCGGCTAC-1,Erythroid,Erythroid
ACGTTCCTCACCGACG-1,Myeloid,Myeloid
ACGTTCCTCAGTGTTG-1,Erythroid,Erythroid
ACGTTCCTCGCCCAGA-1,Erythroid,Erythroid
ACTACGAAGGTAATCA-1,Immune_mixed,Immune_mixed
ACTACGAAGTCGCTAT-1,Immune_mixed,Immune_mixed
ACTACGACACCGGCTA-1,Immune_mixed,Immune_mixed
ACTACGACAGCAGTGA-1,Erythroid,Erythroid
ACTACGAGTAGGTTTC-1,"B_cells,1",B_cells
ACTACGAGTCCAGCCA-1,Immune_mixed,Immune_mixed
ACTACGAGTGATGTAA-1,Erythroid,Erythroid
ACTACGAGTGCACGCT-1,Immune_mixed,Immune_mixed
ACTACGATCCATCACC-1,Immune_mixed,Immune_mixed
ACTACGATCCCAGCGA-1,Erythroid,Erythroid
ACTACGATCCGCAACG-1,Immune_mixed,Immune_mixed
ACTACGATCTCCGTGT-1,Immune_mixed,Immune_mixed
ACTATCTAGACTAAGT-1,Erythroid,Erythroid
ACTATCTAGGGTTAGC-1,Myeloid,Myeloid
ACTATCTAGTACCCTA-1,Erythroid,Erythroid
ACTATCTAGTCGCTAT-1,Immune_mixed,Immune_mixed
ACTATCTCAATCTCGA-1,Immune_mixed,Immune_mixed
ACTATCTCACGAGGTA-1,"B_cells,0",B_cells
ACTATCTCAGATTAAG-1,"B_cells,0",B_cells
ACTATCTCATCCGGCA-1,Erythroid,Erythroid
ACTATCTGTAGCGCCT-1,Immune_mixed,Immune_mixed
ACTATCTGTCTCACGG-1,Immune_mixed,Immune_mixed
ACTATCTGTGGATGAC-1,Immune_mixed,Immune_mixed
ACTATCTGTTCCGTTC-1,Erythroid,Erythroid
ACTATCTGTTTACCAG-1,Immune_mixed,Immune_mixed
ACTATCTTCTAACACG-1,Erythroid,Erythroid
ACTATCTTCTAACGGT-1,Immune_mixed,Immune_mixed
ACTATCTTCTCAACCC-1,Immune_mixed,Immune_mixed
ACTATGGCACGTGTGC-1,Immune_mixed,Immune_mixed
ACTATGGCAGCTGTAT-1,Erythroid,Erythroid
ACTATGGCATAGACTC-1,Erythroid,Erythroid
ACTATGGTCATGGAGG-1,Immune_mixed,Immune_mixed
ACTATGGTCCGTAATG-1,Immune_mixed,Immune_mixed
ACTATGGTCGCAAGAG-1,Immune_mixed,Immune_mixed
ACTATGGTCTCTATGT-1,Immune_mixed,Immune_mixed
ACTATTCAGAGTTGCG-1,Erythroid,Erythroid
ACTATTCAGCGTGTCC-1,Myeloid,Myeloid
ACTATTCAGTGTTCCA-1,Immune_mixed,Immune_mixed
ACTATTCCAACCCGCA-1,Immune_mixed,Immune_mixed
ACTATTCCACAGTCAT-1,"B_cells,0",B_cells
ACTATTCCAGAGTTCT-1,"B_cells,0",B_cells
ACTATTCCATAGATCC-1,Erythroid,Erythroid
ACTATTCGTACAGTCT-1,Myeloid,Myeloid
ACTATTCGTAGATCCT-1,Immune_mixed,Immune_mixed
ACTATTCTCACCTGGG-1,Immune_mixed,Immune_mixed
ACTATTCTCCTACCGT-1,"B_cells,0",B_cells
ACTATTCTCGCTCTCA-1,Myeloid,Myeloid
ACTATTCTCTGTGCGG-1,Myeloid,Myeloid
ACTCCCAAGCTACAAA-1,Immune_mixed,Immune_mixed
ACTCCCACACTTGTGA-1,Immune_mixed,Immune_mixed
ACTCCCACATGGCACC-1,Erythroid,Erythroid
ACTCCCAGTCTGTCAA-1,"B_cells,0",B_cells
ACTCCCAGTGAGTAAT-1,"B_cells,0",B_cells
ACTCCCAGTTGGGACA-1,Immune_mixed,Immune_mixed
ACTCTCGAGACTTCGT-1,Immune_mixed,Immune_mixed
ACTCTCGAGCCACCGT-1,Immune_mixed,Immune_mixed
ACTCTCGAGGTTGGTG-1,Immune_mixed,Immune_mixed
ACTCTCGCACACGCCA-1,Immune_mixed,Immune_mixed
ACTCTCGCATTGCCGG-1,Immune_mixed,Immune_mixed
ACTCTCGGTACGACAG-1,"B_cells,0",B_cells
ACTCTCGGTGTACAGG-1,Myeloid,Myeloid
ACTGATGAGCTAGATA-1,"B_cells,0",B_cells
ACTGATGCACTATCCC-1,Erythroid,Erythroid
ACTGATGGTCAGTTTG-1,Immune_mixed,Immune_mixed
ACTGATGGTGCGTTTA-1,Immune_mixed,Immune_mixed
ACTGATGTCAGATGCT-1,Immune_mixed,Immune_mixed
ACTGATGTCCGGGACT-1,Immune_mixed,Immune_mixed
ACTGATGTCCGTCAAA-1,Immune_mixed,Immune_mixed
ACTGCAAAGCCGCACT-1,Erythroid,Erythroid
ACTGCAAAGTATGAAC-1,Immune_mixed,Immune_mixed
ACTGCAACAAATGCTC-1,Immune_mixed,Immune_mixed
ACTGCAACATCTCGTC-1,Immune_mixed,Immune_mixed
ACTGCAACATGGGCAA-1,"B_cells,0",B_cells
ACTGCAAGTCATCGCG-1,Immune_mixed,Immune_mixed
ACTGCAAGTGAGCAGT-1,Erythroid,Erythroid
ACTGCAAGTGCACATT-1,Immune_mixed,Immune_mixed
ACTGCAAGTGTTACAC-1,Myeloid,Myeloid
ACTGCAATCACCACAA-1,Immune_mixed,Immune_mixed
ACTGCAATCTCTCTAA-1,Immune_mixed,Immune_mixed
ACTGTCCCAAGACCTT-1,Erythroid,Erythroid
ACTGTCCCAGAGCTAG-1,Immune_mixed,Immune_mixed
ACTGTCCTCCGAGTGC-1,Immune_mixed,Immune_mixed
ACTGTCCTCGGAGATG-1,"B_cells,0",B_cells
ACTGTGAAGACTGAGC-1,Myeloid,Myeloid
ACTGTGACAGAGCTAG-1,Erythroid,Erythroid
ACTGTGATCACTGGGC-1,Immune_mixed,Immune_mixed
ACTGTGATCGTTGTAG-1,Immune_mixed,Immune_mixed
ACTGTGATCTAGCAAC-1,Myeloid,Myeloid
ACTGTGATCTGGTGCG-1,Immune_mixed,Immune_mixed
ACTTAGGAGGGCGAGA-1,"B_cells,0",B_cells
ACTTAGGGTATCATGC-1,Immune_mixed,Immune_mixed
ACTTAGGGTGCGCTCA-1,Myeloid,Myeloid
ACTTAGGTCAAGAGTA-1,Immune_mixed,Immune_mixed
ACTTAGGTCCGGGACT-1,"B_cells,0",B_cells
ACTTAGGTCGGAACTT-1,Immune_mixed,Immune_mixed
ACTTAGGTCTGGCCGA-1,Erythroid,Erythroid
ACTTATCAGACCTGGA-1,"B_cells,0",B_cells
ACTTATCCAGGCAATG-1,Immune_mixed,Immune_mixed
ACTTATCGTATATGGA-1,Myeloid,Myeloid
ACTTATCGTCCCTGAG-1,Immune_mixed,Immune_mixed
ACTTATCGTTCGGACC-1,Erythroid,Erythroid
ACTTATCGTTGCATTG-1,Immune_mixed,Immune_mixed
ACTTCCGAGACTCGAG-1,Myeloid,Myeloid
ACTTCCGCATTGAAGA-1,"B_cells,0",B_cells
ACTTCCGGTATGAGCG-1,Erythroid,Erythroid
ACTTCCGGTGATAGAT-1,Immune_mixed,Immune_mixed
ACTTCCGGTTGTTGCA-1,Immune_mixed,Immune_mixed
ACTTCCGTCAAGCCAT-1,"B_cells,0",B_cells
ACTTCCGTCCGTTGGG-1,Immune_mixed,Immune_mixed
ACTTCCGTCGACTCCT-1,Immune_mixed,Immune_mixed
ACTTCCGTCGATCCAA-1,"B_cells,0",B_cells
ACTTCCGTCGGTTAGT-1,Erythroid,Erythroid
ACTTCGCCAATAACGA-1,Myeloid,Myeloid
ACTTCGCCAGCTGAGA-1,Immune_mixed,Immune_mixed
ACTTCGCGTCACTCGG-1,Immune_mixed,Immune_mixed
ACTTCGCGTCTATGAC-1,Immune_mixed,Immune_mixed
ACTTCGCGTCTTCGAA-1,"B_cells,0",B_cells
ACTTCGCGTGCAGATG-1,Erythroid,Erythroid
ACTTCGCGTGCTGTCG-1,Immune_mixed,Immune_mixed
ACTTCGCTCCATCTAT-1,Myeloid,Myeloid
ACTTCGCTCTGTGTGA-1,Erythroid,Erythroid
ACTTCGCTCTTACGTT-1,Erythroid,Erythroid
ACTTCGCTCTTGGTGA-1,Immune_mixed,Immune_mixed
ACTTTCAAGGCTATCT-1,"B_cells,0",B_cells
ACTTTCAAGTCTCGTA-1,Immune_mixed,Immune_mixed
ACTTTCACATGCCATA-1,"B_cells,0",B_cells
ACTTTCAGTACGACAG-1,Erythroid,Erythroid
ACTTTCAGTAGGTAGC-1,"B_cells,0",B_cells
ACTTTCAGTCCCAAAT-1,Myeloid,Myeloid
ACTTTCAGTGCTTCAA-1,Immune_mixed,Immune_mixed
ACTTTCAGTTGCAAGG-1,Erythroid,Erythroid
ACTTTCAGTTGGTGTT-1,Immune_mixed,Immune_mixed
ACTTTCATCCGTTGGG-1,Myeloid,Myeloid
ACTTTCATCTACCAGA-1,Myeloid,Myeloid
ACTTTGTAGGAACGCT-1,Immune_mixed,Immune_mixed
ACTTTGTAGGGACCAT-1,"B_cells,0",B_cells
ACTTTGTAGGTAATCA-1,Myeloid,Myeloid
ACTTTGTAGTTGAATG-1,Immune_mixed,Immune_mixed
ACTTTGTCACAAATCC-1,Erythroid,Erythroid
ACTTTGTCACGCGGTT-1,Erythroid,Erythroid
ACTTTGTCAGGGAGAG-1,Immune_mixed,Immune_mixed
ACTTTGTCATCACAGT-1,Immune_mixed,Immune_mixed
ACTTTGTGTACAGTAA-1,Immune_mixed,Immune_mixed
ACTTTGTGTATGTCCA-1,Immune_mixed,Immune_mixed
ACTTTGTGTCAGTTTG-1,"B_cells,0",B_cells
ACTTTGTGTTCATCTT-1,Immune_mixed,Immune_mixed
ACTTTGTGTTCCGCTT-1,Immune_mixed,Immune_mixed
ACTTTGTGTTGGGATG-1,"B_cells,0",B_cells
ACTTTGTTCCATCTCG-1,Immune_mixed,Immune_mixed
ACTTTGTTCTGTGCTC-1,Immune_mixed,Immune_mixed
AGAAATGAGCCTCAAT-1,Immune_mixed,Immune_mixed
AGAAATGAGGGTGGGA-1,"B_cells,0",B_cells
AGAAATGCAGAACTTC-1,Immune_mixed,Immune_mixed
AGAAATGCAGCGACCT-1,Erythroid,Erythroid
AGAAATGGTGATAGAT-1,Erythroid,Erythroid
AGAAATGGTGTATTCG-1,Erythroid,Erythroid
AGAAATGGTGTCCCTT-1,Erythroid,Erythroid
AGAAATGTCATAGAGA-1,Immune_mixed,Immune_mixed
AGAAATGTCGGTAAGG-1,Erythroid,Erythroid
AGAAATGTCTATTTCG-1,Myeloid,Myeloid
AGAACAAAGCCAAGGT-1,"B_cells,0",B_cells
AGAACAAAGCCTTGAT-1,Immune_mixed,Immune_mixed
AGAACAAAGTCTAACC-1,"B_cells,0",B_cells
AGAACAACAGTGAGCA-1,Myeloid,Myeloid
AGAACAAGTACGAGCA-1,Erythroid,Erythroid
AGAACCTAGGACAGTC-1,"B_cells,0",B_cells
AGAACCTCAATGCAGG-1,Immune_mixed,Immune_mixed
AGAACCTCAGTGTATC-1,Immune_mixed,Immune_mixed
AGAACCTGTCATCTAG-1,"B_cells,0",B_cells
AGAACCTGTCGTTGGC-1,Erythroid,Erythroid
AGAACCTGTGTAAATG-1,Immune_mixed,Immune_mixed
AGAACCTGTTGCTCAA-1,"B_cells,0",B_cells
AGAACCTTCACTGAAC-1,Immune_mixed,Immune_mixed
AGAACCTTCAGGAAAT-1,Immune_mixed,Immune_mixed
AGAACCTTCCGACATA-1,Immune_mixed,Immune_mixed
AGAACCTTCGCTTAAG-1,Myeloid,Myeloid
AGAAGCGAGAGAGCGG-1,Erythroid,Erythroid
AGAAGCGAGAGTGAAG-1,Erythroid,Erythroid
AGAAGCGCAAGATTGA-1,Erythroid,Erythroid
AGAAGCGCACTTGTCC-1,Immune_mixed,Immune_mixed
AGAAGCGGTACACGTT-1,Immune_mixed,Immune_mixed
AGAAGCGGTACGTAGG-1,Immune_mixed,Immune_mixed
AGAAGCGTCACTTGTT-1,Immune_mixed,Immune_mixed
AGAAGCGTCAGACAAA-1,Immune_mixed,Immune_mixed
AGAAGTAAGCGAGTAC-1,Immune_mixed,Immune_mixed
AGAAGTAAGCGTCAGA-1,Immune_mixed,Immune_mixed
AGAAGTAAGGCGTTAG-1,Erythroid,Erythroid
AGAAGTAAGTCCCAAT-1,Erythroid,Erythroid
AGAAGTAAGTCGTCTA-1,Immune_mixed,Immune_mixed
AGAAGTACATCAACCA-1,Immune_mixed,Immune_mixed
AGAAGTACATGTGCCG-1,Immune_mixed,Immune_mixed
AGAAGTATCACCATCC-1,"B_cells,0",B_cells
AGAAGTATCCCTCTCC-1,Myeloid,Myeloid
AGAAGTATCGTGGGTC-1,Immune_mixed,Immune_mixed
AGAAGTATCGTTGTTT-1,Myeloid,Myeloid
AGAAGTATCTTCGTAT-1,"B_cells,0",B_cells
AGACAAAAGGACGCAT-1,Immune_mixed,Immune_mixed
AGACAAAGTTGGAGGT-1,Erythroid,Erythroid
AGACACTAGAAGAACG-1,Immune_mixed,Immune_mixed
AGACACTAGCATTGTC-1,Immune_mixed,Immune_mixed
AGACACTAGGTTGGTG-1,Erythroid,Erythroid
AGACACTAGTAACGTA-1,Immune_mixed,Immune_mixed
AGACACTAGTACAGAT-1,Immune_mixed,Immune_mixed
AGACACTGTGCTCTTC-1,Erythroid,Erythroid
AGACACTTCAAGTTGC-1,Immune_mixed,Immune_mixed
AGACACTTCACTCGAA-1,Immune_mixed,Immune_mixed
AGACAGGAGACCAAGC-1,"B_cells,0",B_cells
AGACAGGAGAGTCAGC-1,Immune_mixed,Immune_mixed
AGACAGGAGATAACAC-1,Immune_mixed,Immune_mixed
AGACAGGAGCGATTCT-1,Immune_mixed,Immune_mixed
AGACAGGAGGCATCGA-1,Myeloid,Myeloid
AGACAGGCAAAGCGTG-1,Immune_mixed,Immune_mixed
AGACAGGCAGCGTTGC-1,Immune_mixed,Immune_mixed
AGACAGGGTGAGATAT-1,Immune_mixed,Immune_mixed
AGACAGGGTGATGGCA-1,Erythroid,Erythroid
AGACAGGTCACTGGGC-1,Erythroid,Erythroid
AGACAGGTCCAGCCTT-1,Immune_mixed,Immune_mixed
AGACAGGTCGGATACT-1,Immune_mixed,Immune_mixed
AGACAGGTCGTCTAAG-1,Erythroid,Erythroid
AGACCATCACAATGTC-1,Immune_mixed,Immune_mixed
AGACCATCAGCTTTCC-1,Immune_mixed,Immune_mixed
AGACCATGTAGCGTTT-1,Immune_mixed,Immune_mixed
AGACCATGTAGGTAGC-1,Immune_mixed,Immune_mixed
AGACCATGTCATCGGC-1,Immune_mixed,Immune_mixed
AGACCATGTCGTGTTA-1,Immune_mixed,Immune_mixed
AGACCATGTGGGACAT-1,"B_cells,0",B_cells
AGACCATGTGTAAACA-1,Immune_mixed,Immune_mixed
AGACCATTCTTCCCAG-1,Immune_mixed,Immune_mixed
AGACCCGAGAAGGCTC-1,Immune_mixed,Immune_mixed
AGACCCGAGAGTAACT-1,Immune_mixed,Immune_mixed
AGACCCGAGGACGCTA-1,Erythroid,Erythroid
AGACCCGCACACGCCA-1,Erythroid,Erythroid
AGACCCGCATTCACCC-1,Immune_mixed,Immune_mixed
AGACCCGGTCTCACAA-1,Immune_mixed,Immune_mixed
AGACCCGGTGAGTGAC-1,Immune_mixed,Immune_mixed
AGACCCGGTGTCACAT-1,Erythroid,Erythroid
AGACCCGTCCGAAATC-1,Immune_mixed,Immune_mixed
AGACCCGTCGACCCAG-1,Erythroid,Erythroid
AGACTCAAGAGGCGGA-1,Immune_mixed,Immune_mixed
AGACTCAAGGAAGTCC-1,Immune_mixed,Immune_mixed
AGACTCACAAATGCTC-1,Erythroid,Erythroid
AGACTCACAAGCACCC-1,Myeloid,Myeloid
AGACTCACAGCAGTTT-1,Immune_mixed,Immune_mixed
AGACTCACAGTCCCGA-1,Erythroid,Erythroid
AGACTCAGTAGGCTCC-1,"B_cells,0",B_cells
AGACTCAGTCTGTGCG-1,"B_cells,0",B_cells
AGAGAATAGAACAGGA-1,"B_cells,0",B_cells
AGAGAATCACTTGAGT-1,Immune_mixed,Immune_mixed
AGAGAATCAGGACTTT-1,"B_cells,0",B_cells
AGAGAATGTAGGTCAG-1,Erythroid,Erythroid
AGAGAATTCGCCTCTA-1,"B_cells,0",B_cells
AGAGAATTCTCCAATT-1,Immune_mixed,Immune_mixed
AGAGAATTCTTCCCAG-1,Erythroid,Erythroid
AGAGAGCAGAGTTCGG-1,Immune_mixed,Immune_mixed
AGAGAGCAGCACGATG-1,Immune_mixed,Immune_mixed
AGAGAGCAGGCCACCT-1,Immune_mixed,Immune_mixed
AGAGAGCAGGCCGCTT-1,Erythroid,Erythroid
AGAGAGCAGTAACCTC-1,Immune_mixed,Immune_mixed
AGAGAGCCAAGGTCAG-1,Immune_mixed,Immune_mixed
AGAGAGCGTATGAGCG-1,Erythroid,Erythroid
AGAGAGCGTCTGTAAC-1,Immune_mixed,Immune_mixed
AGAGAGCGTGAACCGA-1,Immune_mixed,Immune_mixed
AGAGAGCTCCAAGGGA-1,Immune_mixed,Immune_mixed
AGAGAGCTCCGCACGA-1,"B_cells,0",B_cells
AGAGCAGAGCATCTTG-1,Immune_mixed,Immune_mixed
AGAGCAGAGTAGACCG-1,Erythroid,Erythroid
AGAGCAGAGTCCGTCG-1,Immune_mixed,Immune_mixed
AGAGCAGCAACAGCTT-1,Immune_mixed,Immune_mixed
AGAGCAGCAGGCCTGT-1,"B_cells,0",B_cells
AGAGCAGTCCGGTTCT-1,Immune_mixed,Immune_mixed
AGAGCCCAGCGACCCT-1,"B_cells,0",B_cells
AGAGCCCAGGACCCAA-1,Immune_mixed,Immune_mixed
AGAGCCCCACCTGAAT-1,"B_cells,0",B_cells
AGAGCCCCAGGACAGT-1,Immune_mixed,Immune_mixed
AGAGCCCCAGTTTCGA-1,Erythroid,Erythroid
AGAGCCCCATCAGCAT-1,Immune_mixed,Immune_mixed
AGAGCCCCATCGATGT-1,Immune_mixed,Immune_mixed
AGAGCCCTCACCTCAC-1,Immune_mixed,Immune_mixed
AGAGCCCTCCTCATAT-1,Immune_mixed,Immune_mixed
AGAGCCCTCGCTGTCT-1,Immune_mixed,Immune_mixed
AGAGCCCTCTATTCGT-1,Immune_mixed,Immune_mixed
AGATAGAAGAAGCTCG-1,Erythroid,Erythroid
AGATAGAAGAAGTGTT-1,Immune_mixed,Immune_mixed
AGATAGAAGGAGACCT-1,Erythroid,Erythroid
AGATAGACAGAATTCC-1,Erythroid,Erythroid
AGATAGACAGGTCAGA-1,"B_cells,0",B_cells
AGATAGAGTCGATTCA-1,Immune_mixed,Immune_mixed
AGATAGAGTGCGGTAA-1,Immune_mixed,Immune_mixed
AGATAGAGTTCCGCTT-1,"B_cells,0",B_cells
AGATAGAGTTCTAAGC-1,Immune_mixed,Immune_mixed
AGATAGATCCGGTAGC-1,Erythroid,Erythroid
AGATAGATCGACCCAG-1,Immune_mixed,Immune_mixed
AGATAGATCTAAACGC-1,Immune_mixed,Immune_mixed
AGATCCAAGGTCTACT-1,Erythroid,Erythroid
AGATCCAAGTAGACAT-1,Immune_mixed,Immune_mixed
AGATCCACAAGCCCAC-1,Immune_mixed,Immune_mixed
AGATCCACACTATCGA-1,Immune_mixed,Immune_mixed
AGATCCAGTATTTCTC-1,Immune_mixed,Immune_mixed
AGATCCAGTCCACAGC-1,Immune_mixed,Immune_mixed
AGATCCATCGTCGGGT-1,Immune_mixed,Immune_mixed
AGATCCATCTGAGGTT-1,Immune_mixed,Immune_mixed
AGATCCATCTGTTCAT-1,Myeloid,Myeloid
AGATCGTAGCCGTCGT-1,Immune_mixed,Immune_mixed
AGATCGTAGGCAGGTT-1,Immune_mixed,Immune_mixed
AGATCGTCAACCGTGC-1,Erythroid,Erythroid
AGATCGTCACACAGAG-1,Immune_mixed,Immune_mixed
AGATCGTCACCATTCC-1,Myeloid,Myeloid
AGATCGTCACCCATAA-1,Immune_mixed,Immune_mixed
AGATCGTCATCGATAC-1,Erythroid,Erythroid
AGATCGTGTCATACCA-1,Immune_mixed,Immune_mixed
AGATCGTTCAGCCTTC-1,Myeloid,Myeloid
AGATCGTTCGGTAACT-1,Immune_mixed,Immune_mixed
AGATCGTTCTGACCCT-1,Immune_mixed,Immune_mixed
AGATCGTTCTTGAACG-1,Immune_mixed,Immune_mixed
AGATGAAAGTCGCTAT-1,Immune_mixed,Immune_mixed
AGATGAACACACACGC-1,Immune_mixed,Immune_mixed
AGATGAACACCGTCTT-1,Immune_mixed,Immune_mixed
AGATGAACATAGTCGT-1,Erythroid,Erythroid
AGATGAAGTAGAATGT-1,Immune_mixed,Immune_mixed
AGATGAAGTGAGGCAT-1,Immune_mixed,Immune_mixed
AGATGAAGTTTATGCG-1,Immune_mixed,Immune_mixed
AGATGAATCATGTCAG-1,Erythroid,Erythroid
AGATGAATCCGTGTCT-1,Immune_mixed,Immune_mixed
AGATGAATCGGCAGTC-1,Immune_mixed,Immune_mixed
AGATGAATCGTACCTC-1,Immune_mixed,Immune_mixed
AGATGAATCGTCTAAG-1,Immune_mixed,Immune_mixed
AGATGAATCTCAGGCG-1,Immune_mixed,Immune_mixed
AGATGCTAGACTCGAG-1,Immune_mixed,Immune_mixed
AGATGCTAGCCTGTGC-1,Immune_mixed,Immune_mixed
AGATGCTAGGCCACTC-1,Immune_mixed,Immune_mixed
AGATGCTAGTCGCCCA-1,"B_cells,0",B_cells
AGATGCTCACTGCACG-1,Myeloid,Myeloid
AGATGCTCATACTGTG-1,Immune_mixed,Immune_mixed
AGATGCTGTCTGTGTA-1,Immune_mixed,Immune_mixed
AGATGCTGTGGGTTGA-1,Immune_mixed,Immune_mixed
AGATGCTGTGTGTCCG-1,Erythroid,Erythroid
AGATGCTGTTTGGGAG-1,Immune_mixed,Immune_mixed
AGATGCTTCTCATAGG-1,Immune_mixed,Immune_mixed
AGATGCTTCTGCTCTG-1,Myeloid,Myeloid
AGATGCTTCTGGACCG-1,Immune_mixed,Immune_mixed
AGCATCAAGAAACTCA-1,Immune_mixed,Immune_mixed
AGCATCAAGATACATG-1,Erythroid,Erythroid
AGCATCAAGGATACGC-1,"B_cells,0",B_cells
AGCATCAAGGCGCTTC-1,Erythroid,Erythroid
AGCATCAAGGGTGAAA-1,Erythroid,Erythroid
AGCATCAAGGTGCTGA-1,Immune_mixed,Immune_mixed
AGCATCACAAGTTGGG-1,Immune_mixed,Immune_mixed
AGCATCACACTGGCCA-1,Myeloid,Myeloid
AGCATCACAGACAAGC-1,Immune_mixed,Immune_mixed
AGCATCAGTAGTGTGG-1,"B_cells,0",B_cells
AGCATCATCAGTGCGC-1,Erythroid,Erythroid
AGCCAATAGTAAGACT-1,Erythroid,Erythroid
AGCCAATCAAATCAAG-1,Immune_mixed,Immune_mixed
AGCCAATCACATCCCT-1,Immune_mixed,Immune_mixed
AGCCAATCACTGGAAG-1,"B_cells,0",B_cells
AGCCAATCATATTCGG-1,Myeloid,Myeloid
AGCCAATCATCGTGGC-1,Immune_mixed,Immune_mixed
AGCCAATGTCCACTTC-1,Immune_mixed,Immune_mixed
AGCCAATGTGGCTTAT-1,Myeloid,Myeloid
AGCCAATGTTCAAAGA-1,Immune_mixed,Immune_mixed
AGCCAATTCGAAGGAC-1,Immune_mixed,Immune_mixed
AGCCACGAGCTTCTAG-1,Immune_mixed,Immune_mixed
AGCCACGAGGCATCAG-1,Erythroid,Erythroid
AGCCACGCAATCGCCG-1,Immune_mixed,Immune_mixed
AGCCACGCATCCCACT-1,Erythroid,Erythroid
AGCCACGGTAGCCAGA-1,Immune_mixed,Immune_mixed
AGCCACGGTATCCCAA-1,Immune_mixed,Immune_mixed
AGCCACGTCAACCTTT-1,Immune_mixed,Immune_mixed
AGCCACGTCCAACCGG-1,Immune_mixed,Immune_mixed
AGCCACGTCTCAGAAC-1,Immune_mixed,Immune_mixed
AGCCACGTCTGAATCG-1,Myeloid,Myeloid
AGCCAGCGTTTAGACC-1,Erythroid,Erythroid
AGCCAGCTCGAACTCA-1,Immune_mixed,Immune_mixed
AGCCAGCTCGAGTCTA-1,Immune_mixed,Immune_mixed
AGCCAGCTCGTCTCAC-1,Immune_mixed,Immune_mixed
AGCCAGCTCGTGACTA-1,Immune_mixed,Immune_mixed
AGCGATTAGGCTCTAT-1,Erythroid,Erythroid
AGCGATTAGTCTACCA-1,Immune_mixed,Immune_mixed
AGCGATTCAGAAATTG-1,Erythroid,Erythroid
AGCGATTCAGAGTTCT-1,Immune_mixed,Immune_mixed
AGCGATTCAGTAACAA-1,Immune_mixed,Immune_mixed
AGCGATTGTAGGAGGG-1,Immune_mixed,Immune_mixed
AGCGATTGTCCGAAAG-1,Myeloid,Myeloid
AGCGATTGTGATGTAA-1,Immune_mixed,Immune_mixed
AGCGATTGTGTTCATG-1,Immune_mixed,Immune_mixed
AGCGATTTCAGGACAG-1,Immune_mixed,Immune_mixed
AGCGATTTCATTGTTC-1,Erythroid,Erythroid
AGCGATTTCCGTGGGT-1,Erythroid,Erythroid
AGCGCCAAGATTTGCC-1,Immune_mixed,Immune_mixed
AGCGCCAAGCTTCATG-1,"B_cells,0",B_cells
AGCGCCAAGGCGCTCT-1,Erythroid,Erythroid
AGCGCCAAGGTCGTGA-1,Myeloid,Myeloid
AGCGCCACACAAATCC-1,Myeloid,Myeloid
AGCGCCACAGACAATA-1,Immune_mixed,Immune_mixed
AGCGCCACATGACAAA-1,Immune_mixed,Immune_mixed
AGCGCCAGTAGTCGTT-1,Erythroid,Erythroid
AGCGCCAGTGCTGATT-1,Immune_mixed,Immune_mixed
AGCGCCAGTTAATCGC-1,Immune_mixed,Immune_mixed
AGCGCTGAGCACACAG-1,Erythroid,Erythroid
AGCGCTGAGTCTTCCC-1,Erythroid,Erythroid
AGCGCTGGTATCGAAA-1,Immune_mixed,Immune_mixed
AGCGCTGGTCATCAGT-1,Immune_mixed,Immune_mixed
AGCGCTGGTTAGGGAC-1,Myeloid,Myeloid
AGCGCTGTCAGACCTA-1,Erythroid,Erythroid
AGCGCTGTCAGTGATC-1,Immune_mixed,Immune_mixed
AGCGTATAGCGCTGAA-1,Immune_mixed,Immune_mixed
AGCGTATAGGAGTATT-1,Immune_mixed,Immune_mixed
AGCGTATAGTACCGGA-1,Immune_mixed,Immune_mixed
AGCGTATCAACCAACT-1,Myeloid,Myeloid
AGCGTATCAATACGAA-1,Erythroid,Erythroid
AGCGTATGTCCAGCCA-1,Immune_mixed,Immune_mixed
AGCGTATGTCCCTCAT-1,Immune_mixed,Immune_mixed
AGCGTATGTTTCCCAC-1,Immune_mixed,Immune_mixed
AGCGTATTCACTAGCA-1,Immune_mixed,Immune_mixed
AGCGTATTCTGTCGTC-1,"B_cells,0",B_cells
AGCGTCGAGAAGGATG-1,Myeloid,Myeloid
AGCGTCGAGAGTACCG-1,Erythroid,Erythroid
AGCGTCGAGCTGTTCA-1,Immune_mixed,Immune_mixed
AGCGTCGAGTTCGCAT-1,Erythroid,Erythroid
AGCGTCGCAACTGAAA-1,Immune_mixed,Immune_mixed
AGCGTCGCAAGTACCT-1,Immune_mixed,Immune_mixed
AGCGTCGCACCCTCTA-1,Immune_mixed,Immune_mixed
AGCGTCGGTAGCGTTT-1,Erythroid,Erythroid
AGCGTCGTCATAGAGA-1,Myeloid,Myeloid
AGCGTCGTCATCACAG-1,Immune_mixed,Immune_mixed
AGCGTCGTCATGCCCT-1,Erythroid,Erythroid
AGCGTCGTCTGCTTTA-1,Erythroid,Erythroid
AGCTACAAGAGTCAAT-1,Immune_mixed,Immune_mixed
AGCTACAAGTCACACT-1,Immune_mixed,Immune_mixed
AGCTACACAAGCGATG-1,Erythroid,Erythroid
AGCTACAGTCTACGAT-1,Erythroid,Erythroid
AGCTACAGTGTACATC-1,"B_cells,0",B_cells
AGCTACAGTTTGCCGG-1,Erythroid,Erythroid
AGCTACATCTGTGCAA-1,Immune_mixed,Immune_mixed
AGCTCAAAGAGTGTTA-1,Myeloid,Myeloid
AGCTCAAAGCACCGAA-1,Immune_mixed,Immune_mixed
AGCTCAAAGCACTCGC-1,"B_cells,0",B_cells
AGCTCAAAGTTGCATC-1,Erythroid,Erythroid
AGCTCAACAACACTAC-1,Immune_mixed,Immune_mixed
AGCTCAACAGAGTTGG-1,Immune_mixed,Immune_mixed
AGCTCAAGTCATAGTC-1,"B_cells,0",B_cells
AGCTCAAGTTAATCGC-1,Myeloid,Myeloid
AGCTCAATCAGTGTCA-1,Erythroid,Erythroid
AGCTCAATCCAAAGGG-1,"B_cells,0",B_cells
AGCTCAATCCCAGTGG-1,Myeloid,Myeloid
AGCTCAATCGCCAGTG-1,"B_cells,0",B_cells
AGCTTCCAGCGTCAGA-1,Immune_mixed,Immune_mixed
AGCTTCCAGGGCAGGA-1,Erythroid,Erythroid
AGCTTCCCACAGTATC-1,"B_cells,0",B_cells
AGCTTCCCATGTAACC-1,Immune_mixed,Immune_mixed
AGCTTCCGTATGGAAT-1,"B_cells,0",B_cells
AGCTTCCGTCTAATCG-1,"B_cells,0",B_cells
AGGAAATAGAGAGTGA-1,"B_cells,0",B_cells
AGGAAATAGCGTTGTT-1,Immune_mixed,Immune_mixed
AGGAAATCAAAGGGCT-1,Immune_mixed,Immune_mixed
AGGAAATCAACCTAAC-1,"B_cells,0",B_cells
AGGAAATCAAGATCCT-1,"B_cells,0",B_cells
AGGAAATCAGCCATTA-1,Immune_mixed,Immune_mixed
AGGAAATCAGCTTTCC-1,Immune_mixed,Immune_mixed
AGGAAATGTCCTGGGT-1,Immune_mixed,Immune_mixed
AGGAAATGTCGCTTGG-1,"B_cells,0",B_cells
AGGAAATGTTGCCATA-1,Immune_mixed,Immune_mixed
AGGAAATTCCGACAGC-1,Immune_mixed,Immune_mixed
AGGAAATTCTCCAAGA-1,Erythroid,Erythroid
AGGAAATTCTTCTGGC-1,"B_cells,0",B_cells
AGGAATAAGGTGTGAC-1,"B_cells,0",B_cells
AGGAATAAGTGCAGCA-1,Immune_mixed,Immune_mixed
AGGAATACAAGAGGTC-1,Immune_mixed,Immune_mixed
AGGAATAGTATGAGCG-1,Erythroid,Erythroid
AGGAATAGTGGCAACA-1,Myeloid,Myeloid
AGGAATAGTGGCTGAA-1,Immune_mixed,Immune_mixed
AGGAATATCGAGGCAA-1,Immune_mixed,Immune_mixed
AGGACGAAGCAGCCTC-1,Erythroid,Erythroid
AGGACGAGTATGCGGA-1,Erythroid,Erythroid
AGGACGAGTCCCGGTA-1,Immune_mixed,Immune_mixed
AGGACGATCATGCCGG-1,Immune_mixed,Immune_mixed
AGGACGATCCATCTAT-1,Immune_mixed,Immune_mixed
AGGACTTAGAGATCGC-1,Myeloid,Myeloid
AGGACTTAGAGTAACT-1,"B_cells,0",B_cells
AGGACTTAGAGTGGCT-1,Immune_mixed,Immune_mixed
AGGACTTCACATGGTT-1,"B_cells,0",B_cells
AGGACTTGTACTCAAC-1,Immune_mixed,Immune_mixed
AGGACTTGTCAACCAT-1,Erythroid,Erythroid
AGGACTTGTCGTGGTC-1,Immune_mixed,Immune_mixed
AGGACTTGTTGCTGAT-1,Erythroid,Erythroid
AGGACTTTCAGCGCGT-1,Erythroid,Erythroid
AGGAGGTAGGAAACGA-1,"B_cells,0",B_cells
AGGAGGTAGGGTATAT-1,Erythroid,Erythroid
AGGAGGTAGTTAGAAC-1,Immune_mixed,Immune_mixed
AGGAGGTCATCTCGTC-1,Myeloid,Myeloid
AGGAGGTGTGAAGCTG-1,Immune_mixed,Immune_mixed
AGGAGGTGTGTGTTTG-1,Immune_mixed,Immune_mixed
AGGAGGTGTTCCTTGC-1,"B_cells,0",B_cells
AGGAGGTTCCGTAGGC-1,Immune_mixed,Immune_mixed
AGGATAAAGGACAGTC-1,Immune_mixed,Immune_mixed
AGGATAAAGTCAGCCC-1,Immune_mixed,Immune_mixed
AGGATAAAGTCCCGAC-1,Immune_mixed,Immune_mixed
AGGATAACAGAGAATT-1,Myeloid,Myeloid
AGGATAACATGACAGG-1,Immune_mixed,Immune_mixed
AGGATAAGTGGGAGAG-1,"B_cells,0",B_cells
AGGATAATCAGCCTTC-1,Myeloid,Myeloid
AGGATAATCCATCAGA-1,Erythroid,Erythroid
AGGATAATCTACAGGT-1,Immune_mixed,Immune_mixed
AGGATAATCTGCTTTA-1,Immune_mixed,Immune_mixed
AGGATCTAGGTCTACT-1,"B_cells,0",B_cells
AGGATCTAGGTTCATC-1,Myeloid,Myeloid
AGGATCTCACCAGTAT-1,Myeloid,Myeloid
AGGATCTGTGCTATTG-1,"B_cells,0",B_cells
AGGATCTTCCGTTGGG-1,Immune_mixed,Immune_mixed
AGGATCTTCGCCTAGG-1,Erythroid,Erythroid
AGGCATTAGCCGATTT-1,Immune_mixed,Immune_mixed
AGGCATTAGTTGTCGT-1,Immune_mixed,Immune_mixed
AGGCATTCACGTACTA-1,Immune_mixed,Immune_mixed
AGGCATTGTCAACATC-1,Erythroid,Erythroid
AGGCATTGTGACGCCT-1,Immune_mixed,Immune_mixed
AGGCATTGTTTCGTGA-1,Immune_mixed,Immune_mixed
AGGCATTTCTCGCTCA-1,Immune_mixed,Immune_mixed
AGGCATTTCTGTCGCT-1,Immune_mixed,Immune_mixed
AGGCCACAGGGCAGTT-1,Immune_mixed,Immune_mixed
AGGCCACAGGTAAGTT-1,Myeloid,Myeloid
AGGCCACCACACCAGC-1,Immune_mixed,Immune_mixed
AGGCCACGTCGTGGAA-1,Immune_mixed,Immune_mixed
AGGCCACTCGATGGAG-1,Immune_mixed,Immune_mixed
AGGCTGCAGCGGCTCT-1,Immune_mixed,Immune_mixed
AGGCTGCAGTAACCGG-1,"B_cells,0",B_cells
AGGCTGCCAGCGTAGA-1,Immune_mixed,Immune_mixed
AGGCTGCGTGACTGAG-1,Immune_mixed,Immune_mixed
AGGCTGCGTGGACTGA-1,Immune_mixed,Immune_mixed
AGGCTGCGTTTCACAG-1,Immune_mixed,Immune_mixed
AGGCTGCTCCTGTAGA-1,"B_cells,0",B_cells
AGGCTGCTCTTTCCGG-1,Erythroid,Erythroid
AGGGAGTAGACATATG-1,Immune_mixed,Immune_mixed
AGGGAGTAGCACCCAC-1,Immune_mixed,Immune_mixed
AGGGAGTAGCGTGAAC-1,Myeloid,Myeloid
AGGGAGTAGGTCGTGA-1,Myeloid,Myeloid
AGGGAGTCACGGTCTG-1,"B_cells,0",B_cells
AGGGAGTCAGCATCTA-1,Immune_mixed,Immune_mixed
AGGGAGTTCCTCTCGA-1,Myeloid,Myeloid
AGGGCCTAGCCGTTAT-1,Myeloid,Myeloid
AGGGCCTCAAACACGG-1,Myeloid,Myeloid
AGGGCCTCAAATACAG-1,Immune_mixed,Immune_mixed
AGGGCCTCAAGAGCTG-1,Immune_mixed,Immune_mixed
AGGGCCTCATCCCGTT-1,Myeloid,Myeloid
AGGGCCTTCAAGGAGC-1,Myeloid,Myeloid
AGGGCCTTCAGTCACA-1,Immune_mixed,Immune_mixed
AGGGCCTTCTCAGTCC-1,"B_cells,0",B_cells
AGGGCCTTCTGGAAGG-1,Myeloid,Myeloid
AGGGCTCCACCGAATT-1,Immune_mixed,Immune_mixed
AGGGCTCCATGACTAC-1,Immune_mixed,Immune_mixed
AGGGCTCGTAACACGG-1,"B_cells,0",B_cells
AGGGCTCGTATTGACC-1,Myeloid,Myeloid
AGGGCTCGTCTCACGG-1,Myeloid,Myeloid
AGGGCTCTCAAGCCGC-1,"B_cells,1",B_cells
AGGGCTCTCATGAGAA-1,Erythroid,Erythroid
AGGGTCCAGTATAGGT-1,Immune_mixed,Immune_mixed
AGGGTCCCACTCACTC-1,Myeloid,Myeloid
AGGGTCCCATGAAGCG-1,"B_cells,1",B_cells
AGGGTCCGTACCGTCG-1,Immune_mixed,Immune_mixed
AGGGTCCGTTCTTGCC-1,Erythroid,Erythroid
AGGGTCCTCTGAGAAA-1,Myeloid,Myeloid
AGGGTGAAGCCATTCA-1,Immune_mixed,Immune_mixed
AGGGTGAAGCTCGCAC-1,Immune_mixed,Immune_mixed
AGGGTGAAGGTGCTTT-1,Immune_mixed,Immune_mixed
AGGGTGAAGTGCAAAT-1,"B_cells,0",B_cells
AGGGTGAAGTTGGACG-1,Immune_mixed,Immune_mixed
AGGGTGACAATAGAGT-1,Erythroid,Erythroid
AGGGTGACAATAGTCC-1,"B_cells,0",B_cells
AGGGTGACAGAGCGTA-1,Immune_mixed,Immune_mixed
AGGGTGAGTCGAGCAA-1,Myeloid,Myeloid
AGGGTGAGTGACCGAA-1,Immune_mixed,Immune_mixed
AGGGTGAGTGACTGAG-1,Immune_mixed,Immune_mixed
AGGGTGAGTGATACAA-1,Myeloid,Myeloid
AGGGTGAGTGTCCTAA-1,"B_cells,0",B_cells
AGGGTGATCAAGTAAG-1,Immune_mixed,Immune_mixed
AGGGTGATCCACAGGC-1,"B_cells,0",B_cells
AGGGTGATCCGATAAC-1,Immune_mixed,Immune_mixed
AGGGTGATCGTCTAAG-1,Immune_mixed,Immune_mixed
AGGGTTTAGGGCTAAC-1,Immune_mixed,Immune_mixed
AGGGTTTAGTGAGTGC-1,Immune_mixed,Immune_mixed
AGGGTTTCAATGCAGG-1,Erythroid,Erythroid
AGGGTTTCACAGCATT-1,Immune_mixed,Immune_mixed
AGGGTTTCATTAAGCC-1,Immune_mixed,Immune_mixed
AGGGTTTCATTGAGCT-1,Immune_mixed,Immune_mixed
AGGGTTTGTGCCGAAA-1,Erythroid,Erythroid
AGGGTTTGTTTGAAAG-1,Immune_mixed,Immune_mixed
AGGTAGGAGCCGCTTG-1,Erythroid,Erythroid
AGGTAGGAGCTAGTTC-1,Immune_mixed,Immune_mixed
AGGTAGGCACAAGCTT-1,Immune_mixed,Immune_mixed
AGGTAGGCAGCGGATA-1,"B_cells,0",B_cells
AGGTAGGCAGGTTACT-1,"B_cells,0",B_cells
AGGTAGGCATAGAAAC-1,Erythroid,Erythroid
AGGTAGGTCCACGTAA-1,Immune_mixed,Immune_mixed
AGGTAGGTCGCGTGCA-1,Erythroid,Erythroid
AGGTAGGTCTAATTCC-1,Erythroid,Erythroid
AGGTCATAGCGTGCCT-1,Myeloid,Myeloid
AGGTCATAGCTTGTTG-1,Immune_mixed,Immune_mixed
AGGTCATCAGCGCGTT-1,Myeloid,Myeloid
AGGTCATCAGGAACCA-1,Immune_mixed,Immune_mixed
AGGTCATGTATGGTTC-1,Myeloid,Myeloid
AGGTCATTCAAGCCCG-1,Erythroid,Erythroid
AGGTCATTCATTACTC-1,Immune_mixed,Immune_mixed
AGGTCATTCTGTCCCA-1,"B_cells,0",B_cells
AGGTCTAAGATAACAC-1,Erythroid,Erythroid
AGGTCTAAGCCATGCC-1,"B_cells,0",B_cells
AGGTCTAAGCCTAACT-1,Immune_mixed,Immune_mixed
AGGTCTAAGGTACTGG-1,Erythroid,Erythroid
AGGTCTAAGGTTTGAA-1,Immune_mixed,Immune_mixed
AGGTCTACATCATGAC-1,Immune_mixed,Immune_mixed
AGGTCTACATCCCACT-1,"B_cells,0",B_cells
AGGTCTAGTATTCCGA-1,Immune_mixed,Immune_mixed
AGGTCTAGTCTGCGCA-1,Erythroid,Erythroid
AGGTCTATCCATCAGA-1,Myeloid,Myeloid
AGGTCTATCTGCTGAA-1,"B_cells,0",B_cells
AGGTGTTAGAGCTTTC-1,Immune_mixed,Immune_mixed
AGGTGTTAGGCACTAG-1,Erythroid,Erythroid
AGGTGTTAGTAGGATT-1,Immune_mixed,Immune_mixed
AGGTGTTCACGGGTAA-1,"B_cells,0",B_cells
AGGTGTTCAGATCACT-1,Immune_mixed,Immune_mixed
AGGTGTTGTTTCCCAC-1,Immune_mixed,Immune_mixed
AGGTGTTTCTATCGGA-1,Immune_mixed,Immune_mixed
AGGTTACAGAAATTGC-1,Immune_mixed,Immune_mixed
AGGTTACAGGCCTGCT-1,Myeloid,Myeloid
AGGTTACCACGGCTAC-1,"B_cells,0",B_cells
AGGTTACCATCGGATT-1,Myeloid,Myeloid
AGGTTACCATGCACTA-1,Immune_mixed,Immune_mixed
AGGTTACCATGGCGCT-1,Immune_mixed,Immune_mixed
AGGTTACTCATGAGGG-1,Immune_mixed,Immune_mixed
AGGTTGTAGATGAACT-1,Immune_mixed,Immune_mixed
AGGTTGTAGCGGCTCT-1,Immune_mixed,Immune_mixed
AGGTTGTAGCGTGTTT-1,Erythroid,Erythroid
AGGTTGTCAGGGTCTC-1,Immune_mixed,Immune_mixed
AGGTTGTCATGGCCCA-1,Erythroid,Erythroid
AGGTTGTGTACTAGCT-1,Myeloid,Myeloid
AGGTTGTGTGGTCTCG-1,Immune_mixed,Immune_mixed
AGGTTGTTCAGAATAG-1,Erythroid,Erythroid
AGGTTGTTCTGGCCAG-1,Erythroid,Erythroid
AGTAACCAGATTGACA-1,Erythroid,Erythroid
AGTAACCCAATGTGGG-1,Erythroid,Erythroid
AGTAACCCATAAGCGG-1,Erythroid,Erythroid
AGTAACCCATAGGCGA-1,Immune_mixed,Immune_mixed
AGTAACCGTCGGCCTA-1,Immune_mixed,Immune_mixed
AGTAACCGTGCGGTAA-1,Immune_mixed,Immune_mixed
AGTAACCTCAAACCTG-1,Immune_mixed,Immune_mixed
AGTAACCTCAGCACCG-1,Immune_mixed,Immune_mixed
AGTAACCTCGCTGATA-1,Immune_mixed,Immune_mixed
AGTAACCTCGGACCAC-1,Immune_mixed,Immune_mixed
AGTAACCTCTGGGATT-1,Immune_mixed,Immune_mixed
AGTAACCTCTTAGCTT-1,"B_cells,0",B_cells
AGTACCAAGCAGATAT-1,Erythroid,Erythroid
AGTACCACATGAGATA-1,"B_cells,0",B_cells
AGTACCAGTTCGCGTG-1,"B_cells,0",B_cells
AGTACCATCGAAGCCC-1,Erythroid,Erythroid
AGTACTGAGAACAGGA-1,Erythroid,Erythroid
AGTACTGAGTTTCGAC-1,Immune_mixed,Immune_mixed
AGTACTGCAAGACCTT-1,"B_cells,0",B_cells
AGTACTGCAAGCTGTT-1,Immune_mixed,Immune_mixed
AGTACTGCAATCTAGC-1,Myeloid,Myeloid
AGTACTGCATTGAAAG-1,Erythroid,Erythroid
AGTACTGGTAGGAAAG-1,Immune_mixed,Immune_mixed
AGTACTGGTATGACAA-1,Myeloid,Myeloid
AGTACTGGTCCATCTC-1,Myeloid,Myeloid
AGTACTGGTGGAAGTC-1,Immune_mixed,Immune_mixed
AGTACTGGTGGATACG-1,Myeloid,Myeloid
AGTACTGGTGTGCCTG-1,Immune_mixed,Immune_mixed
AGTACTGTCGAACCAT-1,Immune_mixed,Immune_mixed
AGTACTGTCTCTCTTC-1,Erythroid,Erythroid
AGTACTGTCTTTCCAA-1,Myeloid,Myeloid
AGTAGCTAGACGCCCT-1,Immune_mixed,Immune_mixed
AGTAGCTAGACTTGTC-1,Erythroid,Erythroid
AGTAGCTAGGTCACAG-1,Immune_mixed,Immune_mixed
AGTAGCTAGGTGCAGT-1,Immune_mixed,Immune_mixed
AGTAGCTAGTCACTAC-1,Immune_mixed,Immune_mixed
AGTAGCTCAACTAGAA-1,Immune_mixed,Immune_mixed
AGTAGCTCACTATGTG-1,"B_cells,1",B_cells
AGTAGCTCAGTAGATA-1,"B_cells,0",B_cells
AGTAGCTGTAGACTGG-1,Immune_mixed,Immune_mixed
AGTAGCTGTCTCGACG-1,"B_cells,1",B_cells
AGTAGCTGTGGTACAG-1,Immune_mixed,Immune_mixed
AGTAGCTTCCACGGGT-1,Immune_mixed,Immune_mixed
AGTAGTCAGCTGTTAC-1,Immune_mixed,Immune_mixed
AGTAGTCCAATGCTCA-1,"B_cells,0",B_cells
AGTAGTCCACACTGGC-1,Erythroid,Erythroid
AGTAGTCCATAACGGG-1,Immune_mixed,Immune_mixed
AGTAGTCCATAATGAG-1,Immune_mixed,Immune_mixed
AGTAGTCCATGATAGA-1,Immune_mixed,Immune_mixed
AGTAGTCGTGGACAGT-1,Myeloid,Myeloid
AGTAGTCTCGACGTCG-1,Immune_mixed,Immune_mixed
AGTAGTCTCGCGCCAA-1,Immune_mixed,Immune_mixed
AGTAGTCTCTGGGCGT-1,Immune_mixed,Immune_mixed
AGTCAACAGGATACAT-1,"B_cells,0",B_cells
AGTCAACAGGATGTTA-1,Immune_mixed,Immune_mixed
AGTCAACAGGCCTGAA-1,"B_cells,0",B_cells
AGTCAACAGTGCCGAA-1,Immune_mixed,Immune_mixed
AGTCAACAGTGGATTA-1,Immune_mixed,Immune_mixed
AGTCAACCAACACACT-1,Immune_mixed,Immune_mixed
AGTCAACCAACCTAAC-1,"B_cells,0",B_cells
AGTCAACCAGCGACCT-1,Myeloid,Myeloid
AGTCAACTCCATTTGT-1,Immune_mixed,Immune_mixed
AGTCACAAGGATACCG-1,Immune_mixed,Immune_mixed
AGTCACAAGTAACGAT-1,Immune_mixed,Immune_mixed
AGTCACAAGTGTAGTA-1,Erythroid,Erythroid
AGTCACACAACGTAAA-1,Erythroid,Erythroid
AGTCACAGTGGCCCAT-1,Erythroid,Erythroid
AGTCACATCATATGGC-1,Erythroid,Erythroid
AGTCACATCTACGCGG-1,Erythroid,Erythroid
AGTCATGAGAGAGCGG-1,Immune_mixed,Immune_mixed
AGTCATGAGCGACTTT-1,Immune_mixed,Immune_mixed
AGTCATGAGCGAGAAA-1,Immune_mixed,Immune_mixed
AGTCATGAGGACAGCT-1,Myeloid,Myeloid
AGTCATGAGGCGAAGG-1,"B_cells,0",B_cells
AGTCATGCAGTCTCTC-1,Immune_mixed,Immune_mixed
AGTCATGCATCGAGCC-1,Immune_mixed,Immune_mixed
AGTCATGCATTCTTCA-1,Immune_mixed,Immune_mixed
AGTCATGCATTGAAAG-1,Immune_mixed,Immune_mixed
AGTCATGTCATCTACT-1,Immune_mixed,Immune_mixed
AGTCATGTCTCTGACC-1,Immune_mixed,Immune_mixed
AGTCTCCAGAAATTCG-1,Erythroid,Erythroid
AGTCTCCAGGCGAACT-1,"B_cells,0",B_cells
AGTCTCCCAACTTGGT-1,Erythroid,Erythroid
AGTCTCCCACAACGAG-1,Myeloid,Myeloid
AGTCTCCCACAGCGCT-1,Immune_mixed,Immune_mixed
AGTCTCCGTAGAGCTG-1,Erythroid,Erythroid
AGTCTCCGTATGTGTC-1,Immune_mixed,Immune_mixed
AGTCTCCGTGAGCGAT-1,Myeloid,Myeloid
AGTCTCCGTGGCTACC-1,Immune_mixed,Immune_mixed
AGTCTCCTCACACCCT-1,Immune_mixed,Immune_mixed
AGTCTCCTCTCCCAAC-1,Immune_mixed,Immune_mixed
AGTGACTAGAATCGTA-1,Erythroid,Erythroid
AGTGACTGTACTCCCT-1,Immune_mixed,Immune_mixed
AGTGACTGTCTCAGGC-1,Erythroid,Erythroid
AGTGACTGTCTCTCCA-1,Myeloid,Myeloid
AGTGACTTCAGACCCG-1,Immune_mixed,Immune_mixed
AGTGACTTCCGCTGTT-1,Immune_mixed,Immune_mixed
AGTGACTTCCGGGACT-1,Immune_mixed,Immune_mixed
AGTGACTTCTTTCAGT-1,"B_cells,0",B_cells
AGTGATCAGATGTAGT-1,Myeloid,Myeloid
AGTGATCAGCAATAAC-1,"B_cells,0",B_cells
AGTGATCAGCTTGTGT-1,Erythroid,Erythroid
AGTGATCAGGATTCAA-1,"B_cells,0",B_cells
AGTGATCCAGCGTGAA-1,Immune_mixed,Immune_mixed
AGTGATCGTCGCTTGG-1,"B_cells,0",B_cells
AGTGATCGTTATGGTC-1,Immune_mixed,Immune_mixed
AGTGATCTCAGACAAA-1,Immune_mixed,Immune_mixed
AGTGATCTCCGTGTGG-1,Immune_mixed,Immune_mixed
AGTGATCTCGAGAAAT-1,Immune_mixed,Immune_mixed
AGTGATCTCTCCCAAC-1,Erythroid,Erythroid
AGTGCCGAGTAGAGTT-1,Erythroid,Erythroid
AGTGCCGCACGTCATA-1,Myeloid,Myeloid
AGTGCCGCACGTCGGT-1,Erythroid,Erythroid
AGTGCCGCACTCCTGT-1,Erythroid,Erythroid
AGTGCCGCAGTCGGTC-1,Immune_mixed,Immune_mixed
AGTGCCGGTCAGTCTA-1,Immune_mixed,Immune_mixed
AGTGCCGGTTCTCTCG-1,Myeloid,Myeloid
AGTGCCGTCTACACTT-1,Immune_mixed,Immune_mixed
AGTGTTGAGACCAAAT-1,Immune_mixed,Immune_mixed
AGTGTTGAGGTTATAG-1,Myeloid,Myeloid
AGTGTTGCAAGATCCT-1,Immune_mixed,Immune_mixed
AGTGTTGCACAATGAA-1,Immune_mixed,Immune_mixed
AGTGTTGCATCGATGT-1,Erythroid,Erythroid
AGTGTTGCATGACAAA-1,"B_cells,0",B_cells
AGTGTTGGTACGAGTG-1,Immune_mixed,Immune_mixed
AGTGTTGGTGTACATC-1,Erythroid,Erythroid
AGTGTTGTCACTGGGC-1,"B_cells,0",B_cells
AGTGTTGTCAGTCATG-1,Immune_mixed,Immune_mixed
AGTGTTGTCCATCGTC-1,Immune_mixed,Immune_mixed
AGTGTTGTCCCGTGAG-1,Immune_mixed,Immune_mixed
AGTGTTGTCGCGATCG-1,"B_cells,0",B_cells
AGTGTTGTCTCGCGTT-1,Immune_mixed,Immune_mixed
AGTTAGCAGCATACTC-1,Immune_mixed,Immune_mixed
AGTTAGCAGCGCCATC-1,"B_cells,0",B_cells
AGTTAGCCAGGCTTGC-1,"B_cells,0",B_cells
AGTTAGCGTCGTTGCG-1,"B_cells,0",B_cells
AGTTAGCTCACCTTGC-1,Erythroid,Erythroid
AGTTAGCTCATTCACT-1,Immune_mixed,Immune_mixed
AGTTCCCAGAGGATGA-1,Immune_mixed,Immune_mixed
AGTTCCCAGTTGTCAC-1,"B_cells,0",B_cells
AGTTCCCAGTTTCTTC-1,Immune_mixed,Immune_mixed
AGTTCCCCAACTTGGT-1,Immune_mixed,Immune_mixed
AGTTCCCCACAATCTG-1,Immune_mixed,Immune_mixed
AGTTCCCCACCCAATA-1,Immune_mixed,Immune_mixed
AGTTCCCCACGCAAAG-1,Erythroid,Erythroid
AGTTCCCGTAGGCTCC-1,Myeloid,Myeloid
AGTTCCCTCCACAGCG-1,Immune_mixed,Immune_mixed
AGTTCCCTCGTGTCAA-1,Immune_mixed,Immune_mixed
AGTTCCCTCTGGGTCG-1,Erythroid,Erythroid
AGTTCCCTCTTCCTAA-1,Immune_mixed,Immune_mixed
AGTTCGAAGACGCCAA-1,Immune_mixed,Immune_mixed
AGTTCGAAGCGGGTAT-1,Immune_mixed,Immune_mixed
AGTTCGACACCAGCTG-1,Erythroid,Erythroid
AGTTCGAGTAACACGG-1,Erythroid,Erythroid
AGTTCGAGTGCAAGAC-1,Immune_mixed,Immune_mixed
AGTTCGATCCATCAGA-1,Myeloid,Myeloid
ATACCGAGTTGGACTT-1,Immune_mixed,Immune_mixed
ATACCGATCACGACTA-1,Erythroid,Erythroid
ATACCTTAGCAGGGAG-1,Myeloid,Myeloid
ATACCTTAGGCAGGGA-1,Immune_mixed,Immune_mixed
ATACCTTCAAGCTGCC-1,Immune_mixed,Immune_mixed
ATACCTTCACGCTATA-1,Immune_mixed,Immune_mixed
ATACCTTGTTCGGCGT-1,Myeloid,Myeloid
ATACCTTTCGCAGTCG-1,Erythroid,Erythroid
ATACCTTTCTTCTCAA-1,Immune_mixed,Immune_mixed
ATACTTCAGGTAAGAG-1,Immune_mixed,Immune_mixed
ATACTTCAGGTTTACC-1,Immune_mixed,Immune_mixed
ATACTTCCATACACCA-1,Immune_mixed,Immune_mixed
ATACTTCCATGACGGA-1,"B_cells,0",B_cells
ATACTTCGTGTTAGCT-1,Immune_mixed,Immune_mixed
ATACTTCTCCCGAGAC-1,Immune_mixed,Immune_mixed
ATACTTCTCGTAGCCG-1,Immune_mixed,Immune_mixed
ATAGACCAGCTACTGT-1,"B_cells,0",B_cells
ATAGACCAGGACTATA-1,Immune_mixed,Immune_mixed
ATAGACCCAGGATGAC-1,Erythroid,Erythroid
ATAGAGAAGGCGAAGG-1,Erythroid,Erythroid
ATAGAGAAGTCATGCT-1,"B_cells,0",B_cells
ATAGAGACACCATATG-1,Erythroid,Erythroid
ATAGAGACAGACCGCT-1,"B_cells,0",B_cells
ATAGAGACAGCTGTGC-1,Myeloid,Myeloid
ATAGAGACATCCCACT-1,Erythroid,Erythroid
ATAGAGACATGGGTCC-1,Erythroid,Erythroid
ATAGAGAGTGGAGGTT-1,Erythroid,Erythroid
ATAGGCTCAACAAGAT-1,"B_cells,0",B_cells
ATAGGCTCACGTGTGC-1,"B_cells,0",B_cells
ATAGGCTCATGTGCCG-1,Erythroid,Erythroid
ATAGGCTGTGAATATG-1,Erythroid,Erythroid
ATAGGCTGTTCTTGCC-1,"B_cells,0",B_cells
ATAGGCTTCCACACCT-1,Immune_mixed,Immune_mixed
ATATCCTAGGAACGAA-1,Myeloid,Myeloid
ATATCCTCACCAGCCA-1,Immune_mixed,Immune_mixed
ATATCCTCAGAGACTG-1,Erythroid,Erythroid
ATATCCTCATGACACT-1,Immune_mixed,Immune_mixed
ATATCCTCATTGTAGC-1,Immune_mixed,Immune_mixed
ATATCCTGTTCCGCTT-1,Erythroid,Erythroid
ATATCCTGTTGCCGAC-1,Immune_mixed,Immune_mixed
ATCACAGAGGTTGGAC-1,Immune_mixed,Immune_mixed
ATCACAGCACCGCTAG-1,Myeloid,Myeloid
ATCACAGCACGTCGGT-1,Immune_mixed,Immune_mixed
ATCACAGGTCCGTTTC-1,Immune_mixed,Immune_mixed
ATCACAGGTGGGTCAA-1,Erythroid,Erythroid
ATCACAGTCCATCAGA-1,Erythroid,Erythroid
ATCACAGTCCCGTTCA-1,Immune_mixed,Immune_mixed
ATCACAGTCGTGGTAT-1,Erythroid,Erythroid
ATCACGAAGACAGCGT-1,Immune_mixed,Immune_mixed
ATCACGAAGTTCCGTA-1,Immune_mixed,Immune_mixed
ATCACGACAAAGCAAT-1,Myeloid,Myeloid
ATCACGACACCTGTCT-1,"B_cells,0",B_cells
ATCACGACACGACTAT-1,"B_cells,0",B_cells
ATCACGACACGTACTA-1,"B_cells,0",B_cells
ATCACGACAGCGTTGC-1,Immune_mixed,Immune_mixed
ATCACGACATCACCAA-1,Immune_mixed,Immune_mixed
ATCACGACATTCTTCA-1,Immune_mixed,Immune_mixed
ATCACGAGTGGTAACG-1,Immune_mixed,Immune_mixed
ATCACGATCACCCTTG-1,Erythroid,Erythroid
ATCACGATCCTCAGAA-1,"B_cells,0",B_cells
ATCACGATCTACAGGT-1,Immune_mixed,Immune_mixed
ATCACTTAGAAAGCGA-1,"B_cells,0",B_cells
ATCACTTAGCCTCTCT-1,Erythroid,Erythroid
ATCACTTAGCTACTGT-1,Myeloid,Myeloid
ATCACTTAGGCGAACT-1,Erythroid,Erythroid
ATCACTTCAAGAGTAT-1,"B_cells,0",B_cells
ATCACTTGTCATTCCC-1,Immune_mixed,Immune_mixed
ATCACTTGTCGCACGT-1,Erythroid,Erythroid
ATCACTTTCACGATCA-1,Immune_mixed,Immune_mixed
ATCACTTTCCGTGACG-1,"B_cells,0",B_cells
ATCACTTTCGTTATCT-1,Immune_mixed,Immune_mixed
ATCAGGTAGAGGTCGT-1,Myeloid,Myeloid
ATCAGGTAGTCACAGG-1,Immune_mixed,Immune_mixed
ATCAGGTCAAACGGCA-1,Erythroid,Erythroid
ATCAGGTCAGTTTCGA-1,Erythroid,Erythroid
ATCAGGTGTCTCACGG-1,Immune_mixed,Immune_mixed
ATCAGGTGTGTACGCC-1,Immune_mixed,Immune_mixed
ATCAGGTTCAATCCGA-1,Myeloid,Myeloid
ATCAGGTTCATGGATC-1,Immune_mixed,Immune_mixed
ATCAGGTTCCACACCT-1,Immune_mixed,Immune_mixed
ATCAGGTTCGTGTCAA-1,Immune_mixed,Immune_mixed
ATCAGGTTCTCGGCTT-1,Immune_mixed,Immune_mixed
ATCAGGTTCTTTGCAT-1,"B_cells,0",B_cells
ATCATTCAGGACGCAT-1,Erythroid,Erythroid
ATCATTCAGTTGGACG-1,"B_cells,0",B_cells
ATCATTCCAACTAGAA-1,Immune_mixed,Immune_mixed
ATCATTCCAGTCGGTC-1,Immune_mixed,Immune_mixed
ATCATTCGTACATTGC-1,"B_cells,0",B_cells
ATCATTCTCGGCATTA-1,Immune_mixed,Immune_mixed
ATCCACCAGTAGATCA-1,Immune_mixed,Immune_mixed
ATCCACCGTACTAACC-1,Myeloid,Myeloid
ATCCACCGTCTAACGT-1,Immune_mixed,Immune_mixed
ATCCACCGTTCCATTT-1,Immune_mixed,Immune_mixed
ATCCATTAGATTAGTG-1,Immune_mixed,Immune_mixed
ATCCATTCAACGACAG-1,Immune_mixed,Immune_mixed
ATCCATTCAATGAAAC-1,Myeloid,Myeloid
ATCCATTCACAATCTG-1,Immune_mixed,Immune_mixed
ATCCATTCACTGATTG-1,Immune_mixed,Immune_mixed
ATCCATTCATCCGAGC-1,Myeloid,Myeloid
ATCCATTCATGAGTAA-1,Erythroid,Erythroid
ATCCATTGTCCCACGA-1,Erythroid,Erythroid
ATCCATTGTGACAACG-1,Myeloid,Myeloid
ATCCATTGTTAATCGC-1,Immune_mixed,Immune_mixed
ATCCATTTCCGTGCGA-1,Myeloid,Myeloid
ATCCATTTCTCCTACG-1,Immune_mixed,Immune_mixed
ATCCCTGAGGCTAAAT-1,Erythroid,Erythroid
ATCCCTGAGTCGTCTA-1,Immune_mixed,Immune_mixed
ATCCCTGCACATTACG-1,Immune_mixed,Immune_mixed
ATCCCTGCAGCTGTAT-1,Erythroid,Erythroid
ATCCCTGCAGGTTTAC-1,Myeloid,Myeloid
ATCCCTGCAGTGGCTC-1,"B_cells,0",B_cells
ATCCCTGCATAGATGA-1,Erythroid,Erythroid
ATCCCTGGTGAGATTA-1,"B_cells,0",B_cells
ATCCCTGGTGTAGTGG-1,Immune_mixed,Immune_mixed
ATCCCTGTCAGCAATC-1,Immune_mixed,Immune_mixed
ATCCGTCAGAGGTTTA-1,Erythroid,Erythroid
ATCCGTCAGCACTGGA-1,Immune_mixed,Immune_mixed
ATCCGTCAGGAGTATT-1,"B_cells,0",B_cells
ATCCGTCCAACCGTGC-1,Immune_mixed,Immune_mixed
ATCCGTCCAAGCGAAC-1,"B_cells,1",B_cells
ATCCGTCGTGATACCT-1,"B_cells,0",B_cells
ATCCGTCGTTAGGACG-1,Immune_mixed,Immune_mixed
ATCCGTCGTTGTTTGG-1,Myeloid,Myeloid
ATCCGTCTCAAGATAG-1,Immune_mixed,Immune_mixed
ATCCGTCTCCTGGTCT-1,Erythroid,Erythroid
ATCCGTCTCTATCGGA-1,Immune_mixed,Immune_mixed
ATCCGTCTCTCAGGCG-1,Immune_mixed,Immune_mixed
ATCCTATCACAACGAG-1,Immune_mixed,Immune_mixed
ATCCTATCACGCCAGT-1,Immune_mixed,Immune_mixed
ATCCTATCATGTTCAG-1,Immune_mixed,Immune_mixed
ATCCTATCATTCGATG-1,Erythroid,Erythroid
ATCCTATGTGCCCACA-1,Erythroid,Erythroid
ATCCTATTCCCTCTCC-1,Erythroid,Erythroid
ATCGATGAGATGAACT-1,Immune_mixed,Immune_mixed
ATCGATGAGGACTATA-1,Immune_mixed,Immune_mixed
ATCGATGCACTACAGT-1,Erythroid,Erythroid
ATCGATGCAGAAATTG-1,Immune_mixed,Immune_mixed
ATCGATGCAGAGGCAT-1,Immune_mixed,Immune_mixed
ATCGATGGTACACTCA-1,"B_cells,0",B_cells
ATCGATGGTAGACACG-1,Immune_mixed,Immune_mixed
ATCGATGGTGGTTTAC-1,Erythroid,Erythroid
ATCGATGGTGTTGCCG-1,Myeloid,Myeloid
ATCGATGTCGAGAAGC-1,Erythroid,Erythroid
ATCGATGTCGCCTTGT-1,Erythroid,Erythroid
ATCGATGTCGTCCTCA-1,Immune_mixed,Immune_mixed
ATCGCCTAGCCAAGCA-1,Erythroid,Erythroid
ATCGCCTAGGGCGAAG-1,Immune_mixed,Immune_mixed
ATCGCCTAGGGTTGCA-1,Erythroid,Erythroid
ATCGCCTAGTGCCAGA-1,Immune_mixed,Immune_mixed
ATCGCCTCAAACTGCT-1,Erythroid,Erythroid
ATCGCCTCAAATCAGA-1,Immune_mixed,Immune_mixed
ATCGCCTCAAGCACAG-1,Myeloid,Myeloid
ATCGCCTCACCAAAGG-1,Erythroid,Erythroid
ATCGCCTCACGGAAGT-1,Immune_mixed,Immune_mixed
ATCGCCTCACGGTCTG-1,Immune_mixed,Immune_mixed
ATCGCCTTCAACTTTC-1,Myeloid,Myeloid
ATCGCCTTCCGTGGTG-1,Immune_mixed,Immune_mixed
ATCGCCTTCGTAGAGG-1,Myeloid,Myeloid
ATCGGATAGAGGATGA-1,"B_cells,0",B_cells
ATCGGATAGGCCACCT-1,Erythroid,Erythroid
ATCGGATAGTAGAGTT-1,Immune_mixed,Immune_mixed
ATCGGATCAATAGGGC-1,Erythroid,Erythroid
ATCGGATCACGAAGAC-1,Myeloid,Myeloid
ATCGGATGTTATTCCT-1,Immune_mixed,Immune_mixed
ATCGGATGTTCTCACC-1,Erythroid,Erythroid
ATCGGATGTTGCATCA-1,Immune_mixed,Immune_mixed
ATCGGATTCCTACCGT-1,Erythroid,Erythroid
ATCGGATTCGCTACAA-1,Immune_mixed,Immune_mixed
ATCGGATTCTCCTGCA-1,Immune_mixed,Immune_mixed
ATCGGCGAGCCTGCCA-1,"B_cells,0",B_cells
ATCGGCGAGCTGAAAT-1,Erythroid,Erythroid
ATCGGCGCAGCTACTA-1,Immune_mixed,Immune_mixed
ATCGGCGCAGCTGCCA-1,Immune_mixed,Immune_mixed
ATCGGCGCAGTGACCC-1,"B_cells,0",B_cells
ATCGGCGGTAGCGTCC-1,"B_cells,0",B_cells
ATCGGCGGTGCCGTAC-1,Erythroid,Erythroid
ATCGGCGGTGCTCGTG-1,Immune_mixed,Immune_mixed
ATCGGCGGTTTACGAC-1,Myeloid,Myeloid
ATCGGCGTCACCGGGT-1,Erythroid,Erythroid
ATCGGCGTCTGGCCAG-1,Erythroid,Erythroid
ATCGTAGAGCAGCACA-1,Erythroid,Erythroid
ATCGTAGAGCTTCGTA-1,Erythroid,Erythroid
ATCGTAGCACGATTCA-1,Immune_mixed,Immune_mixed
ATCGTAGCAGCTGAGA-1,Immune_mixed,Immune_mixed
ATCGTAGGTACTGCGC-1,Immune_mixed,Immune_mixed
ATCGTAGGTCTCGCGA-1,Myeloid,Myeloid
ATCGTAGTCATCCTGC-1,"B_cells,0",B_cells
ATCGTCCAGTTGGCTT-1,Immune_mixed,Immune_mixed
ATCGTCCCAGTATACC-1,Erythroid,Erythroid
ATCGTCCCATATGGCT-1,"B_cells,0",B_cells
ATCGTCCGTCGAATTC-1,Immune_mixed,Immune_mixed
ATCGTCCGTGAATGTA-1,Myeloid,Myeloid
ATCGTGAAGCGCCCAT-1,Immune_mixed,Immune_mixed
ATCGTGACACTTGACA-1,Immune_mixed,Immune_mixed
ATCGTGACAGCGAGTA-1,Myeloid,Myeloid
ATCGTGACAGGTGAGT-1,Erythroid,Erythroid
ATCGTGATCCAGTGTA-1,Immune_mixed,Immune_mixed
ATCGTGATCGACGCTG-1,"B_cells,0",B_cells
ATCGTGATCTGACCCT-1,Myeloid,Myeloid
ATCTCTAAGCGGACAT-1,Immune_mixed,Immune_mixed
ATCTCTAAGGTAGTCG-1,Immune_mixed,Immune_mixed
ATCTCTACATCGAGCC-1,Immune_mixed,Immune_mixed
ATCTCTACATCGCTCT-1,Immune_mixed,Immune_mixed
ATCTCTAGTACGTAGG-1,Immune_mixed,Immune_mixed
ATCTCTAGTAGTCGGA-1,Immune_mixed,Immune_mixed
ATCTCTAGTGACTATC-1,Myeloid,Myeloid
ATCTCTAGTGGTAATA-1,Immune_mixed,Immune_mixed
ATCTCTAGTTAAGTCC-1,Immune_mixed,Immune_mixed
ATCTCTAGTTCGAAGG-1,Immune_mixed,Immune_mixed
ATCTCTATCAGAATAG-1,Immune_mixed,Immune_mixed
ATCTCTATCCATCAGA-1,Immune_mixed,Immune_mixed
ATCTCTATCGCTAATG-1,Erythroid,Erythroid
ATCTTCAAGCCTGAGA-1,Myeloid,Myeloid
ATCTTCACACCCTAAA-1,Immune_mixed,Immune_mixed
ATCTTCACAGCTGTAT-1,Erythroid,Erythroid
ATCTTCACATTGCCTC-1,Erythroid,Erythroid
ATCTTCAGTCTGTGGC-1,Myeloid,Myeloid
ATCTTCATCTAGTGTG-1,Immune_mixed,Immune_mixed
ATCTTCATCTCGAGTA-1,"B_cells,0",B_cells
ATGAAAGAGAATCCCT-1,Erythroid,Erythroid
ATGAAAGAGATCACTC-1,"B_cells,0",B_cells
ATGAAAGAGCGATTCT-1,Erythroid,Erythroid
ATGAAAGAGGAACGTC-1,Erythroid,Erythroid
ATGAAAGCACTCAGAT-1,Erythroid,Erythroid
ATGAAAGCAGGCATGA-1,Immune_mixed,Immune_mixed
ATGAAAGGTGTACGCC-1,Erythroid,Erythroid
ATGAAAGGTTGCACGC-1,Immune_mixed,Immune_mixed
ATGAAAGTCTATTTCG-1,Immune_mixed,Immune_mixed
ATGAAAGTCTGAGAGG-1,Immune_mixed,Immune_mixed
ATGACCAAGCTACTGT-1,Erythroid,Erythroid
ATGACCAAGCTGCCTG-1,Immune_mixed,Immune_mixed
ATGACCACAACTCCCT-1,"B_cells,0",B_cells
ATGACCACATCCGAAT-1,Myeloid,Myeloid
ATGACCACATCTCAAG-1,Immune_mixed,Immune_mixed
ATGACCACATGTGGCC-1,"B_cells,0",B_cells
ATGACCAGTAGAATGT-1,Myeloid,Myeloid
ATGACCAGTGGATGAC-1,Immune_mixed,Immune_mixed
ATGACCAGTGGTAATA-1,Immune_mixed,Immune_mixed
ATGACCATCGTAGGAG-1,Myeloid,Myeloid
ATGACCATCTAGTGAC-1,Immune_mixed,Immune_mixed
ATGACCATCTTACTGT-1,Immune_mixed,Immune_mixed
ATGAGGGAGATCACCT-1,Immune_mixed,Immune_mixed
ATGAGGGAGATCCCAT-1,"B_cells,0",B_cells
ATGAGGGAGCCTCATA-1,Immune_mixed,Immune_mixed
ATGAGGGCAACAACAA-1,Immune_mixed,Immune_mixed
ATGAGGGCAACACTAC-1,Immune_mixed,Immune_mixed
ATGAGGGCACATCCCT-1,Immune_mixed,Immune_mixed
ATGAGGGCACGGTGAA-1,Immune_mixed,Immune_mixed
ATGAGGGCATGTAACC-1,Immune_mixed,Immune_mixed
ATGAGGGCATGTGTCA-1,Erythroid,Erythroid
ATGAGGGGTATTGACC-1,Immune_mixed,Immune_mixed
ATGAGGGTCAAGCTTG-1,Immune_mixed,Immune_mixed
ATGAGGGTCGGAATGG-1,Immune_mixed,Immune_mixed
ATGAGTCAGCTCGGCT-1,Myeloid,Myeloid
ATGAGTCAGCTGACAG-1,Erythroid,Erythroid
ATGAGTCCAAACCACT-1,Erythroid,Erythroid
ATGAGTCCAAAGACGC-1,Immune_mixed,Immune_mixed
ATGAGTCCACGTAACT-1,Immune_mixed,Immune_mixed
ATGAGTCCATGCCATA-1,Immune_mixed,Immune_mixed
ATGAGTCGTCGCAGTC-1,"B_cells,0",B_cells
ATGAGTCGTTGCGGAA-1,Erythroid,Erythroid
ATGAGTCTCCAACTGA-1,Immune_mixed,Immune_mixed
ATGAGTCTCCCTCAAC-1,Immune_mixed,Immune_mixed
ATGATCGAGAGGGCGA-1,Erythroid,Erythroid
ATGATCGAGGCGACAT-1,Erythroid,Erythroid
ATGATCGCATCCTGTC-1,Myeloid,Myeloid
ATGATCGCATCTTTCA-1,Erythroid,Erythroid
ATGATCGCATGGGTCC-1,Erythroid,Erythroid
ATGATCGGTTGTCAGT-1,Immune_mixed,Immune_mixed
ATGATCGTCCTTCACG-1,Immune_mixed,Immune_mixed
ATGATCGTCTGTACAG-1,Myeloid,Myeloid
ATGATCGTCTTCGGAA-1,Immune_mixed,Immune_mixed
ATGCATGAGGCGAACT-1,Immune_mixed,Immune_mixed
ATGCATGAGTTGCGCC-1,"B_cells,0",B_cells
ATGCATGCAGCTACCG-1,Immune_mixed,Immune_mixed
ATGCATGCATCGGAAG-1,Erythroid,Erythroid
ATGCATGCATGTGACT-1,"B_cells,1",B_cells
ATGCATGTCCATCCGT-1,Immune_mixed,Immune_mixed
ATGCATGTCGTCAAAC-1,Erythroid,Erythroid
ATGCATGTCTCGACGG-1,Immune_mixed,Immune_mixed
ATGCCTCAGGTGCAGT-1,Immune_mixed,Immune_mixed
ATGCCTCAGTAGGGTC-1,"B_cells,0",B_cells
ATGCCTCCAATGTCTG-1,"B_cells,0",B_cells
ATGCCTCCACTATCCC-1,Immune_mixed,Immune_mixed
ATGCCTCCACTTCATT-1,"B_cells,0",B_cells
ATGCCTCCAGCCGTCA-1,Immune_mixed,Immune_mixed
ATGCCTCCATCCGTGG-1,Immune_mixed,Immune_mixed
ATGCCTCCATGAAGGC-1,Erythroid,Erythroid
ATGCCTCTCACATCAG-1,Immune_mixed,Immune_mixed
ATGCCTCTCCGTTTCG-1,Immune_mixed,Immune_mixed
ATGCCTCTCTGCCTGT-1,Immune_mixed,Immune_mixed
ATGCCTCTCTTGGTGA-1,Immune_mixed,Immune_mixed
ATGCGATAGATGACAT-1,"B_cells,0",B_cells
ATGCGATAGGAATGTT-1,Immune_mixed,Immune_mixed
ATGCGATAGGACAGCT-1,Immune_mixed,Immune_mixed
ATGCGATAGGCATGCA-1,Immune_mixed,Immune_mixed
ATGCGATCACTTGTGA-1,Immune_mixed,Immune_mixed
ATGCGATCAGCTATAC-1,Immune_mixed,Immune_mixed
ATGCGATGTTCCTAGA-1,Immune_mixed,Immune_mixed
ATGCGATGTTCGTGCG-1,Myeloid,Myeloid
ATGCGATTCATTCGGA-1,Immune_mixed,Immune_mixed
ATGCGATTCGTCCTTG-1,Immune_mixed,Immune_mixed
ATGCGATTCGTTCAGA-1,Immune_mixed,Immune_mixed
ATGGAGGAGAGTGGCT-1,"B_cells,0",B_cells
ATGGAGGCAGCTCCTT-1,"B_cells,0",B_cells
ATGGAGGGTAAGCGGT-1,"B_cells,1",B_cells
ATGGAGGGTACGATTC-1,"B_cells,0",B_cells
ATGGAGGGTCCGGCAT-1,Erythroid,Erythroid
ATGGAGGGTCTCTCCA-1,Immune_mixed,Immune_mixed
ATGGAGGTCGCTCCTA-1,"B_cells,0",B_cells
ATGGATCAGAAATCCA-1,Immune_mixed,Immune_mixed
ATGGATCAGAGCACTG-1,Immune_mixed,Immune_mixed
ATGGATCCATGTTACG-1,Erythroid,Erythroid
ATGGATCGTAGACTGG-1,Immune_mixed,Immune_mixed
ATGGATCGTCGTCGGT-1,Erythroid,Erythroid
ATGGATCGTTCCTAAG-1,Erythroid,Erythroid
ATGGATCTCATCACAG-1,Erythroid,Erythroid
ATGGATCTCCGACATA-1,"B_cells,0",B_cells
ATGGATCTCCGCTTAC-1,Immune_mixed,Immune_mixed
ATGGATCTCGCATTAG-1,Immune_mixed,Immune_mixed
ATGGATCTCGCCAACG-1,Immune_mixed,Immune_mixed
ATGGGAGAGGGTTAGC-1,Immune_mixed,Immune_mixed
ATGGGAGAGTCGCGAA-1,Erythroid,Erythroid
ATGGGAGTCGCCGATG-1,Myeloid,Myeloid
ATGGGTTAGGAACTAT-1,Immune_mixed,Immune_mixed
ATGGGTTCATTCCTCG-1,Immune_mixed,Immune_mixed
ATGGGTTGTCCTACAA-1,"B_cells,0",B_cells
ATGGGTTGTGAAGCGT-1,Immune_mixed,Immune_mixed
ATGGGTTGTTTGGAAA-1,Immune_mixed,Immune_mixed
ATGGGTTTCTAGCAAC-1,Immune_mixed,Immune_mixed
ATGGGTTTCTGTCAGA-1,Erythroid,Erythroid
ATGGTTGAGGAAGAAC-1,Immune_mixed,Immune_mixed
ATGGTTGCATCCTGTC-1,Immune_mixed,Immune_mixed
ATGGTTGGTATTCCGA-1,Immune_mixed,Immune_mixed
ATGGTTGGTTAAGCAA-1,Immune_mixed,Immune_mixed
ATGGTTGTCCTGTAAG-1,Myeloid,Myeloid
ATGTCCCAGAGCAGAA-1,Immune_mixed,Immune_mixed
ATGTCCCAGCCATTGT-1,Immune_mixed,Immune_mixed
ATGTCCCAGGCAGGGA-1,"B_cells,0",B_cells
ATGTCCCCACTCAGAT-1,Erythroid,Erythroid
ATGTCCCGTACCCAGC-1,Immune_mixed,Immune_mixed
ATGTCCCGTCACCCTT-1,Erythroid,Erythroid
ATGTCCCGTCAGTCTA-1,"B_cells,0",B_cells
ATGTCCCGTTGCGGCT-1,"B_cells,0",B_cells
ATGTCCCTCGAGCCTG-1,Immune_mixed,Immune_mixed
ATGTCCCTCTACCCAC-1,Erythroid,Erythroid
ATGTCCCTCTCTCTTC-1,Erythroid,Erythroid
ATGTCTTCAACGTAAA-1,Immune_mixed,Immune_mixed
ATGTCTTGTACCCGAC-1,Erythroid,Erythroid
ATGTCTTGTATGCTAC-1,Immune_mixed,Immune_mixed
ATGTCTTGTGGTCTTA-1,Erythroid,Erythroid
ATTACCTAGACGCCCT-1,Erythroid,Erythroid
ATTACCTAGAGGTTTA-1,Immune_mixed,Immune_mixed
ATTACCTAGTTCCGGC-1,Immune_mixed,Immune_mixed
ATTACCTCACAGTCAT-1,Immune_mixed,Immune_mixed
ATTACCTCACGACAGA-1,Immune_mixed,Immune_mixed
ATTACCTCAGCATCTA-1,Immune_mixed,Immune_mixed
ATTACCTGTGCAGATG-1,Immune_mixed,Immune_mixed
ATTACCTGTGGCTAGA-1,"B_cells,0",B_cells
ATTACCTGTTATGACC-1,Immune_mixed,Immune_mixed
ATTACCTGTTGCATCA-1,Immune_mixed,Immune_mixed
ATTACCTTCATCGCCT-1,Immune_mixed,Immune_mixed
ATTACCTTCCGAAGGA-1,Myeloid,Myeloid
ATTACTCAGCCTCTTC-1,Myeloid,Myeloid
ATTACTCAGCGAGGAG-1,Immune_mixed,Immune_mixed
ATTACTCAGGAGAATG-1,Erythroid,Erythroid
ATTACTCAGTTCCGGC-1,Myeloid,Myeloid
ATTACTCCACCCAAGC-1,Immune_mixed,Immune_mixed
ATTACTCCATCGCTCT-1,"B_cells,0",B_cells
ATTACTCCATGTAACC-1,Erythroid,Erythroid
ATTACTCGTCGAAACG-1,Immune_mixed,Immune_mixed
ATTACTCGTGTATACC-1,Immune_mixed,Immune_mixed
ATTACTCGTTACCCTC-1,"B_cells,0",B_cells
ATTACTCTCACGTCCT-1,Immune_mixed,Immune_mixed
ATTACTCTCAGGACAG-1,Immune_mixed,Immune_mixed
ATTATCCAGAGAATCT-1,Immune_mixed,Immune_mixed
ATTATCCAGCACTAAA-1,Immune_mixed,Immune_mixed
ATTATCCAGCTGCCTG-1,Immune_mixed,Immune_mixed
ATTATCCAGGCCCAAA-1,Immune_mixed,Immune_mixed
ATTATCCAGTAACCTC-1,"B_cells,0",B_cells
ATTATCCCAGTGACCC-1,Immune_mixed,Immune_mixed
ATTATCCTCACTTCTA-1,Immune_mixed,Immune_mixed
ATTATCCTCCATACTT-1,Immune_mixed,Immune_mixed
ATTATCCTCGATCCAA-1,Immune_mixed,Immune_mixed
ATTATCCTCGTCCTTG-1,"B_cells,0",B_cells
ATTATCCTCTGTACAG-1,Erythroid,Erythroid
ATTCACTAGCTGACCC-1,Erythroid,Erythroid
ATTCACTAGGCCACCT-1,Erythroid,Erythroid
ATTCACTAGGCGTTAG-1,"B_cells,0",B_cells
ATTCACTAGTCAATCC-1,Immune_mixed,Immune_mixed
ATTCACTCAGCACAAG-1,"B_cells,1",B_cells
ATTCACTCATCCGTGG-1,Immune_mixed,Immune_mixed
ATTCACTCATGTGCCG-1,Erythroid,Erythroid
ATTCACTGTACACGTT-1,Erythroid,Erythroid
ATTCACTTCGACCTAA-1,Immune_mixed,Immune_mixed
ATTCACTTCGGTCAGC-1,Erythroid,Erythroid
ATTCAGGCAAAGACGC-1,Immune_mixed,Immune_mixed
ATTCAGGCAAGAGTAT-1,Myeloid,Myeloid
ATTCAGGCAGGATGAC-1,Immune_mixed,Immune_mixed
ATTCAGGGTACGAAAT-1,Immune_mixed,Immune_mixed
ATTCAGGTCACCGACG-1,Erythroid,Erythroid
ATTCATCAGATACATG-1,Myeloid,Myeloid
ATTCATCAGTAGCATA-1,Immune_mixed,Immune_mixed
ATTCATCCAGGTCCGT-1,Immune_mixed,Immune_mixed
ATTCATCCATGGGCAA-1,Erythroid,Erythroid
ATTCATCGTAGGGAGG-1,Immune_mixed,Immune_mixed
ATTCATCGTCGCAACC-1,Erythroid,Erythroid
ATTCATCGTGCGTTTA-1,Immune_mixed,Immune_mixed
ATTCATCGTGGACCAA-1,Immune_mixed,Immune_mixed
ATTCATCGTTGTTGAC-1,"B_cells,0",B_cells
ATTCATCTCATTGTTC-1,Erythroid,Erythroid
ATTCCATAGTAGGTTA-1,Myeloid,Myeloid
ATTCCATGTCAAAGAT-1,"B_cells,1",B_cells
ATTCCATGTCACAATC-1,Immune_mixed,Immune_mixed
ATTCCATTCATTTGCT-1,Immune_mixed,Immune_mixed
ATTCCATTCTGCGGAC-1,Erythroid,Erythroid
ATTCCATTCTTGCAAG-1,"B_cells,0",B_cells
ATTCCCGAGGTAGTCG-1,Myeloid,Myeloid
ATTCCCGGTAGATTAG-1,Erythroid,Erythroid
ATTCCCGGTAGCGCTC-1,Erythroid,Erythroid
ATTCCCGTCCACTTCG-1,Erythroid,Erythroid
ATTCCCGTCGGCCCAA-1,Erythroid,Erythroid
ATTCCTAAGCGACTAG-1,Immune_mixed,Immune_mixed
ATTCCTAAGCTTAAGA-1,Immune_mixed,Immune_mixed
ATTCCTAAGTAGCAAT-1,Immune_mixed,Immune_mixed
ATTCCTAAGTCAGCGA-1,Immune_mixed,Immune_mixed
ATTCCTAAGTCTGGTT-1,Erythroid,Erythroid
ATTCCTACAATCCAGT-1,Immune_mixed,Immune_mixed
ATTCCTACACGGGCTT-1,Immune_mixed,Immune_mixed
ATTCCTACACTCGATA-1,Erythroid,Erythroid
ATTCCTAGTCTACGAT-1,Immune_mixed,Immune_mixed
ATTCCTAGTGAACTAA-1,Immune_mixed,Immune_mixed
ATTCCTAGTGACCTGC-1,"B_cells,0",B_cells
ATTCCTATCTTGTGCC-1,"B_cells,0",B_cells
ATTCGTTAGAGCACTG-1,Immune_mixed,Immune_mixed
ATTCGTTAGTCTAGCT-1,Immune_mixed,Immune_mixed
ATTCGTTCACCTCAGG-1,Immune_mixed,Immune_mixed
ATTCGTTGTACATTGC-1,Immune_mixed,Immune_mixed
ATTCGTTGTATAGGGC-1,Erythroid,Erythroid
ATTCGTTGTTACGTAC-1,Immune_mixed,Immune_mixed
ATTCGTTTCTGCGGCA-1,Immune_mixed,Immune_mixed
ATTCTACAGAAGCGAA-1,Immune_mixed,Immune_mixed
ATTCTACAGCCAAGTG-1,Erythroid,Erythroid
ATTCTACAGGTGAGAA-1,Immune_mixed,Immune_mixed
ATTCTACAGTCGAATA-1,Immune_mixed,Immune_mixed
ATTCTACCAATCCTAG-1,Immune_mixed,Immune_mixed
ATTCTACCAGAGCCCT-1,"B_cells,0",B_cells
ATTCTACGTCCAAAGG-1,Immune_mixed,Immune_mixed
ATTCTACTCAAACCCA-1,"B_cells,0",B_cells
ATTCTACTCTTACGGA-1,Immune_mixed,Immune_mixed
ATTCTTGAGCCACTCG-1,Immune_mixed,Immune_mixed
ATTCTTGAGCGTATAA-1,Immune_mixed,Immune_mixed
ATTCTTGCAAGAGTAT-1,"B_cells,0",B_cells
ATTCTTGCAAGCGAAC-1,Immune_mixed,Immune_mixed
ATTCTTGCAAGCGAGT-1,Erythroid,Erythroid
ATTCTTGCAATTGCTG-1,"B_cells,0",B_cells
ATTCTTGCACATACTG-1,Myeloid,Myeloid
ATTCTTGCAGAGTGAC-1,Immune_mixed,Immune_mixed
ATTCTTGCATAACCCA-1,Erythroid,Erythroid
ATTCTTGGTACGACTT-1,Immune_mixed,Immune_mixed
ATTCTTGGTCACAATC-1,Immune_mixed,Immune_mixed
ATTCTTGGTTCCGCAG-1,Immune_mixed,Immune_mixed
ATTCTTGGTTGGTAGG-1,Immune_mixed,Immune_mixed
ATTCTTGTCATTACTC-1,"B_cells,0",B_cells
ATTCTTGTCGCTGATA-1,Immune_mixed,Immune_mixed
ATTCTTGTCTGGCTGG-1,Immune_mixed,Immune_mixed
ATTGGGTCAGGGACTA-1,Myeloid,Myeloid
ATTGGGTCATTCGATG-1,Immune_mixed,Immune_mixed
ATTGGGTGTCGAGTTT-1,Immune_mixed,Immune_mixed
ATTGGGTGTGCTCTCT-1,Myeloid,Myeloid
ATTGGGTGTTCACCGG-1,Immune_mixed,Immune_mixed
ATTGGGTTCGTCAAAC-1,Immune_mixed,Immune_mixed
ATTGTTCAGATCCGAG-1,Immune_mixed,Immune_mixed
ATTGTTCCAAGTCATC-1,Immune_mixed,Immune_mixed
ATTGTTCCACCGGAAA-1,Immune_mixed,Immune_mixed
ATTGTTCCATGGCCAC-1,"B_cells,0",B_cells
ATTGTTCGTATTAAGG-1,Immune_mixed,Immune_mixed
ATTTACCAGAAGCCTG-1,Immune_mixed,Immune_mixed
ATTTACCAGGCTAAAT-1,Myeloid,Myeloid
ATTTACCCACACGGTC-1,Immune_mixed,Immune_mixed
ATTTACCCAGAGAAAG-1,Immune_mixed,Immune_mixed
ATTTACCGTAGAATGT-1,Erythroid,Erythroid
ATTTACCGTTCCGCAG-1,"B_cells,0",B_cells
ATTTACCTCAAGGCTT-1,Erythroid,Erythroid
ATTTACCTCGAAGTGG-1,Erythroid,Erythroid
ATTTACCTCTCGTTTA-1,Immune_mixed,Immune_mixed
ATTTCACAGCTTTCTT-1,Immune_mixed,Immune_mixed
ATTTCACGTAAGTAGT-1,Erythroid,Erythroid
ATTTCACGTCAAGTTC-1,Immune_mixed,Immune_mixed
ATTTCACGTTGGTACT-1,Immune_mixed,Immune_mixed
ATTTCACTCAGTGCGC-1,Erythroid,Erythroid
ATTTCACTCGCTCTAC-1,Immune_mixed,Immune_mixed
ATTTCACTCGGAATTC-1,Immune_mixed,Immune_mixed
ATTTCACTCGTTCATT-1,Myeloid,Myeloid
ATTTCACTCTGTTCAT-1,Myeloid,Myeloid
ATTTCTGAGCTCTTCC-1,Erythroid,Erythroid
ATTTCTGCAAGTGATA-1,Immune_mixed,Immune_mixed
ATTTCTGCAATAGTCC-1,"B_cells,1",B_cells
ATTTCTGCAGGTTCGC-1,Immune_mixed,Immune_mixed
ATTTCTGCATAGAGGC-1,Erythroid,Erythroid
ATTTCTGTCCATCACC-1,"B_cells,0",B_cells
CAAAGAAAGGCATCGA-1,"B_cells,0",B_cells
CAAAGAAAGGCTGAAC-1,Immune_mixed,Immune_mixed
CAAAGAAAGGTGCTAG-1,Erythroid,Erythroid
CAAAGAACAAATGGAT-1,Myeloid,Myeloid
CAAAGAACACGTGTGC-1,"B_cells,0",B_cells
CAAAGAACAGCTCTGG-1,Immune_mixed,Immune_mixed
CAAAGAAGTCGACTTA-1,"B_cells,0",B_cells
CAAAGAATCCTGGGTG-1,"B_cells,0",B_cells
CAAAGAATCGGAATTC-1,Erythroid,Erythroid
CAAAGAATCTGCGGGT-1,Myeloid,Myeloid
CAACAACAGACCAGAC-1,Immune_mixed,Immune_mixed
CAACAACAGAGGCCAT-1,Immune_mixed,Immune_mixed
CAACAACAGGTTATAG-1,"B_cells,0",B_cells
CAACAACCACATATCG-1,Immune_mixed,Immune_mixed
CAACAACCACGACAGA-1,Immune_mixed,Immune_mixed
CAACAACCACTTGTGA-1,"B_cells,0",B_cells
CAACAACCACTTTAGG-1,Myeloid,Myeloid
CAACAACCAGGTGTGA-1,Immune_mixed,Immune_mixed
CAACAACGTATGTGTC-1,"B_cells,0",B_cells
CAACAACGTTCGTGCG-1,Immune_mixed,Immune_mixed
CAACAACGTTGGGATG-1,Immune_mixed,Immune_mixed
CAACAACTCGTTCAGA-1,"B_cells,0",B_cells
CAACAGTAGGCTTCCG-1,Immune_mixed,Immune_mixed
CAACAGTAGGTAGCAC-1,Erythroid,Erythroid
CAACAGTCAAGAGGTC-1,Immune_mixed,Immune_mixed
CAACAGTCACAACGTT-1,Immune_mixed,Immune_mixed
CAACAGTCAGGGTCTC-1,"B_cells,1",B_cells
CAACAGTGTCACCGCA-1,Immune_mixed,Immune_mixed
CAACAGTGTCCAAAGG-1,Erythroid,Erythroid
CAACAGTTCGGAAACG-1,Immune_mixed,Immune_mixed
CAACAGTTCTAGGCCG-1,Immune_mixed,Immune_mixed
CAACCAAAGCACACCC-1,Myeloid,Myeloid
CAACCAAAGTTACGTC-1,Immune_mixed,Immune_mixed
CAACCAACAATCTCTT-1,Immune_mixed,Immune_mixed
CAACCAACACGCAAAG-1,Immune_mixed,Immune_mixed
CAACCAAGTGAGGAAA-1,Immune_mixed,Immune_mixed
CAACCAATCACCATCC-1,Myeloid,Myeloid
CAACCAATCCATTCAT-1,"B_cells,0",B_cells
CAACCAATCCCGAGGT-1,Immune_mixed,Immune_mixed
CAACCAATCCTGGGTG-1,Erythroid,Erythroid
CAACCAATCGGTCGGT-1,Immune_mixed,Immune_mixed
CAACCAATCTTCGTAT-1,Immune_mixed,Immune_mixed
CAACCTCAGACGGAAA-1,"B_cells,0",B_cells
CAACCTCCAGAGAGGG-1,"B_cells,0",B_cells
CAACCTCCATAAGATG-1,Myeloid,Myeloid
CAACCTCGTAGCTGCC-1,Immune_mixed,Immune_mixed
CAACCTCTCAAAGACA-1,Immune_mixed,Immune_mixed
CAACCTCTCCGATGCG-1,"B_cells,0",B_cells
CAACCTCTCGGCAGTC-1,Myeloid,Myeloid
CAACCTCTCGTTCCCA-1,Erythroid,Erythroid
CAACGATAGATGCCGA-1,Myeloid,Myeloid
CAACGATAGCAGCAGT-1,Immune_mixed,Immune_mixed
CAACGATAGGTGAGAA-1,Immune_mixed,Immune_mixed
CAACGATCATACCGTA-1,Immune_mixed,Immune_mixed
CAACGATCATGCAGGA-1,Immune_mixed,Immune_mixed
CAACGATGTGAGATTA-1,Immune_mixed,Immune_mixed
CAACGATGTTCTCGCT-1,Erythroid,Erythroid
CAACGATTCGAGTCTA-1,Myeloid,Myeloid
CAACGATTCTACCACC-1,Erythroid,Erythroid
CAACGGCCAACACAAA-1,Immune_mixed,Immune_mixed
CAACGGCCACGCACCA-1,"B_cells,0",B_cells
CAACGGCCAGGTCCGT-1,Erythroid,Erythroid
CAACGGCGTCATGACT-1,Immune_mixed,Immune_mixed
CAACGGCGTCGTTTCC-1,Myeloid,Myeloid
CAACGGCGTCTAACGT-1,Erythroid,Erythroid
CAACGGCGTTTAAGGA-1,Myeloid,Myeloid
CAACGGCTCGTAACAC-1,Immune_mixed,Immune_mixed
CAACGGCTCTATTGTC-1,"B_cells,0",B_cells
CAACGGCTCTCAGGCG-1,Myeloid,Myeloid
CAACGGCTCTCGGTCT-1,Erythroid,Erythroid
CAAGACTAGAGGCTGT-1,Immune_mixed,Immune_mixed
CAAGACTAGATGCCGA-1,Immune_mixed,Immune_mixed
CAAGACTAGGTCTGGA-1,"B_cells,0",B_cells
CAAGACTCACTACGGC-1,Immune_mixed,Immune_mixed
CAAGACTCAGCACACC-1,Immune_mixed,Immune_mixed
CAAGACTGTAGCGAGT-1,"B_cells,0",B_cells
CAAGACTGTCTTCCGT-1,Myeloid,Myeloid
CAAGACTGTGTTCCTC-1,"B_cells,0",B_cells
CAAGACTGTTCAATCG-1,Immune_mixed,Immune_mixed
CAAGACTGTTGTTGCA-1,Myeloid,Myeloid
CAAGACTTCGTTAGAC-1,Immune_mixed,Immune_mixed
CAAGACTTCGTTCAGA-1,Immune_mixed,Immune_mixed
CAAGAGGAGACATGCG-1,Erythroid,Erythroid
CAAGAGGAGACCAGAC-1,Erythroid,Erythroid
CAAGAGGAGCTGAGTG-1,Immune_mixed,Immune_mixed
CAAGAGGCAATTGCTG-1,Immune_mixed,Immune_mixed
CAAGAGGCAGCGTACC-1,Immune_mixed,Immune_mixed
CAAGAGGCATGCTGCG-1,"B_cells,0",B_cells
CAAGAGGGTACGCGTC-1,Immune_mixed,Immune_mixed
CAAGAGGTCTGTTGGA-1,Erythroid,Erythroid
CAAGCTAAGCAGGGAG-1,Immune_mixed,Immune_mixed
CAAGCTAAGCTGAGCA-1,Immune_mixed,Immune_mixed
CAAGCTAAGGCCATAG-1,Immune_mixed,Immune_mixed
CAAGCTACAAATCGGG-1,Myeloid,Myeloid
CAAGCTACAAGTCATC-1,Immune_mixed,Immune_mixed
CAAGCTAGTAGAGTTA-1,Immune_mixed,Immune_mixed
CAAGCTAGTCTTTATC-1,Immune_mixed,Immune_mixed
CAAGGGAAGATCCAAA-1,Immune_mixed,Immune_mixed
CAAGGGAAGATGCTAA-1,Immune_mixed,Immune_mixed
CAAGGGAAGCACTAAA-1,Erythroid,Erythroid
CAAGGGAAGGTTGAGC-1,Immune_mixed,Immune_mixed
CAAGGGACAGACCATT-1,Erythroid,Erythroid
CAAGGGACATTCAGCA-1,Immune_mixed,Immune_mixed
CAAGGGAGTAGCGTTT-1,Immune_mixed,Immune_mixed
CAAGGGAGTATTGGCT-1,Immune_mixed,Immune_mixed
CAAGGGAGTCATCCCT-1,Myeloid,Myeloid
CAAGGGAGTCGCATTA-1,"B_cells,0",B_cells
CAAGGGAGTCGGCTAC-1,Immune_mixed,Immune_mixed
CAAGGGAGTGGAAGTC-1,Immune_mixed,Immune_mixed
CAAGGGAGTTGTGTTG-1,Immune_mixed,Immune_mixed
CAAGGGATCGACGAGA-1,Immune_mixed,Immune_mixed
CAAGGGATCTCTGACC-1,Immune_mixed,Immune_mixed
CAATACGAGACATAAC-1,Erythroid,Erythroid
CAATACGAGCCTCCAG-1,Immune_mixed,Immune_mixed
CAATACGAGCGCCTTG-1,Immune_mixed,Immune_mixed
CAATACGCACGCGTGT-1,Immune_mixed,Immune_mixed
CAATACGCAGAATGTA-1,Myeloid,Myeloid
CAATACGCATGGGAAC-1,Immune_mixed,Immune_mixed
CAATACGTCTACACAG-1,"B_cells,0",B_cells
CAATCGAAGCCGCACT-1,Myeloid,Myeloid
CAATCGAAGGCATCTT-1,Immune_mixed,Immune_mixed
CAATCGAAGGTGAGCT-1,Immune_mixed,Immune_mixed
CAATCGAGTTCCAGGC-1,Immune_mixed,Immune_mixed
CAATCGATCAGACAAA-1,"B_cells,0",B_cells
CAATCGATCCTTCTGG-1,Immune_mixed,Immune_mixed
CAATGACCAACCAACT-1,Myeloid,Myeloid
CAATGACCAACCGATT-1,Immune_mixed,Immune_mixed
CAATGACCACCGTGAC-1,Immune_mixed,Immune_mixed
CAATGACCATACTGTG-1,Immune_mixed,Immune_mixed
CAATGACCATCCAACA-1,Immune_mixed,Immune_mixed
CAATGACGTCTACGTA-1,Immune_mixed,Immune_mixed
CAATGACTCCAGCCTT-1,Immune_mixed,Immune_mixed
CAATGACTCTGCTCTG-1,Immune_mixed,Immune_mixed
CAATTTCAGCTCTATG-1,Erythroid,Erythroid
CAATTTCCAAGATGTA-1,Erythroid,Erythroid
CAATTTCGTACTCCGG-1,"B_cells,0",B_cells
CAATTTCGTCAACCAT-1,Immune_mixed,Immune_mixed
CAATTTCGTCGTTCAA-1,Immune_mixed,Immune_mixed
CAATTTCTCCATTGGA-1,Erythroid,Erythroid
CAATTTCTCCTAGCGG-1,"B_cells,0",B_cells
CAATTTCTCGGTAGGA-1,Immune_mixed,Immune_mixed
CAATTTCTCTCTGGTC-1,Immune_mixed,Immune_mixed
CACAACAAGGTCCTGC-1,Immune_mixed,Immune_mixed
CACAACACAAGTGGAC-1,Immune_mixed,Immune_mixed
CACAACACACACGTGC-1,Erythroid,Erythroid
CACAACACATGACTTG-1,Immune_mixed,Immune_mixed
CACAACAGTGATTGGG-1,Immune_mixed,Immune_mixed
CACAACATCGCTGTTC-1,Immune_mixed,Immune_mixed
CACACAAAGCTAATGA-1,Immune_mixed,Immune_mixed
CACACAAAGGACCCAA-1,"B_cells,0",B_cells
CACACAAAGTTCGGTT-1,Immune_mixed,Immune_mixed
CACACAACAAACTAAG-1,Erythroid,Erythroid
CACACAACAGCTGGTC-1,Immune_mixed,Immune_mixed
CACACAACAGGCATTT-1,Erythroid,Erythroid
CACACAACATAGTCAC-1,Immune_mixed,Immune_mixed
CACACAAGTATTGGCT-1,"B_cells,0",B_cells
CACACAAGTGCGTGCT-1,Immune_mixed,Immune_mixed
CACACAATCAGACATC-1,Erythroid,Erythroid
CACACAATCAGGGTAG-1,Immune_mixed,Immune_mixed
CACACAATCCGTTTCG-1,Immune_mixed,Immune_mixed
CACACAATCCTTTGAT-1,Erythroid,Erythroid
CACACAATCGAGAGAC-1,Erythroid,Erythroid
CACACAATCTCATGGA-1,Immune_mixed,Immune_mixed
CACACAATCTTACCAT-1,"B_cells,0",B_cells
CACAGATAGATACGAT-1,"B_cells,0",B_cells
CACAGATAGATTGTGA-1,Immune_mixed,Immune_mixed
CACAGATAGCCAAGCA-1,Immune_mixed,Immune_mixed
CACAGATAGGCGTCCT-1,Erythroid,Erythroid
CACAGATCAAGTTCCA-1,Immune_mixed,Immune_mixed
CACAGATCAATGCAGG-1,"B_cells,0",B_cells
CACAGATCACCAAAGG-1,Erythroid,Erythroid
CACAGATGTATCGTGT-1,Immune_mixed,Immune_mixed
CACAGATTCCGCGGAT-1,Myeloid,Myeloid
CACAGATTCGAGATAA-1,Immune_mixed,Immune_mixed
CACAGATTCGTAGGGA-1,Erythroid,Erythroid
CACAGATTCTGGCCGA-1,Immune_mixed,Immune_mixed
CACAGGCAGAAGCGGG-1,Myeloid,Myeloid
CACAGGCAGCTCCATA-1,Immune_mixed,Immune_mixed
CACAGGCAGGCCCAAA-1,Erythroid,Erythroid
CACAGGCAGGGCATGT-1,Immune_mixed,Immune_mixed
CACAGGCCAACGGCTC-1,Erythroid,Erythroid
CACAGGCCAACTGTGT-1,Immune_mixed,Immune_mixed
CACAGGCCAAGAGTTA-1,"B_cells,0",B_cells
CACAGGCCACGGTGCT-1,Immune_mixed,Immune_mixed
CACAGGCGTATTGAGA-1,Myeloid,Myeloid
CACAGGCTCAATCCAG-1,Erythroid,Erythroid
CACAGGCTCCGTACGG-1,Immune_mixed,Immune_mixed
CACATGAAGCACGGAT-1,Myeloid,Myeloid
CACATGAAGTGCAGCA-1,Immune_mixed,Immune_mixed
CACATGACAGCTTCGG-1,Erythroid,Erythroid
CACATGATCATTTGGG-1,Immune_mixed,Immune_mixed
CACATGATCGAAGTGG-1,Immune_mixed,Immune_mixed
CACATGATCTTGCAAG-1,Immune_mixed,Immune_mixed
CACCAAAAGACATAGT-1,Erythroid,Erythroid
CACCAAAAGCCTCAAT-1,Erythroid,Erythroid
CACCAAAAGCGCCGTT-1,Myeloid,Myeloid
CACCAAAAGGGTCAAC-1,"B_cells,0",B_cells
CACCAAATCCAGTGTA-1,Immune_mixed,Immune_mixed
CACCAAATCTATTTCG-1,"B_cells,0",B_cells
CACCAAATCTTACCGC-1,Myeloid,Myeloid
CACCGTTAGCGTCTCG-1,Immune_mixed,Immune_mixed
CACCGTTAGCTTTCTT-1,Immune_mixed,Immune_mixed
CACCGTTAGTCACTGT-1,Immune_mixed,Immune_mixed
CACCGTTAGTTATGGA-1,Immune_mixed,Immune_mixed
CACCGTTCAAGTCCCG-1,Erythroid,Erythroid
CACCGTTCAGATACCT-1,Myeloid,Myeloid
CACCGTTCAGGATGAC-1,Immune_mixed,Immune_mixed
CACCGTTCATGATAGA-1,Immune_mixed,Immune_mixed
CACCGTTGTAAGTAGT-1,Erythroid,Erythroid
CACCGTTGTCTAGATC-1,Myeloid,Myeloid
CACCGTTGTTAGGGTG-1,"B_cells,0",B_cells
CACCGTTGTTCAAGTC-1,Myeloid,Myeloid
CACCGTTGTTGCCGAC-1,Immune_mixed,Immune_mixed
CACCGTTTCGAGCCAC-1,Erythroid,Erythroid
CACCGTTTCTTCGCTG-1,Immune_mixed,Immune_mixed
CACGAATAGCTCTATG-1,Immune_mixed,Immune_mixed
CACGAATAGGCATGCA-1,Immune_mixed,Immune_mixed
CACGAATAGGTAATCA-1,Myeloid,Myeloid
CACGAATCAACACACT-1,"B_cells,0",B_cells
CACGAATCAGTGTATC-1,Immune_mixed,Immune_mixed
CACGAATCATCTAACG-1,"B_cells,0",B_cells
CACGAATGTAGGTTTC-1,Erythroid,Erythroid
CACGAATGTCGCTCGA-1,Erythroid,Erythroid
CACGAATGTGTTGATC-1,Erythroid,Erythroid
CACGAATTCGTAACAC-1,"B_cells,0",B_cells
CACGGGTAGGAAAGTG-1,Immune_mixed,Immune_mixed
CACGGGTAGGCCCACT-1,"B_cells,0",B_cells
CACGGGTAGGCTCTCG-1,Immune_mixed,Immune_mixed
CACGGGTAGTCACGCC-1,Myeloid,Myeloid
CACGGGTAGTGGAAAG-1,Myeloid,Myeloid
CACGGGTCACATTCTT-1,Erythroid,Erythroid
CACGGGTCAGGACTTT-1,Erythroid,Erythroid
CACGGGTGTGTACGCC-1,Erythroid,Erythroid
CACGGGTGTGTTGCCG-1,Myeloid,Myeloid
CACGGGTGTTCCGGTG-1,Immune_mixed,Immune_mixed
CACGGGTTCGAGAGCA-1,Immune_mixed,Immune_mixed
CACGTGGAGTCATAGA-1,Immune_mixed,Immune_mixed
CACGTGGCAGCTAACT-1,Immune_mixed,Immune_mixed
CACGTGGGTTAAGGAT-1,"B_cells,0",B_cells
CACGTGGTCGACATCA-1,Immune_mixed,Immune_mixed
CACGTTCAGCTTAAGA-1,Myeloid,Myeloid
CACGTTCAGTCAGCGA-1,Immune_mixed,Immune_mixed
CACGTTCCACAAGCCC-1,Immune_mixed,Immune_mixed
CACGTTCCACCAATTG-1,Erythroid,Erythroid
CACGTTCGTCCACACG-1,"B_cells,0",B_cells
CACGTTCGTGGCCTCA-1,Immune_mixed,Immune_mixed
CACGTTCTCACGTAGT-1,Erythroid,Erythroid
CACGTTCTCATCTGTT-1,Immune_mixed,Immune_mixed
CACGTTCTCTGTCGCT-1,Erythroid,Erythroid
CACTAAGAGACAACTA-1,Erythroid,Erythroid
CACTAAGAGATTTGCC-1,Immune_mixed,Immune_mixed
CACTAAGAGCCGATTT-1,Immune_mixed,Immune_mixed
CACTAAGAGGTCGTAG-1,Immune_mixed,Immune_mixed
CACTAAGAGTGGATTA-1,Erythroid,Erythroid
CACTAAGCAATAGGAT-1,Myeloid,Myeloid
CACTAAGGTAGAATAC-1,Immune_mixed,Immune_mixed
CACTAAGGTTAGGCTT-1,Erythroid,Erythroid
CACTAAGGTTCGCGTG-1,"B_cells,0",B_cells
CACTAAGTCAAAGCCT-1,Erythroid,Erythroid
CACTAAGTCCTACCGT-1,Immune_mixed,Immune_mixed
CACTAAGTCTATGCCC-1,"B_cells,0",B_cells
CACTGAACAACCGCCA-1,Immune_mixed,Immune_mixed
CACTGAAGTAACTGCT-1,Immune_mixed,Immune_mixed
CACTGAAGTAATCAAG-1,Myeloid,Myeloid
CACTGAAGTGGAGAAA-1,Immune_mixed,Immune_mixed
CACTGAATCATTTGCT-1,Immune_mixed,Immune_mixed
CACTGAATCCCATAAG-1,Immune_mixed,Immune_mixed
CACTGAATCTTGGTCC-1,"B_cells,0",B_cells
CACTGGGCAACCCTAA-1,Erythroid,Erythroid
CACTGGGCACTCCGGA-1,Erythroid,Erythroid
CACTGGGCAGGCGTTC-1,Immune_mixed,Immune_mixed
CACTGGGGTCGCTGCA-1,"B_cells,0",B_cells
CACTGGGTCAGTCTTT-1,Myeloid,Myeloid
CACTGGGTCGTGTTCC-1,Immune_mixed,Immune_mixed
CACTGTCAGCTGCCTG-1,"B_cells,0",B_cells
CACTGTCAGTCTTCGA-1,Immune_mixed,Immune_mixed
CACTGTCCACCAGACC-1,Immune_mixed,Immune_mixed
CACTGTCCAGGTCTCG-1,"B_cells,0",B_cells
CACTGTCGTATCTTCT-1,Myeloid,Myeloid
CACTGTCGTCCTTGTC-1,Erythroid,Erythroid
CACTGTCTCACCTCGT-1,"B_cells,0",B_cells
CACTGTCTCCAGTACA-1,Immune_mixed,Immune_mixed
CACTGTCTCCTACAAG-1,Erythroid,Erythroid
CACTGTCTCGTGTTCC-1,Erythroid,Erythroid
CACTTCGAGCTCGCAC-1,Erythroid,Erythroid
CACTTCGCAACGCATT-1,Immune_mixed,Immune_mixed
CACTTCGCACCGGTCA-1,Immune_mixed,Immune_mixed
CACTTCGCACCTAAAC-1,Immune_mixed,Immune_mixed
CACTTCGCAGAACATA-1,"B_cells,0",B_cells
CACTTCGCAGAGTTGG-1,Immune_mixed,Immune_mixed
CACTTCGGTTCAAGTC-1,Immune_mixed,Immune_mixed
CACTTCGTCTCGGGAC-1,Immune_mixed,Immune_mixed
CACTTCGTCTGACGCG-1,Immune_mixed,Immune_mixed
CAGAGCCAGCCGATTT-1,Immune_mixed,Immune_mixed
CAGAGCCAGCGTCTGC-1,Erythroid,Erythroid
CAGAGCCAGCTCCGAC-1,Immune_mixed,Immune_mixed
CAGAGCCCAGAACCGA-1,"B_cells,0",B_cells
CAGAGCCGTTCAGTAC-1,Erythroid,Erythroid
CAGAGCCTCCTGGGTG-1,Immune_mixed,Immune_mixed
CAGAGCCTCGCAGTGC-1,Myeloid,Myeloid
CAGAGCCTCTCTATAC-1,Erythroid,Erythroid
CAGAGCCTCTTCTGTA-1,Immune_mixed,Immune_mixed
CAGATACAGCTAAACA-1,Erythroid,Erythroid
CAGATACAGCTTCGTA-1,Immune_mixed,Immune_mixed
CAGATACAGGGAGGTG-1,Myeloid,Myeloid
CAGATACAGGGCGAGA-1,Immune_mixed,Immune_mixed
CAGATACAGTAACCTC-1,Immune_mixed,Immune_mixed
CAGATACAGTACTCGT-1,Immune_mixed,Immune_mixed
CAGATACAGTTACGTC-1,Immune_mixed,Immune_mixed
CAGATACAGTTCTCTT-1,Immune_mixed,Immune_mixed
CAGATACCAAGAAATC-1,Erythroid,Erythroid
CAGATACCACGGCGTT-1,Immune_mixed,Immune_mixed
CAGATACTCCCAGCGA-1,Immune_mixed,Immune_mixed
CAGATACTCTTCGTGC-1,Immune_mixed,Immune_mixed
CAGATCACACGACGCT-1,"B_cells,0",B_cells
CAGATCACAGCTTCGG-1,Myeloid,Myeloid
CAGATCACAGGTGACA-1,Immune_mixed,Immune_mixed
CAGATCACAGTTGGTT-1,Erythroid,Erythroid
CAGATCAGTCCAAATC-1,Immune_mixed,Immune_mixed
CAGATCAGTGCCGAAA-1,Myeloid,Myeloid
CAGATCAGTTGGGCCT-1,"B_cells,0",B_cells
CAGATCATCACCTACC-1,Myeloid,Myeloid
CAGATCATCCATTGCC-1,Immune_mixed,Immune_mixed
CAGATCATCCGAAATC-1,Erythroid,Erythroid
CAGATTGAGCACTCTA-1,Erythroid,Erythroid
CAGATTGAGGAGAATG-1,Immune_mixed,Immune_mixed
CAGATTGAGTAGCTCT-1,Immune_mixed,Immune_mixed
CAGATTGCAAGAGGTC-1,Immune_mixed,Immune_mixed
CAGATTGCACTCCGGA-1,Immune_mixed,Immune_mixed
CAGATTGCAGCGATTT-1,Immune_mixed,Immune_mixed
CAGATTGCAGTCACGC-1,Immune_mixed,Immune_mixed
CAGATTGGTCGAAGCA-1,Immune_mixed,Immune_mixed
CAGATTGGTTTACGAC-1,Erythroid,Erythroid
CAGATTGTCTGACGCG-1,Erythroid,Erythroid
CAGCAATAGAACGTGC-1,Immune_mixed,Immune_mixed
CAGCAATCACCCAACG-1,Immune_mixed,Immune_mixed
CAGCAATTCGTCCTCA-1,"B_cells,0",B_cells
CAGCAATTCTGCCTCA-1,"B_cells,0",B_cells
CAGCACGAGCCTCATA-1,Erythroid,Erythroid
CAGCACGCAAGAATGT-1,"B_cells,0",B_cells
CAGCACGGTCATTCCC-1,Immune_mixed,Immune_mixed
CAGCAGCAGAGAGAAC-1,"B_cells,0",B_cells
CAGCAGCAGTTGCTCA-1,Immune_mixed,Immune_mixed
CAGCAGCCAAGCCCAC-1,Erythroid,Erythroid
CAGCAGCCATCGATCA-1,Immune_mixed,Immune_mixed
CAGCAGCGTCCCGTGA-1,"B_cells,0",B_cells
CAGCAGCGTCGAAGCA-1,Immune_mixed,Immune_mixed
CAGCAGCGTGGTCTCG-1,Immune_mixed,Immune_mixed
CAGCAGCTCTGATGGT-1,Erythroid,Erythroid
CAGCCAGAGAAGGTAG-1,Erythroid,Erythroid
CAGCCAGAGAATCGTA-1,Immune_mixed,Immune_mixed
CAGCCAGAGCAATTAG-1,Immune_mixed,Immune_mixed
CAGCCAGCAAGGACAC-1,Immune_mixed,Immune_mixed
CAGCCAGCAGACCTAT-1,"B_cells,0",B_cells
CAGCCAGCATAGTCGT-1,Immune_mixed,Immune_mixed
CAGCCAGGTAGAGATT-1,Immune_mixed,Immune_mixed
CAGCCAGGTCCCTGAG-1,"B_cells,1",B_cells
CAGCCAGGTGAGTAGC-1,"B_cells,0",B_cells
CAGCCAGGTTGCAAGG-1,Erythroid,Erythroid
CAGCCAGTCACTGTTT-1,"B_cells,0",B_cells
CAGCCAGTCATCGCCT-1,Immune_mixed,Immune_mixed
CAGCCAGTCGCCGAGT-1,Erythroid,Erythroid
CAGCCAGTCGTTGTAG-1,Immune_mixed,Immune_mixed
CAGCCAGTCTGGGCAC-1,Myeloid,Myeloid
CAGCGTGAGATTAGCA-1,Immune_mixed,Immune_mixed
CAGCGTGAGGCTCCCA-1,Erythroid,Erythroid
CAGCGTGAGGGCAGTT-1,Immune_mixed,Immune_mixed
CAGCGTGAGTTACTCG-1,Myeloid,Myeloid
CAGCGTGCACTGTGTA-1,Erythroid,Erythroid
CAGCGTGCAGCTCGGT-1,Erythroid,Erythroid
CAGCGTGCAGCTGTTA-1,Immune_mixed,Immune_mixed
CAGCGTGGTTCCTACC-1,Erythroid,Erythroid
CAGCGTGGTTGCATAC-1,Myeloid,Myeloid
CAGCGTGTCATGACAC-1,Immune_mixed,Immune_mixed
CAGCGTGTCGGCATAT-1,Immune_mixed,Immune_mixed
CAGGCCAAGCAGCACA-1,Myeloid,Myeloid
CAGGCCAAGGTATAGT-1,Myeloid,Myeloid
CAGGCCAAGTTGAATG-1,Immune_mixed,Immune_mixed
CAGGCCACAGGCGAAT-1,Immune_mixed,Immune_mixed
CAGGCCAGTATCGCAT-1,Immune_mixed,Immune_mixed
CAGGCCAGTGTCTTCC-1,Erythroid,Erythroid
CAGGCCAGTTTACTTC-1,"B_cells,0",B_cells
CAGGCCATCGCCACTT-1,Myeloid,Myeloid
CAGGCCATCGGTGAAG-1,Immune_mixed,Immune_mixed
CAGGGCTCACATACTG-1,Immune_mixed,Immune_mixed
CAGGGCTCACCTAAAC-1,Immune_mixed,Immune_mixed
CAGGGCTCACCTGCAG-1,Erythroid,Erythroid
CAGGGCTCAGCAGAAC-1,"B_cells,0",B_cells
CAGGGCTGTACAAGCG-1,Erythroid,Erythroid
CAGGGCTGTCCATCTC-1,Erythroid,Erythroid
CAGGGCTGTTAACAGA-1,Erythroid,Erythroid
CAGGGCTTCACTTTGT-1,Erythroid,Erythroid
CAGGGCTTCATACAGC-1,Immune_mixed,Immune_mixed
CAGGTATCAAGGTCGA-1,Erythroid,Erythroid
CAGGTATCAGAGGGTT-1,"B_cells,0",B_cells
CAGGTATGTTTAGTCG-1,Myeloid,Myeloid
CAGGTATTCTGAGGTT-1,Myeloid,Myeloid
CAGTGCGAGGTTCCGC-1,"B_cells,0",B_cells
CAGTGCGCACCCAAGC-1,Immune_mixed,Immune_mixed
CAGTGCGCAGATCATC-1,"B_cells,0",B_cells
CAGTGCGCAGCGACAA-1,Immune_mixed,Immune_mixed
CAGTGCGCATACAGAA-1,Immune_mixed,Immune_mixed
CAGTGCGCATGGACAG-1,Immune_mixed,Immune_mixed
CAGTGCGGTACGAGCA-1,Erythroid,Erythroid
CAGTGCGGTCCACATA-1,Immune_mixed,Immune_mixed
CAGTGCGGTGTCTTCC-1,Immune_mixed,Immune_mixed
CAGTGCGTCGAAGCAG-1,Erythroid,Erythroid
CAGTGCGTCTCGTCAC-1,Immune_mixed,Immune_mixed
CAGTGCGTCTGTCGTC-1,Myeloid,Myeloid
CAGTTAGAGAGCTGAC-1,"B_cells,0",B_cells
CAGTTAGAGCGGCTCT-1,Immune_mixed,Immune_mixed
CAGTTAGAGGGCAACT-1,Immune_mixed,Immune_mixed
CAGTTAGCAACGCATT-1,Immune_mixed,Immune_mixed
CAGTTAGCAAGAGGCT-1,Immune_mixed,Immune_mixed
CAGTTAGCAATTCGTG-1,Immune_mixed,Immune_mixed
CAGTTAGCACCCTAAA-1,Erythroid,Erythroid
CAGTTAGCATTGTGCA-1,Immune_mixed,Immune_mixed
CAGTTAGGTCCAAATC-1,Immune_mixed,Immune_mixed
CAGTTAGGTGTTACAC-1,Erythroid,Erythroid
CAGTTAGGTTCAGTAC-1,Myeloid,Myeloid
CAGTTAGTCAACGCTA-1,Immune_mixed,Immune_mixed
CAGTTAGTCAATCCAG-1,Immune_mixed,Immune_mixed
CAGTTAGTCATTCGTT-1,Immune_mixed,Immune_mixed
CAGTTCCAGAGAGCGG-1,Immune_mixed,Immune_mixed
CAGTTCCAGATACCAA-1,Immune_mixed,Immune_mixed
CAGTTCCAGCCTGTCG-1,Immune_mixed,Immune_mixed
CAGTTCCCAGCCATTA-1,Immune_mixed,Immune_mixed
CAGTTCCGTTTGGGTT-1,Erythroid,Erythroid
CATAAGCAGCGTATGG-1,Erythroid,Erythroid
CATAAGCAGCTCGTGC-1,Erythroid,Erythroid
CATAAGCCAAGAAACT-1,Immune_mixed,Immune_mixed
CATAAGCCAGTTAAAG-1,"B_cells,0",B_cells
CATAAGCCATTGGGAG-1,"B_cells,0",B_cells
CATAAGCGTAGTGGCA-1,Myeloid,Myeloid
CATAAGCGTGACCTGC-1,Immune_mixed,Immune_mixed
CATAAGCGTTGGAGAC-1,Erythroid,Erythroid
CATACAGAGCTGCGAA-1,Immune_mixed,Immune_mixed
CATACAGAGGCCGCTT-1,Immune_mixed,Immune_mixed
CATACAGAGTATGGAT-1,Immune_mixed,Immune_mixed
CATACAGCAACTCCAA-1,Immune_mixed,Immune_mixed
CATACAGCAATGACCT-1,Erythroid,Erythroid
CATACAGCAGAACTAA-1,Immune_mixed,Immune_mixed
CATACAGGTTAGAGTA-1,"B_cells,0",B_cells
CATACAGTCAATCTCT-1,Erythroid,Erythroid
CATACAGTCCAGCAAT-1,"B_cells,0",B_cells
CATACAGTCCTCAGAA-1,Immune_mixed,Immune_mixed
CATACAGTCGGTTAGT-1,Immune_mixed,Immune_mixed
CATACCCAGCGTTCCG-1,Myeloid,Myeloid
CATACCCCACTTGAGT-1,Myeloid,Myeloid
CATACCCGTAACAGTA-1,Myeloid,Myeloid
CATACCCGTACTAACC-1,Immune_mixed,Immune_mixed
CATACCCGTGAGCCAA-1,Immune_mixed,Immune_mixed
CATACCCGTGCCTAAT-1,Immune_mixed,Immune_mixed
CATACCCTCCCGAACG-1,Immune_mixed,Immune_mixed
CATACCCTCCGAACGC-1,Immune_mixed,Immune_mixed
CATACCCTCGATGCAT-1,Erythroid,Erythroid
CATACCCTCTCATAGG-1,"B_cells,0",B_cells
CATACCCTCTGTTCAT-1,Immune_mixed,Immune_mixed
CATACTTAGAAGCTGC-1,Immune_mixed,Immune_mixed
CATACTTAGGACCCAA-1,Immune_mixed,Immune_mixed
CATACTTAGTCTTCGA-1,Immune_mixed,Immune_mixed
CATACTTCAATTTCTC-1,Immune_mixed,Immune_mixed
CATACTTCACTGGCGT-1,Erythroid,Erythroid
CATACTTCAGAGGGTT-1,Immune_mixed,Immune_mixed
CATACTTCAGGAAGTC-1,Immune_mixed,Immune_mixed
CATACTTGTACTCAAC-1,Myeloid,Myeloid
CATACTTGTAGGCAAC-1,Myeloid,Myeloid
CATACTTGTGCAGGAT-1,"B_cells,0",B_cells
CATACTTTCAGCGGAA-1,Immune_mixed,Immune_mixed
CATAGACAGAAATTGC-1,Erythroid,Erythroid
CATAGACAGATTCGAA-1,"B_cells,0",B_cells
CATAGACAGCACGATG-1,Erythroid,Erythroid
CATAGACAGCCATTTG-1,Immune_mixed,Immune_mixed
CATAGACAGGACTAAT-1,Immune_mixed,Immune_mixed
CATAGACAGGATCATA-1,Immune_mixed,Immune_mixed
CATAGACAGGGTGAAA-1,Immune_mixed,Immune_mixed
CATAGACCAGGCGTTC-1,Immune_mixed,Immune_mixed
CATAGACGTGGCCACT-1,"B_cells,0",B_cells
CATAGACGTGTGTCGC-1,Myeloid,Myeloid
CATCAAGAGTCGTTAC-1,Immune_mixed,Immune_mixed
CATCAAGAGTGGTTAA-1,"B_cells,0",B_cells
CATCAAGTCAATCCAG-1,Immune_mixed,Immune_mixed
CATCAAGTCACTCACC-1,"B_cells,0",B_cells
CATCAAGTCATGGGAG-1,Immune_mixed,Immune_mixed
CATCAAGTCTGCGGCA-1,Immune_mixed,Immune_mixed
CATCCACAGAGAGAAC-1,Myeloid,Myeloid
CATCCACAGCAACAGC-1,Myeloid,Myeloid
CATCCACAGCAGGGAG-1,Immune_mixed,Immune_mixed
CATCCACAGGAACGAA-1,Erythroid,Erythroid
CATCCACAGTCACTGT-1,Immune_mixed,Immune_mixed
CATCCACCAATTTCCT-1,Myeloid,Myeloid
CATCCACCACCCAATA-1,Immune_mixed,Immune_mixed
CATCCACCACGTAGTT-1,Immune_mixed,Immune_mixed
CATCCACTCCGTATAG-1,Immune_mixed,Immune_mixed
CATCCACTCGGTAAGG-1,Immune_mixed,Immune_mixed
CATCCCAAGAGAGGGC-1,Myeloid,Myeloid
CATCCCAAGATGGGCT-1,Immune_mixed,Immune_mixed
CATCCCAAGCGGACAT-1,Immune_mixed,Immune_mixed
CATCCCAAGGAGAGTA-1,Immune_mixed,Immune_mixed
CATCCCACAAAGAGTT-1,Myeloid,Myeloid
CATCCCACAACACACT-1,Immune_mixed,Immune_mixed
CATCCCACACTTCTCG-1,Erythroid,Erythroid
CATCCCACAGTTCTAG-1,Immune_mixed,Immune_mixed
CATCCCATCCACAGGC-1,Immune_mixed,Immune_mixed
CATCCCATCCTACTGC-1,Immune_mixed,Immune_mixed
CATCCCATCGTCTCAC-1,Myeloid,Myeloid
CATCCCATCGTGACTA-1,Myeloid,Myeloid
CATCCGTAGAGTGACC-1,Erythroid,Erythroid
CATCCGTCAGGTCCGT-1,"B_cells,0",B_cells
CATCCGTCATGGTGGA-1,Immune_mixed,Immune_mixed
CATCCGTGTACGTGTT-1,Myeloid,Myeloid
CATCCGTGTATCAAGA-1,Immune_mixed,Immune_mixed
CATCCGTGTCTCTCCA-1,Immune_mixed,Immune_mixed
CATCCGTTCTTACACT-1,Immune_mixed,Immune_mixed
CATCCGTTCTTTGCAT-1,Erythroid,Erythroid
CATCGCTAGGCACCAA-1,Immune_mixed,Immune_mixed
CATCGCTCACGAAGAC-1,"B_cells,0",B_cells
CATCGCTGTTACAGCT-1,Myeloid,Myeloid
CATCGCTGTTCTTGTT-1,Immune_mixed,Immune_mixed
CATCGCTTCGACGCTG-1,Immune_mixed,Immune_mixed
CATCGGGAGAAACCCG-1,Immune_mixed,Immune_mixed
CATCGGGAGCTAATGA-1,Erythroid,Erythroid
CATCGGGAGGCCATAG-1,Erythroid,Erythroid
CATCGGGCAGATCATC-1,Myeloid,Myeloid
CATCGGGCAGCATCTA-1,Myeloid,Myeloid
CATCGGGCAGTCGAGA-1,Immune_mixed,Immune_mixed
CATCGGGGTCTCTCCA-1,"B_cells,0",B_cells
CATCGGGGTGATGAAT-1,Erythroid,Erythroid
CATCGGGGTGGCTAGA-1,Immune_mixed,Immune_mixed
CATCGGGTCACTGCTC-1,"B_cells,0",B_cells
CATCGGGTCGACCATA-1,Erythroid,Erythroid
CATCGGGTCTTAGGAC-1,Immune_mixed,Immune_mixed
CATCGTCAGCACCTGC-1,Erythroid,Erythroid
CATCGTCCAACGATCT-1,Immune_mixed,Immune_mixed
CATCGTCCACTACGGC-1,Immune_mixed,Immune_mixed
CATCGTCCATAAGCGG-1,Myeloid,Myeloid
CATCGTCGTGTGCTTA-1,Immune_mixed,Immune_mixed
CATCGTCGTTAGGCTT-1,Immune_mixed,Immune_mixed
CATCGTCGTTTCTTAC-1,Erythroid,Erythroid
CATCGTCTCAACCCGG-1,Immune_mixed,Immune_mixed
CATCGTCTCGCAATTG-1,Immune_mixed,Immune_mixed
CATGAGTAGCGCCTAC-1,Immune_mixed,Immune_mixed
CATGAGTAGGCATGGT-1,Immune_mixed,Immune_mixed
CATGAGTAGTGCACCC-1,Immune_mixed,Immune_mixed
CATGAGTCAAGGCGTA-1,Erythroid,Erythroid
CATGAGTGTAGCACAG-1,Myeloid,Myeloid
CATGAGTGTTAAGGGC-1,Immune_mixed,Immune_mixed
CATGAGTTCACATCAG-1,Immune_mixed,Immune_mixed
CATGAGTTCATCAGTG-1,Immune_mixed,Immune_mixed
CATGAGTTCCCTTGGT-1,Immune_mixed,Immune_mixed
CATGAGTTCCGCGAGT-1,Immune_mixed,Immune_mixed
CATGAGTTCGAATGCT-1,Immune_mixed,Immune_mixed
CATGCAAAGCTCCCTT-1,Immune_mixed,Immune_mixed
CATGCAAAGTGGAAGA-1,Myeloid,Myeloid
CATGCAAAGTTGTAGA-1,Immune_mixed,Immune_mixed
CATGCAACAAATAGCA-1,Immune_mixed,Immune_mixed
CATGCAACAACGGGTA-1,Immune_mixed,Immune_mixed
CATGCAACACAGACGA-1,Immune_mixed,Immune_mixed
CATGCAAGTAGTTACC-1,Immune_mixed,Immune_mixed
CATGCAAGTTGTTGTG-1,Immune_mixed,Immune_mixed
CATGCAATCCTTTAGT-1,Immune_mixed,Immune_mixed
CATGCCTAGTGATAGT-1,Immune_mixed,Immune_mixed
CATGCCTAGTTTCGAC-1,Erythroid,Erythroid
CATGCCTCACGGCTAC-1,Erythroid,Erythroid
CATGCCTGTAGGGAGG-1,Immune_mixed,Immune_mixed
CATGCCTGTATGAGGC-1,Immune_mixed,Immune_mixed
CATGCCTTCCGAAGGA-1,Immune_mixed,Immune_mixed
CATGCCTTCGACATCA-1,Immune_mixed,Immune_mixed
CATGCGGAGCTGAAGC-1,Myeloid,Myeloid
CATGCGGAGTGCGTCC-1,"B_cells,0",B_cells
CATGCGGCACATATGC-1,Immune_mixed,Immune_mixed
CATGCGGGTAAGATTG-1,Erythroid,Erythroid
CATGCGGGTTATCTTC-1,"B_cells,0",B_cells
CATGCGGTCCGACGGT-1,Immune_mixed,Immune_mixed
CATGCTCAGCGGTAGT-1,Immune_mixed,Immune_mixed
CATGCTCAGGACCCAA-1,Erythroid,Erythroid
CATGCTCCATACCACA-1,Immune_mixed,Immune_mixed
CATGCTCGTGTGTCGC-1,Erythroid,Erythroid
CATGCTCGTTCAGCGC-1,Erythroid,Erythroid
CATGCTCGTTTAAGGA-1,"B_cells,0",B_cells
CATGCTCTCACTACTT-1,Immune_mixed,Immune_mixed
CATGCTCTCGGTCGGT-1,Immune_mixed,Immune_mixed
CATGGATCAAGAAACT-1,Immune_mixed,Immune_mixed
CATGGATCATTGACCA-1,Immune_mixed,Immune_mixed
CATGGATGTGAGGCAT-1,Immune_mixed,Immune_mixed
CATGGTAAGTCGCGAA-1,Immune_mixed,Immune_mixed
CATGGTACACAACGTT-1,Immune_mixed,Immune_mixed
CATGGTACACCTCGTT-1,Erythroid,Erythroid
CATGGTAGTACGGCAA-1,Immune_mixed,Immune_mixed
CATGGTATCGGTCGAC-1,Immune_mixed,Immune_mixed
CATTCATAGACATGCG-1,Immune_mixed,Immune_mixed
CATTCATAGGCTCACC-1,"B_cells,0",B_cells
CATTCATGTCATACCA-1,Immune_mixed,Immune_mixed
CATTCATGTCCTTAAG-1,Immune_mixed,Immune_mixed
CATTCATGTGCCGGTT-1,Erythroid,Erythroid
CATTCATGTGCCGTTG-1,Immune_mixed,Immune_mixed
CATTCATTCTTTCCAA-1,Immune_mixed,Immune_mixed
CATTCATTCTTTCTAG-1,Erythroid,Erythroid
CATTCCGAGCAGGCTA-1,Immune_mixed,Immune_mixed
CATTCCGAGGAGTATT-1,Myeloid,Myeloid
CATTCCGAGTATAACG-1,Erythroid,Erythroid
CATTCCGCAACACAAA-1,Immune_mixed,Immune_mixed
CATTCCGCAAGTGGGT-1,Immune_mixed,Immune_mixed
CATTCCGCACCTGATA-1,Myeloid,Myeloid
CATTCCGCATGACTCA-1,"B_cells,1",B_cells
CATTCCGGTAAGACCG-1,Immune_mixed,Immune_mixed
CATTCCGGTGCATCTA-1,Immune_mixed,Immune_mixed
CATTCCGGTGCATGAG-1,Immune_mixed,Immune_mixed
CATTCCGTCCATGAGT-1,Erythroid,Erythroid
CATTCCGTCGAGATGG-1,"B_cells,0",B_cells
CATTCCGTCGAGCCTG-1,Immune_mixed,Immune_mixed
CATTCCGTCTGATGGT-1,Erythroid,Erythroid
CATTCTAAGACGGAAA-1,"B_cells,0",B_cells
CATTCTAAGGTCCGAA-1,"B_cells,0",B_cells
CATTCTAAGTCGGCAA-1,Myeloid,Myeloid
CATTCTACATAGTCGT-1,"B_cells,0",B_cells
CATTCTACATGGGAAC-1,Myeloid,Myeloid
CATTCTAGTCACTCAA-1,Immune_mixed,Immune_mixed
CATTCTAGTCGTTCAA-1,Erythroid,Erythroid
CATTCTATCAAACGAA-1,Immune_mixed,Immune_mixed
CATTCTATCAGCCTCT-1,Immune_mixed,Immune_mixed
CATTCTATCTGAGGTT-1,"B_cells,0",B_cells
CATTGAGAGCACAAAT-1,Myeloid,Myeloid
CATTGAGAGCTAGAAT-1,Erythroid,Erythroid
CATTGAGAGGTGATAT-1,Erythroid,Erythroid
CATTGAGCATGTAACC-1,Immune_mixed,Immune_mixed
CATTGAGGTAAGGTCG-1,Immune_mixed,Immune_mixed
CATTGAGGTCGCACAC-1,Immune_mixed,Immune_mixed
CATTGAGGTGAACGGT-1,Erythroid,Erythroid
CATTGAGGTTGAATCC-1,Immune_mixed,Immune_mixed
CATTGAGGTTTGGGTT-1,Myeloid,Myeloid
CATTGAGTCCTCTAAT-1,"B_cells,0",B_cells
CATTGCCAGAGCCATG-1,Immune_mixed,Immune_mixed
CATTGCCAGAGTGACC-1,Immune_mixed,Immune_mixed
CATTGCCAGCGTCTGC-1,Immune_mixed,Immune_mixed
CATTGCCAGGTGAGAA-1,Immune_mixed,Immune_mixed
CATTGCCGTAAGATAC-1,Immune_mixed,Immune_mixed
CATTGCCGTAGGCTGA-1,Immune_mixed,Immune_mixed
CATTGCCGTAGGTAGC-1,Immune_mixed,Immune_mixed
CATTGCCGTGAATATG-1,Immune_mixed,Immune_mixed
CATTGCCGTGCGAGTA-1,Erythroid,Erythroid
CATTGCCTCCATGAGT-1,Immune_mixed,Immune_mixed
CATTGTTCAATGTCTG-1,Immune_mixed,Immune_mixed
CATTGTTGTTCCTTGC-1,Immune_mixed,Immune_mixed
CATTGTTTCCATTTGT-1,Immune_mixed,Immune_mixed
CATTGTTTCGATACTG-1,"B_cells,0",B_cells
CATTGTTTCGCTGATA-1,Immune_mixed,Immune_mixed
CATTGTTTCTCGGGAC-1,Immune_mixed,Immune_mixed
CATTGTTTCTCGTCAC-1,"B_cells,0",B_cells
CATTTCAAGCCTTTGA-1,Immune_mixed,Immune_mixed
CATTTCAAGCTTAAGA-1,Erythroid,Erythroid
CATTTCACAATGAAAC-1,Immune_mixed,Immune_mixed
CATTTCACAGTAACGG-1,Immune_mixed,Immune_mixed
CATTTCAGTCATGCAT-1,Erythroid,Erythroid
CATTTCAGTGGTAACG-1,Immune_mixed,Immune_mixed
CATTTCAGTTGAATCC-1,Immune_mixed,Immune_mixed
CATTTCAGTTTCACTT-1,Immune_mixed,Immune_mixed
CATTTCATCACGGACC-1,Erythroid,Erythroid
CATTTCATCAGACTGT-1,Erythroid,Erythroid
CATTTCATCCACGTGG-1,"B_cells,0",B_cells
CATTTCATCCCTCGTA-1,"B_cells,0",B_cells
CATTTCATCTTCCACG-1,Immune_mixed,Immune_mixed
CCAAGCGAGCGCCTCA-1,Myeloid,Myeloid
CCAAGCGAGGCATTTC-1,Erythroid,Erythroid
CCAAGCGAGGTCACAG-1,Erythroid,Erythroid
CCAAGCGCAAGTCCAT-1,Myeloid,Myeloid
CCAAGCGCAGCTGAAG-1,"B_cells,0",B_cells
CCAAGCGGTCTAGGCC-1,Myeloid,Myeloid
CCAAGCGTCCTGTAAG-1,Immune_mixed,Immune_mixed
CCAAGCGTCGCTTTAT-1,Myeloid,Myeloid
CCAATGAAGAAGTCCG-1,Immune_mixed,Immune_mixed
CCAATGAAGAGCCCAA-1,Immune_mixed,Immune_mixed
CCAATGAAGCGAGAAA-1,"B_cells,0",B_cells
CCAATGAAGGCCTAGA-1,"B_cells,0",B_cells
CCAATGAAGTGACCTT-1,"B_cells,1",B_cells
CCAATGAAGTTAGTAG-1,Erythroid,Erythroid
CCAATGAGTAGTTACC-1,Immune_mixed,Immune_mixed
CCAATGATCTTCGACC-1,Immune_mixed,Immune_mixed
CCAATTTAGTCATCCA-1,Erythroid,Erythroid
CCAATTTCAATCAGCT-1,Immune_mixed,Immune_mixed
CCAATTTGTCCAGCCA-1,Immune_mixed,Immune_mixed
CCAATTTGTCCTGTTC-1,"B_cells,0",B_cells
CCAATTTGTTGGATCT-1,"B_cells,0",B_cells
CCAATTTTCACCGGGT-1,Myeloid,Myeloid
CCAATTTTCCTTACCG-1,Erythroid,Erythroid
CCAATTTTCGAAGTGG-1,Immune_mixed,Immune_mixed
CCAATTTTCTGCTAGA-1,Erythroid,Erythroid
CCAATTTTCTGGAAGG-1,Immune_mixed,Immune_mixed
CCAATTTTCTGGGATT-1,"B_cells,0",B_cells
CCACAAAAGATAGCTA-1,Erythroid,Erythroid
CCACAAAAGTCAGGGT-1,Myeloid,Myeloid
CCACAAACACTAGAGG-1,Immune_mixed,Immune_mixed
CCACAAACATTGCCTC-1,Myeloid,Myeloid
CCACAAATCACCTACC-1,Immune_mixed,Immune_mixed
CCACAAATCAGGCGAA-1,Immune_mixed,Immune_mixed
CCACAAATCGGAAGGT-1,Erythroid,Erythroid
CCACACTAGTATAGAC-1,"B_cells,0",B_cells
CCACACTCAGTTTCAG-1,Immune_mixed,Immune_mixed
CCACACTCATGAAAGT-1,Myeloid,Myeloid
CCACACTGTGCGGCTT-1,Immune_mixed,Immune_mixed
CCACACTGTTTCGTAG-1,Immune_mixed,Immune_mixed
CCACACTTCTTCGGTC-1,Immune_mixed,Immune_mixed
CCACCATAGCTAGCCC-1,Erythroid,Erythroid
CCACCATAGTGCAGGT-1,Immune_mixed,Immune_mixed
CCACCATCAAGGTCGA-1,Immune_mixed,Immune_mixed
CCACCATCACGCGTCA-1,Myeloid,Myeloid
CCACCATCAGAGGAAA-1,Erythroid,Erythroid
CCACCATCAGTCTTCC-1,"B_cells,0",B_cells
CCACCATGTATCTTCT-1,Myeloid,Myeloid
CCACCATGTCCAGCAC-1,"B_cells,0",B_cells
CCACCATGTGACAGGT-1,Immune_mixed,Immune_mixed
CCACCATGTGATAGAT-1,Immune_mixed,Immune_mixed
CCACCATGTTGCATTG-1,Erythroid,Erythroid
CCACCATTCTCCCAAC-1,Immune_mixed,Immune_mixed
CCACGAGAGATAGTCA-1,Myeloid,Myeloid
CCACGAGAGCGCCGTT-1,Immune_mixed,Immune_mixed
CCACGAGAGGCTTAAA-1,Immune_mixed,Immune_mixed
CCACGAGAGTGACACG-1,Myeloid,Myeloid
CCACGAGCAACCGTGC-1,Immune_mixed,Immune_mixed
CCACGAGCACACCAGC-1,Immune_mixed,Immune_mixed
CCACGAGCACTGTTCC-1,Erythroid,Erythroid
CCACGAGCAGCGCGTT-1,Erythroid,Erythroid
CCACGAGCATGGGCAA-1,Immune_mixed,Immune_mixed
CCACGAGGTAGTGTGG-1,Immune_mixed,Immune_mixed
CCACGAGGTCTTGCTC-1,Immune_mixed,Immune_mixed
CCACGAGTCAACACCA-1,Immune_mixed,Immune_mixed
CCACGAGTCTCGCTTG-1,Immune_mixed,Immune_mixed
CCACGTTCAACAGCCC-1,Immune_mixed,Immune_mixed
CCACGTTCAAGACCGA-1,Myeloid,Myeloid
CCACGTTCATCGGTTA-1,Myeloid,Myeloid
CCACGTTGTGCACGCT-1,Erythroid,Erythroid
CCACGTTTCGTCGCTT-1,Immune_mixed,Immune_mixed
CCACGTTTCGTCTCAC-1,Immune_mixed,Immune_mixed
CCACGTTTCTTAATCC-1,Immune_mixed,Immune_mixed
CCACTTGAGCATTTGC-1,Myeloid,Myeloid
CCACTTGCAACCACAT-1,Erythroid,Erythroid
CCACTTGCATGTGTCA-1,Myeloid,Myeloid
CCACTTGGTCCAATCA-1,Erythroid,Erythroid
CCACTTGTCCACACCT-1,Immune_mixed,Immune_mixed
CCACTTGTCCTTCTGG-1,Immune_mixed,Immune_mixed
CCATAAGCAAACTAGA-1,"B_cells,0",B_cells
CCATAAGCAAGACGAC-1,Immune_mixed,Immune_mixed
CCATAAGCACTTCTCG-1,"B_cells,0",B_cells
CCATAAGCATTGAGCT-1,Erythroid,Erythroid
CCATAAGGTCAGTCTA-1,Immune_mixed,Immune_mixed
CCATAAGTCGTGAGAG-1,Immune_mixed,Immune_mixed
CCATAAGTCGTGGGTC-1,Erythroid,Erythroid
CCATCACAGAGTTGCG-1,"B_cells,0",B_cells
CCATCACCACCCTTGT-1,Myeloid,Myeloid
CCATCACCATGATAGA-1,Immune_mixed,Immune_mixed
CCATCACTCAAGTCTG-1,Immune_mixed,Immune_mixed
CCATCACTCACGTCCT-1,Immune_mixed,Immune_mixed
CCATCACTCGATGCAT-1,Erythroid,Erythroid
CCATCACTCGTTATCT-1,Erythroid,Erythroid
CCATCACTCTACCAGA-1,Erythroid,Erythroid
CCCAACTAGACTTAAG-1,Immune_mixed,Immune_mixed
CCCAACTAGAGTCTTC-1,Immune_mixed,Immune_mixed
CCCAACTAGGCTATCT-1,Immune_mixed,Immune_mixed
CCCAACTAGTCACAGG-1,"B_cells,0",B_cells
CCCAACTAGTCTGCAT-1,Immune_mixed,Immune_mixed
CCCAACTCACAGCCTG-1,Erythroid,Erythroid
CCCAACTCAGACACAG-1,Erythroid,Erythroid
CCCAACTCAGCTTCCT-1,Erythroid,Erythroid
CCCAACTCAGGTTACT-1,Erythroid,Erythroid
CCCAACTTCTACTTCA-1,Immune_mixed,Immune_mixed
CCCAACTTCTGAACGT-1,Immune_mixed,Immune_mixed
CCCAACTTCTGGGTCG-1,Immune_mixed,Immune_mixed
CCCATTGAGTTGGGAC-1,Immune_mixed,Immune_mixed
CCCATTGCAAATGAAC-1,Immune_mixed,Immune_mixed
CCCATTGCAACAAGAT-1,Immune_mixed,Immune_mixed
CCCATTGCACACGTGC-1,Immune_mixed,Immune_mixed
CCCATTGCAGAAGTGC-1,"B_cells,0",B_cells
CCCATTGCATGGGAAC-1,Immune_mixed,Immune_mixed
CCCATTGGTAGGTCAG-1,Erythroid,Erythroid
CCCATTGGTATGGTAA-1,Myeloid,Myeloid
CCCATTGGTCAGATTC-1,Immune_mixed,Immune_mixed
CCCATTGTCCAATCTT-1,"B_cells,0",B_cells
CCCATTGTCTAACACG-1,Immune_mixed,Immune_mixed
CCCGAAGAGGCATGCA-1,Myeloid,Myeloid
CCCGAAGCACAAGCAG-1,Immune_mixed,Immune_mixed
CCCGAAGCATAACGGG-1,"B_cells,0",B_cells
CCCGAAGGTCACTGAT-1,"B_cells,1",B_cells
CCCGAAGGTGGTATGG-1,Immune_mixed,Immune_mixed
CCCGAAGGTTGTGTAC-1,"B_cells,0",B_cells
CCCGAAGTCATTTGGG-1,Immune_mixed,Immune_mixed
CCCGAAGTCCATGCAA-1,Immune_mixed,Immune_mixed
CCCGAAGTCGTGGTAT-1,Immune_mixed,Immune_mixed
CCCGGAAAGACATCAA-1,Immune_mixed,Immune_mixed
CCCGGAAAGACCTCCG-1,Immune_mixed,Immune_mixed
CCCGGAAAGGGCAATC-1,Immune_mixed,Immune_mixed
CCCGGAAAGTAAACTG-1,Immune_mixed,Immune_mixed
CCCGGAACACGTTCGG-1,Immune_mixed,Immune_mixed
CCCGGAACACTTCCTG-1,Immune_mixed,Immune_mixed
CCCGGAACATGAGGGT-1,Immune_mixed,Immune_mixed
CCCGGAAGTACGGCAA-1,Immune_mixed,Immune_mixed
CCCGGAAGTGTCTCCT-1,Immune_mixed,Immune_mixed
CCCGGAATCAAATGCC-1,Myeloid,Myeloid
CCCGGAATCAACACCA-1,Immune_mixed,Immune_mixed
CCCGGAATCAACTGAC-1,Erythroid,Erythroid
CCCGGAATCCTAAGTG-1,Myeloid,Myeloid
CCCGGAATCGCCAGTG-1,Immune_mixed,Immune_mixed
CCCGGAATCGGCTGGT-1,Immune_mixed,Immune_mixed
CCCGGAATCTGCGGCA-1,Immune_mixed,Immune_mixed
CCCTAACAGGCAGGTT-1,Erythroid,Erythroid
CCCTAACAGGGCAGAG-1,Myeloid,Myeloid
CCCTAACCAAACTAGA-1,Immune_mixed,Immune_mixed
CCCTAACCAAATGATG-1,Myeloid,Myeloid
CCCTAACGTCATCCGG-1,Erythroid,Erythroid
CCCTAACGTCGAATGG-1,Immune_mixed,Immune_mixed
CCCTAACGTTGACTGT-1,Immune_mixed,Immune_mixed
CCCTAACTCAACGAGG-1,Immune_mixed,Immune_mixed
CCCTAACTCTGGGCAC-1,Immune_mixed,Immune_mixed
CCCTCAAAGAAAGTCT-1,Immune_mixed,Immune_mixed
CCCTCAAAGAACCCGA-1,Immune_mixed,Immune_mixed
CCCTCAAAGATCCGAG-1,Erythroid,Erythroid
CCCTCAAAGCCTGTGC-1,Immune_mixed,Immune_mixed
CCCTCAAAGGATGTTA-1,Erythroid,Erythroid
CCCTCAAAGGGCGAGA-1,Myeloid,Myeloid
CCCTCAAAGTGGCGAT-1,Erythroid,Erythroid
CCCTCAACAGAACTAA-1,Immune_mixed,Immune_mixed
CCCTCAACAGCTCCTT-1,Myeloid,Myeloid
CCCTCAACATCATTGG-1,Immune_mixed,Immune_mixed
CCCTCAATCCTGTTGC-1,Immune_mixed,Immune_mixed
CCCTCAATCGGTCTGG-1,Immune_mixed,Immune_mixed
CCCTCTCAGAGGTCGT-1,Immune_mixed,Immune_mixed
CCCTCTCAGTCGGGAT-1,"B_cells,0",B_cells
CCCTCTCCAAACTGCT-1,"B_cells,0",B_cells
CCCTCTCCAATCTGCA-1,Erythroid,Erythroid
CCCTCTCCACGCAAAG-1,Erythroid,Erythroid
CCCTCTCCAGTCTTCC-1,Immune_mixed,Immune_mixed
CCCTCTCGTATCCCAA-1,Immune_mixed,Immune_mixed
CCCTCTCGTCTTTCAT-1,Immune_mixed,Immune_mixed
CCCTCTCTCACTGTTT-1,Myeloid,Myeloid
CCCTCTCTCCCGAGGT-1,Erythroid,Erythroid
CCCTCTCTCGCCATAA-1,Erythroid,Erythroid
CCCTGATAGATCACTC-1,Myeloid,Myeloid
CCCTGATCAACTCCCT-1,Immune_mixed,Immune_mixed
CCCTGATCACGACGTC-1,Immune_mixed,Immune_mixed
CCCTGATCATCGGAGA-1,Immune_mixed,Immune_mixed
CCCTGATGTAGGCTCC-1,Immune_mixed,Immune_mixed
CCCTGATGTGGCTTGC-1,Immune_mixed,Immune_mixed
CCCTGATTCAATGTCG-1,Erythroid,Erythroid
CCCTGATTCCGTCACT-1,Immune_mixed,Immune_mixed
CCCTGATTCGTAACTG-1,Immune_mixed,Immune_mixed
CCCTGATTCTCCCAAC-1,Immune_mixed,Immune_mixed
CCCTGATTCTGTCCCA-1,Erythroid,Erythroid
CCCTTAGCACGGCGTT-1,Immune_mixed,Immune_mixed
CCCTTAGCAGTATACC-1,"B_cells,0",B_cells
CCCTTAGGTCGTAATC-1,Immune_mixed,Immune_mixed
CCCTTAGGTGGACAGT-1,Myeloid,Myeloid
CCCTTAGTCATGTCTT-1,Immune_mixed,Immune_mixed
CCGAACGAGATAGTGT-1,Immune_mixed,Immune_mixed
CCGAACGAGATGTTAG-1,Immune_mixed,Immune_mixed
CCGAACGAGTATGGAT-1,Immune_mixed,Immune_mixed
CCGAACGCACGCGCTA-1,Immune_mixed,Immune_mixed
CCGAACGCATTCGGGC-1,Myeloid,Myeloid
CCGAACGGTCGCTCGA-1,Erythroid,Erythroid
CCGAACGGTGGCTTGC-1,Erythroid,Erythroid
CCGAACGTCGACACCG-1,Myeloid,Myeloid
CCGAACGTCTGGACTA-1,"B_cells,0",B_cells
CCGATCTCAAAGGCTG-1,Immune_mixed,Immune_mixed
CCGATCTCACTAAACC-1,Erythroid,Erythroid
CCGATCTCATAACGGG-1,Myeloid,Myeloid
CCGATCTGTATGAGGC-1,Myeloid,Myeloid
CCGATCTGTCAAGGCA-1,Myeloid,Myeloid
CCGATCTGTCGTGTTA-1,"B_cells,0",B_cells
CCGATCTGTGTTTGCA-1,"B_cells,0",B_cells
CCGATCTGTTTCCATT-1,Erythroid,Erythroid
CCGATCTTCCTGTTGC-1,Immune_mixed,Immune_mixed
CCGATCTTCGACGAGA-1,"B_cells,0",B_cells
CCGATCTTCGAGATAA-1,Immune_mixed,Immune_mixed
CCGATCTTCTAAGGAA-1,"B_cells,0",B_cells
CCGATGGAGAGAGAAC-1,Myeloid,Myeloid
CCGATGGAGGTAGCCA-1,Erythroid,Erythroid
CCGATGGCAAAGGGCT-1,Immune_mixed,Immune_mixed
CCGATGGCACGTGTGC-1,Myeloid,Myeloid
CCGATGGCAGAGTTGG-1,"B_cells,0",B_cells
CCGATGGCAGTCTACA-1,Immune_mixed,Immune_mixed
CCGATGGGTCAGTCCG-1,"B_cells,0",B_cells
CCGATGGGTGACTAAA-1,"B_cells,0",B_cells
CCGATGGGTTCGAAGG-1,"B_cells,0",B_cells
CCGATGGGTTTACGAC-1,Immune_mixed,Immune_mixed
CCGATGGTCCATGATG-1,"B_cells,0",B_cells
CCGATGGTCCGAACGC-1,Immune_mixed,Immune_mixed
CCGATGGTCGAGATAA-1,Erythroid,Erythroid
CCGCAAGCAGTTCACA-1,Myeloid,Myeloid
CCGCAAGGTAGCTGCC-1,"B_cells,0",B_cells
CCGCAAGGTCAGCGTC-1,Immune_mixed,Immune_mixed
CCGCAAGGTCGGCACT-1,Immune_mixed,Immune_mixed
CCGCAAGGTGTGACCC-1,Erythroid,Erythroid
CCGCAAGTCAGGAGAC-1,Erythroid,Erythroid
CCGCAAGTCCAGTGTA-1,Erythroid,Erythroid
CCGCAAGTCCTATGGA-1,Immune_mixed,Immune_mixed
CCGCAAGTCGAGATAA-1,Erythroid,Erythroid
CCGGACAAGAAGGATG-1,Immune_mixed,Immune_mixed
CCGGACAAGCACCCAC-1,"B_cells,0",B_cells
CCGGACAAGCTTCGTA-1,Immune_mixed,Immune_mixed
CCGGACACAAGACAAT-1,Immune_mixed,Immune_mixed
CCGGACACAGAAGCTG-1,Myeloid,Myeloid
CCGGACACATGAATCC-1,Immune_mixed,Immune_mixed
CCGGACAGTCGGTGAA-1,Immune_mixed,Immune_mixed
CCGGACATCGAGATAA-1,"B_cells,0",B_cells
CCGGACATCGTACACA-1,Immune_mixed,Immune_mixed
CCGGACATCGTACCTC-1,"B_cells,0",B_cells
CCGGGTAAGATGGCAC-1,Erythroid,Erythroid
CCGGGTAAGCATCGAG-1,"B_cells,0",B_cells
CCGGGTAAGCCAAGTG-1,Immune_mixed,Immune_mixed
CCGGGTAAGGTCGTCC-1,Erythroid,Erythroid
CCGGGTAAGTGCACCC-1,Immune_mixed,Immune_mixed
CCGGGTACATCGCTCT-1,Immune_mixed,Immune_mixed
CCGGGTAGTCCCACGA-1,Immune_mixed,Immune_mixed
CCGGGTAGTCCCGCAA-1,Immune_mixed,Immune_mixed
CCGGGTAGTTCTCCTG-1,Erythroid,Erythroid
CCGGGTAGTTGCTTGA-1,Erythroid,Erythroid
CCGGGTATCATACGAC-1,Immune_mixed,Immune_mixed
CCGGGTATCGGCACTG-1,Erythroid,Erythroid
CCGGTAGAGTAAGACT-1,Erythroid,Erythroid
CCGGTAGCACAAATAG-1,Immune_mixed,Immune_mixed
CCGGTAGCAGGAATAT-1,Immune_mixed,Immune_mixed
CCGGTAGCATTGACAC-1,Immune_mixed,Immune_mixed
CCGGTAGGTGACATCT-1,"B_cells,0",B_cells
CCGGTAGGTGCATACT-1,Immune_mixed,Immune_mixed
CCGGTAGGTTGGGCCT-1,Immune_mixed,Immune_mixed
CCGGTAGTCATGCAGT-1,"B_cells,0",B_cells
CCGGTAGTCGCAACAT-1,Myeloid,Myeloid
CCGGTAGTCGCTTGAA-1,"B_cells,0",B_cells
CCGGTGAAGATTGGGC-1,Myeloid,Myeloid
CCGGTGACACTTCAGA-1,Immune_mixed,Immune_mixed
CCGGTGACAGCATCTA-1,"B_cells,0",B_cells
CCGGTGAGTATGCAAA-1,Erythroid,Erythroid
CCGGTGAGTGGATTTC-1,"B_cells,0",B_cells
CCGGTGATCAGCGGAA-1,Immune_mixed,Immune_mixed
CCGGTGATCATTCACT-1,"B_cells,0",B_cells
CCGGTGATCGGATACT-1,Immune_mixed,Immune_mixed
CCGGTGATCGTTGTGA-1,Erythroid,Erythroid
CCGTAGGAGGGACCAT-1,Erythroid,Erythroid
CCGTAGGAGTGACCTT-1,Immune_mixed,Immune_mixed
CCGTAGGCAAGATGGC-1,Erythroid,Erythroid
CCGTAGGCAATAAGGT-1,Immune_mixed,Immune_mixed
CCGTAGGCAATAGTGA-1,"B_cells,0",B_cells
CCGTAGGCACATACTG-1,Immune_mixed,Immune_mixed
CCGTAGGCATGGCCCA-1,Erythroid,Erythroid
CCGTAGGGTAGTCCTA-1,Erythroid,Erythroid
CCGTAGGGTATTTCTC-1,"B_cells,0",B_cells
CCGTAGGGTCTAACTG-1,Immune_mixed,Immune_mixed
CCGTAGGGTTAAACAG-1,Immune_mixed,Immune_mixed
CCGTAGGTCTATTTCG-1,Immune_mixed,Immune_mixed
CCGTAGGTCTCCGCAT-1,Immune_mixed,Immune_mixed
CCGTGAGAGCAGGCTA-1,Immune_mixed,Immune_mixed
CCGTGAGAGTCCTGCG-1,Immune_mixed,Immune_mixed
CCGTGAGCAAATCGGG-1,"B_cells,0",B_cells
CCGTGAGCAACGACAG-1,Immune_mixed,Immune_mixed
CCGTGAGCACTAACGT-1,Immune_mixed,Immune_mixed
CCGTGAGCATGACACT-1,Erythroid,Erythroid
CCGTGAGGTAACAGTA-1,Erythroid,Erythroid
CCGTGAGGTAGTCGGA-1,Immune_mixed,Immune_mixed
CCGTGAGGTCCACTCT-1,Immune_mixed,Immune_mixed
CCGTGAGGTCCTTTGC-1,Immune_mixed,Immune_mixed
CCGTGAGGTTAAGACA-1,"B_cells,0",B_cells
CCGTGAGGTTTGCCGG-1,Immune_mixed,Immune_mixed
CCGTGAGTCAAGCGTT-1,Immune_mixed,Immune_mixed
CCGTTCAAGCCGCACT-1,Myeloid,Myeloid
CCGTTCACAAGCGAGT-1,Immune_mixed,Immune_mixed
CCGTTCACAGCTGTCG-1,Immune_mixed,Immune_mixed
CCGTTCAGTGAGTAGC-1,Immune_mixed,Immune_mixed
CCGTTCATCGTGGACC-1,Myeloid,Myeloid
CCGTTCATCTAACGGT-1,Immune_mixed,Immune_mixed
CCTAACCAGAATCGTA-1,"B_cells,0",B_cells
CCTAACCAGATGGTAT-1,Immune_mixed,Immune_mixed
CCTAACCAGGGATCGT-1,Immune_mixed,Immune_mixed
CCTAACCAGGGTTGCA-1,Immune_mixed,Immune_mixed
CCTAACCCATGTGGCC-1,Immune_mixed,Immune_mixed
CCTAACCGTCGTATGT-1,Immune_mixed,Immune_mixed
CCTAACCGTTGTATGC-1,Immune_mixed,Immune_mixed
CCTAACCTCACCCTGT-1,Myeloid,Myeloid
CCTAACCTCACTAGCA-1,"B_cells,1",B_cells
CCTAACCTCAGCTAGT-1,"B_cells,0",B_cells
CCTAACCTCCATAGGT-1,Immune_mixed,Immune_mixed
CCTAACCTCCCTCTTT-1,Immune_mixed,Immune_mixed
CCTAACCTCCTACTGC-1,"B_cells,0",B_cells
CCTAACCTCCTTATCA-1,"B_cells,0",B_cells
CCTAACCTCGGTCAGC-1,Myeloid,Myeloid
CCTAAGAAGGACTATA-1,Myeloid,Myeloid
CCTAAGACACAGTGTT-1,Erythroid,Erythroid
CCTAAGACACTAACCA-1,Immune_mixed,Immune_mixed
CCTAAGAGTACCAGAG-1,Immune_mixed,Immune_mixed
CCTAAGAGTACCTATG-1,Immune_mixed,Immune_mixed
CCTAAGAGTGTTAACC-1,Erythroid,Erythroid
CCTAAGATCCATTGGA-1,Immune_mixed,Immune_mixed
CCTAAGATCCCTCGAT-1,Immune_mixed,Immune_mixed
CCTACGTAGCTGACTT-1,Immune_mixed,Immune_mixed
CCTACGTCACATGTTG-1,Immune_mixed,Immune_mixed
CCTACGTCACGGTGAA-1,"B_cells,0",B_cells
CCTACGTCAGCACAGA-1,Myeloid,Myeloid
CCTACGTGTACAAAGT-1,Immune_mixed,Immune_mixed
CCTACGTGTACTTCCC-1,Immune_mixed,Immune_mixed
CCTACGTGTGGAACCA-1,Immune_mixed,Immune_mixed
CCTACGTTCACGGAGA-1,"B_cells,0",B_cells
CCTACGTTCATGAGTC-1,Erythroid,Erythroid
CCTACGTTCGGCTTGG-1,"B_cells,0",B_cells
CCTATCGAGCGAAACC-1,Immune_mixed,Immune_mixed
CCTATCGAGGGCCCTT-1,"B_cells,0",B_cells
CCTATCGAGTGACACG-1,Erythroid,Erythroid
CCTATCGCAAGAAATC-1,Erythroid,Erythroid
CCTATCGCACGCCAGT-1,Immune_mixed,Immune_mixed
CCTATCGCACTAAACC-1,Myeloid,Myeloid
CCTATCGCACTGCGAC-1,Myeloid,Myeloid
CCTATCGCAGTCGCAC-1,Immune_mixed,Immune_mixed
CCTATCGTCAACTGGT-1,Immune_mixed,Immune_mixed
CCTATCGTCTCAACGA-1,Immune_mixed,Immune_mixed
CCTCAACAGGCGCTCT-1,Immune_mixed,Immune_mixed
CCTCAACAGGGCAAGG-1,"B_cells,0",B_cells
CCTCAACCACGACAGA-1,Erythroid,Erythroid
CCTCAACCACTACCCT-1,Myeloid,Myeloid
CCTCAACCAGCGCTTG-1,Myeloid,Myeloid
CCTCAACGTCCACGCA-1,Myeloid,Myeloid
CCTCAACTCAGCTTCC-1,Myeloid,Myeloid
CCTCAACTCCGGTAGC-1,"B_cells,0",B_cells
CCTCACAAGAATACAC-1,Immune_mixed,Immune_mixed
CCTCACAAGACGCCAA-1,Immune_mixed,Immune_mixed
CCTCACAAGAGCCGTA-1,Myeloid,Myeloid
CCTCACAAGGTAGTAT-1,Immune_mixed,Immune_mixed
CCTCACACAACCGATT-1,Immune_mixed,Immune_mixed
CCTCACAGTTGGCCGT-1,Immune_mixed,Immune_mixed
CCTCACATCCAAGCCG-1,Immune_mixed,Immune_mixed
CCTCACATCCCACAGG-1,"B_cells,1",B_cells
CCTCACATCCCAGCGA-1,Immune_mixed,Immune_mixed
CCTCACATCTGCGATA-1,Immune_mixed,Immune_mixed
CCTCAGTAGATTAGAC-1,Immune_mixed,Immune_mixed
CCTCAGTAGCTGAAAT-1,"B_cells,0",B_cells
CCTCAGTAGTTCATGC-1,"B_cells,0",B_cells
CCTCAGTCACACTTAG-1,Immune_mixed,Immune_mixed
CCTCAGTCATTCTCCG-1,Immune_mixed,Immune_mixed
CCTCAGTGTTATCTGG-1,"B_cells,0",B_cells
CCTCAGTTCGCTGTCT-1,"B_cells,0",B_cells
CCTCATGAGACCTGGA-1,Immune_mixed,Immune_mixed
CCTCATGAGGACAAGA-1,"B_cells,0",B_cells
CCTCATGCAAGCTCTA-1,Immune_mixed,Immune_mixed
CCTCATGCACCACATA-1,"B_cells,0",B_cells
CCTCATGCAGGGATAC-1,Immune_mixed,Immune_mixed
CCTCATGGTAACTAAG-1,Myeloid,Myeloid
CCTCATGGTACTGCCG-1,"B_cells,0",B_cells
CCTCATGGTACTGCGC-1,Immune_mixed,Immune_mixed
CCTCATGGTGGTTTAC-1,Erythroid,Erythroid
CCTCATGGTGTGATGG-1,Immune_mixed,Immune_mixed
CCTCATGTCCCAAGCG-1,Myeloid,Myeloid
CCTCATGTCCGATTAG-1,Erythroid,Erythroid
CCTCATGTCGAGTGAG-1,Immune_mixed,Immune_mixed
CCTCATGTCGCATTAG-1,Immune_mixed,Immune_mixed
CCTCCAAAGCAATTCC-1,Erythroid,Erythroid
CCTCCAACAAGCTGTT-1,Immune_mixed,Immune_mixed
CCTCCAACAATCTGCA-1,Immune_mixed,Immune_mixed
CCTCCAACAGGTTCGC-1,Erythroid,Erythroid
CCTCCAACATGTTCAG-1,Immune_mixed,Immune_mixed
CCTCCAAGTACCGTCG-1,Myeloid,Myeloid
CCTCCAAGTACGCTAT-1,Erythroid,Erythroid
CCTCCAAGTAGGAGTC-1,Immune_mixed,Immune_mixed
CCTCCAAGTCCCACGA-1,Immune_mixed,Immune_mixed
CCTCCAATCACAAGGG-1,Immune_mixed,Immune_mixed
CCTCCAATCAGTCCGG-1,Immune_mixed,Immune_mixed
CCTCCAATCGCAGTTA-1,Immune_mixed,Immune_mixed
CCTCCAATCGCGTCGA-1,"B_cells,0",B_cells
CCTCCAATCGGCTGGT-1,Immune_mixed,Immune_mixed
CCTCCAATCGGCTGTG-1,"B_cells,0",B_cells
CCTCCTCAGAGTGTTA-1,Immune_mixed,Immune_mixed
CCTCCTCAGGAGGCAG-1,Erythroid,Erythroid
CCTCCTCAGTCCCAAT-1,Immune_mixed,Immune_mixed
CCTCCTCCAACTAGAA-1,Immune_mixed,Immune_mixed
CCTCCTCCATAGCTGT-1,Erythroid,Erythroid
CCTCCTCGTAGGCAGT-1,Immune_mixed,Immune_mixed
CCTCCTCGTCAGTCTA-1,"B_cells,0",B_cells
CCTCCTCGTCCGACGT-1,Immune_mixed,Immune_mixed
CCTCCTCTCAACCGAT-1,"B_cells,0",B_cells
CCTCCTCTCAGTCTTT-1,Immune_mixed,Immune_mixed
CCTCCTCTCTCGAGTA-1,Immune_mixed,Immune_mixed
CCTCTAGAGCGACCCT-1,Myeloid,Myeloid
CCTCTAGAGGAACTCG-1,Myeloid,Myeloid
CCTCTAGAGTAAGCAT-1,"B_cells,0",B_cells
CCTCTAGCAACAGATA-1,Immune_mixed,Immune_mixed
CCTCTAGCACGCCACA-1,Erythroid,Erythroid
CCTCTAGCAGAACCGA-1,Erythroid,Erythroid
CCTCTAGCAGCGTAGA-1,Immune_mixed,Immune_mixed
CCTCTAGCATTATGCG-1,Immune_mixed,Immune_mixed
CCTCTAGGTACAAGCG-1,Immune_mixed,Immune_mixed
CCTCTAGGTACCCACG-1,Erythroid,Erythroid
CCTCTAGTCGATTGAC-1,"B_cells,0",B_cells
CCTCTAGTCTACGGTA-1,Immune_mixed,Immune_mixed
CCTCTCCAGGAGCTGT-1,Immune_mixed,Immune_mixed
CCTCTCCCAATAACGA-1,Immune_mixed,Immune_mixed
CCTCTCCGTACCTAGT-1,Immune_mixed,Immune_mixed
CCTCTCCGTCTCTCTG-1,Immune_mixed,Immune_mixed
CCTCTCCGTGTTCGTA-1,Immune_mixed,Immune_mixed
CCTCTCCGTTTGAACC-1,Immune_mixed,Immune_mixed
CCTCTCCTCCTCGATC-1,Immune_mixed,Immune_mixed
CCTCTCCTCGAAACAA-1,Immune_mixed,Immune_mixed
CCTGCATCAGTATTCG-1,Immune_mixed,Immune_mixed
CCTGCATTCGTTGTAG-1,Erythroid,Erythroid
CCTGCATTCTTTCCGG-1,Erythroid,Erythroid
CCTGTTGAGCCTCTTC-1,Immune_mixed,Immune_mixed
CCTGTTGCAATAGTAG-1,Erythroid,Erythroid
CCTGTTGTCAATCCGA-1,Erythroid,Erythroid
CCTGTTGTCCCGAAAT-1,Myeloid,Myeloid
CCTTCAGAGAAATTGC-1,Immune_mixed,Immune_mixed
CCTTCAGAGCACACAG-1,Immune_mixed,Immune_mixed
CCTTCAGCACGCAAAG-1,Immune_mixed,Immune_mixed
CCTTCAGGTGATACAA-1,"B_cells,0",B_cells
CCTTCAGGTGATGGCA-1,Immune_mixed,Immune_mixed
CCTTCAGGTGTGATGG-1,Immune_mixed,Immune_mixed
CCTTCAGGTTCTCCTG-1,Immune_mixed,Immune_mixed
CCTTCAGGTTGGAGGT-1,Immune_mixed,Immune_mixed
CCTTCAGTCCTTCAGC-1,Immune_mixed,Immune_mixed
CCTTCAGTCGTGGGTC-1,Immune_mixed,Immune_mixed
CCTTGTGAGAACCCGA-1,Erythroid,Erythroid
CCTTGTGAGAGGTTTA-1,Myeloid,Myeloid
CCTTGTGAGGGAGGCA-1,Erythroid,Erythroid
CCTTGTGAGGTCCTGC-1,Erythroid,Erythroid
CCTTGTGAGTTACTCG-1,Erythroid,Erythroid
CCTTGTGCACGACTAT-1,Myeloid,Myeloid
CCTTGTGCACGGTAGA-1,Immune_mixed,Immune_mixed
CCTTGTGTCAAGTAAG-1,Myeloid,Myeloid
CCTTGTGTCGGCAGTC-1,Myeloid,Myeloid
CCTTTGGAGACGGTTG-1,Immune_mixed,Immune_mixed
CCTTTGGCAAGTTCGT-1,Immune_mixed,Immune_mixed
CCTTTGGCACTGCATA-1,Immune_mixed,Immune_mixed
CCTTTGGGTTGGGTAG-1,Immune_mixed,Immune_mixed
CCTTTGGTCACGGTCG-1,"B_cells,0",B_cells
CCTTTGGTCATCAGTG-1,Immune_mixed,Immune_mixed
CGAAGGAAGCATAGGC-1,Immune_mixed,Immune_mixed
CGAAGGACAGAGCGTA-1,Immune_mixed,Immune_mixed
CGAAGGAGTACGGTTT-1,Immune_mixed,Immune_mixed
CGAAGGAGTATATGGA-1,Immune_mixed,Immune_mixed
CGAAGGATCCGTGCGA-1,Myeloid,Myeloid
CGAAGGATCGAACCAT-1,"B_cells,0",B_cells
CGAAGTTAGACCTCCG-1,Erythroid,Erythroid
CGAAGTTAGCGAATGC-1,"B_cells,0",B_cells
CGAAGTTAGGCTTAAA-1,Erythroid,Erythroid
CGAAGTTCAATGACCT-1,Immune_mixed,Immune_mixed
CGAAGTTGTAAGGTCG-1,Immune_mixed,Immune_mixed
CGAAGTTGTACCCAGC-1,Immune_mixed,Immune_mixed
CGAAGTTGTTACCTTT-1,Immune_mixed,Immune_mixed
CGAAGTTGTTAGTCGT-1,Immune_mixed,Immune_mixed
CGAAGTTGTTTGGAAA-1,Immune_mixed,Immune_mixed
CGAAGTTTCATCACTT-1,Erythroid,Erythroid
CGAAGTTTCGCGGTAC-1,"B_cells,0",B_cells
CGAAGTTTCTGCTGAA-1,Immune_mixed,Immune_mixed
CGAATTGAGAGGGTCT-1,Myeloid,Myeloid
CGAATTGAGGCTCAAG-1,Immune_mixed,Immune_mixed
CGAATTGAGGCTTCCG-1,Immune_mixed,Immune_mixed
CGAATTGAGTAGGATT-1,Immune_mixed,Immune_mixed
CGAATTGCAGCAGATG-1,Immune_mixed,Immune_mixed
CGAATTGCAGCTAACT-1,Erythroid,Erythroid
CGAATTGCATGACAAA-1,Immune_mixed,Immune_mixed
CGAATTGGTAGTGATA-1,Immune_mixed,Immune_mixed
CGAATTGGTCACGACC-1,Immune_mixed,Immune_mixed
CGAATTGGTCCAAGAG-1,Immune_mixed,Immune_mixed
CGACAGCAGATTACCC-1,"B_cells,1",B_cells
CGACAGCAGCACTTTG-1,Immune_mixed,Immune_mixed
CGACAGCAGGGTCTTT-1,Immune_mixed,Immune_mixed
CGACAGCAGTTCGGTT-1,Myeloid,Myeloid
CGACAGCGTTCGTGCG-1,Immune_mixed,Immune_mixed
CGAGAAGAGATGCTGG-1,"B_cells,0",B_cells
CGAGAAGAGGTTATAG-1,Immune_mixed,Immune_mixed
CGAGAAGAGTGTCATC-1,Erythroid,Erythroid
CGAGAAGAGTTGCGCC-1,Immune_mixed,Immune_mixed
CGAGAAGGTCGAATTC-1,Immune_mixed,Immune_mixed
CGAGGAAAGTCTAACC-1,Immune_mixed,Immune_mixed
CGAGGAACAACCGTGC-1,Erythroid,Erythroid
CGAGGAACACTGCATA-1,Immune_mixed,Immune_mixed
CGAGGAACACTTGGCG-1,Immune_mixed,Immune_mixed
CGAGGAACATGTTACG-1,"B_cells,0",B_cells
CGAGGAAGTACGATCT-1,Immune_mixed,Immune_mixed
CGAGGAAGTCACAGAG-1,Immune_mixed,Immune_mixed
CGAGGAAGTCCACAGC-1,Erythroid,Erythroid
CGAGGAAGTGCATTAC-1,Myeloid,Myeloid
CGAGGAATCTTGTGCC-1,Immune_mixed,Immune_mixed
CGAGGCTAGGTTATAG-1,Myeloid,Myeloid
CGAGGCTCAAACCACT-1,Immune_mixed,Immune_mixed
CGAGGCTCACGTCTCT-1,Immune_mixed,Immune_mixed
CGAGGCTCAGGACTTT-1,Immune_mixed,Immune_mixed
CGAGGCTCATCGGCCA-1,Immune_mixed,Immune_mixed
CGAGGCTGTGTTTCTT-1,Immune_mixed,Immune_mixed
CGAGGCTTCGACGAGA-1,"B_cells,0",B_cells
CGAGGCTTCGCTTTAT-1,Immune_mixed,Immune_mixed
CGAGGCTTCGGCATAT-1,"B_cells,0",B_cells
CGAGGCTTCTATCGCC-1,Immune_mixed,Immune_mixed
CGAGTGCAGAAGCGAA-1,Myeloid,Myeloid
CGAGTGCAGGGAGTTC-1,Myeloid,Myeloid
CGAGTGCAGGTTCCAT-1,Erythroid,Erythroid
CGAGTGCCAAGTTCGT-1,Immune_mixed,Immune_mixed
CGAGTGCCAATGCAGG-1,Immune_mixed,Immune_mixed
CGAGTGCCACAATGAA-1,Immune_mixed,Immune_mixed
CGAGTGCCACGTCGGT-1,Immune_mixed,Immune_mixed
CGAGTGCGTAGCGTTT-1,Immune_mixed,Immune_mixed
CGAGTGCGTATGAGGC-1,Immune_mixed,Immune_mixed
CGAGTGCGTGAACTAA-1,Immune_mixed,Immune_mixed
CGAGTGCGTTATGACC-1,Immune_mixed,Immune_mixed
CGAGTGCGTTGTACGT-1,Immune_mixed,Immune_mixed
CGAGTGCTCCCGAGGT-1,"B_cells,0",B_cells
CGAGTGCTCGGTGTTA-1,Immune_mixed,Immune_mixed
CGAGTGCTCTTTCGAT-1,Immune_mixed,Immune_mixed
CGAGTTAAGATGAATC-1,Erythroid,Erythroid
CGAGTTAAGCAGCCTC-1,Immune_mixed,Immune_mixed
CGAGTTAAGCCACAAG-1,Immune_mixed,Immune_mixed
CGAGTTACATAGTCAC-1,Erythroid,Erythroid
CGAGTTAGTAGGCAGT-1,Immune_mixed,Immune_mixed
CGAGTTATCAGTGGGA-1,Immune_mixed,Immune_mixed
CGATCGGAGTAAAGCT-1,Immune_mixed,Immune_mixed
CGATCGGGTCAGGCAA-1,Immune_mixed,Immune_mixed
CGATCGGGTCAGTCGC-1,Myeloid,Myeloid
CGATCGGGTCTGTAAC-1,Myeloid,Myeloid
CGATCGGGTGACCGTC-1,Immune_mixed,Immune_mixed
CGATCGGGTTGCAAGG-1,Immune_mixed,Immune_mixed
CGATCGGTCAAGTGTC-1,"B_cells,1",B_cells
CGATCGGTCAGGGATG-1,Immune_mixed,Immune_mixed
CGATCGGTCCCTCATG-1,Erythroid,Erythroid
CGATCGGTCGGATAAA-1,Myeloid,Myeloid
CGATGCGAGGTGTGAC-1,Erythroid,Erythroid
CGATGCGCAATGAACA-1,Erythroid,Erythroid
CGATGCGCAGGCATGA-1,Immune_mixed,Immune_mixed
CGATGCGCATGGAAGC-1,Myeloid,Myeloid
CGATGCGCATGTGGTT-1,Immune_mixed,Immune_mixed
CGATGCGGTAGATCCT-1,Immune_mixed,Immune_mixed
CGATGCGGTTCAAGTC-1,"B_cells,0",B_cells
CGATGCGTCCATGAGT-1,Immune_mixed,Immune_mixed
CGATGGCAGTCATCGT-1,Immune_mixed,Immune_mixed
CGATGGCAGTCGGGAT-1,"B_cells,0",B_cells
CGATGGCGTACGATGG-1,Immune_mixed,Immune_mixed
CGATGGCGTAGTGGCA-1,"B_cells,0",B_cells
CGCAGGTCAGAAATTG-1,Immune_mixed,Immune_mixed
CGCAGGTGTACTGACT-1,Immune_mixed,Immune_mixed
CGCAGGTTCAGACTGT-1,Myeloid,Myeloid
CGCAGGTTCGTTACCC-1,Erythroid,Erythroid
CGCAGGTTCTACGCGG-1,"B_cells,0",B_cells
CGCAGGTTCTAGGCCG-1,Erythroid,Erythroid
CGCATAAAGCAATAGT-1,Immune_mixed,Immune_mixed
CGCATAAAGTCACACT-1,"B_cells,0",B_cells
CGCATAAAGTCTACCA-1,Immune_mixed,Immune_mixed
CGCATAACACATCATG-1,Erythroid,Erythroid
CGCATAAGTGCTATTG-1,Erythroid,Erythroid
CGCATAATCCCTTGGT-1,"B_cells,0",B_cells
CGCATGGAGAACCCGA-1,Erythroid,Erythroid
CGCATGGAGTCGAAAT-1,Myeloid,Myeloid
CGCATGGCAACTCCAA-1,"B_cells,0",B_cells
CGCATGGCAACTCGTA-1,Immune_mixed,Immune_mixed
CGCATGGCAAGTATAG-1,Erythroid,Erythroid
CGCATGGGTCCCTCAT-1,Immune_mixed,Immune_mixed
CGCATGGGTGTCGATT-1,Immune_mixed,Immune_mixed
CGCATGGGTGTGATGG-1,Immune_mixed,Immune_mixed
CGCATGGGTTTACTGG-1,Immune_mixed,Immune_mixed
CGCATGGTCCTTGAAG-1,Immune_mixed,Immune_mixed
CGCCAGAAGATACATG-1,Myeloid,Myeloid
CGCCAGAAGTTAACAG-1,Erythroid,Erythroid
CGCCAGACAAGGCAAC-1,Immune_mixed,Immune_mixed
CGCCAGACACCAGCGT-1,Immune_mixed,Immune_mixed
CGCCAGACACCCTGTT-1,Erythroid,Erythroid
CGCCAGAGTCGACTGC-1,Immune_mixed,Immune_mixed
CGCCAGATCCCGAACG-1,Erythroid,Erythroid
CGCCAGATCGGTCACG-1,Immune_mixed,Immune_mixed
CGCCATTAGATGAATC-1,"B_cells,0",B_cells
CGCCATTCAAACCATC-1,Erythroid,Erythroid
CGCCATTGTATCAGGG-1,Immune_mixed,Immune_mixed
CGCCATTGTCTGTGCG-1,Myeloid,Myeloid
CGCCATTTCGGTCAGC-1,Immune_mixed,Immune_mixed
CGCGTGACAGGTCAGA-1,Immune_mixed,Immune_mixed
CGCGTGAGTATGTCCA-1,Myeloid,Myeloid
CGCGTGAGTTGCAAGG-1,Erythroid,Erythroid
CGCGTGAGTTTGGAGG-1,Immune_mixed,Immune_mixed
CGCGTGATCCGTTGAA-1,Erythroid,Erythroid
CGGAACCCAAGCTACT-1,"B_cells,0",B_cells
CGGAACCCACGCGCTA-1,Immune_mixed,Immune_mixed
CGGAACCCAGCATGCC-1,Erythroid,Erythroid
CGGAACCGTACTGACT-1,"B_cells,0",B_cells
CGGAACCGTATCGTTG-1,"B_cells,1",B_cells
CGGAACCGTCACCGAC-1,Immune_mixed,Immune_mixed
CGGAACCGTTCGGACC-1,Immune_mixed,Immune_mixed
CGGAACCTCAGCACCG-1,Immune_mixed,Immune_mixed
CGGAACCTCCGGGACT-1,Immune_mixed,Immune_mixed
CGGAACCTCGCTGCGA-1,Immune_mixed,Immune_mixed
CGGAACCTCGTGTCAA-1,Erythroid,Erythroid
CGGAACCTCTAACGCA-1,Immune_mixed,Immune_mixed
CGGAATTAGGTCCCGT-1,Immune_mixed,Immune_mixed
CGGAATTAGGTGCAGT-1,Immune_mixed,Immune_mixed
CGGAATTAGTCTTCGA-1,Myeloid,Myeloid
CGGAATTCACAACCGC-1,Erythroid,Erythroid
CGGAATTCACTGGAAG-1,Erythroid,Erythroid
CGGAATTCATAGGAGC-1,Immune_mixed,Immune_mixed
CGGAATTCATGCCGAC-1,Immune_mixed,Immune_mixed
CGGAATTGTAGCTTTG-1,Immune_mixed,Immune_mixed
CGGAATTGTGTGTGTT-1,"B_cells,0",B_cells
CGGAATTTCCCGTTCA-1,"B_cells,0",B_cells
CGGAATTTCGACCAAT-1,Immune_mixed,Immune_mixed
CGGAATTTCGCTTACC-1,Erythroid,Erythroid
CGGAATTTCGTCAAAC-1,Immune_mixed,Immune_mixed
CGGAATTTCTAAGGAA-1,Immune_mixed,Immune_mixed
CGGACACAGCATGCAG-1,"B_cells,0",B_cells
CGGACACAGCTCCACG-1,Immune_mixed,Immune_mixed
CGGACACCACATAACC-1,Immune_mixed,Immune_mixed
CGGACACGTAAGGCTG-1,Erythroid,Erythroid
CGGACACGTCCAGTTA-1,Immune_mixed,Immune_mixed
CGGACACGTCTCAGAT-1,Immune_mixed,Immune_mixed
CGGACACGTGAATTGA-1,Immune_mixed,Immune_mixed
CGGACACTCAGTGTCA-1,Immune_mixed,Immune_mixed
CGGACACTCCGAGTGC-1,Immune_mixed,Immune_mixed
CGGAGAACATGACTCA-1,Immune_mixed,Immune_mixed
CGGAGAAGTCAGTCGC-1,Erythroid,Erythroid
CGGAGAATCCAGCCTT-1,Immune_mixed,Immune_mixed
CGGAGAATCGCATAGT-1,Immune_mixed,Immune_mixed
CGGCAGTCACCAACAT-1,Myeloid,Myeloid
CGGCAGTGTGTGGTCC-1,Immune_mixed,Immune_mixed
CGGCAGTGTTAAGTCC-1,"B_cells,0",B_cells
CGGCAGTTCCCTCATG-1,"B_cells,0",B_cells
CGGCAGTTCCTCTCGA-1,Immune_mixed,Immune_mixed
CGGCAGTTCTCTGCTG-1,Immune_mixed,Immune_mixed
CGGGACTAGCCTCTCT-1,Immune_mixed,Immune_mixed
CGGGACTCAATCTCTT-1,Myeloid,Myeloid
CGGGACTCAGTTTCGA-1,Immune_mixed,Immune_mixed
CGGGACTGTCGCAACC-1,Immune_mixed,Immune_mixed
CGGGACTTCCTATGGA-1,Immune_mixed,Immune_mixed
CGGGCATAGTGACCTT-1,Erythroid,Erythroid
CGGGCATGTCTTTCTA-1,Immune_mixed,Immune_mixed
CGGGCATTCGACGACC-1,Immune_mixed,Immune_mixed
CGGGTCAAGCATTTGC-1,Immune_mixed,Immune_mixed
CGGGTCAAGTGTTGTC-1,Immune_mixed,Immune_mixed
CGGGTCACACAAGTGG-1,Immune_mixed,Immune_mixed
CGGGTCACATGAATAG-1,Immune_mixed,Immune_mixed
CGGGTCATCAAGGTGG-1,Immune_mixed,Immune_mixed
CGGGTCATCATCCTAT-1,Erythroid,Erythroid
CGGGTGTAGACTTCAC-1,"B_cells,1",B_cells
CGGGTGTAGATAGGGA-1,Immune_mixed,Immune_mixed
CGGGTGTAGTCGAATA-1,Immune_mixed,Immune_mixed
CGGGTGTCATCTATCT-1,Immune_mixed,Immune_mixed
CGGGTGTGTAGAGACC-1,Immune_mixed,Immune_mixed
CGGGTGTGTGACTGTT-1,Erythroid,Erythroid
CGGGTGTGTGCTGATT-1,Immune_mixed,Immune_mixed
CGGGTGTGTGGCGCTT-1,Immune_mixed,Immune_mixed
CGGGTGTTCAGACCTA-1,Immune_mixed,Immune_mixed
CGGGTGTTCAGGTGTT-1,Immune_mixed,Immune_mixed
CGGGTGTTCGCCACTT-1,Immune_mixed,Immune_mixed
CGGGTGTTCGCTTACC-1,Immune_mixed,Immune_mixed
CGGGTGTTCTCTTCAA-1,Erythroid,Erythroid
CGGTCAGAGTTGGCGA-1,"B_cells,0",B_cells
CGGTCAGCAGCGACCT-1,Immune_mixed,Immune_mixed
CGGTCAGCAGGCTACC-1,Immune_mixed,Immune_mixed
CGGTCAGGTAATGATG-1,Erythroid,Erythroid
CGGTCAGGTACCCACG-1,Immune_mixed,Immune_mixed
CGGTCAGTCAAGAAAC-1,Immune_mixed,Immune_mixed
CGGTCAGTCCACAAGT-1,Myeloid,Myeloid
CGGTCAGTCCTGGCTT-1,Immune_mixed,Immune_mixed
CGGTCAGTCGACATTG-1,"B_cells,0",B_cells
CGGTCAGTCTAGACAC-1,Immune_mixed,Immune_mixed
CGTAAGTAGGATATAC-1,Erythroid,Erythroid
CGTAAGTAGGTGCATG-1,Immune_mixed,Immune_mixed
CGTAAGTAGTTTGGCT-1,Immune_mixed,Immune_mixed
CGTAAGTCAAATTAGG-1,"B_cells,0",B_cells
CGTAAGTCATTGTCGA-1,"B_cells,0",B_cells
CGTAAGTGTCGAGCAA-1,Immune_mixed,Immune_mixed
CGTAAGTTCCGAGATT-1,Immune_mixed,Immune_mixed
CGTAATGAGTCACGAG-1,"B_cells,0",B_cells
CGTAATGCAAGGGTCA-1,Immune_mixed,Immune_mixed
CGTAATGCACTACCCT-1,Myeloid,Myeloid
CGTAATGTCGAACACT-1,Immune_mixed,Immune_mixed
CGTAATGTCGGCATCG-1,Erythroid,Erythroid
CGTAATGTCTTCCTAA-1,Immune_mixed,Immune_mixed
CGTAGTAAGAATCGCG-1,Erythroid,Erythroid
CGTAGTAAGCGCTTCG-1,Immune_mixed,Immune_mixed
CGTAGTACAAAGCTCT-1,Immune_mixed,Immune_mixed
CGTAGTACATGGGAAC-1,Immune_mixed,Immune_mixed
CGTAGTAGTGACCGAA-1,Myeloid,Myeloid
CGTAGTAGTGACTAAA-1,Immune_mixed,Immune_mixed
CGTCAAAAGATCCAAA-1,Immune_mixed,Immune_mixed
CGTCAAAAGGTACCTT-1,Myeloid,Myeloid
CGTCAAAAGTGTTGAA-1,Myeloid,Myeloid
CGTCAAAAGTTCCTGA-1,Immune_mixed,Immune_mixed
CGTCAAACAATTCGTG-1,"B_cells,0",B_cells
CGTCAAACACCGTACG-1,Immune_mixed,Immune_mixed
CGTCAAACATCTAGAC-1,Immune_mixed,Immune_mixed
CGTCAAAGTATGCTTG-1,Immune_mixed,Immune_mixed
CGTCAAAGTGGTGATG-1,Immune_mixed,Immune_mixed
CGTCAAATCAGAGCAG-1,Immune_mixed,Immune_mixed
CGTCAAATCGGTCAGC-1,Immune_mixed,Immune_mixed
CGTCAAATCGTGGGTC-1,Immune_mixed,Immune_mixed
CGTCCATAGCCTCGTG-1,Immune_mixed,Immune_mixed
CGTCCATAGCGTGCCT-1,Immune_mixed,Immune_mixed
CGTCCATAGTTGTAAG-1,Immune_mixed,Immune_mixed
CGTCCATCACATCCCT-1,Immune_mixed,Immune_mixed
CGTCCATCACGCCACA-1,Immune_mixed,Immune_mixed
CGTCCATCAGGTTCGC-1,Immune_mixed,Immune_mixed
CGTCCATGTCGCTGCA-1,Erythroid,Erythroid
CGTCCATGTGCATCTA-1,Erythroid,Erythroid
CGTCCATTCTAGTTCT-1,Immune_mixed,Immune_mixed
CGTGAATAGCCTCAGC-1,"B_cells,0",B_cells
CGTGAATAGGCTAGCA-1,Myeloid,Myeloid
CGTGAATAGGGAGGGT-1,"B_cells,0",B_cells
CGTGAATAGTGCCCGT-1,"B_cells,0",B_cells
CGTGAATCATGACTCA-1,Immune_mixed,Immune_mixed
CGTGAATGTAGGTTTC-1,Erythroid,Erythroid
CGTGAATGTCCTGTTC-1,Erythroid,Erythroid
CGTGAATTCCATTGCC-1,Immune_mixed,Immune_mixed
CGTGAATTCCGCGGAT-1,Erythroid,Erythroid
CGTGAATTCGTGGAAG-1,Myeloid,Myeloid
CGTGAATTCTGCTTAT-1,Erythroid,Erythroid
CGTGATAAGCAATAAC-1,Immune_mixed,Immune_mixed
CGTGATAAGGCGTCCT-1,Erythroid,Erythroid
CGTGATAAGGGTGGGA-1,Immune_mixed,Immune_mixed
CGTGATACACCCTAAA-1,Immune_mixed,Immune_mixed
CGTGATACACTTCTCG-1,"B_cells,0",B_cells
CGTGATACAGCAGTCC-1,Immune_mixed,Immune_mixed
CGTGATAGTGAGATAT-1,Myeloid,Myeloid
CGTGATAGTTGGGATG-1,Immune_mixed,Immune_mixed
CGTGATAGTTTACCTT-1,Immune_mixed,Immune_mixed
CGTGATAGTTTCTATC-1,Immune_mixed,Immune_mixed
CGTGATATCTGCTCTG-1,"B_cells,1",B_cells
CGTGCTTAGAGTCACG-1,Erythroid,Erythroid
CGTGCTTAGCGAATGC-1,Erythroid,Erythroid
CGTGCTTAGGACATCG-1,Erythroid,Erythroid
CGTGCTTAGTCAGCCC-1,Immune_mixed,Immune_mixed
CGTGCTTCAAGCCATT-1,"B_cells,0",B_cells
CGTGCTTCACTTGGCG-1,"B_cells,0",B_cells
CGTGCTTCAGCACAGA-1,Immune_mixed,Immune_mixed
CGTGCTTGTGATTAGA-1,Immune_mixed,Immune_mixed
CGTGCTTTCGCTTAAG-1,Immune_mixed,Immune_mixed
CGTGCTTTCTTCTAAC-1,Erythroid,Erythroid
CGTGTCTCAAGGTCAG-1,Erythroid,Erythroid
CGTGTCTCACACACGC-1,Immune_mixed,Immune_mixed
CGTGTCTCACTCCCTA-1,Immune_mixed,Immune_mixed
CGTGTCTCATGGAGAC-1,Erythroid,Erythroid
CGTGTCTCATGTCTAG-1,Myeloid,Myeloid
CGTGTCTCATGTGGCC-1,Immune_mixed,Immune_mixed
CGTGTCTGTTAAACAG-1,Immune_mixed,Immune_mixed
CGTGTCTGTTAAGTCC-1,"B_cells,0",B_cells
CGTGTCTTCAAGCTTG-1,Immune_mixed,Immune_mixed
CGTTAGAAGGACACTG-1,Myeloid,Myeloid
CGTTAGAAGTTGTCAC-1,Immune_mixed,Immune_mixed
CGTTAGACACTTCCTG-1,"B_cells,0",B_cells
CGTTAGACAGTCAGTT-1,Immune_mixed,Immune_mixed
CGTTAGAGTAGAGACC-1,Erythroid,Erythroid
CGTTAGAGTCATGGCC-1,"B_cells,0",B_cells
CGTTAGAGTCTCTCAC-1,Erythroid,Erythroid
CGTTAGATCGTTCTAT-1,Immune_mixed,Immune_mixed
CGTTAGATCTGGTGGC-1,Immune_mixed,Immune_mixed
CGTTCTGAGCAATAGT-1,Immune_mixed,Immune_mixed
CGTTCTGCAGTCGAGA-1,Immune_mixed,Immune_mixed
CGTTCTGGTAAGTAGT-1,"B_cells,0",B_cells
CGTTCTGGTGGCTACC-1,Erythroid,Erythroid
CGTTGGGAGAAGCCTG-1,Erythroid,Erythroid
CGTTGGGGTAGGTGCA-1,Immune_mixed,Immune_mixed
CGTTGGGGTATACCCA-1,Myeloid,Myeloid
CGTTGGGGTTGCCAAT-1,Myeloid,Myeloid
CGTTGGGTCCCATTCG-1,Immune_mixed,Immune_mixed
CGTTGGGTCCTTCTTC-1,Immune_mixed,Immune_mixed
CGTTGGGTCTTTGCTA-1,Immune_mixed,Immune_mixed
CTAACCCAGCTGGCCT-1,Immune_mixed,Immune_mixed
CTAACCCTCAAGAATG-1,Immune_mixed,Immune_mixed
CTAACCCTCCCATACC-1,Immune_mixed,Immune_mixed
CTAACCCTCGCCTCTA-1,Erythroid,Erythroid
CTAACCCTCTGTGTGA-1,Erythroid,Erythroid
CTAACTTAGGAACATT-1,Myeloid,Myeloid
CTAACTTAGGCTCAAG-1,Erythroid,Erythroid
CTAACTTGTAGCGTTT-1,"B_cells,1",B_cells
CTAACTTGTATCACCA-1,Immune_mixed,Immune_mixed
CTAACTTGTCCATAGT-1,Myeloid,Myeloid
CTAACTTGTGTTTCTT-1,Immune_mixed,Immune_mixed
CTAACTTGTTAGGCTT-1,Erythroid,Erythroid
CTAACTTTCCCAATAG-1,Immune_mixed,Immune_mixed
CTAACTTTCGCGAAGA-1,Myeloid,Myeloid
CTAACTTTCGGTCATA-1,Immune_mixed,Immune_mixed
CTAAGTGAGAATTGTG-1,Immune_mixed,Immune_mixed
CTAAGTGAGCAGGCTA-1,Immune_mixed,Immune_mixed
CTAAGTGAGCCTTCTC-1,Myeloid,Myeloid
CTAAGTGCAAGGTACG-1,Immune_mixed,Immune_mixed
CTAAGTGCAGCGTTGC-1,Myeloid,Myeloid
CTAAGTGCAGTAACCT-1,Immune_mixed,Immune_mixed
CTAAGTGCAGTAGGAC-1,Immune_mixed,Immune_mixed
CTAAGTGCAGTTCCAA-1,"B_cells,0",B_cells
CTAAGTGCATCCAATG-1,Myeloid,Myeloid
CTAAGTGGTAGAGACC-1,Myeloid,Myeloid
CTAAGTGTCCATCACC-1,Erythroid,Erythroid
CTAAGTGTCCCTCATG-1,"B_cells,0",B_cells
CTAAGTGTCCGACAGC-1,Myeloid,Myeloid
CTAAGTGTCGCACTCT-1,Erythroid,Erythroid
CTAAGTGTCTTAGCCC-1,Immune_mixed,Immune_mixed
CTAAGTGTCTTCGCTG-1,Erythroid,Erythroid
CTACAGACAAGTCGTT-1,Immune_mixed,Immune_mixed
CTACAGACAGAGATGC-1,Immune_mixed,Immune_mixed
CTACAGAGTATTTCTC-1,Immune_mixed,Immune_mixed
CTACAGAGTCCAGAAG-1,Immune_mixed,Immune_mixed
CTACAGAGTGTATCCA-1,Immune_mixed,Immune_mixed
CTACATTAGCGCGTTC-1,Myeloid,Myeloid
CTACATTAGGTAGTAT-1,Erythroid,Erythroid
CTACATTAGTAACGAT-1,Erythroid,Erythroid
CTACATTCACATGAAA-1,Immune_mixed,Immune_mixed
CTACATTCACTACACA-1,Immune_mixed,Immune_mixed
CTACATTGTACAGAGC-1,Immune_mixed,Immune_mixed
CTACATTGTATGAAAC-1,Myeloid,Myeloid
CTACATTGTTGCATAC-1,Immune_mixed,Immune_mixed
CTACATTTCGCGCCAA-1,Immune_mixed,Immune_mixed
CTACATTTCGTTCAGA-1,Myeloid,Myeloid
CTACCCAAGTCATACC-1,Immune_mixed,Immune_mixed
CTACCCAAGTGGCGAT-1,Immune_mixed,Immune_mixed
CTACCCACACCGTACG-1,Erythroid,Erythroid
CTACCCACACGGAAGT-1,Erythroid,Erythroid
CTACCCATCCTCACTG-1,Immune_mixed,Immune_mixed
CTACCCATCTGAGGTT-1,Immune_mixed,Immune_mixed
CTACCTGCAAGTGATA-1,"B_cells,0",B_cells
CTACCTGCAGTAGGAC-1,"B_cells,0",B_cells
CTACCTGGTACCGCGT-1,Erythroid,Erythroid
CTACCTGTCATTTGTC-1,"B_cells,0",B_cells
CTACCTGTCCTCACTG-1,Immune_mixed,Immune_mixed
CTACCTGTCGATTGGT-1,Myeloid,Myeloid
CTACGGGAGCTGAGCA-1,Immune_mixed,Immune_mixed
CTACGGGCATGGGAAC-1,"B_cells,0",B_cells
CTACGGGGTTAATCGC-1,"B_cells,1",B_cells
CTACGGGTCAACTACG-1,Erythroid,Erythroid
CTACGGGTCAAGTCGT-1,Erythroid,Erythroid
CTACGGGTCTACCCAC-1,Immune_mixed,Immune_mixed
CTACGGGTCTCGGCTT-1,Immune_mixed,Immune_mixed
CTACTATCAACGGTAG-1,Erythroid,Erythroid
CTACTATGTGGACTGA-1,Immune_mixed,Immune_mixed
CTACTATTCATTGGTG-1,Immune_mixed,Immune_mixed
CTACTATTCGCGCTGA-1,Immune_mixed,Immune_mixed
CTACTATTCTCGTGAA-1,Immune_mixed,Immune_mixed
CTAGACAAGAATCTAG-1,Myeloid,Myeloid
CTAGACAAGCCATATC-1,Myeloid,Myeloid
CTAGACAAGGTACTGG-1,Immune_mixed,Immune_mixed
CTAGACAAGTCCGCCA-1,Immune_mixed,Immune_mixed
CTAGACACAGCTCTGG-1,Erythroid,Erythroid
CTAGACACAGTAACAA-1,"B_cells,0",B_cells
CTAGACAGTTGGTACT-1,"B_cells,0",B_cells
CTAGACATCACAGAGG-1,Immune_mixed,Immune_mixed
CTAGACATCTATTCGT-1,Immune_mixed,Immune_mixed
CTAGACATCTTCCCGA-1,Immune_mixed,Immune_mixed
CTAGGTAAGCCTCAAT-1,Immune_mixed,Immune_mixed
CTAGGTAAGTCAGCCC-1,"B_cells,1",B_cells
CTAGGTAAGTCGCTAT-1,Erythroid,Erythroid
CTAGGTAGTCCTCATC-1,Immune_mixed,Immune_mixed
CTAGGTAGTCTTTCTA-1,Immune_mixed,Immune_mixed
CTAGGTATCACCCATC-1,Myeloid,Myeloid
CTAGGTATCAGACTGT-1,"B_cells,0",B_cells
CTAGGTATCTTGCAAG-1,Immune_mixed,Immune_mixed
CTATAGGCAATAACGA-1,Erythroid,Erythroid
CTATAGGCAGATACCT-1,Immune_mixed,Immune_mixed
CTATAGGGTCTGATCA-1,Erythroid,Erythroid
CTATAGGGTTGGACTT-1,Erythroid,Erythroid
CTATAGGGTTGGGACA-1,Immune_mixed,Immune_mixed
CTATAGGGTTGTCATG-1,Erythroid,Erythroid
CTATAGGTCAAGGCTT-1,Immune_mixed,Immune_mixed
CTATAGGTCTATACGG-1,Immune_mixed,Immune_mixed
CTATCCGAGAAGCGAA-1,Immune_mixed,Immune_mixed
CTATCCGAGTCACACT-1,"B_cells,0",B_cells
CTATCCGCAGGAAGTC-1,Myeloid,Myeloid
CTATCCGCATCGAAGG-1,Myeloid,Myeloid
CTATCCGCATGCACTA-1,Myeloid,Myeloid
CTATCCGCATTGCCGG-1,Immune_mixed,Immune_mixed
CTATCCGGTAGCACAG-1,Immune_mixed,Immune_mixed
CTATCCGGTCGTGATT-1,Immune_mixed,Immune_mixed
CTATCCGGTCTTGAGT-1,Immune_mixed,Immune_mixed
CTATCCGGTGGTCCCA-1,Erythroid,Erythroid
CTATCCGTCACTCGAA-1,Immune_mixed,Immune_mixed
CTATCCGTCCACAGCG-1,Myeloid,Myeloid
CTATCCGTCCGTGACG-1,Immune_mixed,Immune_mixed
CTATCCGTCGCTTAAG-1,Immune_mixed,Immune_mixed
CTATCCGTCGTAGGGA-1,"B_cells,0",B_cells
CTATCCGTCGTGCACG-1,Immune_mixed,Immune_mixed
CTATCTAAGACCACGA-1,Immune_mixed,Immune_mixed
CTATCTAAGACTTCCA-1,Erythroid,Erythroid
CTATCTAAGATAGTGT-1,Erythroid,Erythroid
CTATCTAAGCACTAGG-1,Immune_mixed,Immune_mixed
CTATCTAAGGAGAGTA-1,"B_cells,0",B_cells
CTATCTAAGTTATGGA-1,Immune_mixed,Immune_mixed
CTATCTACAAGGTCTT-1,Immune_mixed,Immune_mixed
CTATCTACACACGCCA-1,Myeloid,Myeloid
CTATCTACACACTGGC-1,Immune_mixed,Immune_mixed
CTATCTACAGTAACAA-1,Immune_mixed,Immune_mixed
CTATCTAGTAACACCT-1,Immune_mixed,Immune_mixed
CTATCTAGTACCAATC-1,Immune_mixed,Immune_mixed
CTATCTAGTCTGTCAA-1,Erythroid,Erythroid
CTATCTAGTGCACGCT-1,Erythroid,Erythroid
CTATCTATCGCTAAAC-1,Immune_mixed,Immune_mixed
CTATCTATCTCCTGCA-1,"B_cells,0",B_cells
CTCAACCAGACCCTTA-1,Immune_mixed,Immune_mixed
CTCAACCAGCGACCCT-1,Erythroid,Erythroid
CTCAACCAGCTACGTT-1,Myeloid,Myeloid
CTCAACCAGGACAGTC-1,Immune_mixed,Immune_mixed
CTCAACCCAGGGAGAG-1,"B_cells,0",B_cells
CTCAACCCATAGGAGC-1,"B_cells,0",B_cells
CTCAACCTCCATAGGT-1,Immune_mixed,Immune_mixed
CTCAACCTCGCATAGT-1,Immune_mixed,Immune_mixed
CTCAAGAAGTCCTGTA-1,Erythroid,Erythroid
CTCAAGACAACGAGGT-1,Immune_mixed,Immune_mixed
CTCAAGACACCGTCTT-1,Immune_mixed,Immune_mixed
CTCAAGAGTCGCCACA-1,Immune_mixed,Immune_mixed
CTCAAGAGTCGCGGTT-1,Immune_mixed,Immune_mixed
CTCAATTCAACTTCTT-1,Immune_mixed,Immune_mixed
CTCAATTCACGCCAGT-1,Erythroid,Erythroid
CTCAATTCAGCCGTTG-1,Immune_mixed,Immune_mixed
CTCAATTCAGTATTCG-1,"B_cells,0",B_cells
CTCAATTCATGACTAC-1,Immune_mixed,Immune_mixed
CTCAATTGTGAGTTTC-1,Immune_mixed,Immune_mixed
CTCAATTGTGCATACT-1,Immune_mixed,Immune_mixed
CTCAATTGTTGTCCCT-1,Immune_mixed,Immune_mixed
CTCAATTTCGTAATGC-1,"B_cells,0",B_cells
CTCAATTTCTATCGCC-1,Erythroid,Erythroid
CTCACTGAGCATTTGC-1,Erythroid,Erythroid
CTCACTGAGTTCATGC-1,Immune_mixed,Immune_mixed
CTCACTGCAATAGTGA-1,Myeloid,Myeloid
CTCACTGCAATCTAGC-1,Immune_mixed,Immune_mixed
CTCACTGCACCTGATA-1,Erythroid,Erythroid
CTCACTGCACTTACAG-1,Erythroid,Erythroid
CTCACTGCATGACTTG-1,Erythroid,Erythroid
CTCACTGGTAGACAAT-1,"B_cells,0",B_cells
CTCACTGGTCTCACAA-1,Immune_mixed,Immune_mixed
CTCACTGTCAAGTAAG-1,Immune_mixed,Immune_mixed
CTCACTGTCAATCAGC-1,"B_cells,0",B_cells
CTCAGAAAGCTCACTA-1,Immune_mixed,Immune_mixed
CTCAGAAAGCTCCGAC-1,Erythroid,Erythroid
CTCAGAACACTACACA-1,Erythroid,Erythroid
CTCAGAACAGTATTCG-1,Immune_mixed,Immune_mixed
CTCAGAAGTCTCAAGT-1,Immune_mixed,Immune_mixed
CTCAGAAGTGAGACCA-1,Erythroid,Erythroid
CTCAGAATCATACGGT-1,Immune_mixed,Immune_mixed
CTCAGAATCCTTCACG-1,Erythroid,Erythroid
CTCAGAATCGCTTGAA-1,Erythroid,Erythroid
CTCAGAATCTCTGCTG-1,Immune_mixed,Immune_mixed
CTCAGGGAGCCTGACC-1,Immune_mixed,Immune_mixed
CTCAGGGAGCGCCCAT-1,"B_cells,0",B_cells
CTCAGGGAGGTCACTT-1,Immune_mixed,Immune_mixed
CTCAGGGCAACCGACC-1,Immune_mixed,Immune_mixed
CTCAGGGCACAGTACT-1,Immune_mixed,Immune_mixed
CTCAGGGCATGGCGCT-1,Myeloid,Myeloid
CTCAGGGGTACTAAGA-1,Immune_mixed,Immune_mixed
CTCAGGGGTCGTCTCT-1,Erythroid,Erythroid
CTCAGGGTCCACGAAT-1,"B_cells,0",B_cells
CTCAGGGTCGCTGATA-1,"B_cells,0",B_cells
CTCAGGGTCTCTGACC-1,Immune_mixed,Immune_mixed
CTCAGTCAGAGCAGTC-1,Immune_mixed,Immune_mixed
CTCAGTCAGCGCTGCT-1,Immune_mixed,Immune_mixed
CTCAGTCAGCTGACCC-1,Immune_mixed,Immune_mixed
CTCAGTCAGGGATGTC-1,Erythroid,Erythroid
CTCAGTCAGTCGAAAT-1,"B_cells,0",B_cells
CTCAGTCCACCAGTTA-1,Erythroid,Erythroid
CTCAGTCCACCTCTAC-1,"B_cells,0",B_cells
CTCAGTCCATCGATCA-1,Myeloid,Myeloid
CTCAGTCGTACCAGAG-1,Erythroid,Erythroid
CTCAGTCTCATGCTAG-1,Immune_mixed,Immune_mixed
CTCAGTCTCCGCTTAC-1,Immune_mixed,Immune_mixed
CTCATCGAGAAACTCA-1,Immune_mixed,Immune_mixed
CTCATCGAGCCGTTGC-1,"B_cells,0",B_cells
CTCATCGAGGTTCACT-1,Erythroid,Erythroid
CTCATCGAGTTACGTC-1,Immune_mixed,Immune_mixed
CTCATCGGTATGCGTT-1,Immune_mixed,Immune_mixed
CTCATCGGTCATAACC-1,Immune_mixed,Immune_mixed
CTCATCGGTTGTGGAG-1,Immune_mixed,Immune_mixed
CTCATCGTCAGGAACG-1,Erythroid,Erythroid
CTCATCGTCTTACGGA-1,Immune_mixed,Immune_mixed
CTCATGCCAATGACCT-1,"B_cells,0",B_cells
CTCATGCCACGACCTG-1,Myeloid,Myeloid
CTCATGCCAGCATTGT-1,Immune_mixed,Immune_mixed
CTCATGCCATCATCTT-1,Erythroid,Erythroid
CTCATGCGTCTGTCAA-1,Immune_mixed,Immune_mixed
CTCATGCTCGATGCTA-1,Immune_mixed,Immune_mixed
CTCATGCTCGCACGAC-1,Immune_mixed,Immune_mixed
CTCATGCTCGCAGTTA-1,Erythroid,Erythroid
CTCATGCTCGGACGTC-1,Immune_mixed,Immune_mixed
CTCATGCTCTTGATTC-1,Immune_mixed,Immune_mixed
CTCATTAAGACATCAA-1,Erythroid,Erythroid
CTCATTAAGCTGTTAC-1,Immune_mixed,Immune_mixed
CTCATTAAGGATACAT-1,Immune_mixed,Immune_mixed
CTCATTAAGGATGAGA-1,Erythroid,Erythroid
CTCATTAAGGTTGAGC-1,Immune_mixed,Immune_mixed
CTCATTACAAATTGGA-1,Immune_mixed,Immune_mixed
CTCATTACACATGGTT-1,Immune_mixed,Immune_mixed
CTCATTACAGGCCCTA-1,Immune_mixed,Immune_mixed
CTCATTAGTGGCCCAT-1,Immune_mixed,Immune_mixed
CTCATTAGTGTCCTAA-1,Myeloid,Myeloid
CTCATTATCATAGAGA-1,Immune_mixed,Immune_mixed
CTCATTATCGTGTGAT-1,Immune_mixed,Immune_mixed
CTCATTATCTGTGCTC-1,Immune_mixed,Immune_mixed
CTCCAACAGCCAAGTG-1,Immune_mixed,Immune_mixed
CTCCAACAGCGCTGAA-1,"B_cells,0",B_cells
CTCCAACAGGAAAGGT-1,Erythroid,Erythroid
CTCCAACCAACTGAAA-1,Erythroid,Erythroid
CTCCAACCAGCACAGA-1,Erythroid,Erythroid
CTCCAACCAGGGAATC-1,"B_cells,0",B_cells
CTCCAACCAGTCAGTT-1,Immune_mixed,Immune_mixed
CTCCAACCATAGGTAA-1,Myeloid,Myeloid
CTCCAACGTAACAGGC-1,Immune_mixed,Immune_mixed
CTCCAACGTACACTCA-1,Immune_mixed,Immune_mixed
CTCCAACGTAGTCACT-1,Immune_mixed,Immune_mixed
CTCCAACTCAAATGAG-1,Immune_mixed,Immune_mixed
CTCCAACTCATTCATC-1,Erythroid,Erythroid
CTCCAACTCCAAACCA-1,Erythroid,Erythroid
CTCCAACTCTCAGGCG-1,Myeloid,Myeloid
CTCCACAAGAAGAGCA-1,"B_cells,0",B_cells
CTCCACAAGCGCCCAT-1,"B_cells,1",B_cells
CTCCACAAGTATGAAC-1,Immune_mixed,Immune_mixed
CTCCACACAAGCAGGT-1,Myeloid,Myeloid
CTCCACACACCACATA-1,Immune_mixed,Immune_mixed
CTCCACACAGAGCCCT-1,Immune_mixed,Immune_mixed
CTCCACAGTAGAGGAA-1,Immune_mixed,Immune_mixed
CTCCACAGTGTGTGTT-1,"B_cells,0",B_cells
CTCCACATCAACCGAT-1,Immune_mixed,Immune_mixed
CTCCACATCAGTGATC-1,Erythroid,Erythroid
CTCCACATCATTACTC-1,Immune_mixed,Immune_mixed
CTCCATGAGACTAGAT-1,Immune_mixed,Immune_mixed
CTCCATGCAAGGGCAT-1,Immune_mixed,Immune_mixed
CTCCATGCAGCTACAT-1,Immune_mixed,Immune_mixed
CTCCATGCAGTATTCG-1,Immune_mixed,Immune_mixed
CTCCATGGTATGAAAC-1,Immune_mixed,Immune_mixed
CTCCATGGTATGGAGC-1,Immune_mixed,Immune_mixed
CTCCATGGTCATAGTC-1,Myeloid,Myeloid
CTCCATGGTCTGGTTA-1,Immune_mixed,Immune_mixed
CTCCATGGTGCCTGCA-1,Myeloid,Myeloid
CTCCATGGTGGAGAAA-1,Immune_mixed,Immune_mixed
CTCCATGTCCTTCTGG-1,Immune_mixed,Immune_mixed
CTCCATGTCGTCTACC-1,Erythroid,Erythroid
CTCCCAAAGGCCACCT-1,Myeloid,Myeloid
CTCCCAAAGTGCTACT-1,Immune_mixed,Immune_mixed
CTCCCAACAGTCGGAA-1,Immune_mixed,Immune_mixed
CTCCCAAGTATGAGGC-1,Immune_mixed,Immune_mixed
CTCCCAAGTCATACCA-1,Myeloid,Myeloid
CTCCCAAGTGACTCGC-1,Myeloid,Myeloid
CTCCCAAGTTATTCTC-1,Immune_mixed,Immune_mixed
CTCCCAAGTTGTTTGG-1,Erythroid,Erythroid
CTCCCAATCCATTGGA-1,Erythroid,Erythroid
CTCCCTCAGCGATGAC-1,Immune_mixed,Immune_mixed
CTCCCTCCAAGTGCTT-1,Immune_mixed,Immune_mixed
CTCCCTCTCGGTCTAA-1,Immune_mixed,Immune_mixed
CTCCCTCTCGTCAACA-1,Immune_mixed,Immune_mixed
CTCCGATAGTTGCCTA-1,Erythroid,Erythroid
CTCCGATCAACGATTC-1,Immune_mixed,Immune_mixed
CTCCGATCACGACGTC-1,Erythroid,Erythroid
CTCCGATCATTAAGCC-1,Erythroid,Erythroid
CTCCGATGTCAAAGCG-1,Erythroid,Erythroid
CTCCGATGTCGCACGT-1,Immune_mixed,Immune_mixed
CTCCGATGTCTAGATC-1,Immune_mixed,Immune_mixed
CTCCGATGTGAGCGAT-1,Myeloid,Myeloid
CTCCGATGTTTACCTT-1,Immune_mixed,Immune_mixed
CTCCTCCAGATCCCAT-1,Immune_mixed,Immune_mixed
CTCCTCCAGTCGAAAT-1,Immune_mixed,Immune_mixed
CTCCTCCCACAAATAG-1,"B_cells,0",B_cells
CTCCTCCGTGCTTATG-1,Erythroid,Erythroid
CTCCTTTAGCACCGAA-1,Immune_mixed,Immune_mixed
CTCCTTTCAGAGGACT-1,Erythroid,Erythroid
CTCCTTTGTAAGCAAT-1,Immune_mixed,Immune_mixed
CTCCTTTGTCCACTTC-1,Immune_mixed,Immune_mixed
CTCCTTTGTCGGTAAG-1,Immune_mixed,Immune_mixed
CTCCTTTGTGTGTCGC-1,Immune_mixed,Immune_mixed
CTCCTTTTCACACCGG-1,Erythroid,Erythroid
CTCCTTTTCGCCAACG-1,"B_cells,0",B_cells
CTCCTTTTCTCCTACG-1,Immune_mixed,Immune_mixed
CTCCTTTTCTGATGGT-1,Erythroid,Erythroid
CTCCTTTTCTTTGATC-1,Erythroid,Erythroid
CTCGAGGCAACGTTAC-1,Immune_mixed,Immune_mixed
CTCGAGGCAAGTGTCT-1,"B_cells,0",B_cells
CTCGAGGCACTTCTCG-1,Immune_mixed,Immune_mixed
CTCGAGGCAGGGAGAG-1,Immune_mixed,Immune_mixed
CTCGAGGCATCGAGCC-1,Immune_mixed,Immune_mixed
CTCGAGGCATGAAGGC-1,Erythroid,Erythroid
CTCGAGGTCACGAACT-1,Erythroid,Erythroid
CTCTCAGAGCATCGAG-1,Immune_mixed,Immune_mixed
CTCTCAGAGGTGCTTT-1,Immune_mixed,Immune_mixed
CTCTCAGCACACTGGC-1,Immune_mixed,Immune_mixed
CTCTCAGCACAGCCTG-1,Immune_mixed,Immune_mixed
CTCTCAGCAGAACATA-1,Immune_mixed,Immune_mixed
CTCTCAGCAGCATGCC-1,Immune_mixed,Immune_mixed
CTCTCAGCATTCACAG-1,Immune_mixed,Immune_mixed
CTCTCAGGTAAGCTCT-1,Erythroid,Erythroid
CTCTCAGGTGGCTTAT-1,Immune_mixed,Immune_mixed
CTCTCAGGTTTGGAAA-1,"B_cells,0",B_cells
CTCTCAGTCCTCCACA-1,"B_cells,0",B_cells
CTCTCAGTCTAGTGAC-1,Immune_mixed,Immune_mixed
CTCTCGACAATAACCC-1,Immune_mixed,Immune_mixed
CTCTCGACAATCGTCA-1,Immune_mixed,Immune_mixed
CTCTCGACACCGAATT-1,Myeloid,Myeloid
CTCTCGACACTAACGT-1,Erythroid,Erythroid
CTCTCGAGTCCCTGAG-1,Immune_mixed,Immune_mixed
CTCTCGAGTCGTCGGT-1,Erythroid,Erythroid
CTCTCGAGTCTCACAA-1,Myeloid,Myeloid
CTCTCGAGTCTGTAGT-1,"B_cells,0",B_cells
CTCTGGTAGTCTTCGA-1,Immune_mixed,Immune_mixed
CTCTGGTAGTGAGCCA-1,Myeloid,Myeloid
CTCTGGTCAGCTCCTT-1,Immune_mixed,Immune_mixed
CTCTGGTGTATGTCCA-1,"B_cells,0",B_cells
CTCTGGTGTGGAGAAA-1,Immune_mixed,Immune_mixed
CTCTGGTTCAGGACAG-1,Immune_mixed,Immune_mixed
CTCTGGTTCCGCAACG-1,Erythroid,Erythroid
CTCTGGTTCCTCGCAT-1,Immune_mixed,Immune_mixed
CTCTGGTTCGTCAAAC-1,Immune_mixed,Immune_mixed
CTCTGGTTCTCTGGTC-1,Erythroid,Erythroid
CTGAATGAGGAAAGTG-1,Immune_mixed,Immune_mixed
CTGAATGCACCGTCTT-1,"B_cells,0",B_cells
CTGAATGCAGTTTCGA-1,Immune_mixed,Immune_mixed
CTGAATGCATTCATCT-1,Erythroid,Erythroid
CTGAATGGTATCGATC-1,Erythroid,Erythroid
CTGAATGGTCGGCCTA-1,Immune_mixed,Immune_mixed
CTGAGCGAGCAATAGT-1,"B_cells,0",B_cells
CTGAGCGAGCACGTCC-1,Immune_mixed,Immune_mixed
CTGAGCGAGCGGTAGT-1,Erythroid,Erythroid
CTGAGCGAGCTAAGTA-1,Immune_mixed,Immune_mixed
CTGAGCGAGTGCGTCC-1,"B_cells,1",B_cells
CTGAGCGCAAAGGATT-1,Immune_mixed,Immune_mixed
CTGAGCGCAGAACGCA-1,Erythroid,Erythroid
CTGAGCGCATCGGAGA-1,Myeloid,Myeloid
CTGAGCGGTTTGCAGT-1,"B_cells,0",B_cells
CTGAGGCAGACGCTCC-1,Immune_mixed,Immune_mixed
CTGAGGCAGGCCCAAA-1,Immune_mixed,Immune_mixed
CTGAGGCAGTTAGTAG-1,Erythroid,Erythroid
CTGAGGCCACGTCATA-1,Erythroid,Erythroid
CTGAGGCCATTAGGCT-1,Immune_mixed,Immune_mixed
CTGAGGCGTACAAACA-1,Immune_mixed,Immune_mixed
CTGAGGCGTTATCTGG-1,Erythroid,Erythroid
CTGAGGCTCATCCCGT-1,Myeloid,Myeloid
CTGAGGCTCATTGTGG-1,Immune_mixed,Immune_mixed
CTGAGGCTCCCAAGCG-1,Immune_mixed,Immune_mixed
CTGAGGCTCGAACACT-1,Immune_mixed,Immune_mixed
CTGATCCAGCCGGATA-1,Immune_mixed,Immune_mixed
CTGATCCAGTCGAATA-1,Myeloid,Myeloid
CTGATCCAGTTCGGTT-1,Immune_mixed,Immune_mixed
CTGATCCCAAGATCCT-1,Erythroid,Erythroid
CTGATCCCAAGGCGTA-1,Immune_mixed,Immune_mixed
CTGATCCCACAACGAG-1,Immune_mixed,Immune_mixed
CTGATCCCACAAGTTC-1,Myeloid,Myeloid
CTGATCCCATGTCAGT-1,Immune_mixed,Immune_mixed
CTGATCCGTAGTCTTG-1,"B_cells,0",B_cells
CTGATCCGTCATCACA-1,Erythroid,Erythroid
CTGATCCGTTCTCGTC-1,Erythroid,Erythroid
CTGATCCTCCCATACC-1,Immune_mixed,Immune_mixed
CTGATCCTCTTGGGCG-1,Erythroid,Erythroid
CTGCAGGAGACGGATC-1,Immune_mixed,Immune_mixed
CTGCAGGAGTATAGGT-1,Immune_mixed,Immune_mixed
CTGCAGGAGTTGCGAG-1,Immune_mixed,Immune_mixed
CTGCAGGGTCCTTTGC-1,Immune_mixed,Immune_mixed
CTGCAGGGTGCCGTAC-1,Myeloid,Myeloid
CTGCAGGTCGTTGTGA-1,Myeloid,Myeloid
CTGCAGGTCTCCAATT-1,Erythroid,Erythroid
CTGCATCAGGCACTAG-1,Erythroid,Erythroid
CTGCATCAGGTCACTT-1,Immune_mixed,Immune_mixed
CTGCATCAGTGTTCCA-1,"B_cells,0",B_cells
CTGCATCCAAGACGAC-1,Immune_mixed,Immune_mixed
CTGCATCCACAAGCCC-1,Erythroid,Erythroid
CTGCATCCACTGTGAT-1,Immune_mixed,Immune_mixed
CTGCATCCAGAGAATT-1,Immune_mixed,Immune_mixed
CTGCATCGTAAGGCTG-1,Immune_mixed,Immune_mixed
CTGCATCGTCGGTACC-1,Immune_mixed,Immune_mixed
CTGCATCTCAAGTAAG-1,Myeloid,Myeloid
CTGCATCTCCTGGTCT-1,Myeloid,Myeloid
CTGCCATAGAACGTGC-1,Erythroid,Erythroid
CTGCCATCACCTTCCA-1,Immune_mixed,Immune_mixed
CTGCCATCAGTCTGGC-1,Immune_mixed,Immune_mixed
CTGCCATCAGTGGGTA-1,"B_cells,1",B_cells
CTGCCATCATAACGGG-1,Immune_mixed,Immune_mixed
CTGCCATGTAGCTTGT-1,Immune_mixed,Immune_mixed
CTGCCATGTAGTATAG-1,Erythroid,Erythroid
CTGCCATGTGCGGCTT-1,Immune_mixed,Immune_mixed
CTGCCATGTTTACTGG-1,Erythroid,Erythroid
CTGCCATTCCACTTTA-1,Immune_mixed,Immune_mixed
CTGCCATTCTCGCTTG-1,Myeloid,Myeloid
CTGCCATTCTGTGTGA-1,Immune_mixed,Immune_mixed
CTGCCATTCTTTGATC-1,Immune_mixed,Immune_mixed
CTGCCTAAGAATCCCT-1,Myeloid,Myeloid
CTGCCTACAGCGTACC-1,Immune_mixed,Immune_mixed
CTGCCTAGTGCCCAGT-1,Immune_mixed,Immune_mixed
CTGCGAGAGTTGCATC-1,"B_cells,1",B_cells
CTGCGAGCACTTCTCG-1,Immune_mixed,Immune_mixed
CTGCGAGGTTAACAGA-1,Immune_mixed,Immune_mixed
CTGCGAGGTTAAGAAC-1,Myeloid,Myeloid
CTGCGAGGTTAGGACG-1,Immune_mixed,Immune_mixed
CTGCGAGTCAGGACGA-1,Myeloid,Myeloid
CTGCTCAAGCTCCATA-1,Erythroid,Erythroid
CTGCTCAAGCTCCGAC-1,Immune_mixed,Immune_mixed
CTGCTCACAGTAACCT-1,Immune_mixed,Immune_mixed
CTGCTCACATCCTGTC-1,"B_cells,0",B_cells
CTGCTCACATCGGATT-1,Immune_mixed,Immune_mixed
CTGCTCAGTGCCCGTA-1,Immune_mixed,Immune_mixed
CTGCTCATCCAGTGTA-1,Immune_mixed,Immune_mixed
CTGCTCATCGACACTA-1,"B_cells,0",B_cells
CTGCTCATCTGAGAAA-1,Myeloid,Myeloid
CTGGACGAGCAATAGT-1,Erythroid,Erythroid
CTGGACGAGCTCGACC-1,Immune_mixed,Immune_mixed
CTGGACGCATTCCTCG-1,Immune_mixed,Immune_mixed
CTGGACGTCCCAACTC-1,Immune_mixed,Immune_mixed
CTGGACGTCCGATAAC-1,"B_cells,0",B_cells
CTGGACGTCTTCCACG-1,Immune_mixed,Immune_mixed
CTGGACGTCTTCCCGA-1,Immune_mixed,Immune_mixed
CTGGCAGAGAAACTGT-1,Erythroid,Erythroid
CTGGCAGAGAAGCCTG-1,Immune_mixed,Immune_mixed
CTGGCAGAGCACTAGG-1,Immune_mixed,Immune_mixed
CTGGCAGAGTTTGAGA-1,Immune_mixed,Immune_mixed
CTGGCAGCACAAGTGG-1,Immune_mixed,Immune_mixed
CTGGCAGCATGACCCG-1,Myeloid,Myeloid
CTGGCAGCATGCGGTC-1,Immune_mixed,Immune_mixed
CTGGCAGGTACGAGTG-1,Myeloid,Myeloid
CTGGCAGGTAGTCTTG-1,Myeloid,Myeloid
CTGGCAGGTATGGGAC-1,"B_cells,0",B_cells
CTGGCAGGTGTGCTTA-1,Immune_mixed,Immune_mixed
CTGGCAGGTTAGGACG-1,Immune_mixed,Immune_mixed
CTGGCAGGTTGGACTT-1,Immune_mixed,Immune_mixed
CTGGCAGGTTTACGTG-1,Immune_mixed,Immune_mixed
CTGGCAGTCAATCGGT-1,Immune_mixed,Immune_mixed
CTGGCAGTCGACGACC-1,Myeloid,Myeloid
CTGGCAGTCGCCTATC-1,Myeloid,Myeloid
CTGGCAGTCTACGCGG-1,"B_cells,0",B_cells
CTGGCAGTCTGACGCG-1,Erythroid,Erythroid
CTGGTCTAGAATCGTA-1,Erythroid,Erythroid
CTGGTCTAGAGGTGCT-1,Immune_mixed,Immune_mixed
CTGGTCTAGCTGACCC-1,Myeloid,Myeloid
CTGGTCTAGGTCTGGA-1,Immune_mixed,Immune_mixed
CTGGTCTAGTTCCAGT-1,Immune_mixed,Immune_mixed
CTGGTCTCAGTTGAAA-1,Immune_mixed,Immune_mixed
CTGGTCTGTAATGATG-1,Myeloid,Myeloid
CTGGTCTGTATGGGAC-1,Myeloid,Myeloid
CTGGTCTGTCGCAACC-1,Immune_mixed,Immune_mixed
CTGGTCTGTTACCTTT-1,Immune_mixed,Immune_mixed
CTGGTCTTCCACGTCT-1,"B_cells,0",B_cells
CTGGTCTTCTCAGAAC-1,Immune_mixed,Immune_mixed
CTGTACCAGAGCAAGA-1,Immune_mixed,Immune_mixed
CTGTACCAGCAACAGC-1,Immune_mixed,Immune_mixed
CTGTACCAGTCTTCCC-1,Erythroid,Erythroid
CTGTACCCAAGAAACT-1,Myeloid,Myeloid
CTGTACCCACGAAGAC-1,"B_cells,0",B_cells
CTGTACCCACGACGCT-1,Immune_mixed,Immune_mixed
CTGTACCGTCTGTAAC-1,Immune_mixed,Immune_mixed
CTGTACCTCTATGCCC-1,Immune_mixed,Immune_mixed
CTGTACCTCTCGTTTA-1,"B_cells,0",B_cells
CTGTAGACAAATGGCG-1,Myeloid,Myeloid
CTGTAGACAACTCATG-1,Erythroid,Erythroid
CTGTAGACACGTGTGC-1,Immune_mixed,Immune_mixed
CTGTAGACATAAGATG-1,Immune_mixed,Immune_mixed
CTGTAGACATCATCCC-1,Immune_mixed,Immune_mixed
CTGTAGAGTCTTACAG-1,Erythroid,Erythroid
CTGTAGATCACGTCCT-1,"B_cells,0",B_cells
CTGTAGATCGAAGCAG-1,Immune_mixed,Immune_mixed
CTGTAGATCTTGGATG-1,Immune_mixed,Immune_mixed
CTGTATTCAACCCTAA-1,Immune_mixed,Immune_mixed
CTGTATTGTACAAACA-1,Myeloid,Myeloid
CTGTATTGTACGAGTG-1,Immune_mixed,Immune_mixed
CTGTATTGTTGTTGAC-1,"B_cells,0",B_cells
CTGTATTTCGATTCCC-1,Myeloid,Myeloid
CTGTCGTAGAGCTGAC-1,Immune_mixed,Immune_mixed
CTGTCGTAGAGGGTAA-1,Immune_mixed,Immune_mixed
CTGTCGTAGGAGGTTC-1,Myeloid,Myeloid
CTGTCGTCAGCCTATA-1,Immune_mixed,Immune_mixed
CTGTCGTCATGACGTT-1,Immune_mixed,Immune_mixed
CTGTCGTGTTCATCTT-1,Immune_mixed,Immune_mixed
CTGTCGTTCACTGATG-1,Erythroid,Erythroid
CTGTCGTTCGGTTCAA-1,Immune_mixed,Immune_mixed
CTGTCGTTCTACACTT-1,Immune_mixed,Immune_mixed
CTGTCGTTCTCTTCAA-1,Erythroid,Erythroid
CTGTCGTTCTGTGTGA-1,Immune_mixed,Immune_mixed
CTGTGAACATCCGTTC-1,Immune_mixed,Immune_mixed
CTGTGAACATCTGCGG-1,Immune_mixed,Immune_mixed
CTGTGAAGTAGCGCTC-1,Immune_mixed,Immune_mixed
CTGTGAAGTTCGGGTC-1,Myeloid,Myeloid
CTGTGAAGTTGCCGAC-1,Immune_mixed,Immune_mixed
CTGTGAATCGTGTTCC-1,Immune_mixed,Immune_mixed
CTGTGGGAGACTTAAG-1,Erythroid,Erythroid
CTGTGGGAGCCTGTGC-1,Immune_mixed,Immune_mixed
CTGTGGGAGCTCTGTA-1,Myeloid,Myeloid
CTGTGGGCATAATCCG-1,"B_cells,0",B_cells
CTGTGGGCATCCAATG-1,Myeloid,Myeloid
CTGTGGGGTCCTTAAG-1,"B_cells,0",B_cells
CTGTGGGTCGTGGCTG-1,Immune_mixed,Immune_mixed
CTTACCGAGACTGAGC-1,Immune_mixed,Immune_mixed
CTTACCGAGATTCGCT-1,"B_cells,1",B_cells
CTTACCGAGCCACCGT-1,"B_cells,0",B_cells
CTTACCGAGGATACCG-1,Myeloid,Myeloid
CTTACCGAGTATGCAA-1,Myeloid,Myeloid
CTTACCGCAAATCAGA-1,Immune_mixed,Immune_mixed
CTTACCGCACCCTAGG-1,Immune_mixed,Immune_mixed
CTTACCGCAGGCGAAT-1,Erythroid,Erythroid
CTTACCGCAGGGAGAG-1,Erythroid,Erythroid
CTTACCGGTCACCGAC-1,Myeloid,Myeloid
CTTACCGGTGCATGTT-1,Myeloid,Myeloid
CTTACCGGTTTCTATC-1,Immune_mixed,Immune_mixed
CTTAGGAAGATTGCGG-1,Immune_mixed,Immune_mixed
CTTAGGACAATCGAAA-1,Immune_mixed,Immune_mixed
CTTAGGACACATGGTT-1,"B_cells,1",B_cells
CTTAGGAGTCTAGATC-1,Erythroid,Erythroid
CTTAGGAGTTGGATCT-1,"B_cells,1",B_cells
CTTAGGATCTATCGGA-1,"B_cells,0",B_cells
CTTAGGATCTCTATAC-1,"B_cells,0",B_cells
CTTCAATAGCCTCTTC-1,Immune_mixed,Immune_mixed
CTTCAATAGGGCGAAG-1,Immune_mixed,Immune_mixed
CTTCAATAGTCGGCAA-1,Immune_mixed,Immune_mixed
CTTCAATAGTGCAGGT-1,"B_cells,0",B_cells
CTTCAATCAAATGATG-1,Immune_mixed,Immune_mixed
CTTCAATCACACAGCC-1,Myeloid,Myeloid
CTTCAATCATGACGTT-1,Myeloid,Myeloid
CTTCAATTCCAGCAAT-1,"B_cells,0",B_cells
CTTCCGAAGATAACAC-1,Myeloid,Myeloid
CTTCCGACAACGCATT-1,"B_cells,0",B_cells
CTTCCGACACCGTGCA-1,Immune_mixed,Immune_mixed
CTTCCGAGTAGGTACG-1,Erythroid,Erythroid
CTTCCGAGTCCCGTGA-1,Erythroid,Erythroid
CTTCCGAGTTTACTTC-1,Erythroid,Erythroid
CTTCCGATCAGTGGGA-1,Immune_mixed,Immune_mixed
CTTCCTTAGCACCTGC-1,Immune_mixed,Immune_mixed
CTTCCTTAGCCATTCA-1,"B_cells,0",B_cells
CTTCCTTCAACAGCTT-1,Immune_mixed,Immune_mixed
CTTCCTTCAACTTCTT-1,Immune_mixed,Immune_mixed
CTTCCTTCACAGGATG-1,Erythroid,Erythroid
CTTCCTTCACATCCCT-1,Immune_mixed,Immune_mixed
CTTCCTTCACTCAAGT-1,Myeloid,Myeloid
CTTCCTTCAGCGCTTG-1,Immune_mixed,Immune_mixed
CTTCCTTGTATCCCTC-1,Immune_mixed,Immune_mixed
CTTCCTTGTATCGAAA-1,"B_cells,0",B_cells
CTTCCTTTCGCGTGAC-1,"B_cells,0",B_cells
CTTCGGTAGCTTGTGT-1,Erythroid,Erythroid
CTTCGGTAGGAAGTGA-1,"B_cells,0",B_cells
CTTCGGTCAGCCGTCA-1,Immune_mixed,Immune_mixed
CTTCGGTGTATCCTTT-1,Erythroid,Erythroid
CTTCGGTGTATCTCTT-1,"B_cells,0",B_cells
CTTCGGTGTTCTCACC-1,Erythroid,Erythroid
CTTCGGTTCACCGGGT-1,Immune_mixed,Immune_mixed
CTTCTAAAGAATGTTG-1,"B_cells,0",B_cells
CTTCTAAAGATTACCC-1,Erythroid,Erythroid
CTTCTAAAGGTGATCG-1,Immune_mixed,Immune_mixed
CTTCTAAAGTAGTCTC-1,Immune_mixed,Immune_mixed
CTTCTAACAAGAGGTC-1,Erythroid,Erythroid
CTTCTAAGTAGCTTAC-1,"B_cells,0",B_cells
CTTCTAAGTATGCTTG-1,Erythroid,Erythroid
CTTCTAAGTATGTCAC-1,Erythroid,Erythroid
CTTCTAATCGAGAAAT-1,Myeloid,Myeloid
CTTCTAATCGTGCAGC-1,Immune_mixed,Immune_mixed
CTTCTCTCACCTGTCT-1,Myeloid,Myeloid
CTTCTCTTCAAACGTC-1,Immune_mixed,Immune_mixed
CTTCTCTTCATACAGC-1,Immune_mixed,Immune_mixed
CTTCTCTTCTCCTGAC-1,Immune_mixed,Immune_mixed
CTTCTCTTCTGTCTCG-1,Erythroid,Erythroid
CTTGAGAAGAAATTCG-1,Immune_mixed,Immune_mixed
CTTGAGAAGCCATTTG-1,Immune_mixed,Immune_mixed
CTTGAGAAGGATACAT-1,"B_cells,0",B_cells
CTTGAGAAGGCCCACT-1,Immune_mixed,Immune_mixed
CTTGAGAAGTAAACAC-1,Erythroid,Erythroid
CTTGAGAAGTATGGAT-1,Immune_mixed,Immune_mixed
CTTGAGAGTCTTCCGT-1,"B_cells,0",B_cells
CTTGAGAGTCTTGGTA-1,"B_cells,0",B_cells
CTTGAGAGTTCACGAT-1,"B_cells,0",B_cells
CTTGAGAGTTTGATCG-1,Immune_mixed,Immune_mixed
CTTGAGATCAACTGAC-1,Immune_mixed,Immune_mixed
CTTGAGATCCATTGCC-1,Erythroid,Erythroid
CTTGAGATCGCCATAA-1,Immune_mixed,Immune_mixed
CTTGAGATCTTCGGAA-1,Immune_mixed,Immune_mixed
CTTGATTAGACTCGAG-1,Immune_mixed,Immune_mixed
CTTGATTAGGTACCTT-1,"B_cells,0",B_cells
CTTGATTCAATTCGTG-1,Immune_mixed,Immune_mixed
CTTGATTCACCGTCTT-1,Immune_mixed,Immune_mixed
CTTGATTCATCCAACA-1,Immune_mixed,Immune_mixed
CTTGATTGTATAATGG-1,Immune_mixed,Immune_mixed
CTTGATTGTGACTGAG-1,Immune_mixed,Immune_mixed
CTTGATTGTGCGGCTT-1,Immune_mixed,Immune_mixed
CTTGATTGTTCAGTAC-1,Myeloid,Myeloid
CTTGATTTCACGGTCG-1,Immune_mixed,Immune_mixed
CTTGATTTCCCTTTGG-1,Myeloid,Myeloid
CTTTCAAAGGTTAGTA-1,Immune_mixed,Immune_mixed
CTTTCAAAGTGCAACG-1,Immune_mixed,Immune_mixed
CTTTCAACACGCAAAG-1,"B_cells,0",B_cells
CTTTCAACAGTCGCTG-1,Immune_mixed,Immune_mixed
CTTTCAAGTATTCCTT-1,"B_cells,0",B_cells
CTTTCAAGTCACCCTT-1,"B_cells,0",B_cells
CTTTCAAGTGAATGTA-1,Immune_mixed,Immune_mixed
CTTTCAAGTTATGGTC-1,Erythroid,Erythroid
CTTTCAAGTTGAAGTA-1,Erythroid,Erythroid
CTTTCAATCAAGCCTA-1,"B_cells,0",B_cells
CTTTCAATCTCTAAGG-1,Erythroid,Erythroid
CTTTCGGAGTCATCCA-1,Immune_mixed,Immune_mixed
CTTTCGGCAACAAGTA-1,Immune_mixed,Immune_mixed
CTTTCGGCACACCAGC-1,Immune_mixed,Immune_mixed
CTTTCGGCACGATAGG-1,Immune_mixed,Immune_mixed
CTTTCGGGTACGGATG-1,"B_cells,0",B_cells
CTTTCGGGTCATTGCA-1,Erythroid,Erythroid
CTTTCGGGTCTCGGGT-1,Immune_mixed,Immune_mixed
CTTTCGGGTTCTAAGC-1,Immune_mixed,Immune_mixed
CTTTCGGTCGTGGGAA-1,"B_cells,0",B_cells
CTTTCGGTCTACGGTA-1,Myeloid,Myeloid
GAAACCTAGCCATTGT-1,Immune_mixed,Immune_mixed
GAAACCTCAGTCGGAA-1,Immune_mixed,Immune_mixed
GAAACCTCATTAGGCT-1,Immune_mixed,Immune_mixed
GAAACCTGTAATGTGA-1,Erythroid,Erythroid
GAAACCTGTATACCTG-1,Immune_mixed,Immune_mixed
GAAACCTGTCTACAAC-1,Immune_mixed,Immune_mixed
GAAACCTGTCTTCGAA-1,"B_cells,0",B_cells
GAAACCTGTGTTACTG-1,Immune_mixed,Immune_mixed
GAAACCTGTTTGTTCT-1,Erythroid,Erythroid
GAAACCTTCACACCGG-1,Immune_mixed,Immune_mixed
GAAACCTTCATACAGC-1,"B_cells,0",B_cells
GAAACCTTCTAGTGTG-1,Immune_mixed,Immune_mixed
GAAATGACAGCGCTTG-1,Immune_mixed,Immune_mixed
GAAATGAGTACTGACT-1,Immune_mixed,Immune_mixed
GAAATGAGTGACCGTC-1,Immune_mixed,Immune_mixed
GAAATGATCGCGCCAA-1,Immune_mixed,Immune_mixed
GAACACTAGAGTTGTA-1,Erythroid,Erythroid
GAACACTAGATGGCGT-1,Immune_mixed,Immune_mixed
GAACACTAGGCTCCCA-1,"B_cells,0",B_cells
GAACACTAGGTAGATT-1,Erythroid,Erythroid
GAACACTCAGGTTTAC-1,Immune_mixed,Immune_mixed
GAACACTCATAAGCAA-1,Immune_mixed,Immune_mixed
GAACACTGTTCGCGTG-1,Immune_mixed,Immune_mixed
GAACACTGTTTCAGAC-1,"B_cells,0",B_cells
GAACACTTCCAAGCAT-1,Myeloid,Myeloid
GAACACTTCCGAGCTG-1,Erythroid,Erythroid
GAACGTTAGTAGTCCT-1,Erythroid,Erythroid
GAACGTTCAAATGAGT-1,"B_cells,0",B_cells
GAACGTTCAACCAGAG-1,Myeloid,Myeloid
GAACGTTCAAGTATAG-1,Immune_mixed,Immune_mixed
GAACGTTCACCGTACG-1,Immune_mixed,Immune_mixed
GAACGTTCATGTGACT-1,Immune_mixed,Immune_mixed
GAACGTTGTCTTTATC-1,Immune_mixed,Immune_mixed
GAACGTTGTGGTCTTA-1,"B_cells,0",B_cells
GAACGTTTCTGAGAGG-1,"B_cells,0",B_cells
GAACGTTTCTGAGATC-1,Erythroid,Erythroid
GAACTGTAGACCAAGC-1,Immune_mixed,Immune_mixed
GAACTGTAGATGAATC-1,"B_cells,0",B_cells
GAACTGTAGGACCCAA-1,"B_cells,0",B_cells
GAACTGTCATAGATCC-1,Immune_mixed,Immune_mixed
GAACTGTGTATCAGCT-1,"B_cells,0",B_cells
GAACTGTGTCGAATGG-1,Immune_mixed,Immune_mixed
GAACTGTGTTCCAAAC-1,"B_cells,0",B_cells
GAACTGTTCGCTTGAA-1,Immune_mixed,Immune_mixed
GAAGAATAGCTGAGTG-1,Erythroid,Erythroid
GAAGAATAGGCACAAC-1,"B_cells,0",B_cells
GAAGAATAGGGATCAC-1,Immune_mixed,Immune_mixed
GAAGAATAGGTTAGTA-1,Erythroid,Erythroid
GAAGAATCAAGACTGG-1,Immune_mixed,Immune_mixed
GAAGAATCAGTTTCAG-1,"B_cells,0",B_cells
GAAGAATCATAGAATG-1,Immune_mixed,Immune_mixed
GAAGAATCATCGATAC-1,"B_cells,0",B_cells
GAAGAATGTCAAAGCG-1,Immune_mixed,Immune_mixed
GAAGAATGTGACTCTA-1,Immune_mixed,Immune_mixed
GAAGAATGTTTGGGAG-1,Immune_mixed,Immune_mixed
GAAGAATTCATTTACC-1,Immune_mixed,Immune_mixed
GAAGAATTCCTACCGT-1,Immune_mixed,Immune_mixed
GAAGAATTCGTCGGGT-1,Myeloid,Myeloid
GAAGCCCAGAGGGTAA-1,Erythroid,Erythroid
GAAGCCCAGCGTATGG-1,Immune_mixed,Immune_mixed
GAAGCCCAGTCCCTAA-1,Erythroid,Erythroid
GAAGCCCCAAGGACAC-1,"B_cells,0",B_cells
GAAGCCCCAGCACCCA-1,"B_cells,0",B_cells
GAAGCCCGTCATCAGT-1,Immune_mixed,Immune_mixed
GAAGCCCGTCCACAGC-1,Erythroid,Erythroid
GAAGCCCGTCGCACGT-1,Immune_mixed,Immune_mixed
GAAGCGAAGTCATCCA-1,Myeloid,Myeloid
GAAGCGACAGTCTGGC-1,Immune_mixed,Immune_mixed
GAAGCGAGTGCAGGAT-1,Erythroid,Erythroid
GAAGCGAGTGTATTGC-1,Erythroid,Erythroid
GAAGCGATCATGCATG-1,Immune_mixed,Immune_mixed
GAAGCGATCCGGACTG-1,"B_cells,0",B_cells
GAAGCGATCCTTGGAA-1,Erythroid,Erythroid
GAAGCGATCGGTGAAG-1,Erythroid,Erythroid
GAAGCGATCTACTATC-1,Erythroid,Erythroid
GAAGGACAGCAGCAGT-1,Immune_mixed,Immune_mixed
GAAGGACCAACTCATG-1,Myeloid,Myeloid
GAAGGACCACGCCAGT-1,Immune_mixed,Immune_mixed
GAAGGACCAGCCTACG-1,"B_cells,0",B_cells
GAAGGACGTATTTCCT-1,"B_cells,1",B_cells
GAAGGACGTGCATTAC-1,Immune_mixed,Immune_mixed
GAAGGACGTGCCCGTA-1,Erythroid,Erythroid
GAAGGACGTTTCGCTC-1,Erythroid,Erythroid
GAAGGACTCCTTATCA-1,Erythroid,Erythroid
GAAGGACTCTGGTCAA-1,Erythroid,Erythroid
GAAGGGTAGGGTCAAC-1,Immune_mixed,Immune_mixed
GAAGGGTAGTGTTGTC-1,Immune_mixed,Immune_mixed
GAAGGGTCACACACTA-1,Erythroid,Erythroid
GAAGGGTCACCAGTAT-1,"B_cells,0",B_cells
GAAGGGTCACCATATG-1,"B_cells,0",B_cells
GAAGGGTCACTTACAG-1,Myeloid,Myeloid
GAAGGGTGTAAGTAGT-1,Immune_mixed,Immune_mixed
GAAGGGTGTTCGGTTA-1,Immune_mixed,Immune_mixed
GAAGGGTTCACACCGG-1,Immune_mixed,Immune_mixed
GAAGGGTTCACCTCTG-1,Immune_mixed,Immune_mixed
GAAGTAAAGAATCGTA-1,Myeloid,Myeloid
GAAGTAAAGTCCCAAT-1,"B_cells,0",B_cells
GAAGTAAAGTGTACAA-1,Immune_mixed,Immune_mixed
GAAGTAACAAACTAAG-1,"B_cells,0",B_cells
GAAGTAACACCCTATC-1,Erythroid,Erythroid
GAAGTAAGTAGGCTGA-1,Erythroid,Erythroid
GAAGTAATCATCCTAT-1,Immune_mixed,Immune_mixed
GAATAGAAGCATCAAA-1,Erythroid,Erythroid
GAATAGAAGCTCGACC-1,Erythroid,Erythroid
GAATAGAAGTCGGCAA-1,Immune_mixed,Immune_mixed
GAATAGACACCCTAGG-1,Myeloid,Myeloid
GAATAGAGTTGGACCC-1,Erythroid,Erythroid
GAATCACAGACTCCGC-1,Immune_mixed,Immune_mixed
GAATCACAGCTTAGTC-1,"B_cells,0",B_cells
GAATCACAGGCCATAG-1,Immune_mixed,Immune_mixed
GAATCACAGTACCCTA-1,Erythroid,Erythroid
GAATCACCACTGTGAT-1,Myeloid,Myeloid
GAATCACGTATGGTAA-1,Immune_mixed,Immune_mixed
GAATCACGTCAGATTC-1,Immune_mixed,Immune_mixed
GAATCACGTCGCACAC-1,Immune_mixed,Immune_mixed
GAATCACGTGCTATTG-1,Immune_mixed,Immune_mixed
GAATCACTCGTGTGAT-1,Erythroid,Erythroid
GAATCACTCTCTATGT-1,"B_cells,1",B_cells
GAATCGTAGCACTGGA-1,Immune_mixed,Immune_mixed
GAATCGTCAGCGATTT-1,"B_cells,0",B_cells
GAATCGTCAGGATCTT-1,Erythroid,Erythroid
GAATCGTCAGTGTACT-1,Erythroid,Erythroid
GAATCGTGTCCTCATC-1,Erythroid,Erythroid
GAATCGTTCAATCTCT-1,Myeloid,Myeloid
GAATCGTTCAGAGTTC-1,"B_cells,0",B_cells
GAATCGTTCAGGAACG-1,Immune_mixed,Immune_mixed
GAATCGTTCTGATGGT-1,Erythroid,Erythroid
GACACGCAGGAACATT-1,Immune_mixed,Immune_mixed
GACACGCCAGCGGATA-1,Immune_mixed,Immune_mixed
GACACGCCATCTGGGC-1,Erythroid,Erythroid
GACACGCGTCCTCCTA-1,Immune_mixed,Immune_mixed
GACACGCGTTTGCAGT-1,Erythroid,Erythroid
GACACGCTCCTCCACA-1,Immune_mixed,Immune_mixed
GACACGCTCTAGAGCT-1,Myeloid,Myeloid
GACACGCTCTTGGTCC-1,Myeloid,Myeloid
GACAGCCAGATTGACA-1,Immune_mixed,Immune_mixed
GACAGCCAGCACCTGC-1,"B_cells,0",B_cells
GACATCACACATGGTT-1,Myeloid,Myeloid
GACATCACAGTCCGTG-1,Immune_mixed,Immune_mixed
GACATCAGTCATATGC-1,Immune_mixed,Immune_mixed
GACATCAGTGTTCGTA-1,Erythroid,Erythroid
GACATCAGTTAAGACA-1,"B_cells,0",B_cells
GACATCATCCGAGAAG-1,Immune_mixed,Immune_mixed
GACCAATAGCCAACCC-1,Erythroid,Erythroid
GACCAATAGGTAGACC-1,Immune_mixed,Immune_mixed
GACCAATAGTACCCTA-1,Myeloid,Myeloid
GACCAATCAACTACGT-1,Immune_mixed,Immune_mixed
GACCAATCAATTTCGG-1,Immune_mixed,Immune_mixed
GACCAATCACATTCTT-1,"B_cells,1",B_cells
GACCAATCAGGTACGA-1,Immune_mixed,Immune_mixed
GACCAATGTAGTCTTG-1,Immune_mixed,Immune_mixed
GACCAATTCATAAGGA-1,Myeloid,Myeloid
GACCCAGAGCCTCATA-1,Erythroid,Erythroid
GACCCAGAGGCTGGAT-1,Immune_mixed,Immune_mixed
GACCCAGAGGTCGACA-1,"B_cells,0",B_cells
GACCCAGCATCGCCTT-1,Erythroid,Erythroid
GACCCAGGTCAAAGAT-1,Immune_mixed,Immune_mixed
GACCCAGGTCGCACAC-1,"B_cells,0",B_cells
GACCCAGGTCGTGGTC-1,Immune_mixed,Immune_mixed
GACCCTTAGATGACCG-1,Immune_mixed,Immune_mixed
GACCCTTAGCCATGCC-1,Erythroid,Erythroid
GACCCTTCAAATACAG-1,Myeloid,Myeloid
GACCCTTCAATACCTG-1,"B_cells,0",B_cells
GACCCTTCACTTCCTG-1,Immune_mixed,Immune_mixed
GACCCTTGTATCGGTT-1,Immune_mixed,Immune_mixed
GACCCTTGTGGCAGAT-1,"B_cells,0",B_cells
GACCCTTTCCATGATG-1,"B_cells,0",B_cells
GACCGTGAGTAGACAT-1,"B_cells,0",B_cells
GACCGTGAGTCGCTAT-1,Erythroid,Erythroid
GACCGTGAGTTGAATG-1,Immune_mixed,Immune_mixed
GACCGTGCAAGCTGTT-1,Myeloid,Myeloid
GACCGTGCACAAAGCG-1,Immune_mixed,Immune_mixed
GACCGTGCATCCTTGC-1,Immune_mixed,Immune_mixed
GACCGTGCATCTCATT-1,Immune_mixed,Immune_mixed
GACCGTGGTCGATTAC-1,Immune_mixed,Immune_mixed
GACCGTGGTGAACCGA-1,Immune_mixed,Immune_mixed
GACCGTGGTGATGAAT-1,Erythroid,Erythroid
GACCGTGGTTATGACC-1,Immune_mixed,Immune_mixed
GACCGTGTCAATGTCG-1,Erythroid,Erythroid
GACCGTGTCCGTGTCT-1,Immune_mixed,Immune_mixed
GACCTTCAGATGACAT-1,Immune_mixed,Immune_mixed
GACCTTCAGGTAATCA-1,Immune_mixed,Immune_mixed
GACCTTCAGTGATCGG-1,Immune_mixed,Immune_mixed
GACCTTCCACGGATCC-1,Immune_mixed,Immune_mixed
GACCTTCCATACTTTC-1,Immune_mixed,Immune_mixed
GACCTTCGTACAGAAT-1,Immune_mixed,Immune_mixed
GACCTTCTCGTTTACT-1,Erythroid,Erythroid
GACGCTGAGGCTATCT-1,"B_cells,0",B_cells
GACGCTGCATTGAAGA-1,Erythroid,Erythroid
GACGCTGGTACCTAAC-1,Myeloid,Myeloid
GACGCTGGTATTGCCA-1,Immune_mixed,Immune_mixed
GACGCTGGTGTCTTGA-1,Immune_mixed,Immune_mixed
GACGCTGGTGTGAATA-1,Immune_mixed,Immune_mixed
GACGCTGTCAAGAATG-1,Immune_mixed,Immune_mixed
GACGCTGTCTCTAAGG-1,Immune_mixed,Immune_mixed
GACGTTAAGCTAGCCC-1,Immune_mixed,Immune_mixed
GACGTTAAGGCTGTAG-1,Immune_mixed,Immune_mixed
GACGTTAAGGGCAAGG-1,Immune_mixed,Immune_mixed
GACGTTAGTCGAAGCA-1,Immune_mixed,Immune_mixed
GACGTTATCACCTTGC-1,Immune_mixed,Immune_mixed
GACGTTATCCCACAGG-1,Immune_mixed,Immune_mixed
GACGTTATCTTGGTCC-1,Erythroid,Erythroid
GACTATGAGACGCCCT-1,Myeloid,Myeloid
GACTATGAGAGATTCA-1,Immune_mixed,Immune_mixed
GACTATGAGATCGGTG-1,Immune_mixed,Immune_mixed
GACTATGAGCTCACTA-1,Erythroid,Erythroid
GACTATGAGTCATACC-1,Erythroid,Erythroid
GACTATGCAGAACTTC-1,"B_cells,0",B_cells
GACTATGGTATCATGC-1,Immune_mixed,Immune_mixed
GACTATGGTCTCGCGA-1,Immune_mixed,Immune_mixed
GACTATGTCAAGAAAC-1,Erythroid,Erythroid
GACTATGTCGATGCAT-1,Immune_mixed,Immune_mixed
GACTATGTCTCTATGT-1,Erythroid,Erythroid
GACTCAAAGACGGTCA-1,Erythroid,Erythroid
GACTCAAAGAGAGTTT-1,Immune_mixed,Immune_mixed
GACTCAAAGATGGTCG-1,Erythroid,Erythroid
GACTCAAAGTGATTCC-1,Immune_mixed,Immune_mixed
GACTCAACACGGGCTT-1,Immune_mixed,Immune_mixed
GACTCAAGTAGCGCTC-1,Immune_mixed,Immune_mixed
GACTCAAGTCGCCACA-1,Immune_mixed,Immune_mixed
GACTCAATCTACCAGA-1,Erythroid,Erythroid
GACTCAATCTGCATGA-1,Immune_mixed,Immune_mixed
GACTCTCAGATAGTCA-1,Immune_mixed,Immune_mixed
GACTCTCAGCGAGAAA-1,Myeloid,Myeloid
GACTCTCCAGCATCTA-1,Myeloid,Myeloid
GACTCTCTCGTTCTCG-1,Erythroid,Erythroid
GACTGATAGATGACAT-1,Immune_mixed,Immune_mixed
GACTGATAGCAATTCC-1,Immune_mixed,Immune_mixed
GACTGATAGCGACCCT-1,Immune_mixed,Immune_mixed
GACTGATCACACTGGC-1,Immune_mixed,Immune_mixed
GACTGATCACGGATCC-1,Erythroid,Erythroid
GACTGATCATTCTCTA-1,"B_cells,0",B_cells
GACTGATGTTACGCCG-1,Erythroid,Erythroid
GACTGATTCCACGAAT-1,Immune_mixed,Immune_mixed
GACTGATTCCCGTGAG-1,Erythroid,Erythroid
GACTTCCAGCAGCGAT-1,Myeloid,Myeloid
GACTTCCAGCCTCACG-1,Immune_mixed,Immune_mixed
GACTTCCAGTGACACG-1,Erythroid,Erythroid
GACTTCCAGTTCGCAT-1,Immune_mixed,Immune_mixed
GACTTCCCAACCAATC-1,"B_cells,0",B_cells
GACTTCCCAGTAACGG-1,"B_cells,0",B_cells
GACTTCCCAGTAGGAC-1,"B_cells,0",B_cells
GACTTCCGTTCAAACC-1,Immune_mixed,Immune_mixed
GAGAAATAGTCACACT-1,Erythroid,Erythroid
GAGAAATCACACTGGC-1,Immune_mixed,Immune_mixed
GAGAAATCAGCATGCC-1,Immune_mixed,Immune_mixed
GAGAAATGTGATAGTA-1,Immune_mixed,Immune_mixed
GAGAAATGTTCGGTAT-1,Immune_mixed,Immune_mixed
GAGAAATTCACCACAA-1,Immune_mixed,Immune_mixed
GAGAAATTCGCAGTTA-1,Immune_mixed,Immune_mixed
GAGAAATTCTAGAGCT-1,Immune_mixed,Immune_mixed
GAGAAATTCTCTGCTG-1,Immune_mixed,Immune_mixed
GAGACCCCAAAGGGCT-1,Immune_mixed,Immune_mixed
GAGACCCCAACTGGTT-1,"B_cells,0",B_cells
GAGACCCCACTGGACC-1,Erythroid,Erythroid
GAGACCCGTAATGCGG-1,Erythroid,Erythroid
GAGACCCGTACATACC-1,Immune_mixed,Immune_mixed
GAGACCCGTCATGACT-1,Immune_mixed,Immune_mixed
GAGACCCGTTATGGTC-1,Immune_mixed,Immune_mixed
GAGACCCGTTGGAGAC-1,Immune_mixed,Immune_mixed
GAGACCCTCAGTAGGG-1,Immune_mixed,Immune_mixed
GAGACCCTCCGATCGG-1,Immune_mixed,Immune_mixed
GAGACCCTCCGTGTAA-1,Myeloid,Myeloid
GAGACTTAGAGTGACC-1,Erythroid,Erythroid
GAGACTTCAGCACAGA-1,Immune_mixed,Immune_mixed
GAGACTTCATTACGGT-1,"B_cells,0",B_cells
GAGACTTGTAGCTCGC-1,Immune_mixed,Immune_mixed
GAGAGGTCAACGACAG-1,Immune_mixed,Immune_mixed
GAGAGGTCACCGCTAG-1,Immune_mixed,Immune_mixed
GAGAGGTCAGAACTAA-1,"B_cells,0",B_cells
GAGAGGTGTCGCTGCA-1,Myeloid,Myeloid
GAGAGGTGTCGTTGCG-1,Immune_mixed,Immune_mixed
GAGAGGTTCACCATAG-1,Myeloid,Myeloid
GAGAGGTTCAGTGGGA-1,Myeloid,Myeloid
GAGATGGAGACTCAAA-1,Myeloid,Myeloid
GAGATGGAGCACTCCG-1,Immune_mixed,Immune_mixed
GAGATGGAGCCTCCAG-1,Immune_mixed,Immune_mixed
GAGATGGAGCTCTATG-1,Myeloid,Myeloid
GAGATGGAGGCAGCTA-1,Immune_mixed,Immune_mixed
GAGATGGCAAAGCTAA-1,Immune_mixed,Immune_mixed
GAGATGGCAGTTCCAA-1,"B_cells,0",B_cells
GAGATGGGTCGACGCT-1,Erythroid,Erythroid
GAGATGGGTTGTGCAT-1,Myeloid,Myeloid
GAGATGGGTTTGCAGT-1,Immune_mixed,Immune_mixed
GAGATGGTCCGTAGTA-1,"B_cells,0",B_cells
GAGCCTGAGACCTGGA-1,Immune_mixed,Immune_mixed
GAGCCTGCAAAGGGTC-1,Immune_mixed,Immune_mixed
GAGCCTGCAGAAACCG-1,Immune_mixed,Immune_mixed
GAGCCTGCAGTGAGCA-1,"B_cells,1",B_cells
GAGCCTGCATGGAGAC-1,Immune_mixed,Immune_mixed
GAGCCTGGTAACGTTC-1,Myeloid,Myeloid
GAGCCTGGTACCCGAC-1,Erythroid,Erythroid
GAGCCTGGTCGTCGGT-1,Immune_mixed,Immune_mixed
GAGCCTGGTGCAGATG-1,Immune_mixed,Immune_mixed
GAGCCTGGTTACCCTC-1,Immune_mixed,Immune_mixed
GAGCCTGGTTTAGTCG-1,"B_cells,0",B_cells
GAGCTGCAGACGCTCC-1,Immune_mixed,Immune_mixed
GAGCTGCAGTTTCTTC-1,Immune_mixed,Immune_mixed
GAGCTGCCAGGATGAC-1,Immune_mixed,Immune_mixed
GAGCTGCGTCCTGGTG-1,Erythroid,Erythroid
GAGCTGCGTCTCGCGA-1,Erythroid,Erythroid
GAGCTGCTCAAGCCGC-1,Immune_mixed,Immune_mixed
GAGCTGCTCTCCCATG-1,Immune_mixed,Immune_mixed
GAGCTGCTCTGTGCGG-1,Immune_mixed,Immune_mixed
GAGGCAAAGCGCGTTC-1,Immune_mixed,Immune_mixed
GAGGCAAAGGGCGAGA-1,Immune_mixed,Immune_mixed
GAGGCAAAGGTGTGAC-1,Erythroid,Erythroid
GAGGCAAAGTATGAGT-1,Immune_mixed,Immune_mixed
GAGGCAACACTGTGTA-1,"B_cells,0",B_cells
GAGGCAACATCATCCC-1,Immune_mixed,Immune_mixed
GAGGCAAGTACGATTC-1,Myeloid,Myeloid
GAGGCAAGTCCACAGC-1,Immune_mixed,Immune_mixed
GAGGCAAGTCTACATG-1,Erythroid,Erythroid
GAGGCAAGTCTGTGTA-1,Myeloid,Myeloid
GAGGCAAGTGCCCTTT-1,"B_cells,0",B_cells
GAGGCAATCACTCGAA-1,Erythroid,Erythroid
GAGGCAATCACTTGGA-1,Immune_mixed,Immune_mixed
GAGGCCTAGGCTGAAC-1,Immune_mixed,Immune_mixed
GAGGCCTAGTATTCCG-1,Immune_mixed,Immune_mixed
GAGGCCTAGTGTCATC-1,Immune_mixed,Immune_mixed
GAGGCCTCACCGTCTT-1,Immune_mixed,Immune_mixed
GAGGCCTCAGAGGCTA-1,Erythroid,Erythroid
GAGGCCTCATAGAAAC-1,"B_cells,0",B_cells
GAGGCCTGTACATTGC-1,Immune_mixed,Immune_mixed
GAGGGATAGACTGGGT-1,Immune_mixed,Immune_mixed
GAGGGATAGGTGGTTG-1,Erythroid,Erythroid
GAGGGATAGTTGAAAC-1,Immune_mixed,Immune_mixed
GAGGGATCAAAGCTAA-1,"B_cells,0",B_cells
GAGGGATCAACGTTAC-1,Immune_mixed,Immune_mixed
GAGGGATCAAGGGTCA-1,Myeloid,Myeloid
GAGGGATGTTCCAGGC-1,Erythroid,Erythroid
GAGGGATTCAAGGTGG-1,Immune_mixed,Immune_mixed
GAGGGATTCACTTCTA-1,Myeloid,Myeloid
GAGGGATTCAGCGCAC-1,Erythroid,Erythroid
GAGGGATTCTCATTGT-1,Myeloid,Myeloid
GAGGGATTCTGGTGCG-1,Myeloid,Myeloid
GAGGGTAAGAATTGCA-1,Erythroid,Erythroid
GAGGGTAAGCGACAGT-1,"B_cells,0",B_cells
GAGGGTACAGCACAGA-1,Immune_mixed,Immune_mixed
GAGGGTAGTAGTTCCA-1,Erythroid,Erythroid
GAGGGTAGTGTCACAT-1,Immune_mixed,Immune_mixed
GAGGGTAGTTCAGGTT-1,"B_cells,0",B_cells
GAGGGTAGTTGCTCCT-1,Myeloid,Myeloid
GAGGGTAGTTTGGGAG-1,Immune_mixed,Immune_mixed
GAGGGTATCGTAACCA-1,"B_cells,0",B_cells
GAGTCATAGTGCCAGA-1,"B_cells,0",B_cells
GAGTCATCAAGCCTGC-1,Immune_mixed,Immune_mixed
GAGTCATCAGCCTTCT-1,Immune_mixed,Immune_mixed
GAGTCATCATTGTAGC-1,Immune_mixed,Immune_mixed
GAGTCATGTAACATAG-1,Immune_mixed,Immune_mixed
GAGTCATGTTGCGGCT-1,Immune_mixed,Immune_mixed
GAGTCATGTTGGCCGT-1,Myeloid,Myeloid
GAGTCATGTTTAGACC-1,"B_cells,0",B_cells
GAGTCATTCCGAAGGA-1,Immune_mixed,Immune_mixed
GAGTCATTCGATAACC-1,Immune_mixed,Immune_mixed
GAGTCATTCTACTATC-1,Immune_mixed,Immune_mixed
GAGTCTAAGCAAGTGC-1,Immune_mixed,Immune_mixed
GAGTCTAAGCGCCTTG-1,Immune_mixed,Immune_mixed
GAGTCTAAGGCTCCCA-1,Immune_mixed,Immune_mixed
GAGTCTAAGTCACTGT-1,Immune_mixed,Immune_mixed
GAGTCTACAATGAGCG-1,Erythroid,Erythroid
GAGTCTACAGCCTACG-1,Immune_mixed,Immune_mixed
GAGTCTAGTAGAGGAA-1,Myeloid,Myeloid
GAGTCTAGTAGTCTTG-1,Myeloid,Myeloid
GAGTCTAGTGTCGCTG-1,"B_cells,0",B_cells
GAGTCTAGTTCAAGTC-1,Erythroid,Erythroid
GAGTCTAGTTGCCATA-1,Myeloid,Myeloid
GAGTCTATCAGACCCG-1,Erythroid,Erythroid
GAGTCTATCAGTCATG-1,"B_cells,0",B_cells
GAGTCTATCCCGGTAG-1,Immune_mixed,Immune_mixed
GAGTGAGAGACCATGG-1,Immune_mixed,Immune_mixed
GAGTGAGAGTCGCGAA-1,Immune_mixed,Immune_mixed
GAGTGAGCAATCAAGA-1,Immune_mixed,Immune_mixed
GAGTGAGGTAGAGGAA-1,Immune_mixed,Immune_mixed
GAGTGAGGTAGTGCGA-1,Myeloid,Myeloid
GAGTGAGTCCTCAGGG-1,Immune_mixed,Immune_mixed
GAGTGTTAGAACGCGT-1,Immune_mixed,Immune_mixed
GAGTGTTAGAGGCGGA-1,"B_cells,0",B_cells
GAGTGTTAGCAAGTCG-1,Immune_mixed,Immune_mixed
GAGTGTTAGCATACTC-1,"B_cells,0",B_cells
GAGTGTTAGCATCGAG-1,"B_cells,0",B_cells
GAGTGTTAGGGTTGCA-1,Immune_mixed,Immune_mixed
GAGTGTTCAACAGAGC-1,Erythroid,Erythroid
GAGTGTTCAAGCTCTA-1,Myeloid,Myeloid
GAGTGTTGTAACACCT-1,Immune_mixed,Immune_mixed
GAGTGTTGTGCATGTT-1,Immune_mixed,Immune_mixed
GAGTGTTGTGTCCGTG-1,Immune_mixed,Immune_mixed
GAGTGTTGTTGCAAGG-1,Erythroid,Erythroid
GAGTGTTGTTTGGAAA-1,Immune_mixed,Immune_mixed
GAGTGTTTCCATTTGT-1,Myeloid,Myeloid
GAGTGTTTCGGCGATC-1,Erythroid,Erythroid
GAGTGTTTCGTGGAAG-1,Immune_mixed,Immune_mixed
GAGTTACCAACATACC-1,Erythroid,Erythroid
GAGTTACCACCGAATT-1,"B_cells,0",B_cells
GAGTTACCACCGTCGA-1,Immune_mixed,Immune_mixed
GAGTTACCAGGCTATT-1,"B_cells,0",B_cells
GAGTTACCATCGAACT-1,Immune_mixed,Immune_mixed
GAGTTACGTCCGATCG-1,Myeloid,Myeloid
GAGTTACGTCTCGACG-1,"B_cells,0",B_cells
GAGTTACGTGCCCGTA-1,Immune_mixed,Immune_mixed
GAGTTACGTGCCGTAC-1,Myeloid,Myeloid
GAGTTACGTTTGTTGG-1,Immune_mixed,Immune_mixed
GAGTTACTCCTTGGAA-1,Immune_mixed,Immune_mixed
GAGTTGTAGGGAGGCA-1,Myeloid,Myeloid
GAGTTGTAGTCAAGCG-1,Immune_mixed,Immune_mixed
GAGTTGTCAGATCATC-1,Erythroid,Erythroid
GAGTTGTCATCGTTCC-1,Myeloid,Myeloid
GAGTTGTGTTTCCAAG-1,Immune_mixed,Immune_mixed
GAGTTGTTCAAATAGG-1,Immune_mixed,Immune_mixed
GAGTTGTTCACCTGTC-1,Erythroid,Erythroid
GAGTTGTTCATCGTAG-1,Immune_mixed,Immune_mixed
GAGTTGTTCTAGAACC-1,Immune_mixed,Immune_mixed
GAGTTGTTCTCAAAGC-1,Myeloid,Myeloid
GAGTTGTTCTGCCTCA-1,"B_cells,0",B_cells
GAGTTTGAGGTGCAGT-1,Immune_mixed,Immune_mixed
GAGTTTGAGTGCAACG-1,Immune_mixed,Immune_mixed
GAGTTTGCACGGGCTT-1,Erythroid,Erythroid
GAGTTTGGTACGACAG-1,Erythroid,Erythroid
GAGTTTGGTGAGTAAT-1,Immune_mixed,Immune_mixed
GAGTTTGTCTACTATC-1,Immune_mixed,Immune_mixed
GAGTTTGTCTGTTGGA-1,Immune_mixed,Immune_mixed
GATAGAAAGAACTTCC-1,Erythroid,Erythroid
GATAGAAAGTAGTCCT-1,Erythroid,Erythroid
GATAGAACAAGCCATT-1,Immune_mixed,Immune_mixed
GATAGAACAATACCCA-1,Erythroid,Erythroid
GATAGAACAGGACTTT-1,"B_cells,0",B_cells
GATAGAACATACGCAT-1,Immune_mixed,Immune_mixed
GATAGAAGTACTGCCG-1,"B_cells,0",B_cells
GATAGAAGTAGACGGT-1,Erythroid,Erythroid
GATAGAAGTAGATCGG-1,"B_cells,0",B_cells
GATAGAAGTCCAGCCA-1,Immune_mixed,Immune_mixed
GATAGAAGTCTCTCAC-1,Immune_mixed,Immune_mixed
GATAGAAGTGTAAATG-1,Immune_mixed,Immune_mixed
GATAGAAGTTCGTAAC-1,Immune_mixed,Immune_mixed
GATAGAATCTGTTGGA-1,"B_cells,0",B_cells
GATAGAATCTTGGGCG-1,Erythroid,Erythroid
GATAGCTAGAAGCCTG-1,Immune_mixed,Immune_mixed
GATAGCTAGAATAGTC-1,Immune_mixed,Immune_mixed
GATAGCTAGACCCTTA-1,Immune_mixed,Immune_mixed
GATAGCTAGACTCGAG-1,"B_cells,1",B_cells
GATAGCTAGCATTTGC-1,Immune_mixed,Immune_mixed
GATAGCTCAGCAATTC-1,Immune_mixed,Immune_mixed
GATAGCTCAGCATTGT-1,Immune_mixed,Immune_mixed
GATAGCTGTGCCCTTT-1,Immune_mixed,Immune_mixed
GATAGCTGTGGTATGG-1,Immune_mixed,Immune_mixed
GATAGCTGTGTGCCTG-1,Erythroid,Erythroid
GATAGCTGTTACGTAC-1,"B_cells,0",B_cells
GATAGCTTCAGGACAG-1,Immune_mixed,Immune_mixed
GATAGCTTCGGTATGT-1,Immune_mixed,Immune_mixed
GATCACACACAACCGC-1,"B_cells,0",B_cells
GATCACACATAAGCGG-1,Immune_mixed,Immune_mixed
GATCACAGTCGACTTA-1,Immune_mixed,Immune_mixed
GATCACAGTCTACGAT-1,Myeloid,Myeloid
GATCACAGTCTGTCAA-1,"B_cells,0",B_cells
GATCACATCATAGAGA-1,Erythroid,Erythroid
GATCACATCTCAGTCC-1,Erythroid,Erythroid
GATCAGTAGACTGAGC-1,"B_cells,0",B_cells
GATCAGTAGAGGTTAT-1,Myeloid,Myeloid
GATCAGTAGGACGCTA-1,Erythroid,Erythroid
GATCAGTAGGTCCCGT-1,Immune_mixed,Immune_mixed
GATCAGTCACCTGTCT-1,Immune_mixed,Immune_mixed
GATCAGTGTACTGACT-1,Myeloid,Myeloid
GATCAGTGTGACTGTT-1,Immune_mixed,Immune_mixed
GATCATGAGGAAAGTG-1,Immune_mixed,Immune_mixed
GATCATGAGGTCTACT-1,Immune_mixed,Immune_mixed
GATCATGAGTAGGCCA-1,"B_cells,0",B_cells
GATCATGAGTGATAAC-1,Immune_mixed,Immune_mixed
GATCATGCAATAGAGT-1,Immune_mixed,Immune_mixed
GATCATGCACGGTAGA-1,"B_cells,0",B_cells
GATCATGCAGAAATTG-1,Immune_mixed,Immune_mixed
GATCATGCATGCGTGC-1,Erythroid,Erythroid
GATCATGGTCCATAGT-1,Immune_mixed,Immune_mixed
GATCATGGTGACTATC-1,Erythroid,Erythroid
GATCATGGTGTCTTAG-1,Erythroid,Erythroid
GATCATGTCAGCACCG-1,Immune_mixed,Immune_mixed
GATCATGTCCATCTGC-1,Myeloid,Myeloid
GATCCCTAGAGGATCC-1,Immune_mixed,Immune_mixed
GATCCCTAGTATGACA-1,Immune_mixed,Immune_mixed
GATCCCTCAAGAGTGC-1,Immune_mixed,Immune_mixed
GATCCCTCAATGAACA-1,Immune_mixed,Immune_mixed
GATCCCTCAGCGTATT-1,Myeloid,Myeloid
GATCCCTCAGGCTTGC-1,Myeloid,Myeloid
GATCCCTGTCGGTAAG-1,Immune_mixed,Immune_mixed
GATCCCTTCATGAGGG-1,Erythroid,Erythroid
GATCCCTTCGGTCGAC-1,Immune_mixed,Immune_mixed
GATCCCTTCTATCACT-1,Immune_mixed,Immune_mixed
GATCGTAAGGTTCATC-1,Immune_mixed,Immune_mixed
GATCGTACAATAGAGT-1,"B_cells,0",B_cells
GATCGTAGTCAGGCAA-1,Immune_mixed,Immune_mixed
GATCGTAGTGCTATTG-1,Immune_mixed,Immune_mixed
GATCGTAGTGGTATGG-1,Myeloid,Myeloid
GATCGTAGTTGATCGT-1,Erythroid,Erythroid
GATCGTAGTTGTAAAG-1,Immune_mixed,Immune_mixed
GATCGTATCAAGGAGC-1,Immune_mixed,Immune_mixed
GATCGTATCCCATAAG-1,Erythroid,Erythroid
GATCGTATCCTACACC-1,Immune_mixed,Immune_mixed
GATGACTAGACCTCCG-1,Immune_mixed,Immune_mixed
GATGACTAGCTACAAA-1,Immune_mixed,Immune_mixed
GATGACTAGGGCAGGA-1,Immune_mixed,Immune_mixed
GATGACTCAGCCTACG-1,"B_cells,0",B_cells
GATGACTCATGGGATG-1,Immune_mixed,Immune_mixed
GATGACTGTAGATCCT-1,Immune_mixed,Immune_mixed
GATGACTGTGATACCT-1,Immune_mixed,Immune_mixed
GATGACTGTGGGACAT-1,"B_cells,0",B_cells
GATGACTGTTCCTTGC-1,Erythroid,Erythroid
GATGACTGTTGATGTC-1,Immune_mixed,Immune_mixed
GATGACTTCATGAGGG-1,Immune_mixed,Immune_mixed
GATGACTTCCGCAACG-1,Immune_mixed,Immune_mixed
GATGACTTCGCGGACT-1,Immune_mixed,Immune_mixed
GATGACTTCTACCACC-1,Immune_mixed,Immune_mixed
GATGACTTCTGCTTTA-1,"B_cells,0",B_cells
GATGACTTCTGGAGAG-1,Erythroid,Erythroid
GATGACTTCTTCTGGC-1,Immune_mixed,Immune_mixed
GATGAGGAGAGAATCT-1,Erythroid,Erythroid
GATGAGGAGGAAAGAC-1,Immune_mixed,Immune_mixed
GATGAGGAGGAGGTTC-1,"B_cells,0",B_cells
GATGAGGCAAGACGGT-1,Erythroid,Erythroid
GATGAGGCAGCCCAGT-1,"B_cells,0",B_cells
GATGAGGGTATCATGC-1,"B_cells,0",B_cells
GATGAGGGTATCGCAT-1,Immune_mixed,Immune_mixed
GATGAGGTCATTGCCC-1,"B_cells,0",B_cells
GATGAGGTCCCTTTGG-1,Myeloid,Myeloid
GATGAGGTCCTTCACG-1,Immune_mixed,Immune_mixed
GATGAGGTCGGAGTGA-1,Immune_mixed,Immune_mixed
GATGAGGTCTATCGGA-1,Erythroid,Erythroid
GATGAGGTCTTACGTT-1,Immune_mixed,Immune_mixed
GATGAGGTCTTCCCGA-1,Immune_mixed,Immune_mixed
GATGATCAGAGAGTGA-1,Immune_mixed,Immune_mixed
GATGATCAGATCCGAG-1,Immune_mixed,Immune_mixed
GATGATCAGTGGTTCT-1,Immune_mixed,Immune_mixed
GATGATCCACAATGCT-1,Immune_mixed,Immune_mixed
GATGATCCATCGCTAA-1,Immune_mixed,Immune_mixed
GATGATCGTACAATAG-1,Myeloid,Myeloid
GATGATCGTCTCCTGT-1,Immune_mixed,Immune_mixed
GATGATCGTTAACCTG-1,Erythroid,Erythroid
GATGATCGTTCGAACT-1,"B_cells,0",B_cells
GATGATCTCAACCTTT-1,"B_cells,0",B_cells
GATGATCTCCACTTCG-1,"B_cells,0",B_cells
GATGATCTCGCATTAG-1,Immune_mixed,Immune_mixed
GATGCTAAGAGAGCCT-1,Myeloid,Myeloid
GATGCTAAGATGCTAA-1,Erythroid,Erythroid
GATGCTAAGCGTTCCG-1,Erythroid,Erythroid
GATGCTAAGCTTGTGT-1,Immune_mixed,Immune_mixed
GATGCTAGTCAGCTTA-1,Immune_mixed,Immune_mixed
GATGCTAGTCCAGCAC-1,Immune_mixed,Immune_mixed
GATGCTATCCACTTTA-1,Immune_mixed,Immune_mixed
GATGCTATCCTACGGG-1,Erythroid,Erythroid
GATGGAGAGAGATTCA-1,Immune_mixed,Immune_mixed
GATGGAGAGCCTCCAG-1,Erythroid,Erythroid
GATGGAGAGTAAGACT-1,Myeloid,Myeloid
GATGGAGCAGGAGGTT-1,"B_cells,0",B_cells
GATGGAGCATCAGTCA-1,Erythroid,Erythroid
GATGGAGCATGCACTA-1,Immune_mixed,Immune_mixed
GATGGAGCATGGATCT-1,Myeloid,Myeloid
GATGTTGAGAATTTGG-1,"B_cells,1",B_cells
GATGTTGAGGATTTGA-1,Immune_mixed,Immune_mixed
GATGTTGAGTGTTGTC-1,Myeloid,Myeloid
GATGTTGGTAAGTTAG-1,Erythroid,Erythroid
GATGTTGGTAATCAGA-1,Immune_mixed,Immune_mixed
GATGTTGGTCATTCCC-1,Immune_mixed,Immune_mixed
GATGTTGGTGAGTCAG-1,Erythroid,Erythroid
GATGTTGGTGCAGTGA-1,Myeloid,Myeloid
GATGTTGGTGTACATC-1,Immune_mixed,Immune_mixed
GATGTTGGTGTATTGC-1,Myeloid,Myeloid
GATGTTGGTGTTCGAT-1,"B_cells,0",B_cells
GATGTTGTCAGCTGTA-1,Myeloid,Myeloid
GATGTTGTCGGAGTAG-1,"B_cells,1",B_cells
GATTCGAAGAATGTTG-1,Immune_mixed,Immune_mixed
GATTCGAAGCGCCTTG-1,Myeloid,Myeloid
GATTCGAAGGTCCCTG-1,Erythroid,Erythroid
GATTCGACAGGCCCTA-1,Immune_mixed,Immune_mixed
GATTCGAGTAGTACGG-1,Immune_mixed,Immune_mixed
GATTCGAGTCCCTCAT-1,Immune_mixed,Immune_mixed
GATTCGAGTGTTGATC-1,Immune_mixed,Immune_mixed
GATTCGATCCACGTCT-1,Immune_mixed,Immune_mixed
GATTCTTAGCTACGTT-1,"B_cells,1",B_cells
GATTCTTAGTAATCCC-1,Erythroid,Erythroid
GATTCTTAGTACAGCG-1,Immune_mixed,Immune_mixed
GATTCTTCAATAGGGC-1,"B_cells,0",B_cells
GATTCTTCAGACCGCT-1,"B_cells,0",B_cells
GATTCTTCAGAGGCTA-1,"B_cells,0",B_cells
GATTCTTCATAGATGA-1,Erythroid,Erythroid
GATTCTTGTCAGTCTA-1,Immune_mixed,Immune_mixed
GATTCTTGTGGACCTC-1,Immune_mixed,Immune_mixed
GATTCTTGTTCTGACA-1,Erythroid,Erythroid
GATTCTTTCACCCATC-1,Immune_mixed,Immune_mixed
GATTCTTTCGAGAGAC-1,Erythroid,Erythroid
GATTCTTTCGTTCGCT-1,Immune_mixed,Immune_mixed
GATTGGTAGACCACGA-1,Immune_mixed,Immune_mixed
GATTGGTAGTCTTGGT-1,Myeloid,Myeloid
GATTGGTCAAGACCTT-1,Erythroid,Erythroid
GATTGGTCACGGTGTC-1,Immune_mixed,Immune_mixed
GATTGGTCATCCGGCA-1,Myeloid,Myeloid
GATTGGTCATGCGTGC-1,Immune_mixed,Immune_mixed
GATTGGTCATTGGCAT-1,Immune_mixed,Immune_mixed
GATTGGTGTGACCGAA-1,Immune_mixed,Immune_mixed
GATTGGTGTGGCGTAA-1,Immune_mixed,Immune_mixed
GATTGGTGTTCCAGGC-1,Immune_mixed,Immune_mixed
GATTGGTTCATTCACT-1,Immune_mixed,Immune_mixed
GATTGGTTCCGATAGT-1,Immune_mixed,Immune_mixed
GATTGGTTCTATCGGA-1,Erythroid,Erythroid
GATTGGTTCTTAGCAG-1,Immune_mixed,Immune_mixed
GATTTCTAGGAGCTGT-1,"B_cells,0",B_cells
GATTTCTAGGGCGAAG-1,Erythroid,Erythroid
GATTTCTCACGCGTGT-1,"B_cells,0",B_cells
GATTTCTGTCGAGCTC-1,Erythroid,Erythroid
GATTTCTGTTTACGTG-1,Immune_mixed,Immune_mixed
GATTTCTTCCGCTAGG-1,"B_cells,0",B_cells
GATTTCTTCCGGCTTT-1,Immune_mixed,Immune_mixed
GATTTCTTCGCTGATA-1,"B_cells,0",B_cells
GATTTCTTCTGCACCT-1,Immune_mixed,Immune_mixed
GCAACATAGCTGAAAT-1,"B_cells,0",B_cells
GCAACATCAGTTTGGT-1,Immune_mixed,Immune_mixed
GCAACATCATACTGAC-1,Immune_mixed,Immune_mixed
GCAACATCATTAGGCT-1,Immune_mixed,Immune_mixed
GCAACATGTACACTCA-1,Myeloid,Myeloid
GCAACATGTCCGAAAG-1,"B_cells,0",B_cells
GCAACATGTCTAACGT-1,Immune_mixed,Immune_mixed
GCAACATTCACTTGTT-1,Immune_mixed,Immune_mixed
GCAACATTCATAGAGA-1,Erythroid,Erythroid
GCAACATTCATTACTC-1,Immune_mixed,Immune_mixed
GCAACATTCATTTGGG-1,Immune_mixed,Immune_mixed
GCAACATTCCGTAGGC-1,Immune_mixed,Immune_mixed
GCAACCGAGAACTTCC-1,Immune_mixed,Immune_mixed
GCAACCGAGAGCATAT-1,Immune_mixed,Immune_mixed
GCAACCGAGGGACCAT-1,Immune_mixed,Immune_mixed
GCAACCGGTACAGAGC-1,"B_cells,0",B_cells
GCAACCGGTCAACACT-1,"B_cells,0",B_cells
GCAACCGGTGATCGTT-1,Immune_mixed,Immune_mixed
GCAACCGGTGCAACGA-1,Immune_mixed,Immune_mixed
GCAACCGTCTATTTCG-1,Immune_mixed,Immune_mixed
GCAACCGTCTCGCTCA-1,Erythroid,Erythroid
GCACATAAGATGAACT-1,Myeloid,Myeloid
GCACATAAGCGAATGC-1,"B_cells,0",B_cells
GCACATAAGCGTCAGA-1,Myeloid,Myeloid
GCACATAAGCTACAAA-1,"B_cells,0",B_cells
GCACATAAGTCAACAA-1,Immune_mixed,Immune_mixed
GCACATAGTGGTCCGT-1,Erythroid,Erythroid
GCACATAGTTCCATTT-1,Myeloid,Myeloid
GCACATAGTTTGGAAA-1,Erythroid,Erythroid
GCACATATCACAAGAA-1,"B_cells,1",B_cells
GCACATATCTCAAAGC-1,Myeloid,Myeloid
GCACGGTAGACCAACG-1,Myeloid,Myeloid
GCACGGTAGCGACTGA-1,Immune_mixed,Immune_mixed
GCACGGTAGCGTCGAA-1,Immune_mixed,Immune_mixed
GCACGGTAGTGTACAA-1,Immune_mixed,Immune_mixed
GCACGGTCAGCTCGGT-1,"B_cells,1",B_cells
GCACGGTCATCCTATT-1,Immune_mixed,Immune_mixed
GCACGGTGTATCTCTT-1,Erythroid,Erythroid
GCACGGTGTCGCATCG-1,Erythroid,Erythroid
GCACGGTTCCTAGCTC-1,Immune_mixed,Immune_mixed
GCACGGTTCGCTGTTC-1,Immune_mixed,Immune_mixed
GCACGTGAGATTAGTG-1,Myeloid,Myeloid
GCACGTGAGTAGGTTA-1,Immune_mixed,Immune_mixed
GCACGTGGTCATAAAG-1,Immune_mixed,Immune_mixed
GCACGTGGTCGAACAG-1,"B_cells,0",B_cells
GCACGTGGTGAAGCGT-1,"B_cells,0",B_cells
GCACGTGTCCCTCTAG-1,"B_cells,0",B_cells
GCACGTGTCGCCAGAC-1,Myeloid,Myeloid
GCACGTGTCTTCCTAA-1,Myeloid,Myeloid
GCACTAAAGCCATTGT-1,Immune_mixed,Immune_mixed
GCACTAAAGGCCTGAA-1,Erythroid,Erythroid
GCACTAACAATTGCTG-1,"B_cells,1",B_cells
GCACTAACACGGTGAA-1,Erythroid,Erythroid
GCACTAACACTGGATT-1,Immune_mixed,Immune_mixed
GCACTAACATCGAGCC-1,Immune_mixed,Immune_mixed
GCACTAAGTAGGACCA-1,Immune_mixed,Immune_mixed
GCACTAAGTGCCGTAC-1,"B_cells,0",B_cells
GCAGCCACAAGTTCGT-1,"B_cells,0",B_cells
GCAGCCACACTGCGAC-1,Immune_mixed,Immune_mixed
GCAGCCACATATCTCT-1,Erythroid,Erythroid
GCAGCCAGTAGCTTGT-1,"B_cells,0",B_cells
GCAGCCAGTATCGTTG-1,Immune_mixed,Immune_mixed
GCAGCCAGTGGTCTGC-1,Erythroid,Erythroid
GCAGCCATCAAGGTGG-1,Erythroid,Erythroid
GCAGCCATCCTGGTCT-1,Erythroid,Erythroid
GCAGCCATCGATCCCT-1,"B_cells,0",B_cells
GCAGCCATCTTTGCTA-1,Immune_mixed,Immune_mixed
GCAGCTGAGACCATGG-1,"B_cells,0",B_cells
GCAGCTGAGTCTAGAA-1,Immune_mixed,Immune_mixed
GCAGCTGCAGACTCTA-1,Immune_mixed,Immune_mixed
GCAGCTGCATGAGAAT-1,"B_cells,1",B_cells
GCAGCTGGTCGCTTGG-1,Myeloid,Myeloid
GCAGCTGGTTGCTAGT-1,Immune_mixed,Immune_mixed
GCAGCTGTCTCCGAGG-1,Myeloid,Myeloid
GCAGGCTAGAGCACTG-1,Immune_mixed,Immune_mixed
GCAGGCTAGCAACAGC-1,Immune_mixed,Immune_mixed
GCAGGCTAGCGTGTCC-1,Immune_mixed,Immune_mixed
GCAGGCTAGGCTGGAT-1,Immune_mixed,Immune_mixed
GCAGGCTCAAGTGGCA-1,Immune_mixed,Immune_mixed
GCAGGCTCACAATGCT-1,"B_cells,1",B_cells
GCAGGCTCAGCCATTA-1,Immune_mixed,Immune_mixed
GCAGGCTGTACATTGC-1,Erythroid,Erythroid
GCAGGCTGTAGCTTTG-1,"B_cells,0",B_cells
GCAGGCTGTCATCGGC-1,Immune_mixed,Immune_mixed
GCAGGCTGTTAAACCC-1,"B_cells,0",B_cells
GCAGTTAAGCATTTCG-1,Immune_mixed,Immune_mixed
GCAGTTAAGGAAAGGT-1,Immune_mixed,Immune_mixed
GCAGTTAAGGGTATAT-1,Myeloid,Myeloid
GCAGTTACAATTGCTG-1,Immune_mixed,Immune_mixed
GCAGTTACAGATCCAT-1,Erythroid,Erythroid
GCAGTTACAGCACACC-1,Immune_mixed,Immune_mixed
GCAGTTAGTTTCGATG-1,Erythroid,Erythroid
GCAGTTATCAAGCCAT-1,Immune_mixed,Immune_mixed
GCAGTTATCATGCATG-1,Immune_mixed,Immune_mixed
GCAGTTATCCCGATCT-1,Myeloid,Myeloid
GCATCGGAGACTCTAC-1,"B_cells,0",B_cells
GCATCGGAGCCTATCA-1,Erythroid,Erythroid
GCATCGGAGTGCCTCG-1,Immune_mixed,Immune_mixed
GCATCGGCAGATACTC-1,Immune_mixed,Immune_mixed
GCATCGGCATGAAAGT-1,Erythroid,Erythroid
GCATCGGCATGGTACT-1,Immune_mixed,Immune_mixed
GCATCGGGTAATGTGA-1,"B_cells,0",B_cells
GCATCGGGTATGCGGA-1,"B_cells,0",B_cells
GCATCGGGTGAGCCAA-1,Immune_mixed,Immune_mixed
GCATCGGGTGCTCTTC-1,Erythroid,Erythroid
GCATCGGGTTCGGCGT-1,Immune_mixed,Immune_mixed
GCATCGGTCACGACTA-1,Immune_mixed,Immune_mixed
GCATCGGTCAGTGATC-1,Erythroid,Erythroid
GCATCGGTCCAGCACG-1,Immune_mixed,Immune_mixed
GCATCGGTCCTCAGGG-1,Immune_mixed,Immune_mixed
GCATCGGTCGTCGCTT-1,Immune_mixed,Immune_mixed
GCATCTCAGAAGATCT-1,Erythroid,Erythroid
GCATCTCAGACGGTCA-1,"B_cells,0",B_cells
GCATCTCAGCGACATG-1,Immune_mixed,Immune_mixed
GCATCTCAGGACATCG-1,Immune_mixed,Immune_mixed
GCATCTCAGGAGAATG-1,Immune_mixed,Immune_mixed
GCATCTCAGTAGGTTA-1,Immune_mixed,Immune_mixed
GCATCTCAGTCGCCAC-1,Erythroid,Erythroid
GCATCTCAGTTATGGA-1,Myeloid,Myeloid
GCATCTCCACATCATG-1,Immune_mixed,Immune_mixed
GCATCTCCATCCAATG-1,Myeloid,Myeloid
GCATCTCGTCATCCCT-1,Erythroid,Erythroid
GCATCTCTCCGCAGTG-1,Myeloid,Myeloid
GCATCTCTCGCTGTTC-1,Immune_mixed,Immune_mixed
GCATCTCTCTCAATCT-1,"B_cells,0",B_cells
GCATGATAGAGTCACG-1,Immune_mixed,Immune_mixed
GCATGATAGCGTGAAC-1,"B_cells,0",B_cells
GCATGATAGGCCATAG-1,Immune_mixed,Immune_mixed
GCATGATAGTCGTTAC-1,Erythroid,Erythroid
GCATGATCAGACCTGC-1,"B_cells,0",B_cells
GCATGATGTCTCCCTA-1,Erythroid,Erythroid
GCATGATTCTTACGTT-1,"B_cells,0",B_cells
GCATTAGAGGTGATAT-1,Myeloid,Myeloid
GCATTAGAGGTTATAG-1,Erythroid,Erythroid
GCATTAGAGGTTCCGC-1,Erythroid,Erythroid
GCATTAGCAGGCATGA-1,Immune_mixed,Immune_mixed
GCATTAGCATAAGCGG-1,"B_cells,0",B_cells
GCATTAGGTAGACTGG-1,Immune_mixed,Immune_mixed
GCATTAGGTCCATCTC-1,Immune_mixed,Immune_mixed
GCATTAGGTGAGTCAG-1,Immune_mixed,Immune_mixed
GCATTAGGTTGGTAGG-1,Immune_mixed,Immune_mixed
GCATTAGTCAGAGCGA-1,Immune_mixed,Immune_mixed
GCATTAGTCATCCCGT-1,Immune_mixed,Immune_mixed
GCCAACGAGATTAGCA-1,Immune_mixed,Immune_mixed
GCCAACGAGGAAGTGA-1,Immune_mixed,Immune_mixed
GCCAACGAGTGAGTGC-1,Erythroid,Erythroid
GCCAACGCATTCCTCG-1,Immune_mixed,Immune_mixed
GCCAACGTCAACTGAC-1,Immune_mixed,Immune_mixed
GCCAGCAAGCCTCTGG-1,Immune_mixed,Immune_mixed
GCCAGCAAGCGTCAAG-1,Immune_mixed,Immune_mixed
GCCAGCAAGTCTGCGC-1,Immune_mixed,Immune_mixed
GCCAGCACAATAGGAT-1,"B_cells,0",B_cells
GCCAGCACAGATACCT-1,Immune_mixed,Immune_mixed
GCCAGCACAGGAACCA-1,Erythroid,Erythroid
GCCAGCACATAGGTTC-1,Erythroid,Erythroid
GCCAGCAGTCATCCGG-1,"B_cells,0",B_cells
GCCAGCAGTCCGGTGT-1,Erythroid,Erythroid
GCCAGCAGTTGTCAGT-1,Immune_mixed,Immune_mixed
GCCAGGTAGGTGATAT-1,Erythroid,Erythroid
GCCAGGTCACGGGTAA-1,"B_cells,0",B_cells
GCCAGGTCACTGCGTG-1,Immune_mixed,Immune_mixed
GCCAGGTGTCCGTACG-1,Erythroid,Erythroid
GCCAGGTGTTCCACGG-1,"B_cells,0",B_cells
GCCAGGTTCCGCGATG-1,Myeloid,Myeloid
GCCAGTGAGACAGCTG-1,Immune_mixed,Immune_mixed
GCCAGTGAGGTTGACG-1,Myeloid,Myeloid
GCCAGTGCAAGGCAAC-1,Immune_mixed,Immune_mixed
GCCAGTGGTATGCAAA-1,Immune_mixed,Immune_mixed
GCCAGTGTCCTCGCAT-1,Immune_mixed,Immune_mixed
GCCATGGAGCATGTTC-1,Erythroid,Erythroid
GCCATGGAGGGAGGTG-1,Immune_mixed,Immune_mixed
GCCATGGAGTTGGCTT-1,Myeloid,Myeloid
GCCATGGCACACCTTC-1,Immune_mixed,Immune_mixed
GCCATGGGTCAGTCTA-1,Myeloid,Myeloid
GCCATGGGTTCCGCGA-1,"B_cells,0",B_cells
GCCATGGGTTGAGGAC-1,Immune_mixed,Immune_mixed
GCCATGGTCAGCGTCG-1,Erythroid,Erythroid
GCCATGGTCCCTTGGT-1,Erythroid,Erythroid
GCCATGGTCCTGGCTT-1,Erythroid,Erythroid
GCCATGGTCGTACACA-1,"B_cells,0",B_cells
GCCATGGTCTAGCCAA-1,Immune_mixed,Immune_mixed
GCCATGGTCTCCGAGG-1,Myeloid,Myeloid
GCCATTCCACTAACGT-1,Myeloid,Myeloid
GCCATTCCAGTGGGTA-1,Immune_mixed,Immune_mixed
GCCATTCGTAACACGG-1,Immune_mixed,Immune_mixed
GCCATTCGTCACTTCC-1,Immune_mixed,Immune_mixed
GCCATTCGTTCAGCGC-1,Immune_mixed,Immune_mixed
GCCATTCTCTTGGTCC-1,Immune_mixed,Immune_mixed
GCCCAGAAGATGCGAC-1,"B_cells,0",B_cells
GCCCAGAAGGGTGAAA-1,Immune_mixed,Immune_mixed
GCCCAGAAGTTTCTTC-1,Immune_mixed,Immune_mixed
GCCCAGACAGCATTGT-1,Immune_mixed,Immune_mixed
GCCCAGACATCACAGT-1,Erythroid,Erythroid
GCCCAGAGTCTCACGG-1,Myeloid,Myeloid
GCCCAGATCCTCATAT-1,Immune_mixed,Immune_mixed
GCCCAGATCGAGTCCG-1,Myeloid,Myeloid
GCCCAGATCGTGTGAT-1,Immune_mixed,Immune_mixed
GCCCGAAAGAGGGTGG-1,Erythroid,Erythroid
GCCCGAAAGATGCAGC-1,"B_cells,0",B_cells
GCCCGAACAACCTATG-1,Erythroid,Erythroid
GCCCGAAGTACCTTCC-1,Immune_mixed,Immune_mixed
GCCCGAAGTATGGAGC-1,Immune_mixed,Immune_mixed
GCCCGAAGTCCGGTCA-1,Myeloid,Myeloid
GCCCGAAGTGAGACGT-1,Immune_mixed,Immune_mixed
GCCCGAAGTGGCTAGA-1,Myeloid,Myeloid
GCCCGAAGTGTACAGG-1,Immune_mixed,Immune_mixed
GCCCGAATCAAGCCTA-1,Immune_mixed,Immune_mixed
GCCCGAATCAGACCGC-1,Immune_mixed,Immune_mixed
GCCCGAATCCAGTGCG-1,Erythroid,Erythroid
GCCCGAATCGGACTGC-1,Immune_mixed,Immune_mixed
GCCCGAATCTCCTGTG-1,Erythroid,Erythroid
GCCGATGCAGCAGTCC-1,Erythroid,Erythroid
GCCGATGCAGTGCCTG-1,Myeloid,Myeloid
GCCGATGCATTCTCCG-1,Myeloid,Myeloid
GCCGATGGTCACGCTG-1,Immune_mixed,Immune_mixed
GCCGATGGTCAGCTTA-1,Immune_mixed,Immune_mixed
GCCGATGGTTGCTCAA-1,Immune_mixed,Immune_mixed
GCCGATGTCAATCCGA-1,Immune_mixed,Immune_mixed
GCCGATGTCATGGAGG-1,Immune_mixed,Immune_mixed
GCCGATGTCCGATCGG-1,Immune_mixed,Immune_mixed
GCCGATGTCCGCAGTG-1,Immune_mixed,Immune_mixed
GCCGATGTCGTGAGAG-1,Immune_mixed,Immune_mixed
GCCGATGTCGTGTGGC-1,"B_cells,0",B_cells
GCCGTGAAGCCTCAAT-1,Myeloid,Myeloid
GCCGTGAAGTCAGAGC-1,Immune_mixed,Immune_mixed
GCCGTGACAACGACTT-1,Immune_mixed,Immune_mixed
GCCGTGACAGATACTC-1,Immune_mixed,Immune_mixed
GCCGTGACAGCGAACA-1,Immune_mixed,Immune_mixed
GCCGTGAGTTATGACC-1,Erythroid,Erythroid
GCCGTGATCGTCTACC-1,Immune_mixed,Immune_mixed
GCCTGTTAGCTCCACG-1,Immune_mixed,Immune_mixed
GCCTGTTCAACAACAA-1,Erythroid,Erythroid
GCCTGTTGTATGCGTT-1,Myeloid,Myeloid
GCCTGTTGTCAGTCGC-1,Immune_mixed,Immune_mixed
GCCTGTTGTTGCAACT-1,Immune_mixed,Immune_mixed
GCGAGAAAGGGTGAAA-1,Immune_mixed,Immune_mixed
GCGAGAAAGGTCATCT-1,Immune_mixed,Immune_mixed
GCGAGAACAGAGTCTT-1,Immune_mixed,Immune_mixed
GCGAGAACAGCGGATA-1,Myeloid,Myeloid
GCGAGAAGTCCGATCG-1,Immune_mixed,Immune_mixed
GCGAGAATCACCATGA-1,Immune_mixed,Immune_mixed
GCGAGAATCATGCGGC-1,"B_cells,0",B_cells
GCGAGAATCGGACTTA-1,Immune_mixed,Immune_mixed
GCGATCGAGCACGGAT-1,Erythroid,Erythroid
GCGATCGAGTAATTGG-1,Myeloid,Myeloid
GCGATCGCAAGTGGGT-1,Immune_mixed,Immune_mixed
GCGATCGCACAGTGTT-1,Myeloid,Myeloid
GCGATCGCAGACGGAT-1,Erythroid,Erythroid
GCGATCGCAGGACATG-1,Immune_mixed,Immune_mixed
GCGATCGTCACGATCA-1,Immune_mixed,Immune_mixed
GCGGAAAAGGCCACCT-1,Immune_mixed,Immune_mixed
GCGGAAAAGGGTCAAC-1,Erythroid,Erythroid
GCGGAAACACGGTGTC-1,Immune_mixed,Immune_mixed
GCGGAAACAGCGTACC-1,Immune_mixed,Immune_mixed
GCGGAAACATGGCACC-1,Immune_mixed,Immune_mixed
GCGGAAAGTTCAAAGA-1,Immune_mixed,Immune_mixed
GCGGAAATCCTCTCTT-1,Immune_mixed,Immune_mixed
GCGGAAATCTCACTCG-1,Immune_mixed,Immune_mixed
GCGGATCAGATCACTC-1,Myeloid,Myeloid
GCGGATCAGGTGCATG-1,Immune_mixed,Immune_mixed
GCGGATCAGTCGTTAC-1,Immune_mixed,Immune_mixed
GCGGATCCAAGCGGAT-1,Immune_mixed,Immune_mixed
GCGGATCCATGCCGAC-1,"B_cells,0",B_cells
GCGGATCCATTAAAGG-1,Erythroid,Erythroid
GCGGATCGTCCATACA-1,Immune_mixed,Immune_mixed
GCGGATCGTGATAGAT-1,Erythroid,Erythroid
GCGGATCGTGGACCTC-1,Immune_mixed,Immune_mixed
GCGTGCAAGAGCCCAA-1,Immune_mixed,Immune_mixed
GCGTGCAAGCCGGAAT-1,Erythroid,Erythroid
GCGTGCAAGGAATGTT-1,Immune_mixed,Immune_mixed
GCGTGCAAGGCCCACT-1,Erythroid,Erythroid
GCGTGCAAGTCGAGGT-1,Immune_mixed,Immune_mixed
GCGTGCACAGGTTCCG-1,Immune_mixed,Immune_mixed
GCGTGCAGTCATACCA-1,Myeloid,Myeloid
GCGTGCAGTCTCCCTA-1,"B_cells,0",B_cells
GCGTGCATCGACACCG-1,"B_cells,0",B_cells
GCGTGCATCTGGGCAC-1,Erythroid,Erythroid
GCGTTTCAGAATAGTC-1,Immune_mixed,Immune_mixed
GCGTTTCAGGTAAGAG-1,Immune_mixed,Immune_mixed
GCGTTTCAGTCACGCC-1,Erythroid,Erythroid
GCGTTTCAGTTAGTAG-1,"B_cells,0",B_cells
GCGTTTCCAAGCGAAC-1,Erythroid,Erythroid
GCGTTTCCACGCTGCA-1,Myeloid,Myeloid
GCTACAAAGACGAAGA-1,"B_cells,0",B_cells
GCTACAAAGAGTGTTA-1,Immune_mixed,Immune_mixed
GCTACAAAGCAGTACG-1,Immune_mixed,Immune_mixed
GCTACAACAAGGTCGA-1,Immune_mixed,Immune_mixed
GCTACAACACATGAAA-1,Immune_mixed,Immune_mixed
GCTACAACAGACCATT-1,Immune_mixed,Immune_mixed
GCTACAACATAGGTAA-1,Myeloid,Myeloid
GCTACAAGTCGATTTG-1,Erythroid,Erythroid
GCTACAAGTGAGGCAT-1,"B_cells,0",B_cells
GCTACAAGTGCGACAA-1,Immune_mixed,Immune_mixed
GCTACAAGTTCTAACG-1,Immune_mixed,Immune_mixed
GCTACCTAGCTGACAG-1,Erythroid,Erythroid
GCTACCTAGTGCACCC-1,"B_cells,0",B_cells
GCTACCTCAAAGCTAA-1,Erythroid,Erythroid
GCTACCTCAAGTGACG-1,Immune_mixed,Immune_mixed
GCTACCTCATCGCCTT-1,Myeloid,Myeloid
GCTACCTGTACTTCCC-1,Immune_mixed,Immune_mixed
GCTACCTGTAGGAAAG-1,Immune_mixed,Immune_mixed
GCTACCTGTCATAAAG-1,Immune_mixed,Immune_mixed
GCTACCTTCCAAGCTA-1,Immune_mixed,Immune_mixed
GCTACCTTCCATTGGA-1,Immune_mixed,Immune_mixed
GCTACCTTCCCGGTAG-1,Immune_mixed,Immune_mixed
GCTACCTTCGTGGCGT-1,"B_cells,0",B_cells
GCTCAAAAGATTAGTG-1,Immune_mixed,Immune_mixed
GCTCAAAAGGGCAATC-1,Immune_mixed,Immune_mixed
GCTCAAACAGGCAATG-1,Immune_mixed,Immune_mixed
GCTCAAAGTACGATTC-1,"B_cells,1",B_cells
GCTCAAAGTGAATAAC-1,"B_cells,0",B_cells
GCTCAAAGTGCAATAA-1,Immune_mixed,Immune_mixed
GCTGAATAGCTTCTAG-1,Immune_mixed,Immune_mixed
GCTGAATCAAGATCCT-1,"B_cells,1",B_cells
GCTGAATCACCCTTAC-1,Erythroid,Erythroid
GCTGAATCATACTTTC-1,Myeloid,Myeloid
GCTGAATCATGTTTGG-1,Erythroid,Erythroid
GCTGAATGTATTCTCT-1,Immune_mixed,Immune_mixed
GCTGAATGTATTTCCT-1,Immune_mixed,Immune_mixed
GCTGAATGTCACTCAA-1,Immune_mixed,Immune_mixed
GCTGAATGTCTTTCTA-1,Erythroid,Erythroid
GCTGAATTCCATTTAC-1,Erythroid,Erythroid
GCTGAATTCCTTATCA-1,Immune_mixed,Immune_mixed
GCTGCAGAGAAGTCCG-1,"B_cells,0",B_cells
GCTGCAGAGTGCGCTC-1,Myeloid,Myeloid
GCTGCAGCATGTGGCC-1,Immune_mixed,Immune_mixed
GCTGCAGGTACCACGC-1,Erythroid,Erythroid
GCTGCAGGTCACCTTC-1,Immune_mixed,Immune_mixed
GCTGCAGGTCTAGGTT-1,Immune_mixed,Immune_mixed
GCTGCAGGTGGACTAG-1,Immune_mixed,Immune_mixed
GCTGCAGGTTCTCCTG-1,"B_cells,0",B_cells
GCTGGGTAGGCATGCA-1,Erythroid,Erythroid
GCTGGGTCAGTTACCA-1,Immune_mixed,Immune_mixed
GCTGGGTGTGCAGTGA-1,"B_cells,0",B_cells
GCTGGGTTCACGAACT-1,Erythroid,Erythroid
GCTGGGTTCTAACACG-1,Immune_mixed,Immune_mixed
GCTTCACAGATGCTGG-1,Myeloid,Myeloid
GCTTCACAGCGTGAGT-1,Immune_mixed,Immune_mixed
GCTTCACAGCTCGCAC-1,Immune_mixed,Immune_mixed
GCTTCACAGTATGGAT-1,Immune_mixed,Immune_mixed
GCTTCACGTGAGTTGG-1,Immune_mixed,Immune_mixed
GCTTCACGTGTATCCA-1,Immune_mixed,Immune_mixed
GCTTCACGTGTCCTAA-1,Erythroid,Erythroid
GCTTCACTCAGCGCAC-1,Erythroid,Erythroid
GCTTCACTCGTAGTGT-1,Immune_mixed,Immune_mixed
GCTTCACTCTGACAGT-1,Immune_mixed,Immune_mixed
GCTTCACTCTTACCAT-1,Erythroid,Erythroid
GCTTGGGAGAAACCAT-1,"B_cells,0",B_cells
GCTTGGGAGAAGCCAC-1,Immune_mixed,Immune_mixed
GCTTGGGAGACGCCCT-1,Myeloid,Myeloid
GCTTGGGAGGGAGAAT-1,Immune_mixed,Immune_mixed
GCTTGGGAGTTCTCTT-1,Immune_mixed,Immune_mixed
GCTTGGGCAAGTACCT-1,Immune_mixed,Immune_mixed
GCTTGGGCACGGTCTG-1,Immune_mixed,Immune_mixed
GCTTGGGCATAGCACT-1,Immune_mixed,Immune_mixed
GCTTGGGGTGCCAAGA-1,Immune_mixed,Immune_mixed
GCTTGGGTCAGCGCAC-1,Immune_mixed,Immune_mixed
GCTTGGGTCGTCCTTG-1,"B_cells,0",B_cells
GCTTGGGTCTGCATAG-1,Immune_mixed,Immune_mixed
GCTTTCGAGACTCTTG-1,Immune_mixed,Immune_mixed
GCTTTCGCAAGACCTT-1,Immune_mixed,Immune_mixed
GCTTTCGCAGCTGAGA-1,Myeloid,Myeloid
GCTTTCGCATCATCTT-1,Erythroid,Erythroid
GCTTTCGGTAGCTCGC-1,Immune_mixed,Immune_mixed
GCTTTCGGTCACTCTC-1,Myeloid,Myeloid
GCTTTCGTCGTCGGGT-1,Immune_mixed,Immune_mixed
GCTTTCGTCTACGGGC-1,Immune_mixed,Immune_mixed
GGAACCCAGCACCGTC-1,Immune_mixed,Immune_mixed
GGAACCCCAAGGGCAT-1,Erythroid,Erythroid
GGAACCCCAGGTAGTG-1,Immune_mixed,Immune_mixed
GGAACCCGTAGGTAGC-1,Immune_mixed,Immune_mixed
GGAACCCTCTCTTCAA-1,Immune_mixed,Immune_mixed
GGAACCCTCTGTAACG-1,Erythroid,Erythroid
GGAAGTGAGAGTCAAT-1,Immune_mixed,Immune_mixed
GGAAGTGAGGAAGTGA-1,Myeloid,Myeloid
GGAAGTGAGGATTTGA-1,"B_cells,0",B_cells
GGAAGTGAGGCAGGGA-1,Immune_mixed,Immune_mixed
GGAAGTGAGTAACCGG-1,Myeloid,Myeloid
GGAAGTGCAGCGCTTG-1,Erythroid,Erythroid
GGAAGTGCATGGATCT-1,Erythroid,Erythroid
GGAAGTGGTCATTCCC-1,Immune_mixed,Immune_mixed
GGAAGTGTCAAGCTTG-1,"B_cells,0",B_cells
GGAAGTGTCGGATAAA-1,Immune_mixed,Immune_mixed
GGAAGTGTCGGCTGGT-1,Immune_mixed,Immune_mixed
GGAATCTAGATTGCGG-1,Myeloid,Myeloid
GGAATCTCACCAACAT-1,Erythroid,Erythroid
GGAATCTGTATCGAGG-1,Immune_mixed,Immune_mixed
GGAATCTGTCCGGTGT-1,Immune_mixed,Immune_mixed
GGAATCTTCTATGCCC-1,Immune_mixed,Immune_mixed
GGAATGGAGCGTGTTT-1,Immune_mixed,Immune_mixed
GGAATGGAGGACTGGT-1,Immune_mixed,Immune_mixed
GGAATGGTCATTGTTC-1,"B_cells,0",B_cells
GGACGTCAGCGGGTAT-1,Immune_mixed,Immune_mixed
GGACGTCAGGTTGCCC-1,Immune_mixed,Immune_mixed
GGACGTCCAACACAGG-1,Erythroid,Erythroid
GGACGTCGTGCCGGTT-1,Myeloid,Myeloid
GGACGTCGTTTCGTTT-1,"B_cells,0",B_cells
GGACGTCTCCCATAAG-1,Erythroid,Erythroid
GGACGTCTCGCACTCT-1,Erythroid,Erythroid
GGACGTCTCGGTAACT-1,"B_cells,0",B_cells
GGACGTCTCTGCGGGT-1,Myeloid,Myeloid
GGACGTCTCTTACGGA-1,Immune_mixed,Immune_mixed
GGAGAACAGCTGCGAA-1,Immune_mixed,Immune_mixed
GGAGAACAGTTTGTCG-1,Immune_mixed,Immune_mixed
GGAGAACCAAGTGCTT-1,"B_cells,0",B_cells
GGAGAACCACACAGCC-1,Erythroid,Erythroid
GGAGAACCACCACTGG-1,Erythroid,Erythroid
GGAGAACCAGCTACAT-1,Immune_mixed,Immune_mixed
GGAGAACCAGGTGTTT-1,Erythroid,Erythroid
GGAGAACGTAAGGCTG-1,Immune_mixed,Immune_mixed
GGAGAACGTACTGACT-1,Immune_mixed,Immune_mixed
GGAGAACTCTCTCAAT-1,Immune_mixed,Immune_mixed
GGAGATGAGAAGTATC-1,Immune_mixed,Immune_mixed
GGAGATGAGGGCAGGA-1,Immune_mixed,Immune_mixed
GGAGATGCAACAAGAT-1,Immune_mixed,Immune_mixed
GGAGATGCACATGAAA-1,Immune_mixed,Immune_mixed
GGAGATGGTAATACCC-1,Immune_mixed,Immune_mixed
GGAGATGGTACGATCT-1,Immune_mixed,Immune_mixed
GGAGATGGTTGGTACT-1,Erythroid,Erythroid
GGAGATGTCGGCACTG-1,Immune_mixed,Immune_mixed
GGAGCAAAGACCATGG-1,"B_cells,0",B_cells
GGAGCAAAGTCGCCCA-1,Myeloid,Myeloid
GGAGCAACAGCTCATA-1,Immune_mixed,Immune_mixed
GGAGCAAGTCCTCCTA-1,Immune_mixed,Immune_mixed
GGAGCAAGTTCTCAGA-1,Immune_mixed,Immune_mixed
GGAGCAATCATGAAAG-1,Immune_mixed,Immune_mixed
GGAGCAATCTATGTGG-1,Myeloid,Myeloid
GGAGGATAGCTGTTCA-1,Immune_mixed,Immune_mixed
GGAGGATAGGCCTGCT-1,"B_cells,0",B_cells
GGAGGATCAGTTGTCA-1,Immune_mixed,Immune_mixed
GGAGGATGTGAGAACC-1,Immune_mixed,Immune_mixed
GGAGGATTCATCGCAA-1,Myeloid,Myeloid
GGAGGATTCATGCCGG-1,Immune_mixed,Immune_mixed
GGAGGATTCGAGAACG-1,Immune_mixed,Immune_mixed
GGAGGATTCGTCGATA-1,Erythroid,Erythroid
GGAGGTAAGTCAGCGA-1,Erythroid,Erythroid
GGAGGTAAGTTTGGCT-1,Immune_mixed,Immune_mixed
GGAGGTACAGAGTTGG-1,Immune_mixed,Immune_mixed
GGAGGTACAGCTACCG-1,Immune_mixed,Immune_mixed
GGAGGTACATGGAAGC-1,"B_cells,0",B_cells
GGAGGTAGTCGACTTA-1,Immune_mixed,Immune_mixed
GGAGGTAGTGATAGTA-1,Immune_mixed,Immune_mixed
GGAGGTAGTGGAACCA-1,Immune_mixed,Immune_mixed
GGAGGTAGTTTCCAAG-1,Immune_mixed,Immune_mixed
GGAGGTATCTCAGTCC-1,Myeloid,Myeloid
GGATCTAAGGTGCAGT-1,Immune_mixed,Immune_mixed
GGATCTACAAAGACGC-1,Erythroid,Erythroid
GGATCTACAAGCCCAC-1,"B_cells,0",B_cells
GGATCTACACGTATAC-1,Myeloid,Myeloid
GGATCTACAGCACAGA-1,"B_cells,0",B_cells
GGATCTAGTACGACTT-1,Immune_mixed,Immune_mixed
GGATCTAGTACTAAGA-1,Myeloid,Myeloid
GGATCTAGTATACCTG-1,Immune_mixed,Immune_mixed
GGATCTAGTCGACGCT-1,Immune_mixed,Immune_mixed
GGATCTAGTGAAAGTT-1,Immune_mixed,Immune_mixed
GGATCTAGTGAGATCG-1,Immune_mixed,Immune_mixed
GGATCTATCGTTAGTG-1,Immune_mixed,Immune_mixed
GGATGTTGTTATCTGG-1,Myeloid,Myeloid
GGATGTTGTTTACGAC-1,Erythroid,Erythroid
GGATGTTTCTATTGTC-1,Immune_mixed,Immune_mixed
GGATGTTTCTGGACCG-1,Immune_mixed,Immune_mixed
GGCACGTAGGAGTACC-1,Erythroid,Erythroid
GGCACGTCAACTCGAT-1,Immune_mixed,Immune_mixed
GGCACGTCACGTACTA-1,Erythroid,Erythroid
GGCACGTCAGCGGATA-1,Immune_mixed,Immune_mixed
GGCACGTCAGTTTCAG-1,Myeloid,Myeloid
GGCACGTGTACCGTCG-1,Immune_mixed,Immune_mixed
GGCACGTGTCACTCTC-1,Erythroid,Erythroid
GGCACGTTCACTACTT-1,"B_cells,0",B_cells
GGCACGTTCGTTCTAT-1,Erythroid,Erythroid
GGCAGTCAGACGGTTG-1,Immune_mixed,Immune_mixed
GGCAGTCCAAACGAGC-1,Immune_mixed,Immune_mixed
GGCAGTCGTCTTGAAC-1,Erythroid,Erythroid
GGCAGTCTCAGAGCGA-1,Immune_mixed,Immune_mixed
GGCAGTCTCAGTGTGT-1,Erythroid,Erythroid
GGCAGTCTCCACTTTA-1,Myeloid,Myeloid
GGCAGTCTCTCATGCC-1,"B_cells,0",B_cells
GGCGTCAAGGAAGTAG-1,Erythroid,Erythroid
GGCGTCAAGGGTTGCA-1,Immune_mixed,Immune_mixed
GGCGTCACAACACAAA-1,"B_cells,0",B_cells
GGCGTCACAGACTGCC-1,Immune_mixed,Immune_mixed
GGCGTCACAGAGTTGG-1,Immune_mixed,Immune_mixed
GGCGTCAGTCATGGCC-1,"B_cells,0",B_cells
GGCGTCATCACTGTTT-1,Myeloid,Myeloid
GGCGTCATCAGCACCG-1,Immune_mixed,Immune_mixed
GGCTGTGAGATAGCTA-1,Immune_mixed,Immune_mixed
GGCTGTGAGGAACGCT-1,Erythroid,Erythroid
GGCTGTGAGGGCAACT-1,Immune_mixed,Immune_mixed
GGCTGTGCACAAAGTA-1,Immune_mixed,Immune_mixed
GGCTGTGCAGAACTCT-1,Immune_mixed,Immune_mixed
GGCTGTGCATTGAAAG-1,Erythroid,Erythroid
GGCTGTGGTACATTGC-1,Immune_mixed,Immune_mixed
GGCTGTGGTATTAAGG-1,Immune_mixed,Immune_mixed
GGCTGTGGTGATCATC-1,"B_cells,0",B_cells
GGCTGTGTCGGACAAG-1,"B_cells,0",B_cells
GGCTGTGTCGGTCATA-1,Immune_mixed,Immune_mixed
GGCTTGGAGAGATTCA-1,Immune_mixed,Immune_mixed
GGCTTGGAGTGAATAC-1,Immune_mixed,Immune_mixed
GGCTTGGCACCAGCGT-1,Erythroid,Erythroid
GGCTTGGCAGTCAGTT-1,"B_cells,0",B_cells
GGCTTGGGTAATGCTC-1,Immune_mixed,Immune_mixed
GGCTTGGGTAGGCTGA-1,"B_cells,0",B_cells
GGCTTGGGTCTACAGT-1,Immune_mixed,Immune_mixed
GGCTTGGGTGAGCCAA-1,Erythroid,Erythroid
GGCTTGGGTGCATGTT-1,Immune_mixed,Immune_mixed
GGCTTGGGTGCGACAA-1,Immune_mixed,Immune_mixed
GGCTTGGGTTAGTTCG-1,Immune_mixed,Immune_mixed
GGCTTGGTCACTCGAA-1,Myeloid,Myeloid
GGCTTGGTCTGAGCAT-1,Erythroid,Erythroid
GGCTTTCAGTATGCAA-1,Erythroid,Erythroid
GGCTTTCCAAGTACCT-1,Myeloid,Myeloid
GGCTTTCCAGGTCAAG-1,Myeloid,Myeloid
GGCTTTCCATCTTAGG-1,Myeloid,Myeloid
GGCTTTCCATTATGCG-1,Erythroid,Erythroid
GGCTTTCGTTCGAACT-1,Immune_mixed,Immune_mixed
GGCTTTCTCTCATGCC-1,"B_cells,0",B_cells
GGGAAGTAGGTCCAGA-1,Erythroid,Erythroid
GGGAAGTAGTCATGCT-1,Immune_mixed,Immune_mixed
GGGAAGTCAACTGATC-1,Immune_mixed,Immune_mixed
GGGAAGTCAAGCGAGT-1,Erythroid,Erythroid
GGGAAGTCAGGCGAAT-1,Erythroid,Erythroid
GGGAAGTCAGGTCCGT-1,Immune_mixed,Immune_mixed
GGGAAGTGTACCGTGC-1,Immune_mixed,Immune_mixed
GGGAAGTGTCACTACA-1,Erythroid,Erythroid
GGGAAGTGTCCCGCAA-1,Immune_mixed,Immune_mixed
GGGAAGTGTTCGCGTG-1,"B_cells,0",B_cells
GGGAAGTTCATAGACC-1,Immune_mixed,Immune_mixed
GGGAAGTTCGACGCTG-1,Immune_mixed,Immune_mixed
GGGAAGTTCGGACTGC-1,Immune_mixed,Immune_mixed
GGGAAGTTCGGAGATG-1,Immune_mixed,Immune_mixed
GGGAAGTTCTGGCCTT-1,Immune_mixed,Immune_mixed
GGGACAAAGCAGCGAT-1,Immune_mixed,Immune_mixed
GGGACAACAACCGTAT-1,Immune_mixed,Immune_mixed
GGGACAACAAGGCAAC-1,Immune_mixed,Immune_mixed
GGGACAAGTCGCTCGA-1,Erythroid,Erythroid
GGGACAATCAAGCCGC-1,Immune_mixed,Immune_mixed
GGGACAATCTGAGTCA-1,"B_cells,0",B_cells
GGGACAATCTTTGCTA-1,"B_cells,0",B_cells
GGGACCTCAAGAGCTG-1,Immune_mixed,Immune_mixed
GGGACCTCACCCTGTT-1,Erythroid,Erythroid
GGGACCTCAGAGGACT-1,Immune_mixed,Immune_mixed
GGGACCTGTGAAAGTT-1,"B_cells,0",B_cells
GGGACCTTCCCTTCCC-1,Immune_mixed,Immune_mixed
GGGACCTTCGCTTGCT-1,Erythroid,Erythroid
GGGACTCAGATTAGAC-1,Erythroid,Erythroid
GGGACTCAGTCAGAGC-1,"B_cells,0",B_cells
GGGACTCAGTCAGGGT-1,Immune_mixed,Immune_mixed
GGGACTCCAAGATGTA-1,Myeloid,Myeloid
GGGACTCGTCGAATGG-1,Immune_mixed,Immune_mixed
GGGACTCGTCTTCGAA-1,"B_cells,1",B_cells
GGGACTCTCACATACG-1,Immune_mixed,Immune_mixed
GGGACTCTCAGGTAAA-1,Immune_mixed,Immune_mixed
GGGACTCTCTATCGGA-1,Immune_mixed,Immune_mixed
GGGAGATAGCCGATTT-1,Immune_mixed,Immune_mixed
GGGAGATAGGCCGCTT-1,Immune_mixed,Immune_mixed
GGGAGATAGGGCAAGG-1,Erythroid,Erythroid
GGGAGATAGTTGTAGA-1,Immune_mixed,Immune_mixed
GGGAGATCATCCAACA-1,Erythroid,Erythroid
GGGAGATCATCCTCAC-1,Immune_mixed,Immune_mixed
GGGAGATTCCACACAA-1,Erythroid,Erythroid
GGGAGATTCCGCATAA-1,Immune_mixed,Immune_mixed
GGGAGATTCTAGTCAG-1,"B_cells,0",B_cells
GGGAGATTCTATTTCG-1,Immune_mixed,Immune_mixed
GGGAGTAAGATCGCCC-1,"B_cells,0",B_cells
GGGAGTAAGGTTCTTG-1,Immune_mixed,Immune_mixed
GGGAGTAAGTCCTACA-1,Immune_mixed,Immune_mixed
GGGAGTACAGTCTCTC-1,Immune_mixed,Immune_mixed
GGGAGTACATCATTGG-1,"B_cells,0",B_cells
GGGAGTAGTCACTCGG-1,Immune_mixed,Immune_mixed
GGGAGTAGTTGCTGAT-1,Erythroid,Erythroid
GGGAGTATCTGGGCAC-1,Erythroid,Erythroid
GGGATCCAGCTATCCA-1,Immune_mixed,Immune_mixed
GGGATCCAGCTTAAGA-1,Myeloid,Myeloid
GGGATCCAGTGTTGTC-1,Immune_mixed,Immune_mixed
GGGATCCCAGCTTTCC-1,Immune_mixed,Immune_mixed
GGGATCCCAGTTAGAA-1,Immune_mixed,Immune_mixed
GGGATCCCATCGGATT-1,Immune_mixed,Immune_mixed
GGGATCCGTACGTAGG-1,Erythroid,Erythroid
GGGATCCGTCGATTAC-1,Immune_mixed,Immune_mixed
GGGATCCGTCTTGCTC-1,Myeloid,Myeloid
GGGATCCGTTGTGCCG-1,Myeloid,Myeloid
GGGATCCTCCTACTGC-1,Immune_mixed,Immune_mixed
GGGATCCTCTATTCGT-1,Immune_mixed,Immune_mixed
GGGATGAAGCCTCGTG-1,Erythroid,Erythroid
GGGATGAAGCGCCTCA-1,Erythroid,Erythroid
GGGATGAAGCGTTACT-1,Myeloid,Myeloid
GGGATGAAGGCGCTTC-1,Immune_mixed,Immune_mixed
GGGATGAAGTAGTGCG-1,"B_cells,0",B_cells
GGGATGACAAAGCAAT-1,"B_cells,0",B_cells
GGGATGACAGGTTTAC-1,Immune_mixed,Immune_mixed
GGGATGAGTCTACAGT-1,Myeloid,Myeloid
GGGATGAGTGTTCCAA-1,Immune_mixed,Immune_mixed
GGGATGAGTTAGAGTA-1,Immune_mixed,Immune_mixed
GGGATGATCCTAAACG-1,Immune_mixed,Immune_mixed
GGGATGATCGAGTCTA-1,"B_cells,0",B_cells
GGGATGATCGCTCATC-1,Immune_mixed,Immune_mixed
GGGCCATAGCCTTGAT-1,"B_cells,0",B_cells
GGGCCATAGGAAAGTG-1,Erythroid,Erythroid
GGGCCATCAAGGTTGG-1,Immune_mixed,Immune_mixed
GGGCCATGTGGGCTTC-1,Erythroid,Erythroid
GGGCCATTCATGAGTC-1,Erythroid,Erythroid
GGGCCATTCGGACGTC-1,"B_cells,0",B_cells
GGGCGTTAGGCACTAG-1,Immune_mixed,Immune_mixed
GGGCGTTAGTGCGCTC-1,Immune_mixed,Immune_mixed
GGGCGTTCAAATCGTC-1,Myeloid,Myeloid
GGGCGTTCAGGTAGTG-1,Immune_mixed,Immune_mixed
GGGCGTTGTAGCGTTT-1,"B_cells,0",B_cells
GGGCGTTGTGACTCTA-1,"B_cells,0",B_cells
GGGCGTTTCCCTTTGG-1,Immune_mixed,Immune_mixed
GGGCGTTTCCGGACGT-1,Immune_mixed,Immune_mixed
GGGCGTTTCCTTCTTC-1,Immune_mixed,Immune_mixed
GGGCTACAGCCTCACG-1,Immune_mixed,Immune_mixed
GGGCTACAGTCACTAC-1,Myeloid,Myeloid
GGGCTACAGTGCACCC-1,Immune_mixed,Immune_mixed
GGGCTACCAGTCAGTT-1,Myeloid,Myeloid
GGGCTACCATGTGCTA-1,Immune_mixed,Immune_mixed
GGGCTACGTATCCTTT-1,Immune_mixed,Immune_mixed
GGGCTACGTATGGTTC-1,Immune_mixed,Immune_mixed
GGGCTACTCCTTCTTC-1,Immune_mixed,Immune_mixed
GGGCTCAAGGATCATA-1,Myeloid,Myeloid
GGGCTCAAGTACCCTA-1,Immune_mixed,Immune_mixed
GGGCTCACAGGACTAG-1,Immune_mixed,Immune_mixed
GGGCTCACATAAGCAA-1,Immune_mixed,Immune_mixed
GGGCTCAGTAGACACG-1,Erythroid,Erythroid
GGGCTCAGTGGACAGT-1,Immune_mixed,Immune_mixed
GGGCTCAGTTGCAACT-1,Erythroid,Erythroid
GGGCTCATCGTCAAAC-1,Immune_mixed,Immune_mixed
GGGCTCATCTTCCAGC-1,Erythroid,Erythroid
GGGTAGAAGACTAAGT-1,Immune_mixed,Immune_mixed
GGGTAGAAGGTCGTGA-1,Immune_mixed,Immune_mixed
GGGTAGAAGGTTCAGG-1,Immune_mixed,Immune_mixed
GGGTAGAAGTATGGAT-1,Myeloid,Myeloid
GGGTAGAAGTGCGACA-1,Immune_mixed,Immune_mixed
GGGTAGAAGTTCCGGC-1,"B_cells,1",B_cells
GGGTAGACACATATCG-1,Immune_mixed,Immune_mixed
GGGTAGACAGAGGACT-1,Erythroid,Erythroid
GGGTAGACATGGCCCA-1,"B_cells,0",B_cells
GGGTAGAGTATGTGTC-1,Immune_mixed,Immune_mixed
GGGTAGAGTGTTAGCT-1,Immune_mixed,Immune_mixed
GGGTAGATCATGAGAA-1,Erythroid,Erythroid
GGGTAGATCCAAATGC-1,Erythroid,Erythroid
GGGTAGATCCAACCAA-1,Immune_mixed,Immune_mixed
GGGTAGATCGGCTTGG-1,Immune_mixed,Immune_mixed
GGGTATTAGATTGACA-1,Erythroid,Erythroid
GGGTATTCAACCGGAA-1,Erythroid,Erythroid
GGGTATTCAACGAGGT-1,Immune_mixed,Immune_mixed
GGGTATTCAGAGAAAG-1,Erythroid,Erythroid
GGGTATTCATCGAAGG-1,Immune_mixed,Immune_mixed
GGGTATTGTCCCTGTT-1,Immune_mixed,Immune_mixed
GGGTATTGTCGACGCT-1,Erythroid,Erythroid
GGGTATTGTGGCCTCA-1,Erythroid,Erythroid
GGGTATTGTTAATCGC-1,Immune_mixed,Immune_mixed
GGGTATTGTTCTGACA-1,Immune_mixed,Immune_mixed
GGGTATTTCATGGAGG-1,Erythroid,Erythroid
GGGTATTTCGTGTCAA-1,Immune_mixed,Immune_mixed
GGGTCACAGGGTCTTT-1,"B_cells,0",B_cells
GGGTCACCAACAAAGT-1,Immune_mixed,Immune_mixed
GGGTCACCAAGACCTT-1,Immune_mixed,Immune_mixed
GGGTCACGTACTGAGG-1,Immune_mixed,Immune_mixed
GGGTCACGTAGATGTA-1,Erythroid,Erythroid
GGGTCACGTCCTATAG-1,Immune_mixed,Immune_mixed
GGGTCACTCGCTCTCA-1,Immune_mixed,Immune_mixed
GGGTCTGAGACCCGCT-1,"B_cells,0",B_cells
GGGTCTGAGAGTTGTA-1,Immune_mixed,Immune_mixed
GGGTCTGAGCTCGACC-1,Myeloid,Myeloid
GGGTCTGAGGGATCTG-1,Immune_mixed,Immune_mixed
GGGTCTGCAGATAAAC-1,Immune_mixed,Immune_mixed
GGGTCTGGTGGTTTAC-1,Myeloid,Myeloid
GGGTCTGGTTGTTGAC-1,Immune_mixed,Immune_mixed
GGGTCTGGTTTGAAAG-1,Myeloid,Myeloid
GGGTCTGGTTTGGCTA-1,Immune_mixed,Immune_mixed
GGGTCTGTCACAGTGT-1,Immune_mixed,Immune_mixed
GGGTCTGTCAGTAGGG-1,Erythroid,Erythroid
GGGTCTGTCTTGTGCC-1,Myeloid,Myeloid
GGGTGAAAGCACAAAT-1,Erythroid,Erythroid
GGGTGAAAGGTAGACC-1,"B_cells,0",B_cells
GGGTGAAAGTGTACCT-1,Immune_mixed,Immune_mixed
GGGTGAAAGTGTTCAC-1,Immune_mixed,Immune_mixed
GGGTGAACAGCTGTAT-1,Erythroid,Erythroid
GGGTGAACAGTTGCGC-1,Erythroid,Erythroid
GGGTGAACATAGATCC-1,Immune_mixed,Immune_mixed
GGGTGAAGTAGCTCGC-1,"B_cells,0",B_cells
GGGTGAAGTCGTTCAA-1,Immune_mixed,Immune_mixed
GGGTGAAGTCTGTAAC-1,Immune_mixed,Immune_mixed
GGGTGAAGTTCCAGGC-1,Erythroid,Erythroid
GGGTGAAGTTTCGATG-1,Immune_mixed,Immune_mixed
GGGTGAATCATGTCAG-1,Erythroid,Erythroid
GGGTGAATCGGACAAG-1,Immune_mixed,Immune_mixed
GGGTGTCAGGATTCCT-1,Immune_mixed,Immune_mixed
GGGTGTCAGGTCGTAG-1,"B_cells,0",B_cells
GGGTGTCAGTAGAGTT-1,"B_cells,0",B_cells
GGGTGTCCAAGCCCAC-1,"B_cells,0",B_cells
GGGTGTCTCCGTAGTA-1,Immune_mixed,Immune_mixed
GGGTGTCTCGCAATGT-1,"B_cells,0",B_cells
GGGTGTCTCGCTACAA-1,Myeloid,Myeloid
GGGTGTCTCGGATAAA-1,Immune_mixed,Immune_mixed
GGGTGTCTCTCACCCA-1,Erythroid,Erythroid
GGGTTATAGGCCGCTT-1,Immune_mixed,Immune_mixed
GGGTTATAGTCACTAC-1,Immune_mixed,Immune_mixed
GGGTTATAGTTAGTGA-1,Erythroid,Erythroid
GGGTTATCAAGTGATA-1,Erythroid,Erythroid
GGGTTATCATTGTACG-1,Immune_mixed,Immune_mixed
GGGTTATGTGAGCCAA-1,"B_cells,0",B_cells
GGGTTATGTTGCTCGG-1,Immune_mixed,Immune_mixed
GGGTTATTCCCGTGAG-1,Immune_mixed,Immune_mixed
GGGTTATTCGTGCGAC-1,Myeloid,Myeloid
GGGTTATTCTTTGCTA-1,Erythroid,Erythroid
GGGTTTAAGATTAGAC-1,Myeloid,Myeloid
GGGTTTACAAATGAAC-1,Immune_mixed,Immune_mixed
GGGTTTATCGTGGAAG-1,Erythroid,Erythroid
GGGTTTATCTCACTCG-1,Myeloid,Myeloid
GGTAACTAGAAGCGCT-1,Erythroid,Erythroid
GGTAACTAGACAAGCC-1,Myeloid,Myeloid
GGTAACTAGACAGCGT-1,Immune_mixed,Immune_mixed
GGTAACTAGCACTCTA-1,Immune_mixed,Immune_mixed
GGTAACTAGCTATCTG-1,Myeloid,Myeloid
GGTAACTCAGGTGTTT-1,"B_cells,1",B_cells
GGTAACTGTCATGACT-1,Myeloid,Myeloid
GGTAACTGTCGTCATA-1,Immune_mixed,Immune_mixed
GGTAACTTCGAGAACG-1,Immune_mixed,Immune_mixed
GGTAACTTCGCTTTAT-1,Erythroid,Erythroid
GGTAATCAGAGCCATG-1,Immune_mixed,Immune_mixed
GGTAATCAGTGGATTA-1,Immune_mixed,Immune_mixed
GGTAATCCAACATCGT-1,Erythroid,Erythroid
GGTAATCCAATCTGCA-1,Immune_mixed,Immune_mixed
GGTAATCGTTACGGAG-1,Immune_mixed,Immune_mixed
GGTAATCGTTCCGTTC-1,Immune_mixed,Immune_mixed
GGTAATCTCAGCTAGT-1,Immune_mixed,Immune_mixed
GGTAATCTCGTTTACT-1,Immune_mixed,Immune_mixed
GGTAATCTCTAAGAAG-1,Erythroid,Erythroid
GGTAGAGAGCAGCCCT-1,Immune_mixed,Immune_mixed
GGTAGAGAGGTTGCCC-1,Myeloid,Myeloid
GGTAGAGAGTCATGAA-1,Immune_mixed,Immune_mixed
GGTAGAGGTGCCAAGA-1,"B_cells,0",B_cells
GGTAGAGGTTGTGTAC-1,Erythroid,Erythroid
GGTAGAGTCAGGGTAG-1,Erythroid,Erythroid
GGTAGAGTCCACGAAT-1,Immune_mixed,Immune_mixed
GGTAGAGTCTCCTGCA-1,Immune_mixed,Immune_mixed
GGTAGAGTCTGCAGCG-1,Immune_mixed,Immune_mixed
GGTCACGAGCCGTTAT-1,"B_cells,0",B_cells
GGTCACGAGTGTTGAA-1,Immune_mixed,Immune_mixed
GGTCACGTCTGCGAGC-1,Erythroid,Erythroid
GGTCTGGAGTCATAGA-1,Myeloid,Myeloid
GGTCTGGAGTCATGGG-1,Immune_mixed,Immune_mixed
GGTCTGGAGTGATTCC-1,Immune_mixed,Immune_mixed
GGTCTGGAGTGGATAT-1,Erythroid,Erythroid
GGTCTGGCAGCACAGA-1,Erythroid,Erythroid
GGTCTGGCAGTTAGAA-1,Erythroid,Erythroid
GGTCTGGGTACGAGCA-1,"B_cells,0",B_cells
GGTCTGGGTCCGGCAT-1,Immune_mixed,Immune_mixed
GGTCTGGGTCGTTCAA-1,Erythroid,Erythroid
GGTCTGGTCCTGCCAT-1,Immune_mixed,Immune_mixed
GGTGAAGAGATGTAGT-1,Myeloid,Myeloid
GGTGAAGAGCACCGAA-1,Immune_mixed,Immune_mixed
GGTGAAGCAGGAATAT-1,Immune_mixed,Immune_mixed
GGTGAAGCATAACCCA-1,Immune_mixed,Immune_mixed
GGTGAAGCATCCGGTG-1,Erythroid,Erythroid
GGTGAAGGTAGTGTGG-1,Immune_mixed,Immune_mixed
GGTGAAGGTGACAGCA-1,Immune_mixed,Immune_mixed
GGTGAAGGTGCCTGCA-1,Immune_mixed,Immune_mixed
GGTGAAGGTTGCTAGT-1,Myeloid,Myeloid
GGTGAAGTCAGGAACG-1,Immune_mixed,Immune_mixed
GGTGAAGTCTCACTCG-1,Immune_mixed,Immune_mixed
GGTGATTAGCGACTTT-1,Immune_mixed,Immune_mixed
GGTGATTCATCAGCTA-1,Erythroid,Erythroid
GGTGATTGTACAGTCT-1,Myeloid,Myeloid
GGTGATTGTCTAGGCC-1,Myeloid,Myeloid
GGTGATTGTGGAGGTT-1,Immune_mixed,Immune_mixed
GGTGATTGTTGCATGT-1,Immune_mixed,Immune_mixed
GGTGATTTCTACCACC-1,Immune_mixed,Immune_mixed
GGTGGCTAGCAGATAT-1,Immune_mixed,Immune_mixed
GGTGGCTGTGGATACG-1,Myeloid,Myeloid
GGTGGCTGTTGGAGGT-1,Erythroid,Erythroid
GGTGGCTTCATCTATC-1,Myeloid,Myeloid
GGTGGCTTCGCTCATC-1,Immune_mixed,Immune_mixed
GGTGGCTTCTCGCGTT-1,Immune_mixed,Immune_mixed
GGTGGCTTCTTTGATC-1,Immune_mixed,Immune_mixed
GGTGTCGAGATGCTTC-1,"B_cells,0",B_cells
GGTGTCGCAAGACGGT-1,Immune_mixed,Immune_mixed
GGTGTCGCACATGACT-1,Immune_mixed,Immune_mixed
GGTGTCGCATCTCAAG-1,"B_cells,1",B_cells
GGTGTCGGTGGCCCAT-1,"B_cells,0",B_cells
GGTGTCGTCATCTACT-1,Immune_mixed,Immune_mixed
GGTGTTAGTATTCCTT-1,"B_cells,0",B_cells
GGTGTTATCAAGGTGG-1,"B_cells,0",B_cells
GGTTAACAGCTCATAC-1,Erythroid,Erythroid
GGTTAACAGTATGGAT-1,Erythroid,Erythroid
GGTTAACCAAACGAGC-1,Immune_mixed,Immune_mixed
GGTTAACCACGAGGTA-1,Immune_mixed,Immune_mixed
GGTTAACCACGGTGCT-1,Immune_mixed,Immune_mixed
GGTTAACCATACACCA-1,"B_cells,0",B_cells
GGTTAACTCCAACACA-1,Erythroid,Erythroid
GGTTCTCAGACTAGAT-1,Immune_mixed,Immune_mixed
GGTTCTCAGCACTCCG-1,Immune_mixed,Immune_mixed
GGTTCTCAGCACTTTG-1,Immune_mixed,Immune_mixed
GGTTCTCAGTAGTCTC-1,Immune_mixed,Immune_mixed
GGTTCTCAGTCGTCTA-1,Immune_mixed,Immune_mixed
GGTTCTCCACCGTCTT-1,Erythroid,Erythroid
GGTTCTCGTAGTAAGT-1,Immune_mixed,Immune_mixed
GGTTCTCGTGCTATTG-1,Erythroid,Erythroid
GGTTGTAAGGCCATAG-1,Immune_mixed,Immune_mixed
GGTTGTAAGGGTCACA-1,Immune_mixed,Immune_mixed
GGTTGTACACCTTCGT-1,Myeloid,Myeloid
GGTTGTACAGGTTCCG-1,Immune_mixed,Immune_mixed
GGTTGTACAGTGTGCC-1,Myeloid,Myeloid
GGTTGTAGTGCTCCGA-1,Myeloid,Myeloid
GGTTGTAGTTGCTCAA-1,"B_cells,1",B_cells
GGTTGTATCATGAAAG-1,Immune_mixed,Immune_mixed
GTAACACAGAAGCGCT-1,Erythroid,Erythroid
GTAACACCAACACAGG-1,Immune_mixed,Immune_mixed
GTAACACCACACGTGC-1,Immune_mixed,Immune_mixed
GTAACACCAGGAGACT-1,Immune_mixed,Immune_mixed
GTAACACCATACCAGT-1,Immune_mixed,Immune_mixed
GTAACACGTACGGATG-1,Immune_mixed,Immune_mixed
GTAACACGTTTCACAG-1,Immune_mixed,Immune_mixed
GTAACACTCGATACAC-1,Immune_mixed,Immune_mixed
GTAACCAAGCCGAACA-1,Immune_mixed,Immune_mixed
GTAACCAAGTCATTGC-1,Erythroid,Erythroid
GTAACCAAGTTGCGCC-1,Erythroid,Erythroid
GTAACCACAATAACGA-1,Immune_mixed,Immune_mixed
GTAACCACAGTGCCTG-1,Erythroid,Erythroid
GTAACCAGTAGCTCGC-1,Immune_mixed,Immune_mixed
GTAACCAGTTCCTAAG-1,Immune_mixed,Immune_mixed
GTAACCAGTTCGTTCC-1,Erythroid,Erythroid
GTAACCATCACGTCCT-1,Erythroid,Erythroid
GTAACCATCAGGAAAT-1,"B_cells,0",B_cells
GTAACCATCTCTATAC-1,"B_cells,0",B_cells
GTAACCATCTTCGCTG-1,Immune_mixed,Immune_mixed
GTAAGTCAGACGCATG-1,"B_cells,0",B_cells
GTAAGTCAGGTAAGTT-1,Erythroid,Erythroid
GTAAGTCAGGTCGTCC-1,Immune_mixed,Immune_mixed
GTAAGTCCACATTCTT-1,"B_cells,0",B_cells
GTAAGTCCAGCTGAAG-1,Erythroid,Erythroid
GTAAGTCCATTCTTCA-1,Immune_mixed,Immune_mixed
GTAAGTCTCACCCTTG-1,Immune_mixed,Immune_mixed
GTAAGTCTCTACCACC-1,Immune_mixed,Immune_mixed
GTAAGTCTCTGAATGC-1,Erythroid,Erythroid
GTAATCGAGAAAGTCT-1,Immune_mixed,Immune_mixed
GTAATCGAGAATAACC-1,Erythroid,Erythroid
GTAATCGGTCATACCA-1,Immune_mixed,Immune_mixed
GTAATCGGTGCCCTTT-1,Erythroid,Erythroid
GTAATCGGTTCCAAAC-1,Immune_mixed,Immune_mixed
GTAATCGTCCGAACGC-1,Immune_mixed,Immune_mixed
GTAATGCAGAGAGTTT-1,Immune_mixed,Immune_mixed
GTAATGCAGATGGCAC-1,Immune_mixed,Immune_mixed
GTAATGCAGCTTGTTG-1,Erythroid,Erythroid
GTAATGCCAACTCCAA-1,Erythroid,Erythroid
GTAATGCCATAACAGA-1,Myeloid,Myeloid
GTAATGCTCAGTGTGT-1,"B_cells,0",B_cells
GTAATGCTCATAGAGA-1,Immune_mixed,Immune_mixed
GTAATGCTCGTCAACA-1,Immune_mixed,Immune_mixed
GTAATGCTCTACGGTA-1,Myeloid,Myeloid
GTAATGCTCTGGTGCG-1,Immune_mixed,Immune_mixed
GTACAACAGGGTGGGA-1,Immune_mixed,Immune_mixed
GTACAACAGTTGTCGT-1,Immune_mixed,Immune_mixed
GTACAACCAAGGGTCA-1,Myeloid,Myeloid
GTACAACCACGAGGAT-1,Myeloid,Myeloid
GTACAACCACGCGCTA-1,Immune_mixed,Immune_mixed
GTACAACCATCCTTGC-1,Erythroid,Erythroid
GTACAACGTCAAATCC-1,Erythroid,Erythroid
GTACAACTCAGGGATG-1,Immune_mixed,Immune_mixed
GTACAACTCATTCCTA-1,Erythroid,Erythroid
GTACAACTCCACGAAT-1,Immune_mixed,Immune_mixed
GTACAACTCGTGCTCT-1,Immune_mixed,Immune_mixed
GTACAACTCTTAGCAG-1,Immune_mixed,Immune_mixed
GTACAGTAGCTCCCTT-1,Immune_mixed,Immune_mixed
GTACAGTCAATACCTG-1,Erythroid,Erythroid
GTACAGTCACGTGTGC-1,Immune_mixed,Immune_mixed
GTACAGTCAGGATCTT-1,"B_cells,0",B_cells
GTACAGTCAGTGTGCC-1,Erythroid,Erythroid
GTACAGTGTGCCCTTT-1,Erythroid,Erythroid
GTACAGTGTTCTCTCG-1,Immune_mixed,Immune_mixed
GTACAGTGTTTAGAGA-1,Erythroid,Erythroid
GTACAGTTCTGTTCAT-1,"B_cells,0",B_cells
GTAGAAACAGGTTACT-1,Immune_mixed,Immune_mixed
GTAGAAACATAGACTC-1,Immune_mixed,Immune_mixed
GTAGAAAGTGACACAG-1,Immune_mixed,Immune_mixed
GTAGAAATCCTACCAC-1,"B_cells,0",B_cells
GTAGAAATCGCCAGAC-1,Immune_mixed,Immune_mixed
GTAGAGGAGATGCCGA-1,Immune_mixed,Immune_mixed
GTAGAGGAGTGCTCGC-1,Immune_mixed,Immune_mixed
GTAGAGGCAATTCGTG-1,Immune_mixed,Immune_mixed
GTAGAGGGTCGCAACC-1,Immune_mixed,Immune_mixed
GTAGAGGTCATCACAG-1,Immune_mixed,Immune_mixed
GTAGAGGTCTCATGGA-1,Erythroid,Erythroid
GTAGATCAGCGTGCTC-1,Erythroid,Erythroid
GTAGATCAGCTCGAAG-1,"B_cells,0",B_cells
GTAGATCAGTTCCTGA-1,Immune_mixed,Immune_mixed
GTAGATCCAACCGATT-1,Immune_mixed,Immune_mixed
GTAGATCCAAGGTTGG-1,Immune_mixed,Immune_mixed
GTAGATCCAATACGAA-1,Immune_mixed,Immune_mixed
GTAGATCCATCCGTTC-1,Erythroid,Erythroid
GTAGATCGTCTTCATT-1,Myeloid,Myeloid
GTAGATCGTGGATCAG-1,Immune_mixed,Immune_mixed
GTAGATCGTTCCAGGC-1,"B_cells,0",B_cells
GTAGATCTCCGAGCTG-1,Myeloid,Myeloid
GTAGATCTCCTAAACG-1,Immune_mixed,Immune_mixed
GTAGCTAAGAGTCTGG-1,Erythroid,Erythroid
GTAGCTAAGTTGGACG-1,Erythroid,Erythroid
GTAGCTACAAAGCTCT-1,Erythroid,Erythroid
GTAGCTACAGGATGAC-1,"B_cells,0",B_cells
GTAGCTACATTGACTG-1,Erythroid,Erythroid
GTAGCTAGTAGGTACG-1,Myeloid,Myeloid
GTAGCTAGTCTTGAAC-1,Myeloid,Myeloid
GTAGCTAGTGCCTTTC-1,"B_cells,0",B_cells
GTAGCTATCATCAGTG-1,"B_cells,0",B_cells
GTAGCTATCCAACACA-1,Immune_mixed,Immune_mixed
GTAGCTATCCCGAGAC-1,Immune_mixed,Immune_mixed
GTAGGAGAGATCGACG-1,Immune_mixed,Immune_mixed
GTAGGAGAGTGAACAT-1,"B_cells,0",B_cells
GTAGGAGTCCAACCGG-1,"B_cells,0",B_cells
GTAGGAGTCCCGGTAG-1,"B_cells,0",B_cells
GTAGGAGTCTGAGGCC-1,Immune_mixed,Immune_mixed
GTAGGTTAGCCTGTGC-1,Immune_mixed,Immune_mixed
GTAGGTTCATACTGAC-1,Immune_mixed,Immune_mixed
GTAGGTTGTCGCGTCA-1,Myeloid,Myeloid
GTAGGTTTCCGTGTGG-1,Immune_mixed,Immune_mixed
GTAGGTTTCGGTGCAC-1,Immune_mixed,Immune_mixed
GTAGTACAGCTTCTAG-1,Immune_mixed,Immune_mixed
GTAGTACAGGCCTGCT-1,Immune_mixed,Immune_mixed
GTAGTACAGTGGATTA-1,"B_cells,0",B_cells
GTAGTACCACAACATC-1,Myeloid,Myeloid
GTAGTACCAGAGGCAT-1,Immune_mixed,Immune_mixed
GTAGTACCAGGTGTTT-1,"B_cells,0",B_cells
GTAGTACCAGGTTCAT-1,Myeloid,Myeloid
GTAGTACCAGGTTTAC-1,Immune_mixed,Immune_mixed
GTAGTACCATGACTTG-1,Immune_mixed,Immune_mixed
GTAGTACGTACTAACC-1,Erythroid,Erythroid
GTAGTACGTAGTCTTG-1,"B_cells,0",B_cells
GTAGTACGTCTGCAAT-1,Myeloid,Myeloid
GTAGTACGTGAGTTTC-1,Immune_mixed,Immune_mixed
GTAGTACGTGCGTTTA-1,Myeloid,Myeloid
GTAGTACTCCGAGCTG-1,"B_cells,0",B_cells
GTATTGGAGGCATCTT-1,Immune_mixed,Immune_mixed
GTATTGGCAACCGCTG-1,Myeloid,Myeloid
GTATTGGGTCCAATCA-1,Immune_mixed,Immune_mixed
GTATTGGGTGAGAACC-1,Erythroid,Erythroid
GTATTGGGTTCCAGGC-1,Immune_mixed,Immune_mixed
GTATTTCAGAGGCGGA-1,Myeloid,Myeloid
GTATTTCAGTGAATAC-1,Erythroid,Erythroid
GTATTTCCAATAGTAG-1,"B_cells,0",B_cells
GTATTTCCACCCATAA-1,Immune_mixed,Immune_mixed
GTATTTCCAGGAATAT-1,Myeloid,Myeloid
GTATTTCGTGAGTGAC-1,Immune_mixed,Immune_mixed
GTATTTCGTGCACAAG-1,Immune_mixed,Immune_mixed
GTATTTCTCAACTGGT-1,Erythroid,Erythroid
GTATTTCTCCCGAGTG-1,Myeloid,Myeloid
GTCAAACAGGCACAAC-1,Immune_mixed,Immune_mixed
GTCAAACCAAGAGCTG-1,"B_cells,0",B_cells
GTCAAACCAGAGAAAG-1,"B_cells,0",B_cells
GTCAAACCATAGACTC-1,Immune_mixed,Immune_mixed
GTCAAACCATGGCTGC-1,Erythroid,Erythroid
GTCAAACGTCCTCATC-1,Immune_mixed,Immune_mixed
GTCAAACTCCAGTACA-1,Erythroid,Erythroid
GTCAAACTCTCCTGTG-1,Erythroid,Erythroid
GTCAAACTCTTAAGGC-1,Immune_mixed,Immune_mixed
GTCAAGTCATTCTCTA-1,Erythroid,Erythroid
GTCAAGTTCAGAGTTC-1,Immune_mixed,Immune_mixed
GTCAAGTTCATTTACC-1,Immune_mixed,Immune_mixed
GTCAAGTTCTTACCAT-1,Erythroid,Erythroid
GTCACGGAGGTACAAT-1,Immune_mixed,Immune_mixed
GTCACGGAGTATCCTG-1,Immune_mixed,Immune_mixed
GTCACGGCACGTCGGT-1,Erythroid,Erythroid
GTCACGGCAGGCATGA-1,Erythroid,Erythroid
GTCACGGCATGACTTG-1,Immune_mixed,Immune_mixed
GTCACGGGTAGCGCTC-1,Immune_mixed,Immune_mixed
GTCACGGGTTGTTTGG-1,"B_cells,0",B_cells
GTCACGGTCACCGGTG-1,Immune_mixed,Immune_mixed
GTCACGGTCGTAGTCA-1,"B_cells,0",B_cells
GTCACGGTCGTCACCT-1,Erythroid,Erythroid
GTCACTCAGCATGCGA-1,Myeloid,Myeloid
GTCACTCCAGACACCC-1,Immune_mixed,Immune_mixed
GTCACTCGTCTACGAT-1,Immune_mixed,Immune_mixed
GTCACTCTCCTCGATC-1,Immune_mixed,Immune_mixed
GTCACTCTCGTTCCTG-1,Myeloid,Myeloid
GTCACTCTCTCGGCTT-1,Myeloid,Myeloid
GTCAGCGAGATAACGT-1,Immune_mixed,Immune_mixed
GTCAGCGAGGATATGT-1,"B_cells,1",B_cells
GTCAGCGCAAGACGAC-1,"B_cells,0",B_cells
GTCAGCGCAAGAGAGA-1,Immune_mixed,Immune_mixed
GTCAGCGCACAAATAG-1,"B_cells,0",B_cells
GTCAGCGCACCAGTTA-1,"B_cells,0",B_cells
GTCAGCGCATTGAAAG-1,Immune_mixed,Immune_mixed
GTCAGCGGTCAAGTTC-1,Erythroid,Erythroid
GTCAGCGGTTCGTACA-1,Immune_mixed,Immune_mixed
GTCAGCGTCCACCTCA-1,Immune_mixed,Immune_mixed
GTCAGCGTCCTCTAGC-1,Immune_mixed,Immune_mixed
GTCATCCAGAAATTGC-1,"B_cells,0",B_cells
GTCATCCAGCGTTGTT-1,Immune_mixed,Immune_mixed
GTCATCCAGGTAACTA-1,Immune_mixed,Immune_mixed
GTCATCCCAACCAGAG-1,Myeloid,Myeloid
GTCATCCGTGCATGTT-1,Erythroid,Erythroid
GTCATCCTCAGCCCAG-1,Immune_mixed,Immune_mixed
GTCATCCTCCGCTTAC-1,Erythroid,Erythroid
GTCATCCTCGTCACCT-1,Immune_mixed,Immune_mixed
GTCATCCTCTGTCGCT-1,Immune_mixed,Immune_mixed
GTCATGAAGCAAGTCG-1,"B_cells,0",B_cells
GTCATGAAGCATCGAG-1,Immune_mixed,Immune_mixed
GTCATGACAATTGCAC-1,Immune_mixed,Immune_mixed
GTCATGACAGAGTCAG-1,Immune_mixed,Immune_mixed
GTCATGACATGTTCAG-1,Immune_mixed,Immune_mixed
GTCATGAGTCTATGAC-1,"B_cells,0",B_cells
GTCATGATCAACTACG-1,Immune_mixed,Immune_mixed
GTCATGATCGCTTTAT-1,Immune_mixed,Immune_mixed
GTCATGATCTGTGTGA-1,Immune_mixed,Immune_mixed
GTCATTTAGGTCGTGA-1,Immune_mixed,Immune_mixed
GTCATTTAGTACCATC-1,"B_cells,1",B_cells
GTCATTTCAACCTAAC-1,"B_cells,0",B_cells
GTCATTTCACTACCCT-1,"B_cells,0",B_cells
GTCATTTGTCCAGTTA-1,Erythroid,Erythroid
GTCCACTAGTCTTCCC-1,Immune_mixed,Immune_mixed
GTCCACTCACCATATG-1,Immune_mixed,Immune_mixed
GTCCACTCACGAGGTA-1,Myeloid,Myeloid
GTCCACTCAGGATGAC-1,"B_cells,0",B_cells
GTCCACTGTACTCGTA-1,Myeloid,Myeloid
GTCCACTGTCAGTCGC-1,"B_cells,0",B_cells
GTCCACTGTCTGCGCA-1,Erythroid,Erythroid
GTCCACTGTTACCCAA-1,Immune_mixed,Immune_mixed
GTCCACTGTTAGGGAC-1,Myeloid,Myeloid
GTCCACTGTTGAGAGC-1,Immune_mixed,Immune_mixed
GTCCACTTCGGTGAAG-1,"B_cells,1",B_cells
GTCCCATAGACATGCG-1,Immune_mixed,Immune_mixed
GTCCCATCAGTCGAGA-1,Immune_mixed,Immune_mixed
GTCCCATCATATTCGG-1,Immune_mixed,Immune_mixed
GTCCCATTCGTCGACG-1,Immune_mixed,Immune_mixed
GTCCTCAAGCGATGAC-1,Myeloid,Myeloid
GTCCTCAAGGCCTGCT-1,Immune_mixed,Immune_mixed
GTCCTCACAATTAGGA-1,Erythroid,Erythroid
GTCCTCAGTAGATTAG-1,Immune_mixed,Immune_mixed
GTCCTCAGTGGAACCA-1,Immune_mixed,Immune_mixed
GTCCTCATCCTCACCA-1,Immune_mixed,Immune_mixed
GTCGAATAGAAGCGGG-1,Erythroid,Erythroid
GTCGAATAGGGCAAGG-1,Erythroid,Erythroid
GTCGAATAGTTTCGGT-1,"B_cells,0",B_cells
GTCGAATCAATCGCAT-1,"B_cells,0",B_cells
GTCGAATCAGCAGTGA-1,Immune_mixed,Immune_mixed
GTCGAATCATACTTTC-1,Erythroid,Erythroid
GTCGAATGTATGTCCA-1,"B_cells,0",B_cells
GTCGAATGTTACGGAG-1,Immune_mixed,Immune_mixed
GTCGAATTCACGTCCT-1,Immune_mixed,Immune_mixed
GTCGAATTCACTTCTA-1,Immune_mixed,Immune_mixed
GTCGAATTCAGCTGAT-1,"B_cells,0",B_cells
GTCGCGAAGTTGAATG-1,Erythroid,Erythroid
GTCGCGACACTAGTAC-1,Immune_mixed,Immune_mixed
GTCGCGAGTAAGATAC-1,Immune_mixed,Immune_mixed
GTCGCGAGTACCCAGC-1,Myeloid,Myeloid
GTCGCGAGTATCGAGG-1,Immune_mixed,Immune_mixed
GTCGCGAGTGAGCGAT-1,Immune_mixed,Immune_mixed
GTCGCGAGTTAGGGAC-1,Myeloid,Myeloid
GTCGCGAGTTCGTAAC-1,Erythroid,Erythroid
GTCGCGATCAATGTCG-1,"B_cells,0",B_cells
GTCGCGATCACTACTT-1,Immune_mixed,Immune_mixed
GTCGCGATCGCTCTAC-1,Erythroid,Erythroid
GTCGCGATCGGCATTA-1,Myeloid,Myeloid
GTCGCGATCTTCCGTG-1,Immune_mixed,Immune_mixed
GTCGTAAAGAGGATGA-1,"B_cells,0",B_cells
GTCGTAAAGCCAAGGT-1,Myeloid,Myeloid
GTCGTAAAGTATAGGT-1,"B_cells,0",B_cells
GTCGTAACAACAAGAT-1,Immune_mixed,Immune_mixed
GTCGTAAGTACCCACG-1,Immune_mixed,Immune_mixed
GTCGTAAGTATGTCAC-1,Immune_mixed,Immune_mixed
GTCGTAATCCCAGTGG-1,Erythroid,Erythroid
GTCGTAATCGACATCA-1,"B_cells,0",B_cells
GTCGTTCAGCACGTCC-1,"B_cells,0",B_cells
GTCGTTCAGCGCCGTT-1,Immune_mixed,Immune_mixed
GTCGTTCAGGTAAACT-1,"B_cells,0",B_cells
GTCGTTCAGTAGCCAG-1,Immune_mixed,Immune_mixed
GTCGTTCCAATGCAAA-1,Immune_mixed,Immune_mixed
GTCGTTCCAGAGTTCT-1,Immune_mixed,Immune_mixed
GTCGTTCGTAACCCTA-1,Myeloid,Myeloid
GTCGTTCGTCCGCAGT-1,Erythroid,Erythroid
GTCGTTCGTTAACCTG-1,Myeloid,Myeloid
GTCGTTCTCATTCCTA-1,Immune_mixed,Immune_mixed
GTCGTTCTCCACGTGG-1,Immune_mixed,Immune_mixed
GTCGTTCTCTCGGTAA-1,Myeloid,Myeloid
GTCTACCAGACTCTAC-1,Erythroid,Erythroid
GTCTACCAGAGTGTGC-1,Immune_mixed,Immune_mixed
GTCTACCAGGACACTG-1,Myeloid,Myeloid
GTCTACCCAGGCATGA-1,Erythroid,Erythroid
GTCTACCGTCGAGATG-1,Erythroid,Erythroid
GTCTACCTCAACTGGT-1,Erythroid,Erythroid
GTCTACCTCGCTGTTC-1,"B_cells,1",B_cells
GTCTACCTCTCTCAAT-1,Myeloid,Myeloid
GTCTAGAAGCCATTTG-1,Immune_mixed,Immune_mixed
GTCTAGAAGGCCCACT-1,Immune_mixed,Immune_mixed
GTCTAGACAATTTCCT-1,Immune_mixed,Immune_mixed
GTCTAGACACGGTCTG-1,Immune_mixed,Immune_mixed
GTCTAGACAGGCACAA-1,"B_cells,0",B_cells
GTCTAGACAGTATTCG-1,"B_cells,0",B_cells
GTCTAGAGTAAGGTCG-1,Myeloid,Myeloid
GTCTAGAGTCAATCTG-1,Erythroid,Erythroid
GTCTAGAGTTGTTGCA-1,Immune_mixed,Immune_mixed
GTCTAGATCGTGCGAC-1,Immune_mixed,Immune_mixed
GTCTAGATCTGAGAGG-1,Immune_mixed,Immune_mixed
GTCTCACAGATGGTCG-1,Immune_mixed,Immune_mixed
GTCTCACAGCTAAATG-1,"B_cells,0",B_cells
GTCTCACAGTCGTCTA-1,Erythroid,Erythroid
GTCTCACCAATTGCCA-1,Immune_mixed,Immune_mixed
GTCTCACCAGAACTAA-1,"B_cells,0",B_cells
GTCTCACCATCTGTTT-1,Immune_mixed,Immune_mixed
GTCTCACCATTGCCTC-1,Immune_mixed,Immune_mixed
GTCTCACGTATATGGA-1,Myeloid,Myeloid
GTCTCACGTCAAGCGA-1,Immune_mixed,Immune_mixed
GTCTCACGTCATCGGC-1,Myeloid,Myeloid
GTCTCACTCACCCATC-1,"B_cells,0",B_cells
GTCTCACTCAGACATC-1,"B_cells,0",B_cells
GTCTCACTCCCAGGAC-1,Myeloid,Myeloid
GTCTCACTCTCACGAA-1,Erythroid,Erythroid
GTCTGTCAGACCTGGA-1,Immune_mixed,Immune_mixed
GTCTGTCAGCCGAATG-1,Erythroid,Erythroid
GTCTGTCAGGGACAGG-1,Erythroid,Erythroid
GTCTGTCAGGTGGCTA-1,Erythroid,Erythroid
GTCTGTCAGTTGGGAC-1,"B_cells,0",B_cells
GTCTGTCCAAATCAGA-1,Immune_mixed,Immune_mixed
GTCTGTCCAATAGTAG-1,Immune_mixed,Immune_mixed
GTCTGTCCATACGCAT-1,Immune_mixed,Immune_mixed
GTCTGTCCATCCCGTT-1,Erythroid,Erythroid
GTCTGTCGTATCAGCT-1,Erythroid,Erythroid
GTCTGTCGTGGTTTGT-1,Immune_mixed,Immune_mixed
GTCTGTCTCACTTTGT-1,Immune_mixed,Immune_mixed
GTCTGTCTCCTAGCCT-1,"B_cells,0",B_cells
GTCTGTCTCTCGTGAA-1,"B_cells,0",B_cells
GTCTTTAAGATGATTG-1,"B_cells,0",B_cells
GTCTTTACAGCCCAGT-1,Immune_mixed,Immune_mixed
GTCTTTACATCCGAAT-1,"B_cells,0",B_cells
GTCTTTAGTAAGTCAA-1,Immune_mixed,Immune_mixed
GTCTTTAGTAGTTACC-1,Erythroid,Erythroid
GTCTTTAGTCCGGCAT-1,Erythroid,Erythroid
GTCTTTAGTGCATTAC-1,Immune_mixed,Immune_mixed
GTCTTTATCAAGCTTG-1,Immune_mixed,Immune_mixed
GTCTTTATCCGAGCTG-1,Immune_mixed,Immune_mixed
GTCTTTATCCTATTTG-1,Erythroid,Erythroid
GTCTTTATCGCTAAAC-1,Immune_mixed,Immune_mixed
GTCTTTATCGCTGCGA-1,Immune_mixed,Immune_mixed
GTGACGCAGACCTCAT-1,Immune_mixed,Immune_mixed
GTGACGCAGTAGAATC-1,Erythroid,Erythroid
GTGACGCAGTGGCAGT-1,Immune_mixed,Immune_mixed
GTGACGCAGTGGTTAA-1,Immune_mixed,Immune_mixed
GTGACGCAGTTGGGAC-1,"B_cells,0",B_cells
GTGACGCCAAGCCTGC-1,Immune_mixed,Immune_mixed
GTGACGCCACGCTGCA-1,Immune_mixed,Immune_mixed
GTGACGCCATCAGCTA-1,Erythroid,Erythroid
GTGACGCGTGCCCACA-1,Immune_mixed,Immune_mixed
GTGACGCGTTCGTAAC-1,Erythroid,Erythroid
GTGACGCTCTAGTGTG-1,Erythroid,Erythroid
GTGAGCCAGCAACTCT-1,Myeloid,Myeloid
GTGAGCCAGCCATCCG-1,Immune_mixed,Immune_mixed
GTGAGCCAGCTGGTGA-1,Immune_mixed,Immune_mixed
GTGAGCCAGTCACTAC-1,Erythroid,Erythroid
GTGAGCCCAGTCCCGA-1,Erythroid,Erythroid
GTGAGCCGTACTCCCT-1,Immune_mixed,Immune_mixed
GTGAGCCGTTGGCCGT-1,"B_cells,0",B_cells
GTGAGCCTCAGTCACA-1,"B_cells,0",B_cells
GTGAGCCTCCTCACGT-1,Immune_mixed,Immune_mixed
GTGAGCCTCTAGGAAA-1,Erythroid,Erythroid
GTGAGCCTCTTCGTAT-1,"B_cells,0",B_cells
GTGAGGAAGCAGGCTA-1,"B_cells,0",B_cells
GTGAGGAAGCTCGTGC-1,Immune_mixed,Immune_mixed
GTGAGGACAGATCCTA-1,Erythroid,Erythroid
GTGAGGACATCCGGCA-1,"B_cells,0",B_cells
GTGAGGAGTGGGTCAA-1,Myeloid,Myeloid
GTGAGGAGTTTAGTCG-1,Immune_mixed,Immune_mixed
GTGAGGATCATTTCCA-1,Erythroid,Erythroid
GTGAGGATCGCTACAA-1,Immune_mixed,Immune_mixed
GTGAGGATCTCGCGTT-1,Myeloid,Myeloid
GTGAGTTAGAAGTCAT-1,Immune_mixed,Immune_mixed
GTGAGTTAGCTCGAAG-1,Immune_mixed,Immune_mixed
GTGAGTTAGGCTGGAT-1,Erythroid,Erythroid
GTGAGTTCAAATCAGA-1,Immune_mixed,Immune_mixed
GTGAGTTGTAACATAG-1,Immune_mixed,Immune_mixed
GTGAGTTGTCACTCGG-1,Immune_mixed,Immune_mixed
GTGAGTTGTTAAGACA-1,Immune_mixed,Immune_mixed
GTGATGTAGAACCCGA-1,Immune_mixed,Immune_mixed
GTGATGTAGCGCCATC-1,Immune_mixed,Immune_mixed
GTGATGTCAGAAACCG-1,"B_cells,0",B_cells
GTGATGTCAGGCTATT-1,Erythroid,Erythroid
GTGATGTCAGTTAAAG-1,Immune_mixed,Immune_mixed
GTGATGTTCCTTGAAG-1,Myeloid,Myeloid
GTGATGTTCGTAGTGT-1,Erythroid,Erythroid
GTGATGTTCGTTCCTG-1,Immune_mixed,Immune_mixed
GTGCACGCAAGAAATC-1,Immune_mixed,Immune_mixed
GTGCACGCACAGTACT-1,Immune_mixed,Immune_mixed
GTGCACGCAGAAACCG-1,Myeloid,Myeloid
GTGCACGGTGGACAGT-1,Erythroid,Erythroid
GTGCACGTCATGCCAA-1,"B_cells,0",B_cells
GTGCACGTCCATACTT-1,Myeloid,Myeloid
GTGCACGTCTGAGGTT-1,"B_cells,0",B_cells
GTGCAGCAGATGCGAC-1,Immune_mixed,Immune_mixed
GTGCAGCAGGTGGCTA-1,Immune_mixed,Immune_mixed
GTGCAGCCAATGGCAG-1,Erythroid,Erythroid
GTGCAGCGTCAATCTG-1,Myeloid,Myeloid
GTGCAGCGTTCTCCTG-1,Erythroid,Erythroid
GTGCAGCTCGATCCCT-1,Immune_mixed,Immune_mixed
GTGCAGCTCGGATTAC-1,Immune_mixed,Immune_mixed
GTGCGTGAGGTGATAT-1,Immune_mixed,Immune_mixed
GTGCGTGAGTGCCGAA-1,Immune_mixed,Immune_mixed
GTGCGTGCAAGAGGCT-1,Myeloid,Myeloid
GTGCGTGCAGAATGTA-1,Immune_mixed,Immune_mixed
GTGCGTGGTCGTGTTA-1,Immune_mixed,Immune_mixed
GTGCGTGTCCGATCGG-1,Immune_mixed,Immune_mixed
GTGCGTGTCGTGTGGC-1,Erythroid,Erythroid
GTGCTGGCAACGCATT-1,Erythroid,Erythroid
GTGCTGGCAATCTCGA-1,Immune_mixed,Immune_mixed
GTGCTGGCACGGTGTC-1,Erythroid,Erythroid
GTGCTGGCAGCAATTC-1,Immune_mixed,Immune_mixed
GTGCTGGCAGGGTTGA-1,Immune_mixed,Immune_mixed
GTGCTGGCATAGTCGT-1,Immune_mixed,Immune_mixed
GTGCTGGGTTGGCCTG-1,Immune_mixed,Immune_mixed
GTGCTGGTCAAGAAAC-1,Immune_mixed,Immune_mixed
GTGCTGGTCCGCAGTG-1,Erythroid,Erythroid
GTGCTGGTCGGTATGT-1,"B_cells,0",B_cells
GTGCTGGTCTAGAACC-1,Immune_mixed,Immune_mixed
GTGCTTCAGCGACAGT-1,Erythroid,Erythroid
GTGCTTCCAATGTTGC-1,Immune_mixed,Immune_mixed
GTGCTTCGTCTATGAC-1,Myeloid,Myeloid
GTGCTTCGTGTTCGTA-1,Immune_mixed,Immune_mixed
GTGCTTCTCGCCACTT-1,Immune_mixed,Immune_mixed
GTGCTTCTCGTCGGGT-1,Erythroid,Erythroid
GTGCTTCTCTCCTGAC-1,Myeloid,Myeloid
GTGGAAGAGGATGGCT-1,Immune_mixed,Immune_mixed
GTGGAAGAGTTCATCG-1,Immune_mixed,Immune_mixed
GTGGAAGCAAACCACT-1,Immune_mixed,Immune_mixed
GTGGAAGCAATCCTAG-1,Erythroid,Erythroid
GTGGAAGCATGTCGTA-1,Immune_mixed,Immune_mixed
GTGGAAGGTCATACCA-1,Erythroid,Erythroid
GTGGAAGGTGCTATTG-1,Immune_mixed,Immune_mixed
GTGGAAGTCTAGTCAG-1,Immune_mixed,Immune_mixed
GTGGAGAAGACACACG-1,Immune_mixed,Immune_mixed
GTGGAGACAGGCGTTC-1,Myeloid,Myeloid
GTGGAGAGTCCGACGT-1,Immune_mixed,Immune_mixed
GTGGAGAGTGAGGAAA-1,Immune_mixed,Immune_mixed
GTGGAGAGTGATGGCA-1,"B_cells,0",B_cells
GTGGAGATCCCATACC-1,Immune_mixed,Immune_mixed
GTGGCGTAGAGGTATT-1,Erythroid,Erythroid
GTGGCGTAGCTGAGCA-1,Immune_mixed,Immune_mixed
GTGGCGTAGCTTCGTA-1,Myeloid,Myeloid
GTGGCGTAGTGCACCC-1,"B_cells,0",B_cells
GTGGCGTCAATAGGGC-1,Immune_mixed,Immune_mixed
GTGGCGTCAGCCTTCT-1,Immune_mixed,Immune_mixed
GTGGCGTCAGGCGATA-1,Myeloid,Myeloid
GTGGCGTCATTGAAAG-1,Immune_mixed,Immune_mixed
GTGGCGTGTGAGTAGC-1,"B_cells,0",B_cells
GTGGCGTTCAAAGGTA-1,Immune_mixed,Immune_mixed
GTGGCGTTCCACACCT-1,Erythroid,Erythroid
GTGGCGTTCTCGCTCA-1,"B_cells,0",B_cells
GTGGGAAAGGTGCTTT-1,Immune_mixed,Immune_mixed
GTGGGAAAGTGCAGGT-1,Myeloid,Myeloid
GTGGGAAGTCCGATCG-1,Erythroid,Erythroid
GTGGTTAAGACTCATC-1,Myeloid,Myeloid
GTGGTTAAGAGTCCGA-1,Immune_mixed,Immune_mixed
GTGGTTAAGGACGGAG-1,Immune_mixed,Immune_mixed
GTGGTTACAACCAATC-1,Immune_mixed,Immune_mixed
GTGGTTACAGTCACGC-1,"B_cells,0",B_cells
GTGGTTATCCGAGTGC-1,Immune_mixed,Immune_mixed
GTGGTTATCGCAGTTA-1,Myeloid,Myeloid
GTGGTTATCTTAGGAC-1,Erythroid,Erythroid
GTGTAACAGACGCAGT-1,"B_cells,0",B_cells
GTGTAACAGCATGAAT-1,Immune_mixed,Immune_mixed
GTGTAACAGCTGCCAC-1,Erythroid,Erythroid
GTGTAACCAATCGAAA-1,Immune_mixed,Immune_mixed
GTGTAACCAGGACTTT-1,Immune_mixed,Immune_mixed
GTGTAACGTATGGTAA-1,Myeloid,Myeloid
GTGTAACGTGCCGTAC-1,Immune_mixed,Immune_mixed
GTGTAACTCCCAGGAC-1,Erythroid,Erythroid
GTGTAACTCCTAAACG-1,Erythroid,Erythroid
GTGTAACTCCTTGACC-1,"B_cells,0",B_cells
GTGTCCTCACACCGCA-1,Myeloid,Myeloid
GTGTCCTCACACCTAA-1,Immune_mixed,Immune_mixed
GTGTCCTCACCAGGTC-1,Immune_mixed,Immune_mixed
GTGTCCTCACTCTCGT-1,"B_cells,0",B_cells
GTGTCCTCAGTCTTCC-1,Immune_mixed,Immune_mixed
GTGTCCTGTCACGCTG-1,Erythroid,Erythroid
GTGTCCTGTGATTCAC-1,Erythroid,Erythroid
GTGTCCTTCCGGGACT-1,Erythroid,Erythroid
GTGTCCTTCGAGAGAC-1,Erythroid,Erythroid
GTGTCCTTCGATACAC-1,Immune_mixed,Immune_mixed
GTGTCCTTCGGTCTGG-1,Myeloid,Myeloid
GTGTGATAGAATTGTG-1,Immune_mixed,Immune_mixed
GTGTGATCAAACCACT-1,Immune_mixed,Immune_mixed
GTGTGATCAGCGAGTA-1,Immune_mixed,Immune_mixed
GTGTGATCATGAAGCG-1,Erythroid,Erythroid
GTGTGATGTATCACGT-1,Myeloid,Myeloid
GTGTGATGTGCCGTTG-1,Immune_mixed,Immune_mixed
GTGTGGCAGAACAAGG-1,Myeloid,Myeloid
GTGTGGCAGCCAAGCA-1,"B_cells,1",B_cells
GTGTGGCAGTGCCTCG-1,Immune_mixed,Immune_mixed
GTGTGGCAGTTCGGTT-1,Immune_mixed,Immune_mixed
GTGTGGCCACCTGCAG-1,Myeloid,Myeloid
GTGTGGCGTAACATAG-1,Immune_mixed,Immune_mixed
GTGTGGCGTAATTGGA-1,Immune_mixed,Immune_mixed
GTGTGGCGTGGTTCTA-1,Immune_mixed,Immune_mixed
GTGTGGCGTTGGATCT-1,Immune_mixed,Immune_mixed
GTGTGGCTCGAAGCCC-1,Immune_mixed,Immune_mixed
GTGTGGCTCGACGCGT-1,Immune_mixed,Immune_mixed
GTGTTAGAGAGATGCC-1,Immune_mixed,Immune_mixed
GTGTTAGAGTGATGGC-1,Erythroid,Erythroid
GTGTTAGCAGGTATGG-1,Immune_mixed,Immune_mixed
GTGTTAGCATAGAATG-1,Immune_mixed,Immune_mixed
GTGTTAGCATGTGCCG-1,"B_cells,0",B_cells
GTGTTAGGTTTAGTCG-1,Immune_mixed,Immune_mixed
GTGTTAGTCCGCACTT-1,Erythroid,Erythroid
GTGTTAGTCGTCAAAC-1,Erythroid,Erythroid
GTGTTAGTCGTTTACT-1,"B_cells,0",B_cells
GTGTTCCAGCGAATGC-1,Erythroid,Erythroid
GTGTTCCAGGCGTTGA-1,Immune_mixed,Immune_mixed
GTGTTCCCAACCGGAA-1,"B_cells,0",B_cells
GTGTTCCCACCGGCTA-1,Erythroid,Erythroid
GTGTTCCGTATTCCGA-1,Myeloid,Myeloid
GTGTTCCGTCCAGCCA-1,Erythroid,Erythroid
GTGTTCCTCAGTCTTT-1,Immune_mixed,Immune_mixed
GTTACAGCACTACACA-1,Immune_mixed,Immune_mixed
GTTACAGCAGCCGTTG-1,Immune_mixed,Immune_mixed
GTTACAGCATAATGCC-1,Immune_mixed,Immune_mixed
GTTACAGCATGACCCG-1,"B_cells,0",B_cells
GTTACAGCATTCTCTA-1,Immune_mixed,Immune_mixed
GTTACAGGTGCCTATA-1,Erythroid,Erythroid
GTTACAGGTGGTCTTA-1,Immune_mixed,Immune_mixed
GTTACCCAGCATCGAG-1,"B_cells,0",B_cells
GTTACCCAGCCATTTG-1,Immune_mixed,Immune_mixed
GTTACCCAGCCGATAG-1,Immune_mixed,Immune_mixed
GTTACCCAGTGCAACG-1,Erythroid,Erythroid
GTTACCCCAATAACGA-1,Immune_mixed,Immune_mixed
GTTACCCCAATGGCAG-1,Immune_mixed,Immune_mixed
GTTACCCCATGTCGTA-1,Erythroid,Erythroid
GTTACCCGTGTCCAAT-1,Myeloid,Myeloid
GTTACCCTCAGTCACA-1,Immune_mixed,Immune_mixed
GTTACGAAGACATAAC-1,Myeloid,Myeloid
GTTACGAAGTAAGCAT-1,Myeloid,Myeloid
GTTACGAGTACGGGAT-1,Immune_mixed,Immune_mixed
GTTACGAGTGCGTGCT-1,Immune_mixed,Immune_mixed
GTTACGAGTGTCATTG-1,Immune_mixed,Immune_mixed
GTTACGAGTTCGCGTG-1,Immune_mixed,Immune_mixed
GTTACGATCAAGTTGC-1,"B_cells,1",B_cells
GTTACGATCAATCCGA-1,Immune_mixed,Immune_mixed
GTTAGACAGACTGTTC-1,Myeloid,Myeloid
GTTAGACAGCTGTCCG-1,Erythroid,Erythroid
GTTAGACAGGCCGCTT-1,Immune_mixed,Immune_mixed
GTTAGACAGTCGCCAC-1,Immune_mixed,Immune_mixed
GTTAGACCAGCACACC-1,"B_cells,0",B_cells
GTTAGACGTAGGGAGG-1,Immune_mixed,Immune_mixed
GTTAGACGTAGTGTGG-1,"B_cells,0",B_cells
GTTAGACGTCGTCAGC-1,Immune_mixed,Immune_mixed
GTTAGACGTGACACGA-1,Immune_mixed,Immune_mixed
GTTAGACTCATCTGTT-1,"B_cells,1",B_cells
GTTAGTGAGACCTGGA-1,Immune_mixed,Immune_mixed
GTTAGTGAGTGAGTGC-1,Erythroid,Erythroid
GTTAGTGCAAGGCCTC-1,Immune_mixed,Immune_mixed
GTTAGTGCACGACAAG-1,Erythroid,Erythroid
GTTAGTGCAGGCATTT-1,Erythroid,Erythroid
GTTAGTGCATCTCATT-1,"B_cells,1",B_cells
GTTAGTGCATGGATCT-1,Immune_mixed,Immune_mixed
GTTAGTGGTATACCTG-1,Erythroid,Erythroid
GTTAGTGGTGGGACAT-1,Immune_mixed,Immune_mixed
GTTAGTGTCAGCTGTA-1,Immune_mixed,Immune_mixed
GTTAGTGTCATCACAG-1,Immune_mixed,Immune_mixed
GTTAGTGTCCAGTTCC-1,Immune_mixed,Immune_mixed
GTTAGTGTCGACATTG-1,"B_cells,0",B_cells
GTTAGTGTCGCGTCGA-1,Erythroid,Erythroid
GTTAGTGTCTGCGAGC-1,Immune_mixed,Immune_mixed
GTTATGGAGATTAGAC-1,Erythroid,Erythroid
GTTATGGAGGCTTAAA-1,Immune_mixed,Immune_mixed
GTTATGGAGGTCCAGA-1,"B_cells,0",B_cells
GTTATGGCAGGCACAA-1,"B_cells,0",B_cells
GTTATGGCATTGACTG-1,"B_cells,1",B_cells
GTTATGGGTCTCCCTA-1,"B_cells,0",B_cells
GTTATGGGTGATTCAC-1,Myeloid,Myeloid
GTTCATTAGCAAGGAA-1,Erythroid,Erythroid
GTTCATTTCAATCCGA-1,Immune_mixed,Immune_mixed
GTTCCGTAGCAGGTCA-1,Myeloid,Myeloid
GTTCCGTAGTGGTTAA-1,Erythroid,Erythroid
GTTCCGTAGTTCCATG-1,Erythroid,Erythroid
GTTCCGTCAAACCGGA-1,Immune_mixed,Immune_mixed
GTTCCGTCACAGCCTG-1,Myeloid,Myeloid
GTTCCGTCAGCGGATA-1,Immune_mixed,Immune_mixed
GTTCCGTTCACAAGAA-1,Myeloid,Myeloid
GTTCCGTTCTTTGCAT-1,Immune_mixed,Immune_mixed
GTTCGCTAGGAATCGC-1,Immune_mixed,Immune_mixed
GTTCGCTAGTACTGTC-1,Immune_mixed,Immune_mixed
GTTCGCTAGTAGGATT-1,Erythroid,Erythroid
GTTCGCTCACCAGACC-1,Immune_mixed,Immune_mixed
GTTCGCTTCACGATAC-1,"B_cells,0",B_cells
GTTCGCTTCGTAACTG-1,Immune_mixed,Immune_mixed
GTTCTATAGCTCCGAC-1,Immune_mixed,Immune_mixed
GTTCTATAGGATAATC-1,Myeloid,Myeloid
GTTCTATAGGTAAGTT-1,"B_cells,0",B_cells
GTTGAACAGACATAGT-1,Erythroid,Erythroid
GTTGAACAGCATCTTG-1,"B_cells,0",B_cells
GTTGAACAGTAGAATC-1,Immune_mixed,Immune_mixed
GTTGAACCACACTTAG-1,Erythroid,Erythroid
GTTGAACCACCCTAGG-1,Immune_mixed,Immune_mixed
GTTGAACGTATGGGAC-1,Immune_mixed,Immune_mixed
GTTGAACGTGAACGGT-1,"B_cells,0",B_cells
GTTGAACTCAAGGTGG-1,Erythroid,Erythroid
GTTGAACTCCTGTAGA-1,Immune_mixed,Immune_mixed
GTTGAACTCTGCATAG-1,Immune_mixed,Immune_mixed
GTTGCGGAGAGACAAG-1,Immune_mixed,Immune_mixed
GTTGCGGAGCAAATCA-1,"B_cells,0",B_cells
GTTGCGGCAAGTCGTT-1,Myeloid,Myeloid
GTTGCGGCAGACAAAT-1,Immune_mixed,Immune_mixed
GTTGCGGCATCGATCA-1,Erythroid,Erythroid
GTTGCGGCATGACGTT-1,"B_cells,0",B_cells
GTTGCGGCATTGTCGA-1,"B_cells,0",B_cells
GTTGCGGGTGACACGA-1,Immune_mixed,Immune_mixed
GTTGCGGTCCAAAGGG-1,Erythroid,Erythroid
GTTGCGGTCTCGGCTT-1,Erythroid,Erythroid
GTTGCTCAGACATATG-1,Myeloid,Myeloid
GTTGCTCAGTACAGCG-1,Immune_mixed,Immune_mixed
GTTGCTCAGTTTGCTG-1,Immune_mixed,Immune_mixed
GTTGCTCAGTTTGGCT-1,"B_cells,0",B_cells
GTTGCTCTCAACCGAT-1,Immune_mixed,Immune_mixed
GTTGCTCTCATTATCC-1,Myeloid,Myeloid
GTTGCTCTCCGTAATG-1,Immune_mixed,Immune_mixed
GTTGCTCTCGGCTGAC-1,Immune_mixed,Immune_mixed
GTTGTAGAGCGTGCTC-1,Immune_mixed,Immune_mixed
GTTGTAGAGGGCAGTT-1,Immune_mixed,Immune_mixed
GTTGTAGAGTTCTCTT-1,Immune_mixed,Immune_mixed
GTTGTAGCAATAACGA-1,Immune_mixed,Immune_mixed
GTTGTAGCACGCCAGT-1,"B_cells,0",B_cells
GTTGTAGCACTGCTTC-1,"B_cells,0",B_cells
GTTGTAGGTCTCACGG-1,Immune_mixed,Immune_mixed
GTTGTAGGTCTGTAGT-1,Erythroid,Erythroid
GTTGTAGTCGATCCCT-1,Immune_mixed,Immune_mixed
GTTGTAGTCGGTCATA-1,"B_cells,0",B_cells
GTTGTCCAGAATACAC-1,"B_cells,0",B_cells
GTTGTCCAGACTACCT-1,Immune_mixed,Immune_mixed
GTTGTCCAGGTGTGAC-1,Immune_mixed,Immune_mixed
GTTGTCCCAATGAGCG-1,Myeloid,Myeloid
GTTGTCCCAATTTCGG-1,Immune_mixed,Immune_mixed
GTTGTCCCAGCCGTCA-1,Immune_mixed,Immune_mixed
GTTGTCCGTACGTTCA-1,Immune_mixed,Immune_mixed
GTTGTCCGTCGAGATG-1,Immune_mixed,Immune_mixed
GTTGTCCGTCTCGGGT-1,Immune_mixed,Immune_mixed
GTTGTCCTCGTAACAC-1,Immune_mixed,Immune_mixed
GTTGTGAAGTCCCGAC-1,Immune_mixed,Immune_mixed
GTTGTGAAGTCGGGAT-1,Erythroid,Erythroid
GTTGTGACATTGAAGA-1,Immune_mixed,Immune_mixed
GTTGTGATCGGCATCG-1,Immune_mixed,Immune_mixed
GTTGTGATCTATCCAT-1,Erythroid,Erythroid
GTTGTGATCTATCGCC-1,Immune_mixed,Immune_mixed
GTTTACTAGCCTCGTG-1,Immune_mixed,Immune_mixed
GTTTACTAGCTCCGAC-1,"B_cells,0",B_cells
GTTTACTAGTCATCGT-1,Immune_mixed,Immune_mixed
GTTTACTCAACACGTT-1,Immune_mixed,Immune_mixed
GTTTACTCAAGATCCT-1,Immune_mixed,Immune_mixed
GTTTACTCACTCCCTA-1,Immune_mixed,Immune_mixed
GTTTACTCACTCTCGT-1,Erythroid,Erythroid
GTTTACTCATAGTCGT-1,"B_cells,1",B_cells
GTTTACTGTCCAGCCA-1,"B_cells,0",B_cells
GTTTACTTCGCATGAT-1,Myeloid,Myeloid
GTTTACTTCGCTGTTC-1,Erythroid,Erythroid
GTTTGGAAGTTAGAAC-1,"B_cells,0",B_cells
GTTTGGACATTGCTGA-1,"B_cells,0",B_cells
GTTTGGAGTATTCCTT-1,Myeloid,Myeloid
GTTTGGAGTGTGAGCA-1,Immune_mixed,Immune_mixed
GTTTGGAGTTGAGAGC-1,Myeloid,Myeloid
GTTTGGATCCACGGGT-1,Immune_mixed,Immune_mixed
GTTTGGATCGGTCGAC-1,Immune_mixed,Immune_mixed
GTTTGGATCTGTGTGA-1,Myeloid,Myeloid
GTTTGGATCTTCGGAA-1,Myeloid,Myeloid
TAACACGAGCAATTAG-1,Immune_mixed,Immune_mixed
TAACACGAGGTAGGCT-1,Erythroid,Erythroid
TAACACGCACGTAGAG-1,Erythroid,Erythroid
TAACACGCACTACTTT-1,Immune_mixed,Immune_mixed
TAACACGCATCATGAC-1,Immune_mixed,Immune_mixed
TAACACGGTAGGGTAC-1,Immune_mixed,Immune_mixed
TAACACGGTCGGAAAC-1,Erythroid,Erythroid
TAACACGTCACTGCTC-1,Myeloid,Myeloid
TAACCAGAGATAACAC-1,Immune_mixed,Immune_mixed
TAACCAGCACGGATCC-1,Erythroid,Erythroid
TAACCAGCAGGACTTT-1,Immune_mixed,Immune_mixed
TAACCAGGTAGTCACT-1,"B_cells,1",B_cells
TAACCAGGTATACCTG-1,Erythroid,Erythroid
TAACCAGGTGCGAACA-1,Immune_mixed,Immune_mixed
TAACCAGTCCACTGAA-1,"B_cells,0",B_cells
TAACCAGTCGCCGATG-1,Immune_mixed,Immune_mixed
TAACCAGTCTGTTGGA-1,Immune_mixed,Immune_mixed
TAACGACAGGATCACG-1,Immune_mixed,Immune_mixed
TAACGACCACCCAATA-1,Myeloid,Myeloid
TAACGACCACTGGCCA-1,Myeloid,Myeloid
TAACGACTCCTTATCA-1,Immune_mixed,Immune_mixed
TAACGACTCGCCTCTA-1,Erythroid,Erythroid
TAACGACTCTAATTCC-1,Erythroid,Erythroid
TAACTTCAGACCATTC-1,Myeloid,Myeloid
TAACTTCAGCCATTGT-1,Immune_mixed,Immune_mixed
TAACTTCAGCGATGAC-1,Immune_mixed,Immune_mixed
TAACTTCAGTACAGCG-1,Immune_mixed,Immune_mixed
TAACTTCCACGAGAAC-1,Erythroid,Erythroid
TAACTTCCAGGATCTT-1,Erythroid,Erythroid
TAACTTCCATAATCCG-1,Immune_mixed,Immune_mixed
TAACTTCGTACCACGC-1,Immune_mixed,Immune_mixed
TAACTTCTCCCTCTAG-1,Immune_mixed,Immune_mixed
TAAGCACAGCAGCAGT-1,Immune_mixed,Immune_mixed
TAAGCACAGCTGACCC-1,Immune_mixed,Immune_mixed
TAAGCACGTGTCATGT-1,Immune_mixed,Immune_mixed
TAAGCACGTTCGGCGT-1,Immune_mixed,Immune_mixed
TAAGCACTCACTGTCC-1,Immune_mixed,Immune_mixed
TAAGCACTCCTGGGTG-1,Immune_mixed,Immune_mixed
TAAGCACTCTGTACAG-1,"B_cells,0",B_cells
TAAGCCAAGCCGGAAT-1,Immune_mixed,Immune_mixed
TAAGCCAGTGCAATGG-1,"B_cells,1",B_cells
TAAGCCATCAGTAGGG-1,Immune_mixed,Immune_mixed
TAAGCCATCGCCACTT-1,Immune_mixed,Immune_mixed
TAAGCCATCTTCTGGC-1,Myeloid,Myeloid
TAAGCGTAGGAGGCAG-1,Immune_mixed,Immune_mixed
TAAGCGTAGTCATAGA-1,Immune_mixed,Immune_mixed
TAAGCGTCAATCACGT-1,Erythroid,Erythroid
TAAGCGTGTCGTTCAA-1,Immune_mixed,Immune_mixed
TAAGCGTGTCTACTGA-1,Immune_mixed,Immune_mixed
TAAGCGTGTGCATACT-1,Immune_mixed,Immune_mixed
TAAGCGTGTTGATCGT-1,Immune_mixed,Immune_mixed
TAAGCGTTCCACGTCT-1,Immune_mixed,Immune_mixed
TAAGCGTTCCGCAGTG-1,Immune_mixed,Immune_mixed
TAAGTCGAGACGACTG-1,Immune_mixed,Immune_mixed
TAAGTCGAGGAACGAA-1,Immune_mixed,Immune_mixed
TAAGTCGAGGGTCTTT-1,Myeloid,Myeloid
TAAGTCGCAAATGGAT-1,Immune_mixed,Immune_mixed
TAAGTCGCACACGGTC-1,"B_cells,0",B_cells
TAAGTCGCATACCACA-1,Immune_mixed,Immune_mixed
TAAGTCGGTCGCATTA-1,Erythroid,Erythroid
TAAGTCGTCATTTACC-1,Immune_mixed,Immune_mixed
TAAGTCGTCATTTCCA-1,Myeloid,Myeloid
TAAGTCGTCCTCTAGC-1,"B_cells,0",B_cells
TAAGTCGTCTACGGTA-1,Erythroid,Erythroid
TAATCTCAGTACTCGT-1,"B_cells,0",B_cells
TAATCTCAGTTCCAGT-1,"B_cells,0",B_cells
TAATCTCCAAATCCCA-1,Immune_mixed,Immune_mixed
TAATCTCCACTATGTG-1,Immune_mixed,Immune_mixed
TAATCTCCAGCCTATA-1,"B_cells,0",B_cells
TAATCTCCATATGGCT-1,"B_cells,0",B_cells
TAATCTCCATGGCTAT-1,Erythroid,Erythroid
TAATCTCCATGTAACC-1,Erythroid,Erythroid
TAATCTCGTATGTCTG-1,Immune_mixed,Immune_mixed
TAATCTCGTCGCGTTG-1,Myeloid,Myeloid
TAATCTCGTCTAACGT-1,"B_cells,0",B_cells
TAATCTCTCGATTCCC-1,Erythroid,Erythroid
TAATCTCTCTCGTCAC-1,Immune_mixed,Immune_mixed
TAATTCCAGCAAATCA-1,Erythroid,Erythroid
TAATTCCAGGCCCGTT-1,Immune_mixed,Immune_mixed
TAATTCCAGTGACCTT-1,Erythroid,Erythroid
TAATTCCAGTTGTAAG-1,Immune_mixed,Immune_mixed
TAATTCCCAACGTTAC-1,"B_cells,0",B_cells
TAATTCCCAGAGGACT-1,Immune_mixed,Immune_mixed
TAATTCCCAGCGGATA-1,Immune_mixed,Immune_mixed
TAATTCCGTAGCGCCT-1,Immune_mixed,Immune_mixed
TAATTCCTCTAGACCA-1,Immune_mixed,Immune_mixed
TACAACGAGCATCCTA-1,Immune_mixed,Immune_mixed
TACAACGAGGGAGATA-1,Immune_mixed,Immune_mixed
TACAACGCAACCGATT-1,Myeloid,Myeloid
TACAACGGTCCTGGGT-1,Immune_mixed,Immune_mixed
TACAACGGTGATAGTA-1,Erythroid,Erythroid
TACAACGGTTCTCACC-1,Immune_mixed,Immune_mixed
TACAACGTCCTATTTG-1,Immune_mixed,Immune_mixed
TACACCCAGAAACTGT-1,Immune_mixed,Immune_mixed
TACACCCAGGAGAATG-1,Immune_mixed,Immune_mixed
TACACCCAGGATGAGA-1,Immune_mixed,Immune_mixed
TACACCCAGGCGACAT-1,Immune_mixed,Immune_mixed
TACACCCAGGGAGGGT-1,Immune_mixed,Immune_mixed
TACACCCCAACCCTAA-1,Immune_mixed,Immune_mixed
TACACCCGTCCAAAGG-1,Erythroid,Erythroid
TACACCCGTGCAATAA-1,Erythroid,Erythroid
TACACCCGTGCCGTAC-1,Myeloid,Myeloid
TACACCCGTTCATCGA-1,Erythroid,Erythroid
TACACCCTCATGTCTT-1,Immune_mixed,Immune_mixed
TACACCCTCCATAAGC-1,Immune_mixed,Immune_mixed
TACACCCTCCGATGCG-1,Immune_mixed,Immune_mixed
TACACCCTCTTTCCAA-1,Immune_mixed,Immune_mixed
TACAGGTAGACCTGGA-1,Erythroid,Erythroid
TACAGGTAGCTGAGCA-1,Myeloid,Myeloid
TACAGGTAGGGTTAGC-1,Immune_mixed,Immune_mixed
TACAGGTCAACTGAAA-1,Myeloid,Myeloid
TACAGGTCACAGAGCA-1,Myeloid,Myeloid
TACAGGTCACTATCCC-1,Immune_mixed,Immune_mixed
TACAGGTGTACCCACG-1,Erythroid,Erythroid
TACAGGTGTTAGAGTA-1,Myeloid,Myeloid
TACAGGTGTTTCGACA-1,Myeloid,Myeloid
TACAGGTTCATTACGG-1,"B_cells,0",B_cells
TACAGGTTCGCCTCTA-1,Immune_mixed,Immune_mixed
TACATTCAGATGTTAG-1,Erythroid,Erythroid
TACATTCCAAACGTGG-1,"B_cells,0",B_cells
TACATTCCATACCACA-1,Immune_mixed,Immune_mixed
TACATTCGTGGGCTCT-1,"B_cells,0",B_cells
TACATTCGTTACCCTC-1,Immune_mixed,Immune_mixed
TACATTCGTTATAGCC-1,Immune_mixed,Immune_mixed
TACATTCTCGCTGATA-1,Immune_mixed,Immune_mixed
TACATTCTCTATTTCG-1,Immune_mixed,Immune_mixed
TACCCACCAAGCGGAT-1,Immune_mixed,Immune_mixed
TACCCACCACAAATAG-1,Erythroid,Erythroid
TACCCACCACAATTCG-1,"B_cells,0",B_cells
TACCCACCAGTTGGTT-1,Immune_mixed,Immune_mixed
TACCCACGTGTGATGG-1,"B_cells,0",B_cells
TACCCACTCGCACTCT-1,"B_cells,0",B_cells
TACCCGTAGAGCCTGA-1,Immune_mixed,Immune_mixed
TACCCGTAGCGACCCT-1,Immune_mixed,Immune_mixed
TACCCGTAGCGTTGTT-1,"B_cells,0",B_cells
TACCCGTAGTAATCCC-1,"B_cells,0",B_cells
TACCCGTAGTCTGGTT-1,Myeloid,Myeloid
TACCCGTCAACCAGAG-1,Immune_mixed,Immune_mixed
TACCCGTCAAGAAACT-1,Immune_mixed,Immune_mixed
TACCCGTCACCACATA-1,Immune_mixed,Immune_mixed
TACCCGTCAGGCCTGT-1,Immune_mixed,Immune_mixed
TACCCGTGTAAGATCA-1,"B_cells,0",B_cells
TACCCGTGTCGCCTAG-1,Erythroid,Erythroid
TACCCGTGTCTGCAAT-1,Immune_mixed,Immune_mixed
TACCCGTGTGACAGCA-1,Immune_mixed,Immune_mixed
TACCCGTTCAGGTAAA-1,Myeloid,Myeloid
TACCCGTTCGGTGCAC-1,"B_cells,0",B_cells
TACCGAAAGAGCTTTC-1,Erythroid,Erythroid
TACCGAAAGCACTGGA-1,Erythroid,Erythroid
TACCGAAAGCGACTGA-1,Immune_mixed,Immune_mixed
TACCGAATCATCACAG-1,"B_cells,0",B_cells
TACCGAATCATTGGTG-1,Erythroid,Erythroid
TACCGAATCTCGGTCT-1,Erythroid,Erythroid
TACCGGGAGAGGTGCT-1,Immune_mixed,Immune_mixed
TACCGGGAGGCACTCC-1,Myeloid,Myeloid
TACCGGGGTCGCTTAA-1,Immune_mixed,Immune_mixed
TACCGGGGTTCTTCAT-1,Immune_mixed,Immune_mixed
TACCGGGGTTGCAAGG-1,Immune_mixed,Immune_mixed
TACCGGGTCCACAAGT-1,Immune_mixed,Immune_mixed
TACCGGGTCCATGAGT-1,Erythroid,Erythroid
TACCGGGTCCTGCCAT-1,Immune_mixed,Immune_mixed
TACCGGGTCTGGGTCG-1,Myeloid,Myeloid
TACCTCGAGTGTACCT-1,Immune_mixed,Immune_mixed
TACCTCGCAGGTGGAT-1,Immune_mixed,Immune_mixed
TACCTCGCATCGTCCT-1,Immune_mixed,Immune_mixed
TACCTCGGTCGCGGTT-1,"B_cells,1",B_cells
TACCTCGGTGCGTTTA-1,Immune_mixed,Immune_mixed
TACCTCGGTGGATCAG-1,"B_cells,0",B_cells
TACCTCGGTGTCTTGA-1,"B_cells,0",B_cells
TACCTCGGTTCGGTTA-1,Myeloid,Myeloid
TACCTCGGTTGGATCT-1,"B_cells,0",B_cells
TACCTCGTCAGACATC-1,Erythroid,Erythroid
TACCTCGTCGTGTCAA-1,Immune_mixed,Immune_mixed
TACCTGCAGAATTTGG-1,Immune_mixed,Immune_mixed
TACCTGCAGCACTTTG-1,Immune_mixed,Immune_mixed
TACCTGCAGCGTTACT-1,Immune_mixed,Immune_mixed
TACCTGCAGGTAGGCT-1,Immune_mixed,Immune_mixed
TACCTGCCAGAACATA-1,"B_cells,0",B_cells
TACCTGCCATCCAACA-1,Myeloid,Myeloid
TACCTGCGTACCACGC-1,Erythroid,Erythroid
TACCTGCTCCGACAGC-1,Immune_mixed,Immune_mixed
TACCTGCTCGTAACCA-1,Erythroid,Erythroid
TACGCTCAGATGTAGT-1,Immune_mixed,Immune_mixed
TACGCTCAGGGTTTCT-1,Immune_mixed,Immune_mixed
TACGCTCCAAATCAGA-1,Immune_mixed,Immune_mixed
TACGCTCCACCAGCTG-1,Immune_mixed,Immune_mixed
TACGCTCGTGCAGGAT-1,Myeloid,Myeloid
TACGCTCGTTGTCTAG-1,Erythroid,Erythroid
TACGCTCTCAGCGTCG-1,"B_cells,0",B_cells
TACGCTCTCCCTTGGT-1,"B_cells,0",B_cells
TACGCTCTCTAGACCA-1,Immune_mixed,Immune_mixed
TACGCTCTCTCGACCT-1,Myeloid,Myeloid
TACGCTCTCTGACGCG-1,"B_cells,0",B_cells
TACGCTCTCTTTGCTA-1,"B_cells,0",B_cells
TACGGGCAGCACGTCC-1,Immune_mixed,Immune_mixed
TACGGGCAGCGCGTTC-1,Erythroid,Erythroid
TACGGGCCAGACGATG-1,Erythroid,Erythroid
TACGGGCCATGACGGA-1,Immune_mixed,Immune_mixed
TACGGGCGTCCACACG-1,Immune_mixed,Immune_mixed
TACGGGCGTGCAATAA-1,Immune_mixed,Immune_mixed
TACGGGCGTGCGACAA-1,Myeloid,Myeloid
TACGGGCTCCGTGGCA-1,Erythroid,Erythroid
TACGGGCTCTATACTC-1,Immune_mixed,Immune_mixed
TACGGGCTCTCTTAAC-1,"B_cells,0",B_cells
TACGGTAAGACGCAGT-1,Erythroid,Erythroid
TACGGTAAGACTTAAG-1,Immune_mixed,Immune_mixed
TACGGTAAGATAGCAT-1,Erythroid,Erythroid
TACGGTAAGCACTTTG-1,"B_cells,0",B_cells
TACGGTAAGCGGGTAT-1,Immune_mixed,Immune_mixed
TACGGTAAGCTGCCAC-1,Immune_mixed,Immune_mixed
TACGGTAAGTTGCGCC-1,Immune_mixed,Immune_mixed
TACGGTACATCAGCTA-1,Immune_mixed,Immune_mixed
TACGGTAGTTGCTCAA-1,"B_cells,0",B_cells
TACGGTATCCATGATG-1,Erythroid,Erythroid
TACGTCCAGAAGTCCG-1,Immune_mixed,Immune_mixed
TACGTCCAGTCCTGCG-1,Immune_mixed,Immune_mixed
TACGTCCCACATGTTG-1,Immune_mixed,Immune_mixed
TACGTCCCACCGTGCA-1,Immune_mixed,Immune_mixed
TACGTCCCAGACTCTA-1,Immune_mixed,Immune_mixed
TACGTCCTCACGGACC-1,Immune_mixed,Immune_mixed
TACGTCCTCATGGTAC-1,Erythroid,Erythroid
TACTGCCAGAAGCCAC-1,Immune_mixed,Immune_mixed
TACTGCCAGACTCAAA-1,"B_cells,0",B_cells
TACTGCCAGCGCCTCA-1,Erythroid,Erythroid
TACTGCCAGGAATCGC-1,Immune_mixed,Immune_mixed
TACTGCCAGGGATCTG-1,Immune_mixed,Immune_mixed
TACTGCCCACTGCATA-1,Immune_mixed,Immune_mixed
TACTGCCCAGTGTGGA-1,Immune_mixed,Immune_mixed
TACTGCCGTGCCTGAC-1,Immune_mixed,Immune_mixed
TACTGCCGTTGTGTAC-1,Immune_mixed,Immune_mixed
TACTGCCTCGAACTCA-1,Erythroid,Erythroid
TACTTACAGGGCGAAG-1,Immune_mixed,Immune_mixed
TACTTACAGTATTAGG-1,Immune_mixed,Immune_mixed
TACTTACCAACCACGC-1,Immune_mixed,Immune_mixed
TACTTACCACTCTAGA-1,Immune_mixed,Immune_mixed
TACTTACCATAGATGA-1,"B_cells,0",B_cells
TACTTACCATCGCTAA-1,Immune_mixed,Immune_mixed
TACTTACGTACCTAAC-1,Myeloid,Myeloid
TACTTACGTAGCTCGC-1,Erythroid,Erythroid
TACTTACGTGCAGATG-1,Myeloid,Myeloid
TACTTACTCCCGGTAG-1,Immune_mixed,Immune_mixed
TACTTCAAGAGGGTAA-1,Immune_mixed,Immune_mixed
TACTTCAAGCTCGAAG-1,Myeloid,Myeloid
TACTTCAAGTAGGCCA-1,Immune_mixed,Immune_mixed
TACTTCACAACGGTAG-1,Myeloid,Myeloid
TACTTCACACAGTATC-1,Myeloid,Myeloid
TACTTCACACAGTGAG-1,Immune_mixed,Immune_mixed
TACTTCAGTAACTGCT-1,Immune_mixed,Immune_mixed
TACTTCAGTAGAAACT-1,Erythroid,Erythroid
TACTTCAGTAGGACTG-1,Immune_mixed,Immune_mixed
TACTTCAGTTCCGCAG-1,Myeloid,Myeloid
TACTTCATCAGTGATC-1,Immune_mixed,Immune_mixed
TACTTCATCGCGCTGA-1,Myeloid,Myeloid
TACTTCATCGCGTGCA-1,Immune_mixed,Immune_mixed
TACTTCATCTACTCAT-1,Erythroid,Erythroid
TACTTCATCTTGGTCC-1,Immune_mixed,Immune_mixed
TACTTGTAGAAGCGCT-1,Immune_mixed,Immune_mixed
TACTTGTAGAGCTGAC-1,Myeloid,Myeloid
TACTTGTAGTGTAGTA-1,Immune_mixed,Immune_mixed
TACTTGTCACAGCCTG-1,Immune_mixed,Immune_mixed
TACTTGTCACTGGCGT-1,Myeloid,Myeloid
TACTTGTCAGGCACTC-1,Immune_mixed,Immune_mixed
TACTTGTCATCGGAAG-1,Myeloid,Myeloid
TACTTGTGTATGTGTC-1,Immune_mixed,Immune_mixed
TACTTGTGTTAGAGAT-1,Immune_mixed,Immune_mixed
TACTTGTGTTTCGTAG-1,"B_cells,0",B_cells
TACTTGTTCCATATGG-1,Immune_mixed,Immune_mixed
TAGACCAAGTGCCTCG-1,Erythroid,Erythroid
TAGACCACAATTGCGT-1,"B_cells,0",B_cells
TAGACCACAGCACACC-1,Myeloid,Myeloid
TAGACCAGTACCCAGC-1,Immune_mixed,Immune_mixed
TAGACCAGTACTGGGA-1,Myeloid,Myeloid
TAGACCAGTCACAGAG-1,"B_cells,0",B_cells
TAGACCATCGACCTAA-1,"B_cells,0",B_cells
TAGACCATCGTCGATA-1,Immune_mixed,Immune_mixed
TAGACCATCTCTCAAT-1,Myeloid,Myeloid
TAGACTGAGAAACTAC-1,Immune_mixed,Immune_mixed
TAGACTGAGAAGCCTG-1,Immune_mixed,Immune_mixed
TAGACTGAGCGCTTCG-1,Immune_mixed,Immune_mixed
TAGACTGAGTTACGTC-1,Immune_mixed,Immune_mixed
TAGACTGCACTCCTGT-1,Immune_mixed,Immune_mixed
TAGACTGGTACCGTCG-1,Immune_mixed,Immune_mixed
TAGACTGGTTACGGAG-1,Myeloid,Myeloid
TAGACTGTCGCAACAT-1,Immune_mixed,Immune_mixed
TAGAGTCAGATTGACA-1,Immune_mixed,Immune_mixed
TAGAGTCAGCGACTTT-1,"B_cells,0",B_cells
TAGAGTCAGGGAGAAT-1,Immune_mixed,Immune_mixed
TAGAGTCCACTGGATT-1,Immune_mixed,Immune_mixed
TAGAGTCGTATTGCCA-1,Immune_mixed,Immune_mixed
TAGATCGAGACTGGGT-1,Immune_mixed,Immune_mixed
TAGATCGAGCACTAGG-1,"B_cells,0",B_cells
TAGATCGAGGGCAATC-1,Myeloid,Myeloid
TAGATCGAGTCTCCTC-1,Immune_mixed,Immune_mixed
TAGATCGCAGCTACCG-1,Myeloid,Myeloid
TAGATCGCATAACCCA-1,Immune_mixed,Immune_mixed
TAGATCGGTACCAATC-1,Immune_mixed,Immune_mixed
TAGATCGGTAGATCGG-1,Myeloid,Myeloid
TAGATCGTCGGTATGT-1,Myeloid,Myeloid
TAGATCGTCTCCCTAG-1,"B_cells,0",B_cells
TAGCACAAGGCGTTAG-1,Erythroid,Erythroid
TAGCACACAATGGGTG-1,Erythroid,Erythroid
TAGCACAGTCCCTAAA-1,Myeloid,Myeloid
TAGCACAGTGAACTAA-1,Immune_mixed,Immune_mixed
TAGCACAGTTGCAAGG-1,Myeloid,Myeloid
TAGCACAGTTTCAGAC-1,Erythroid,Erythroid
TAGCACAGTTTGAACC-1,Erythroid,Erythroid
TAGCACATCTCTTCAA-1,Myeloid,Myeloid
TAGGAGGAGATGGTCG-1,Immune_mixed,Immune_mixed
TAGGAGGAGCCTCATA-1,Erythroid,Erythroid
TAGGAGGAGCGAGGAG-1,Immune_mixed,Immune_mixed
TAGGAGGCAAGAGATT-1,Erythroid,Erythroid
TAGGAGGCATAGGTAA-1,"B_cells,0",B_cells
TAGGAGGGTAAGATCA-1,Erythroid,Erythroid
TAGGAGGGTCTTGCGG-1,Immune_mixed,Immune_mixed
TAGGAGGGTGTAGCAG-1,Immune_mixed,Immune_mixed
TAGGAGGGTGTGCCTG-1,Immune_mixed,Immune_mixed
TAGGAGGGTGTTAGCT-1,Immune_mixed,Immune_mixed
TAGGAGGTCGATTGGT-1,Myeloid,Myeloid
TAGGAGGTCTTTGCAT-1,"B_cells,1",B_cells
TAGGGTTAGACGCATG-1,"B_cells,0",B_cells
TAGGGTTAGTTACGAA-1,Erythroid,Erythroid
TAGGGTTTCCTTCACG-1,Erythroid,Erythroid
TAGGGTTTCGAGTCCG-1,Erythroid,Erythroid
TAGGGTTTCGTGCAGC-1,Immune_mixed,Immune_mixed
TAGGTACAGCCTGAGA-1,Immune_mixed,Immune_mixed
TAGGTACAGGTGCATG-1,Immune_mixed,Immune_mixed
TAGGTACAGTGTGTTC-1,Immune_mixed,Immune_mixed
TAGGTACCAACCGATT-1,Immune_mixed,Immune_mixed
TAGGTACCACCATTCC-1,Immune_mixed,Immune_mixed
TAGGTACCAGCGGATA-1,Immune_mixed,Immune_mixed
TAGGTACCAGGCCCTA-1,Immune_mixed,Immune_mixed
TAGGTACCATGGAAGC-1,Immune_mixed,Immune_mixed
TAGGTACGTAAGGCCA-1,"B_cells,0",B_cells
TAGGTACGTATATGGA-1,Myeloid,Myeloid
TAGGTACTCTGCGTCT-1,Immune_mixed,Immune_mixed
TAGGTTGAGGGAGAAT-1,Immune_mixed,Immune_mixed
TAGGTTGAGGTCATTC-1,Immune_mixed,Immune_mixed
TAGGTTGCAAATTGGA-1,Erythroid,Erythroid
TAGGTTGCAACACTAC-1,Immune_mixed,Immune_mixed
TAGGTTGCAACCGTAT-1,Immune_mixed,Immune_mixed
TAGGTTGCACAGCGCT-1,"B_cells,1",B_cells
TAGGTTGCACTAACGT-1,Erythroid,Erythroid
TAGTGCAAGGCACTCC-1,"B_cells,0",B_cells
TAGTGCACACCTGCTT-1,Immune_mixed,Immune_mixed
TAGTGCACACTTGTCC-1,Erythroid,Erythroid
TAGTGCACAGGCATGA-1,"B_cells,0",B_cells
TAGTGCAGTAGAGCTG-1,Immune_mixed,Immune_mixed
TAGTGCAGTAGGCAAC-1,Immune_mixed,Immune_mixed
TAGTGCAGTTAATCGC-1,Erythroid,Erythroid
TAGTGCAGTTCACCGG-1,Myeloid,Myeloid
TAGTGCATCGCATGAT-1,Immune_mixed,Immune_mixed
TATACCTAGTCATCGT-1,Immune_mixed,Immune_mixed
TATACCTGTTGAGTCT-1,Myeloid,Myeloid
TATACCTTCTACCCAC-1,"B_cells,0",B_cells
TATATCCCAACTGCTA-1,Immune_mixed,Immune_mixed
TATATCCCAGCATGCC-1,Immune_mixed,Immune_mixed
TATATCCCAGGGTTGA-1,Immune_mixed,Immune_mixed
TATATCCGTGCATTTG-1,Immune_mixed,Immune_mixed
TATATCCTCCGATCGG-1,Immune_mixed,Immune_mixed
TATATCCTCCGTGGTG-1,Immune_mixed,Immune_mixed
TATATCCTCGCAAGAG-1,Myeloid,Myeloid
TATATCCTCGTTGTAG-1,Erythroid,Erythroid
TATATCCTCGTTGTGA-1,"B_cells,0",B_cells
TATATCCTCTTACCGC-1,Immune_mixed,Immune_mixed
TATCAGGAGCGCCCAT-1,Myeloid,Myeloid
TATCAGGAGGATTTGA-1,"B_cells,0",B_cells
TATCAGGCACTAACCA-1,Immune_mixed,Immune_mixed
TATCAGGCACTACGGC-1,Immune_mixed,Immune_mixed
TATCAGGGTACTGTTG-1,"B_cells,0",B_cells
TATCAGGGTCACAATC-1,Erythroid,Erythroid
TATCCTAAGAGATCGC-1,Immune_mixed,Immune_mixed
TATCCTAAGGGACAGG-1,Immune_mixed,Immune_mixed
TATCCTAAGGTAGCCA-1,Erythroid,Erythroid
TATCCTAAGTTAGTGA-1,"B_cells,0",B_cells
TATCCTACAACAGAGC-1,Erythroid,Erythroid
TATCCTACAACTCGAT-1,Erythroid,Erythroid
TATCCTACACCAGCGT-1,Immune_mixed,Immune_mixed
TATCCTACATCAGTGT-1,Immune_mixed,Immune_mixed
TATCCTACATCGCTCT-1,Immune_mixed,Immune_mixed
TATCCTAGTAGACGGT-1,Erythroid,Erythroid
TATCCTAGTGAGTTTC-1,Erythroid,Erythroid
TATCCTATCAACTGAC-1,Myeloid,Myeloid
TATCCTATCACAACCA-1,Immune_mixed,Immune_mixed
TATCCTATCATGTCTT-1,Erythroid,Erythroid
TATCGCCAGGGTTGCA-1,Immune_mixed,Immune_mixed
TATCGCCAGTGACCTT-1,Immune_mixed,Immune_mixed
TATCGCCCACGTAGTT-1,Immune_mixed,Immune_mixed
TATCGCCCAGCTTCCT-1,Immune_mixed,Immune_mixed
TATCGCCCATGGAATA-1,Immune_mixed,Immune_mixed
TATCGCCCATTCCTAT-1,Immune_mixed,Immune_mixed
TATCGCCGTCATCAGT-1,Immune_mixed,Immune_mixed
TATCGCCGTCGCTTAA-1,Immune_mixed,Immune_mixed
TATCGCCGTTATTCCT-1,Myeloid,Myeloid
TATCGCCGTTCCGCGA-1,Erythroid,Erythroid
TATCGCCGTTGTTGTG-1,Immune_mixed,Immune_mixed
TATCGCCTCATCTCTA-1,Erythroid,Erythroid
TATCGCCTCCTCACTG-1,Immune_mixed,Immune_mixed
TATCGCCTCTTCTAAC-1,Erythroid,Erythroid
TATCTGTAGATTGATG-1,"B_cells,0",B_cells
TATCTGTAGGTCCCGT-1,Immune_mixed,Immune_mixed
TATCTGTAGGTTCATC-1,Immune_mixed,Immune_mixed
TATCTGTAGTCATGCT-1,Immune_mixed,Immune_mixed
TATCTGTCAGTCTGGC-1,Immune_mixed,Immune_mixed
TATCTGTGTGATGAAT-1,"B_cells,0",B_cells
TATCTGTTCAAGTAAG-1,Immune_mixed,Immune_mixed
TATCTGTTCACGACTA-1,Erythroid,Erythroid
TATCTGTTCCTACCGT-1,"B_cells,0",B_cells
TATCTGTTCGTAGGGA-1,"B_cells,0",B_cells
TATCTTGAGACTGTTC-1,Immune_mixed,Immune_mixed
TATCTTGAGTCACTCA-1,"B_cells,0",B_cells
TATCTTGAGTCTGCGC-1,Myeloid,Myeloid
TATCTTGCAATCCTAG-1,Immune_mixed,Immune_mixed
TATCTTGCACGGTGTC-1,"B_cells,0",B_cells
TATCTTGCAGACCAGA-1,Myeloid,Myeloid
TATCTTGCAGTAGAAT-1,Immune_mixed,Immune_mixed
TATCTTGGTCTGTGTA-1,Immune_mixed,Immune_mixed
TATCTTGGTGGGTATG-1,Immune_mixed,Immune_mixed
TATCTTGGTTATAGCC-1,Myeloid,Myeloid
TATCTTGTCAAGTGGG-1,Myeloid,Myeloid
TATCTTGTCAATCAGC-1,Immune_mixed,Immune_mixed
TATCTTGTCAGCTAGT-1,Immune_mixed,Immune_mixed
TATCTTGTCCAAGCTA-1,Immune_mixed,Immune_mixed
TATCTTGTCGTCCATC-1,Erythroid,Erythroid
TATGTTCAGCGCGTTC-1,Erythroid,Erythroid
TATGTTCAGCTGTTAC-1,Immune_mixed,Immune_mixed
TATGTTCAGGACAAGA-1,Immune_mixed,Immune_mixed
TATGTTCAGGAGACCT-1,Erythroid,Erythroid
TATGTTCCACCGCTAG-1,Immune_mixed,Immune_mixed
TATGTTCGTAGACGTG-1,Erythroid,Erythroid
TATGTTCGTCGAGCTC-1,Immune_mixed,Immune_mixed
TATGTTCGTGATGAAT-1,Immune_mixed,Immune_mixed
TATGTTCGTGTCACAT-1,"B_cells,0",B_cells
TATGTTCTCAACTGAC-1,Myeloid,Myeloid
TATGTTCTCTGGGCAC-1,Immune_mixed,Immune_mixed
TATTCCAAGTGAGGCT-1,Myeloid,Myeloid
TATTCCACACGAGGAT-1,Immune_mixed,Immune_mixed
TATTCCACACGGGTAA-1,Immune_mixed,Immune_mixed
TATTCCAGTCGGAAAC-1,"B_cells,0",B_cells
TATTCCATCCGATGTA-1,"B_cells,0",B_cells
TATTCCATCCTTCTAA-1,Immune_mixed,Immune_mixed
TATTCCATCTGGGTCG-1,Erythroid,Erythroid
TATTGCTAGAATTCAG-1,Erythroid,Erythroid
TATTGCTAGGTGCATG-1,"B_cells,0",B_cells
TATTGCTAGTTCGCAT-1,Myeloid,Myeloid
TATTGCTCACCACATA-1,Erythroid,Erythroid
TATTGCTCACCCAACG-1,Immune_mixed,Immune_mixed
TATTGCTCAGACCTGC-1,"B_cells,0",B_cells
TATTGCTCAGCCTATA-1,"B_cells,0",B_cells
TATTGCTCATTAGGCT-1,Immune_mixed,Immune_mixed
TATTGCTGTGTGAGCA-1,Immune_mixed,Immune_mixed
TATTGCTTCCTCAGAA-1,Immune_mixed,Immune_mixed
TATTGGGAGGATACCG-1,"B_cells,0",B_cells
TATTGGGAGTCAGGGT-1,Immune_mixed,Immune_mixed
TATTGGGCACCAAATC-1,Myeloid,Myeloid
TATTGGGCAGCCGTCA-1,Myeloid,Myeloid
TATTGGGCATTAGGCT-1,Erythroid,Erythroid
TATTGGGGTAGTTAGA-1,Immune_mixed,Immune_mixed
TATTGGGGTATGAGCG-1,Myeloid,Myeloid
TATTGGGGTCAAACGG-1,"B_cells,0",B_cells
TATTGGGTCGTAGTCA-1,"B_cells,0",B_cells
TATTTCGAGCAGCCTC-1,Erythroid,Erythroid
TATTTCGAGCTCGACC-1,Immune_mixed,Immune_mixed
TATTTCGCACCTGCTT-1,Myeloid,Myeloid
TATTTCGGTACTCCCT-1,Immune_mixed,Immune_mixed
TATTTCGGTCCAGAAG-1,Erythroid,Erythroid
TATTTCGGTGTTTACG-1,Immune_mixed,Immune_mixed
TATTTCGGTTGGAGAC-1,Immune_mixed,Immune_mixed
TATTTCGTCGGACTTA-1,Immune_mixed,Immune_mixed
TATTTCGTCGTCGACG-1,Immune_mixed,Immune_mixed
TCAAGACAGCCTTGAT-1,Immune_mixed,Immune_mixed
TCAAGACAGGAATTAC-1,Erythroid,Erythroid
TCAAGACAGGTTACCT-1,Immune_mixed,Immune_mixed
TCAAGACAGGTTCCAT-1,Erythroid,Erythroid
TCAAGACAGTTCCGGC-1,"B_cells,0",B_cells
TCAAGACCACGCTATA-1,Immune_mixed,Immune_mixed
TCAAGACCATGTCGTA-1,Immune_mixed,Immune_mixed
TCAAGACCATTCGGGC-1,Immune_mixed,Immune_mixed
TCAAGACGTCTGTTAG-1,Immune_mixed,Immune_mixed
TCAAGACGTGCAGGAT-1,"B_cells,0",B_cells
TCAAGACGTGCTGATT-1,Immune_mixed,Immune_mixed
TCAAGACGTGTCCACG-1,Immune_mixed,Immune_mixed
TCAAGACGTTTACACG-1,"B_cells,0",B_cells
TCAAGACGTTTAGAGA-1,Immune_mixed,Immune_mixed
TCAAGACTCAAGCCGC-1,"B_cells,0",B_cells
TCAAGACTCAGACCGC-1,Immune_mixed,Immune_mixed
TCAAGACTCTCGCCTA-1,Immune_mixed,Immune_mixed
TCAAGCAAGAATAGTC-1,Erythroid,Erythroid
TCAAGCAAGACGAAGA-1,Erythroid,Erythroid
TCAAGCAAGCCATCCG-1,Immune_mixed,Immune_mixed
TCAAGCAAGCTATCTG-1,Erythroid,Erythroid
TCAAGCAAGTATGAGT-1,Erythroid,Erythroid
TCAAGCAAGTCTTGGT-1,"B_cells,0",B_cells
TCAAGCACACACACGC-1,Immune_mixed,Immune_mixed
TCAAGCACACCGGCTA-1,Immune_mixed,Immune_mixed
TCAAGCAGTATGAGGC-1,Immune_mixed,Immune_mixed
TCAAGCAGTCTAGTGT-1,Immune_mixed,Immune_mixed
TCAAGCAGTGGTCTCG-1,Myeloid,Myeloid
TCAAGCAGTGTCTCCT-1,Immune_mixed,Immune_mixed
TCAAGCAGTTTCTATC-1,Erythroid,Erythroid
TCAAGCATCATGGATC-1,Immune_mixed,Immune_mixed
TCAAGCATCTCGGGAC-1,Erythroid,Erythroid
TCAAGCATCTGCTTAT-1,"B_cells,0",B_cells
TCAAGTGAGAGTCACG-1,"B_cells,0",B_cells
TCAAGTGAGAGTCCGA-1,"B_cells,0",B_cells
TCAAGTGAGGACGCAT-1,"B_cells,0",B_cells
TCAAGTGAGGGATCGT-1,Myeloid,Myeloid
TCAAGTGAGGGCAGAG-1,Immune_mixed,Immune_mixed
TCAAGTGCAACCCTAA-1,"B_cells,0",B_cells
TCAAGTGCAGTCGGAA-1,Immune_mixed,Immune_mixed
TCAAGTGCATGACAGG-1,Erythroid,Erythroid
TCAAGTGCATGTAACC-1,Immune_mixed,Immune_mixed
TCAAGTGGTAGATCGG-1,Immune_mixed,Immune_mixed
TCAAGTGGTCTACAGT-1,Immune_mixed,Immune_mixed
TCAAGTGTCAAGGAGC-1,Myeloid,Myeloid
TCAAGTGTCTGTGCAA-1,Erythroid,Erythroid
TCAAGTGTCTTACCAT-1,Immune_mixed,Immune_mixed
TCAATCTAGACGCCCT-1,"B_cells,0",B_cells
TCAATCTAGAGTCAGC-1,Immune_mixed,Immune_mixed
TCAATCTAGCCTCATA-1,Immune_mixed,Immune_mixed
TCAATCTAGTGTCATC-1,Erythroid,Erythroid
TCAATCTCACACAGCC-1,Erythroid,Erythroid
TCAATCTCAGCTTTCC-1,"B_cells,0",B_cells
TCAATCTCAGGACTTT-1,Myeloid,Myeloid
TCAATCTGTAAGACCG-1,Erythroid,Erythroid
TCAATCTGTAGCGCCT-1,Immune_mixed,Immune_mixed
TCAATCTTCCCATACC-1,Immune_mixed,Immune_mixed
TCAATCTTCTAGTGTG-1,"B_cells,0",B_cells
TCAATCTTCTTGCGCT-1,Immune_mixed,Immune_mixed
TCAATTCAGAGTCAGC-1,"B_cells,0",B_cells
TCAATTCAGCCTCAAT-1,Immune_mixed,Immune_mixed
TCAATTCCATGGCGCT-1,"B_cells,0",B_cells
TCAATTCGTCACTGAT-1,Immune_mixed,Immune_mixed
TCAATTCGTCTAGATC-1,Immune_mixed,Immune_mixed
TCAATTCGTGCTTATG-1,Erythroid,Erythroid
TCAATTCTCAAAGGAT-1,Myeloid,Myeloid
TCAATTCTCACTGCTC-1,"B_cells,0",B_cells
TCAATTCTCAGGTGTT-1,"B_cells,1",B_cells
TCAATTCTCGAGCCAC-1,Erythroid,Erythroid
TCAATTCTCTATGCCC-1,Myeloid,Myeloid
TCAATTCTCTGTGCTC-1,Immune_mixed,Immune_mixed
TCACAAGAGACTCTAC-1,Immune_mixed,Immune_mixed
TCACAAGAGCGATGGT-1,Erythroid,Erythroid
TCACAAGCATGGCTAT-1,Myeloid,Myeloid
TCACAAGTCAGTGATC-1,Immune_mixed,Immune_mixed
TCACAAGTCGGACCAC-1,Myeloid,Myeloid
TCACAAGTCTTTCAGT-1,Erythroid,Erythroid
TCACACCAGTTTCGGT-1,Immune_mixed,Immune_mixed
TCACACCCATGGATCT-1,Immune_mixed,Immune_mixed
TCACACCGTGCCTATA-1,Immune_mixed,Immune_mixed
TCACACCTCACGACTA-1,Immune_mixed,Immune_mixed
TCACACCTCGCTCTAC-1,Erythroid,Erythroid
TCACACCTCGCTTGAA-1,Immune_mixed,Immune_mixed
TCACACCTCTTCTCAA-1,Erythroid,Erythroid
TCACATTAGTATGCAA-1,Immune_mixed,Immune_mixed
TCACATTCACAACCGC-1,Erythroid,Erythroid
TCACATTCACCGTGGT-1,Immune_mixed,Immune_mixed
TCACATTCAGAGGTTG-1,Myeloid,Myeloid
TCACATTCATATGGCT-1,Immune_mixed,Immune_mixed
TCACATTTCCCAGGAC-1,Immune_mixed,Immune_mixed
TCACATTTCGCAGTTA-1,Myeloid,Myeloid
TCACATTTCTTCTGTA-1,Erythroid,Erythroid
TCACGCTAGCTAAATG-1,Immune_mixed,Immune_mixed
TCACGCTAGCTACGTT-1,Immune_mixed,Immune_mixed
TCACGCTAGCTCACTA-1,Immune_mixed,Immune_mixed
TCACGCTCAGCACGAA-1,Immune_mixed,Immune_mixed
TCACGCTCATACCACA-1,Immune_mixed,Immune_mixed
TCACGCTGTCAACCTA-1,Erythroid,Erythroid
TCACGCTGTGAGCCAA-1,Erythroid,Erythroid
TCACGCTGTGCAGTGA-1,Immune_mixed,Immune_mixed
TCACGCTGTTGTCTAG-1,Immune_mixed,Immune_mixed
TCACGCTTCATGAGTC-1,"B_cells,0",B_cells
TCACGCTTCTAAGCGT-1,Myeloid,Myeloid
TCACGCTTCTTCCTAA-1,"B_cells,0",B_cells
TCACGGGAGAGCGACT-1,Immune_mixed,Immune_mixed
TCACGGGCAACTCGAT-1,Erythroid,Erythroid
TCACGGGCACATTCGA-1,Immune_mixed,Immune_mixed
TCACGGGCATGCAGCC-1,Erythroid,Erythroid
TCACGGGGTAGTCGGA-1,Immune_mixed,Immune_mixed
TCACGGGGTATCGGTT-1,Erythroid,Erythroid
TCACGGGGTCCAGCAC-1,Immune_mixed,Immune_mixed
TCACGGGTCAAGCCGC-1,Erythroid,Erythroid
TCACGGGTCTCTTGCG-1,Immune_mixed,Immune_mixed
TCACTATAGCTCGAAG-1,Immune_mixed,Immune_mixed
TCACTATGTAATTAGG-1,Immune_mixed,Immune_mixed
TCACTATGTTCCCAAA-1,Myeloid,Myeloid
TCACTATTCATTTGTC-1,Immune_mixed,Immune_mixed
TCACTCGAGTAAACGT-1,Immune_mixed,Immune_mixed
TCACTCGCACGTAACT-1,Erythroid,Erythroid
TCACTCGGTAGCGAGT-1,Erythroid,Erythroid
TCACTCGGTCTCGCGA-1,Immune_mixed,Immune_mixed
TCACTCGGTTCCCAAA-1,Erythroid,Erythroid
TCACTCGTCAGTGTGT-1,"B_cells,1",B_cells
TCACTCGTCGGCCTTT-1,Erythroid,Erythroid
TCACTCGTCGTGGCTG-1,Immune_mixed,Immune_mixed
TCAGCAACAACTGCCG-1,"B_cells,0",B_cells
TCAGCAACAGAGGACT-1,Immune_mixed,Immune_mixed
TCAGCAAGTCAATCTG-1,Immune_mixed,Immune_mixed
TCAGCAAGTGCCGAAA-1,Immune_mixed,Immune_mixed
TCAGCCTAGAGTCACG-1,Immune_mixed,Immune_mixed
TCAGCCTAGCGTGAAC-1,Immune_mixed,Immune_mixed
TCAGCCTAGTTAGTAG-1,Erythroid,Erythroid
TCAGCCTCACCCAACG-1,Immune_mixed,Immune_mixed
TCAGCCTCATCTGGGC-1,Immune_mixed,Immune_mixed
TCAGCCTCATCTGTTT-1,"B_cells,0",B_cells
TCAGCCTGTATCAGGG-1,Immune_mixed,Immune_mixed
TCAGCCTTCACCTCGT-1,Immune_mixed,Immune_mixed
TCAGGGCAGGACGGAG-1,Immune_mixed,Immune_mixed
TCAGGGCAGTAACAGT-1,Myeloid,Myeloid
TCAGGGCCAACCAACT-1,"B_cells,1",B_cells
TCAGGGCCATTGACCA-1,Immune_mixed,Immune_mixed
TCAGGGCGTAGAAACT-1,Immune_mixed,Immune_mixed
TCAGGGCGTTTACACG-1,Myeloid,Myeloid
TCAGGGCTCAAATGCC-1,Erythroid,Erythroid
TCAGGGCTCCGTACGG-1,Immune_mixed,Immune_mixed
TCAGGGCTCTTCCTAA-1,Myeloid,Myeloid
TCAGGTAAGCAGGCAT-1,Erythroid,Erythroid
TCAGGTAAGGATACCG-1,Immune_mixed,Immune_mixed
TCAGGTACACAAACGG-1,"B_cells,0",B_cells
TCAGGTACACATGACT-1,"B_cells,0",B_cells
TCAGGTAGTACCACGC-1,Myeloid,Myeloid
TCAGGTAGTCCGACGT-1,Immune_mixed,Immune_mixed
TCAGGTATCGGTAACT-1,"B_cells,0",B_cells
TCAGTCCAGGAGCTGT-1,"B_cells,0",B_cells
TCAGTCCAGGGAGGAC-1,Immune_mixed,Immune_mixed
TCAGTCCGTTCTTAGG-1,Immune_mixed,Immune_mixed
TCAGTCCGTTGCCAAT-1,Myeloid,Myeloid
TCAGTCCGTTTCGATG-1,"B_cells,0",B_cells
TCAGTCCTCACCTGGG-1,Erythroid,Erythroid
TCAGTCCTCACTTCTA-1,Immune_mixed,Immune_mixed
TCAGTCCTCATTCGTT-1,Immune_mixed,Immune_mixed
TCAGTCCTCGAACGCC-1,Immune_mixed,Immune_mixed
TCAGTCCTCGCAATGT-1,"B_cells,0",B_cells
TCAGTGAAGAGAATCT-1,Immune_mixed,Immune_mixed
TCAGTGAAGCCTCAAT-1,Immune_mixed,Immune_mixed
TCAGTGAAGTAGGAAG-1,"B_cells,0",B_cells
TCAGTGACACAGCCTG-1,"B_cells,0",B_cells
TCAGTGAGTTACACAC-1,Immune_mixed,Immune_mixed
TCAGTGATCCACTTCG-1,Erythroid,Erythroid
TCAGTGATCGTTAGTG-1,Erythroid,Erythroid
TCAGTGATCTCATTTG-1,Immune_mixed,Immune_mixed
TCAGTGATCTTTCTAG-1,Myeloid,Myeloid
TCAGTTTAGGTTCCGC-1,Immune_mixed,Immune_mixed
TCAGTTTAGTAGCATA-1,Immune_mixed,Immune_mixed
TCAGTTTCAAATGATG-1,Erythroid,Erythroid
TCAGTTTCAATCAAGA-1,Immune_mixed,Immune_mixed
TCAGTTTTCCTTACCG-1,Erythroid,Erythroid
TCAGTTTTCTATGCCC-1,Immune_mixed,Immune_mixed
TCATACTAGCATCCTA-1,Immune_mixed,Immune_mixed
TCATACTAGTTGGACG-1,Immune_mixed,Immune_mixed
TCATACTCACATATCG-1,Immune_mixed,Immune_mixed
TCATACTCACTATGTG-1,Immune_mixed,Immune_mixed
TCATACTGTCGTCAGC-1,Immune_mixed,Immune_mixed
TCATACTGTTCGGTAT-1,Erythroid,Erythroid
TCATATCAGGGAGGAC-1,Myeloid,Myeloid
TCATATCAGTCTGTAC-1,"B_cells,0",B_cells
TCATATCCAAGTAGTA-1,Erythroid,Erythroid
TCATATCGTCCAAGAG-1,Erythroid,Erythroid
TCATATCGTGTCTTCC-1,"B_cells,0",B_cells
TCATATCGTTTCGGCG-1,Immune_mixed,Immune_mixed
TCATATCGTTTGGCTA-1,Immune_mixed,Immune_mixed
TCATATCTCATCTGTT-1,Erythroid,Erythroid
TCATATCTCCCGGTAG-1,Immune_mixed,Immune_mixed
TCATATCTCCTTCACG-1,Immune_mixed,Immune_mixed
TCATATCTCGTGCTCT-1,Immune_mixed,Immune_mixed
TCATCATAGAGGACTC-1,"B_cells,0",B_cells
TCATCATCAAAGACGC-1,Immune_mixed,Immune_mixed
TCATCATCAGCTATAC-1,"B_cells,0",B_cells
TCATCATCATGACGGA-1,Immune_mixed,Immune_mixed
TCATCATGTCTGTGAT-1,Immune_mixed,Immune_mixed
TCATCATGTTCCGCTT-1,Myeloid,Myeloid
TCATCATGTTGTGTAC-1,Myeloid,Myeloid
TCATCATGTTTGCAGT-1,Immune_mixed,Immune_mixed
TCATCATTCAAGAATG-1,Erythroid,Erythroid
TCATCATTCGTAGTCA-1,Immune_mixed,Immune_mixed
TCATCATTCTAGCAAC-1,Immune_mixed,Immune_mixed
TCATCCGAGGTATAGT-1,Erythroid,Erythroid
TCATCCGAGTTCCATG-1,Immune_mixed,Immune_mixed
TCATCCGCAACTGTGT-1,Immune_mixed,Immune_mixed
TCATCCGCAGCCTATA-1,Erythroid,Erythroid
TCATCCGGTGCAAGAC-1,Immune_mixed,Immune_mixed
TCATCCGTCACCCTCA-1,Immune_mixed,Immune_mixed
TCATCCGTCTATCGCC-1,Immune_mixed,Immune_mixed
TCATCCGTCTGCATGA-1,Immune_mixed,Immune_mixed
TCATGAGAGACACACG-1,Myeloid,Myeloid
TCATGAGAGAGTTCGG-1,Immune_mixed,Immune_mixed
TCATGAGAGCTGTTCA-1,Immune_mixed,Immune_mixed
TCATGAGAGGTGTGAC-1,Myeloid,Myeloid
TCATGAGCAACACGTT-1,Immune_mixed,Immune_mixed
TCATGAGGTATTCCTT-1,Immune_mixed,Immune_mixed
TCATGAGGTGAATGTA-1,Erythroid,Erythroid
TCATGAGGTTTCACAG-1,Myeloid,Myeloid
TCATGAGTCGTGTTCC-1,Erythroid,Erythroid
TCATGAGTCTCGTTTA-1,"B_cells,0",B_cells
TCATGCCAGAGCCCAA-1,Immune_mixed,Immune_mixed
TCATGCCAGAGTTGCG-1,Immune_mixed,Immune_mixed
TCATGCCAGCTGTTAC-1,Myeloid,Myeloid
TCATGCCAGGGTCTTT-1,Immune_mixed,Immune_mixed
TCATGCCAGGTAGTCG-1,Immune_mixed,Immune_mixed
TCATGCCCAAGCCCAC-1,Erythroid,Erythroid
TCATGCCCACCCTAAA-1,Erythroid,Erythroid
TCATGCCCATGACGAG-1,Erythroid,Erythroid
TCATGCCGTCTCTCAC-1,Immune_mixed,Immune_mixed
TCATGCCGTGAATAAC-1,Immune_mixed,Immune_mixed
TCATGCCTCAAGCTGT-1,Immune_mixed,Immune_mixed
TCATGCCTCCAATCTT-1,Erythroid,Erythroid
TCATGCCTCGAGCCTG-1,Myeloid,Myeloid
TCATGGAAGAGTCAAT-1,Erythroid,Erythroid
TCATGGAAGAGTTGTA-1,"B_cells,0",B_cells
TCATGGAAGCAATAAC-1,Immune_mixed,Immune_mixed
TCATGGAAGGACTATA-1,Erythroid,Erythroid
TCATGGACAAATTAGG-1,Immune_mixed,Immune_mixed
TCATGGACACTGCGAC-1,Erythroid,Erythroid
TCATGGACATCCAATG-1,Immune_mixed,Immune_mixed
TCATGGAGTGAACGGT-1,"B_cells,0",B_cells
TCATGGAGTTAGCGGA-1,Myeloid,Myeloid
TCATGGATCGACCATA-1,Immune_mixed,Immune_mixed
TCATGGATCGCATTGA-1,"B_cells,0",B_cells
TCATGGATCTCCAAGA-1,Immune_mixed,Immune_mixed
TCATGGATCTCTTCAA-1,Myeloid,Myeloid
TCATGGATCTGTAAGC-1,Immune_mixed,Immune_mixed
TCATGTTAGGTGAGAA-1,Immune_mixed,Immune_mixed
TCATGTTAGTGGATAT-1,Erythroid,Erythroid
TCATGTTGTGTCTAAC-1,Immune_mixed,Immune_mixed
TCATGTTGTTATGTGC-1,Immune_mixed,Immune_mixed
TCATGTTTCGCAGATT-1,Erythroid,Erythroid
TCATGTTTCGTAACAC-1,Immune_mixed,Immune_mixed
TCATTACAGAATAGTC-1,Erythroid,Erythroid
TCATTACAGCAACAAT-1,Immune_mixed,Immune_mixed
TCATTACAGTCAGCGA-1,Immune_mixed,Immune_mixed
TCATTACCACCTCAGG-1,Erythroid,Erythroid
TCATTACGTCTCACAA-1,Erythroid,Erythroid
TCATTACGTTGTCTAG-1,Myeloid,Myeloid
TCATTACTCCCATAGA-1,"B_cells,0",B_cells
TCATTACTCGCCTAGG-1,Erythroid,Erythroid
TCATTCAAGATGGTAT-1,Erythroid,Erythroid
TCATTCAAGCGACATG-1,Erythroid,Erythroid
TCATTCACACAACATC-1,Erythroid,Erythroid
TCATTCACAGAATGTA-1,Immune_mixed,Immune_mixed
TCATTCACATGACTGT-1,Immune_mixed,Immune_mixed
TCATTCAGTGACTGAG-1,Myeloid,Myeloid
TCATTCATCACAACCA-1,Immune_mixed,Immune_mixed
TCATTCATCACCATCC-1,Immune_mixed,Immune_mixed
TCATTCATCAGCGCAC-1,Myeloid,Myeloid
TCATTCATCATCGGGC-1,Immune_mixed,Immune_mixed
TCATTCATCGGCACTG-1,Erythroid,Erythroid
TCATTGTAGGTCCCGT-1,Immune_mixed,Immune_mixed
TCATTGTCAAGCGCTC-1,"B_cells,0",B_cells
TCATTGTCACAGCTTA-1,"B_cells,1",B_cells
TCATTGTCACCAGCGT-1,Immune_mixed,Immune_mixed
TCATTGTCACGACGAA-1,Myeloid,Myeloid
TCATTGTCAGGCAATG-1,Immune_mixed,Immune_mixed
TCATTGTGTCAGCTTA-1,Immune_mixed,Immune_mixed
TCATTGTGTTCGGCCA-1,Immune_mixed,Immune_mixed
TCATTGTTCAACTGAC-1,"B_cells,0",B_cells
TCATTTGAGACGCAGT-1,Immune_mixed,Immune_mixed
TCATTTGAGTACAGCG-1,Immune_mixed,Immune_mixed
TCATTTGAGTAGACCG-1,"B_cells,0",B_cells
TCATTTGCAAATCCCA-1,Erythroid,Erythroid
TCATTTGCAGCATCTA-1,"B_cells,0",B_cells
TCATTTGCAGCTTTCC-1,"B_cells,0",B_cells
TCATTTGGTACCACGC-1,Erythroid,Erythroid
TCATTTGGTAGGCAGT-1,Erythroid,Erythroid
TCATTTGTCGGACGTC-1,Erythroid,Erythroid
TCATTTGTCTTTGCAT-1,Immune_mixed,Immune_mixed
TCCACCAAGGTCGTAG-1,Immune_mixed,Immune_mixed
TCCACCACACATGAAA-1,"B_cells,0",B_cells
TCCACCACAGGCATTT-1,Immune_mixed,Immune_mixed
TCCACCAGTGCCTATA-1,Immune_mixed,Immune_mixed
TCCACCATCGCTCTAC-1,Immune_mixed,Immune_mixed
TCCACGTAGGATCACG-1,Immune_mixed,Immune_mixed
TCCACGTCAAACTGCT-1,Immune_mixed,Immune_mixed
TCCACGTCATCTCAAG-1,Myeloid,Myeloid
TCCACGTGTGACTAAA-1,Immune_mixed,Immune_mixed
TCCACGTGTGTTCAGT-1,Immune_mixed,Immune_mixed
TCCACGTGTTGACTAC-1,Myeloid,Myeloid
TCCACGTTCGTGCGAC-1,Immune_mixed,Immune_mixed
TCCAGAAAGCATCAGG-1,Erythroid,Erythroid
TCCAGAAAGCTGCGAA-1,"B_cells,0",B_cells
TCCAGAAGTCTTTCAT-1,Immune_mixed,Immune_mixed
TCCAGAAGTGCTCTTC-1,Immune_mixed,Immune_mixed
TCCAGAAGTTAAGGGC-1,Immune_mixed,Immune_mixed
TCCAGAATCCCGTTCA-1,Immune_mixed,Immune_mixed
TCCATCGAGGACGGAG-1,"B_cells,0",B_cells
TCCATCGAGGATAATC-1,Immune_mixed,Immune_mixed
TCCATCGCAGAGTGAC-1,Erythroid,Erythroid
TCCATCGGTCTTCTAT-1,Immune_mixed,Immune_mixed
TCCATCGTCAGAGTTC-1,Immune_mixed,Immune_mixed
TCCATCGTCCGTATGA-1,"B_cells,0",B_cells
TCCATGCAGGTCGTAG-1,Immune_mixed,Immune_mixed
TCCATGCGTGCTATTG-1,Immune_mixed,Immune_mixed
TCCATGCGTTTACTTC-1,"B_cells,0",B_cells
TCCATGCTCTGCGTCT-1,Immune_mixed,Immune_mixed
TCCCACACACAGCATT-1,Myeloid,Myeloid
TCCCACACACTACCGG-1,Immune_mixed,Immune_mixed
TCCCACACAGCCTATA-1,"B_cells,0",B_cells
TCCCACACAGGCGATA-1,Immune_mixed,Immune_mixed
TCCCACAGTCACAATC-1,Immune_mixed,Immune_mixed
TCCCACAGTTCCATTT-1,Myeloid,Myeloid
TCCCACATCAGATTGC-1,Myeloid,Myeloid
TCCCACATCCGAGGCT-1,Erythroid,Erythroid
TCCCAGTGTTGCATCA-1,"B_cells,0",B_cells
TCCCATGAGAATCGTA-1,Erythroid,Erythroid
TCCCATGCAAGACTGG-1,Myeloid,Myeloid
TCCCATGCAGGTATGG-1,Immune_mixed,Immune_mixed
TCCCATGCAGTTAAAG-1,Immune_mixed,Immune_mixed
TCCCATGCATTCTGTT-1,Immune_mixed,Immune_mixed
TCCCATGGTGAACGGT-1,Myeloid,Myeloid
TCCCATGGTTACACTG-1,Immune_mixed,Immune_mixed
TCCCATGGTTCAAGGG-1,Immune_mixed,Immune_mixed
TCCCATGGTTTACACG-1,Immune_mixed,Immune_mixed
TCCCATGTCAGCCTTC-1,Immune_mixed,Immune_mixed
TCCCATGTCCTTACCG-1,Immune_mixed,Immune_mixed
TCCCATGTCTTCTCAA-1,Immune_mixed,Immune_mixed
TCCGAAAAGAGGTTAT-1,"B_cells,0",B_cells
TCCGAAAAGGATCATA-1,Erythroid,Erythroid
TCCGAAAAGGCCTAAG-1,Myeloid,Myeloid
TCCGAAACAAGCGCAA-1,Erythroid,Erythroid
TCCGAAACAGCCCACA-1,Erythroid,Erythroid
TCCGAAAGTCCTGTTC-1,"B_cells,0",B_cells
TCCGAAAGTCGTCGGT-1,Immune_mixed,Immune_mixed
TCCGAAATCTCATAGG-1,Erythroid,Erythroid
TCCGATCAGAAATTCG-1,"B_cells,0",B_cells
TCCGATCAGCCTGGAA-1,Immune_mixed,Immune_mixed
TCCGATCCAGAACCGA-1,Immune_mixed,Immune_mixed
TCCGATCGTACCTAGT-1,"B_cells,0",B_cells
TCCGATCGTCACCGCA-1,Immune_mixed,Immune_mixed
TCCGATCGTTACGATC-1,Immune_mixed,Immune_mixed
TCCGATCGTTGCGGCT-1,Erythroid,Erythroid
TCCGATCTCGAATGCT-1,Immune_mixed,Immune_mixed
TCCGGGAAGAGATGCC-1,Immune_mixed,Immune_mixed
TCCGGGAAGCCAGAGT-1,Immune_mixed,Immune_mixed
TCCGGGAAGGCGATAC-1,Myeloid,Myeloid
TCCGGGAAGGTGATCG-1,Immune_mixed,Immune_mixed
TCCGGGAGTATTCCTT-1,Immune_mixed,Immune_mixed
TCCGGGAGTCTAACGT-1,Immune_mixed,Immune_mixed
TCCGGGATCCAGTACA-1,Erythroid,Erythroid
TCCGGGATCTCCAATT-1,"B_cells,0",B_cells
TCCGTGTGTAACAGGC-1,Immune_mixed,Immune_mixed
TCCGTGTGTAGAGTTA-1,Immune_mixed,Immune_mixed
TCCGTGTGTAGTTCCA-1,Myeloid,Myeloid
TCCGTGTGTATGGTTC-1,Immune_mixed,Immune_mixed
TCCGTGTGTGTCCATA-1,Immune_mixed,Immune_mixed
TCCGTGTTCACTTGGA-1,Immune_mixed,Immune_mixed
TCCGTGTTCTGCGGGT-1,Erythroid,Erythroid
TCCGTGTTCTTCCGTG-1,Immune_mixed,Immune_mixed
TCCTAATCAATATCCG-1,Immune_mixed,Immune_mixed
TCCTAATCAGTCGCAC-1,Immune_mixed,Immune_mixed
TCCTAATGTACAGTCT-1,"B_cells,0",B_cells
TCCTAATGTGCGGCTT-1,Erythroid,Erythroid
TCCTAATTCACTTCTA-1,Erythroid,Erythroid
TCCTAATTCGAAGAAT-1,Erythroid,Erythroid
TCCTCCCAGACAGTCG-1,Erythroid,Erythroid
TCCTCCCAGGAACTAT-1,Immune_mixed,Immune_mixed
TCCTCCCAGTTCACTG-1,Immune_mixed,Immune_mixed
TCCTCCCCAAGGAGTC-1,Immune_mixed,Immune_mixed
TCCTCCCCAAGGTACG-1,Immune_mixed,Immune_mixed
TCCTCCCCAGCTGAAG-1,Myeloid,Myeloid
TCCTCCCCATGTCAGT-1,Immune_mixed,Immune_mixed
TCCTCCCGTACAGAGC-1,Immune_mixed,Immune_mixed
TCCTCCCGTACCGGCT-1,Erythroid,Erythroid
TCCTCCCGTGTGCTTA-1,Myeloid,Myeloid
TCCTCCCTCGGCCCAA-1,"B_cells,0",B_cells
TCCTCCCTCTCACCCA-1,Erythroid,Erythroid
TCCTCGAAGACCATTC-1,Immune_mixed,Immune_mixed
TCCTCGAAGTCGTTAC-1,Myeloid,Myeloid
TCCTCGACAATGGGTG-1,"B_cells,0",B_cells
TCCTCGACAGTCAGTT-1,Immune_mixed,Immune_mixed
TCCTCGATCACAAGGG-1,Erythroid,Erythroid
TCCTCGATCGGCATCG-1,Erythroid,Erythroid
TCCTCGATCTCAGAAC-1,"B_cells,1",B_cells
TCCTCTTAGGTAAACT-1,Immune_mixed,Immune_mixed
TCCTCTTAGTGCACTT-1,Immune_mixed,Immune_mixed
TCCTCTTCAGATACCT-1,"B_cells,1",B_cells
TCCTCTTCATGCCATA-1,Myeloid,Myeloid
TCCTCTTGTACCGCGT-1,Myeloid,Myeloid
TCCTCTTGTGCTCCGA-1,Immune_mixed,Immune_mixed
TCCTCTTTCACGGAGA-1,Erythroid,Erythroid
TCCTCTTTCATCTGTT-1,Immune_mixed,Immune_mixed
TCCTCTTTCCACACCT-1,Erythroid,Erythroid
TCCTGCACAAATTAGG-1,Myeloid,Myeloid
TCCTGCACATCCTAAG-1,Immune_mixed,Immune_mixed
TCCTGCAGTGGCTGAA-1,Immune_mixed,Immune_mixed
TCCTGCAGTTGTTGAC-1,Myeloid,Myeloid
TCCTGCAGTTTGGGTT-1,Immune_mixed,Immune_mixed
TCCTGCATCACGGACC-1,Immune_mixed,Immune_mixed
TCCTTCTAGCGTGTTT-1,Immune_mixed,Immune_mixed
TCCTTCTCAAGCACAG-1,Myeloid,Myeloid
TCCTTCTCATACTGAC-1,Immune_mixed,Immune_mixed
TCCTTCTCATCAGCGC-1,Immune_mixed,Immune_mixed
TCCTTCTGTGCCTGAC-1,Erythroid,Erythroid
TCCTTCTGTGCGTCGT-1,Immune_mixed,Immune_mixed
TCCTTCTTCCGAAATC-1,"B_cells,0",B_cells
TCCTTCTTCGTTTACT-1,"B_cells,0",B_cells
TCCTTTCAGAGCCTGA-1,Erythroid,Erythroid
TCCTTTCAGTGCTACT-1,Myeloid,Myeloid
TCCTTTCCATCGCTAA-1,Erythroid,Erythroid
TCCTTTCCATCGGATT-1,"B_cells,0",B_cells
TCCTTTCCATTAAGCC-1,Erythroid,Erythroid
TCCTTTCCATTGAAAG-1,Erythroid,Erythroid
TCCTTTCGTACCAATC-1,Myeloid,Myeloid
TCCTTTCGTAGGTAGC-1,Immune_mixed,Immune_mixed
TCCTTTCTCCTTACCG-1,"B_cells,0",B_cells
TCCTTTCTCGTGGACC-1,Myeloid,Myeloid
TCGAACATCGTGTGGC-1,Erythroid,Erythroid
TCGAACATCTCAGTCC-1,Erythroid,Erythroid
TCGAAGTAGCAAATGT-1,"B_cells,0",B_cells
TCGAAGTAGGTTACAA-1,Immune_mixed,Immune_mixed
TCGAAGTAGTAAGCAT-1,Immune_mixed,Immune_mixed
TCGAAGTCAAATCGGG-1,"B_cells,0",B_cells
TCGAAGTCACTCAGAT-1,Immune_mixed,Immune_mixed
TCGAAGTGTAGTCGGA-1,Immune_mixed,Immune_mixed
TCGAAGTGTATTGAGA-1,Erythroid,Erythroid
TCGAAGTGTCCCAAAT-1,Immune_mixed,Immune_mixed
TCGAAGTGTCGTGGAA-1,Myeloid,Myeloid
TCGAAGTGTGGAAATT-1,"B_cells,0",B_cells
TCGAAGTTCAAAGCCT-1,Immune_mixed,Immune_mixed
TCGAAGTTCATTATCC-1,Myeloid,Myeloid
TCGAAGTTCATTTCGT-1,Immune_mixed,Immune_mixed
TCGAAGTTCTATCCAT-1,Immune_mixed,Immune_mixed
TCGACCTAGACGACGT-1,"B_cells,1",B_cells
TCGACCTCAGTCAACT-1,"B_cells,0",B_cells
TCGACCTTCATCACAG-1,Myeloid,Myeloid
TCGACGGAGCAGCCCT-1,Immune_mixed,Immune_mixed
TCGACGGAGCTAAACA-1,Myeloid,Myeloid
TCGACGGAGGATCATA-1,Erythroid,Erythroid
TCGACGGAGTGCAGGT-1,Immune_mixed,Immune_mixed
TCGACGGCAGATCCTA-1,Immune_mixed,Immune_mixed
TCGACGGCAGGCACAA-1,Immune_mixed,Immune_mixed
TCGACGGGTCGTGGTC-1,Erythroid,Erythroid
TCGACGGGTTGCACGC-1,Immune_mixed,Immune_mixed
TCGACGGTCATCTACT-1,Myeloid,Myeloid
TCGACGGTCATTCATC-1,Immune_mixed,Immune_mixed
TCGACGGTCGAGATGG-1,Myeloid,Myeloid
TCGATTTAGGCTCACC-1,Immune_mixed,Immune_mixed
TCGATTTAGTGGAATT-1,Immune_mixed,Immune_mixed
TCGATTTAGTTTCAGC-1,Immune_mixed,Immune_mixed
TCGATTTCAAGATCCT-1,Immune_mixed,Immune_mixed
TCGATTTCAAGCCTGC-1,Immune_mixed,Immune_mixed
TCGATTTCACGCGGTT-1,"B_cells,0",B_cells
TCGATTTCACTGAATC-1,Immune_mixed,Immune_mixed
TCGATTTCAGTGTACT-1,Myeloid,Myeloid
TCGATTTGTTGTCCCT-1,Immune_mixed,Immune_mixed
TCGATTTTCTACCTTA-1,"B_cells,0",B_cells
TCGATTTTCTCTGAGA-1,"B_cells,0",B_cells
TCGCACTAGACCATTC-1,Myeloid,Myeloid
TCGCACTGTAATGCGG-1,Erythroid,Erythroid
TCGCACTGTGATTCTG-1,Immune_mixed,Immune_mixed
TCGCACTGTTGTCCCT-1,Immune_mixed,Immune_mixed
TCGCACTTCCATAAGC-1,Immune_mixed,Immune_mixed
TCGCACTTCGAGAACG-1,"B_cells,0",B_cells
TCGCAGGAGACTGGGT-1,Immune_mixed,Immune_mixed
TCGCAGGAGTATTGCC-1,Immune_mixed,Immune_mixed
TCGCAGGCAGCTGTCG-1,Erythroid,Erythroid
TCGCAGGCATCGATCA-1,Immune_mixed,Immune_mixed
TCGCAGGCATCGTTCC-1,Immune_mixed,Immune_mixed
TCGCAGGGTACGTTCA-1,Immune_mixed,Immune_mixed
TCGCAGGGTGTTGCCG-1,Immune_mixed,Immune_mixed
TCGCAGGTCAGCTTCC-1,Immune_mixed,Immune_mixed
TCGCAGGTCGCTTACC-1,"B_cells,0",B_cells
TCGCTCAAGCACTGGA-1,Immune_mixed,Immune_mixed
TCGCTCAAGGCCCACT-1,Immune_mixed,Immune_mixed
TCGCTCAAGGCCGCTT-1,Immune_mixed,Immune_mixed
TCGCTCACAAACGGCA-1,Immune_mixed,Immune_mixed
TCGCTCACAAGTCGTT-1,Immune_mixed,Immune_mixed
TCGCTCACAGAGTAAT-1,Immune_mixed,Immune_mixed
TCGCTCACATGCCGCA-1,"B_cells,0",B_cells
TCGCTCAGTGCATACT-1,Immune_mixed,Immune_mixed
TCGCTTGAGAATTGTG-1,Erythroid,Erythroid
TCGCTTGAGTATCCTG-1,Immune_mixed,Immune_mixed
TCGCTTGAGTCATACC-1,Myeloid,Myeloid
TCGCTTGAGTGTCATC-1,Erythroid,Erythroid
TCGCTTGCACGACGTC-1,Erythroid,Erythroid
TCGCTTGGTGCGGATA-1,Immune_mixed,Immune_mixed
TCGCTTGGTGTCGATT-1,Immune_mixed,Immune_mixed
TCGGATACAATTTCTC-1,"B_cells,0",B_cells
TCGGATACATAGGTTC-1,Immune_mixed,Immune_mixed
TCGGATAGTCAAACGG-1,Myeloid,Myeloid
TCGGATAGTCATCGGC-1,Myeloid,Myeloid
TCGGATAGTGATACAA-1,Immune_mixed,Immune_mixed
TCGGATAGTTCCAGGC-1,"B_cells,0",B_cells
TCGGATAGTTGGACCC-1,"B_cells,0",B_cells
TCGGATATCTACAGGT-1,"B_cells,0",B_cells
TCGGATATCTACTGAG-1,Immune_mixed,Immune_mixed
TCGGGACAGAACTGAT-1,"B_cells,0",B_cells
TCGGGACAGGTAGTAT-1,Immune_mixed,Immune_mixed
TCGGGACAGTTCTCTT-1,Myeloid,Myeloid
TCGGGACCACGCCAGT-1,Erythroid,Erythroid
TCGGGACCACGTGTGC-1,Immune_mixed,Immune_mixed
TCGGGACGTATGGGAC-1,Immune_mixed,Immune_mixed
TCGGGACGTATTGCCA-1,"B_cells,0",B_cells
TCGGGACGTTGTGCAT-1,Immune_mixed,Immune_mixed
TCGGGACTCAAGAATG-1,Myeloid,Myeloid
TCGGGCAAGCAGGCTA-1,Immune_mixed,Immune_mixed
TCGGGCAAGTATCCTG-1,Myeloid,Myeloid
TCGGGCAAGTCCGCGT-1,Immune_mixed,Immune_mixed
TCGGGCACAGACGATG-1,Immune_mixed,Immune_mixed
TCGGGCACATCAACCA-1,Erythroid,Erythroid
TCGGGCAGTTCGGCCA-1,Immune_mixed,Immune_mixed
TCGGGCATCAAAGCCT-1,Myeloid,Myeloid
TCGGGCATCATACGGT-1,Erythroid,Erythroid
TCGGGCATCCTATTGT-1,Myeloid,Myeloid
TCGGGTGAGTATGACA-1,Erythroid,Erythroid
TCGGGTGCAATGGGTG-1,Immune_mixed,Immune_mixed
TCGGGTGCACGTAGTT-1,Immune_mixed,Immune_mixed
TCGGGTGCATTGTAGC-1,Immune_mixed,Immune_mixed
TCGGGTGGTGTTGCCG-1,Immune_mixed,Immune_mixed
TCGGGTGTCAACACCA-1,Immune_mixed,Immune_mixed
TCGGTCTAGAAGTCTA-1,Erythroid,Erythroid
TCGGTCTAGATTACCC-1,Immune_mixed,Immune_mixed
TCGGTCTAGTTTCAGC-1,Erythroid,Erythroid
TCGGTCTCAAAGTGTA-1,Immune_mixed,Immune_mixed
TCGGTCTCAACTTCTT-1,Immune_mixed,Immune_mixed
TCGGTCTCACGACGTC-1,Immune_mixed,Immune_mixed
TCGGTCTCAGGATGAC-1,"B_cells,0",B_cells
TCGGTCTGTCAAGTTC-1,Immune_mixed,Immune_mixed
TCGGTCTGTGTCACAT-1,Immune_mixed,Immune_mixed
TCGGTCTGTTAAACAG-1,Erythroid,Erythroid
TCGGTCTTCGATTGAC-1,Erythroid,Erythroid
TCGTAGAAGATCCCGC-1,Erythroid,Erythroid
TCGTAGAAGCGTACAG-1,Immune_mixed,Immune_mixed
TCGTAGACAAAGGGCT-1,Immune_mixed,Immune_mixed
TCGTAGACAAATCCCA-1,Immune_mixed,Immune_mixed
TCGTAGAGTACGTACT-1,Immune_mixed,Immune_mixed
TCGTAGAGTAGGCAAC-1,Immune_mixed,Immune_mixed
TCGTAGAGTTCCATTT-1,Immune_mixed,Immune_mixed
TCGTAGATCAGCCTCT-1,Immune_mixed,Immune_mixed
TCGTAGATCGAACACT-1,Erythroid,Erythroid
TCGTAGATCTTTGGAG-1,Immune_mixed,Immune_mixed
TCGTCCAAGAGGTCAC-1,Immune_mixed,Immune_mixed
TCGTCCAAGCCTCTTC-1,Immune_mixed,Immune_mixed
TCGTCCAAGTAGTCAA-1,Immune_mixed,Immune_mixed
TCGTCCAAGTGGAATT-1,Immune_mixed,Immune_mixed
TCGTCCACAACGACAG-1,Erythroid,Erythroid
TCGTCCACAATCTAGC-1,Immune_mixed,Immune_mixed
TCGTCCACAATTGCGT-1,Immune_mixed,Immune_mixed
TCGTCCACACCGTGGT-1,Immune_mixed,Immune_mixed
TCGTCCACAGTAGATA-1,Myeloid,Myeloid
TCGTCCAGTACGATCT-1,Erythroid,Erythroid
TCGTCCATCAAACCCA-1,"B_cells,0",B_cells
TCGTGCTAGCCTGGAA-1,Immune_mixed,Immune_mixed
TCGTGCTAGCGAGTAC-1,Immune_mixed,Immune_mixed
TCGTGCTAGGTAGTAT-1,Immune_mixed,Immune_mixed
TCGTGCTAGGTGCGAT-1,Erythroid,Erythroid
TCGTGCTAGGTTAAAC-1,Immune_mixed,Immune_mixed
TCGTGCTCAGTTCTAG-1,Immune_mixed,Immune_mixed
TCGTGCTCATGAAAGT-1,Immune_mixed,Immune_mixed
TCGTGCTTCAGGGATG-1,"B_cells,0",B_cells
TCGTGCTTCCCGAGAC-1,Immune_mixed,Immune_mixed
TCGTGCTTCTACACTT-1,Erythroid,Erythroid
TCGTGGGAGACCCTTA-1,Immune_mixed,Immune_mixed
TCGTGGGCAATCCTAG-1,Immune_mixed,Immune_mixed
TCGTGGGCAGGATCTT-1,Erythroid,Erythroid
TCGTGGGCAGTGAGCA-1,Erythroid,Erythroid
TCGTGGGGTCGATTCA-1,Erythroid,Erythroid
TCGTGGGTCACATACG-1,Immune_mixed,Immune_mixed
TCGTGGGTCCGTAATG-1,"B_cells,0",B_cells
TCGTGGGTCGCATTAG-1,"B_cells,0",B_cells
TCGTGGGTCTCGCTTG-1,Erythroid,Erythroid
TCTAACTAGCCAAGCA-1,Immune_mixed,Immune_mixed
TCTAACTAGTAGACAT-1,"B_cells,0",B_cells
TCTAACTCAACTGTGT-1,Immune_mixed,Immune_mixed
TCTAACTCAGAGCCCT-1,"B_cells,0",B_cells
TCTAACTCAGCCCACA-1,Erythroid,Erythroid
TCTAACTCAGCGGATA-1,Immune_mixed,Immune_mixed
TCTAACTCATACCACA-1,Immune_mixed,Immune_mixed
TCTAACTGTAATGCGG-1,Immune_mixed,Immune_mixed
TCTAACTGTACTTGTG-1,Myeloid,Myeloid
TCTAACTGTTGCATAC-1,Myeloid,Myeloid
TCTAACTTCACTCACC-1,Immune_mixed,Immune_mixed
TCTAACTTCCACTTTA-1,"B_cells,0",B_cells
TCTAACTTCTTCCCAG-1,Immune_mixed,Immune_mixed
TCTACATAGACATCCT-1,Immune_mixed,Immune_mixed
TCTACATAGATGTTGA-1,Immune_mixed,Immune_mixed
TCTACATAGCCGAACA-1,Erythroid,Erythroid
TCTACATAGGAACGAA-1,Immune_mixed,Immune_mixed
TCTACATAGTTCATGC-1,Myeloid,Myeloid
TCTACATGTGTATACC-1,Erythroid,Erythroid
TCTACATTCAGCTCTC-1,Erythroid,Erythroid
TCTACATTCATAAGGA-1,Immune_mixed,Immune_mixed
TCTACCGAGCAACTTC-1,Immune_mixed,Immune_mixed
TCTACCGCAGCAGTAG-1,"B_cells,1",B_cells
TCTACCGGTACAGTAA-1,Immune_mixed,Immune_mixed
TCTACCGGTGATGAAT-1,Immune_mixed,Immune_mixed
TCTACCGGTGATTCTG-1,Erythroid,Erythroid
TCTACCGGTGCTCTTC-1,"B_cells,0",B_cells
TCTACCGGTTACGATC-1,Immune_mixed,Immune_mixed
TCTACCGGTTGCCATA-1,"B_cells,0",B_cells
TCTACCGTCCCGTGTT-1,Erythroid,Erythroid
TCTACCGTCTGGAGAG-1,Erythroid,Erythroid
TCTACCGTCTTCGATT-1,Myeloid,Myeloid
TCTATACAGCCTCAAT-1,Immune_mixed,Immune_mixed
TCTATACAGCTAGCCC-1,Immune_mixed,Immune_mixed
TCTATACAGTTCCATG-1,Immune_mixed,Immune_mixed
TCTATACCACTTCAAG-1,Erythroid,Erythroid
TCTATACCAGTTCCAA-1,Erythroid,Erythroid
TCTATACCATAGACTC-1,"B_cells,0",B_cells
TCTATACGTAGAGACC-1,Immune_mixed,Immune_mixed
TCTATACGTGTGAATA-1,Immune_mixed,Immune_mixed
TCTATACTCCGATGCG-1,"B_cells,0",B_cells
TCTATCACAAAGGCGT-1,Immune_mixed,Immune_mixed
TCTATCACAATATCCG-1,Erythroid,Erythroid
TCTATCACATCTCATT-1,Immune_mixed,Immune_mixed
TCTATCAGTATATGGA-1,Erythroid,Erythroid
TCTATCAGTGGGCTCT-1,Erythroid,Erythroid
TCTATCAGTGTTACTG-1,Erythroid,Erythroid
TCTATCATCCGTGCGA-1,Immune_mixed,Immune_mixed
TCTATCATCTCAGGCG-1,Immune_mixed,Immune_mixed
TCTATCATCTTGTGCC-1,Immune_mixed,Immune_mixed
TCTCACGAGCATTTGC-1,Immune_mixed,Immune_mixed
TCTCACGAGTCAAGCG-1,Erythroid,Erythroid
TCTCACGCAAGGGTCA-1,Immune_mixed,Immune_mixed
TCTCACGCAAGTGCAG-1,Immune_mixed,Immune_mixed
TCTCACGCAATACCTG-1,Immune_mixed,Immune_mixed
TCTCACGCAGTGACCC-1,Erythroid,Erythroid
TCTCACGCATGAGTAA-1,Erythroid,Erythroid
TCTCACGGTGCACAAG-1,Myeloid,Myeloid
TCTCACGGTGCTGCAC-1,Erythroid,Erythroid
TCTCACGTCAGGACAG-1,Immune_mixed,Immune_mixed
TCTCACGTCGGTTAGT-1,"B_cells,0",B_cells
TCTCAGCAGACCTCAT-1,Immune_mixed,Immune_mixed
TCTCAGCAGGTAGACC-1,Immune_mixed,Immune_mixed
TCTCAGCCAGTTACCA-1,Immune_mixed,Immune_mixed
TCTCAGCGTAGTCGTT-1,Immune_mixed,Immune_mixed
TCTCAGCGTCCCTGAG-1,Immune_mixed,Immune_mixed
TCTCAGCGTCTTGGTA-1,Erythroid,Erythroid
TCTCAGCTCAACACCA-1,Immune_mixed,Immune_mixed
TCTCAGCTCTGGGCAC-1,Immune_mixed,Immune_mixed
TCTCCGAAGTCAGGGT-1,Immune_mixed,Immune_mixed
TCTCCGACACAGCTGC-1,Immune_mixed,Immune_mixed
TCTCCGACAGTTTGGT-1,Immune_mixed,Immune_mixed
TCTCCGAGTGCAGATG-1,Erythroid,Erythroid
TCTCTGGAGACCAAGC-1,Immune_mixed,Immune_mixed
TCTCTGGAGACTCTTG-1,Immune_mixed,Immune_mixed
TCTCTGGAGATAACGT-1,Myeloid,Myeloid
TCTCTGGAGCCTCACG-1,Immune_mixed,Immune_mixed
TCTCTGGAGTAACGAT-1,Myeloid,Myeloid
TCTCTGGAGTCAGGGT-1,Immune_mixed,Immune_mixed
TCTCTGGCAAGGATGC-1,Immune_mixed,Immune_mixed
TCTCTGGCAGCACCCA-1,"B_cells,0",B_cells
TCTCTGGGTGCATCTA-1,Erythroid,Erythroid
TCTCTGGTCCTACGGG-1,Immune_mixed,Immune_mixed
TCTCTGGTCGCATGAT-1,Erythroid,Erythroid
TCTGCCAAGAAGTCTA-1,Erythroid,Erythroid
TCTGCCAAGGGATCTG-1,Myeloid,Myeloid
TCTGCCAAGTTGAAAC-1,Immune_mixed,Immune_mixed
TCTGCCACACAGAGAC-1,Immune_mixed,Immune_mixed
TCTGCCACATTCCTCG-1,"B_cells,0",B_cells
TCTGCCAGTATCGATC-1,Immune_mixed,Immune_mixed
TCTGCCATCTGGCTGG-1,Immune_mixed,Immune_mixed
TCTGGCTAGTCCTGCG-1,Immune_mixed,Immune_mixed
TCTGGCTCACTACGGC-1,Erythroid,Erythroid
TCTGGCTCATCCAATG-1,Myeloid,Myeloid
TCTGGCTGTCTAACGT-1,"B_cells,0",B_cells
TCTGGCTGTTGCAACT-1,"B_cells,0",B_cells
TCTGGCTGTTGGAGGT-1,Myeloid,Myeloid
TCTGGCTTCGCTACGG-1,Myeloid,Myeloid
TCTGGCTTCGGTAGGA-1,Immune_mixed,Immune_mixed
TCTGTCGAGGTTGGTG-1,"B_cells,0",B_cells
TCTGTCGAGTGGAAAG-1,Immune_mixed,Immune_mixed
TCTGTCGGTCGATTCA-1,"B_cells,0",B_cells
TCTGTCGGTTAGGGAC-1,Immune_mixed,Immune_mixed
TCTGTCGTCGTTCGCT-1,Erythroid,Erythroid
TCTTAGTAGACATATG-1,Erythroid,Erythroid
TCTTAGTAGCCTCCAG-1,Immune_mixed,Immune_mixed
TCTTAGTAGTCGGGAT-1,Myeloid,Myeloid
TCTTAGTCACGCAGTC-1,Myeloid,Myeloid
TCTTAGTCAGCAGTCC-1,Myeloid,Myeloid
TCTTAGTCAGGTCAAG-1,Immune_mixed,Immune_mixed
TCTTAGTGTTAGAAGT-1,Erythroid,Erythroid
TCTTAGTTCACAAGAA-1,Immune_mixed,Immune_mixed
TCTTAGTTCAGCTGAT-1,Immune_mixed,Immune_mixed
TCTTAGTTCCAGTGCG-1,Immune_mixed,Immune_mixed
TCTTAGTTCCTACAAG-1,Immune_mixed,Immune_mixed
TCTTCCTAGATTAGAC-1,Immune_mixed,Immune_mixed
TCTTCCTAGGCAGGGA-1,Erythroid,Erythroid
TCTTCCTAGGTGCTGA-1,Immune_mixed,Immune_mixed
TCTTCCTCAACTTGGT-1,Myeloid,Myeloid
TCTTCCTCAAGTGATA-1,Immune_mixed,Immune_mixed
TCTTCCTCACTTGTCC-1,Myeloid,Myeloid
TCTTCCTGTACCCGCA-1,"B_cells,0",B_cells
TCTTCCTGTCAATCTG-1,Immune_mixed,Immune_mixed
TCTTCCTGTCTCGGGT-1,Immune_mixed,Immune_mixed
TCTTCCTGTGGGCTTC-1,"B_cells,0",B_cells
TCTTCCTGTGTCCGGT-1,Erythroid,Erythroid
TCTTCCTTCACCGACG-1,Immune_mixed,Immune_mixed
TCTTCCTTCTTACGGA-1,"B_cells,0",B_cells
TCTTGCGCAACCAATC-1,Myeloid,Myeloid
TCTTGCGCAATACCTG-1,"B_cells,0",B_cells
TCTTGCGTCCATATGG-1,"B_cells,0",B_cells
TCTTGCGTCCTTGGAA-1,Myeloid,Myeloid
TCTTGCGTCGAGCACC-1,"B_cells,0",B_cells
TCTTTGAAGATAACAC-1,Myeloid,Myeloid
TCTTTGAAGATGCGAC-1,"B_cells,0",B_cells
TCTTTGAAGGACGCAT-1,Immune_mixed,Immune_mixed
TCTTTGAAGGCACCAA-1,Erythroid,Erythroid
TCTTTGAAGGGCAGTT-1,Immune_mixed,Immune_mixed
TCTTTGACAAAGAACT-1,Immune_mixed,Immune_mixed
TCTTTGACACAGACGA-1,Erythroid,Erythroid
TCTTTGACACGCTGCA-1,Immune_mixed,Immune_mixed
TCTTTGACACTTGGGC-1,Myeloid,Myeloid
TCTTTGACAGGGACTA-1,Immune_mixed,Immune_mixed
TCTTTGAGTACCACGC-1,Erythroid,Erythroid
TCTTTGAGTACTTGTG-1,Immune_mixed,Immune_mixed
TCTTTGATCAGGAGAC-1,Myeloid,Myeloid
TCTTTGATCCGTGCGA-1,"B_cells,0",B_cells
TCTTTGATCTTGCAGA-1,Immune_mixed,Immune_mixed
TGAACGTAGGACATCG-1,Myeloid,Myeloid
TGAACGTAGGCCTGCT-1,Myeloid,Myeloid
TGAACGTAGTCACTCA-1,Immune_mixed,Immune_mixed
TGAACGTAGTGATAAC-1,Immune_mixed,Immune_mixed
TGAACGTCAAGCGATG-1,Erythroid,Erythroid
TGAACGTCAAGTCGTT-1,Erythroid,Erythroid
TGAACGTCATGGCCCA-1,Immune_mixed,Immune_mixed
TGAACGTGTAGTCGTT-1,Immune_mixed,Immune_mixed
TGAACGTTCAAGAATG-1,"B_cells,0",B_cells
TGAACGTTCACTTCTA-1,Immune_mixed,Immune_mixed
TGAACGTTCAGGAACG-1,Myeloid,Myeloid
TGAACGTTCGGCTGAC-1,Immune_mixed,Immune_mixed
TGAACGTTCTTGTTAC-1,"B_cells,0",B_cells
TGAATCGAGACCATAA-1,Erythroid,Erythroid
TGAATCGAGCTATCCA-1,Erythroid,Erythroid
TGAATCGAGTCGCCAC-1,Immune_mixed,Immune_mixed
TGAATCGCAAGCAGGT-1,Immune_mixed,Immune_mixed
TGAATCGGTATGAGGC-1,Immune_mixed,Immune_mixed
TGAATCGTCCGCTTAC-1,Erythroid,Erythroid
TGAATCGTCTGCGTCT-1,Erythroid,Erythroid
TGAATCGTCTTGTGCC-1,Immune_mixed,Immune_mixed
TGAATGCAGTAACCTC-1,Erythroid,Erythroid
TGAATGCAGTTTGAGA-1,Immune_mixed,Immune_mixed
TGAATGCCAAAGGATT-1,Immune_mixed,Immune_mixed
TGAATGCCAGGTCAAG-1,Myeloid,Myeloid
TGACAGTAGACTCTAC-1,Immune_mixed,Immune_mixed
TGACAGTAGCCTCTCT-1,Immune_mixed,Immune_mixed
TGACAGTCAGAGGGTT-1,Immune_mixed,Immune_mixed
TGACAGTCAGGTCTCG-1,"B_cells,0",B_cells
TGACAGTCATCTTCGC-1,Immune_mixed,Immune_mixed
TGACAGTTCAAAGACA-1,Immune_mixed,Immune_mixed
TGACAGTTCATTACCT-1,Immune_mixed,Immune_mixed
TGACAGTTCCAGCTCT-1,Immune_mixed,Immune_mixed
TGACAGTTCGCCCAGA-1,Myeloid,Myeloid
TGACAGTTCTTCTAAC-1,Myeloid,Myeloid
TGACCCTAGATGACCG-1,Immune_mixed,Immune_mixed
TGACCCTCAATGAAAC-1,Immune_mixed,Immune_mixed
TGACCCTCACTCGATA-1,Immune_mixed,Immune_mixed
TGACCCTCATTGAGGG-1,Immune_mixed,Immune_mixed
TGACCCTGTAGACAGC-1,Erythroid,Erythroid
TGACCCTGTCCTACGG-1,Myeloid,Myeloid
TGACCCTGTGCTTATG-1,Immune_mixed,Immune_mixed
TGACCCTTCCTGGGAC-1,Myeloid,Myeloid
TGACCCTTCTTCCTAA-1,Immune_mixed,Immune_mixed
TGACGCGAGACCAACG-1,Myeloid,Myeloid
TGACGCGCAAGTGTCT-1,"B_cells,1",B_cells
TGACGCGCAGGGTTGA-1,Immune_mixed,Immune_mixed
TGACGCGCATTAGGCT-1,Erythroid,Erythroid
TGACGCGCATTCCTCG-1,Myeloid,Myeloid
TGACGCGGTAGGAGGG-1,Myeloid,Myeloid
TGACGCGTCAGGGTAG-1,Immune_mixed,Immune_mixed
TGACGCGTCATGAGTC-1,"B_cells,0",B_cells
TGACGCGTCCGAAATC-1,"B_cells,0",B_cells
TGACGCGTCTCTCGCA-1,Erythroid,Erythroid
TGACTCCAGAACCCGA-1,Immune_mixed,Immune_mixed
TGACTCCCAACGGCCT-1,Immune_mixed,Immune_mixed
TGACTCCCAGAGTCAG-1,Immune_mixed,Immune_mixed
TGACTCCCATCTCATT-1,Immune_mixed,Immune_mixed
TGACTCCGTCACGACC-1,Immune_mixed,Immune_mixed
TGACTCCGTGCGGTAA-1,Erythroid,Erythroid
TGACTCCGTGGTAATA-1,Immune_mixed,Immune_mixed
TGACTCCTCCTTCAGC-1,Immune_mixed,Immune_mixed
TGACTCCTCGGTTAGT-1,Immune_mixed,Immune_mixed
TGAGACTAGATGTTAG-1,Erythroid,Erythroid
TGAGACTAGCGTCTCG-1,Erythroid,Erythroid
TGAGACTAGGCCTGAA-1,"B_cells,0",B_cells
TGAGACTAGGCGAAGG-1,Myeloid,Myeloid
TGAGACTGTAACACCT-1,Erythroid,Erythroid
TGAGACTGTACGTGTT-1,Immune_mixed,Immune_mixed
TGAGACTTCAAGGAGC-1,Immune_mixed,Immune_mixed
TGAGCATAGGATTTAG-1,Erythroid,Erythroid
TGAGCATAGGGTACGT-1,Immune_mixed,Immune_mixed
TGAGCATAGGTCCAGA-1,Immune_mixed,Immune_mixed
TGAGCATCAGCACAGA-1,Myeloid,Myeloid
TGAGCATGTCTACTGA-1,Immune_mixed,Immune_mixed
TGAGCATTCCAACACA-1,"B_cells,0",B_cells
TGAGCATTCGCGTGAC-1,Immune_mixed,Immune_mixed
TGAGCATTCGGATACT-1,Immune_mixed,Immune_mixed
TGAGCGCAGAGAGCGG-1,Immune_mixed,Immune_mixed
TGAGCGCAGCAACCAG-1,Immune_mixed,Immune_mixed
TGAGCGCAGTCATAGA-1,Immune_mixed,Immune_mixed
TGAGCGCCAGCGGTTC-1,Immune_mixed,Immune_mixed
TGAGCGCGTCTCGCGA-1,Myeloid,Myeloid
TGAGCGCGTGCCCTTT-1,"B_cells,0",B_cells
TGAGCGCGTGTATCCA-1,Immune_mixed,Immune_mixed
TGAGCGCGTGTCATCA-1,Immune_mixed,Immune_mixed
TGAGCGCTCATAAGGA-1,Erythroid,Erythroid
TGAGGAGAGAAGAGCA-1,Erythroid,Erythroid
TGAGGAGAGGAGGGTG-1,Immune_mixed,Immune_mixed
TGAGGAGCAGGAATAT-1,Immune_mixed,Immune_mixed
TGAGGAGCAGTTCCAA-1,Immune_mixed,Immune_mixed
TGAGGAGCATATCTCT-1,Immune_mixed,Immune_mixed
TGAGGAGGTGCCTTTC-1,Immune_mixed,Immune_mixed
TGAGGAGTCACCTGTC-1,Immune_mixed,Immune_mixed
TGAGGAGTCCATTTAC-1,Erythroid,Erythroid
TGAGGAGTCCTTCTAA-1,Immune_mixed,Immune_mixed
TGAGGAGTCGCCTAGG-1,Erythroid,Erythroid
TGAGGAGTCGTTCGCT-1,"B_cells,0",B_cells
TGAGGAGTCTATTCGT-1,Immune_mixed,Immune_mixed
TGAGGAGTCTGACCCT-1,Immune_mixed,Immune_mixed
TGAGGAGTCTGGTGCG-1,Immune_mixed,Immune_mixed
TGAGGGAAGCGGATCA-1,Erythroid,Erythroid
TGAGGGAAGGGTGGGA-1,Immune_mixed,Immune_mixed
TGAGGGAGTCCCTAAA-1,Immune_mixed,Immune_mixed
TGAGGGAGTGCAGTGA-1,Immune_mixed,Immune_mixed
TGAGGGAGTTCTGAGT-1,Immune_mixed,Immune_mixed
TGAGGTTAGTCCTGCG-1,Immune_mixed,Immune_mixed
TGAGGTTCAGCACCCA-1,Erythroid,Erythroid
TGAGGTTCATTGCCGG-1,Erythroid,Erythroid
TGAGGTTGTCAAAGTA-1,Immune_mixed,Immune_mixed
TGAGGTTGTCGAGCTC-1,Immune_mixed,Immune_mixed
TGAGGTTGTCTCGCGA-1,Erythroid,Erythroid
TGAGGTTGTTCGGTCG-1,Erythroid,Erythroid
TGAGGTTGTTGCCAAT-1,Immune_mixed,Immune_mixed
TGAGGTTGTTGCTTGA-1,Immune_mixed,Immune_mixed
TGAGGTTTCAGGACGA-1,Immune_mixed,Immune_mixed
TGAGGTTTCCGGCAGT-1,"B_cells,0",B_cells
TGAGTCAAGCTATCCA-1,Erythroid,Erythroid
TGAGTCAAGTGCAAAT-1,Erythroid,Erythroid
TGAGTCAAGTGGTTAA-1,Myeloid,Myeloid
TGAGTCACAATCGCCG-1,Immune_mixed,Immune_mixed
TGAGTCACAATTTCTC-1,Erythroid,Erythroid
TGAGTCACACCAACAT-1,Erythroid,Erythroid
TGAGTCAGTAAGTTAG-1,Immune_mixed,Immune_mixed
TGAGTCAGTGGTCAAG-1,Immune_mixed,Immune_mixed
TGATCAGAGGCCTAAG-1,Erythroid,Erythroid
TGATCAGAGGGAGGGT-1,Immune_mixed,Immune_mixed
TGATCAGAGGTGCGAT-1,Immune_mixed,Immune_mixed
TGATCAGCATCTGTTT-1,Immune_mixed,Immune_mixed
TGATCAGGTCCAGAAG-1,Myeloid,Myeloid
TGATCAGTCATCACAG-1,Immune_mixed,Immune_mixed
TGATCTTAGGCTAAAT-1,Immune_mixed,Immune_mixed
TGATCTTAGTAGAATC-1,Immune_mixed,Immune_mixed
TGATCTTCAGCTGTAT-1,"B_cells,0",B_cells
TGATCTTGTAGAGACC-1,Immune_mixed,Immune_mixed
TGATCTTGTGGCACTC-1,Myeloid,Myeloid
TGATCTTTCATGAAAG-1,Immune_mixed,Immune_mixed
TGATCTTTCCGCGGAT-1,Immune_mixed,Immune_mixed
TGATCTTTCTTGTTAC-1,Erythroid,Erythroid
TGATGCAAGATGGCAC-1,Immune_mixed,Immune_mixed
TGATGCAAGCGGGTAT-1,Immune_mixed,Immune_mixed
TGATGCAAGGTTCCGC-1,Immune_mixed,Immune_mixed
TGATGCACAGGCGAAT-1,Erythroid,Erythroid
TGATGCACATCTCATT-1,Erythroid,Erythroid
TGATGCAGTACGTACT-1,Immune_mixed,Immune_mixed
TGATGCAGTCAGACTT-1,Immune_mixed,Immune_mixed
TGATGCAGTGTTGAGG-1,Erythroid,Erythroid
TGATGCATCAGCATTG-1,Immune_mixed,Immune_mixed
TGATGCATCATGGAGG-1,Immune_mixed,Immune_mixed
TGATGGTAGCGTGCCT-1,Immune_mixed,Immune_mixed
TGATGGTAGGCCCGTT-1,"B_cells,0",B_cells
TGATGGTAGTGGACGT-1,Immune_mixed,Immune_mixed
TGATGGTCAGAGGGTT-1,Immune_mixed,Immune_mixed
TGATGGTCAGCAGTAG-1,Immune_mixed,Immune_mixed
TGATGGTGTAGGACTG-1,Immune_mixed,Immune_mixed
TGATGGTGTCACGTGC-1,Myeloid,Myeloid
TGATGGTGTTTGACAC-1,Immune_mixed,Immune_mixed
TGATGGTTCAAGTCGT-1,"B_cells,0",B_cells
TGATGGTTCCATCTCG-1,Immune_mixed,Immune_mixed
TGATGGTTCCGTGTGG-1,Immune_mixed,Immune_mixed
TGATGGTTCCTATTGT-1,"B_cells,0",B_cells
TGATGGTTCTCTCTAA-1,Immune_mixed,Immune_mixed
TGATTCTAGAGATTCA-1,Erythroid,Erythroid
TGATTCTAGATACATG-1,"B_cells,0",B_cells
TGATTCTAGCAAGTCG-1,"B_cells,0",B_cells
TGATTCTAGCGCAATG-1,Immune_mixed,Immune_mixed
TGATTCTAGCGTACAG-1,"B_cells,0",B_cells
TGATTCTCAGGTCTCG-1,Myeloid,Myeloid
TGATTCTGTCCTGTCT-1,Immune_mixed,Immune_mixed
TGATTCTTCTGGGCAC-1,Immune_mixed,Immune_mixed
TGATTTCAGATCCTAC-1,Immune_mixed,Immune_mixed
TGATTTCAGGTAAGGA-1,Immune_mixed,Immune_mixed
TGATTTCCAAGAGAGA-1,Immune_mixed,Immune_mixed
TGATTTCCACGACGCT-1,Immune_mixed,Immune_mixed
TGATTTCCAGCGGATA-1,Immune_mixed,Immune_mixed
TGATTTCCAGCGTGAA-1,Immune_mixed,Immune_mixed
TGATTTCCAGCTTCCT-1,Immune_mixed,Immune_mixed
TGATTTCTCTGTCGTC-1,Immune_mixed,Immune_mixed
TGCACGGAGGAAGTAG-1,Immune_mixed,Immune_mixed
TGCACGGAGGGTGGGA-1,Immune_mixed,Immune_mixed
TGCACGGAGGTTGGAC-1,Immune_mixed,Immune_mixed
TGCACGGCAAGAAACT-1,Immune_mixed,Immune_mixed
TGCACGGGTACATTGC-1,Immune_mixed,Immune_mixed
TGCACGGGTCCAATCA-1,Immune_mixed,Immune_mixed
TGCACGGGTGCCTTCT-1,"B_cells,0",B_cells
TGCACGGGTGGTACAG-1,Myeloid,Myeloid
TGCACGGGTGTCATTG-1,Immune_mixed,Immune_mixed
TGCACGGTCAGGACAG-1,Erythroid,Erythroid
TGCACGGTCCACTGGG-1,Immune_mixed,Immune_mixed
TGCACGGTCCCTCATG-1,Erythroid,Erythroid
TGCACGGTCGGTCTAA-1,Erythroid,Erythroid
TGCACGGTCTAGTACG-1,Immune_mixed,Immune_mixed
TGCAGATAGATACAGT-1,Immune_mixed,Immune_mixed
TGCAGATAGTGGAAAG-1,Immune_mixed,Immune_mixed
TGCAGATCAAATACGA-1,Immune_mixed,Immune_mixed
TGCAGATCAAGTCATC-1,"B_cells,0",B_cells
TGCAGATCAGCGCTTG-1,Immune_mixed,Immune_mixed
TGCAGATCATCGTGCG-1,Immune_mixed,Immune_mixed
TGCAGATCATGACTAC-1,Myeloid,Myeloid
TGCAGATGTCACAGTT-1,Erythroid,Erythroid
TGCAGATGTCCTGGTG-1,Immune_mixed,Immune_mixed
TGCAGATGTGGCTCTG-1,Immune_mixed,Immune_mixed
TGCAGATGTTCTTGTT-1,"B_cells,0",B_cells
TGCAGATTCGGACAAG-1,Myeloid,Myeloid
TGCAGATTCTGCACCT-1,Erythroid,Erythroid
TGCAGGCAGGTAAAGG-1,Immune_mixed,Immune_mixed
TGCAGGCCAGAATGTA-1,Immune_mixed,Immune_mixed
TGCAGGCGTAATTAGG-1,Erythroid,Erythroid
TGCAGGCGTGACTGTT-1,Myeloid,Myeloid
TGCAGGCGTGCCGAAA-1,Immune_mixed,Immune_mixed
TGCAGGCGTTCGGTCG-1,Myeloid,Myeloid
TGCAGGCGTTTACTTC-1,Erythroid,Erythroid
TGCAGGCTCCAACTGA-1,Immune_mixed,Immune_mixed
TGCAGGCTCCGCATAA-1,Immune_mixed,Immune_mixed
TGCAGGCTCGTCCATC-1,Immune_mixed,Immune_mixed
TGCAGTAAGGACTGGT-1,Immune_mixed,Immune_mixed
TGCAGTAGTTACGTAC-1,Immune_mixed,Immune_mixed
TGCAGTATCCTGCCAT-1,Immune_mixed,Immune_mixed
TGCATCCAGTAGACAT-1,Immune_mixed,Immune_mixed
TGCATCCAGTATTAGG-1,Myeloid,Myeloid
TGCATCCAGTTGGCTT-1,Immune_mixed,Immune_mixed
TGCATCCCACATACTG-1,"B_cells,0",B_cells
TGCATCCGTCCCGTGA-1,Immune_mixed,Immune_mixed
TGCATCCGTGATCATC-1,Immune_mixed,Immune_mixed
TGCATCCGTTTCGTAG-1,Immune_mixed,Immune_mixed
TGCATCCTCACTCGAA-1,Immune_mixed,Immune_mixed
TGCATCCTCAGATTGC-1,"B_cells,0",B_cells
TGCATCCTCCGCAACG-1,Myeloid,Myeloid
TGCATCCTCCGCGGAT-1,Immune_mixed,Immune_mixed
TGCATCCTCCGTAGTA-1,"B_cells,0",B_cells
TGCATCCTCGGTTAGT-1,Immune_mixed,Immune_mixed
TGCATCCTCTCCAAGA-1,"B_cells,0",B_cells
TGCATCCTCTGCCTGT-1,Erythroid,Erythroid
TGCATCCTCTGGACTA-1,Erythroid,Erythroid
TGCATGAAGAGGTCAC-1,Immune_mixed,Immune_mixed
TGCATGAAGGACATCG-1,Immune_mixed,Immune_mixed
TGCATGAAGGGTTAAT-1,Immune_mixed,Immune_mixed
TGCATGACATTGCCGG-1,"B_cells,0",B_cells
TGCATGAGTCGGTACC-1,Immune_mixed,Immune_mixed
TGCATGAGTTCGAACT-1,Immune_mixed,Immune_mixed
TGCCGAGAGATGCAGC-1,Immune_mixed,Immune_mixed
TGCCGAGAGCCTATTG-1,Erythroid,Erythroid
TGCCGAGCAATAGTCC-1,Immune_mixed,Immune_mixed
TGCCGAGCAGGGATAC-1,Immune_mixed,Immune_mixed
TGCCGAGCATGTTACG-1,Immune_mixed,Immune_mixed
TGCCGAGGTAAGCAAT-1,Immune_mixed,Immune_mixed
TGCCGAGGTCTGCAAT-1,Immune_mixed,Immune_mixed
TGCCGAGGTGGTAATA-1,Erythroid,Erythroid
TGCCGAGGTGTCTAAC-1,Immune_mixed,Immune_mixed
TGCCGAGTCCGCAACG-1,Immune_mixed,Immune_mixed
TGCCGAGTCTTTGCTA-1,Immune_mixed,Immune_mixed
TGCGACGAGCGCCTCA-1,Immune_mixed,Immune_mixed
TGCGACGAGTCATGGG-1,"B_cells,0",B_cells
TGCGACGAGTCGCCCA-1,Immune_mixed,Immune_mixed
TGCGACGAGTTGCGCC-1,Erythroid,Erythroid
TGCGACGCAATTCGTG-1,Immune_mixed,Immune_mixed
TGCGACGCAGAAATTG-1,Myeloid,Myeloid
TGCGACGGTCCAACGC-1,"B_cells,0",B_cells
TGCGACGGTTGCATCA-1,Immune_mixed,Immune_mixed
TGCGACGTCTGGCCTT-1,Immune_mixed,Immune_mixed
TGCGATAAGAGAGTTT-1,Immune_mixed,Immune_mixed
TGCGATAAGCCTCACG-1,Immune_mixed,Immune_mixed
TGCGATAAGCGACTGA-1,"B_cells,0",B_cells
TGCGATAAGGGCTTCC-1,Immune_mixed,Immune_mixed
TGCGATACAGGAAGTC-1,Immune_mixed,Immune_mixed
TGCGATACAGTAGGAC-1,Immune_mixed,Immune_mixed
TGCGGCAAGAGTCAGC-1,Immune_mixed,Immune_mixed
TGCGGCACAAGCTCTA-1,Immune_mixed,Immune_mixed
TGCGGCACACCGGCTA-1,Myeloid,Myeloid
TGCGGCACAGGCCTGT-1,Immune_mixed,Immune_mixed
TGCGGCACAGTGCGCT-1,Immune_mixed,Immune_mixed
TGCGGCACATCTCGTC-1,Immune_mixed,Immune_mixed
TGCGGCAGTCTTCAAG-1,Immune_mixed,Immune_mixed
TGCGGGTAGAATTGCA-1,Myeloid,Myeloid
TGCGGGTAGGCTTCCG-1,Immune_mixed,Immune_mixed
TGCGGGTAGGTTGGTG-1,Erythroid,Erythroid
TGCGGGTAGTATTAGG-1,Immune_mixed,Immune_mixed
TGCGGGTAGTCTAGAA-1,Immune_mixed,Immune_mixed
TGCGGGTCATGGAATA-1,Immune_mixed,Immune_mixed
TGCGGGTGTGAGCTCC-1,Immune_mixed,Immune_mixed
TGCGGGTGTTGGGAAC-1,Immune_mixed,Immune_mixed
TGCGGGTTCACGAGGA-1,Erythroid,Erythroid
TGCTCCAAGACCTCAT-1,"B_cells,0",B_cells
TGCTCCAAGCTCGGCT-1,Myeloid,Myeloid
TGCTCCAAGTCGAAGC-1,Myeloid,Myeloid
TGCTCCAAGTCGGCCT-1,Immune_mixed,Immune_mixed
TGCTCCAAGTTGGCGA-1,"B_cells,0",B_cells
TGCTCCAAGTTGTAAG-1,Immune_mixed,Immune_mixed
TGCTCCACAGCGACCT-1,"B_cells,0",B_cells
TGCTCCATCGCTCATC-1,Immune_mixed,Immune_mixed
TGCTCGTAGCAGGCTA-1,Erythroid,Erythroid
TGCTCGTAGGATACGC-1,Erythroid,Erythroid
TGCTCGTCAATCACGT-1,Erythroid,Erythroid
TGCTCGTCATGCCGCA-1,Immune_mixed,Immune_mixed
TGCTCGTCATGTCGTA-1,"B_cells,0",B_cells
TGCTCGTGTATGATCC-1,Myeloid,Myeloid
TGCTCGTGTCAAAGAT-1,Myeloid,Myeloid
TGCTCGTGTCGAGTGA-1,Immune_mixed,Immune_mixed
TGCTCGTGTCTTGCTC-1,"B_cells,1",B_cells
TGCTCGTGTTGTGCCG-1,"B_cells,1",B_cells
TGCTCGTTCTGAATGC-1,Immune_mixed,Immune_mixed
TGCTGAAAGACGTCCC-1,Erythroid,Erythroid
TGCTGAAAGCTAGCCC-1,Immune_mixed,Immune_mixed
TGCTGAAAGGCTGTAG-1,Immune_mixed,Immune_mixed
TGCTGAACAGCACACC-1,Immune_mixed,Immune_mixed
TGCTGAAGTATAATGG-1,Erythroid,Erythroid
TGCTGAAGTCGCCACA-1,Immune_mixed,Immune_mixed
TGCTGAAGTTTCTATC-1,"B_cells,0",B_cells
TGCTGAATCCACTTTA-1,Immune_mixed,Immune_mixed
TGCTGAATCGCAATGT-1,Myeloid,Myeloid
TGCTTCGAGATCGGTG-1,Immune_mixed,Immune_mixed
TGCTTCGAGCTGTGCC-1,"B_cells,0",B_cells
TGCTTCGAGGGAGGAC-1,"B_cells,0",B_cells
TGCTTCGAGGGCTGAT-1,Erythroid,Erythroid
TGCTTCGCATGTCGTA-1,Erythroid,Erythroid
TGCTTCGGTACCTATG-1,Erythroid,Erythroid
TGCTTCGGTCCTCATC-1,Immune_mixed,Immune_mixed
TGCTTCGTCACGAACT-1,Immune_mixed,Immune_mixed
TGCTTGCAGAGCATAT-1,"B_cells,0",B_cells
TGCTTGCAGAGCGACT-1,Immune_mixed,Immune_mixed
TGCTTGCAGCTGGAGT-1,"B_cells,0",B_cells
TGCTTGCCAGGCAATG-1,Immune_mixed,Immune_mixed
TGCTTGCGTAGGAGTC-1,Immune_mixed,Immune_mixed
TGCTTGCGTCGCCTAG-1,"B_cells,0",B_cells
TGCTTGCTCATGCGGC-1,Immune_mixed,Immune_mixed
TGCTTGCTCCGCCTAT-1,Immune_mixed,Immune_mixed
TGCTTGCTCTAGTTCT-1,Immune_mixed,Immune_mixed
TGGAACTAGATCCTAC-1,Immune_mixed,Immune_mixed
TGGAACTAGCATCAGG-1,Immune_mixed,Immune_mixed
TGGAACTAGCCTAACT-1,Erythroid,Erythroid
TGGAACTCAAACTAAG-1,Immune_mixed,Immune_mixed
TGGAACTCAAAGGCGT-1,Erythroid,Erythroid
TGGAACTCACGGTCTG-1,Erythroid,Erythroid
TGGAACTCACTGCTTC-1,"B_cells,0",B_cells
TGGAACTCAGAATTCC-1,Immune_mixed,Immune_mixed
TGGAACTCATAGAAAC-1,Immune_mixed,Immune_mixed
TGGAACTGTAGACAAT-1,Myeloid,Myeloid
TGGAACTGTCCATACA-1,Immune_mixed,Immune_mixed
TGGAACTGTCTAGTGT-1,Immune_mixed,Immune_mixed
TGGAACTGTGTATTGC-1,Erythroid,Erythroid
TGGAACTGTTCTCACC-1,Immune_mixed,Immune_mixed
TGGAACTTCTACTGCC-1,Immune_mixed,Immune_mixed
TGGAACTTCTGAGTCA-1,Immune_mixed,Immune_mixed
TGGAACTTCTTACCAT-1,Immune_mixed,Immune_mixed
TGGAGAGAGAAACTCA-1,Immune_mixed,Immune_mixed
TGGAGAGAGAAGCGGG-1,Immune_mixed,Immune_mixed
TGGAGAGAGACAACAT-1,Immune_mixed,Immune_mixed
TGGAGAGAGCAACCAG-1,Immune_mixed,Immune_mixed
TGGAGAGCAGCGAGTA-1,Immune_mixed,Immune_mixed
TGGAGAGCATCTCCCA-1,Immune_mixed,Immune_mixed
TGGAGAGGTGGTAATA-1,Erythroid,Erythroid
TGGAGAGTCATGGGAG-1,"B_cells,0",B_cells
TGGAGGAAGCGATTCT-1,Immune_mixed,Immune_mixed
TGGAGGACACTAGGTT-1,Immune_mixed,Immune_mixed
TGGAGGACAGAGGCTA-1,Immune_mixed,Immune_mixed
TGGAGGACAGATCATC-1,Immune_mixed,Immune_mixed
TGGAGGACAGGCGTTC-1,Immune_mixed,Immune_mixed
TGGAGGACATCATTTC-1,Immune_mixed,Immune_mixed
TGGAGGAGTACCACGC-1,"B_cells,0",B_cells
TGGAGGAGTAGAGATT-1,Immune_mixed,Immune_mixed
TGGAGGATCTAGATCG-1,Erythroid,Erythroid
TGGAGGATCTGTGCTC-1,Erythroid,Erythroid
TGGATCAAGCTCCACG-1,Erythroid,Erythroid
TGGATCAAGGTTAAAC-1,Immune_mixed,Immune_mixed
TGGATCACATATGGCT-1,"B_cells,0",B_cells
TGGATCAGTAGGACCA-1,Immune_mixed,Immune_mixed
TGGATCAGTAGTGCGA-1,Erythroid,Erythroid
TGGATCAGTATAGGGC-1,Immune_mixed,Immune_mixed
TGGATCATCGTTCAGA-1,Immune_mixed,Immune_mixed
TGGATCATCTCGGGAC-1,Immune_mixed,Immune_mixed
TGGATCATCTGTCGCT-1,Immune_mixed,Immune_mixed
TGGATGTAGACGGAAA-1,Immune_mixed,Immune_mixed
TGGATGTAGAGTACCG-1,Immune_mixed,Immune_mixed
TGGATGTAGGTAGCAC-1,Erythroid,Erythroid
TGGATGTAGGTAGGCT-1,"B_cells,0",B_cells
TGGATGTAGGTTGGTG-1,Immune_mixed,Immune_mixed
TGGATGTGTACGGATG-1,Immune_mixed,Immune_mixed
TGGATGTGTTCCGCAG-1,Immune_mixed,Immune_mixed
TGGATGTTCCAGCAAT-1,Erythroid,Erythroid
TGGATGTTCTTCCTAA-1,Immune_mixed,Immune_mixed
TGGCGTGAGAGCTGCA-1,Myeloid,Myeloid
TGGCGTGCACGGCCAT-1,Myeloid,Myeloid
TGGCGTGCATACTGAC-1,Erythroid,Erythroid
TGGCGTGGTCCGGCAT-1,Erythroid,Erythroid
TGGCGTGGTGCTGTCG-1,Erythroid,Erythroid
TGGCGTGTCCTTTGAT-1,Immune_mixed,Immune_mixed
TGGCGTGTCTTGGATG-1,Immune_mixed,Immune_mixed
TGGGAAGAGAAGCCTG-1,Erythroid,Erythroid
TGGGAAGAGACCATTC-1,Erythroid,Erythroid
TGGGAAGAGACTCCGC-1,"B_cells,0",B_cells
TGGGAAGAGCCTTTCC-1,Immune_mixed,Immune_mixed
TGGGAAGCAACGTATC-1,Immune_mixed,Immune_mixed
TGGGAAGCACAACGTT-1,Immune_mixed,Immune_mixed
TGGGAAGCAGCCCAGT-1,Immune_mixed,Immune_mixed
TGGGAAGGTACGTACT-1,Immune_mixed,Immune_mixed
TGGGAAGGTATCCTCC-1,Immune_mixed,Immune_mixed
TGGGAAGGTCTAGGTT-1,Immune_mixed,Immune_mixed
TGGGAAGGTGCGAACA-1,Immune_mixed,Immune_mixed
TGGGAAGGTTGCTAGT-1,Immune_mixed,Immune_mixed
TGGGAAGTCATACAGC-1,Myeloid,Myeloid
TGGGAAGTCCATTGTT-1,Immune_mixed,Immune_mixed
TGGGAAGTCGCTGCGA-1,Immune_mixed,Immune_mixed
TGGGAAGTCTAGTTCT-1,"B_cells,0",B_cells
TGGGAGAAGTAACGAT-1,Immune_mixed,Immune_mixed
TGGGAGACACTTTAGG-1,Immune_mixed,Immune_mixed
TGGGAGAGTACGGTTT-1,Immune_mixed,Immune_mixed
TGGGAGAGTCGCACAC-1,Erythroid,Erythroid
TGGGAGAGTTTGAACC-1,"B_cells,0",B_cells
TGGGATTAGCTTAGTC-1,Myeloid,Myeloid
TGGGATTAGGATGTTA-1,Immune_mixed,Immune_mixed
TGGGATTAGGTGATAT-1,Erythroid,Erythroid
TGGGATTCAGGGCTTC-1,Immune_mixed,Immune_mixed
TGGGATTTCCTCACCA-1,"B_cells,0",B_cells
TGGGATTTCGTAGGAG-1,"B_cells,0",B_cells
TGGGATTTCTCGGGAC-1,Immune_mixed,Immune_mixed
TGGGATTTCTCTTCAA-1,"B_cells,0",B_cells
TGGGATTTCTTCGGAA-1,Immune_mixed,Immune_mixed
TGGGCGTAGCCGCACT-1,Myeloid,Myeloid
TGGGCGTCAACTCGTA-1,Erythroid,Erythroid
TGGGCGTCACACGGAA-1,"B_cells,0",B_cells
TGGGCGTGTACCACGC-1,Immune_mixed,Immune_mixed
TGGGCGTGTGGCTTAT-1,"B_cells,0",B_cells
TGGGCGTGTTCTTGTT-1,Erythroid,Erythroid
TGGGCTGCACAATTCG-1,Immune_mixed,Immune_mixed
TGGGCTGCACTGTCCT-1,Erythroid,Erythroid
TGGGCTGGTGGCCACT-1,Erythroid,Erythroid
TGGGCTGTCCGTGCGA-1,Erythroid,Erythroid
TGGGCTGTCTTCTTCC-1,Immune_mixed,Immune_mixed
TGGGTTAAGCGTACAG-1,Erythroid,Erythroid
TGGGTTAAGGTAAGTT-1,Immune_mixed,Immune_mixed
TGGGTTACAACTTGCA-1,Myeloid,Myeloid
TGGGTTACATCAACCA-1,Immune_mixed,Immune_mixed
TGGGTTAGTCGAACGA-1,Immune_mixed,Immune_mixed
TGGGTTAGTTATAGCC-1,Immune_mixed,Immune_mixed
TGGGTTATCATCCCGT-1,"B_cells,0",B_cells
TGGGTTATCCATCACC-1,Myeloid,Myeloid
TGGTACAAGACATATG-1,"B_cells,0",B_cells
TGGTACAAGAGTACCG-1,Immune_mixed,Immune_mixed
TGGTACAAGGGTACAC-1,Immune_mixed,Immune_mixed
TGGTACAAGGTACAAT-1,"B_cells,0",B_cells
TGGTACACAATTGAAG-1,Immune_mixed,Immune_mixed
TGGTACACACAAATCC-1,"B_cells,1",B_cells
TGGTACACAGAGAAAG-1,Immune_mixed,Immune_mixed
TGGTACACATTCTCTA-1,Immune_mixed,Immune_mixed
TGGTACAGTCGGTACC-1,Immune_mixed,Immune_mixed
TGGTACAGTGCGCTCA-1,Immune_mixed,Immune_mixed
TGGTACATCACGGACC-1,"B_cells,0",B_cells
TGGTACATCACTTCTA-1,Erythroid,Erythroid
TGGTACATCGACGCGT-1,"B_cells,0",B_cells
TGGTACATCTATACGG-1,Erythroid,Erythroid
TGGTAGTAGACGATAT-1,Erythroid,Erythroid
TGGTAGTAGAGCCCAA-1,Immune_mixed,Immune_mixed
TGGTAGTAGCCAACCC-1,Immune_mixed,Immune_mixed
TGGTAGTAGCCATTCA-1,"B_cells,0",B_cells
TGGTAGTAGGTTCAGG-1,Erythroid,Erythroid
TGGTAGTAGTCTCTGA-1,"B_cells,0",B_cells
TGGTAGTCAACAACAA-1,Immune_mixed,Immune_mixed
TGGTAGTCAACCAGAG-1,Immune_mixed,Immune_mixed
TGGTAGTCATCGGATT-1,"B_cells,0",B_cells
TGGTAGTCATGAATAG-1,Immune_mixed,Immune_mixed
TGGTAGTGTATGAAGT-1,Immune_mixed,Immune_mixed
TGGTAGTTCACATCAG-1,Immune_mixed,Immune_mixed
TGGTAGTTCATGCCCT-1,Immune_mixed,Immune_mixed
TGGTAGTTCCTACCGT-1,"B_cells,0",B_cells
TGGTAGTTCCTATTGT-1,Immune_mixed,Immune_mixed
TGGTAGTTCTATACTC-1,Erythroid,Erythroid
TGGTGATAGATTAGTG-1,Myeloid,Myeloid
TGGTGATCAACGGCCT-1,Erythroid,Erythroid
TGGTGATGTAAGTTGA-1,Erythroid,Erythroid
TGGTGATGTACTCAAC-1,Erythroid,Erythroid
TGGTGATGTCGGTACC-1,Immune_mixed,Immune_mixed
TGGTGATGTCTTCATT-1,Immune_mixed,Immune_mixed
TGGTGATGTGCATGTT-1,"B_cells,0",B_cells
TGGTGATTCCGCGGAT-1,Erythroid,Erythroid
TGGTGATTCGAACCAT-1,Erythroid,Erythroid
TGGTGATTCTCAACGA-1,Erythroid,Erythroid
TGGTGATTCTTCCCGA-1,Erythroid,Erythroid
TGGTTAGCAGCTGTCG-1,Myeloid,Myeloid
TGGTTAGGTATGAAGT-1,Immune_mixed,Immune_mixed
TGGTTAGGTCGTATTG-1,Erythroid,Erythroid
TGGTTAGGTGCTAGCC-1,Immune_mixed,Immune_mixed
TGGTTAGGTGGCGTAA-1,Immune_mixed,Immune_mixed
TGGTTAGTCACTGTTT-1,Immune_mixed,Immune_mixed
TGGTTAGTCCTGTACC-1,Immune_mixed,Immune_mixed
TGGTTAGTCGTAGAGG-1,"B_cells,0",B_cells
TGTAACGAGTCATGGG-1,Immune_mixed,Immune_mixed
TGTAACGCAACACGAG-1,Erythroid,Erythroid
TGTAACGCATGATCTG-1,Immune_mixed,Immune_mixed
TGTAACGGTACGACAG-1,Immune_mixed,Immune_mixed
TGTAACGGTAGTAAGT-1,Immune_mixed,Immune_mixed
TGTAACGGTCACCTTC-1,Immune_mixed,Immune_mixed
TGTAACGGTCCACAGC-1,Immune_mixed,Immune_mixed
TGTAACGGTCTAGTGT-1,Immune_mixed,Immune_mixed
TGTAACGTCAGTCACA-1,Immune_mixed,Immune_mixed
TGTAACGTCATGACAC-1,Erythroid,Erythroid
TGTAACGTCCCTCTAG-1,Immune_mixed,Immune_mixed
TGTAACGTCGATGCTA-1,Myeloid,Myeloid
TGTAACGTCGGTCGAC-1,Erythroid,Erythroid
TGTAAGCAGACAGCGT-1,Myeloid,Myeloid
TGTAAGCAGCAAGCCA-1,Immune_mixed,Immune_mixed
TGTAAGCAGCAGGCTA-1,"B_cells,0",B_cells
TGTAAGCAGCGCCATC-1,Erythroid,Erythroid
TGTAAGCAGTTAGAAC-1,Erythroid,Erythroid
TGTAAGCAGTTGCGCC-1,Immune_mixed,Immune_mixed
TGTAAGCCATCACGGC-1,Immune_mixed,Immune_mixed
TGTAAGCGTACGGATG-1,Erythroid,Erythroid
TGTAAGCGTGGATCGA-1,"B_cells,0",B_cells
TGTAAGCGTGGGAGAG-1,Immune_mixed,Immune_mixed
TGTAAGCGTTGAGAGC-1,Erythroid,Erythroid
TGTAAGCTCACTACGA-1,Immune_mixed,Immune_mixed
TGTAAGCTCCGGACTG-1,Erythroid,Erythroid
TGTACAGAGAGCCGAT-1,"B_cells,0",B_cells
TGTACAGAGGCCACCT-1,Myeloid,Myeloid
TGTACAGAGGGATCAC-1,Myeloid,Myeloid
TGTACAGCACAACGAG-1,Immune_mixed,Immune_mixed
TGTACAGCAGAACTTC-1,Erythroid,Erythroid
TGTACAGCAGTTAGAA-1,Immune_mixed,Immune_mixed
TGTACAGGTTAGTCGT-1,Immune_mixed,Immune_mixed
TGTAGACAGGCCACTC-1,"B_cells,0",B_cells
TGTAGACAGGTTGACG-1,Immune_mixed,Immune_mixed
TGTAGACGTACACTCA-1,Immune_mixed,Immune_mixed
TGTAGACGTCCTGTTC-1,"B_cells,1",B_cells
TGTAGACGTGTTGATC-1,Immune_mixed,Immune_mixed
TGTAGACTCATGACAC-1,Myeloid,Myeloid
TGTAGACTCCTAGCGG-1,Erythroid,Erythroid
TGTCAGAAGCATCCCG-1,Immune_mixed,Immune_mixed
TGTCAGAAGCTTTCCC-1,Immune_mixed,Immune_mixed
TGTCAGAAGTACTGGG-1,Erythroid,Erythroid
TGTCAGACAACCAATC-1,Erythroid,Erythroid
TGTCAGACACCCGTAG-1,Erythroid,Erythroid
TGTCAGACAGGGTTGA-1,"B_cells,0",B_cells
TGTCAGACATTAGGCT-1,Myeloid,Myeloid
TGTCAGAGTATCGCAT-1,Erythroid,Erythroid
TGTCAGATCCTAGCTC-1,Immune_mixed,Immune_mixed
TGTCCACAGCATCGAG-1,Erythroid,Erythroid
TGTCCACAGCTGAAAT-1,Erythroid,Erythroid
TGTCCACAGGAGAGGC-1,"B_cells,0",B_cells
TGTCCACAGTCCCAAT-1,Immune_mixed,Immune_mixed
TGTCCACAGTTCATGC-1,Myeloid,Myeloid
TGTCCACGTGGAGGTT-1,Erythroid,Erythroid
TGTCCACTCTCCGAGG-1,"B_cells,0",B_cells
TGTCCCAAGTACCCTA-1,Erythroid,Erythroid
TGTCCCACACAACGTT-1,Immune_mixed,Immune_mixed
TGTCCCACACGATTCA-1,Immune_mixed,Immune_mixed
TGTCCCACATAATGCC-1,Immune_mixed,Immune_mixed
TGTCCCAGTAAGTAGT-1,Immune_mixed,Immune_mixed
TGTCCCAGTGACAACG-1,Immune_mixed,Immune_mixed
TGTCCCAGTTGGGAAC-1,"B_cells,0",B_cells
TGTCCCATCCACATAG-1,Erythroid,Erythroid
TGTCCTGAGCCAAGTG-1,Immune_mixed,Immune_mixed
TGTCCTGAGCTGAGCA-1,Immune_mixed,Immune_mixed
TGTCCTGAGGTACCTT-1,Immune_mixed,Immune_mixed
TGTCCTGAGTAACGAT-1,"B_cells,0",B_cells
TGTCCTGCAAAGGGTC-1,Immune_mixed,Immune_mixed
TGTCCTGCACACCTAA-1,Immune_mixed,Immune_mixed
TGTCCTGCATACTGAC-1,"B_cells,0",B_cells
TGTCCTGGTACATACC-1,Immune_mixed,Immune_mixed
TGTCCTGGTACTGTTG-1,Immune_mixed,Immune_mixed
TGTCCTGTCACAACCA-1,Immune_mixed,Immune_mixed
TGTCCTGTCCATTCGC-1,"B_cells,0",B_cells
TGTCCTGTCCTGGGTG-1,Erythroid,Erythroid
TGTCCTGTCTCACCCA-1,Erythroid,Erythroid
TGTGAGTAGATCCTAC-1,Myeloid,Myeloid
TGTGAGTAGCATTTCG-1,Immune_mixed,Immune_mixed
TGTGAGTAGTATTCCG-1,Immune_mixed,Immune_mixed
TGTGAGTAGTGAACAT-1,Myeloid,Myeloid
TGTGAGTCAACGCCCA-1,Immune_mixed,Immune_mixed
TGTGAGTCACATTCGA-1,Erythroid,Erythroid
TGTGAGTCACGCTGCA-1,Erythroid,Erythroid
TGTGAGTGTACTCAAC-1,Immune_mixed,Immune_mixed
TGTGAGTGTATGAAAC-1,Immune_mixed,Immune_mixed
TGTGAGTGTGGAACAC-1,Immune_mixed,Immune_mixed
TGTGAGTTCACGGAGA-1,Erythroid,Erythroid
TGTGAGTTCCAAGGGA-1,"B_cells,0",B_cells
TGTGAGTTCGGTGAAG-1,Immune_mixed,Immune_mixed
TGTGATGAGACTCCGC-1,Erythroid,Erythroid
TGTGATGAGCACTCTA-1,Erythroid,Erythroid
TGTGATGCACCCAATA-1,Erythroid,Erythroid
TGTGATGGTAAGGTCG-1,Immune_mixed,Immune_mixed
TGTGATGGTACAGCGA-1,Erythroid,Erythroid
TGTGATGGTCTTCATT-1,"B_cells,1",B_cells
TGTGATGGTGATTAGA-1,"B_cells,0",B_cells
TGTGATGGTTTGATCG-1,Immune_mixed,Immune_mixed
TGTGATGTCGACCACG-1,Myeloid,Myeloid
TGTGATGTCGTGCATA-1,Myeloid,Myeloid
TGTGATGTCTCGGTAA-1,"B_cells,0",B_cells
TGTGATGTCTTGTTAC-1,"B_cells,1",B_cells
TGTGCGGAGCGACTGA-1,Immune_mixed,Immune_mixed
TGTGCGGAGCGCACAA-1,"B_cells,0",B_cells
TGTGCGGAGGTTCTAC-1,Erythroid,Erythroid
TGTGCGGGTGACGCCT-1,Immune_mixed,Immune_mixed
TGTGCGGGTTCCTAGA-1,Erythroid,Erythroid
TGTGCGGGTTGGGTAG-1,Immune_mixed,Immune_mixed
TGTGCGGTCATTGGTG-1,Immune_mixed,Immune_mixed
TGTGCGGTCCACACCT-1,Immune_mixed,Immune_mixed
TGTGCGGTCCTGGTCT-1,Myeloid,Myeloid
TGTGCGGTCTAGGCCG-1,Erythroid,Erythroid
TGTGCGGTCTCCTGAC-1,"B_cells,0",B_cells
TGTGGCGAGCCTCTCT-1,Erythroid,Erythroid
TGTGGCGAGTTGCGAG-1,"B_cells,0",B_cells
TGTGGCGCAATCGCCG-1,Immune_mixed,Immune_mixed
TGTGGCGCATCCAATG-1,Immune_mixed,Immune_mixed
TGTGGCGCATGATGCT-1,Immune_mixed,Immune_mixed
TGTGGCGGTAATACCC-1,Immune_mixed,Immune_mixed
TGTGTGACAAACTAAG-1,Myeloid,Myeloid
TGTGTGACATGTGGCC-1,"B_cells,0",B_cells
TGTGTGAGTTGCGTAT-1,"B_cells,0",B_cells
TGTGTGAGTTTGCCGG-1,Erythroid,Erythroid
TGTGTGATCATCGACA-1,Immune_mixed,Immune_mixed
TGTGTGATCATTCCTA-1,Immune_mixed,Immune_mixed
TGTTACTAGCCTCACG-1,"B_cells,0",B_cells
TGTTACTAGCCTCTGG-1,Immune_mixed,Immune_mixed
TGTTACTAGGATATAC-1,Myeloid,Myeloid
TGTTACTAGGCCTTCG-1,Immune_mixed,Immune_mixed
TGTTACTCATCTATCT-1,Myeloid,Myeloid
TGTTACTGTAAGTTGA-1,"B_cells,0",B_cells
TGTTACTGTCACAATC-1,Immune_mixed,Immune_mixed
TGTTACTGTCACGACC-1,Myeloid,Myeloid
TGTTACTGTTAGAAAC-1,Erythroid,Erythroid
TGTTACTGTTCGTACA-1,Immune_mixed,Immune_mixed
TGTTACTGTTTATGCG-1,"B_cells,0",B_cells
TGTTACTTCGGAAACG-1,"B_cells,0",B_cells
TGTTCATAGAAGCTGC-1,Immune_mixed,Immune_mixed
TGTTCATAGATTGGGC-1,"B_cells,0",B_cells
TGTTCATAGGCACAAC-1,Immune_mixed,Immune_mixed
TGTTCATAGTAATACG-1,Immune_mixed,Immune_mixed
TGTTCATAGTTCCAGT-1,Myeloid,Myeloid
TGTTCATCAACCAGAG-1,Erythroid,Erythroid
TGTTCATGTACGGCAA-1,Immune_mixed,Immune_mixed
TGTTCATGTCCTGTTC-1,Immune_mixed,Immune_mixed
TGTTCATGTGAGCTCC-1,Immune_mixed,Immune_mixed
TGTTCCGAGCGATGGT-1,Erythroid,Erythroid
TGTTCCGAGTGCTCGC-1,Myeloid,Myeloid
TGTTCCGGTTGCAAGG-1,"B_cells,0",B_cells
TGTTCCGTCCGGCTTT-1,Immune_mixed,Immune_mixed
TGTTCCGTCCGTGACG-1,Immune_mixed,Immune_mixed
TGTTCCGTCTCCAATT-1,Immune_mixed,Immune_mixed
TGTTCTAAGCCTCATA-1,Immune_mixed,Immune_mixed
TGTTCTAAGCCTCGTG-1,Immune_mixed,Immune_mixed
TGTTCTAAGCGGATCA-1,Myeloid,Myeloid
TGTTCTAAGCTAAGTA-1,Immune_mixed,Immune_mixed
TGTTCTACAGGCGAAT-1,Immune_mixed,Immune_mixed
TGTTCTAGTGGTTCTA-1,"B_cells,0",B_cells
TGTTCTATCATGCTAG-1,Myeloid,Myeloid
TGTTCTATCCAGTGCG-1,Erythroid,Erythroid
TGTTCTATCGCTGATA-1,Immune_mixed,Immune_mixed
TGTTGAGAGGAATTAC-1,Immune_mixed,Immune_mixed
TGTTGAGCAAATACAG-1,"B_cells,0",B_cells
TGTTGAGCAACGTTAC-1,Immune_mixed,Immune_mixed
TGTTGAGCACCTTCCA-1,"B_cells,0",B_cells
TGTTGAGCAGCCCACA-1,"B_cells,0",B_cells
TGTTGAGCAGGGAATC-1,Myeloid,Myeloid
TGTTGAGGTCGCATTA-1,Erythroid,Erythroid
TGTTGAGTCCTAGCGG-1,Myeloid,Myeloid
TGTTGGAAGAAGGATG-1,Immune_mixed,Immune_mixed
TGTTGGAAGGTCTGGA-1,Immune_mixed,Immune_mixed
TGTTGGAAGTATGTAG-1,"B_cells,0",B_cells
TGTTGGACACTAAACC-1,"B_cells,0",B_cells
TGTTGGAGTGAGTTGG-1,Immune_mixed,Immune_mixed
TGTTGGAGTGTGTTTG-1,"B_cells,0",B_cells
TGTTGGATCGCAGATT-1,Erythroid,Erythroid
TGTTGGATCGTGAGAG-1,Immune_mixed,Immune_mixed
TGTTTGTAGACAACTA-1,"B_cells,0",B_cells
TGTTTGTAGGAGCTGT-1,Erythroid,Erythroid
TGTTTGTAGTCGAAGC-1,Erythroid,Erythroid
TGTTTGTAGTCGTTAC-1,Erythroid,Erythroid
TGTTTGTCAATTCTCT-1,Immune_mixed,Immune_mixed
TGTTTGTCAGACCCGT-1,Immune_mixed,Immune_mixed
TGTTTGTCAGAGGGTT-1,"B_cells,1",B_cells
TGTTTGTCATCTCATT-1,Immune_mixed,Immune_mixed
TGTTTGTGTTGCACGC-1,Immune_mixed,Immune_mixed
TGTTTGTTCAACTACG-1,Immune_mixed,Immune_mixed
TGTTTGTTCCATTGGA-1,Erythroid,Erythroid
TGTTTGTTCGTCTAAG-1,Immune_mixed,Immune_mixed
TGTTTGTTCTGTTCAT-1,"B_cells,0",B_cells
TTAATCCAGACGATAT-1,Immune_mixed,Immune_mixed
TTAATCCCAATGGCCC-1,Immune_mixed,Immune_mixed
TTAATCCGTAGACGGT-1,Immune_mixed,Immune_mixed
TTAATCCGTCAACCTA-1,Immune_mixed,Immune_mixed
TTAATCCGTCCATACA-1,Immune_mixed,Immune_mixed
TTAATCCGTGGTCTCG-1,"B_cells,0",B_cells
TTAATCCGTGTCATTG-1,Erythroid,Erythroid
TTAATCCGTTGGACTT-1,"B_cells,0",B_cells
TTAATCCTCCACACAA-1,Immune_mixed,Immune_mixed
TTACAGGAGAGCTGCA-1,"B_cells,0",B_cells
TTACAGGAGCAGATAT-1,Immune_mixed,Immune_mixed
TTACAGGAGCCTCTTC-1,Erythroid,Erythroid
TTACAGGCAACACTAC-1,Immune_mixed,Immune_mixed
TTACAGGCACAAGTTC-1,Immune_mixed,Immune_mixed
TTACAGGCAGATTCGT-1,Erythroid,Erythroid
TTACAGGCAGGATTCT-1,Immune_mixed,Immune_mixed
TTACAGGCATTGACTG-1,Erythroid,Erythroid
TTACAGGGTTTCGACA-1,Immune_mixed,Immune_mixed
TTACAGGTCACCCATC-1,"B_cells,0",B_cells
TTACAGGTCGAATCCA-1,"B_cells,0",B_cells
TTACCATAGACCTGGA-1,Immune_mixed,Immune_mixed
TTACCATAGGCATGGT-1,"B_cells,0",B_cells
TTACCATAGGTTATAG-1,Erythroid,Erythroid
TTACCATCAAAGCAAT-1,"B_cells,0",B_cells
TTACCATCAAATGAGT-1,Erythroid,Erythroid
TTACCATCAGCCGGTT-1,Immune_mixed,Immune_mixed
TTACCATTCACCGCTT-1,Immune_mixed,Immune_mixed
TTACCATTCCCAGGAC-1,"B_cells,0",B_cells
TTACCATTCCTACCAC-1,Immune_mixed,Immune_mixed
TTACCATTCGCCATAA-1,Myeloid,Myeloid
TTACCATTCTCGTTTA-1,Immune_mixed,Immune_mixed
TTACCGCAGAAAGCGA-1,Immune_mixed,Immune_mixed
TTACCGCAGAGTGTTA-1,Immune_mixed,Immune_mixed
TTACCGCAGATAGTGT-1,Immune_mixed,Immune_mixed
TTACCGCAGCATCAGG-1,Immune_mixed,Immune_mixed
TTACCGCAGCATGATA-1,Immune_mixed,Immune_mixed
TTACCGCAGCGACTAG-1,Immune_mixed,Immune_mixed
TTACCGCAGTCAGCGA-1,Immune_mixed,Immune_mixed
TTACCGCCAATGTTGC-1,Immune_mixed,Immune_mixed
TTACCGCCATAACTCG-1,Erythroid,Erythroid
TTACCGCGTGCAACGA-1,Erythroid,Erythroid
TTACCGCGTTCCGGTG-1,Erythroid,Erythroid
TTACCGCTCCGCACTT-1,Immune_mixed,Immune_mixed
TTACCGCTCGTAATGC-1,Immune_mixed,Immune_mixed
TTACGCCAGAAGTATC-1,Immune_mixed,Immune_mixed
TTACGCCAGACCATGG-1,Immune_mixed,Immune_mixed
TTACGCCAGTCGAAGC-1,Erythroid,Erythroid
TTACGCCAGTCTCCTC-1,Erythroid,Erythroid
TTACGCCCAATAACGA-1,Immune_mixed,Immune_mixed
TTACGCCCAGAGAGGG-1,Immune_mixed,Immune_mixed
TTACGCCCATCATCCC-1,Immune_mixed,Immune_mixed
TTACGCCGTAGGAGGG-1,Myeloid,Myeloid
TTACGCCGTCGTCAGC-1,Immune_mixed,Immune_mixed
TTACGCCTCACAATGC-1,Immune_mixed,Immune_mixed
TTACGCCTCGCAATGT-1,Immune_mixed,Immune_mixed
TTACGTTAGAGATTCA-1,"B_cells,0",B_cells
TTACGTTAGTAGCTCT-1,Immune_mixed,Immune_mixed
TTACGTTCATAGCACT-1,Erythroid,Erythroid
TTACGTTGTATGAAGT-1,Immune_mixed,Immune_mixed
TTACGTTGTATGGTTC-1,"B_cells,0",B_cells
TTACGTTGTATTGAGA-1,Immune_mixed,Immune_mixed
TTACGTTGTCGCATGC-1,Erythroid,Erythroid
TTACGTTTCCTGGTCT-1,Erythroid,Erythroid
TTACGTTTCGGCTCTT-1,Immune_mixed,Immune_mixed
TTACTGTAGAAGGCTC-1,Immune_mixed,Immune_mixed
TTACTGTAGTGCTCGC-1,Immune_mixed,Immune_mixed
TTACTGTCAATTAGGA-1,Immune_mixed,Immune_mixed
TTACTGTCACCAGTTA-1,"B_cells,0",B_cells
TTACTGTCACGAAGAC-1,Erythroid,Erythroid
TTACTGTCATACAGAA-1,Immune_mixed,Immune_mixed
TTACTGTTCAGAGTTC-1,"B_cells,1",B_cells
TTACTGTTCCCTCGTA-1,Erythroid,Erythroid
TTAGGCAAGCCTCATA-1,"B_cells,0",B_cells
TTAGGCAAGCGCAATG-1,Immune_mixed,Immune_mixed
TTAGGCAAGCGTCAGA-1,Immune_mixed,Immune_mixed
TTAGGCACAACCAGAG-1,Erythroid,Erythroid
TTAGGCACACATCCCT-1,Immune_mixed,Immune_mixed
TTAGGCACACCTGTCT-1,Immune_mixed,Immune_mixed
TTAGGCACAGATACTC-1,Immune_mixed,Immune_mixed
TTAGGCATCACGAGGA-1,"B_cells,0",B_cells
TTAGGCATCACTACGA-1,Immune_mixed,Immune_mixed
TTAGGGTAGAGATCGC-1,Immune_mixed,Immune_mixed
TTAGGGTCAACTCCAA-1,Immune_mixed,Immune_mixed
TTAGGGTCAGAGTCAG-1,Immune_mixed,Immune_mixed
TTAGGGTGTGCAACAG-1,Erythroid,Erythroid
TTAGGGTTCACGTAGT-1,Immune_mixed,Immune_mixed
TTAGGGTTCGGAACTT-1,Immune_mixed,Immune_mixed
TTAGGGTTCGTCGATA-1,Myeloid,Myeloid
TTAGTCTCATCGATAC-1,Erythroid,Erythroid
TTAGTCTGTGCCAAGA-1,Myeloid,Myeloid
TTAGTCTGTGCTATTG-1,Immune_mixed,Immune_mixed
TTAGTCTTCCTAGCCT-1,Immune_mixed,Immune_mixed
TTAGTCTTCGATCCCT-1,Immune_mixed,Immune_mixed
TTATTGCAGACGGTTG-1,Immune_mixed,Immune_mixed
TTATTGCAGCAGGCAT-1,Immune_mixed,Immune_mixed
TTATTGCCACCGCTAG-1,Myeloid,Myeloid
TTATTGCGTAGCGCCT-1,Immune_mixed,Immune_mixed
TTATTGCTCAAGCGTT-1,Immune_mixed,Immune_mixed
TTATTGCTCACCCTTG-1,Immune_mixed,Immune_mixed
TTATTGCTCCGCACGA-1,Immune_mixed,Immune_mixed
TTATTGCTCCTTTGAT-1,Myeloid,Myeloid
TTATTGCTCGTGGTAT-1,"B_cells,0",B_cells
TTATTGCTCTGCCCTA-1,Immune_mixed,Immune_mixed
TTCAATCAGTTGGGAC-1,Immune_mixed,Immune_mixed
TTCAATCCATCAGCGC-1,Immune_mixed,Immune_mixed
TTCAATCCATCCGTTC-1,Immune_mixed,Immune_mixed
TTCAATCCATGGCACC-1,Erythroid,Erythroid
TTCAATCGTCTTGCGG-1,Immune_mixed,Immune_mixed
TTCAATCGTTACCTTT-1,Immune_mixed,Immune_mixed
TTCAATCTCCCATGGG-1,Erythroid,Erythroid
TTCACCGAGCCAAGTG-1,Immune_mixed,Immune_mixed
TTCACCGCAACTCGAT-1,Immune_mixed,Immune_mixed
TTCACCGGTAACCAGG-1,Myeloid,Myeloid
TTCACCGGTAGTACGG-1,"B_cells,1",B_cells
TTCACCGGTCAACACT-1,"B_cells,0",B_cells
TTCACCGGTGAATGAT-1,Immune_mixed,Immune_mixed
TTCACCGGTGATCATC-1,Immune_mixed,Immune_mixed
TTCACCGGTGGATGAC-1,"B_cells,0",B_cells
TTCACCGGTTTCGTAG-1,Erythroid,Erythroid
TTCACCGTCAGTCAGT-1,Immune_mixed,Immune_mixed
TTCACCGTCTAAGCCA-1,Immune_mixed,Immune_mixed
TTCACCGTCTCTGCCA-1,Immune_mixed,Immune_mixed
TTCACCGTCTGAACGT-1,Erythroid,Erythroid
TTCACGCAGAATTGTG-1,Immune_mixed,Immune_mixed
TTCACGCAGGCCTTCG-1,"B_cells,0",B_cells
TTCACGCCATGTGCCG-1,Erythroid,Erythroid
TTCACGCGTATCCCAA-1,Erythroid,Erythroid
TTCACGCGTCTGATAC-1,Immune_mixed,Immune_mixed
TTCACGCTCAAATAGG-1,Myeloid,Myeloid
TTCACGCTCAGAGCGA-1,Erythroid,Erythroid
TTCACGCTCCGAGGCT-1,Myeloid,Myeloid
TTCACGCTCTGGAAGG-1,Immune_mixed,Immune_mixed
TTCAGGAAGAACAAGG-1,"B_cells,0",B_cells
TTCAGGAAGATCCAAA-1,Immune_mixed,Immune_mixed
TTCAGGAAGGCTAGCA-1,Immune_mixed,Immune_mixed
TTCAGGAAGGGACCAT-1,Immune_mixed,Immune_mixed
TTCAGGACACTATGTG-1,Immune_mixed,Immune_mixed
TTCAGGAGTAAGAACT-1,"B_cells,0",B_cells
TTCAGGATCGTCCTTG-1,Immune_mixed,Immune_mixed
TTCAGGATCTGCGAGC-1,Myeloid,Myeloid
TTCAGGATCTGCGGAC-1,Immune_mixed,Immune_mixed
TTCAGGATCTGTCGTC-1,Erythroid,Erythroid
TTCAGGATCTTTGCGC-1,Erythroid,Erythroid
TTCATGTAGCTGCCAC-1,"B_cells,0",B_cells
TTCATGTCACGCCACA-1,Myeloid,Myeloid
TTCATGTTCATTGCTT-1,Erythroid,Erythroid
TTCATGTTCTACCTTA-1,Myeloid,Myeloid
TTCATTGAGAATAGTC-1,Myeloid,Myeloid
TTCATTGAGGCTAACG-1,Immune_mixed,Immune_mixed
TTCATTGAGGTGCGAT-1,Myeloid,Myeloid
TTCATTGAGTCATCGT-1,Immune_mixed,Immune_mixed
TTCATTGCAAATACAG-1,Immune_mixed,Immune_mixed
TTCATTGCACGCAGTC-1,Immune_mixed,Immune_mixed
TTCATTGCACTCCGGA-1,"B_cells,0",B_cells
TTCATTGCATCTGCGG-1,Immune_mixed,Immune_mixed
TTCATTGCATTACTCT-1,Erythroid,Erythroid
TTCATTGGTACCAATC-1,"B_cells,0",B_cells
TTCATTGGTAGTCCTA-1,"B_cells,0",B_cells
TTCATTGGTCATCGCG-1,Immune_mixed,Immune_mixed
TTCATTGGTTGGGTTT-1,Myeloid,Myeloid
TTCATTGTCAGAGTGG-1,Immune_mixed,Immune_mixed
TTCATTGTCCAACACA-1,Erythroid,Erythroid
TTCCAATAGACCCTTA-1,"B_cells,0",B_cells
TTCCAATAGGGTGAGG-1,Myeloid,Myeloid
TTCCAATCAACCTATG-1,Erythroid,Erythroid
TTCCAATCAAGATCCT-1,Immune_mixed,Immune_mixed
TTCCAATTCAAGGAGC-1,Immune_mixed,Immune_mixed
TTCCACGAGCACTCCG-1,Immune_mixed,Immune_mixed
TTCCACGCAGAAGTGC-1,Immune_mixed,Immune_mixed
TTCCGGTAGAAGAACG-1,Erythroid,Erythroid
TTCCGGTAGTTGTAAG-1,Myeloid,Myeloid
TTCCGGTCAGCATCTA-1,Immune_mixed,Immune_mixed
TTCCGGTGTTTGGAGG-1,Immune_mixed,Immune_mixed
TTCCGGTTCGCACGAC-1,Myeloid,Myeloid
TTCCGGTTCGCATGAT-1,Erythroid,Erythroid
TTCCGGTTCTCAAAGC-1,"B_cells,0",B_cells
TTCCGTGAGTAAGAGG-1,Immune_mixed,Immune_mixed
TTCCGTGCACCCGTAG-1,Immune_mixed,Immune_mixed
TTCCGTGCACGTACTA-1,Immune_mixed,Immune_mixed
TTCCGTGCACTTGAAC-1,Immune_mixed,Immune_mixed
TTCCGTGCACTTGGGC-1,Immune_mixed,Immune_mixed
TTCCGTGCAGACGCTC-1,Erythroid,Erythroid
TTCCGTGCAGGATTCT-1,Myeloid,Myeloid
TTCCGTGCATATTCGG-1,Immune_mixed,Immune_mixed
TTCCGTGGTGACAACG-1,Immune_mixed,Immune_mixed
TTCCGTGGTGGAAGTC-1,"B_cells,0",B_cells
TTCCGTGTCGAGGCAA-1,"B_cells,0",B_cells
TTCCGTGTCTCTTAAC-1,Erythroid,Erythroid
TTCCTAAAGATGCTTC-1,Immune_mixed,Immune_mixed
TTCCTAAAGGTCGTAG-1,Erythroid,Erythroid
TTCCTAAAGTTAGAAC-1,Immune_mixed,Immune_mixed
TTCCTAACACAAATCC-1,Immune_mixed,Immune_mixed
TTCCTAACATCTCAAG-1,Myeloid,Myeloid
TTCCTAAGTAGACGTG-1,Immune_mixed,Immune_mixed
TTCCTAATCAGCCTTC-1,"B_cells,0",B_cells
TTCCTAATCCTAAGTG-1,Immune_mixed,Immune_mixed
TTCCTAATCCTTCGAC-1,Immune_mixed,Immune_mixed
TTCCTAATCGAAACAA-1,"B_cells,0",B_cells
TTCCTAATCTCATTTG-1,Myeloid,Myeloid
TTCCTCTAGGCCCACT-1,Erythroid,Erythroid
TTCCTCTCATCGGCCA-1,Myeloid,Myeloid
TTCCTCTCATGAGTAA-1,Immune_mixed,Immune_mixed
TTCCTCTGTAAGGCCA-1,Myeloid,Myeloid
TTCCTCTTCACGGGCT-1,Immune_mixed,Immune_mixed
TTCCTCTTCTGCCTCA-1,"B_cells,0",B_cells
TTCCTCTTCTTCTTCC-1,Immune_mixed,Immune_mixed
TTCCTCTTCTTGAACG-1,Immune_mixed,Immune_mixed
TTCCTTCAGATCGCCC-1,Erythroid,Erythroid
TTCCTTCAGCATTGTC-1,Myeloid,Myeloid
TTCCTTCAGGTAGGCT-1,Erythroid,Erythroid
TTCCTTCAGTGCTAGG-1,Immune_mixed,Immune_mixed
TTCCTTCGTAACATCC-1,Myeloid,Myeloid
TTCCTTCGTATCGCGC-1,Immune_mixed,Immune_mixed
TTCCTTCGTTTCCATT-1,Immune_mixed,Immune_mixed
TTCCTTCTCAACGTGT-1,Immune_mixed,Immune_mixed
TTCCTTCTCCACCTCA-1,Immune_mixed,Immune_mixed
TTCCTTCTCCTGTAAG-1,"B_cells,0",B_cells
TTCCTTCTCTAGTGTG-1,"B_cells,0",B_cells
TTCGATTAGAAATCCA-1,Immune_mixed,Immune_mixed
TTCGATTAGTAGTGCG-1,Erythroid,Erythroid
TTCGATTAGTTCATCG-1,Myeloid,Myeloid
TTCGATTCACCTGCAG-1,Immune_mixed,Immune_mixed
TTCGATTCAGGAGACT-1,Immune_mixed,Immune_mixed
TTCGATTGTATGCAAA-1,Immune_mixed,Immune_mixed
TTCGATTGTTCAGGTT-1,Immune_mixed,Immune_mixed
TTCGATTTCAGGACAG-1,Erythroid,Erythroid
TTCGATTTCATATGGC-1,Immune_mixed,Immune_mixed
TTCGATTTCCATTGGA-1,Immune_mixed,Immune_mixed
TTCGATTTCCCGTGAG-1,Erythroid,Erythroid
TTCGATTTCCGACGGT-1,Immune_mixed,Immune_mixed
TTCGATTTCCTTCACG-1,Immune_mixed,Immune_mixed
TTCGCTGAGAGGATCC-1,Erythroid,Erythroid
TTCGCTGCATGGTGGA-1,"B_cells,0",B_cells
TTCGCTGCATGTACGT-1,Immune_mixed,Immune_mixed
TTCGCTGGTAACACGG-1,Immune_mixed,Immune_mixed
TTCGCTGGTAGACGTG-1,Erythroid,Erythroid
TTCGCTGGTGTCACAT-1,Immune_mixed,Immune_mixed
TTCGCTGGTTACACTG-1,Myeloid,Myeloid
TTCGCTGTCAGTGGGA-1,Myeloid,Myeloid
TTCGCTGTCGCTATTT-1,Immune_mixed,Immune_mixed
TTCGCTGTCGCTCCTA-1,Erythroid,Erythroid
TTCGGTCCACTTTATC-1,"B_cells,1",B_cells
TTCGGTCCAGAGACTG-1,Immune_mixed,Immune_mixed
TTCGGTCGTCTTCAAG-1,Erythroid,Erythroid
TTCGGTCTCATCGCCT-1,Immune_mixed,Immune_mixed
TTCGGTCTCCTGCTAC-1,Immune_mixed,Immune_mixed
TTCGGTCTCGCACGAC-1,"B_cells,0",B_cells
TTCGGTCTCTAAGCCA-1,Erythroid,Erythroid
TTCGGTCTCTTTACAC-1,Immune_mixed,Immune_mixed
TTCTAACAGATACTGA-1,Myeloid,Myeloid
TTCTAACCAACGAGGT-1,Immune_mixed,Immune_mixed
TTCTAACCACGCAGTC-1,Erythroid,Erythroid
TTCTAACCAGCTTTCC-1,Erythroid,Erythroid
TTCTAACCATGACAAA-1,Immune_mixed,Immune_mixed
TTCTAACGTACCCAGC-1,"B_cells,0",B_cells
TTCTAACGTCAACGCC-1,Erythroid,Erythroid
TTCTAACTCAGTGCGC-1,Immune_mixed,Immune_mixed
TTCTAACTCCCGATCT-1,Immune_mixed,Immune_mixed
TTCTAGTAGACAGCGT-1,Myeloid,Myeloid
TTCTAGTAGCGGGTAT-1,Immune_mixed,Immune_mixed
TTCTAGTAGTCCCAAT-1,Immune_mixed,Immune_mixed
TTCTAGTAGTTCCAGT-1,Myeloid,Myeloid
TTCTAGTCAAGTTTGC-1,Immune_mixed,Immune_mixed
TTCTAGTCACTGGAAG-1,Immune_mixed,Immune_mixed
TTCTAGTGTACTGAGG-1,Immune_mixed,Immune_mixed
TTCTAGTGTTAGGCTT-1,"B_cells,0",B_cells
TTCTAGTGTTGGTAGG-1,Erythroid,Erythroid
TTCTAGTTCATTCGGA-1,"B_cells,0",B_cells
TTCTAGTTCCTCATAT-1,"B_cells,0",B_cells
TTCTAGTTCTTCCACG-1,Immune_mixed,Immune_mixed
TTCTCTCAGCATTGAA-1,Erythroid,Erythroid
TTCTCTCAGCCAGAGT-1,Immune_mixed,Immune_mixed
TTCTCTCAGCGGCTCT-1,"B_cells,1",B_cells
TTCTCTCGTAAGCTCT-1,Erythroid,Erythroid
TTCTCTCGTAGACTGG-1,Immune_mixed,Immune_mixed
TTCTCTCGTCCACTTC-1,Immune_mixed,Immune_mixed
TTCTCTCGTCTCACGG-1,Immune_mixed,Immune_mixed
TTCTCTCTCGCGCCAA-1,Immune_mixed,Immune_mixed
TTCTGTAAGAAATTCG-1,Myeloid,Myeloid
TTCTGTAAGCGTGCCT-1,Myeloid,Myeloid
TTCTGTAAGGTTCAGG-1,Myeloid,Myeloid
TTCTGTACAAGTAGTA-1,"B_cells,0",B_cells
TTCTGTACAGACTGCC-1,Immune_mixed,Immune_mixed
TTCTGTAGTAAGAACT-1,"B_cells,0",B_cells
TTCTGTAGTCGTGTTA-1,Immune_mixed,Immune_mixed
TTCTGTAGTCTCAGAT-1,Immune_mixed,Immune_mixed
TTCTGTAGTCTCGACG-1,Erythroid,Erythroid
TTCTGTATCCAAACCA-1,Immune_mixed,Immune_mixed
TTCTTCCAGCGATGGT-1,Immune_mixed,Immune_mixed
TTCTTCCAGTTGGACG-1,Immune_mixed,Immune_mixed
TTCTTCCCAACCTATG-1,Immune_mixed,Immune_mixed
TTCTTCCCACCGTGGT-1,Immune_mixed,Immune_mixed
TTCTTCCGTACCGGCT-1,Immune_mixed,Immune_mixed
TTCTTCCGTAGGAGTC-1,Erythroid,Erythroid
TTCTTCCGTGTTATCG-1,Erythroid,Erythroid
TTCTTCCGTTGCTAGT-1,Erythroid,Erythroid
TTCTTCCTCCAGCTCT-1,Immune_mixed,Immune_mixed
TTCTTCCTCCTCTCGA-1,Myeloid,Myeloid
TTCTTCCTCGCTGTCT-1,Immune_mixed,Immune_mixed
TTCTTGACAACCGACC-1,Immune_mixed,Immune_mixed
TTCTTGACAATTCTTC-1,"B_cells,0",B_cells
TTCTTGACACATAACC-1,Immune_mixed,Immune_mixed
TTCTTGACATGACGTT-1,Erythroid,Erythroid
TTCTTGAGTACTAAGA-1,Immune_mixed,Immune_mixed
TTCTTGAGTCTCAAGT-1,Immune_mixed,Immune_mixed
TTCTTGAGTGTTCAGT-1,"B_cells,0",B_cells
TTCTTGAGTTTCACTT-1,Immune_mixed,Immune_mixed
TTCTTGATCACCTCAC-1,Immune_mixed,Immune_mixed
TTCTTGATCCAGCAAT-1,Immune_mixed,Immune_mixed
TTGAACGAGAACAGGA-1,Immune_mixed,Immune_mixed
TTGAACGAGCGAATGC-1,Immune_mixed,Immune_mixed
TTGAACGCACATAACC-1,Immune_mixed,Immune_mixed
TTGAACGGTAGGACCA-1,"B_cells,1",B_cells
TTGAACGGTTGTATGC-1,Myeloid,Myeloid
TTGAACGTCACAACCA-1,Myeloid,Myeloid
TTGACCCAGCCGATAG-1,Immune_mixed,Immune_mixed
TTGACCCAGGTTAAAC-1,Immune_mixed,Immune_mixed
TTGACCCCAAGATGGC-1,Immune_mixed,Immune_mixed
TTGACCCCAGCACCCA-1,Immune_mixed,Immune_mixed
TTGACCCCATCGTTCC-1,Immune_mixed,Immune_mixed
TTGACCCGTGAGATCG-1,Immune_mixed,Immune_mixed
TTGACCCTCATGCTAG-1,"B_cells,0",B_cells
TTGACCCTCCGACGGT-1,Immune_mixed,Immune_mixed
TTGACCCTCGGTGCAC-1,Myeloid,Myeloid
TTGAGTGAGAAACCAT-1,Immune_mixed,Immune_mixed
TTGAGTGAGTCCGCCA-1,Immune_mixed,Immune_mixed
TTGAGTGCAACGAGGT-1,"B_cells,1",B_cells
TTGAGTGCACGGTGAA-1,"B_cells,0",B_cells
TTGAGTGCATAGAAAC-1,"B_cells,0",B_cells
TTGAGTGGTCAGTCCG-1,Immune_mixed,Immune_mixed
TTGAGTGGTGAATTGA-1,Erythroid,Erythroid
TTGAGTGTCCATCCGT-1,Immune_mixed,Immune_mixed
TTGAGTGTCTCTTGCG-1,Myeloid,Myeloid
TTGATGGAGGCACAAC-1,Erythroid,Erythroid
TTGATGGCACACGGAA-1,Immune_mixed,Immune_mixed
TTGATGGCACCCTATC-1,Immune_mixed,Immune_mixed
TTGATGGCATATCTGG-1,Immune_mixed,Immune_mixed
TTGATGGCATGTGCTA-1,Erythroid,Erythroid
TTGATGGGTAATCAGA-1,Immune_mixed,Immune_mixed
TTGATGGGTGGCTTGC-1,Erythroid,Erythroid
TTGATGGGTGTGCTTA-1,Erythroid,Erythroid
TTGATGGTCAACTGAC-1,Myeloid,Myeloid
TTGATGGTCACAACCA-1,"B_cells,0",B_cells
TTGATGGTCCGAAATC-1,Myeloid,Myeloid
TTGATGGTCGGCTGTG-1,Immune_mixed,Immune_mixed
TTGATGGTCTGACGCG-1,"B_cells,1",B_cells
TTGCATTAGACTGTTC-1,Immune_mixed,Immune_mixed
TTGCATTAGCCGTCGT-1,Immune_mixed,Immune_mixed
TTGCATTCAGGTAGTG-1,Immune_mixed,Immune_mixed
TTGCATTGTAATCAGA-1,Immune_mixed,Immune_mixed
TTGCATTGTATAATGG-1,Immune_mixed,Immune_mixed
TTGCATTGTCGCGTTG-1,Immune_mixed,Immune_mixed
TTGCATTGTTAGAGAT-1,Myeloid,Myeloid
TTGCATTTCAGGTGTT-1,Immune_mixed,Immune_mixed
TTGCATTTCCACGTGG-1,Immune_mixed,Immune_mixed
TTGCCTGAGACCCGCT-1,"B_cells,0",B_cells
TTGCCTGAGCACCGAA-1,"B_cells,0",B_cells
TTGCCTGAGCATCAAA-1,Immune_mixed,Immune_mixed
TTGCCTGAGTATTAGG-1,Erythroid,Erythroid
TTGCCTGCAACCCTAA-1,Erythroid,Erythroid
TTGCCTGCAATGTCTG-1,Myeloid,Myeloid
TTGCCTGCATAACCCA-1,Immune_mixed,Immune_mixed
TTGCCTGGTAGATTAG-1,Erythroid,Erythroid
TTGCCTGGTCACAGAG-1,Immune_mixed,Immune_mixed
TTGCCTGGTCGGCCTA-1,Erythroid,Erythroid
TTGCCTGGTCGGTGAA-1,Immune_mixed,Immune_mixed
TTGCCTGGTGAGCTCC-1,Immune_mixed,Immune_mixed
TTGCCTGTCATGACAC-1,Immune_mixed,Immune_mixed
TTGCGTCAGACTCATC-1,Erythroid,Erythroid
TTGCGTCAGATTGACA-1,Immune_mixed,Immune_mixed
TTGCGTCAGGCGTTGA-1,Myeloid,Myeloid
TTGCGTCAGTGATAAC-1,Erythroid,Erythroid
TTGCGTCCAATAGGGC-1,Immune_mixed,Immune_mixed
TTGCGTCCACGTGAGA-1,Immune_mixed,Immune_mixed
TTGCGTCCAGGCGAAT-1,Immune_mixed,Immune_mixed
TTGCGTCGTGCCGGTT-1,Myeloid,Myeloid
TTGCGTCGTGCTCTTC-1,Myeloid,Myeloid
TTGCGTCGTTAGGAGC-1,Erythroid,Erythroid
TTGCGTCTCAAGTCTG-1,Immune_mixed,Immune_mixed
TTGCGTCTCCCAGGAC-1,Immune_mixed,Immune_mixed
TTGCTGCAGACAAGCC-1,Erythroid,Erythroid
TTGCTGCCAGACCAGA-1,Immune_mixed,Immune_mixed
TTGCTGCGTACGCTTA-1,Erythroid,Erythroid
TTGCTGCGTAGCGCTC-1,Erythroid,Erythroid
TTGCTGCGTGATAGTA-1,Immune_mixed,Immune_mixed
TTGCTGCTCCATAGAC-1,Immune_mixed,Immune_mixed
TTGCTGCTCCCTGTTG-1,Immune_mixed,Immune_mixed
TTGCTGCTCCGCAGTG-1,Immune_mixed,Immune_mixed
TTGCTGCTCGTGGGAA-1,Erythroid,Erythroid
TTGGATGAGCCTGTGC-1,Myeloid,Myeloid
TTGGATGAGCGCCTTG-1,Erythroid,Erythroid
TTGGATGAGTACAACA-1,Erythroid,Erythroid
TTGGATGAGTGCGCTC-1,Immune_mixed,Immune_mixed
TTGGATGCAATCAGCT-1,Myeloid,Myeloid
TTGGATGCAGTGGTGA-1,Erythroid,Erythroid
TTGGATGGTAGATTAG-1,Myeloid,Myeloid
TTGGATGGTAGCTGAG-1,Immune_mixed,Immune_mixed
TTGGATGGTCGCTTGG-1,Immune_mixed,Immune_mixed
TTGGATGGTGGAATGC-1,Immune_mixed,Immune_mixed
TTGGATGGTTGCCGAC-1,Erythroid,Erythroid
TTGGATGTCATTTCCA-1,Immune_mixed,Immune_mixed
TTGGATGTCCACAAGT-1,Immune_mixed,Immune_mixed
TTGGATGTCTAGTTCT-1,Erythroid,Erythroid
TTGGGATAGAACTTCC-1,Immune_mixed,Immune_mixed
TTGGGATAGGTCCCGT-1,Myeloid,Myeloid
TTGGGATAGTGCTCAT-1,Immune_mixed,Immune_mixed
TTGGGATCACTGTGTA-1,Erythroid,Erythroid
TTGGGATCAGACAAGC-1,Erythroid,Erythroid
TTGGGATCATCATGAC-1,Immune_mixed,Immune_mixed
TTGGGATTCCAACTAG-1,"B_cells,0",B_cells
TTGGGATTCGGTGTTA-1,Immune_mixed,Immune_mixed
TTGGGATTCGTACACA-1,Immune_mixed,Immune_mixed
TTGGGATTCTATGCCC-1,Immune_mixed,Immune_mixed
TTGGGCGAGAGCAGCT-1,Immune_mixed,Immune_mixed
TTGGGCGAGGCCTAGA-1,Immune_mixed,Immune_mixed
TTGGGCGAGTTCTCTT-1,"B_cells,0",B_cells
TTGGGCGCAAAGTGTA-1,Erythroid,Erythroid
TTGGGCGCAATAGTAG-1,Immune_mixed,Immune_mixed
TTGGGCGCACAATGAA-1,"B_cells,0",B_cells
TTGGGCGCAGGTCAGA-1,Erythroid,Erythroid
TTGGGCGGTACTCCGG-1,Immune_mixed,Immune_mixed
TTGGGCGGTATCAAGA-1,Immune_mixed,Immune_mixed
TTGGGCGTCACATCAG-1,Erythroid,Erythroid
TTGGGCGTCCTATTGT-1,Immune_mixed,Immune_mixed
TTGGGCGTCGGCATTA-1,Erythroid,Erythroid
TTGGGTAAGAACCGCA-1,Immune_mixed,Immune_mixed
TTGGGTAAGAGAATCT-1,"B_cells,0",B_cells
TTGGGTAAGCATCAGG-1,"B_cells,0",B_cells
TTGGGTAAGTATGACA-1,Myeloid,Myeloid
TTGGGTACAAGAGGTC-1,Immune_mixed,Immune_mixed
TTGGGTACATAGAAAC-1,"B_cells,0",B_cells
TTGGGTACATGTACGT-1,Myeloid,Myeloid
TTGGGTAGTAACATCC-1,Immune_mixed,Immune_mixed
TTGGGTAGTACTGCCG-1,Immune_mixed,Immune_mixed
TTGGGTAGTGCATGAG-1,Immune_mixed,Immune_mixed
TTGGGTAGTGCCGAAA-1,"B_cells,0",B_cells
TTGGTTTAGATGCAGC-1,Myeloid,Myeloid
TTGGTTTCACGACGAA-1,"B_cells,0",B_cells
TTGGTTTCAGTCACGC-1,Immune_mixed,Immune_mixed
TTGGTTTCATTGGATC-1,Erythroid,Erythroid
TTGGTTTGTCTCTCCA-1,Myeloid,Myeloid
TTGGTTTGTTCAGCTA-1,Immune_mixed,Immune_mixed
TTGGTTTGTTCGGCGT-1,Myeloid,Myeloid
TTGGTTTGTTTGGCTA-1,Immune_mixed,Immune_mixed
TTGGTTTTCCACAGCG-1,Erythroid,Erythroid
TTGTGGACAAGTTGGG-1,Immune_mixed,Immune_mixed
TTGTGGACAGGAGACT-1,Myeloid,Myeloid
TTGTGGAGTGACAACG-1,Erythroid,Erythroid
TTGTGGAGTGACATCT-1,Erythroid,Erythroid
TTGTGGAGTGTTCATG-1,"B_cells,0",B_cells
TTGTGGAGTTCAGCGC-1,Immune_mixed,Immune_mixed
TTGTGGAGTTGCGGCT-1,Immune_mixed,Immune_mixed
TTGTGGAGTTTACTTC-1,Immune_mixed,Immune_mixed
TTGTGGATCTGGGAGA-1,"B_cells,0",B_cells
TTGTGTTAGCTCTTCC-1,Erythroid,Erythroid
TTGTGTTAGGAGGTTC-1,Immune_mixed,Immune_mixed
TTGTGTTCACAATGAA-1,Immune_mixed,Immune_mixed
TTGTGTTCAGCGACCT-1,Immune_mixed,Immune_mixed
TTGTGTTGTAAGAACT-1,"B_cells,0",B_cells
TTGTGTTTCCGCGAGT-1,Immune_mixed,Immune_mixed
TTGTTCAAGATGACAT-1,"B_cells,0",B_cells
TTGTTCAGTCTCTCCA-1,Immune_mixed,Immune_mixed
TTGTTCAGTGAATGAT-1,Immune_mixed,Immune_mixed
TTGTTCAGTTTCTTAC-1,Immune_mixed,Immune_mixed
TTGTTGTAGGCTTTCA-1,Erythroid,Erythroid
TTGTTGTAGTTGCTGT-1,Immune_mixed,Immune_mixed
TTGTTGTCAAAGCAAT-1,Immune_mixed,Immune_mixed
TTGTTGTCACCCGTAG-1,"B_cells,0",B_cells
TTGTTGTGTACGAGTG-1,"B_cells,0",B_cells
TTGTTGTGTCCAGTTA-1,Immune_mixed,Immune_mixed
TTGTTGTTCGATTGAC-1,Immune_mixed,Immune_mixed
TTGTTTGAGCTTACGT-1,Immune_mixed,Immune_mixed
TTGTTTGAGCTTGTGT-1,Immune_mixed,Immune_mixed
TTGTTTGCAGCTTCCT-1,Immune_mixed,Immune_mixed
TTGTTTGGTAACATAG-1,Erythroid,Erythroid
TTGTTTGGTACGATCT-1,Myeloid,Myeloid
TTGTTTGGTAGTCGTT-1,"B_cells,0",B_cells
TTTACCAAGAAGGTAG-1,Erythroid,Erythroid
TTTACCAAGCGTCAGA-1,Myeloid,Myeloid
TTTACCAAGCTGTTCA-1,Erythroid,Erythroid
TTTACCAAGTTTGCTG-1,Erythroid,Erythroid
TTTACCACAGGCCCTA-1,Immune_mixed,Immune_mixed
TTTACCATCAAGCCGC-1,Myeloid,Myeloid
TTTACCATCGCGGTAC-1,Immune_mixed,Immune_mixed
TTTACGTAGATGACAT-1,Immune_mixed,Immune_mixed
TTTACGTAGCGGCTCT-1,Immune_mixed,Immune_mixed
TTTACGTCAATTTCTC-1,Immune_mixed,Immune_mixed
TTTACGTCATTAAAGG-1,Immune_mixed,Immune_mixed
TTTACGTGTCAACACT-1,"B_cells,0",B_cells
TTTACGTTCATGAAAG-1,Erythroid,Erythroid
TTTACGTTCCGTAATG-1,Immune_mixed,Immune_mixed
TTTACGTTCCGTTGGG-1,Myeloid,Myeloid
TTTACTGAGATAGGGA-1,Immune_mixed,Immune_mixed
TTTACTGAGCACTCTA-1,Immune_mixed,Immune_mixed
TTTACTGAGCATGTTC-1,Immune_mixed,Immune_mixed
TTTACTGCAAGGGTCA-1,Erythroid,Erythroid
TTTACTGCAGAGGCTA-1,Immune_mixed,Immune_mixed
TTTACTGCAGAGTAAT-1,Immune_mixed,Immune_mixed
TTTACTGCATGTCGTA-1,Myeloid,Myeloid
TTTACTGGTTGGTAGG-1,Myeloid,Myeloid
TTTAGTCAGGGACACT-1,Myeloid,Myeloid
TTTAGTCAGTGCGACA-1,"B_cells,0",B_cells
TTTAGTCCAGGCATTT-1,Immune_mixed,Immune_mixed
TTTAGTCCATAACGGG-1,"B_cells,0",B_cells
TTTAGTCGTTGTTTGG-1,"B_cells,0",B_cells
TTTAGTCTCATGCTAG-1,Immune_mixed,Immune_mixed
TTTATGCCACTGCATA-1,Erythroid,Erythroid
TTTATGCCATAGGCGA-1,"B_cells,0",B_cells
TTTATGCCATATCGGT-1,Erythroid,Erythroid
TTTATGCGTACAGTCT-1,Immune_mixed,Immune_mixed
TTTATGCGTACCACGC-1,Erythroid,Erythroid
TTTATGCGTCCGGATC-1,Myeloid,Myeloid
TTTATGCGTGGAACCA-1,Immune_mixed,Immune_mixed
TTTATGCTCCATATGG-1,Immune_mixed,Immune_mixed
TTTATGCTCCGGCTTT-1,Immune_mixed,Immune_mixed
TTTATGCTCCTCACCA-1,Immune_mixed,Immune_mixed
TTTATGCTCTACGGGC-1,Erythroid,Erythroid
TTTCACAAGCCAGTAG-1,Immune_mixed,Immune_mixed
TTTCACAAGTGAGCCA-1,Immune_mixed,Immune_mixed
TTTCACACAGTCGGAA-1,Immune_mixed,Immune_mixed
TTTCACAGTTTGGGTT-1,Immune_mixed,Immune_mixed
TTTCACATCATTCTTG-1,Erythroid,Erythroid
TTTCACATCGGTAAGG-1,Myeloid,Myeloid
TTTCAGTAGATTGCGG-1,Immune_mixed,Immune_mixed
TTTCAGTCATATAGCC-1,"B_cells,0",B_cells
TTTCAGTGTGTTCAGT-1,Immune_mixed,Immune_mixed
TTTCAGTGTTAAAGTG-1,Immune_mixed,Immune_mixed
TTTCAGTGTTCACGAT-1,Immune_mixed,Immune_mixed
TTTCAGTTCGTGTCAA-1,Immune_mixed,Immune_mixed
TTTCAGTTCTAGATCG-1,Erythroid,Erythroid
TTTCAGTTCTGCGGCA-1,"B_cells,1",B_cells
TTTCATGAGAAGGCTC-1,Myeloid,Myeloid
TTTCATGAGGCTGGAT-1,"B_cells,1",B_cells
TTTCATGAGTCTGCAT-1,"B_cells,0",B_cells
TTTCATGCAACGCCCA-1,Immune_mixed,Immune_mixed
TTTCATGCAGTAGAAT-1,Erythroid,Erythroid
TTTCATGCATGGAGAC-1,Myeloid,Myeloid
TTTCATGGTCAAGTTC-1,Immune_mixed,Immune_mixed
TTTCATGGTCATCCCT-1,"B_cells,0",B_cells
TTTCATGGTTCTTAGG-1,Myeloid,Myeloid
TTTCATGTCAAAGGTA-1,Erythroid,Erythroid
TTTCATGTCGAGTGAG-1,Erythroid,Erythroid
TTTCATGTCTGGAGAG-1,Immune_mixed,Immune_mixed
TTTCATGTCTTGAACG-1,Immune_mixed,Immune_mixed
TTTCCTCAGCCTCTCT-1,Immune_mixed,Immune_mixed
TTTCCTCAGGTTCACT-1,"B_cells,0",B_cells
TTTCCTCCAAATACAG-1,Erythroid,Erythroid
TTTCCTCCATGGCCCA-1,Immune_mixed,Immune_mixed
TTTCCTCGTCCACTTC-1,Immune_mixed,Immune_mixed
TTTCCTCGTCCTGGGT-1,Erythroid,Erythroid
TTTCCTCGTTCGGACC-1,Erythroid,Erythroid
TTTCCTCTCATCTGTT-1,Immune_mixed,Immune_mixed
TTTCCTCTCGGTCTGG-1,"B_cells,0",B_cells
TTTCGATAGAATACAC-1,Erythroid,Erythroid
TTTCGATCAATTGTGC-1,"B_cells,1",B_cells
TTTCGATCACCATTCC-1,Immune_mixed,Immune_mixed
TTTCGATCAGGTGGAT-1,Erythroid,Erythroid
TTTCGATCATCGCTCT-1,"B_cells,0",B_cells
TTTCGATGTATAGGAT-1,Myeloid,Myeloid
TTTCGATGTCGCATCG-1,Immune_mixed,Immune_mixed
TTTCGATGTCTTTCAT-1,Erythroid,Erythroid
TTTCGATGTTGGGTAG-1,Erythroid,Erythroid
TTTCGATTCAAACGAA-1,Immune_mixed,Immune_mixed
TTTCGATTCCCTTTGG-1,Immune_mixed,Immune_mixed
TTTCGATTCCTGTACC-1,"B_cells,1",B_cells
TTTCGATTCGATACAC-1,Erythroid,Erythroid
TTTGACTAGGCTGAAC-1,Erythroid,Erythroid
TTTGACTAGGTACATA-1,Myeloid,Myeloid
TTTGACTAGTCATACC-1,Erythroid,Erythroid
TTTGACTAGTCGAAAT-1,Immune_mixed,Immune_mixed
TTTGACTAGTGGTGGT-1,Immune_mixed,Immune_mixed
TTTGACTCACGTAGTT-1,"B_cells,0",B_cells
TTTGACTCACTAACCA-1,Immune_mixed,Immune_mixed
TTTGACTCAGGCTACC-1,"B_cells,0",B_cells
TTTGACTCATTCCTAT-1,Immune_mixed,Immune_mixed
TTTGATCAGCCGTTAT-1,Immune_mixed,Immune_mixed
TTTGATCAGGTCGTCC-1,Immune_mixed,Immune_mixed
TTTGATCCAACGTAAA-1,Immune_mixed,Immune_mixed
TTTGATCCATCTCATT-1,Erythroid,Erythroid
TTTGATCGTAGACAAT-1,Erythroid,Erythroid
TTTGATCGTCGGAACA-1,Immune_mixed,Immune_mixed
TTTGATCGTCTTTCTA-1,"B_cells,0",B_cells
TTTGATCGTGAACGGT-1,Myeloid,Myeloid
TTTGATCGTGCCAAGA-1,Myeloid,Myeloid
TTTGATCGTGTCCCTT-1,Erythroid,Erythroid
TTTGATCGTTCAAGTC-1,Erythroid,Erythroid
TTTGGAGAGCAACCAG-1,Erythroid,Erythroid
TTTGGAGAGGGTACAC-1,Immune_mixed,Immune_mixed
TTTGGAGAGTACCATC-1,Erythroid,Erythroid
TTTGGAGCATGTGGCC-1,Immune_mixed,Immune_mixed
TTTGGAGGTTGTTGAC-1,Immune_mixed,Immune_mixed
TTTGGAGGTTGTTTGG-1,Immune_mixed,Immune_mixed
TTTGGAGTCACTCGAA-1,Immune_mixed,Immune_mixed
TTTGGAGTCCCTCGTA-1,Immune_mixed,Immune_mixed
TTTGGTTAGGATTTGA-1,Immune_mixed,Immune_mixed
TTTGGTTCAACCGATT-1,"B_cells,0",B_cells
TTTGGTTCACAGCTTA-1,Immune_mixed,Immune_mixed
TTTGGTTCAGCCTACG-1,Immune_mixed,Immune_mixed
TTTGGTTCATAGGTTC-1,Immune_mixed,Immune_mixed
TTTGGTTGTTAGTTCG-1,Immune_mixed,Immune_mixed
TTTGGTTTCTCAACCC-1,Erythroid,Erythroid
TTTGTTGAGAATTTGG-1,"B_cells,0",B_cells
TTTGTTGAGCTTACGT-1,Myeloid,Myeloid
TTTGTTGAGGGATCGT-1,Immune_mixed,Immune_mixed
TTTGTTGAGGTTACCT-1,"B_cells,0",B_cells
TTTGTTGAGTAGTCCT-1,Myeloid,Myeloid
TTTGTTGAGTCTAGAA-1,Immune_mixed,Immune_mixed
TTTGTTGCAAATCAGA-1,Immune_mixed,Immune_mixed
TTTGTTGCACGCCACA-1,Erythroid,Erythroid
TTTGTTGCATAGGAGC-1,Immune_mixed,Immune_mixed
TTTGTTGCATTCGATG-1,Immune_mixed,Immune_mixed
TTTGTTGGTCACTCAA-1,Immune_mixed,Immune_mixed
AAACCCAAGAAGTGTT-1,Immune_mixed,Immune_mixed
AAACCCAAGCTGACTT-1,Immune_mixed,Immune_mixed
AAACCCACAAATGGCG-1,Myeloid,Myeloid
AAACCCACATAGAATG-1,Immune_mixed,Immune_mixed
AAACCCAGTCTTCTAT-1,Immune_mixed,Immune_mixed
AAACCCAGTTTAGAGA-1,"B_cells,0",B_cells
AAACCCATCACTGGGC-1,Immune_mixed,Immune_mixed
AAACCCATCGCGTAGC-1,Immune_mixed,Immune_mixed
AAACGAAAGAGGCCAT-1,Erythroid,Erythroid
AAACGAAAGATCCTAC-1,Immune_mixed,Immune_mixed
AAACGAAAGCGATTCT-1,Myeloid,Myeloid
AAACGAAAGTTTGCTG-1,Erythroid,Erythroid
AAACGAAGTAGACGGT-1,Immune_mixed,Immune_mixed
AAACGAAGTGCATGAG-1,Immune_mixed,Immune_mixed
AAACGAAGTTATTCCT-1,Erythroid,Erythroid
AAACGAAGTTTCTATC-1,Immune_mixed,Immune_mixed
AAACGAATCAGCCCAG-1,"B_cells,0",B_cells
AAACGCTAGCCAAGGT-1,Immune_mixed,Immune_mixed
AAACGCTAGGAGGTTC-1,Immune_mixed,Immune_mixed
AAACGCTCAAGATGTA-1,Immune_mixed,Immune_mixed
AAACGCTCACAATGTC-1,Immune_mixed,Immune_mixed
AAACGCTCACCCAAGC-1,Immune_mixed,Immune_mixed
AAACGCTCACCCTAGG-1,Immune_mixed,Immune_mixed
AAACGCTCACCTGCTT-1,Immune_mixed,Immune_mixed
AAACGCTCAGAGGCAT-1,Immune_mixed,Immune_mixed
AAACGCTCATTCAGCA-1,Immune_mixed,Immune_mixed
AAACGCTCATTCGGGC-1,Immune_mixed,Immune_mixed
AAACGCTTCAAAGAAC-1,Erythroid,Erythroid
AAACGCTTCGGTCAGC-1,Immune_mixed,Immune_mixed
AAACGCTTCTTGTTAC-1,Immune_mixed,Immune_mixed
AAAGAACAGGTTCAGG-1,"B_cells,0",B_cells
AAAGAACAGGTTGCCC-1,Immune_mixed,Immune_mixed
AAAGAACCAATTTCCT-1,Immune_mixed,Immune_mixed
AAAGAACCACACACTA-1,Immune_mixed,Immune_mixed
AAAGAACTCCATCCGT-1,"B_cells,0",B_cells
AAAGAACTCGTGTGGC-1,Immune_mixed,Immune_mixed
AAAGAACTCTACTCAT-1,Immune_mixed,Immune_mixed
AAAGAACTCTTAGGAC-1,Immune_mixed,Immune_mixed
AAAGGATAGACCATAA-1,"B_cells,1",B_cells
AAAGGATAGCTGGTGA-1,Erythroid,Erythroid
AAAGGATAGGTAAACT-1,Immune_mixed,Immune_mixed
AAAGGATCACACACTA-1,Immune_mixed,Immune_mixed
AAAGGATCATATCTCT-1,"B_cells,1",B_cells
AAAGGATGTAGACAAT-1,Erythroid,Erythroid
AAAGGATGTATCGATC-1,Erythroid,Erythroid
AAAGGATGTCTGCGCA-1,Myeloid,Myeloid
AAAGGATGTGCCTACG-1,Immune_mixed,Immune_mixed
AAAGGATGTTATGTGC-1,"B_cells,0",B_cells
AAAGGATTCCGGTAGC-1,Immune_mixed,Immune_mixed
AAAGGATTCGAGCCTG-1,Erythroid,Erythroid
AAAGGATTCGTTAGAC-1,Immune_mixed,Immune_mixed
AAAGGATTCTCGACGG-1,"B_cells,0",B_cells
AAAGGGCAGCCTCTCT-1,"B_cells,0",B_cells
AAAGGGCAGGATATGT-1,"B_cells,0",B_cells
AAAGGGCAGTCACGAG-1,Immune_mixed,Immune_mixed
AAAGGGCCAAGACGAC-1,Erythroid,Erythroid
AAAGGGCCAAGGCGTA-1,Immune_mixed,Immune_mixed
AAAGGGCCAGGTTTAC-1,Immune_mixed,Immune_mixed
AAAGGGCCAGTCAGTT-1,Immune_mixed,Immune_mixed
AAAGGGCGTGGCTCTG-1,Immune_mixed,Immune_mixed
AAAGGGCGTTAAAGTG-1,Immune_mixed,Immune_mixed
AAAGGGCTCAAATAGG-1,Erythroid,Erythroid
AAAGGGCTCAAGGCTT-1,Immune_mixed,Immune_mixed
AAAGGGCTCAATCCAG-1,Immune_mixed,Immune_mixed
AAAGGGCTCACGGGAA-1,Erythroid,Erythroid
AAAGGTAAGAGTGAAG-1,Immune_mixed,Immune_mixed
AAAGGTAAGGCCTGCT-1,Immune_mixed,Immune_mixed
AAAGGTAAGTAGAGTT-1,Erythroid,Erythroid
AAAGGTACACAACGTT-1,Erythroid,Erythroid
AAAGGTACATTCCTAT-1,Immune_mixed,Immune_mixed
AAAGGTATCACGAGGA-1,Myeloid,Myeloid
AAAGTCCAGAGAAGGT-1,Immune_mixed,Immune_mixed
AAAGTCCAGATAACAC-1,Immune_mixed,Immune_mixed
AAAGTCCCAATGCAGG-1,Immune_mixed,Immune_mixed
AAAGTCCCAGAGCCCT-1,Immune_mixed,Immune_mixed
AAAGTCCGTCTAGGTT-1,Immune_mixed,Immune_mixed
AAAGTCCTCAGCCTCT-1,Erythroid,Erythroid
AAAGTGAAGGCGTTGA-1,Immune_mixed,Immune_mixed
AAAGTGACAAATGGCG-1,Immune_mixed,Immune_mixed
AAAGTGACAATACCCA-1,Erythroid,Erythroid
AAAGTGACACGTAGAG-1,Immune_mixed,Immune_mixed
AAAGTGACATTATGCG-1,Immune_mixed,Immune_mixed
AAAGTGAGTCTATGAC-1,Erythroid,Erythroid
AAAGTGATCACACCGG-1,Immune_mixed,Immune_mixed
AAAGTGATCGAATCCA-1,Immune_mixed,Immune_mixed
AAAGTGATCTGGCCGA-1,Immune_mixed,Immune_mixed
AAATGGAAGCATGCGA-1,"B_cells,1",B_cells
AAATGGAAGGCACCAA-1,Immune_mixed,Immune_mixed
AAATGGACAACAACAA-1,"B_cells,0",B_cells
AAATGGACAATCTAGC-1,Immune_mixed,Immune_mixed
AAATGGACACTCCTTG-1,Immune_mixed,Immune_mixed
AAATGGAGTCACCGCA-1,"B_cells,0",B_cells
AAATGGAGTCCAAAGG-1,Immune_mixed,Immune_mixed
AAATGGATCACTGCTC-1,Immune_mixed,Immune_mixed
AAATGGATCCAGTGCG-1,Immune_mixed,Immune_mixed
AAATGGATCCGATAGT-1,"B_cells,1",B_cells
AAATGGATCCGTAATG-1,Immune_mixed,Immune_mixed
AAATGGATCGGCTGTG-1,Myeloid,Myeloid
AACAAAGCAAGGCAAC-1,Immune_mixed,Immune_mixed
AACAAAGCACAAGCAG-1,Erythroid,Erythroid
AACAAAGCAGATACTC-1,Myeloid,Myeloid
AACAAAGCAGATTTCG-1,Immune_mixed,Immune_mixed
AACAAAGCAGTTGAAA-1,Erythroid,Erythroid
AACAAAGGTTGGTACT-1,Immune_mixed,Immune_mixed
AACAACCAGCTAGAAT-1,Myeloid,Myeloid
AACAACCAGTGCACAG-1,Immune_mixed,Immune_mixed
AACAACCAGTGTTCCA-1,Erythroid,Erythroid
AACAACCCAATCCTAG-1,Immune_mixed,Immune_mixed
AACAACCCACAGTCGC-1,Myeloid,Myeloid
AACAACCCAGTGCGCT-1,Immune_mixed,Immune_mixed
AACAACCCATTCTTCA-1,"B_cells,0",B_cells
AACAACCGTAACAGTA-1,Immune_mixed,Immune_mixed
AACAACCGTACATACC-1,Immune_mixed,Immune_mixed
AACAACCGTCCAGTTA-1,Immune_mixed,Immune_mixed
AACAACCTCAGCCTTC-1,Erythroid,Erythroid
AACAACCTCATCTATC-1,Immune_mixed,Immune_mixed
AACAACCTCCCTGGTT-1,Immune_mixed,Immune_mixed
AACAAGAAGAACTTCC-1,Immune_mixed,Immune_mixed
AACAAGAAGTAATCCC-1,Immune_mixed,Immune_mixed
AACAAGACATGCCGGT-1,Immune_mixed,Immune_mixed
AACAAGAGTCCATAGT-1,Immune_mixed,Immune_mixed
AACAAGAGTTAGAAAC-1,Immune_mixed,Immune_mixed
AACACACAGGTAAGTT-1,Immune_mixed,Immune_mixed
AACACACCAAAGCGTG-1,Immune_mixed,Immune_mixed
AACACACCAAAGCTAA-1,Immune_mixed,Immune_mixed
AACACACCACAAGTGG-1,"B_cells,0",B_cells
AACACACCACCCTAAA-1,Immune_mixed,Immune_mixed
AACACACCACTGCTTC-1,Immune_mixed,Immune_mixed
AACACACGTCACTCTC-1,Immune_mixed,Immune_mixed
AACACACGTTGCACGC-1,Immune_mixed,Immune_mixed
AACACACGTTGCATAC-1,Immune_mixed,Immune_mixed
AACACACTCTGCTCTG-1,Myeloid,Myeloid
AACAGGGAGCACACCC-1,Immune_mixed,Immune_mixed
AACAGGGAGGCCTAGA-1,Immune_mixed,Immune_mixed
AACAGGGCAACCGACC-1,"B_cells,0",B_cells
AACAGGGCAGTATGAA-1,"B_cells,0",B_cells
AACAGGGGTAACATAG-1,Myeloid,Myeloid
AACAGGGGTATTCTCT-1,Immune_mixed,Immune_mixed
AACCAACAGGGCCTCT-1,Immune_mixed,Immune_mixed
AACCAACCATAGATGA-1,"B_cells,1",B_cells
AACCAACCATTGTACG-1,Erythroid,Erythroid
AACCAACGTATCGCTA-1,Immune_mixed,Immune_mixed
AACCAACTCAAGCGTT-1,Immune_mixed,Immune_mixed
AACCAACTCAGCGGAA-1,Myeloid,Myeloid
AACCAACTCATCTACT-1,Erythroid,Erythroid
AACCAACTCCAACTGA-1,Erythroid,Erythroid
AACCAACTCGACGTCG-1,Myeloid,Myeloid
AACCAACTCGCAGTTA-1,Erythroid,Erythroid
AACCACAAGCTACTGT-1,Immune_mixed,Immune_mixed
AACCACACACTCACTC-1,Immune_mixed,Immune_mixed
AACCACAGTTCTCTAT-1,Immune_mixed,Immune_mixed
AACCACAGTTGCAACT-1,Immune_mixed,Immune_mixed
AACCACATCGTCCTTG-1,Immune_mixed,Immune_mixed
AACCATGAGAGGATCC-1,Myeloid,Myeloid
AACCATGAGGCAGTCA-1,Immune_mixed,Immune_mixed
AACCATGAGTTGGGAC-1,Immune_mixed,Immune_mixed
AACCATGCACTGATTG-1,"B_cells,0",B_cells
AACCATGCATGGGAAC-1,Immune_mixed,Immune_mixed
AACCATGGTATCGTGT-1,Immune_mixed,Immune_mixed
AACCATGGTGTATTCG-1,"B_cells,0",B_cells
AACCATGTCACTTGGA-1,Immune_mixed,Immune_mixed
AACCATGTCATAGAGA-1,Immune_mixed,Immune_mixed
AACCATGTCTTACGGA-1,Immune_mixed,Immune_mixed
AACCCAAAGATCCGAG-1,Erythroid,Erythroid
AACCCAAAGCTGTACT-1,Immune_mixed,Immune_mixed
AACCCAAAGGAGCAAA-1,Erythroid,Erythroid
AACCCAAAGGCACTAG-1,Immune_mixed,Immune_mixed
AACCCAAAGGTTTACC-1,Immune_mixed,Immune_mixed
AACCCAAAGTACCCTA-1,Immune_mixed,Immune_mixed
AACCCAACACCCTGAG-1,Immune_mixed,Immune_mixed
AACCCAACATGTTACG-1,Immune_mixed,Immune_mixed
AACCCAAGTGGGTATG-1,Immune_mixed,Immune_mixed
AACCCAATCTCAACCC-1,Immune_mixed,Immune_mixed
AACCTGAAGATTAGCA-1,Erythroid,Erythroid
AACCTGAAGGGCAGGA-1,Erythroid,Erythroid
AACCTGACACAACGCC-1,"B_cells,0",B_cells
AACCTGAGTAAGACCG-1,Immune_mixed,Immune_mixed
AACCTGAGTATTAAGG-1,Immune_mixed,Immune_mixed
AACCTGATCACACCGG-1,Immune_mixed,Immune_mixed
AACCTTTAGCACTCTA-1,Erythroid,Erythroid
AACCTTTAGCGATCGA-1,Immune_mixed,Immune_mixed
AACCTTTAGGTCTTTG-1,Erythroid,Erythroid
AACCTTTCACAGACGA-1,Immune_mixed,Immune_mixed
AACCTTTCAGACCAAG-1,Immune_mixed,Immune_mixed
AACCTTTCATGAGGGT-1,Immune_mixed,Immune_mixed
AACCTTTGTACAATAG-1,"B_cells,0",B_cells
AACCTTTGTATTAAGG-1,Immune_mixed,Immune_mixed
AACCTTTGTCGCCTAG-1,Erythroid,Erythroid
AACCTTTTCACTACTT-1,Immune_mixed,Immune_mixed
AACCTTTTCATCAGTG-1,Erythroid,Erythroid
AACCTTTTCGATTGAC-1,Erythroid,Erythroid
AACCTTTTCGTGTGAT-1,Immune_mixed,Immune_mixed
AACGAAAAGACGCCCT-1,Erythroid,Erythroid
AACGAAAAGCCATTGT-1,Immune_mixed,Immune_mixed
AACGAAAAGCTGAGTG-1,Immune_mixed,Immune_mixed
AACGAAAAGCTGCGAA-1,Immune_mixed,Immune_mixed
AACGAAACAGAGTAAT-1,Erythroid,Erythroid
AACGGGAAGCCTCTCT-1,Erythroid,Erythroid
AACGGGAAGCTATCTG-1,Immune_mixed,Immune_mixed
AACGGGAAGTTGGCTT-1,"B_cells,0",B_cells
AACGGGACATCGATAC-1,Immune_mixed,Immune_mixed
AACGGGATCACTTCTA-1,Immune_mixed,Immune_mixed
AACGGGATCGCGATCG-1,Immune_mixed,Immune_mixed
AACGGGATCTTGCAGA-1,Myeloid,Myeloid
AACGTCAAGCAACTCT-1,"B_cells,1",B_cells
AACGTCACAATCGCAT-1,Immune_mixed,Immune_mixed
AACGTCACATCCTAAG-1,Immune_mixed,Immune_mixed
AACGTCAGTAATACCC-1,Myeloid,Myeloid
AACGTCAGTAGGGTAC-1,Immune_mixed,Immune_mixed
AACGTCAGTATGACAA-1,Erythroid,Erythroid
AACGTCAGTGTTCGAT-1,Immune_mixed,Immune_mixed
AACGTCAGTTGACTAC-1,Immune_mixed,Immune_mixed
AACGTCATCAGCAGAG-1,"B_cells,0",B_cells
AACGTCATCCCTCAAC-1,Immune_mixed,Immune_mixed
AACGTCATCCGATGTA-1,Immune_mixed,Immune_mixed
AACTTCTAGGTCGAGT-1,Immune_mixed,Immune_mixed
AACTTCTAGTAGGGTC-1,Immune_mixed,Immune_mixed
AACTTCTCACAAGTTC-1,Erythroid,Erythroid
AACTTCTTCGGTTGTA-1,Immune_mixed,Immune_mixed
AACTTCTTCTACTCAT-1,Immune_mixed,Immune_mixed
AACTTCTTCTTCGCTG-1,Erythroid,Erythroid
AAGAACAAGGAGCAAA-1,Immune_mixed,Immune_mixed
AAGAACACAGAGTTCT-1,Immune_mixed,Immune_mixed
AAGAACACATGATGCT-1,Immune_mixed,Immune_mixed
AAGAACAGTCTGCCTT-1,Immune_mixed,Immune_mixed
AAGAACATCCGCTGTT-1,Erythroid,Erythroid
AAGAACATCTCACGAA-1,Immune_mixed,Immune_mixed
AAGACAAAGCCTGCCA-1,"B_cells,0",B_cells
AAGACAAAGGAGACCT-1,Erythroid,Erythroid
AAGACAAAGTGGAAAG-1,Immune_mixed,Immune_mixed
AAGACAACAAACCACT-1,"B_cells,1",B_cells
AAGACAACAAACTCTG-1,Erythroid,Erythroid
AAGACAACACGGATCC-1-1,Immune_mixed,Immune_mixed
AAGACAAGTGGTCTGC-1,Immune_mixed,Immune_mixed
AAGACAAGTGTTGACT-1,Immune_mixed,Immune_mixed
AAGACTCAGTCACTGT-1,"B_cells,0",B_cells
AAGACTCAGTTCGGTT-1,"B_cells,0",B_cells
AAGACTCCACAATCTG-1,Immune_mixed,Immune_mixed
AAGACTCCATATTCGG-1,Immune_mixed,Immune_mixed
AAGACTCGTGAGTAAT-1,Immune_mixed,Immune_mixed
AAGACTCTCCGCAGTG-1,Immune_mixed,Immune_mixed
AAGACTCTCTCCGATC-1,Immune_mixed,Immune_mixed
AAGATAGAGACATAAC-1,Immune_mixed,Immune_mixed
AAGATAGCAAGACCGA-1,Erythroid,Erythroid
AAGATAGCACGGTGTC-1,Immune_mixed,Immune_mixed
AAGATAGCATGCCGGT-1,Erythroid,Erythroid
AAGATAGGTCAAAGCG-1,Immune_mixed,Immune_mixed
AAGATAGGTTCTATCT-1,Immune_mixed,Immune_mixed
AAGATAGTCATAAGGA-1,Erythroid,Erythroid
AAGATAGTCATTCCTA-1,Immune_mixed,Immune_mixed
AAGCATCAGGAAGTGA-1,Erythroid,Erythroid
AAGCATCAGGTAAGGA-1,Erythroid,Erythroid
AAGCATCCACATTACG-1,Erythroid,Erythroid
AAGCATCCATTAAAGG-1,"B_cells,1",B_cells
AAGCATCGTAGCTGTT-1,Immune_mixed,Immune_mixed
AAGCATCTCACTAGCA-1,Immune_mixed,Immune_mixed
AAGCCATAGAAAGCGA-1,"B_cells,0",B_cells
AAGCCATAGACAAGCC-1,Immune_mixed,Immune_mixed
AAGCCATAGGCTAAAT-1,Erythroid,Erythroid
AAGCCATAGTAACGAT-1,Immune_mixed,Immune_mixed
AAGCCATCATGACCCG-1,Erythroid,Erythroid
AAGCCATGTGCTGTCG-1,Erythroid,Erythroid
AAGCCATTCGTCGATA-1,Erythroid,Erythroid
AAGCCATTCGTGGCGT-1,Immune_mixed,Immune_mixed
AAGCCATTCTCACCCA-1,Immune_mixed,Immune_mixed
AAGCCATTCTGGTCAA-1,Immune_mixed,Immune_mixed
AAGCGAGCAAGTTTGC-1,Erythroid,Erythroid
AAGCGAGCACACGGAA-1,Erythroid,Erythroid
AAGCGAGCAGCTTCGG-1,Immune_mixed,Immune_mixed
AAGCGAGGTGACTGAG-1,"B_cells,1",B_cells
AAGCGAGGTTCCTACC-1,Immune_mixed,Immune_mixed
AAGCGAGTCGCGATCG-1,Immune_mixed,Immune_mixed
AAGCGAGTCGGAGTGA-1,Immune_mixed,Immune_mixed
AAGCGTTCAATCGCCG-1,Erythroid,Erythroid
AAGCGTTCACTACAGT-1,Immune_mixed,Immune_mixed
AAGCGTTCAGAGATTA-1,Erythroid,Erythroid
AAGCGTTGTACAGTTC-1,Immune_mixed,Immune_mixed
AAGCGTTGTACTGCGC-1,Immune_mixed,Immune_mixed
AAGCGTTGTGAGTCAG-1,Immune_mixed,Immune_mixed
AAGCGTTGTGCGTTTA-1,"B_cells,0",B_cells
AAGCGTTGTTACCCTC-1,Immune_mixed,Immune_mixed
AAGCGTTGTTAGGACG-1,Immune_mixed,Immune_mixed
AAGCGTTGTTATCTTC-1,Immune_mixed,Immune_mixed
AAGCGTTGTTCTCCAC-1,Erythroid,Erythroid
AAGCGTTTCGCCCAGA-1,Immune_mixed,Immune_mixed
AAGCGTTTCGCTCTAC-1,Immune_mixed,Immune_mixed
AAGCGTTTCTCATTTG-1,Immune_mixed,Immune_mixed
AAGCGTTTCTGACAGT-1,Immune_mixed,Immune_mixed
AAGGAATAGACTAGAT-1,Erythroid,Erythroid
AAGGAATAGTGTCATC-1,Immune_mixed,Immune_mixed
AAGGAATCAGGCTATT-1,Immune_mixed,Immune_mixed
AAGGAATTCACACCGG-1,"B_cells,0",B_cells
AAGGTAAAGCATCTTG-1,Immune_mixed,Immune_mixed
AAGGTAAAGGCTCCCA-1,"B_cells,0",B_cells
AAGGTAACAAGTTTGC-1,Immune_mixed,Immune_mixed
AAGGTAACACATAGCT-1,Immune_mixed,Immune_mixed
AAGGTAATCGGCATCG-1,Immune_mixed,Immune_mixed
AAGGTAATCTTGCAGA-1,"B_cells,0",B_cells
AAGTACCAGCCTATTG-1,Immune_mixed,Immune_mixed
AAGTACCAGCCTGCCA-1,Immune_mixed,Immune_mixed
AAGTACCAGGACTTCT-1,Immune_mixed,Immune_mixed
AAGTACCAGGCCTTGC-1,"B_cells,1",B_cells
AAGTACCAGGTAAGTT-1,Immune_mixed,Immune_mixed
AAGTACCAGTACAGAT-1,Immune_mixed,Immune_mixed
AAGTACCAGTCGGCCT-1,"B_cells,1",B_cells
AAGTACCAGTTCCATG-1,Myeloid,Myeloid
AAGTACCCACAGCTTA-1,Myeloid,Myeloid
AAGTACCCAGGTGTTT-1,"B_cells,0",B_cells
AAGTACCGTTGCTTGA-1,Immune_mixed,Immune_mixed
AAGTACCTCAACCCGG-1,Erythroid,Erythroid
AAGTACCTCACTCACC-1,Immune_mixed,Immune_mixed
AAGTACCTCGTAACAC-1,"B_cells,0",B_cells
AAGTACCTCTCGCTTG-1,Immune_mixed,Immune_mixed
AAGTACCTCTTTCGAT-1,Erythroid,Erythroid
AAGTCGTAGTAATTGG-1,Immune_mixed,Immune_mixed
AAGTCGTAGTCAATCC-1,Immune_mixed,Immune_mixed
AAGTCGTCACTATCGA-1,Immune_mixed,Immune_mixed
AAGTCGTCAGCAGATG-1,Immune_mixed,Immune_mixed
AAGTCGTCATAGAATG-1,Erythroid,Erythroid
AAGTCGTGTGGAAGTC-1,"B_cells,0",B_cells
AAGTCGTTCCAGTGCG-1,Immune_mixed,Immune_mixed
AAGTCGTTCCCTCTCC-1,Erythroid,Erythroid
AAGTCGTTCCGGTTCT-1,"B_cells,1",B_cells
AAGTCGTTCCTGTACC-1,Immune_mixed,Immune_mixed
AAGTCGTTCTGGGCCA-1,"B_cells,1",B_cells
AAGTGAACAACCACGC-1,Immune_mixed,Immune_mixed
AAGTGAACAACTCGTA-1,Erythroid,Erythroid
AAGTGAACAGAGTGTG-1,Immune_mixed,Immune_mixed
AAGTGAACATGGAACG-1,Immune_mixed,Immune_mixed
AAGTGAAGTCGCACGT-1,Immune_mixed,Immune_mixed
AAGTGAAGTCTAATCG-1,Immune_mixed,Immune_mixed
AAGTGAAGTCTCGACG-1,Immune_mixed,Immune_mixed
AAGTGAAGTGACCTGC-1,Immune_mixed,Immune_mixed
AAGTGAAGTTGCTCCT-1,Immune_mixed,Immune_mixed
AAGTGAATCAACTGGT-1,Immune_mixed,Immune_mixed
AAGTGAATCACCCTGT-1,Immune_mixed,Immune_mixed
AAGTGAATCCCTGTTG-1,Erythroid,Erythroid
AAGTGAATCCTGTAGA-1,Erythroid,Erythroid
AAGTGAATCTAGCCAA-1,Myeloid,Myeloid
AAGTTCGCACTCTCGT-1,Erythroid,Erythroid
AAGTTCGCAGCTTCGG-1,Immune_mixed,Immune_mixed
AAGTTCGCAGGAATCG-1,Immune_mixed,Immune_mixed
AAGTTCGGTCCGTACG-1,Erythroid,Erythroid
AAGTTCGGTTCCTACC-1,Erythroid,Erythroid
AAGTTCGTCCACTAGA-1,Erythroid,Erythroid
AAGTTCGTCGAAATCC-1,Erythroid,Erythroid
AAGTTCGTCGAGAAGC-1,Immune_mixed,Immune_mixed
AAGTTCGTCGTCACCT-1,Immune_mixed,Immune_mixed
AATAGAGAGAGCCCAA-1,Immune_mixed,Immune_mixed
AATAGAGAGGGATGTC-1,Immune_mixed,Immune_mixed
AATAGAGAGTTTCTTC-1,Erythroid,Erythroid
AATAGAGCACGACTAT-1,"B_cells,1",B_cells
AATAGAGGTGAAGCGT-1,Immune_mixed,Immune_mixed
AATAGAGTCTCTCGCA-1,Erythroid,Erythroid
AATCACGAGGCATCGA-1,Immune_mixed,Immune_mixed
AATCACGGTGAGTTGG-1,Erythroid,Erythroid
AATCACGGTGCACATT-1,Immune_mixed,Immune_mixed
AATCGACAGCATCGAG-1,"B_cells,0",B_cells
AATCGACAGCGACTTT-1,Erythroid,Erythroid
AATCGACAGGCTTAGG-1,Immune_mixed,Immune_mixed
AATCGACGTACTCGTA-1,Immune_mixed,Immune_mixed
AATCGACGTACTTCCC-1,"B_cells,0",B_cells
AATCGACTCACCTGTC-1,Erythroid,Erythroid
AATCGACTCACTGCTC-1,Immune_mixed,Immune_mixed
AATCGTGAGCGGACAT-1,Myeloid,Myeloid
AATCGTGAGGACAAGA-1,Myeloid,Myeloid
AATCGTGAGTGCACAG-1,"B_cells,0",B_cells
AATCGTGAGTTACTCG-1,Immune_mixed,Immune_mixed
AATCGTGCACCAGTTA-1,Immune_mixed,Immune_mixed
AATCGTGCAGAATCGG-1,"B_cells,1",B_cells
AATCGTGGTCGCAACC-1,"B_cells,0",B_cells
AATCGTGTCCCTCATG-1,Immune_mixed,Immune_mixed
AATCGTGTCGTGGGAA-1,Erythroid,Erythroid
AATCGTGTCTACCACC-1,Myeloid,Myeloid
AATCGTGTCTAGTCAG-1,Immune_mixed,Immune_mixed
AATCGTGTCTGTGCAA-1,Immune_mixed,Immune_mixed
AATGAAGAGGCCCACT-1,Myeloid,Myeloid
AATGAAGCAAGTATCC-1,Immune_mixed,Immune_mixed
AATGAAGCACAGTCCG-1,"B_cells,0",B_cells
AATGAAGCAGTTAAAG-1,Immune_mixed,Immune_mixed
AATGAAGCATATGCGT-1,Immune_mixed,Immune_mixed
AATGAAGGTCTTTCAT-1,"B_cells,0",B_cells
AATGAAGGTTCTCGTC-1,Erythroid,Erythroid
AATGAAGTCATCCTGC-1,Immune_mixed,Immune_mixed
AATGAAGTCATTCTTG-1,Immune_mixed,Immune_mixed
AATGAAGTCGTCAAAC-1,Immune_mixed,Immune_mixed
AATGAAGTCTGCTAGA-1,Erythroid,Erythroid
AATGACCAGCTGCCTG-1,Immune_mixed,Immune_mixed
AATGACCGTCGTGCCA-1,Immune_mixed,Immune_mixed
AATGACCGTTCTTGTT-1,Immune_mixed,Immune_mixed
AATGACCGTTGTTGCA-1,Myeloid,Myeloid
AATGACCTCGATCCAA-1,Immune_mixed,Immune_mixed
AATGACCTCTGGGCGT-1,Immune_mixed,Immune_mixed
AATGCCAAGCAGATAT-1,Erythroid,Erythroid
AATGCCAAGGCCCGTT-1,Erythroid,Erythroid
AATGCCAAGGGTGAAA-1,Erythroid,Erythroid
AATGCCACAATGAGCG-1,Immune_mixed,Immune_mixed
AATGCCACATTGAAAG-1,Immune_mixed,Immune_mixed
AATGCCAGTCAGCGTC-1,Erythroid,Erythroid
AATGCCAGTCGGCTAC-1,Immune_mixed,Immune_mixed
AATGCCAGTGTTAGCT-1,Immune_mixed,Immune_mixed
AATGGAAAGAAATGGG-1,Immune_mixed,Immune_mixed
AATGGAAAGGAAAGAC-1,Immune_mixed,Immune_mixed
AATGGAAAGTGGATAT-1,Immune_mixed,Immune_mixed
AATGGAACAACCACAT-1,Erythroid,Erythroid
AATGGAACAAGAAATC-1,"B_cells,0",B_cells
AATGGAACAAGGCCTC-1,Immune_mixed,Immune_mixed
AATGGAACAGTGTGCC-1,Erythroid,Erythroid
AATGGAAGTACGGATG-1,Erythroid,Erythroid
AATGGAATCGCCGAGT-1,Immune_mixed,Immune_mixed
AATGGCTAGAGGTTAT-1,Immune_mixed,Immune_mixed
AATGGCTAGATCACTC-1,"B_cells,0",B_cells
AATGGCTAGCGTTGTT-1,Immune_mixed,Immune_mixed
AATGGCTAGTGATGGC-1,"B_cells,0",B_cells
AATGGCTCAACTCATG-1,Immune_mixed,Immune_mixed
AATGGCTCACCAGTTA-1,Erythroid,Erythroid
AATGGCTCAGACCTAT-1,Immune_mixed,Immune_mixed
AATGGCTGTAGCTTTG-1,Immune_mixed,Immune_mixed
AATGGCTGTCCGGACT-1,Immune_mixed,Immune_mixed
AATGGCTGTCGTTTCC-1,Immune_mixed,Immune_mixed
AATTCCTCACACAGCC-1,Myeloid,Myeloid
AATTCCTCACCAAATC-1,Myeloid,Myeloid
AATTCCTCAGTTCACA-1,Immune_mixed,Immune_mixed
AATTCCTCATCAGCTA-1,Immune_mixed,Immune_mixed
AATTCCTGTTCAAACC-1,Immune_mixed,Immune_mixed
AATTCCTTCCCATTTA-1,Immune_mixed,Immune_mixed
AATTCCTTCGAAGAAT-1,Erythroid,Erythroid
AATTTCCAGCCGGAAT-1,Immune_mixed,Immune_mixed
AATTTCCAGGCATGCA-1,Immune_mixed,Immune_mixed
AATTTCCAGGTGGGTT-1,Erythroid,Erythroid
AATTTCCGTCCTGGTG-1,"B_cells,0",B_cells
AATTTCCGTGAGTCAG-1,"B_cells,1",B_cells
AATTTCCGTGCACATT-1,Immune_mixed,Immune_mixed
AATTTCCGTGCTCGTG-1,Immune_mixed,Immune_mixed
AATTTCCTCAACACCA-1,Erythroid,Erythroid
AATTTCCTCAAGTCGT-1,Immune_mixed,Immune_mixed
AATTTCCTCAGAGCAG-1,Erythroid,Erythroid
AATTTCCTCCAGCACG-1,Immune_mixed,Immune_mixed
ACAAAGAAGATGAACT-1,Immune_mixed,Immune_mixed
ACAAAGAAGGACGCTA-1,Myeloid,Myeloid
ACAAAGAAGTTTGTCG-1,Immune_mixed,Immune_mixed
ACAAAGACAGGTGAGT-1,Erythroid,Erythroid
ACAAAGACATTCACCC-1,Immune_mixed,Immune_mixed
ACAAAGAGTACTGCGC-1,Immune_mixed,Immune_mixed
ACAAAGATCCGCGGAT-1,Erythroid,Erythroid
ACAAAGATCGAGGCAA-1,Erythroid,Erythroid
ACAACCAAGAGGGTCT-1,Immune_mixed,Immune_mixed
ACAACCAAGCCTCAGC-1,"B_cells,1",B_cells
ACAACCACAACATACC-1,Immune_mixed,Immune_mixed
ACAACCACAATACGAA-1,Erythroid,Erythroid
ACAACCACATGAGAAT-1,Immune_mixed,Immune_mixed
ACAACCAGTACCGGAA-1,Immune_mixed,Immune_mixed
ACAACCAGTACTTCCC-1,Erythroid,Erythroid
ACAACCAGTCACTCTC-1,Erythroid,Erythroid
ACAACCAGTTTCTATC-1,Erythroid,Erythroid
ACAACCATCAACCCGG-1,Erythroid,Erythroid
ACAACCATCCTACGGG-1,Immune_mixed,Immune_mixed
ACAACCATCGAGAAGC-1,Erythroid,Erythroid
ACAACCATCGATAACC-1,Myeloid,Myeloid
ACAACCATCGCCTATC-1,"B_cells,0",B_cells
ACAAGCTAGCCTGACC-1,Immune_mixed,Immune_mixed
ACAAGCTAGTTCCAGT-1,Immune_mixed,Immune_mixed
ACAAGCTCACAAGTTC-1,"B_cells,1",B_cells
ACAAGCTCAGGGAGAG-1,Immune_mixed,Immune_mixed
ACAAGCTCAGTAGTGG-1,Myeloid,Myeloid
ACAAGCTCAGTCTTCC-1,"B_cells,1",B_cells
ACAAGCTGTCCGAAGA-1,Erythroid,Erythroid
ACAAGCTGTGAAGCGT-1,Immune_mixed,Immune_mixed
ACAAGCTGTTTACTTC-1,Immune_mixed,Immune_mixed
ACAAGCTTCCATGCAA-1,"B_cells,0",B_cells
ACAAGCTTCTACGGGC-1,Immune_mixed,Immune_mixed
ACAAGCTTCTGTTCAT-1,Immune_mixed,Immune_mixed
ACACAGTAGATACGAT-1,Immune_mixed,Immune_mixed
ACACAGTAGATGAATC-1,Immune_mixed,Immune_mixed
ACACAGTAGGAAGAAC-1,Erythroid,Erythroid
ACACAGTAGGAGTCTG-1,Immune_mixed,Immune_mixed
ACACAGTAGGCTCCCA-1,Myeloid,Myeloid
ACACAGTCAACGATTC-1,Immune_mixed,Immune_mixed
ACACAGTCAACTAGAA-1,Erythroid,Erythroid
ACACAGTCATGACTTG-1,Immune_mixed,Immune_mixed
ACACAGTCATTCTTCA-1,"B_cells,0",B_cells
ACACAGTGTGGCGTAA-1,"B_cells,0",B_cells
ACACAGTGTTGACTAC-1,Immune_mixed,Immune_mixed
ACACAGTTCCCGATCT-1,"B_cells,0",B_cells
ACACAGTTCTAAGGAA-1,"B_cells,0",B_cells
ACACAGTTCTTGGCTC-1,Immune_mixed,Immune_mixed
ACACCAACAGCATACT-1,Myeloid,Myeloid
ACACCAACATGTGCCG-1,Immune_mixed,Immune_mixed
ACACCAAGTCAAATCC-1,Immune_mixed,Immune_mixed
ACACCAATCCAACTAG-1,Immune_mixed,Immune_mixed
ACACGCGAGACCCTTA-1,Immune_mixed,Immune_mixed
ACACGCGCAGCCGTCA-1,Erythroid,Erythroid
ACACGCGTCCCATGGG-1,Immune_mixed,Immune_mixed
ACACGCGTCTGCTCTG-1,Immune_mixed,Immune_mixed
ACACTGAAGGAGTATT-1,Immune_mixed,Immune_mixed
ACACTGAAGGATTTGA-1,Immune_mixed,Immune_mixed
ACACTGACAAATACAG-1,Myeloid,Myeloid
ACACTGACAAATCCCA-1,"B_cells,1",B_cells
ACACTGACACAGCCAC-1,Immune_mixed,Immune_mixed
ACACTGACAGAACTAA-1,Immune_mixed,Immune_mixed
ACACTGACATGACAGG-1,Erythroid,Erythroid
ACACTGAGTAGACGGT-1,Immune_mixed,Immune_mixed
ACACTGAGTAGTTCCA-1,Immune_mixed,Immune_mixed
ACACTGAGTGACTATC-1,Erythroid,Erythroid
ACACTGATCAGTGATC-1,"B_cells,1",B_cells
ACACTGATCGCGTTTC-1,Immune_mixed,Immune_mixed
ACAGAAAAGCTAGTTC-1,Immune_mixed,Immune_mixed
ACAGAAAAGCTTTGTG-1,Erythroid,Erythroid
ACAGAAACACCAGTAT-1,"B_cells,0",B_cells
ACAGAAACATGAAGGC-1,Immune_mixed,Immune_mixed
ACAGAAAGTCAACGCC-1,Immune_mixed,Immune_mixed
ACAGAAAGTGCACAAG-1,Immune_mixed,Immune_mixed
ACAGAAAGTTAAGCAA-1,Erythroid,Erythroid
ACAGAAATCAACGAGG-1,Immune_mixed,Immune_mixed
ACAGCCGAGAGCATTA-1,Immune_mixed,Immune_mixed
ACAGCCGAGTTCTACG-1,Immune_mixed,Immune_mixed
ACAGCCGCAATCGCAT-1,Immune_mixed,Immune_mixed
ACAGCCGCAGCTACCG-1,"B_cells,0",B_cells
ACAGCCGCATTGGGAG-1,Immune_mixed,Immune_mixed
ACAGCCGGTAGCGTCC-1,Immune_mixed,Immune_mixed
ACAGCCGGTCCTGTCT-1,Erythroid,Erythroid
ACAGCCGGTGTTCATG-1,Immune_mixed,Immune_mixed
ACAGCCGGTTTCGATG-1,Myeloid,Myeloid
ACAGCCGTCCTATGGA-1,Erythroid,Erythroid
ACAGGGAAGAAACACT-1,Immune_mixed,Immune_mixed
ACAGGGAAGAGAGTGA-1,Immune_mixed,Immune_mixed
ACAGGGAAGCAACTCT-1,Immune_mixed,Immune_mixed
ACAGGGAAGGAATGTT-1,Immune_mixed,Immune_mixed
ACAGGGACACAAATCC-1,Erythroid,Erythroid
ACAGGGACACCCAACG-1,Immune_mixed,Immune_mixed
ACAGGGACACGCAGTC-1,Immune_mixed,Immune_mixed
ACAGGGACACTCAGAT-1,Immune_mixed,Immune_mixed
ACAGGGACAGGACATG-1,Immune_mixed,Immune_mixed
ACAGGGACATGATCTG-1,Immune_mixed,Immune_mixed
ACAGGGAGTCTGATAC-1,Erythroid,Erythroid
ACAGGGATCAGACCGC-1,Immune_mixed,Immune_mixed
ACAGGGATCCCAGTGG-1,Immune_mixed,Immune_mixed
ACATCCCAGCTCCCTT-1,"B_cells,1",B_cells
ACATCCCAGGACAGTC-1,Erythroid,Erythroid
ACATCCCCACCATTCC-1,Immune_mixed,Immune_mixed
ACATCCCGTAACATAG-1,"B_cells,1",B_cells
ACATCCCGTAGTCCTA-1,Immune_mixed,Immune_mixed
ACATCCCGTCAAGTTC-1,"B_cells,0",B_cells
ACATCCCGTGGTCTAT-1,Myeloid,Myeloid
ACATCCCGTTGTTTGG-1,"B_cells,0",B_cells
ACATCCCTCATTGTTC-1,Erythroid,Erythroid
ACATCCCTCCAAGCTA-1,Myeloid,Myeloid
ACATCCCTCCTACGAA-1-1,Immune_mixed,Immune_mixed
ACATCCCTCTTAGCAG-1,Immune_mixed,Immune_mixed
ACATCGAAGTTGAAGT-1,Immune_mixed,Immune_mixed
ACATCGACATCTCAAG-1,Erythroid,Erythroid
ACATCGACATGGGTTT-1,"B_cells,0",B_cells
ACATCGAGTATACGGG-1,Erythroid,Erythroid
ACATCGAGTTATGTGC-1,Immune_mixed,Immune_mixed
ACATCGATCCATACTT-1,Immune_mixed,Immune_mixed
ACATCGATCCGAAGGA-1,Erythroid,Erythroid
ACATCGATCCGAGATT-1,Immune_mixed,Immune_mixed
ACATCGATCGCCCAGA-1,Immune_mixed,Immune_mixed
ACATCGATCTATCCAT-1,"B_cells,0",B_cells
ACATGCAAGACCATAA-1,Immune_mixed,Immune_mixed
ACATGCAAGAGCCGAT-1,Immune_mixed,Immune_mixed
ACATGCAAGTATAGAC-1,Immune_mixed,Immune_mixed
ACATGCACACCATTCC-1,Immune_mixed,Immune_mixed
ACATGCACACCGCTGA-1,"B_cells,0",B_cells
ACATGCAGTTCCGCAG-1,Immune_mixed,Immune_mixed
ACATGCATCCATAAGC-1,Immune_mixed,Immune_mixed
ACATGCATCCATCTCG-1,Myeloid,Myeloid
ACATTTCAGAGTACCG-1,Immune_mixed,Immune_mixed
ACATTTCCAACCCTAA-1,Immune_mixed,Immune_mixed
ACATTTCCAGCAGTGA-1,Immune_mixed,Immune_mixed
ACATTTCCAGCTCATA-1,Immune_mixed,Immune_mixed
ACATTTCCATAAGCAA-1,Erythroid,Erythroid
ACATTTCGTACTGGGA-1,"B_cells,0",B_cells
ACATTTCGTAGTCACT-1,Myeloid,Myeloid
ACATTTCGTGCACGCT-1,Immune_mixed,Immune_mixed
ACATTTCGTTAGGGTG-1,Erythroid,Erythroid
ACATTTCGTTCTCGTC-1,Immune_mixed,Immune_mixed
ACCAAACAGACTTCAC-1,Immune_mixed,Immune_mixed
ACCAAACAGCACTCGC-1,Immune_mixed,Immune_mixed
ACCAAACAGGTGCATG-1,Immune_mixed,Immune_mixed
ACCAAACAGTTTCTTC-1,Erythroid,Erythroid
ACCAAACCAATCCTTT-1,Immune_mixed,Immune_mixed
ACCAAACCAATTTCTC-1,Erythroid,Erythroid
ACCAAACGTACTAGCT-1,Erythroid,Erythroid
ACCAAACGTATCAGCT-1,Erythroid,Erythroid
ACCAAACGTCGGAACA-1,Immune_mixed,Immune_mixed
ACCAAACTCAACCGAT-1,Immune_mixed,Immune_mixed
ACCAACAAGAAGGTAG-1,Immune_mixed,Immune_mixed
ACCAACAAGCCTCATA-1,Immune_mixed,Immune_mixed
ACCAACAAGTTAGAAC-1,Immune_mixed,Immune_mixed
ACCAACACAAGCTACT-1,"B_cells,0",B_cells
ACCAACACATGACAGG-1,Immune_mixed,Immune_mixed
ACCAACAGTCGCGGTT-1,Immune_mixed,Immune_mixed
ACCAACAGTTGTGTAC-1,Erythroid,Erythroid
ACCAACATCGAGCACC-1,"B_cells,1",B_cells
ACCAACATCTCTCCGA-1,Erythroid,Erythroid
ACCACAAAGACAACTA-1,Immune_mixed,Immune_mixed
ACCACAAAGACTTCCA-1,Immune_mixed,Immune_mixed
ACCACAAAGAGGTTAT-1,Erythroid,Erythroid
ACCACAAAGCTATCTG-1,"B_cells,1",B_cells
ACCACAAAGGCACTCC-1,Immune_mixed,Immune_mixed
ACCACAACAGTCGGAA-1,Erythroid,Erythroid
ACCACAACATGTGACT-1,"B_cells,0",B_cells
ACCACAAGTCTCTCAC-1,"B_cells,0",B_cells
ACCACAAGTGGACAGT-1,Immune_mixed,Immune_mixed
ACCACAAGTGGTCTGC-1,Immune_mixed,Immune_mixed
ACCACAATCACTTTGT-1,Erythroid,Erythroid
ACCACAATCCAGTGTA-1,Immune_mixed,Immune_mixed
ACCACAATCCCAATAG-1,Immune_mixed,Immune_mixed
ACCACAATCTGTGCAA-1,Immune_mixed,Immune_mixed
ACCATTTAGTTCCGGC-1,Immune_mixed,Immune_mixed
ACCATTTCAATGACCT-1,Erythroid,Erythroid
ACCATTTTCAGCGCGT-1,Immune_mixed,Immune_mixed
ACCATTTTCCCATTCG-1,Erythroid,Erythroid
ACCATTTTCTTGAACG-1,Immune_mixed,Immune_mixed
ACCCAAAAGAAGATCT-1,Immune_mixed,Immune_mixed
ACCCAAAAGCTAGTTC-1,Immune_mixed,Immune_mixed
ACCCAAAAGGGCAGGA-1,Immune_mixed,Immune_mixed
ACCCAAACAGCGAGTA-1,"B_cells,0",B_cells
ACCCAAACATATTCGG-1,Immune_mixed,Immune_mixed
ACCCAAACATGGCCCA-1,Erythroid,Erythroid
ACCCAAACATTACTCT-1,Erythroid,Erythroid
ACCCAAAGTAATTAGG-1,Erythroid,Erythroid
ACCCAAAGTATAGGGC-1,Immune_mixed,Immune_mixed
ACCCAAAGTTCTCTCG-1,Immune_mixed,Immune_mixed
ACCCAAATCCATACTT-1,Erythroid,Erythroid
ACCCAAATCGGCTTCT-1,Immune_mixed,Immune_mixed
ACCCAAATCTCTTAAC-1,Immune_mixed,Immune_mixed
ACCCAAATCTTTCCGG-1,"B_cells,0",B_cells
ACCCTCAAGAGAGCAA-1,Immune_mixed,Immune_mixed
ACCCTCAAGATTACCC-1,Immune_mixed,Immune_mixed
ACCCTCAAGCGACAGT-1,Immune_mixed,Immune_mixed
ACCCTCAAGCGTATAA-1,Erythroid,Erythroid
ACCCTCAGTGCAATGG-1,Erythroid,Erythroid
ACCCTCAGTGGTTTGT-1,Immune_mixed,Immune_mixed
ACCCTCATCCCTATTA-1,Immune_mixed,Immune_mixed
ACCCTCATCTAGTACG-1,Erythroid,Erythroid
ACCCTTGAGAATGTTG-1,Immune_mixed,Immune_mixed
ACCCTTGAGACTCAAA-1,Immune_mixed,Immune_mixed
ACCCTTGAGATGGCGT-1,Erythroid,Erythroid
ACCCTTGCACTGATTG-1,Erythroid,Erythroid
ACCCTTGCATCAGCAT-1,Immune_mixed,Immune_mixed
ACCCTTGGTCTGATAC-1,Immune_mixed,Immune_mixed
ACCCTTGTCATCCCGT-1,Erythroid,Erythroid
ACCGTTCAGCAAGTGC-1,Erythroid,Erythroid
ACCGTTCAGCACGGAT-1,Immune_mixed,Immune_mixed
ACCGTTCAGCTGACTT-1,Immune_mixed,Immune_mixed
ACCGTTCAGTATTCCG-1,Immune_mixed,Immune_mixed
ACCGTTCCAATAGTCC-1,Immune_mixed,Immune_mixed
ACCGTTCCACCAAATC-1,Immune_mixed,Immune_mixed
ACCGTTCGTATACAGA-1,Erythroid,Erythroid
ACCGTTCGTTCAAGGG-1,Immune_mixed,Immune_mixed
ACCTACCAGAGCAGCT-1,Immune_mixed,Immune_mixed
ACCTACCAGTTGGAGC-1,"B_cells,1",B_cells
ACCTACCCAACATCGT-1,"B_cells,1",B_cells
ACCTACCCACGCTGTG-1,Erythroid,Erythroid
ACCTACCCAGTTGTTG-1,"B_cells,0",B_cells
ACCTACCGTTGGATCT-1,Erythroid,Erythroid
ACCTACCTCAGTGGGA-1,Erythroid,Erythroid
ACCTACCTCTGCATGA-1,Erythroid,Erythroid
ACCTGAAAGGCTGGAT-1,Immune_mixed,Immune_mixed
ACCTGAAAGGGAGGCA-1,Immune_mixed,Immune_mixed
ACCTGAACACGCGTCA-1,Immune_mixed,Immune_mixed
ACCTGAACAGCCTATA-1,Immune_mixed,Immune_mixed
ACCTGAACAGGTGGAT-1,"B_cells,0",B_cells
ACCTGAACATCATCTT-1,Immune_mixed,Immune_mixed
ACCTGAACATTGCTTT-1,Immune_mixed,Immune_mixed
ACCTGAAGTGCCTGCA-1,"B_cells,0",B_cells
ACCTGAATCGATACAC-1,Myeloid,Myeloid
ACCTGAATCTGCGAGC-1,Erythroid,Erythroid
ACCTGTCAGATCCGAG-1,Immune_mixed,Immune_mixed
ACCTGTCAGATTAGTG-1,Immune_mixed,Immune_mixed
ACCTGTCAGGTATCTC-1,Immune_mixed,Immune_mixed
ACCTGTCAGTCGCTAT-1,Erythroid,Erythroid
ACCTGTCCAGTTGTCA-1,Immune_mixed,Immune_mixed
ACCTGTCGTAAGAACT-1,Erythroid,Erythroid
ACCTGTCTCAAATGCC-1,Immune_mixed,Immune_mixed
ACCTGTCTCACAGTGT-1,Immune_mixed,Immune_mixed
ACCTGTCTCAGGAAAT-1,"B_cells,0",B_cells
ACCTGTCTCTCAATCT-1,"B_cells,0",B_cells
ACGATCAAGCCTGAGA-1,Immune_mixed,Immune_mixed
ACGATCAAGCGGTATG-1,Erythroid,Erythroid
ACGATCAAGTAGATCA-1,Immune_mixed,Immune_mixed
ACGATCAGTATCCCAA-1,Immune_mixed,Immune_mixed
ACGATCAGTCTCACAA-1,Erythroid,Erythroid
ACGATCAGTTATGTCG-1,Erythroid,Erythroid
ACGATCAGTTCAAGGG-1,Erythroid,Erythroid
ACGATCATCCACTGGG-1,Immune_mixed,Immune_mixed
ACGATCATCGATCCAA-1,Erythroid,Erythroid
ACGATCATCTAGAACC-1,Immune_mixed,Immune_mixed
ACGATCATCTTCCCGA-1,Erythroid,Erythroid
ACGATGTAGTCACGAG-1,Immune_mixed,Immune_mixed
ACGATGTAGTTGGAGC-1,Myeloid,Myeloid
ACGATGTCAATCGTCA-1,Immune_mixed,Immune_mixed
ACGATGTCACTGTCGG-1,Immune_mixed,Immune_mixed
ACGATGTTCCCTTTGG-1,Immune_mixed,Immune_mixed
ACGATGTTCGAGATAA-1,Immune_mixed,Immune_mixed
ACGCACGAGCTGTTAC-1,Immune_mixed,Immune_mixed
ACGCACGCAGAAGCGT-1,Immune_mixed,Immune_mixed
ACGCACGCATCGGAGA-1,"B_cells,1",B_cells
ACGCACGGTCATCGCG-1,Erythroid,Erythroid
ACGCACGGTGTGCCTG-1,"B_cells,0",B_cells
ACGCACGGTTAGAAAC-1,Erythroid,Erythroid
ACGCACGTCATCGCCT-1,Immune_mixed,Immune_mixed
ACGCACGTCGATCCCT-1,Immune_mixed,Immune_mixed
ACGCACGTCTATTGTC-1,Immune_mixed,Immune_mixed
ACGGAAGAGACCATTC-1,Immune_mixed,Immune_mixed
ACGGAAGAGCACCCAC-1,Myeloid,Myeloid
ACGGAAGCAAAGGCTG-1,Immune_mixed,Immune_mixed
ACGGAAGCAACATCGT-1,Immune_mixed,Immune_mixed
ACGGAAGCAACCACAT-1,Immune_mixed,Immune_mixed
ACGGAAGCAAGCAGGT-1,Immune_mixed,Immune_mixed
ACGGAAGCAATCTCGA-1,"B_cells,0",B_cells
ACGGAAGCAATTTCTC-1,Myeloid,Myeloid
ACGGAAGCAGTAGGAC-1,Erythroid,Erythroid
ACGGAAGTCTCTGACC-1,Immune_mixed,Immune_mixed
ACGGAAGTCTTACGTT-1,Immune_mixed,Immune_mixed
ACGGAAGTCTTCTGGC-1,Immune_mixed,Immune_mixed
ACGGGTCAGCCTTTCC-1,"B_cells,0",B_cells
ACGGGTCAGGGCCTCT-1,Erythroid,Erythroid
ACGGTCGAGAAAGCGA-1,Immune_mixed,Immune_mixed
ACGGTCGAGGCACGAT-1,Immune_mixed,Immune_mixed
ACGGTCGAGTCCCTAA-1,Immune_mixed,Immune_mixed
ACGGTCGCAAGCAGGT-1,Immune_mixed,Immune_mixed
ACGGTCGCAAGGTTGG-1,Immune_mixed,Immune_mixed
ACGGTCGCACGCGCAT-1,Immune_mixed,Immune_mixed
ACGGTCGCACTTCCTG-1,Immune_mixed,Immune_mixed
ACGGTCGCAGAGCCCT-1,Immune_mixed,Immune_mixed
ACGGTCGCATTGCTGA-1,Erythroid,Erythroid
ACGGTCGGTACAACGG-1,Erythroid,Erythroid
ACGGTCGGTGTGTCGC-1,Immune_mixed,Immune_mixed
ACGGTCGGTTCTAACG-1,"B_cells,1",B_cells
ACGGTCGTCTTAGCAG-1,Immune_mixed,Immune_mixed
ACGGTTAAGCCATGCC-1,Immune_mixed,Immune_mixed
ACGGTTACACGAGGAT-1,Immune_mixed,Immune_mixed
ACGGTTACACTCTGCT-1,Immune_mixed,Immune_mixed
ACGGTTACAGCTTCGG-1,Immune_mixed,Immune_mixed
ACGGTTAGTACAGAGC-1,"B_cells,1",B_cells
ACGGTTATCACTCTTA-1,Immune_mixed,Immune_mixed
ACGGTTATCCTAGCGG-1,"B_cells,0",B_cells
ACGTAACAGACTGGGT-1,Immune_mixed,Immune_mixed
ACGTAACAGTCACTAC-1,Immune_mixed,Immune_mixed
ACGTAACGTGATTAGA-1,Erythroid,Erythroid
ACGTAACGTTCCAAAC-1,Immune_mixed,Immune_mixed
ACGTACAAGCCTAGGA-1,Immune_mixed,Immune_mixed
ACGTACAAGGGATCTG-1,Immune_mixed,Immune_mixed
ACGTACACAAATGAGT-1,Immune_mixed,Immune_mixed
ACGTACACAACGTATC-1,Erythroid,Erythroid
ACGTACACAGCTAACT-1,Immune_mixed,Immune_mixed
ACGTACAGTAGGCAGT-1,Immune_mixed,Immune_mixed
ACGTACAGTGAGTCAG-1,Immune_mixed,Immune_mixed
ACGTACAGTGTGTACT-1,Immune_mixed,Immune_mixed
ACGTACATCAGATGCT-1,Immune_mixed,Immune_mixed
ACGTACATCCGTATGA-1,Immune_mixed,Immune_mixed
ACGTACATCTTGTGCC-1,Immune_mixed,Immune_mixed
ACGTAGTAGAACGCGT-1,Immune_mixed,Immune_mixed
ACGTAGTAGTAGGCCA-1,Immune_mixed,Immune_mixed
ACGTAGTCACCCTAAA-1,"B_cells,0",B_cells
ACGTAGTCACGCCACA-1,Myeloid,Myeloid
ACGTAGTTCGACCTAA-1,Immune_mixed,Immune_mixed
ACGTAGTTCGGCTTCT-1,Immune_mixed,Immune_mixed
ACGTAGTTCTCCGCAT-1,Immune_mixed,Immune_mixed
ACGTCCTAGCTAAGTA-1,Immune_mixed,Immune_mixed
ACGTCCTAGCTACTAC-1,Immune_mixed,Immune_mixed
ACGTCCTAGGACGCTA-1,Immune_mixed,Immune_mixed
ACGTCCTCAAACACCT-1,Erythroid,Erythroid
ACGTCCTCAACTCATG-1,Immune_mixed,Immune_mixed
ACGTCCTCACAGCTTA-1,"B_cells,0",B_cells
ACGTCCTCAGCGTGAA-1,Immune_mixed,Immune_mixed
ACGTCCTCAGGAATAT-1,Myeloid,Myeloid
ACGTTCCAGACATATG-1,Immune_mixed,Immune_mixed
ACGTTCCCAAATTAGG-1,Immune_mixed,Immune_mixed
ACGTTCCCAACGAGGT-1,Immune_mixed,Immune_mixed
ACGTTCCCACAGTCGC-1,Immune_mixed,Immune_mixed
ACGTTCCGTAGTACGG-1,Immune_mixed,Immune_mixed
ACGTTCCGTCACAATC-1,Immune_mixed,Immune_mixed
ACGTTCCGTCTTACTT-1,Myeloid,Myeloid
ACGTTCCGTGAGGAAA-1,Erythroid,Erythroid
ACGTTCCTCAACTGGT-1,Immune_mixed,Immune_mixed
ACGTTCCTCAGTCAGT-1,Immune_mixed,Immune_mixed
ACTACGAAGAGGATGA-1,Immune_mixed,Immune_mixed
ACTACGAAGCCGTTAT-1,Erythroid,Erythroid
ACTACGAAGCTCATAC-1,"B_cells,0",B_cells
ACTACGAAGCTGACAG-1,Myeloid,Myeloid
ACTACGACACTGTCGG-1,Erythroid,Erythroid
ACTACGACACTTGACA-1,Erythroid,Erythroid
ACTACGACATCGCTCT-1,Immune_mixed,Immune_mixed
ACTACGAGTAGGGTAC-1,Immune_mixed,Immune_mixed
ACTACGAGTCAAACGG-1,Immune_mixed,Immune_mixed
ACTACGATCACGAACT-1,Immune_mixed,Immune_mixed
ACTATCTTCAAGCCTA-1,Immune_mixed,Immune_mixed
ACTATCTTCAGTGATC-1,Immune_mixed,Immune_mixed
ACTATCTTCCATCTAT-1,Immune_mixed,Immune_mixed
ACTATCTTCCCGTAAA-1,Erythroid,Erythroid
ACTATGGAGGTGCCTC-1,Immune_mixed,Immune_mixed
ACTATGGAGTTGAATG-1,Erythroid,Erythroid
ACTATGGCATGCAGCC-1,Immune_mixed,Immune_mixed
ACTATGGGTATTAAGG-1,Immune_mixed,Immune_mixed
ACTATGGGTCATCTAG-1,Immune_mixed,Immune_mixed
ACTATGGGTGCAGATG-1,Immune_mixed,Immune_mixed
ACTATGGTCCAAGCCG-1,Immune_mixed,Immune_mixed
ACTATGGTCCGCTGTT-1,Immune_mixed,Immune_mixed
ACTATGGTCCTTCTAA-1,Immune_mixed,Immune_mixed
ACTATGGTCGCGAAGA-1,Immune_mixed,Immune_mixed
ACTATGGTCTATGCCC-1,Immune_mixed,Immune_mixed
ACTATGGTCTGGTGGC-1,Immune_mixed,Immune_mixed
ACTATGGTCTTGAGCA-1,Immune_mixed,Immune_mixed
ACTATTCAGCACCAGA-1,Immune_mixed,Immune_mixed
ACTATTCAGCCGTTGC-1,Myeloid,Myeloid
ACTATTCAGTGCTCGC-1,"B_cells,1",B_cells
ACTATTCCAACACGAG-1,Immune_mixed,Immune_mixed
ACTATTCCAATAACGA-1,Immune_mixed,Immune_mixed
ACTATTCCAGGTTCCG-1,Immune_mixed,Immune_mixed
ACTATTCGTAGTGTGG-1,Immune_mixed,Immune_mixed
ACTATTCGTCTTACAG-1,Immune_mixed,Immune_mixed
ACTATTCGTTGGTGTT-1,Immune_mixed,Immune_mixed
ACTATTCTCTGTGCTC-1,Erythroid,Erythroid
ACTCCCAAGTCTAGAA-1,Immune_mixed,Immune_mixed
ACTCCCAAGTGAGGCT-1,Erythroid,Erythroid
ACTCCCAGTCCAATCA-1,Erythroid,Erythroid
ACTCCCATCACCTCGT-1,"B_cells,0",B_cells
ACTCCCATCGTCTAAG-1,Immune_mixed,Immune_mixed
ACTCTCGAGCAGCCTC-1,Erythroid,Erythroid
ACTCTCGAGGTTACAA-1,Erythroid,Erythroid
ACTCTCGGTACGGGAT-1,Immune_mixed,Immune_mixed
ACTCTCGGTAGCTGAG-1,Immune_mixed,Immune_mixed
ACTCTCGGTTCGGCTG-1,Immune_mixed,Immune_mixed
ACTCTCGGTTGACTAC-1,Immune_mixed,Immune_mixed
ACTCTCGTCATCAGTG-1,"B_cells,0",B_cells
ACTGATGAGAGAGCGG-1,Immune_mixed,Immune_mixed
ACTGATGCACAGCATT-1,Immune_mixed,Immune_mixed
ACTGATGCACTCCCTA-1,Immune_mixed,Immune_mixed
ACTGATGCACTTGAGT-1,Immune_mixed,Immune_mixed
ACTGATGCACTTTATC-1,Immune_mixed,Immune_mixed
ACTGATGCATAGTCAC-1,"B_cells,0",B_cells
ACTGATGTCCCTCGAT-1,Immune_mixed,Immune_mixed
ACTGCAAAGTGGCGAT-1,"B_cells,1",B_cells
ACTGCAACATCCTATT-1,Immune_mixed,Immune_mixed
ACTGCAAGTCAAAGCG-1,Erythroid,Erythroid
ACTGCAAGTTGATGTC-1,Immune_mixed,Immune_mixed
ACTGCAATCAAGAGTA-1,"B_cells,1",B_cells
ACTGCAATCATACAGC-1,Immune_mixed,Immune_mixed
ACTGCAATCCCATAAG-1,Immune_mixed,Immune_mixed
ACTGCAATCTACAGGT-1,Immune_mixed,Immune_mixed
ACTGCAATCTAGTTCT-1,"B_cells,0",B_cells
ACTGTCCAGACTCGAG-1,Immune_mixed,Immune_mixed
ACTGTCCAGCCTCGTG-1,Erythroid,Erythroid
ACTGTCCCAGTCGCTG-1,Erythroid,Erythroid
ACTGTCCGTGTTAGCT-1,Immune_mixed,Immune_mixed
ACTGTCCTCACCGACG-1,Erythroid,Erythroid
ACTGTCCTCTGACCCT-1,Erythroid,Erythroid
ACTGTCCTCTGGTTGA-1,Immune_mixed,Immune_mixed
ACTGTGACACGACGAA-1,Myeloid,Myeloid
ACTGTGACAGTGTACT-1,Immune_mixed,Immune_mixed
ACTGTGAGTGTGGACA-1,Immune_mixed,Immune_mixed
ACTGTGATCACTGATG-1,Immune_mixed,Immune_mixed
ACTGTGATCATCCCGT-1,Immune_mixed,Immune_mixed
ACTGTGATCTGCTTTA-1,Immune_mixed,Immune_mixed
ACTTAGGCACCTTCGT-1,Immune_mixed,Immune_mixed
ACTTAGGCACGCACCA-1,Erythroid,Erythroid
ACTTAGGCAGAGAAAG-1,Immune_mixed,Immune_mixed
ACTTAGGTCGACATCA-1,"B_cells,0",B_cells
ACTTAGGTCGATCCAA-1,Erythroid,Erythroid
ACTTATCAGCATGTTC-1,Erythroid,Erythroid
ACTTATCAGCTAAATG-1,"B_cells,0",B_cells
ACTTATCCATCCGAGC-1,Immune_mixed,Immune_mixed
ACTTATCCATCCTGTC-1,Immune_mixed,Immune_mixed
ACTTATCGTGAACGGT-1,Immune_mixed,Immune_mixed
ACTTATCTCAAAGACA-1,Immune_mixed,Immune_mixed
ACTTATCTCCTACCAC-1,Immune_mixed,Immune_mixed
ACTTATCTCGTGTGAT-1,Immune_mixed,Immune_mixed
ACTTATCTCGTTACCC-1,Immune_mixed,Immune_mixed
ACTTCCGAGTATCCTG-1,Myeloid,Myeloid
ACTTCCGAGTATGACA-1,Immune_mixed,Immune_mixed
ACTTCCGAGTCATGAA-1,"B_cells,0",B_cells
ACTTCCGCATATGGCT-1,Immune_mixed,Immune_mixed
ACTTCCGGTCTGTGAT-1,"B_cells,1",B_cells
ACTTCCGTCAAGAGTA-1,Immune_mixed,Immune_mixed
ACTTCCGTCACTGCTC-1,Immune_mixed,Immune_mixed
ACTTCCGTCATTTGTC-1,Myeloid,Myeloid
ACTTCCGTCTTGGAAC-1,"B_cells,0",B_cells
ACTTCGCAGCCGTTGC-1,Immune_mixed,Immune_mixed
ACTTCGCCAACGTAAA-1,Immune_mixed,Immune_mixed
ACTTCGCGTCCTGGGT-1,Immune_mixed,Immune_mixed
ACTTCGCGTCTCCCTA-1,Erythroid,Erythroid
ACTTCGCGTGTACGCC-1,Erythroid,Erythroid
ACTTCGCGTTGTTGTG-1,Myeloid,Myeloid
ACTTCGCTCCCGAATA-1,Immune_mixed,Immune_mixed
ACTTTCAAGGAGGCAG-1,Immune_mixed,Immune_mixed
ACTTTCAAGTCCTGCG-1,Immune_mixed,Immune_mixed
ACTTTCAAGTGCAGCA-1,Immune_mixed,Immune_mixed
ACTTTCACAAACCACT-1,Immune_mixed,Immune_mixed
ACTTTCACAAACTAGA-1,Immune_mixed,Immune_mixed
ACTTTCACACCCTGAG-1,Erythroid,Erythroid
ACTTTCACAGATTCGT-1,Immune_mixed,Immune_mixed
ACTTTCACAGCGCGTT-1,Immune_mixed,Immune_mixed
ACTTTCACATTGACAC-1,Erythroid,Erythroid
ACTTTCAGTGCCTATA-1,Immune_mixed,Immune_mixed
ACTTTCAGTTTGTTGG-1,Immune_mixed,Immune_mixed
ACTTTCATCAGCTCTC-1,Immune_mixed,Immune_mixed
ACTTTCATCCAGTTCC-1,Immune_mixed,Immune_mixed
ACTTTGTAGAATCCCT-1,Immune_mixed,Immune_mixed
ACTTTGTAGATGCTAA-1,Immune_mixed,Immune_mixed
ACTTTGTCAAATAGCA-1,Immune_mixed,Immune_mixed
ACTTTGTCAAGACCGA-1,Immune_mixed,Immune_mixed
ACTTTGTCACGCGTCA-1,Erythroid,Erythroid
ACTTTGTCACTGTCGG-1,Immune_mixed,Immune_mixed
ACTTTGTCAGTCCCGA-1,Immune_mixed,Immune_mixed
ACTTTGTCATGGGAAC-1,Immune_mixed,Immune_mixed
ACTTTGTGTGGTGATG-1,Erythroid,Erythroid
ACTTTGTGTTCGTAAC-1,Myeloid,Myeloid
ACTTTGTGTTTGGGTT-1,Erythroid,Erythroid
ACTTTGTTCCCAATAG-1,Erythroid,Erythroid
ACTTTGTTCCCTCGTA-1,Immune_mixed,Immune_mixed
AGAAATGAGTGCCTCG-1,Erythroid,Erythroid
AGAAATGCAAGAGAGA-1,Immune_mixed,Immune_mixed
AGAAATGTCCCAGGAC-1,Immune_mixed,Immune_mixed
AGAAATGTCTCTCGAC-1,Immune_mixed,Immune_mixed
AGAACAAAGAAGAGCA-1,Myeloid,Myeloid
AGAACAAAGTTGTCGT-1,Immune_mixed,Immune_mixed
AGAACAACACAGTCAT-1,Myeloid,Myeloid
AGAACAACACTACTTT-1,Immune_mixed,Immune_mixed
AGAACAACACTTCATT-1,Immune_mixed,Immune_mixed
AGAACAACAGAACCGA-1,Erythroid,Erythroid
AGAACAACAGATCACT-1,Erythroid,Erythroid
AGAACAATCTATCACT-1,Immune_mixed,Immune_mixed
AGAACCTAGCACTCTA-1,"B_cells,0",B_cells
AGAACCTAGCCATCCG-1,Erythroid,Erythroid
AGAACCTAGGACTATA-1,Immune_mixed,Immune_mixed
AGAACCTAGGTCTTTG-1,Immune_mixed,Immune_mixed
AGAACCTAGTAAAGCT-1,Immune_mixed,Immune_mixed
AGAACCTCACGACGTC-1,Immune_mixed,Immune_mixed
AGAACCTCAGAGTCAG-1,Erythroid,Erythroid
AGAACCTCAGGCGATA-1,"B_cells,0",B_cells
AGAACCTCATCCGAAT-1,Immune_mixed,Immune_mixed
AGAACCTGTCGGCACT-1,Erythroid,Erythroid
AGAACCTGTTTCGCTC-1,Immune_mixed,Immune_mixed
AGAACCTTCAAGTCTG-1,Erythroid,Erythroid
AGAACCTTCGAGCACC-1,Immune_mixed,Immune_mixed
AGAAGCGAGCTTCATG-1,Myeloid,Myeloid
AGAAGCGAGGGAACAA-1,Immune_mixed,Immune_mixed
AGAAGCGCAAGCCCAC-1,Myeloid,Myeloid
AGAAGCGCAGCTGTCG-1,Immune_mixed,Immune_mixed
AGAAGCGCATACCAGT-1,Immune_mixed,Immune_mixed
AGAAGCGCATGGCGCT-1,Immune_mixed,Immune_mixed
AGAAGCGCATTAGGCT-1,Immune_mixed,Immune_mixed
AGAAGCGGTGGCTACC-1,Immune_mixed,Immune_mixed
AGAAGCGGTGTCTTAG-1,Immune_mixed,Immune_mixed
AGAAGCGGTTCTGAGT-1,Immune_mixed,Immune_mixed
AGAAGCGTCTCGTCGT-1,Erythroid,Erythroid
AGAAGCGTCTGGAAGG-1,Erythroid,Erythroid
AGAAGTAAGCGTCAAG-1,Myeloid,Myeloid
AGAAGTACATGGACAG-1,Immune_mixed,Immune_mixed
AGAAGTAGTATAATGG-1,Erythroid,Erythroid
AGAAGTAGTATTCCTT-1,Immune_mixed,Immune_mixed
AGAAGTAGTGAGATAT-1,Immune_mixed,Immune_mixed
AGAAGTAGTTTATGCG-1,Immune_mixed,Immune_mixed
AGAAGTATCAAGGCTT-1,Immune_mixed,Immune_mixed
AGAAGTATCACTTGGA-1,Immune_mixed,Immune_mixed
AGAAGTATCATCGACA-1,"B_cells,0",B_cells
AGAAGTATCGCCGATG-1,"B_cells,0",B_cells
AGAAGTATCTAAGCCA-1,Immune_mixed,Immune_mixed
AGACAAAAGAACCGCA-1,Immune_mixed,Immune_mixed
AGACAAAAGCCGATAG-1,Immune_mixed,Immune_mixed
AGACAAACATTCTTCA-1,Immune_mixed,Immune_mixed
AGACAAACATTGACAC-1,Myeloid,Myeloid
AGACAAAGTAGTTAGA-1,"B_cells,0",B_cells
AGACAAAGTGATACTC-1,Erythroid,Erythroid
AGACAAAGTTGCCATA-1,Immune_mixed,Immune_mixed
AGACAAATCCCATGGG-1,Erythroid,Erythroid
AGACACTAGAGAGCAA-1,Immune_mixed,Immune_mixed
AGACACTAGGAGAGGC-1,Erythroid,Erythroid
AGACACTCAACTTCTT-1,Immune_mixed,Immune_mixed
AGACACTCACGACGAA-1,Immune_mixed,Immune_mixed
AGACACTCAGAGCTAG-1,Immune_mixed,Immune_mixed
AGACACTCAGGAATAT-1,Erythroid,Erythroid
AGACACTCAGGAGGTT-1,Erythroid,Erythroid
AGACACTCATTACGGT-1,Immune_mixed,Immune_mixed
AGACACTTCCCGTAAA-1,Immune_mixed,Immune_mixed
AGACAGGAGAAGGCTC-1,Immune_mixed,Immune_mixed
AGACAGGAGCGTGCTC-1,Immune_mixed,Immune_mixed
AGACAGGAGGAAAGAC-1,Immune_mixed,Immune_mixed
AGACAGGCAAGCCCAC-1,"B_cells,1",B_cells
AGACAGGCAAGTCATC-1,Erythroid,Erythroid
AGACAGGCAGAGAAAG-1,Immune_mixed,Immune_mixed
AGACAGGGTTAAGGAT-1,Immune_mixed,Immune_mixed
AGACAGGTCATGCAGT-1,Immune_mixed,Immune_mixed
AGACCATAGCACCGTC-1,Immune_mixed,Immune_mixed
AGACCATAGCACTTTG-1,Immune_mixed,Immune_mixed
AGACCATCATCCTATT-1,Immune_mixed,Immune_mixed
AGACCATCATGGGCAA-1,Immune_mixed,Immune_mixed
AGACCATGTACAAACA-1,Immune_mixed,Immune_mixed
AGACCATGTCTACGAT-1,Immune_mixed,Immune_mixed
AGACCCGAGGAGTACC-1,Immune_mixed,Immune_mixed
AGACCCGAGGTGATCG-1,Immune_mixed,Immune_mixed
AGACCCGCAGACGATG-1,Immune_mixed,Immune_mixed
AGACCCGCAGCGGTCT-1,"B_cells,0",B_cells
AGACCCGCATCTGTTT-1,Immune_mixed,Immune_mixed
AGACCCGGTACTGTTG-1,Immune_mixed,Immune_mixed
AGACCCGGTGCAGTGA-1,Immune_mixed,Immune_mixed
AGACCCGGTGGTCTGC-1,Immune_mixed,Immune_mixed
AGACCCGGTTATCTTC-1,Immune_mixed,Immune_mixed
AGACCCGGTTCACGAT-1,Immune_mixed,Immune_mixed
AGACCCGTCAATCTCT-1,Erythroid,Erythroid
AGACCCGTCCCATAGA-1,Immune_mixed,Immune_mixed
AGACTCAAGACATCAA-1,Erythroid,Erythroid
AGACTCAAGGGAGTTC-1,Immune_mixed,Immune_mixed
AGACTCACAAACTAAG-1,"B_cells,0",B_cells
AGACTCACACAACGTT-1,Erythroid,Erythroid
AGACTCACATAGGAGC-1,Myeloid,Myeloid
AGACTCACATGTGGTT-1,Erythroid,Erythroid
AGACTCAGTTTCGTAG-1,Myeloid,Myeloid
AGACTCATCGCGTGAC-1,Myeloid,Myeloid
AGAGAATAGATCGCCC-1,Immune_mixed,Immune_mixed
AGAGAATAGATTTGCC-1,Immune_mixed,Immune_mixed
AGAGAATAGCGCTTCG-1,Immune_mixed,Immune_mixed
AGAGAATAGGTAAAGG-1,Erythroid,Erythroid
AGAGAATCAGCGGTTC-1,Immune_mixed,Immune_mixed
AGAGAATGTTCCGTTC-1,Immune_mixed,Immune_mixed
AGAGAATGTTGTGGAG-1,Erythroid,Erythroid
AGAGAATTCAAACCCA-1,Immune_mixed,Immune_mixed
AGAGAATTCACATTGG-1,Myeloid,Myeloid
AGAGAATTCATCGGGC-1,"B_cells,0",B_cells
AGAGAATTCATTCACT-1,Immune_mixed,Immune_mixed
AGAGAATTCCGAGGCT-1,Myeloid,Myeloid
AGAGAATTCGCTTGAA-1,Immune_mixed,Immune_mixed
AGAGAGCAGCAGGTCA-1,Immune_mixed,Immune_mixed
AGAGAGCCACGGAAGT-1,Immune_mixed,Immune_mixed
AGAGAGCGTCATAGTC-1,Erythroid,Erythroid
AGAGAGCGTGAGACCA-1,Immune_mixed,Immune_mixed
AGAGAGCGTTCTATCT-1,Immune_mixed,Immune_mixed
AGAGAGCTCGAACACT-1,Immune_mixed,Immune_mixed
AGAGAGCTCGAGTCCG-1,Erythroid,Erythroid
AGAGAGCTCGCGCTGA-1,Immune_mixed,Immune_mixed
AGAGAGCTCGTCAGAT-1,Immune_mixed,Immune_mixed
AGAGAGCTCTGTCGCT-1,Immune_mixed,Immune_mixed
AGAGCAGAGATAACGT-1,Myeloid,Myeloid
AGAGCAGAGATGCTGG-1,Erythroid,Erythroid
AGAGCAGAGCATTTCG-1,Immune_mixed,Immune_mixed
AGAGCAGAGCTTGTGT-1,Immune_mixed,Immune_mixed
AGAGCAGCAGAAGCGT-1,Immune_mixed,Immune_mixed
AGAGCAGCATTGAGGG-1,Immune_mixed,Immune_mixed
AGAGCAGGTCAGGTAG-1,Immune_mixed,Immune_mixed
AGAGCAGGTGCAATAA-1,Immune_mixed,Immune_mixed
AGAGCAGGTGGATGAC-1,Immune_mixed,Immune_mixed
AGAGCAGTCATAGACC-1,Immune_mixed,Immune_mixed
AGAGCCCAGAGTGACC-1,Immune_mixed,Immune_mixed
AGAGCCCAGCTGAAAT-1,Erythroid,Erythroid
AGAGCCCCACTGCGAC-1,Erythroid,Erythroid
AGAGCCCCAGCTTTGA-1,Myeloid,Myeloid
AGAGCCCTCCTACGAA-1,Immune_mixed,Immune_mixed
AGAGCCCTCTTCACGC-1,Immune_mixed,Immune_mixed
AGATAGAAGCCATCCG-1,Immune_mixed,Immune_mixed
AGATAGACAACCTAAC-1,Immune_mixed,Immune_mixed
AGATAGACATGACGTT-1,Immune_mixed,Immune_mixed
AGATAGAGTCCGGACT-1,Erythroid,Erythroid
AGATAGAGTCGTACAT-1,Immune_mixed,Immune_mixed
AGATAGAGTCTCGGGT-1,Immune_mixed,Immune_mixed
AGATAGAGTGTACATC-1,Erythroid,Erythroid
AGATAGATCAGGAAAT-1,Immune_mixed,Immune_mixed
AGATAGATCAGTGATC-1,Immune_mixed,Immune_mixed
AGATAGATCATTTGTC-1,Immune_mixed,Immune_mixed
AGATAGATCGGTTGTA-1,Immune_mixed,Immune_mixed
AGATAGATCTATTTCG-1,Immune_mixed,Immune_mixed
AGATCCAAGGTTAAAC-1,Immune_mixed,Immune_mixed
AGATCCAAGTACTGTC-1,Immune_mixed,Immune_mixed
AGATCCACAGAACTTC-1,Erythroid,Erythroid
AGATCCACAGAGGACT-1,Immune_mixed,Immune_mixed
AGATCCACATCATTGG-1,Erythroid,Erythroid
AGATCCAGTAGCTTTG-1,Erythroid,Erythroid
AGATCCATCTGATTCT-1,Erythroid,Erythroid
AGATCGTAGGCACTAG-1,Immune_mixed,Immune_mixed
AGATCGTAGTCATAGA-1,Immune_mixed,Immune_mixed
AGATCGTCAGTAACCT-1,Immune_mixed,Immune_mixed
AGATCGTGTAATGCTC-1,Myeloid,Myeloid
AGATCGTGTGAGACGT-1,Erythroid,Erythroid
AGATCGTGTTCCAGGC-1,Immune_mixed,Immune_mixed
AGATCGTTCGAGAATA-1,Myeloid,Myeloid
AGATCGTTCGGCATCG-1,Myeloid,Myeloid
AGATCGTTCGGCCAAC-1,Immune_mixed,Immune_mixed
AGATCGTTCTGTACAG-1,Immune_mixed,Immune_mixed
AGATGAAAGCGCAATG-1,Erythroid,Erythroid
AGATGAACAGACCGCT-1,Immune_mixed,Immune_mixed
AGATGAAGTGTCCGTG-1,Immune_mixed,Immune_mixed
AGATGAATCCATTGTT-1,Immune_mixed,Immune_mixed
AGATGAATCCTCAGGG-1,Immune_mixed,Immune_mixed
AGATGAATCCTGTAGA-1,"B_cells,0",B_cells
AGATGAATCGGTAAGG-1,Immune_mixed,Immune_mixed
AGATGAATCGTTCTAT-1,Immune_mixed,Immune_mixed
AGATGCTAGCCATATC-1,Erythroid,Erythroid
AGATGCTAGGGCATGT-1,Immune_mixed,Immune_mixed
AGATGCTCAATGTCTG-1,Immune_mixed,Immune_mixed
AGATGCTCAGCTGTCG-1,"B_cells,0",B_cells
AGATGCTGTAATGTGA-1,Immune_mixed,Immune_mixed
AGATGCTGTCATGGCC-1,Immune_mixed,Immune_mixed
AGATGCTGTTCCAAAC-1,"B_cells,0",B_cells
AGATGCTTCTGCACCT-1,Immune_mixed,Immune_mixed
AGCATCAAGCAAATCA-1,Immune_mixed,Immune_mixed
AGCATCAAGCAGCCCT-1,"B_cells,0",B_cells
AGCATCAAGTCCGTCG-1,"B_cells,0",B_cells
AGCATCAGTAAGAACT-1,Immune_mixed,Immune_mixed
AGCATCAGTTATTCTC-1,Immune_mixed,Immune_mixed
AGCATCATCACCTGTC-1,Immune_mixed,Immune_mixed
AGCATCATCGGAACTT-1,Immune_mixed,Immune_mixed
AGCATCATCTAACGGT-1,"B_cells,0",B_cells
AGCCAATAGAGAAGGT-1,Immune_mixed,Immune_mixed
AGCCAATAGAGATGCC-1,Immune_mixed,Immune_mixed
AGCCAATAGCACTCAT-1,"B_cells,0",B_cells
AGCCAATAGCATCGAG-1,Immune_mixed,Immune_mixed
AGCCAATAGTATAGGT-1,Immune_mixed,Immune_mixed
AGCCAATCAAGCGAGT-1,"B_cells,1",B_cells
AGCCAATCAGCGTATT-1,"B_cells,0",B_cells
AGCCAATCATACTGAC-1,Immune_mixed,Immune_mixed
AGCCAATGTACCCAGC-1,"B_cells,0",B_cells
AGCCAATGTGCCTACG-1,Immune_mixed,Immune_mixed
AGCCACGAGCTCAGAG-1,Erythroid,Erythroid
AGCCACGAGGATTACA-1,"B_cells,0",B_cells
AGCCACGAGGCCATAG-1,Erythroid,Erythroid
AGCCACGAGTGAGTTA-1,Erythroid,Erythroid
AGCCACGCAGGGAATC-1,Immune_mixed,Immune_mixed
AGCCACGCATTAAAGG-1,Immune_mixed,Immune_mixed
AGCCACGGTAGATTAG-1,Erythroid,Erythroid
AGCCACGGTGTTAACC-1,"B_cells,1",B_cells
AGCCACGTCCCTTTGG-1,Immune_mixed,Immune_mixed
AGCCACGTCCGCTGTT-1,Immune_mixed,Immune_mixed
AGCCAGCCAGTTGAAA-1,Immune_mixed,Immune_mixed
AGCCAGCCATGTCGTA-1,Immune_mixed,Immune_mixed
AGCCAGCTCACAAGAA-1,Immune_mixed,Immune_mixed
AGCCAGCTCCTCCACA-1,"B_cells,0",B_cells
AGCCAGCTCTGCATAG-1,"B_cells,1",B_cells
AGCGATTAGATTACCC-1,Immune_mixed,Immune_mixed
AGCGATTAGCTAATCC-1,Immune_mixed,Immune_mixed
AGCGATTAGCTTTCTT-1,Immune_mixed,Immune_mixed
AGCGATTAGGCCGCTT-1,Immune_mixed,Immune_mixed
AGCGATTAGGGACAGG-1,Immune_mixed,Immune_mixed
AGCGATTCAATCGCAT-1,Erythroid,Erythroid
AGCGATTCACAGCCTG-1,Immune_mixed,Immune_mixed
AGCGATTGTCTAGGCC-1,Immune_mixed,Immune_mixed
AGCGATTGTGATGAAT-1,Immune_mixed,Immune_mixed
AGCGATTTCCCTTGTG-1,Immune_mixed,Immune_mixed
AGCGATTTCCGGTAAT-1,Immune_mixed,Immune_mixed
AGCGATTTCGAACGGA-1,"B_cells,0",B_cells
AGCGCCACACACACGC-1,Erythroid,Erythroid
AGCGCCACACTTGTCC-1,Immune_mixed,Immune_mixed
AGCGCCACATGGCACC-1,Myeloid,Myeloid
AGCGCCAGTAGCGAGT-1,Immune_mixed,Immune_mixed
AGCGCCATCTACTCAT-1,Immune_mixed,Immune_mixed
AGCGCCATCTCGCCTA-1,Erythroid,Erythroid
AGCGCTGAGACCTCCG-1,Erythroid,Erythroid
AGCGCTGCAAAGACTA-1,"B_cells,0",B_cells
AGCGCTGGTAGGGTAC-1,Immune_mixed,Immune_mixed
AGCGCTGTCCTACAAG-1,Erythroid,Erythroid
AGCGCTGTCGCTCTCA-1,Immune_mixed,Immune_mixed
AGCGCTGTCGTCGACG-1,Immune_mixed,Immune_mixed
AGCGTATAGAGAGGTA-1,Myeloid,Myeloid
AGCGTATCAGCGTACC-1,"B_cells,0",B_cells
AGCGTATGTACTGTTG-1,Myeloid,Myeloid
AGCGTATGTGCGAACA-1,Immune_mixed,Immune_mixed
AGCGTATTCAAACTGC-1,Erythroid,Erythroid
AGCGTATTCCAATCCC-1,Immune_mixed,Immune_mixed
AGCGTATTCCAGTACA-1,Immune_mixed,Immune_mixed
AGCGTATTCTTCCAGC-1,Immune_mixed,Immune_mixed
AGCGTCGAGCGATTCT-1,"B_cells,0",B_cells
AGCGTCGAGCTGAAAT-1,Immune_mixed,Immune_mixed
AGCGTCGCACCCTTAC-1,Erythroid,Erythroid
AGCGTCGCATCGTCCT-1,Myeloid,Myeloid
AGCGTCGGTGTGATGG-1,Erythroid,Erythroid
AGCTACAAGCCTATTG-1,"B_cells,0",B_cells
AGCTACACAAATGGAT-1,Immune_mixed,Immune_mixed
AGCTACACAACACAGG-1,Immune_mixed,Immune_mixed
AGCTACACACGTATAC-1,Immune_mixed,Immune_mixed
AGCTACACAGCCTACG-1,Erythroid,Erythroid
AGCTACACAGGGTCTC-1,Immune_mixed,Immune_mixed
AGCTACACAGTTACCA-1,Immune_mixed,Immune_mixed
AGCTACAGTGTTCGAT-1,Erythroid,Erythroid
AGCTACAGTTACACTG-1,Immune_mixed,Immune_mixed
AGCTACATCCTAAACG-1,Myeloid,Myeloid
AGCTCAAAGGAACTAT-1,Erythroid,Erythroid
AGCTCAACACCAGCGT-1,Erythroid,Erythroid
AGCTCAACAGAAGCTG-1,Immune_mixed,Immune_mixed
AGCTCAACAGATAAAC-1,Immune_mixed,Immune_mixed
AGCTCAACAGCAGAAC-1,Myeloid,Myeloid
AGCTCAACATGAGATA-1,Immune_mixed,Immune_mixed
AGCTCAAGTCCAAGAG-1,Immune_mixed,Immune_mixed
AGCTCAAGTCTATGAC-1,Immune_mixed,Immune_mixed
AGCTCAATCCCTAGGG-1,Erythroid,Erythroid
AGCTCAATCTGCCTCA-1,"B_cells,1",B_cells
AGCTTCCAGACGTCGA-1,Immune_mixed,Immune_mixed
AGCTTCCAGCTACTAC-1,Immune_mixed,Immune_mixed
AGCTTCCAGTGCTAGG-1,Erythroid,Erythroid
AGCTTCCCACGAAGAC-1,Immune_mixed,Immune_mixed
AGCTTCCCACGACTAT-1,Erythroid,Erythroid
AGCTTCCCAGCCTACG-1,"B_cells,0",B_cells
AGCTTCCGTCACAGAG-1,Immune_mixed,Immune_mixed
AGCTTCCGTCCAGCCA-1,Immune_mixed,Immune_mixed
AGCTTCCGTTTCGACA-1,Erythroid,Erythroid
AGCTTCCTCACTCGAA-1,Immune_mixed,Immune_mixed
AGCTTCCTCGTAGTGT-1,Immune_mixed,Immune_mixed
AGGAAATAGATAACAC-1,Immune_mixed,Immune_mixed
AGGAAATAGCTTACGT-1,Immune_mixed,Immune_mixed
AGGAAATCAAACGTGG-1,Immune_mixed,Immune_mixed
AGGAAATCAAGAATAC-1,Immune_mixed,Immune_mixed
AGGAAATCAGTCGGTC-1,"B_cells,0",B_cells
AGGAAATGTGACACAG-1,Immune_mixed,Immune_mixed
AGGAAATTCCCACAGG-1,Immune_mixed,Immune_mixed
AGGAATAAGAGTACCG-1,Immune_mixed,Immune_mixed
AGGAATAAGATCCGAG-1,Immune_mixed,Immune_mixed
AGGAATAAGCCTGAAG-1,Immune_mixed,Immune_mixed
AGGAATAAGTCTAGCT-1,Immune_mixed,Immune_mixed
AGGAATAAGTGGCGAT-1,Immune_mixed,Immune_mixed
AGGAATACAATCGAAA-1,Immune_mixed,Immune_mixed
AGGAATACACCTGCAG-1,Immune_mixed,Immune_mixed
AGGAATAGTCTCAGAT-1,Immune_mixed,Immune_mixed
AGGAATAGTGTTCGTA-1,Immune_mixed,Immune_mixed
AGGAATAGTTTCGACA-1,Myeloid,Myeloid
AGGAATATCATCCTAT-1,Immune_mixed,Immune_mixed
AGGAATATCCTACGAA-1,Immune_mixed,Immune_mixed
AGGAATATCCTGGGTG-1,Immune_mixed,Immune_mixed
AGGAATATCTGCTTTA-1,Immune_mixed,Immune_mixed
AGGACGAAGGAACGTC-1,Immune_mixed,Immune_mixed
AGGACGAAGGCGCTTC-1,Immune_mixed,Immune_mixed
AGGACGAAGTGGCCTC-1,Immune_mixed,Immune_mixed
AGGACGACAGACAAGC-1,"B_cells,0",B_cells
AGGACGACAGGAATCG-1,Immune_mixed,Immune_mixed
AGGACGAGTAACCCGC-1,Immune_mixed,Immune_mixed
AGGACGAGTGAAGCTG-1,Immune_mixed,Immune_mixed
AGGACGAGTTTGGAGG-1,Immune_mixed,Immune_mixed
AGGACGATCCCAATAG-1,Immune_mixed,Immune_mixed
AGGACGATCGCGGTAC-1,Erythroid,Erythroid
AGGACGATCTCGCAGG-1,Immune_mixed,Immune_mixed
AGGACTTAGACATAGT-1,"B_cells,1",B_cells
AGGACTTAGCCTTCTC-1,Immune_mixed,Immune_mixed
AGGACTTAGCGAGTAC-1,Immune_mixed,Immune_mixed
AGGACTTCAAATCCCA-1,Erythroid,Erythroid
AGGACTTCAAGAGATT-1,Immune_mixed,Immune_mixed
AGGACTTCATAATCGC-1,"B_cells,0",B_cells
AGGACTTCATCTCCCA-1,"B_cells,0",B_cells
AGGACTTGTCCCTCAT-1,Immune_mixed,Immune_mixed
AGGACTTGTGACCTGC-1,Immune_mixed,Immune_mixed
AGGACTTGTGCGCTCA-1,Immune_mixed,Immune_mixed
AGGACTTGTTAAGGGC-1,"B_cells,0",B_cells
AGGACTTTCCTTCTTC-1,Immune_mixed,Immune_mixed
AGGACTTTCGGTCAGC-1,Immune_mixed,Immune_mixed
AGGACTTTCTAAGCGT-1,Immune_mixed,Immune_mixed
AGGACTTTCTCCGTGT-1,Immune_mixed,Immune_mixed
AGGAGGTAGCCGATTT-1,Immune_mixed,Immune_mixed
AGGAGGTAGGGAGGAC-1,Immune_mixed,Immune_mixed
AGGAGGTAGTGGACGT-1,Immune_mixed,Immune_mixed
AGGAGGTCAACAAGTA-1,Immune_mixed,Immune_mixed
AGGAGGTGTCAGACTT-1,Immune_mixed,Immune_mixed
AGGAGGTGTCGCGTTG-1,Immune_mixed,Immune_mixed
AGGAGGTGTTCGCGTG-1,Immune_mixed,Immune_mixed
AGGAGGTTCCGACAGC-1,"B_cells,0",B_cells
AGGATAAAGACCAGAC-1,Immune_mixed,Immune_mixed
AGGATAAAGCGCACAA-1,Myeloid,Myeloid
AGGATAAAGGCGTTAG-1,Erythroid,Erythroid
AGGATAAAGGGTGAAA-1,Immune_mixed,Immune_mixed
AGGATAACACCTGCTT-1,"B_cells,0",B_cells
AGGATAACAGCACCCA-1,Immune_mixed,Immune_mixed
AGGATAAGTACCTATG-1,Immune_mixed,Immune_mixed
AGGATAAGTAGAGTTA-1,Immune_mixed,Immune_mixed
AGGATAATCGAACGGA-1,Myeloid,Myeloid
AGGATAATCGTCACCT-1,Erythroid,Erythroid
AGGATCTAGTAATACG-1,"B_cells,0",B_cells
AGGATCTCAGCTGTCG-1,Immune_mixed,Immune_mixed
AGGATCTCATTACTCT-1,Immune_mixed,Immune_mixed
AGGATCTGTAAGTTGA-1,Immune_mixed,Immune_mixed
AGGATCTGTCTGCGCA-1,Immune_mixed,Immune_mixed
AGGATCTGTTCGGGTC-1,Immune_mixed,Immune_mixed
AGGATCTTCCGAGATT-1,Erythroid,Erythroid
AGGATCTTCCTCGCAT-1,Immune_mixed,Immune_mixed
AGGATCTTCGGCACTG-1,Immune_mixed,Immune_mixed
AGGCATTAGCAGGCAT-1,Erythroid,Erythroid
AGGCATTAGCGTCGAA-1,Immune_mixed,Immune_mixed
AGGCATTAGGGCCAAT-1,Immune_mixed,Immune_mixed
AGGCATTAGTAGTCTC-1,Erythroid,Erythroid
AGGCATTCACTTGACA-1,Erythroid,Erythroid
AGGCATTCAGACCCGT-1,"B_cells,1",B_cells
AGGCATTCAGCTGTAT-1,Erythroid,Erythroid
AGGCATTCAGTTGTTG-1,Erythroid,Erythroid
AGGCATTCATGGGTTT-1,"B_cells,1",B_cells
AGGCATTGTGTTTACG-1,"B_cells,0",B_cells
AGGCATTTCAACCTTT-1,Myeloid,Myeloid
AGGCATTTCCCATACC-1,Immune_mixed,Immune_mixed
AGGCATTTCGAACGGA-1,Erythroid,Erythroid
AGGCCACAGATCACCT-1,Immune_mixed,Immune_mixed
AGGCCACAGGCGTTGA-1,Immune_mixed,Immune_mixed
AGGCCACAGGTACAAT-1,Immune_mixed,Immune_mixed
AGGCCACAGTATAGAC-1,Immune_mixed,Immune_mixed
AGGCCACGTCTCGCGA-1,Immune_mixed,Immune_mixed
AGGCCACTCAGAGCAG-1,"B_cells,0",B_cells
AGGCCACTCCGCGAGT-1,Erythroid,Erythroid
AGGCCACTCCGTACGG-1,Myeloid,Myeloid
AGGCCACTCTTGCGCT-1,"B_cells,0",B_cells
AGGCTGCAGTTGTACC-1,Immune_mixed,Immune_mixed
AGGCTGCCATCCGAGC-1,Erythroid,Erythroid
AGGCTGCGTCGCATGC-1,Immune_mixed,Immune_mixed
AGGCTGCGTGGTACAG-1,Myeloid,Myeloid
AGGCTGCTCATCTACT-1,Erythroid,Erythroid
AGGCTGCTCCTACGAA-1,Immune_mixed,Immune_mixed
AGGCTGCTCGCCAGAC-1,"B_cells,0",B_cells
AGGGAGTAGACAGTCG-1,Immune_mixed,Immune_mixed
AGGGAGTAGGATCATA-1,Immune_mixed,Immune_mixed
AGGGAGTAGTTCCATG-1,Immune_mixed,Immune_mixed
AGGGAGTCACGGCTAC-1,Erythroid,Erythroid
AGGGAGTCATCTGTTT-1,Immune_mixed,Immune_mixed
AGGGAGTGTATGAGGC-1,Immune_mixed,Immune_mixed
AGGGAGTGTCCGTACG-1,Immune_mixed,Immune_mixed
AGGGAGTTCAAAGGTA-1,Erythroid,Erythroid
AGGGAGTTCGAAGCCC-1,Myeloid,Myeloid
AGGGAGTTCTATCGCC-1,Immune_mixed,Immune_mixed
AGGGCCTAGTGCGCTC-1,Immune_mixed,Immune_mixed
AGGGCCTCAACAACAA-1,Erythroid,Erythroid
AGGGCCTCAAGTGACG-1,Immune_mixed,Immune_mixed
AGGGCCTCAGAGTTCT-1,Immune_mixed,Immune_mixed
AGGGCCTCAGGCATTT-1,Immune_mixed,Immune_mixed
AGGGCCTGTAACATAG-1,Immune_mixed,Immune_mixed
AGGGCCTGTGACTATC-1,Erythroid,Erythroid
AGGGCCTTCCACGAAT-1,Erythroid,Erythroid
AGGGCCTTCGCTACGG-1,Immune_mixed,Immune_mixed
AGGGCCTTCTCTAAGG-1,Immune_mixed,Immune_mixed
AGGGCTCAGATGTTCC-1,Myeloid,Myeloid
AGGGCTCAGCAGCAGT-1,Immune_mixed,Immune_mixed
AGGGCTCAGCAGTCTT-1,"B_cells,0",B_cells
AGGGCTCAGCTATCCA-1,Immune_mixed,Immune_mixed
AGGGCTCAGTCCCAGC-1,"B_cells,0",B_cells
AGGGCTCAGTTGAATG-1,Immune_mixed,Immune_mixed
AGGGCTCCAATGAACA-1,"B_cells,1",B_cells
AGGGCTCCACAGAGCA-1,Immune_mixed,Immune_mixed
AGGGCTCGTAATACCC-1,Immune_mixed,Immune_mixed
AGGGCTCGTCATCGGC-1,Immune_mixed,Immune_mixed
AGGGCTCGTGATTGGG-1,Immune_mixed,Immune_mixed
AGGGCTCTCAGTCCGG-1,Myeloid,Myeloid
AGGGCTCTCTACCTTA-1,Immune_mixed,Immune_mixed
AGGGTCCAGCGTGAGT-1,Immune_mixed,Immune_mixed
AGGGTCCCAACGAGGT-1,Erythroid,Erythroid
AGGGTCCCAGAGGGTT-1,"B_cells,0",B_cells
AGGGTCCGTATGGTTC-1,Immune_mixed,Immune_mixed
AGGGTCCGTCGAGCAA-1,Immune_mixed,Immune_mixed
AGGGTCCTCGGTATGT-1,Immune_mixed,Immune_mixed
AGGGTCCTCTTCGCTG-1,Erythroid,Erythroid
AGGGTGAAGAGAACCC-1,Immune_mixed,Immune_mixed
AGGGTGAAGCGGACAT-1,Immune_mixed,Immune_mixed
AGGGTGAAGGCTCAAG-1,Immune_mixed,Immune_mixed
AGGGTGACACCAGACC-1,Immune_mixed,Immune_mixed
AGGGTGACACCTGCTT-1,Immune_mixed,Immune_mixed
AGGGTGACACGTGAGA-1,Erythroid,Erythroid
AGGGTGACACTTTATC-1,Erythroid,Erythroid
AGGGTGACAGCCGTCA-1,Immune_mixed,Immune_mixed
AGGGTGAGTTCCTAAG-1,Erythroid,Erythroid
AGGGTGAGTTGTTGTG-1,Immune_mixed,Immune_mixed
AGGGTTTAGACTCATC-1,Immune_mixed,Immune_mixed
AGGGTTTAGATTTGCC-1,Immune_mixed,Immune_mixed
AGGGTTTAGGTCACAG-1,Immune_mixed,Immune_mixed
AGGGTTTAGTTGAAAC-1,Erythroid,Erythroid
AGGGTTTCAGCAGACA-1,Erythroid,Erythroid
AGGGTTTCATAACTCG-1,Erythroid,Erythroid
AGGGTTTGTCGTCAGC-1,Immune_mixed,Immune_mixed
AGGGTTTGTCTGTAGT-1,Immune_mixed,Immune_mixed
AGGGTTTGTTAGAAGT-1,Erythroid,Erythroid
AGGGTTTGTTCTGAGT-1,Erythroid,Erythroid
AGGGTTTTCCATTGGA-1,"B_cells,0",B_cells
AGGGTTTTCCTTCTGG-1,Immune_mixed,Immune_mixed
AGGGTTTTCGTTCGCT-1,Erythroid,Erythroid
AGGTAGGAGTTGGGAC-1,Erythroid,Erythroid
AGGTAGGCACAGAAGC-1,Immune_mixed,Immune_mixed
AGGTAGGGTAAGTTAG-1,Immune_mixed,Immune_mixed
AGGTAGGTCCATTTGT-1,"B_cells,0",B_cells
AGGTCATAGGCCTAGA-1,Immune_mixed,Immune_mixed
AGGTCATAGTTCATGC-1,Immune_mixed,Immune_mixed
AGGTCATCAATGTCAC-1,Erythroid,Erythroid
AGGTCATCACTAGGTT-1,Immune_mixed,Immune_mixed
AGGTCATCAGAGATGC-1,Immune_mixed,Immune_mixed
AGGTCATCATTCTCTA-1,Immune_mixed,Immune_mixed
AGGTCATGTTACAGCT-1,Erythroid,Erythroid
AGGTCATGTTCCACAA-1,"B_cells,0",B_cells
AGGTCATTCAAGAGGC-1,Immune_mixed,Immune_mixed
AGGTCATTCACATTGG-1,Immune_mixed,Immune_mixed
AGGTCATTCCGAGAAG-1,Immune_mixed,Immune_mixed
AGGTCTAAGCTTTCTT-1,Immune_mixed,Immune_mixed
AGGTCTAAGGGCATGT-1,Immune_mixed,Immune_mixed
AGGTCTACAGATTTCG-1,Erythroid,Erythroid
AGGTCTACATGCTGCG-1,Immune_mixed,Immune_mixed
AGGTCTAGTACCCGAC-1,"B_cells,0",B_cells
AGGTCTAGTCGTGGAA-1,Immune_mixed,Immune_mixed
AGGTCTATCCCGTTCA-1,Erythroid,Erythroid
AGGTCTATCCTATTGT-1,Erythroid,Erythroid
AGGTCTATCTCGCTCA-1,Immune_mixed,Immune_mixed
AGGTGTTAGCCTCATA-1,Myeloid,Myeloid
AGGTGTTAGCTGTTAC-1,Immune_mixed,Immune_mixed
AGGTGTTCAGTGTACT-1,Immune_mixed,Immune_mixed
AGGTGTTGTGAGACCA-1,"B_cells,0",B_cells
AGGTGTTGTGTCCAAT-1,Immune_mixed,Immune_mixed
AGGTGTTGTTCTAAGC-1,Erythroid,Erythroid
AGGTGTTGTTTGGAAA-1,Immune_mixed,Immune_mixed
AGGTGTTTCAGCATTG-1,Immune_mixed,Immune_mixed
AGGTGTTTCCAGCACG-1,Immune_mixed,Immune_mixed
AGGTGTTTCGTAGGAG-1,Erythroid,Erythroid
AGGTTACAGGTACATA-1,Immune_mixed,Immune_mixed
AGGTTACCAAACTCTG-1,Erythroid,Erythroid
AGGTTACCACTGATTG-1,Immune_mixed,Immune_mixed
AGGTTACCACTGTGTA-1,Erythroid,Erythroid
AGGTTACCAGGCACAA-1,Immune_mixed,Immune_mixed
AGGTTACCATCGATAC-1,Erythroid,Erythroid
AGGTTACGTCTCGGGT-1,Immune_mixed,Immune_mixed
AGGTTACGTTGCATGT-1,Immune_mixed,Immune_mixed
AGGTTACGTTTCACAG-1,Erythroid,Erythroid
AGGTTACTCATGCCAA-1,"B_cells,1",B_cells
AGGTTACTCTATTGTC-1,Immune_mixed,Immune_mixed
AGGTTGTAGCGACATG-1,Immune_mixed,Immune_mixed
AGGTTGTAGCGCCTCA-1,Immune_mixed,Immune_mixed
AGGTTGTAGCTGGTGA-1,Immune_mixed,Immune_mixed
AGGTTGTAGTGGACTG-1,Erythroid,Erythroid
AGGTTGTCAGCGAGTA-1,Erythroid,Erythroid
AGGTTGTCATCACAGT-1,Erythroid,Erythroid
AGGTTGTGTCAAATCC-1,Erythroid,Erythroid
AGGTTGTGTCTGTAAC-1,Immune_mixed,Immune_mixed
AGGTTGTTCCATGCAA-1,Immune_mixed,Immune_mixed
AGGTTGTTCCTCTCTT-1,Immune_mixed,Immune_mixed
AGGTTGTTCGACGATT-1,Immune_mixed,Immune_mixed
AGTAACCAGAGGGCGA-1,Immune_mixed,Immune_mixed
AGTAACCAGATCGACG-1,Immune_mixed,Immune_mixed
AGTAACCCACAAATCC-1,Erythroid,Erythroid
AGTAACCCATCATTGG-1,Erythroid,Erythroid
AGTAACCGTCACGTGC-1,"B_cells,0",B_cells
AGTAACCGTCAGGAGT-1,Immune_mixed,Immune_mixed
AGTAACCGTGTTTACG-1,"B_cells,1",B_cells
AGTAACCGTTAAGAAC-1,Myeloid,Myeloid
AGTAACCGTTTAGAGA-1,"B_cells,0",B_cells
AGTAACCTCAAGGACG-1,Immune_mixed,Immune_mixed
AGTAACCTCACCGGGT-1,Erythroid,Erythroid
AGTAACCTCCGGACGT-1,Immune_mixed,Immune_mixed
AGTAACCTCTCTCAAT-1,Immune_mixed,Immune_mixed
AGTACCAAGAGAGAAC-1,"B_cells,1",B_cells
AGTACCAAGCCAGACA-1,Immune_mixed,Immune_mixed
AGTACCAAGCTAGTTC-1,Immune_mixed,Immune_mixed
AGTACCACAGCGTATT-1,Immune_mixed,Immune_mixed
AGTACCACATGGGAAC-1,Immune_mixed,Immune_mixed
AGTACCATCAGAGCAG-1,"B_cells,0",B_cells
AGTACCATCAGCACCG-1,Immune_mixed,Immune_mixed
AGTACCATCGGTTGTA-1,Immune_mixed,Immune_mixed
AGTACCATCTGACAGT-1,"B_cells,0",B_cells
AGTACTGAGACAGTCG-1,Erythroid,Erythroid
AGTACTGAGCCTATTG-1,Immune_mixed,Immune_mixed
AGTACTGAGGTTAAAC-1,Immune_mixed,Immune_mixed
AGTACTGCAATCGAAA-1,Immune_mixed,Immune_mixed
AGTACTGGTACGGCAA-1,Immune_mixed,Immune_mixed
AGTACTGGTCTTCATT-1,Immune_mixed,Immune_mixed
AGTACTGGTGTCCATA-1,Immune_mixed,Immune_mixed
AGTACTGTCTTACTGT-1,Immune_mixed,Immune_mixed
AGTAGCTCAACACAAA-1,Erythroid,Erythroid
AGTAGCTCATGGGATG-1,Immune_mixed,Immune_mixed
AGTAGCTCATTACGGT-1,Immune_mixed,Immune_mixed
AGTAGCTGTAGACAAT-1,Myeloid,Myeloid
AGTAGCTGTGGAATGC-1,Erythroid,Erythroid
AGTAGCTGTTTGTGGT-1,Immune_mixed,Immune_mixed
AGTAGCTTCGGTCGAC-1,"B_cells,0",B_cells
AGTAGTCAGAAGATCT-1,Myeloid,Myeloid
AGTAGTCCACAGTGAG-1,Immune_mixed,Immune_mixed
AGTAGTCCATGAATAG-1,Immune_mixed,Immune_mixed
AGTAGTCCATGCAGGA-1,Immune_mixed,Immune_mixed
AGTAGTCGTGTGACCC-1,Myeloid,Myeloid
AGTAGTCGTTATCTTC-1,Immune_mixed,Immune_mixed
AGTAGTCGTTGTCATG-1,Immune_mixed,Immune_mixed
AGTAGTCTCGTAACAC-1,Immune_mixed,Immune_mixed
AGTCAACAGAGGACTC-1,Immune_mixed,Immune_mixed
AGTCAACAGATGCTGG-1,Immune_mixed,Immune_mixed
AGTCAACAGATTGTGA-1,Immune_mixed,Immune_mixed
AGTCAACAGTAGCATA-1,Erythroid,Erythroid
AGTCAACCATGAGAAT-1,Immune_mixed,Immune_mixed
AGTCAACCATGGCTAT-1,Immune_mixed,Immune_mixed
AGTCAACGTCTAACTG-1,Immune_mixed,Immune_mixed
AGTCAACGTGCACGCT-1,Immune_mixed,Immune_mixed
AGTCAACGTTAATCGC-1,Erythroid,Erythroid
AGTCACAAGACGCCAA-1,Erythroid,Erythroid
AGTCACAAGCAGCCTC-1,Erythroid,Erythroid
AGTCACAAGGCCTAGA-1,Immune_mixed,Immune_mixed
AGTCACAAGTATTCCG-1,Erythroid,Erythroid
AGTCACAAGTGTCATC-1,Immune_mixed,Immune_mixed
AGTCACACAAACCATC-1,Erythroid,Erythroid
AGTCACACAATACCCA-1,Immune_mixed,Immune_mixed
AGTCACACAGAACTTC-1,Erythroid,Erythroid
AGTCACACAGGTGTGA-1,Immune_mixed,Immune_mixed
AGTCACAGTCGTCATA-1,Immune_mixed,Immune_mixed
AGTCACAGTCGTTCAA-1,Immune_mixed,Immune_mixed
AGTCACAGTTATGGTC-1,Immune_mixed,Immune_mixed
AGTCACATCACTACGA-1,Immune_mixed,Immune_mixed
AGTCACATCCTCACTG-1,"B_cells,0",B_cells
AGTCACATCCTCGCAT-1,"B_cells,0",B_cells
AGTCACATCTCATGCC-1,Erythroid,Erythroid
AGTCATGAGATTACCC-1,Immune_mixed,Immune_mixed
AGTCATGCAGATCCTA-1,Immune_mixed,Immune_mixed
AGTCATGGTCGTCGGT-1,"B_cells,0",B_cells
AGTCATGTCCAAGCAT-1,Immune_mixed,Immune_mixed
AGTCATGTCCATTCAT-1,Immune_mixed,Immune_mixed
AGTCTCCAGGAGGGTG-1,Erythroid,Erythroid
AGTCTCCAGTCCCAGC-1,Immune_mixed,Immune_mixed
AGTCTCCCAAGACAAT-1,Erythroid,Erythroid
AGTCTCCCAGCCGTCA-1,Immune_mixed,Immune_mixed
AGTCTCCCAGTTGTTG-1,Erythroid,Erythroid
AGTCTCCTCAGGAAAT-1,Erythroid,Erythroid
AGTCTCCTCGGTAACT-1,Immune_mixed,Immune_mixed
AGTCTCCTCTGCTTTA-1,Immune_mixed,Immune_mixed
AGTGACTAGACCTCCG-1,Immune_mixed,Immune_mixed
AGTGACTCAGGTCTCG-1,Immune_mixed,Immune_mixed
AGTGACTCATACCACA-1,Immune_mixed,Immune_mixed
AGTGATCCAAGTTTGC-1,Immune_mixed,Immune_mixed
AGTGATCCACGCAGTC-1,"B_cells,1",B_cells
AGTGATCGTAAGATTG-1,"B_cells,0",B_cells
AGTGATCGTCACCCTT-1,Myeloid,Myeloid
AGTGATCGTCTACAAC-1,Erythroid,Erythroid
AGTGATCGTTTCGTTT-1,Erythroid,Erythroid
AGTGATCTCACAAGGG-1,Erythroid,Erythroid
AGTGATCTCACCTCGT-1,Immune_mixed,Immune_mixed
AGTGATCTCCACGGGT-1,Immune_mixed,Immune_mixed
AGTGATCTCTTCGCTG-1,Erythroid,Erythroid
AGTGCCGAGCAGCACA-1,Immune_mixed,Immune_mixed
AGTGCCGAGGAATGTT-1,Immune_mixed,Immune_mixed
AGTGCCGCATCAGTGT-1,Immune_mixed,Immune_mixed
AGTGCCGGTACCGTCG-1,Immune_mixed,Immune_mixed
AGTGCCGGTCTGTAGT-1,Immune_mixed,Immune_mixed
AGTGCCGTCAGCCCAG-1,Myeloid,Myeloid
AGTGCCGTCCGTTGAA-1,"B_cells,0",B_cells
AGTGCCGTCTGCATAG-1,Erythroid,Erythroid
AGTGCCGTCTGCGATA-1,Erythroid,Erythroid
AGTGCCGTCTGCTGAA-1,Immune_mixed,Immune_mixed
AGTGTTGAGAACTCCT-1,Immune_mixed,Immune_mixed
AGTGTTGAGCCATGCC-1,Erythroid,Erythroid
AGTGTTGAGTGCAGCA-1,"B_cells,1",B_cells
AGTGTTGCAAGGCCTC-1,Immune_mixed,Immune_mixed
AGTGTTGCAATACCCA-1,Immune_mixed,Immune_mixed
AGTGTTGCAGGACATG-1,Immune_mixed,Immune_mixed
AGTGTTGGTAGGACTG-1,Immune_mixed,Immune_mixed
AGTGTTGGTGGCTCTG-1,Immune_mixed,Immune_mixed
AGTGTTGGTTACAGCT-1,"B_cells,0",B_cells
AGTGTTGTCGCTATTT-1,Immune_mixed,Immune_mixed
AGTTAGCAGCTGCCTG-1,Immune_mixed,Immune_mixed
AGTTAGCCAAAGGTTA-1,Myeloid,Myeloid
AGTTAGCCAATGTCAC-1,Immune_mixed,Immune_mixed
AGTTAGCCAGTGGTGA-1,Immune_mixed,Immune_mixed
AGTTAGCGTGAGGAAA-1,Erythroid,Erythroid
AGTTAGCGTGTTGAGG-1,Immune_mixed,Immune_mixed
AGTTAGCGTTCACGAT-1,Immune_mixed,Immune_mixed
AGTTAGCTCGAGATGG-1,Immune_mixed,Immune_mixed
AGTTCCCAGTTGCCTA-1,"B_cells,0",B_cells
AGTTCCCCAAATGCTC-1,Erythroid,Erythroid
AGTTCCCGTACGACTT-1,Immune_mixed,Immune_mixed
AGTTCCCGTCGGTGAA-1,Immune_mixed,Immune_mixed
AGTTCCCTCCGTGGGT-1,Immune_mixed,Immune_mixed
AGTTCGAAGACTACCT-1,Immune_mixed,Immune_mixed
AGTTCGAAGAGTGAAG-1,Immune_mixed,Immune_mixed
AGTTCGAAGTCCCGAC-1,Myeloid,Myeloid
AGTTCGACAAGGTTGG-1,Immune_mixed,Immune_mixed
AGTTCGACAATGAGCG-1,"B_cells,0",B_cells
AGTTCGACACGATAGG-1,Immune_mixed,Immune_mixed
AGTTCGATCCAGTGTA-1,Immune_mixed,Immune_mixed
AGTTCGATCTGTACAG-1,Immune_mixed,Immune_mixed
ATACCGAAGAGGGTCT-1,Immune_mixed,Immune_mixed
ATACCGAAGCGTGAGT-1,"B_cells,0",B_cells
ATACCGAGTGAATGTA-1,Immune_mixed,Immune_mixed
ATACCGAGTTGCGAAG-1,Immune_mixed,Immune_mixed
ATACCGATCCATTGTT-1,Myeloid,Myeloid
ATACCGATCCGGTTCT-1,Erythroid,Erythroid
ATACCGATCGAGCCTG-1,Immune_mixed,Immune_mixed
ATACCGATCTGGGTCG-1,"B_cells,1",B_cells
ATACCTTCAATCGCCG-1,Erythroid,Erythroid
ATACCTTCAGACGGAT-1,Immune_mixed,Immune_mixed
ATACCTTGTATGGGAC-1,"B_cells,0",B_cells
ATACCTTGTCAACCAT-1,"B_cells,0",B_cells
ATACCTTGTGGCTTAT-1,Immune_mixed,Immune_mixed
ATACCTTGTTTACACG-1,Immune_mixed,Immune_mixed
ATACCTTTCAAGAGGC-1,Erythroid,Erythroid
ATACCTTTCGACGTCG-1,Erythroid,Erythroid
ATACTTCAGCACTTTG-1,Immune_mixed,Immune_mixed
ATACTTCAGCGTGAGT-1,Immune_mixed,Immune_mixed
ATACTTCAGCTTGTTG-1,Immune_mixed,Immune_mixed
ATACTTCAGGGCCTCT-1,Immune_mixed,Immune_mixed
ATACTTCCAAGGCCTC-1,Immune_mixed,Immune_mixed
ATACTTCCACTTTAGG-1,Erythroid,Erythroid
ATACTTCCATGAATAG-1,"B_cells,0",B_cells
ATACTTCCATTCAGCA-1,Immune_mixed,Immune_mixed
ATACTTCGTAACGATA-1,Immune_mixed,Immune_mixed
ATACTTCGTGGATCAG-1,Immune_mixed,Immune_mixed
ATACTTCTCGGACGTC-1,"B_cells,1",B_cells
ATACTTCTCTACCCAC-1,Immune_mixed,Immune_mixed
ATAGACCAGAGTGAAG-1,Immune_mixed,Immune_mixed
ATAGACCAGATTGGGC-1,Immune_mixed,Immune_mixed
ATAGACCAGGAAAGGT-1,Myeloid,Myeloid
ATAGACCAGGGAGGGT-1,Immune_mixed,Immune_mixed
ATAGACCAGGTACAGC-1,Immune_mixed,Immune_mixed
ATAGACCAGGTGAGAA-1,Erythroid,Erythroid
ATAGACCCAACCGACC-1,Immune_mixed,Immune_mixed
ATAGACCCAATAACGA-1,Erythroid,Erythroid
ATAGACCCACCAATTG-1,Immune_mixed,Immune_mixed
ATAGACCCAGGGAGAG-1,Immune_mixed,Immune_mixed
ATAGACCGTACACGTT-1,Immune_mixed,Immune_mixed
ATAGACCGTCGAAACG-1,Immune_mixed,Immune_mixed
ATAGACCTCAATGTCG-1,Immune_mixed,Immune_mixed
ATAGACCTCTGCGATA-1,Erythroid,Erythroid
ATAGAGAAGAAGCTGC-1,Immune_mixed,Immune_mixed
ATAGAGAAGCAATTAG-1,"B_cells,0",B_cells
ATAGAGACAGACCCGT-1,Immune_mixed,Immune_mixed
ATAGAGAGTAGCTTGT-1,Erythroid,Erythroid
ATAGAGATCAGCTTGA-1,Myeloid,Myeloid
ATAGAGATCGTCCTCA-1,Erythroid,Erythroid
ATAGGCTCATCTCAAG-1,Immune_mixed,Immune_mixed
ATAGGCTGTAACACGG-1,Erythroid,Erythroid
ATAGGCTGTAGAATGT-1,Erythroid,Erythroid
ATAGGCTGTGTTCGTA-1,Immune_mixed,Immune_mixed
ATAGGCTTCACCTCGT-1,Immune_mixed,Immune_mixed
ATAGGCTTCCTAGCTC-1,Immune_mixed,Immune_mixed
ATATCCTAGACCAAGC-1,Erythroid,Erythroid
ATATCCTAGACCATAA-1,Immune_mixed,Immune_mixed
ATATCCTAGACTCAAA-1,Erythroid,Erythroid
ATATCCTAGCCGTCGT-1,Erythroid,Erythroid
ATATCCTAGCTCGACC-1,Immune_mixed,Immune_mixed
ATATCCTAGCTTCTAG-1,Immune_mixed,Immune_mixed
ATATCCTAGGCAGTCA-1,Immune_mixed,Immune_mixed
ATATCCTAGGGCAACT-1,Immune_mixed,Immune_mixed
ATATCCTAGGTGATCG-1,Immune_mixed,Immune_mixed
ATATCCTCAACTTGCA-1,Myeloid,Myeloid
ATATCCTCAAGCGGAT-1,Erythroid,Erythroid
ATATCCTCAAGGTCTT-1,Immune_mixed,Immune_mixed
ATATCCTCATCAGCGC-1,Erythroid,Erythroid
ATATCCTGTATAGCTC-1,"B_cells,0",B_cells
ATATCCTGTATCCTCC-1,Erythroid,Erythroid
ATATCCTGTCAGATTC-1,Immune_mixed,Immune_mixed
ATATCCTGTCATTCCC-1,Immune_mixed,Immune_mixed
ATATCCTTCATTACTC-1,Erythroid,Erythroid
ATATCCTTCATTCATC-1,Erythroid,Erythroid
ATATCCTTCCATGCAA-1,Immune_mixed,Immune_mixed
ATATCCTTCTAGTTCT-1,Myeloid,Myeloid
ATATCCTTCTTCGTAT-1,Immune_mixed,Immune_mixed
ATCACAGAGAGGTTAT-1,Immune_mixed,Immune_mixed
ATCACAGAGGCGCTCT-1,Immune_mixed,Immune_mixed
ATCACAGAGGTGCCAA-1,Immune_mixed,Immune_mixed
ATCACAGCAGCACGAA-1,Immune_mixed,Immune_mixed
ATCACAGCAGCGTTGC-1,Immune_mixed,Immune_mixed
ATCACAGGTCGAAACG-1,Immune_mixed,Immune_mixed
ATCACAGGTGTAAATG-1,Immune_mixed,Immune_mixed
ATCACAGTCGCCTTTG-1,Immune_mixed,Immune_mixed
ATCACAGTCGGACCAC-1,Erythroid,Erythroid
ATCACGAAGAGCATCG-1,Immune_mixed,Immune_mixed
ATCACGAAGGCGCTCT-1,Immune_mixed,Immune_mixed
ATCACGACACAAATCC-1,Immune_mixed,Immune_mixed
ATCACGACACAGAGAC-1,Immune_mixed,Immune_mixed
ATCACGACATCAGCAT-1,Immune_mixed,Immune_mixed
ATCACGAGTAACCAGG-1,Immune_mixed,Immune_mixed
ATCACGAGTATCGTAC-1,Immune_mixed,Immune_mixed
ATCACGAGTCTCGGGT-1,"B_cells,0",B_cells
ATCACGAGTGAGAGGG-1,Immune_mixed,Immune_mixed
ATCACGATCAAAGGTA-1,Erythroid,Erythroid
ATCACGATCGAGTTGT-1,Immune_mixed,Immune_mixed
ATCACGATCTAGAACC-1,"B_cells,0",B_cells
ATCACTTAGAAGAGCA-1,"B_cells,1",B_cells
ATCACTTAGGCTTAAA-1,Immune_mixed,Immune_mixed
ATCACTTAGTATTGCC-1,Immune_mixed,Immune_mixed
ATCACTTAGTCAACAA-1,Immune_mixed,Immune_mixed
ATCACTTCAGAATGTA-1,"B_cells,0",B_cells
ATCACTTGTACGATCT-1,Immune_mixed,Immune_mixed
ATCACTTGTGAGTCAG-1,Erythroid,Erythroid
ATCACTTTCGAGATGG-1,Erythroid,Erythroid
ATCACTTTCGGATAAA-1,Immune_mixed,Immune_mixed
ATCACTTTCGTTCTAT-1,Erythroid,Erythroid
ATCAGGTCACCGCTGA-1,Immune_mixed,Immune_mixed
ATCAGGTCAGCAGAAC-1,Immune_mixed,Immune_mixed
ATCAGGTCATCTGCGG-1,Erythroid,Erythroid
ATCAGGTGTGATCATC-1,Immune_mixed,Immune_mixed
ATCAGGTTCAAGTGTC-1,Immune_mixed,Immune_mixed
ATCAGGTTCGCGTTTC-1,Immune_mixed,Immune_mixed
ATCAGGTTCGGTATGT-1,"B_cells,0",B_cells
ATCATTCCATCAACCA-1,Immune_mixed,Immune_mixed
ATCATTCCATCGATCA-1,Immune_mixed,Immune_mixed
ATCATTCCATTGACAC-1,Erythroid,Erythroid
ATCATTCGTCCAATCA-1,Immune_mixed,Immune_mixed
ATCATTCTCAGACAAA-1,Immune_mixed,Immune_mixed
ATCATTCTCAGACATC-1,Immune_mixed,Immune_mixed
ATCATTCTCTTGGTCC-1,Immune_mixed,Immune_mixed
ATCCACCCACCTATCC-1,Immune_mixed,Immune_mixed
ATCCACCCATGACCCG-1,Immune_mixed,Immune_mixed
ATCCACCGTTCAGCTA-1,Immune_mixed,Immune_mixed
ATCCACCTCAGCCTTC-1,Immune_mixed,Immune_mixed
ATCCACCTCCGTGGGT-1,Erythroid,Erythroid
ATCCACCTCGTTCCCA-1,Immune_mixed,Immune_mixed
ATCCATTAGGCCCAAA-1,Immune_mixed,Immune_mixed
ATCCATTGTCAACATC-1,Immune_mixed,Immune_mixed
ATCCATTGTTGAATCC-1,Immune_mixed,Immune_mixed
ATCCATTGTTTCGATG-1,Erythroid,Erythroid
ATCCATTTCAACTGGT-1,Erythroid,Erythroid
ATCCATTTCATTTCCA-1,Immune_mixed,Immune_mixed
ATCCCTGAGCGCCTTG-1,Erythroid,Erythroid
ATCCCTGGTGTGTCGC-1,Immune_mixed,Immune_mixed
ATCCCTGGTTCAGCTA-1,Immune_mixed,Immune_mixed
ATCCCTGTCAATCCAG-1,Immune_mixed,Immune_mixed
ATCCCTGTCAGTGGGA-1,Immune_mixed,Immune_mixed
ATCCCTGTCTCCCAAC-1,Immune_mixed,Immune_mixed
ATCCGTCAGAGCACTG-1,"B_cells,1",B_cells
ATCCGTCAGAGCATAT-1,"B_cells,0",B_cells
ATCCGTCAGCTAAATG-1,Erythroid,Erythroid
ATCCGTCAGGATTTCC-1,Immune_mixed,Immune_mixed
ATCCGTCAGTAATACG-1,"B_cells,0",B_cells
ATCCGTCAGTGCCAGA-1,Immune_mixed,Immune_mixed
ATCCGTCGTACAAACA-1,"B_cells,1",B_cells
ATCCGTCGTCTACACA-1,Immune_mixed,Immune_mixed
ATCCGTCTCAAGGACG-1,Immune_mixed,Immune_mixed
ATCCTATAGTTTCTTC-1,Erythroid,Erythroid
ATCCTATGTCTCGGGT-1,Immune_mixed,Immune_mixed
ATCCTATGTGGTTCTA-1,Immune_mixed,Immune_mixed
ATCCTATTCGTAGTCA-1,Erythroid,Erythroid
ATCCTATTCGTGGCTG-1,"B_cells,1",B_cells
ATCGATGAGCTGTTAC-1,Immune_mixed,Immune_mixed
ATCGATGCAAGGCTTT-1,Myeloid,Myeloid
ATCGATGCATAGTCGT-1,Immune_mixed,Immune_mixed
ATCGATGGTCTAGATC-1,Immune_mixed,Immune_mixed
ATCGATGGTTATTCTC-1,Immune_mixed,Immune_mixed
ATCGATGTCCAGTGTA-1,"B_cells,1",B_cells
ATCGCCTAGATGCTGG-1,Immune_mixed,Immune_mixed
ATCGCCTAGGCACGAT-1,Myeloid,Myeloid
ATCGCCTAGGTCGTCC-1,"B_cells,0",B_cells
ATCGCCTCATTGAGGG-1,Erythroid,Erythroid
ATCGCCTTCCCGAAAT-1,Immune_mixed,Immune_mixed
ATCGCCTTCGGACTGC-1,Immune_mixed,Immune_mixed
ATCGCCTTCGGTCGGT-1,Erythroid,Erythroid
ATCGCCTTCGTAACAC-1,Immune_mixed,Immune_mixed
ATCGCCTTCTTGGTCC-1,Immune_mixed,Immune_mixed
ATCGGATAGATGACAT-1,"B_cells,1",B_cells
ATCGGATCAAGTATCC-1,Erythroid,Erythroid
ATCGGATGTTTATGCG-1,Immune_mixed,Immune_mixed
ATCGGATTCCATCAGA-1,Erythroid,Erythroid
ATCGGATTCGGATTAC-1,Erythroid,Erythroid
ATCGGATTCTACAGGT-1,Erythroid,Erythroid
ATCGGATTCTCTTCAA-1,Erythroid,Erythroid
ATCGGCGAGAACCGCA-1,Immune_mixed,Immune_mixed
ATCGGCGAGGGTAATT-1,Immune_mixed,Immune_mixed
ATCGGCGCATGACGGA-1,Immune_mixed,Immune_mixed
ATCGGCGGTCGAACGA-1,"B_cells,1",B_cells
ATCGGCGGTTTACTTC-1,"B_cells,0",B_cells
ATCGGCGTCACTCTTA-1,"B_cells,1",B_cells
ATCGGCGTCATGGCCG-1,Erythroid,Erythroid
ATCGGCGTCCATCACC-1,Immune_mixed,Immune_mixed
ATCGGCGTCCCAACTC-1,Immune_mixed,Immune_mixed
ATCGGCGTCCTCAGGG-1,Erythroid,Erythroid
ATCGTAGAGAAACTCA-1,Immune_mixed,Immune_mixed
ATCGTAGAGATCCTAC-1,Immune_mixed,Immune_mixed
ATCGTAGAGGATGAGA-1,Immune_mixed,Immune_mixed
ATCGTAGCACATCATG-1,Immune_mixed,Immune_mixed
ATCGTAGCAGAGTAAT-1,"B_cells,0",B_cells
ATCGTAGCAGCAGACA-1,Immune_mixed,Immune_mixed
ATCGTAGGTGACGCCT-1,Immune_mixed,Immune_mixed
ATCGTAGGTTTCGATG-1,Immune_mixed,Immune_mixed
ATCGTAGTCAGACCGC-1,Immune_mixed,Immune_mixed
ATCGTAGTCCGGTAAT-1,Immune_mixed,Immune_mixed
ATCGTAGTCGACACCG-1,Erythroid,Erythroid
ATCGTAGTCTCCTGTG-1,"B_cells,0",B_cells
ATCGTAGTCTCGCCTA-1,Erythroid,Erythroid
ATCGTCCAGACCAAAT-1,Immune_mixed,Immune_mixed
ATCGTCCAGGTTGCCC-1,Erythroid,Erythroid
ATCGTCCAGTCATGAA-1,"B_cells,0",B_cells
ATCGTCCCATCGGTTA-1,Erythroid,Erythroid
ATCGTCCCATTAGGAA-1,Immune_mixed,Immune_mixed
ATCGTCCGTCAGGCAA-1,Erythroid,Erythroid
ATCGTCCTCATCCCGT-1,Immune_mixed,Immune_mixed
ATCGTCCTCGACGATT-1,"B_cells,1",B_cells
ATCGTCCTCTACGCGG-1,Immune_mixed,Immune_mixed
ATCGTGAAGAGGCGGA-1,Erythroid,Erythroid
ATCGTGAAGCCGCTTG-1,Erythroid,Erythroid
ATCGTGAAGCGCTGAA-1,Immune_mixed,Immune_mixed
ATCGTGAAGGTAGTAT-1,Immune_mixed,Immune_mixed
ATCGTGACAAAGACGC-1,Immune_mixed,Immune_mixed
ATCGTGACATAAGCAA-1,Immune_mixed,Immune_mixed
ATCGTGAGTTCTAAGC-1,Immune_mixed,Immune_mixed
ATCGTGAGTTTACTGG-1,Immune_mixed,Immune_mixed
ATCGTGATCACGACTA-1,Immune_mixed,Immune_mixed
ATCTCTAAGGCTTTCA-1,Immune_mixed,Immune_mixed
ATCTCTAAGTATGAGT-1,Immune_mixed,Immune_mixed
ATCTCTACACTAACGT-1,Immune_mixed,Immune_mixed
ATCTCTACAGTAACGG-1,Immune_mixed,Immune_mixed
ATCTCTACATACTGAC-1,Erythroid,Erythroid
ATCTCTACATAGCTGT-1,Erythroid,Erythroid
ATCTCTAGTCAACCAT-1,Erythroid,Erythroid
ATCTCTAGTCAGGTAG-1,Erythroid,Erythroid
ATCTCTATCAGCTGAT-1,Immune_mixed,Immune_mixed
ATCTCTATCATCCTAT-1,Immune_mixed,Immune_mixed
ATCTCTATCCGATAGT-1,Immune_mixed,Immune_mixed
ATCTCTATCCTTCTGG-1,Erythroid,Erythroid
ATCTTCAAGGACCCAA-1,Immune_mixed,Immune_mixed
ATCTTCAAGTCACTGT-1,Immune_mixed,Immune_mixed
ATCTTCAAGTGATAAC-1,Immune_mixed,Immune_mixed
ATCTTCACAAAGGAGA-1,Immune_mixed,Immune_mixed
ATCTTCACACGAGAAC-1,"B_cells,0",B_cells
ATCTTCACAGAACCGA-1,Immune_mixed,Immune_mixed
ATCTTCACATTGCAAC-1,Immune_mixed,Immune_mixed
ATCTTCAGTATTCCTT-1,Immune_mixed,Immune_mixed
ATCTTCAGTGACAGCA-1,Erythroid,Erythroid
ATCTTCAGTTTCGCTC-1,Immune_mixed,Immune_mixed
ATCTTCATCCCAAGTA-1,Erythroid,Erythroid
ATGAAAGAGATCGACG-1,Erythroid,Erythroid
ATGAAAGAGCATGTTC-1,Erythroid,Erythroid
ATGAAAGAGCGCCATC-1,Immune_mixed,Immune_mixed
ATGAAAGAGGCACAAC-1,Immune_mixed,Immune_mixed
ATGAAAGCAACCACAT-1,Immune_mixed,Immune_mixed
ATGAAAGGTACGCGTC-1,Immune_mixed,Immune_mixed
ATGAAAGGTGCCTAAT-1,Erythroid,Erythroid
ATGAAAGTCACCTTAT-1,Erythroid,Erythroid
ATGAAAGTCATTATCC-1,Immune_mixed,Immune_mixed
ATGAAAGTCCAGTGCG-1,Immune_mixed,Immune_mixed
ATGAAAGTCTACCACC-1,Erythroid,Erythroid
ATGAAAGTCTATACTC-1,Erythroid,Erythroid
ATGACCAAGCCTTTGA-1,Immune_mixed,Immune_mixed
ATGACCAAGTTTCAGC-1,Immune_mixed,Immune_mixed
ATGACCAGTACACGCC-1,Immune_mixed,Immune_mixed
ATGACCAGTAGTCACT-1,Immune_mixed,Immune_mixed
ATGACCAGTCATACCA-1,Immune_mixed,Immune_mixed
ATGACCAGTCCCTCAT-1,Immune_mixed,Immune_mixed
ATGACCATCTTCGACC-1,Erythroid,Erythroid
ATGAGGGAGAGTCGAC-1,Immune_mixed,Immune_mixed
ATGAGGGAGGTTCATC-1,Immune_mixed,Immune_mixed
ATGAGGGAGTCCCGAC-1,Erythroid,Erythroid
ATGAGGGAGTCTGCAT-1,Immune_mixed,Immune_mixed
ATGAGGGCATTCACAG-1,Immune_mixed,Immune_mixed
ATGAGGGGTTCTAACG-1,Immune_mixed,Immune_mixed
ATGAGGGGTTCTCCAC-1,Myeloid,Myeloid
ATGAGGGGTTGGGCCT-1,Immune_mixed,Immune_mixed
ATGAGGGTCCATGAGT-1,Immune_mixed,Immune_mixed
ATGAGGGTCGCTCATC-1,Immune_mixed,Immune_mixed
ATGAGGGTCGGTGAAG-1,Immune_mixed,Immune_mixed
ATGAGGGTCTACTATC-1,Immune_mixed,Immune_mixed
ATGAGTCAGACGACGT-1,Erythroid,Erythroid
ATGAGTCAGCTTTGTG-1,Erythroid,Erythroid
ATGAGTCAGGAAAGGT-1,Immune_mixed,Immune_mixed
ATGAGTCAGGTAAACT-1,"B_cells,1",B_cells
ATGAGTCAGTGAGTGC-1,Erythroid,Erythroid
ATGAGTCCAGCGGATA-1,Immune_mixed,Immune_mixed
ATGAGTCGTGTTCGTA-1,Erythroid,Erythroid
ATGAGTCTCATTCATC-1,Immune_mixed,Immune_mixed
ATGAGTCTCCGCTGTT-1,Immune_mixed,Immune_mixed
ATGATCGAGCCATCCG-1,Immune_mixed,Immune_mixed
ATGATCGAGCCGAACA-1,Immune_mixed,Immune_mixed
ATGATCGAGGTCTACT-1,Immune_mixed,Immune_mixed
ATGATCGCACTTGAAC-1,Erythroid,Erythroid
ATGATCGCATCCCGTT-1,Immune_mixed,Immune_mixed
ATGATCGGTAGGAGGG-1,Immune_mixed,Immune_mixed
ATGATCGTCGTTCTAT-1,Immune_mixed,Immune_mixed
ATGATCGTCTCACGAA-1,Immune_mixed,Immune_mixed
ATGCATGAGACCTCCG-1,Myeloid,Myeloid
ATGCATGAGAGCATAT-1,Immune_mixed,Immune_mixed
ATGCATGAGCAGTACG-1,Erythroid,Erythroid
ATGCATGGTGGTCTGC-1,"B_cells,0",B_cells
ATGCATGGTTTGTTGG-1,Myeloid,Myeloid
ATGCATGTCTTTCAGT-1,Erythroid,Erythroid
ATGCCTCAGAAGAACG-1,Erythroid,Erythroid
ATGCCTCAGATGCTAA-1,Erythroid,Erythroid
ATGCCTCAGCGTCGAA-1,Immune_mixed,Immune_mixed
ATGCCTCAGTGTCATC-1,Immune_mixed,Immune_mixed
ATGCCTCTCACAATGC-1,Immune_mixed,Immune_mixed
ATGCGATAGCGACTAG-1,Erythroid,Erythroid
ATGCGATAGTCAGCGA-1,Erythroid,Erythroid
ATGCGATCAATCACGT-1,Erythroid,Erythroid
ATGCGATCAGGATTCT-1,Immune_mixed,Immune_mixed
ATGCGATCATACGCAT-1,Immune_mixed,Immune_mixed
ATGCGATGTGGCTACC-1,Immune_mixed,Immune_mixed
ATGCGATGTTTCACTT-1,Immune_mixed,Immune_mixed
ATGCGATTCATTTGTC-1,Erythroid,Erythroid
ATGCGATTCGCTACAA-1,Immune_mixed,Immune_mixed
ATGGAGGAGGTAAAGG-1,Immune_mixed,Immune_mixed
ATGGAGGCAATCGCAT-1,Immune_mixed,Immune_mixed
ATGGAGGCACGACGTC-1,"B_cells,0",B_cells
ATGGAGGCAGATTTCG-1,Immune_mixed,Immune_mixed
ATGGAGGGTCTAGATC-1,Immune_mixed,Immune_mixed
ATGGAGGGTGGCTACC-1,Immune_mixed,Immune_mixed
ATGGAGGGTTCGGTAT-1,"B_cells,0",B_cells
ATGGAGGTCAATCTTC-1,Immune_mixed,Immune_mixed
ATGGAGGTCTCATTTG-1,Myeloid,Myeloid
ATGGAGGTCTCCGTGT-1,Myeloid,Myeloid
ATGGATCAGCCTAGGA-1,Myeloid,Myeloid
ATGGATCCAGGTTACT-1,Erythroid,Erythroid
ATGGATCGTGTACAGG-1,"B_cells,0",B_cells
ATGGATCTCATCGGGC-1,Immune_mixed,Immune_mixed
ATGGATCTCTTACACT-1,Immune_mixed,Immune_mixed
ATGGGAGAGAATCGTA-1,Immune_mixed,Immune_mixed
ATGGGAGAGACTTCAC-1,Erythroid,Erythroid
ATGGGAGAGCGAATGC-1,Immune_mixed,Immune_mixed
ATGGGAGCACTTCATT-1,Myeloid,Myeloid
ATGGGAGTCCGCTGTT-1,Erythroid,Erythroid
ATGGGTTAGAGCCGAT-1,Immune_mixed,Immune_mixed
ATGGGTTAGATCGACG-1,Immune_mixed,Immune_mixed
ATGGGTTAGATGCAGC-1,Immune_mixed,Immune_mixed
ATGGGTTCAACTGGTT-1,Immune_mixed,Immune_mixed
ATGGGTTGTCACTCTC-1,Immune_mixed,Immune_mixed
ATGGGTTTCATCCTGC-1,Immune_mixed,Immune_mixed
ATGGGTTTCGGCCTTT-1,Erythroid,Erythroid
ATGGTTGAGATGAAGG-1,Immune_mixed,Immune_mixed
ATGGTTGAGTAACCTC-1,Immune_mixed,Immune_mixed
ATGGTTGCAATGGCAG-1,Immune_mixed,Immune_mixed
ATGGTTGCAGACCAAG-1,Erythroid,Erythroid
ATGGTTGCATAGTCGT-1,Immune_mixed,Immune_mixed
ATGGTTGGTCTTCAAG-1,Immune_mixed,Immune_mixed
ATGGTTGGTGTAGCAG-1,"B_cells,0",B_cells
ATGGTTGTCAGCTTGA-1,Immune_mixed,Immune_mixed
ATGTCCCAGACCAAGC-1,Immune_mixed,Immune_mixed
ATGTCCCAGACGCAGT-1,Erythroid,Erythroid
ATGTCCCAGGTGCTTT-1,Immune_mixed,Immune_mixed
ATGTCCCAGTCACACT-1,Immune_mixed,Immune_mixed
ATGTCCCCAAGTGATA-1,Immune_mixed,Immune_mixed
ATGTCCCCATCGCTCT-1,Immune_mixed,Immune_mixed
ATGTCCCCATGGGTTT-1,Immune_mixed,Immune_mixed
ATGTCCCCATTCATCT-1,Immune_mixed,Immune_mixed
ATGTCCCGTAATGCGG-1,Immune_mixed,Immune_mixed
ATGTCCCGTCTTGAAC-1,Immune_mixed,Immune_mixed
ATGTCCCGTGCTATTG-1,Immune_mixed,Immune_mixed
ATGTCCCGTGCTTATG-1,Immune_mixed,Immune_mixed
ATGTCCCTCCTAACAG-1,Erythroid,Erythroid
ATGTCCCTCCTAGCCT-1,Erythroid,Erythroid
ATGTCTTAGAACTCCT-1,Immune_mixed,Immune_mixed
ATGTCTTAGCCGAATG-1,"B_cells,1",B_cells
ATGTCTTCAGCTGTCG-1,Myeloid,Myeloid
ATGTCTTGTACCTGTA-1,Myeloid,Myeloid
ATGTCTTGTACGTGAG-1,Immune_mixed,Immune_mixed
ATGTCTTGTATGCGTT-1,Immune_mixed,Immune_mixed
ATGTCTTGTATGGTTC-1,Erythroid,Erythroid
ATGTCTTGTCCGGTGT-1,Myeloid,Myeloid
ATGTCTTGTGCCCGTA-1,Immune_mixed,Immune_mixed
ATGTCTTGTGTTCCAA-1,Immune_mixed,Immune_mixed
ATGTCTTGTTCAGCTA-1,Immune_mixed,Immune_mixed
ATGTCTTGTTGCGGAA-1,"B_cells,1",B_cells
ATGTCTTTCCGAGCTG-1,"B_cells,0",B_cells
ATGTCTTTCGGCTCTT-1,Immune_mixed,Immune_mixed
ATTACCTAGCCTGCCA-1,"B_cells,0",B_cells
ATTACCTAGCGGCTCT-1,Immune_mixed,Immune_mixed
ATTACCTCAGCAGTCC-1,Immune_mixed,Immune_mixed
ATTACCTCATGACAAA-1,Immune_mixed,Immune_mixed
ATTACCTCATGACGTT-1,Erythroid,Erythroid
ATTACCTGTCACAGAG-1,Immune_mixed,Immune_mixed
ATTACCTGTCTACGTA-1,Erythroid,Erythroid
ATTACCTTCCCATTTA-1,Immune_mixed,Immune_mixed
ATTACCTTCGGAATTC-1,Immune_mixed,Immune_mixed
ATTACCTTCGGTCTGG-1,"B_cells,0",B_cells
ATTACTCAGGAGACCT-1,Myeloid,Myeloid
ATTACTCAGTAGTCCT-1,Immune_mixed,Immune_mixed
ATTACTCGTAACCCTA-1,Immune_mixed,Immune_mixed
ATTACTCGTCAAGCCC-1,Erythroid,Erythroid
ATTACTCGTGACTCTA-1,Myeloid,Myeloid
ATTACTCGTTGGCCGT-1,Immune_mixed,Immune_mixed
ATTACTCTCACGATAC-1,Erythroid,Erythroid
ATTACTCTCCATCAGA-1,Immune_mixed,Immune_mixed
ATTATCCAGTCCCAAT-1,Myeloid,Myeloid
ATTATCCCACGCTATA-1,Erythroid,Erythroid
ATTATCCCAGACATCT-1,Immune_mixed,Immune_mixed
ATTATCCCATGACCCG-1,Myeloid,Myeloid
ATTATCCGTACAGGTG-1,Immune_mixed,Immune_mixed
ATTATCCGTACGAGTG-1,Erythroid,Erythroid
ATTATCCGTTCTCGTC-1,Immune_mixed,Immune_mixed
ATTATCCTCACTTTGT-1,Immune_mixed,Immune_mixed
ATTATCCTCATAGCAC-1,Erythroid,Erythroid
ATTATCCTCCTTATAC-1,Erythroid,Erythroid
ATTATCCTCTTAGCAG-1,"B_cells,0",B_cells
ATTCACTAGAGTTCGG-1,Immune_mixed,Immune_mixed
ATTCACTAGCGCTTCG-1,Immune_mixed,Immune_mixed
ATTCACTAGTTCCAGT-1,Erythroid,Erythroid
ATTCACTGTACAGAGC-1,"B_cells,1",B_cells
ATTCACTGTGCAACGA-1,Immune_mixed,Immune_mixed
ATTCACTTCGGAGTAG-1,Immune_mixed,Immune_mixed
ATTCACTTCGTCGGGT-1,Immune_mixed,Immune_mixed
ATTCAGGCAGGGAGAG-1,Immune_mixed,Immune_mixed
ATTCAGGGTCCCTGTT-1,Immune_mixed,Immune_mixed
ATTCAGGGTGAGATTA-1,Immune_mixed,Immune_mixed
ATTCAGGGTTGGGATG-1,Erythroid,Erythroid
ATTCAGGTCGCATTGA-1,Erythroid,Erythroid
ATTCATCAGCGACTAG-1,Erythroid,Erythroid
ATTCATCAGGTCCCTG-1,Myeloid,Myeloid
ATTCATCAGTCAGCGA-1,Erythroid,Erythroid
ATTCATCGTACTTCCC-1,Immune_mixed,Immune_mixed
ATTCATCGTAGGTTTC-1,Immune_mixed,Immune_mixed
ATTCATCTCAAAGAAC-1,Myeloid,Myeloid
ATTCATCTCGGATAAA-1,Immune_mixed,Immune_mixed
ATTCATCTCTTGGTCC-1,Myeloid,Myeloid
ATTCCATAGCCGAATG-1,Immune_mixed,Immune_mixed
ATTCCATAGGTCATAA-1,Immune_mixed,Immune_mixed
ATTCCATCACTCAGAT-1,Immune_mixed,Immune_mixed
ATTCCATCACTGATTG-1,Erythroid,Erythroid
ATTCCATGTATCGATC-1,Immune_mixed,Immune_mixed
ATTCCATGTGTATTGC-1,Immune_mixed,Immune_mixed
ATTCCATTCAGTAGGG-1,Erythroid,Erythroid
ATTCCATTCAGTGTTG-1,Erythroid,Erythroid
ATTCCCGAGGATACCG-1,Myeloid,Myeloid
ATTCCCGCACCGTGCA-1,Immune_mixed,Immune_mixed
ATTCCCGCATCGGAAG-1,Immune_mixed,Immune_mixed
ATTCCCGCATGTCTAG-1,Erythroid,Erythroid
ATTCCCGGTGTCACAT-1,"B_cells,0",B_cells
ATTCCCGTCCAACTAG-1,Erythroid,Erythroid
ATTCCCGTCCACGGGT-1,Myeloid,Myeloid
ATTCCCGTCCGATTAG-1,Immune_mixed,Immune_mixed
ATTCCCGTCGTCTCAC-1,Immune_mixed,Immune_mixed
ATTCCTAAGCCTGTGC-1,Erythroid,Erythroid
ATTCCTACAAACACGG-1,Erythroid,Erythroid
ATTCCTACAAGTATAG-1,Erythroid,Erythroid
ATTCCTACACGCCACA-1,Erythroid,Erythroid
ATTCCTACACTTACAG-1,Immune_mixed,Immune_mixed
ATTCCTACAGCTGAGA-1,Immune_mixed,Immune_mixed
ATTCCTACATCCTAAG-1,Immune_mixed,Immune_mixed
ATTCCTAGTAGATCGG-1,Immune_mixed,Immune_mixed
ATTCCTAGTTATGGTC-1,Immune_mixed,Immune_mixed
ATTCCTATCAAATGCC-1,Immune_mixed,Immune_mixed
ATTCGTTAGTATAGAC-1,Immune_mixed,Immune_mixed
ATTCGTTCACAGCCAC-1,Immune_mixed,Immune_mixed
ATTCGTTGTCTTACAG-1,Erythroid,Erythroid
ATTCGTTTCCGACATA-1,Immune_mixed,Immune_mixed
ATTCGTTTCTTTCCGG-1,Erythroid,Erythroid
ATTCTACAGCCGCTTG-1,Immune_mixed,Immune_mixed
ATTCTACAGCTTACGT-1,Immune_mixed,Immune_mixed
ATTCTACAGGCCTTCG-1,Erythroid,Erythroid
ATTCTACCACGCGTCA-1,Myeloid,Myeloid
ATTCTACGTCCAGCCA-1,Immune_mixed,Immune_mixed
ATTCTACGTTATGTGC-1,Myeloid,Myeloid
ATTCTACTCATCACAG-1,Immune_mixed,Immune_mixed
ATTCTACTCCTTCTAA-1,Erythroid,Erythroid
ATTCTACTCGTGGTAT-1,Immune_mixed,Immune_mixed
ATTCTACTCTGGTGCG-1,Erythroid,Erythroid
ATTCTTGAGGTGATCG-1,Immune_mixed,Immune_mixed
ATTCTTGCACGGCCAT-1,Immune_mixed,Immune_mixed
ATTCTTGCATGGAACG-1,Immune_mixed,Immune_mixed
ATTCTTGGTACACGCC-1,Immune_mixed,Immune_mixed
ATTCTTGGTACCGGAA-1,Erythroid,Erythroid
ATTCTTGTCACTCTTA-1,"B_cells,1",B_cells
ATTCTTGTCAGTAGGG-1,Immune_mixed,Immune_mixed
ATTCTTGTCCTGTTGC-1,"B_cells,0",B_cells
ATTGGGTAGAGTATAC-1,Immune_mixed,Immune_mixed
ATTGGGTAGCCTGAAG-1,Immune_mixed,Immune_mixed
ATTGGGTAGTTGCATC-1,Myeloid,Myeloid
ATTGGGTCACGCGTGT-1,Immune_mixed,Immune_mixed
ATTGGGTCATAACTCG-1,Erythroid,Erythroid
ATTGGGTTCCATCAGA-1,"B_cells,0",B_cells
ATTGGGTTCGAACGCC-1,Erythroid,Erythroid
ATTGTTCAGCAATAGT-1,Erythroid,Erythroid
ATTGTTCAGCCATTCA-1,Immune_mixed,Immune_mixed
ATTGTTCAGGGAGATA-1,Myeloid,Myeloid
ATTGTTCAGTATGATG-1,Erythroid,Erythroid
ATTGTTCAGTCTGTAC-1,Immune_mixed,Immune_mixed
ATTGTTCTCAGCACCG-1,Immune_mixed,Immune_mixed
ATTGTTCTCATGGGAG-1,Erythroid,Erythroid
ATTGTTCTCGACTCCT-1,Myeloid,Myeloid
ATTGTTCTCGCCTAGG-1,Immune_mixed,Immune_mixed
ATTTACCAGAGTTGAT-1,Immune_mixed,Immune_mixed
ATTTACCAGCATCGAG-1,Erythroid,Erythroid
ATTTACCGTAAGCAAT-1,Immune_mixed,Immune_mixed
ATTTACCGTAATTGGA-1,Immune_mixed,Immune_mixed
ATTTACCGTGTGGACA-1,Immune_mixed,Immune_mixed
ATTTACCGTTAATCGC-1,Immune_mixed,Immune_mixed
ATTTACCTCGGTAAGG-1,Immune_mixed,Immune_mixed
ATTTCACAGACTTAAG-1,Immune_mixed,Immune_mixed
ATTTCACAGAGTAACT-1,Immune_mixed,Immune_mixed
ATTTCACAGATGCGAC-1,Immune_mixed,Immune_mixed
ATTTCACCAAGTTCCA-1,Erythroid,Erythroid
ATTTCACCACGTGAGA-1,Erythroid,Erythroid
ATTTCACGTCCTGAAT-1,"B_cells,1",B_cells
ATTTCACGTCGTTATG-1,Immune_mixed,Immune_mixed
ATTTCACGTGCCTGAC-1,Immune_mixed,Immune_mixed
ATTTCACTCCGTGTAA-1,Immune_mixed,Immune_mixed
ATTTCACTCCTAACAG-1,Immune_mixed,Immune_mixed
ATTTCTGAGAGGTTTA-1,Immune_mixed,Immune_mixed
ATTTCTGAGGTTTGAA-1,Immune_mixed,Immune_mixed
ATTTCTGCACAAATAG-1,Erythroid,Erythroid
ATTTCTGCATCCTATT-1,"B_cells,0",B_cells
ATTTCTGGTAGGACCA-1,Myeloid,Myeloid
ATTTCTGGTATTCTCT-1,Myeloid,Myeloid
ATTTCTGGTCTTGGTA-1,Immune_mixed,Immune_mixed
ATTTCTGGTTCAAACC-1,Immune_mixed,Immune_mixed
CAAAGAAAGACCAAAT-1,Immune_mixed,Immune_mixed
CAAAGAAAGCCTGCCA-1,Immune_mixed,Immune_mixed
CAAAGAAAGCTCCATA-1,Immune_mixed,Immune_mixed
CAAAGAACACAACGAG-1,Erythroid,Erythroid
CAAAGAACAGGGTTGA-1,Immune_mixed,Immune_mixed
CAAAGAAGTGCCCACA-1,Immune_mixed,Immune_mixed
CAAAGAATCCCTGGTT-1,Immune_mixed,Immune_mixed
CAAAGAATCGAAGGAC-1,Erythroid,Erythroid
CAACAACAGATGACAT-1,"B_cells,0",B_cells
CAACAACAGCCACCGT-1,"B_cells,1",B_cells
CAACAACAGCGTGAGT-1,Immune_mixed,Immune_mixed
CAACAACAGTGAGGCT-1,Immune_mixed,Immune_mixed
CAACAACGTAGTATAG-1,Immune_mixed,Immune_mixed
CAACAACGTCAAGCCC-1,Myeloid,Myeloid
CAACAACGTCTGTGAT-1,Myeloid,Myeloid
CAACAACTCCAGTGTA-1,Immune_mixed,Immune_mixed
CAACAGTAGGAACGCT-1,Immune_mixed,Immune_mixed
CAACAGTCAACGCATT-1,Immune_mixed,Immune_mixed
CAACAGTCACAGCGCT-1,Erythroid,Erythroid
CAACAGTCACTAGAGG-1,Erythroid,Erythroid
CAACAGTGTCATACCA-1,"B_cells,0",B_cells
CAACAGTGTCATATGC-1,Immune_mixed,Immune_mixed
CAACAGTGTCCAAAGG-1-1,"B_cells,0",B_cells
CAACAGTGTCGTCTCT-1,Immune_mixed,Immune_mixed
CAACAGTGTTTGGGAG-1,Immune_mixed,Immune_mixed
CAACAGTTCCCGAAAT-1,Immune_mixed,Immune_mixed
CAACCAACACGGGCTT-1,Immune_mixed,Immune_mixed
CAACCAACATAACCCA-1,Immune_mixed,Immune_mixed
CAACCAAGTACGGTTT-1,Immune_mixed,Immune_mixed
CAACCAAGTAGACGGT-1,Immune_mixed,Immune_mixed
CAACCAAGTGTCTCCT-1,Myeloid,Myeloid
CAACCAAGTTGAAGTA-1,Immune_mixed,Immune_mixed
CAACCAATCATCGTAG-1,Immune_mixed,Immune_mixed
CAACCTCAGGCCTGAA-1,Myeloid,Myeloid
CAACCTCAGGTGCATG-1,Immune_mixed,Immune_mixed
CAACCTCGTTGTTTGG-1,Immune_mixed,Immune_mixed
CAACCTCTCCACCTGT-1,Immune_mixed,Immune_mixed
CAACCTCTCCGTATGA-1,Immune_mixed,Immune_mixed
CAACGATAGCACCGAA-1,Immune_mixed,Immune_mixed
CAACGATAGCACTTTG-1,Immune_mixed,Immune_mixed
CAACGATGTAACATAG-1,Immune_mixed,Immune_mixed
CAACGATGTACTGGGA-1,Immune_mixed,Immune_mixed
CAACGATGTCGGCACT-1,Immune_mixed,Immune_mixed
CAACGATGTCGGTAAG-1,Immune_mixed,Immune_mixed
CAACGATGTGTCCGGT-1,"B_cells,0",B_cells
CAACGGCAGCGCCTTG-1,Immune_mixed,Immune_mixed
CAACGGCAGGAATTAC-1,Erythroid,Erythroid
CAACGGCAGTACCGGA-1,Erythroid,Erythroid
CAACGGCAGTCACGAG-1,Immune_mixed,Immune_mixed
CAACGGCCAGAGAAAG-1,Immune_mixed,Immune_mixed
CAACGGCCATTATGCG-1,Immune_mixed,Immune_mixed
CAACGGCGTCCTTAAG-1,Immune_mixed,Immune_mixed
CAACGGCGTCTACGAT-1,Immune_mixed,Immune_mixed
CAACGGCGTCTCAAGT-1,"B_cells,0",B_cells
CAACGGCGTTAAGCAA-1,"B_cells,1",B_cells
CAACGGCGTTGTAAAG-1,Immune_mixed,Immune_mixed
CAACGGCTCACCACAA-1,Myeloid,Myeloid
CAACGGCTCACGATCA-1,Immune_mixed,Immune_mixed
CAACGGCTCCATCTCG-1,Immune_mixed,Immune_mixed
CAACGGCTCGAGTACT-1,Erythroid,Erythroid
CAAGACTAGACATAGT-1,Immune_mixed,Immune_mixed
CAAGACTAGTAAGAGG-1,Erythroid,Erythroid
CAAGACTCACAAATCC-1,Immune_mixed,Immune_mixed
CAAGACTGTACACTCA-1,Immune_mixed,Immune_mixed
CAAGACTGTATGGTTC-1,Immune_mixed,Immune_mixed
CAAGACTGTTTGTGGT-1,Immune_mixed,Immune_mixed
CAAGACTTCAGCTCTC-1,Immune_mixed,Immune_mixed
CAAGACTTCTATTCGT-1,Immune_mixed,Immune_mixed
CAAGACTTCTCATTGT-1,Immune_mixed,Immune_mixed
CAAGAGGAGCTACTAC-1,Immune_mixed,Immune_mixed
CAAGAGGCAGGCTCTG-1,Immune_mixed,Immune_mixed
CAAGAGGGTCGAAACG-1,Myeloid,Myeloid
CAAGAGGGTTGCCATA-1,Immune_mixed,Immune_mixed
CAAGAGGTCCGTATAG-1,"B_cells,1",B_cells
CAAGCTAAGACCCGCT-1,Immune_mixed,Immune_mixed
CAAGCTACAAGTATCC-1,Immune_mixed,Immune_mixed
CAAGCTACACTACTTT-1,Immune_mixed,Immune_mixed
CAAGCTACAGCCGGTT-1,Immune_mixed,Immune_mixed
CAAGCTAGTAGCGTAG-1,Erythroid,Erythroid
CAAGCTAGTGAATGTA-1,Immune_mixed,Immune_mixed
CAAGCTATCCTCACGT-1,Myeloid,Myeloid
CAAGGGAAGTCTCGTA-1,Immune_mixed,Immune_mixed
CAAGGGACAGGGACTA-1,Immune_mixed,Immune_mixed
CAAGGGAGTCGGAAAC-1,Immune_mixed,Immune_mixed
CAAGGGAGTCTCTCTG-1,"B_cells,0",B_cells
CAAGGGAGTGAACGGT-1,"B_cells,0",B_cells
CAAGGGATCAATCTTC-1,Immune_mixed,Immune_mixed
CAAGGGATCAGGTGTT-1,"B_cells,0",B_cells
CAAGGGATCTGTGCGG-1,Immune_mixed,Immune_mixed
CAATACGAGAATAGTC-1,Immune_mixed,Immune_mixed
CAATACGAGACCTTTG-1,Immune_mixed,Immune_mixed
CAATACGCAATTGGTC-1,Erythroid,Erythroid
CAATACGCACGAGGAT-1,Immune_mixed,Immune_mixed
CAATACGCAGCGTACC-1,Erythroid,Erythroid
CAATACGCATGACCCG-1,Immune_mixed,Immune_mixed
CAATACGGTATCTTCT-1,Erythroid,Erythroid
CAATCGAAGGAAAGAC-1,Immune_mixed,Immune_mixed
CAATCGAAGGTAGTCG-1,Immune_mixed,Immune_mixed
CAATCGACAAGCAATA-1,Immune_mixed,Immune_mixed
CAATCGACACCTGCAG-1,Immune_mixed,Immune_mixed
CAATCGACAGGTATGG-1,Immune_mixed,Immune_mixed
CAATCGACAGTATTCG-1,Erythroid,Erythroid
CAATCGACATTGCTTT-1,"B_cells,0",B_cells
CAATCGAGTAACCCGC-1,Immune_mixed,Immune_mixed
CAATCGAGTCCGGATC-1,Myeloid,Myeloid
CAATCGAGTGCTATTG-1,Immune_mixed,Immune_mixed
CAATCGATCACTGGTA-1,Immune_mixed,Immune_mixed
CAATCGATCATGCCGG-1,Immune_mixed,Immune_mixed
CAATCGATCCAGGACC-1,Erythroid,Erythroid
CAATCGATCCGTAGTA-1,Immune_mixed,Immune_mixed
CAATGACAGCGTCTGC-1,Immune_mixed,Immune_mixed
CAATGACAGCTGACTT-1,Immune_mixed,Immune_mixed
CAATGACAGGCAGGTT-1,Immune_mixed,Immune_mixed
CAATGACAGGCCTTGC-1,Erythroid,Erythroid
CAATGACAGTAGGAAG-1,Myeloid,Myeloid
CAATGACAGTCGGCCT-1,Erythroid,Erythroid
CAATGACCAAATGGTA-1,Immune_mixed,Immune_mixed
CAATGACCACGCTGCA-1,Immune_mixed,Immune_mixed
CAATGACGTTGGGTTT-1,Immune_mixed,Immune_mixed
CAATGACTCATCCCGT-1,Erythroid,Erythroid
CAATGACTCGCTACAA-1,Erythroid,Erythroid
CAATTTCAGAGTCTGG-1,Immune_mixed,Immune_mixed
CAATTTCAGCACCGTC-1,Immune_mixed,Immune_mixed
CAATTTCAGCCTTTGA-1,Immune_mixed,Immune_mixed
CAATTTCCAAAGCGTG-1,Immune_mixed,Immune_mixed
CAATTTCCATCATTTC-1,Immune_mixed,Immune_mixed
CAATTTCCATTGTGCA-1,Immune_mixed,Immune_mixed
CAATTTCGTCCAACGC-1,Immune_mixed,Immune_mixed
CAATTTCGTCGGCCTA-1,"B_cells,0",B_cells
CAATTTCGTTTGCAGT-1,Immune_mixed,Immune_mixed
CAATTTCTCAGGGATG-1,Erythroid,Erythroid
CACAACAAGAAAGCGA-1,"B_cells,0",B_cells
CACAACACACTTGTGA-1,Immune_mixed,Immune_mixed
CACAACAGTAACATGA-1,Immune_mixed,Immune_mixed
CACAACAGTAACGGTG-1,Immune_mixed,Immune_mixed
CACAACAGTCCAGGTC-1,Immune_mixed,Immune_mixed
CACAACATCTGTAACG-1,Immune_mixed,Immune_mixed
CACACAAAGAGAGAAC-1,Immune_mixed,Immune_mixed
CACACAAAGCACGGAT-1,Immune_mixed,Immune_mixed
CACACAAAGTATGACA-1,Immune_mixed,Immune_mixed
CACACAAAGTGTCATC-1,Immune_mixed,Immune_mixed
CACACAACACGACGTC-1,Erythroid,Erythroid
CACACAAGTTCGAGCC-1,Immune_mixed,Immune_mixed
CACACAATCAAAGCCT-1,Immune_mixed,Immune_mixed
CACAGATAGATAGTCA-1,Erythroid,Erythroid
CACAGATAGCCGTAAG-1,Myeloid,Myeloid
CACAGATAGGACAAGA-1,Immune_mixed,Immune_mixed
CACAGATAGGTCCCTG-1,Immune_mixed,Immune_mixed
CACAGATGTACGCTAT-1,Immune_mixed,Immune_mixed
CACAGATGTTTGATCG-1,Immune_mixed,Immune_mixed
CACAGATTCCAACACA-1,Immune_mixed,Immune_mixed
CACAGATTCCATTTAC-1,Immune_mixed,Immune_mixed
CACAGGCAGATGAATC-1,Immune_mixed,Immune_mixed
CACAGGCAGCACCTGC-1,Immune_mixed,Immune_mixed
CACAGGCAGCCTGACC-1,Immune_mixed,Immune_mixed
CACAGGCAGGCCACTC-1,Erythroid,Erythroid
CACAGGCAGGTACTGG-1,Immune_mixed,Immune_mixed
CACAGGCAGTGATGGC-1,Erythroid,Erythroid
CACAGGCCAACCGCCA-1,Immune_mixed,Immune_mixed
CACAGGCCAAGTGGCA-1,Immune_mixed,Immune_mixed
CACAGGCCACTGATTG-1,Immune_mixed,Immune_mixed
CACAGGCGTGGTAACG-1,Immune_mixed,Immune_mixed
CACAGGCGTGTATTGC-1,"B_cells,0",B_cells
CACAGGCTCAGTCTTT-1,Immune_mixed,Immune_mixed
CACAGGCTCAGTGTGT-1,Immune_mixed,Immune_mixed
CACAGGCTCCATAAGC-1,Erythroid,Erythroid
CACAGGCTCGCAGTTA-1,Erythroid,Erythroid
CACATGAAGTCTGGAG-1,Erythroid,Erythroid
CACATGAAGTGAGGTC-1,Erythroid,Erythroid
CACATGACACACCAGC-1,Immune_mixed,Immune_mixed
CACATGACATCGAAGG-1,Immune_mixed,Immune_mixed
CACATGAGTACCTTCC-1,Erythroid,Erythroid
CACATGATCTTCCACG-1,"B_cells,1",B_cells
CACCAAAAGTCCCGAC-1,"B_cells,0",B_cells
CACCAAACAACCTAAC-1,Erythroid,Erythroid
CACCAAACACTTGGGC-1,Erythroid,Erythroid
CACCAAAGTAGACACG-1,Erythroid,Erythroid
CACCAAAGTATACCCA-1,Immune_mixed,Immune_mixed
CACCAAATCAACTACG-1,Immune_mixed,Immune_mixed
CACCAAATCTTCCCAG-1,Immune_mixed,Immune_mixed
CACCGTTAGAGGGCGA-1,Immune_mixed,Immune_mixed
CACCGTTAGCGCAATG-1,Erythroid,Erythroid
CACCGTTAGTAGAGTT-1,Erythroid,Erythroid
CACCGTTCAGCAGTCC-1,Immune_mixed,Immune_mixed
CACCGTTGTAACTAAG-1,"B_cells,1",B_cells
CACCGTTGTTCGTAAC-1,Immune_mixed,Immune_mixed
CACCGTTTCGGCCAAC-1,Immune_mixed,Immune_mixed
CACCGTTTCGTCGATA-1,Erythroid,Erythroid
CACCGTTTCTACGCGG-1,Immune_mixed,Immune_mixed
CACGAATAGGGTCTTT-1,Immune_mixed,Immune_mixed
CACGAATGTTAAAGTG-1,"B_cells,1",B_cells
CACGAATTCTCGAACA-1,Immune_mixed,Immune_mixed
CACGGGTAGGGACTGT-1,Immune_mixed,Immune_mixed
CACGGGTCAAGAGATT-1,Immune_mixed,Immune_mixed
CACGGGTCAGCAGGAT-1,Immune_mixed,Immune_mixed
CACGGGTCAGTCGGAA-1,Immune_mixed,Immune_mixed
CACGGGTGTAATGTGA-1,Erythroid,Erythroid
CACGGGTGTCAAGCCC-1,Erythroid,Erythroid
CACGGGTTCTATCGGA-1,Erythroid,Erythroid
CACGTGGAGAAATCCA-1,Erythroid,Erythroid
CACGTGGCAAGCGCAA-1,Immune_mixed,Immune_mixed
CACGTGGCACGCGTCA-1,Erythroid,Erythroid
CACGTGGCAGAGATGC-1,Erythroid,Erythroid
CACGTGGGTACCACGC-1,Immune_mixed,Immune_mixed
CACGTGGTCTGAGAAA-1,Erythroid,Erythroid
CACGTTCAGCATCCTA-1,Immune_mixed,Immune_mixed
CACGTTCAGGCATCGA-1,"B_cells,0",B_cells
CACGTTCAGGTAAAGG-1,Immune_mixed,Immune_mixed
CACGTTCAGTATTAGG-1,Erythroid,Erythroid
CACGTTCCACGTAACT-1,Erythroid,Erythroid
CACGTTCGTGGTCTCG-1,Immune_mixed,Immune_mixed
CACGTTCGTTAGAGAT-1,Immune_mixed,Immune_mixed
CACGTTCTCGAGAGCA-1,Immune_mixed,Immune_mixed
CACTAAGAGGATCACG-1,Erythroid,Erythroid
CACTAAGCACTACAGT-1,Immune_mixed,Immune_mixed
CACTAAGGTAAGTTAG-1,Immune_mixed,Immune_mixed
CACTAAGGTAGCACAG-1,Immune_mixed,Immune_mixed
CACTAAGTCCTGTAGA-1,Immune_mixed,Immune_mixed
CACTAAGTCTCTATGT-1,"B_cells,1",B_cells
CACTGAAAGCACTCAT-1,Immune_mixed,Immune_mixed
CACTGAAAGGGAGGTG-1,Immune_mixed,Immune_mixed
CACTGAAGTCCACTTC-1,Immune_mixed,Immune_mixed
CACTGAATCACCCTTG-1,Myeloid,Myeloid
CACTGAATCTGGAAGG-1,Immune_mixed,Immune_mixed
CACTGGGAGACATAGT-1,Myeloid,Myeloid
CACTGGGAGTAGGATT-1,Immune_mixed,Immune_mixed
CACTGGGCAAGCCATT-1,Immune_mixed,Immune_mixed
CACTGGGGTCGTCTCT-1,Immune_mixed,Immune_mixed
CACTGGGGTGCAATAA-1,"B_cells,0",B_cells
CACTGGGGTTATAGAG-1,Immune_mixed,Immune_mixed
CACTGGGTCGAATGCT-1,Immune_mixed,Immune_mixed
CACTGTCAGATTGCGG-1,Immune_mixed,Immune_mixed
CACTGTCAGATTTGCC-1,Immune_mixed,Immune_mixed
CACTGTCAGCATGCAG-1,Immune_mixed,Immune_mixed
CACTGTCAGGAGTCTG-1,"B_cells,1",B_cells
CACTGTCCAGCATCTA-1,Immune_mixed,Immune_mixed
CACTGTCCAGTCAGTT-1,"B_cells,0",B_cells
CACTGTCCATAATGCC-1,Immune_mixed,Immune_mixed
CACTGTCGTTCCTAAG-1,Immune_mixed,Immune_mixed
CACTGTCGTTGCTAGT-1,Immune_mixed,Immune_mixed
CACTGTCTCGGCTGTG-1,Immune_mixed,Immune_mixed
CACTTCGAGATCGACG-1,Immune_mixed,Immune_mixed
CACTTCGAGGCGAAGG-1,Erythroid,Erythroid
CACTTCGAGTATGCAA-1,Erythroid,Erythroid
CACTTCGCAAAGGAGA-1,Immune_mixed,Immune_mixed
CACTTCGCAACATACC-1,Immune_mixed,Immune_mixed
CACTTCGCATAGCACT-1,"B_cells,1",B_cells
CACTTCGGTCTCGACG-1,Myeloid,Myeloid
CACTTCGTCGCTTGCT-1,Immune_mixed,Immune_mixed
CAGAGCCAGCTGTTAC-1,Erythroid,Erythroid
CAGAGCCAGGTGGTTG-1,"B_cells,1",B_cells
CAGAGCCCATCAGCTA-1,Immune_mixed,Immune_mixed
CAGAGCCGTACAAGCG-1,Immune_mixed,Immune_mixed
CAGAGCCGTGCATACT-1,Immune_mixed,Immune_mixed
CAGAGCCTCTAGTGAC-1,Erythroid,Erythroid
CAGAGCCTCTATTTCG-1,Erythroid,Erythroid
CAGATACAGAGAACCC-1,Immune_mixed,Immune_mixed
CAGATACCACCAGTTA-1,Immune_mixed,Immune_mixed
CAGATACGTCATAGTC-1,Erythroid,Erythroid
CAGATACGTGTCTTAG-1,Immune_mixed,Immune_mixed
CAGATACGTTGGGTAG-1,Erythroid,Erythroid
CAGATACTCACAGTGT-1,Immune_mixed,Immune_mixed
CAGATACTCGTCGGGT-1,Immune_mixed,Immune_mixed
CAGATCAAGACAGTCG-1,Erythroid,Erythroid
CAGATCAAGCCTGAGA-1,Myeloid,Myeloid
CAGATCAGTACAAGTA-1,Immune_mixed,Immune_mixed
CAGATCAGTCAACATC-1,Immune_mixed,Immune_mixed
CAGATCATCATTATCC-1,Erythroid,Erythroid
CAGATCATCCCATGGG-1,"B_cells,1",B_cells
CAGATTGAGAAACTAC-1,Erythroid,Erythroid
CAGATTGAGCTGAGTG-1,Myeloid,Myeloid
CAGATTGAGTTGCTCA-1,"B_cells,1",B_cells
CAGATTGGTAACTGCT-1,"B_cells,0",B_cells
CAGATTGGTAGCGCTC-1,Immune_mixed,Immune_mixed
CAGATTGGTCCGCAGT-1,Immune_mixed,Immune_mixed
CAGATTGGTCGTATGT-1,Immune_mixed,Immune_mixed
CAGATTGGTTAGCTAC-1,Immune_mixed,Immune_mixed
CAGATTGTCACACCCT-1,Erythroid,Erythroid
CAGATTGTCAGCTTGA-1,Immune_mixed,Immune_mixed
CAGATTGTCCACAGGC-1,Immune_mixed,Immune_mixed
CAGATTGTCTGTCCCA-1,"B_cells,0",B_cells
CAGCAATAGCATTGAA-1,Immune_mixed,Immune_mixed
CAGCAATAGCTCATAC-1,Immune_mixed,Immune_mixed
CAGCAATTCGCTCTCA-1,Immune_mixed,Immune_mixed
CAGCACGAGACGGAAA-1,Myeloid,Myeloid
CAGCACGAGTAAGGGA-1,Immune_mixed,Immune_mixed
CAGCACGCACTAGGCC-1,Immune_mixed,Immune_mixed
CAGCACGCATATAGCC-1,"B_cells,1",B_cells
CAGCACGGTAGGACCA-1,Immune_mixed,Immune_mixed
CAGCACGGTAGGATAT-1,Erythroid,Erythroid
CAGCACGGTAGGCTCC-1,Erythroid,Erythroid
CAGCACGGTGACTATC-1,Immune_mixed,Immune_mixed
CAGCACGGTGTCTTAG-1,Immune_mixed,Immune_mixed
CAGCACGGTTAGAGTA-1,Immune_mixed,Immune_mixed
CAGCACGTCTCCCAAC-1,Immune_mixed,Immune_mixed
CAGCAGCAGTAGGGTC-1,Immune_mixed,Immune_mixed
CAGCAGCAGTATGCAA-1,Immune_mixed,Immune_mixed
CAGCAGCAGTCCCAGC-1,Immune_mixed,Immune_mixed
CAGCAGCCAATAGGGC-1,Immune_mixed,Immune_mixed
CAGCAGCGTATCGAGG-1,Erythroid,Erythroid
CAGCAGCGTCTTTATC-1,Immune_mixed,Immune_mixed
CAGCAGCGTGGCTAGA-1,Erythroid,Erythroid
CAGCAGCGTTGACTGT-1,Erythroid,Erythroid
CAGCAGCGTTGTCAGT-1,Erythroid,Erythroid
CAGCAGCTCCGTAATG-1,Immune_mixed,Immune_mixed
CAGCCAGCAGTCGCTG-1,Immune_mixed,Immune_mixed
CAGCCAGGTGCTAGCC-1,Erythroid,Erythroid
CAGCCAGGTGGCGTAA-1,Erythroid,Erythroid
CAGCGTGAGGCCATAG-1,Immune_mixed,Immune_mixed
CAGCGTGCATGAGGGT-1,Immune_mixed,Immune_mixed
CAGCGTGGTGCGACAA-1,"B_cells,0",B_cells
CAGCGTGTCTACTTCA-1,Immune_mixed,Immune_mixed
CAGGCCAAGTCTGTAC-1,Immune_mixed,Immune_mixed
CAGGCCAAGTGCCAGA-1,Immune_mixed,Immune_mixed
CAGGCCAAGTTGCCCG-1,Immune_mixed,Immune_mixed
CAGGCCACATTCGGGC-1,Immune_mixed,Immune_mixed
CAGGCCAGTAGGAAAG-1,Immune_mixed,Immune_mixed
CAGGCCAGTGCATCTA-1,Erythroid,Erythroid
CAGGCCAGTTCAGCGC-1,Immune_mixed,Immune_mixed
CAGGCCATCAAGCCAT-1,Immune_mixed,Immune_mixed
CAGGCCATCAGCTCTC-1,Erythroid,Erythroid
CAGGCCATCGGCTGAC-1,Erythroid,Erythroid
CAGGCCATCTGCAGCG-1,Immune_mixed,Immune_mixed
CAGGCCATCTTGAGCA-1,Immune_mixed,Immune_mixed
CAGGGCTAGAGAGCAA-1,Erythroid,Erythroid
CAGGGCTAGAGTCGAC-1,Myeloid,Myeloid
CAGGGCTCAAGAAATC-1,Immune_mixed,Immune_mixed
CAGGGCTCAGCGTTGC-1,Erythroid,Erythroid
CAGGGCTGTATTGGCT-1,"B_cells,1",B_cells
CAGGGCTGTCACTCAA-1,Immune_mixed,Immune_mixed
CAGGGCTTCACGGTCG-1,Immune_mixed,Immune_mixed
CAGGGCTTCGACATCA-1,"B_cells,0",B_cells
CAGGGCTTCGCATGAT-1,Immune_mixed,Immune_mixed
CAGGTATAGACCATAA-1,Erythroid,Erythroid
CAGGTATAGCAGATAT-1,Immune_mixed,Immune_mixed
CAGGTATAGCTCATAC-1,Immune_mixed,Immune_mixed
CAGGTATAGTTGCCTA-1,Immune_mixed,Immune_mixed
CAGGTATCAACTACGT-1,Immune_mixed,Immune_mixed
CAGGTATCACGAGGTA-1,"B_cells,0",B_cells
CAGGTATGTAAGTCAA-1,Erythroid,Erythroid
CAGGTATGTCCTACAA-1,Immune_mixed,Immune_mixed
CAGGTATGTTGGGCCT-1,Erythroid,Erythroid
CAGGTATTCGGAGTAG-1,Immune_mixed,Immune_mixed
CAGGTATTCGTAGCCG-1,Immune_mixed,Immune_mixed
CAGTGCGAGAATCGCG-1,Myeloid,Myeloid
CAGTGCGAGCAACTTC-1,Immune_mixed,Immune_mixed
CAGTGCGAGGCTTCCG-1,Immune_mixed,Immune_mixed
CAGTGCGCACAGCCTG-1,Immune_mixed,Immune_mixed
CAGTGCGCAGACCTAT-1,Immune_mixed,Immune_mixed
CAGTGCGGTAGGACCA-1,Immune_mixed,Immune_mixed
CAGTGCGGTAGTCGGA-1,Immune_mixed,Immune_mixed
CAGTGCGGTGGGCTCT-1,Myeloid,Myeloid
CAGTGCGGTTTACGTG-1,Erythroid,Erythroid
CAGTGCGGTTTAGAGA-1,Erythroid,Erythroid
CAGTGCGTCGAGCACC-1,Immune_mixed,Immune_mixed
CAGTGCGTCGCTACGG-1,Immune_mixed,Immune_mixed
CAGTGCGTCTGAATGC-1,Erythroid,Erythroid
CAGTTAGAGTCACACT-1,"B_cells,0",B_cells
CAGTTAGCAAATGCGG-1,Immune_mixed,Immune_mixed
CAGTTAGGTACGATTC-1,Immune_mixed,Immune_mixed
CAGTTAGGTAGAGATT-1,Immune_mixed,Immune_mixed
CAGTTAGGTGGCTGCT-1,"B_cells,0",B_cells
CAGTTAGGTGGGACAT-1,"B_cells,0",B_cells
CAGTTAGGTTCGTTCC-1,Immune_mixed,Immune_mixed
CAGTTAGTCAGAGTGG-1,Immune_mixed,Immune_mixed
CAGTTAGTCATTACGG-1,Immune_mixed,Immune_mixed
CAGTTAGTCTCCTGAC-1,Immune_mixed,Immune_mixed
CAGTTCCAGATCCCGC-1,Immune_mixed,Immune_mixed
CAGTTCCAGCGCCTTG-1,Erythroid,Erythroid
CAGTTCCAGGCGTTGA-1,Immune_mixed,Immune_mixed
CAGTTCCCACAAGGTG-1,Immune_mixed,Immune_mixed
CAGTTCCCAGCGTTTA-1,Immune_mixed,Immune_mixed
CAGTTCCGTCAGGTAG-1,Erythroid,Erythroid
CAGTTCCGTTCAAAGA-1,Erythroid,Erythroid
CAGTTCCTCCACGAAT-1,"B_cells,0",B_cells
CAGTTCCTCTAGAACC-1,Immune_mixed,Immune_mixed
CATAAGCAGCTACGTT-1,Immune_mixed,Immune_mixed
CATAAGCAGGGACCAT-1,Immune_mixed,Immune_mixed
CATAAGCCACGCCAGT-1,Immune_mixed,Immune_mixed
CATAAGCCAGTCTTCC-1,Erythroid,Erythroid
CATAAGCCATCCTTCG-1,Immune_mixed,Immune_mixed
CATAAGCGTGTACGCC-1,Immune_mixed,Immune_mixed
CATAAGCGTTCTCTCG-1,Myeloid,Myeloid
CATAAGCTCGGTCGGT-1,Erythroid,Erythroid
CATACAGAGAATCGCG-1,Immune_mixed,Immune_mixed
CATACAGAGTCGCTAT-1,Erythroid,Erythroid
CATACAGAGTTAACAG-1,Erythroid,Erythroid
CATACAGAGTTGAAGT-1,Immune_mixed,Immune_mixed
CATACAGCACAAATCC-1,Immune_mixed,Immune_mixed
CATACAGCACTGCACG-1,Erythroid,Erythroid
CATACAGCATAGAAAC-1,Erythroid,Erythroid
CATACAGCATTCCTCG-1,"B_cells,0",B_cells
CATACAGGTATCGCGC-1,Immune_mixed,Immune_mixed
CATACAGGTTTCAGAC-1,Immune_mixed,Immune_mixed
CATACAGGTTTGCCGG-1,Erythroid,Erythroid
CATACAGTCCACTGGG-1,Erythroid,Erythroid
CATACAGTCCTACTGC-1,Erythroid,Erythroid
CATACAGTCGGTAAGG-1,Myeloid,Myeloid
CATACAGTCGTGGTAT-1,Immune_mixed,Immune_mixed
CATACCCAGACCTCCG-1,Immune_mixed,Immune_mixed
CATACCCAGGCTCCCA-1,Erythroid,Erythroid
CATACCCAGGGAGGGT-1,Immune_mixed,Immune_mixed
CATACCCAGGTCTACT-1,Immune_mixed,Immune_mixed
CATACCCCAATGCAAA-1,Myeloid,Myeloid
CATACCCCATACAGAA-1,Immune_mixed,Immune_mixed
CATACCCCATCGGAAG-1,Immune_mixed,Immune_mixed
CATACCCTCCAGCTCT-1,Immune_mixed,Immune_mixed
CATACTTAGGTCGTGA-1,Immune_mixed,Immune_mixed
CATACTTCAGCAGATG-1,Immune_mixed,Immune_mixed
CATACTTCATCGGATT-1,Immune_mixed,Immune_mixed
CATACTTGTTAAGAAC-1,Immune_mixed,Immune_mixed
CATACTTTCCCGTGTT-1,Immune_mixed,Immune_mixed
CATAGACAGCGTTGTT-1,Immune_mixed,Immune_mixed
CATAGACAGGAGAGGC-1,Myeloid,Myeloid
CATAGACAGTCTGGTT-1,Immune_mixed,Immune_mixed
CATAGACAGTGATCGG-1,Immune_mixed,Immune_mixed
CATAGACCACCTGCTT-1,Immune_mixed,Immune_mixed
CATAGACCACTGGATT-1,Immune_mixed,Immune_mixed
CATAGACGTACAGTCT-1,Immune_mixed,Immune_mixed
CATAGACTCGCAGTGC-1,Immune_mixed,Immune_mixed
CATCAAGAGAACCGCA-1,"B_cells,1",B_cells
CATCAAGAGCACTGGA-1,Immune_mixed,Immune_mixed
CATCAAGCAGCTGTAT-1,Immune_mixed,Immune_mixed
CATCAAGGTAGCTGCC-1,"B_cells,0",B_cells
CATCAAGGTAGTGTGG-1,Immune_mixed,Immune_mixed
CATCAAGGTATGCTTG-1,Erythroid,Erythroid
CATCAAGGTTCGAAGG-1,Immune_mixed,Immune_mixed
CATCCACAGTTGCCCG-1,Immune_mixed,Immune_mixed
CATCCACAGTTGTCGT-1,Erythroid,Erythroid
CATCCACCACACCTTC-1,Immune_mixed,Immune_mixed
CATCCACCACGGTCTG-1,Immune_mixed,Immune_mixed
CATCCACCAGCGCTTG-1,Immune_mixed,Immune_mixed
CATCCACGTAGAGGAA-1,Immune_mixed,Immune_mixed
CATCCACGTAGCTCGC-1,Immune_mixed,Immune_mixed
CATCCACGTCTACGAT-1,"B_cells,0",B_cells
CATCCACGTCTCACGG-1,Immune_mixed,Immune_mixed
CATCCCAAGAATACAC-1,Immune_mixed,Immune_mixed
CATCCCATCCAACTGA-1,Erythroid,Erythroid
CATCCGTAGACAGCGT-1,Immune_mixed,Immune_mixed
CATCCGTCACAAGTTC-1,Erythroid,Erythroid
CATCCGTCACTCCACT-1,Immune_mixed,Immune_mixed
CATCCGTCAGTTCTAG-1,Immune_mixed,Immune_mixed
CATCCGTGTATCGCGC-1,Immune_mixed,Immune_mixed
CATCCGTGTGCAATGG-1,Immune_mixed,Immune_mixed
CATCCGTGTTGGTGTT-1,Immune_mixed,Immune_mixed
CATCCGTTCAGTCATG-1,Immune_mixed,Immune_mixed
CATCCGTTCCACTGGG-1,Erythroid,Erythroid
CATCCGTTCGAGCCTG-1,Immune_mixed,Immune_mixed
CATCGCTAGATGTTGA-1,"B_cells,1",B_cells
CATCGCTCAAGGTCTT-1,Immune_mixed,Immune_mixed
CATCGCTGTATCGTGT-1,Immune_mixed,Immune_mixed
CATCGCTTCCATCAGA-1,Erythroid,Erythroid
CATCGCTTCCATTGTT-1,Immune_mixed,Immune_mixed
CATCGCTTCCCGTAAA-1,Immune_mixed,Immune_mixed
CATCGCTTCCGCCTAT-1,Immune_mixed,Immune_mixed
CATCGCTTCCGGTTCT-1,"B_cells,0",B_cells
CATCGCTTCCTCACTG-1,Immune_mixed,Immune_mixed
CATCGCTTCTAACGGT-1,"B_cells,0",B_cells
CATCGCTTCTTTACAC-1,Erythroid,Erythroid
CATCGGGAGGAGTATT-1,Immune_mixed,Immune_mixed
CATCGGGAGGTCATCT-1,Immune_mixed,Immune_mixed
CATCGGGAGGTTGGAC-1,Immune_mixed,Immune_mixed
CATCGGGCAAGCAATA-1,Immune_mixed,Immune_mixed
CATCGGGCACCGTCTT-1,Immune_mixed,Immune_mixed
CATCGGGCATTGTCGA-1,Myeloid,Myeloid
CATCGGGGTCGCAACC-1,Erythroid,Erythroid
CATCGGGGTGGTTTAC-1,"B_cells,1",B_cells
CATCGGGGTTGGCCGT-1,Erythroid,Erythroid
CATCGGGTCCCTTGGT-1,"B_cells,0",B_cells
CATCGGGTCGACCCAG-1,Myeloid,Myeloid
CATCGGGTCTCTATAC-1,Erythroid,Erythroid
CATCGTCAGCCGTCGT-1,"B_cells,0",B_cells
CATCGTCAGCTGCCAC-1,Immune_mixed,Immune_mixed
CATCGTCAGGATCACG-1,"B_cells,0",B_cells
CATCGTCAGTTCTCTT-1,Immune_mixed,Immune_mixed
CATCGTCCAACAGAGC-1,"B_cells,1",B_cells
CATCGTCCAGACTGCC-1,Immune_mixed,Immune_mixed
CATCGTCGTCGAGCAA-1,Erythroid,Erythroid
CATCGTCGTTGTGGAG-1,Immune_mixed,Immune_mixed
CATCGTCTCACAGAGG-1,Immune_mixed,Immune_mixed
CATCGTCTCAGCTCTC-1,Immune_mixed,Immune_mixed
CATCGTCTCGGAAACG-1,"B_cells,0",B_cells
CATCGTCTCTGTGCGG-1,"B_cells,1",B_cells
CATCGTCTCTTGAACG-1,Erythroid,Erythroid
CATGAGTAGAAGCGAA-1,Erythroid,Erythroid
CATGAGTAGCCTCTTC-1,Myeloid,Myeloid
CATGAGTGTTCCATTT-1,Immune_mixed,Immune_mixed
CATGAGTGTTCTCCAC-1,Immune_mixed,Immune_mixed
CATGAGTTCAAGCTGT-1,Erythroid,Erythroid
CATGAGTTCAGCAGAG-1,Erythroid,Erythroid
CATGAGTTCAGGTGTT-1,Immune_mixed,Immune_mixed
CATGAGTTCCGCGGAT-1,"B_cells,0",B_cells
CATGCAAAGATACAGT-1,Immune_mixed,Immune_mixed
CATGCAACAAGCGCAA-1,Immune_mixed,Immune_mixed
CATGCAACATGATGCT-1,Erythroid,Erythroid
CATGCAAGTAATGCTC-1,Immune_mixed,Immune_mixed
CATGCAAGTCAACCAT-1,Erythroid,Erythroid
CATGCAAGTCGCCTAG-1,Erythroid,Erythroid
CATGCAAGTTCGATTG-1,Erythroid,Erythroid
CATGCCTAGTAAGAGG-1,Immune_mixed,Immune_mixed
CATGCCTCAAAGGCGT-1,Immune_mixed,Immune_mixed
CATGCCTCAACTCATG-1,Immune_mixed,Immune_mixed
CATGCCTCAATCCTTT-1,Immune_mixed,Immune_mixed
CATGCCTCACAAATAG-1,Immune_mixed,Immune_mixed
CATGCCTCATGTCGTA-1,Immune_mixed,Immune_mixed
CATGCCTGTATGGAAT-1,Erythroid,Erythroid
CATGCCTGTGGTAATA-1,Erythroid,Erythroid
CATGCCTGTTTACGAC-1,Immune_mixed,Immune_mixed
CATGCCTTCACTGGGC-1,Immune_mixed,Immune_mixed
CATGCCTTCACTTATC-1,Immune_mixed,Immune_mixed
CATGCCTTCCGACATA-1,Erythroid,Erythroid
CATGCGGAGCGTGCTC-1,Erythroid,Erythroid
CATGCGGGTTACTCAG-1,Erythroid,Erythroid
CATGCGGTCCGCATAA-1,Immune_mixed,Immune_mixed
CATGCGGTCCTGTAAG-1,Immune_mixed,Immune_mixed
CATGCGGTCGTGCAGC-1,Immune_mixed,Immune_mixed
CATGCTCAGGCTAACG-1,Erythroid,Erythroid
CATGCTCTCACCATAG-1,"B_cells,1",B_cells
CATGCTCTCCAGCACG-1,"B_cells,0",B_cells
CATGCTCTCCGCGGAT-1,Myeloid,Myeloid
CATGCTCTCGGAAACG-1,Immune_mixed,Immune_mixed
CATGCTCTCTATCGGA-1,Immune_mixed,Immune_mixed
CATGGATAGGCCGCTT-1,Immune_mixed,Immune_mixed
CATGGATCAAGTACCT-1,"B_cells,0",B_cells
CATGGATCACGCTGAC-1,Immune_mixed,Immune_mixed
CATGGATGTAACCCGC-1,"B_cells,0",B_cells
CATGGATTCAAATGCC-1,Erythroid,Erythroid
CATGGATTCCCAAGTA-1,Immune_mixed,Immune_mixed
CATGGATTCCGGACGT-1,"B_cells,0",B_cells
CATGGTAAGCATGAAT-1,Erythroid,Erythroid
CATGGTAAGGCTAACG-1,Myeloid,Myeloid
CATGGTAAGTCATCGT-1,Immune_mixed,Immune_mixed
CATGGTACAGCGAACA-1,Immune_mixed,Immune_mixed
CATGGTAGTCGTTGGC-1,Erythroid,Erythroid
CATGGTAGTGTATACC-1,"B_cells,0",B_cells
CATGGTATCATGGTAC-1,Immune_mixed,Immune_mixed
CATGGTATCGAGTCTA-1,Myeloid,Myeloid
CATGGTATCGGTCACG-1,Erythroid,Erythroid
CATTCATAGAGGTTTA-1,Immune_mixed,Immune_mixed
CATTCATAGCCGAACA-1,"B_cells,0",B_cells
CATTCATAGTTACTCG-1,Immune_mixed,Immune_mixed
CATTCATCACATTGTG-1,Immune_mixed,Immune_mixed
CATTCATGTCGAGCAA-1,Immune_mixed,Immune_mixed
CATTCATGTTCAAGGG-1,Erythroid,Erythroid
CATTCATTCTATCACT-1,Erythroid,Erythroid
CATTCATTCTCGGCTT-1,Immune_mixed,Immune_mixed
CATTCCGAGATGAAGG-1,Myeloid,Myeloid
CATTCCGAGCAGCCCT-1,"B_cells,1",B_cells
CATTCCGAGGCGCTTC-1,Erythroid,Erythroid
CATTCCGAGTAACGTA-1,Immune_mixed,Immune_mixed
CATTCCGAGTCAATCC-1,Immune_mixed,Immune_mixed
CATTCCGCAACCTAAC-1,"B_cells,1",B_cells
CATTCCGCAAGTATCC-1,Immune_mixed,Immune_mixed
CATTCCGCAATCTCGA-1,Immune_mixed,Immune_mixed
CATTCCGCAATCTGCA-1,Myeloid,Myeloid
CATTCCGCACCATTCC-1,"B_cells,0",B_cells
CATTCCGCACGCTGAC-1,Immune_mixed,Immune_mixed
CATTCCGCAGCTTTCC-1,Immune_mixed,Immune_mixed
CATTCCGCATGGAACG-1,Erythroid,Erythroid
CATTCCGGTCAAAGTA-1,Immune_mixed,Immune_mixed
CATTCCGTCTCTAGGA-1,"B_cells,0",B_cells
CATTCTAAGAATCTAG-1,Immune_mixed,Immune_mixed
CATTCTAAGTACAGAT-1,"B_cells,0",B_cells
CATTCTACAGCAGTAG-1,Immune_mixed,Immune_mixed
CATTCTAGTCCAATCA-1,Immune_mixed,Immune_mixed
CATTCTAGTTCGGTTA-1,Immune_mixed,Immune_mixed
CATTCTATCAGCCTCT-1-1,Immune_mixed,Immune_mixed
CATTCTATCCTAAGTG-1,Immune_mixed,Immune_mixed
CATTCTATCGCTAATG-1,"B_cells,0",B_cells
CATTCTATCTGAATCG-1,Immune_mixed,Immune_mixed
CATTCTATCTGGTGGC-1,"B_cells,0",B_cells
CATTGAGAGCCGTTAT-1,"B_cells,1",B_cells
CATTGAGCATATAGCC-1,"B_cells,0",B_cells
CATTGAGGTGAGTTTC-1,Immune_mixed,Immune_mixed
CATTGAGGTTGCAACT-1,Immune_mixed,Immune_mixed
CATTGAGTCACCCTCA-1,Immune_mixed,Immune_mixed
CATTGAGTCCGAAGGA-1,Immune_mixed,Immune_mixed
CATTGCCCAAACACGG-1,Erythroid,Erythroid
CATTGCCCAGCCTTCT-1,"B_cells,1",B_cells
CATTGCCCATCCGGTG-1,Erythroid,Erythroid
CATTGCCGTTGTCCCT-1,Erythroid,Erythroid
CATTGCCTCAACGAGG-1,Immune_mixed,Immune_mixed
CATTGCCTCAGTGTCA-1,"B_cells,0",B_cells
CATTGCCTCCTGGGAC-1,Immune_mixed,Immune_mixed
CATTGCCTCGGAAACG-1,Immune_mixed,Immune_mixed
CATTGCCTCTCAGAAC-1,Myeloid,Myeloid
CATTGTTAGCCTGCCA-1,"B_cells,0",B_cells
CATTGTTCACACGTGC-1,Immune_mixed,Immune_mixed
CATTGTTGTGGCTAGA-1,Erythroid,Erythroid
CATTGTTGTTGGTAGG-1,"B_cells,0",B_cells
CATTGTTTCCAGCCTT-1,Immune_mixed,Immune_mixed
CATTGTTTCCCTCTAG-1,Erythroid,Erythroid
CATTGTTTCGTCGATA-1,Immune_mixed,Immune_mixed
CATTGTTTCTAGACAC-1,Immune_mixed,Immune_mixed
CATTTCAAGCCTGCCA-1,Immune_mixed,Immune_mixed
CATTTCACATAGACTC-1,Immune_mixed,Immune_mixed
CATTTCACATGACGTT-1,Immune_mixed,Immune_mixed
CATTTCACATGAGTAA-1,"B_cells,0",B_cells
CATTTCAGTAAGATTG-1,Immune_mixed,Immune_mixed
CATTTCAGTTGCATAC-1,Immune_mixed,Immune_mixed
CATTTCATCAAGAATG-1,Erythroid,Erythroid
CATTTCATCGTTCGCT-1,Immune_mixed,Immune_mixed
CCAAGCGAGAATTGCA-1,Erythroid,Erythroid
CCAAGCGCAAGACTGG-1,Erythroid,Erythroid
CCAAGCGCAGGGTCTC-1,Erythroid,Erythroid
CCAAGCGGTGCTGATT-1,Erythroid,Erythroid
CCAAGCGGTTGTCAGT-1,Erythroid,Erythroid
CCAAGCGTCATCACCC-1,Immune_mixed,Immune_mixed
CCAAGCGTCTTCGATT-1,Immune_mixed,Immune_mixed
CCAATGAAGACGCAGT-1,Immune_mixed,Immune_mixed
CCAATGACAAAGAGTT-1,Erythroid,Erythroid
CCAATGACACGCTGAC-1,"B_cells,0",B_cells
CCAATGACATTGTCGA-1,Erythroid,Erythroid
CCAATGAGTAACACCT-1,Erythroid,Erythroid
CCAATGAGTAGCTGTT-1,Myeloid,Myeloid
CCAATGAGTAGGATAT-1,Immune_mixed,Immune_mixed
CCAATGAGTCTGTGCG-1,Erythroid,Erythroid
CCAATGAGTGAGATCG-1,Immune_mixed,Immune_mixed
CCAATGATCAGAGTGG-1,Immune_mixed,Immune_mixed
CCAATTTAGATACATG-1,Immune_mixed,Immune_mixed
CCAATTTAGGGCCAAT-1,Erythroid,Erythroid
CCAATTTAGTAAATGC-1,Immune_mixed,Immune_mixed
CCAATTTAGTTGGCGA-1,Immune_mixed,Immune_mixed
CCAATTTCAAGCGCTC-1,Immune_mixed,Immune_mixed
CCAATTTGTCAACATC-1,Immune_mixed,Immune_mixed
CCAATTTGTGGCCCAT-1,Erythroid,Erythroid
CCAATTTGTGGTCAAG-1,"B_cells,0",B_cells
CCAATTTGTTGCAAGG-1,Immune_mixed,Immune_mixed
CCAATTTTCTCCGTGT-1,Immune_mixed,Immune_mixed
CCACAAAAGCTTTCTT-1,Immune_mixed,Immune_mixed
CCACAAAAGGCTCTAT-1,"B_cells,1",B_cells
CCACAAAAGGGATGTC-1,Immune_mixed,Immune_mixed
CCACAAACAAACTAGA-1,Immune_mixed,Immune_mixed
CCACAAACAATCGCGC-1,Immune_mixed,Immune_mixed
CCACAAACAGATGCGA-1,Immune_mixed,Immune_mixed
CCACAAATCCAAGCTA-1,Erythroid,Erythroid
CCACAAATCCGTCCTA-1,"B_cells,1",B_cells
CCACAAATCTGCTAGA-1,Immune_mixed,Immune_mixed
CCACACTAGAAGCGAA-1,Immune_mixed,Immune_mixed
CCACACTAGACCATGG-1,"B_cells,0",B_cells
CCACACTAGAGATGCC-1,Erythroid,Erythroid
CCACACTAGTGCGCTC-1,Immune_mixed,Immune_mixed
CCACACTCAAATGGAT-1,Immune_mixed,Immune_mixed
CCACACTGTTCTTGCC-1,Immune_mixed,Immune_mixed
CCACACTTCACACGAT-1,Erythroid,Erythroid
CCACACTTCGGAATGG-1,Immune_mixed,Immune_mixed
CCACCATAGGCAGGGA-1,Immune_mixed,Immune_mixed
CCACCATAGTTCCGTA-1,Immune_mixed,Immune_mixed
CCACCATGTACTGGGA-1,Erythroid,Erythroid
CCACCATGTAGGGAGG-1,Immune_mixed,Immune_mixed
CCACCATGTATCAAGA-1,Erythroid,Erythroid
CCACCATTCGGCCAAC-1,Immune_mixed,Immune_mixed
CCACCATTCGTTAGTG-1,Immune_mixed,Immune_mixed
CCACGAGAGCTGAAAT-1,Immune_mixed,Immune_mixed
CCACGAGAGGCATCTT-1,Immune_mixed,Immune_mixed
CCACGAGAGTCATCCA-1,Erythroid,Erythroid
CCACGAGAGTGGTGAC-1,Immune_mixed,Immune_mixed
CCACGAGCAAGCTGCC-1,Immune_mixed,Immune_mixed
CCACGAGCACTTCTCG-1,Erythroid,Erythroid
CCACGAGCAGGAATAT-1,"B_cells,0",B_cells
CCACGAGCATACAGCT-1,"B_cells,0",B_cells
CCACGAGGTAATACCC-1,Immune_mixed,Immune_mixed
CCACGAGGTGACTGAG-1,Immune_mixed,Immune_mixed
CCACGAGGTTCCGCGA-1,Immune_mixed,Immune_mixed
CCACGAGTCCACCTCA-1,Immune_mixed,Immune_mixed
CCACGAGTCGTCGACG-1,Immune_mixed,Immune_mixed
CCACGTTAGAGGCGTT-1,Erythroid,Erythroid
CCACGTTCAATGCTCA-1,Immune_mixed,Immune_mixed
CCACGTTCACCCAACG-1,Immune_mixed,Immune_mixed
CCACGTTCATCGTGGC-1,"B_cells,0",B_cells
CCACGTTGTACAACGG-1,Immune_mixed,Immune_mixed
CCACGTTGTATTCCGA-1,Immune_mixed,Immune_mixed
CCACGTTTCTTAGCCC-1,Immune_mixed,Immune_mixed
CCACTTGAGCCTCACG-1,Immune_mixed,Immune_mixed
CCACTTGAGTCTACCA-1,"B_cells,0",B_cells
CCACTTGAGTTGGCTT-1,Immune_mixed,Immune_mixed
CCACTTGCAAGATCCT-1,Immune_mixed,Immune_mixed
CCACTTGGTAGCCCTG-1,Myeloid,Myeloid
CCACTTGGTAGCGTTT-1,Myeloid,Myeloid
CCACTTGGTATGTCAC-1,Immune_mixed,Immune_mixed
CCACTTGGTGTACAGG-1,Immune_mixed,Immune_mixed
CCACTTGGTGTCTTCC-1,Erythroid,Erythroid
CCACTTGTCACCACAA-1,Myeloid,Myeloid
CCACTTGTCCGAAGGA-1,Immune_mixed,Immune_mixed
CCATAAGAGAAGAACG-1,Immune_mixed,Immune_mixed
CCATAAGAGTCATACC-1,"B_cells,1",B_cells
CCATAAGCACTTTAGG-1,Immune_mixed,Immune_mixed
CCATAAGCAGCATTGT-1,"B_cells,0",B_cells
CCATAAGCAGGGAGAG-1,Erythroid,Erythroid
CCATAAGGTACTCGCG-1,"B_cells,0",B_cells
CCATAAGGTGACCTGC-1,Immune_mixed,Immune_mixed
CCATAAGTCCAGCAAT-1,Erythroid,Erythroid
CCATAAGTCTCGGGAC-1,Immune_mixed,Immune_mixed
CCATCACAGACGCCCT-1,Immune_mixed,Immune_mixed
CCATCACCAGGTGACA-1,Myeloid,Myeloid
CCATCACGTCGAACGA-1,Immune_mixed,Immune_mixed
CCATCACGTGGGTTGA-1,Erythroid,Erythroid
CCATCACTCAAAGGTA-1,Immune_mixed,Immune_mixed
CCATCACTCGGAGATG-1,Erythroid,Erythroid
CCATCACTCTGACCCT-1,Immune_mixed,Immune_mixed
CCCAACTAGCCGCACT-1,Myeloid,Myeloid
CCCAACTAGGCGAACT-1,Erythroid,Erythroid
CCCAACTAGTACGTCT-1,Myeloid,Myeloid
CCCAACTAGTAGCTCT-1,Erythroid,Erythroid
CCCAACTAGTCATCCA-1,Erythroid,Erythroid
CCCAACTCAGATTCGT-1,Immune_mixed,Immune_mixed
CCCAACTGTAGTAAGT-1,Immune_mixed,Immune_mixed
CCCAACTGTCAAGGCA-1,Immune_mixed,Immune_mixed
CCCAACTGTCCCTGAG-1,Immune_mixed,Immune_mixed
CCCAACTGTTACCCAA-1,Immune_mixed,Immune_mixed
CCCAACTTCACTCCGT-1,Immune_mixed,Immune_mixed
CCCAACTTCGCAGATT-1,Myeloid,Myeloid
CCCAACTTCGTCCTTG-1,Immune_mixed,Immune_mixed
CCCATTGAGGCATCTT-1,Immune_mixed,Immune_mixed
CCCATTGCAATGCTCA-1,Immune_mixed,Immune_mixed
CCCATTGCACAAGCAG-1,Erythroid,Erythroid
CCCATTGCACCATAAC-1,Immune_mixed,Immune_mixed
CCCATTGGTCCATCTC-1,Immune_mixed,Immune_mixed
CCCATTGTCATAGCAC-1,Myeloid,Myeloid
CCCATTGTCGACGTCG-1,Immune_mixed,Immune_mixed
CCCATTGTCGGTCGGT-1,Myeloid,Myeloid
CCCATTGTCTTAAGGC-1,Immune_mixed,Immune_mixed
CCCGAAGAGAAACACT-1,"B_cells,0",B_cells
CCCGAAGAGAAAGTCT-1,Immune_mixed,Immune_mixed
CCCGAAGAGACCAGAC-1,Immune_mixed,Immune_mixed
CCCGAAGAGAGGTTAT-1,Immune_mixed,Immune_mixed
CCCGAAGAGCTGAGTG-1,Erythroid,Erythroid
CCCGAAGCAAGCGATG-1,Myeloid,Myeloid
CCCGAAGCACTGCTTC-1,Immune_mixed,Immune_mixed
CCCGAAGCAGTCGTTA-1,"B_cells,1",B_cells
CCCGAAGCATAGATGA-1,"B_cells,1",B_cells
CCCGAAGGTATCGCTA-1,Immune_mixed,Immune_mixed
CCCGAAGGTTGTGTTG-1,Immune_mixed,Immune_mixed
CCCGAAGTCTAGTCAG-1,Immune_mixed,Immune_mixed
CCCGAAGTCTCTGGTC-1,Immune_mixed,Immune_mixed
CCCGGAAAGACGACTG-1,Erythroid,Erythroid
CCCGGAAAGAGGGTGG-1,Myeloid,Myeloid
CCCGGAAAGGTTGAGC-1,Immune_mixed,Immune_mixed
CCCGGAAGTACTGGGA-1,Immune_mixed,Immune_mixed
CCCGGAAGTCGAAACG-1,Immune_mixed,Immune_mixed
CCCGGAAGTGGCCTCA-1,Myeloid,Myeloid
CCCGGAATCCTGGGTG-1,Immune_mixed,Immune_mixed
CCCGGAATCTCTGACC-1,Immune_mixed,Immune_mixed
CCCGGAATCTGGGAGA-1,Immune_mixed,Immune_mixed
CCCTAACAGGCACAAC-1,Immune_mixed,Immune_mixed
CCCTAACAGTTGGACG-1,Immune_mixed,Immune_mixed
CCCTAACCACCCTGTT-1,Immune_mixed,Immune_mixed
CCCTAACCACGCGGTT-1,Immune_mixed,Immune_mixed
CCCTAACCAGAACTTC-1,Immune_mixed,Immune_mixed
CCCTAACGTATCATGC-1,Immune_mixed,Immune_mixed
CCCTAACTCGGTCTAA-1,Immune_mixed,Immune_mixed
CCCTCAACAGACCATT-1,"B_cells,0",B_cells
CCCTCAACAGACCCGT-1,Immune_mixed,Immune_mixed
CCCTCAACAGTATACC-1,Immune_mixed,Immune_mixed
CCCTCAACATTCTTCA-1,Erythroid,Erythroid
CCCTCAAGTAGCGAGT-1,Immune_mixed,Immune_mixed
CCCTCAAGTCCGACGT-1,Immune_mixed,Immune_mixed
CCCTCAAGTGGTAACG-1,Immune_mixed,Immune_mixed
CCCTCAAGTGGTACAG-1,Immune_mixed,Immune_mixed
CCCTCTCCACTCCTGT-1,Immune_mixed,Immune_mixed
CCCTCTCCAGGAGGAG-1,Immune_mixed,Immune_mixed
CCCTCTCCAGGCTCTG-1,Immune_mixed,Immune_mixed
CCCTCTCGTTGTTGTG-1,Immune_mixed,Immune_mixed
CCCTCTCTCGGAACTT-1,Myeloid,Myeloid
CCCTCTCTCGTGGCGT-1,Immune_mixed,Immune_mixed
CCCTGATAGCTAAGTA-1,Erythroid,Erythroid
CCCTGATAGGCATCAG-1,Immune_mixed,Immune_mixed
CCCTGATAGTCATAGA-1,"B_cells,1",B_cells
CCCTGATAGTCCTGCG-1,Erythroid,Erythroid
CCCTGATAGTGGTTAA-1,Immune_mixed,Immune_mixed
CCCTGATCAGTGGCTC-1,Immune_mixed,Immune_mixed
CCCTGATCATACACCA-1,Immune_mixed,Immune_mixed
CCCTGATGTATTGCCA-1,Immune_mixed,Immune_mixed
CCCTGATTCAAACGAA-1,Immune_mixed,Immune_mixed
CCCTGATTCCCGAATA-1,Myeloid,Myeloid
CCCTGATTCGTAACAC-1,Myeloid,Myeloid
CCCTTAGAGCCTGTGC-1,Immune_mixed,Immune_mixed
CCCTTAGAGTCTCTGA-1,Immune_mixed,Immune_mixed
CCCTTAGAGTTTAGGA-1,Immune_mixed,Immune_mixed
CCCTTAGCAAATACAG-1,"B_cells,0",B_cells
CCCTTAGTCAGATGCT-1,Erythroid,Erythroid
CCCTTAGTCATGCCCT-1,Immune_mixed,Immune_mixed
CCCTTAGTCCAAATGC-1,Erythroid,Erythroid
CCCTTAGTCGTCAACA-1,Immune_mixed,Immune_mixed
CCGAACGAGAAAGTCT-1,Immune_mixed,Immune_mixed
CCGAACGAGCGTGCCT-1,Erythroid,Erythroid
CCGAACGAGGATTCCT-1,Immune_mixed,Immune_mixed
CCGAACGAGTTTGTCG-1,Immune_mixed,Immune_mixed
CCGAACGGTAACATCC-1,Immune_mixed,Immune_mixed
CCGAACGGTCTATGAC-1,Immune_mixed,Immune_mixed
CCGAACGTCATGGGAG-1,Erythroid,Erythroid
CCGAACGTCTTGTGCC-1,Erythroid,Erythroid
CCGATCTAGACAAGCC-1,Immune_mixed,Immune_mixed
CCGATCTAGGCTCAAG-1,Immune_mixed,Immune_mixed
CCGATCTAGGGCTGAT-1,Immune_mixed,Immune_mixed
CCGATCTCACAGCTGC-1,Myeloid,Myeloid
CCGATCTCATAGGTAA-1,Myeloid,Myeloid
CCGATCTCATCAGTGT-1,Immune_mixed,Immune_mixed
CCGATCTGTAGCACGA-1,"B_cells,0",B_cells
CCGATCTGTCACTACA-1,Immune_mixed,Immune_mixed
CCGATCTGTGGACCTC-1,Erythroid,Erythroid
CCGATCTTCGTGCATA-1,Immune_mixed,Immune_mixed
CCGATCTTCTGGGCGT-1,Immune_mixed,Immune_mixed
CCGATGGCATTATGCG-1,Erythroid,Erythroid
CCGATGGGTGCCTTCT-1,Immune_mixed,Immune_mixed
CCGATGGGTTTATGCG-1,Erythroid,Erythroid
CCGATGGGTTTGCAGT-1,Immune_mixed,Immune_mixed
CCGATGGTCCTTCTGG-1,Immune_mixed,Immune_mixed
CCGCAAGAGATAGTCA-1,Immune_mixed,Immune_mixed
CCGCAAGAGATGAACT-1,Immune_mixed,Immune_mixed
CCGCAAGAGCATCAGG-1,Myeloid,Myeloid
CCGCAAGAGCGGCTCT-1,"B_cells,1",B_cells
CCGCAAGAGGAAGAAC-1,Immune_mixed,Immune_mixed
CCGCAAGAGGTCATCT-1,Immune_mixed,Immune_mixed
CCGCAAGCAAGCACAG-1,Immune_mixed,Immune_mixed
CCGCAAGCATAGAAAC-1,Erythroid,Erythroid
CCGCAAGGTACGACTT-1,Immune_mixed,Immune_mixed
CCGCAAGGTTAAACCC-1,Erythroid,Erythroid
CCGCAAGTCGTGTTCC-1,Immune_mixed,Immune_mixed
CCGGACAAGACACACG-1,Immune_mixed,Immune_mixed
CCGGACAAGACGGTTG-1,Immune_mixed,Immune_mixed
CCGGACAAGAGTCTTC-1,Immune_mixed,Immune_mixed
CCGGACACATGACAGG-1,Immune_mixed,Immune_mixed
CCGGACAGTCTAGATC-1,Immune_mixed,Immune_mixed
CCGGACATCCATTCGC-1,Myeloid,Myeloid
CCGGACATCCGCTGTT-1,"B_cells,0",B_cells
CCGGACATCTAAGAAG-1,Immune_mixed,Immune_mixed
CCGGGTAAGCCTGGAA-1,Immune_mixed,Immune_mixed
CCGGGTAAGGACTATA-1,Immune_mixed,Immune_mixed
CCGGGTAAGTTGCTCA-1,Immune_mixed,Immune_mixed
CCGGGTAAGTTGCTGT-1,Immune_mixed,Immune_mixed
CCGGGTACACGCGTGT-1,Myeloid,Myeloid
CCGGGTACATACTGAC-1,Immune_mixed,Immune_mixed
CCGGGTACATATACCG-1,Immune_mixed,Immune_mixed
CCGGGTAGTAAGGTCG-1,"B_cells,1",B_cells
CCGGGTAGTTGTGTTG-1,Immune_mixed,Immune_mixed
CCGGGTAGTTTCTATC-1,"B_cells,0",B_cells
CCGGTAGAGTGAGGTC-1,Immune_mixed,Immune_mixed
CCGGTAGCAGCTCTGG-1,"B_cells,0",B_cells
CCGGTAGTCCCGTTGT-1,Erythroid,Erythroid
CCGGTGAAGATCCTAC-1,Immune_mixed,Immune_mixed
CCGGTGAAGGCGTTAG-1,Immune_mixed,Immune_mixed
CCGGTGAAGTTTGCTG-1,Immune_mixed,Immune_mixed
CCGGTGACACGGTCTG-1,Immune_mixed,Immune_mixed
CCGGTGACATAGAGGC-1,Immune_mixed,Immune_mixed
CCGGTGAGTCGTATGT-1,Immune_mixed,Immune_mixed
CCGGTGATCAAGAAAC-1,Erythroid,Erythroid
CCGGTGATCTCACCCA-1,Immune_mixed,Immune_mixed
CCGTAGGAGACATAGT-1,Erythroid,Erythroid
CCGTAGGAGAGTGTTA-1,"B_cells,1",B_cells
CCGTAGGGTGTGTCGC-1,Immune_mixed,Immune_mixed
CCGTAGGGTTCTCCTG-1,Immune_mixed,Immune_mixed
CCGTAGGTCCCTCAAC-1,Immune_mixed,Immune_mixed
CCGTAGGTCGTAGGAG-1,Erythroid,Erythroid
CCGTAGGTCGTGCGAC-1,Immune_mixed,Immune_mixed
CCGTGAGAGCCTCTCT-1,Immune_mixed,Immune_mixed
CCGTGAGAGGCAATGC-1,Immune_mixed,Immune_mixed
CCGTGAGAGGGCAATC-1,Erythroid,Erythroid
CCGTGAGAGTTGGAGC-1,Immune_mixed,Immune_mixed
CCGTGAGCAGATGCGA-1,Immune_mixed,Immune_mixed
CCGTGAGCAGTCTTCC-1,Immune_mixed,Immune_mixed
CCGTGAGCATGAAGCG-1,Immune_mixed,Immune_mixed
CCGTGAGGTGAGTGAC-1,Immune_mixed,Immune_mixed
CCGTGAGTCAGACAAA-1,Immune_mixed,Immune_mixed
CCGTGAGTCATCTCTA-1,Immune_mixed,Immune_mixed
CCGTGAGTCTCGTCAC-1,Erythroid,Erythroid
CCGTTCAAGGATAATC-1,"B_cells,0",B_cells
CCGTTCAAGGATCACG-1,Immune_mixed,Immune_mixed
CCGTTCACAGCAATTC-1,"B_cells,1",B_cells
CCGTTCATCAATCCGA-1,Immune_mixed,Immune_mixed
CCGTTCATCTTTCGAT-1,Immune_mixed,Immune_mixed
CCTAACCAGACAGCTG-1,Immune_mixed,Immune_mixed
CCTAACCAGCTTGTTG-1,Immune_mixed,Immune_mixed
CCTAACCAGTTAGTGA-1,Erythroid,Erythroid
CCTAACCCAACATCGT-1,Immune_mixed,Immune_mixed
CCTAACCCAACTGGTT-1,Immune_mixed,Immune_mixed
CCTAACCCAAGTTGGG-1,Immune_mixed,Immune_mixed
CCTAACCCATACGCAT-1,Immune_mixed,Immune_mixed
CCTAACCTCCGATCGG-1,"B_cells,0",B_cells
CCTAAGACAGCGTATT-1,"B_cells,1",B_cells
CCTAAGAGTTTAGACC-1,Immune_mixed,Immune_mixed
CCTAAGATCATCCCGT-1,Myeloid,Myeloid
CCTAAGATCTGTGTGA-1,Immune_mixed,Immune_mixed
CCTAAGATCTTCGTGC-1,Immune_mixed,Immune_mixed
CCTACGTAGGACAGTC-1,Immune_mixed,Immune_mixed
CCTACGTAGGGCAGAG-1,"B_cells,1",B_cells
CCTACGTAGTAGGAAG-1,Myeloid,Myeloid
CCTACGTAGTGTTCAC-1,Erythroid,Erythroid
CCTACGTCAAGCCATT-1,Immune_mixed,Immune_mixed
CCTACGTCAAGTGACG-1,Myeloid,Myeloid
CCTACGTCACGTCGTG-1,Immune_mixed,Immune_mixed
CCTACGTGTACATTGC-1,Immune_mixed,Immune_mixed
CCTACGTGTCCAAATC-1,Immune_mixed,Immune_mixed
CCTACGTGTGTTTGCA-1,Immune_mixed,Immune_mixed
CCTACGTGTTCCTAGA-1,Immune_mixed,Immune_mixed
CCTACGTGTTTGTTGG-1,Immune_mixed,Immune_mixed
CCTACGTTCACCTCAC-1,Immune_mixed,Immune_mixed
CCTACGTTCACTGAAC-1,Erythroid,Erythroid
CCTACGTTCCTTCAGC-1,Immune_mixed,Immune_mixed
CCTACGTTCGGTAACT-1,Immune_mixed,Immune_mixed
CCTACGTTCGGTAGAG-1,Immune_mixed,Immune_mixed
CCTACGTTCTACGCAA-1,"B_cells,1",B_cells
CCTATCGAGCGATGGT-1,Immune_mixed,Immune_mixed
CCTATCGAGGAGAGTA-1,Immune_mixed,Immune_mixed
CCTATCGAGGGTTAAT-1,Immune_mixed,Immune_mixed
CCTATCGCAACCGACC-1,Immune_mixed,Immune_mixed
CCTATCGGTAGGAGTC-1,Immune_mixed,Immune_mixed
CCTATCGGTATCTCTT-1,Erythroid,Erythroid
CCTATCGGTCTCACAA-1,Immune_mixed,Immune_mixed
CCTATCGGTGAGGATC-1,Immune_mixed,Immune_mixed
CCTATCGGTGCATCTA-1,Immune_mixed,Immune_mixed
CCTATCGTCAGATGCT-1,Immune_mixed,Immune_mixed
CCTCAACAGGATACGC-1,Immune_mixed,Immune_mixed
CCTCAACAGTTAGTAG-1,Immune_mixed,Immune_mixed
CCTCAACCAACCGCTG-1,Immune_mixed,Immune_mixed
CCTCAACCATTGAAGA-1,"B_cells,1",B_cells
CCTCACAAGCGTCTGC-1,Immune_mixed,Immune_mixed
CCTCACAAGCTGAGTG-1,"B_cells,1",B_cells
CCTCACAAGGTAGTAT-1-1,Immune_mixed,Immune_mixed
CCTCACAGTACAAGTA-1,"B_cells,0",B_cells
CCTCACAGTTGAATCC-1,Immune_mixed,Immune_mixed
CCTCACATCATCTATC-1,Immune_mixed,Immune_mixed
CCTCACATCCTGTTAT-1,Immune_mixed,Immune_mixed
CCTCAGTAGCTCGTGC-1,Immune_mixed,Immune_mixed
CCTCAGTAGGGACCAT-1,Immune_mixed,Immune_mixed
CCTCAGTCAGCATCTA-1,"B_cells,0",B_cells
CCTCAGTCAGGTCCCA-1,Immune_mixed,Immune_mixed
CCTCAGTCATATCGGT-1,Immune_mixed,Immune_mixed
CCTCAGTGTCCTGAAT-1,Immune_mixed,Immune_mixed
CCTCAGTGTGTGACCC-1,Immune_mixed,Immune_mixed
CCTCAGTGTTGCGTAT-1,Erythroid,Erythroid
CCTCAGTTCATTGCTT-1,Immune_mixed,Immune_mixed
CCTCATGAGGCCTTGC-1,"B_cells,0",B_cells
CCTCATGAGTCGGCCT-1,"B_cells,0",B_cells
CCTCATGAGTGGAATT-1,Erythroid,Erythroid
CCTCATGCAACTGATC-1,"B_cells,0",B_cells
CCTCATGCACATGACT-1,Immune_mixed,Immune_mixed
CCTCATGCACCATTCC-1,Immune_mixed,Immune_mixed
CCTCATGCAGGTGACA-1,Immune_mixed,Immune_mixed
CCTCATGGTACCTGTA-1,Erythroid,Erythroid
CCTCATGGTGCAATAA-1,Immune_mixed,Immune_mixed
CCTCATGGTTGTGCAT-1,Immune_mixed,Immune_mixed
CCTCATGTCAGTGTGT-1,Erythroid,Erythroid
CCTCCAAAGAGCAAGA-1,Erythroid,Erythroid
CCTCCAAAGAGGATGA-1,Immune_mixed,Immune_mixed
CCTCCAAAGATAGTGT-1,"B_cells,0",B_cells
CCTCCAAAGTAAACGT-1,Erythroid,Erythroid
CCTCCAAAGTAGGGTC-1,Immune_mixed,Immune_mixed
CCTCCAACAGTTTCAG-1,Erythroid,Erythroid
CCTCCAAGTATCTCTT-1,Immune_mixed,Immune_mixed
CCTCCAAGTGACGTCC-1,Immune_mixed,Immune_mixed
CCTCCAAGTTCTCCTG-1,Erythroid,Erythroid
CCTCCAAGTTGTTTGG-1,Immune_mixed,Immune_mixed
CCTCCTCAGAAGTCAT-1,Immune_mixed,Immune_mixed
CCTCCTCAGCTAATCC-1,Erythroid,Erythroid
CCTCCTCAGGGATCAC-1,Erythroid,Erythroid
CCTCCTCCAATGTCAC-1,Immune_mixed,Immune_mixed
CCTCCTCCAATTGCCA-1,Erythroid,Erythroid
CCTCCTCCAGAGCTAG-1,Immune_mixed,Immune_mixed
CCTCCTCGTGAGAGGG-1,Erythroid,Erythroid
CCTCCTCGTGCACATT-1,Erythroid,Erythroid
CCTCCTCGTTCCATTT-1,Immune_mixed,Immune_mixed
CCTCCTCTCACCGGTG-1,Erythroid,Erythroid
CCTCCTCTCCAAGCAT-1,Immune_mixed,Immune_mixed
CCTCCTCTCCTTCGAC-1,Immune_mixed,Immune_mixed
CCTCCTCTCGAAATCC-1,Immune_mixed,Immune_mixed
CCTCCTCTCTACCAGA-1,Erythroid,Erythroid
CCTCTAGAGAACCGCA-1,Immune_mixed,Immune_mixed
CCTCTAGAGCTTCATG-1,Immune_mixed,Immune_mixed
CCTCTAGAGGGATCAC-1,Immune_mixed,Immune_mixed
CCTCTAGCATCCAACA-1,Erythroid,Erythroid
CCTCTAGGTTATCCAG-1,"B_cells,1",B_cells
CCTCTAGGTTTCGACA-1,Erythroid,Erythroid
CCTCTAGTCGTAACCA-1,Immune_mixed,Immune_mixed
CCTCTAGTCTGCATAG-1,Erythroid,Erythroid
CCTCTCCAGAGCAAGA-1,Immune_mixed,Immune_mixed
CCTCTCCAGCTGACAG-1,"B_cells,0",B_cells
CCTCTCCAGTGCGACA-1,Immune_mixed,Immune_mixed
CCTCTCCCACCCTATC-1,Immune_mixed,Immune_mixed
CCTCTCCCACTTGGCG-1,Immune_mixed,Immune_mixed
CCTCTCCCATCTATCT-1,Immune_mixed,Immune_mixed
CCTCTCCGTACATACC-1,Immune_mixed,Immune_mixed
CCTCTCCGTCTTGAGT-1,"B_cells,0",B_cells
CCTCTCCTCGAGATAA-1,Immune_mixed,Immune_mixed
CCTCTCCTCTTAGCCC-1,Immune_mixed,Immune_mixed
CCTGCATAGGGAGGCA-1,"B_cells,0",B_cells
CCTGCATCAAGAAACT-1,Immune_mixed,Immune_mixed
CCTGCATCACCTCGTT-1,Immune_mixed,Immune_mixed
CCTGCATGTCGAGCTC-1,Erythroid,Erythroid
CCTGCATGTGAATGAT-1,"B_cells,0",B_cells
CCTGCATTCAAGTGGG-1,Myeloid,Myeloid
CCTGCATTCCCGATCT-1,Erythroid,Erythroid
CCTGCATTCCGGTTCT-1,Erythroid,Erythroid
CCTGCATTCGCTTGCT-1,Immune_mixed,Immune_mixed
CCTGCATTCGGAAGGT-1,Myeloid,Myeloid
CCTGTTGCAAGTCCAT-1,Immune_mixed,Immune_mixed
CCTGTTGCACCCTTAC-1,Immune_mixed,Immune_mixed
CCTGTTGCATTCACCC-1,Immune_mixed,Immune_mixed
CCTGTTGGTATCGCGC-1,Immune_mixed,Immune_mixed
CCTGTTGTCAAATAGG-1,Erythroid,Erythroid
CCTGTTGTCACCGGGT-1,Immune_mixed,Immune_mixed
CCTGTTGTCCCATAGA-1,Immune_mixed,Immune_mixed
CCTGTTGTCCCATGGG-1,Erythroid,Erythroid
CCTTCAGAGACCAGCA-1,Immune_mixed,Immune_mixed
CCTTCAGAGAGGATGA-1,Immune_mixed,Immune_mixed
CCTTCAGAGTTGAAGT-1,Immune_mixed,Immune_mixed
CCTTCAGCACCCTAGG-1,Myeloid,Myeloid
CCTTCAGGTATGGAGC-1,Erythroid,Erythroid
CCTTCAGGTTAGGACG-1,Erythroid,Erythroid
CCTTCAGTCAATCGGT-1,Erythroid,Erythroid
CCTTCAGTCACTTTGT-1,Immune_mixed,Immune_mixed
CCTTCAGTCTCCGAGG-1,Erythroid,Erythroid
CCTTGTGCACAGTCGC-1,Immune_mixed,Immune_mixed
CCTTGTGCATCGTGCG-1,Immune_mixed,Immune_mixed
CCTTGTGCATGGAAGC-1,Immune_mixed,Immune_mixed
CCTTGTGTCGGTCACG-1,Immune_mixed,Immune_mixed
CCTTGTGTCTCTGACC-1,Erythroid,Erythroid
CCTTTGGCAGTCAGTT-1,Immune_mixed,Immune_mixed
CCTTTGGGTGTATACC-1,Erythroid,Erythroid
CCTTTGGGTTTCGATG-1,Erythroid,Erythroid
CCTTTGGTCATCCTAT-1,Erythroid,Erythroid
CGAAGGAAGTCACGAG-1,Erythroid,Erythroid
CGAAGGACATCATGAC-1,Myeloid,Myeloid
CGAAGGATCATGAGGG-1,Immune_mixed,Immune_mixed
CGAAGGATCGCTTGCT-1,Immune_mixed,Immune_mixed
CGAAGGATCGGACAAG-1,Erythroid,Erythroid
CGAAGTTCAAACCGGA-1,Erythroid,Erythroid
CGAAGTTCAAAGCAAT-1,Immune_mixed,Immune_mixed
CGAAGTTCAGCTACAT-1,Erythroid,Erythroid
CGAAGTTCATAGATGA-1,Immune_mixed,Immune_mixed
CGAAGTTGTACGATTC-1,Immune_mixed,Immune_mixed
CGAAGTTGTCACTCGG-1,Immune_mixed,Immune_mixed
CGAAGTTGTCACTTCC-1,Immune_mixed,Immune_mixed
CGAAGTTGTCCACTCT-1,Erythroid,Erythroid
CGAAGTTGTCTCCTGT-1,Immune_mixed,Immune_mixed
CGAAGTTGTGAGTGAC-1,Erythroid,Erythroid
CGAAGTTGTGCCTTTC-1,Erythroid,Erythroid
CGAATTGAGCAAGGAA-1,Immune_mixed,Immune_mixed
CGAATTGAGTATGGAT-1,Immune_mixed,Immune_mixed
CGAATTGGTAGCTGTT-1,Immune_mixed,Immune_mixed
CGAATTGGTGCCGTTG-1,Immune_mixed,Immune_mixed
CGAATTGTCCACACCT-1,Immune_mixed,Immune_mixed
CGAATTGTCCCAGTGG-1,Immune_mixed,Immune_mixed
CGAATTGTCCTCAGAA-1,Myeloid,Myeloid
CGAATTGTCGCTACGG-1,Immune_mixed,Immune_mixed
CGAATTGTCGCTTTAT-1,Immune_mixed,Immune_mixed
CGAATTGTCTAGCCTC-1,Immune_mixed,Immune_mixed
CGACAGCAGATACATG-1,Erythroid,Erythroid
CGACAGCAGCGCCTCA-1,Immune_mixed,Immune_mixed
CGACAGCAGGTCCTGC-1,Immune_mixed,Immune_mixed
CGACAGCCAAGGTCAG-1,Immune_mixed,Immune_mixed
CGACAGCCACACGGTC-1,Immune_mixed,Immune_mixed
CGACAGCCACGTATAC-1,Immune_mixed,Immune_mixed
CGACAGCCACTCTCGT-1,Immune_mixed,Immune_mixed
CGACAGCCATCCGTGG-1,"B_cells,0",B_cells
CGACAGCTCATATGGC-1,Immune_mixed,Immune_mixed
CGACAGCTCCTCGCAT-1,Immune_mixed,Immune_mixed
CGAGAAGAGGGTCACA-1,Immune_mixed,Immune_mixed
CGAGAAGGTAGACTGG-1,Immune_mixed,Immune_mixed
CGAGAAGGTCAAATCC-1,Immune_mixed,Immune_mixed
CGAGAAGTCATTCGGA-1,Erythroid,Erythroid
CGAGAAGTCCTTTAGT-1,Immune_mixed,Immune_mixed
CGAGAAGTCGCCTTGT-1,Immune_mixed,Immune_mixed
CGAGAAGTCGCGTCGA-1,Immune_mixed,Immune_mixed
CGAGGAAAGGTCATAA-1,Erythroid,Erythroid
CGAGGAAAGGTTAAAC-1,"B_cells,0",B_cells
CGAGGAAAGTCAACAA-1,Immune_mixed,Immune_mixed
CGAGGAAAGTTGCCTA-1,Immune_mixed,Immune_mixed
CGAGGAACAAAGCAAT-1,Immune_mixed,Immune_mixed
CGAGGAACAATAGTGA-1,Immune_mixed,Immune_mixed
CGAGGAACATGGTGGA-1,Immune_mixed,Immune_mixed
CGAGGAAGTACCTAGT-1,Immune_mixed,Immune_mixed
CGAGGAAGTACGGTTT-1,"B_cells,0",B_cells
CGAGGAAGTATAATGG-1,"B_cells,0",B_cells
CGAGGAAGTCTACAAC-1,Immune_mixed,Immune_mixed
CGAGGAAGTTCTCGCT-1,"B_cells,0",B_cells
CGAGGCTAGAGAGAAC-1,Immune_mixed,Immune_mixed
CGAGGCTCACTCCGGA-1,Myeloid,Myeloid
CGAGGCTGTTCGCGTG-1,Erythroid,Erythroid
CGAGGCTTCACCATAG-1,Immune_mixed,Immune_mixed
CGAGGCTTCCCGTTCA-1,Erythroid,Erythroid
CGAGGCTTCGCTAAAC-1,Myeloid,Myeloid
CGAGGCTTCGGTCAGC-1,Immune_mixed,Immune_mixed
CGAGTGCAGCAGCGAT-1,Myeloid,Myeloid
CGAGTGCAGGGAGGAC-1,Immune_mixed,Immune_mixed
CGAGTGCCACTACCCT-1,Immune_mixed,Immune_mixed
CGAGTGCCAGTCAGTT-1,Immune_mixed,Immune_mixed
CGAGTGCCATTCTCCG-1,Immune_mixed,Immune_mixed
CGAGTGCGTAGTATAG-1,"B_cells,0",B_cells
CGAGTGCGTAGTCACT-1,Immune_mixed,Immune_mixed
CGAGTGCGTCGACTGC-1,Immune_mixed,Immune_mixed
CGAGTGCGTGCGACAA-1,"B_cells,0",B_cells
CGAGTGCTCTACGCAA-1,Erythroid,Erythroid
CGAGTTAAGACGGTTG-1,Erythroid,Erythroid
CGAGTTAAGCATTTGC-1,Immune_mixed,Immune_mixed
CGAGTTAAGCTGGAGT-1,"B_cells,0",B_cells
CGAGTTACACGCGTCA-1,Immune_mixed,Immune_mixed
CGAGTTACAGAGGCTA-1,Erythroid,Erythroid
CGAGTTAGTCACCACG-1,Myeloid,Myeloid
CGAGTTAGTCCTACAA-1,Immune_mixed,Immune_mixed
CGAGTTAGTCCTATAG-1,Erythroid,Erythroid
CGAGTTAGTGGCTAGA-1,Erythroid,Erythroid
CGAGTTAGTTAAGGGC-1,Immune_mixed,Immune_mixed
CGAGTTATCAAGAAAC-1,"B_cells,0",B_cells
CGAGTTATCATGCCAA-1,Immune_mixed,Immune_mixed
CGAGTTATCCAACTGA-1,Immune_mixed,Immune_mixed
CGAGTTATCTTTGCGC-1,Immune_mixed,Immune_mixed
CGATCGGAGGAAACGA-1,Immune_mixed,Immune_mixed
CGATCGGGTGCCAAGA-1,Erythroid,Erythroid
CGATCGGGTTTGATCG-1,Immune_mixed,Immune_mixed
CGATCGGTCAAACTGC-1,Immune_mixed,Immune_mixed
CGATCGGTCCTAGCCT-1,Immune_mixed,Immune_mixed
CGATGCGAGACGGTCA-1,Immune_mixed,Immune_mixed
CGATGCGAGAGAGCCT-1,Erythroid,Erythroid
CGATGCGAGAGTTGAT-1,Erythroid,Erythroid
CGATGCGAGCCTCTCT-1,Immune_mixed,Immune_mixed
CGATGCGAGCCTGCCA-1,Immune_mixed,Immune_mixed
CGATGCGAGGTCGACA-1,Immune_mixed,Immune_mixed
CGATGCGGTCAGTCTA-1,Immune_mixed,Immune_mixed
CGATGCGGTCTTGAGT-1,Immune_mixed,Immune_mixed
CGATGCGTCACGGGCT-1,Immune_mixed,Immune_mixed
CGATGCGTCCCGTTGT-1,Myeloid,Myeloid
CGATGCGTCGTGAGAG-1,Immune_mixed,Immune_mixed
CGATGGCCACCAGGTC-1,Immune_mixed,Immune_mixed
CGATGGCCACTTGAAC-1,Immune_mixed,Immune_mixed
CGATGGCCAGAAGCTG-1,Immune_mixed,Immune_mixed
CGATGGCCAGAGTGAC-1,"B_cells,0",B_cells
CGATGGCCAGTCTACA-1,Erythroid,Erythroid
CGATGGCGTAGGTTTC-1,Immune_mixed,Immune_mixed
CGATGGCGTAGTCCTA-1,Immune_mixed,Immune_mixed
CGATGGCGTCGGTGTC-1,Immune_mixed,Immune_mixed
CGATGGCTCTAACGGT-1,Erythroid,Erythroid
CGCAGGTAGATGATTG-1,Immune_mixed,Immune_mixed
CGCAGGTAGCACCGAA-1,Erythroid,Erythroid
CGCAGGTAGGTTATAG-1,Immune_mixed,Immune_mixed
CGCAGGTAGTCCTACA-1,Myeloid,Myeloid
CGCAGGTCATGAGAAT-1,Immune_mixed,Immune_mixed
CGCAGGTGTTCTTCAT-1,"B_cells,0",B_cells
CGCAGGTTCTTAAGGC-1,Erythroid,Erythroid
CGCAGGTTCTTACGGA-1,Immune_mixed,Immune_mixed
CGCATAAAGACCCGCT-1,Immune_mixed,Immune_mixed
CGCATAAAGCAACTCT-1,Immune_mixed,Immune_mixed
CGCATAAAGCCACCGT-1,Immune_mixed,Immune_mixed
CGCATAACAAGACAAT-1,Immune_mixed,Immune_mixed
CGCATAACAGTGGCTC-1,Immune_mixed,Immune_mixed
CGCATAACATGGCACC-1,"B_cells,1",B_cells
CGCATAAGTACGAAAT-1,Immune_mixed,Immune_mixed
CGCATAAGTCCGGCAT-1,Immune_mixed,Immune_mixed
CGCATAATCAAGCCAT-1,Immune_mixed,Immune_mixed
CGCATAATCGGCACTG-1,"B_cells,0",B_cells
CGCATGGAGCGTCAGA-1,Immune_mixed,Immune_mixed
CGCATGGAGGTAGTCG-1,Immune_mixed,Immune_mixed
CGCATGGCAATGAAAC-1,Immune_mixed,Immune_mixed
CGCATGGCACACTTAG-1,Immune_mixed,Immune_mixed
CGCATGGGTCATCCGG-1,Immune_mixed,Immune_mixed
CGCATGGGTCCGTTTC-1,Immune_mixed,Immune_mixed
CGCATGGGTTGGGCCT-1,"B_cells,0",B_cells
CGCCAGAAGATTCGCT-1,Immune_mixed,Immune_mixed
CGCCAGAAGGAATTAC-1,Erythroid,Erythroid
CGCCAGACACTCCTTG-1,Immune_mixed,Immune_mixed
CGCCAGACAGAAACCG-1,"B_cells,1",B_cells
CGCCAGAGTACTCGCG-1,Immune_mixed,Immune_mixed
CGCCAGAGTCAGTTTG-1,Erythroid,Erythroid
CGCCAGATCAGCGGAA-1,Immune_mixed,Immune_mixed
CGCCAGATCCCAGGAC-1,Immune_mixed,Immune_mixed
CGCCAGATCCGTACGG-1,Immune_mixed,Immune_mixed
CGCCAGATCGACACTA-1,Immune_mixed,Immune_mixed
CGCCAGATCTGCGGCA-1,Immune_mixed,Immune_mixed
CGCCATTAGACCAGAC-1,Immune_mixed,Immune_mixed
CGCCATTAGATGTAGT-1,Myeloid,Myeloid
CGCCATTCAGGTACGA-1,Myeloid,Myeloid
CGCCATTCAGTGGGTA-1,Immune_mixed,Immune_mixed
CGCCATTCAGTTGCGC-1,"B_cells,0",B_cells
CGCCATTGTGGTTTAC-1,Immune_mixed,Immune_mixed
CGCCATTTCCGATTAG-1,Erythroid,Erythroid
CGCGTGAAGCAGTACG-1,Immune_mixed,Immune_mixed
CGCGTGACAGAGCGTA-1,"B_cells,1",B_cells
CGCGTGAGTCCTTGTC-1,Erythroid,Erythroid
CGGAACCAGGTCGACA-1,Erythroid,Erythroid
CGGAACCCAAACGAGC-1,Immune_mixed,Immune_mixed
CGGAACCCACGCAAAG-1,"B_cells,0",B_cells
CGGAACCCACGCGTCA-1,Erythroid,Erythroid
CGGAACCCATCAGCGC-1,Immune_mixed,Immune_mixed
CGGAACCGTATGAAAC-1,Erythroid,Erythroid
CGGAACCTCATAGAGA-1,Erythroid,Erythroid
CGGAACCTCCCGAGAC-1,Immune_mixed,Immune_mixed
CGGAACCTCGGCATCG-1,Immune_mixed,Immune_mixed
CGGAATTAGAGGTCGT-1,Immune_mixed,Immune_mixed
CGGAATTAGCTATCTG-1,"B_cells,0",B_cells
CGGAATTAGGGTGGGA-1,Immune_mixed,Immune_mixed
CGGAATTAGTCTTCCC-1,Immune_mixed,Immune_mixed
CGGAATTAGTTGTCAC-1,Erythroid,Erythroid
CGGAATTCAATCACGT-1,Immune_mixed,Immune_mixed
CGGAATTCATACTGAC-1,Erythroid,Erythroid
CGGAATTGTCGGCACT-1,"B_cells,0",B_cells
CGGACACAGATGAACT-1,Immune_mixed,Immune_mixed
CGGACACAGGGCAAGG-1,Erythroid,Erythroid
CGGACACAGTGTACAA-1,Immune_mixed,Immune_mixed
CGGACACCAACCTAAC-1,"B_cells,1",B_cells
CGGACACCAGGCCTGT-1,Erythroid,Erythroid
CGGACACCATGATAGA-1,Immune_mixed,Immune_mixed
CGGACACGTAGCGAGT-1,"B_cells,1",B_cells
CGGACACTCCGTTGAA-1,Erythroid,Erythroid
CGGACACTCGCGTCGA-1,Immune_mixed,Immune_mixed
CGGACACTCGCTCATC-1,Erythroid,Erythroid
CGGACACTCTACCTTA-1,Immune_mixed,Immune_mixed
CGGAGAACAGTAACAA-1,Immune_mixed,Immune_mixed
CGGAGAACATTGCTTT-1,Immune_mixed,Immune_mixed
CGGAGAAGTGTTGATC-1,Immune_mixed,Immune_mixed
CGGAGAATCACCTTAT-1,"B_cells,1",B_cells
CGGAGAATCTGAGAGG-1,Immune_mixed,Immune_mixed
CGGCAGTAGACGCATG-1,Immune_mixed,Immune_mixed
CGGCAGTAGACTGTTC-1,Immune_mixed,Immune_mixed
CGGCAGTAGACTTCAC-1,Immune_mixed,Immune_mixed
CGGCAGTAGGCGAACT-1,Immune_mixed,Immune_mixed
CGGCAGTAGTGAGTTA-1,Immune_mixed,Immune_mixed
CGGCAGTGTCGCTTGG-1,Immune_mixed,Immune_mixed
CGGCAGTGTGGGATTG-1,Immune_mixed,Immune_mixed
CGGCAGTGTTCTCGTC-1,Immune_mixed,Immune_mixed
CGGCAGTGTTGGAGAC-1,"B_cells,1",B_cells
CGGCAGTTCACGATAC-1,Immune_mixed,Immune_mixed
CGGCAGTTCTCGCGTT-1,Erythroid,Erythroid
CGGGACTAGACGAGCT-1,Erythroid,Erythroid
CGGGACTAGCGTCAGA-1,Immune_mixed,Immune_mixed
CGGGACTAGCTAAATG-1,"B_cells,0",B_cells
CGGGACTAGGCGATAC-1,Erythroid,Erythroid
CGGGACTAGGGTTTCT-1,"B_cells,0",B_cells
CGGGACTAGTAGTCCT-1,Erythroid,Erythroid
CGGGACTAGTCTGCAT-1,"B_cells,0",B_cells
CGGGACTCAAACCATC-1,"B_cells,0",B_cells
CGGGACTCATACCGTA-1,Erythroid,Erythroid
CGGGACTGTAACAAGT-1,Immune_mixed,Immune_mixed
CGGGACTGTTGCTGAT-1,Immune_mixed,Immune_mixed
CGGGACTTCCGTCCTA-1,Immune_mixed,Immune_mixed
CGGGACTTCGAAACAA-1,Erythroid,Erythroid
CGGGCATAGAGCCTGA-1,Immune_mixed,Immune_mixed
CGGGCATAGCGGTATG-1,Immune_mixed,Immune_mixed
CGGGCATAGTTTCGAC-1,"B_cells,0",B_cells
CGGGCATCACCCTAAA-1,Erythroid,Erythroid
CGGGCATCAGCCCACA-1,Immune_mixed,Immune_mixed
CGGGCATCAGGGTTGA-1,Immune_mixed,Immune_mixed
CGGGCATCAGTCTACA-1,Immune_mixed,Immune_mixed
CGGGCATGTATTTCCT-1,Immune_mixed,Immune_mixed
CGGGCATGTCTGATCA-1,Immune_mixed,Immune_mixed
CGGGCATGTGCTCTCT-1,Immune_mixed,Immune_mixed
CGGGCATTCGGCTTCT-1,Immune_mixed,Immune_mixed
CGGGCATTCTGTGCTC-1,Immune_mixed,Immune_mixed
CGGGTCAAGCCGTAAG-1,"B_cells,1",B_cells
CGGGTCACACGAAGAC-1,Immune_mixed,Immune_mixed
CGGGTCACACTCCGAG-1,"B_cells,1",B_cells
CGGGTCATCATTCGTT-1,Immune_mixed,Immune_mixed
CGGGTCATCGGAGATG-1,"B_cells,0",B_cells
CGGGTGTAGACAAGCC-1,Immune_mixed,Immune_mixed
CGGGTGTAGATGGTCG-1,Immune_mixed,Immune_mixed
CGGGTGTAGCCATTCA-1,Immune_mixed,Immune_mixed
CGGGTGTAGGCGAAGG-1,Immune_mixed,Immune_mixed
CGGGTGTCATCCTTCG-1,Immune_mixed,Immune_mixed
CGGGTGTCATCGGCCA-1,"B_cells,0",B_cells
CGGGTGTGTAGGAGTC-1,Immune_mixed,Immune_mixed
CGGGTGTGTGCCTACG-1,Erythroid,Erythroid
CGGGTGTGTGCGGTAA-1,Immune_mixed,Immune_mixed
CGGGTGTGTTTGACAC-1,Immune_mixed,Immune_mixed
CGGGTGTTCAAGAAAC-1,Immune_mixed,Immune_mixed
CGGGTGTTCAGCCTTC-1,Immune_mixed,Immune_mixed
CGGGTGTTCTGTCGCT-1,"B_cells,0",B_cells
CGGGTGTTCTTAAGGC-1,Immune_mixed,Immune_mixed
CGGTCAGCATGGAAGC-1,Erythroid,Erythroid
CGGTCAGGTGCCCGTA-1,Erythroid,Erythroid
CGGTCAGGTGTGAGCA-1,Erythroid,Erythroid
CGGTCAGTCAGAGTGG-1,Erythroid,Erythroid
CGGTCAGTCGAGAGAC-1,"B_cells,1",B_cells
CGGTCAGTCGCAGTGC-1,Immune_mixed,Immune_mixed
CGTAAGTAGGTTCTAC-1,"B_cells,1",B_cells
CGTAAGTCAACGTATC-1,Immune_mixed,Immune_mixed
CGTAAGTCAGCGTGAA-1,Immune_mixed,Immune_mixed
CGTAAGTGTGTTCATG-1,Immune_mixed,Immune_mixed
CGTAAGTTCAATCTTC-1,Immune_mixed,Immune_mixed
CGTAAGTTCTCAACGA-1,Immune_mixed,Immune_mixed
CGTAATGAGCCAGACA-1,"B_cells,1",B_cells
CGTAATGAGCTGACAG-1,"B_cells,0",B_cells
CGTAATGAGTCTGCGC-1,Immune_mixed,Immune_mixed
CGTAATGCAGAGCTAG-1,Immune_mixed,Immune_mixed
CGTAATGCAGATTTCG-1,"B_cells,1",B_cells
CGTAATGCAGGGACTA-1,Immune_mixed,Immune_mixed
CGTAATGCAGTAGTTC-1,Immune_mixed,Immune_mixed
CGTAATGGTTGTTGAC-1,Immune_mixed,Immune_mixed
CGTAATGTCCTCAGAA-1,"B_cells,0",B_cells
CGTAGTAAGCGTGTTT-1,Myeloid,Myeloid
CGTAGTACAAGTGCAG-1,Immune_mixed,Immune_mixed
CGTAGTACACTTTATC-1,Immune_mixed,Immune_mixed
CGTAGTACATCCTTCG-1,"B_cells,0",B_cells
CGTAGTACATTCGATG-1,Immune_mixed,Immune_mixed
CGTAGTAGTATGTCTG-1,Immune_mixed,Immune_mixed
CGTAGTAGTTCTTGTT-1,Immune_mixed,Immune_mixed
CGTAGTATCATTCATC-1,"B_cells,1",B_cells
CGTAGTATCGTCGATA-1,Immune_mixed,Immune_mixed
CGTCAAAAGATCACCT-1,Immune_mixed,Immune_mixed
CGTCAAAAGATGTAGT-1,Erythroid,Erythroid
CGTCAAAAGCTCAGAG-1,Immune_mixed,Immune_mixed
CGTCAAAAGCTCTGTA-1,Immune_mixed,Immune_mixed
CGTCAAAAGGGTTGCA-1,Immune_mixed,Immune_mixed
CGTCAAACATCAACCA-1,Immune_mixed,Immune_mixed
CGTCAAACATCCCGTT-1,Immune_mixed,Immune_mixed
CGTCAAAGTGGGTATG-1,Erythroid,Erythroid
CGTCAAAGTTCTAACG-1,Immune_mixed,Immune_mixed
CGTCAAATCACCCATC-1,Immune_mixed,Immune_mixed
CGTCAAATCCAGCAAT-1,Immune_mixed,Immune_mixed
CGTCCATAGCAACTTC-1,Immune_mixed,Immune_mixed
CGTCCATAGCGACAGT-1,Immune_mixed,Immune_mixed
CGTCCATAGGAATGTT-1,Immune_mixed,Immune_mixed
CGTCCATCAACAGATA-1,Immune_mixed,Immune_mixed
CGTCCATCAACGTATC-1,Immune_mixed,Immune_mixed
CGTCCATCAAGACCTT-1,Immune_mixed,Immune_mixed
CGTCCATTCAATCTCT-1,Immune_mixed,Immune_mixed
CGTGAATAGAAACCAT-1,Immune_mixed,Immune_mixed
CGTGAATAGTGTAGTA-1,Immune_mixed,Immune_mixed
CGTGAATCAACGGTAG-1,"B_cells,0",B_cells
CGTGAATCAGGTAGTG-1,Immune_mixed,Immune_mixed
CGTGAATCATACTGTG-1,Immune_mixed,Immune_mixed
CGTGAATGTGCCTATA-1,Immune_mixed,Immune_mixed
CGTGAATGTGTGTGGA-1,Immune_mixed,Immune_mixed
CGTGAATGTTGGTAGG-1,Erythroid,Erythroid
CGTGAATTCAAGAAAC-1,Erythroid,Erythroid
CGTGAATTCGCTGACG-1,Immune_mixed,Immune_mixed
CGTGATAAGGGTACAC-1,Erythroid,Erythroid
CGTGATACACTCACTC-1,Immune_mixed,Immune_mixed
CGTGATACATCGGTTA-1,Immune_mixed,Immune_mixed
CGTGATAGTCTTCTAT-1,Immune_mixed,Immune_mixed
CGTGATATCCCTCTAG-1,Immune_mixed,Immune_mixed
CGTGATATCCTGCTAC-1,Erythroid,Erythroid
CGTGATATCGAGTGAG-1,Erythroid,Erythroid
CGTGCTTAGCGATGGT-1,Erythroid,Erythroid
CGTGCTTCACCTAAAC-1,Immune_mixed,Immune_mixed
CGTGCTTGTTCGTGCG-1,"B_cells,1",B_cells
CGTGCTTGTTGTCAGT-1,Myeloid,Myeloid
CGTGCTTTCAGTGTGT-1,Immune_mixed,Immune_mixed
CGTGCTTTCGCTATTT-1,Immune_mixed,Immune_mixed
CGTGCTTTCGGATACT-1,Immune_mixed,Immune_mixed
CGTGCTTTCGTAGTGT-1,"B_cells,0",B_cells
CGTGTCTAGCAGGGAG-1,Immune_mixed,Immune_mixed
CGTGTCTAGGCGCTTC-1,Immune_mixed,Immune_mixed
CGTGTCTCAAGAAACT-1,Immune_mixed,Immune_mixed
CGTGTCTCAGCGATTT-1,Immune_mixed,Immune_mixed
CGTGTCTGTAGAGTTA-1,Erythroid,Erythroid
CGTGTCTGTCGCATTA-1,Immune_mixed,Immune_mixed
CGTGTCTGTCGTACTA-1,Immune_mixed,Immune_mixed
CGTGTCTTCCGAAGGA-1,"B_cells,0",B_cells
CGTGTCTTCTTCACAT-1,Immune_mixed,Immune_mixed
CGTTAGAAGCAGGTCA-1,Immune_mixed,Immune_mixed
CGTTAGAAGCCAGACA-1,Immune_mixed,Immune_mixed
CGTTAGAAGTGCTACT-1,"B_cells,1",B_cells
CGTTAGACAAAGAGTT-1,Immune_mixed,Immune_mixed
CGTTAGACAAGCAGGT-1,"B_cells,1",B_cells
CGTTAGACACCAGGTC-1,Immune_mixed,Immune_mixed
CGTTAGACAGTAGTTC-1,Immune_mixed,Immune_mixed
CGTTAGACATCAGTCA-1,"B_cells,1",B_cells
CGTTAGACATGAGGGT-1,Myeloid,Myeloid
CGTTAGAGTTCGGCCA-1,Immune_mixed,Immune_mixed
CGTTAGATCAACGAGG-1,"B_cells,0",B_cells
CGTTCTGAGCACCCAC-1,Immune_mixed,Immune_mixed
CGTTCTGAGTGCCTCG-1,Immune_mixed,Immune_mixed
CGTTCTGCAACCTATG-1,Erythroid,Erythroid
CGTTCTGCAGACCATT-1,Erythroid,Erythroid
CGTTCTGGTGAATTGA-1,Immune_mixed,Immune_mixed
CGTTCTGGTTGCAAGG-1,Erythroid,Erythroid
CGTTGGGAGACCATGG-1,Erythroid,Erythroid
CGTTGGGAGTGGTTAA-1,Immune_mixed,Immune_mixed
CGTTGGGCAGGCACAA-1,"B_cells,0",B_cells
CGTTGGGCATCGATGT-1,Immune_mixed,Immune_mixed
CGTTGGGGTAGTCGGA-1,Erythroid,Erythroid
CTAACCCAGACTGTTC-1,Immune_mixed,Immune_mixed
CTAACCCAGCTTAGTC-1,Immune_mixed,Immune_mixed
CTAACCCAGGCCCAAA-1,Immune_mixed,Immune_mixed
CTAACCCCACGAGGAT-1,Immune_mixed,Immune_mixed
CTAACCCCATGTTACG-1,Immune_mixed,Immune_mixed
CTAACCCGTCATCGCG-1,Immune_mixed,Immune_mixed
CTAACCCGTTTCCCAC-1,Erythroid,Erythroid
CTAACCCTCGTCACCT-1,Immune_mixed,Immune_mixed
CTAACCCTCGTCCTTG-1,"B_cells,0",B_cells
CTAACTTAGACATCAA-1,Immune_mixed,Immune_mixed
CTAACTTAGACGTCGA-1,Immune_mixed,Immune_mixed
CTAACTTCACAACGAG-1,Immune_mixed,Immune_mixed
CTAACTTCACCATTCC-1,Immune_mixed,Immune_mixed
CTAAGTGAGACGAAGA-1,Immune_mixed,Immune_mixed
CTAAGTGAGCGCCTCA-1,Myeloid,Myeloid
CTAAGTGAGGTTGTTC-1,Immune_mixed,Immune_mixed
CTAAGTGCAACCAATC-1,Erythroid,Erythroid
CTAAGTGCACTGATTG-1,Immune_mixed,Immune_mixed
CTAAGTGCAGAACTCT-1,"B_cells,0",B_cells
CTAAGTGCATAATGCC-1,Immune_mixed,Immune_mixed
CTAAGTGCATGACGAG-1,Immune_mixed,Immune_mixed
CTAAGTGGTACAAAGT-1,Immune_mixed,Immune_mixed
CTAAGTGGTAGAGATT-1,Immune_mixed,Immune_mixed
CTAAGTGTCCTACGAA-1,Immune_mixed,Immune_mixed
CTAAGTGTCTTCCAGC-1,"B_cells,1",B_cells
CTACAGAAGATTGGGC-1,Immune_mixed,Immune_mixed
CTACAGAAGCGTTCAT-1,Immune_mixed,Immune_mixed
CTACAGAGTACCCACG-1,Immune_mixed,Immune_mixed
CTACATTCACGCTGTG-1,Erythroid,Erythroid
CTACATTCATGGGTTT-1,Erythroid,Erythroid
CTACATTGTCACCCTT-1,Immune_mixed,Immune_mixed
CTACATTGTGTACGCC-1,Immune_mixed,Immune_mixed
CTACATTGTTCTCCTG-1,Myeloid,Myeloid
CTACCCAAGCACCTGC-1,Immune_mixed,Immune_mixed
CTACCCAAGTGTAGTA-1,Erythroid,Erythroid
CTACCCACAAAGTGTA-1,Immune_mixed,Immune_mixed
CTACCCACACTGGAAG-1,Erythroid,Erythroid
CTACCCAGTTGAGTCT-1,Myeloid,Myeloid
CTACCTGAGAGGCGTT-1,Immune_mixed,Immune_mixed
CTACCTGAGGAAAGAC-1,"B_cells,0",B_cells
CTACCTGAGTAATTGG-1,Immune_mixed,Immune_mixed
CTACCTGGTACCGTGC-1,Erythroid,Erythroid
CTACCTGGTGGAACCA-1,Immune_mixed,Immune_mixed
CTACGGGAGAGGGTAA-1,Immune_mixed,Immune_mixed
CTACGGGAGTACCATC-1,Immune_mixed,Immune_mixed
CTACGGGCACAAATCC-1,Immune_mixed,Immune_mixed
CTACGGGCACTAGTAC-1,Immune_mixed,Immune_mixed
CTACGGGCATCGATGT-1,Immune_mixed,Immune_mixed
CTACGGGCATCTGTTT-1,Erythroid,Erythroid
CTACGGGGTAACAGTA-1,Immune_mixed,Immune_mixed
CTACGGGGTCCGCAGT-1,Erythroid,Erythroid
CTACGGGGTTATTCTC-1,Immune_mixed,Immune_mixed
CTACTATAGCACTAAA-1,Immune_mixed,Immune_mixed
CTACTATAGCTCGACC-1,Myeloid,Myeloid
CTACTATAGGGCTGAT-1,Erythroid,Erythroid
CTACTATCAACTGCTA-1,Immune_mixed,Immune_mixed
CTACTATCAGCGAGTA-1,Immune_mixed,Immune_mixed
CTACTATCATCCAATG-1,Immune_mixed,Immune_mixed
CTACTATGTATACCCA-1,Immune_mixed,Immune_mixed
CTACTATGTGGGACAT-1,Erythroid,Erythroid
CTACTATGTTATGTGC-1,Immune_mixed,Immune_mixed
CTACTATTCAAGCTTG-1,Immune_mixed,Immune_mixed
CTACTATTCAATGTCG-1,Immune_mixed,Immune_mixed
CTACTATTCCGTTGGG-1,Immune_mixed,Immune_mixed
CTACTATTCGAACCTA-1,Immune_mixed,Immune_mixed
CTACTATTCTCGGTCT-1,Immune_mixed,Immune_mixed
CTAGACAAGGAACTCG-1,Immune_mixed,Immune_mixed
CTAGACAAGTCCTGCG-1,Immune_mixed,Immune_mixed
CTAGACACAGACCGCT-1,Immune_mixed,Immune_mixed
CTAGACAGTCCGGTCA-1,Immune_mixed,Immune_mixed
CTAGACAGTCGTTGCG-1,Immune_mixed,Immune_mixed
CTAGACAGTTAAGGAT-1,Erythroid,Erythroid
CTAGACATCAAAGGTA-1,Immune_mixed,Immune_mixed
CTAGACATCCCTCGAT-1,"B_cells,1",B_cells
CTAGACATCTACCTTA-1,Immune_mixed,Immune_mixed
CTAGACATCTCGGTCT-1,Immune_mixed,Immune_mixed
CTAGGTAAGCGTGCTC-1,"B_cells,0",B_cells
CTAGGTAAGTAAGAGG-1,"B_cells,0",B_cells
CTAGGTACAAGATGGC-1,Erythroid,Erythroid
CTAGGTACATGGAAGC-1,Immune_mixed,Immune_mixed
CTAGGTAGTATACGGG-1,Immune_mixed,Immune_mixed
CTAGGTATCCGTAGTA-1,Immune_mixed,Immune_mixed
CTATAGGAGAGGGTGG-1,Immune_mixed,Immune_mixed
CTATAGGCAAGGTCGA-1,Immune_mixed,Immune_mixed
CTATAGGCAGCGAGTA-1,Erythroid,Erythroid
CTATAGGCAGCTATTG-1,Immune_mixed,Immune_mixed
CTATAGGGTGAGGCAT-1,"B_cells,0",B_cells
CTATAGGTCCACGTGG-1,Immune_mixed,Immune_mixed
CTATAGGTCTCGGGAC-1,Erythroid,Erythroid
CTATCCGAGCCAAGTG-1,Immune_mixed,Immune_mixed
CTATCCGAGGCACTAG-1,Erythroid,Erythroid
CTATCCGAGTAGAGTT-1,Immune_mixed,Immune_mixed
CTATCCGCAAGAAATC-1,"B_cells,0",B_cells
CTATCCGCAAGGACAC-1,Myeloid,Myeloid
CTATCCGCAGTTAGGG-1,Immune_mixed,Immune_mixed
CTATCCGGTCTGCAAT-1,Immune_mixed,Immune_mixed
CTATCCGGTGTCCGGT-1,Myeloid,Myeloid
CTATCCGTCTGGTTGA-1,Immune_mixed,Immune_mixed
CTATCTAAGACTTAAG-1,Immune_mixed,Immune_mixed
CTATCTAAGAGTGAAG-1,Immune_mixed,Immune_mixed
CTATCTAAGTCATGCT-1,Immune_mixed,Immune_mixed
CTATCTACATGGGAAC-1,Immune_mixed,Immune_mixed
CTATCTAGTACCCGAC-1,Immune_mixed,Immune_mixed
CTATCTAGTCTCGACG-1,Immune_mixed,Immune_mixed
CTATCTAGTCTGTTAG-1,Erythroid,Erythroid
CTATCTAGTTAAGTCC-1,Myeloid,Myeloid
CTATCTAGTTCCTAAG-1,Erythroid,Erythroid
CTATCTATCGCGTAGC-1,Erythroid,Erythroid
CTCAACCCATGACAAA-1,Immune_mixed,Immune_mixed
CTCAACCGTACAGCGA-1,Immune_mixed,Immune_mixed
CTCAACCGTTCGCGTG-1,Immune_mixed,Immune_mixed
CTCAACCTCCTTCGAC-1,Immune_mixed,Immune_mixed
CTCAAGAAGAAATTGC-1,Immune_mixed,Immune_mixed
CTCAAGAAGTAACGAT-1,Immune_mixed,Immune_mixed
CTCAAGACAAGTGCAG-1,"B_cells,0",B_cells
CTCAAGACACCGGTCA-1,Immune_mixed,Immune_mixed
CTCAAGACACGGCCAT-1,Immune_mixed,Immune_mixed
CTCAAGAGTCAAGCGA-1,"B_cells,0",B_cells
CTCAAGAGTCATCAGT-1,Immune_mixed,Immune_mixed
CTCAAGAGTCTAATCG-1,Erythroid,Erythroid
CTCAAGAGTGATACAA-1,Immune_mixed,Immune_mixed
CTCAAGAGTGTTCCAA-1,Erythroid,Erythroid
CTCAAGAGTTACCTTT-1,Immune_mixed,Immune_mixed
CTCAAGATCAACTCTT-1,Erythroid,Erythroid
CTCAAGATCCGAGCTG-1,Immune_mixed,Immune_mixed
CTCAATTAGATGAATC-1,Immune_mixed,Immune_mixed
CTCAATTAGTAGACAT-1,Erythroid,Erythroid
CTCAATTCAGCGTGCT-1,Erythroid,Erythroid
CTCAATTCAGGAGACT-1,"B_cells,0",B_cells
CTCAATTCATCCGAAT-1,Erythroid,Erythroid
CTCAATTGTCACGTGC-1,Erythroid,Erythroid
CTCAATTGTCTGCATA-1,"B_cells,0",B_cells
CTCACTGAGCCTCACG-1,Erythroid,Erythroid
CTCACTGCAACCGGAA-1,Erythroid,Erythroid
CTCACTGCATAGTCGT-1,Erythroid,Erythroid
CTCACTGCATCTAGAC-1,Immune_mixed,Immune_mixed
CTCACTGGTGGTCTCG-1,Myeloid,Myeloid
CTCACTGTCTACTATC-1,Erythroid,Erythroid
CTCACTGTCTAGAACC-1,Immune_mixed,Immune_mixed
CTCACTGTCTTGGCTC-1,"B_cells,0",B_cells
CTCAGAAAGGGTTAAT-1,"B_cells,0",B_cells
CTCAGAAAGTCCGCGT-1,Immune_mixed,Immune_mixed
CTCAGAACACAAAGCG-1,Erythroid,Erythroid
CTCAGAACAGTGTGGA-1,Immune_mixed,Immune_mixed
CTCAGAACATCGCTCT-1,Immune_mixed,Immune_mixed
CTCAGAAGTACGATTC-1,Immune_mixed,Immune_mixed
CTCAGAATCCCTGTTG-1,Immune_mixed,Immune_mixed
CTCAGAATCTAGGAAA-1,Immune_mixed,Immune_mixed
CTCAGGGAGCGATCGA-1,Erythroid,Erythroid
CTCAGGGAGCTAGTTC-1,Immune_mixed,Immune_mixed
CTCAGGGAGCTGGCTC-1,Immune_mixed,Immune_mixed
CTCAGGGCACGCGGTT-1,Immune_mixed,Immune_mixed
CTCAGGGCAGGAGGTT-1,Erythroid,Erythroid
CTCAGGGGTACGAGCA-1,Erythroid,Erythroid
CTCAGGGGTTCGGTCG-1,Immune_mixed,Immune_mixed
CTCAGGGGTTGGACCC-1,Immune_mixed,Immune_mixed
CTCAGGGGTTTGGAGG-1,Myeloid,Myeloid
CTCAGGGTCGCGCTGA-1,Immune_mixed,Immune_mixed
CTCAGTCAGACCAAGC-1,Erythroid,Erythroid
CTCAGTCAGTCATTGC-1,Immune_mixed,Immune_mixed
CTCAGTCCACATGAAA-1,Immune_mixed,Immune_mixed
CTCAGTCCAGTCAGAG-1,Erythroid,Erythroid
CTCAGTCCATGCCGAC-1,Erythroid,Erythroid
CTCAGTCGTCCATACA-1,Immune_mixed,Immune_mixed
CTCAGTCGTTATAGCC-1,Immune_mixed,Immune_mixed
CTCAGTCTCGACCTAA-1,Immune_mixed,Immune_mixed
CTCAGTCTCGTTTACT-1,Immune_mixed,Immune_mixed
CTCATCGAGCGAAACC-1,Erythroid,Erythroid
CTCATCGAGCTGGTGA-1,Immune_mixed,Immune_mixed
CTCATCGAGTAAGACT-1,Immune_mixed,Immune_mixed
CTCATCGCACAACGCC-1,Myeloid,Myeloid
CTCATCGCATCGGTTA-1,Erythroid,Erythroid
CTCATCGGTAGGCTGA-1,"B_cells,0",B_cells
CTCATCGGTTCTCTCG-1,Immune_mixed,Immune_mixed
CTCATCGGTTGGCCGT-1,Erythroid,Erythroid
CTCATCGTCACCATGA-1,Immune_mixed,Immune_mixed
CTCATGCAGAAGCGAA-1,Immune_mixed,Immune_mixed
CTCATGCCACTCCTGT-1,Immune_mixed,Immune_mixed
CTCATGCCAGACAAAT-1,Immune_mixed,Immune_mixed
CTCATGCGTGAGCAGT-1,Immune_mixed,Immune_mixed
CTCATGCGTGCTAGCC-1,Immune_mixed,Immune_mixed
CTCATGCGTGGCGTAA-1,Immune_mixed,Immune_mixed
CTCATGCGTGTCATCA-1,Erythroid,Erythroid
CTCATGCGTTCCGCAG-1,Immune_mixed,Immune_mixed
CTCATTAAGACATATG-1,Immune_mixed,Immune_mixed
CTCATTAAGAGTCAAT-1,Immune_mixed,Immune_mixed
CTCATTAAGGATACAT-1-1,Immune_mixed,Immune_mixed
CTCATTACATGAAGCG-1,Immune_mixed,Immune_mixed
CTCATTAGTATCGAAA-1,Immune_mixed,Immune_mixed
CTCATTAGTCGGTACC-1,Erythroid,Erythroid
CTCATTAGTGCACGCT-1,Erythroid,Erythroid
CTCATTAGTGTCCATA-1,Myeloid,Myeloid
CTCATTATCAAAGGAT-1,Erythroid,Erythroid
CTCATTATCCAGCTCT-1,Erythroid,Erythroid
CTCCAACAGAAAGCGA-1,"B_cells,0",B_cells
CTCCAACAGAGATCGC-1,Immune_mixed,Immune_mixed
CTCCAACAGCGTGTCC-1,Immune_mixed,Immune_mixed
CTCCAACAGTCCCTAA-1,"B_cells,1",B_cells
CTCCAACCACCTCAGG-1,Myeloid,Myeloid
CTCCAACGTCCTTGTC-1,Immune_mixed,Immune_mixed
CTCCAACGTCTAGGCC-1,Immune_mixed,Immune_mixed
CTCCAACTCCTAGCTC-1,Immune_mixed,Immune_mixed
CTCCAACTCGGCTTGG-1,Erythroid,Erythroid
CTCCAACTCGTGCACG-1,Immune_mixed,Immune_mixed
CTCCACAAGAAGTCCG-1,Erythroid,Erythroid
CTCCACAAGCGGGTAT-1,Immune_mixed,Immune_mixed
CTCCACAAGGTCGTAG-1,Immune_mixed,Immune_mixed
CTCCACATCAGAGTGG-1,Erythroid,Erythroid
CTCCACATCATTGCGA-1,Immune_mixed,Immune_mixed
CTCCACATCCAGTGCG-1,"B_cells,0",B_cells
CTCCACATCCTTGGAA-1,Immune_mixed,Immune_mixed
CTCCATGAGCAGTCTT-1,"B_cells,0",B_cells
CTCCATGCAAGTGATA-1,Immune_mixed,Immune_mixed
CTCCATGCACTTGACA-1,Erythroid,Erythroid
CTCCATGCATTGACTG-1,Immune_mixed,Immune_mixed
CTCCATGGTGGTCTCG-1,Erythroid,Erythroid
CTCCATGTCAAGCTTG-1,Immune_mixed,Immune_mixed
CTCCATGTCGAGTACT-1,Immune_mixed,Immune_mixed
CTCCCAAAGGAGACCT-1,"B_cells,0",B_cells
CTCCCAACACAACGAG-1,Immune_mixed,Immune_mixed
CTCCCAACACTTCCTG-1,Erythroid,Erythroid
CTCCCAACAGCATTGT-1,Erythroid,Erythroid
CTCCCAACATCCTGTC-1,Immune_mixed,Immune_mixed
CTCCCAACATGATGCT-1,Immune_mixed,Immune_mixed
CTCCCAAGTCAAGCGA-1,Immune_mixed,Immune_mixed
CTCCCAAGTGTCCGGT-1,Immune_mixed,Immune_mixed
CTCCCAATCTTCGGAA-1,Myeloid,Myeloid
CTCCCTCAGACGGAAA-1,Immune_mixed,Immune_mixed
CTCCCTCAGCCATTTG-1,Immune_mixed,Immune_mixed
CTCCCTCAGTTTAGGA-1,Erythroid,Erythroid
CTCCCTCCATAGATCC-1,Erythroid,Erythroid
CTCCCTCCATGACCCG-1,Immune_mixed,Immune_mixed
CTCCCTCGTAAGATTG-1,"B_cells,0",B_cells
CTCCCTCTCCTTACCG-1,Immune_mixed,Immune_mixed
CTCCCTCTCGGTGTAT-1,Erythroid,Erythroid
CTCCCTCTCTCTATGT-1,Immune_mixed,Immune_mixed
CTCCGATAGGAGAGTA-1,Immune_mixed,Immune_mixed
CTCCGATAGTCTCTGA-1,Erythroid,Erythroid
CTCCGATCAAGCAGGT-1,"B_cells,0",B_cells
CTCCGATCAAGCCCAC-1,Immune_mixed,Immune_mixed
CTCCGATGTCAAATCC-1,Immune_mixed,Immune_mixed
CTCCGATTCAAGTAAG-1,Erythroid,Erythroid
CTCCGATTCCTTTGAT-1,Immune_mixed,Immune_mixed
CTCCTCCAGAGATGCC-1,Erythroid,Erythroid
CTCCTCCAGCACTAAA-1,Immune_mixed,Immune_mixed
CTCCTCCCAGCTGCCA-1,Immune_mixed,Immune_mixed
CTCCTCCCAGTCGAGA-1,Immune_mixed,Immune_mixed
CTCCTCCCATCCTCAC-1,Immune_mixed,Immune_mixed
CTCCTCCGTCAACGCC-1,"B_cells,0",B_cells
CTCCTCCGTCTGTGCG-1,Immune_mixed,Immune_mixed
CTCCTCCTCATTGTGG-1,Immune_mixed,Immune_mixed
CTCCTCCTCGGCTCTT-1,Erythroid,Erythroid
CTCCTTTAGGCCACTC-1,Myeloid,Myeloid
CTCCTTTCAGGGAATC-1,Immune_mixed,Immune_mixed
CTCCTTTGTACATTGC-1,Immune_mixed,Immune_mixed
CTCCTTTGTGGAATGC-1,Immune_mixed,Immune_mixed
CTCCTTTGTTTCCCAC-1,Immune_mixed,Immune_mixed
CTCCTTTTCAGCCTCT-1,Immune_mixed,Immune_mixed
CTCCTTTTCCACGTGG-1,"B_cells,1",B_cells
CTCCTTTTCGCAAGAG-1,Erythroid,Erythroid
CTCCTTTTCTGCTTAT-1,Immune_mixed,Immune_mixed
CTCCTTTTCTTTCCAA-1,Erythroid,Erythroid
CTCGAGGAGGAGAATG-1,Immune_mixed,Immune_mixed
CTCGAGGAGGATACAT-1,Immune_mixed,Immune_mixed
CTCGAGGGTAGCGCCT-1,"B_cells,0",B_cells
CTCGAGGGTATGAGGC-1,Immune_mixed,Immune_mixed
CTCGAGGGTGCAATAA-1,Immune_mixed,Immune_mixed
CTCGAGGGTTCCTACC-1,Immune_mixed,Immune_mixed
CTCGAGGTCACCTTAT-1,Immune_mixed,Immune_mixed
CTCGAGGTCGATACAC-1,Immune_mixed,Immune_mixed
CTCTCAGAGCATGCAG-1,Immune_mixed,Immune_mixed
CTCTCAGAGGTATTGA-1,"B_cells,0",B_cells
CTCTCAGCATGGTACT-1,"B_cells,1",B_cells
CTCTCAGGTAGCTCGC-1,Immune_mixed,Immune_mixed
CTCTCAGGTAGCTTTG-1,"B_cells,0",B_cells
CTCTCAGGTCCCTAAA-1,Immune_mixed,Immune_mixed
CTCTCAGGTGGATGAC-1,Immune_mixed,Immune_mixed
CTCTCAGGTGTCCGTG-1,Immune_mixed,Immune_mixed
CTCTCAGGTTAGAGTA-1,Immune_mixed,Immune_mixed
CTCTCAGGTTGGGTAG-1,Erythroid,Erythroid
CTCTCAGTCATCCTAT-1,Immune_mixed,Immune_mixed
CTCTCAGTCCGTGCGA-1,Erythroid,Erythroid
CTCTCAGTCCGTGGTG-1,Immune_mixed,Immune_mixed
CTCTCAGTCGTAGGGA-1,Erythroid,Erythroid
CTCTCAGTCTGGGATT-1,Immune_mixed,Immune_mixed
CTCTCGAAGATCACTC-1,Immune_mixed,Immune_mixed
CTCTCGAAGGAATCGC-1,"B_cells,1",B_cells
CTCTCGAAGGGCATGT-1,Immune_mixed,Immune_mixed
CTCTCGACAAACACGG-1,Immune_mixed,Immune_mixed
CTCTCGACAGAACTAA-1,"B_cells,0",B_cells
CTCTCGATCTATTCGT-1,Immune_mixed,Immune_mixed
CTCTGGTCATTCTCTA-1,"B_cells,1",B_cells
CTCTGGTGTGGGTCAA-1,"B_cells,0",B_cells
CTCTGGTTCAGGACAG-1-1,Erythroid,Erythroid
CTCTGGTTCCACTTTA-1,Erythroid,Erythroid
CTCTGGTTCTCCCAAC-1,Immune_mixed,Immune_mixed
CTGAATGAGGTACAGC-1,Myeloid,Myeloid
CTGAATGGTACAACGG-1,Immune_mixed,Immune_mixed
CTGAATGGTAGGATAT-1,Immune_mixed,Immune_mixed
CTGAATGGTGCACAAG-1,Immune_mixed,Immune_mixed
CTGAATGGTTCGAACT-1,Immune_mixed,Immune_mixed
CTGAATGTCACTGTTT-1,Immune_mixed,Immune_mixed
CTGAATGTCATAGGCT-1,Erythroid,Erythroid
CTGAATGTCCTTCAGC-1,Immune_mixed,Immune_mixed
CTGAATGTCGCCTCTA-1,Erythroid,Erythroid
CTGAGCGAGAGCAGTC-1,Immune_mixed,Immune_mixed
CTGAGCGAGTTCATCG-1,Immune_mixed,Immune_mixed
CTGAGCGAGTTGAATG-1,Erythroid,Erythroid
CTGAGCGCAATGGGTG-1,Myeloid,Myeloid
CTGAGCGCACCTGCAG-1,"B_cells,0",B_cells
CTGAGCGCATTCACCC-1,Myeloid,Myeloid
CTGAGCGGTATGCGGA-1,"B_cells,0",B_cells
CTGAGCGGTTCCCAAA-1,Immune_mixed,Immune_mixed
CTGAGCGGTTGATCGT-1,Immune_mixed,Immune_mixed
CTGAGCGGTTTGACAC-1,Immune_mixed,Immune_mixed
CTGAGCGTCCATACTT-1,Immune_mixed,Immune_mixed
CTGAGCGTCTTTACAC-1,Immune_mixed,Immune_mixed
CTGAGGCAGACCAAGC-1,Erythroid,Erythroid
CTGAGGCCAACTGGTT-1,Immune_mixed,Immune_mixed
CTGAGGCCAATTTCGG-1,Immune_mixed,Immune_mixed
CTGAGGCCACTTGAAC-1,Myeloid,Myeloid
CTGAGGCGTTTCACAG-1,Immune_mixed,Immune_mixed
CTGAGGCGTTTCGGCG-1,Immune_mixed,Immune_mixed
CTGAGGCTCACCTGGG-1,Erythroid,Erythroid
CTGAGGCTCCGTGGCA-1,Erythroid,Erythroid
CTGAGGCTCGCCTCTA-1,Immune_mixed,Immune_mixed
CTGAGGCTCTCCAATT-1,Erythroid,Erythroid
CTGAGGCTCTGGAGAG-1,Immune_mixed,Immune_mixed
CTGATCCAGCTCATAC-1,Erythroid,Erythroid
CTGATCCAGTAATTGG-1,Immune_mixed,Immune_mixed
CTGATCCCAGGTGAGT-1,Erythroid,Erythroid
CTGATCCGTTCATCTT-1,"B_cells,0",B_cells
CTGATCCTCGAAGTGG-1,Erythroid,Erythroid
CTGCAGGAGAGCAAGA-1,"B_cells,1",B_cells
CTGCAGGCAATCTCTT-1,Immune_mixed,Immune_mixed
CTGCAGGGTGTCGCTG-1,"B_cells,1",B_cells
CTGCAGGTCCTACCAC-1,Immune_mixed,Immune_mixed
CTGCAGGTCGACATAC-1,Erythroid,Erythroid
CTGCAGGTCGTAATGC-1,Immune_mixed,Immune_mixed
CTGCATCAGTCATGGG-1,Immune_mixed,Immune_mixed
CTGCATCGTACAGCGA-1,Immune_mixed,Immune_mixed
CTGCATCGTAGTCTGT-1,Erythroid,Erythroid
CTGCATCTCCCTATTA-1,Immune_mixed,Immune_mixed
CTGCATCTCGCTTACC-1,Immune_mixed,Immune_mixed
CTGCATCTCTTACCAT-1,Immune_mixed,Immune_mixed
CTGCCATAGACGGTTG-1,Erythroid,Erythroid
CTGCCATAGGGTGAAA-1,Erythroid,Erythroid
CTGCCATAGGTTCTTG-1,"B_cells,0",B_cells
CTGCCATCAACAGCTT-1,Immune_mixed,Immune_mixed
CTGCCATGTAGCGTAG-1,Immune_mixed,Immune_mixed
CTGCCATGTCTGCCTT-1,Erythroid,Erythroid
CTGCCATGTTGCCATA-1,Erythroid,Erythroid
CTGCCATTCATGCTAG-1,Immune_mixed,Immune_mixed
CTGCCATTCGAATGCT-1,Immune_mixed,Immune_mixed
CTGCCATTCGACCATA-1,Erythroid,Erythroid
CTGCCTAAGAAATTCG-1,Erythroid,Erythroid
CTGCCTAAGGTTCCAT-1,Immune_mixed,Immune_mixed
CTGCCTACAAGTGGCA-1,Erythroid,Erythroid
CTGCCTACACCTCAGG-1,Erythroid,Erythroid
CTGCCTACATTGCTTT-1,Immune_mixed,Immune_mixed
CTGCCTAGTGTCCACG-1,Erythroid,Erythroid
CTGCCTATCCATCTCG-1,Immune_mixed,Immune_mixed
CTGCGAGAGTGCAGGT-1,Immune_mixed,Immune_mixed
CTGCGAGAGTGTTCCA-1,"B_cells,0",B_cells
CTGCGAGAGTTGTACC-1,Immune_mixed,Immune_mixed
CTGCGAGCAAAGTGTA-1,Immune_mixed,Immune_mixed
CTGCGAGCAACCTAAC-1,Immune_mixed,Immune_mixed
CTGCGAGCAGAACCGA-1,"B_cells,1",B_cells
CTGCGAGCAGTCGCAC-1,Immune_mixed,Immune_mixed
CTGCGAGTCAAAGGTA-1,Erythroid,Erythroid
CTGCGAGTCCTGATAG-1,Immune_mixed,Immune_mixed
CTGCTCAAGACTTAAG-1,Immune_mixed,Immune_mixed
CTGCTCAAGCCTGCCA-1,Immune_mixed,Immune_mixed
CTGCTCAAGGAGGTTC-1,Immune_mixed,Immune_mixed
CTGCTCAAGGATTCCT-1,Myeloid,Myeloid
CTGCTCACAACGCATT-1,Erythroid,Erythroid
CTGCTCACAAGCCCAC-1,"B_cells,0",B_cells
CTGCTCAGTGAATAAC-1,Immune_mixed,Immune_mixed
CTGCTCATCCACTTTA-1,Immune_mixed,Immune_mixed
CTGCTCATCCCTAGGG-1,Immune_mixed,Immune_mixed
CTGCTCATCGTTGCCT-1,"B_cells,0",B_cells
CTGGACGAGCACCCAC-1,Immune_mixed,Immune_mixed
CTGGACGAGGCGCTCT-1,Immune_mixed,Immune_mixed
CTGGACGCAAGAATGT-1,Erythroid,Erythroid
CTGGACGCAAGATTGA-1,Immune_mixed,Immune_mixed
CTGGACGCAATAGTCC-1,Immune_mixed,Immune_mixed
CTGGACGCATGACTGT-1,Erythroid,Erythroid
CTGGACGTCTTCGACC-1,Immune_mixed,Immune_mixed
CTGGACGTCTTGGATG-1,"B_cells,0",B_cells
CTGGCAGCAACCTAAC-1,Immune_mixed,Immune_mixed
CTGGCAGCAATGAAAC-1,Erythroid,Erythroid
CTGGCAGCAGAAACCG-1,Immune_mixed,Immune_mixed
CTGGCAGCATGACCCG-1-1,Immune_mixed,Immune_mixed
CTGGCAGGTATTAAGG-1,Immune_mixed,Immune_mixed
CTGGCAGGTCACGTGC-1,Immune_mixed,Immune_mixed
CTGGCAGGTCGTCGGT-1,Erythroid,Erythroid
CTGGCAGGTCTCACGG-1,Immune_mixed,Immune_mixed
CTGGCAGTCCACAGCG-1,Immune_mixed,Immune_mixed
CTGGCAGTCGCCACTT-1,Erythroid,Erythroid
CTGGCAGTCGTTCAGA-1,"B_cells,0",B_cells
CTGGCAGTCTATTCGT-1,Erythroid,Erythroid
CTGGCAGTCTGTCCGT-1,Immune_mixed,Immune_mixed
CTGGTCTGTAACATCC-1,"B_cells,1",B_cells
CTGGTCTGTACCGCGT-1,Immune_mixed,Immune_mixed
CTGGTCTGTGAGCCAA-1,Immune_mixed,Immune_mixed
CTGGTCTTCCGGTTCT-1,Immune_mixed,Immune_mixed
CTGGTCTTCGCAGTTA-1,Immune_mixed,Immune_mixed
CTGGTCTTCGGCATTA-1,Erythroid,Erythroid
CTGGTCTTCTAAACGC-1,Erythroid,Erythroid
CTGGTCTTCTCTAAGG-1,Immune_mixed,Immune_mixed
CTGTACCAGAGCCATG-1,Immune_mixed,Immune_mixed
CTGTACCCAAATAAGC-1,Immune_mixed,Immune_mixed
CTGTACCCAATCGAAA-1,Erythroid,Erythroid
CTGTACCCAGTCAGCC-1,Erythroid,Erythroid
CTGTACCGTCGATTAC-1,Immune_mixed,Immune_mixed
CTGTACCGTGATGTAA-1,Immune_mixed,Immune_mixed
CTGTACCGTGGCTCTG-1,Immune_mixed,Immune_mixed
CTGTACCGTTCGAAGG-1,Myeloid,Myeloid
CTGTACCGTTGTGCAT-1,Myeloid,Myeloid
CTGTACCGTTTACCTT-1,Immune_mixed,Immune_mixed
CTGTACCTCTTGAGCA-1,Immune_mixed,Immune_mixed
CTGTAGAAGCCTCGTG-1,Immune_mixed,Immune_mixed
CTGTAGAAGCTGTGCC-1,Immune_mixed,Immune_mixed
CTGTAGACAATAGTAG-1,Erythroid,Erythroid
CTGTAGACACAGCTTA-1,Immune_mixed,Immune_mixed
CTGTAGACATAGCACT-1,Erythroid,Erythroid
CTGTAGAGTGGGCTCT-1,Immune_mixed,Immune_mixed
CTGTAGAGTGGTCCGT-1,Immune_mixed,Immune_mixed
CTGTAGAGTTGTGTAC-1,Immune_mixed,Immune_mixed
CTGTAGATCGTTTACT-1,Immune_mixed,Immune_mixed
CTGTATTAGCCAAGTG-1,Immune_mixed,Immune_mixed
CTGTATTAGGCGTTGA-1,Immune_mixed,Immune_mixed
CTGTATTCAAATGCTC-1,"B_cells,0",B_cells
CTGTATTCATACTTTC-1,Immune_mixed,Immune_mixed
CTGTATTGTATTCTCT-1,Erythroid,Erythroid
CTGTATTTCAGGTGTT-1,Erythroid,Erythroid
CTGTCGTAGCACCTGC-1,Immune_mixed,Immune_mixed
CTGTCGTAGCCAAGCA-1,Erythroid,Erythroid
CTGTCGTAGGCTAAAT-1,"B_cells,0",B_cells
CTGTCGTAGTCACGAG-1,Immune_mixed,Immune_mixed
CTGTCGTCAGAGAGGG-1,Erythroid,Erythroid
CTGTCGTCATCTTTCA-1,Immune_mixed,Immune_mixed
CTGTCGTGTCTAGATC-1,Immune_mixed,Immune_mixed
CTGTCGTTCCCGTTCA-1,Erythroid,Erythroid
CTGTCGTTCTAGACAC-1,Immune_mixed,Immune_mixed
CTGTCGTTCTTTCCGG-1,Immune_mixed,Immune_mixed
CTGTGAAAGAGCATAT-1,Immune_mixed,Immune_mixed
CTGTGAAAGCATCCTA-1,Erythroid,Erythroid
CTGTGAACAATGAGCG-1,Erythroid,Erythroid
CTGTGAACACACTTAG-1,Immune_mixed,Immune_mixed
CTGTGAACACTAACGT-1,Immune_mixed,Immune_mixed
CTGTGAACACTACCGG-1,Erythroid,Erythroid
CTGTGAAGTGTCATCA-1,Immune_mixed,Immune_mixed
CTGTGAAGTTTGTTCT-1,Immune_mixed,Immune_mixed
CTGTGAATCGACCCAG-1,Erythroid,Erythroid
CTGTGAATCTGTAAGC-1,Immune_mixed,Immune_mixed
CTGTGGGAGCACGGAT-1,Immune_mixed,Immune_mixed
CTGTGGGAGTGGAAAG-1,Immune_mixed,Immune_mixed
CTGTGGGCAGCGCGTT-1,Immune_mixed,Immune_mixed
CTGTGGGGTAGCGCTC-1,Erythroid,Erythroid
CTGTGGGGTTAGTTCG-1,Immune_mixed,Immune_mixed
CTGTGGGTCCGGCAAC-1,Immune_mixed,Immune_mixed
CTTACCGAGAGTGGCT-1,Erythroid,Erythroid
CTTACCGAGCGACATG-1,Erythroid,Erythroid
CTTACCGAGGCCTAAG-1,Immune_mixed,Immune_mixed
CTTACCGCACCTGCTT-1,Erythroid,Erythroid
CTTACCGCAGATCCAT-1,Erythroid,Erythroid
CTTACCGGTCGCTGCA-1,Immune_mixed,Immune_mixed
CTTACCGGTGGTCCGT-1,Immune_mixed,Immune_mixed
CTTACCGGTTGTCCCT-1,"B_cells,0",B_cells
CTTACCGTCTATCGGA-1,Erythroid,Erythroid
CTTACCGTCTTACCGC-1,"B_cells,0",B_cells
CTTAGGAAGACTTCCA-1,Immune_mixed,Immune_mixed
CTTAGGAAGATACAGT-1,Erythroid,Erythroid
CTTAGGACACGCAGTC-1,Immune_mixed,Immune_mixed
CTTAGGAGTATTGGCT-1,Erythroid,Erythroid
CTTAGGAGTCACGTGC-1,Erythroid,Erythroid
CTTAGGAGTTACCCTC-1,Erythroid,Erythroid
CTTAGGATCTGTCTCG-1,Erythroid,Erythroid
CTTCAATAGCACTGGA-1,Erythroid,Erythroid
CTTCAATAGCGTATGG-1,Immune_mixed,Immune_mixed
CTTCAATCAACCCTAA-1,Immune_mixed,Immune_mixed
CTTCAATCAAGATGTA-1,Immune_mixed,Immune_mixed
CTTCAATCAGGCTATT-1,Immune_mixed,Immune_mixed
CTTCAATGTGAATTAG-1,Immune_mixed,Immune_mixed
CTTCCGAAGAGCCGTA-1,Erythroid,Erythroid
CTTCCGAAGCTTTCTT-1,Erythroid,Erythroid
CTTCCGAAGTACTGGG-1,"B_cells,0",B_cells
CTTCCGAGTAACACCT-1,Immune_mixed,Immune_mixed
CTTCCGAGTTGTTGTG-1,"B_cells,0",B_cells
CTTCCGATCAGCAGAG-1,"B_cells,0",B_cells
CTTCCGATCCTGTTAT-1,Immune_mixed,Immune_mixed
CTTCCGATCGATACGT-1,Erythroid,Erythroid
CTTCCGATCTTTCCAA-1,"B_cells,0",B_cells
CTTCCTTAGACGGTTG-1,Myeloid,Myeloid
CTTCCTTCAAGTATAG-1,Immune_mixed,Immune_mixed
CTTCCTTCAATTTCTC-1,Erythroid,Erythroid
CTTCCTTCACCTATCC-1,Myeloid,Myeloid
CTTCCTTCACTTCTCG-1,Immune_mixed,Immune_mixed
CTTCCTTCATTCCTCG-1,Erythroid,Erythroid
CTTCCTTGTACGAAAT-1,Immune_mixed,Immune_mixed
CTTCCTTGTACGTTCA-1,Immune_mixed,Immune_mixed
CTTCCTTGTCCATAGT-1,Erythroid,Erythroid
CTTCCTTGTGTAAACA-1,Immune_mixed,Immune_mixed
CTTCCTTGTTGGTGTT-1,Myeloid,Myeloid
CTTCCTTTCAAAGGTA-1,Immune_mixed,Immune_mixed
CTTCCTTTCAAGGAGC-1,Immune_mixed,Immune_mixed
CTTCCTTTCCGGACGT-1,Erythroid,Erythroid
CTTCCTTTCCTTGGAA-1,Immune_mixed,Immune_mixed
CTTCCTTTCTCAGGCG-1,Immune_mixed,Immune_mixed
CTTCGGTAGGCTATCT-1,Immune_mixed,Immune_mixed
CTTCGGTAGGGCATGT-1,Immune_mixed,Immune_mixed
CTTCGGTGTCCGGATC-1,Immune_mixed,Immune_mixed
CTTCGGTGTCTGTGCG-1,Myeloid,Myeloid
CTTCGGTGTGCAACGA-1,Immune_mixed,Immune_mixed
CTTCGGTGTTGGCCGT-1,Erythroid,Erythroid
CTTCGGTTCAGGCGAA-1,Immune_mixed,Immune_mixed
CTTCGGTTCATGAAAG-1,Immune_mixed,Immune_mixed
CTTCGGTTCCATCTCG-1,Immune_mixed,Immune_mixed
CTTCGGTTCCATTTAC-1,Immune_mixed,Immune_mixed
CTTCGGTTCTTAGCAG-1,Immune_mixed,Immune_mixed
CTTCTAAAGATTCGCT-1,Immune_mixed,Immune_mixed
CTTCTAAAGCTTCTAG-1,Immune_mixed,Immune_mixed
CTTCTAAAGGGCGAAG-1,Erythroid,Erythroid
CTTCTAATCGGTGAAG-1,Immune_mixed,Immune_mixed
CTTCTCTAGCGGGTTA-1,Immune_mixed,Immune_mixed
CTTCTCTAGTAGATCA-1,Erythroid,Erythroid
CTTCTCTTCCACCTCA-1,Immune_mixed,Immune_mixed
CTTCTCTTCGTGGAAG-1,Erythroid,Erythroid
CTTCTCTTCTAGTACG-1,Erythroid,Erythroid
CTTGAGAGTCTCACGG-1,Erythroid,Erythroid
CTTGAGATCACTCCGT-1,Erythroid,Erythroid
CTTGATTAGACCCTTA-1,Erythroid,Erythroid
CTTGATTAGAGTGACC-1,Immune_mixed,Immune_mixed
CTTGATTAGGTGGCTA-1,"B_cells,0",B_cells
CTTGATTAGTGACCTT-1,Myeloid,Myeloid
CTTGATTCAAATCAGA-1,Immune_mixed,Immune_mixed
CTTGATTCAGCTATTG-1,Immune_mixed,Immune_mixed
CTTGATTGTCTATGAC-1,Immune_mixed,Immune_mixed
CTTGATTGTGCAGATG-1,Immune_mixed,Immune_mixed
CTTGATTTCAAGAGTA-1,Immune_mixed,Immune_mixed
CTTGATTTCCACGGGT-1,Immune_mixed,Immune_mixed
CTTGATTTCCCGAACG-1,Immune_mixed,Immune_mixed
CTTGATTTCCGCACGA-1,Immune_mixed,Immune_mixed
CTTGATTTCTGCGGCA-1,Immune_mixed,Immune_mixed
CTTTCAACAAGTCCAT-1,"B_cells,0",B_cells
CTTTCAACATGGAAGC-1,Myeloid,Myeloid
CTTTCAACATGGATCT-1,Immune_mixed,Immune_mixed
CTTTCAATCATGTCTT-1,Immune_mixed,Immune_mixed
CTTTCAATCGGTAAGG-1,Erythroid,Erythroid
CTTTCAATCTATTTCG-1,Myeloid,Myeloid
CTTTCAATCTCCAAGA-1,Immune_mixed,Immune_mixed
CTTTCGGAGACTTAAG-1,Immune_mixed,Immune_mixed
CTTTCGGAGCAGTACG-1,Immune_mixed,Immune_mixed
CTTTCGGAGCCTTTCC-1,Immune_mixed,Immune_mixed
CTTTCGGAGTCATGAA-1,Immune_mixed,Immune_mixed
CTTTCGGAGTGTAGTA-1,Erythroid,Erythroid
CTTTCGGCAACCGTGC-1,Immune_mixed,Immune_mixed
CTTTCGGCACTCGATA-1,Erythroid,Erythroid
CTTTCGGCAGCCTATA-1,Immune_mixed,Immune_mixed
CTTTCGGCAGTGGTGA-1,Immune_mixed,Immune_mixed
CTTTCGGCATTCTCTA-1,Immune_mixed,Immune_mixed
CTTTCGGGTATTTCGG-1,"B_cells,0",B_cells
CTTTCGGTCAGATGCT-1,"B_cells,0",B_cells
CTTTCGGTCGACGCTG-1,Immune_mixed,Immune_mixed
CTTTCGGTCGGCTTCT-1,Immune_mixed,Immune_mixed
GAAACCTAGAAGCGAA-1,Erythroid,Erythroid
GAAACCTAGCGTTCAT-1,"B_cells,0",B_cells
GAAACCTCAATTCTTC-1,Immune_mixed,Immune_mixed
GAAACCTCACACGTGC-1,Immune_mixed,Immune_mixed
GAAACCTGTAGGAGGG-1,Immune_mixed,Immune_mixed
GAAACCTGTTGTCAGT-1,Immune_mixed,Immune_mixed
GAAACCTTCCATACAG-1,Immune_mixed,Immune_mixed
GAAACCTTCTATTCGT-1,Immune_mixed,Immune_mixed
GAAATGAAGCACTCGC-1,Immune_mixed,Immune_mixed
GAAATGAAGTATAGGT-1,Immune_mixed,Immune_mixed
GAAATGACACCAGACC-1,Immune_mixed,Immune_mixed
GAAATGAGTCTACATG-1,Immune_mixed,Immune_mixed
GAAATGAGTTGCATAC-1,Immune_mixed,Immune_mixed
GAAATGATCCAACCGG-1,Immune_mixed,Immune_mixed
GAAATGATCCGTGGCA-1,Immune_mixed,Immune_mixed
GAACACTAGACATAAC-1,Immune_mixed,Immune_mixed
GAACACTAGAGTGTGC-1,Immune_mixed,Immune_mixed
GAACACTAGCTCGAAG-1,Immune_mixed,Immune_mixed
GAACACTAGGTTGACG-1,Immune_mixed,Immune_mixed
GAACACTCAATAGTAG-1,Immune_mixed,Immune_mixed
GAACACTCACTTGTCC-1,Immune_mixed,Immune_mixed
GAACACTGTAGAGTTA-1,Immune_mixed,Immune_mixed
GAACACTGTTAGGGTG-1,"B_cells,0",B_cells
GAACACTTCAAGTAAG-1,Immune_mixed,Immune_mixed
GAACGTTAGACTACCT-1,Immune_mixed,Immune_mixed
GAACGTTCATCGAACT-1,Immune_mixed,Immune_mixed
GAACGTTGTGACAGGT-1,Immune_mixed,Immune_mixed
GAACGTTGTTGTTTGG-1,Immune_mixed,Immune_mixed
GAACGTTTCCTACGAA-1,Immune_mixed,Immune_mixed
GAACTGTAGTCATTGC-1,Immune_mixed,Immune_mixed
GAACTGTCACTACTTT-1,Immune_mixed,Immune_mixed
GAACTGTGTCCCGCAA-1,Immune_mixed,Immune_mixed
GAACTGTGTCTTGCTC-1,Immune_mixed,Immune_mixed
GAACTGTGTGTAAACA-1,Immune_mixed,Immune_mixed
GAACTGTGTTGCGTAT-1,Immune_mixed,Immune_mixed
GAAGAATAGATCCCAT-1,Immune_mixed,Immune_mixed
GAAGAATCAAGGTCAG-1,Immune_mixed,Immune_mixed
GAAGAATCACCAAATC-1,Immune_mixed,Immune_mixed
GAAGAATCATAGGTAA-1,Immune_mixed,Immune_mixed
GAAGAATCATGTTACG-1,Immune_mixed,Immune_mixed
GAAGAATGTAGCTAAA-1,Myeloid,Myeloid
GAAGAATTCATCGGGC-1,Immune_mixed,Immune_mixed
GAAGAATTCCATCAGA-1,Myeloid,Myeloid
GAAGAATTCCGCACTT-1,Immune_mixed,Immune_mixed
GAAGAATTCGCTTGCT-1,Immune_mixed,Immune_mixed
GAAGAATTCTGGGATT-1,Immune_mixed,Immune_mixed
GAAGCCCAGACGGAAA-1,Erythroid,Erythroid
GAAGCCCAGATAGCAT-1,Immune_mixed,Immune_mixed
GAAGCCCAGGTGAGCT-1,Erythroid,Erythroid
GAAGCCCAGTCAATCC-1,Erythroid,Erythroid
GAAGCCCCAAGGGTCA-1,Immune_mixed,Immune_mixed
GAAGCCCCACCAATTG-1,Erythroid,Erythroid
GAAGCCCCACTTGGCG-1,Erythroid,Erythroid
GAAGCCCGTATGAAGT-1,"B_cells,0",B_cells
GAAGCCCGTTCCTAGA-1,Immune_mixed,Immune_mixed
GAAGCCCTCATGTCAG-1,Erythroid,Erythroid
GAAGCCCTCCTCATAT-1,Myeloid,Myeloid
GAAGCCCTCCTCTCGA-1,Immune_mixed,Immune_mixed
GAAGCCCTCTGCATGA-1,Immune_mixed,Immune_mixed
GAAGCGAAGAGGGTGG-1,Immune_mixed,Immune_mixed
GAAGCGAAGAGTAACT-1,Erythroid,Erythroid
GAAGCGAAGCCACAAG-1,Myeloid,Myeloid
GAAGCGAAGGACTGGT-1,Immune_mixed,Immune_mixed
GAAGCGAAGGATATAC-1,Immune_mixed,Immune_mixed
GAAGCGACAAGGAGTC-1,Immune_mixed,Immune_mixed
GAAGCGACAGATTTCG-1,"B_cells,0",B_cells
GAAGCGAGTATGGTTC-1,Immune_mixed,Immune_mixed
GAAGCGAGTCGGTACC-1,Immune_mixed,Immune_mixed
GAAGCGATCAGGTAAA-1,Immune_mixed,Immune_mixed
GAAGCGATCCACGAAT-1,Immune_mixed,Immune_mixed
GAAGCGATCGCTCATC-1,Erythroid,Erythroid
GAAGCGATCGGCAGTC-1,Erythroid,Erythroid
GAAGCGATCTATTTCG-1,Immune_mixed,Immune_mixed
GAAGCGATCTTGCAAG-1,Erythroid,Erythroid
GAAGGACAGAGTAACT-1,Erythroid,Erythroid
GAAGGACAGCAACTCT-1,Immune_mixed,Immune_mixed
GAAGGACAGGAAAGAC-1,Immune_mixed,Immune_mixed
GAAGGACAGTGGATTA-1,Immune_mixed,Immune_mixed
GAAGGACAGTTTAGGA-1,Immune_mixed,Immune_mixed
GAAGGACCAACCGTGC-1,Immune_mixed,Immune_mixed
GAAGGACCACGACAAG-1,"B_cells,0",B_cells
GAAGGACCAGAACATA-1,Erythroid,Erythroid
GAAGGACGTAACCCTA-1,Immune_mixed,Immune_mixed
GAAGGACGTAGGACCA-1,Immune_mixed,Immune_mixed
GAAGGACGTGCTCCGA-1,"B_cells,0",B_cells
GAAGGACTCCTCAGGG-1,Myeloid,Myeloid
GAAGGACTCGCAATGT-1,Myeloid,Myeloid
GAAGGGTAGGTTCTAC-1,Immune_mixed,Immune_mixed
GAAGGGTAGTAGCAAT-1,Immune_mixed,Immune_mixed
GAAGGGTAGTTCCATG-1,Immune_mixed,Immune_mixed
GAAGGGTCAGAAGCGT-1,Immune_mixed,Immune_mixed
GAAGGGTGTACATTGC-1,Immune_mixed,Immune_mixed
GAAGGGTGTCACAGTT-1,Immune_mixed,Immune_mixed
GAAGGGTGTCCTTTGC-1,Immune_mixed,Immune_mixed
GAAGGGTGTTCCGTTC-1,Immune_mixed,Immune_mixed
GAAGGGTTCTTCCCAG-1,Erythroid,Erythroid
GAAGTAAAGAGATTCA-1,Immune_mixed,Immune_mixed
GAAGTAAAGAGTCAAT-1,Erythroid,Erythroid
GAAGTAAAGGGAACAA-1,Immune_mixed,Immune_mixed
GAAGTAAAGTAATCCC-1,Immune_mixed,Immune_mixed
GAAGTAACAACGGCTC-1,Immune_mixed,Immune_mixed
GAAGTAACACAAGTGG-1,Immune_mixed,Immune_mixed
GAAGTAACACTCATAG-1,Immune_mixed,Immune_mixed
GAAGTAAGTATGAAAC-1,Immune_mixed,Immune_mixed
GAAGTAAGTCTTGGTA-1,Immune_mixed,Immune_mixed
GAAGTAAGTGGCTTGC-1,"B_cells,0",B_cells
GAAGTAAGTTCTCACC-1,Immune_mixed,Immune_mixed
GAAGTAATCCCTAGGG-1,Immune_mixed,Immune_mixed
GAAGTAATCCGAAATC-1,Immune_mixed,Immune_mixed
GAAGTAATCCGAGATT-1,Erythroid,Erythroid
GAATAGAAGTAGCATA-1,Immune_mixed,Immune_mixed
GAATAGACAACCTATG-1,Immune_mixed,Immune_mixed
GAATAGACAAGCTACT-1,Immune_mixed,Immune_mixed
GAATAGACAGGCGTTC-1,"B_cells,0",B_cells
GAATAGACATTCTCTA-1,Erythroid,Erythroid
GAATAGAGTCCCTAAA-1,Immune_mixed,Immune_mixed
GAATAGATCCTGATAG-1,Erythroid,Erythroid
GAATCACAGCACTTTG-1,Erythroid,Erythroid
GAATCACAGTGCGCTC-1,Immune_mixed,Immune_mixed
GAATCACCACTTCAAG-1,"B_cells,1",B_cells
GAATCACCAGTCGAGA-1,Myeloid,Myeloid
GAATCACGTACCACGC-1,Immune_mixed,Immune_mixed
GAATCACGTTGTTGCA-1,Erythroid,Erythroid
GAATCACTCATTCGTT-1,Erythroid,Erythroid
GAATCACTCCTACGGG-1,Myeloid,Myeloid
GAATCGTAGATAGTGT-1,Immune_mixed,Immune_mixed
GAATCGTAGCGTCGAA-1,Immune_mixed,Immune_mixed
GAATCGTCACGGTGAA-1,Immune_mixed,Immune_mixed
GAATCGTCACTTCTCG-1,Myeloid,Myeloid
GAATCGTCAGTCGGAA-1,Immune_mixed,Immune_mixed
GAATCGTCATGTCTAG-1,Immune_mixed,Immune_mixed
GAATCGTGTGTAGTGG-1,"B_cells,0",B_cells
GAATCGTGTTGCGAAG-1,Immune_mixed,Immune_mixed
GAATCGTTCTGGGAGA-1,Erythroid,Erythroid
GACACGCAGACAACAT-1,Immune_mixed,Immune_mixed
GACACGCCACAATGAA-1,"B_cells,0",B_cells
GACACGCCAGAACTCT-1,Immune_mixed,Immune_mixed
GACACGCGTTAAGGGC-1,Immune_mixed,Immune_mixed
GACACGCGTTACGGAG-1,Erythroid,Erythroid
GACACGCGTTCCGCGA-1,Immune_mixed,Immune_mixed
GACACGCTCAGACCGC-1,Immune_mixed,Immune_mixed
GACACGCTCTAGTACG-1,Erythroid,Erythroid
GACAGCCCAATGCTCA-1,Erythroid,Erythroid
GACAGCCCACTAAACC-1,Immune_mixed,Immune_mixed
GACAGCCCATCGTGGC-1,"B_cells,1",B_cells
GACAGCCGTTTGAACC-1,"B_cells,0",B_cells
GACATCAAGAAGGTAG-1,Immune_mixed,Immune_mixed
GACATCACAACCGCTG-1,Immune_mixed,Immune_mixed
GACATCACATCGCTCT-1,"B_cells,1",B_cells
GACATCAGTAGTTCCA-1,Erythroid,Erythroid
GACATCATCCACGGGT-1,Erythroid,Erythroid
GACATCATCCGTAGTA-1,Immune_mixed,Immune_mixed
GACATCATCGCTTGCT-1,Erythroid,Erythroid
GACATCATCGGCATTA-1,"B_cells,1",B_cells
GACATCATCTGTGCGG-1,Immune_mixed,Immune_mixed
GACCAATAGAGCCGAT-1,Erythroid,Erythroid
GACCAATAGCCGATTT-1,Immune_mixed,Immune_mixed
GACCAATAGCCTCATA-1,Immune_mixed,Immune_mixed
GACCAATAGGTGCTTT-1,Immune_mixed,Immune_mixed
GACCAATAGTAAGACT-1,Immune_mixed,Immune_mixed
GACCAATCAAAGCTAA-1,"B_cells,1",B_cells
GACCAATCATCTTTCA-1,Immune_mixed,Immune_mixed
GACCAATGTGCGAGTA-1,Erythroid,Erythroid
GACCCAGAGAAGGATG-1,Immune_mixed,Immune_mixed
GACCCAGAGGGATCTG-1,Erythroid,Erythroid
GACCCAGCACCGCTGA-1,Erythroid,Erythroid
GACCCAGCATAATCCG-1,Immune_mixed,Immune_mixed
GACCCAGGTACAAACA-1,Immune_mixed,Immune_mixed
GACCCAGGTCATGCAT-1,Erythroid,Erythroid
GACCCAGTCATGACAC-1,Immune_mixed,Immune_mixed
GACCCAGTCCATTTAC-1,Immune_mixed,Immune_mixed
GACCCAGTCGCGTCGA-1,Immune_mixed,Immune_mixed
GACCCAGTCGTTCTCG-1,Immune_mixed,Immune_mixed
GACCCAGTCTTCTGTA-1,Erythroid,Erythroid
GACCCTTAGAGTCGAC-1,Erythroid,Erythroid
GACCCTTCATCATCTT-1,Erythroid,Erythroid
GACCCTTCATCGTGCG-1,Immune_mixed,Immune_mixed
GACCCTTGTTGACGGA-1,Myeloid,Myeloid
GACCCTTTCCACTGAA-1,Myeloid,Myeloid
GACCGTGGTCCTCATC-1,Immune_mixed,Immune_mixed
GACCGTGGTGACAGCA-1,Immune_mixed,Immune_mixed
GACCGTGGTTCAAGTC-1,Immune_mixed,Immune_mixed
GACCGTGTCGGCATTA-1,Erythroid,Erythroid
GACCTTCAGTTAGTGA-1,Erythroid,Erythroid
GACCTTCCAAGAGTGC-1,Immune_mixed,Immune_mixed
GACCTTCCACAAAGCG-1,Immune_mixed,Immune_mixed
GACCTTCCATTGACCA-1,Erythroid,Erythroid
GACCTTCGTCCATACA-1,Erythroid,Erythroid
GACCTTCGTGTTGATC-1,Immune_mixed,Immune_mixed
GACCTTCTCGGCCTTT-1,Erythroid,Erythroid
GACGCTGAGCTAGCCC-1,Myeloid,Myeloid
GACGCTGAGTCATACC-1,Immune_mixed,Immune_mixed
GACGCTGCAGTCGTTA-1,Immune_mixed,Immune_mixed
GACGCTGGTAAGTTGA-1,Immune_mixed,Immune_mixed
GACGCTGGTGCAATAA-1,"B_cells,0",B_cells
GACGCTGGTTCTGAGT-1,"B_cells,0",B_cells
GACGCTGTCCGACAGC-1,Erythroid,Erythroid
GACGCTGTCGCTGTTC-1,Immune_mixed,Immune_mixed
GACGCTGTCTCTATGT-1,Erythroid,Erythroid
GACGTTAAGGGTATAT-1,Erythroid,Erythroid
GACGTTACAGGTTCCG-1,"B_cells,0",B_cells
GACGTTACATTCGGGC-1,Immune_mixed,Immune_mixed
GACGTTAGTCAACATC-1,Immune_mixed,Immune_mixed
GACGTTAGTCACGCTG-1,Immune_mixed,Immune_mixed
GACGTTAGTCCTTAAG-1,Immune_mixed,Immune_mixed
GACGTTAGTCTCCCTA-1,Immune_mixed,Immune_mixed
GACGTTATCGGCGATC-1,Myeloid,Myeloid
GACGTTATCTTCCCAG-1,"B_cells,0",B_cells
GACTATGAGCGGGTTA-1,Immune_mixed,Immune_mixed
GACTATGAGTAGACCG-1,Immune_mixed,Immune_mixed
GACTATGCAAATGCGG-1,Immune_mixed,Immune_mixed
GACTATGCAATTGAGA-1,Immune_mixed,Immune_mixed
GACTATGCACTCATAG-1,Erythroid,Erythroid
GACTATGCACTTGGGC-1,Immune_mixed,Immune_mixed
GACTATGCAGTTGGTT-1,Immune_mixed,Immune_mixed
GACTATGGTTGGACCC-1,Immune_mixed,Immune_mixed
GACTATGGTTTCACAG-1,Immune_mixed,Immune_mixed
GACTATGTCATCTACT-1,Immune_mixed,Immune_mixed
GACTCAAAGAGTATAC-1,Immune_mixed,Immune_mixed
GACTCAACACTGTGAT-1,Immune_mixed,Immune_mixed
GACTCAAGTAGCGATG-1,Erythroid,Erythroid
GACTCAAGTCATGGCC-1,"B_cells,0",B_cells
GACTCAAGTCTTTCTA-1,Immune_mixed,Immune_mixed
GACTCAAGTGGAAGTC-1,Immune_mixed,Immune_mixed
GACTCTCAGGCCCACT-1,Immune_mixed,Immune_mixed
GACTCTCAGTCATAGA-1,Immune_mixed,Immune_mixed
GACTCTCAGTTGGCTT-1,Erythroid,Erythroid
GACTCTCCAAGGTCTT-1,Immune_mixed,Immune_mixed
GACTCTCCATAGACTC-1,Immune_mixed,Immune_mixed
GACTCTCGTCATCTAG-1,Myeloid,Myeloid
GACTCTCTCTTCCAGC-1,Immune_mixed,Immune_mixed
GACTGATCAAGGTCGA-1,Immune_mixed,Immune_mixed
GACTGATGTAGCGCTC-1,Erythroid,Erythroid
GACTGATGTCACTGAT-1,Immune_mixed,Immune_mixed
GACTGATGTCGAATTC-1,Erythroid,Erythroid
GACTGATGTCGAGCAA-1,Erythroid,Erythroid
GACTGATTCTGCTGAA-1,Immune_mixed,Immune_mixed
GACTTCCAGCCAACCC-1,Immune_mixed,Immune_mixed
GACTTCCAGCGTCTCG-1,Erythroid,Erythroid
GACTTCCCAACCGATT-1,Immune_mixed,Immune_mixed
GACTTCCCAATGACCT-1,Erythroid,Erythroid
GACTTCCCACCTCAGG-1,Immune_mixed,Immune_mixed
GACTTCCCAGGTGTTT-1,"B_cells,0",B_cells
GACTTCCGTTATAGAG-1,"B_cells,0",B_cells
GAGAAATAGACGCTCC-1,Immune_mixed,Immune_mixed
GAGAAATAGGTAAGTT-1,Immune_mixed,Immune_mixed
GAGAAATCAGCTTCCT-1,Myeloid,Myeloid
GAGAAATCATTGAAAG-1,Immune_mixed,Immune_mixed
GAGAAATGTCAGACGA-1,Immune_mixed,Immune_mixed
GAGAAATTCATTGCCC-1,Immune_mixed,Immune_mixed
GAGAAATTCGTGCAGC-1,Immune_mixed,Immune_mixed
GAGAAATTCTAGGCCG-1,Immune_mixed,Immune_mixed
GAGACCCAGACGAAGA-1,Immune_mixed,Immune_mixed
GAGACCCCACCAGCCA-1,Erythroid,Erythroid
GAGACCCCACGATTCA-1,Immune_mixed,Immune_mixed
GAGACCCGTACAGGTG-1,Erythroid,Erythroid
GAGACCCGTATAGGAT-1,"B_cells,0",B_cells
GAGACCCGTGAGTTGG-1,Immune_mixed,Immune_mixed
GAGACCCGTGCAATAA-1,Immune_mixed,Immune_mixed
GAGACCCGTTGGGATG-1,Myeloid,Myeloid
GAGACCCTCGCATAGT-1,Erythroid,Erythroid
GAGACCCTCGTGGCTG-1,Immune_mixed,Immune_mixed
GAGACCCTCTGGCCAG-1,"B_cells,1",B_cells
GAGACTTAGCGTACAG-1,"B_cells,0",B_cells
GAGACTTAGTGGTCAG-1,Immune_mixed,Immune_mixed
GAGACTTCACTAAACC-1,Immune_mixed,Immune_mixed
GAGACTTCATATCTCT-1,Erythroid,Erythroid
GAGACTTGTCCTGAAT-1,"B_cells,1",B_cells
GAGACTTGTGTTCGTA-1,Immune_mixed,Immune_mixed
GAGACTTGTTCTCAGA-1,Immune_mixed,Immune_mixed
GAGACTTGTTGCATCA-1,Immune_mixed,Immune_mixed
GAGACTTTCCCAATAG-1,Immune_mixed,Immune_mixed
GAGAGGTAGTAAGACT-1,Erythroid,Erythroid
GAGAGGTAGTCAGCGA-1,Immune_mixed,Immune_mixed
GAGAGGTCAATTGTGC-1,"B_cells,1",B_cells
GAGAGGTCATCGTTCC-1,"B_cells,0",B_cells
GAGAGGTCATGCCGGT-1,Erythroid,Erythroid
GAGAGGTGTGCGTTTA-1,"B_cells,0",B_cells
GAGAGGTTCCCTTCCC-1,Immune_mixed,Immune_mixed
GAGAGGTTCGCTGTCT-1,Immune_mixed,Immune_mixed
GAGATGGAGCGTGCTC-1,Erythroid,Erythroid
GAGATGGCACAGCGCT-1,Immune_mixed,Immune_mixed
GAGATGGCACCAGTTA-1,Immune_mixed,Immune_mixed
GAGATGGCACTTGTGA-1,Immune_mixed,Immune_mixed
GAGATGGCAGCACACC-1,Immune_mixed,Immune_mixed
GAGATGGGTTTCAGAC-1,"B_cells,0",B_cells
GAGATGGTCCGCCTAT-1,Immune_mixed,Immune_mixed
GAGATGGTCGGTCATA-1,Immune_mixed,Immune_mixed
GAGCCTGCAAATGAGT-1,Immune_mixed,Immune_mixed
GAGCCTGCAATGCAAA-1,Immune_mixed,Immune_mixed
GAGCCTGCACAAACGG-1,Immune_mixed,Immune_mixed
GAGCCTGTCCGGCAGT-1,Erythroid,Erythroid
GAGCCTGTCTGGCCAG-1,Erythroid,Erythroid
GAGCCTGTCTTAGCAG-1,Immune_mixed,Immune_mixed
GAGCTGCAGAGGCGGA-1,Erythroid,Erythroid
GAGCTGCAGATACATG-1,Erythroid,Erythroid
GAGCTGCAGTCACGAG-1,Immune_mixed,Immune_mixed
GAGCTGCAGTGCAGGT-1,Immune_mixed,Immune_mixed
GAGCTGCGTACTCCGG-1,Erythroid,Erythroid
GAGCTGCGTAGCCAGA-1,Immune_mixed,Immune_mixed
GAGCTGCGTGCCTATA-1,Immune_mixed,Immune_mixed
GAGCTGCGTTGCACGC-1,Immune_mixed,Immune_mixed
GAGCTGCTCACCTTAT-1,Erythroid,Erythroid
GAGCTGCTCTCGTTTA-1,Immune_mixed,Immune_mixed
GAGCTGCTCTTGTGCC-1,Erythroid,Erythroid
GAGGCAACAATTAGGA-1,"B_cells,0",B_cells
GAGGCAACAGAGTGTG-1,Immune_mixed,Immune_mixed
GAGGCAACATCGAAGG-1,Immune_mixed,Immune_mixed
GAGGCAAGTATGGGAC-1,Immune_mixed,Immune_mixed
GAGGCAAGTCTGCGCA-1,Immune_mixed,Immune_mixed
GAGGCAAGTGAGCCAA-1,Immune_mixed,Immune_mixed
GAGGCAAGTTCACCGG-1,Immune_mixed,Immune_mixed
GAGGCAATCCTATTTG-1,Immune_mixed,Immune_mixed
GAGGCCTAGCTTAAGA-1,Immune_mixed,Immune_mixed
GAGGCCTCACTCGATA-1,Immune_mixed,Immune_mixed
GAGGCCTCACTCTGCT-1,Immune_mixed,Immune_mixed
GAGGCCTCAGCGTGAA-1,Immune_mixed,Immune_mixed
GAGGCCTGTCGTGGTC-1,Immune_mixed,Immune_mixed
GAGGCCTGTCGTTGGC-1,Erythroid,Erythroid
GAGGGATAGAACGCGT-1,Immune_mixed,Immune_mixed
GAGGGATAGGACAAGA-1,Immune_mixed,Immune_mixed
GAGGGATGTACAAACA-1,"B_cells,0",B_cells
GAGGGATGTGCATTTG-1,Immune_mixed,Immune_mixed
GAGGGATGTTCTGACA-1,Immune_mixed,Immune_mixed
GAGGGATTCACTCGAA-1,Immune_mixed,Immune_mixed
GAGGGATTCACTTCTA-1-1,Immune_mixed,Immune_mixed
GAGGGATTCTCTAAGG-1,Erythroid,Erythroid
GAGGGTAAGTGGAAAG-1,Myeloid,Myeloid
GAGGGTACAATCGCCG-1,Immune_mixed,Immune_mixed
GAGGGTACACAAATCC-1,Erythroid,Erythroid
GAGGGTAGTCCTGTTC-1,Erythroid,Erythroid
GAGTCATAGACATAAC-1,Immune_mixed,Immune_mixed
GAGTCATCAACTCCCT-1,Immune_mixed,Immune_mixed
GAGTCATGTGAACGGT-1,Immune_mixed,Immune_mixed
GAGTCATGTGAATGTA-1,Immune_mixed,Immune_mixed
GAGTCATGTGCTTATG-1,Immune_mixed,Immune_mixed
GAGTCATTCAATCCGA-1,Immune_mixed,Immune_mixed
GAGTCATTCGAGCTGC-1,Immune_mixed,Immune_mixed
GAGTCATTCTCGTCAC-1,Erythroid,Erythroid
GAGTCTAAGACGTCGA-1,Erythroid,Erythroid
GAGTCTAAGGACATCG-1,Erythroid,Erythroid
GAGTCTAAGTGAGTTA-1,Immune_mixed,Immune_mixed
GAGTCTACAATTGCTG-1,Immune_mixed,Immune_mixed
GAGTCTACACAAATCC-1,Immune_mixed,Immune_mixed
GAGTCTAGTGGCTTGC-1,Immune_mixed,Immune_mixed
GAGTCTATCGTGGCGT-1,Myeloid,Myeloid
GAGTCTATCTTAGCCC-1,Immune_mixed,Immune_mixed
GAGTGAGGTCAACCAT-1,Immune_mixed,Immune_mixed
GAGTGAGTCAGTCCGG-1,Immune_mixed,Immune_mixed
GAGTGAGTCCTCTAAT-1,Immune_mixed,Immune_mixed
GAGTGAGTCCTGCCAT-1,"B_cells,0",B_cells
GAGTGAGTCCTGTAGA-1,Immune_mixed,Immune_mixed
GAGTGAGTCGTCTAAG-1,Immune_mixed,Immune_mixed
GAGTGAGTCTCGCTTG-1,Erythroid,Erythroid
GAGTGTTAGCTTCTAG-1,Immune_mixed,Immune_mixed
GAGTGTTAGGACAGTC-1,Immune_mixed,Immune_mixed
GAGTGTTAGTAATACG-1,Immune_mixed,Immune_mixed
GAGTGTTCATCGCTGG-1,Immune_mixed,Immune_mixed
GAGTGTTGTTCAATCG-1,Immune_mixed,Immune_mixed
GAGTGTTTCCGACAGC-1,Immune_mixed,Immune_mixed
GAGTGTTTCGCCGATG-1,Immune_mixed,Immune_mixed
GAGTTACAGTGGCGAT-1,"B_cells,1",B_cells
GAGTTACCACCAGCCA-1,Immune_mixed,Immune_mixed
GAGTTACCAGGCTTGC-1,Erythroid,Erythroid
GAGTTACCAGTTTCAG-1,Immune_mixed,Immune_mixed
GAGTTACCATAAGCGG-1,Immune_mixed,Immune_mixed
GAGTTACCATCAGCGC-1,Immune_mixed,Immune_mixed
GAGTTACGTCTCACGG-1,Immune_mixed,Immune_mixed
GAGTTACTCAAGTAAG-1,Immune_mixed,Immune_mixed
GAGTTACTCCGTGTGG-1,Erythroid,Erythroid
GAGTTGTAGATAACGT-1,Immune_mixed,Immune_mixed
GAGTTGTAGCAACAAT-1,Immune_mixed,Immune_mixed
GAGTTGTAGCTCCATA-1,Immune_mixed,Immune_mixed
GAGTTGTAGGTAGTAT-1,Immune_mixed,Immune_mixed
GAGTTGTCAATACAGA-1,Myeloid,Myeloid
GAGTTGTCACAACGCC-1,Immune_mixed,Immune_mixed
GAGTTGTCACGGCCAT-1,Immune_mixed,Immune_mixed
GAGTTGTCAGTCGGAA-1,Erythroid,Erythroid
GAGTTGTCATGTTACG-1,Erythroid,Erythroid
GAGTTGTGTCTGTAAC-1,"B_cells,0",B_cells
GAGTTGTGTGTGAGCA-1,Immune_mixed,Immune_mixed
GAGTTGTGTTCGTAAC-1,Immune_mixed,Immune_mixed
GAGTTGTGTTTCGTGA-1,Immune_mixed,Immune_mixed
GAGTTTGAGGGTTGCA-1,Immune_mixed,Immune_mixed
GAGTTTGCAAACACGG-1,Erythroid,Erythroid
GAGTTTGCAACTGCCG-1,Immune_mixed,Immune_mixed
GAGTTTGCACACTGGC-1,Erythroid,Erythroid
GAGTTTGCAGGGATAC-1,Immune_mixed,Immune_mixed
GAGTTTGCAGTTGTCA-1,Erythroid,Erythroid
GAGTTTGCATCTATCT-1,Immune_mixed,Immune_mixed
GAGTTTGGTGGAACAC-1,"B_cells,0",B_cells
GAGTTTGGTTCCGTTC-1,Erythroid,Erythroid
GAGTTTGTCAATGCAC-1,Erythroid,Erythroid
GAGTTTGTCCATGATG-1,Immune_mixed,Immune_mixed
GAGTTTGTCTGACCCT-1,Immune_mixed,Immune_mixed
GATAGAAAGCGTGCCT-1,Immune_mixed,Immune_mixed
GATAGAACACCCTGAG-1,Immune_mixed,Immune_mixed
GATAGAACAGAGTCAG-1,Immune_mixed,Immune_mixed
GATAGAAGTCCAGCCA-1-1,Immune_mixed,Immune_mixed
GATAGAAGTTAGTTCG-1,Erythroid,Erythroid
GATAGAATCGGTCACG-1,Immune_mixed,Immune_mixed
GATAGAATCTGTGTGA-1,Immune_mixed,Immune_mixed
GATAGCTAGATAGCAT-1,Immune_mixed,Immune_mixed
GATAGCTAGCATCAGG-1,Immune_mixed,Immune_mixed
GATAGCTAGTGGACTG-1,Immune_mixed,Immune_mixed
GATAGCTGTATTCCTT-1,Immune_mixed,Immune_mixed
GATAGCTTCGAGTTGT-1,Erythroid,Erythroid
GATAGCTTCTCTTAAC-1,Immune_mixed,Immune_mixed
GATCACAAGGCTCACC-1,"B_cells,0",B_cells
GATCACAAGGGTAGCT-1,"B_cells,1",B_cells
GATCACAAGTAGCTCT-1,Immune_mixed,Immune_mixed
GATCACAGTATCGTGT-1,Immune_mixed,Immune_mixed
GATCACAGTCGCGTTG-1,Immune_mixed,Immune_mixed
GATCAGTAGACGGTCA-1,Erythroid,Erythroid
GATCAGTCAAGTGTCT-1,Immune_mixed,Immune_mixed
GATCAGTCACACGGAA-1,Immune_mixed,Immune_mixed
GATCAGTGTCATGGCC-1,Erythroid,Erythroid
GATCAGTGTCTCCTGT-1,Immune_mixed,Immune_mixed
GATCAGTGTTGCGGCT-1,"B_cells,1",B_cells
GATCAGTTCACCTCAC-1,"B_cells,0",B_cells
GATCAGTTCACTCCGT-1,Immune_mixed,Immune_mixed
GATCAGTTCAGTGGGA-1,Immune_mixed,Immune_mixed
GATCAGTTCCCAGGCA-1,"B_cells,0",B_cells
GATCAGTTCGCGCTGA-1,Immune_mixed,Immune_mixed
GATCAGTTCGTCGATA-1,Immune_mixed,Immune_mixed
GATCAGTTCTACGCGG-1,Immune_mixed,Immune_mixed
GATCATGAGCCTCACG-1,Immune_mixed,Immune_mixed
GATCATGAGCGCCGTT-1,Immune_mixed,Immune_mixed
GATCATGCACACGGTC-1,Immune_mixed,Immune_mixed
GATCATGCACCGTCGA-1,Immune_mixed,Immune_mixed
GATCATGGTGGATTTC-1,Immune_mixed,Immune_mixed
GATCATGTCATCCCGT-1,Erythroid,Erythroid
GATCATGTCCCTCGTA-1,Immune_mixed,Immune_mixed
GATCCCTAGGTGATCG-1,Immune_mixed,Immune_mixed
GATCCCTAGTATCCTG-1,Immune_mixed,Immune_mixed
GATCCCTGTTACTCAG-1,Immune_mixed,Immune_mixed
GATCCCTTCAGACCGC-1,Immune_mixed,Immune_mixed
GATCCCTTCCACATAG-1,Immune_mixed,Immune_mixed
GATCCCTTCCGTGTCT-1,Immune_mixed,Immune_mixed
GATCCCTTCGACATTG-1,Immune_mixed,Immune_mixed
GATCCCTTCGTACACA-1,Immune_mixed,Immune_mixed
GATCCCTTCTTTACAC-1,Erythroid,Erythroid
GATCGTAAGCGAATGC-1,Immune_mixed,Immune_mixed
GATCGTAAGGCCTAAG-1,Immune_mixed,Immune_mixed
GATCGTAAGGGTTGCA-1,Immune_mixed,Immune_mixed
GATCGTACAACACACT-1,Immune_mixed,Immune_mixed
GATCGTACAATCTCGA-1,Immune_mixed,Immune_mixed
GATCGTACACTTCAAG-1,Immune_mixed,Immune_mixed
GATCGTACATGGTGGA-1,Immune_mixed,Immune_mixed
GATCGTAGTCACCACG-1,Immune_mixed,Immune_mixed
GATCGTATCAGCACCG-1,"B_cells,0",B_cells
GATCGTATCCGGACTG-1,Immune_mixed,Immune_mixed
GATCGTATCTCCGATC-1,Immune_mixed,Immune_mixed
GATCGTATCTCGCTCA-1,Erythroid,Erythroid
GATGACTAGAGCATAT-1,Erythroid,Erythroid
GATGACTAGATGAACT-1,Immune_mixed,Immune_mixed
GATGACTAGGTACAGC-1,Erythroid,Erythroid
GATGACTCACAGACGA-1,Immune_mixed,Immune_mixed
GATGACTCACCGTGCA-1,Erythroid,Erythroid
GATGACTCATTGCCGG-1,Immune_mixed,Immune_mixed
GATGACTGTAGCCCTG-1,Immune_mixed,Immune_mixed
GATGACTGTTCTAAGC-1,Erythroid,Erythroid
GATGACTTCGGTGAAG-1,Erythroid,Erythroid
GATGAGGAGATGTAGT-1,Immune_mixed,Immune_mixed
GATGAGGAGGTTGAGC-1,Immune_mixed,Immune_mixed
GATGAGGCAACCTATG-1,Immune_mixed,Immune_mixed
GATGAGGCACAGTCGC-1,Erythroid,Erythroid
GATGAGGCACTTACAG-1,Immune_mixed,Immune_mixed
GATGAGGCAGCAGTTT-1,Immune_mixed,Immune_mixed
GATGAGGGTGGTAATA-1,Immune_mixed,Immune_mixed
GATGAGGTCACTTCTA-1,Immune_mixed,Immune_mixed
GATGAGGTCGAGTGGA-1,Immune_mixed,Immune_mixed
GATGAGGTCGGAAACG-1,Immune_mixed,Immune_mixed
GATGAGGTCTATTTCG-1,Erythroid,Erythroid
GATGAGGTCTCAAAGC-1,Immune_mixed,Immune_mixed
GATGATCAGGTAGGCT-1,Immune_mixed,Immune_mixed
GATGATCAGTCAGGGT-1,Immune_mixed,Immune_mixed
GATGATCGTCAGCTTA-1,Immune_mixed,Immune_mixed
GATGCTAAGCTGCCTG-1,Immune_mixed,Immune_mixed
GATGCTAAGGGACTGT-1,"B_cells,0",B_cells
GATGCTAAGGTAGTAT-1,Immune_mixed,Immune_mixed
GATGCTAAGTCCCTAA-1,Immune_mixed,Immune_mixed
GATGCTAGTGCAACGA-1,"B_cells,1",B_cells
GATGCTAGTGTGGTCC-1,Erythroid,Erythroid
GATGCTATCGAAGTGG-1,Immune_mixed,Immune_mixed
GATGGAGCAAGAGGTC-1,Immune_mixed,Immune_mixed
GATGGAGCAGAAGTTA-1,"B_cells,0",B_cells
GATGGAGCAGATTTCG-1,"B_cells,1",B_cells
GATGGAGGTACGGTTT-1,"B_cells,0",B_cells
GATGGAGGTCACAATC-1,"B_cells,0",B_cells
GATGGAGGTGGATCGA-1,Immune_mixed,Immune_mixed
GATGGAGGTTACGATC-1,Immune_mixed,Immune_mixed
GATGGAGGTTCTCTCG-1,Erythroid,Erythroid
GATGGAGGTTGGCTAT-1,Myeloid,Myeloid
GATGGAGTCACGGGAA-1,Erythroid,Erythroid
GATGGAGTCCCAAGCG-1,"B_cells,0",B_cells
GATGGAGTCTAACGCA-1,Immune_mixed,Immune_mixed
GATGGAGTCTGGACCG-1,Immune_mixed,Immune_mixed
GATGTTGAGAATACAC-1,Immune_mixed,Immune_mixed
GATGTTGAGAGGGTGG-1,Immune_mixed,Immune_mixed
GATGTTGAGTGGCAGT-1,Immune_mixed,Immune_mixed
GATGTTGCAAATGAAC-1,Immune_mixed,Immune_mixed
GATGTTGCAAGACCTT-1,Immune_mixed,Immune_mixed
GATGTTGCACCAGCTG-1,"B_cells,1",B_cells
GATGTTGCATCGATAC-1,Immune_mixed,Immune_mixed
GATGTTGGTAGCTTTG-1,Erythroid,Erythroid
GATGTTGTCCAAGGGA-1,Immune_mixed,Immune_mixed
GATGTTGTCTACGCAA-1,Immune_mixed,Immune_mixed
GATTCGAAGATAGCAT-1,Immune_mixed,Immune_mixed
GATTCGAAGCATTGTC-1,Immune_mixed,Immune_mixed
GATTCGAAGCCACTCG-1,Erythroid,Erythroid
GATTCGAAGTTTCGAC-1,"B_cells,0",B_cells
GATTCGACAATACAGA-1,Immune_mixed,Immune_mixed
GATTCGACACAGTATC-1,Immune_mixed,Immune_mixed
GATTCGATCAACTGGT-1,Immune_mixed,Immune_mixed
GATTCGATCCGATTAG-1,Immune_mixed,Immune_mixed
GATTCGATCTTTCTAG-1,Erythroid,Erythroid
GATTCTTAGGCGCTCT-1,Erythroid,Erythroid
GATTCTTCACGGCCAT-1,Immune_mixed,Immune_mixed
GATTCTTGTCTTCAAG-1,Immune_mixed,Immune_mixed
GATTCTTTCATGAGAA-1,Erythroid,Erythroid
GATTGGTAGAGCATAT-1,Immune_mixed,Immune_mixed
GATTGGTAGGTTCATC-1,Immune_mixed,Immune_mixed
GATTGGTCACCTCGTT-1,Immune_mixed,Immune_mixed
GATTGGTCAGGACTTT-1,Immune_mixed,Immune_mixed
GATTGGTGTAGTCGGA-1,Immune_mixed,Immune_mixed
GATTGGTTCAGACATC-1,Erythroid,Erythroid
GATTTCTAGATGGGCT-1,Immune_mixed,Immune_mixed
GATTTCTAGCTCGCAC-1,Immune_mixed,Immune_mixed
GATTTCTCAACTCCCT-1,"B_cells,1",B_cells
GATTTCTCAATCTCTT-1,"B_cells,0",B_cells
GATTTCTCATCGGAGA-1,Erythroid,Erythroid
GATTTCTGTACCCGAC-1,Immune_mixed,Immune_mixed
GATTTCTGTTGGATCT-1,Erythroid,Erythroid
GATTTCTTCAAGATAG-1,Immune_mixed,Immune_mixed
GCAACATAGAGCATTA-1,Erythroid,Erythroid
GCAACATAGAGCCATG-1,Immune_mixed,Immune_mixed
GCAACATCACACAGCC-1,Erythroid,Erythroid
GCAACATCACTTACAG-1,Immune_mixed,Immune_mixed
GCAACATCAGTAGAGC-1,Erythroid,Erythroid
GCAACATCATAGCTGT-1,Erythroid,Erythroid
GCAACATTCAGACCCG-1,Immune_mixed,Immune_mixed
GCAACATTCCGATGTA-1,"B_cells,0",B_cells
GCAACATTCGGACTGC-1,Erythroid,Erythroid
GCAACCGAGGGCATGT-1,"B_cells,1",B_cells
GCAACCGCACATTCTT-1,Erythroid,Erythroid
GCAACCGGTAGATGTA-1,Immune_mixed,Immune_mixed
GCAACCGGTCAACCAT-1,Immune_mixed,Immune_mixed
GCAACCGGTCACTCTC-1,Erythroid,Erythroid
GCAACCGGTGGATGAC-1,Immune_mixed,Immune_mixed
GCAACCGGTTATGTCG-1,Immune_mixed,Immune_mixed
GCAACCGTCCAAACCA-1,Myeloid,Myeloid
GCACATAAGTCACACT-1,Immune_mixed,Immune_mixed
GCACATACACCGTCGA-1,Immune_mixed,Immune_mixed
GCACATACACCTCGTT-1,"B_cells,0",B_cells
GCACATACAGGCTACC-1,Erythroid,Erythroid
GCACATACATGAGAAT-1,Erythroid,Erythroid
GCACATAGTAGATTGA-1,Immune_mixed,Immune_mixed
GCACATAGTTCGATTG-1,"B_cells,0",B_cells
GCACATATCACAGTGT-1,Myeloid,Myeloid
GCACATATCAGCAGAG-1,"B_cells,1",B_cells
GCACGGTAGATTGAGT-1,Immune_mixed,Immune_mixed
GCACGGTAGCTGGCTC-1,Immune_mixed,Immune_mixed
GCACGGTAGTCCTACA-1,Immune_mixed,Immune_mixed
GCACGGTGTACCTAAC-1,Erythroid,Erythroid
GCACGGTTCAACGCTA-1,Immune_mixed,Immune_mixed
GCACGGTTCCTGTTGC-1,"B_cells,0",B_cells
GCACGGTTCGTAGTGT-1,Myeloid,Myeloid
GCACGTGAGACTAGAT-1,Erythroid,Erythroid
GCACGTGGTACAGCGA-1,Immune_mixed,Immune_mixed
GCACGTGGTATCAGCT-1,Immune_mixed,Immune_mixed
GCACGTGGTCGAGTTT-1,Immune_mixed,Immune_mixed
GCACGTGGTGTGAATA-1,Immune_mixed,Immune_mixed
GCACGTGGTTGCCATA-1,Myeloid,Myeloid
GCACGTGTCAGCCCAG-1,Immune_mixed,Immune_mixed
GCACGTGTCCACTGGG-1,Immune_mixed,Immune_mixed
GCACGTGTCCATCAGA-1,Immune_mixed,Immune_mixed
GCACGTGTCCTCTTTC-1,Myeloid,Myeloid
GCACGTGTCGGTCTAA-1,Immune_mixed,Immune_mixed
GCACTAAAGCACTAAA-1,Immune_mixed,Immune_mixed
GCACTAAAGCGTTAGG-1,Immune_mixed,Immune_mixed
GCACTAAAGGATTTCC-1,"B_cells,1",B_cells
GCACTAAAGGTAAACT-1,Immune_mixed,Immune_mixed
GCACTAAAGGTGCTAG-1,Immune_mixed,Immune_mixed
GCACTAAAGGTTGAGC-1,Immune_mixed,Immune_mixed
GCACTAACAAGAGAGA-1,Immune_mixed,Immune_mixed
GCACTAACAAGTGATA-1,Erythroid,Erythroid
GCACTAACACAAGGTG-1,Immune_mixed,Immune_mixed
GCACTAACAGCTCCTT-1,Erythroid,Erythroid
GCACTAAGTCACTTCC-1,Immune_mixed,Immune_mixed
GCACTAAGTCTCAAGT-1,Immune_mixed,Immune_mixed
GCACTAATCATACAGC-1,Immune_mixed,Immune_mixed
GCACTAATCTTAATCC-1,Myeloid,Myeloid
GCAGCCAAGGAACGAA-1,"B_cells,0",B_cells
GCAGCCACAAGAAACT-1,Immune_mixed,Immune_mixed
GCAGCCACAAGTTGGG-1,Immune_mixed,Immune_mixed
GCAGCCACACGACAGA-1,Immune_mixed,Immune_mixed
GCAGCCACACGCACCA-1,Immune_mixed,Immune_mixed
GCAGCCAGTCTCGCGA-1,Immune_mixed,Immune_mixed
GCAGCCAGTGACTGTT-1,Erythroid,Erythroid
GCAGCCAGTGCCTGCA-1,Immune_mixed,Immune_mixed
GCAGCCAGTTCCATTT-1,Immune_mixed,Immune_mixed
GCAGCCAGTTGACTGT-1,Immune_mixed,Immune_mixed
GCAGCCATCAGAGTGG-1,Immune_mixed,Immune_mixed
GCAGCTGAGGATGGCT-1,Erythroid,Erythroid
GCAGCTGCACCAGCGT-1,Immune_mixed,Immune_mixed
GCAGCTGCAGGCGTTC-1,Immune_mixed,Immune_mixed
GCAGCTGCATATTCGG-1,Immune_mixed,Immune_mixed
GCAGCTGGTGAACTAA-1,Erythroid,Erythroid
GCAGCTGTCACGGGAA-1,Erythroid,Erythroid
GCAGCTGTCATAGCAC-1,Immune_mixed,Immune_mixed
GCAGCTGTCTCTGCCA-1,Immune_mixed,Immune_mixed
GCAGGCTAGATTCGCT-1,Immune_mixed,Immune_mixed
GCAGGCTAGGTGCCTC-1,Immune_mixed,Immune_mixed
GCAGGCTCAACTGTGT-1,Myeloid,Myeloid
GCAGGCTCAGGTGTTT-1,Immune_mixed,Immune_mixed
GCAGGCTGTCGCGTTG-1,Erythroid,Erythroid
GCAGGCTGTGTCATGT-1,Immune_mixed,Immune_mixed
GCAGGCTTCGAACCTA-1,Immune_mixed,Immune_mixed
GCAGGCTTCGACGATT-1,Erythroid,Erythroid
GCAGGCTTCGGTAGGA-1,Immune_mixed,Immune_mixed
GCAGTTAAGGTGGCTA-1,Immune_mixed,Immune_mixed
GCAGTTACAATCTGCA-1,Myeloid,Myeloid
GCAGTTACACATTCGA-1,Erythroid,Erythroid
GCAGTTAGTCCTACGG-1,Immune_mixed,Immune_mixed
GCAGTTAGTCTGCAAT-1,Erythroid,Erythroid
GCATCGGAGGGATCTG-1,Immune_mixed,Immune_mixed
GCATCGGGTACCGTCG-1,Immune_mixed,Immune_mixed
GCATCGGTCAACTCTT-1,Immune_mixed,Immune_mixed
GCATCGGTCTATCGGA-1,Myeloid,Myeloid
GCATCGGTCTTCGATT-1,Immune_mixed,Immune_mixed
GCATCTCAGCCTGAAG-1,Immune_mixed,Immune_mixed
GCATCTCAGTAGTCTC-1,Immune_mixed,Immune_mixed
GCATCTCAGTCAAGCG-1,Immune_mixed,Immune_mixed
GCATCTCCACGTAACT-1,Immune_mixed,Immune_mixed
GCATCTCCATCGCTGG-1,Immune_mixed,Immune_mixed
GCATCTCGTCCAAGAG-1,"B_cells,0",B_cells
GCATCTCGTGGCAACA-1,Immune_mixed,Immune_mixed
GCATCTCTCCATATGG-1,Erythroid,Erythroid
GCATCTCTCGTAGAGG-1,Immune_mixed,Immune_mixed
GCATGATCACAGTCGC-1,Immune_mixed,Immune_mixed
GCATGATCACCCTTAC-1,Immune_mixed,Immune_mixed
GCATGATCAGAACTTC-1,Immune_mixed,Immune_mixed
GCATGATCATGGACAG-1,Immune_mixed,Immune_mixed
GCATGATGTAATGCTC-1,Immune_mixed,Immune_mixed
GCATGATTCAGACCGC-1,Immune_mixed,Immune_mixed
GCATGATTCGAGTCCG-1,Immune_mixed,Immune_mixed
GCATTAGAGAAGCCAC-1,Immune_mixed,Immune_mixed
GCATTAGAGAGTCACG-1,Immune_mixed,Immune_mixed
GCATTAGAGCTCGGCT-1,Immune_mixed,Immune_mixed
GCATTAGAGGAATGTT-1,Immune_mixed,Immune_mixed
GCATTAGAGTTCCATG-1,Myeloid,Myeloid
GCATTAGCACAAAGCG-1,Immune_mixed,Immune_mixed
GCATTAGCATGAAAGT-1,Immune_mixed,Immune_mixed
GCATTAGGTATTAAGG-1,Immune_mixed,Immune_mixed
GCATTAGTCGCTTAAG-1,Immune_mixed,Immune_mixed
GCATTAGTCGTCTCAC-1,Immune_mixed,Immune_mixed
GCCAACGAGAATTGTG-1,Immune_mixed,Immune_mixed
GCCAACGAGACATAAC-1,Erythroid,Erythroid
GCCAACGAGAGATTCA-1,Immune_mixed,Immune_mixed
GCCAACGAGTATTAGG-1,Erythroid,Erythroid
GCCAACGCACCGGTCA-1,Immune_mixed,Immune_mixed
GCCAACGCACCTCGTT-1,Erythroid,Erythroid
GCCAACGCACGAGAAC-1,Immune_mixed,Immune_mixed
GCCAACGGTTTGTTCT-1,"B_cells,0",B_cells
GCCAACGTCACTTGGA-1,Erythroid,Erythroid
GCCAACGTCGCACGAC-1,Immune_mixed,Immune_mixed
GCCAGCAAGGAGATAG-1,"B_cells,0",B_cells
GCCAGCAAGGCTGAAC-1,Immune_mixed,Immune_mixed
GCCAGCACAGACTCTA-1,Erythroid,Erythroid
GCCAGCACAGTCTACA-1,Immune_mixed,Immune_mixed
GCCAGCAGTAAGACCG-1,Immune_mixed,Immune_mixed
GCCAGCAGTATCTCTT-1,"B_cells,1",B_cells
GCCAGCAGTTAGCTAC-1,Erythroid,Erythroid
GCCAGCAGTTTACGAC-1,Myeloid,Myeloid
GCCAGCATCCGACGGT-1,Immune_mixed,Immune_mixed
GCCAGGTAGTAACCGG-1,Immune_mixed,Immune_mixed
GCCAGGTAGTATTGCC-1,"B_cells,0",B_cells
GCCAGGTGTAACTGCT-1,Immune_mixed,Immune_mixed
GCCAGGTGTATTGGCT-1,Immune_mixed,Immune_mixed
GCCAGGTGTCGCACGT-1,Erythroid,Erythroid
GCCAGGTTCACTCGAA-1,Immune_mixed,Immune_mixed
GCCAGTGCACCCTATC-1,Immune_mixed,Immune_mixed
GCCAGTGCAGATAAAC-1,"B_cells,0",B_cells
GCCAGTGCAGCTGTAT-1,Immune_mixed,Immune_mixed
GCCAGTGCATAACAGA-1,Immune_mixed,Immune_mixed
GCCAGTGCATACCATG-1,Immune_mixed,Immune_mixed
GCCAGTGGTAGCTGCC-1,Immune_mixed,Immune_mixed
GCCAGTGGTAGTAAGT-1,"B_cells,0",B_cells
GCCAGTGGTTAAGGAT-1,Immune_mixed,Immune_mixed
GCCAGTGGTTGGTAGG-1,Immune_mixed,Immune_mixed
GCCAGTGTCATTCCTA-1,Immune_mixed,Immune_mixed
GCCAGTGTCTCTCGAC-1,Immune_mixed,Immune_mixed
GCCATGGAGCCTTCTC-1,Immune_mixed,Immune_mixed
GCCATGGCAGAAGCTG-1,Immune_mixed,Immune_mixed
GCCATGGGTTAGGGTG-1,Erythroid,Erythroid
GCCATGGGTTAGTTCG-1,Immune_mixed,Immune_mixed
GCCATGGTCAACCTTT-1,Immune_mixed,Immune_mixed
GCCATGGTCGTCAGAT-1,Immune_mixed,Immune_mixed
GCCATTCAGCCGAACA-1,Immune_mixed,Immune_mixed
GCCATTCCACCGGTCA-1,Myeloid,Myeloid
GCCATTCCATTGACAC-1,Immune_mixed,Immune_mixed
GCCATTCGTCTTTCTA-1,Myeloid,Myeloid
GCCCAGAAGCTCCACG-1,Immune_mixed,Immune_mixed
GCCCAGAAGGATTTGA-1,Immune_mixed,Immune_mixed
GCCCAGACAAAGGCTG-1,"B_cells,1",B_cells
GCCCAGACACTCCACT-1,Immune_mixed,Immune_mixed
GCCCAGAGTACAAGCG-1,Myeloid,Myeloid
GCCCAGAGTGATCGTT-1,Immune_mixed,Immune_mixed
GCCCAGAGTTCCATTT-1,Immune_mixed,Immune_mixed
GCCCAGATCCGTGACG-1,Immune_mixed,Immune_mixed
GCCCAGATCGCTTGAA-1,Immune_mixed,Immune_mixed
GCCCAGATCTACGCAA-1,"B_cells,0",B_cells
GCCCGAAAGAGTTGAT-1,Erythroid,Erythroid
GCCCGAAAGCGTTCAT-1,Erythroid,Erythroid
GCCCGAAAGTAGAGTT-1,Erythroid,Erythroid
GCCCGAACAAATGGCG-1,Immune_mixed,Immune_mixed
GCCCGAACACCCTTGT-1,Immune_mixed,Immune_mixed
GCCCGAAGTATGCTTG-1,Immune_mixed,Immune_mixed
GCCCGAAGTGGCAGAT-1,Immune_mixed,Immune_mixed
GCCCGAATCGACCACG-1,Immune_mixed,Immune_mixed
GCCCGAATCGTAGTCA-1,Immune_mixed,Immune_mixed
GCCCGAATCTGAGGTT-1,Immune_mixed,Immune_mixed
GCCGATGAGCCTGCCA-1,Immune_mixed,Immune_mixed
GCCGATGAGCTCACTA-1,"B_cells,0",B_cells
GCCGATGTCCAGTTCC-1,"B_cells,1",B_cells
GCCGATGTCCGCGAGT-1,Immune_mixed,Immune_mixed
GCCGATGTCTTAGTTC-1,Myeloid,Myeloid
GCCGTGAAGATCCGAG-1,Myeloid,Myeloid
GCCGTGAAGGGTACAC-1,Erythroid,Erythroid
GCCGTGACAAGAGTTA-1,Immune_mixed,Immune_mixed
GCCGTGACATGAATCC-1,Immune_mixed,Immune_mixed
GCCGTGAGTGGGACAT-1,Immune_mixed,Immune_mixed
GCCGTGATCAAGTCTG-1,Erythroid,Erythroid
GCCTGTTAGGAAACGA-1,"B_cells,0",B_cells
GCCTGTTAGGCACGAT-1,"B_cells,1",B_cells
GCCTGTTAGTAACAGT-1,Immune_mixed,Immune_mixed
GCCTGTTAGTCACACT-1,Immune_mixed,Immune_mixed
GCCTGTTCAAACTCGT-1,Immune_mixed,Immune_mixed
GCCTGTTCAAGAGATT-1,Immune_mixed,Immune_mixed
GCCTGTTCACGAAAGC-1,Immune_mixed,Immune_mixed
GCCTGTTGTAGACGGT-1,"B_cells,0",B_cells
GCCTGTTGTGTATTGC-1,Immune_mixed,Immune_mixed
GCCTGTTTCCCGTGTT-1,Erythroid,Erythroid
GCGAGAAAGAAGCTCG-1,Immune_mixed,Immune_mixed
GCGAGAACACAATGCT-1,Immune_mixed,Immune_mixed
GCGAGAACAGACCGCT-1,Immune_mixed,Immune_mixed
GCGAGAAGTCTCGACG-1,Immune_mixed,Immune_mixed
GCGAGAATCTTCACAT-1,Myeloid,Myeloid
GCGATCGAGAAGCTGC-1,"B_cells,1",B_cells
GCGATCGAGCCACCGT-1,Immune_mixed,Immune_mixed
GCGATCGAGGCTCTAT-1,Erythroid,Erythroid
GCGATCGAGTAGACAT-1,Immune_mixed,Immune_mixed
GCGATCGAGTCACACT-1,Immune_mixed,Immune_mixed
GCGATCGCACAGTCGC-1,Erythroid,Erythroid
GCGATCGCATGGCTGC-1,Immune_mixed,Immune_mixed
GCGATCGGTGTCACAT-1,Immune_mixed,Immune_mixed
GCGATCGTCAACTCTT-1,Immune_mixed,Immune_mixed
GCGATCGTCAGACAAA-1,"B_cells,0",B_cells
GCGATCGTCTATGCCC-1,Immune_mixed,Immune_mixed
GCGGAAAAGTGTAGAT-1,Immune_mixed,Immune_mixed
GCGGAAACAGTCGGAA-1,Immune_mixed,Immune_mixed
GCGGAAACATGCTGCG-1,Immune_mixed,Immune_mixed
GCGGAAAGTCCTCAGG-1,Immune_mixed,Immune_mixed
GCGGAAATCCATAGGT-1,Immune_mixed,Immune_mixed
GCGGAAATCTCTTAAC-1,Immune_mixed,Immune_mixed
GCGGATCAGCTAGTTC-1,Erythroid,Erythroid
GCGGATCAGGATACAT-1,Erythroid,Erythroid
GCGGATCAGTTCTCTT-1,"B_cells,0",B_cells
GCGGATCCAATGCAAA-1,Immune_mixed,Immune_mixed
GCGGATCGTGGCCACT-1,Immune_mixed,Immune_mixed
GCGGATCTCAATCCGA-1,Erythroid,Erythroid
GCGTGCACAGAAATTG-1,Myeloid,Myeloid
GCGTGCACAGCAGTGA-1,Myeloid,Myeloid
GCGTGCAGTAACCAGG-1,Immune_mixed,Immune_mixed
GCGTGCAGTCGACTGC-1,Erythroid,Erythroid
GCGTGCATCCATAGAC-1,Immune_mixed,Immune_mixed
GCGTTTCAGATAGCAT-1,Immune_mixed,Immune_mixed
GCGTTTCAGTTGGGAC-1,Erythroid,Erythroid
GCGTTTCCAAGCTCTA-1,Immune_mixed,Immune_mixed
GCGTTTCCACTCCTTG-1,Immune_mixed,Immune_mixed
GCGTTTCGTTTCACTT-1,Immune_mixed,Immune_mixed
GCGTTTCTCCAATCCC-1,Erythroid,Erythroid
GCGTTTCTCCCGAGTG-1,Immune_mixed,Immune_mixed
GCGTTTCTCCCGTTCA-1,Erythroid,Erythroid
GCGTTTCTCGGACAAG-1,Immune_mixed,Immune_mixed
GCGTTTCTCGGACCAC-1,Erythroid,Erythroid
GCGTTTCTCTGTGCAA-1,"B_cells,0",B_cells
GCTACAAAGAGAATCT-1,Immune_mixed,Immune_mixed
GCTACAAAGGTACATA-1,Immune_mixed,Immune_mixed
GCTACAAAGTTGGAAT-1,Immune_mixed,Immune_mixed
GCTACAACACGTTCGG-1,Immune_mixed,Immune_mixed
GCTACAACAGCTATAC-1,Immune_mixed,Immune_mixed
GCTACAACAGTGCGCT-1,Immune_mixed,Immune_mixed
GCTACAACATACAGGG-1,"B_cells,0",B_cells
GCTACAAGTCTACTGA-1,Myeloid,Myeloid
GCTACAAGTGTCCAAT-1,Immune_mixed,Immune_mixed
GCTACAAGTTCGGGTC-1,Erythroid,Erythroid
GCTACAATCGCAGTGC-1,Immune_mixed,Immune_mixed
GCTACAATCGCCGAAC-1,"B_cells,0",B_cells
GCTACCTAGCTGACTT-1,Erythroid,Erythroid
GCTACCTCACATTACG-1,Erythroid,Erythroid
GCTACCTCACTGGCGT-1,Erythroid,Erythroid
GCTACCTCATACAGAA-1,"B_cells,0",B_cells
GCTACCTGTCGCCACA-1,Immune_mixed,Immune_mixed
GCTACCTGTGAGATAT-1,"B_cells,0",B_cells
GCTACCTTCGCGTAGC-1,Erythroid,Erythroid
GCTACCTTCTTAAGGC-1,Immune_mixed,Immune_mixed
GCTCAAAAGCGCAATG-1,Immune_mixed,Immune_mixed
GCTCAAAAGGGCAGAG-1,Immune_mixed,Immune_mixed
GCTCAAACAGAAATTG-1,Immune_mixed,Immune_mixed
GCTCAAAGTATCACGT-1,Immune_mixed,Immune_mixed
GCTCAAATCAAAGCCT-1,Immune_mixed,Immune_mixed
GCTCAAATCCAAGGGA-1,Immune_mixed,Immune_mixed
GCTCAAATCGTCAGAT-1,Immune_mixed,Immune_mixed
GCTCAAATCTTACACT-1,Erythroid,Erythroid
GCTGAATAGAAGTGTT-1,Immune_mixed,Immune_mixed
GCTGAATCATGGATCT-1,Immune_mixed,Immune_mixed
GCTGAATGTCTCTCCA-1,Immune_mixed,Immune_mixed
GCTGAATTCATCGGGC-1,Immune_mixed,Immune_mixed
GCTGAATTCGCGAAGA-1,Immune_mixed,Immune_mixed
GCTGCAGAGAGAATCT-1,"B_cells,0",B_cells
GCTGCAGAGGGTGGGA-1,Erythroid,Erythroid
GCTGCAGAGTTCCATG-1,Immune_mixed,Immune_mixed
GCTGCAGCAAACACGG-1,Immune_mixed,Immune_mixed
GCTGCAGCAACACAAA-1,Immune_mixed,Immune_mixed
GCTGCAGCAAGAGGTC-1,Immune_mixed,Immune_mixed
GCTGCAGCAAGAGTAT-1,Immune_mixed,Immune_mixed
GCTGCAGCACTACAGT-1,Immune_mixed,Immune_mixed
GCTGCAGGTACAAAGT-1,Erythroid,Erythroid
GCTGCAGGTCGTTCAA-1,Immune_mixed,Immune_mixed
GCTGCAGGTTAGGCTT-1,Immune_mixed,Immune_mixed
GCTGCAGTCCTCTAAT-1,"B_cells,0",B_cells
GCTGGGTCACCTATCC-1,Immune_mixed,Immune_mixed
GCTGGGTCACCTGCGA-1,Immune_mixed,Immune_mixed
GCTGGGTCACTTGAAC-1,Erythroid,Erythroid
GCTGGGTCAGAGCCCT-1,Immune_mixed,Immune_mixed
GCTGGGTCAGTTACCA-1-1,Immune_mixed,Immune_mixed
GCTGGGTCAGTTTCAG-1,Immune_mixed,Immune_mixed
GCTGGGTCATTGACAC-1,Immune_mixed,Immune_mixed
GCTGGGTGTCCGTTTC-1,Erythroid,Erythroid
GCTGGGTGTGTTACTG-1,Immune_mixed,Immune_mixed
GCTGGGTGTTCACGAT-1,"B_cells,1",B_cells
GCTGGGTTCGGAGTGA-1,Erythroid,Erythroid
GCTGGGTTCTGAGAAA-1,"B_cells,0",B_cells
GCTGGGTTCTGATGGT-1,Immune_mixed,Immune_mixed
GCTGGGTTCTTCGGAA-1,Immune_mixed,Immune_mixed
GCTTCACAGATGCCGA-1,Immune_mixed,Immune_mixed
GCTTCACAGTAGGAAG-1,"B_cells,0",B_cells
GCTTCACAGTCATGGG-1,Immune_mixed,Immune_mixed
GCTTCACAGTGATGGC-1,"B_cells,0",B_cells
GCTTCACCAGCTATTG-1,Immune_mixed,Immune_mixed
GCTTCACGTACGCTTA-1,Immune_mixed,Immune_mixed
GCTTCACGTCTGATCA-1,Erythroid,Erythroid
GCTTCACGTGGCTACC-1,Immune_mixed,Immune_mixed
GCTTCACGTTCGCGTG-1,Erythroid,Erythroid
GCTTCACTCTGGTGCG-1,Erythroid,Erythroid
GCTTGGGAGGTCGTCC-1,Erythroid,Erythroid
GCTTGGGAGGTGAGCT-1,Immune_mixed,Immune_mixed
GCTTGGGAGTACTGGG-1,Erythroid,Erythroid
GCTTGGGCAACTGAAA-1,Erythroid,Erythroid
GCTTGGGGTGTTACAC-1,Immune_mixed,Immune_mixed
GCTTGGGTCCTTCTGG-1,Immune_mixed,Immune_mixed
GCTTTCGAGACATATG-1,Immune_mixed,Immune_mixed
GCTTTCGAGAGAAGGT-1,Erythroid,Erythroid
GCTTTCGAGAGTGTTA-1,Immune_mixed,Immune_mixed
GCTTTCGAGATCCTAC-1,Erythroid,Erythroid
GCTTTCGAGCATCCCG-1,Erythroid,Erythroid
GCTTTCGAGGAACGTC-1,Immune_mixed,Immune_mixed
GCTTTCGCACTTTAGG-1,Immune_mixed,Immune_mixed
GCTTTCGGTACGTAGG-1,"B_cells,0",B_cells
GCTTTCGGTCATTCCC-1,Immune_mixed,Immune_mixed
GCTTTCGGTCTACAAC-1,Erythroid,Erythroid
GCTTTCGGTGCCTGAC-1,Immune_mixed,Immune_mixed
GCTTTCGGTTCTAAGC-1,Immune_mixed,Immune_mixed
GCTTTCGTCAAGAGTA-1,Immune_mixed,Immune_mixed
GCTTTCGTCGCCAATA-1,Immune_mixed,Immune_mixed
GGAACCCCACAGTCAT-1,Immune_mixed,Immune_mixed
GGAACCCCAGGGCTTC-1,Immune_mixed,Immune_mixed
GGAACCCGTAGTGTGG-1,"B_cells,0",B_cells
GGAACCCGTCTCGGAC-1,Erythroid,Erythroid
GGAACCCGTGCTGCAC-1,Immune_mixed,Immune_mixed
GGAACCCTCAACTGGT-1,Immune_mixed,Immune_mixed
GGAACCCTCATCTACT-1,Immune_mixed,Immune_mixed
GGAACCCTCGACCACG-1,Immune_mixed,Immune_mixed
GGAAGTGAGAGGACTC-1,Erythroid,Erythroid
GGAAGTGAGTCACGAG-1,Immune_mixed,Immune_mixed
GGAAGTGAGTGCGTCC-1,Myeloid,Myeloid
GGAAGTGCAACGTATC-1,Immune_mixed,Immune_mixed
GGAAGTGCATAAGCGG-1,Myeloid,Myeloid
GGAAGTGGTATGCTTG-1,Immune_mixed,Immune_mixed
GGAAGTGGTCGTGGAA-1,"B_cells,0",B_cells
GGAAGTGTCCAAGCTA-1,Immune_mixed,Immune_mixed
GGAAGTGTCGTTGTAG-1,Myeloid,Myeloid
GGAATCTAGAGTCACG-1,Immune_mixed,Immune_mixed
GGAATCTAGATAGCTA-1,Erythroid,Erythroid
GGAATCTAGGCCACTC-1,Immune_mixed,Immune_mixed
GGAATCTCAGAACTTC-1,Erythroid,Erythroid
GGAATCTCATCTCAAG-1,Immune_mixed,Immune_mixed
GGAATCTGTCGTCTCT-1,Erythroid,Erythroid
GGAATCTGTTCGGACC-1,Immune_mixed,Immune_mixed
GGAATCTTCATCGACA-1,Erythroid,Erythroid
GGAATCTTCGGCTCTT-1,Immune_mixed,Immune_mixed
GGAATGGAGGTGCGAT-1,Erythroid,Erythroid
GGAATGGCAAATGGCG-1,Immune_mixed,Immune_mixed
GGAATGGTCTCGAGTA-1,Immune_mixed,Immune_mixed
GGACGTCCACTTCCTG-1,Erythroid,Erythroid
GGACGTCCATCGCCTT-1,Myeloid,Myeloid
GGACGTCCATGGCCAC-1,Erythroid,Erythroid
GGACGTCTCAAACGTC-1,Immune_mixed,Immune_mixed
GGACGTCTCATGAAAG-1,Immune_mixed,Immune_mixed
GGACGTCTCATGAGGG-1,Immune_mixed,Immune_mixed
GGACGTCTCGTAACTG-1,Immune_mixed,Immune_mixed
GGACGTCTCTAGGCCG-1,"B_cells,0",B_cells
GGAGAACAGGGCAGTT-1,Immune_mixed,Immune_mixed
GGAGAACAGGTTAAAC-1,Erythroid,Erythroid
GGAGAACGTCAAGGCA-1,Erythroid,Erythroid
GGAGAACGTCCAAGAG-1,Immune_mixed,Immune_mixed
GGAGAACTCTATTGTC-1,Immune_mixed,Immune_mixed
GGAGAACTCTCTATAC-1,Immune_mixed,Immune_mixed
GGAGATGAGCTGACTT-1,"B_cells,0",B_cells
GGAGATGAGGTCTGGA-1,Immune_mixed,Immune_mixed
GGAGATGAGTATAACG-1,"B_cells,1",B_cells
GGAGATGCAAGGATGC-1,Erythroid,Erythroid
GGAGATGCACGTGTGC-1,"B_cells,0",B_cells
GGAGATGCAGTTGTCA-1,Erythroid,Erythroid
GGAGATGCATTGGATC-1,"B_cells,0",B_cells
GGAGATGTCGCCTATC-1,Immune_mixed,Immune_mixed
GGAGATGTCGTCCTTG-1,Myeloid,Myeloid
GGAGATGTCTTCTTCC-1,Immune_mixed,Immune_mixed
GGAGCAAAGATTAGTG-1,Erythroid,Erythroid
GGAGCAAAGCGCATCC-1,Erythroid,Erythroid
GGAGCAAAGGGTACAC-1,Immune_mixed,Immune_mixed
GGAGCAAAGGTCTACT-1,"B_cells,0",B_cells
GGAGCAACAATTGAGA-1,Erythroid,Erythroid
GGAGCAACAGAACGCA-1,Immune_mixed,Immune_mixed
GGAGCAAGTAAGATTG-1,Immune_mixed,Immune_mixed
GGAGCAAGTACTGACT-1,Erythroid,Erythroid
GGAGCAAGTGGTCTCG-1,Immune_mixed,Immune_mixed
GGAGCAAGTGTCATGT-1,Immune_mixed,Immune_mixed
GGAGCAAGTGTTAACC-1,Immune_mixed,Immune_mixed
GGAGCAATCTCCACTG-1,Immune_mixed,Immune_mixed
GGAGCAATCTGTTGGA-1,Immune_mixed,Immune_mixed
GGAGGATAGAACTGAT-1,Immune_mixed,Immune_mixed
GGAGGATAGAGCCTGA-1,Immune_mixed,Immune_mixed
GGAGGATAGGGCAAGG-1,Myeloid,Myeloid
GGAGGATAGGTAGACC-1,Erythroid,Erythroid
GGAGGATCAATTTCTC-1,Immune_mixed,Immune_mixed
GGAGGATCATTACGGT-1,Erythroid,Erythroid
GGAGGATGTGCGCTCA-1,Immune_mixed,Immune_mixed
GGAGGATGTGTTTACG-1,"B_cells,1",B_cells
GGAGGATTCGCTTAAG-1,"B_cells,0",B_cells
GGAGGATTCTTTCCAA-1,Immune_mixed,Immune_mixed
GGAGGTAAGCGACAGT-1,Immune_mixed,Immune_mixed
GGAGGTACATAACTCG-1,Immune_mixed,Immune_mixed
GGAGGTAGTGTAAACA-1,Immune_mixed,Immune_mixed
GGAGGTATCTTACTGT-1,Myeloid,Myeloid
GGATCTAAGATTCGCT-1,"B_cells,1",B_cells
GGATCTACATCTAACG-1,Immune_mixed,Immune_mixed
GGATCTAGTACTCGCG-1,Immune_mixed,Immune_mixed
GGATCTAGTTGCCAAT-1,Immune_mixed,Immune_mixed
GGATCTATCCCTCTAG-1,Erythroid,Erythroid
GGATCTATCGTTACCC-1,Immune_mixed,Immune_mixed
GGATGTTAGAGAGCGG-1,Erythroid,Erythroid
GGATGTTAGCCTATTG-1,Immune_mixed,Immune_mixed
GGATGTTAGGTAGTAT-1,Erythroid,Erythroid
GGATGTTAGTAAGCAT-1,Immune_mixed,Immune_mixed
GGATGTTCAAACTAGA-1,Immune_mixed,Immune_mixed
GGATGTTCATGACGTT-1,Immune_mixed,Immune_mixed
GGATGTTCATGCACTA-1,Myeloid,Myeloid
GGATGTTGTATGAGGC-1,Immune_mixed,Immune_mixed
GGATGTTGTGTTACTG-1,Erythroid,Erythroid
GGATGTTTCAGCTGTA-1,Immune_mixed,Immune_mixed
GGCACGTAGCCTGACC-1,Immune_mixed,Immune_mixed
GGCACGTAGCTTTCCC-1,Immune_mixed,Immune_mixed
GGCACGTAGGCGACAT-1,Immune_mixed,Immune_mixed
GGCACGTCAATTCACG-1,"B_cells,1",B_cells
GGCACGTCACGACGTC-1,Immune_mixed,Immune_mixed
GGCACGTCACTTCATT-1,Erythroid,Erythroid
GGCACGTCATCTGCGG-1,Immune_mixed,Immune_mixed
GGCACGTGTCGACTTA-1,Immune_mixed,Immune_mixed
GGCACGTGTGTACATC-1,Myeloid,Myeloid
GGCACGTTCAATCAGC-1,Immune_mixed,Immune_mixed
GGCACGTTCATGCCGG-1,Immune_mixed,Immune_mixed
GGCAGTCAGACTCGAG-1,Myeloid,Myeloid
GGCAGTCAGACTGTTC-1,Erythroid,Erythroid
GGCAGTCAGAGACAAG-1,Immune_mixed,Immune_mixed
GGCAGTCAGATGATTG-1,"B_cells,0",B_cells
GGCAGTCAGCGGGTTA-1,Immune_mixed,Immune_mixed
GGCAGTCCAAGTGCAG-1,Immune_mixed,Immune_mixed
GGCAGTCCATCCGTGG-1,Immune_mixed,Immune_mixed
GGCAGTCCATCGGCCA-1,Immune_mixed,Immune_mixed
GGCAGTCGTATAGGGC-1,Erythroid,Erythroid
GGCAGTCTCGGTAAGG-1,Erythroid,Erythroid
GGCAGTCTCTTACTGT-1,"B_cells,0",B_cells
GGCGTCAAGCGTGTTT-1,Erythroid,Erythroid
GGCGTCACACAGTACT-1,Erythroid,Erythroid
GGCGTCACACTTGTGA-1,Erythroid,Erythroid
GGCGTCACAGTGTGGA-1,"B_cells,0",B_cells
GGCGTCACATCATTGG-1,Erythroid,Erythroid
GGCGTCAGTGCACATT-1,Immune_mixed,Immune_mixed
GGCGTCAGTGCGACAA-1,Immune_mixed,Immune_mixed
GGCGTCATCAAGATAG-1,Immune_mixed,Immune_mixed
GGCGTCATCCACGGGT-1,Immune_mixed,Immune_mixed
GGCTGTGAGAAGCTGC-1,"B_cells,0",B_cells
GGCTGTGAGTGAATAC-1,Immune_mixed,Immune_mixed
GGCTGTGCAGTTGCGC-1,"B_cells,0",B_cells
GGCTGTGGTCAGTTTG-1,Immune_mixed,Immune_mixed
GGCTTGGAGAGAATCT-1,"B_cells,0",B_cells
GGCTTGGAGGTTCCGC-1,Erythroid,Erythroid
GGCTTGGAGGTTGCCC-1,Immune_mixed,Immune_mixed
GGCTTGGCAGTCAACT-1,Erythroid,Erythroid
GGCTTGGGTATGAAAC-1,Erythroid,Erythroid
GGCTTGGGTATGTCTG-1,Immune_mixed,Immune_mixed
GGCTTGGTCTACGCAA-1,Immune_mixed,Immune_mixed
GGCTTGGTCTCCGCAT-1,Immune_mixed,Immune_mixed
GGCTTTCAGCCGCACT-1,Immune_mixed,Immune_mixed
GGCTTTCAGCTAGATA-1,"B_cells,0",B_cells
GGCTTTCAGCTGTGCC-1,"B_cells,0",B_cells
GGCTTTCCACTATGTG-1,Immune_mixed,Immune_mixed
GGCTTTCCATCTATCT-1,Immune_mixed,Immune_mixed
GGCTTTCCATGGCCCA-1,Erythroid,Erythroid
GGCTTTCCATTGCTTT-1,Immune_mixed,Immune_mixed
GGCTTTCGTACGCTAT-1,Immune_mixed,Immune_mixed
GGCTTTCGTTCGAGCC-1,"B_cells,1",B_cells
GGCTTTCTCAGTCATG-1,Erythroid,Erythroid
GGCTTTCTCGGCCCAA-1,Erythroid,Erythroid
GGCTTTCTCGGTCATA-1,Immune_mixed,Immune_mixed
GGCTTTCTCGTAACTG-1,Erythroid,Erythroid
GGCTTTCTCTGTCCGT-1,Immune_mixed,Immune_mixed
GGGAAGTAGCCTGGAA-1,Immune_mixed,Immune_mixed
GGGAAGTAGGGCAACT-1,Erythroid,Erythroid
GGGAAGTAGGGTCAAC-1,Immune_mixed,Immune_mixed
GGGAAGTAGTAAACTG-1,Erythroid,Erythroid
GGGAAGTCACAGACGA-1,Erythroid,Erythroid
GGGAAGTGTCTGCGCA-1,Immune_mixed,Immune_mixed
GGGAAGTGTGAGCGAT-1,"B_cells,0",B_cells
GGGAAGTTCCTAAGTG-1,Immune_mixed,Immune_mixed
GGGACAAAGCATTGAA-1,Erythroid,Erythroid
GGGACAAAGCCTCCAG-1,Immune_mixed,Immune_mixed
GGGACAAAGGAGAATG-1,Immune_mixed,Immune_mixed
GGGACAACAACTACGT-1,Erythroid,Erythroid
GGGACAACAAGTGCAG-1,Immune_mixed,Immune_mixed
GGGACAACATCCTGTC-1,"B_cells,0",B_cells
GGGACAAGTAGCGTCC-1,Immune_mixed,Immune_mixed
GGGACAAGTCAACCTA-1,Immune_mixed,Immune_mixed
GGGACAAGTGGTGATG-1,Myeloid,Myeloid
GGGACAATCACCACAA-1,Immune_mixed,Immune_mixed
GGGACCTAGCATCCTA-1,Immune_mixed,Immune_mixed
GGGACCTAGGCTCTAT-1,Immune_mixed,Immune_mixed
GGGACCTAGGTCCTGC-1,Immune_mixed,Immune_mixed
GGGACCTCAAATCAAG-1,"B_cells,1",B_cells
GGGACCTGTGAACTAA-1,Immune_mixed,Immune_mixed
GGGACCTTCACCCTCA-1,Immune_mixed,Immune_mixed
GGGACCTTCATTACCT-1,Erythroid,Erythroid
GGGACCTTCCTATTGT-1,Immune_mixed,Immune_mixed
GGGACCTTCTGGGCGT-1,"B_cells,0",B_cells
GGGACTCAGCCTCCAG-1,Immune_mixed,Immune_mixed
GGGACTCAGGAAAGAC-1,"B_cells,0",B_cells
GGGACTCAGGTTTACC-1,Erythroid,Erythroid
GGGACTCCAGACAAGC-1,"B_cells,0",B_cells
GGGACTCGTCTTCGAA-1-1,Immune_mixed,Immune_mixed
GGGACTCGTGGAGAAA-1,Immune_mixed,Immune_mixed
GGGACTCGTGTCATTG-1,Immune_mixed,Immune_mixed
GGGACTCGTTATTCTC-1,Erythroid,Erythroid
GGGACTCGTTTGACAC-1,Erythroid,Erythroid
GGGAGATAGACATGCG-1,Erythroid,Erythroid
GGGAGATAGATCCGAG-1,Erythroid,Erythroid
GGGAGATAGCGCCGTT-1,Erythroid,Erythroid
GGGAGATAGGGAGGAC-1,Immune_mixed,Immune_mixed
GGGAGATAGGGCCTCT-1,Immune_mixed,Immune_mixed
GGGAGATAGGGCGAGA-1,Immune_mixed,Immune_mixed
GGGAGATCACCATAAC-1,Immune_mixed,Immune_mixed
GGGAGATCACTGGCGT-1,Immune_mixed,Immune_mixed
GGGAGATCACTTGAGT-1,Immune_mixed,Immune_mixed
GGGAGATGTACCGTGC-1,"B_cells,0",B_cells
GGGAGATGTACTTCCC-1,Immune_mixed,Immune_mixed
GGGAGATGTCGGATTT-1,Erythroid,Erythroid
GGGAGATTCATTCCTA-1,Erythroid,Erythroid
GGGAGATTCCGCTAGG-1,"B_cells,0",B_cells
GGGAGATTCTCCGATC-1,Immune_mixed,Immune_mixed
GGGAGATTCTTGGCTC-1,Immune_mixed,Immune_mixed
GGGAGTAAGATGCTAA-1,Erythroid,Erythroid
GGGAGTAAGCCTTTGA-1,Immune_mixed,Immune_mixed
GGGAGTAAGGAAAGTG-1,Erythroid,Erythroid
GGGAGTAAGTATAGAC-1,Immune_mixed,Immune_mixed
GGGAGTACAACCGACC-1,Immune_mixed,Immune_mixed
GGGAGTACAAGGCAAC-1,Immune_mixed,Immune_mixed
GGGAGTACAGCCTACG-1,Erythroid,Erythroid
GGGAGTACAGCTACAT-1,"B_cells,0",B_cells
GGGAGTAGTGTTAACC-1,Immune_mixed,Immune_mixed
GGGAGTAGTTCTAAGC-1,Erythroid,Erythroid
GGGAGTATCCATACTT-1,Myeloid,Myeloid
GGGAGTATCGTGCGAC-1,Immune_mixed,Immune_mixed
GGGAGTATCTTCACGC-1,Immune_mixed,Immune_mixed
GGGATCCAGCACTCCG-1,Myeloid,Myeloid
GGGATCCCACCTGATA-1,Immune_mixed,Immune_mixed
GGGATCCCATTGCTGA-1,Immune_mixed,Immune_mixed
GGGATCCGTGTTAGCT-1,Immune_mixed,Immune_mixed
GGGATCCTCAATCTTC-1,Erythroid,Erythroid
GGGATGAAGAGTCACG-1,"B_cells,0",B_cells
GGGATGAAGGCGATAC-1,Erythroid,Erythroid
GGGATGAAGGTCATAA-1,Immune_mixed,Immune_mixed
GGGATGAAGTAGACCG-1,Erythroid,Erythroid
GGGATGAAGTGCTACT-1,Immune_mixed,Immune_mixed
GGGATGACACTCTCGT-1,"B_cells,0",B_cells
GGGATGACACTGAATC-1,Erythroid,Erythroid
GGGATGAGTAACTGCT-1,"B_cells,0",B_cells
GGGATGATCATTCACT-1,Immune_mixed,Immune_mixed
GGGCCATAGAAACCAT-1,Immune_mixed,Immune_mixed
GGGCCATAGAATCGAT-1,Immune_mixed,Immune_mixed
GGGCCATAGGATACGC-1,Immune_mixed,Immune_mixed
GGGCCATCACAAATAG-1,Myeloid,Myeloid
GGGCCATCACACAGCC-1,Immune_mixed,Immune_mixed
GGGCCATCAGGTCTCG-1,Erythroid,Erythroid
GGGCCATGTACCTAGT-1,Erythroid,Erythroid
GGGCCATGTCAACATC-1,Immune_mixed,Immune_mixed
GGGCCATTCACTAGCA-1,Immune_mixed,Immune_mixed
GGGCCATTCTCATTAC-1,Immune_mixed,Immune_mixed
GGGCGTTAGCCAACCC-1,Immune_mixed,Immune_mixed
GGGCGTTCAGACGGAT-1,Immune_mixed,Immune_mixed
GGGCGTTGTCAACACT-1,Immune_mixed,Immune_mixed
GGGCGTTGTGCTGATT-1,Immune_mixed,Immune_mixed
GGGCGTTGTGTTAGCT-1,"B_cells,1",B_cells
GGGCGTTTCTGAGGCC-1,Immune_mixed,Immune_mixed
GGGCTACCACCAGTTA-1,Immune_mixed,Immune_mixed
GGGCTACCAGTTAGAA-1,Immune_mixed,Immune_mixed
GGGCTACTCCCTCTCC-1,Immune_mixed,Immune_mixed
GGGCTACTCCTGGGAC-1,Erythroid,Erythroid
GGGCTACTCTTTGATC-1,Immune_mixed,Immune_mixed
GGGCTCAAGTACAACA-1,Myeloid,Myeloid
GGGCTCACAACATCGT-1,Immune_mixed,Immune_mixed
GGGCTCACACGACAAG-1,Immune_mixed,Immune_mixed
GGGCTCACAGCAGTCC-1,Immune_mixed,Immune_mixed
GGGCTCACATACTGAC-1,Immune_mixed,Immune_mixed
GGGCTCAGTAGTCTGT-1,Immune_mixed,Immune_mixed
GGGCTCAGTATCCTTT-1,"B_cells,1",B_cells
GGGCTCATCCATCTAT-1,"B_cells,0",B_cells
GGGCTCATCCATTGTT-1,Myeloid,Myeloid
GGGTAGACAACTGAAA-1,Immune_mixed,Immune_mixed
GGGTAGACAGCTAACT-1,Immune_mixed,Immune_mixed
GGGTAGACAGTAGGAC-1,Immune_mixed,Immune_mixed
GGGTAGACATAATCGC-1,Immune_mixed,Immune_mixed
GGGTAGAGTCTACGTA-1,Immune_mixed,Immune_mixed
GGGTAGAGTGGACCAA-1,Immune_mixed,Immune_mixed
GGGTAGATCCTAGCCT-1,Immune_mixed,Immune_mixed
GGGTATTAGAATTGTG-1,Immune_mixed,Immune_mixed
GGGTATTAGATCCCAT-1,Immune_mixed,Immune_mixed
GGGTATTAGATGTTGA-1,Immune_mixed,Immune_mixed
GGGTATTAGGCAATGC-1,Erythroid,Erythroid
GGGTATTAGTATGCAA-1,Immune_mixed,Immune_mixed
GGGTATTAGTCTTCGA-1,Immune_mixed,Immune_mixed
GGGTATTCAAAGGATT-1,"B_cells,0",B_cells
GGGTATTCAAGAGAGA-1,Erythroid,Erythroid
GGGTATTGTAGGAAAG-1,Erythroid,Erythroid
GGGTATTGTATGGAAT-1,Myeloid,Myeloid
GGGTATTGTGTGCCTG-1,Immune_mixed,Immune_mixed
GGGTATTTCCAATGCA-1,Immune_mixed,Immune_mixed
GGGTATTTCCGGCTTT-1,Immune_mixed,Immune_mixed
GGGTATTTCCTCTCGA-1,"B_cells,1",B_cells
GGGTATTTCGCCAGTG-1,Immune_mixed,Immune_mixed
GGGTATTTCTTCACAT-1,Erythroid,Erythroid
GGGTATTTCTTCGCTG-1,Erythroid,Erythroid
GGGTCACAGCCTCTGG-1,Immune_mixed,Immune_mixed
GGGTCACAGTCACTAC-1,Immune_mixed,Immune_mixed
GGGTCACGTCTAGATC-1,Myeloid,Myeloid
GGGTCACGTGCATGAG-1,Immune_mixed,Immune_mixed
GGGTCACTCGCATAGT-1,Immune_mixed,Immune_mixed
GGGTCTGAGATTGATG-1,Immune_mixed,Immune_mixed
GGGTCTGAGCGTGTCC-1,Erythroid,Erythroid
GGGTCTGAGGTAAGAG-1,Immune_mixed,Immune_mixed
GGGTCTGCAACGGCCT-1,Immune_mixed,Immune_mixed
GGGTCTGCATCTCATT-1,Immune_mixed,Immune_mixed
GGGTCTGGTATCGTGT-1,Immune_mixed,Immune_mixed
GGGTCTGGTCGATGCC-1,Erythroid,Erythroid
GGGTCTGGTCTACGAT-1,Immune_mixed,Immune_mixed
GGGTCTGGTGCTTCAA-1,Immune_mixed,Immune_mixed
GGGTCTGGTGTATCCA-1,Myeloid,Myeloid
GGGTCTGGTGTCTTGA-1,Erythroid,Erythroid
GGGTCTGGTTATAGCC-1,Erythroid,Erythroid
GGGTCTGGTTGTAGCT-1,Erythroid,Erythroid
GGGTCTGTCCCGTTCA-1,Erythroid,Erythroid
GGGTCTGTCGCGTGCA-1,Immune_mixed,Immune_mixed
GGGTGAAAGAGCAGTC-1,Immune_mixed,Immune_mixed
GGGTGAAAGCTCCATA-1,Erythroid,Erythroid
GGGTGAACAACGGCTC-1,"B_cells,0",B_cells
GGGTGAAGTCGTTGGC-1,Myeloid,Myeloid
GGGTGAAGTTGCGAAG-1,Erythroid,Erythroid
GGGTGTCAGAACCGCA-1,Immune_mixed,Immune_mixed
GGGTGTCAGACATATG-1,Immune_mixed,Immune_mixed
GGGTGTCAGCGGATCA-1,Immune_mixed,Immune_mixed
GGGTGTCAGTCGCCCA-1,Erythroid,Erythroid
GGGTGTCGTAGGAGTC-1,Immune_mixed,Immune_mixed
GGGTGTCGTCTTGCGG-1,Immune_mixed,Immune_mixed
GGGTGTCTCAAACGTC-1,Erythroid,Erythroid
GGGTGTCTCAAGTGTC-1,Erythroid,Erythroid
GGGTGTCTCTAGTGAC-1,Immune_mixed,Immune_mixed
GGGTTATAGCGAGAAA-1,"B_cells,0",B_cells
GGGTTATCACCGGAAA-1,"B_cells,1",B_cells
GGGTTATCAGCACAGA-1,Immune_mixed,Immune_mixed
GGGTTATGTCTCTCTG-1,Myeloid,Myeloid
GGGTTATTCCCGAATA-1,Immune_mixed,Immune_mixed
GGGTTTAAGCCTCATA-1,Erythroid,Erythroid
GGGTTTAAGGTGCGAT-1,Immune_mixed,Immune_mixed
GGGTTTACAAAGCTAA-1,Immune_mixed,Immune_mixed
GGGTTTACAAAGTATG-1,Erythroid,Erythroid
GGGTTTACATGTGTCA-1,Erythroid,Erythroid
GGGTTTAGTAATGATG-1,Immune_mixed,Immune_mixed
GGGTTTAGTCGGTAAG-1,Erythroid,Erythroid
GGGTTTATCACTACGA-1,Immune_mixed,Immune_mixed
GGGTTTATCCTATGGA-1,Myeloid,Myeloid
GGGTTTATCGATCCAA-1,Erythroid,Erythroid
GGTAACTAGGGAGAAT-1,"B_cells,0",B_cells
GGTAACTAGTCAACAA-1,Immune_mixed,Immune_mixed
GGTAACTCACTGTCGG-1,"B_cells,0",B_cells
GGTAACTCAGAGTCTT-1,Immune_mixed,Immune_mixed
GGTAACTGTCGCGTCA-1,Erythroid,Erythroid
GGTAACTTCAGCATTG-1,Immune_mixed,Immune_mixed
GGTAACTTCCTTATGT-1,Immune_mixed,Immune_mixed
GGTAACTTCGACCATA-1,Erythroid,Erythroid
GGTAACTTCTGGTGCG-1,Immune_mixed,Immune_mixed
GGTAATCAGACCGTTT-1,Erythroid,Erythroid
GGTAATCAGGTTGGTG-1,Immune_mixed,Immune_mixed
GGTAATCAGTCTGTAC-1,Immune_mixed,Immune_mixed
GGTAATCCAGACATCT-1,Immune_mixed,Immune_mixed
GGTAATCGTAGGTTTC-1,Erythroid,Erythroid
GGTAATCGTGTTCGTA-1,Immune_mixed,Immune_mixed
GGTAATCGTTCTCAGA-1,Immune_mixed,Immune_mixed
GGTAATCTCACCGGTG-1,Immune_mixed,Immune_mixed
GGTAATCTCCACCCTA-1,Erythroid,Erythroid
GGTAATCTCTAGCAAC-1,"B_cells,0",B_cells
GGTAATCTCTGAGAAA-1,"B_cells,1",B_cells
GGTAATCTCTTAATCC-1,Immune_mixed,Immune_mixed
GGTAGAGAGAAACTGT-1,Immune_mixed,Immune_mixed
GGTAGAGAGCCAAGGT-1,Immune_mixed,Immune_mixed
GGTAGAGAGCGTGAGT-1,Immune_mixed,Immune_mixed
GGTAGAGCACATACGT-1,Immune_mixed,Immune_mixed
GGTAGAGCACCTTCGT-1,"B_cells,1",B_cells
GGTAGAGGTAACGTTC-1,Immune_mixed,Immune_mixed
GGTAGAGGTCAACCAT-1,Erythroid,Erythroid
GGTAGAGTCCATCCGT-1,Immune_mixed,Immune_mixed
GGTCACGAGGCGCTCT-1,Erythroid,Erythroid
GGTCACGGTGGACTGA-1,Erythroid,Erythroid
GGTCACGGTTCAAGGG-1,Immune_mixed,Immune_mixed
GGTCACGTCACTCGAA-1,Immune_mixed,Immune_mixed
GGTCACGTCAGCATTG-1,Immune_mixed,Immune_mixed
GGTCACGTCCCGAATA-1,Immune_mixed,Immune_mixed
GGTCTGGAGAAGCCTG-1,"B_cells,0",B_cells
GGTCTGGAGATGGTAT-1,Immune_mixed,Immune_mixed
GGTCTGGAGGGTTAGC-1,Immune_mixed,Immune_mixed
GGTCTGGCAATGCAAA-1,Erythroid,Erythroid
GGTCTGGGTCGTTGCG-1,Immune_mixed,Immune_mixed
GGTCTGGGTGGTGATG-1,Immune_mixed,Immune_mixed
GGTCTGGTCAATCGGT-1,Immune_mixed,Immune_mixed
GGTGAAGAGCACCGTC-1,Myeloid,Myeloid
GGTGAAGGTATTGGCT-1,"B_cells,0",B_cells
GGTGAAGGTCTAGGCC-1,Immune_mixed,Immune_mixed
GGTGAAGGTCTTCATT-1,Immune_mixed,Immune_mixed
GGTGAAGGTGGCTACC-1,Immune_mixed,Immune_mixed
GGTGAAGTCCCGTGTT-1,Myeloid,Myeloid
GGTGAAGTCCGTAGGC-1,Immune_mixed,Immune_mixed
GGTGATTAGTGGACGT-1,Immune_mixed,Immune_mixed
GGTGATTCACACAGCC-1,Immune_mixed,Immune_mixed
GGTGATTCACTCAGAT-1,Immune_mixed,Immune_mixed
GGTGATTCAGGACAGT-1,"B_cells,0",B_cells
GGTGATTCATAAGCAA-1,Immune_mixed,Immune_mixed
GGTGATTGTACTCAAC-1,Immune_mixed,Immune_mixed
GGTGATTGTATCACCA-1,Immune_mixed,Immune_mixed
GGTGATTGTATCCTTT-1,Immune_mixed,Immune_mixed
GGTGATTTCCCAATAG-1,Immune_mixed,Immune_mixed
GGTGATTTCGACGCTG-1,Erythroid,Erythroid
GGTGATTTCGTTACCC-1,Immune_mixed,Immune_mixed
GGTGGCTAGCTAAACA-1,Immune_mixed,Immune_mixed
GGTGGCTAGTTCATCG-1,Myeloid,Myeloid
GGTGGCTCAACGACAG-1,"B_cells,1",B_cells
GGTGGCTCACCGAATT-1,Immune_mixed,Immune_mixed
GGTGGCTCAGAAGTTA-1,Myeloid,Myeloid
GGTGGCTCAGGCATTT-1,Immune_mixed,Immune_mixed
GGTGGCTGTTCGTTCC-1,Immune_mixed,Immune_mixed
GGTGGCTGTTTCGATG-1,Immune_mixed,Immune_mixed
GGTGTCGAGAGGCGTT-1,Immune_mixed,Immune_mixed
GGTGTCGAGTTGAAGT-1,Immune_mixed,Immune_mixed
GGTGTCGCAGGCCTGT-1,Myeloid,Myeloid
GGTGTCGGTACAACGG-1,Immune_mixed,Immune_mixed
GGTGTCGGTACCCGAC-1,Erythroid,Erythroid
GGTGTCGGTCATGGCC-1,Immune_mixed,Immune_mixed
GGTGTCGTCCGATGCG-1,Immune_mixed,Immune_mixed
GGTGTCGTCCTATTGT-1,Myeloid,Myeloid
GGTGTCGTCTGCTTAT-1,"B_cells,1",B_cells
GGTGTTAAGCCTATTG-1,Immune_mixed,Immune_mixed
GGTGTTAAGTCACGCC-1,"B_cells,0",B_cells
GGTGTTACAGTAACAA-1,Erythroid,Erythroid
GGTGTTACATGACGGA-1,Immune_mixed,Immune_mixed
GGTGTTAGTCGCGTCA-1,Immune_mixed,Immune_mixed
GGTGTTAGTTCTCTCG-1,Erythroid,Erythroid
GGTGTTATCGAGAAAT-1,Immune_mixed,Immune_mixed
GGTGTTATCTTGGAAC-1,Immune_mixed,Immune_mixed
GGTTAACAGGCATGGT-1,"B_cells,1",B_cells
GGTTAACAGGGAGGGT-1,Immune_mixed,Immune_mixed
GGTTAACCACCTATCC-1,"B_cells,1",B_cells
GGTTAACTCAAACTGC-1,Erythroid,Erythroid
GGTTAACTCAGAACCT-1,Erythroid,Erythroid
GGTTAACTCTTAGCTT-1,Immune_mixed,Immune_mixed
GGTTCTCAGCGAGAAA-1,Immune_mixed,Immune_mixed
GGTTCTCAGTAACCGG-1,"B_cells,0",B_cells
GGTTCTCTCGACATTG-1,Immune_mixed,Immune_mixed
GGTTCTCTCTCTATAC-1,Erythroid,Erythroid
GGTTCTCTCTGGCCTT-1,Erythroid,Erythroid
GGTTCTCTCTGTGCGG-1,Immune_mixed,Immune_mixed
GGTTGTAAGAAGGGAT-1,Erythroid,Erythroid
GGTTGTAAGCATCGAG-1,Myeloid,Myeloid
GGTTGTAAGGAATTAC-1,"B_cells,0",B_cells
GGTTGTACAACACTAC-1,Erythroid,Erythroid
GGTTGTACAGACCGCT-1,Immune_mixed,Immune_mixed
GGTTGTACATAATGCC-1,Immune_mixed,Immune_mixed
GGTTGTACATCGAGCC-1,Immune_mixed,Immune_mixed
GGTTGTAGTAGACACG-1,Immune_mixed,Immune_mixed
GGTTGTAGTGGCCACT-1,Immune_mixed,Immune_mixed
GGTTGTAGTGTCTTGA-1,Immune_mixed,Immune_mixed
GGTTGTAGTTACACTG-1,Erythroid,Erythroid
GGTTGTAGTTGACGGA-1,Immune_mixed,Immune_mixed
GGTTGTATCCCAAGCG-1,Myeloid,Myeloid
GGTTGTATCCCGTTCA-1,Immune_mixed,Immune_mixed
GTAACACGTACTGTTG-1,Immune_mixed,Immune_mixed
GTAACACTCTTGCGCT-1,Immune_mixed,Immune_mixed
GTAACCAAGTCCCAGC-1,Immune_mixed,Immune_mixed
GTAACCACACTTCAAG-1,Immune_mixed,Immune_mixed
GTAACCACATGACACT-1,Immune_mixed,Immune_mixed
GTAACCACATGACTCA-1,Immune_mixed,Immune_mixed
GTAACCATCGGAGTGA-1,Erythroid,Erythroid
GTAACCATCTGGAGAG-1,Immune_mixed,Immune_mixed
GTAAGTCAGAGTCAGC-1,Immune_mixed,Immune_mixed
GTAAGTCAGCATTGTC-1,Immune_mixed,Immune_mixed
GTAAGTCAGGATGAGA-1,Immune_mixed,Immune_mixed
GTAAGTCGTACGATGG-1,Erythroid,Erythroid
GTAAGTCGTATGTCCA-1,Immune_mixed,Immune_mixed
GTAAGTCGTGCTCGTG-1,"B_cells,0",B_cells
GTAAGTCGTGGATACG-1,Immune_mixed,Immune_mixed
GTAAGTCGTGGTGATG-1,Erythroid,Erythroid
GTAAGTCTCCCGAATA-1,Erythroid,Erythroid
GTAATCGAGCAGGTCA-1,Immune_mixed,Immune_mixed
GTAATCGAGTAATCCC-1,Erythroid,Erythroid
GTAATCGAGTATTGCC-1,Myeloid,Myeloid
GTAATCGCACAACGAG-1,Immune_mixed,Immune_mixed
GTAATCGCATTGACCA-1,Immune_mixed,Immune_mixed
GTAATCGGTACTTGTG-1,Erythroid,Erythroid
GTAATCGTCCCGAGTG-1,Immune_mixed,Immune_mixed
GTAATCGTCCGATCTC-1,Immune_mixed,Immune_mixed
GTAATCGTCCTATTGT-1,"B_cells,1",B_cells
GTAATCGTCGAAGTGG-1,"B_cells,0",B_cells
GTAATCGTCTAAACGC-1,Immune_mixed,Immune_mixed
GTAATGCAGAGAAGGT-1,Myeloid,Myeloid
GTAATGCAGAGTCAGC-1,Erythroid,Erythroid
GTAATGCAGATGGCGT-1,Immune_mixed,Immune_mixed
GTAATGCAGCCATATC-1,Immune_mixed,Immune_mixed
GTAATGCAGTACCCTA-1,Immune_mixed,Immune_mixed
GTAATGCAGTGAGTGC-1,Immune_mixed,Immune_mixed
GTAATGCAGTGCCGAA-1,Erythroid,Erythroid
GTAATGCCACACGGAA-1,Immune_mixed,Immune_mixed
GTAATGCCATCCCACT-1,"B_cells,0",B_cells
GTAATGCGTAGTCACT-1,Erythroid,Erythroid
GTAATGCGTCAAATCC-1,Immune_mixed,Immune_mixed
GTACAACAGATAGCAT-1,Immune_mixed,Immune_mixed
GTACAACAGCATCTTG-1,Immune_mixed,Immune_mixed
GTACAACCACCGTCTT-1,Erythroid,Erythroid
GTACAACGTGAGTCAG-1,Immune_mixed,Immune_mixed
GTACAACGTTCACGAT-1,Immune_mixed,Immune_mixed
GTACAACTCGAGAATA-1,"B_cells,0",B_cells
GTACAACTCTAAGCCA-1,Erythroid,Erythroid
GTACAGTAGGTATAGT-1,Immune_mixed,Immune_mixed
GTACAGTCACGGGCTT-1,Immune_mixed,Immune_mixed
GTACAGTCATACCAGT-1,Immune_mixed,Immune_mixed
GTACAGTGTACAGAAT-1,Erythroid,Erythroid
GTACAGTGTACCCGCA-1,Immune_mixed,Immune_mixed
GTACAGTGTATCACGT-1,Immune_mixed,Immune_mixed
GTACAGTGTCTCCTGT-1,Immune_mixed,Immune_mixed
GTACAGTTCAATCCAG-1,"B_cells,0",B_cells
GTACAGTTCCCAACTC-1,Immune_mixed,Immune_mixed
GTACAGTTCCGGTAAT-1,Erythroid,Erythroid
GTACAGTTCGATACGT-1,Immune_mixed,Immune_mixed
GTACAGTTCTTGATTC-1,Erythroid,Erythroid
GTAGAAACAGCCATTA-1,Erythroid,Erythroid
GTAGAAACATAGGCGA-1,Immune_mixed,Immune_mixed
GTAGAAACATGGTGGA-1,Immune_mixed,Immune_mixed
GTAGAAAGTAGTGCGA-1,Immune_mixed,Immune_mixed
GTAGAAAGTTAAGTCC-1,Immune_mixed,Immune_mixed
GTAGAAATCCTATTGT-1,Immune_mixed,Immune_mixed
GTAGAAATCGACCCAG-1,"B_cells,0",B_cells
GTAGAAATCTAGTTCT-1,Immune_mixed,Immune_mixed
GTAGAGGAGAAAGCGA-1,Erythroid,Erythroid
GTAGAGGAGATCGCTT-1,Immune_mixed,Immune_mixed
GTAGAGGAGGTGCAGT-1,Immune_mixed,Immune_mixed
GTAGAGGAGGTGCGAT-1,Immune_mixed,Immune_mixed
GTAGAGGAGTTGTAAG-1,Immune_mixed,Immune_mixed
GTAGAGGGTCAAGTTC-1,Myeloid,Myeloid
GTAGAGGGTGCGGCTT-1,Erythroid,Erythroid
GTAGAGGTCCCAGTGG-1,Immune_mixed,Immune_mixed
GTAGAGGTCCTGGGAC-1,"B_cells,1",B_cells
GTAGAGGTCGTCTCAC-1,Erythroid,Erythroid
GTAGAGGTCTTGATTC-1,Erythroid,Erythroid
GTAGATCCAAGCGGAT-1,Immune_mixed,Immune_mixed
GTAGATCGTATACCTG-1,Immune_mixed,Immune_mixed
GTAGATCGTTTAGAGA-1,Immune_mixed,Immune_mixed
GTAGATCTCTGTCGTC-1,Immune_mixed,Immune_mixed
GTAGCTAAGACATCAA-1,Immune_mixed,Immune_mixed
GTAGCTAAGGATGCGT-1,Erythroid,Erythroid
GTAGCTAAGTATGCAA-1,Immune_mixed,Immune_mixed
GTAGCTAAGTTGAAGT-1,Immune_mixed,Immune_mixed
GTAGCTACAAAGGCGT-1,"B_cells,0",B_cells
GTAGCTACAATTGAGA-1,Immune_mixed,Immune_mixed
GTAGCTACATCCAATG-1,Immune_mixed,Immune_mixed
GTAGCTAGTGGTGATG-1,Erythroid,Erythroid
GTAGCTAGTGTGACCC-1,Erythroid,Erythroid
GTAGCTATCAACTGAC-1,Immune_mixed,Immune_mixed
GTAGCTATCCCGAGTG-1,Immune_mixed,Immune_mixed
GTAGCTATCCGGACGT-1,Immune_mixed,Immune_mixed
GTAGCTATCTATTCGT-1,Immune_mixed,Immune_mixed
GTAGCTATCTGCTTTA-1,Erythroid,Erythroid
GTAGGAGAGTCAACAA-1,Immune_mixed,Immune_mixed
GTAGGAGCAATACCCA-1,"B_cells,1",B_cells
GTAGGAGCATTCTCTA-1,Immune_mixed,Immune_mixed
GTAGGAGGTAACGTTC-1,Immune_mixed,Immune_mixed
GTAGGAGGTATGATCC-1,Immune_mixed,Immune_mixed
GTAGGAGTCATAGACC-1,Immune_mixed,Immune_mixed
GTAGGAGTCGCTTAAG-1,Immune_mixed,Immune_mixed
GTAGGTTAGAGAGGTA-1,Immune_mixed,Immune_mixed
GTAGGTTCAGATGCGA-1,Immune_mixed,Immune_mixed
GTAGGTTCATCACCAA-1,Immune_mixed,Immune_mixed
GTAGGTTGTATGCAAA-1,Erythroid,Erythroid
GTAGGTTGTCCATCTC-1,Immune_mixed,Immune_mixed
GTAGGTTTCGTAACTG-1,Immune_mixed,Immune_mixed
GTAGTACAGACGCATG-1,Erythroid,Erythroid
GTAGTACAGCAGCCTC-1,Immune_mixed,Immune_mixed
GTAGTACAGCTACTAC-1,Immune_mixed,Immune_mixed
GTAGTACCAACCGTAT-1,Immune_mixed,Immune_mixed
GTAGTACGTAGAGATT-1,Immune_mixed,Immune_mixed
GTAGTACGTATCGGTT-1,"B_cells,0",B_cells
GTAGTACTCAACGTGT-1,Immune_mixed,Immune_mixed
GTAGTACTCGGTAACT-1,Immune_mixed,Immune_mixed
GTAGTACTCTTCTTCC-1,Immune_mixed,Immune_mixed
GTATTGGAGCAATTAG-1,Immune_mixed,Immune_mixed
GTATTGGAGCACAAAT-1,Immune_mixed,Immune_mixed
GTATTGGAGCACTTTG-1,Immune_mixed,Immune_mixed
GTATTGGAGTCACAGG-1,Immune_mixed,Immune_mixed
GTATTGGCAACCAATC-1,Erythroid,Erythroid
GTATTGGCAATCGCCG-1,Immune_mixed,Immune_mixed
GTATTGGCACAAATCC-1,Erythroid,Erythroid
GTATTGGCAGGCTACC-1,Erythroid,Erythroid
GTATTGGGTCGGCACT-1,Immune_mixed,Immune_mixed
GTATTGGGTGGCTACC-1,Erythroid,Erythroid
GTATTGGTCGCCTCTA-1,Immune_mixed,Immune_mixed
GTATTGGTCTCATGGA-1,Immune_mixed,Immune_mixed
GTATTTCAGACCAGAC-1,Erythroid,Erythroid
GTATTTCAGTCATGGG-1,Immune_mixed,Immune_mixed
GTATTTCCACGTAGAG-1,Immune_mixed,Immune_mixed
GTATTTCCAGCTGCCA-1,"B_cells,0",B_cells
GTATTTCCATCTCCCA-1,Immune_mixed,Immune_mixed
GTATTTCTCCTATTGT-1,Immune_mixed,Immune_mixed
GTCAAACAGAAGTCAT-1,Immune_mixed,Immune_mixed
GTCAAACAGACTACCT-1,Erythroid,Erythroid
GTCAAACAGGCCATAG-1,Erythroid,Erythroid
GTCAAACCAGTAGTTC-1,Immune_mixed,Immune_mixed
GTCAAACTCGGAATGG-1,Immune_mixed,Immune_mixed
GTCAAGTAGCCAAGTG-1,Immune_mixed,Immune_mixed
GTCAAGTAGGCATGGT-1,Immune_mixed,Immune_mixed
GTCAAGTCACAGCCTG-1,Myeloid,Myeloid
GTCAAGTCACGGTGTC-1,Erythroid,Erythroid
GTCAAGTCACTTACAG-1,Immune_mixed,Immune_mixed
GTCAAGTGTCACTCGG-1,"B_cells,1",B_cells
GTCAAGTGTCTCCCTA-1,"B_cells,0",B_cells
GTCAAGTGTCTTGAAC-1,Erythroid,Erythroid
GTCAAGTTCCTTCAGC-1,Erythroid,Erythroid
GTCAAGTTCTGGTCAA-1,Immune_mixed,Immune_mixed
GTCACGGAGGATAATC-1,Erythroid,Erythroid
GTCACGGCAGTAACCT-1,Immune_mixed,Immune_mixed
GTCACGGGTAATACCC-1,Erythroid,Erythroid
GTCACGGGTGAGCCAA-1,Immune_mixed,Immune_mixed
GTCACTCAGTGGACTG-1,"B_cells,1",B_cells
GTCACTCGTATCTCTT-1,Immune_mixed,Immune_mixed
GTCACTCGTGAGAACC-1,Immune_mixed,Immune_mixed
GTCACTCGTGAGGAAA-1,Immune_mixed,Immune_mixed
GTCACTCGTTACCTGA-1,Immune_mixed,Immune_mixed
GTCACTCTCCACGGAC-1,Immune_mixed,Immune_mixed
GTCACTCTCCTACCAC-1,Immune_mixed,Immune_mixed
GTCACTCTCGTTCTGC-1,Erythroid,Erythroid
GTCAGCGAGAATCGTA-1,Immune_mixed,Immune_mixed
GTCAGCGAGAATTCAG-1,Immune_mixed,Immune_mixed
GTCAGCGAGACTACCT-1,Immune_mixed,Immune_mixed
GTCAGCGAGCTCTATG-1,Immune_mixed,Immune_mixed
GTCAGCGCAGTTCTAG-1,"B_cells,0",B_cells
GTCAGCGCATGGCGCT-1,Immune_mixed,Immune_mixed
GTCAGCGTCCCTTTGG-1,Immune_mixed,Immune_mixed
GTCAGCGTCGAGCCAC-1,"B_cells,0",B_cells
GTCATCCAGACAACAT-1,Erythroid,Erythroid
GTCATCCAGCACGATG-1,Myeloid,Myeloid
GTCATCCAGTCGGGAT-1,Erythroid,Erythroid
GTCATCCAGTTGTAGA-1,Erythroid,Erythroid
GTCATCCCAAATGCGG-1,Immune_mixed,Immune_mixed
GTCATCCGTTCGGCGT-1,Myeloid,Myeloid
GTCATCCTCACTCTTA-1,Erythroid,Erythroid
GTCATCCTCCTTACCG-1,Erythroid,Erythroid
GTCATCCTCGGTCAGC-1,Immune_mixed,Immune_mixed
GTCATGAAGTACTGTC-1,Erythroid,Erythroid
GTCATGAAGTGTCATC-1,Immune_mixed,Immune_mixed
GTCATGACAAGACCTT-1,Immune_mixed,Immune_mixed
GTCATGACAATGCTCA-1,Myeloid,Myeloid
GTCATGACAATGGCCC-1,Immune_mixed,Immune_mixed
GTCATGACAGTCGCTG-1,"B_cells,0",B_cells
GTCATGACATATCTCT-1,"B_cells,1",B_cells
GTCATGAGTACGAGTG-1,Immune_mixed,Immune_mixed
GTCATGAGTACTAAGA-1,Immune_mixed,Immune_mixed
GTCATGAGTGCAATAA-1,Immune_mixed,Immune_mixed
GTCATGAGTGTAAATG-1,"B_cells,0",B_cells
GTCATTTAGCATATGA-1,Immune_mixed,Immune_mixed
GTCATTTAGGCGCTCT-1,Immune_mixed,Immune_mixed
GTCATTTCACCGTGAC-1,Erythroid,Erythroid
GTCATTTGTCGGCTAC-1,Erythroid,Erythroid
GTCATTTGTGACTGAG-1,Immune_mixed,Immune_mixed
GTCATTTGTGGGAGAG-1,"B_cells,1",B_cells
GTCATTTGTGTGTCGC-1,Myeloid,Myeloid
GTCATTTTCATCGACA-1,Erythroid,Erythroid
GTCCACTAGCGCGTTC-1,Erythroid,Erythroid
GTCCACTAGGAGAATG-1,Immune_mixed,Immune_mixed
GTCCACTAGGTGCTGA-1,Immune_mixed,Immune_mixed
GTCCACTCAATACCCA-1,Erythroid,Erythroid
GTCCACTCAATTGGTC-1,Immune_mixed,Immune_mixed
GTCCACTCACAACGAG-1,Immune_mixed,Immune_mixed
GTCCACTCACGCAAAG-1,Immune_mixed,Immune_mixed
GTCCACTGTCTTGAGT-1,Immune_mixed,Immune_mixed
GTCCACTTCATTATCC-1,Immune_mixed,Immune_mixed
GTCCACTTCGCAGTGC-1,Immune_mixed,Immune_mixed
GTCCACTTCGCCTAGG-1,Immune_mixed,Immune_mixed
GTCCACTTCTCGACCT-1,Myeloid,Myeloid
GTCCCATCAAGAGATT-1,Immune_mixed,Immune_mixed
GTCCCATCAGATACTC-1,"B_cells,0",B_cells
GTCCCATCAGATTCGT-1,Immune_mixed,Immune_mixed
GTCCCATGTAGTCACT-1,Immune_mixed,Immune_mixed
GTCCCATTCTTCTCAA-1,Immune_mixed,Immune_mixed
GTCCTCAAGAAACTCA-1,Immune_mixed,Immune_mixed
GTCCTCAAGCCTTTCC-1,Erythroid,Erythroid
GTCCTCAAGGGCAGAG-1,Immune_mixed,Immune_mixed
GTCCTCACAACGATCT-1,Erythroid,Erythroid
GTCCTCACAACGGTAG-1,"B_cells,0",B_cells
GTCCTCACAGAGGTAC-1,"B_cells,0",B_cells
GTCCTCAGTACAGCGA-1,Myeloid,Myeloid
GTCCTCAGTCAGTTTG-1,Immune_mixed,Immune_mixed
GTCCTCAGTCTTGCGG-1,Erythroid,Erythroid
GTCCTCAGTGCAGGAT-1,Immune_mixed,Immune_mixed
GTCCTCAGTTATGTCG-1,"B_cells,0",B_cells
GTCCTCATCGCAGTGC-1,Erythroid,Erythroid
GTCCTCATCTAAACGC-1,Immune_mixed,Immune_mixed
GTCGAATAGCTAGAAT-1,Immune_mixed,Immune_mixed
GTCGAATAGGCATTTC-1,Immune_mixed,Immune_mixed
GTCGAATCACCTAAAC-1,Immune_mixed,Immune_mixed
GTCGAATCACTACAGT-1,Immune_mixed,Immune_mixed
GTCGAATCAGGCATTT-1,Immune_mixed,Immune_mixed
GTCGAATCATTGCCTC-1,Myeloid,Myeloid
GTCGAATGTCGTCATA-1,Immune_mixed,Immune_mixed
GTCGAATGTGTTCGAT-1,Immune_mixed,Immune_mixed
GTCGAATTCAAGCTTG-1,Erythroid,Erythroid
GTCGAATTCATGTCTT-1,Immune_mixed,Immune_mixed
GTCGAATTCGCATTGA-1,Immune_mixed,Immune_mixed
GTCGAATTCGGCTGGT-1,Erythroid,Erythroid
GTCGCGAAGAACTTCC-1,Erythroid,Erythroid
GTCGCGAAGACTCAAA-1,Immune_mixed,Immune_mixed
GTCGCGACAATCCTTT-1,"B_cells,0",B_cells
GTCGCGACATGACTAC-1,Immune_mixed,Immune_mixed
GTCGCGACATTCCTCG-1,Immune_mixed,Immune_mixed
GTCGCGAGTCTACACA-1,Immune_mixed,Immune_mixed
GTCGCGATCACGATCA-1,Erythroid,Erythroid
GTCGCGATCAGAGTTC-1,Immune_mixed,Immune_mixed
GTCGCGATCCAGTGTA-1,Immune_mixed,Immune_mixed
GTCGCGATCCCAAGTA-1,Immune_mixed,Immune_mixed
GTCGCGATCCGAGCTG-1,Immune_mixed,Immune_mixed
GTCGCGATCGCTGTCT-1,Immune_mixed,Immune_mixed
GTCGCGATCGTCAACA-1,Immune_mixed,Immune_mixed
GTCGCGATCTGTCGCT-1,Immune_mixed,Immune_mixed
GTCGTAAAGACCAACG-1,"B_cells,1",B_cells
GTCGTAACAGCAGACA-1,Immune_mixed,Immune_mixed
GTCGTAACATCCGAAT-1,Immune_mixed,Immune_mixed
GTCGTAACATGGAGAC-1,Immune_mixed,Immune_mixed
GTCGTAACATGTAACC-1,Immune_mixed,Immune_mixed
GTCGTAAGTACGGATG-1,Myeloid,Myeloid
GTCGTAAGTGAGATCG-1,Immune_mixed,Immune_mixed
GTCGTAATCACGTAGT-1,Myeloid,Myeloid
GTCGTAATCAGCCCAG-1,Immune_mixed,Immune_mixed
GTCGTAATCTACGCAA-1,Immune_mixed,Immune_mixed
GTCGTAATCTTCGATT-1,Immune_mixed,Immune_mixed
GTCGTTCAGCAAGTGC-1,Immune_mixed,Immune_mixed
GTCGTTCAGGCTTAGG-1,Erythroid,Erythroid
GTCGTTCAGTATGGCG-1,Myeloid,Myeloid
GTCGTTCAGTTGTACC-1,Myeloid,Myeloid
GTCGTTCCAACGGGTA-1,"B_cells,0",B_cells
GTCGTTCCAAGGGTCA-1,Immune_mixed,Immune_mixed
GTCGTTCCAGGACTAG-1,Erythroid,Erythroid
GTCGTTCGTCTTTCAT-1,Myeloid,Myeloid
GTCGTTCTCAACCTCC-1,Immune_mixed,Immune_mixed
GTCGTTCTCACCTACC-1,Myeloid,Myeloid
GTCGTTCTCACGGGAA-1,Immune_mixed,Immune_mixed
GTCGTTCTCCAAGGGA-1,Erythroid,Erythroid
GTCGTTCTCCCTAGGG-1,Myeloid,Myeloid
GTCGTTCTCGCGGACT-1,Immune_mixed,Immune_mixed
GTCGTTCTCTGCGGGT-1,Erythroid,Erythroid
GTCTACCAGCCTGAAG-1,Erythroid,Erythroid
GTCTACCAGCGAACTG-1,"B_cells,0",B_cells
GTCTACCAGGGAGGCA-1,"B_cells,0",B_cells
GTCTACCCATGAAAGT-1,Erythroid,Erythroid
GTCTACCGTAGGAAAG-1,Myeloid,Myeloid
GTCTACCGTATGCTTG-1,Immune_mixed,Immune_mixed
GTCTACCGTGGCCTCA-1,Immune_mixed,Immune_mixed
GTCTACCGTTATGACC-1,Immune_mixed,Immune_mixed
GTCTACCTCACAAGAA-1,Immune_mixed,Immune_mixed
GTCTACCTCAGAATAG-1,Erythroid,Erythroid
GTCTACCTCCAAGAGG-1,Myeloid,Myeloid
GTCTAGAAGCAATTCC-1,Erythroid,Erythroid
GTCTAGACACCAGCGT-1,"B_cells,0",B_cells
GTCTAGACAGAGGTTG-1,Immune_mixed,Immune_mixed
GTCTAGACAGGACGAT-1,Immune_mixed,Immune_mixed
GTCTAGAGTACGAGTG-1,Erythroid,Erythroid
GTCTAGAGTATGTCCA-1,Immune_mixed,Immune_mixed
GTCTAGAGTGCTTCAA-1,Immune_mixed,Immune_mixed
GTCTAGAGTGTCTAAC-1,Immune_mixed,Immune_mixed
GTCTAGATCACAAGAA-1,Erythroid,Erythroid
GTCTAGATCGCTAATG-1,Erythroid,Erythroid
GTCTAGATCGTCTAAG-1,"B_cells,0",B_cells
GTCTAGATCTTTCTAG-1,Erythroid,Erythroid
GTCTCACAGAGGCTGT-1,Immune_mixed,Immune_mixed
GTCTCACAGGAAGTAG-1,Immune_mixed,Immune_mixed
GTCTCACAGGTGATCG-1,Immune_mixed,Immune_mixed
GTCTCACCACAGCTGC-1,Immune_mixed,Immune_mixed
GTCTCACGTGGGCTTC-1,Myeloid,Myeloid
GTCTCACTCGCCTATC-1,Erythroid,Erythroid
GTCTCACTCTCGCTTG-1,Immune_mixed,Immune_mixed
GTCTGTCAGTTTGCTG-1,Myeloid,Myeloid
GTCTGTCCAGAAATCA-1,Immune_mixed,Immune_mixed
GTCTGTCCAGTTGTCA-1,Immune_mixed,Immune_mixed
GTCTGTCCATAGGAGC-1,Immune_mixed,Immune_mixed
GTCTGTCGTAACATCC-1,Immune_mixed,Immune_mixed
GTCTGTCGTCACTGAT-1,Immune_mixed,Immune_mixed
GTCTGTCGTGGCATCC-1,Erythroid,Erythroid
GTCTGTCGTTATTCCT-1,Myeloid,Myeloid
GTCTGTCTCCAGTGCG-1,Immune_mixed,Immune_mixed
GTCTGTCTCCTTCTAA-1,Immune_mixed,Immune_mixed
GTCTGTCTCTTAGCCC-1,Immune_mixed,Immune_mixed
GTCTTTAAGCCATATC-1,Immune_mixed,Immune_mixed
GTCTTTAAGCTGCCAC-1,Immune_mixed,Immune_mixed
GTCTTTAGTAGGGAGG-1,"B_cells,0",B_cells
GTCTTTAGTCAAGCCC-1,Immune_mixed,Immune_mixed
GTCTTTAGTTAAGGAT-1,Immune_mixed,Immune_mixed
GTCTTTAGTTATGACC-1,Immune_mixed,Immune_mixed
GTCTTTAGTTGCCGAC-1,Erythroid,Erythroid
GTGACGCAGACCGTTT-1,Immune_mixed,Immune_mixed
GTGACGCAGATAGCAT-1,Immune_mixed,Immune_mixed
GTGACGCAGGATCACG-1,Immune_mixed,Immune_mixed
GTGACGCAGTTGGACG-1,Immune_mixed,Immune_mixed
GTGACGCCACTTCCTG-1,"B_cells,1",B_cells
GTGACGCCATCTTAGG-1,Myeloid,Myeloid
GTGACGCCATGGCCAC-1,Myeloid,Myeloid
GTGACGCGTTGGGACA-1,Immune_mixed,Immune_mixed
GTGACGCTCGCTCATC-1,Immune_mixed,Immune_mixed
GTGAGCCAGGTCACAG-1,"B_cells,0",B_cells
GTGAGCCAGTCCGCCA-1,"B_cells,1",B_cells
GTGAGCCCAAACCACT-1,Immune_mixed,Immune_mixed
GTGAGCCCAAAGGCGT-1,"B_cells,1",B_cells
GTGAGCCCAACTGCCG-1,Myeloid,Myeloid
GTGAGCCCACATAACC-1,Myeloid,Myeloid
GTGAGCCCATCCGAGC-1,Myeloid,Myeloid
GTGAGCCCATCGTTCC-1,Erythroid,Erythroid
GTGAGCCGTAATTGGA-1,Immune_mixed,Immune_mixed
GTGAGCCGTACGTACT-1,Myeloid,Myeloid
GTGAGGAAGAAGCGGG-1,Erythroid,Erythroid
GTGAGGAAGCTTGTTG-1,Immune_mixed,Immune_mixed
GTGAGGAGTACCAATC-1,"B_cells,0",B_cells
GTGAGGAGTAGCGATG-1,Erythroid,Erythroid
GTGAGGAGTCATTCCC-1,Erythroid,Erythroid
GTGAGGAGTCTGATAC-1,Erythroid,Erythroid
GTGAGGAGTTGCATAC-1,Immune_mixed,Immune_mixed
GTGAGGAGTTGCGGCT-1,Immune_mixed,Immune_mixed
GTGAGGATCACGAACT-1,Immune_mixed,Immune_mixed
GTGAGTTAGACCGTTT-1,Erythroid,Erythroid
GTGAGTTAGATGGCGT-1,Erythroid,Erythroid
GTGAGTTAGGTACATA-1,Immune_mixed,Immune_mixed
GTGAGTTCAAGAGTTA-1,Erythroid,Erythroid
GTGAGTTCACAGTCGC-1,Immune_mixed,Immune_mixed
GTGAGTTCATTCTCTA-1,Immune_mixed,Immune_mixed
GTGAGTTGTAGGGTAC-1,Myeloid,Myeloid
GTGAGTTTCGACGAGA-1,Immune_mixed,Immune_mixed
GTGAGTTTCGCATAGT-1,Immune_mixed,Immune_mixed
GTGAGTTTCTGACAGT-1,Erythroid,Erythroid
GTGAGTTTCTTTGGAG-1,Immune_mixed,Immune_mixed
GTGATGTAGCTAGAAT-1,Erythroid,Erythroid
GTGATGTCAGGTTCGC-1,Erythroid,Erythroid
GTGATGTGTGATGAAT-1,Myeloid,Myeloid
GTGATGTTCGTTTACT-1,Erythroid,Erythroid
GTGATGTTCTTTGGAG-1,Immune_mixed,Immune_mixed
GTGCACGAGTGGTTCT-1,Immune_mixed,Immune_mixed
GTGCACGCAAGTTGGG-1,"B_cells,0",B_cells
GTGCACGCACACAGCC-1,Immune_mixed,Immune_mixed
GTGCACGCAGAGATGC-1,Immune_mixed,Immune_mixed
GTGCACGCAGCTCATA-1,"B_cells,0",B_cells
GTGCACGGTCTTCTAT-1,Immune_mixed,Immune_mixed
GTGCACGTCATCTGTT-1,Immune_mixed,Immune_mixed
GTGCAGCAGAAAGTCT-1,Immune_mixed,Immune_mixed
GTGCAGCAGAGATGCC-1,"B_cells,0",B_cells
GTGCAGCAGCGTCAAG-1,Immune_mixed,Immune_mixed
GTGCAGCAGCTTAGTC-1,Immune_mixed,Immune_mixed
GTGCAGCAGGCTTCCG-1,"B_cells,1",B_cells
GTGCAGCCACGGTAGA-1,Erythroid,Erythroid
GTGCAGCCAGAATTCC-1,Immune_mixed,Immune_mixed
GTGCAGCCAGCGTAGA-1,Immune_mixed,Immune_mixed
GTGCAGCCATTGTCGA-1,Erythroid,Erythroid
GTGCAGCGTCAGTCCG-1,Erythroid,Erythroid
GTGCAGCGTTCTCCCA-1,Immune_mixed,Immune_mixed
GTGCGTGAGGCCCAAA-1,Immune_mixed,Immune_mixed
GTGCGTGAGTGGTGAC-1,Immune_mixed,Immune_mixed
GTGCGTGCATCGCCTT-1,Immune_mixed,Immune_mixed
GTGCGTGGTCGCATGC-1,"B_cells,0",B_cells
GTGCGTGTCAAGTAAG-1,"B_cells,0",B_cells
GTGCGTGTCCGGGACT-1,Immune_mixed,Immune_mixed
GTGCTGGAGAGGTCGT-1,Immune_mixed,Immune_mixed
GTGCTGGAGATCCAAA-1,"B_cells,0",B_cells
GTGCTGGAGGATTCCT-1,Myeloid,Myeloid
GTGCTGGAGTTAGTGA-1,Immune_mixed,Immune_mixed
GTGCTGGCAGACAATA-1,Immune_mixed,Immune_mixed
GTGCTGGGTAACAGGC-1,Immune_mixed,Immune_mixed
GTGCTGGGTAGAGACC-1,Immune_mixed,Immune_mixed
GTGCTGGGTCGAAGCA-1,Immune_mixed,Immune_mixed
GTGCTGGGTCGTGGAA-1,Myeloid,Myeloid
GTGCTGGTCTGAACGT-1,Myeloid,Myeloid
GTGCTGGTCTTAGGAC-1,Immune_mixed,Immune_mixed
GTGCTTCAGCGCCTTG-1,Immune_mixed,Immune_mixed
GTGCTTCCAGCTGCCA-1,Erythroid,Erythroid
GTGCTTCGTACATACC-1,Myeloid,Myeloid
GTGCTTCTCCCATTTA-1,Immune_mixed,Immune_mixed
GTGGAAGAGCCGTTGC-1,Erythroid,Erythroid
GTGGAAGAGGCACTCC-1,Erythroid,Erythroid
GTGGAAGCAAGGTCTT-1,Immune_mixed,Immune_mixed
GTGGAAGGTGCCGTAC-1,Immune_mixed,Immune_mixed
GTGGAAGTCTTACCAT-1,Immune_mixed,Immune_mixed
GTGGAGAAGATTGGGC-1,Immune_mixed,Immune_mixed
GTGGAGAAGCAGCCCT-1,Immune_mixed,Immune_mixed
GTGGAGAAGCATGAAT-1,Immune_mixed,Immune_mixed
GTGGAGAAGCCAGTAG-1,Immune_mixed,Immune_mixed
GTGGAGAAGGAAAGGT-1,Immune_mixed,Immune_mixed
GTGGAGAAGGCCTAGA-1,Immune_mixed,Immune_mixed
GTGGAGAAGTCAGCGA-1,Immune_mixed,Immune_mixed
GTGGAGAGTAGCGCCT-1,Erythroid,Erythroid
GTGGAGAGTATGGAGC-1,Immune_mixed,Immune_mixed
GTGGAGAGTTGGAGAC-1,Immune_mixed,Immune_mixed
GTGGAGATCCAGTGTA-1,Immune_mixed,Immune_mixed
GTGGAGATCGTGTTCC-1,Immune_mixed,Immune_mixed
GTGGCGTAGGGCAGAG-1,"B_cells,0",B_cells
GTGGCGTCACACACTA-1,Erythroid,Erythroid
GTGGCGTCAGCCTATA-1,Myeloid,Myeloid
GTGGCGTGTGGTCTAT-1,"B_cells,1",B_cells
GTGGCGTTCAATCTTC-1,Myeloid,Myeloid
GTGGCGTTCACGATAC-1,Erythroid,Erythroid
GTGGCGTTCACTGGGC-1,Immune_mixed,Immune_mixed
GTGGCGTTCCCTCGAT-1,Erythroid,Erythroid
GTGGCGTTCGCAAGAG-1,Erythroid,Erythroid
GTGGGAAAGCAAGGAA-1,Immune_mixed,Immune_mixed
GTGGGAAAGCGACAGT-1,Immune_mixed,Immune_mixed
GTGGGAAAGGAACGCT-1,Erythroid,Erythroid
GTGGGAACACCACATA-1,Erythroid,Erythroid
GTGGGAACAGAGGGTT-1,Erythroid,Erythroid
GTGGGAACAGGACTTT-1,Erythroid,Erythroid
GTGGGAAGTACCAATC-1,Immune_mixed,Immune_mixed
GTGGGAAGTGAGACCA-1,Erythroid,Erythroid
GTGGGAAGTGTCCATA-1,Immune_mixed,Immune_mixed
GTGGGAAGTTGAGAGC-1,"B_cells,0",B_cells
GTGGGAATCTGTGCGG-1,Erythroid,Erythroid
GTGGTTAAGCCTCTCT-1,Immune_mixed,Immune_mixed
GTGGTTAAGGAAGTGA-1,Immune_mixed,Immune_mixed
GTGGTTACAGAGAATT-1,Immune_mixed,Immune_mixed
GTGGTTAGTAGGGTAC-1,Immune_mixed,Immune_mixed
GTGGTTAGTATACAGA-1,Immune_mixed,Immune_mixed
GTGGTTAGTATGACAA-1,Erythroid,Erythroid
GTGGTTAGTCGAGTTT-1,Immune_mixed,Immune_mixed
GTGGTTATCCATTTCA-1,Immune_mixed,Immune_mixed
GTGGTTATCTCATTAC-1,Immune_mixed,Immune_mixed
GTGGTTATCTTCACAT-1,Immune_mixed,Immune_mixed
GTGTAACAGCTGTCCG-1,Immune_mixed,Immune_mixed
GTGTAACAGTCAAGCG-1,"B_cells,0",B_cells
GTGTAACAGTGACCTT-1,Immune_mixed,Immune_mixed
GTGTAACCACCCTAGG-1,Immune_mixed,Immune_mixed
GTGTAACCACTACCCT-1,Immune_mixed,Immune_mixed
GTGTAACCACTAGTAC-1,Erythroid,Erythroid
GTGTAACCAGGTCCGT-1,Myeloid,Myeloid
GTGTAACTCATAGCAC-1,Erythroid,Erythroid
GTGTCCTAGACAGCGT-1,Immune_mixed,Immune_mixed
GTGTCCTAGATGCGAC-1,Immune_mixed,Immune_mixed
GTGTCCTAGCAACTTC-1,Myeloid,Myeloid
GTGTCCTAGCGTTCCG-1,Erythroid,Erythroid
GTGTCCTAGTCAGCCC-1,Immune_mixed,Immune_mixed
GTGTCCTCAATAAGGT-1,Immune_mixed,Immune_mixed
GTGTCCTCACCTCTGT-1,Immune_mixed,Immune_mixed
GTGTCCTCACGATAGG-1,Immune_mixed,Immune_mixed
GTGTCCTCATCTGCGG-1,Erythroid,Erythroid
GTGTCCTGTCGAGCTC-1,Immune_mixed,Immune_mixed
GTGTCCTTCACTCGAA-1,Immune_mixed,Immune_mixed
GTGTCCTTCGTGCGAC-1,Immune_mixed,Immune_mixed
GTGTGATAGCGTATGG-1,Immune_mixed,Immune_mixed
GTGTGATAGGGAGGAC-1,Immune_mixed,Immune_mixed
GTGTGATCAGCAGGAT-1,Immune_mixed,Immune_mixed
GTGTGATCATGTTCAG-1,Erythroid,Erythroid
GTGTGATGTGCAACAG-1,Immune_mixed,Immune_mixed
GTGTGATGTGCCCGTA-1,Immune_mixed,Immune_mixed
GTGTGATTCGTAACTG-1,Immune_mixed,Immune_mixed
GTGTGATTCTATGTGG-1,Immune_mixed,Immune_mixed
GTGTGGCCAATTGAGA-1,Immune_mixed,Immune_mixed
GTGTGGCCACGGTGTC-1,"B_cells,0",B_cells
GTGTGGCGTACTGCCG-1,"B_cells,0",B_cells
GTGTGGCGTAGTATAG-1,Erythroid,Erythroid
GTGTGGCGTGTCCCTT-1,Immune_mixed,Immune_mixed
GTGTGGCGTGTCTCCT-1,Immune_mixed,Immune_mixed
GTGTGGCTCTCTTCAA-1,Myeloid,Myeloid
GTGTGGCTCTTAGCCC-1,Erythroid,Erythroid
GTGTTAGAGACATCCT-1,Immune_mixed,Immune_mixed
GTGTTAGAGCGTGTCC-1,Immune_mixed,Immune_mixed
GTGTTAGAGGCAGTCA-1,Erythroid,Erythroid
GTGTTAGAGGGTTAGC-1,Immune_mixed,Immune_mixed
GTGTTAGAGGTTGCCC-1,Erythroid,Erythroid
GTGTTAGAGTGCCGAA-1,Immune_mixed,Immune_mixed
GTGTTAGCAAAGACGC-1,Immune_mixed,Immune_mixed
GTGTTAGCAGAACATA-1,Erythroid,Erythroid
GTGTTAGGTACTCCCT-1,Erythroid,Erythroid
GTGTTAGTCCACTAGA-1,"B_cells,0",B_cells
GTGTTAGTCGAGCTGC-1,Immune_mixed,Immune_mixed
GTGTTCCAGAGAATCT-1,Immune_mixed,Immune_mixed
GTGTTCCAGTAGACCG-1,Immune_mixed,Immune_mixed
GTGTTCCAGTCCTACA-1,Immune_mixed,Immune_mixed
GTGTTCCCAAGGAGTC-1,Myeloid,Myeloid
GTGTTCCCATGAAAGT-1,Immune_mixed,Immune_mixed
GTGTTCCGTCCAAGAG-1,"B_cells,1",B_cells
GTGTTCCGTGAGCTCC-1,Immune_mixed,Immune_mixed
GTGTTCCTCAGCAATC-1,Immune_mixed,Immune_mixed
GTTACAGAGCATCAGG-1,Immune_mixed,Immune_mixed
GTTACAGAGGAGTCTG-1,Immune_mixed,Immune_mixed
GTTACAGCAATGAACA-1,Myeloid,Myeloid
GTTACCCAGACGCAGT-1,Erythroid,Erythroid
GTTACCCAGAGTTCGG-1,Immune_mixed,Immune_mixed
GTTACCCAGGCTCTCG-1,Immune_mixed,Immune_mixed
GTTACCCAGTCTAACC-1,Immune_mixed,Immune_mixed
GTTACCCCAATCTCGA-1,Immune_mixed,Immune_mixed
GTTACCCCACTGTCCT-1,"B_cells,0",B_cells
GTTACCCCACTTGACA-1,Immune_mixed,Immune_mixed
GTTACCCGTAGCTGCC-1,Myeloid,Myeloid
GTTACCCGTATACGGG-1,Immune_mixed,Immune_mixed
GTTACCCGTTCAAGTC-1,Immune_mixed,Immune_mixed
GTTACCCTCCTGCTAC-1,Immune_mixed,Immune_mixed
GTTACGAAGACTAGAT-1,Immune_mixed,Immune_mixed
GTTACGAAGCGGACAT-1,Erythroid,Erythroid
GTTACGAAGTGGCCTC-1,Immune_mixed,Immune_mixed
GTTACGACAGGCGTTC-1,Immune_mixed,Immune_mixed
GTTACGAGTAAGCAAT-1,"B_cells,1",B_cells
GTTACGAGTACTCGTA-1,"B_cells,0",B_cells
GTTACGAGTCGCTGCA-1,Immune_mixed,Immune_mixed
GTTACGAGTGATGGCA-1,Erythroid,Erythroid
GTTACGAGTTGGACCC-1,Myeloid,Myeloid
GTTACGATCGGCTTGG-1,"B_cells,0",B_cells
GTTACGATCTTCGCTG-1,Immune_mixed,Immune_mixed
GTTAGACAGCGCCTAC-1,Immune_mixed,Immune_mixed
GTTAGACAGTCGGGAT-1,Immune_mixed,Immune_mixed
GTTAGACGTCCTACGG-1,Immune_mixed,Immune_mixed
GTTAGACTCAAGCTTG-1,Erythroid,Erythroid
GTTAGACTCGCAATGT-1,Erythroid,Erythroid
GTTAGTGAGACTCTAC-1,"B_cells,0",B_cells
GTTAGTGAGCAGGCAT-1,Immune_mixed,Immune_mixed
GTTAGTGAGCCATTCA-1,"B_cells,1",B_cells
GTTAGTGAGCGTATAA-1,Immune_mixed,Immune_mixed
GTTAGTGCAACACGAG-1,Immune_mixed,Immune_mixed
GTTAGTGCAAGGGTCA-1,Erythroid,Erythroid
GTTAGTGCACGACGTC-1,Immune_mixed,Immune_mixed
GTTAGTGCATGGATCT-1-1,Immune_mixed,Immune_mixed
GTTAGTGGTTGAGTCT-1,Immune_mixed,Immune_mixed
GTTAGTGTCGGTTCAA-1,Immune_mixed,Immune_mixed
GTTAGTGTCGTGCATA-1,Immune_mixed,Immune_mixed
GTTATGGTCATTGCGA-1,"B_cells,0",B_cells
GTTATGGTCCTCTAAT-1,Erythroid,Erythroid
GTTATGGTCTTTCCAA-1,Immune_mixed,Immune_mixed
GTTCATTAGGGTGGGA-1,Immune_mixed,Immune_mixed
GTTCATTAGGTACCTT-1,Immune_mixed,Immune_mixed
GTTCATTGTAACGCGA-1,Immune_mixed,Immune_mixed
GTTCATTGTGACCGAA-1,"B_cells,1",B_cells
GTTCATTGTTCTTCAT-1,Myeloid,Myeloid
GTTCATTGTTGGCCTG-1,Immune_mixed,Immune_mixed
GTTCCGTAGAGCCGAT-1,Immune_mixed,Immune_mixed
GTTCCGTAGCGAGTCA-1,Immune_mixed,Immune_mixed
GTTCCGTAGCTGACTT-1,"B_cells,0",B_cells
GTTCCGTCAGTCAGTT-1,Immune_mixed,Immune_mixed
GTTCCGTGTGAGCTCC-1,Immune_mixed,Immune_mixed
GTTCCGTGTGCCTTCT-1,Erythroid,Erythroid
GTTCCGTGTGTGGACA-1,Erythroid,Erythroid
GTTCCGTTCCGTAGTA-1,"B_cells,1",B_cells
GTTCCGTTCGCAGTGC-1,Myeloid,Myeloid
GTTCCGTTCTCCGATC-1,Erythroid,Erythroid
GTTCGCTAGAGATGCC-1,Erythroid,Erythroid
GTTCGCTAGCACACAG-1,Immune_mixed,Immune_mixed
GTTCGCTAGCCGTTAT-1,Immune_mixed,Immune_mixed
GTTCGCTCAACACGTT-1,"B_cells,0",B_cells
GTTCGCTCAATGACCT-1,"B_cells,1",B_cells
GTTCGCTCAGGTCAGA-1,Immune_mixed,Immune_mixed
GTTCGCTGTATCCTCC-1,Erythroid,Erythroid
GTTCGCTGTGGCTACC-1,Immune_mixed,Immune_mixed
GTTCGCTGTTGCACGC-1,Erythroid,Erythroid
GTTCGCTTCTGCCTCA-1,Immune_mixed,Immune_mixed
GTTCTATAGCATTGTC-1,Immune_mixed,Immune_mixed
GTTCTATAGCGAGTAC-1,Immune_mixed,Immune_mixed
GTTCTATCAGAGGCTA-1,"B_cells,1",B_cells
GTTCTATCATAGAAAC-1,Immune_mixed,Immune_mixed
GTTCTATGTCAGATTC-1,Immune_mixed,Immune_mixed
GTTCTATGTTTGCAGT-1,Immune_mixed,Immune_mixed
GTTCTATTCACCCTCA-1,Erythroid,Erythroid
GTTCTATTCCAATCCC-1,Immune_mixed,Immune_mixed
GTTCTATTCCGTATAG-1,"B_cells,0",B_cells
GTTCTATTCCGTGGCA-1,"B_cells,1",B_cells
GTTGAACAGGTACATA-1,Immune_mixed,Immune_mixed
GTTGAACCAAATGAGT-1,Immune_mixed,Immune_mixed
GTTGAACCACTATCCC-1,Immune_mixed,Immune_mixed
GTTGAACCAGGAAGTC-1,Immune_mixed,Immune_mixed
GTTGAACCAGGTAGTG-1,Immune_mixed,Immune_mixed
GTTGAACGTACCGGCT-1,Erythroid,Erythroid
GTTGAACGTACTCGAT-1,Immune_mixed,Immune_mixed
GTTGAACGTTAGAGTA-1,Immune_mixed,Immune_mixed
GTTGAACGTTCCGCGA-1,Immune_mixed,Immune_mixed
GTTGAACTCACAACCA-1,Myeloid,Myeloid
GTTGCGGCAATCTCGA-1,Immune_mixed,Immune_mixed
GTTGCGGCACACAGAG-1,Immune_mixed,Immune_mixed
GTTGCGGCAGAAGTGC-1,Immune_mixed,Immune_mixed
GTTGCGGCAGACACCC-1,Immune_mixed,Immune_mixed
GTTGCGGCATGGCGCT-1,Erythroid,Erythroid
GTTGCGGGTACCTGTA-1,Immune_mixed,Immune_mixed
GTTGCGGGTTGTAAAG-1,Immune_mixed,Immune_mixed
GTTGCGGTCAAATAGG-1,"B_cells,0",B_cells
GTTGCGGTCTGCAGCG-1,Immune_mixed,Immune_mixed
GTTGCTCCAAACTAAG-1,Erythroid,Erythroid
GTTGCTCCAGGAATAT-1,Erythroid,Erythroid
GTTGCTCCATTCAGCA-1,"B_cells,0",B_cells
GTTGCTCGTATCACGT-1,Immune_mixed,Immune_mixed
GTTGCTCGTGTCTCCT-1,Erythroid,Erythroid
GTTGCTCGTTGCCGAC-1,Erythroid,Erythroid
GTTGCTCTCCAGCTCT-1,Erythroid,Erythroid
GTTGCTCTCGTCGCTT-1,Immune_mixed,Immune_mixed
GTTGTAGCACAATTCG-1,Erythroid,Erythroid
GTTGTAGCACTTGTCC-1,Myeloid,Myeloid
GTTGTAGGTACTCGTA-1,"B_cells,1",B_cells
GTTGTAGGTTCTGAGT-1,Immune_mixed,Immune_mixed
GTTGTAGTCCAAGGGA-1,Immune_mixed,Immune_mixed
GTTGTAGTCCTCTAAT-1,Immune_mixed,Immune_mixed
GTTGTAGTCTCTCGCA-1,Immune_mixed,Immune_mixed
GTTGTAGTCTTGGTCC-1,Immune_mixed,Immune_mixed
GTTGTCCCAACCGCTG-1,Immune_mixed,Immune_mixed
GTTGTCCCATTATGCG-1,Immune_mixed,Immune_mixed
GTTGTCCGTGAACGGT-1,Immune_mixed,Immune_mixed
GTTGTCCGTTCTGAGT-1,Erythroid,Erythroid
GTTGTGAAGAGATTCA-1,Immune_mixed,Immune_mixed
GTTGTGAAGAGCATAT-1,Immune_mixed,Immune_mixed
GTTGTGAAGTGGTGAC-1,Immune_mixed,Immune_mixed
GTTGTGACAATGCAGG-1,Erythroid,Erythroid
GTTGTGACACATTCGA-1,Immune_mixed,Immune_mixed
GTTGTGACAGCTATTG-1,Immune_mixed,Immune_mixed
GTTGTGAGTCGCCACA-1,Immune_mixed,Immune_mixed
GTTGTGAGTTTGTTCT-1,Erythroid,Erythroid
GTTGTGATCCACTTCG-1,Immune_mixed,Immune_mixed
GTTTACTCAGTATACC-1,Immune_mixed,Immune_mixed
GTTTACTCATTCTCTA-1,Immune_mixed,Immune_mixed
GTTTACTGTGAGGCAT-1,Immune_mixed,Immune_mixed
GTTTACTGTTCGTTCC-1,Immune_mixed,Immune_mixed
GTTTACTGTTTGTGGT-1,Immune_mixed,Immune_mixed
GTTTACTTCAAGTTGC-1,Immune_mixed,Immune_mixed
GTTTACTTCTAAGCGT-1,Myeloid,Myeloid
GTTTGGAAGCACGATG-1,Immune_mixed,Immune_mixed
GTTTGGAAGCATGGGT-1,Immune_mixed,Immune_mixed
GTTTGGAAGCCGGATA-1,"B_cells,0",B_cells
GTTTGGAAGCCTTGAT-1,Erythroid,Erythroid
GTTTGGAAGTAGCATA-1,Immune_mixed,Immune_mixed
GTTTGGAAGTTGGAAT-1,Immune_mixed,Immune_mixed
GTTTGGAGTAGAGTTA-1,"B_cells,0",B_cells
GTTTGGAGTATGGTTC-1,Immune_mixed,Immune_mixed
GTTTGGATCCTACACC-1,Erythroid,Erythroid
TAACACGAGGCGATAC-1,Erythroid,Erythroid
TAACACGCAGATACTC-1,Immune_mixed,Immune_mixed
TAACACGCAGGATTCT-1,Erythroid,Erythroid
TAACACGGTAACCAGG-1,Immune_mixed,Immune_mixed
TAACACGTCCTCTGCA-1,"B_cells,0",B_cells
TAACCAGAGACCTTTG-1,Immune_mixed,Immune_mixed
TAACCAGCACAGAGCA-1,Immune_mixed,Immune_mixed
TAACCAGCAGTTTGGT-1,Immune_mixed,Immune_mixed
TAACCAGGTGGCTTGC-1,Erythroid,Erythroid
TAACCAGTCACTCACC-1,Immune_mixed,Immune_mixed
TAACCAGTCGTAACTG-1,Immune_mixed,Immune_mixed
TAACGACAGGTTCTTG-1,Immune_mixed,Immune_mixed
TAACGACCAACTTGCA-1,Immune_mixed,Immune_mixed
TAACGACCAATCAGCT-1,Erythroid,Erythroid
TAACGACCACCCTGTT-1,Immune_mixed,Immune_mixed
TAACGACCAGAACTCT-1,Immune_mixed,Immune_mixed
TAACGACCAGAGCCCT-1,Myeloid,Myeloid
TAACGACGTTATCTGG-1,Erythroid,Erythroid
TAACGACTCTGGGAGA-1,"B_cells,0",B_cells
TAACTTCAGACAGCGT-1,Immune_mixed,Immune_mixed
TAACTTCAGTAGCAAT-1,Immune_mixed,Immune_mixed
TAACTTCCAACCCTCT-1,Immune_mixed,Immune_mixed
TAACTTCCACCTTCCA-1,Erythroid,Erythroid
TAACTTCCAGTAACCT-1,Immune_mixed,Immune_mixed
TAACTTCCATCGATGT-1,Erythroid,Erythroid
TAACTTCGTATGTGTC-1,Immune_mixed,Immune_mixed
TAACTTCGTGCCGTTG-1,Erythroid,Erythroid
TAACTTCGTGTCTAAC-1,Erythroid,Erythroid
TAACTTCGTGTGGTCC-1,Immune_mixed,Immune_mixed
TAACTTCTCATCTGTT-1,Immune_mixed,Immune_mixed
TAACTTCTCGGACCAC-1,Immune_mixed,Immune_mixed
TAAGCACAGGTCGTAG-1,Immune_mixed,Immune_mixed
TAAGCACCAAAGGTTA-1,Immune_mixed,Immune_mixed
TAAGCACCAAGCAATA-1,Immune_mixed,Immune_mixed
TAAGCACGTATCATGC-1,Immune_mixed,Immune_mixed
TAAGCACGTGTTGAGG-1,Myeloid,Myeloid
TAAGCACTCAAGTTGC-1,Erythroid,Erythroid
TAAGCCAAGACCTGGA-1,Immune_mixed,Immune_mixed
TAAGCCAGTCCGTTTC-1,Immune_mixed,Immune_mixed
TAAGCCAGTTGGTAGG-1,Immune_mixed,Immune_mixed
TAAGCCATCGAACGCC-1,Erythroid,Erythroid
TAAGCCATCGCTACGG-1,Myeloid,Myeloid
TAAGCCATCTAGTACG-1,Erythroid,Erythroid
TAAGCCATCTCCATAT-1,Erythroid,Erythroid
TAAGCGTAGTGCGCTC-1,Erythroid,Erythroid
TAAGCGTCAATGGCAG-1,Immune_mixed,Immune_mixed
TAAGCGTCACGAGGTA-1,Immune_mixed,Immune_mixed
TAAGCGTCAGGCACTC-1,Immune_mixed,Immune_mixed
TAAGCGTGTACTAACC-1,"B_cells,1",B_cells
TAAGCGTGTAGATTGA-1,Immune_mixed,Immune_mixed
TAAGCGTGTCGATTTG-1,Immune_mixed,Immune_mixed
TAAGCGTGTCTAATCG-1,Myeloid,Myeloid
TAAGCGTGTGTGCTTA-1,Erythroid,Erythroid
TAAGCGTTCCGTGGTG-1,Immune_mixed,Immune_mixed
TAAGCGTTCCTGGGAC-1,Immune_mixed,Immune_mixed
TAAGCGTTCGTGTTCC-1,Immune_mixed,Immune_mixed
TAAGCGTTCTGGGTCG-1,Myeloid,Myeloid
TAAGCGTTCTTACGTT-1,Immune_mixed,Immune_mixed
TAAGTCGAGCACTAAA-1,Immune_mixed,Immune_mixed
TAAGTCGAGCCAGAGT-1,Immune_mixed,Immune_mixed
TAAGTCGAGGACGCTA-1,Immune_mixed,Immune_mixed
TAAGTCGGTTGCATCA-1,Immune_mixed,Immune_mixed
TAAGTCGGTTGTGTTG-1,Immune_mixed,Immune_mixed
TAAGTCGGTTTGAACC-1,"B_cells,0",B_cells
TAAGTCGTCCCTGGTT-1,Immune_mixed,Immune_mixed
TAAGTCGTCCTGGGTG-1,Immune_mixed,Immune_mixed
TAAGTCGTCTCGTCGT-1,Immune_mixed,Immune_mixed
TAATCTCAGCCTCTTC-1,Immune_mixed,Immune_mixed
TAATCTCAGCGTGCTC-1,Erythroid,Erythroid
TAATCTCAGCTGACAG-1,Immune_mixed,Immune_mixed
TAATCTCAGTTGCCCG-1,"B_cells,1",B_cells
TAATCTCCACGTTGGC-1,Immune_mixed,Immune_mixed
TAATCTCCACTAGTAC-1,Immune_mixed,Immune_mixed
TAATCTCCAGAATTCC-1,Erythroid,Erythroid
TAATCTCCAGAGTGAC-1,Immune_mixed,Immune_mixed
TAATCTCGTATAGGGC-1,Immune_mixed,Immune_mixed
TAATCTCGTCTTGCTC-1,Immune_mixed,Immune_mixed
TAATCTCGTGGACAGT-1,Immune_mixed,Immune_mixed
TAATCTCGTTACGCCG-1,Erythroid,Erythroid
TAATCTCTCCCATTTA-1,Immune_mixed,Immune_mixed
TAATTCCAGCCTCTGG-1,Immune_mixed,Immune_mixed
TAATTCCAGCGTACAG-1,Immune_mixed,Immune_mixed
TAATTCCAGCGTCAGA-1,Immune_mixed,Immune_mixed
TAATTCCAGGAGTCTG-1,Immune_mixed,Immune_mixed
TAATTCCCAGTAGTGG-1,Erythroid,Erythroid
TAATTCCCATAACAGA-1,Erythroid,Erythroid
TAATTCCGTACGTGTT-1,Immune_mixed,Immune_mixed
TAATTCCGTATAGCTC-1,Erythroid,Erythroid
TAATTCCGTGGTTCTA-1,Immune_mixed,Immune_mixed
TAATTCCGTTAGAGAT-1,Erythroid,Erythroid
TAATTCCTCGCGGTAC-1,Erythroid,Erythroid
TAATTCCTCGGCATTA-1,Immune_mixed,Immune_mixed
TACAACGAGAATCGCG-1,Immune_mixed,Immune_mixed
TACAACGAGAGGTATT-1,Immune_mixed,Immune_mixed
TACAACGAGGGACTGT-1,Immune_mixed,Immune_mixed
TACAACGCAGAGTCAG-1,Immune_mixed,Immune_mixed
TACAACGGTCACGACC-1,Immune_mixed,Immune_mixed
TACAACGTCAGAGCAG-1,"B_cells,0",B_cells
TACAACGTCCACAGGC-1,Erythroid,Erythroid
TACAACGTCGACCCAG-1,Immune_mixed,Immune_mixed
TACACCCAGACATGCG-1,Immune_mixed,Immune_mixed
TACACCCAGACGACTG-1,"B_cells,0",B_cells
TACACCCAGACTTCGT-1,"B_cells,1",B_cells
TACACCCAGCAAGCCA-1,Immune_mixed,Immune_mixed
TACACCCAGCTAGATA-1,Erythroid,Erythroid
TACACCCCAAATGAGT-1,Immune_mixed,Immune_mixed
TACACCCCAACGGCTC-1,Immune_mixed,Immune_mixed
TACACCCCAGCTATTG-1,Erythroid,Erythroid
TACACCCCAGTCGGTC-1,Immune_mixed,Immune_mixed
TACACCCCATCCGCGA-1,Immune_mixed,Immune_mixed
TACACCCCATCGGAAG-1,Immune_mixed,Immune_mixed
TACACCCGTACGATTC-1,Myeloid,Myeloid
TACACCCTCCAAACCA-1,Erythroid,Erythroid
TACAGGTAGGTAAGTT-1,Immune_mixed,Immune_mixed
TACAGGTCAAACACCT-1,Immune_mixed,Immune_mixed
TACAGGTCACATGGTT-1,Immune_mixed,Immune_mixed
TACAGGTCACTAGTAC-1,Myeloid,Myeloid
TACAGGTCAGAGTGTG-1,"B_cells,1",B_cells
TACAGGTCAGCACAAG-1,Immune_mixed,Immune_mixed
TACAGGTCAGTGAGCA-1,Immune_mixed,Immune_mixed
TACAGGTGTAATGCTC-1,Erythroid,Erythroid
TACAGGTGTAGACAAT-1,Immune_mixed,Immune_mixed
TACAGGTGTAGATCCT-1,Myeloid,Myeloid
TACAGGTGTTACACTG-1,Immune_mixed,Immune_mixed
TACAGGTGTTCGGTTA-1,Erythroid,Erythroid
TACAGGTTCATTCATC-1,Immune_mixed,Immune_mixed
TACAGGTTCCGGCAGT-1,Immune_mixed,Immune_mixed
TACAGGTTCTCCTGTG-1,Immune_mixed,Immune_mixed
TACATTCAGAAGTGTT-1,Immune_mixed,Immune_mixed
TACATTCAGCATTGTC-1,Immune_mixed,Immune_mixed
TACATTCAGCCTGAAG-1,Immune_mixed,Immune_mixed
TACATTCAGTACTGTC-1,Immune_mixed,Immune_mixed
TACATTCCACCTGCTT-1,Immune_mixed,Immune_mixed
TACATTCCACTGCGTG-1,Erythroid,Erythroid
TACATTCGTCAACCTA-1,Immune_mixed,Immune_mixed
TACATTCGTCCACTTC-1,Immune_mixed,Immune_mixed
TACATTCGTGTATTGC-1,Immune_mixed,Immune_mixed
TACATTCGTTTAGACC-1,"B_cells,0",B_cells
TACATTCTCCGGTTCT-1,Immune_mixed,Immune_mixed
TACATTCTCTAACGCA-1,Myeloid,Myeloid
TACATTCTCTCCAAGA-1,Immune_mixed,Immune_mixed
TACCCACAGAAGCCAC-1,Immune_mixed,Immune_mixed
TACCCACAGATGCTGG-1,Erythroid,Erythroid
TACCCACAGGTCATCT-1,Erythroid,Erythroid
TACCCACAGTATTGCC-1,Erythroid,Erythroid
TACCCACCAACTGATC-1,Erythroid,Erythroid
TACCCACCAATGCAGG-1,"B_cells,0",B_cells
TACCCACCACACGGTC-1,Erythroid,Erythroid
TACCCACCATATGAAG-1,Immune_mixed,Immune_mixed
TACCCACGTCTCGGAC-1,Immune_mixed,Immune_mixed
TACCCACGTTCTCAGA-1,Myeloid,Myeloid
TACCCACTCAAGTCGT-1,Immune_mixed,Immune_mixed
TACCCACTCATCAGTG-1,Immune_mixed,Immune_mixed
TACCCACTCCAGCTCT-1,Immune_mixed,Immune_mixed
TACCCACTCCCGTGTT-1,Myeloid,Myeloid
TACCCACTCGGCTCTT-1,Immune_mixed,Immune_mixed
TACCCACTCTGTAAGC-1,Immune_mixed,Immune_mixed
TACCCGTAGGTTCTTG-1,Immune_mixed,Immune_mixed
TACCCGTAGTTGAAAC-1,Myeloid,Myeloid
TACCCGTCAACTGCTA-1,Immune_mixed,Immune_mixed
TACCCGTCAGCTTCCT-1,Immune_mixed,Immune_mixed
TACCCGTGTCAGTCTA-1,Immune_mixed,Immune_mixed
TACCCGTGTTCTCAGA-1,Immune_mixed,Immune_mixed
TACCCGTTCCAGCACG-1,Immune_mixed,Immune_mixed
TACCCGTTCCCATTTA-1,Immune_mixed,Immune_mixed
TACCCGTTCGAAGCCC-1,Immune_mixed,Immune_mixed
TACCGAACAAAGGGCT-1,Immune_mixed,Immune_mixed
TACCGAACACGGAAGT-1,Immune_mixed,Immune_mixed
TACCGAACACTCAAGT-1,Immune_mixed,Immune_mixed
TACCGAACATCGGAAG-1,Myeloid,Myeloid
TACCGAACATTCCTAT-1,Immune_mixed,Immune_mixed
TACCGAAGTTACGGAG-1,Immune_mixed,Immune_mixed
TACCGAAGTTGCATTG-1,Myeloid,Myeloid
TACCGAATCGAGCCTG-1,Immune_mixed,Immune_mixed
TACCGGGAGAACGCGT-1,"B_cells,0",B_cells
TACCGGGAGAGCAGTC-1,Immune_mixed,Immune_mixed
TACCGGGAGATGCCGA-1,Immune_mixed,Immune_mixed
TACCGGGAGCAGAAAG-1,Immune_mixed,Immune_mixed
TACCGGGCAAGTGCAG-1,Erythroid,Erythroid
TACCGGGCACGACAAG-1,Erythroid,Erythroid
TACCGGGGTGACTGTT-1,Immune_mixed,Immune_mixed
TACCGGGTCCACCTGT-1,Immune_mixed,Immune_mixed
TACCTCGAGTACCCTA-1,Immune_mixed,Immune_mixed
TACCTCGCAACTCCCT-1,Erythroid,Erythroid
TACCTCGCATGGACAG-1,"B_cells,0",B_cells
TACCTCGGTCACAGAG-1,Immune_mixed,Immune_mixed
TACCTCGGTTAATCGC-1,Erythroid,Erythroid
TACCTCGTCCTAAGTG-1,Immune_mixed,Immune_mixed
TACCTCGTCTAGATCG-1,Immune_mixed,Immune_mixed
TACCTCGTCTTACGTT-1,Immune_mixed,Immune_mixed
TACCTGCGTAGCTTTG-1,Erythroid,Erythroid
TACCTGCGTATCGAGG-1,Immune_mixed,Immune_mixed
TACCTGCTCATCTATC-1,Immune_mixed,Immune_mixed
TACCTGCTCGTCAACA-1,Immune_mixed,Immune_mixed
TACGCTCAGTAAACTG-1,"B_cells,0",B_cells
TACGCTCAGTGATAGT-1,Erythroid,Erythroid
TACGCTCAGTGCACCC-1,Myeloid,Myeloid
TACGCTCAGTGGAATT-1,Myeloid,Myeloid
TACGCTCCACTGTTCC-1,"B_cells,0",B_cells
TACGCTCCATCCGGCA-1,Immune_mixed,Immune_mixed
TACGCTCGTAATGTGA-1,Erythroid,Erythroid
TACGCTCGTACGCTTA-1,"B_cells,1",B_cells
TACGCTCGTATGCTTG-1,Erythroid,Erythroid
TACGCTCGTCCAGCAC-1,Immune_mixed,Immune_mixed
TACGCTCTCCAGGACC-1,Immune_mixed,Immune_mixed
TACGCTCTCCGATGCG-1,Erythroid,Erythroid
TACGCTCTCGCACGGT-1,Immune_mixed,Immune_mixed
TACGCTCTCTAACGCA-1,Immune_mixed,Immune_mixed
TACGCTCTCTTTGCTA-1-1,Immune_mixed,Immune_mixed
TACGGGCAGGCGAAGG-1,Immune_mixed,Immune_mixed
TACGGGCCACATATGC-1,Immune_mixed,Immune_mixed
TACGGGCCAGGAAGTC-1,Immune_mixed,Immune_mixed
TACGGGCCATGGCTGC-1,Erythroid,Erythroid
TACGGGCGTCTTACTT-1,Immune_mixed,Immune_mixed
TACGGGCGTGAATATG-1,Erythroid,Erythroid
TACGGTAAGAACTGAT-1,Immune_mixed,Immune_mixed
TACGGTAAGATAACGT-1,Immune_mixed,Immune_mixed
TACGGTAAGCGACAGT-1,Immune_mixed,Immune_mixed
TACGGTACACGGATCC-1,Immune_mixed,Immune_mixed
TACGGTACAGGTCCCA-1,Immune_mixed,Immune_mixed
TACGGTACATACCATG-1,Immune_mixed,Immune_mixed
TACGGTACATTCCTAT-1,Erythroid,Erythroid
TACGGTAGTACCTAAC-1,"B_cells,0",B_cells
TACGGTAGTAGCACGA-1,Immune_mixed,Immune_mixed
TACGGTAGTTCTTCAT-1,Immune_mixed,Immune_mixed
TACGGTAGTTGTGTTG-1,Erythroid,Erythroid
TACGGTATCCATCAGA-1,Erythroid,Erythroid
TACGGTATCCGTCAAA-1,Immune_mixed,Immune_mixed
TACGTCCAGGAGAGGC-1,Erythroid,Erythroid
TACGTCCAGGGTTGCA-1,Immune_mixed,Immune_mixed
TACGTCCAGGTACCTT-1,"B_cells,0",B_cells
TACGTCCAGTAACGAT-1,Immune_mixed,Immune_mixed
TACGTCCCAAATCAGA-1,Erythroid,Erythroid
TACGTCCCAACATACC-1,Myeloid,Myeloid
TACGTCCCAAGACGGT-1,Erythroid,Erythroid
TACGTCCCAATAACGA-1,Immune_mixed,Immune_mixed
TACGTCCCACAGCCTG-1,Immune_mixed,Immune_mixed
TACGTCCCAGTGGTGA-1,"B_cells,0",B_cells
TACGTCCGTAAGCAAT-1,Immune_mixed,Immune_mixed
TACGTCCGTTCTCGCT-1,Erythroid,Erythroid
TACTGCCAGATGTTCC-1,Immune_mixed,Immune_mixed
TACTGCCAGCTCAGAG-1,Immune_mixed,Immune_mixed
TACTGCCAGCTCCATA-1,Immune_mixed,Immune_mixed
TACTGCCCAAATCGTC-1,Immune_mixed,Immune_mixed
TACTGCCCAAGTTTGC-1,"B_cells,1",B_cells
TACTGCCCAGCTCGGT-1,Immune_mixed,Immune_mixed
TACTGCCGTCCGTTTC-1,Erythroid,Erythroid
TACTGCCTCACTACGA-1,Immune_mixed,Immune_mixed
TACTTACAGTACGTCT-1,Immune_mixed,Immune_mixed
TACTTACCACAGCCTG-1,Immune_mixed,Immune_mixed
TACTTACCACATTCGA-1,Erythroid,Erythroid
TACTTACGTGGTACAG-1,"B_cells,0",B_cells
TACTTACGTTCAAACC-1,"B_cells,0",B_cells
TACTTACTCCCAAGTA-1,Immune_mixed,Immune_mixed
TACTTACTCCCGGTAG-1-1,Immune_mixed,Immune_mixed
TACTTACTCGTTGTTT-1,Immune_mixed,Immune_mixed
TACTTACTCTTCCCAG-1,Erythroid,Erythroid
TACTTCACAAGCTACT-1,"B_cells,1",B_cells
TACTTCAGTACTAACC-1,Immune_mixed,Immune_mixed
TACTTCAGTGGATCGA-1,Erythroid,Erythroid
TACTTCAGTTGCGTAT-1,Immune_mixed,Immune_mixed
TACTTCATCAGCCTTC-1,Immune_mixed,Immune_mixed
TACTTCATCCAAGCAT-1,Immune_mixed,Immune_mixed
TACTTCATCCCTCAAC-1,Immune_mixed,Immune_mixed
TACTTCATCGTGTGGC-1,Erythroid,Erythroid
TACTTGTAGCGGTATG-1,"B_cells,1",B_cells
TACTTGTCAAGATTGA-1,Erythroid,Erythroid
TACTTGTCATGTAACC-1,Immune_mixed,Immune_mixed
TACTTGTGTTCGGCTG-1,Immune_mixed,Immune_mixed
TAGACCAAGCCGATAG-1,Myeloid,Myeloid
TAGACCAAGGGCAGTT-1,Erythroid,Erythroid
TAGACCAAGGGCTGAT-1,Erythroid,Erythroid
TAGACCACAATTTCGG-1,Immune_mixed,Immune_mixed
TAGACCAGTGTCCTAA-1,Immune_mixed,Immune_mixed
TAGACCAGTTTCGTTT-1,Immune_mixed,Immune_mixed
TAGACCATCCCGTAAA-1,Immune_mixed,Immune_mixed
TAGACCATCGTTGTGA-1,Immune_mixed,Immune_mixed
TAGACCATCTGGGATT-1,Immune_mixed,Immune_mixed
TAGACCATCTTTACAC-1,"B_cells,1",B_cells
TAGACTGAGCACTGGA-1,Immune_mixed,Immune_mixed
TAGACTGAGCGTGTCC-1,Immune_mixed,Immune_mixed
TAGACTGAGGAACGTC-1,Immune_mixed,Immune_mixed
TAGACTGAGGATTCAA-1,Immune_mixed,Immune_mixed
TAGACTGAGGTAGCCA-1,Myeloid,Myeloid
TAGACTGAGTTGGACG-1,Myeloid,Myeloid
TAGACTGCAACACAGG-1,Immune_mixed,Immune_mixed
TAGACTGCAACGTTAC-1,Immune_mixed,Immune_mixed
TAGACTGCATCCTGTC-1,Immune_mixed,Immune_mixed
TAGACTGCATGATAGA-1,Immune_mixed,Immune_mixed
TAGACTGGTCTGCCTT-1,Immune_mixed,Immune_mixed
TAGACTGGTGGACAGT-1,Immune_mixed,Immune_mixed
TAGACTGGTTCTTAGG-1,Immune_mixed,Immune_mixed
TAGACTGTCACTTGGA-1,Immune_mixed,Immune_mixed
TAGACTGTCAGACCGC-1,Immune_mixed,Immune_mixed
TAGACTGTCTACGGTA-1,Immune_mixed,Immune_mixed
TAGAGTCAGCTAAATG-1,Immune_mixed,Immune_mixed
TAGAGTCAGGTTGACG-1,Erythroid,Erythroid
TAGAGTCTCAAACCTG-1,Erythroid,Erythroid
TAGAGTCTCTCCCATG-1,"B_cells,0",B_cells
TAGATCGAGAATAACC-1,Immune_mixed,Immune_mixed
TAGATCGAGTTGTCAC-1,Immune_mixed,Immune_mixed
TAGATCGCACGCGCAT-1,Immune_mixed,Immune_mixed
TAGATCGCACGCTGTG-1,Immune_mixed,Immune_mixed
TAGATCGCAGATACCT-1,Immune_mixed,Immune_mixed
TAGATCGCAGCTGTCG-1,Erythroid,Erythroid
TAGATCGCAGGATCTT-1,Immune_mixed,Immune_mixed
TAGATCGGTATGACAA-1,Erythroid,Erythroid
TAGATCGGTCAGACTT-1,Immune_mixed,Immune_mixed
TAGATCGGTGACAGGT-1,Erythroid,Erythroid
TAGATCGTCAACGCTA-1,"B_cells,0",B_cells
TAGATCGTCCGAGTGC-1,Erythroid,Erythroid
TAGATCGTCCTTGAAG-1,Immune_mixed,Immune_mixed
TAGCACACATATGAAG-1,Myeloid,Myeloid
TAGCACAGTACGCGTC-1,Erythroid,Erythroid
TAGCACATCCCAGGAC-1,Immune_mixed,Immune_mixed
TAGGAGGAGACCAGAC-1,Immune_mixed,Immune_mixed
TAGGAGGAGGCCTTCG-1,Immune_mixed,Immune_mixed
TAGGAGGAGTATTGCC-1,Immune_mixed,Immune_mixed
TAGGAGGCAGTGTGGA-1,Immune_mixed,Immune_mixed
TAGGAGGGTAACGGTG-1,"B_cells,1",B_cells
TAGGAGGGTCCTCAGG-1,Immune_mixed,Immune_mixed
TAGGAGGGTGTGCTTA-1,Erythroid,Erythroid
TAGGAGGGTGTGTCGC-1,"B_cells,0",B_cells
TAGGAGGGTTATGGTC-1,Immune_mixed,Immune_mixed
TAGGAGGGTTGGTACT-1,Immune_mixed,Immune_mixed
TAGGAGGGTTTCGCTC-1,Erythroid,Erythroid
TAGGAGGTCTGGCCGA-1,Immune_mixed,Immune_mixed
TAGGGTTCACGGTGCT-1,"B_cells,1",B_cells
TAGGGTTCATCCAACA-1,"B_cells,0",B_cells
TAGGGTTGTCGTTGCG-1,Erythroid,Erythroid
TAGGGTTGTGCATGTT-1,Immune_mixed,Immune_mixed
TAGGGTTTCTGTCCGT-1,Immune_mixed,Immune_mixed
TAGGTACAGATGGGCT-1,Immune_mixed,Immune_mixed
TAGGTACAGTAGAATC-1,Immune_mixed,Immune_mixed
TAGGTACCAATTGCTG-1,"B_cells,0",B_cells
TAGGTACCAGAGTTGG-1,Immune_mixed,Immune_mixed
TAGGTACCAGTCTGGC-1,"B_cells,0",B_cells
TAGGTACCAGTTGAAA-1,Immune_mixed,Immune_mixed
TAGGTACCATTGACTG-1,Myeloid,Myeloid
TAGGTACGTGAATGAT-1,Immune_mixed,Immune_mixed
TAGGTACGTTCTCCTG-1,Immune_mixed,Immune_mixed
TAGGTACTCATGCCAA-1,Myeloid,Myeloid
TAGGTTGAGATTGGGC-1,Immune_mixed,Immune_mixed
TAGGTTGAGCAATTAG-1,Immune_mixed,Immune_mixed
TAGGTTGAGCCTTTCC-1,Immune_mixed,Immune_mixed
TAGGTTGAGGCACTAG-1,Immune_mixed,Immune_mixed
TAGGTTGAGTAGCCAG-1,Immune_mixed,Immune_mixed
TAGGTTGGTAGGGAGG-1,Erythroid,Erythroid
TAGGTTGGTATCGAGG-1,Erythroid,Erythroid
TAGGTTGGTCAGTCTA-1,Immune_mixed,Immune_mixed
TAGGTTGTCCACTGGG-1,Immune_mixed,Immune_mixed
TAGGTTGTCCGTGCGA-1,Immune_mixed,Immune_mixed
TAGGTTGTCTCCCATG-1,Immune_mixed,Immune_mixed
TAGTGCAAGCATCCCG-1,Immune_mixed,Immune_mixed
TAGTGCACAAAGTGTA-1,Immune_mixed,Immune_mixed
TAGTGCACAACAAGAT-1,Immune_mixed,Immune_mixed
TAGTGCAGTCACCACG-1,Immune_mixed,Immune_mixed
TAGTGCATCAAGATAG-1,Immune_mixed,Immune_mixed
TAGTGCATCAGACCTA-1,Myeloid,Myeloid
TAGTGCATCCACGTCT-1,Immune_mixed,Immune_mixed
TAGTGCATCCCAAGTA-1,Immune_mixed,Immune_mixed
TAGTGCATCCTCGCAT-1,Immune_mixed,Immune_mixed
TAGTGCATCGTCGCTT-1,Immune_mixed,Immune_mixed
TATACCTCAACATCGT-1,Immune_mixed,Immune_mixed
TATACCTGTACAAAGT-1,Erythroid,Erythroid
TATACCTGTCGAACGA-1,Immune_mixed,Immune_mixed
TATACCTGTGAGGATC-1,Immune_mixed,Immune_mixed
TATACCTTCCCGTTGT-1,"B_cells,0",B_cells
TATATCCAGACCAACG-1,Immune_mixed,Immune_mixed
TATATCCAGTTTCGAC-1,Erythroid,Erythroid
TATATCCCACTCATAG-1,Immune_mixed,Immune_mixed
TATATCCCAGAGTAAT-1,Immune_mixed,Immune_mixed
TATATCCCAGAGTCTT-1,Immune_mixed,Immune_mixed
TATATCCCATTAGGCT-1,"B_cells,0",B_cells
TATATCCGTCGGTGAA-1,Immune_mixed,Immune_mixed
TATATCCGTCTACATG-1,Immune_mixed,Immune_mixed
TATATCCTCGTCACCT-1,Immune_mixed,Immune_mixed
TATATCCTCGTCGATA-1,"B_cells,1",B_cells
TATCAGGAGGCCTTCG-1,Immune_mixed,Immune_mixed
TATCAGGCAGAAGTGC-1,Erythroid,Erythroid
TATCAGGCATGTGGTT-1,Immune_mixed,Immune_mixed
TATCAGGGTCCCGTGA-1,Immune_mixed,Immune_mixed
TATCAGGGTGATTGGG-1,Immune_mixed,Immune_mixed
TATCAGGGTGCTGCAC-1,Immune_mixed,Immune_mixed
TATCAGGTCTAGAACC-1,Immune_mixed,Immune_mixed
TATCAGGTCTCATTTG-1,Immune_mixed,Immune_mixed
TATCAGGTCTCGTGAA-1,Erythroid,Erythroid
TATCCTAAGCACTAAA-1,Immune_mixed,Immune_mixed
TATCCTAAGTCGTCTA-1,"B_cells,1",B_cells
TATCCTACACAATCTG-1,Immune_mixed,Immune_mixed
TATCCTACAGAGGCTA-1,Immune_mixed,Immune_mixed
TATCCTACAGCACAAG-1,Myeloid,Myeloid
TATCCTAGTCTTCGAA-1,Erythroid,Erythroid
TATCCTATCAGAGTTC-1,"B_cells,0",B_cells
TATCCTATCAGCTAGT-1,Immune_mixed,Immune_mixed
TATCCTATCGCAGTCG-1,Immune_mixed,Immune_mixed
TATCCTATCTAGTCAG-1,Immune_mixed,Immune_mixed
TATCGCCCAGATTTCG-1,Immune_mixed,Immune_mixed
TATCGCCCAGTCAACT-1,Immune_mixed,Immune_mixed
TATCGCCGTTGTTGAC-1,Immune_mixed,Immune_mixed
TATCGCCTCGAGTGAG-1,"B_cells,1",B_cells
TATCGCCTCGGCTGTG-1,Erythroid,Erythroid
TATCTGTCAAGCACCC-1,Immune_mixed,Immune_mixed
TATCTGTCACTGTCCT-1,"B_cells,1",B_cells
TATCTGTCAGCGCGTT-1,Immune_mixed,Immune_mixed
TATCTGTTCCATGCAA-1,Immune_mixed,Immune_mixed
TATCTGTTCCCTGGTT-1,Myeloid,Myeloid
TATCTGTTCCTTCTTC-1,Myeloid,Myeloid
TATCTGTTCTGCTAGA-1,Immune_mixed,Immune_mixed
TATCTTGAGGTCGCCT-1,Immune_mixed,Immune_mixed
TATCTTGAGTTCATGC-1,Immune_mixed,Immune_mixed
TATCTTGAGTTTCAGC-1,Immune_mixed,Immune_mixed
TATCTTGCACAAGCAG-1,Erythroid,Erythroid
TATCTTGCAGTTGCGC-1,Immune_mixed,Immune_mixed
TATCTTGCATTGTGCA-1,Immune_mixed,Immune_mixed
TATCTTGGTCACCGAC-1,Immune_mixed,Immune_mixed
TATCTTGGTGGCCACT-1,Immune_mixed,Immune_mixed
TATCTTGGTGTGTGGA-1,Immune_mixed,Immune_mixed
TATCTTGGTTAGAGAT-1,Immune_mixed,Immune_mixed
TATCTTGTCGGCCAAC-1,Immune_mixed,Immune_mixed
TATGTTCAGAGATGCC-1,Immune_mixed,Immune_mixed
TATGTTCAGCACTCCG-1,Immune_mixed,Immune_mixed
TATGTTCAGCTTTCTT-1,Erythroid,Erythroid
TATGTTCCATGCCATA-1,Erythroid,Erythroid
TATGTTCCATTGACCA-1,Immune_mixed,Immune_mixed
TATGTTCGTCGCATGC-1,Immune_mixed,Immune_mixed
TATGTTCGTGATTCAC-1,Immune_mixed,Immune_mixed
TATGTTCTCAAAGGTA-1,Myeloid,Myeloid
TATTCCAAGCCATTGT-1,Immune_mixed,Immune_mixed
TATTCCAAGGCGAAGG-1,Immune_mixed,Immune_mixed
TATTCCAAGTCATGAA-1,Erythroid,Erythroid
TATTCCAAGTCTTCGA-1,Immune_mixed,Immune_mixed
TATTCCACAGCTACCG-1,"B_cells,0",B_cells
TATTCCAGTACCCACG-1,Immune_mixed,Immune_mixed
TATTCCAGTCACGCTG-1,"B_cells,1",B_cells
TATTCCAGTGACGTCC-1,Immune_mixed,Immune_mixed
TATTCCAGTGATTGGG-1,Erythroid,Erythroid
TATTCCAGTTGGTACT-1,Immune_mixed,Immune_mixed
TATTCCATCCAAATGC-1,"B_cells,0",B_cells
TATTCCATCTATTCGT-1,Immune_mixed,Immune_mixed
TATTGCTAGAACCCGA-1,Immune_mixed,Immune_mixed
TATTGCTAGACTGAGC-1,Immune_mixed,Immune_mixed
TATTGCTAGAGCCCAA-1,"B_cells,0",B_cells
TATTGCTAGGAACGCT-1,Myeloid,Myeloid
TATTGCTAGGTAACTA-1,"B_cells,0",B_cells
TATTGCTCAAAGGCAC-1,"B_cells,1",B_cells
TATTGCTCACGTAACT-1,Immune_mixed,Immune_mixed
TATTGCTCAGTCACGC-1,Immune_mixed,Immune_mixed
TATTGCTGTCACTCTC-1,Immune_mixed,Immune_mixed
TATTGCTGTCATCTAG-1,"B_cells,0",B_cells
TATTGCTGTCGCTTGG-1,"B_cells,0",B_cells
TATTGCTGTTCGAAGG-1,Erythroid,Erythroid
TATTGGGAGCGTTCCG-1,Immune_mixed,Immune_mixed
TATTGGGCAAAGGATT-1,Immune_mixed,Immune_mixed
TATTGGGCAGCCTACG-1,Immune_mixed,Immune_mixed
TATTGGGTCACTGGGC-1,Erythroid,Erythroid
TATTTCGAGCAACAAT-1,Immune_mixed,Immune_mixed
TATTTCGAGTGATAAC-1,Immune_mixed,Immune_mixed
TATTTCGGTATGCTTG-1,Immune_mixed,Immune_mixed
TATTTCGGTCCAAGAG-1,Immune_mixed,Immune_mixed
TATTTCGGTCTTTCAT-1,"B_cells,0",B_cells
TATTTCGGTGACCGTC-1,Immune_mixed,Immune_mixed
TATTTCGGTTCCGGTG-1,Erythroid,Erythroid
TATTTCGGTTCTCTCG-1,Immune_mixed,Immune_mixed
TATTTCGTCACAAGGG-1,"B_cells,0",B_cells
TATTTCGTCATCACCC-1,Immune_mixed,Immune_mixed
TATTTCGTCGAGTACT-1,Erythroid,Erythroid
TATTTCGTCGTAGAGG-1,Immune_mixed,Immune_mixed
TATTTCGTCTTTCCGG-1,Immune_mixed,Immune_mixed
TCAAGACAGAGAGGGC-1,Erythroid,Erythroid
TCAAGACAGCACAAAT-1,Erythroid,Erythroid
TCAAGACCAGTGACCC-1,Immune_mixed,Immune_mixed
TCAAGACTCGTGTGGC-1,Immune_mixed,Immune_mixed
TCAAGACTCTCTTGCG-1,"B_cells,0",B_cells
TCAAGCAAGAGTCTGG-1,Immune_mixed,Immune_mixed
TCAAGCAAGCATGATA-1,Immune_mixed,Immune_mixed
TCAAGCACAAGCAATA-1,Immune_mixed,Immune_mixed
TCAAGCACAAGTGGAC-1,Myeloid,Myeloid
TCAAGCACAGACCTGC-1,Myeloid,Myeloid
TCAAGCACAGTGACCC-1,Myeloid,Myeloid
TCAAGCAGTAGATTAG-1,Immune_mixed,Immune_mixed
TCAAGCAGTCGAAACG-1,Immune_mixed,Immune_mixed
TCAAGCAGTTGAATCC-1,Immune_mixed,Immune_mixed
TCAAGCAGTTGCTAGT-1,Immune_mixed,Immune_mixed
TCAAGCATCGTCCTTG-1,Immune_mixed,Immune_mixed
TCAAGTGAGGTTCTAC-1,Erythroid,Erythroid
TCAAGTGCACTTCAAG-1,Immune_mixed,Immune_mixed
TCAAGTGCAGCTTTGA-1,Immune_mixed,Immune_mixed
TCAAGTGCATCAACCA-1,Immune_mixed,Immune_mixed
TCAAGTGGTATGAGAT-1,Immune_mixed,Immune_mixed
TCAAGTGGTGGGAGAG-1,Immune_mixed,Immune_mixed
TCAAGTGTCACCGGTG-1,Erythroid,Erythroid
TCAAGTGTCCAAGCAT-1,Myeloid,Myeloid
TCAATCTAGCCATGCC-1,"B_cells,1",B_cells
TCAATCTCAATTTCGG-1,Immune_mixed,Immune_mixed
TCAATCTCACGGCCAT-1,Immune_mixed,Immune_mixed
TCAATCTCAGGAGACT-1,"B_cells,0",B_cells
TCAATCTGTAGTTACC-1,Immune_mixed,Immune_mixed
TCAATCTGTGTTATCG-1,Immune_mixed,Immune_mixed
TCAATCTTCGCGTCGA-1,Immune_mixed,Immune_mixed
TCAATCTTCTAATTCC-1,Immune_mixed,Immune_mixed
TCAATCTTCTCCTGAC-1,Immune_mixed,Immune_mixed
TCAATTCAGAAGCTGC-1,Immune_mixed,Immune_mixed
TCAATTCAGATTAGAC-1,Erythroid,Erythroid
TCAATTCAGGTTCAGG-1,Immune_mixed,Immune_mixed
TCAATTCCACGTACAT-1,Erythroid,Erythroid
TCAATTCCACTCACTC-1,"B_cells,0",B_cells
TCAATTCCAGTGTACT-1,Immune_mixed,Immune_mixed
TCAATTCTCCATCAGA-1,Immune_mixed,Immune_mixed
TCAATTCTCCTGTTGC-1,Immune_mixed,Immune_mixed
TCAATTCTCGAGATAA-1,Immune_mixed,Immune_mixed
TCAATTCTCTTGAGCA-1,"B_cells,0",B_cells
TCACAAGAGACGCATG-1,"B_cells,0",B_cells
TCACAAGAGCAGCAGT-1,Immune_mixed,Immune_mixed
TCACAAGAGGCGCTCT-1,Immune_mixed,Immune_mixed
TCACAAGAGGTGCTAG-1,Erythroid,Erythroid
TCACAAGGTACCTATG-1,Immune_mixed,Immune_mixed
TCACAAGGTCCTCCAT-1,Immune_mixed,Immune_mixed
TCACAAGGTGTATCCA-1,Myeloid,Myeloid
TCACAAGGTTAGGGAC-1,Immune_mixed,Immune_mixed
TCACAAGTCAGACTGT-1,"B_cells,0",B_cells
TCACAAGTCATTGTTC-1,"B_cells,1",B_cells
TCACAAGTCTCTAGGA-1,Immune_mixed,Immune_mixed
TCACACCAGATCACTC-1,"B_cells,0",B_cells
TCACACCAGGTCCGAA-1,Immune_mixed,Immune_mixed
TCACACCCAAATCCCA-1,Immune_mixed,Immune_mixed
TCACACCCACAACATC-1,Immune_mixed,Immune_mixed
TCACACCCACAGGATG-1,Immune_mixed,Immune_mixed
TCACACCCATGAGAAT-1,Immune_mixed,Immune_mixed
TCACACCGTATGCTTG-1,"B_cells,0",B_cells
TCACACCTCACCCTCA-1,"B_cells,1",B_cells
TCACACCTCTACCACC-1,Immune_mixed,Immune_mixed
TCACACCTCTCGAGTA-1,Erythroid,Erythroid
TCACATTAGCTGAAGC-1,Immune_mixed,Immune_mixed
TCACATTCAATGACCT-1,Immune_mixed,Immune_mixed
TCACATTCAGACTGCC-1,Myeloid,Myeloid
TCACATTGTTGAGTCT-1,Myeloid,Myeloid
TCACATTTCCATATGG-1,Immune_mixed,Immune_mixed
TCACATTTCGTTCTCG-1,"B_cells,0",B_cells
TCACATTTCTACGCAA-1,Myeloid,Myeloid
TCACGCTAGGGTAGCT-1,Immune_mixed,Immune_mixed
TCACGCTCAAGATCCT-1,Immune_mixed,Immune_mixed
TCACGCTGTATGTGTC-1,Erythroid,Erythroid
TCACGCTGTTACCTTT-1,Erythroid,Erythroid
TCACGCTTCCTTATCA-1,Immune_mixed,Immune_mixed
TCACGCTTCGATACGT-1,Erythroid,Erythroid
TCACGCTTCTATCACT-1,Immune_mixed,Immune_mixed
TCACGGGAGTCTCGTA-1,Erythroid,Erythroid
TCACGGGAGTGGCAGT-1,Immune_mixed,Immune_mixed
TCACGGGCAAAGGCAC-1,Immune_mixed,Immune_mixed
TCACGGGCACGGCGTT-1,Myeloid,Myeloid
TCACGGGGTCCAGCGT-1,Immune_mixed,Immune_mixed
TCACGGGGTTGTAGCT-1,Immune_mixed,Immune_mixed
TCACGGGTCTTACGGA-1,"B_cells,0",B_cells
TCACTATAGCAAGGAA-1,Immune_mixed,Immune_mixed
TCACTATAGCCATTCA-1,Immune_mixed,Immune_mixed
TCACTATAGGATGAGA-1,Immune_mixed,Immune_mixed
TCACTATAGTTGAAGT-1,Immune_mixed,Immune_mixed
TCACTATCACGCTATA-1,Erythroid,Erythroid
TCACTATGTACTAGCT-1,Immune_mixed,Immune_mixed
TCACTATGTATCGTTG-1,"B_cells,0",B_cells
TCACTATTCGCTTGCT-1,"B_cells,1",B_cells
TCACTATTCTCACCCA-1,Immune_mixed,Immune_mixed
TCACTCGAGCTCGCAC-1,Immune_mixed,Immune_mixed
TCACTCGCAAGTTGGG-1,Immune_mixed,Immune_mixed
TCACTCGCAGGATCTT-1,Erythroid,Erythroid
TCACTCGGTAGGACCA-1,Immune_mixed,Immune_mixed
TCACTCGTCACGAGGA-1,Immune_mixed,Immune_mixed
TCACTCGTCTACCACC-1,Immune_mixed,Immune_mixed
TCAGCAAAGATAACAC-1,Immune_mixed,Immune_mixed
TCAGCAAAGCAGCACA-1,Immune_mixed,Immune_mixed
TCAGCAAAGCTAGATA-1,Immune_mixed,Immune_mixed
TCAGCAAAGGATATAC-1,Immune_mixed,Immune_mixed
TCAGCAAGTGGTTTAC-1,Erythroid,Erythroid
TCAGCAATCAAGGAGC-1,Immune_mixed,Immune_mixed
TCAGCAATCGCAATTG-1,Immune_mixed,Immune_mixed
TCAGCAATCTACCCAC-1,Immune_mixed,Immune_mixed
TCAGCAATCTTACCAT-1,"B_cells,1",B_cells
TCAGCCTAGAGAACCC-1,Myeloid,Myeloid
TCAGCCTAGTGATCGG-1,Immune_mixed,Immune_mixed
TCAGCCTCAAGCGAGT-1,Immune_mixed,Immune_mixed
TCAGCCTCATAACCCA-1,Immune_mixed,Immune_mixed
TCAGCCTCATCCTAAG-1,Immune_mixed,Immune_mixed
TCAGCCTGTATCCTTT-1,Immune_mixed,Immune_mixed
TCAGCCTTCACAACCA-1,Myeloid,Myeloid
TCAGCCTTCCGGCAGT-1,Immune_mixed,Immune_mixed
TCAGGGCAGAAGTCTA-1,Myeloid,Myeloid
TCAGGGCAGCCGCTTG-1,Erythroid,Erythroid
TCAGGGCAGTAATACG-1,Immune_mixed,Immune_mixed
TCAGGGCCAATACAGA-1,Immune_mixed,Immune_mixed
TCAGGGCGTTACGGAG-1,Erythroid,Erythroid
TCAGGGCGTTAGCGGA-1,Immune_mixed,Immune_mixed
TCAGGGCGTTTCGTGA-1,Myeloid,Myeloid
TCAGGGCTCATGGCCG-1,Immune_mixed,Immune_mixed
TCAGGTAAGAATACAC-1,Immune_mixed,Immune_mixed
TCAGGTAAGCAAGGAA-1,Erythroid,Erythroid
TCAGGTACACGGCACT-1,Immune_mixed,Immune_mixed
TCAGGTACACTTCCTG-1,Immune_mixed,Immune_mixed
TCAGGTAGTGCTGCAC-1,Immune_mixed,Immune_mixed
TCAGGTAGTTATCTTC-1,Immune_mixed,Immune_mixed
TCAGTCCAGAACCCGA-1,Erythroid,Erythroid
TCAGTCCAGCCTCTTC-1,Immune_mixed,Immune_mixed
TCAGTCCAGGGTCAAC-1,Immune_mixed,Immune_mixed
TCAGTCCAGTTGAAGT-1,Erythroid,Erythroid
TCAGTCCCATAGAAAC-1,Immune_mixed,Immune_mixed
TCAGTCCGTCTACTGA-1,Immune_mixed,Immune_mixed
TCAGTCCGTTCAAGTC-1,Immune_mixed,Immune_mixed
TCAGTCCTCCATGATG-1,Erythroid,Erythroid
TCAGTGAAGATTAGCA-1,Immune_mixed,Immune_mixed
TCAGTGAAGCCTGTCG-1,Erythroid,Erythroid
TCAGTGACAATGTTGC-1,Immune_mixed,Immune_mixed
TCAGTGACAGAGTAAT-1,Myeloid,Myeloid
TCAGTGACAGCAAGAC-1,Immune_mixed,Immune_mixed
TCAGTGACATCCTTGC-1,Erythroid,Erythroid
TCAGTTTAGAGGCTGT-1,Erythroid,Erythroid
TCAGTTTAGCAATTCC-1,Immune_mixed,Immune_mixed
TCAGTTTAGGGCAATC-1,Immune_mixed,Immune_mixed
TCAGTTTCAGTAGTGG-1,Erythroid,Erythroid
TCAGTTTCATGTACGT-1,Immune_mixed,Immune_mixed
TCAGTTTGTCAATCTG-1,Immune_mixed,Immune_mixed
TCAGTTTTCAACTGAC-1,Immune_mixed,Immune_mixed
TCAGTTTTCAAGTGGG-1,Immune_mixed,Immune_mixed
TCAGTTTTCGCGTGAC-1,Erythroid,Erythroid
TCAGTTTTCTAACGCA-1,Immune_mixed,Immune_mixed
TCAGTTTTCTTACCAT-1,Myeloid,Myeloid
TCATACTAGGTATAGT-1,Erythroid,Erythroid
TCATACTAGTTGCGAG-1,Immune_mixed,Immune_mixed
TCATACTCAGTTCTAG-1,Immune_mixed,Immune_mixed
TCATACTCATAGATCC-1,Immune_mixed,Immune_mixed
TCATACTGTAAGATTG-1,Immune_mixed,Immune_mixed
TCATACTGTTCTCAGA-1,Immune_mixed,Immune_mixed
TCATACTTCCAGTGCG-1,"B_cells,0",B_cells
TCATACTTCGCCTAGG-1,Immune_mixed,Immune_mixed
TCATACTTCTCTCGAC-1,Myeloid,Myeloid
TCATATCAGCGCCATC-1,"B_cells,0",B_cells
TCATATCAGGAACGCT-1,Immune_mixed,Immune_mixed
TCATATCCAATAACGA-1,Immune_mixed,Immune_mixed
TCATATCCACCCTTGT-1,Immune_mixed,Immune_mixed
TCATATCCACGTTCGG-1,Immune_mixed,Immune_mixed
TCATATCCACTGGCCA-1,Immune_mixed,Immune_mixed
TCATATCGTGGTAATA-1,Immune_mixed,Immune_mixed
TCATATCGTTGGCCTG-1,Immune_mixed,Immune_mixed
TCATATCTCAAGAGGC-1,Myeloid,Myeloid
TCATATCTCTCTCAAT-1,Immune_mixed,Immune_mixed
TCATATCTCTCTCTAA-1,Immune_mixed,Immune_mixed
TCATCATAGATCGCCC-1,Immune_mixed,Immune_mixed
TCATCATAGCCATTGT-1,Erythroid,Erythroid
TCATCATAGTTGGAAT-1,Immune_mixed,Immune_mixed
TCATCATCACGAGGTA-1,Myeloid,Myeloid
TCATCATCAGATGCGA-1,Myeloid,Myeloid
TCATCATGTCCACGCA-1,Immune_mixed,Immune_mixed
TCATCATTCCATGATG-1,Immune_mixed,Immune_mixed
TCATCATTCCGATCGG-1,"B_cells,0",B_cells
TCATCATTCCGGTAGC-1,Erythroid,Erythroid
TCATCATTCGTTCTGC-1,Immune_mixed,Immune_mixed
TCATCATTCTACTATC-1,Immune_mixed,Immune_mixed
TCATCATTCTGAACGT-1,Myeloid,Myeloid
TCATCATTCTTCCAGC-1,Immune_mixed,Immune_mixed
TCATCCGAGAGTTGTA-1,Immune_mixed,Immune_mixed
TCATCCGCAAATGAGT-1,Immune_mixed,Immune_mixed
TCATCCGCAACACGTT-1,"B_cells,1",B_cells
TCATCCGCAGCGGTCT-1,Immune_mixed,Immune_mixed
TCATCCGCAGGTCAGA-1,Immune_mixed,Immune_mixed
TCATGAGAGATAGCAT-1,Immune_mixed,Immune_mixed
TCATGAGAGTCCCAGC-1,"B_cells,1",B_cells
TCATGAGGTAACTAAG-1,Erythroid,Erythroid
TCATGAGGTCTCACGG-1,Immune_mixed,Immune_mixed
TCATGAGGTGACGTCC-1,Immune_mixed,Immune_mixed
TCATGAGGTGGAAGTC-1,Immune_mixed,Immune_mixed
TCATGAGTCCTTACCG-1,Immune_mixed,Immune_mixed
TCATGAGTCTATTCGT-1,Immune_mixed,Immune_mixed
TCATGCCAGCAGCACA-1,Erythroid,Erythroid
TCATGCCAGCGACTTT-1,Immune_mixed,Immune_mixed
TCATGCCAGCTGGCCT-1,Erythroid,Erythroid
TCATGCCAGGCATGGT-1,Myeloid,Myeloid
TCATGCCAGTGCAACG-1,Immune_mixed,Immune_mixed
TCATGCCCAACGGCCT-1,Immune_mixed,Immune_mixed
TCATGCCCAATACAGA-1,Immune_mixed,Immune_mixed
TCATGCCCATAATCCG-1,Erythroid,Erythroid
TCATGCCCATCATTGG-1,"B_cells,0",B_cells
TCATGCCGTAGAAACT-1,Immune_mixed,Immune_mixed
TCATGCCGTGCAATGG-1,"B_cells,0",B_cells
TCATGCCTCTCCCATG-1,Erythroid,Erythroid
TCATGCCTCTTTCCAA-1,Erythroid,Erythroid
TCATGGAGTCATGCAT-1,Immune_mixed,Immune_mixed
TCATGGAGTCGCTTGG-1,Immune_mixed,Immune_mixed
TCATGGATCAGCGCAC-1,Immune_mixed,Immune_mixed
TCATGGATCCACAGGC-1,Erythroid,Erythroid
TCATGGATCCATCCGT-1,Immune_mixed,Immune_mixed
TCATGGATCGCGTGCA-1,Immune_mixed,Immune_mixed
TCATGTTAGTTGCTCA-1,Immune_mixed,Immune_mixed
TCATGTTCAACCGTGC-1,Immune_mixed,Immune_mixed
TCATGTTCAGTGCGCT-1,Erythroid,Erythroid
TCATGTTGTGGGTCAA-1,Immune_mixed,Immune_mixed
TCATGTTTCGGTCGGT-1,Immune_mixed,Immune_mixed
TCATGTTTCTTCGGAA-1,"B_cells,1",B_cells
TCATTACAGCATCAAA-1,"B_cells,0",B_cells
TCATTACCAACTTCTT-1,Immune_mixed,Immune_mixed
TCATTACCACAAAGCG-1,Immune_mixed,Immune_mixed
TCATTACCAGCGTAGA-1,"B_cells,0",B_cells
TCATTACCAGGTTCCG-1,Immune_mixed,Immune_mixed
TCATTACGTTCGAACT-1,Immune_mixed,Immune_mixed
TCATTACTCCATCTCG-1,Immune_mixed,Immune_mixed
TCATTACTCCGTGGGT-1,Erythroid,Erythroid
TCATTACTCTGGGCGT-1,Erythroid,Erythroid
TCATTACTCTTTGCAT-1,Immune_mixed,Immune_mixed
TCATTCAAGAATAACC-1,Immune_mixed,Immune_mixed
TCATTCAAGAGTGTGC-1,Immune_mixed,Immune_mixed
TCATTCACAAGTGACG-1,"B_cells,0",B_cells
TCATTCACAATGACCT-1,Immune_mixed,Immune_mixed
TCATTCACACATATCG-1,Erythroid,Erythroid
TCATTCAGTCTCTCTG-1,Immune_mixed,Immune_mixed
TCATTCATCCCGTAAA-1,"B_cells,1",B_cells
TCATTCATCGCTACAA-1,Immune_mixed,Immune_mixed
TCATTGTAGAGCCTGA-1,Immune_mixed,Immune_mixed
TCATTGTAGGTCGTAG-1,Immune_mixed,Immune_mixed
TCATTGTGTGCGAGTA-1,"B_cells,1",B_cells
TCATTGTTCAGGCGAA-1,Immune_mixed,Immune_mixed
TCATTTGAGACGAAGA-1,Immune_mixed,Immune_mixed
TCATTTGAGCACCAGA-1,Immune_mixed,Immune_mixed
TCATTTGAGCAGTACG-1,Immune_mixed,Immune_mixed
TCATTTGAGCGTATAA-1,Immune_mixed,Immune_mixed
TCATTTGAGTGGATAT-1,"B_cells,0",B_cells
TCATTTGCAGGTTCGC-1,Immune_mixed,Immune_mixed
TCATTTGCATATGCGT-1,Immune_mixed,Immune_mixed
TCATTTGCATCCTATT-1,Immune_mixed,Immune_mixed
TCATTTGGTAGCTCGC-1,Immune_mixed,Immune_mixed
TCATTTGTCAACACCA-1,Immune_mixed,Immune_mixed
TCATTTGTCACTACGA-1,Myeloid,Myeloid
TCATTTGTCCGTGACG-1,Immune_mixed,Immune_mixed
TCATTTGTCTACTGCC-1,Immune_mixed,Immune_mixed
TCCACCAAGGCACTAG-1,Immune_mixed,Immune_mixed
TCCACCACATTGCCTC-1,Immune_mixed,Immune_mixed
TCCACCAGTCACCACG-1,Immune_mixed,Immune_mixed
TCCACCAGTGGCCTCA-1,Immune_mixed,Immune_mixed
TCCACCATCAAATGCC-1,Immune_mixed,Immune_mixed
TCCACCATCATTGAGC-1,Erythroid,Erythroid
TCCACCATCGTGTGGC-1,Immune_mixed,Immune_mixed
TCCACCATCGTTAGAC-1,"B_cells,1",B_cells
TCCACCATCTCAGAAC-1,Immune_mixed,Immune_mixed
TCCACGTAGCGTGAAC-1,Erythroid,Erythroid
TCCACGTAGGATTTGA-1,Immune_mixed,Immune_mixed
TCCACGTAGGGACTGT-1,Myeloid,Myeloid
TCCACGTAGTGAGTGC-1,Myeloid,Myeloid
TCCACGTCAAGAGTGC-1,Erythroid,Erythroid
TCCACGTGTAGAAACT-1,Erythroid,Erythroid
TCCACGTGTCCTACGG-1,Immune_mixed,Immune_mixed
TCCAGAAAGAGAGCCT-1,Immune_mixed,Immune_mixed
TCCAGAAAGCACCTGC-1,Myeloid,Myeloid
TCCAGAAGTGTACATC-1,Immune_mixed,Immune_mixed
TCCAGAATCCGTCAAA-1,Myeloid,Myeloid
TCCATCGAGACATGCG-1,Immune_mixed,Immune_mixed
TCCATCGAGAGAGCGG-1,Immune_mixed,Immune_mixed
TCCATCGAGGTCGTGA-1,Immune_mixed,Immune_mixed
TCCATCGAGTCAGGGT-1,Myeloid,Myeloid
TCCATCGGTATAGGAT-1,Erythroid,Erythroid
TCCATCGGTATCCTCC-1,Immune_mixed,Immune_mixed
TCCATCGGTGAATGTA-1,Erythroid,Erythroid
TCCATCGTCATGGATC-1,Immune_mixed,Immune_mixed
TCCATCGTCCACTAGA-1,Immune_mixed,Immune_mixed
TCCATGCAGCTCGCAC-1,Immune_mixed,Immune_mixed
TCCATGCAGGGAGAAT-1,"B_cells,0",B_cells
TCCATGCAGGTCCCGT-1,Immune_mixed,Immune_mixed
TCCATGCAGTATGGAT-1,Immune_mixed,Immune_mixed
TCCATGCCAACAAAGT-1,Immune_mixed,Immune_mixed
TCCATGCGTCGAACAG-1,Immune_mixed,Immune_mixed
TCCATGCTCTGGAGAG-1,Immune_mixed,Immune_mixed
TCCCACAAGACTTCAC-1,Erythroid,Erythroid
TCCCACAAGCTCTTCC-1,Myeloid,Myeloid
TCCCACACAAGACGGT-1,Erythroid,Erythroid
TCCCACACACAGCCAC-1,Immune_mixed,Immune_mixed
TCCCACACACCTATCC-1,Immune_mixed,Immune_mixed
TCCCACACACGACTAT-1,"B_cells,1",B_cells
TCCCACAGTACTAGCT-1,Erythroid,Erythroid
TCCCACAGTGATAGTA-1,Immune_mixed,Immune_mixed
TCCCACATCAAGCCTA-1,Erythroid,Erythroid
TCCCACATCGGTTAGT-1,Immune_mixed,Immune_mixed
TCCCACATCTGGGCGT-1,Immune_mixed,Immune_mixed
TCCCAGTCAAGCACAG-1,Immune_mixed,Immune_mixed
TCCCAGTCACCGTGAC-1,Myeloid,Myeloid
TCCCAGTCACTCCGGA-1,Immune_mixed,Immune_mixed
TCCCAGTGTACAGAGC-1,Erythroid,Erythroid
TCCCAGTGTACTGGGA-1,Erythroid,Erythroid
TCCCAGTGTGCCTGCA-1,Erythroid,Erythroid
TCCCATGCAGCGAACA-1,Immune_mixed,Immune_mixed
TCCCATGGTGACACGA-1,"B_cells,1",B_cells
TCCCATGTCGTGCTCT-1,"B_cells,0",B_cells
TCCGAAAAGAGATCGC-1,Immune_mixed,Immune_mixed
TCCGAAAAGTACAGAT-1,Immune_mixed,Immune_mixed
TCCGAAACATGACTTG-1,"B_cells,0",B_cells
TCCGAAAGTCACAGTT-1,Immune_mixed,Immune_mixed
TCCGAAAGTGAGTGAC-1,Immune_mixed,Immune_mixed
TCCGAAAGTGGCAGAT-1,Immune_mixed,Immune_mixed
TCCGAAATCTTACCAT-1,Immune_mixed,Immune_mixed
TCCGATCAGAGGCGTT-1,Immune_mixed,Immune_mixed
TCCGATCAGGCATCGA-1,Immune_mixed,Immune_mixed
TCCGATCCACCGTCTT-1,Immune_mixed,Immune_mixed
TCCGATCCATAGATCC-1,Immune_mixed,Immune_mixed
TCCGATCGTATGGTTC-1,Erythroid,Erythroid
TCCGATCGTCAGCGTC-1,Erythroid,Erythroid
TCCGATCGTCATAGTC-1,Immune_mixed,Immune_mixed
TCCGATCGTGCCTTTC-1,Immune_mixed,Immune_mixed
TCCGATCTCCCTCTAG-1,Myeloid,Myeloid
TCCGGGAAGATAGTGT-1,Erythroid,Erythroid
TCCGGGAAGTATTAGG-1,Erythroid,Erythroid
TCCGGGAAGTTGCGAG-1,"B_cells,0",B_cells
TCCGGGACAAGTGACG-1,Erythroid,Erythroid
TCCGGGACAGTGTGGA-1,Immune_mixed,Immune_mixed
TCCGGGAGTAAGATCA-1,Immune_mixed,Immune_mixed
TCCGGGAGTGTTCCTC-1,Myeloid,Myeloid
TCCGGGATCACCCTGT-1,Erythroid,Erythroid
TCCGGGATCCTTGACC-1,Immune_mixed,Immune_mixed
TCCGTGTTCTCCTGTG-1,Erythroid,Erythroid
TCCTAATAGTAAAGCT-1,Immune_mixed,Immune_mixed
TCCTAATAGTATCTGC-1,Immune_mixed,Immune_mixed
TCCTAATAGTGCCGAA-1,Erythroid,Erythroid
TCCTAATCAAACAGGC-1,Erythroid,Erythroid
TCCTAATGTCTCACGG-1,Immune_mixed,Immune_mixed
TCCTAATGTGTGAGCA-1,Erythroid,Erythroid
TCCTCCCAGCACTCAT-1,"B_cells,1",B_cells
TCCTCCCAGTAAGAGG-1,Immune_mixed,Immune_mixed
TCCTCCCAGTCCCAAT-1,Immune_mixed,Immune_mixed
TCCTCCCGTTCGGCGT-1,Immune_mixed,Immune_mixed
TCCTCCCTCGAAGCAG-1,Immune_mixed,Immune_mixed
TCCTCCCTCGAGAAGC-1,Myeloid,Myeloid
TCCTCGAAGCACTTTG-1,"B_cells,0",B_cells
TCCTCGAAGTATTCCG-1,Immune_mixed,Immune_mixed
TCCTCGACAATTCGTG-1,Immune_mixed,Immune_mixed
TCCTCGACAGTCGGAA-1,Erythroid,Erythroid
TCCTCGAGTCACCACG-1,Immune_mixed,Immune_mixed
TCCTCGATCTCCGAAA-1,Immune_mixed,Immune_mixed
TCCTCGATCTGATGGT-1,Erythroid,Erythroid
TCCTCTTAGACCGTTT-1,Immune_mixed,Immune_mixed
TCCTCTTAGGGAGAAT-1,Erythroid,Erythroid
TCCTCTTAGTAAGACT-1,Immune_mixed,Immune_mixed
TCCTCTTCAAAGCGTG-1,"B_cells,0",B_cells
TCCTCTTCAATACCTG-1,Immune_mixed,Immune_mixed
TCCTCTTCACGGGCTT-1,Erythroid,Erythroid
TCCTCTTCAGTGGTGA-1,Erythroid,Erythroid
TCCTCTTGTAAGATCA-1,"B_cells,1",B_cells
TCCTCTTTCGCCGAGT-1,Immune_mixed,Immune_mixed
TCCTCTTTCGGAGTAG-1,Myeloid,Myeloid
TCCTCTTTCTATCGTT-1,Erythroid,Erythroid
TCCTGCAAGTACTGGG-1,Immune_mixed,Immune_mixed
TCCTGCACAAATAAGC-1,Immune_mixed,Immune_mixed
TCCTGCACACGCACCA-1,Erythroid,Erythroid
TCCTGCACAGCGTATT-1,Erythroid,Erythroid
TCCTGCACAGCTGTGC-1,Erythroid,Erythroid
TCCTGCACATCTTAGG-1,Immune_mixed,Immune_mixed
TCCTGCACATGTACGT-1,Immune_mixed,Immune_mixed
TCCTGCAGTTCTTGTT-1,Immune_mixed,Immune_mixed
TCCTGCAGTTTCGACA-1,Erythroid,Erythroid
TCCTGCATCCACTTCG-1,Erythroid,Erythroid
TCCTGCATCGTAGGGA-1,Immune_mixed,Immune_mixed
TCCTTCTAGTATAACG-1,Erythroid,Erythroid
TCCTTCTCAGCTGAAG-1,Immune_mixed,Immune_mixed
TCCTTCTGTATTCTCT-1,Immune_mixed,Immune_mixed
TCCTTCTGTCACTCAA-1,Immune_mixed,Immune_mixed
TCCTTTCAGACTTCGT-1,Immune_mixed,Immune_mixed
TCCTTTCCAAGCTGTT-1,"B_cells,0",B_cells
TCCTTTCGTGCTTATG-1,"B_cells,0",B_cells
TCCTTTCGTGGTCCGT-1,"B_cells,1",B_cells
TCCTTTCTCGACGTCG-1,Immune_mixed,Immune_mixed
TCGAACAAGCTCTGTA-1,Immune_mixed,Immune_mixed
TCGAACACATGAAAGT-1,Immune_mixed,Immune_mixed
TCGAACATCGAGAATA-1,Immune_mixed,Immune_mixed
TCGAAGTCAACAGATA-1,Immune_mixed,Immune_mixed
TCGAAGTCAAGTAGTA-1,Immune_mixed,Immune_mixed
TCGAAGTCAGAATTCC-1,Immune_mixed,Immune_mixed
TCGAAGTCATTCTCCG-1,Erythroid,Erythroid
TCGAAGTGTCCGTTTC-1,Erythroid,Erythroid
TCGAAGTGTTGCGTAT-1,Immune_mixed,Immune_mixed
TCGAAGTTCAAATGCC-1,Immune_mixed,Immune_mixed
TCGAAGTTCACTCCGT-1,Immune_mixed,Immune_mixed
TCGAAGTTCAGAGTGG-1,Erythroid,Erythroid
TCGAAGTTCAGTCAGT-1,Immune_mixed,Immune_mixed
TCGAAGTTCCGGCAGT-1,Erythroid,Erythroid
TCGAAGTTCCTAACAG-1,Immune_mixed,Immune_mixed
TCGAAGTTCTTCGCTG-1,Myeloid,Myeloid
TCGAAGTTCTTCGGTC-1,"B_cells,0",B_cells
TCGACCTAGCCTATCA-1,Immune_mixed,Immune_mixed
TCGACCTCAAATACGA-1,"B_cells,1",B_cells
TCGACCTCAGCTGTCG-1,Erythroid,Erythroid
TCGACCTCAGTCAGTT-1,Immune_mixed,Immune_mixed
TCGACCTGTGGCCCAT-1,Myeloid,Myeloid
TCGACGGAGACGTCGA-1,Immune_mixed,Immune_mixed
TCGACGGAGAGACAAG-1,Erythroid,Erythroid
TCGACGGAGCTGAAGC-1,Immune_mixed,Immune_mixed
TCGACGGCAACCGTGC-1,"B_cells,1",B_cells
TCGACGGCAGCTACCG-1,"B_cells,0",B_cells
TCGACGGCAGCTTTCC-1,Immune_mixed,Immune_mixed
TCGACGGGTCGTCTCT-1,Immune_mixed,Immune_mixed
TCGACGGGTCTGTGTA-1,Immune_mixed,Immune_mixed
TCGACGGTCACTTGTT-1,Immune_mixed,Immune_mixed
TCGACGGTCATTACCT-1,Immune_mixed,Immune_mixed
TCGACGGTCCGTAGGC-1,Immune_mixed,Immune_mixed
TCGACGGTCTACCAGA-1,Immune_mixed,Immune_mixed
TCGATTTCAGACATCT-1,Immune_mixed,Immune_mixed
TCGATTTGTATCGTTG-1,Immune_mixed,Immune_mixed
TCGATTTGTGGGTATG-1,Immune_mixed,Immune_mixed
TCGATTTGTTGTCAGT-1,Erythroid,Erythroid
TCGATTTTCAGCGCGT-1,Myeloid,Myeloid
TCGATTTTCCCTGGTT-1,Immune_mixed,Immune_mixed
TCGATTTTCTCACGAA-1,Immune_mixed,Immune_mixed
TCGATTTTCTCTCCGA-1,Immune_mixed,Immune_mixed
TCGCACTAGCGTTACT-1,Erythroid,Erythroid
TCGCACTAGGTGCAGT-1,Erythroid,Erythroid
TCGCACTCAATCGCGC-1,Immune_mixed,Immune_mixed
TCGCACTGTATAATGG-1,Immune_mixed,Immune_mixed
TCGCACTGTATTGCCA-1,Myeloid,Myeloid
TCGCACTGTCCCAAAT-1,Myeloid,Myeloid
TCGCACTTCATCTATC-1,Immune_mixed,Immune_mixed
TCGCACTTCGAATCCA-1,Myeloid,Myeloid
TCGCACTTCTAAGAAG-1,Immune_mixed,Immune_mixed
TCGCAGGAGATTAGTG-1,Immune_mixed,Immune_mixed
TCGCAGGAGATTTGCC-1,Immune_mixed,Immune_mixed
TCGCAGGAGCCTTGAT-1,Immune_mixed,Immune_mixed
TCGCAGGAGCGACTTT-1,Immune_mixed,Immune_mixed
TCGCAGGAGCGTCGAA-1,Immune_mixed,Immune_mixed
TCGCAGGCAAACTAGA-1,"B_cells,0",B_cells
TCGCAGGCAATATCCG-1,Immune_mixed,Immune_mixed
TCGCAGGGTGACTGAG-1,Immune_mixed,Immune_mixed
TCGCAGGGTGTCCATA-1,"B_cells,1",B_cells
TCGCAGGTCTATACGG-1,Immune_mixed,Immune_mixed
TCGCAGGTCTCAGTCC-1,Immune_mixed,Immune_mixed
TCGCTCAAGGCACTCC-1,Immune_mixed,Immune_mixed
TCGCTCACAGCCGGTT-1,Immune_mixed,Immune_mixed
TCGCTCACATGACTAC-1,Immune_mixed,Immune_mixed
TCGCTCACATGTACGT-1,Immune_mixed,Immune_mixed
TCGCTCACATTGGATC-1,Immune_mixed,Immune_mixed
TCGCTCAGTAATGCGG-1,Immune_mixed,Immune_mixed
TCGCTCAGTAGGACCA-1,"B_cells,1",B_cells
TCGCTCAGTCACTCGG-1,Erythroid,Erythroid
TCGCTCATCCCTCAAC-1,Erythroid,Erythroid
TCGCTCATCGCAGATT-1,"B_cells,0",B_cells
TCGCTCATCGCTCTCA-1,Immune_mixed,Immune_mixed
TCGCTTGAGACGCCAA-1,Immune_mixed,Immune_mixed
TCGCTTGCAATGAACA-1,Immune_mixed,Immune_mixed
TCGCTTGGTCATCCGG-1,Immune_mixed,Immune_mixed
TCGCTTGGTGCCCAGT-1,Immune_mixed,Immune_mixed
TCGCTTGGTGTTGACT-1,Immune_mixed,Immune_mixed
TCGCTTGGTTGTCAGT-1,Immune_mixed,Immune_mixed
TCGCTTGTCAATCTCT-1,Immune_mixed,Immune_mixed
TCGCTTGTCACAACCA-1,Immune_mixed,Immune_mixed
TCGCTTGTCTTAGCTT-1,Erythroid,Erythroid
TCGGATAAGAGCGACT-1,Immune_mixed,Immune_mixed
TCGGATAAGATGCTAA-1,Immune_mixed,Immune_mixed
TCGGATAAGGCTAACG-1,Immune_mixed,Immune_mixed
TCGGATAAGTATGCAA-1,Immune_mixed,Immune_mixed
TCGGATAAGTGATGGC-1,Immune_mixed,Immune_mixed
TCGGATACAATGACCT-1,"B_cells,0",B_cells
TCGGATACATGATCTG-1,Immune_mixed,Immune_mixed
TCGGATAGTGAGAACC-1,Myeloid,Myeloid
TCGGATAGTTGGAGAC-1,Immune_mixed,Immune_mixed
TCGGATATCACCACAA-1,Erythroid,Erythroid
TCGGATATCGGAGATG-1,Erythroid,Erythroid
TCGGATATCGTAACTG-1,Erythroid,Erythroid
TCGGATATCTACACTT-1,Immune_mixed,Immune_mixed
TCGGGACCACCAGCTG-1,Erythroid,Erythroid
TCGGGACCACTTCATT-1,Immune_mixed,Immune_mixed
TCGGGACCAGAAACCG-1,Erythroid,Erythroid
TCGGGACCAGCCTACG-1,Immune_mixed,Immune_mixed
TCGGGACGTAATTAGG-1,Erythroid,Erythroid
TCGGGACGTAGCTTAC-1,Erythroid,Erythroid
TCGGGACGTGGAGGTT-1,"B_cells,0",B_cells
TCGGGACTCATCGCAA-1,"B_cells,0",B_cells
TCGGGACTCGGTCATA-1,Immune_mixed,Immune_mixed
TCGGGACTCGTAGGGA-1,Immune_mixed,Immune_mixed
TCGGGCAAGACGACTG-1,Myeloid,Myeloid
TCGGGCAAGGCTCCCA-1,Immune_mixed,Immune_mixed
TCGGGCACACTATCCC-1,Erythroid,Erythroid
TCGGGCACAGACCCGT-1,Immune_mixed,Immune_mixed
TCGGGCACAGCTTCCT-1,Immune_mixed,Immune_mixed
TCGGGCAGTCAAGGCA-1,"B_cells,0",B_cells
TCGGGCATCGGCTATA-1,Immune_mixed,Immune_mixed
TCGGGCATCGTAGGAG-1,Immune_mixed,Immune_mixed
TCGGGCATCTACTGAG-1,Erythroid,Erythroid
TCGGGCATCTGTACAG-1,Immune_mixed,Immune_mixed
TCGGGTGAGAATTCAG-1,Immune_mixed,Immune_mixed
TCGGGTGAGAGAGCGG-1,Immune_mixed,Immune_mixed
TCGGGTGAGCGTATGG-1,Immune_mixed,Immune_mixed
TCGGGTGAGGTGCCTC-1,Immune_mixed,Immune_mixed
TCGGGTGCATCCTAAG-1,Immune_mixed,Immune_mixed
TCGGGTGGTATACGGG-1,Erythroid,Erythroid
TCGGGTGGTTTCCCAC-1,Erythroid,Erythroid
TCGGGTGTCAAACGTC-1,"B_cells,0",B_cells
TCGGTCTAGATTTGCC-1,Immune_mixed,Immune_mixed
TCGGTCTAGCGAGGAG-1,Myeloid,Myeloid
TCGGTCTAGCGGTAAC-1,"B_cells,1",B_cells
TCGGTCTCAAAGGTTA-1,Immune_mixed,Immune_mixed
TCGGTCTCAACCAACT-1,Erythroid,Erythroid
TCGGTCTCAGAGTTGG-1,Immune_mixed,Immune_mixed
TCGGTCTCATTGCTGA-1,Immune_mixed,Immune_mixed
TCGGTCTGTAGAATAC-1,Immune_mixed,Immune_mixed
TCGGTCTGTGCGCTCA-1,Erythroid,Erythroid
TCGGTCTTCACGGGAA-1,Immune_mixed,Immune_mixed
TCGGTCTTCCATTGGA-1,Immune_mixed,Immune_mixed
TCGGTCTTCTACGGTA-1,Immune_mixed,Immune_mixed
TCGGTCTTCTCTCTAA-1,Immune_mixed,Immune_mixed
TCGTAGAAGTCCCTAA-1,Erythroid,Erythroid
TCGTAGAAGTTGAATG-1,Immune_mixed,Immune_mixed
TCGTAGACAGGCATTT-1,"B_cells,0",B_cells
TCGTAGAGTACTTGTG-1,Erythroid,Erythroid
TCGTAGAGTGGCCCAT-1,Immune_mixed,Immune_mixed
TCGTAGATCCACGAAT-1,"B_cells,0",B_cells
TCGTAGATCCGAAGGA-1,"B_cells,0",B_cells
TCGTCCAAGTGCTCAT-1,Erythroid,Erythroid
TCGTCCACACATCCCT-1,Erythroid,Erythroid
TCGTCCACACATTCTT-1,Immune_mixed,Immune_mixed
TCGTCCACACTGGATT-1,"B_cells,0",B_cells
TCGTCCACAGCACGAA-1,Immune_mixed,Immune_mixed
TCGTCCAGTGAGTTGG-1,Erythroid,Erythroid
TCGTCCATCCTATTGT-1,Immune_mixed,Immune_mixed
TCGTGCTAGCATTTGC-1,Immune_mixed,Immune_mixed
TCGTGCTGTATGTCCA-1,Immune_mixed,Immune_mixed
TCGTGCTGTTATTCTC-1,Erythroid,Erythroid
TCGTGCTTCATGCATG-1,Immune_mixed,Immune_mixed
TCGTGCTTCATTTCCA-1,Erythroid,Erythroid
TCGTGCTTCCCAAGCG-1,Erythroid,Erythroid
TCGTGCTTCTGCACCT-1,Erythroid,Erythroid
TCGTGGGAGCGGATCA-1,"B_cells,0",B_cells
TCGTGGGCATCCGAGC-1,Immune_mixed,Immune_mixed
TCGTGGGGTCTCACGG-1,Erythroid,Erythroid
TCGTGGGGTCTTACTT-1,Immune_mixed,Immune_mixed
TCGTGGGTCACTTATC-1,Immune_mixed,Immune_mixed
TCGTGGGTCAGGAACG-1,Erythroid,Erythroid
TCGTGGGTCGCAATGT-1,Erythroid,Erythroid
TCGTGGGTCGTTCTGC-1,Immune_mixed,Immune_mixed
TCTAACTAGAGTAACT-1,Immune_mixed,Immune_mixed
TCTAACTGTAATCAGA-1,Immune_mixed,Immune_mixed
TCTAACTGTACTCAAC-1,Immune_mixed,Immune_mixed
TCTAACTGTTCAAGGG-1,Immune_mixed,Immune_mixed
TCTAACTGTTGATCGT-1,Erythroid,Erythroid
TCTAACTTCAAACCCA-1,Erythroid,Erythroid
TCTAACTTCCTGTTAT-1,Immune_mixed,Immune_mixed
TCTAACTTCGGTCGGT-1,Immune_mixed,Immune_mixed
TCTAACTTCGTGTGAT-1,Immune_mixed,Immune_mixed
TCTACATAGAGCCTGA-1,Immune_mixed,Immune_mixed
TCTACATAGAGGCGGA-1,Immune_mixed,Immune_mixed
TCTACATCACTTTATC-1,Erythroid,Erythroid
TCTACATGTACGGTTT-1,"B_cells,0",B_cells
TCTACATGTAGCTTAC-1,Erythroid,Erythroid
TCTACATGTTGCGGAA-1,Erythroid,Erythroid
TCTACATTCCGAGGCT-1,Immune_mixed,Immune_mixed
TCTACCGAGCTCGCAC-1,Erythroid,Erythroid
TCTACCGCAACTGCCG-1,Erythroid,Erythroid
TCTACCGGTAGACTGG-1,Myeloid,Myeloid
TCTATACAGATACCAA-1,Erythroid,Erythroid
TCTATACAGCACTTTG-1,Immune_mixed,Immune_mixed
TCTATACAGGGTAATT-1,"B_cells,0",B_cells
TCTATACCAACATACC-1,Erythroid,Erythroid
TCTATACCAATAGTAG-1,"B_cells,0",B_cells
TCTATACCATGGGTCC-1,Immune_mixed,Immune_mixed
TCTATACTCGTACCTC-1,Immune_mixed,Immune_mixed
TCTATCAAGGTCCTGC-1,Immune_mixed,Immune_mixed
TCTATCAAGTGTTGAA-1,Immune_mixed,Immune_mixed
TCTATCACAACCGTGC-1,Immune_mixed,Immune_mixed
TCTATCACACAAAGTA-1,Immune_mixed,Immune_mixed
TCTATCACATTGTACG-1,Immune_mixed,Immune_mixed
TCTATCAGTGTAAACA-1,Immune_mixed,Immune_mixed
TCTATCAGTTGGAGAC-1,"B_cells,1",B_cells
TCTATCATCTGTGTGA-1,Immune_mixed,Immune_mixed
TCTCACGAGTTGGAGC-1,"B_cells,0",B_cells
TCTCACGCACGGTGAA-1,Immune_mixed,Immune_mixed
TCTCACGGTACAAGCG-1,Immune_mixed,Immune_mixed
TCTCACGGTACAGAAT-1,Immune_mixed,Immune_mixed
TCTCACGGTATCGTAC-1,Myeloid,Myeloid
TCTCACGGTGCAATAA-1,Immune_mixed,Immune_mixed
TCTCACGTCATGCATG-1,Immune_mixed,Immune_mixed
TCTCACGTCCACTTTA-1,Erythroid,Erythroid
TCTCACGTCCTACGGG-1,"B_cells,0",B_cells
TCTCACGTCTTTGGAG-1,Immune_mixed,Immune_mixed
TCTCAGCAGAACGCGT-1,Immune_mixed,Immune_mixed
TCTCAGCAGACAACAT-1,"B_cells,0",B_cells
TCTCAGCAGGAGAGGC-1,Immune_mixed,Immune_mixed
TCTCAGCAGGCTAAAT-1,Immune_mixed,Immune_mixed
TCTCAGCAGGTGATAT-1,Erythroid,Erythroid
TCTCAGCCACAATGCT-1,Immune_mixed,Immune_mixed
TCTCAGCCAGCGACCT-1,Immune_mixed,Immune_mixed
TCTCAGCCATAGGAGC-1,Immune_mixed,Immune_mixed
TCTCAGCGTAGAGACC-1,Erythroid,Erythroid
TCTCAGCGTTATAGCC-1,Immune_mixed,Immune_mixed
TCTCAGCTCGTAGGGA-1,Erythroid,Erythroid
TCTCCGAAGACGGAAA-1,Erythroid,Erythroid
TCTCCGAAGGGACACT-1,Immune_mixed,Immune_mixed
TCTCCGACACGGGTAA-1,Immune_mixed,Immune_mixed
TCTCCGAGTAGATGTA-1,Immune_mixed,Immune_mixed
TCTCCGAGTTAGGGAC-1,Erythroid,Erythroid
TCTCCGATCAGTGTTG-1,Immune_mixed,Immune_mixed
TCTCCGATCCTGGGTG-1,Immune_mixed,Immune_mixed
TCTCCGATCGCTAATG-1,Immune_mixed,Immune_mixed
TCTCCGATCTATTCGT-1,Myeloid,Myeloid
TCTCCGATCTCATTTG-1,Erythroid,Erythroid
TCTCTGGCAGAGGACT-1,Immune_mixed,Immune_mixed
TCTCTGGCAGTTTCAG-1,Immune_mixed,Immune_mixed
TCTCTGGGTCGTGGAA-1,Erythroid,Erythroid
TCTCTGGTCACAATGC-1,Immune_mixed,Immune_mixed
TCTCTGGTCGAGGCAA-1,Immune_mixed,Immune_mixed
TCTCTGGTCGTTGCCT-1,"B_cells,0",B_cells
TCTCTGGTCTTACACT-1,"B_cells,0",B_cells
TCTGCCACACCCTAAA-1,Immune_mixed,Immune_mixed
TCTGCCAGTAGCGAGT-1,"B_cells,0",B_cells
TCTGCCAGTCACAATC-1,Immune_mixed,Immune_mixed
TCTGCCAGTCCCGGTA-1,Erythroid,Erythroid
TCTGCCAGTTCGGCCA-1,Erythroid,Erythroid
TCTGCCATCAAAGGTA-1,Immune_mixed,Immune_mixed
TCTGCCATCCAACTGA-1,Immune_mixed,Immune_mixed
TCTGCCATCCCTTGTG-1,Myeloid,Myeloid
TCTGGCTAGGGATCGT-1,"B_cells,0",B_cells
TCTGGCTAGTACCATC-1,Erythroid,Erythroid
TCTGGCTCAACAGCCC-1,Erythroid,Erythroid
TCTGGCTCACACGGTC-1,Immune_mixed,Immune_mixed
TCTGGCTTCAGAGCAG-1,Immune_mixed,Immune_mixed
TCTGGCTTCCTATTGT-1,Erythroid,Erythroid
TCTGGCTTCGACGCTG-1,Immune_mixed,Immune_mixed
TCTGGCTTCTCAGTCC-1,Immune_mixed,Immune_mixed
TCTGGCTTCTTGCGCT-1,Immune_mixed,Immune_mixed
TCTGTCGAGAGAAGGT-1,Immune_mixed,Immune_mixed
TCTGTCGCACCGTCGA-1,Immune_mixed,Immune_mixed
TCTGTCGCATTAAAGG-1,"B_cells,1",B_cells
TCTGTCGGTACAGAGC-1,Myeloid,Myeloid
TCTGTCGGTACCTAGT-1,Immune_mixed,Immune_mixed
TCTGTCGGTGATACTC-1,Erythroid,Erythroid
TCTGTCGGTGGAATGC-1,Immune_mixed,Immune_mixed
TCTGTCGTCGTAGTCA-1,Erythroid,Erythroid
TCTGTCGTCTGGGTCG-1,Immune_mixed,Immune_mixed
TCTTAGTAGGAAGTGA-1,Myeloid,Myeloid
TCTTAGTAGTCCTGTA-1,Immune_mixed,Immune_mixed
TCTTAGTAGTGTACAA-1,Erythroid,Erythroid
TCTTAGTCAGGTTTAC-1,Immune_mixed,Immune_mixed
TCTTAGTCAGTCGCAC-1,Immune_mixed,Immune_mixed
TCTTAGTCATCCGCGA-1,Immune_mixed,Immune_mixed
TCTTAGTGTATACAGA-1,Immune_mixed,Immune_mixed
TCTTAGTGTCGGCACT-1,Immune_mixed,Immune_mixed
TCTTAGTGTTAGGCCC-1,Immune_mixed,Immune_mixed
TCTTAGTGTTTCGTAG-1,Immune_mixed,Immune_mixed
TCTTAGTTCATGCATG-1,Immune_mixed,Immune_mixed
TCTTAGTTCCAGCACG-1,Immune_mixed,Immune_mixed
TCTTAGTTCGTCCATC-1,Erythroid,Erythroid
TCTTCCTCAATAAGGT-1,Erythroid,Erythroid
TCTTCCTGTAAGGAGA-1,Myeloid,Myeloid
TCTTCCTGTAGGATAT-1,Immune_mixed,Immune_mixed
TCTTCCTGTATCACGT-1,Immune_mixed,Immune_mixed
TCTTCCTGTTTAGTCG-1,Erythroid,Erythroid
TCTTCCTTCGCTAGCG-1,Erythroid,Erythroid
TCTTCCTTCGTCAGAT-1,Immune_mixed,Immune_mixed
TCTTGCGAGAGTCGAC-1,Myeloid,Myeloid
TCTTGCGAGATCCAAA-1,Erythroid,Erythroid
TCTTGCGAGGGCCCTT-1,Immune_mixed,Immune_mixed
TCTTGCGAGTCCGTCG-1,Immune_mixed,Immune_mixed
TCTTGCGGTCACCCTT-1,"B_cells,0",B_cells
TCTTGCGGTCTGTGTA-1,Immune_mixed,Immune_mixed
TCTTGCGTCCACCCTA-1,Myeloid,Myeloid
TCTTTGAAGACCTGGA-1,Immune_mixed,Immune_mixed
TCTTTGAAGCTAGAAT-1,Immune_mixed,Immune_mixed
TCTTTGACAATCCTTT-1,Immune_mixed,Immune_mixed
TCTTTGACAGGGACTA-1-1,Erythroid,Erythroid
TCTTTGACATCCGGCA-1,Immune_mixed,Immune_mixed
TCTTTGAGTATGTCTG-1,Immune_mixed,Immune_mixed
TCTTTGAGTGATAGAT-1,Erythroid,Erythroid
TGAACGTAGCGAGTAC-1,Erythroid,Erythroid
TGAACGTAGCTGACTT-1,Erythroid,Erythroid
TGAACGTCAAGCTGCC-1,Immune_mixed,Immune_mixed
TGAACGTCACATACTG-1,Immune_mixed,Immune_mixed
TGAACGTCAGACCTAT-1,Erythroid,Erythroid
TGAATCGAGAATCGAT-1,Immune_mixed,Immune_mixed
TGAATCGAGTAAGCAT-1,Immune_mixed,Immune_mixed
TGAATCGCAAGCACAG-1,Erythroid,Erythroid
TGAATCGCATGGCTGC-1,Immune_mixed,Immune_mixed
TGAATCGGTCGGCTAC-1,Erythroid,Erythroid
TGAATCGGTTGAGGAC-1,Erythroid,Erythroid
TGAATCGGTTTGGGAG-1,Immune_mixed,Immune_mixed
TGAATCGTCTGAGGTT-1,Immune_mixed,Immune_mixed
TGAATCGTCTTTCCGG-1,Immune_mixed,Immune_mixed
TGAATGCAGTAGAATC-1,Immune_mixed,Immune_mixed
TGAATGCCAGTCTACA-1,Immune_mixed,Immune_mixed
TGAATGCGTACAACGG-1,Immune_mixed,Immune_mixed
TGAATGCGTTCAATCG-1,Immune_mixed,Immune_mixed
TGAATGCTCACTGGTA-1,Immune_mixed,Immune_mixed
TGAATGCTCGACGCTG-1,Erythroid,Erythroid
TGACAGTAGATTGACA-1,Immune_mixed,Immune_mixed
TGACAGTAGCAACTCT-1,Erythroid,Erythroid
TGACAGTAGCGACTGA-1,Immune_mixed,Immune_mixed
TGACAGTAGTCTAACC-1,Immune_mixed,Immune_mixed
TGACAGTAGTTACGGG-1,Erythroid,Erythroid
TGACAGTCACAGCTGC-1,Erythroid,Erythroid
TGACAGTCATGGCTGC-1,Immune_mixed,Immune_mixed
TGACAGTGTAGCTAAA-1,"B_cells,0",B_cells
TGACAGTGTTTAAGGA-1,Erythroid,Erythroid
TGACAGTTCACTGGGC-1,Immune_mixed,Immune_mixed
TGACCCTAGTAACAGT-1,Immune_mixed,Immune_mixed
TGACCCTGTAGAGACC-1,Immune_mixed,Immune_mixed
TGACCCTTCACAGTGT-1,Immune_mixed,Immune_mixed
TGACCCTTCTCGTCAC-1,Erythroid,Erythroid
TGACCCTTCTGTGCTC-1,Immune_mixed,Immune_mixed
TGACGCGAGATCGCTT-1,Erythroid,Erythroid
TGACGCGAGTGGTTCT-1,Immune_mixed,Immune_mixed
TGACGCGCACACCGCA-1,Erythroid,Erythroid
TGACGCGCATGAGATA-1,"B_cells,0",B_cells
TGACGCGTCCCGAGAC-1,Erythroid,Erythroid
TGACGCGTCCGTGCGA-1,Immune_mixed,Immune_mixed
TGACGCGTCGGTGTTA-1,Immune_mixed,Immune_mixed
TGACTCCCAAATGAAC-1,Immune_mixed,Immune_mixed
TGACTCCCAGGTCAAG-1,Erythroid,Erythroid
TGACTCCGTACAGCGA-1,Erythroid,Erythroid
TGACTCCGTCGTTGGC-1,Erythroid,Erythroid
TGACTCCGTCTTAGTG-1,Immune_mixed,Immune_mixed
TGACTCCTCACTTGTT-1,Immune_mixed,Immune_mixed
TGACTCCTCCATATGG-1,Immune_mixed,Immune_mixed
TGAGACTAGAATTGCA-1,Immune_mixed,Immune_mixed
TGAGACTAGATTGATG-1,Immune_mixed,Immune_mixed
TGAGACTCAAACGTGG-1,Immune_mixed,Immune_mixed
TGAGACTCAAAGGGCT-1,Immune_mixed,Immune_mixed
TGAGACTCAACTGAAA-1,Erythroid,Erythroid
TGAGACTCAATAGTAG-1,Erythroid,Erythroid
TGAGACTCACAAGTTC-1,Immune_mixed,Immune_mixed
TGAGACTCACTATCCC-1,Immune_mixed,Immune_mixed
TGAGACTCAGAGACTG-1,Immune_mixed,Immune_mixed
TGAGACTCATCTCGTC-1,Erythroid,Erythroid
TGAGACTGTATGCTTG-1,Immune_mixed,Immune_mixed
TGAGACTGTCAGTCCG-1,Immune_mixed,Immune_mixed
TGAGACTGTGACCGAA-1,Erythroid,Erythroid
TGAGACTGTGATACTC-1,Myeloid,Myeloid
TGAGACTGTGGCTGCT-1,Immune_mixed,Immune_mixed
TGAGACTGTGTCCACG-1,Erythroid,Erythroid
TGAGACTTCCTTCAGC-1,Immune_mixed,Immune_mixed
TGAGACTTCGCTGACG-1,Erythroid,Erythroid
TGAGCATAGACCAAAT-1,Immune_mixed,Immune_mixed
TGAGCATAGGCGCTTC-1,Immune_mixed,Immune_mixed
TGAGCATCAAGATGGC-1,Immune_mixed,Immune_mixed
TGAGCATCAGCTTCCT-1,Immune_mixed,Immune_mixed
TGAGCATCAGGAGACT-1,Immune_mixed,Immune_mixed
TGAGCATTCTCAGTCC-1,Immune_mixed,Immune_mixed
TGAGCGCAGATGTTCC-1,Immune_mixed,Immune_mixed
TGAGCGCAGTATCCTG-1,Immune_mixed,Immune_mixed
TGAGCGCCAAGCTACT-1,Immune_mixed,Immune_mixed
TGAGCGCCACTCCACT-1,Immune_mixed,Immune_mixed
TGAGCGCGTGATTCAC-1,Immune_mixed,Immune_mixed
TGAGCGCTCACTTATC-1,Immune_mixed,Immune_mixed
TGAGCGCTCAGCGGAA-1,Immune_mixed,Immune_mixed
TGAGCGCTCGTAGGGA-1,Immune_mixed,Immune_mixed
TGAGCGCTCTGGCCTT-1,Immune_mixed,Immune_mixed
TGAGGAGAGAGAGAAC-1,Erythroid,Erythroid
TGAGGAGAGAGAGCCT-1,Immune_mixed,Immune_mixed
TGAGGAGGTGACTGTT-1,Immune_mixed,Immune_mixed
TGAGGAGGTGAGCGAT-1,"B_cells,0",B_cells
TGAGGAGTCACCTGGG-1,Immune_mixed,Immune_mixed
TGAGGAGTCGCCTAGG-1-1,Immune_mixed,Immune_mixed
TGAGGGAAGAAGCTCG-1,Immune_mixed,Immune_mixed
TGAGGGAAGCTGAGCA-1,Immune_mixed,Immune_mixed
TGAGGGAAGGCTGTAG-1,Immune_mixed,Immune_mixed
TGAGGGACAATTGAAG-1,Immune_mixed,Immune_mixed
TGAGGGACACACCTTC-1,Erythroid,Erythroid
TGAGGGACATATTCGG-1,Immune_mixed,Immune_mixed
TGAGGGAGTCATGACT-1,Erythroid,Erythroid
TGAGGGAGTGCTGCAC-1,Immune_mixed,Immune_mixed
TGAGGGAGTTCAGCGC-1,Immune_mixed,Immune_mixed
TGAGGTTCAAGAAATC-1,Immune_mixed,Immune_mixed
TGAGGTTCAGTTCACA-1,"B_cells,0",B_cells
TGAGGTTCAGTTGTCA-1,Erythroid,Erythroid
TGAGGTTGTACGATCT-1,"B_cells,0",B_cells
TGAGGTTGTACTCCGG-1,Erythroid,Erythroid
TGAGGTTGTACTGTTG-1,Immune_mixed,Immune_mixed
TGAGGTTGTCCTTAAG-1,Immune_mixed,Immune_mixed
TGAGGTTGTTCAAAGA-1,Erythroid,Erythroid
TGAGGTTTCAACCCGG-1,Immune_mixed,Immune_mixed
TGAGGTTTCCAGCAAT-1,"B_cells,1",B_cells
TGAGTCAAGGTGCTGA-1,Erythroid,Erythroid
TGAGTCACAATGCAGG-1,Immune_mixed,Immune_mixed
TGAGTCACACACTGGC-1,Immune_mixed,Immune_mixed
TGAGTCACACCAGACC-1,Immune_mixed,Immune_mixed
TGAGTCACATAGATGA-1,Erythroid,Erythroid
TGAGTCACATCTGTTT-1,"B_cells,0",B_cells
TGAGTCAGTCCGGACT-1,Immune_mixed,Immune_mixed
TGAGTCAGTTTCAGAC-1,Immune_mixed,Immune_mixed
TGAGTCATCCTTATAC-1,Immune_mixed,Immune_mixed
TGAGTCATCGCTGCGA-1,Immune_mixed,Immune_mixed
TGAGTCATCGTCCTCA-1,Immune_mixed,Immune_mixed
TGATCAGAGGAAGTCC-1,Erythroid,Erythroid
TGATCAGAGTAGAATC-1,Immune_mixed,Immune_mixed
TGATCAGAGTTGCCTA-1,Erythroid,Erythroid
TGATCAGCAAAGGCAC-1,Immune_mixed,Immune_mixed
TGATCAGCAGCGTTGC-1,Immune_mixed,Immune_mixed
TGATCAGGTATTCTCT-1,Erythroid,Erythroid
TGATCAGGTGATAGAT-1,Immune_mixed,Immune_mixed
TGATCAGTCCGTATAG-1,Erythroid,Erythroid
TGATCTTAGGGACCAT-1,Immune_mixed,Immune_mixed
TGATCTTAGGGCTAAC-1,"B_cells,1",B_cells
TGATCTTCAAGCCTGC-1,Immune_mixed,Immune_mixed
TGATCTTCACGATAGG-1,Erythroid,Erythroid
TGATCTTGTACGATCT-1,"B_cells,0",B_cells
TGATCTTGTCGAATTC-1,Immune_mixed,Immune_mixed
TGATCTTGTTACGATC-1,Immune_mixed,Immune_mixed
TGATCTTGTTATAGAG-1,Immune_mixed,Immune_mixed
TGATCTTTCTACCAGA-1,"B_cells,1",B_cells
TGATGCAAGTCCTGCG-1,"B_cells,0",B_cells
TGATGCACAGCGTATT-1,Immune_mixed,Immune_mixed
TGATGCACAGGTTCGC-1,Erythroid,Erythroid
TGATGCAGTCGTTGGC-1,Immune_mixed,Immune_mixed
TGATGCAGTCTGTCCT-1,Myeloid,Myeloid
TGATGCAGTGTACGCC-1,Erythroid,Erythroid
TGATGCATCACCCTCA-1,Immune_mixed,Immune_mixed
TGATGCATCCATCGTC-1,Erythroid,Erythroid
TGATGCATCCCTTCCC-1,Immune_mixed,Immune_mixed
TGATGGTAGAAGCCAC-1,Immune_mixed,Immune_mixed
TGATGGTAGGGTGAAA-1,Erythroid,Erythroid
TGATGGTAGTGATTCC-1,Erythroid,Erythroid
TGATGGTCACAGCTTA-1,Immune_mixed,Immune_mixed
TGATGGTCATTGCCGG-1,Immune_mixed,Immune_mixed
TGATGGTGTAACATCC-1,Immune_mixed,Immune_mixed
TGATGGTGTCCTGAAT-1,Immune_mixed,Immune_mixed
TGATGGTTCCTCTAGC-1,Myeloid,Myeloid
TGATGGTTCGCAATTG-1,"B_cells,0",B_cells
TGATGGTTCTAATTCC-1,Erythroid,Erythroid
TGATTCTGTACTGCCG-1,Immune_mixed,Immune_mixed
TGATTCTGTAGGCTCC-1,Immune_mixed,Immune_mixed
TGATTCTGTTCCTTGC-1,Erythroid,Erythroid
TGATTCTTCGGCCTTT-1,Immune_mixed,Immune_mixed
TGATTCTTCTCTATAC-1,Immune_mixed,Immune_mixed
TGATTTCAGCATGAAT-1,Immune_mixed,Immune_mixed
TGATTTCAGTGCCTCG-1,Immune_mixed,Immune_mixed
TGATTTCGTAGATGTA-1,Immune_mixed,Immune_mixed
TGATTTCTCTAACGCA-1,Immune_mixed,Immune_mixed
TGCACGGAGGGATGTC-1,Immune_mixed,Immune_mixed
TGCACGGAGTGCAACG-1,Immune_mixed,Immune_mixed
TGCACGGAGTGGCGAT-1,"B_cells,0",B_cells
TGCACGGCAACTGATC-1,Immune_mixed,Immune_mixed
TGCACGGCAAGGGCAT-1,Immune_mixed,Immune_mixed
TGCACGGCAGCTGCCA-1,"B_cells,0",B_cells
TGCACGGGTACGTACT-1,Erythroid,Erythroid
TGCACGGGTATCACGT-1,Immune_mixed,Immune_mixed
TGCACGGGTGATCGTT-1,Immune_mixed,Immune_mixed
TGCACGGTCAACACCA-1,Erythroid,Erythroid
TGCACGGTCAATCTTC-1,Immune_mixed,Immune_mixed
TGCACGGTCCGTAATG-1,Immune_mixed,Immune_mixed
TGCAGATAGGATGTTA-1,Immune_mixed,Immune_mixed
TGCAGATAGTAAACTG-1,Erythroid,Erythroid
TGCAGATAGTCGCCCA-1,"B_cells,0",B_cells
TGCAGATCACCGGCTA-1,Myeloid,Myeloid
TGCAGATCAGCCCAGT-1,Immune_mixed,Immune_mixed
TGCAGATGTCGACTGC-1,Immune_mixed,Immune_mixed
TGCAGATGTCGTATGT-1,Immune_mixed,Immune_mixed
TGCAGATGTGACAACG-1,Myeloid,Myeloid
TGCAGATGTGAGATTA-1,Immune_mixed,Immune_mixed
TGCAGATTCAAATGAG-1,Immune_mixed,Immune_mixed
TGCAGATTCAGGCGAA-1,"B_cells,0",B_cells
TGCAGATTCCTATTTG-1,Immune_mixed,Immune_mixed
TGCAGATTCTCGCAGG-1,Immune_mixed,Immune_mixed
TGCAGGCAGGTCGTAG-1,Immune_mixed,Immune_mixed
TGCAGGCCAAGTCCCG-1,"B_cells,0",B_cells
TGCAGGCGTGAGAACC-1,Erythroid,Erythroid
TGCAGGCGTTGTATGC-1,"B_cells,0",B_cells
TGCAGGCGTTGTCATG-1,Immune_mixed,Immune_mixed
TGCAGGCTCCAGTTCC-1,Immune_mixed,Immune_mixed
TGCAGTACAAGAATAC-1,Erythroid,Erythroid
TGCAGTACAGCGTTGC-1,Immune_mixed,Immune_mixed
TGCAGTACAGCTGAGA-1,"B_cells,0",B_cells
TGCAGTACAGTATGAA-1,Immune_mixed,Immune_mixed
TGCAGTACAGTGTACT-1,Immune_mixed,Immune_mixed
TGCAGTAGTGGTTTAC-1,Immune_mixed,Immune_mixed
TGCAGTATCGGTTGTA-1,Erythroid,Erythroid
TGCATCCAGAACTTCC-1,"B_cells,0",B_cells
TGCATCCCAAGATGGC-1,Erythroid,Erythroid
TGCATCCCATGAGGGT-1,Immune_mixed,Immune_mixed
TGCATCCGTCATCTAG-1,Immune_mixed,Immune_mixed
TGCATCCGTGCGTCGT-1,Erythroid,Erythroid
TGCATCCGTGTGAATA-1,"B_cells,0",B_cells
TGCATCCGTTGGACCC-1,Immune_mixed,Immune_mixed
TGCATCCTCACACGAT-1,"B_cells,0",B_cells
TGCATCCTCAGTCATG-1,Myeloid,Myeloid
TGCATGAAGAGTCAAT-1,Immune_mixed,Immune_mixed
TGCATGAAGCCTCTCT-1,Immune_mixed,Immune_mixed
TGCATGACACTCCCTA-1,Immune_mixed,Immune_mixed
TGCATGACATGGACAG-1,Erythroid,Erythroid
TGCATGAGTACAGAGC-1,Immune_mixed,Immune_mixed
TGCATGAGTCACCTTC-1,Immune_mixed,Immune_mixed
TGCATGAGTCCGGTCA-1,Immune_mixed,Immune_mixed
TGCATGAGTGATGAAT-1,Myeloid,Myeloid
TGCATGAGTTAGAGTA-1,Immune_mixed,Immune_mixed
TGCATGAGTTTGGAGG-1,Erythroid,Erythroid
TGCATGATCCACTGAA-1,Immune_mixed,Immune_mixed
TGCCGAGAGCGTTACT-1,Immune_mixed,Immune_mixed
TGCCGAGAGTGAATAC-1,Immune_mixed,Immune_mixed
TGCCGAGCACGCTGTG-1,Immune_mixed,Immune_mixed
TGCCGAGCAGTCAGTT-1,"B_cells,0",B_cells
TGCCGAGGTATGAAGT-1,Erythroid,Erythroid
TGCCGAGGTGGTAATA-1-1,"B_cells,0",B_cells
TGCCGAGTCAGCTTGA-1,Immune_mixed,Immune_mixed
TGCCGAGTCCCAACTC-1,Erythroid,Erythroid
TGCGACGAGCAAACAT-1,Myeloid,Myeloid
TGCGACGAGTCCTGCG-1,Myeloid,Myeloid
TGCGACGCAACGGGTA-1,Immune_mixed,Immune_mixed
TGCGACGCACGTATAC-1,"B_cells,0",B_cells
TGCGACGGTTAACAGA-1,Immune_mixed,Immune_mixed
TGCGACGTCACTCGAA-1,Immune_mixed,Immune_mixed
TGCGACGTCCTACCAC-1,Myeloid,Myeloid
TGCGACGTCTAACGGT-1,"B_cells,0",B_cells
TGCGACGTCTTAGCCC-1,Myeloid,Myeloid
TGCGATAAGCGCCGTT-1,Immune_mixed,Immune_mixed
TGCGATACACTGAGGA-1,Immune_mixed,Immune_mixed
TGCGATATCCTTCACG-1,Immune_mixed,Immune_mixed
TGCGGCAAGACACACG-1,Immune_mixed,Immune_mixed
TGCGGCAAGATAGTGT-1,"B_cells,0",B_cells
TGCGGCAAGATGGCAC-1,Immune_mixed,Immune_mixed
TGCGGCAAGCTAATCC-1,Immune_mixed,Immune_mixed
TGCGGCAAGGAGGCAG-1,Immune_mixed,Immune_mixed
TGCGGCAAGGATACGC-1,Immune_mixed,Immune_mixed
TGCGGCAAGTGCAACG-1,Immune_mixed,Immune_mixed
TGCGGCACAACTCGTA-1,Immune_mixed,Immune_mixed
TGCGGCACAAGACCTT-1,"B_cells,0",B_cells
TGCGGCACACAAGGTG-1,Immune_mixed,Immune_mixed
TGCGGCACACTCAGAT-1,Erythroid,Erythroid
TGCGGCACAGCGCTTG-1,Immune_mixed,Immune_mixed
TGCGGCAGTAGGCTGA-1,Immune_mixed,Immune_mixed
TGCGGCAGTGATCGTT-1,Immune_mixed,Immune_mixed
TGCGGCAGTGGAACAC-1,Immune_mixed,Immune_mixed
TGCGGCATCAAGTAAG-1,Immune_mixed,Immune_mixed
TGCGGCATCAGTGATC-1,Immune_mixed,Immune_mixed
TGCGGCATCCGTGGGT-1,Erythroid,Erythroid
TGCGGGTAGTAAACAC-1,Immune_mixed,Immune_mixed
TGCGGGTGTCCCGTGA-1,Immune_mixed,Immune_mixed
TGCGGGTGTTAGAGTA-1,Erythroid,Erythroid
TGCGGGTTCGAGCCTG-1,"B_cells,0",B_cells
TGCTCCAAGCATCTTG-1,Immune_mixed,Immune_mixed
TGCTCCAAGCGCCCAT-1,Immune_mixed,Immune_mixed
TGCTCCAAGTGCAGCA-1,Myeloid,Myeloid
TGCTCCAGTTAGAGAT-1,Myeloid,Myeloid
TGCTCCAGTTATCCAG-1,Immune_mixed,Immune_mixed
TGCTCCATCCGCATAA-1,Erythroid,Erythroid
TGCTCCATCCGCGAGT-1,Erythroid,Erythroid
TGCTCCATCGAACCAT-1,Immune_mixed,Immune_mixed
TGCTCCATCGAACGGA-1,Immune_mixed,Immune_mixed
TGCTCGTAGGTAAACT-1,Immune_mixed,Immune_mixed
TGCTCGTAGGTTCAGG-1,Erythroid,Erythroid
TGCTCGTAGTGATCGG-1,"B_cells,0",B_cells
TGCTCGTCAAGAGCTG-1,Immune_mixed,Immune_mixed
TGCTCGTCACTCCTGT-1,Immune_mixed,Immune_mixed
TGCTCGTCAGGCCCTA-1,Immune_mixed,Immune_mixed
TGCTCGTCAGTTAAAG-1,Immune_mixed,Immune_mixed
TGCTCGTCATGGATCT-1,Immune_mixed,Immune_mixed
TGCTCGTGTCGATGCC-1,Immune_mixed,Immune_mixed
TGCTCGTTCACCCATC-1,Myeloid,Myeloid
TGCTCGTTCGCCTAGG-1,Erythroid,Erythroid
TGCTGAACAAGCTCTA-1,Immune_mixed,Immune_mixed
TGCTGAACATACAGGG-1,Immune_mixed,Immune_mixed
TGCTGAACATACCGTA-1,Immune_mixed,Immune_mixed
TGCTGAAGTGGTCTCG-1,Erythroid,Erythroid
TGCTGAATCATCGGGC-1,Immune_mixed,Immune_mixed
TGCTGAATCCACTTCG-1,Immune_mixed,Immune_mixed
TGCTGAATCGCTACGG-1,"B_cells,0",B_cells
TGCTGAATCTTACTGT-1,"B_cells,0",B_cells
TGCTTCGAGCAATTCC-1,Immune_mixed,Immune_mixed
TGCTTCGCAGCAATTC-1,Immune_mixed,Immune_mixed
TGCTTCGCAGCCTATA-1,Immune_mixed,Immune_mixed
TGCTTCGGTTCGGTAT-1,Immune_mixed,Immune_mixed
TGCTTCGTCTTCCAGC-1,Erythroid,Erythroid
TGCTTGCAGCGATTCT-1,"B_cells,0",B_cells
TGCTTGCCAAGCAATA-1,Myeloid,Myeloid
TGCTTGCCAGAAACCG-1,Immune_mixed,Immune_mixed
TGCTTGCCAGAGAGGG-1,Immune_mixed,Immune_mixed
TGCTTGCCATAGAAAC-1,Immune_mixed,Immune_mixed
TGCTTGCTCACGGACC-1,"B_cells,0",B_cells
TGCTTGCTCAGAACCT-1,Immune_mixed,Immune_mixed
TGGAACTCAGTTGAAA-1,Immune_mixed,Immune_mixed
TGGAACTGTAAGTTGA-1,Immune_mixed,Immune_mixed
TGGAACTGTCGGATTT-1,Myeloid,Myeloid
TGGAACTGTGAAGCTG-1,Immune_mixed,Immune_mixed
TGGAGAGAGCAGGTCA-1,Immune_mixed,Immune_mixed
TGGAGAGAGGTTCCAT-1,Immune_mixed,Immune_mixed
TGGAGAGCAAACGGCA-1,Erythroid,Erythroid
TGGAGAGCATCCGGTG-1,Immune_mixed,Immune_mixed
TGGAGAGGTAGGCTCC-1,"B_cells,0",B_cells
TGGAGAGGTGTTTGCA-1,Immune_mixed,Immune_mixed
TGGAGAGGTTGCCGCA-1,Immune_mixed,Immune_mixed
TGGAGAGTCCCTCTTT-1,Immune_mixed,Immune_mixed
TGGAGAGTCCGGTAGC-1,Immune_mixed,Immune_mixed
TGGAGAGTCGCTCCTA-1,Immune_mixed,Immune_mixed
TGGAGGAAGGCGTTAG-1,"B_cells,0",B_cells
TGGAGGAGTAATGATG-1,Erythroid,Erythroid
TGGAGGAGTAGATGTA-1,Immune_mixed,Immune_mixed
TGGAGGATCATTGCCC-1,Immune_mixed,Immune_mixed
TGGAGGATCCCGAATA-1,Immune_mixed,Immune_mixed
TGGAGGATCGTCGGGT-1,Erythroid,Erythroid
TGGATCAAGGTTGTTC-1,Myeloid,Myeloid
TGGATCACAGCTAACT-1,Immune_mixed,Immune_mixed
TGGATCACAGTTTGGT-1,Immune_mixed,Immune_mixed
TGGATCACATTAAAGG-1,Immune_mixed,Immune_mixed
TGGATCAGTGTCTTCC-1,Immune_mixed,Immune_mixed
TGGATGTAGGCTCTAT-1,Immune_mixed,Immune_mixed
TGGATGTAGGTGGTTG-1,Erythroid,Erythroid
TGGATGTAGTCTTGGT-1,Erythroid,Erythroid
TGGATGTCATACTGAC-1,Immune_mixed,Immune_mixed
TGGATGTCATTGACTG-1,Immune_mixed,Immune_mixed
TGGATGTGTGTGTCCG-1,Immune_mixed,Immune_mixed
TGGCGTGAGTCGAAGC-1,"B_cells,1",B_cells
TGGCGTGCAGCGTAGA-1,Immune_mixed,Immune_mixed
TGGCGTGGTCGCCACA-1,Immune_mixed,Immune_mixed
TGGGAAGAGGTCGAGT-1,Immune_mixed,Immune_mixed
TGGGAAGAGTTCTCTT-1,Immune_mixed,Immune_mixed
TGGGAAGGTGAGCCAA-1,"B_cells,1",B_cells
TGGGAAGTCAACTGAC-1,"B_cells,0",B_cells
TGGGAAGTCCATAGAC-1,Erythroid,Erythroid
TGGGAGAAGTCAACAA-1,Immune_mixed,Immune_mixed
TGGGAGAAGTCCGCGT-1,Immune_mixed,Immune_mixed
TGGGAGACAACTGCTA-1,"B_cells,0",B_cells
TGGGAGACAGCAGTGA-1,Immune_mixed,Immune_mixed
TGGGAGAGTACGCGTC-1,Immune_mixed,Immune_mixed
TGGGAGAGTAGTCGGA-1,"B_cells,0",B_cells
TGGGAGATCCCTGTTG-1,Immune_mixed,Immune_mixed
TGGGAGATCGGCATCG-1,Erythroid,Erythroid
TGGGAGATCGGCCTTT-1,Immune_mixed,Immune_mixed
TGGGATTAGCCTCGTG-1,Immune_mixed,Immune_mixed
TGGGATTAGCTAAGTA-1,"B_cells,0",B_cells
TGGGATTAGGGTAGCT-1,Immune_mixed,Immune_mixed
TGGGATTCAGTGTGCC-1,Myeloid,Myeloid
TGGGATTGTACCCGCA-1,Immune_mixed,Immune_mixed
TGGGATTGTTCGATTG-1,Immune_mixed,Immune_mixed
TGGGATTGTTGAGTCT-1,Immune_mixed,Immune_mixed
TGGGATTTCCACGGGT-1,Immune_mixed,Immune_mixed
TGGGCGTAGCGTGAGT-1,Immune_mixed,Immune_mixed
TGGGCGTAGGCACTCC-1,Immune_mixed,Immune_mixed
TGGGCGTCACCGTACG-1,Immune_mixed,Immune_mixed
TGGGCGTCACCTTCCA-1,"B_cells,0",B_cells
TGGGCGTGTACCAGAG-1,Immune_mixed,Immune_mixed
TGGGCGTGTTAAGTCC-1,Erythroid,Erythroid
TGGGCGTTCACTGTCC-1,Immune_mixed,Immune_mixed
TGGGCGTTCAGAACCT-1,Immune_mixed,Immune_mixed
TGGGCGTTCATCTACT-1,"B_cells,0",B_cells
TGGGCGTTCCTTCTTC-1,Immune_mixed,Immune_mixed
TGGGCGTTCTCGTGGG-1,Immune_mixed,Immune_mixed
TGGGCGTTCTGCGATA-1,Immune_mixed,Immune_mixed
TGGGCTGAGGTAACTA-1,Immune_mixed,Immune_mixed
TGGGCTGCAGGTGTTT-1,Immune_mixed,Immune_mixed
TGGGCTGCAGTCGAGA-1,Erythroid,Erythroid
TGGGCTGTCTATTGTC-1,"B_cells,0",B_cells
TGGGTTAAGAACAAGG-1,Immune_mixed,Immune_mixed
TGGGTTAAGAGTTCGG-1,Immune_mixed,Immune_mixed
TGGGTTAAGATGGCAC-1,Erythroid,Erythroid
TGGGTTAAGCCGAATG-1,Immune_mixed,Immune_mixed
TGGGTTAAGGATTACA-1,Immune_mixed,Immune_mixed
TGGGTTAAGTAAAGCT-1,Erythroid,Erythroid
TGGGTTACAAGCCTGC-1,Immune_mixed,Immune_mixed
TGGGTTACATCCGATA-1,Immune_mixed,Immune_mixed
TGGGTTACATTGTCGA-1,Immune_mixed,Immune_mixed
TGGGTTATCGCACGGT-1,Erythroid,Erythroid
TGGTACAAGACAGCTG-1,Immune_mixed,Immune_mixed
TGGTACACACCGCTGA-1,Immune_mixed,Immune_mixed
TGGTACAGTACGAAAT-1,Immune_mixed,Immune_mixed
TGGTACAGTCCATAGT-1,Erythroid,Erythroid
TGGTACATCCGACGGT-1,Immune_mixed,Immune_mixed
TGGTACATCGATGGAG-1,Erythroid,Erythroid
TGGTACATCTCGCCTA-1,Immune_mixed,Immune_mixed
TGGTACATCTTGTGCC-1,Myeloid,Myeloid
TGGTAGTAGATCGACG-1,Erythroid,Erythroid
TGGTAGTAGCGATGAC-1,Immune_mixed,Immune_mixed
TGGTAGTAGCTAGATA-1,"B_cells,1",B_cells
TGGTAGTAGTCTTGGT-1,Immune_mixed,Immune_mixed
TGGTAGTCACTGAATC-1,Immune_mixed,Immune_mixed
TGGTAGTCATCGCTAA-1,Erythroid,Erythroid
TGGTAGTTCAAACCCA-1,Erythroid,Erythroid
TGGTAGTTCAGCAATC-1,"B_cells,0",B_cells
TGGTAGTTCGTCGATA-1,Immune_mixed,Immune_mixed
TGGTAGTTCTAAGAAG-1,Myeloid,Myeloid
TGGTGATAGGATAATC-1,Immune_mixed,Immune_mixed
TGGTGATGTGACGTCC-1,Immune_mixed,Immune_mixed
TGGTGATGTGGTTTAC-1,Immune_mixed,Immune_mixed
TGGTGATGTTCGGGTC-1,Myeloid,Myeloid
TGGTGATTCCAGCACG-1,Immune_mixed,Immune_mixed
TGGTGATTCCGAACGC-1,Immune_mixed,Immune_mixed
TGGTTAGAGAATCGCG-1,Immune_mixed,Immune_mixed
TGGTTAGAGACATATG-1,Immune_mixed,Immune_mixed
TGGTTAGAGCTTACGT-1,Immune_mixed,Immune_mixed
TGGTTAGAGGAATCGC-1,Immune_mixed,Immune_mixed
TGGTTAGAGGGTATAT-1,Immune_mixed,Immune_mixed
TGGTTAGCAAGAAACT-1,Immune_mixed,Immune_mixed
TGGTTAGCAAGCTGTT-1,Immune_mixed,Immune_mixed
TGGTTAGCACGAAGAC-1,Immune_mixed,Immune_mixed
TGGTTAGCAGCTAACT-1,Immune_mixed,Immune_mixed
TGGTTAGCAGTTACCA-1,Immune_mixed,Immune_mixed
TGGTTAGGTGACTGTT-1,Immune_mixed,Immune_mixed
TGGTTAGTCATCACTT-1,Erythroid,Erythroid
TGGTTAGTCGACCCAG-1,Immune_mixed,Immune_mixed
TGTAACGAGCGACCCT-1,"B_cells,1",B_cells
TGTAACGAGGTAAAGG-1,"B_cells,0",B_cells
TGTAACGCAGTCTTCC-1,Immune_mixed,Immune_mixed
TGTAACGCATCAACCA-1,Immune_mixed,Immune_mixed
TGTAACGGTACCTGTA-1,Immune_mixed,Immune_mixed
TGTAACGTCCAGCCTT-1,Erythroid,Erythroid
TGTAACGTCCTTGAAG-1,Immune_mixed,Immune_mixed
TGTAACGTCGACATAC-1,Myeloid,Myeloid
TGTAAGCAGCCTAACT-1,"B_cells,0",B_cells
TGTAAGCCAGGAGGAG-1,"B_cells,0",B_cells
TGTAAGCCATGCCGCA-1,Immune_mixed,Immune_mixed
TGTAAGCTCAGCATTG-1,Erythroid,Erythroid
TGTAAGCTCATCTGTT-1,Immune_mixed,Immune_mixed
TGTACAGAGACAAGCC-1,Immune_mixed,Immune_mixed
TGTACAGAGGTAACTA-1,Erythroid,Erythroid
TGTACAGAGTCCCTAA-1,Immune_mixed,Immune_mixed
TGTACAGCAGCCTACG-1,Immune_mixed,Immune_mixed
TGTACAGCATCTCAAG-1,Myeloid,Myeloid
TGTACAGTCCACTTCG-1,Erythroid,Erythroid
TGTACAGTCTGAGATC-1,Immune_mixed,Immune_mixed
TGTAGACAGACCCTTA-1,Erythroid,Erythroid
TGTAGACAGGAGTCTG-1,Immune_mixed,Immune_mixed
TGTAGACAGGCTTAGG-1,"B_cells,0",B_cells
TGTAGACCACAAGTTC-1,Myeloid,Myeloid
TGTAGACCAGAAACCG-1,"B_cells,0",B_cells
TGTAGACCAGTGACCC-1,Immune_mixed,Immune_mixed
TGTAGACGTACTGCGC-1,Erythroid,Erythroid
TGTAGACGTAGTGGCA-1,Erythroid,Erythroid
TGTAGACTCCGTGGCA-1,"B_cells,0",B_cells
TGTAGACTCGACTCCT-1,Immune_mixed,Immune_mixed
TGTCAGAAGGGCTGAT-1,Immune_mixed,Immune_mixed
TGTCAGACAATCGTCA-1,Immune_mixed,Immune_mixed
TGTCAGACACAGGATG-1,Erythroid,Erythroid
TGTCAGAGTCTAATCG-1,Immune_mixed,Immune_mixed
TGTCAGAGTGAAGCTG-1,Erythroid,Erythroid
TGTCAGAGTTCGGACC-1,Erythroid,Erythroid
TGTCAGATCACGGGCT-1,Immune_mixed,Immune_mixed
TGTCAGATCCGAGGCT-1,"B_cells,0",B_cells
TGTCAGATCTAAGGAA-1,Erythroid,Erythroid
TGTCAGATCTATCACT-1,Immune_mixed,Immune_mixed
TGTCCACAGCACCCAC-1,Immune_mixed,Immune_mixed
TGTCCACAGCGTCTGC-1,Erythroid,Erythroid
TGTCCACCACGGCGTT-1,Immune_mixed,Immune_mixed
TGTCCACGTAGCGCCT-1,Immune_mixed,Immune_mixed
TGTCCACGTGTTAAAG-1,Erythroid,Erythroid
TGTCCACTCCGATCTC-1,"B_cells,1",B_cells
TGTCCACTCGCACTCT-1,Immune_mixed,Immune_mixed
TGTCCCAAGTGGTTGG-1,Erythroid,Erythroid
TGTCCCACAAATGAAC-1,Immune_mixed,Immune_mixed
TGTCCCACAATGTCAC-1,"B_cells,0",B_cells
TGTCCCACACTGTGAT-1,Immune_mixed,Immune_mixed
TGTCCCACATTGTAGC-1,Immune_mixed,Immune_mixed
TGTCCCAGTACTCGCG-1,Immune_mixed,Immune_mixed
TGTCCCAGTAGCTGAG-1,"B_cells,1",B_cells
TGTCCCATCCAGTGTA-1,"B_cells,1",B_cells
TGTCCTGAGAGAGGTA-1,Immune_mixed,Immune_mixed
TGTCCTGAGGATCACG-1,Immune_mixed,Immune_mixed
TGTCCTGAGTGGACTG-1,Erythroid,Erythroid
TGTCCTGCACCAGGTC-1,Immune_mixed,Immune_mixed
TGTCCTGCACTTGAAC-1,Erythroid,Erythroid
TGTCCTGCAGTAGAAT-1,Erythroid,Erythroid
TGTCCTGGTTATGTGC-1,Erythroid,Erythroid
TGTGAGTAGAGTATAC-1,Immune_mixed,Immune_mixed
TGTGAGTAGAGTGAAG-1,"B_cells,0",B_cells
TGTGAGTAGGTCATTC-1,Immune_mixed,Immune_mixed
TGTGAGTAGTAAGAGG-1,Immune_mixed,Immune_mixed
TGTGAGTAGTAATCCC-1,Erythroid,Erythroid
TGTGAGTAGTCCTACA-1,"B_cells,0",B_cells
TGTGAGTAGTCGAATA-1,Myeloid,Myeloid
TGTGAGTAGTGCTAGG-1,Erythroid,Erythroid
TGTGAGTCACCCTAGG-1,Immune_mixed,Immune_mixed
TGTGAGTCAGAGATGC-1,Immune_mixed,Immune_mixed
TGTGAGTTCAATCCAG-1,Immune_mixed,Immune_mixed
TGTGAGTTCGCTGACG-1,Erythroid,Erythroid
TGTGAGTTCGTTGCCT-1,"B_cells,0",B_cells
TGTGAGTTCTTACGGA-1,Immune_mixed,Immune_mixed
TGTGATGAGACATAAC-1,Immune_mixed,Immune_mixed
TGTGATGAGAGACAAG-1,Immune_mixed,Immune_mixed
TGTGATGAGCAGTACG-1,Erythroid,Erythroid
TGTGATGAGTGTGTTC-1,Immune_mixed,Immune_mixed
TGTGATGCAGGAATCG-1,Immune_mixed,Immune_mixed
TGTGATGTCAAGCCCG-1,"B_cells,0",B_cells
TGTGATGTCATCTGTT-1,Immune_mixed,Immune_mixed
TGTGATGTCCATACTT-1,Immune_mixed,Immune_mixed
TGTGATGTCGGTTCAA-1,Immune_mixed,Immune_mixed
TGTGATGTCGTTAGAC-1,"B_cells,1",B_cells
TGTGCGGAGATGCTTC-1,"B_cells,1",B_cells
TGTGCGGAGGCTAACG-1,"B_cells,1",B_cells
TGTGCGGCAAGTATCC-1,Immune_mixed,Immune_mixed
TGTGCGGGTTGGCCGT-1,Erythroid,Erythroid
TGTGCGGTCAGTCTTT-1,Immune_mixed,Immune_mixed
TGTGCGGTCCTCTTTC-1,Immune_mixed,Immune_mixed
TGTGCGGTCGACCAAT-1,Erythroid,Erythroid
TGTGCGGTCTAGTCAG-1,Immune_mixed,Immune_mixed
TGTGGCGCACGGTGCT-1,Immune_mixed,Immune_mixed
TGTGGCGCAGAGTGAC-1,Immune_mixed,Immune_mixed
TGTGGCGGTAACGCGA-1,"B_cells,0",B_cells
TGTGGCGGTTCGAAGG-1,Immune_mixed,Immune_mixed
TGTGGCGTCCTCTGCA-1,Immune_mixed,Immune_mixed
TGTGGCGTCCTTACCG-1,Immune_mixed,Immune_mixed
TGTGGCGTCTCGCGTT-1,Erythroid,Erythroid
TGTGTGAAGCGCCCAT-1,Immune_mixed,Immune_mixed
TGTGTGACAACTCGAT-1,Immune_mixed,Immune_mixed
TGTGTGACAATGGGTG-1,Immune_mixed,Immune_mixed
TGTGTGACAGTCAGTT-1,Immune_mixed,Immune_mixed
TGTGTGAGTAACTGCT-1,Immune_mixed,Immune_mixed
TGTGTGAGTATACGGG-1,Erythroid,Erythroid
TGTGTGAGTCTAGGTT-1,"B_cells,1",B_cells
TGTGTGAGTTGCCGAC-1,"B_cells,0",B_cells
TGTGTGATCAAGTTGC-1,Immune_mixed,Immune_mixed
TGTGTGATCTACACAG-1,"B_cells,1",B_cells
TGTGTGATCTGGTGGC-1,Erythroid,Erythroid
TGTTACTAGCACTAGG-1,Immune_mixed,Immune_mixed
TGTTACTAGGGCCAAT-1,Erythroid,Erythroid
TGTTACTCAGACATCT-1,Immune_mixed,Immune_mixed
TGTTACTGTAGATCCT-1,Immune_mixed,Immune_mixed
TGTTACTGTCAATCTG-1,Immune_mixed,Immune_mixed
TGTTACTGTCCATCTC-1,Immune_mixed,Immune_mixed
TGTTACTTCCCATTCG-1,Immune_mixed,Immune_mixed
TGTTACTTCGGTAGGA-1,Immune_mixed,Immune_mixed
TGTTACTTCTCTCTAA-1,Immune_mixed,Immune_mixed
TGTTCATAGAGTGAAG-1,Erythroid,Erythroid
TGTTCATAGCAGATAT-1,Myeloid,Myeloid
TGTTCATAGTCAAGCG-1,Immune_mixed,Immune_mixed
TGTTCATCACCTTCCA-1,Immune_mixed,Immune_mixed
TGTTCATCACTGGACC-1,Immune_mixed,Immune_mixed
TGTTCATCAGTAACCT-1,Immune_mixed,Immune_mixed
TGTTCATCATTGGCAT-1,Immune_mixed,Immune_mixed
TGTTCATGTAACATGA-1,"B_cells,0",B_cells
TGTTCATGTGAGGCAT-1,Immune_mixed,Immune_mixed
TGTTCATTCCGCACTT-1,Immune_mixed,Immune_mixed
TGTTCATTCCTTCAGC-1,Immune_mixed,Immune_mixed
TGTTCATTCTCTGAGA-1,Immune_mixed,Immune_mixed
TGTTCCGAGAGTCACG-1,Erythroid,Erythroid
TGTTCCGAGGTCATAA-1,Myeloid,Myeloid
TGTTCCGAGTACTGGG-1,Erythroid,Erythroid
TGTTCCGCAGATTAAG-1,Immune_mixed,Immune_mixed
TGTTCCGCAGCTGAAG-1,Myeloid,Myeloid
TGTTCCGTCAATGCAC-1,Immune_mixed,Immune_mixed
TGTTCCGTCCGTATGA-1,Myeloid,Myeloid
TGTTCCGTCGTAACAC-1,Immune_mixed,Immune_mixed
TGTTCTACACCTGCGA-1,Immune_mixed,Immune_mixed
TGTTCTACACGGTGCT-1,Immune_mixed,Immune_mixed
TGTTCTACATAACCCA-1,Myeloid,Myeloid
TGTTCTAGTCAAGCCC-1,Erythroid,Erythroid
TGTTCTAGTGACTGTT-1,Immune_mixed,Immune_mixed
TGTTCTATCACCTTGC-1,Immune_mixed,Immune_mixed
TGTTCTATCACGGAGA-1,"B_cells,0",B_cells
TGTTCTATCGCAGAGA-1,Immune_mixed,Immune_mixed
TGTTCTATCTCGAACA-1,Erythroid,Erythroid
TGTTGAGCAGCGGATA-1,Immune_mixed,Immune_mixed
TGTTGAGCAGCTACAT-1,Immune_mixed,Immune_mixed
TGTTGAGGTGGAGAAA-1,Immune_mixed,Immune_mixed
TGTTGAGTCTCGGTAA-1,Immune_mixed,Immune_mixed
TGTTGAGTCTGTTCAT-1,Immune_mixed,Immune_mixed
TGTTGGAAGGTTTACC-1,Immune_mixed,Immune_mixed
TGTTGGACAGGAGGTT-1,Immune_mixed,Immune_mixed
TGTTGGACAGGGACTA-1,Immune_mixed,Immune_mixed
TGTTGGAGTCCCAAAT-1,Erythroid,Erythroid
TGTTGGAGTCGCCTAG-1,Erythroid,Erythroid
TGTTGGAGTGTAGCAG-1,"B_cells,0",B_cells
TGTTGGAGTTTAAGGA-1,Immune_mixed,Immune_mixed
TGTTGGATCAGCACCG-1,Erythroid,Erythroid
TGTTGGATCCCTCATG-1,Erythroid,Erythroid
TGTTGGATCTCCACTG-1,Immune_mixed,Immune_mixed
TGTTGGATCTCTGGTC-1,Immune_mixed,Immune_mixed
TGTTTGTAGGAGTCTG-1,Erythroid,Erythroid
TGTTTGTAGGGATCGT-1,Immune_mixed,Immune_mixed
TGTTTGTCACCAACAT-1,Immune_mixed,Immune_mixed
TGTTTGTCACGACGAA-1,Immune_mixed,Immune_mixed
TGTTTGTCATGGTACT-1,Erythroid,Erythroid
TGTTTGTGTAACGCGA-1,Immune_mixed,Immune_mixed
TGTTTGTGTCTCTCCA-1,Erythroid,Erythroid
TGTTTGTGTTCGGTAT-1,Immune_mixed,Immune_mixed
TGTTTGTGTTTCCCAC-1,Immune_mixed,Immune_mixed
TGTTTGTTCCCAGTGG-1,Immune_mixed,Immune_mixed
TGTTTGTTCCTCGCAT-1,Immune_mixed,Immune_mixed
TGTTTGTTCTAAGGAA-1,Myeloid,Myeloid
TGTTTGTTCTGTCCGT-1,Immune_mixed,Immune_mixed
TTAATCCAGCTTCTAG-1,Erythroid,Erythroid
TTAATCCCAACCCGCA-1,Immune_mixed,Immune_mixed
TTAATCCGTAATTGGA-1,Immune_mixed,Immune_mixed
TTAATCCGTAGATCGG-1,Immune_mixed,Immune_mixed
TTAATCCGTCGAGATG-1,"B_cells,1",B_cells
TTAATCCTCAGATGCT-1,"B_cells,0",B_cells
TTAATCCTCGCAGTGC-1,Immune_mixed,Immune_mixed
TTAATCCTCTCGTGGG-1,Immune_mixed,Immune_mixed
TTAATCCTCTGCTCTG-1,Immune_mixed,Immune_mixed
TTAATCCTCTGCTGAA-1,Immune_mixed,Immune_mixed
TTAATCCTCTGTCGCT-1,"B_cells,1",B_cells
TTACAGGAGACGGTTG-1,Immune_mixed,Immune_mixed
TTACAGGAGAGTCACG-1,Immune_mixed,Immune_mixed
TTACAGGAGCAGAAAG-1,Immune_mixed,Immune_mixed
TTACAGGAGCTAGCCC-1,Immune_mixed,Immune_mixed
TTACAGGAGTCCCAGC-1,Immune_mixed,Immune_mixed
TTACAGGCAAACACGG-1,Immune_mixed,Immune_mixed
TTACAGGCAGATTCGT-1-1,Immune_mixed,Immune_mixed
TTACAGGCATTGACTG-1-1,Immune_mixed,Immune_mixed
TTACAGGGTAGAATGT-1,Immune_mixed,Immune_mixed
TTACAGGGTCAGACGA-1,Erythroid,Erythroid
TTACAGGGTCAGGTGA-1,Myeloid,Myeloid
TTACAGGGTGGACAGT-1,Myeloid,Myeloid
TTACAGGGTGTCCGTG-1,Immune_mixed,Immune_mixed
TTACCATAGGCCCGTT-1,Immune_mixed,Immune_mixed
TTACCATCAGACTGCC-1,Immune_mixed,Immune_mixed
TTACCATCAGCGTTGC-1,Immune_mixed,Immune_mixed
TTACCATGTCAACCTA-1,Immune_mixed,Immune_mixed
TTACCATGTTCTTGCC-1,Immune_mixed,Immune_mixed
TTACCATGTTGCACGC-1,Immune_mixed,Immune_mixed
TTACCATTCACTGGTA-1,Immune_mixed,Immune_mixed
TTACCATTCAGTCACA-1,Immune_mixed,Immune_mixed
TTACCATTCCAGGACC-1,Immune_mixed,Immune_mixed
TTACCATTCGAACCTA-1,Myeloid,Myeloid
TTACCATTCTTTGCAT-1,Immune_mixed,Immune_mixed
TTACCGCAGACAGTCG-1,Immune_mixed,Immune_mixed
TTACCGCAGCACACCC-1,Erythroid,Erythroid
TTACCGCAGCTAAATG-1,Immune_mixed,Immune_mixed
TTACCGCAGGCTTAAA-1,Immune_mixed,Immune_mixed
TTACCGCAGTGGCGAT-1,Erythroid,Erythroid
TTACCGCCAAGCACAG-1,Immune_mixed,Immune_mixed
TTACCGCGTACTGACT-1,Myeloid,Myeloid
TTACCGCGTAGAGATT-1,Immune_mixed,Immune_mixed
TTACCGCGTCCATCTC-1,Immune_mixed,Immune_mixed
TTACCGCGTGACAGGT-1,"B_cells,1",B_cells
TTACCGCTCAGACATC-1,Immune_mixed,Immune_mixed
TTACGCCCACACCTAA-1,Immune_mixed,Immune_mixed
TTACGCCCATCACCAA-1,Immune_mixed,Immune_mixed
TTACGCCCATGGAAGC-1,Immune_mixed,Immune_mixed
TTACGCCGTAGTTACC-1,Immune_mixed,Immune_mixed
TTACGCCGTCCCTCAT-1,"B_cells,0",B_cells
TTACGCCTCTCTATAC-1,Erythroid,Erythroid
TTACGCCTCTGGCCTT-1,Erythroid,Erythroid
TTACGTTGTCCTGGGT-1,Myeloid,Myeloid
TTACGTTTCTCGGCTT-1,"B_cells,0",B_cells
TTACTGTAGAAGCGCT-1,Myeloid,Myeloid
TTACTGTAGACGATAT-1,Immune_mixed,Immune_mixed
TTACTGTAGCAGCCTC-1,Immune_mixed,Immune_mixed
TTACTGTAGGTCATTC-1,Erythroid,Erythroid
TTACTGTAGTGATAAC-1,Immune_mixed,Immune_mixed
TTACTGTCACGTTCGG-1,Myeloid,Myeloid
TTACTGTCATAATGCC-1,Myeloid,Myeloid
TTACTGTCATGGCGCT-1,Immune_mixed,Immune_mixed
TTACTGTGTGTTCGTA-1,Myeloid,Myeloid
TTACTGTGTTAACCTG-1,Immune_mixed,Immune_mixed
TTACTGTTCGCATTGA-1,Immune_mixed,Immune_mixed
TTAGGCACAAACCGGA-1,Erythroid,Erythroid
TTAGGCACACCAGCTG-1,Erythroid,Erythroid
TTAGGCACACCCATAA-1,Immune_mixed,Immune_mixed
TTAGGCACACGACAAG-1,"B_cells,0",B_cells
TTAGGCACAGCGCGTT-1,Erythroid,Erythroid
TTAGGCAGTCTAGGCC-1,"B_cells,1",B_cells
TTAGGCAGTTGAATCC-1,Erythroid,Erythroid
TTAGGCATCAGTGATC-1,Immune_mixed,Immune_mixed
TTAGGCATCATCACCC-1,Immune_mixed,Immune_mixed
TTAGGGTAGGATTTGA-1,Immune_mixed,Immune_mixed
TTAGGGTCAAGCAATA-1,Erythroid,Erythroid
TTAGGGTCACATTGTG-1,Immune_mixed,Immune_mixed
TTAGGGTCAGTCGCAC-1,Immune_mixed,Immune_mixed
TTAGGGTGTACACGTT-1,Immune_mixed,Immune_mixed
TTAGGGTGTATCATGC-1,Immune_mixed,Immune_mixed
TTAGGGTGTCTTTATC-1,Immune_mixed,Immune_mixed
TTAGGGTGTGATGGCA-1,Immune_mixed,Immune_mixed
TTAGGGTGTGTTACAC-1,Erythroid,Erythroid
TTAGGGTTCATCTACT-1,Erythroid,Erythroid
TTAGGGTTCCGTATAG-1,"B_cells,0",B_cells
TTAGTCTCACAAACGG-1,Immune_mixed,Immune_mixed
TTAGTCTCACCCATAA-1,Erythroid,Erythroid
TTAGTCTCACTGGAAG-1,Immune_mixed,Immune_mixed
TTAGTCTCATTGCTGA-1,Immune_mixed,Immune_mixed
TTAGTCTTCGCTAAAC-1,"B_cells,0",B_cells
TTAGTCTTCTGTAACG-1,"B_cells,0",B_cells
TTATTGCCAACACTAC-1,Immune_mixed,Immune_mixed
TTATTGCCAGATCATC-1,Immune_mixed,Immune_mixed
TTATTGCGTCAACGCC-1,Erythroid,Erythroid
TTATTGCTCTGACCCT-1,Erythroid,Erythroid
TTCAATCAGGGCAATC-1,Immune_mixed,Immune_mixed
TTCAATCCAATCGCAT-1,Immune_mixed,Immune_mixed
TTCAATCGTAGATTGA-1,"B_cells,0",B_cells
TTCAATCGTATGCTTG-1,Erythroid,Erythroid
TTCAATCGTCACAGAG-1,Immune_mixed,Immune_mixed
TTCAATCTCGGATTAC-1,Immune_mixed,Immune_mixed
TTCAATCTCTTGAACG-1,"B_cells,0",B_cells
TTCAATCTCTTGTGCC-1,Immune_mixed,Immune_mixed
TTCACCGCAAATGGCG-1,Immune_mixed,Immune_mixed
TTCACCGCAAGCCCAC-1,Erythroid,Erythroid
TTCACCGCACGTTGGC-1,Immune_mixed,Immune_mixed
TTCACCGCATTCATCT-1,Immune_mixed,Immune_mixed
TTCACCGGTACAGTAA-1,Immune_mixed,Immune_mixed
TTCACCGGTGAGGCAT-1,"B_cells,0",B_cells
TTCACCGGTTAAGCAA-1,Erythroid,Erythroid
TTCACCGTCCATTCGC-1,Myeloid,Myeloid
TTCACCGTCCTCCACA-1,Myeloid,Myeloid
TTCACGCAGCGTGAAC-1,Erythroid,Erythroid
TTCACGCAGGCAGCTA-1,Immune_mixed,Immune_mixed
TTCACGCAGTCTGCAT-1,Immune_mixed,Immune_mixed
TTCACGCCAGGTGGAT-1,Immune_mixed,Immune_mixed
TTCACGCGTTCGGCGT-1,Erythroid,Erythroid
TTCACGCTCCCTCGTA-1,"B_cells,0",B_cells
TTCACGCTCGTTCCTG-1,Immune_mixed,Immune_mixed
TTCACGCTCTCACTCG-1,"B_cells,1",B_cells
TTCACGCTCTTTCGAT-1,Immune_mixed,Immune_mixed
TTCAGGAAGGAACATT-1,Immune_mixed,Immune_mixed
TTCAGGAAGTCAGCGA-1,Immune_mixed,Immune_mixed
TTCAGGACAATGACCT-1,Erythroid,Erythroid
TTCAGGACACCCTTAC-1,Immune_mixed,Immune_mixed
TTCAGGACAGAAATCA-1,Erythroid,Erythroid
TTCAGGACATGAGGGT-1,Immune_mixed,Immune_mixed
TTCAGGAGTCATCCCT-1,Immune_mixed,Immune_mixed
TTCAGGAGTGCATTAC-1,Erythroid,Erythroid
TTCAGGATCCGGTAGC-1,Immune_mixed,Immune_mixed
TTCAGGATCCGTTTCG-1,Erythroid,Erythroid
TTCAGGATCGCGAAGA-1,Erythroid,Erythroid
TTCAGGATCTATACGG-1,Myeloid,Myeloid
TTCATGTAGATGAACT-1,"B_cells,1",B_cells
TTCATGTCAAATAAGC-1,Erythroid,Erythroid
TTCATGTCAAGTGCTT-1,Erythroid,Erythroid
TTCATGTCAATCGCGC-1,Immune_mixed,Immune_mixed
TTCATGTCAGCTCATA-1,Immune_mixed,Immune_mixed
TTCATGTCAGGTCTCG-1,Erythroid,Erythroid
TTCATGTGTAGCTTTG-1,Immune_mixed,Immune_mixed
TTCATGTGTCGAACAG-1,Erythroid,Erythroid
TTCATGTTCAGAGTTC-1,Immune_mixed,Immune_mixed
TTCATGTTCGGTAAGG-1,Erythroid,Erythroid
TTCATTGAGACATGCG-1,Immune_mixed,Immune_mixed
TTCATTGAGCATCCCG-1,Erythroid,Erythroid
TTCATTGAGTCTAACC-1,Immune_mixed,Immune_mixed
TTCATTGCAAATGAAC-1,Erythroid,Erythroid
TTCATTGTCACCTGTC-1,Immune_mixed,Immune_mixed
TTCATTGTCAGATGCT-1,Myeloid,Myeloid
TTCATTGTCATACAGC-1,Immune_mixed,Immune_mixed
TTCATTGTCGCTTACC-1,Immune_mixed,Immune_mixed
TTCATTGTCGGAACTT-1,"B_cells,1",B_cells
TTCATTGTCTCCATAT-1,Immune_mixed,Immune_mixed
TTCATTGTCTGAGAAA-1,"B_cells,0",B_cells
TTCCAATAGCCTATCA-1,Immune_mixed,Immune_mixed
TTCCAATAGGTCGTCC-1,Erythroid,Erythroid
TTCCAATGTCACTCTC-1,Myeloid,Myeloid
TTCCAATGTCGGCTAC-1,Immune_mixed,Immune_mixed
TTCCAATTCATCTCTA-1,Immune_mixed,Immune_mixed
TTCCAATTCGAGTTGT-1,Myeloid,Myeloid
TTCCACGAGTTGCGCC-1,Immune_mixed,Immune_mixed
TTCCACGCAGAGCGTA-1,"B_cells,0",B_cells
TTCCACGCAGATCCTA-1,Immune_mixed,Immune_mixed
TTCCACGCAGCGTTGC-1,Immune_mixed,Immune_mixed
TTCCACGGTTATTCCT-1,Immune_mixed,Immune_mixed
TTCCACGTCACCACAA-1,"B_cells,1",B_cells
TTCCACGTCACCTTGC-1,Immune_mixed,Immune_mixed
TTCCACGTCATGCATG-1,Myeloid,Myeloid
TTCCACGTCCGTCCTA-1,Erythroid,Erythroid
TTCCGGTAGACGACTG-1,Immune_mixed,Immune_mixed
TTCCGGTAGATTGGGC-1,Erythroid,Erythroid
TTCCGGTAGCAAGTGC-1,"B_cells,0",B_cells
TTCCGGTCACATGGTT-1,Immune_mixed,Immune_mixed
TTCCGGTCATCCCACT-1,"B_cells,0",B_cells
TTCCGGTGTCTCCTGT-1,Immune_mixed,Immune_mixed
TTCCGGTGTGACTGAG-1,Erythroid,Erythroid
TTCCGGTGTTAACCTG-1,Immune_mixed,Immune_mixed
TTCCGGTTCCGAGATT-1,Immune_mixed,Immune_mixed
TTCCGGTTCGCCTATC-1,Erythroid,Erythroid
TTCCGGTTCGTTGCCT-1,Immune_mixed,Immune_mixed
TTCCGGTTCTCCGCAT-1,Immune_mixed,Immune_mixed
TTCCGTGAGACTTGTC-1,Immune_mixed,Immune_mixed
TTCCGTGAGCGTCTCG-1,Immune_mixed,Immune_mixed
TTCCGTGCAAGACCGA-1,Immune_mixed,Immune_mixed
TTCCGTGCAATAGAGT-1,Immune_mixed,Immune_mixed
TTCCGTGCAGCTCGGT-1,Immune_mixed,Immune_mixed
TTCCGTGGTACAGTCT-1,Immune_mixed,Immune_mixed
TTCCGTGGTACGACAG-1,Erythroid,Erythroid
TTCCGTGGTAGTACGG-1,Immune_mixed,Immune_mixed
TTCCGTGGTATGAAGT-1,Immune_mixed,Immune_mixed
TTCCGTGGTCGTGTTA-1,Immune_mixed,Immune_mixed
TTCCGTGGTGAAGCGT-1,Immune_mixed,Immune_mixed
TTCCGTGTCCTTCGAC-1,Erythroid,Erythroid
TTCCGTGTCTCGCGTT-1,Immune_mixed,Immune_mixed
TTCCGTGTCTGTACAG-1,Erythroid,Erythroid
TTCCTAAAGATAGTCA-1,Immune_mixed,Immune_mixed
TTCCTAAAGCGTATGG-1,Immune_mixed,Immune_mixed
TTCCTAACACTGCTTC-1,Erythroid,Erythroid
TTCCTAAGTAGATTAG-1,Erythroid,Erythroid
TTCCTAAGTTGTTGAC-1,"B_cells,0",B_cells
TTCCTAATCCTATTTG-1,Immune_mixed,Immune_mixed
TTCCTAATCTTCACGC-1,Immune_mixed,Immune_mixed
TTCCTCTAGTCCCAGC-1,Immune_mixed,Immune_mixed
TTCCTCTAGTGGTCAG-1,Immune_mixed,Immune_mixed
TTCCTCTCAACCAATC-1,Immune_mixed,Immune_mixed
TTCCTCTGTACAAACA-1,Immune_mixed,Immune_mixed
TTCCTCTGTGTGTCGC-1,Immune_mixed,Immune_mixed
TTCCTCTTCCATTTAC-1,Immune_mixed,Immune_mixed
TTCCTCTTCCTGTAGA-1,Erythroid,Erythroid
TTCCTCTTCGAACGGA-1,Immune_mixed,Immune_mixed
TTCCTTCCAAAGGCAC-1,Immune_mixed,Immune_mixed
TTCCTTCCACTCCGAG-1,Immune_mixed,Immune_mixed
TTCCTTCGTACGCGTC-1,Immune_mixed,Immune_mixed
TTCCTTCGTTCGGACC-1,Immune_mixed,Immune_mixed
TTCCTTCGTTTCGATG-1,Immune_mixed,Immune_mixed
TTCCTTCTCCTAAACG-1,Immune_mixed,Immune_mixed
TTCCTTCTCGTTAGAC-1,Immune_mixed,Immune_mixed
TTCCTTCTCTAGCCTC-1,Immune_mixed,Immune_mixed
TTCGATTAGGGTGAGG-1,Erythroid,Erythroid
TTCGATTCAAGACCGA-1,Immune_mixed,Immune_mixed
TTCGATTCATGTTACG-1,Erythroid,Erythroid
TTCGATTTCAGAACCT-1,Erythroid,Erythroid
TTCGATTTCCACGGGT-1,Immune_mixed,Immune_mixed
TTCGCTGAGAAGCCTG-1,Immune_mixed,Immune_mixed
TTCGCTGAGACGCCCT-1,Immune_mixed,Immune_mixed
TTCGCTGAGCGAGGAG-1,Immune_mixed,Immune_mixed
TTCGCTGAGCGTACAG-1,Immune_mixed,Immune_mixed
TTCGCTGAGGGCCCTT-1,Immune_mixed,Immune_mixed
TTCGCTGAGGTACCTT-1,Erythroid,Erythroid
TTCGCTGGTACGTTCA-1,Immune_mixed,Immune_mixed
TTCGGTCCACAACGAG-1,Immune_mixed,Immune_mixed
TTCGGTCCACCTGTCT-1,Erythroid,Erythroid
TTCGGTCCAGCTATTG-1,Immune_mixed,Immune_mixed
TTCGGTCGTCGAGCTC-1,Immune_mixed,Immune_mixed
TTCGGTCGTGACACGA-1,Myeloid,Myeloid
TTCGGTCGTGCTTATG-1,Immune_mixed,Immune_mixed
TTCGGTCGTGGTATGG-1,Immune_mixed,Immune_mixed
TTCGGTCTCTAGTACG-1,Erythroid,Erythroid
TTCTAACAGCGGATCA-1,Immune_mixed,Immune_mixed
TTCTAACAGCGGGTAT-1,Immune_mixed,Immune_mixed
TTCTAACAGGTGCTAG-1,Immune_mixed,Immune_mixed
TTCTAACAGTCGTCTA-1,Immune_mixed,Immune_mixed
TTCTAACCACCGCTGA-1,Immune_mixed,Immune_mixed
TTCTAACGTAATCAAG-1,Immune_mixed,Immune_mixed
TTCTAACTCGGCTGGT-1,Immune_mixed,Immune_mixed
TTCTAACTCGTCGCTT-1,Erythroid,Erythroid
TTCTAACTCGTGGGAA-1,Immune_mixed,Immune_mixed
TTCTAACTCTATGTGG-1,Immune_mixed,Immune_mixed
TTCTAGTAGCATCTTG-1,Immune_mixed,Immune_mixed
TTCTAGTAGGTAGCAC-1,Immune_mixed,Immune_mixed
TTCTAGTCAAATGGTA-1,Erythroid,Erythroid
TTCTAGTCAAGACTGG-1,Immune_mixed,Immune_mixed
TTCTAGTCACGGATCC-1,Erythroid,Erythroid
TTCTAGTGTCGTTCAA-1,Immune_mixed,Immune_mixed
TTCTAGTTCATGAAAG-1,"B_cells,0",B_cells
TTCTAGTTCGATTGAC-1,Immune_mixed,Immune_mixed
TTCTAGTTCTCTCCGA-1,"B_cells,0",B_cells
TTCTAGTTCTTGCAGA-1,"B_cells,1",B_cells
TTCTCTCAGGGTAATT-1,Immune_mixed,Immune_mixed
TTCTCTCCACAACGCC-1,Immune_mixed,Immune_mixed
TTCTCTCCAGCAGTAG-1,Immune_mixed,Immune_mixed
TTCTCTCGTGATAGTA-1,Immune_mixed,Immune_mixed
TTCTCTCTCAGCGTCG-1,Erythroid,Erythroid
TTCTCTCTCCCTTGGT-1,Erythroid,Erythroid
TTCTCTCTCTAGACCA-1,Erythroid,Erythroid
TTCTGTAAGAGTTGTA-1,Immune_mixed,Immune_mixed
TTCTGTAAGCGGTAAC-1,"B_cells,1",B_cells
TTCTGTAAGGTGGGTT-1,Erythroid,Erythroid
TTCTGTACACGTACAT-1,Immune_mixed,Immune_mixed
TTCTGTACATTCAGGT-1,Immune_mixed,Immune_mixed
TTCTGTAGTATGTCTG-1,"B_cells,1",B_cells
TTCTGTAGTTGCATGT-1,Immune_mixed,Immune_mixed
TTCTGTAGTTTACACG-1,Immune_mixed,Immune_mixed
TTCTGTATCCCTCTTT-1,Immune_mixed,Immune_mixed
TTCTGTATCGTTGTGA-1,Immune_mixed,Immune_mixed
TTCTTCCAGAGCCATG-1,Immune_mixed,Immune_mixed
TTCTTCCAGTATGTAG-1,Immune_mixed,Immune_mixed
TTCTTCCCAGCATTGT-1,Immune_mixed,Immune_mixed
TTCTTCCGTATATGGA-1,Immune_mixed,Immune_mixed
TTCTTCCGTCACTCTC-1,Erythroid,Erythroid
TTCTTCCGTCTTACTT-1,Immune_mixed,Immune_mixed
TTCTTCCGTTGACGGA-1,Immune_mixed,Immune_mixed
TTCTTCCTCACCCATC-1,Immune_mixed,Immune_mixed
TTCTTCCTCCATCGTC-1,"B_cells,1",B_cells
TTCTTCCTCTGCACCT-1,Erythroid,Erythroid
TTCTTGAAGCACTAGG-1,Immune_mixed,Immune_mixed
TTCTTGACAGCTAACT-1,Erythroid,Erythroid
TTCTTGACAGGGTCTC-1,Erythroid,Erythroid
TTCTTGAGTACTGAGG-1,Immune_mixed,Immune_mixed
TTCTTGAGTTCTGACA-1,Immune_mixed,Immune_mixed
TTCTTGATCAACTGGT-1,Immune_mixed,Immune_mixed
TTCTTGATCATATGGC-1,Immune_mixed,Immune_mixed
TTGAACGAGAGTTCGG-1,Erythroid,Erythroid
TTGAACGAGCGAAACC-1,"B_cells,1",B_cells
TTGAACGAGCGTTACT-1,Immune_mixed,Immune_mixed
TTGAACGAGCTTCGTA-1,Immune_mixed,Immune_mixed
TTGAACGAGGATTTCC-1,Myeloid,Myeloid
TTGAACGAGGCACTCC-1,Erythroid,Erythroid
TTGAACGCAATTGCAC-1,Immune_mixed,Immune_mixed
TTGAACGCATAGACTC-1,Immune_mixed,Immune_mixed
TTGAACGGTGTTCATG-1,"B_cells,1",B_cells
TTGAACGGTTACGTAC-1,Myeloid,Myeloid
TTGAACGGTTGGGACA-1,Immune_mixed,Immune_mixed
TTGAACGTCAAGTTGC-1,Erythroid,Erythroid
TTGACCCAGAGCATAT-1,Immune_mixed,Immune_mixed
TTGACCCAGATAGTGT-1,Immune_mixed,Immune_mixed
TTGACCCAGCAGTACG-1,Myeloid,Myeloid
TTGACCCAGCCGATTT-1,Immune_mixed,Immune_mixed
TTGACCCAGCCTCTTC-1,Immune_mixed,Immune_mixed
TTGACCCAGCTGCCTG-1,"B_cells,1",B_cells
TTGACCCAGTCTCGTA-1,Immune_mixed,Immune_mixed
TTGACCCAGTGGACGT-1,Immune_mixed,Immune_mixed
TTGACCCCAGCTGTCG-1,Immune_mixed,Immune_mixed
TTGACCCCATCTCGTC-1,Immune_mixed,Immune_mixed
TTGACCCGTCTACAGT-1,Immune_mixed,Immune_mixed
TTGACCCTCAGACATC-1,"B_cells,1",B_cells
TTGACCCTCATTTCCA-1,Immune_mixed,Immune_mixed
TTGACCCTCCTGTAGA-1,Immune_mixed,Immune_mixed
TTGACCCTCGTGCACG-1,Immune_mixed,Immune_mixed
TTGAGTGAGGATTCAA-1,Immune_mixed,Immune_mixed
TTGAGTGAGTAATTGG-1,Erythroid,Erythroid
TTGAGTGGTGGGCTCT-1,Immune_mixed,Immune_mixed
TTGAGTGGTTCGTGCG-1,Immune_mixed,Immune_mixed
TTGAGTGGTTCTCGTC-1,Erythroid,Erythroid
TTGAGTGTCAGTGTGT-1,Myeloid,Myeloid
TTGAGTGTCATTCGTT-1,Immune_mixed,Immune_mixed
TTGAGTGTCCACCTCA-1,Immune_mixed,Immune_mixed
TTGAGTGTCCATCTGC-1,Immune_mixed,Immune_mixed
TTGAGTGTCCATTGTT-1,Immune_mixed,Immune_mixed
TTGAGTGTCCCATTCG-1,Immune_mixed,Immune_mixed
TTGAGTGTCCTACGGG-1,Erythroid,Erythroid
TTGAGTGTCGTACACA-1,"B_cells,0",B_cells
TTGAGTGTCTCAACGA-1,Immune_mixed,Immune_mixed
TTGAGTGTCTCCACTG-1,Immune_mixed,Immune_mixed
TTGATGGAGACGGAAA-1,Immune_mixed,Immune_mixed
TTGATGGAGCAGCCTC-1,Immune_mixed,Immune_mixed
TTGATGGAGCCGAACA-1,Immune_mixed,Immune_mixed
TTGATGGAGGATGGCT-1,Erythroid,Erythroid
TTGATGGAGGCTGAAC-1,Erythroid,Erythroid
TTGATGGAGTCGCGAA-1,Immune_mixed,Immune_mixed
TTGATGGCAAGCGAGT-1,Immune_mixed,Immune_mixed
TTGATGGCAAGGCCTC-1,Immune_mixed,Immune_mixed
TTGATGGCAGAGGCTA-1,"B_cells,1",B_cells
TTGATGGCATATACCG-1,Immune_mixed,Immune_mixed
TTGATGGCATGTACGT-1,Immune_mixed,Immune_mixed
TTGATGGGTCTACAGT-1,Immune_mixed,Immune_mixed
TTGATGGTCCTCTTTC-1,Immune_mixed,Immune_mixed
TTGCATTAGACATACA-1,Erythroid,Erythroid
TTGCATTAGGAAGAAC-1,Erythroid,Erythroid
TTGCATTAGGAAGTAG-1,Erythroid,Erythroid
TTGCATTCAGCTACTA-1,"B_cells,0",B_cells
TTGCATTTCACCATAG-1,Immune_mixed,Immune_mixed
TTGCATTTCCCGGTAG-1,Immune_mixed,Immune_mixed
TTGCATTTCGCGAAGA-1,Erythroid,Erythroid
TTGCCTGAGAGTTGTA-1,Erythroid,Erythroid
TTGCCTGAGCAGGCTA-1,Immune_mixed,Immune_mixed
TTGCCTGCAAGGGTCA-1,Erythroid,Erythroid
TTGCCTGCAGACCAGA-1,Immune_mixed,Immune_mixed
TTGCCTGGTTGTGTTG-1,Immune_mixed,Immune_mixed
TTGCCTGTCAAGAGGC-1,Immune_mixed,Immune_mixed
TTGCCTGTCGGACCAC-1,Immune_mixed,Immune_mixed
TTGCGTCAGACAGCTG-1,Immune_mixed,Immune_mixed
TTGCGTCAGCTTCGTA-1,Erythroid,Erythroid
TTGCGTCAGGAAGTAG-1,Immune_mixed,Immune_mixed
TTGCGTCAGTTAGAAC-1,Immune_mixed,Immune_mixed
TTGCGTCCAACTGCTA-1,Erythroid,Erythroid
TTGCGTCCACTGTTCC-1,Immune_mixed,Immune_mixed
TTGCGTCCATTAAGCC-1,Erythroid,Erythroid
TTGCGTCGTCCTACAA-1,Erythroid,Erythroid
TTGCGTCGTCTGATCA-1,Myeloid,Myeloid
TTGCGTCGTTATAGAG-1,Immune_mixed,Immune_mixed
TTGCGTCTCAGGGTAG-1,Immune_mixed,Immune_mixed
TTGCGTCTCTCCGATC-1,Immune_mixed,Immune_mixed
TTGCTGCAGAAGCCAC-1,Immune_mixed,Immune_mixed
TTGCTGCAGACACACG-1,Erythroid,Erythroid
TTGCTGCAGCAATTAG-1,"B_cells,0",B_cells
TTGCTGCAGCGACAGT-1,Immune_mixed,Immune_mixed
TTGCTGCCAAGTCGTT-1,Immune_mixed,Immune_mixed
TTGCTGCTCATTACTC-1,Immune_mixed,Immune_mixed
TTGGATGAGACTTCAC-1,Erythroid,Erythroid
TTGGATGAGAGATCGC-1,"B_cells,1",B_cells
TTGGATGAGAGTCCGA-1,Immune_mixed,Immune_mixed
TTGGATGAGCATACTC-1,Immune_mixed,Immune_mixed
TTGGATGAGCTTAAGA-1,Myeloid,Myeloid
TTGGATGCACCGAATT-1,Immune_mixed,Immune_mixed
TTGGATGCATCTCGTC-1,Immune_mixed,Immune_mixed
TTGGATGGTAATCAGA-1,Immune_mixed,Immune_mixed
TTGGATGGTTGACTGT-1,Erythroid,Erythroid
TTGGATGTCGCATAGT-1,Immune_mixed,Immune_mixed
TTGGGATAGAAATTGC-1,Erythroid,Erythroid
TTGGGATAGGTAGTCG-1,"B_cells,0",B_cells
TTGGGATCACAAGTGG-1,"B_cells,1",B_cells
TTGGGATCAGCATGCC-1,Erythroid,Erythroid
TTGGGATCATTGACTG-1,Erythroid,Erythroid
TTGGGATGTACGATCT-1,Erythroid,Erythroid
TTGGGATGTCCGAAAG-1,Immune_mixed,Immune_mixed
TTGGGATTCGCACTCT-1,Immune_mixed,Immune_mixed
TTGGGATTCGCTCTCA-1,"B_cells,1",B_cells
TTGGGCGAGGACAAGA-1,Immune_mixed,Immune_mixed
TTGGGCGCAGATACTC-1,Erythroid,Erythroid
TTGGGCGGTGCCGTTG-1,Immune_mixed,Immune_mixed
TTGGGCGGTGGATTTC-1,Immune_mixed,Immune_mixed
TTGGGCGTCCTAAGTG-1,Immune_mixed,Immune_mixed
TTGGGCGTCTGGTCAA-1,Immune_mixed,Immune_mixed
TTGGGTAAGCTCGACC-1,Immune_mixed,Immune_mixed
TTGGGTACACCCTATC-1,Erythroid,Erythroid
TTGGGTACAGGAATAT-1,Immune_mixed,Immune_mixed
TTGGGTAGTCACTTAG-1,Immune_mixed,Immune_mixed
TTGGGTAGTTCTCAGA-1,Immune_mixed,Immune_mixed
TTGGGTATCGTGTGGC-1,Immune_mixed,Immune_mixed
TTGGGTATCTCTGCTG-1,Immune_mixed,Immune_mixed
TTGGTTTAGACATATG-1,Immune_mixed,Immune_mixed
TTGGTTTAGCGTCTCG-1,Immune_mixed,Immune_mixed
TTGGTTTAGTCTACCA-1,Myeloid,Myeloid
TTGGTTTAGTGGCAGT-1,Erythroid,Erythroid
TTGGTTTGTAAGCTCT-1,"B_cells,0",B_cells
TTGGTTTGTTCCTAAG-1,Erythroid,Erythroid
TTGTGGACACGCAAAG-1,Immune_mixed,Immune_mixed
TTGTGGAGTGCCGTTG-1,Immune_mixed,Immune_mixed
TTGTGGATCAGACAAA-1,Erythroid,Erythroid
TTGTGGATCGTAGTGT-1,"B_cells,0",B_cells
TTGTGGATCTTCTGTA-1,Immune_mixed,Immune_mixed
TTGTGTTAGAGTATAC-1,Immune_mixed,Immune_mixed
TTGTGTTCAGCTGGTC-1,Immune_mixed,Immune_mixed
TTGTTCAAGAGAGCCT-1,Immune_mixed,Immune_mixed
TTGTTCAAGCTGTTCA-1,Immune_mixed,Immune_mixed
TTGTTCAAGTACAGAT-1,Myeloid,Myeloid
TTGTTCACATGGCTAT-1,"B_cells,1",B_cells
TTGTTCAGTAGATTAG-1,Immune_mixed,Immune_mixed
TTGTTCAGTCAAAGCG-1,Immune_mixed,Immune_mixed
TTGTTCAGTCAGATTC-1,Immune_mixed,Immune_mixed
TTGTTCAGTCCTCCTA-1,Immune_mixed,Immune_mixed
TTGTTCAGTTGGTACT-1,Immune_mixed,Immune_mixed
TTGTTCATCAGGACGA-1,Immune_mixed,Immune_mixed
TTGTTCATCCCAGGAC-1,Immune_mixed,Immune_mixed
TTGTTCATCGTGCTCT-1,Immune_mixed,Immune_mixed
TTGTTCATCGTTATCT-1,Immune_mixed,Immune_mixed
TTGTTGTAGACCGTTT-1,"B_cells,0",B_cells
TTGTTGTCACTACGGC-1,Immune_mixed,Immune_mixed
TTGTTGTGTATGCGGA-1,Erythroid,Erythroid
TTGTTGTGTCATCGGC-1,Immune_mixed,Immune_mixed
TTGTTGTGTCTTACAG-1,Erythroid,Erythroid
TTGTTGTGTTGAAGTA-1,Immune_mixed,Immune_mixed
TTGTTGTTCGAGTCTA-1,Immune_mixed,Immune_mixed
TTGTTGTTCGTTCCCA-1,Immune_mixed,Immune_mixed
TTGTTGTTCTAAGCGT-1,Myeloid,Myeloid
TTGTTTGAGATGAAGG-1,Erythroid,Erythroid
TTGTTTGAGCGGACAT-1,Immune_mixed,Immune_mixed
TTGTTTGAGGTACTGG-1,Immune_mixed,Immune_mixed
TTGTTTGAGTGCACCC-1,Immune_mixed,Immune_mixed
TTGTTTGCACGACGTC-1,Immune_mixed,Immune_mixed
TTGTTTGCACTATCCC-1,Immune_mixed,Immune_mixed
TTGTTTGCAGCACCCA-1,"B_cells,0",B_cells
TTGTTTGCAGCCGTCA-1,"B_cells,1",B_cells
TTGTTTGGTGAGTGAC-1,Immune_mixed,Immune_mixed
TTGTTTGGTGATGGCA-1,Immune_mixed,Immune_mixed
TTGTTTGGTGTCACAT-1,"B_cells,0",B_cells
TTGTTTGGTTCAGCTA-1,Myeloid,Myeloid
TTGTTTGTCACGGGCT-1,Erythroid,Erythroid
TTGTTTGTCAGGGTAG-1,Erythroid,Erythroid
TTTACCAAGAGCCCAA-1,Immune_mixed,Immune_mixed
TTTACCAAGAGGGCGA-1,Immune_mixed,Immune_mixed
TTTACCAAGTTCATGC-1,Erythroid,Erythroid
TTTACCACAACCGGAA-1,Immune_mixed,Immune_mixed
TTTACCACATACCAGT-1,Immune_mixed,Immune_mixed
TTTACCAGTACAAACA-1,Immune_mixed,Immune_mixed
TTTACCATCGAGTACT-1,"B_cells,0",B_cells
TTTACGTAGATCACTC-1,Erythroid,Erythroid
TTTACGTAGCGGGTAT-1,Erythroid,Erythroid
TTTACGTAGGGTGAAA-1,Immune_mixed,Immune_mixed
TTTACGTCAGAGTAAT-1,Immune_mixed,Immune_mixed
TTTACGTCAGCTATAC-1,Immune_mixed,Immune_mixed
TTTACGTGTAACCAGG-1,Myeloid,Myeloid
TTTACGTGTGTATTCG-1,Immune_mixed,Immune_mixed
TTTACTGAGACTAGAT-1,Immune_mixed,Immune_mixed
TTTACTGAGTTAACAG-1,Immune_mixed,Immune_mixed
TTTACTGCACAGTATC-1,Immune_mixed,Immune_mixed
TTTACTGGTACGATCT-1,Erythroid,Erythroid
TTTACTGGTAGGCAAC-1,Immune_mixed,Immune_mixed
TTTACTGTCCATCTCG-1,Immune_mixed,Immune_mixed
TTTAGTCAGACATCCT-1,"B_cells,0",B_cells
TTTAGTCCACCGGTCA-1,Immune_mixed,Immune_mixed
TTTAGTCCAGAATCGG-1,Immune_mixed,Immune_mixed
TTTAGTCCAGCCTACG-1,Erythroid,Erythroid
TTTAGTCCATACCATG-1,Myeloid,Myeloid
TTTAGTCGTACAGTTC-1,"B_cells,0",B_cells
TTTAGTCTCCTCGATC-1,Immune_mixed,Immune_mixed
TTTAGTCTCTGATGGT-1,Immune_mixed,Immune_mixed
TTTATGCAGCATCGAG-1,Erythroid,Erythroid
TTTATGCAGCGAGTCA-1,Myeloid,Myeloid
TTTATGCAGTAGAGTT-1,Immune_mixed,Immune_mixed
TTTATGCAGTAGGGTC-1,Erythroid,Erythroid
TTTATGCCACACACTA-1,Immune_mixed,Immune_mixed
TTTATGCCACCTAAAC-1,"B_cells,0",B_cells
TTTATGCGTCAACACT-1,Erythroid,Erythroid
TTTATGCGTCCGGACT-1,"B_cells,0",B_cells
TTTATGCGTCGACTGC-1,Immune_mixed,Immune_mixed
TTTATGCGTGGGACAT-1,"B_cells,0",B_cells
TTTATGCGTTGTACGT-1,Immune_mixed,Immune_mixed
TTTATGCGTTTCCAAG-1,Erythroid,Erythroid
TTTATGCTCGAGAGAC-1,Immune_mixed,Immune_mixed
TTTATGCTCTCTGCCA-1,"B_cells,1",B_cells
TTTATGCTCTGCGGGT-1,Myeloid,Myeloid
TTTCACAAGATGGCAC-1,Immune_mixed,Immune_mixed
TTTCACAAGTGCAACG-1,Immune_mixed,Immune_mixed
TTTCACAAGTGGAATT-1,Myeloid,Myeloid
TTTCACACAACTTGGT-1,"B_cells,0",B_cells
TTTCACACACAGTCCG-1,Erythroid,Erythroid
TTTCACAGTCAAGGCA-1,"B_cells,0",B_cells
TTTCACATCACATTGG-1,Immune_mixed,Immune_mixed
TTTCACATCTACGGTA-1,Erythroid,Erythroid
TTTCAGTAGTCTAACC-1,Immune_mixed,Immune_mixed
TTTCAGTAGTTTGAGA-1,"B_cells,0",B_cells
TTTCAGTCAATCGCGC-1,Immune_mixed,Immune_mixed
TTTCAGTGTAGCACAG-1,Erythroid,Erythroid
TTTCAGTGTCATGCAT-1,Immune_mixed,Immune_mixed
TTTCAGTGTGCAGATG-1,Erythroid,Erythroid
TTTCAGTGTGGCTGAA-1,Immune_mixed,Immune_mixed
TTTCAGTTCCAGCACG-1,Immune_mixed,Immune_mixed
TTTCATGCATTGCTTT-1,Immune_mixed,Immune_mixed
TTTCATGGTACTGTTG-1,Immune_mixed,Immune_mixed
TTTCATGGTCGCGTTG-1,Immune_mixed,Immune_mixed
TTTCATGGTCTGGTTA-1,Myeloid,Myeloid
TTTCATGGTCTGTTAG-1,"B_cells,0",B_cells
TTTCATGGTGAGTTGG-1,Immune_mixed,Immune_mixed
TTTCATGTCATCACCC-1,Erythroid,Erythroid
TTTCATGTCATGCCAA-1,Immune_mixed,Immune_mixed
TTTCATGTCGAGCCTG-1,Immune_mixed,Immune_mixed
TTTCATGTCGCTACAA-1,"B_cells,1",B_cells
TTTCATGTCGTCCATC-1,Immune_mixed,Immune_mixed
TTTCCTCAGCGAAACC-1,Immune_mixed,Immune_mixed
TTTCCTCAGGCGATAC-1,Immune_mixed,Immune_mixed
TTTCCTCAGGCTCCCA-1,Immune_mixed,Immune_mixed
TTTCCTCAGTCGTTAC-1,"B_cells,0",B_cells
TTTCCTCCACGGATCC-1,Immune_mixed,Immune_mixed
TTTCCTCCATGGAACG-1,Immune_mixed,Immune_mixed
TTTCCTCGTCGACGCT-1,Immune_mixed,Immune_mixed
TTTCCTCTCGAGCACC-1,Immune_mixed,Immune_mixed
TTTCGATAGGTCCTGC-1,Immune_mixed,Immune_mixed
TTTCGATAGTCACTGT-1,Immune_mixed,Immune_mixed
TTTCGATAGTGATGGC-1,Immune_mixed,Immune_mixed
TTTCGATCACACGGAA-1,Immune_mixed,Immune_mixed
TTTCGATCACAGAGAC-1,Immune_mixed,Immune_mixed
TTTCGATCATCCTATT-1,Immune_mixed,Immune_mixed
TTTCGATGTAGCGTCC-1,Immune_mixed,Immune_mixed
TTTCGATTCAGCACCG-1,Immune_mixed,Immune_mixed
TTTCGATTCATCACTT-1,Myeloid,Myeloid
TTTCGATTCGCCAGTG-1,Immune_mixed,Immune_mixed
TTTCGATTCTAGAGCT-1,Erythroid,Erythroid
TTTCGATTCTCCATAT-1,Myeloid,Myeloid
TTTGACTAGATCCCAT-1,Immune_mixed,Immune_mixed
TTTGACTAGATGTTGA-1,Erythroid,Erythroid
TTTGACTAGTAGGAAG-1,Immune_mixed,Immune_mixed
TTTGACTCACCGAATT-1,"B_cells,0",B_cells
TTTGACTCACTTACAG-1,Immune_mixed,Immune_mixed
TTTGACTCATGTGTCA-1,Immune_mixed,Immune_mixed
TTTGACTGTGGAACAC-1,Immune_mixed,Immune_mixed
TTTGACTGTGTAGCAG-1,Immune_mixed,Immune_mixed
TTTGACTTCTCGGCTT-1,Immune_mixed,Immune_mixed
TTTGACTTCTTTCGAT-1,Immune_mixed,Immune_mixed
TTTGATCCAGGTAGTG-1,Immune_mixed,Immune_mixed
TTTGATCGTACGTTCA-1,Myeloid,Myeloid
TTTGATCGTCGAGTGA-1,"B_cells,1",B_cells
TTTGATCTCAAACGTC-1,Erythroid,Erythroid
TTTGATCTCATTGCTT-1,Erythroid,Erythroid
TTTGGAGAGCACCGTC-1,Erythroid,Erythroid
TTTGGAGCAAACTGCT-1,Immune_mixed,Immune_mixed
TTTGGAGTCCCTATTA-1,Immune_mixed,Immune_mixed
TTTGGTTAGAACTCCT-1,Immune_mixed,Immune_mixed
TTTGGTTAGTGGTCAG-1,Immune_mixed,Immune_mixed
TTTGGTTAGTTAACAG-1,Immune_mixed,Immune_mixed
TTTGGTTCACATTACG-1,Immune_mixed,Immune_mixed
TTTGGTTCATGACGGA-1,"B_cells,1",B_cells
TTTGGTTCATGTTACG-1,Myeloid,Myeloid
TTTGGTTGTCTCACAA-1,Erythroid,Erythroid
TTTGGTTTCCCATTCG-1,Immune_mixed,Immune_mixed
TTTGGTTTCCGTCCTA-1,Immune_mixed,Immune_mixed
TTTGGTTTCTTGCGCT-1,Immune_mixed,Immune_mixed
TTTGTTGAGAGTCTGG-1,Immune_mixed,Immune_mixed
TTTGTTGCAGACAATA-1,Myeloid,Myeloid
TTTGTTGCATGTTACG-1,Erythroid,Erythroid
TTTGTTGGTAGTCACT-1,Immune_mixed,Immune_mixed
TTTGTTGTCGCGCTGA-1,Immune_mixed,Immune_mixed
