,UMAP1,UMAP2,samples
AAACCCAAGGATGGCT-1,12.468942,11.75185,s1d1
AAACCCAAGGCCTAGA-1,5.931009,-2.39142,s1d1
AAACCCAAGTGAGTGC-1,5.448209,17.199253,s1d1
AAACCCACAAGAGGCT-1,11.099473,-0.88124365,s1d1
AAACCCACATCGTGGC-1,13.245965,5.954773,s1d1
AAACCCACATTCTCTA-1,4.356723,17.164782,s1d1
AAACCCAGTCCGCAGT-1,-5.730805,7.670556,s1d1
AAACCCAGTGCATACT-1,10.470162,9.280192,s1d1
AAACCCAGTTGACGGA-1,11.7356205,7.062167,s1d1
AAACCCATCGATACTG-1,11.11349,6.3359795,s1d1
AAACCCATCGGAGCAA-1,11.805021,14.589474,s1d1
AAACGAAAGCAATTCC-1,12.643658,11.879929,s1d1
AAACGAAAGCTCCACG-1,8.701298,1.86066,s1d1
AAACGAACAAGAATAC-1,2.6028955,17.581951,s1d1
AAACGAACACAGGATG-1,17.043165,5.265388,s1d1
AAACGAACATCGCTGG-1,6.340758,-2.2713974,s1d1
AAACGAAGTAAGTTAG-1,2.5880349,14.9745655,s1d1
AAACGAAGTCCACTTC-1,10.880511,11.923456,s1d1
AAACGAAGTCTCACAA-1,11.803347,10.193572,s1d1
AAACGAAGTGGTCTAT-1,13.132293,5.822433,s1d1
AAACGAAGTTTGCAGT-1,2.5280335,5.5473175,s1d1
AAACGAATCCCTTGGT-1,9.975913,13.150527,s1d1
AAACGAATCGCTCCTA-1,10.9255495,12.2624235,s1d1
AAACGAATCGTGCACG-1,11.0804205,17.35275,s1d1
AAACGCTAGAAGTCAT-1,10.73554,11.446067,s1d1
AAACGCTAGAGCCTGA-1,13.093007,13.706947,s1d1
AAACGCTAGAGGTCGT-1,11.447138,14.035276,s1d1
AAACGCTAGGCAGTCA-1,5.14369,-3.9217193,s1d1
AAACGCTAGTAGAGTT-1,11.072323,-0.98601174,s1d1
AAACGCTAGTCAGAGC-1,10.956644,-1.0423694,s1d1
AAACGCTCAAGAATGT-1,8.703298,0.68628,s1d1
AAACGCTCAAGCCTGC-1,11.432104,11.301189,s1d1
AAACGCTCATGCAGGA-1,6.8658724,-3.7943742,s1d1
AAACGCTGTACTTGTG-1,11.479191,10.390779,s1d1
AAACGCTGTCTCTCAC-1,11.690045,11.661943,s1d1
AAACGCTGTGACTATC-1,9.499223,1.8704236,s1d1
AAACGCTGTTCGGTAT-1,4.587902,19.492064,s1d1
AAACGCTTCACCTACC-1,11.723639,10.408086,s1d1
AAACGCTTCACTACTT-1,6.5124526,-2.8812692,s1d1
AAACGCTTCACTAGCA-1,13.61113,13.027044,s1d1
AAACGCTTCATCTATC-1,9.843369,4.527411,s1d1
AAACGCTTCATGGATC-1,5.5895615,16.787745,s1d1
AAAGAACAGCGGATCA-1,11.408383,7.7042046,s1d1
AAAGAACAGCTCCCTT-1,10.22497,12.795523,s1d1
AAAGAACAGGGACTGT-1,15.096872,6.1585293,s1d1
AAAGAACCATCAGTCA-1,13.785601,9.411424,s1d1
AAAGAACGTGCTGCAC-1,3.1823123,16.914179,s1d1
AAAGAACGTTACCCTC-1,12.682204,6.4508553,s1d1
AAAGGATAGTGGAAGA-1,5.5135565,16.561132,s1d1
AAAGGATCACGTCGGT-1,4.7920647,19.568974,s1d1
AAAGGATCATTCTGTT-1,11.822428,6.280495,s1d1
AAAGGATGTATATGGA-1,5.740088,-1.8881296,s1d1
AAAGGATGTTCCCAAA-1,15.235165,9.25615,s1d1
AAAGGATGTTGAGGAC-1,15.487886,9.331679,s1d1
AAAGGATGTTTCAGAC-1,2.9669957,4.825216,s1d1
AAAGGATTCCCATGGG-1,-1.3832804,7.0008965,s1d1
AAAGGATTCTACGGGC-1,12.158178,12.03351,s1d1
AAAGGGCAGGACGGAG-1,6.1599464,-4.530815,s1d1
AAAGGGCAGGCACGAT-1,2.3714306,17.644161,s1d1
AAAGGGCAGTTTCAGC-1,-4.560746,9.16932,s1d1
AAAGGGCGTAACGTTC-1,-5.762178,9.901987,s1d1
AAAGGGCGTCATGGCC-1,11.319397,8.025933,s1d1
AAAGGGCGTCCACGCA-1,16.916721,5.5770173,s1d1
AAAGGGCGTGTCGCTG-1,3.7158625,13.123357,s1d1
AAAGGGCTCACTGGTA-1,-4.8344917,9.535227,s1d1
AAAGGTAAGTCAGGGT-1,7.061951,-5.205764,s1d1
AAAGGTACAACTCATG-1,2.0885503,4.8983283,s1d1
AAAGGTACAATGAACA-1,12.022495,7.660392,s1d1
AAAGGTACACCGAATT-1,8.122193,0.060570695,s1d1
AAAGGTAGTAGTGCGA-1,11.5532055,12.215276,s1d1
AAAGGTATCAAGTAAG-1,2.0498688,16.890457,s1d1
AAAGGTATCGAGAGCA-1,-5.2296352,10.890471,s1d1
AAAGTCCAGAATCTAG-1,16.402197,6.0255218,s1d1
AAAGTCCAGCACGTCC-1,-5.3277245,7.0668216,s1d1
AAAGTCCAGCGAATGC-1,10.996171,8.384865,s1d1
AAAGTCCAGGGCAACT-1,11.095206,7.629461,s1d1
AAAGTCCGTACGATCT-1,-5.7567797,8.222956,s1d1
AAAGTCCGTACTCAAC-1,-4.5278645,7.772204,s1d1
AAAGTCCGTAGACAAT-1,15.891073,8.85345,s1d1
AAAGTCCGTCAACCAT-1,5.0931673,19.152805,s1d1
AAAGTCCGTTATCTGG-1,9.1723385,1.9287148,s1d1
AAAGTCCTCTGTCCCA-1,16.805761,5.2130504,s1d1
AAAGTCCTCTTGCAAG-1,16.122423,8.870585,s1d1
AAAGTGAAGAAGGGAT-1,12.326658,12.031672,s1d1
AAAGTGACAACACGTT-1,1.0570626,5.6448755,s1d1
AAAGTGACATATCTCT-1,9.551032,4.4585757,s1d1
AAAGTGACATATGGCT-1,8.916125,2.537058,s1d1
AAAGTGAGTAACGCGA-1,5.194187,-4.2790136,s1d1
AAAGTGAGTCGTACTA-1,4.969945,-4.14693,s1d1
AAAGTGAGTTTCCCAC-1,5.026004,-2.821737,s1d1
AAAGTGAGTTTCGTGA-1,11.605935,14.436812,s1d1
AAATGGAAGAGCCATG-1,2.9229274,18.164705,s1d1
AAATGGAAGCAGGCAT-1,11.583064,6.3053,s1d1
AAATGGAAGCCATTCA-1,15.471515,8.749899,s1d1
AAATGGACATAAGCAA-1,4.904297,-4.378374,s1d1
AAATGGAGTTCTAAGC-1,12.587107,6.711579,s1d1
AAATGGATCATCTACT-1,12.111835,12.053935,s1d1
AAATGGATCCTTATCA-1,12.11532,7.8942323,s1d1
AAATGGATCGCCTCTA-1,5.212077,19.471151,s1d1
AAATGGATCTTGTGCC-1,-1.2557694,4.6217203,s1d1
AACAAAGCACGACGAA-1,5.1452365,19.54212,s1d1
AACAAAGCATCTCCCA-1,11.327182,7.599671,s1d1
AACAAAGGTACCGCGT-1,2.8689852,3.4451606,s1d1
AACAAAGGTACCTGTA-1,-1.9732388,3.6382117,s1d1
AACAAAGGTATGCGTT-1,3.4188087,16.590555,s1d1
AACAAAGGTGTTCCAA-1,8.680157,2.0315566,s1d1
AACAAAGGTTCAGTAC-1,1.1193515,4.9952974,s1d1
AACAAAGTCCGTACGG-1,5.1110144,19.510489,s1d1
AACAAAGTCCTACGAA-1,10.052406,18.41079,s1d1
AACAACCAGAAGCCAC-1,13.2788315,13.928228,s1d1
AACAACCAGACGAAGA-1,10.047007,5.438075,s1d1
AACAACCAGAGAATCT-1,-1.9576359,3.7583208,s1d1
AACAACCAGTTCTACG-1,11.118072,13.100545,s1d1
AACAACCAGTTGTAAG-1,8.920716,-0.7747371,s1d1
AACAACCCACAAATCC-1,8.500718,1.3975233,s1d1
AACAACCCATGGCTAT-1,-0.15415367,4.5941987,s1d1
AACAACCCATTGCCTC-1,11.286095,6.598604,s1d1
AACAACCGTACTGAGG-1,2.0630136,16.562449,s1d1
AACAACCGTTCTTGCC-1,12.290411,12.4741335,s1d1
AACAACCGTTTCGGCG-1,11.444089,14.49383,s1d1
AACAACCTCGGTCAGC-1,12.216974,10.253408,s1d1
AACAACCTCTTACGGA-1,12.190434,8.224491,s1d1
AACAAGAAGCCGTTAT-1,3.349086,17.987568,s1d1
AACAAGACAACTCCCT-1,12.1646385,7.085172,s1d1
AACAAGACACCGTGAC-1,11.668349,8.077001,s1d1
AACAAGACACGACGAA-1,6.114484,-4.9991965,s1d1
AACAAGAGTAGTTACC-1,10.620437,8.059269,s1d1
AACAAGAGTCATCCCT-1,-5.890638,8.745447,s1d1
AACAAGATCATTCTTG-1,8.7665825,2.0767348,s1d1
AACACACAGGTCCCGT-1,4.520792,20.151423,s1d1
AACACACAGTAATCCC-1,1.9976819,7.1839867,s1d1
AACACACTCACTACGA-1,10.415169,12.161011,s1d1
AACACACTCATTGCGA-1,11.570675,5.9593325,s1d1
AACACACTCCCAAGTA-1,10.932037,12.336293,s1d1
AACACACTCCGACAGC-1,4.8857946,19.028727,s1d1
AACACACTCCTCATAT-1,2.961814,17.88569,s1d1
AACACACTCCTGGCTT-1,2.789361,17.304752,s1d1
AACAGGGAGCGAGAAA-1,10.94253,13.06569,s1d1
AACAGGGAGTTGGGAC-1,16.426403,5.1512747,s1d1
AACAGGGGTCAGACTT-1,10.865249,12.844114,s1d1
AACAGGGGTGCGTTTA-1,6.7193403,-5.1617904,s1d1
AACAGGGGTGGTTTGT-1,8.586228,1.8133227,s1d1
AACAGGGTCCTAGCTC-1,11.805049,12.700218,s1d1
AACAGGGTCTGTGCAA-1,10.46394,5.1619735,s1d1
AACCAACAGCTAATGA-1,16.670311,4.6968794,s1d1
AACCAACCAAACACCT-1,9.56753,1.9012369,s1d1
AACCAACCACTCACTC-1,12.225207,12.529029,s1d1
AACCAACCAGATGCGA-1,6.1535087,-3.7765691,s1d1
AACCAACCAGCATTGT-1,4.9808235,-3.539103,s1d1
AACCAACGTACGGTTT-1,10.894877,13.432139,s1d1
AACCAACGTCTTAGTG-1,3.7297957,14.638627,s1d1
AACCAACGTTGCGGCT-1,11.1795225,8.537944,s1d1
AACCAACTCCTAGCTC-1,-4.8807693,6.750579,s1d1
AACCAACTCGATTGAC-1,-4.912973,8.396327,s1d1
AACCACAAGAACTTCC-1,11.410241,12.407658,s1d1
AACCACAAGACTTGTC-1,1.6781301,3.9462864,s1d1
AACCACAAGTCAGCCC-1,3.8414826,14.175417,s1d1
AACCACACACACGCCA-1,4.895714,18.327276,s1d1
AACCACACACGGCCAT-1,5.759243,19.10649,s1d1
AACCACAGTTCAAAGA-1,12.416891,9.312818,s1d1
AACCACAGTTCGGCGT-1,-6.1251163,7.7502055,s1d1
AACCACAGTTCGGCTG-1,3.9520762,18.904062,s1d1
AACCACAGTTGTGTAC-1,7.1034355,5.0265336,s1d1
AACCACATCACGGACC-1,10.630023,13.227657,s1d1
AACCACATCGACATTG-1,-2.0364842,4.4363565,s1d1
AACCACATCTAAACGC-1,10.937971,12.601455,s1d1
AACCACATCTTCCAGC-1,5.739525,19.275742,s1d1
AACCATGAGGCTCTCG-1,5.1236386,-4.949726,s1d1
AACCATGAGTAGGAAG-1,10.37202,12.87807,s1d1
AACCATGAGTTATGGA-1,5.966876,16.731623,s1d1
AACCATGCAGCCGTCA-1,10.806679,14.115821,s1d1
AACCATGGTTAAGTCC-1,13.599643,6.530825,s1d1
AACCATGTCGGTCAGC-1,11.395613,14.068105,s1d1
AACCATGTCGTGTTCC-1,1.1838106,4.776537,s1d1
AACCCAAAGCAATTCC-1,3.1603909,7.5050774,s1d1
AACCCAAAGCGCACAA-1,6.4538774,-3.172531,s1d1
AACCCAAAGCTGAAGC-1,15.582193,9.084226,s1d1
AACCCAAAGCTGTCCG-1,12.508721,9.516405,s1d1
AACCCAAAGTCAAGCG-1,5.700341,-4.2666183,s1d1
AACCCAACAAAGTGTA-1,10.788511,10.364167,s1d1
AACCCAACAGGTACGA-1,11.676097,10.434863,s1d1
AACCCAAGTCGCGTTG-1,16.655394,4.784792,s1d1
AACCCAAGTCTCGGAC-1,13.0034275,10.322766,s1d1
AACCCAAGTCTTGTCC-1,10.9775505,6.29206,s1d1
AACCCAAGTGGCAACA-1,7.3526726,2.9989884,s1d1
AACCCAAGTTTGACAC-1,12.048865,8.094397,s1d1
AACCCAATCATTACGG-1,9.480945,4.988396,s1d1
AACCCAATCCCTATTA-1,14.93508,9.22162,s1d1
AACCTGAAGACGCAGT-1,2.04406,17.322437,s1d1
AACCTGAAGGATGTTA-1,16.393448,9.061187,s1d1
AACCTGACACAGTACT-1,14.035498,6.809299,s1d1
AACCTGACACCAGACC-1,6.2461047,18.255404,s1d1
AACCTGACATGACGAG-1,16.094246,8.811373,s1d1
AACCTGAGTAGACTGG-1,9.44115,5.054292,s1d1
AACCTGAGTGACACGA-1,14.434932,6.5727715,s1d1
AACCTGAGTTGAGTCT-1,4.010926,4.599384,s1d1
AACCTGATCGATTGGT-1,4.1954474,19.393402,s1d1
AACCTTTAGGAACGTC-1,2.5638843,18.18456,s1d1
AACCTTTAGTGAGCCA-1,15.501709,8.724052,s1d1
AACCTTTGTAGTCACT-1,6.3419094,-3.17914,s1d1
AACCTTTGTGATTCTG-1,6.462133,-3.9076867,s1d1
AACCTTTGTTCGCGTG-1,5.475959,-5.0780163,s1d1
AACCTTTGTTGTTTGG-1,10.902986,7.7394753,s1d1
AACCTTTTCGTTCTGC-1,14.313741,9.527098,s1d1
AACGAAAAGAGCTGCA-1,2.658302,7.765373,s1d1
AACGAAACACATTGTG-1,2.635515,17.206348,s1d1
AACGAAACAGATCATC-1,8.170628,5.299256,s1d1
AACGAAAGTACTGTTG-1,5.6236653,16.373804,s1d1
AACGAAAGTCAAAGCG-1,-5.728756,9.087472,s1d1
AACGAAAGTGTACATC-1,5.621461,19.968912,s1d1
AACGAAATCACCGCTT-1,3.6956637,14.841358,s1d1
AACGAAATCATTGTTC-1,3.2794106,7.065389,s1d1
AACGAAATCTTGTGCC-1,4.854138,-3.0497742,s1d1
AACGGGAAGAAGGCTC-1,10.231858,4.601878,s1d1
AACGGGACAACAAAGT-1,11.914762,14.740282,s1d1
AACGGGACAAGTGCTT-1,2.6893442,16.20953,s1d1
AACGGGACACGGGCTT-1,4.9586835,-2.6442938,s1d1
AACGGGAGTGAATAAC-1,5.9908257,-3.4844272,s1d1
AACGGGAGTTAAGTCC-1,8.156209,4.3859725,s1d1
AACGGGAGTTGTTTGG-1,10.440951,6.029277,s1d1
AACGGGATCCACGGGT-1,5.8706627,16.393784,s1d1
AACGGGATCTCGTTTA-1,14.220709,8.948307,s1d1
AACGTCAAGGATTTCC-1,9.628474,3.1368394,s1d1
AACGTCAAGGTAACTA-1,0.1119305,5.1600137,s1d1
AACGTCAAGTCAAGCG-1,-2.5033772,5.689116,s1d1
AACGTCACAAACTCTG-1,10.077751,5.7539077,s1d1
AACGTCACACCAACAT-1,12.403604,10.299678,s1d1
AACGTCACAGGTCAAG-1,7.1160874,-5.1987224,s1d1
AACGTCAGTGGCCCAT-1,11.145768,8.144612,s1d1
AACGTCAGTGGTAATA-1,11.740717,8.095419,s1d1
AACGTCATCAAGTCGT-1,2.7577007,8.481557,s1d1
AACGTCATCACCGGTG-1,5.229239,16.89379,s1d1
AACGTCATCCTAACAG-1,14.540145,9.382669,s1d1
AACGTCATCTTGATTC-1,9.836477,11.102775,s1d1
AACTTCTAGAAGTGTT-1,11.336103,6.927669,s1d1
AACTTCTAGTAGCAAT-1,1.8263894,4.7307615,s1d1
AACTTCTAGTGGTGGT-1,11.422438,13.300207,s1d1
AACTTCTCACATAACC-1,-5.5564895,9.466282,s1d1
AACTTCTCACGTCGGT-1,12.698045,13.311186,s1d1
AACTTCTCACTGGATT-1,8.305316,0.54155725,s1d1
AACTTCTCAGACTCTA-1,5.2431946,3.933509,s1d1
AACTTCTGTCATCCCT-1,3.0689714,17.496782,s1d1
AACTTCTGTCCTTGTC-1,5.6374855,18.74245,s1d1
AACTTCTTCATGACAC-1,6.3511696,18.203114,s1d1
AACTTCTTCATTGCCC-1,2.364002,5.8657703,s1d1
AACTTCTTCTATGTGG-1,-2.5959404,4.125797,s1d1
AACTTCTTCTATTTCG-1,13.111213,12.413469,s1d1
AAGAACAAGCACCCAC-1,5.9048567,-4.5324097,s1d1
AAGAACAAGCAGTAAT-1,5.5101485,3.7112317,s1d1
AAGAACAAGGGATCTG-1,10.885348,-0.89671046,s1d1
AAGAACACACAAAGCG-1,11.588215,5.7826314,s1d1
AAGAACAGTCTGTTAG-1,13.524167,5.958198,s1d1
AAGAACATCAAACTGC-1,6.6027985,-1.1309398,s1d1
AAGACAAAGACGAGCT-1,2.5456076,5.9762263,s1d1
AAGACAAAGCCACCGT-1,5.6805067,19.185516,s1d1
AAGACAACACCAGTAT-1,8.894642,1.4992098,s1d1
AAGACAACACGGATCC-1,4.845851,-3.0845304,s1d1
AAGACAACAGATCACT-1,7.219916,-4.1656137,s1d1
AAGACAACATGACACT-1,3.0153348,17.492226,s1d1
AAGACAACATTGCAAC-1,14.888838,9.33103,s1d1
AAGACAATCCTACACC-1,4.508603,19.07244,s1d1
AAGACAATCGATACTG-1,-0.043640558,4.731305,s1d1
AAGACTCAGAATCCCT-1,12.237263,8.238283,s1d1
AAGACTCAGAATCTAG-1,6.341456,18.511309,s1d1
AAGACTCAGCGACTGA-1,9.200602,2.6036406,s1d1
AAGACTCAGGTAGGCT-1,13.966786,9.62501,s1d1
AAGACTCAGTGATAGT-1,-5.7577376,10.304763,s1d1
AAGACTCCACCTGATA-1,3.1807618,17.540236,s1d1
AAGACTCCATATACCG-1,2.555148,7.1637144,s1d1
AAGACTCGTAGCGTAG-1,10.663755,6.112199,s1d1
AAGACTCGTCCGAAAG-1,15.17889,8.803653,s1d1
AAGACTCGTCGTCATA-1,12.672422,6.336964,s1d1
AAGACTCTCCAAGAGG-1,10.738795,5.2664104,s1d1
AAGACTCTCCCGTGTT-1,2.562881,18.052357,s1d1
AAGACTCTCGATACTG-1,2.8307023,5.6072097,s1d1
AAGACTCTCTCCCATG-1,11.21756,7.6997824,s1d1
AAGATAGAGCTACAAA-1,-5.548107,8.394075,s1d1
AAGATAGAGGAACGAA-1,10.105966,4.707753,s1d1
AAGATAGAGTAGACAT-1,12.835195,8.042692,s1d1
AAGATAGAGTGGTGGT-1,4.792369,19.734503,s1d1
AAGATAGCAAGCGCAA-1,10.821757,8.0360985,s1d1
AAGATAGCACCTGCAG-1,13.62609,9.676915,s1d1
AAGATAGCACGTTGGC-1,11.768116,8.084045,s1d1
AAGATAGCATACTTTC-1,8.062936,-1.6474545,s1d1
AAGATAGGTATGAAAC-1,9.066582,-0.7081628,s1d1
AAGATAGTCCCGAGAC-1,12.924141,6.8050094,s1d1
AAGATAGTCCTGTAAG-1,14.544545,6.1713567,s1d1
AAGATAGTCGCACGGT-1,16.33533,7.236673,s1d1
AAGATAGTCTACAGGT-1,2.0391498,16.920412,s1d1
AAGCATCAGCCTTTCC-1,3.6804185,13.28578,s1d1
AAGCATCAGTAGTCCT-1,6.870138,18.034275,s1d1
AAGCATCTCAGCTTCC-1,6.6964726,18.135834,s1d1
AAGCATCTCCGTAATG-1,10.705545,8.559501,s1d1
AAGCCATAGCAGCCTC-1,1.4888165,8.600188,s1d1
AAGCCATAGTCAGCGA-1,2.4005,7.206439,s1d1
AAGCCATAGTGGTGGT-1,6.6044455,-3.7561507,s1d1
AAGCCATAGTTCGGTT-1,12.518697,9.246779,s1d1
AAGCCATGTGAGTTTC-1,4.583898,19.889872,s1d1
AAGCCATTCCCTGTTG-1,-1.0491161,3.163855,s1d1
AAGCGAGAGACCATGG-1,14.467607,6.141026,s1d1
AAGCGAGAGTCCCTAA-1,12.190275,12.135954,s1d1
AAGCGAGAGTGCACAG-1,2.9661884,18.2727,s1d1
AAGCGAGCAACCGGAA-1,2.653297,7.809545,s1d1
AAGCGAGCATCCGATA-1,11.1013,6.47964,s1d1
AAGCGAGCATGCGGTC-1,5.2071023,14.66732,s1d1
AAGCGAGGTCGAGTTT-1,2.4967299,6.7730675,s1d1
AAGCGAGGTGTTCGTA-1,5.751907,-1.7947775,s1d1
AAGCGTTAGAATAGTC-1,11.693222,10.850658,s1d1
AAGCGTTAGACTTCAC-1,-1.7814301,3.523099,s1d1
AAGCGTTAGAGCGACT-1,13.383402,13.764653,s1d1
AAGCGTTAGAGCTGAC-1,12.028853,10.768162,s1d1
AAGCGTTAGAGTTGAT-1,5.596751,18.665688,s1d1
AAGCGTTAGGATTACA-1,5.3772316,20.011494,s1d1
AAGCGTTAGTAGAATC-1,9.444671,4.798651,s1d1
AAGCGTTGTGTCGCTG-1,8.636238,1.6944119,s1d1
AAGCGTTTCGGCTATA-1,-4.7392445,9.245997,s1d1
AAGGAATCATATCTCT-1,11.939327,9.762808,s1d1
AAGGAATTCCCGTGAG-1,5.3436418,19.81429,s1d1
AAGGTAAAGCCTCAGC-1,16.597689,4.7489204,s1d1
AAGGTAACAATGAAAC-1,9.7653885,-4.0998883,s1d1
AAGGTAACAGACAAGC-1,16.171156,8.3499365,s1d1
AAGGTAAGTCACGTGC-1,2.389053,17.186909,s1d1
AAGGTAATCCCTCGAT-1,2.2849648,5.7796125,s1d1
AAGGTAATCCGACATA-1,6.090935,6.4671984,s1d1
AAGTACCAGCTACGTT-1,6.5976458,3.2535112,s1d1
AAGTACCAGGCCGCTT-1,3.1298735,3.0286856,s1d1
AAGTACCAGGTACTGG-1,11.606282,6.925784,s1d1
AAGTACCAGTTAGTGA-1,13.399955,6.4245367,s1d1
AAGTACCCAACACACT-1,11.266367,12.752468,s1d1
AAGTACCCATTCGATG-1,12.622922,13.624423,s1d1
AAGTACCGTCCGGTGT-1,1.4213331,7.007241,s1d1
AAGTACCTCAGCTGTA-1,10.885837,7.118041,s1d1
AAGTACCTCGCTCATC-1,10.751174,10.078121,s1d1
AAGTACCTCTGGGTCG-1,11.199599,10.611575,s1d1
AAGTACCTCTGGTGGC-1,11.959861,9.158157,s1d1
AAGTCGTAGCAAATGT-1,5.115639,-4.446746,s1d1
AAGTCGTAGGTAACTA-1,9.899637,6.435101,s1d1
AAGTCGTAGGTGCTGA-1,12.144403,10.421894,s1d1
AAGTCGTAGGTTAAAC-1,4.0673194,14.060066,s1d1
AAGTCGTCAGAAGTGC-1,2.3543317,17.716679,s1d1
AAGTCGTCAGGAGGTT-1,10.349687,7.40077,s1d1
AAGTCGTTCACCGACG-1,4.5557427,16.814438,s1d1
AAGTCGTTCCTATTGT-1,10.237203,14.197719,s1d1
AAGTGAAAGTCAACAA-1,9.066479,2.3949656,s1d1
AAGTGAACAGAACTTC-1,5.3314686,19.44436,s1d1
AAGTGAAGTACCGGAA-1,3.084445,7.7784395,s1d1
AAGTGAAGTTATGTCG-1,11.58664,10.594548,s1d1
AAGTGAATCCGGGACT-1,4.9899325,17.356369,s1d1
AAGTGAATCGTCCTCA-1,4.19607,18.971373,s1d1
AAGTGAATCTCAGTCC-1,10.961978,11.798026,s1d1
AAGTTCGAGAGCATCG-1,4.212642,14.282254,s1d1
AAGTTCGAGCTCTTCC-1,-2.2020571,4.4142847,s1d1
AAGTTCGAGGCGACAT-1,16.81244,8.482068,s1d1
AAGTTCGAGTTCCATG-1,-5.8210115,8.765183,s1d1
AAGTTCGAGTTCCGTA-1,7.711771,5.1240926,s1d1
AAGTTCGAGTTCTCTT-1,10.899897,-0.9397068,s1d1
AAGTTCGCACCCAAGC-1,-1.91289,4.2827115,s1d1
AAGTTCGCAGGCATGA-1,11.288691,12.018113,s1d1
AAGTTCGGTTGACTAC-1,10.250147,4.851579,s1d1
AATAGAGCAGATTTCG-1,11.141505,13.254696,s1d1
AATAGAGTCCGCACGA-1,2.6606023,17.039547,s1d1
AATAGAGTCGTGCAGC-1,5.0764484,-2.5194395,s1d1
AATCACGAGATGACCG-1,10.915565,10.784627,s1d1
AATCACGAGCAGAAAG-1,6.651425,1.6532289,s1d1
AATCACGAGGTACAGC-1,10.639778,8.458539,s1d1
AATCACGAGTGCAAAT-1,-2.4338717,3.9954007,s1d1
AATCACGAGTGCCAGA-1,11.27421,12.164107,s1d1
AATCACGCAAATCCCA-1,-5.1632977,4.145011,s1d1
AATCACGCACAACGAG-1,-4.2781544,10.413532,s1d1
AATCACGCAGGCGAAT-1,9.928418,5.111268,s1d1
AATCACGCATTGCCTC-1,6.943019,-4.1293893,s1d1
AATCACGGTATGCTAC-1,-4.5296,9.620535,s1d1
AATCACGGTCAGGTGA-1,-1.2552441,5.974512,s1d1
AATCACGTCCTTCACG-1,10.953439,10.619544,s1d1
AATCACGTCTTTCCAA-1,16.83327,4.9920874,s1d1
AATCGACAGCATCCTA-1,10.494625,7.4963894,s1d1
AATCGACAGCCGCTTG-1,4.500628,20.015415,s1d1
AATCGACAGCGCCTTG-1,14.332362,6.2973995,s1d1
AATCGACAGTGCCAGA-1,6.961044,-5.1497207,s1d1
AATCGACCAACGGTAG-1,6.987993,-4.3611608,s1d1
AATCGACGTACGGCAA-1,5.02051,-2.6888325,s1d1
AATCGACGTTACCCAA-1,11.0358925,14.009242,s1d1
AATCGACTCAAGTCTG-1,10.398276,12.04037,s1d1
AATCGACTCGTGCTCT-1,9.46842,5.0006084,s1d1
AATCGTGCACCCGTAG-1,-6.0711417,8.133153,s1d1
AATCGTGCACCTGATA-1,6.847961,18.023626,s1d1
AATCGTGCATACCAGT-1,10.097114,5.98259,s1d1
AATCGTGGTACGTACT-1,8.835687,7.238904,s1d1
AATCGTGGTCGAAGCA-1,11.551303,8.428036,s1d1
AATCGTGGTGATGTAA-1,8.539509,7.6530013,s1d1
AATCGTGTCAGCTTCC-1,6.088741,-4.7034397,s1d1
AATCGTGTCCTTATCA-1,3.6294415,18.643892,s1d1
AATCGTGTCTAAGAAG-1,10.461634,5.351867,s1d1
AATGAAGAGGACTAAT-1,-5.7673216,10.173047,s1d1
AATGAAGCAAGAGAGA-1,8.458609,0.7283877,s1d1
AATGAAGCAAGTGTCT-1,5.372303,-2.7541137,s1d1
AATGAAGCAGTTTCGA-1,5.6388397,-2.9827883,s1d1
AATGAAGGTCTTGTCC-1,10.98622,6.5556145,s1d1
AATGAAGTCCAATCCC-1,1.290957,7.43227,s1d1
AATGAAGTCTTACCAT-1,11.267818,6.447976,s1d1
AATGACCAGTACAGAT-1,-3.7088747,9.539125,s1d1
AATGACCCAAACACCT-1,6.859556,-1.9448403,s1d1
AATGACCCAACCGTAT-1,3.7219734,14.203665,s1d1
AATGACCCAATCCAGT-1,12.527737,12.753963,s1d1
AATGACCCACATGGTT-1,12.124959,12.068479,s1d1
AATGACCCATGTTCGA-1,10.572394,6.41659,s1d1
AATGACCGTGAATGAT-1,3.3707654,6.440675,s1d1
AATGACCGTTGTTGAC-1,6.9614563,18.055386,s1d1
AATGACCTCCAGTGTA-1,11.74799,10.693517,s1d1
AATGCCAAGTTTCGAC-1,-5.6937604,9.040075,s1d1
AATGCCACAACGCATT-1,16.587227,8.310864,s1d1
AATGCCAGTGTCTTCC-1,5.41228,16.317835,s1d1
AATGCCATCGCTGCGA-1,3.1302977,6.718214,s1d1
AATGGAAAGGCAATGC-1,5.984618,16.541172,s1d1
AATGGAACAAGTCGTT-1,5.3073297,16.618568,s1d1
AATGGAACAGCCTATA-1,10.89367,7.7071333,s1d1
AATGGAAGTCTTACAG-1,10.302257,13.0816765,s1d1
AATGGCTAGCGGACAT-1,2.0603526,8.400452,s1d1
AATGGCTGTACCTGTA-1,1.9650767,7.672375,s1d1
AATGGCTGTATGGGAC-1,6.8278785,18.143286,s1d1
AATGGCTGTGGAGGTT-1,5.3415165,18.965397,s1d1
AATGGCTGTGTACGCC-1,1.4886755,7.9811735,s1d1
AATGGCTGTTTAAGGA-1,5.8598027,5.0768256,s1d1
AATGGCTTCTGCGAGC-1,-5.1855206,9.845117,s1d1
AATTCCTAGGCCGCTT-1,17.26718,5.1961255,s1d1
AATTCCTAGGTAAAGG-1,9.101219,1.792467,s1d1
AATTCCTAGTAGGTTA-1,10.852185,6.2516894,s1d1
AATTCCTCACATCCCT-1,11.000236,9.970294,s1d1
AATTCCTCATCCTTGC-1,11.353701,8.745027,s1d1
AATTCCTGTGACGCCT-1,8.854686,1.3040724,s1d1
AATTCCTGTTACGATC-1,1.8647374,5.989624,s1d1
AATTCCTTCCCTATTA-1,12.3898115,7.8129582,s1d1
AATTCCTTCCTCATAT-1,11.424772,13.36849,s1d1
AATTTCCAGTATAACG-1,3.2595344,7.4946265,s1d1
AATTTCCCACTATCCC-1,0.1409233,4.50963,s1d1
AATTTCCGTTATGACC-1,2.752999,5.549018,s1d1
AATTTCCTCAGAGCGA-1,5.871963,19.499878,s1d1
AATTTCCTCAGCCTCT-1,9.193195,-0.7731637,s1d1
AATTTCCTCATTCACT-1,11.339928,9.932796,s1d1
AATTTCCTCTCATTTG-1,-5.7292976,9.846779,s1d1
ACAAAGAAGACGATAT-1,11.407933,10.074337,s1d1
ACAAAGAAGGGCGAAG-1,13.63739,5.336973,s1d1
ACAAAGACACATACGT-1,2.496164,4.2990937,s1d1
ACAAAGACACTACCGG-1,2.726587,5.966641,s1d1
ACAAAGACATCCAATG-1,11.975722,8.715586,s1d1
ACAAAGAGTCAGACTT-1,5.074504,-4.729672,s1d1
ACAAAGAGTGCCTAAT-1,-3.772349,9.942437,s1d1
ACAAAGAGTGCTATTG-1,11.962733,13.047361,s1d1
ACAAAGAGTTGGCCGT-1,10.773306,11.710477,s1d1
ACAAAGATCCCTCTTT-1,16.175665,5.3546896,s1d1
ACAAAGATCGCTAAAC-1,2.3766418,7.08835,s1d1
ACAAAGATCTTACACT-1,11.317549,6.869279,s1d1
ACAACCAAGCGACCCT-1,5.261353,19.335453,s1d1
ACAACCACAACAGCCC-1,-2.3345318,3.6108057,s1d1
ACAACCACAACTTGCA-1,6.5002823,-1.3794183,s1d1
ACAACCACAAGAGGCT-1,-4.7463374,10.566396,s1d1
ACAACCAGTACCATAC-1,3.0593436,16.713453,s1d1
ACAACCAGTAGAAACT-1,12.69108,10.195841,s1d1
ACAACCAGTCGGTGAA-1,6.1353154,-2.3728583,s1d1
ACAACCAGTTTCGTGA-1,10.8631315,10.256197,s1d1
ACAACCATCCACACAA-1,4.874696,19.586426,s1d1
ACAACCATCCTACACC-1,10.817158,7.7387166,s1d1
ACAACCATCGCTACAA-1,13.169152,7.6572413,s1d1
ACAACCATCTCAGGCG-1,9.942555,4.298447,s1d1
ACAAGCTAGATCCCAT-1,11.374487,6.1396804,s1d1
ACAAGCTAGGGAGAAT-1,10.357488,5.159403,s1d1
ACAAGCTAGTTGAAGT-1,12.26347,8.038316,s1d1
ACAAGCTGTAGACGGT-1,11.781295,10.113962,s1d1
ACAAGCTGTCATCAGT-1,14.173227,6.6675186,s1d1
ACAAGCTGTCTAGATC-1,9.912651,5.172225,s1d1
ACAAGCTGTGCTCTTC-1,1.2681155,4.43032,s1d1
ACAAGCTTCCGTCAAA-1,14.248969,6.132945,s1d1
ACAAGCTTCGTGTGGC-1,5.1824374,-2.3719325,s1d1
ACACAGTAGCAACAAT-1,-5.2968793,8.883127,s1d1
ACACAGTAGCGTTGTT-1,13.870815,6.71452,s1d1
ACACAGTCAGACCATT-1,5.1400843,19.18154,s1d1
ACACAGTCATCAGCAT-1,7.640534,4.863865,s1d1
ACACAGTCATGGCCCA-1,13.388471,5.2444105,s1d1
ACACAGTGTTCGGTCG-1,4.48697,19.242374,s1d1
ACACAGTTCCGGACTG-1,13.053604,5.323027,s1d1
ACACAGTTCGAACTCA-1,15.131155,8.838143,s1d1
ACACAGTTCGAGAAGC-1,11.169784,9.109755,s1d1
ACACAGTTCTCCGAAA-1,1.58889,4.255728,s1d1
ACACCAAAGAGGCCAT-1,5.586531,18.31876,s1d1
ACACCAAAGCGTACAG-1,13.773416,6.024492,s1d1
ACACCAAAGGGCAACT-1,5.3208284,18.585579,s1d1
ACACCAACAATACGAA-1,-5.9005632,8.24283,s1d1
ACACCAACAGAACATA-1,-3.8812962,9.316174,s1d1
ACACCAACAGTTACCA-1,9.173691,4.9303164,s1d1
ACACCAAGTCGCTCGA-1,10.367991,13.495217,s1d1
ACACCAAGTGGTGATG-1,2.2947962,17.263083,s1d1
ACACCAATCAAAGGTA-1,2.6975305,7.1024265,s1d1
ACACCAATCGCCAACG-1,10.96855,6.7305365,s1d1
ACACCAATCGTCCTTG-1,9.295395,5.119537,s1d1
ACACCAATCTAGGCCG-1,9.807206,12.638474,s1d1
ACACCAATCTGGTGGC-1,1.9899546,8.410165,s1d1
ACACCAATCTTCCTAA-1,8.758921,2.2788393,s1d1
ACACGCGAGCGTGTCC-1,-0.5911019,2.8291636,s1d1
ACACGCGCAGCGAGTA-1,4.682519,20.018072,s1d1
ACACGCGCATGACTTG-1,5.4954677,-4.080664,s1d1
ACACGCGGTCATAGTC-1,8.77259,7.0258822,s1d1
ACACGCGGTCCATCTC-1,11.59829,7.7629313,s1d1
ACACGCGGTCGTGCCA-1,12.088208,10.405826,s1d1
ACACGCGGTTCGGTAT-1,12.071821,7.9099517,s1d1
ACACGCGTCCAGCTCT-1,11.434534,6.1729965,s1d1
ACACTGAAGGTACATA-1,5.931127,19.44236,s1d1
ACACTGACAAGACAAT-1,11.542407,9.976245,s1d1
ACACTGACAAGCGAGT-1,6.4787464,-5.331342,s1d1
ACACTGACATCCGAGC-1,3.1840699,18.004745,s1d1
ACACTGAGTCGGTACC-1,3.592304,6.2424097,s1d1
ACACTGATCCAACCAA-1,11.400019,14.393458,s1d1
ACACTGATCTGGAAGG-1,6.157381,-3.0880659,s1d1
ACAGAAAAGAGAGTGA-1,10.644515,9.747317,s1d1
ACAGAAAAGAGGGTCT-1,10.685421,11.894004,s1d1
ACAGAAAAGCGTGTTT-1,12.216978,5.7411532,s1d1
ACAGAAACACTAGTAC-1,6.215733,-4.964981,s1d1
ACAGAAAGTCGCAACC-1,11.536187,13.158369,s1d1
ACAGCCGAGTGGCCTC-1,12.355363,10.441941,s1d1
ACAGCCGCACCAGTAT-1,9.772995,5.548463,s1d1
ACAGCCGCAGTGACCC-1,2.8592987,17.667032,s1d1
ACAGCCGGTCCGGACT-1,11.804398,7.1843405,s1d1
ACAGCCGGTTGCCAAT-1,9.0555105,3.5004108,s1d1
ACAGCCGTCACGGACC-1,12.488762,14.146458,s1d1
ACAGCCGTCAGTGCGC-1,11.084117,11.005899,s1d1
ACAGCCGTCGTGCGAC-1,-5.315682,10.278534,s1d1
ACAGGGAAGCAGGCAT-1,6.1192713,4.9559197,s1d1
ACAGGGAAGTCGCCAC-1,15.813011,8.779539,s1d1
ACAGGGACAACGGTAG-1,2.3996627,17.547306,s1d1
ACAGGGACAACTTCTT-1,13.644884,13.149473,s1d1
ACAGGGACACGCTGCA-1,3.2633357,2.2228537,s1d1
ACAGGGAGTATGTCAC-1,16.727757,8.745502,s1d1
ACAGGGAGTGCTCTTC-1,5.105987,18.73168,s1d1
ACAGGGATCGCTATTT-1,5.4807334,19.69947,s1d1
ACAGGGATCTCGCCTA-1,3.3290012,3.0929224,s1d1
ACATCCCAGACCAGAC-1,12.220572,12.900069,s1d1
ACATCCCAGCGAGTCA-1,-1.5790616,6.6820283,s1d1
ACATCCCCAGTGCCTG-1,11.728659,7.5370617,s1d1
ACATCCCGTACAGGTG-1,3.0907328,7.86733,s1d1
ACATCCCGTCGTCAGC-1,-5.86932,7.044906,s1d1
ACATCCCGTTCATCTT-1,2.7658978,14.71526,s1d1
ACATCCCTCATTTACC-1,6.8187943,-5.5272384,s1d1
ACATCCCTCCAACACA-1,15.993034,7.260339,s1d1
ACATCCCTCCTACGAA-1,12.859216,6.4193764,s1d1
ACATCCCTCGCCGAAC-1,-1.1246955,5.6038465,s1d1
ACATCCCTCTGTAACG-1,7.910345,-4.715449,s1d1
ACATCGAAGCGAAACC-1,16.784315,8.655621,s1d1
ACATCGAAGGGTTGCA-1,10.411405,10.095626,s1d1
ACATCGACAACCACAT-1,5.5851893,-2.4322646,s1d1
ACATCGACAACTCCCT-1,9.959768,12.089844,s1d1
ACATCGACACACCAGC-1,3.1926858,2.836462,s1d1
ACATCGAGTCACGCTG-1,-5.867859,7.5853257,s1d1
ACATCGAGTGACAGGT-1,6.9069705,-3.5942025,s1d1
ACATCGATCATCACCC-1,11.529447,6.7590017,s1d1
ACATCGATCCATCTAT-1,3.0225704,6.6954465,s1d1
ACATCGATCCCGAACG-1,10.88278,7.702314,s1d1
ACATCGATCCGCGAGT-1,-5.8485274,9.78018,s1d1
ACATCGATCGCGTGCA-1,4.8807325,19.723143,s1d1
ACATGCAAGAATTCAG-1,-0.1258954,3.0682993,s1d1
ACATGCAAGCGCATCC-1,10.817188,11.148429,s1d1
ACATGCAAGCTAGATA-1,7.4647946,-4.569995,s1d1
ACATGCATCCAATCCC-1,13.949191,9.766492,s1d1
ACATGCATCTTCGGAA-1,11.775162,12.771087,s1d1
ACATTTCAGCCTCAGC-1,13.113966,5.263154,s1d1
ACATTTCAGGCACTCC-1,11.356114,8.235674,s1d1
ACATTTCCAAGCGCTC-1,10.961553,12.315027,s1d1
ACATTTCCACGCGTCA-1,13.972275,5.3237596,s1d1
ACATTTCCAGGTTCCG-1,11.886936,11.801379,s1d1
ACATTTCCATCCTCAC-1,9.0277,1.7751976,s1d1
ACATTTCGTCAATCTG-1,7.941034,4.2124043,s1d1
ACATTTCGTCGTGTTA-1,10.990329,6.356061,s1d1
ACATTTCGTGCGACAA-1,5.3658166,-4.796436,s1d1
ACATTTCGTGTCCTAA-1,6.9368844,-3.0801508,s1d1
ACATTTCGTTAGAAAC-1,12.7658205,11.666641,s1d1
ACATTTCTCTCTCTTC-1,12.333347,14.153632,s1d1
ACATTTCTCTTCGTGC-1,14.493831,6.3220267,s1d1
ACCAAACAGGACGCTA-1,12.564735,6.396981,s1d1
ACCAAACAGTCGCTAT-1,13.231295,7.258973,s1d1
ACCAAACCAACGCATT-1,14.275454,6.1952777,s1d1
ACCAAACCACCGGCTA-1,11.581319,13.41127,s1d1
ACCAAACCAGAGGCTA-1,10.984153,5.5730906,s1d1
ACCAAACCAGCAGATG-1,1.3772416,5.642038,s1d1
ACCAAACGTCACGCTG-1,2.6754675,5.146069,s1d1
ACCAAACGTGCCGTTG-1,3.1311698,7.8580165,s1d1
ACCAAACTCGGATAAA-1,6.471822,-2.9766362,s1d1
ACCAAACTCTCTGGTC-1,11.128097,8.491313,s1d1
ACCAACAAGACCATAA-1,4.950258,-4.4583454,s1d1
ACCAACAAGTCATTGC-1,2.1493244,5.4208937,s1d1
ACCAACACAAGTTCCA-1,16.67268,8.7804575,s1d1
ACCAACAGTACGAAAT-1,11.250269,6.9319954,s1d1
ACCAACAGTACTGCCG-1,10.800443,12.268442,s1d1
ACCAACAGTCACGACC-1,10.927407,11.647974,s1d1
ACCAACATCAATCCAG-1,2.7706025,15.992172,s1d1
ACCAACATCGTTACCC-1,7.353502,-2.6240606,s1d1
ACCACAAAGCATCGAG-1,10.776663,11.024233,s1d1
ACCACAAAGGTAGCAC-1,10.811132,12.545653,s1d1
ACCACAAAGGTCTTTG-1,2.6797056,17.13159,s1d1
ACCACAACACTACACA-1,9.547553,2.0294988,s1d1
ACCACAACAGAGTAAT-1,10.52873,6.9108496,s1d1
ACCACAACAGATACTC-1,13.281992,6.8610797,s1d1
ACCACAACATTGCCTC-1,6.2965918,-1.9383898,s1d1
ACCACAAGTACAGTAA-1,-2.49363,4.1284842,s1d1
ACCACAAGTGTTGACT-1,12.054729,6.2659526,s1d1
ACCACAAGTTAGGCTT-1,6.342241,-3.013193,s1d1
ACCACAATCAAAGCCT-1,10.446016,10.981422,s1d1
ACCACAATCTCGGTCT-1,-2.0631015,4.024864,s1d1
ACCATTTAGAGCTGAC-1,3.4905133,4.7471485,s1d1
ACCATTTCACAGTATC-1,1.8654178,4.085881,s1d1
ACCATTTCACGCGCTA-1,1.6148638,6.994576,s1d1
ACCATTTCACTAACGT-1,5.208235,18.967865,s1d1
ACCATTTCACTCACTC-1,16.644049,4.951096,s1d1
ACCATTTGTGTCATGT-1,11.977181,7.482049,s1d1
ACCATTTTCCATATGG-1,12.000284,8.66458,s1d1
ACCATTTTCCGTATAG-1,5.7070875,5.1558223,s1d1
ACCATTTTCTGTACAG-1,6.361996,3.3363566,s1d1
ACCATTTTCTTTCGAT-1,11.209707,6.3390045,s1d1
ACCCAAAAGACCTTTG-1,5.2870903,-3.0217845,s1d1
ACCCAAACAAAGAGTT-1,1.3348885,7.775624,s1d1
ACCCAAACAAGGACAC-1,13.674306,10.842673,s1d1
ACCCAAACACATATCG-1,-4.500631,9.135108,s1d1
ACCCAAAGTATGAAAC-1,6.654688,-3.3362308,s1d1
ACCCAAATCTGAATCG-1,13.569788,7.4015675,s1d1
ACCCTCAAGGATTTCC-1,9.170851,1.3959724,s1d1
ACCCTCAAGGCATTTC-1,11.526858,12.888948,s1d1
ACCCTCAGTAAGGTCG-1,4.7143292,20.263311,s1d1
ACCCTCAGTACCGGAA-1,8.391814,1.5201325,s1d1
ACCCTCAGTACTTGTG-1,11.841499,10.51297,s1d1
ACCCTCAGTAGAGCTG-1,11.827055,11.411787,s1d1
ACCCTCAGTGCGTTTA-1,10.309838,12.406957,s1d1
ACCCTCAGTGTCCATA-1,2.5394826,8.311731,s1d1
ACCCTTGAGTTGTAAG-1,14.198125,10.018131,s1d1
ACCCTTGCACCCTTAC-1,12.2460785,7.7459493,s1d1
ACCCTTGCAGGAACCA-1,11.103376,13.262757,s1d1
ACCCTTGGTAAGGTCG-1,12.743808,8.146183,s1d1
ACCCTTGGTCGGAACA-1,5.5439177,18.690132,s1d1
ACCCTTGGTTTAGAGA-1,8.452581,1.1620989,s1d1
ACCGTTCAGATACCAA-1,10.50053,10.15771,s1d1
ACCGTTCAGCTGAGCA-1,1.7955298,4.6540604,s1d1
ACCGTTCCAGAACGCA-1,5.446491,18.736654,s1d1
ACCGTTCCATGTGGTT-1,-2.7801476,5.289949,s1d1
ACCGTTCGTACTCCCT-1,6.745573,3.3435671,s1d1
ACCGTTCGTAGGTCAG-1,1.7268944,4.964846,s1d1
ACCGTTCGTCTGATCA-1,14.247974,9.785572,s1d1
ACCGTTCGTTCCAAAC-1,10.729497,8.298842,s1d1
ACCGTTCTCAAACTGC-1,2.0422273,5.896361,s1d1
ACCGTTCTCGTGTGAT-1,11.193388,6.5802355,s1d1
ACCTACCAGGGTACGT-1,12.807544,11.688198,s1d1
ACCTACCAGTTGGCTT-1,-3.9011605,9.713811,s1d1
ACCTACCCACCGTACG-1,9.955515,18.603556,s1d1
ACCTACCCACGACGCT-1,6.514981,2.8261757,s1d1
ACCTACCCATAATCCG-1,10.639271,12.27599,s1d1
ACCTACCCATGAAAGT-1,12.456001,8.383692,s1d1
ACCTACCCATTAGGAA-1,-1.061779,3.8387432,s1d1
ACCTACCGTCCAGAAG-1,-2.3855076,5.207077,s1d1
ACCTACCGTCTTCAAG-1,11.414476,14.3446865,s1d1
ACCTACCGTGCGAACA-1,5.6855645,-1.0957505,s1d1
ACCTACCTCAAATGCC-1,5.80738,18.79786,s1d1
ACCTACCTCCCTCTAG-1,9.023704,2.176984,s1d1
ACCTACCTCGACGACC-1,15.309292,8.368634,s1d1
ACCTACCTCGAGTCTA-1,10.678128,7.5064735,s1d1
ACCTACCTCTGCGTCT-1,-4.3954554,8.929642,s1d1
ACCTGAAAGCCGAATG-1,12.058322,7.0518384,s1d1
ACCTGAAAGTAAGGGA-1,14.507362,9.120629,s1d1
ACCTGAAAGTATCCTG-1,0.30531985,5.168075,s1d1
ACCTGAACAAGCAGGT-1,2.9255767,16.642365,s1d1
ACCTGAACAAGCGATG-1,11.538559,12.832509,s1d1
ACCTGAACAAGTATCC-1,2.5020812,15.467954,s1d1
ACCTGAACACAACGCC-1,5.620288,19.405687,s1d1
ACCTGAACACTTCAAG-1,12.326971,11.920965,s1d1
ACCTGAAGTGTCCGTG-1,4.8872676,19.84087,s1d1
ACCTGAATCATTTGCT-1,5.486398,16.124516,s1d1
ACCTGTCAGAGCGACT-1,11.83845,12.637711,s1d1
ACCTGTCAGGACTGGT-1,12.271625,12.295134,s1d1
ACCTGTCCAAGCTCTA-1,8.076183,-3.9164362,s1d1
ACCTGTCCAGGCTCTG-1,5.8891053,-1.8789015,s1d1
ACCTGTCGTAGCGTAG-1,-1.1323456,4.717681,s1d1
ACCTGTCGTAGGCAAC-1,6.701523,-2.051164,s1d1
ACCTGTCGTGCCTATA-1,4.9343176,19.577711,s1d1
ACCTGTCTCAAACGTC-1,-1.3841858,6.6467843,s1d1
ACCTGTCTCCGTGTGG-1,11.079165,7.2075644,s1d1
ACCTGTCTCGAGCACC-1,1.1088144,5.3448257,s1d1
ACCTGTCTCTGAGTCA-1,-5.5329494,9.259785,s1d1
ACGATCAAGATTAGCA-1,3.9587412,18.917109,s1d1
ACGATCAAGGCCTGCT-1,10.806933,11.45612,s1d1
ACGATCAAGGTCATTC-1,3.2825685,3.07795,s1d1
ACGATCACAATTAGGA-1,7.1770167,3.7761228,s1d1
ACGATCACATACCGTA-1,4.5970263,17.571009,s1d1
ACGATCAGTCCATACA-1,8.551999,-3.968165,s1d1
ACGATCAGTCCCGGTA-1,13.936283,7.81747,s1d1
ACGATCATCAGTAGGG-1,1.5139883,7.955686,s1d1
ACGATCATCATTGGTG-1,2.3854651,6.932464,s1d1
ACGATCATCCAACTAG-1,2.870122,17.423714,s1d1
ACGATCATCCATTTCA-1,12.080604,13.525444,s1d1
ACGATCATCCCTATTA-1,5.3670983,-4.322422,s1d1
ACGATCATCTATTCGT-1,1.1926134,5.440796,s1d1
ACGATCATCTCTGCTG-1,5.716614,-5.135147,s1d1
ACGATGTAGACGCCCT-1,10.173877,5.079191,s1d1
ACGATGTCAATTCGTG-1,10.437806,6.999216,s1d1
ACGATGTCAGAGTGTG-1,5.660162,-4.501019,s1d1
ACGATGTCATGACTAC-1,1.759168,7.335458,s1d1
ACGATGTGTCAAGCGA-1,2.5952635,14.902392,s1d1
ACGATGTGTGCTCCGA-1,14.048939,6.38977,s1d1
ACGATGTTCCCGAGGT-1,-1.7665337,5.4858227,s1d1
ACGCACGAGGCTCACC-1,15.853272,5.501837,s1d1
ACGCACGAGTCCTACA-1,10.775575,7.9820566,s1d1
ACGCACGCAATTGCGT-1,13.794336,10.947262,s1d1
ACGCACGGTACTCGTA-1,11.782931,8.588874,s1d1
ACGCACGGTCATCACA-1,-4.8154716,7.4083495,s1d1
ACGCACGGTGACAGGT-1,11.11853,7.6388474,s1d1
ACGCACGTCAACTTTC-1,8.390343,1.0064585,s1d1
ACGCACGTCAGTCCGG-1,2.515064,14.654428,s1d1
ACGCACGTCGGAGTGA-1,3.420738,17.681719,s1d1
ACGGAAGCAAACGTGG-1,-5.9743557,9.257663,s1d1
ACGGAAGGTATCACGT-1,3.246614,4.8593884,s1d1
ACGGAAGGTGGATTTC-1,11.550132,11.65032,s1d1
ACGGAAGTCAGACCGC-1,-3.8040595,9.842588,s1d1
ACGGAAGTCCACACCT-1,5.1372347,19.608633,s1d1
ACGGGTCAGTAATCCC-1,-0.76689285,2.8817804,s1d1
ACGGGTCCAAACTCTG-1,-0.9238257,7.362745,s1d1
ACGGGTCGTCAATGGG-1,11.293212,12.416351,s1d1
ACGGGTCGTCTACAGT-1,9.754689,-0.16141991,s1d1
ACGGGTCTCACCTCTG-1,8.154295,-1.3030307,s1d1
ACGGGTCTCGTCAAAC-1,1.2405183,5.6168175,s1d1
ACGGTCGAGCGCCCAT-1,6.010639,16.480238,s1d1
ACGGTCGAGGTAGCCA-1,-6.0087924,8.389059,s1d1
ACGGTCGAGTATAACG-1,9.769887,4.704221,s1d1
ACGGTCGCAGTAGATA-1,5.169678,18.910933,s1d1
ACGGTCGGTCTTTATC-1,2.6398294,17.641134,s1d1
ACGGTCGGTGGTCAAG-1,4.53302,20.26631,s1d1
ACGGTCGTCCGTGGTG-1,9.840396,4.952608,s1d1
ACGGTCGTCTGGTGGC-1,12.626165,5.7381415,s1d1
ACGGTTAAGCGTTGTT-1,6.380561,-3.4927227,s1d1
ACGGTTAAGCTGTGCC-1,11.37401,6.3859534,s1d1
ACGGTTACAACGGGTA-1,7.3148484,3.2564123,s1d1
ACGGTTACAAGATTGA-1,13.252887,6.731052,s1d1
ACGGTTACAGCGTACC-1,1.5155803,7.0446963,s1d1
ACGGTTACAGGCAATG-1,8.588283,2.2008677,s1d1
ACGGTTACATGGAGAC-1,-0.28842896,3.056337,s1d1
ACGGTTAGTCCTTAAG-1,12.536131,8.738207,s1d1
ACGGTTAGTGATACTC-1,14.309257,6.683179,s1d1
ACGGTTATCTATACTC-1,5.3280544,16.895313,s1d1
ACGTAACAGGGCAATC-1,3.416011,16.82013,s1d1
ACGTAACAGTGACCTT-1,-2.458772,4.386765,s1d1
ACGTAACCACCGTGGT-1,1.8790784,4.879923,s1d1
ACGTAACGTGATACCT-1,11.098187,8.635018,s1d1
ACGTAACTCAATCGGT-1,12.39484,11.619294,s1d1
ACGTAACTCGAGAAGC-1,3.4732654,18.050539,s1d1
ACGTAACTCTGAATCG-1,5.513803,-5.306214,s1d1
ACGTAACTCTTAGCAG-1,1.8375082,7.1797724,s1d1
ACGTAACTCTTAGCTT-1,10.164651,17.923357,s1d1
ACGTACAAGCATCCCG-1,12.279673,9.918181,s1d1
ACGTACAAGTGGTTCT-1,-4.2382503,9.618116,s1d1
ACGTACAAGTTAGTAG-1,-5.0418806,11.098193,s1d1
ACGTACACACACCTTC-1,11.773987,8.341113,s1d1
ACGTACACAGCACACC-1,14.718411,5.613404,s1d1
ACGTACAGTATACAGA-1,12.838633,11.9014435,s1d1
ACGTACAGTGACCGTC-1,4.0563097,15.291377,s1d1
ACGTACAGTTACGGAG-1,-2.29216,5.4814496,s1d1
ACGTACATCCAAGCCG-1,16.703865,5.3491874,s1d1
ACGTACATCCCTCAAC-1,7.466715,-3.231145,s1d1
ACGTACATCGTAATGC-1,12.715613,11.600151,s1d1
ACGTACATCTAGACCA-1,12.439971,5.8878536,s1d1
ACGTAGTAGACGAGCT-1,6.6210628,-3.6253455,s1d1
ACGTAGTAGTGAGGTC-1,10.795947,-0.87476104,s1d1
ACGTAGTCACGGGTAA-1,4.3755455,19.131094,s1d1
ACGTAGTGTAGCGTCC-1,2.7074583,7.781817,s1d1
ACGTAGTGTATCGAGG-1,3.368981,7.1255026,s1d1
ACGTAGTGTGCCCTTT-1,8.616373,7.3897142,s1d1
ACGTAGTTCAGGAAAT-1,10.620701,12.711068,s1d1
ACGTAGTTCTGTGCTC-1,3.462032,13.1763,s1d1
ACGTAGTTCTTAAGGC-1,12.326037,6.732685,s1d1
ACGTAGTTCTTAATCC-1,4.6949987,4.538712,s1d1
ACGTCCTAGCCAAGTG-1,14.089104,10.38898,s1d1
ACGTCCTAGTATCCTG-1,6.137338,-0.81383634,s1d1
ACGTCCTGTAAGTTAG-1,14.37113,9.503779,s1d1
ACGTTCCAGACCTGGA-1,2.482341,17.592438,s1d1
ACGTTCCAGGTTGAGC-1,-1.0289854,5.0468974,s1d1
ACGTTCCAGTGTAGAT-1,2.3956118,8.44087,s1d1
ACGTTCCCAGATTAAG-1,15.8605995,8.5886135,s1d1
ACGTTCCGTCGGCTAC-1,-6.0689325,8.521211,s1d1
ACGTTCCTCACCGACG-1,6.1963577,-3.0693386,s1d1
ACGTTCCTCAGTGTTG-1,1.9665064,5.092517,s1d1
ACGTTCCTCGCCCAGA-1,-1.6105243,4.00201,s1d1
ACTACGAAGGTAATCA-1,10.184938,4.9566574,s1d1
ACTACGAAGTCGCTAT-1,11.611519,11.453366,s1d1
ACTACGACACCGGCTA-1,11.80594,12.021192,s1d1
ACTACGACAGCAGTGA-1,-4.5873566,9.452903,s1d1
ACTACGAGTAGGTTTC-1,3.9485383,13.706879,s1d1
ACTACGAGTCCAGCCA-1,13.21299,13.814922,s1d1
ACTACGAGTGATGTAA-1,3.2775786,2.2523663,s1d1
ACTACGAGTGCACGCT-1,12.035013,11.023075,s1d1
ACTACGATCCATCACC-1,13.218129,13.651509,s1d1
ACTACGATCCCAGCGA-1,-5.9817305,10.08535,s1d1
ACTACGATCCGCAACG-1,11.503109,6.798876,s1d1
ACTACGATCTCCGTGT-1,10.523145,12.936133,s1d1
ACTATCTAGACTAAGT-1,-5.775468,7.0131636,s1d1
ACTATCTAGGGTTAGC-1,7.2468452,-2.9239619,s1d1
ACTATCTAGTACCCTA-1,-5.837341,8.29932,s1d1
ACTATCTAGTCGCTAT-1,6.094728,5.059109,s1d1
ACTATCTCAATCTCGA-1,6.9185176,3.3069625,s1d1
ACTATCTCACGAGGTA-1,2.3180776,17.510765,s1d1
ACTATCTCAGATTAAG-1,5.498195,18.934116,s1d1
ACTATCTCATCCGGCA-1,-5.6609097,8.287804,s1d1
ACTATCTGTAGCGCCT-1,10.246458,4.836181,s1d1
ACTATCTGTCTCACGG-1,11.29536,8.778997,s1d1
ACTATCTGTGGATGAC-1,11.543019,6.087959,s1d1
ACTATCTGTTCCGTTC-1,1.7549219,4.608512,s1d1
ACTATCTGTTTACCAG-1,12.40936,10.662025,s1d1
ACTATCTTCTAACACG-1,-3.3270411,9.4334135,s1d1
ACTATCTTCTAACGGT-1,10.293062,6.665254,s1d1
ACTATCTTCTCAACCC-1,12.121922,9.919678,s1d1
ACTATGGCACGTGTGC-1,8.531148,1.9549838,s1d1
ACTATGGCAGCTGTAT-1,2.4596913,8.403098,s1d1
ACTATGGCATAGACTC-1,-4.8013773,8.081604,s1d1
ACTATGGTCATGGAGG-1,6.7408657,2.6404154,s1d1
ACTATGGTCCGTAATG-1,13.978942,5.814083,s1d1
ACTATGGTCGCAAGAG-1,10.286305,10.792558,s1d1
ACTATGGTCTCTATGT-1,11.901603,11.473736,s1d1
ACTATTCAGAGTTGCG-1,-0.87093943,6.742995,s1d1
ACTATTCAGCGTGTCC-1,7.460615,-3.635976,s1d1
ACTATTCAGTGTTCCA-1,11.788136,7.6794515,s1d1
ACTATTCCAACCCGCA-1,11.1134405,-1.1186178,s1d1
ACTATTCCACAGTCAT-1,5.705576,18.834455,s1d1
ACTATTCCAGAGTTCT-1,3.8105671,18.578869,s1d1
ACTATTCCATAGATCC-1,-0.9985782,4.373446,s1d1
ACTATTCGTACAGTCT-1,6.44981,-1.9532578,s1d1
ACTATTCGTAGATCCT-1,10.951567,10.562586,s1d1
ACTATTCTCACCTGGG-1,13.470114,9.404072,s1d1
ACTATTCTCCTACCGT-1,2.3671288,16.795483,s1d1
ACTATTCTCGCTCTCA-1,8.189229,-0.7674629,s1d1
ACTATTCTCTGTGCGG-1,6.269236,-1.5814307,s1d1
ACTCCCAAGCTACAAA-1,10.021262,4.5888667,s1d1
ACTCCCACACTTGTGA-1,9.628039,4.4384537,s1d1
ACTCCCACATGGCACC-1,-2.1414359,3.7793984,s1d1
ACTCCCAGTCTGTCAA-1,4.6768565,19.814156,s1d1
ACTCCCAGTGAGTAAT-1,3.555535,17.31625,s1d1
ACTCCCAGTTGGGACA-1,12.802473,13.80256,s1d1
ACTCTCGAGACTTCGT-1,10.207592,-0.5705327,s1d1
ACTCTCGAGCCACCGT-1,10.306187,13.145702,s1d1
ACTCTCGAGGTTGGTG-1,11.061305,17.366585,s1d1
ACTCTCGCACACGCCA-1,10.713622,5.557263,s1d1
ACTCTCGCATTGCCGG-1,11.484286,6.1348953,s1d1
ACTCTCGGTACGACAG-1,3.5235934,16.400217,s1d1
ACTCTCGGTGTACAGG-1,7.291302,-4.475061,s1d1
ACTGATGAGCTAGATA-1,4.5103636,18.915346,s1d1
ACTGATGCACTATCCC-1,1.3105986,7.386113,s1d1
ACTGATGGTCAGTTTG-1,12.201566,13.939136,s1d1
ACTGATGGTGCGTTTA-1,13.273945,5.992648,s1d1
ACTGATGTCAGATGCT-1,12.466644,6.3789597,s1d1
ACTGATGTCCGGGACT-1,9.817416,4.8626485,s1d1
ACTGATGTCCGTCAAA-1,6.756138,2.027821,s1d1
ACTGCAAAGCCGCACT-1,1.6467037,8.160314,s1d1
ACTGCAAAGTATGAAC-1,11.628455,5.904847,s1d1
ACTGCAACAAATGCTC-1,13.132177,7.538537,s1d1
ACTGCAACATCTCGTC-1,10.216229,5.171081,s1d1
ACTGCAACATGGGCAA-1,2.3992202,17.56286,s1d1
ACTGCAAGTCATCGCG-1,11.495797,9.188424,s1d1
ACTGCAAGTGAGCAGT-1,2.8454118,4.9540544,s1d1
ACTGCAAGTGCACATT-1,13.946434,6.3291388,s1d1
ACTGCAAGTGTTACAC-1,8.52045,-4.1512966,s1d1
ACTGCAATCACCACAA-1,10.89095,14.446784,s1d1
ACTGCAATCTCTCTAA-1,13.338719,6.6181293,s1d1
ACTGTCCCAAGACCTT-1,3.3943286,6.9516096,s1d1
ACTGTCCCAGAGCTAG-1,9.874587,4.473765,s1d1
ACTGTCCTCCGAGTGC-1,11.821995,13.984824,s1d1
ACTGTCCTCGGAGATG-1,3.6390872,17.242361,s1d1
ACTGTGAAGACTGAGC-1,5.6717505,-2.5908136,s1d1
ACTGTGACAGAGCTAG-1,-5.871822,9.81683,s1d1
ACTGTGATCACTGGGC-1,8.120804,-4.082107,s1d1
ACTGTGATCGTTGTAG-1,9.487724,4.9072,s1d1
ACTGTGATCTAGCAAC-1,9.785199,-4.590503,s1d1
ACTGTGATCTGGTGCG-1,11.135177,6.411701,s1d1
ACTTAGGAGGGCGAGA-1,2.7804754,18.105574,s1d1
ACTTAGGGTATCATGC-1,9.382266,2.5245364,s1d1
ACTTAGGGTGCGCTCA-1,6.024803,-0.6380868,s1d1
ACTTAGGTCAAGAGTA-1,11.457247,7.9309363,s1d1
ACTTAGGTCCGGGACT-1,3.9651074,18.202612,s1d1
ACTTAGGTCGGAACTT-1,11.7081175,8.862039,s1d1
ACTTAGGTCTGGCCGA-1,-0.7049076,2.8936815,s1d1
ACTTATCAGACCTGGA-1,4.2795906,19.824232,s1d1
ACTTATCCAGGCAATG-1,10.298261,4.407428,s1d1
ACTTATCGTATATGGA-1,6.791189,-5.3177238,s1d1
ACTTATCGTCCCTGAG-1,10.524148,7.247013,s1d1
ACTTATCGTTCGGACC-1,0.09354573,5.671957,s1d1
ACTTATCGTTGCATTG-1,10.054023,10.588774,s1d1
ACTTCCGAGACTCGAG-1,5.0718746,-4.4740396,s1d1
ACTTCCGCATTGAAGA-1,4.9573054,17.923315,s1d1
ACTTCCGGTATGAGCG-1,-1.9265658,5.199986,s1d1
ACTTCCGGTGATAGAT-1,14.164626,5.933831,s1d1
ACTTCCGGTTGTTGCA-1,13.308813,9.962706,s1d1
ACTTCCGTCAAGCCAT-1,4.9974756,19.162071,s1d1
ACTTCCGTCCGTTGGG-1,13.308805,7.6865096,s1d1
ACTTCCGTCGACTCCT-1,10.254343,10.024754,s1d1
ACTTCCGTCGATCCAA-1,5.7852087,16.190083,s1d1
ACTTCCGTCGGTTAGT-1,-5.179783,4.566407,s1d1
ACTTCGCCAATAACGA-1,6.4630966,-3.1963787,s1d1
ACTTCGCCAGCTGAGA-1,11.289596,13.450605,s1d1
ACTTCGCGTCACTCGG-1,10.743992,-0.9799784,s1d1
ACTTCGCGTCTATGAC-1,9.068613,3.0404735,s1d1
ACTTCGCGTCTTCGAA-1,4.9901004,19.307074,s1d1
ACTTCGCGTGCAGATG-1,-1.4259334,6.8569055,s1d1
ACTTCGCGTGCTGTCG-1,10.358356,7.778613,s1d1
ACTTCGCTCCATCTAT-1,5.914486,-2.9112592,s1d1
ACTTCGCTCTGTGTGA-1,1.8655317,4.137327,s1d1
ACTTCGCTCTTACGTT-1,-5.3781857,10.721309,s1d1
ACTTCGCTCTTGGTGA-1,10.989784,17.256409,s1d1
ACTTTCAAGGCTATCT-1,5.8264756,16.404255,s1d1
ACTTTCAAGTCTCGTA-1,11.290177,7.972813,s1d1
ACTTTCACATGCCATA-1,2.054682,17.599539,s1d1
ACTTTCAGTACGACAG-1,-4.7475796,8.613849,s1d1
ACTTTCAGTAGGTAGC-1,5.51705,16.373758,s1d1
ACTTTCAGTCCCAAAT-1,6.5754023,-4.8607216,s1d1
ACTTTCAGTGCTTCAA-1,11.654299,14.366277,s1d1
ACTTTCAGTTGCAAGG-1,-4.938586,9.895358,s1d1
ACTTTCAGTTGGTGTT-1,9.086278,2.980877,s1d1
ACTTTCATCCGTTGGG-1,5.7768846,-4.9046597,s1d1
ACTTTCATCTACCAGA-1,5.1402354,-4.756924,s1d1
ACTTTGTAGGAACGCT-1,14.665248,8.936474,s1d1
ACTTTGTAGGGACCAT-1,5.1422443,18.800716,s1d1
ACTTTGTAGGTAATCA-1,6.4675198,-1.0614551,s1d1
ACTTTGTAGTTGAATG-1,9.546693,5.4799953,s1d1
ACTTTGTCACAAATCC-1,0.037271377,3.9959853,s1d1
ACTTTGTCACGCGGTT-1,1.6946832,6.303463,s1d1
ACTTTGTCAGGGAGAG-1,13.58686,10.945479,s1d1
ACTTTGTCATCACAGT-1,16.87771,8.418757,s1d1
ACTTTGTGTACAGTAA-1,9.520398,5.673335,s1d1
ACTTTGTGTATGTCCA-1,14.7381115,9.156392,s1d1
ACTTTGTGTCAGTTTG-1,5.056821,17.568464,s1d1
ACTTTGTGTTCATCTT-1,9.670518,1.9347763,s1d1
ACTTTGTGTTCCGCTT-1,7.335916,2.8919919,s1d1
ACTTTGTGTTGGGATG-1,4.8127966,19.546534,s1d1
ACTTTGTTCCATCTCG-1,8.678408,2.1977098,s1d1
ACTTTGTTCTGTGCTC-1,7.8179607,-0.12516014,s1d1
AGAAATGAGCCTCAAT-1,10.689772,6.6237626,s1d1
AGAAATGAGGGTGGGA-1,6.934416,18.138823,s1d1
AGAAATGCAGAACTTC-1,13.946476,5.1306124,s1d1
AGAAATGCAGCGACCT-1,-2.5440016,4.2392573,s1d1
AGAAATGGTGATAGAT-1,-5.1674047,8.274693,s1d1
AGAAATGGTGTATTCG-1,-5.737758,9.536456,s1d1
AGAAATGGTGTCCCTT-1,-5.1115794,3.94311,s1d1
AGAAATGTCATAGAGA-1,11.20629,10.332866,s1d1
AGAAATGTCGGTAAGG-1,-1.9248079,3.6123137,s1d1
AGAAATGTCTATTTCG-1,5.833464,-2.6817865,s1d1
AGAACAAAGCCAAGGT-1,4.998768,19.830288,s1d1
AGAACAAAGCCTTGAT-1,10.763166,13.039487,s1d1
AGAACAAAGTCTAACC-1,5.318425,19.957718,s1d1
AGAACAACAGTGAGCA-1,7.0319676,-5.2937784,s1d1
AGAACAAGTACGAGCA-1,-0.61537206,2.8373606,s1d1
AGAACCTAGGACAGTC-1,5.187443,16.30799,s1d1
AGAACCTCAATGCAGG-1,11.2839985,13.756651,s1d1
AGAACCTCAGTGTATC-1,14.972293,9.702564,s1d1
AGAACCTGTCATCTAG-1,5.0944867,19.378616,s1d1
AGAACCTGTCGTTGGC-1,2.7414932,7.1945205,s1d1
AGAACCTGTGTAAATG-1,11.993673,12.237606,s1d1
AGAACCTGTTGCTCAA-1,5.0383253,16.42848,s1d1
AGAACCTTCACTGAAC-1,5.65464,4.9900503,s1d1
AGAACCTTCAGGAAAT-1,6.0397406,6.0305676,s1d1
AGAACCTTCCGACATA-1,10.843195,9.171941,s1d1
AGAACCTTCGCTTAAG-1,5.4735847,-1.973153,s1d1
AGAAGCGAGAGAGCGG-1,-4.1901965,9.651512,s1d1
AGAAGCGAGAGTGAAG-1,4.3186855,4.966994,s1d1
AGAAGCGCAAGATTGA-1,-5.8479805,8.525094,s1d1
AGAAGCGCACTTGTCC-1,10.483358,14.244548,s1d1
AGAAGCGGTACACGTT-1,16.848753,5.5196476,s1d1
AGAAGCGGTACGTAGG-1,13.71436,9.352639,s1d1
AGAAGCGTCACTTGTT-1,10.290975,5.1578455,s1d1
AGAAGCGTCAGACAAA-1,13.175918,10.332086,s1d1
AGAAGTAAGCGAGTAC-1,12.026883,7.4645796,s1d1
AGAAGTAAGCGTCAGA-1,11.380759,6.1113987,s1d1
AGAAGTAAGGCGTTAG-1,1.2802206,7.6745753,s1d1
AGAAGTAAGTCCCAAT-1,1.3145128,5.414895,s1d1
AGAAGTAAGTCGTCTA-1,6.9976563,5.685438,s1d1
AGAAGTACATCAACCA-1,10.972621,12.506635,s1d1
AGAAGTACATGTGCCG-1,13.490286,7.377873,s1d1
AGAAGTATCACCATCC-1,2.4471338,17.852568,s1d1
AGAAGTATCCCTCTCC-1,5.9946723,-2.5939684,s1d1
AGAAGTATCGTGGGTC-1,9.961027,4.809469,s1d1
AGAAGTATCGTTGTTT-1,5.0878897,-4.3035207,s1d1
AGAAGTATCTTCGTAT-1,5.6981325,15.9996605,s1d1
AGACAAAAGGACGCAT-1,10.160496,10.202825,s1d1
AGACAAAGTTGGAGGT-1,2.2999017,7.8143587,s1d1
AGACACTAGAAGAACG-1,8.276063,0.95485085,s1d1
AGACACTAGCATTGTC-1,16.475035,5.511317,s1d1
AGACACTAGGTTGGTG-1,-5.794703,7.9375153,s1d1
AGACACTAGTAACGTA-1,11.735038,11.917989,s1d1
AGACACTAGTACAGAT-1,9.540228,0.3763934,s1d1
AGACACTGTGCTCTTC-1,-5.054832,7.715771,s1d1
AGACACTTCAAGTTGC-1,13.503498,6.032072,s1d1
AGACACTTCACTCGAA-1,11.759649,13.446885,s1d1
AGACAGGAGACCAAGC-1,5.8152676,19.449907,s1d1
AGACAGGAGAGTCAGC-1,17.27377,4.8553576,s1d1
AGACAGGAGATAACAC-1,8.653906,1.4831392,s1d1
AGACAGGAGCGATTCT-1,5.788219,5.09048,s1d1
AGACAGGAGGCATCGA-1,6.125465,-4.896059,s1d1
AGACAGGCAAAGCGTG-1,11.519923,13.649397,s1d1
AGACAGGCAGCGTTGC-1,9.52661,5.8940744,s1d1
AGACAGGGTGAGATAT-1,11.695041,8.879679,s1d1
AGACAGGGTGATGGCA-1,-0.97318745,2.652149,s1d1
AGACAGGTCACTGGGC-1,-5.971692,9.076801,s1d1
AGACAGGTCCAGCCTT-1,13.906842,7.2212644,s1d1
AGACAGGTCGGATACT-1,9.4017315,7.680577,s1d1
AGACAGGTCGTCTAAG-1,1.3552035,4.3249364,s1d1
AGACCATCACAATGTC-1,11.35664,13.157295,s1d1
AGACCATCAGCTTTCC-1,8.605221,7.814813,s1d1
AGACCATGTAGCGTTT-1,10.229283,12.10978,s1d1
AGACCATGTAGGTAGC-1,7.238296,3.6196458,s1d1
AGACCATGTCATCGGC-1,13.160573,13.4924345,s1d1
AGACCATGTCGTGTTA-1,10.60588,8.277336,s1d1
AGACCATGTGGGACAT-1,5.417248,16.872581,s1d1
AGACCATGTGTAAACA-1,12.000056,6.681422,s1d1
AGACCATTCTTCCCAG-1,10.703521,12.90621,s1d1
AGACCCGAGAAGGCTC-1,15.476449,8.312308,s1d1
AGACCCGAGAGTAACT-1,10.683128,8.472972,s1d1
AGACCCGAGGACGCTA-1,-4.8716974,10.847512,s1d1
AGACCCGCACACGCCA-1,-1.5180011,6.8650537,s1d1
AGACCCGCATTCACCC-1,12.550052,6.6590195,s1d1
AGACCCGGTCTCACAA-1,10.196699,19.054707,s1d1
AGACCCGGTGAGTGAC-1,12.373645,10.944167,s1d1
AGACCCGGTGTCACAT-1,1.9577446,6.4301476,s1d1
AGACCCGTCCGAAATC-1,9.075745,2.216268,s1d1
AGACCCGTCGACCCAG-1,3.0798323,8.014788,s1d1
AGACTCAAGAGGCGGA-1,10.758757,12.256274,s1d1
AGACTCAAGGAAGTCC-1,11.686058,6.398686,s1d1
AGACTCACAAATGCTC-1,-0.49195945,4.7092557,s1d1
AGACTCACAAGCACCC-1,8.178361,-1.8542136,s1d1
AGACTCACAGCAGTTT-1,14.4791355,6.4462833,s1d1
AGACTCACAGTCCCGA-1,2.4715445,5.6160603,s1d1
AGACTCAGTAGGCTCC-1,2.5260909,16.81769,s1d1
AGACTCAGTCTGTGCG-1,4.2538085,18.277218,s1d1
AGAGAATAGAACAGGA-1,2.4211774,17.578217,s1d1
AGAGAATCACTTGAGT-1,11.168989,-0.92354804,s1d1
AGAGAATCAGGACTTT-1,6.4738665,18.386398,s1d1
AGAGAATGTAGGTCAG-1,-5.5875616,10.807254,s1d1
AGAGAATTCGCCTCTA-1,3.138547,17.002474,s1d1
AGAGAATTCTCCAATT-1,9.148295,4.693272,s1d1
AGAGAATTCTTCCCAG-1,-0.19462258,6.285212,s1d1
AGAGAGCAGAGTTCGG-1,11.872671,7.52341,s1d1
AGAGAGCAGCACGATG-1,11.809315,10.083993,s1d1
AGAGAGCAGGCCACCT-1,10.985613,14.00346,s1d1
AGAGAGCAGGCCGCTT-1,-1.8101819,4.001154,s1d1
AGAGAGCAGTAACCTC-1,10.3273945,12.65169,s1d1
AGAGAGCCAAGGTCAG-1,10.471705,13.10208,s1d1
AGAGAGCGTATGAGCG-1,3.225833,2.120481,s1d1
AGAGAGCGTCTGTAAC-1,17.179453,6.103042,s1d1
AGAGAGCGTGAACCGA-1,11.623095,14.526139,s1d1
AGAGAGCTCCAAGGGA-1,10.165635,6.01427,s1d1
AGAGAGCTCCGCACGA-1,5.327765,16.860044,s1d1
AGAGCAGAGCATCTTG-1,9.926709,4.628384,s1d1
AGAGCAGAGTAGACCG-1,-5.4884577,9.266876,s1d1
AGAGCAGAGTCCGTCG-1,10.368478,13.274538,s1d1
AGAGCAGCAACAGCTT-1,16.35641,8.941475,s1d1
AGAGCAGCAGGCCTGT-1,3.4720309,16.508038,s1d1
AGAGCAGTCCGGTTCT-1,7.132747,5.366674,s1d1
AGAGCCCAGCGACCCT-1,3.4826078,16.324543,s1d1
AGAGCCCAGGACCCAA-1,14.0625305,9.595858,s1d1
AGAGCCCCACCTGAAT-1,3.8629475,17.062109,s1d1
AGAGCCCCAGGACAGT-1,10.586309,6.6537766,s1d1
AGAGCCCCAGTTTCGA-1,-0.94108206,4.99597,s1d1
AGAGCCCCATCAGCAT-1,10.382881,6.1711535,s1d1
AGAGCCCCATCGATGT-1,6.966556,3.1842835,s1d1
AGAGCCCTCACCTCAC-1,11.057678,11.641982,s1d1
AGAGCCCTCCTCATAT-1,8.877265,8.024284,s1d1
AGAGCCCTCGCTGTCT-1,12.3883705,6.1353006,s1d1
AGAGCCCTCTATTCGT-1,13.032528,12.105462,s1d1
AGATAGAAGAAGCTCG-1,1.0905722,4.45253,s1d1
AGATAGAAGAAGTGTT-1,13.50356,13.066816,s1d1
AGATAGAAGGAGACCT-1,-5.639382,9.716524,s1d1
AGATAGACAGAATTCC-1,2.5351887,7.1904697,s1d1
AGATAGACAGGTCAGA-1,5.464478,19.077108,s1d1
AGATAGAGTCGATTCA-1,10.261834,11.482933,s1d1
AGATAGAGTGCGGTAA-1,9.772511,13.080092,s1d1
AGATAGAGTTCCGCTT-1,5.7140303,19.441813,s1d1
AGATAGAGTTCTAAGC-1,16.121374,9.052479,s1d1
AGATAGATCCGGTAGC-1,3.2772355,2.0754452,s1d1
AGATAGATCGACCCAG-1,13.2213,7.073411,s1d1
AGATAGATCTAAACGC-1,10.234833,13.660084,s1d1
AGATCCAAGGTCTACT-1,-2.3727875,3.867374,s1d1
AGATCCAAGTAGACAT-1,12.078866,11.396688,s1d1
AGATCCACAAGCCCAC-1,14.525859,9.225982,s1d1
AGATCCACACTATCGA-1,10.256219,11.18009,s1d1
AGATCCAGTATTTCTC-1,12.417824,7.932158,s1d1
AGATCCAGTCCACAGC-1,10.626888,7.3643084,s1d1
AGATCCATCGTCGGGT-1,10.4086275,12.3036995,s1d1
AGATCCATCTGAGGTT-1,9.999036,7.146678,s1d1
AGATCCATCTGTTCAT-1,6.133701,-1.7781836,s1d1
AGATCGTAGCCGTCGT-1,11.71912,13.4769945,s1d1
AGATCGTAGGCAGGTT-1,12.2614355,8.607156,s1d1
AGATCGTCAACCGTGC-1,-5.1593685,4.310101,s1d1
AGATCGTCACACAGAG-1,9.650693,4.712144,s1d1
AGATCGTCACCATTCC-1,7.8959875,-3.9897463,s1d1
AGATCGTCACCCATAA-1,9.737217,4.611565,s1d1
AGATCGTCATCGATAC-1,-2.0176728,7.165705,s1d1
AGATCGTGTCATACCA-1,12.436608,6.95388,s1d1
AGATCGTTCAGCCTTC-1,8.370415,-1.407902,s1d1
AGATCGTTCGGTAACT-1,11.856088,12.4069,s1d1
AGATCGTTCTGACCCT-1,12.731071,11.98515,s1d1
AGATCGTTCTTGAACG-1,12.468045,14.467127,s1d1
AGATGAAAGTCGCTAT-1,14.967299,9.712927,s1d1
AGATGAACACACACGC-1,11.012974,7.93144,s1d1
AGATGAACACCGTCTT-1,16.621902,5.801526,s1d1
AGATGAACATAGTCGT-1,3.4847765,6.483446,s1d1
AGATGAAGTAGAATGT-1,10.371808,10.658952,s1d1
AGATGAAGTGAGGCAT-1,13.500091,6.7531643,s1d1
AGATGAAGTTTATGCG-1,11.535361,7.473689,s1d1
AGATGAATCATGTCAG-1,-5.4764385,7.8898716,s1d1
AGATGAATCCGTGTCT-1,7.8097434,4.0708594,s1d1
AGATGAATCGGCAGTC-1,6.1956186,4.746659,s1d1
AGATGAATCGTACCTC-1,14.657376,7.8184257,s1d1
AGATGAATCGTCTAAG-1,17.272964,5.0581183,s1d1
AGATGAATCTCAGGCG-1,10.808461,8.484412,s1d1
AGATGCTAGACTCGAG-1,11.546758,5.849673,s1d1
AGATGCTAGCCTGTGC-1,9.559162,5.4281344,s1d1
AGATGCTAGGCCACTC-1,10.5868845,14.152218,s1d1
AGATGCTAGTCGCCCA-1,5.4954376,16.511627,s1d1
AGATGCTCACTGCACG-1,5.6548786,-3.7709506,s1d1
AGATGCTCATACTGTG-1,11.079657,9.977296,s1d1
AGATGCTGTCTGTGTA-1,14.161609,5.870828,s1d1
AGATGCTGTGGGTTGA-1,9.309423,1.7321911,s1d1
AGATGCTGTGTGTCCG-1,-0.9486185,7.13852,s1d1
AGATGCTGTTTGGGAG-1,11.614846,6.173598,s1d1
AGATGCTTCTCATAGG-1,8.572452,1.3243264,s1d1
AGATGCTTCTGCTCTG-1,5.5614004,-2.7144954,s1d1
AGATGCTTCTGGACCG-1,11.201098,10.425224,s1d1
AGCATCAAGAAACTCA-1,12.27876,6.400268,s1d1
AGCATCAAGATACATG-1,2.5365,7.3528137,s1d1
AGCATCAAGGATACGC-1,1.846861,17.41726,s1d1
AGCATCAAGGCGCTTC-1,-0.0729447,5.643548,s1d1
AGCATCAAGGGTGAAA-1,2.8965993,7.219458,s1d1
AGCATCAAGGTGCTGA-1,15.316782,9.546162,s1d1
AGCATCACAAGTTGGG-1,14.113816,5.5050955,s1d1
AGCATCACACTGGCCA-1,8.1783905,-3.7432284,s1d1
AGCATCACAGACAAGC-1,12.417934,11.276749,s1d1
AGCATCAGTAGTGTGG-1,6.5787168,18.035677,s1d1
AGCATCATCAGTGCGC-1,-4.6955686,6.7774596,s1d1
AGCCAATAGTAAGACT-1,-4.926619,7.154555,s1d1
AGCCAATCAAATCAAG-1,12.260079,8.321538,s1d1
AGCCAATCACATCCCT-1,11.166895,8.371463,s1d1
AGCCAATCACTGGAAG-1,5.09045,17.289263,s1d1
AGCCAATCATATTCGG-1,6.708738,-3.3549943,s1d1
AGCCAATCATCGTGGC-1,11.214077,7.951891,s1d1
AGCCAATGTCCACTTC-1,15.828577,8.664952,s1d1
AGCCAATGTGGCTTAT-1,5.4240317,-1.1074681,s1d1
AGCCAATGTTCAAAGA-1,11.435332,9.000258,s1d1
AGCCAATTCGAAGGAC-1,11.580904,6.7221365,s1d1
AGCCACGAGCTTCTAG-1,8.10579,0.26336387,s1d1
AGCCACGAGGCATCAG-1,-0.37405482,4.893923,s1d1
AGCCACGCAATCGCCG-1,11.563748,8.400423,s1d1
AGCCACGCATCCCACT-1,-4.692031,7.3014603,s1d1
AGCCACGGTAGCCAGA-1,12.141471,8.403987,s1d1
AGCCACGGTATCCCAA-1,11.727098,11.235735,s1d1
AGCCACGTCAACCTTT-1,13.28188,12.3213005,s1d1
AGCCACGTCCAACCGG-1,13.850422,4.990023,s1d1
AGCCACGTCTCAGAAC-1,11.37074,8.665746,s1d1
AGCCACGTCTGAATCG-1,8.390423,-4.188495,s1d1
AGCCAGCGTTTAGACC-1,-0.8629584,4.877902,s1d1
AGCCAGCTCGAACTCA-1,16.015398,8.798259,s1d1
AGCCAGCTCGAGTCTA-1,11.8435545,7.800914,s1d1
AGCCAGCTCGTCTCAC-1,15.273993,8.888975,s1d1
AGCCAGCTCGTGACTA-1,15.056151,8.667188,s1d1
AGCGATTAGGCTCTAT-1,0.9713754,4.840558,s1d1
AGCGATTAGTCTACCA-1,11.99515,13.217177,s1d1
AGCGATTCAGAAATTG-1,1.9237696,5.1598496,s1d1
AGCGATTCAGAGTTCT-1,12.504623,5.3686924,s1d1
AGCGATTCAGTAACAA-1,17.377363,5.130854,s1d1
AGCGATTGTAGGAGGG-1,9.366723,4.869665,s1d1
AGCGATTGTCCGAAAG-1,5.388002,-3.249045,s1d1
AGCGATTGTGATGTAA-1,10.29565,10.173972,s1d1
AGCGATTGTGTTCATG-1,9.095495,2.7416744,s1d1
AGCGATTTCAGGACAG-1,10.043697,12.710496,s1d1
AGCGATTTCATTGTTC-1,3.243449,6.9160686,s1d1
AGCGATTTCCGTGGGT-1,-1.3339888,4.8261695,s1d1
AGCGCCAAGATTTGCC-1,12.991642,7.11929,s1d1
AGCGCCAAGCTTCATG-1,2.4524105,17.052378,s1d1
AGCGCCAAGGCGCTCT-1,-5.82418,7.420416,s1d1
AGCGCCAAGGTCGTGA-1,6.954584,-3.2098792,s1d1
AGCGCCACACAAATCC-1,8.128377,-4.7165785,s1d1
AGCGCCACAGACAATA-1,12.384638,7.9269843,s1d1
AGCGCCACATGACAAA-1,12.475714,6.3060675,s1d1
AGCGCCAGTAGTCGTT-1,3.6060278,6.423535,s1d1
AGCGCCAGTGCTGATT-1,11.019818,7.792513,s1d1
AGCGCCAGTTAATCGC-1,11.572779,5.9099126,s1d1
AGCGCTGAGCACACAG-1,-2.5535607,4.535485,s1d1
AGCGCTGAGTCTTCCC-1,1.6489073,8.133523,s1d1
AGCGCTGGTATCGAAA-1,12.136842,9.099081,s1d1
AGCGCTGGTCATCAGT-1,13.609465,9.1530905,s1d1
AGCGCTGGTTAGGGAC-1,6.1866407,-4.99508,s1d1
AGCGCTGTCAGACCTA-1,-4.9123254,11.081854,s1d1
AGCGCTGTCAGTGATC-1,14.337199,9.785291,s1d1
AGCGTATAGCGCTGAA-1,11.323303,13.18365,s1d1
AGCGTATAGGAGTATT-1,16.991638,5.231515,s1d1
AGCGTATAGTACCGGA-1,11.06634,7.085673,s1d1
AGCGTATCAACCAACT-1,6.1381083,-4.399146,s1d1
AGCGTATCAATACGAA-1,2.748417,7.82215,s1d1
AGCGTATGTCCAGCCA-1,16.353497,8.805891,s1d1
AGCGTATGTCCCTCAT-1,10.257516,10.86599,s1d1
AGCGTATGTTTCCCAC-1,11.803577,9.131332,s1d1
AGCGTATTCACTAGCA-1,12.731121,8.033488,s1d1
AGCGTATTCTGTCGTC-1,4.032838,16.520403,s1d1
AGCGTCGAGAAGGATG-1,5.257363,-1.1847084,s1d1
AGCGTCGAGAGTACCG-1,-2.664797,5.6483097,s1d1
AGCGTCGAGCTGTTCA-1,11.448775,14.696084,s1d1
AGCGTCGAGTTCGCAT-1,-0.8303762,6.926268,s1d1
AGCGTCGCAACTGAAA-1,10.5377035,13.021556,s1d1
AGCGTCGCAAGTACCT-1,11.803565,11.264096,s1d1
AGCGTCGCACCCTCTA-1,5.8292184,5.0502095,s1d1
AGCGTCGGTAGCGTTT-1,-3.620907,9.547379,s1d1
AGCGTCGTCATAGAGA-1,6.9790063,-4.0063896,s1d1
AGCGTCGTCATCACAG-1,6.8537455,2.8525903,s1d1
AGCGTCGTCATGCCCT-1,2.09899,7.092368,s1d1
AGCGTCGTCTGCTTTA-1,-5.8631573,8.918959,s1d1
AGCTACAAGAGTCAAT-1,9.898544,5.644874,s1d1
AGCTACAAGTCACACT-1,10.360039,14.279275,s1d1
AGCTACACAAGCGATG-1,-5.3915544,8.9877405,s1d1
AGCTACAGTCTACGAT-1,2.8585424,7.313585,s1d1
AGCTACAGTGTACATC-1,5.7234178,16.527966,s1d1
AGCTACAGTTTGCCGG-1,-4.350451,10.361857,s1d1
AGCTACATCTGTGCAA-1,12.504329,12.750762,s1d1
AGCTCAAAGAGTGTTA-1,5.9753203,-4.8365064,s1d1
AGCTCAAAGCACCGAA-1,11.15837,12.802624,s1d1
AGCTCAAAGCACTCGC-1,3.494108,18.074772,s1d1
AGCTCAAAGTTGCATC-1,-5.202009,8.472612,s1d1
AGCTCAACAACACTAC-1,10.659835,6.6814528,s1d1
AGCTCAACAGAGTTGG-1,12.944884,9.471037,s1d1
AGCTCAAGTCATAGTC-1,6.774107,18.403498,s1d1
AGCTCAAGTTAATCGC-1,5.873112,-1.6594496,s1d1
AGCTCAATCAGTGTCA-1,1.8048778,6.242455,s1d1
AGCTCAATCCAAAGGG-1,3.0685751,17.924068,s1d1
AGCTCAATCCCAGTGG-1,5.325696,-3.849594,s1d1
AGCTCAATCGCCAGTG-1,5.393164,19.315552,s1d1
AGCTTCCAGCGTCAGA-1,14.3728075,10.626646,s1d1
AGCTTCCAGGGCAGGA-1,-0.82214904,4.8868694,s1d1
AGCTTCCCACAGTATC-1,4.8125215,18.875843,s1d1
AGCTTCCCATGTAACC-1,11.676491,10.025471,s1d1
AGCTTCCGTATGGAAT-1,5.426084,19.376223,s1d1
AGCTTCCGTCTAATCG-1,5.215633,16.514637,s1d1
AGGAAATAGAGAGTGA-1,4.2051277,16.948046,s1d1
AGGAAATAGCGTTGTT-1,12.32645,6.3896294,s1d1
AGGAAATCAAAGGGCT-1,11.005302,14.053023,s1d1
AGGAAATCAACCTAAC-1,3.2083373,18.357128,s1d1
AGGAAATCAAGATCCT-1,4.9494295,19.596415,s1d1
AGGAAATCAGCCATTA-1,10.656622,9.763196,s1d1
AGGAAATCAGCTTTCC-1,9.812977,11.781603,s1d1
AGGAAATGTCCTGGGT-1,5.5331254,6.9240193,s1d1
AGGAAATGTCGCTTGG-1,5.2077513,19.695868,s1d1
AGGAAATGTTGCCATA-1,10.232828,10.781242,s1d1
AGGAAATTCCGACAGC-1,12.556594,10.828865,s1d1
AGGAAATTCTCCAAGA-1,-5.0003276,4.130642,s1d1
AGGAAATTCTTCTGGC-1,6.9502144,18.204834,s1d1
AGGAATAAGGTGTGAC-1,4.6605067,19.446924,s1d1
AGGAATAAGTGCAGCA-1,11.064599,7.136711,s1d1
AGGAATACAAGAGGTC-1,11.724561,5.885623,s1d1
AGGAATAGTATGAGCG-1,-0.9721798,5.5623145,s1d1
AGGAATAGTGGCAACA-1,6.6556273,-3.5933735,s1d1
AGGAATAGTGGCTGAA-1,7.835135,4.567046,s1d1
AGGAATATCGAGGCAA-1,10.752337,13.412275,s1d1
AGGACGAAGCAGCCTC-1,-5.908355,9.670981,s1d1
AGGACGAGTATGCGGA-1,-0.1811998,4.734969,s1d1
AGGACGAGTCCCGGTA-1,10.513479,6.8890767,s1d1
AGGACGATCATGCCGG-1,11.216203,8.761912,s1d1
AGGACGATCCATCTAT-1,12.431791,11.848382,s1d1
AGGACTTAGAGATCGC-1,5.310517,-2.3899856,s1d1
AGGACTTAGAGTAACT-1,4.958773,19.617613,s1d1
AGGACTTAGAGTGGCT-1,9.933926,4.2366333,s1d1
AGGACTTCACATGGTT-1,6.549464,18.429075,s1d1
AGGACTTGTACTCAAC-1,9.362417,1.6477017,s1d1
AGGACTTGTCAACCAT-1,2.5612233,8.144043,s1d1
AGGACTTGTCGTGGTC-1,10.626604,16.850842,s1d1
AGGACTTGTTGCTGAT-1,-4.968609,10.373764,s1d1
AGGACTTTCAGCGCGT-1,-2.257674,4.133373,s1d1
AGGAGGTAGGAAACGA-1,2.1889372,17.409237,s1d1
AGGAGGTAGGGTATAT-1,3.2438815,5.0081015,s1d1
AGGAGGTAGTTAGAAC-1,11.6729555,13.3964405,s1d1
AGGAGGTCATCTCGTC-1,6.197879,-4.2722096,s1d1
AGGAGGTGTGAAGCTG-1,16.296461,8.219007,s1d1
AGGAGGTGTGTGTTTG-1,15.706832,5.4358945,s1d1
AGGAGGTGTTCCTTGC-1,5.901819,18.281298,s1d1
AGGAGGTTCCGTAGGC-1,11.223266,7.3484287,s1d1
AGGATAAAGGACAGTC-1,10.173565,5.3347926,s1d1
AGGATAAAGTCAGCCC-1,10.518545,8.030871,s1d1
AGGATAAAGTCCCGAC-1,13.574029,10.506512,s1d1
AGGATAACAGAGAATT-1,6.6009793,-1.3874142,s1d1
AGGATAACATGACAGG-1,10.10973,4.756768,s1d1
AGGATAAGTGGGAGAG-1,6.8080955,18.335924,s1d1
AGGATAATCAGCCTTC-1,7.659601,-0.97544515,s1d1
AGGATAATCCATCAGA-1,-4.988932,7.540129,s1d1
AGGATAATCTACAGGT-1,12.468846,12.852965,s1d1
AGGATAATCTGCTTTA-1,14.49039,6.060137,s1d1
AGGATCTAGGTCTACT-1,4.8598776,18.730213,s1d1
AGGATCTAGGTTCATC-1,5.7889338,-4.4892206,s1d1
AGGATCTCACCAGTAT-1,5.342198,-4.2405076,s1d1
AGGATCTGTGCTATTG-1,2.6974847,17.944902,s1d1
AGGATCTTCCGTTGGG-1,10.6325655,13.830389,s1d1
AGGATCTTCGCCTAGG-1,-5.4848266,8.534601,s1d1
AGGCATTAGCCGATTT-1,12.301584,12.332884,s1d1
AGGCATTAGTTGTCGT-1,6.5563464,5.0409827,s1d1
AGGCATTCACGTACTA-1,11.821748,10.268943,s1d1
AGGCATTGTCAACATC-1,-2.00078,3.5635808,s1d1
AGGCATTGTGACGCCT-1,14.593769,6.178058,s1d1
AGGCATTGTTTCGTGA-1,13.223749,12.802814,s1d1
AGGCATTTCTCGCTCA-1,12.287291,10.278779,s1d1
AGGCATTTCTGTCGCT-1,11.087823,-0.9075755,s1d1
AGGCCACAGGGCAGTT-1,7.4963827,4.883008,s1d1
AGGCCACAGGTAAGTT-1,7.2959695,-4.937511,s1d1
AGGCCACCACACCAGC-1,13.399147,6.0875835,s1d1
AGGCCACGTCGTGGAA-1,9.880302,5.473012,s1d1
AGGCCACTCGATGGAG-1,12.173495,6.1758747,s1d1
AGGCTGCAGCGGCTCT-1,12.673479,14.046021,s1d1
AGGCTGCAGTAACCGG-1,5.3146534,17.698668,s1d1
AGGCTGCCAGCGTAGA-1,16.272348,8.919787,s1d1
AGGCTGCGTGACTGAG-1,10.236998,6.816998,s1d1
AGGCTGCGTGGACTGA-1,12.09403,12.928638,s1d1
AGGCTGCGTTTCACAG-1,5.8773503,3.565349,s1d1
AGGCTGCTCCTGTAGA-1,4.9963374,18.15376,s1d1
AGGCTGCTCTTTCCGG-1,-3.6077526,8.326101,s1d1
AGGGAGTAGACATATG-1,16.73528,5.1781297,s1d1
AGGGAGTAGCACCCAC-1,15.03966,8.514523,s1d1
AGGGAGTAGCGTGAAC-1,6.847713,-0.33967674,s1d1
AGGGAGTAGGTCGTGA-1,6.1622243,-2.5299506,s1d1
AGGGAGTCACGGTCTG-1,5.016724,18.98165,s1d1
AGGGAGTCAGCATCTA-1,12.108733,13.47815,s1d1
AGGGAGTTCCTCTCGA-1,5.761583,-4.90567,s1d1
AGGGCCTAGCCGTTAT-1,5.2987285,-3.3605812,s1d1
AGGGCCTCAAACACGG-1,5.7091255,-4.2500687,s1d1
AGGGCCTCAAATACAG-1,5.905472,15.566121,s1d1
AGGGCCTCAAGAGCTG-1,14.119184,6.4055586,s1d1
AGGGCCTCATCCCGTT-1,8.539083,-0.73302984,s1d1
AGGGCCTTCAAGGAGC-1,8.414763,-1.3560935,s1d1
AGGGCCTTCAGTCACA-1,11.661846,11.356086,s1d1
AGGGCCTTCTCAGTCC-1,2.7089555,17.876223,s1d1
AGGGCCTTCTGGAAGG-1,6.713075,-4.8071413,s1d1
AGGGCTCCACCGAATT-1,13.059241,13.844246,s1d1
AGGGCTCCATGACTAC-1,11.283268,6.361449,s1d1
AGGGCTCGTAACACGG-1,5.4211683,19.718102,s1d1
AGGGCTCGTATTGACC-1,4.8983645,-3.438895,s1d1
AGGGCTCGTCTCACGG-1,7.203854,-4.3577776,s1d1
AGGGCTCTCAAGCCGC-1,4.000613,14.845644,s1d1
AGGGCTCTCATGAGAA-1,0.062185984,4.669245,s1d1
AGGGTCCAGTATAGGT-1,11.17092,8.084223,s1d1
AGGGTCCCACTCACTC-1,7.4659996,-4.132518,s1d1
AGGGTCCCATGAAGCG-1,2.6737535,14.196725,s1d1
AGGGTCCGTACCGTCG-1,13.816945,7.4199076,s1d1
AGGGTCCGTTCTTGCC-1,0.16417478,4.9691396,s1d1
AGGGTCCTCTGAGAAA-1,5.6164904,-4.45725,s1d1
AGGGTGAAGCCATTCA-1,16.568392,8.732798,s1d1
AGGGTGAAGCTCGCAC-1,11.201673,14.676345,s1d1
AGGGTGAAGGTGCTTT-1,11.020318,7.500928,s1d1
AGGGTGAAGTGCAAAT-1,4.813679,19.791855,s1d1
AGGGTGAAGTTGGACG-1,11.57608,8.416528,s1d1
AGGGTGACAATAGAGT-1,-6.136419,8.709598,s1d1
AGGGTGACAATAGTCC-1,5.0351386,20.217403,s1d1
AGGGTGACAGAGCGTA-1,10.154018,11.076034,s1d1
AGGGTGAGTCGAGCAA-1,5.7800846,-1.3192617,s1d1
AGGGTGAGTGACCGAA-1,12.216393,14.444987,s1d1
AGGGTGAGTGACTGAG-1,10.476807,6.8540573,s1d1
AGGGTGAGTGATACAA-1,7.1804543,-4.84529,s1d1
AGGGTGAGTGTCCTAA-1,5.0563283,19.701742,s1d1
AGGGTGATCAAGTAAG-1,8.864432,2.7616248,s1d1
AGGGTGATCCACAGGC-1,4.646372,19.071918,s1d1
AGGGTGATCCGATAAC-1,15.982044,8.340286,s1d1
AGGGTGATCGTCTAAG-1,8.366653,1.104166,s1d1
AGGGTTTAGGGCTAAC-1,15.209578,8.277506,s1d1
AGGGTTTAGTGAGTGC-1,13.539686,13.234908,s1d1
AGGGTTTCAATGCAGG-1,1.1597017,6.0608096,s1d1
AGGGTTTCACAGCATT-1,12.140387,14.202152,s1d1
AGGGTTTCATTAAGCC-1,11.509394,6.8324337,s1d1
AGGGTTTCATTGAGCT-1,10.9249,8.939729,s1d1
AGGGTTTGTGCCGAAA-1,3.0415838,6.5575027,s1d1
AGGGTTTGTTTGAAAG-1,9.816588,4.759081,s1d1
AGGTAGGAGCCGCTTG-1,-5.9583044,8.867429,s1d1
AGGTAGGAGCTAGTTC-1,11.265834,14.374724,s1d1
AGGTAGGCACAAGCTT-1,12.802159,8.1540365,s1d1
AGGTAGGCAGCGGATA-1,4.6938148,17.209877,s1d1
AGGTAGGCAGGTTACT-1,2.4137547,18.394909,s1d1
AGGTAGGCATAGAAAC-1,2.355269,8.258766,s1d1
AGGTAGGTCCACGTAA-1,12.917358,7.385923,s1d1
AGGTAGGTCGCGTGCA-1,-1.4046569,4.9539204,s1d1
AGGTAGGTCTAATTCC-1,3.1276531,5.432463,s1d1
AGGTCATAGCGTGCCT-1,5.27906,-4.7604556,s1d1
AGGTCATAGCTTGTTG-1,12.090768,11.667121,s1d1
AGGTCATCAGCGCGTT-1,5.9425817,-4.3437057,s1d1
AGGTCATCAGGAACCA-1,12.372884,13.674348,s1d1
AGGTCATGTATGGTTC-1,5.3199778,-2.9724846,s1d1
AGGTCATTCAAGCCCG-1,3.2726202,7.605838,s1d1
AGGTCATTCATTACTC-1,11.163882,12.368375,s1d1
AGGTCATTCTGTCCCA-1,5.248086,18.665112,s1d1
AGGTCTAAGATAACAC-1,1.7921818,6.654972,s1d1
AGGTCTAAGCCATGCC-1,2.7648365,17.730185,s1d1
AGGTCTAAGCCTAACT-1,8.906365,7.768873,s1d1
AGGTCTAAGGTACTGG-1,-1.861654,7.095631,s1d1
AGGTCTAAGGTTTGAA-1,12.643245,6.4638476,s1d1
AGGTCTACATCATGAC-1,10.595357,8.6649475,s1d1
AGGTCTACATCCCACT-1,5.9254546,16.360685,s1d1
AGGTCTAGTATTCCGA-1,10.426185,8.662474,s1d1
AGGTCTAGTCTGCGCA-1,-4.1417484,9.335118,s1d1
AGGTCTATCCATCAGA-1,7.928888,-3.7399466,s1d1
AGGTCTATCTGCTGAA-1,1.9423326,17.643524,s1d1
AGGTGTTAGAGCTTTC-1,14.0108185,10.051467,s1d1
AGGTGTTAGGCACTAG-1,1.6677028,5.848894,s1d1
AGGTGTTAGTAGGATT-1,10.995438,14.198314,s1d1
AGGTGTTCACGGGTAA-1,5.597499,19.558285,s1d1
AGGTGTTCAGATCACT-1,13.360212,7.062576,s1d1
AGGTGTTGTTTCCCAC-1,15.495843,7.851098,s1d1
AGGTGTTTCTATCGGA-1,10.856909,6.3747044,s1d1
AGGTTACAGAAATTGC-1,10.913539,10.109321,s1d1
AGGTTACAGGCCTGCT-1,8.234101,-0.4702778,s1d1
AGGTTACCACGGCTAC-1,2.8940156,17.26407,s1d1
AGGTTACCATCGGATT-1,7.057665,-4.8895173,s1d1
AGGTTACCATGCACTA-1,11.538191,8.136568,s1d1
AGGTTACCATGGCGCT-1,12.421735,12.714329,s1d1
AGGTTACTCATGAGGG-1,8.376878,0.78375256,s1d1
AGGTTGTAGATGAACT-1,14.551781,9.613753,s1d1
AGGTTGTAGCGGCTCT-1,10.628847,13.330307,s1d1
AGGTTGTAGCGTGTTT-1,3.184029,2.8853905,s1d1
AGGTTGTCAGGGTCTC-1,11.376475,12.758707,s1d1
AGGTTGTCATGGCCCA-1,-0.6572173,7.446056,s1d1
AGGTTGTGTACTAGCT-1,5.583289,-2.7976387,s1d1
AGGTTGTGTGGTCTCG-1,10.901841,8.087279,s1d1
AGGTTGTTCAGAATAG-1,-5.0282125,10.175359,s1d1
AGGTTGTTCTGGCCAG-1,-0.06712843,5.326532,s1d1
AGTAACCAGATTGACA-1,-0.9514939,4.6640334,s1d1
AGTAACCCAATGTGGG-1,-3.880486,8.374109,s1d1
AGTAACCCATAAGCGG-1,3.176024,4.868086,s1d1
AGTAACCCATAGGCGA-1,13.187768,5.2949724,s1d1
AGTAACCGTCGGCCTA-1,11.174184,14.815734,s1d1
AGTAACCGTGCGGTAA-1,14.974465,8.366082,s1d1
AGTAACCTCAAACCTG-1,12.039009,10.919813,s1d1
AGTAACCTCAGCACCG-1,11.469077,12.555622,s1d1
AGTAACCTCGCTGATA-1,10.460977,-0.79174805,s1d1
AGTAACCTCGGACCAC-1,12.882055,6.1593547,s1d1
AGTAACCTCTGGGATT-1,14.878288,8.7197,s1d1
AGTAACCTCTTAGCTT-1,2.5599523,17.274847,s1d1
AGTACCAAGCAGATAT-1,1.0032593,4.5575013,s1d1
AGTACCACATGAGATA-1,2.4297464,17.329233,s1d1
AGTACCAGTTCGCGTG-1,4.604,20.049007,s1d1
AGTACCATCGAAGCCC-1,4.8033094,4.304284,s1d1
AGTACTGAGAACAGGA-1,-0.7998974,2.9741223,s1d1
AGTACTGAGTTTCGAC-1,10.17708,12.577245,s1d1
AGTACTGCAAGACCTT-1,5.2561984,16.987345,s1d1
AGTACTGCAAGCTGTT-1,11.181986,12.1775,s1d1
AGTACTGCAATCTAGC-1,5.6515436,-1.00112,s1d1
AGTACTGCATTGAAAG-1,5.061064,4.078537,s1d1
AGTACTGGTAGGAAAG-1,10.6432495,14.344262,s1d1
AGTACTGGTATGACAA-1,4.844128,-3.1530852,s1d1
AGTACTGGTCCATCTC-1,6.7811713,-4.397476,s1d1
AGTACTGGTGGAAGTC-1,11.308274,7.429939,s1d1
AGTACTGGTGGATACG-1,6.6023583,-3.2997742,s1d1
AGTACTGGTGTGCCTG-1,13.072966,6.9181,s1d1
AGTACTGTCGAACCAT-1,14.766791,6.284644,s1d1
AGTACTGTCTCTCTTC-1,-0.4479393,3.464654,s1d1
AGTACTGTCTTTCCAA-1,6.454875,-1.5158637,s1d1
AGTAGCTAGACGCCCT-1,10.826453,11.264765,s1d1
AGTAGCTAGACTTGTC-1,-5.6837378,7.049921,s1d1
AGTAGCTAGGTCACAG-1,7.7553897,3.8384116,s1d1
AGTAGCTAGGTGCAGT-1,11.85852,8.321468,s1d1
AGTAGCTAGTCACTAC-1,14.559344,8.658571,s1d1
AGTAGCTCAACTAGAA-1,13.919086,10.289734,s1d1
AGTAGCTCACTATGTG-1,3.5777826,13.259448,s1d1
AGTAGCTCAGTAGATA-1,4.869995,19.642569,s1d1
AGTAGCTGTAGACTGG-1,11.981078,7.414627,s1d1
AGTAGCTGTCTCGACG-1,4.950004,14.568225,s1d1
AGTAGCTGTGGTACAG-1,10.642308,12.265984,s1d1
AGTAGCTTCCACGGGT-1,12.093207,11.99807,s1d1
AGTAGTCAGCTGTTAC-1,9.7546625,13.048364,s1d1
AGTAGTCCAATGCTCA-1,5.484058,19.349962,s1d1
AGTAGTCCACACTGGC-1,-1.6192167,3.4268708,s1d1
AGTAGTCCATAACGGG-1,14.915708,9.270649,s1d1
AGTAGTCCATAATGAG-1,6.092446,6.8435993,s1d1
AGTAGTCCATGATAGA-1,10.31104,14.075935,s1d1
AGTAGTCGTGGACAGT-1,5.965989,-4.281267,s1d1
AGTAGTCTCGACGTCG-1,10.904746,-1.1983699,s1d1
AGTAGTCTCGCGCCAA-1,15.357646,8.614802,s1d1
AGTAGTCTCTGGGCGT-1,10.621131,10.717983,s1d1
AGTCAACAGGATACAT-1,4.3807397,16.4957,s1d1
AGTCAACAGGATGTTA-1,11.839425,7.9539967,s1d1
AGTCAACAGGCCTGAA-1,2.3329635,17.630032,s1d1
AGTCAACAGTGCCGAA-1,9.962468,6.3795595,s1d1
AGTCAACAGTGGATTA-1,10.964849,-1.051553,s1d1
AGTCAACCAACACACT-1,11.64731,13.088569,s1d1
AGTCAACCAACCTAAC-1,5.616786,16.43823,s1d1
AGTCAACCAGCGACCT-1,6.380325,-5.199729,s1d1
AGTCAACTCCATTTGT-1,12.64362,8.129892,s1d1
AGTCACAAGGATACCG-1,13.501284,9.926747,s1d1
AGTCACAAGTAACGAT-1,17.112724,5.2066813,s1d1
AGTCACAAGTGTAGTA-1,2.1921058,6.631278,s1d1
AGTCACACAACGTAAA-1,-2.4670234,5.024423,s1d1
AGTCACAGTGGCCCAT-1,-2.1544647,4.4246545,s1d1
AGTCACATCATATGGC-1,-3.3218164,8.315336,s1d1
AGTCACATCTACGCGG-1,2.3232565,8.129332,s1d1
AGTCATGAGAGAGCGG-1,11.838454,7.753831,s1d1
AGTCATGAGCGACTTT-1,12.139923,12.445518,s1d1
AGTCATGAGCGAGAAA-1,8.756413,7.586725,s1d1
AGTCATGAGGACAGCT-1,6.225957,-3.727209,s1d1
AGTCATGAGGCGAAGG-1,4.714117,18.776075,s1d1
AGTCATGCAGTCTCTC-1,13.274303,5.918394,s1d1
AGTCATGCATCGAGCC-1,12.710244,14.347292,s1d1
AGTCATGCATTCTTCA-1,11.493003,10.547122,s1d1
AGTCATGCATTGAAAG-1,11.144808,12.530048,s1d1
AGTCATGTCATCTACT-1,15.204758,9.524294,s1d1
AGTCATGTCTCTGACC-1,10.373856,5.818802,s1d1
AGTCTCCAGAAATTCG-1,-5.7555494,9.64707,s1d1
AGTCTCCAGGCGAACT-1,5.020263,16.564495,s1d1
AGTCTCCCAACTTGGT-1,1.3141085,5.780594,s1d1
AGTCTCCCACAACGAG-1,8.323397,-2.9751017,s1d1
AGTCTCCCACAGCGCT-1,12.551307,12.049325,s1d1
AGTCTCCGTAGAGCTG-1,-4.3196096,6.3210983,s1d1
AGTCTCCGTATGTGTC-1,6.4009547,6.7022142,s1d1
AGTCTCCGTGAGCGAT-1,7.193217,-5.405611,s1d1
AGTCTCCGTGGCTACC-1,9.183339,2.9344134,s1d1
AGTCTCCTCACACCCT-1,7.8584633,4.339803,s1d1
AGTCTCCTCTCCCAAC-1,13.629072,13.396253,s1d1
AGTGACTAGAATCGTA-1,-1.8684556,3.9575896,s1d1
AGTGACTGTACTCCCT-1,5.545523,6.7517395,s1d1
AGTGACTGTCTCAGGC-1,-4.102769,3.8227134,s1d1
AGTGACTGTCTCTCCA-1,6.590341,-3.580359,s1d1
AGTGACTTCAGACCCG-1,12.652859,8.743505,s1d1
AGTGACTTCCGCTGTT-1,12.493022,11.899679,s1d1
AGTGACTTCCGGGACT-1,16.336071,5.1636443,s1d1
AGTGACTTCTTTCAGT-1,5.104457,19.304432,s1d1
AGTGATCAGATGTAGT-1,6.7859297,-5.4886823,s1d1
AGTGATCAGCAATAAC-1,5.2058253,18.80864,s1d1
AGTGATCAGCTTGTGT-1,-6.3892884,8.523298,s1d1
AGTGATCAGGATTCAA-1,2.7007205,17.34827,s1d1
AGTGATCCAGCGTGAA-1,11.206714,7.261504,s1d1
AGTGATCGTCGCTTGG-1,3.5002906,17.235703,s1d1
AGTGATCGTTATGGTC-1,17.122145,4.9982514,s1d1
AGTGATCTCAGACAAA-1,14.207443,6.6055646,s1d1
AGTGATCTCCGTGTGG-1,11.925485,10.421194,s1d1
AGTGATCTCGAGAAAT-1,10.171484,10.395769,s1d1
AGTGATCTCTCCCAAC-1,-2.6116261,4.135112,s1d1
AGTGCCGAGTAGAGTT-1,1.4453793,5.2191057,s1d1
AGTGCCGCACGTCATA-1,9.672416,-4.4067273,s1d1
AGTGCCGCACGTCGGT-1,-0.9439076,5.557077,s1d1
AGTGCCGCACTCCTGT-1,-5.843877,7.5635047,s1d1
AGTGCCGCAGTCGGTC-1,10.638538,10.12063,s1d1
AGTGCCGGTCAGTCTA-1,14.149169,6.5560665,s1d1
AGTGCCGGTTCTCTCG-1,7.189719,-4.886823,s1d1
AGTGCCGTCTACACTT-1,12.648666,5.8562274,s1d1
AGTGTTGAGACCAAAT-1,10.473501,9.122518,s1d1
AGTGTTGAGGTTATAG-1,4.9302764,-4.0912347,s1d1
AGTGTTGCAAGATCCT-1,8.331201,7.43198,s1d1
AGTGTTGCACAATGAA-1,10.093709,10.4629135,s1d1
AGTGTTGCATCGATGT-1,-3.5736828,9.940173,s1d1
AGTGTTGCATGACAAA-1,4.411087,19.256216,s1d1
AGTGTTGGTACGAGTG-1,9.437707,1.6613429,s1d1
AGTGTTGGTGTACATC-1,5.1593127,3.9992998,s1d1
AGTGTTGTCACTGGGC-1,5.3201995,19.508732,s1d1
AGTGTTGTCAGTCATG-1,14.214701,6.258318,s1d1
AGTGTTGTCCATCGTC-1,8.043184,0.26523495,s1d1
AGTGTTGTCCCGTGAG-1,10.624086,6.36362,s1d1
AGTGTTGTCGCGATCG-1,5.480284,19.627039,s1d1
AGTGTTGTCTCGCGTT-1,9.242964,5.082066,s1d1
AGTTAGCAGCATACTC-1,14.29949,5.7946706,s1d1
AGTTAGCAGCGCCATC-1,5.5283766,19.53922,s1d1
AGTTAGCCAGGCTTGC-1,5.0653906,19.118475,s1d1
AGTTAGCGTCGTTGCG-1,6.8705263,18.173166,s1d1
AGTTAGCTCACCTTGC-1,3.1936848,7.933869,s1d1
AGTTAGCTCATTCACT-1,11.726845,10.164104,s1d1
AGTTCCCAGAGGATGA-1,11.118443,10.593941,s1d1
AGTTCCCAGTTGTCAC-1,5.477626,19.186722,s1d1
AGTTCCCAGTTTCTTC-1,10.615596,13.4520035,s1d1
AGTTCCCCAACTTGGT-1,13.969091,5.5048814,s1d1
AGTTCCCCACAATCTG-1,10.272492,13.037371,s1d1
AGTTCCCCACCCAATA-1,15.613527,5.3484387,s1d1
AGTTCCCCACGCAAAG-1,-5.259091,8.535966,s1d1
AGTTCCCGTAGGCTCC-1,10.047135,-4.5887103,s1d1
AGTTCCCTCCACAGCG-1,11.895861,11.229633,s1d1
AGTTCCCTCGTGTCAA-1,10.302257,5.3047647,s1d1
AGTTCCCTCTGGGTCG-1,3.7441292,4.7900248,s1d1
AGTTCCCTCTTCCTAA-1,11.267907,-1.0624895,s1d1
AGTTCGAAGACGCCAA-1,14.562403,8.96296,s1d1
AGTTCGAAGCGGGTAT-1,13.701571,7.2590795,s1d1
AGTTCGACACCAGCTG-1,-3.9593887,9.836856,s1d1
AGTTCGAGTAACACGG-1,-0.30801165,5.090411,s1d1
AGTTCGAGTGCAAGAC-1,10.806625,7.730621,s1d1
AGTTCGATCCATCAGA-1,7.076791,-5.3053365,s1d1
ATACCGAGTTGGACTT-1,11.194772,17.405151,s1d1
ATACCGATCACGACTA-1,-3.863996,9.343985,s1d1
ATACCTTAGCAGGGAG-1,5.359432,-3.0986886,s1d1
ATACCTTAGGCAGGGA-1,11.00151,9.651387,s1d1
ATACCTTCAAGCTGCC-1,8.724335,1.3826206,s1d1
ATACCTTCACGCTATA-1,10.152478,6.690436,s1d1
ATACCTTGTTCGGCGT-1,7.334666,-5.308929,s1d1
ATACCTTTCGCAGTCG-1,1.7713311,4.233413,s1d1
ATACCTTTCTTCTCAA-1,11.932223,12.314352,s1d1
ATACTTCAGGTAAGAG-1,10.2476015,5.5572534,s1d1
ATACTTCAGGTTTACC-1,9.5109625,4.557621,s1d1
ATACTTCCATACACCA-1,6.6298156,5.9449067,s1d1
ATACTTCCATGACGGA-1,6.2904716,17.50326,s1d1
ATACTTCGTGTTAGCT-1,10.601909,5.402881,s1d1
ATACTTCTCCCGAGAC-1,12.441786,8.012184,s1d1
ATACTTCTCGTAGCCG-1,9.581347,7.586913,s1d1
ATAGACCAGCTACTGT-1,5.939178,19.252838,s1d1
ATAGACCAGGACTATA-1,10.215702,18.127926,s1d1
ATAGACCCAGGATGAC-1,-1.1506511,3.7924135,s1d1
ATAGAGAAGGCGAAGG-1,-5.556333,7.4058733,s1d1
ATAGAGAAGTCATGCT-1,4.6574697,19.7976,s1d1
ATAGAGACACCATATG-1,-5.1639895,4.3336205,s1d1
ATAGAGACAGACCGCT-1,2.289753,17.623327,s1d1
ATAGAGACAGCTGTGC-1,5.44271,-4.972037,s1d1
ATAGAGACATCCCACT-1,-5.4985456,7.045963,s1d1
ATAGAGACATGGGTCC-1,-5.126671,10.938834,s1d1
ATAGAGAGTGGAGGTT-1,-5.217886,8.930527,s1d1
ATAGGCTCAACAAGAT-1,4.12175,18.583344,s1d1
ATAGGCTCACGTGTGC-1,3.0559518,17.835045,s1d1
ATAGGCTCATGTGCCG-1,3.1949668,7.8704777,s1d1
ATAGGCTGTGAATATG-1,2.8705237,7.866286,s1d1
ATAGGCTGTTCTTGCC-1,3.9346485,17.591372,s1d1
ATAGGCTTCCACACCT-1,12.503168,12.716654,s1d1
ATATCCTAGGAACGAA-1,6.764926,-4.8900743,s1d1
ATATCCTCACCAGCCA-1,11.929298,10.591937,s1d1
ATATCCTCAGAGACTG-1,-2.2483099,3.8414838,s1d1
ATATCCTCATGACACT-1,15.971544,9.074904,s1d1
ATATCCTCATTGTAGC-1,6.1410666,5.057425,s1d1
ATATCCTGTTCCGCTT-1,-4.5504694,9.807462,s1d1
ATATCCTGTTGCCGAC-1,9.332533,4.6953588,s1d1
ATCACAGAGGTTGGAC-1,9.1732235,3.1526089,s1d1
ATCACAGCACCGCTAG-1,6.3893166,-5.5746164,s1d1
ATCACAGCACGTCGGT-1,13.909821,6.3263526,s1d1
ATCACAGGTCCGTTTC-1,10.0569105,4.8939433,s1d1
ATCACAGGTGGGTCAA-1,-5.0172787,3.7935703,s1d1
ATCACAGTCCATCAGA-1,-1.7757065,6.815541,s1d1
ATCACAGTCCCGTTCA-1,8.144273,0.023971863,s1d1
ATCACAGTCGTGGTAT-1,1.3270884,4.7630687,s1d1
ATCACGAAGACAGCGT-1,10.783036,6.751437,s1d1
ATCACGAAGTTCCGTA-1,10.617093,10.853525,s1d1
ATCACGACAAAGCAAT-1,6.8253365,-3.8161566,s1d1
ATCACGACACCTGTCT-1,1.991499,17.587328,s1d1
ATCACGACACGACTAT-1,5.1189036,17.824488,s1d1
ATCACGACACGTACTA-1,5.1611886,19.705566,s1d1
ATCACGACAGCGTTGC-1,11.9942255,12.029741,s1d1
ATCACGACATCACCAA-1,16.747475,8.204693,s1d1
ATCACGACATTCTTCA-1,12.16841,8.115401,s1d1
ATCACGAGTGGTAACG-1,10.726449,7.2084117,s1d1
ATCACGATCACCCTTG-1,-2.062695,3.7891684,s1d1
ATCACGATCCTCAGAA-1,2.7055035,17.780697,s1d1
ATCACGATCTACAGGT-1,11.564107,6.401994,s1d1
ATCACTTAGAAAGCGA-1,3.6768456,18.77964,s1d1
ATCACTTAGCCTCTCT-1,3.2536142,2.9724498,s1d1
ATCACTTAGCTACTGT-1,9.822464,-4.300967,s1d1
ATCACTTAGGCGAACT-1,0.8073608,5.0910425,s1d1
ATCACTTCAAGAGTAT-1,5.7542152,17.268618,s1d1
ATCACTTGTCATTCCC-1,13.29621,7.450607,s1d1
ATCACTTGTCGCACGT-1,2.114498,5.575591,s1d1
ATCACTTTCACGATCA-1,12.069914,13.482294,s1d1
ATCACTTTCCGTGACG-1,4.4411774,18.291332,s1d1
ATCACTTTCGTTATCT-1,6.672863,1.9123791,s1d1
ATCAGGTAGAGGTCGT-1,6.334545,-5.0362515,s1d1
ATCAGGTAGTCACAGG-1,12.351849,13.763823,s1d1
ATCAGGTCAAACGGCA-1,-5.565776,10.504919,s1d1
ATCAGGTCAGTTTCGA-1,-5.5105066,6.8056316,s1d1
ATCAGGTGTCTCACGG-1,11.53615,5.727093,s1d1
ATCAGGTGTGTACGCC-1,10.011839,5.1040645,s1d1
ATCAGGTTCAATCCGA-1,6.836532,-2.3147905,s1d1
ATCAGGTTCATGGATC-1,12.761247,11.933411,s1d1
ATCAGGTTCCACACCT-1,8.3404,7.3445187,s1d1
ATCAGGTTCGTGTCAA-1,9.557896,5.0289407,s1d1
ATCAGGTTCTCGGCTT-1,9.689323,13.401962,s1d1
ATCAGGTTCTTTGCAT-1,5.4648333,19.565905,s1d1
ATCATTCAGGACGCAT-1,-5.3007574,9.210508,s1d1
ATCATTCAGTTGGACG-1,1.9360334,17.467163,s1d1
ATCATTCCAACTAGAA-1,15.959899,8.491519,s1d1
ATCATTCCAGTCGGTC-1,9.552257,0.33374047,s1d1
ATCATTCGTACATTGC-1,5.0250416,19.506506,s1d1
ATCATTCTCGGCATTA-1,11.073284,13.312976,s1d1
ATCCACCAGTAGATCA-1,10.987084,5.954605,s1d1
ATCCACCGTACTAACC-1,6.0813656,-5.432681,s1d1
ATCCACCGTCTAACGT-1,11.874182,9.30534,s1d1
ATCCACCGTTCCATTT-1,13.7671585,5.2138476,s1d1
ATCCATTAGATTAGTG-1,12.740458,7.2638164,s1d1
ATCCATTCAACGACAG-1,10.719791,10.184097,s1d1
ATCCATTCAATGAAAC-1,7.107141,-5.356499,s1d1
ATCCATTCACAATCTG-1,11.804977,5.7374926,s1d1
ATCCATTCACTGATTG-1,10.992095,-1.2180109,s1d1
ATCCATTCATCCGAGC-1,5.659313,-2.0903487,s1d1
ATCCATTCATGAGTAA-1,1.3835021,7.327209,s1d1
ATCCATTGTCCCACGA-1,-2.0840604,3.9663703,s1d1
ATCCATTGTGACAACG-1,7.1768675,-5.1867023,s1d1
ATCCATTGTTAATCGC-1,9.929631,18.443161,s1d1
ATCCATTTCCGTGCGA-1,5.7553086,-4.608412,s1d1
ATCCATTTCTCCTACG-1,12.352889,12.149256,s1d1
ATCCCTGAGGCTAAAT-1,-5.43182,9.243601,s1d1
ATCCCTGAGTCGTCTA-1,12.003242,6.641208,s1d1
ATCCCTGCACATTACG-1,16.392464,5.5414934,s1d1
ATCCCTGCAGCTGTAT-1,-1.0603216,2.7461834,s1d1
ATCCCTGCAGGTTTAC-1,8.736533,-4.4909487,s1d1
ATCCCTGCAGTGGCTC-1,1.9635273,16.816765,s1d1
ATCCCTGCATAGATGA-1,-3.8105938,10.167279,s1d1
ATCCCTGGTGAGATTA-1,5.3021297,20.130896,s1d1
ATCCCTGGTGTAGTGG-1,10.696689,12.731937,s1d1
ATCCCTGTCAGCAATC-1,8.048683,7.5688453,s1d1
ATCCGTCAGAGGTTTA-1,1.0769166,6.054975,s1d1
ATCCGTCAGCACTGGA-1,11.558468,6.093717,s1d1
ATCCGTCAGGAGTATT-1,5.766849,19.456324,s1d1
ATCCGTCCAACCGTGC-1,12.426997,11.7303295,s1d1
ATCCGTCCAAGCGAAC-1,3.8066683,14.2086,s1d1
ATCCGTCGTGATACCT-1,5.0140114,19.43101,s1d1
ATCCGTCGTTAGGACG-1,7.696011,3.288755,s1d1
ATCCGTCGTTGTTTGG-1,10.046383,-4.5466833,s1d1
ATCCGTCTCAAGATAG-1,11.115699,7.5768576,s1d1
ATCCGTCTCCTGGTCT-1,-1.2271037,6.174574,s1d1
ATCCGTCTCTATCGGA-1,12.001051,6.6427817,s1d1
ATCCGTCTCTCAGGCG-1,9.515729,0.36878833,s1d1
ATCCTATCACAACGAG-1,10.3471575,5.015211,s1d1
ATCCTATCACGCCAGT-1,12.837614,5.9850726,s1d1
ATCCTATCATGTTCAG-1,9.21759,3.6582026,s1d1
ATCCTATCATTCGATG-1,-5.0604024,4.0587316,s1d1
ATCCTATGTGCCCACA-1,2.9563143,4.8205986,s1d1
ATCCTATTCCCTCTCC-1,1.6854252,3.8551748,s1d1
ATCGATGAGATGAACT-1,7.3082685,3.0889802,s1d1
ATCGATGAGGACTATA-1,12.14666,8.682705,s1d1
ATCGATGCACTACAGT-1,-4.9916797,6.4742613,s1d1
ATCGATGCAGAAATTG-1,11.310013,11.435291,s1d1
ATCGATGCAGAGGCAT-1,10.554222,17.102467,s1d1
ATCGATGGTACACTCA-1,2.4253094,17.438839,s1d1
ATCGATGGTAGACACG-1,9.313256,5.144145,s1d1
ATCGATGGTGGTTTAC-1,-4.91225,11.101974,s1d1
ATCGATGGTGTTGCCG-1,6.1241174,-3.0100427,s1d1
ATCGATGTCGAGAAGC-1,-2.0684288,7.126731,s1d1
ATCGATGTCGCCTTGT-1,-1.8902724,4.368493,s1d1
ATCGATGTCGTCCTCA-1,10.135146,11.82229,s1d1
ATCGCCTAGCCAAGCA-1,-3.7232113,10.107432,s1d1
ATCGCCTAGGGCGAAG-1,10.720116,5.242019,s1d1
ATCGCCTAGGGTTGCA-1,-5.6043835,6.9864817,s1d1
ATCGCCTAGTGCCAGA-1,11.086503,11.604261,s1d1
ATCGCCTCAAACTGCT-1,3.227031,4.503733,s1d1
ATCGCCTCAAATCAGA-1,11.7693205,7.046675,s1d1
ATCGCCTCAAGCACAG-1,6.4181376,-3.545715,s1d1
ATCGCCTCACCAAAGG-1,-4.0468607,9.995936,s1d1
ATCGCCTCACGGAAGT-1,8.275809,0.5734694,s1d1
ATCGCCTCACGGTCTG-1,9.698896,5.037803,s1d1
ATCGCCTTCAACTTTC-1,9.951738,-4.5139003,s1d1
ATCGCCTTCCGTGGTG-1,12.370404,14.179301,s1d1
ATCGCCTTCGTAGAGG-1,5.6538835,-1.0084614,s1d1
ATCGGATAGAGGATGA-1,2.9122,18.3291,s1d1
ATCGGATAGGCCACCT-1,3.9241927,5.8152604,s1d1
ATCGGATAGTAGAGTT-1,11.009196,13.646945,s1d1
ATCGGATCAATAGGGC-1,-5.0716953,6.727138,s1d1
ATCGGATCACGAAGAC-1,6.090407,-3.4542937,s1d1
ATCGGATGTTATTCCT-1,9.964445,7.143529,s1d1
ATCGGATGTTCTCACC-1,2.214349,7.7207766,s1d1
ATCGGATGTTGCATCA-1,10.933849,6.2821236,s1d1
ATCGGATTCCTACCGT-1,-5.0249095,11.045247,s1d1
ATCGGATTCGCTACAA-1,15.993874,8.498098,s1d1
ATCGGATTCTCCTGCA-1,10.578009,7.830093,s1d1
ATCGGCGAGCCTGCCA-1,3.641184,16.597004,s1d1
ATCGGCGAGCTGAAAT-1,-3.9911873,9.994112,s1d1
ATCGGCGCAGCTACTA-1,10.555451,13.099867,s1d1
ATCGGCGCAGCTGCCA-1,14.94602,10.092608,s1d1
ATCGGCGCAGTGACCC-1,5.1130514,19.7553,s1d1
ATCGGCGGTAGCGTCC-1,4.190267,19.611145,s1d1
ATCGGCGGTGCCGTAC-1,-4.3578897,10.138533,s1d1
ATCGGCGGTGCTCGTG-1,10.618436,14.783785,s1d1
ATCGGCGGTTTACGAC-1,6.3529205,-5.0334706,s1d1
ATCGGCGTCACCGGGT-1,-1.4694046,4.544526,s1d1
ATCGGCGTCTGGCCAG-1,2.2623496,6.7213697,s1d1
ATCGTAGAGCAGCACA-1,-5.929198,8.398118,s1d1
ATCGTAGAGCTTCGTA-1,3.6765003,6.4838786,s1d1
ATCGTAGCACGATTCA-1,12.085761,10.92375,s1d1
ATCGTAGCAGCTGAGA-1,12.730319,12.1561775,s1d1
ATCGTAGGTACTGCGC-1,11.635641,8.328958,s1d1
ATCGTAGGTCTCGCGA-1,5.592459,-3.2294946,s1d1
ATCGTAGTCATCCTGC-1,3.8451889,16.020529,s1d1
ATCGTCCAGTTGGCTT-1,10.839201,11.429611,s1d1
ATCGTCCCAGTATACC-1,-4.5837355,8.151234,s1d1
ATCGTCCCATATGGCT-1,4.452501,19.086664,s1d1
ATCGTCCGTCGAATTC-1,10.880015,13.778794,s1d1
ATCGTCCGTGAATGTA-1,5.95363,-5.327246,s1d1
ATCGTGAAGCGCCCAT-1,9.463189,4.164094,s1d1
ATCGTGACACTTGACA-1,10.364439,8.397525,s1d1
ATCGTGACAGCGAGTA-1,4.9910154,-4.689242,s1d1
ATCGTGACAGGTGAGT-1,-0.08905466,4.220593,s1d1
ATCGTGATCCAGTGTA-1,16.783382,5.318106,s1d1
ATCGTGATCGACGCTG-1,5.2477775,19.264711,s1d1
ATCGTGATCTGACCCT-1,7.3630633,-4.9291105,s1d1
ATCTCTAAGCGGACAT-1,11.074623,6.61854,s1d1
ATCTCTAAGGTAGTCG-1,11.849231,13.0791,s1d1
ATCTCTACATCGAGCC-1,11.045447,12.168299,s1d1
ATCTCTACATCGCTCT-1,10.126568,9.790219,s1d1
ATCTCTAGTACGTAGG-1,10.832289,-0.90851563,s1d1
ATCTCTAGTAGTCGGA-1,10.968574,12.278987,s1d1
ATCTCTAGTGACTATC-1,6.7455716,-4.6187506,s1d1
ATCTCTAGTGGTAATA-1,9.92823,10.844737,s1d1
ATCTCTAGTTAAGTCC-1,13.498812,6.7207727,s1d1
ATCTCTAGTTCGAAGG-1,13.907359,8.386127,s1d1
ATCTCTATCAGAATAG-1,10.208351,13.485349,s1d1
ATCTCTATCCATCAGA-1,10.8890295,6.948589,s1d1
ATCTCTATCGCTAATG-1,-1.5502836,6.703216,s1d1
ATCTTCAAGCCTGAGA-1,6.8502555,-4.2413883,s1d1
ATCTTCACACCCTAAA-1,12.225874,11.708344,s1d1
ATCTTCACAGCTGTAT-1,-1.7317772,4.4091988,s1d1
ATCTTCACATTGCCTC-1,-5.173278,10.227215,s1d1
ATCTTCAGTCTGTGGC-1,8.280964,-1.2670875,s1d1
ATCTTCATCTAGTGTG-1,11.27152,6.449057,s1d1
ATCTTCATCTCGAGTA-1,3.313757,17.984093,s1d1
ATGAAAGAGAATCCCT-1,2.445255,8.09222,s1d1
ATGAAAGAGATCACTC-1,6.1001143,16.253159,s1d1
ATGAAAGAGCGATTCT-1,3.3565874,2.13407,s1d1
ATGAAAGAGGAACGTC-1,-5.6021004,8.559272,s1d1
ATGAAAGCACTCAGAT-1,2.6650107,5.1505184,s1d1
ATGAAAGCAGGCATGA-1,15.48898,7.7228312,s1d1
ATGAAAGGTGTACGCC-1,-4.0719633,9.6191635,s1d1
ATGAAAGGTTGCACGC-1,10.739184,12.205006,s1d1
ATGAAAGTCTATTTCG-1,9.682542,11.123505,s1d1
ATGAAAGTCTGAGAGG-1,16.459486,8.893209,s1d1
ATGACCAAGCTACTGT-1,1.7890921,7.5096803,s1d1
ATGACCAAGCTGCCTG-1,8.817993,2.0280437,s1d1
ATGACCACAACTCCCT-1,3.0529525,17.71248,s1d1
ATGACCACATCCGAAT-1,6.3709702,-1.8800415,s1d1
ATGACCACATCTCAAG-1,11.00647,10.898955,s1d1
ATGACCACATGTGGCC-1,3.752293,16.637272,s1d1
ATGACCAGTAGAATGT-1,8.7796755,-4.2789326,s1d1
ATGACCAGTGGATGAC-1,12.665566,7.444104,s1d1
ATGACCAGTGGTAATA-1,15.056809,8.174236,s1d1
ATGACCATCGTAGGAG-1,7.230722,-3.0032685,s1d1
ATGACCATCTAGTGAC-1,14.205495,5.9695573,s1d1
ATGACCATCTTACTGT-1,11.518089,6.3464904,s1d1
ATGAGGGAGATCACCT-1,9.495596,4.1454463,s1d1
ATGAGGGAGATCCCAT-1,5.799966,17.004168,s1d1
ATGAGGGAGCCTCATA-1,11.002359,-1.1353228,s1d1
ATGAGGGCAACAACAA-1,12.566335,12.439229,s1d1
ATGAGGGCAACACTAC-1,10.684357,10.379839,s1d1
ATGAGGGCACATCCCT-1,12.07185,13.242891,s1d1
ATGAGGGCACGGTGAA-1,15.082393,9.600282,s1d1
ATGAGGGCATGTAACC-1,14.180087,6.4165955,s1d1
ATGAGGGCATGTGTCA-1,-5.5212197,10.720946,s1d1
ATGAGGGGTATTGACC-1,10.999689,13.785863,s1d1
ATGAGGGTCAAGCTTG-1,10.606477,13.067679,s1d1
ATGAGGGTCGGAATGG-1,10.235574,10.294979,s1d1
ATGAGTCAGCTCGGCT-1,6.371631,-3.0790122,s1d1
ATGAGTCAGCTGACAG-1,-5.1589146,4.0369687,s1d1
ATGAGTCCAAACCACT-1,-4.4187083,9.463673,s1d1
ATGAGTCCAAAGACGC-1,14.397295,5.351096,s1d1
ATGAGTCCACGTAACT-1,12.32064,7.7358756,s1d1
ATGAGTCCATGCCATA-1,12.546615,14.450624,s1d1
ATGAGTCGTCGCAGTC-1,3.852435,19.09636,s1d1
ATGAGTCGTTGCGGAA-1,2.0794232,7.1370215,s1d1
ATGAGTCTCCAACTGA-1,11.320948,12.881071,s1d1
ATGAGTCTCCCTCAAC-1,13.53044,13.963862,s1d1
ATGATCGAGAGGGCGA-1,-2.578273,4.7665915,s1d1
ATGATCGAGGCGACAT-1,-4.784708,8.572103,s1d1
ATGATCGCATCCTGTC-1,7.8859997,-4.348649,s1d1
ATGATCGCATCTTTCA-1,1.9129204,7.738439,s1d1
ATGATCGCATGGGTCC-1,-5.423592,12.255252,s1d1
ATGATCGGTTGTCAGT-1,12.254232,12.589315,s1d1
ATGATCGTCCTTCACG-1,6.613216,5.1746798,s1d1
ATGATCGTCTGTACAG-1,6.2607093,-2.8303015,s1d1
ATGATCGTCTTCGGAA-1,16.73219,5.419207,s1d1
ATGCATGAGGCGAACT-1,12.219203,12.967678,s1d1
ATGCATGAGTTGCGCC-1,5.0686235,18.719124,s1d1
ATGCATGCAGCTACCG-1,13.007887,9.161027,s1d1
ATGCATGCATCGGAAG-1,-5.11757,8.289051,s1d1
ATGCATGCATGTGACT-1,3.8455145,13.88593,s1d1
ATGCATGTCCATCCGT-1,8.94757,2.8778048,s1d1
ATGCATGTCGTCAAAC-1,-4.319972,10.261022,s1d1
ATGCATGTCTCGACGG-1,13.305791,6.3439155,s1d1
ATGCCTCAGGTGCAGT-1,10.605456,12.186562,s1d1
ATGCCTCAGTAGGGTC-1,5.9995313,18.970335,s1d1
ATGCCTCCAATGTCTG-1,6.08852,16.492178,s1d1
ATGCCTCCACTATCCC-1,11.915119,10.95457,s1d1
ATGCCTCCACTTCATT-1,4.410206,18.812227,s1d1
ATGCCTCCAGCCGTCA-1,13.805849,11.052852,s1d1
ATGCCTCCATCCGTGG-1,8.997233,2.8836186,s1d1
ATGCCTCCATGAAGGC-1,-2.3756742,4.135705,s1d1
ATGCCTCTCACATCAG-1,12.247295,8.252534,s1d1
ATGCCTCTCCGTTTCG-1,11.859114,6.531381,s1d1
ATGCCTCTCTGCCTGT-1,13.235931,11.959698,s1d1
ATGCCTCTCTTGGTGA-1,11.449697,7.309719,s1d1
ATGCGATAGATGACAT-1,4.632802,18.29542,s1d1
ATGCGATAGGAATGTT-1,10.686762,6.746668,s1d1
ATGCGATAGGACAGCT-1,11.773868,12.036854,s1d1
ATGCGATAGGCATGCA-1,16.643469,8.69217,s1d1
ATGCGATCACTTGTGA-1,9.057258,1.0707744,s1d1
ATGCGATCAGCTATAC-1,14.145838,6.6811543,s1d1
ATGCGATGTTCCTAGA-1,14.483536,9.343681,s1d1
ATGCGATGTTCGTGCG-1,7.53995,-1.0994779,s1d1
ATGCGATTCATTCGGA-1,13.9884,7.2491617,s1d1
ATGCGATTCGTCCTTG-1,12.392871,13.69999,s1d1
ATGCGATTCGTTCAGA-1,11.149161,12.308767,s1d1
ATGGAGGAGAGTGGCT-1,2.2905445,18.173195,s1d1
ATGGAGGCAGCTCCTT-1,7.031366,18.138626,s1d1
ATGGAGGGTAAGCGGT-1,3.8548012,13.646859,s1d1
ATGGAGGGTACGATTC-1,4.24844,17.033428,s1d1
ATGGAGGGTCCGGCAT-1,-0.0519013,3.1101031,s1d1
ATGGAGGGTCTCTCCA-1,10.865407,7.618247,s1d1
ATGGAGGTCGCTCCTA-1,5.387512,19.063198,s1d1
ATGGATCAGAAATCCA-1,13.871039,7.439668,s1d1
ATGGATCAGAGCACTG-1,8.978719,2.8123913,s1d1
ATGGATCCATGTTACG-1,-4.064941,10.087722,s1d1
ATGGATCGTAGACTGG-1,11.150279,7.3144636,s1d1
ATGGATCGTCGTCGGT-1,-4.8951964,11.08282,s1d1
ATGGATCGTTCCTAAG-1,-1.5053482,6.8163795,s1d1
ATGGATCTCATCACAG-1,-5.8288097,8.3138275,s1d1
ATGGATCTCCGACATA-1,2.352159,18.061506,s1d1
ATGGATCTCCGCTTAC-1,11.366682,10.634263,s1d1
ATGGATCTCGCATTAG-1,12.4492,6.3594623,s1d1
ATGGATCTCGCCAACG-1,16.51029,6.699676,s1d1
ATGGGAGAGGGTTAGC-1,11.628586,14.544786,s1d1
ATGGGAGAGTCGCGAA-1,-0.21645766,4.404639,s1d1
ATGGGAGTCGCCGATG-1,4.731191,-3.3601213,s1d1
ATGGGTTAGGAACTAT-1,10.265457,12.936086,s1d1
ATGGGTTCATTCCTCG-1,16.801176,4.9195204,s1d1
ATGGGTTGTCCTACAA-1,5.8690305,16.395128,s1d1
ATGGGTTGTGAAGCGT-1,14.36499,9.491234,s1d1
ATGGGTTGTTTGGAAA-1,14.534274,8.719,s1d1
ATGGGTTTCTAGCAAC-1,8.115905,3.9696097,s1d1
ATGGGTTTCTGTCAGA-1,2.7338314,5.07778,s1d1
ATGGTTGAGGAAGAAC-1,10.688611,13.423432,s1d1
ATGGTTGCATCCTGTC-1,13.789244,7.675382,s1d1
ATGGTTGGTATTCCGA-1,10.033223,4.4017425,s1d1
ATGGTTGGTTAAGCAA-1,13.828659,8.16066,s1d1
ATGGTTGTCCTGTAAG-1,6.909294,-4.0926714,s1d1
ATGTCCCAGAGCAGAA-1,10.809343,7.273547,s1d1
ATGTCCCAGCCATTGT-1,16.99831,4.9971805,s1d1
ATGTCCCAGGCAGGGA-1,5.96199,19.151358,s1d1
ATGTCCCCACTCAGAT-1,1.7629842,8.057976,s1d1
ATGTCCCGTACCCAGC-1,14.376399,10.479578,s1d1
ATGTCCCGTCACCCTT-1,4.1067953,4.60875,s1d1
ATGTCCCGTCAGTCTA-1,2.287542,17.738253,s1d1
ATGTCCCGTTGCGGCT-1,4.584053,19.17874,s1d1
ATGTCCCTCGAGCCTG-1,12.242722,6.032036,s1d1
ATGTCCCTCTACCCAC-1,-6.0665965,9.792335,s1d1
ATGTCCCTCTCTCTTC-1,-4.8517866,7.214545,s1d1
ATGTCTTCAACGTAAA-1,10.645713,13.514598,s1d1
ATGTCTTGTACCCGAC-1,1.9537156,4.4617033,s1d1
ATGTCTTGTATGCTAC-1,14.898445,8.789682,s1d1
ATGTCTTGTGGTCTTA-1,3.254027,3.199331,s1d1
ATTACCTAGACGCCCT-1,-3.7415128,6.4984255,s1d1
ATTACCTAGAGGTTTA-1,5.944788,6.584651,s1d1
ATTACCTAGTTCCGGC-1,14.042719,6.2325873,s1d1
ATTACCTCACAGTCAT-1,8.663191,1.7550529,s1d1
ATTACCTCACGACAGA-1,8.531803,1.5094856,s1d1
ATTACCTCAGCATCTA-1,8.501103,1.2640456,s1d1
ATTACCTGTGCAGATG-1,15.930939,8.903249,s1d1
ATTACCTGTGGCTAGA-1,5.9770722,16.64895,s1d1
ATTACCTGTTATGACC-1,11.202193,6.3778415,s1d1
ATTACCTGTTGCATCA-1,12.303293,7.003841,s1d1
ATTACCTTCATCGCCT-1,14.085102,5.5041947,s1d1
ATTACCTTCCGAAGGA-1,4.9955125,-3.909478,s1d1
ATTACTCAGCCTCTTC-1,7.1190114,-3.9851995,s1d1
ATTACTCAGCGAGGAG-1,10.695622,8.655318,s1d1
ATTACTCAGGAGAATG-1,-5.114353,9.643161,s1d1
ATTACTCAGTTCCGGC-1,9.957956,-4.5326266,s1d1
ATTACTCCACCCAAGC-1,12.091163,13.134263,s1d1
ATTACTCCATCGCTCT-1,4.814168,19.141489,s1d1
ATTACTCCATGTAACC-1,3.1777668,5.1308117,s1d1
ATTACTCGTCGAAACG-1,12.327056,13.714635,s1d1
ATTACTCGTGTATACC-1,10.838932,12.754159,s1d1
ATTACTCGTTACCCTC-1,5.2456684,16.665817,s1d1
ATTACTCTCACGTCCT-1,11.1005335,6.630541,s1d1
ATTACTCTCAGGACAG-1,11.810475,10.298851,s1d1
ATTATCCAGAGAATCT-1,10.206389,12.192,s1d1
ATTATCCAGCACTAAA-1,13.964759,8.782743,s1d1
ATTATCCAGCTGCCTG-1,13.306467,7.0207715,s1d1
ATTATCCAGGCCCAAA-1,10.199459,11.061469,s1d1
ATTATCCAGTAACCTC-1,5.1088247,16.3583,s1d1
ATTATCCCAGTGACCC-1,10.132312,7.1710424,s1d1
ATTATCCTCACTTCTA-1,11.484796,10.198785,s1d1
ATTATCCTCCATACTT-1,11.129268,11.449317,s1d1
ATTATCCTCGATCCAA-1,16.286932,8.60447,s1d1
ATTATCCTCGTCCTTG-1,5.655315,16.50447,s1d1
ATTATCCTCTGTACAG-1,-0.328297,3.499957,s1d1
ATTCACTAGCTGACCC-1,2.3610296,6.8711944,s1d1
ATTCACTAGGCCACCT-1,2.6019258,8.203211,s1d1
ATTCACTAGGCGTTAG-1,4.321895,18.981947,s1d1
ATTCACTAGTCAATCC-1,9.975599,10.85076,s1d1
ATTCACTCAGCACAAG-1,3.9323843,15.1207905,s1d1
ATTCACTCATCCGTGG-1,13.495659,7.2868166,s1d1
ATTCACTCATGTGCCG-1,-4.522878,6.408418,s1d1
ATTCACTGTACACGTT-1,-5.053013,9.788943,s1d1
ATTCACTTCGACCTAA-1,12.401338,8.560207,s1d1
ATTCACTTCGGTCAGC-1,-0.26949203,3.5691807,s1d1
ATTCAGGCAAAGACGC-1,9.783674,2.8969727,s1d1
ATTCAGGCAAGAGTAT-1,9.975878,-4.371443,s1d1
ATTCAGGCAGGATGAC-1,13.007083,5.475692,s1d1
ATTCAGGGTACGAAAT-1,10.838578,-0.8576808,s1d1
ATTCAGGTCACCGACG-1,-5.7941604,8.66784,s1d1
ATTCATCAGATACATG-1,5.0749407,-2.7769313,s1d1
ATTCATCAGTAGCATA-1,10.3358135,11.155014,s1d1
ATTCATCCAGGTCCGT-1,12.642612,8.964822,s1d1
ATTCATCCATGGGCAA-1,-3.9547546,9.392813,s1d1
ATTCATCGTAGGGAGG-1,10.760996,11.712165,s1d1
ATTCATCGTCGCAACC-1,-5.126434,4.906474,s1d1
ATTCATCGTGCGTTTA-1,11.584117,13.623282,s1d1
ATTCATCGTGGACCAA-1,8.519166,0.9180728,s1d1
ATTCATCGTTGTTGAC-1,5.136907,16.731174,s1d1
ATTCATCTCATTGTTC-1,-5.8826118,8.314819,s1d1
ATTCCATAGTAGGTTA-1,6.633325,-0.31824195,s1d1
ATTCCATGTCAAAGAT-1,4.0239563,14.554329,s1d1
ATTCCATGTCACAATC-1,14.880876,8.338112,s1d1
ATTCCATTCATTTGCT-1,11.234744,7.7434278,s1d1
ATTCCATTCTGCGGAC-1,-5.3497033,9.263579,s1d1
ATTCCATTCTTGCAAG-1,5.7738395,18.928425,s1d1
ATTCCCGAGGTAGTCG-1,5.194231,-3.9269829,s1d1
ATTCCCGGTAGATTAG-1,1.9822057,5.734379,s1d1
ATTCCCGGTAGCGCTC-1,4.196169,4.955222,s1d1
ATTCCCGTCCACTTCG-1,3.1151326,4.898822,s1d1
ATTCCCGTCGGCCCAA-1,-5.934447,9.170257,s1d1
ATTCCTAAGCGACTAG-1,11.163946,-1.0273557,s1d1
ATTCCTAAGCTTAAGA-1,10.566906,5.403299,s1d1
ATTCCTAAGTAGCAAT-1,15.149368,5.970224,s1d1
ATTCCTAAGTCAGCGA-1,11.036164,-1.0145,s1d1
ATTCCTAAGTCTGGTT-1,1.5964463,7.8302407,s1d1
ATTCCTACAATCCAGT-1,8.401248,0.82037365,s1d1
ATTCCTACACGGGCTT-1,9.630844,5.2407246,s1d1
ATTCCTACACTCGATA-1,2.629666,6.5980496,s1d1
ATTCCTAGTCTACGAT-1,13.72341,7.399666,s1d1
ATTCCTAGTGAACTAA-1,14.900264,8.149348,s1d1
ATTCCTAGTGACCTGC-1,4.9312,18.887875,s1d1
ATTCCTATCTTGTGCC-1,2.566636,18.270542,s1d1
ATTCGTTAGAGCACTG-1,12.476597,11.991412,s1d1
ATTCGTTAGTCTAGCT-1,11.761236,7.969803,s1d1
ATTCGTTCACCTCAGG-1,13.05178,8.090092,s1d1
ATTCGTTGTACATTGC-1,10.9656105,9.856544,s1d1
ATTCGTTGTATAGGGC-1,-5.0356755,10.692836,s1d1
ATTCGTTGTTACGTAC-1,11.643625,6.2769384,s1d1
ATTCGTTTCTGCGGCA-1,12.621881,11.939603,s1d1
ATTCTACAGAAGCGAA-1,12.121706,11.699367,s1d1
ATTCTACAGCCAAGTG-1,-5.844651,8.049947,s1d1
ATTCTACAGGTGAGAA-1,11.488431,8.632093,s1d1
ATTCTACAGTCGAATA-1,12.752562,6.1414924,s1d1
ATTCTACCAATCCTAG-1,14.862902,5.944019,s1d1
ATTCTACCAGAGCCCT-1,2.1554265,17.00389,s1d1
ATTCTACGTCCAAAGG-1,11.763086,10.924093,s1d1
ATTCTACTCAAACCCA-1,3.4083977,18.196527,s1d1
ATTCTACTCTTACGGA-1,9.186616,3.0963662,s1d1
ATTCTTGAGCCACTCG-1,10.843147,11.875729,s1d1
ATTCTTGAGCGTATAA-1,10.417677,7.40832,s1d1
ATTCTTGCAAGAGTAT-1,3.0277274,17.785969,s1d1
ATTCTTGCAAGCGAAC-1,10.885982,7.683055,s1d1
ATTCTTGCAAGCGAGT-1,-5.867173,7.951937,s1d1
ATTCTTGCAATTGCTG-1,2.4077961,17.612923,s1d1
ATTCTTGCACATACTG-1,6.3368883,-2.8013701,s1d1
ATTCTTGCAGAGTGAC-1,10.397565,9.919857,s1d1
ATTCTTGCATAACCCA-1,2.1147623,5.7009683,s1d1
ATTCTTGGTACGACTT-1,13.083195,6.398382,s1d1
ATTCTTGGTCACAATC-1,11.486498,7.0700674,s1d1
ATTCTTGGTTCCGCAG-1,14.245672,10.765699,s1d1
ATTCTTGGTTGGTAGG-1,11.390137,6.27541,s1d1
ATTCTTGTCATTACTC-1,1.9050272,17.221537,s1d1
ATTCTTGTCGCTGATA-1,10.647359,6.232612,s1d1
ATTCTTGTCTGGCTGG-1,11.122545,7.3723245,s1d1
ATTGGGTCAGGGACTA-1,6.6899114,-5.335398,s1d1
ATTGGGTCATTCGATG-1,11.368019,7.471418,s1d1
ATTGGGTGTCGAGTTT-1,10.089398,13.229619,s1d1
ATTGGGTGTGCTCTCT-1,6.410248,-3.4405494,s1d1
ATTGGGTGTTCACCGG-1,12.723713,8.339998,s1d1
ATTGGGTTCGTCAAAC-1,13.349983,7.768466,s1d1
ATTGTTCAGATCCGAG-1,10.712965,6.9604936,s1d1
ATTGTTCCAAGTCATC-1,11.334132,6.5171404,s1d1
ATTGTTCCACCGGAAA-1,11.20548,8.059317,s1d1
ATTGTTCCATGGCCAC-1,5.4648824,19.78381,s1d1
ATTGTTCGTATTAAGG-1,11.576911,7.9539886,s1d1
ATTTACCAGAAGCCTG-1,11.562721,6.7317896,s1d1
ATTTACCAGGCTAAAT-1,8.485195,-0.64476275,s1d1
ATTTACCCACACGGTC-1,10.159358,13.854845,s1d1
ATTTACCCAGAGAAAG-1,12.533454,12.659531,s1d1
ATTTACCGTAGAATGT-1,3.677078,5.939068,s1d1
ATTTACCGTTCCGCAG-1,4.9658165,19.342415,s1d1
ATTTACCTCAAGGCTT-1,-4.0697203,3.775467,s1d1
ATTTACCTCGAAGTGG-1,1.0020635,4.643911,s1d1
ATTTACCTCTCGTTTA-1,11.885895,9.322698,s1d1
ATTTCACAGCTTTCTT-1,12.639595,7.807938,s1d1
ATTTCACGTAAGTAGT-1,-2.2988615,6.9512153,s1d1
ATTTCACGTCAAGTTC-1,10.14512,6.6608906,s1d1
ATTTCACGTTGGTACT-1,11.325053,10.170057,s1d1
ATTTCACTCAGTGCGC-1,-4.5119123,9.860428,s1d1
ATTTCACTCGCTCTAC-1,16.467203,8.993574,s1d1
ATTTCACTCGGAATTC-1,13.240325,5.383019,s1d1
ATTTCACTCGTTCATT-1,6.246536,-4.6798058,s1d1
ATTTCACTCTGTTCAT-1,7.6707425,-0.5149442,s1d1
ATTTCTGAGCTCTTCC-1,-0.050799556,4.4109344,s1d1
ATTTCTGCAAGTGATA-1,10.9042015,7.103286,s1d1
ATTTCTGCAATAGTCC-1,5.0556927,14.805622,s1d1
ATTTCTGCAGGTTCGC-1,9.123439,7.1809297,s1d1
ATTTCTGCATAGAGGC-1,-4.244892,6.5538974,s1d1
ATTTCTGTCCATCACC-1,6.959332,18.062769,s1d1
CAAAGAAAGGCATCGA-1,6.8288493,18.323559,s1d1
CAAAGAAAGGCTGAAC-1,11.115288,6.4251194,s1d1
CAAAGAAAGGTGCTAG-1,2.5312474,7.546139,s1d1
CAAAGAACAAATGGAT-1,6.34029,-1.4328222,s1d1
CAAAGAACACGTGTGC-1,5.661875,17.657003,s1d1
CAAAGAACAGCTCTGG-1,11.996296,8.533259,s1d1
CAAAGAAGTCGACTTA-1,4.7200136,19.778374,s1d1
CAAAGAATCCTGGGTG-1,5.7728457,16.431936,s1d1
CAAAGAATCGGAATTC-1,-5.571453,8.491517,s1d1
CAAAGAATCTGCGGGT-1,5.639711,-1.5681685,s1d1
CAACAACAGACCAGAC-1,9.104821,3.0834315,s1d1
CAACAACAGAGGCCAT-1,14.972053,9.630866,s1d1
CAACAACAGGTTATAG-1,5.1098886,20.18646,s1d1
CAACAACCACATATCG-1,7.083956,3.3849227,s1d1
CAACAACCACGACAGA-1,16.521624,5.156946,s1d1
CAACAACCACTTGTGA-1,5.389603,18.95674,s1d1
CAACAACCACTTTAGG-1,6.8368516,-5.263763,s1d1
CAACAACCAGGTGTGA-1,12.856189,12.219951,s1d1
CAACAACGTATGTGTC-1,5.1940007,19.040665,s1d1
CAACAACGTTCGTGCG-1,11.952212,10.579532,s1d1
CAACAACGTTGGGATG-1,12.6549635,5.651,s1d1
CAACAACTCGTTCAGA-1,5.0042505,16.651154,s1d1
CAACAGTAGGCTTCCG-1,11.475403,13.680172,s1d1
CAACAGTAGGTAGCAC-1,4.318105,4.6347556,s1d1
CAACAGTCAAGAGGTC-1,12.233944,12.169625,s1d1
CAACAGTCACAACGTT-1,9.856093,-0.186199,s1d1
CAACAGTCAGGGTCTC-1,2.5317016,15.5387745,s1d1
CAACAGTGTCACCGCA-1,13.020167,12.542922,s1d1
CAACAGTGTCCAAAGG-1,-4.8634686,10.1628475,s1d1
CAACAGTTCGGAAACG-1,9.369768,1.4019579,s1d1
CAACAGTTCTAGGCCG-1,8.320133,0.88788676,s1d1
CAACCAAAGCACACCC-1,7.4422493,-5.2483807,s1d1
CAACCAAAGTTACGTC-1,8.703462,7.6602383,s1d1
CAACCAACAATCTCTT-1,6.8880005,3.3022447,s1d1
CAACCAACACGCAAAG-1,7.53154,4.097101,s1d1
CAACCAAGTGAGGAAA-1,11.418157,7.13026,s1d1
CAACCAATCACCATCC-1,7.0273786,-4.5346546,s1d1
CAACCAATCCATTCAT-1,5.286384,16.331848,s1d1
CAACCAATCCCGAGGT-1,9.722076,4.4260435,s1d1
CAACCAATCCTGGGTG-1,-0.97081566,2.5401397,s1d1
CAACCAATCGGTCGGT-1,8.436661,0.26467007,s1d1
CAACCAATCTTCGTAT-1,11.144786,5.9442897,s1d1
CAACCTCAGACGGAAA-1,3.9629548,19.208609,s1d1
CAACCTCCAGAGAGGG-1,4.5128417,18.53073,s1d1
CAACCTCCATAAGATG-1,6.441177,-5.510631,s1d1
CAACCTCGTAGCTGCC-1,17.066608,5.9117,s1d1
CAACCTCTCAAAGACA-1,10.760172,5.825559,s1d1
CAACCTCTCCGATGCG-1,5.4002824,19.252785,s1d1
CAACCTCTCGGCAGTC-1,6.7903423,-5.079724,s1d1
CAACCTCTCGTTCCCA-1,-5.26372,8.844261,s1d1
CAACGATAGATGCCGA-1,4.926981,-3.5742288,s1d1
CAACGATAGCAGCAGT-1,9.943456,13.535385,s1d1
CAACGATAGGTGAGAA-1,11.53268,6.54784,s1d1
CAACGATCATACCGTA-1,12.012102,9.463148,s1d1
CAACGATCATGCAGGA-1,13.759054,8.021265,s1d1
CAACGATGTGAGATTA-1,16.82541,6.970493,s1d1
CAACGATGTTCTCGCT-1,1.3056387,7.2391987,s1d1
CAACGATTCGAGTCTA-1,5.864054,-4.8353972,s1d1
CAACGATTCTACCACC-1,-0.7931312,5.238145,s1d1
CAACGGCCAACACAAA-1,9.742482,4.755123,s1d1
CAACGGCCACGCACCA-1,3.0093381,17.662992,s1d1
CAACGGCCAGGTCCGT-1,-1.1173645,7.0718303,s1d1
CAACGGCGTCATGACT-1,12.595602,13.886092,s1d1
CAACGGCGTCGTTTCC-1,5.9450607,-2.7292454,s1d1
CAACGGCGTCTAACGT-1,1.4309419,7.5009446,s1d1
CAACGGCGTTTAAGGA-1,6.156516,-2.2794194,s1d1
CAACGGCTCGTAACAC-1,16.611975,5.463604,s1d1
CAACGGCTCTATTGTC-1,5.9988112,16.870766,s1d1
CAACGGCTCTCAGGCG-1,7.120241,-3.6506047,s1d1
CAACGGCTCTCGGTCT-1,-1.4784076,5.821885,s1d1
CAAGACTAGAGGCTGT-1,10.381299,13.350822,s1d1
CAAGACTAGATGCCGA-1,11.042154,10.935188,s1d1
CAAGACTAGGTCTGGA-1,3.1977239,16.307703,s1d1
CAAGACTCACTACGGC-1,8.131109,4.2018876,s1d1
CAAGACTCAGCACACC-1,11.925943,9.109576,s1d1
CAAGACTGTAGCGAGT-1,2.2117522,17.747307,s1d1
CAAGACTGTCTTCCGT-1,5.8500967,-1.6830595,s1d1
CAAGACTGTGTTCCTC-1,2.664976,18.419579,s1d1
CAAGACTGTTCAATCG-1,10.005839,5.437302,s1d1
CAAGACTGTTGTTGCA-1,6.0961523,-4.5569687,s1d1
CAAGACTTCGTTAGAC-1,10.399479,11.604728,s1d1
CAAGACTTCGTTCAGA-1,16.784077,5.511731,s1d1
CAAGAGGAGACATGCG-1,-5.7122536,9.557304,s1d1
CAAGAGGAGACCAGAC-1,-0.8154704,7.3772435,s1d1
CAAGAGGAGCTGAGTG-1,11.2286825,10.081011,s1d1
CAAGAGGCAATTGCTG-1,16.251566,8.985956,s1d1
CAAGAGGCAGCGTACC-1,11.607434,11.991763,s1d1
CAAGAGGCATGCTGCG-1,4.4365077,17.206594,s1d1
CAAGAGGGTACGCGTC-1,11.037023,5.9457974,s1d1
CAAGAGGTCTGTTGGA-1,2.2728372,4.977976,s1d1
CAAGCTAAGCAGGGAG-1,10.689676,6.0274963,s1d1
CAAGCTAAGCTGAGCA-1,10.562899,12.447762,s1d1
CAAGCTAAGGCCATAG-1,14.163013,7.059427,s1d1
CAAGCTACAAATCGGG-1,5.5760274,-5.093814,s1d1
CAAGCTACAAGTCATC-1,13.373819,6.8113,s1d1
CAAGCTAGTAGAGTTA-1,11.835888,8.156969,s1d1
CAAGCTAGTCTTTATC-1,12.151628,12.861939,s1d1
CAAGGGAAGATCCAAA-1,13.901598,9.80084,s1d1
CAAGGGAAGATGCTAA-1,10.191915,6.926926,s1d1
CAAGGGAAGCACTAAA-1,-2.254595,4.0396333,s1d1
CAAGGGAAGGTTGAGC-1,12.000435,10.66752,s1d1
CAAGGGACAGACCATT-1,1.3516977,7.6616397,s1d1
CAAGGGACATTCAGCA-1,11.206712,13.215143,s1d1
CAAGGGAGTAGCGTTT-1,6.815252,2.7887993,s1d1
CAAGGGAGTATTGGCT-1,11.187842,7.6488013,s1d1
CAAGGGAGTCATCCCT-1,5.635856,-1.5263758,s1d1
CAAGGGAGTCGCATTA-1,5.2776837,17.010529,s1d1
CAAGGGAGTCGGCTAC-1,12.164191,6.004206,s1d1
CAAGGGAGTGGAAGTC-1,6.598822,5.051057,s1d1
CAAGGGAGTTGTGTTG-1,10.919856,13.998037,s1d1
CAAGGGATCGACGAGA-1,14.05266,8.813512,s1d1
CAAGGGATCTCTGACC-1,9.91674,13.748103,s1d1
CAATACGAGACATAAC-1,-5.5307326,9.465901,s1d1
CAATACGAGCCTCCAG-1,11.6879015,8.313729,s1d1
CAATACGAGCGCCTTG-1,16.540213,6.54685,s1d1
CAATACGCACGCGTGT-1,14.309697,6.97758,s1d1
CAATACGCAGAATGTA-1,8.049749,-3.597433,s1d1
CAATACGCATGGGAAC-1,11.914829,5.800372,s1d1
CAATACGTCTACACAG-1,1.9042922,17.256372,s1d1
CAATCGAAGCCGCACT-1,6.30549,-2.5634823,s1d1
CAATCGAAGGCATCTT-1,11.491225,8.582483,s1d1
CAATCGAAGGTGAGCT-1,8.957879,1.5737284,s1d1
CAATCGAGTTCCAGGC-1,9.595536,1.1887579,s1d1
CAATCGATCAGACAAA-1,5.355578,17.012434,s1d1
CAATCGATCCTTCTGG-1,10.866667,8.223417,s1d1
CAATGACCAACCAACT-1,6.0841494,-3.8436885,s1d1
CAATGACCAACCGATT-1,10.222811,11.30238,s1d1
CAATGACCACCGTGAC-1,12.437322,6.3753166,s1d1
CAATGACCATACTGTG-1,11.014385,-0.96117777,s1d1
CAATGACCATCCAACA-1,14.483262,6.058027,s1d1
CAATGACGTCTACGTA-1,12.544224,8.1692095,s1d1
CAATGACTCCAGCCTT-1,6.9258356,3.382396,s1d1
CAATGACTCTGCTCTG-1,13.7652,6.575856,s1d1
CAATTTCAGCTCTATG-1,2.3107176,7.336148,s1d1
CAATTTCCAAGATGTA-1,4.7192874,4.3677955,s1d1
CAATTTCGTACTCCGG-1,5.5060325,16.133791,s1d1
CAATTTCGTCAACCAT-1,16.9399,4.866623,s1d1
CAATTTCGTCGTTCAA-1,12.141359,14.352564,s1d1
CAATTTCTCCATTGGA-1,-5.8885517,9.345786,s1d1
CAATTTCTCCTAGCGG-1,5.2578397,19.956787,s1d1
CAATTTCTCGGTAGGA-1,11.665068,7.242238,s1d1
CAATTTCTCTCTGGTC-1,9.951279,5.7148547,s1d1
CACAACAAGGTCCTGC-1,14.4691,10.492347,s1d1
CACAACACAAGTGGAC-1,10.579251,13.448593,s1d1
CACAACACACACGTGC-1,1.7070994,6.738551,s1d1
CACAACACATGACTTG-1,9.799239,11.692301,s1d1
CACAACAGTGATTGGG-1,12.346552,8.355354,s1d1
CACAACATCGCTGTTC-1,13.468814,13.246548,s1d1
CACACAAAGCTAATGA-1,15.911727,9.103178,s1d1
CACACAAAGGACCCAA-1,5.367222,19.117908,s1d1
CACACAAAGTTCGGTT-1,11.821709,13.487152,s1d1
CACACAACAAACTAAG-1,-5.795328,9.550719,s1d1
CACACAACAGCTGGTC-1,14.508741,9.383132,s1d1
CACACAACAGGCATTT-1,-5.1680684,4.6862507,s1d1
CACACAACATAGTCAC-1,9.719452,3.5483792,s1d1
CACACAAGTATTGGCT-1,5.922645,16.044476,s1d1
CACACAAGTGCGTGCT-1,14.379802,6.638859,s1d1
CACACAATCAGACATC-1,-4.846476,10.452103,s1d1
CACACAATCAGGGTAG-1,12.170112,6.1998825,s1d1
CACACAATCCGTTTCG-1,16.8562,8.415798,s1d1
CACACAATCCTTTGAT-1,1.4750665,6.897865,s1d1
CACACAATCGAGAGAC-1,-5.5425477,12.241949,s1d1
CACACAATCTCATGGA-1,10.56718,14.193953,s1d1
CACACAATCTTACCAT-1,4.9050145,16.62148,s1d1
CACAGATAGATACGAT-1,2.8912237,17.989788,s1d1
CACAGATAGATTGTGA-1,10.507377,6.0145454,s1d1
CACAGATAGCCAAGCA-1,10.805247,7.3069606,s1d1
CACAGATAGGCGTCCT-1,2.7654748,4.9828176,s1d1
CACAGATCAAGTTCCA-1,8.447749,0.7981242,s1d1
CACAGATCAATGCAGG-1,4.8319316,20.081856,s1d1
CACAGATCACCAAAGG-1,1.8020914,4.822921,s1d1
CACAGATGTATCGTGT-1,10.580789,5.89176,s1d1
CACAGATTCCGCGGAT-1,6.5914745,-4.088253,s1d1
CACAGATTCGAGATAA-1,8.599413,7.327696,s1d1
CACAGATTCGTAGGGA-1,1.4188957,7.002026,s1d1
CACAGATTCTGGCCGA-1,10.470334,12.119949,s1d1
CACAGGCAGAAGCGGG-1,6.837287,-4.419804,s1d1
CACAGGCAGCTCCATA-1,11.429109,11.268006,s1d1
CACAGGCAGGCCCAAA-1,-5.901896,9.379967,s1d1
CACAGGCAGGGCATGT-1,11.08324,12.3749275,s1d1
CACAGGCCAACGGCTC-1,2.6522596,4.8741617,s1d1
CACAGGCCAACTGTGT-1,10.804535,5.285378,s1d1
CACAGGCCAAGAGTTA-1,5.249965,19.685284,s1d1
CACAGGCCACGGTGCT-1,9.734658,3.9928443,s1d1
CACAGGCGTATTGAGA-1,9.251144,-4.135143,s1d1
CACAGGCTCAATCCAG-1,2.3932898,7.7225256,s1d1
CACAGGCTCCGTACGG-1,14.939423,9.847753,s1d1
CACATGAAGCACGGAT-1,6.2049084,-2.9202023,s1d1
CACATGAAGTGCAGCA-1,10.762587,14.34102,s1d1
CACATGACAGCTTCGG-1,-0.89209175,7.330111,s1d1
CACATGATCATTTGGG-1,11.889516,6.9638515,s1d1
CACATGATCGAAGTGG-1,10.294073,12.756129,s1d1
CACATGATCTTGCAAG-1,12.624466,12.167226,s1d1
CACCAAAAGACATAGT-1,-5.7023964,9.886419,s1d1
CACCAAAAGCCTCAAT-1,3.1798782,5.930499,s1d1
CACCAAAAGCGCCGTT-1,7.9303823,-4.8865905,s1d1
CACCAAAAGGGTCAAC-1,4.841322,17.108644,s1d1
CACCAAATCCAGTGTA-1,10.558519,13.440905,s1d1
CACCAAATCTATTTCG-1,4.272024,16.835812,s1d1
CACCAAATCTTACCGC-1,7.5261354,-4.431794,s1d1
CACCGTTAGCGTCTCG-1,5.9299655,3.4092083,s1d1
CACCGTTAGCTTTCTT-1,16.305252,8.710692,s1d1
CACCGTTAGTCACTGT-1,13.846717,8.153682,s1d1
CACCGTTAGTTATGGA-1,11.285844,10.156265,s1d1
CACCGTTCAAGTCCCG-1,-4.55832,8.019975,s1d1
CACCGTTCAGATACCT-1,9.1566,-4.395855,s1d1
CACCGTTCAGGATGAC-1,11.602096,8.535068,s1d1
CACCGTTCATGATAGA-1,16.187471,8.903534,s1d1
CACCGTTGTAAGTAGT-1,-5.525496,7.4052954,s1d1
CACCGTTGTCTAGATC-1,7.282599,-3.7959712,s1d1
CACCGTTGTTAGGGTG-1,5.5163994,15.935991,s1d1
CACCGTTGTTCAAGTC-1,7.218786,-5.0487065,s1d1
CACCGTTGTTGCCGAC-1,9.635987,5.589387,s1d1
CACCGTTTCGAGCCAC-1,1.3394936,5.0724115,s1d1
CACCGTTTCTTCGCTG-1,13.256243,7.1547985,s1d1
CACGAATAGCTCTATG-1,8.604834,2.0204601,s1d1
CACGAATAGGCATGCA-1,11.29208,6.5995173,s1d1
CACGAATAGGTAATCA-1,8.344305,-3.1080315,s1d1
CACGAATCAACACACT-1,4.6142874,17.483698,s1d1
CACGAATCAGTGTATC-1,12.411501,6.7852416,s1d1
CACGAATCATCTAACG-1,4.992313,17.75909,s1d1
CACGAATGTAGGTTTC-1,-5.454559,8.140472,s1d1
CACGAATGTCGCTCGA-1,2.3207006,6.875322,s1d1
CACGAATGTGTTGATC-1,-0.18953308,4.356987,s1d1
CACGAATTCGTAACAC-1,2.1905394,17.832457,s1d1
CACGGGTAGGAAAGTG-1,9.578284,4.0278516,s1d1
CACGGGTAGGCCCACT-1,2.1616654,17.2159,s1d1
CACGGGTAGGCTCTCG-1,12.551453,7.347,s1d1
CACGGGTAGTCACGCC-1,5.9277253,-1.1768247,s1d1
CACGGGTAGTGGAAAG-1,6.320988,-1.8920481,s1d1
CACGGGTCACATTCTT-1,1.8818367,3.9477155,s1d1
CACGGGTCAGGACTTT-1,3.0748782,7.2399507,s1d1
CACGGGTGTGTACGCC-1,-0.33120134,5.191851,s1d1
CACGGGTGTGTTGCCG-1,8.274686,-3.859713,s1d1
CACGGGTGTTCCGGTG-1,10.633945,7.81,s1d1
CACGGGTTCGAGAGCA-1,10.954987,8.386561,s1d1
CACGTGGAGTCATAGA-1,11.796138,10.272708,s1d1
CACGTGGCAGCTAACT-1,13.979497,6.543099,s1d1
CACGTGGGTTAAGGAT-1,4.674368,18.779741,s1d1
CACGTGGTCGACATCA-1,6.6228905,2.2641242,s1d1
CACGTTCAGCTTAAGA-1,5.748439,-3.8274043,s1d1
CACGTTCAGTCAGCGA-1,11.319121,7.441863,s1d1
CACGTTCCACAAGCCC-1,12.074819,12.641138,s1d1
CACGTTCCACCAATTG-1,-3.9991531,8.033596,s1d1
CACGTTCGTCCACACG-1,4.1393676,19.745626,s1d1
CACGTTCGTGGCCTCA-1,11.69091,11.244921,s1d1
CACGTTCTCACGTAGT-1,-1.697075,6.879243,s1d1
CACGTTCTCATCTGTT-1,10.054645,4.7234006,s1d1
CACGTTCTCTGTCGCT-1,4.5885463,4.6780763,s1d1
CACTAAGAGACAACTA-1,1.4622173,6.7252836,s1d1
CACTAAGAGATTTGCC-1,12.365176,7.4547534,s1d1
CACTAAGAGCCGATTT-1,13.657985,9.463431,s1d1
CACTAAGAGGTCGTAG-1,11.167595,13.071319,s1d1
CACTAAGAGTGGATTA-1,-3.4257808,9.495174,s1d1
CACTAAGCAATAGGAT-1,5.838036,-3.4523113,s1d1
CACTAAGGTAGAATAC-1,10.334094,13.209636,s1d1
CACTAAGGTTAGGCTT-1,-5.9187317,9.491854,s1d1
CACTAAGGTTCGCGTG-1,5.825967,16.646946,s1d1
CACTAAGTCAAAGCCT-1,-0.6980695,2.8245943,s1d1
CACTAAGTCCTACCGT-1,13.040548,9.447842,s1d1
CACTAAGTCTATGCCC-1,5.7292757,16.556345,s1d1
CACTGAACAACCGCCA-1,16.84747,5.819357,s1d1
CACTGAAGTAACTGCT-1,12.193801,12.302951,s1d1
CACTGAAGTAATCAAG-1,5.8355737,-4.990808,s1d1
CACTGAAGTGGAGAAA-1,6.497849,5.1890554,s1d1
CACTGAATCATTTGCT-1,11.797476,5.9063597,s1d1
CACTGAATCCCATAAG-1,9.202988,2.665201,s1d1
CACTGAATCTTGGTCC-1,2.8465252,18.2502,s1d1
CACTGGGCAACCCTAA-1,1.6913155,4.2275176,s1d1
CACTGGGCACTCCGGA-1,-5.0436397,4.171583,s1d1
CACTGGGCAGGCGTTC-1,9.029422,1.0755324,s1d1
CACTGGGGTCGCTGCA-1,3.3434982,16.186468,s1d1
CACTGGGTCAGTCTTT-1,5.6399326,-1.901111,s1d1
CACTGGGTCGTGTTCC-1,10.973974,14.83162,s1d1
CACTGTCAGCTGCCTG-1,4.1050777,17.111393,s1d1
CACTGTCAGTCTTCGA-1,13.826676,5.8593025,s1d1
CACTGTCCACCAGACC-1,12.836245,11.683686,s1d1
CACTGTCCAGGTCTCG-1,6.50821,18.332106,s1d1
CACTGTCGTATCTTCT-1,5.7075644,-4.231368,s1d1
CACTGTCGTCCTTGTC-1,-4.728168,6.25491,s1d1
CACTGTCTCACCTCGT-1,5.2017746,16.26759,s1d1
CACTGTCTCCAGTACA-1,11.611925,7.8982244,s1d1
CACTGTCTCCTACAAG-1,-4.0080743,7.2298884,s1d1
CACTGTCTCGTGTTCC-1,-5.1389327,3.955857,s1d1
CACTTCGAGCTCGCAC-1,1.9929986,7.0245748,s1d1
CACTTCGCAACGCATT-1,12.428954,6.9937377,s1d1
CACTTCGCACCGGTCA-1,12.514264,6.6697164,s1d1
CACTTCGCACCTAAAC-1,8.810679,7.9830103,s1d1
CACTTCGCAGAACATA-1,5.184798,16.755728,s1d1
CACTTCGCAGAGTTGG-1,13.398367,8.954294,s1d1
CACTTCGGTTCAAGTC-1,12.219545,7.202661,s1d1
CACTTCGTCTCGGGAC-1,12.348319,12.13028,s1d1
CACTTCGTCTGACGCG-1,11.686898,12.53982,s1d1
CAGAGCCAGCCGATTT-1,9.83851,-0.25050512,s1d1
CAGAGCCAGCGTCTGC-1,-2.2564409,4.540152,s1d1
CAGAGCCAGCTCCGAC-1,16.539618,5.212856,s1d1
CAGAGCCCAGAACCGA-1,4.4241023,20.079899,s1d1
CAGAGCCGTTCAGTAC-1,5.262477,3.8765168,s1d1
CAGAGCCTCCTGGGTG-1,16.445604,8.353114,s1d1
CAGAGCCTCGCAGTGC-1,5.181516,-4.2949767,s1d1
CAGAGCCTCTCTATAC-1,4.215742,5.4836526,s1d1
CAGAGCCTCTTCTGTA-1,12.198081,6.929551,s1d1
CAGATACAGCTAAACA-1,3.3530502,4.048972,s1d1
CAGATACAGCTTCGTA-1,10.743984,6.5838203,s1d1
CAGATACAGGGAGGTG-1,4.8965926,-3.1926906,s1d1
CAGATACAGGGCGAGA-1,10.651118,6.7623873,s1d1
CAGATACAGTAACCTC-1,12.800726,7.7650766,s1d1
CAGATACAGTACTCGT-1,12.385807,11.241933,s1d1
CAGATACAGTTACGTC-1,11.740857,8.997386,s1d1
CAGATACAGTTCTCTT-1,13.211344,5.1486588,s1d1
CAGATACCAAGAAATC-1,4.6560616,4.5800204,s1d1
CAGATACCACGGCGTT-1,10.202915,11.977318,s1d1
CAGATACTCCCAGCGA-1,12.613069,5.992849,s1d1
CAGATACTCTTCGTGC-1,10.429441,5.038426,s1d1
CAGATCACACGACGCT-1,6.047539,16.97797,s1d1
CAGATCACAGCTTCGG-1,7.68408,-3.5506895,s1d1
CAGATCACAGGTGACA-1,11.247211,13.82904,s1d1
CAGATCACAGTTGGTT-1,2.4376342,3.9755123,s1d1
CAGATCAGTCCAAATC-1,12.066734,5.9316278,s1d1
CAGATCAGTGCCGAAA-1,6.7893543,-3.574195,s1d1
CAGATCAGTTGGGCCT-1,5.8511686,19.274788,s1d1
CAGATCATCACCTACC-1,5.9649057,-4.5540705,s1d1
CAGATCATCCATTGCC-1,13.660587,6.5295105,s1d1
CAGATCATCCGAAATC-1,-5.1168346,10.422115,s1d1
CAGATTGAGCACTCTA-1,1.3313255,7.5181594,s1d1
CAGATTGAGGAGAATG-1,9.742368,6.317151,s1d1
CAGATTGAGTAGCTCT-1,11.666841,9.2651005,s1d1
CAGATTGCAAGAGGTC-1,12.495215,12.73359,s1d1
CAGATTGCACTCCGGA-1,11.865082,14.287416,s1d1
CAGATTGCAGCGATTT-1,10.35237,6.1605444,s1d1
CAGATTGCAGTCACGC-1,10.089797,5.4783974,s1d1
CAGATTGGTCGAAGCA-1,10.482135,11.09716,s1d1
CAGATTGGTTTACGAC-1,2.2887352,7.0574903,s1d1
CAGATTGTCTGACGCG-1,-5.4702787,10.392149,s1d1
CAGCAATAGAACGTGC-1,8.588138,7.266616,s1d1
CAGCAATCACCCAACG-1,12.828094,12.383274,s1d1
CAGCAATTCGTCCTCA-1,3.4007652,17.05863,s1d1
CAGCAATTCTGCCTCA-1,4.518933,19.217506,s1d1
CAGCACGAGCCTCATA-1,1.6985805,5.671284,s1d1
CAGCACGCAAGAATGT-1,4.291635,19.751036,s1d1
CAGCACGGTCATTCCC-1,11.179855,11.869697,s1d1
CAGCAGCAGAGAGAAC-1,4.152244,19.435644,s1d1
CAGCAGCAGTTGCTCA-1,13.240413,6.0153823,s1d1
CAGCAGCCAAGCCCAC-1,0.4689532,4.9019604,s1d1
CAGCAGCCATCGATCA-1,13.176258,6.2075553,s1d1
CAGCAGCGTCCCGTGA-1,1.8818399,17.54467,s1d1
CAGCAGCGTCGAAGCA-1,10.93391,8.045281,s1d1
CAGCAGCGTGGTCTCG-1,10.500651,10.654664,s1d1
CAGCAGCTCTGATGGT-1,1.5937277,7.94111,s1d1
CAGCCAGAGAAGGTAG-1,-5.6352453,10.403385,s1d1
CAGCCAGAGAATCGTA-1,12.551002,6.5931315,s1d1
CAGCCAGAGCAATTAG-1,10.343303,11.566177,s1d1
CAGCCAGCAAGGACAC-1,6.192809,5.8925915,s1d1
CAGCCAGCAGACCTAT-1,5.531683,16.201317,s1d1
CAGCCAGCATAGTCGT-1,17.189545,5.449031,s1d1
CAGCCAGGTAGAGATT-1,6.4053545,16.288761,s1d1
CAGCCAGGTCCCTGAG-1,3.7229128,14.235403,s1d1
CAGCCAGGTGAGTAGC-1,5.3512473,17.698862,s1d1
CAGCCAGGTTGCAAGG-1,-5.0177975,9.113887,s1d1
CAGCCAGTCACTGTTT-1,4.798847,19.931047,s1d1
CAGCCAGTCATCGCCT-1,10.091354,5.3301907,s1d1
CAGCCAGTCGCCGAGT-1,-5.121389,8.795352,s1d1
CAGCCAGTCGTTGTAG-1,10.225301,7.4259486,s1d1
CAGCCAGTCTGGGCAC-1,6.150902,-5.1630044,s1d1
CAGCGTGAGATTAGCA-1,9.249756,3.6528535,s1d1
CAGCGTGAGGCTCCCA-1,-0.8763729,5.230341,s1d1
CAGCGTGAGGGCAGTT-1,16.499645,8.317222,s1d1
CAGCGTGAGTTACTCG-1,7.14492,-4.7619705,s1d1
CAGCGTGCACTGTGTA-1,-5.688204,7.539218,s1d1
CAGCGTGCAGCTCGGT-1,-4.7115984,7.8175406,s1d1
CAGCGTGCAGCTGTTA-1,9.433889,5.3050213,s1d1
CAGCGTGGTTCCTACC-1,-5.0808287,10.159206,s1d1
CAGCGTGGTTGCATAC-1,7.2366695,-5.1924424,s1d1
CAGCGTGTCATGACAC-1,11.133813,12.848982,s1d1
CAGCGTGTCGGCATAT-1,10.695512,11.015416,s1d1
CAGGCCAAGCAGCACA-1,6.91661,-0.29716447,s1d1
CAGGCCAAGGTATAGT-1,5.233406,-3.5723572,s1d1
CAGGCCAAGTTGAATG-1,12.833521,10.4853525,s1d1
CAGGCCACAGGCGAAT-1,8.33483,1.390105,s1d1
CAGGCCAGTATCGCAT-1,13.018044,13.570602,s1d1
CAGGCCAGTGTCTTCC-1,-1.5297074,4.3659706,s1d1
CAGGCCAGTTTACTTC-1,4.7353415,19.71649,s1d1
CAGGCCATCGCCACTT-1,7.1278567,-3.7872036,s1d1
CAGGCCATCGGTGAAG-1,12.338924,5.786814,s1d1
CAGGGCTCACATACTG-1,8.811917,2.7564085,s1d1
CAGGGCTCACCTAAAC-1,5.997454,4.959196,s1d1
CAGGGCTCACCTGCAG-1,-0.09982183,5.291771,s1d1
CAGGGCTCAGCAGAAC-1,4.5738974,19.666887,s1d1
CAGGGCTGTACAAGCG-1,-5.6684475,9.912927,s1d1
CAGGGCTGTCCATCTC-1,-0.97289866,2.5358832,s1d1
CAGGGCTGTTAACAGA-1,1.5155665,7.640787,s1d1
CAGGGCTTCACTTTGT-1,-0.31505147,4.5187263,s1d1
CAGGGCTTCATACAGC-1,10.435254,7.884823,s1d1
CAGGTATCAAGGTCGA-1,1.3738507,7.9232326,s1d1
CAGGTATCAGAGGGTT-1,5.5296826,16.903923,s1d1
CAGGTATGTTTAGTCG-1,7.7161393,-4.046351,s1d1
CAGGTATTCTGAGGTT-1,6.240896,-2.5496268,s1d1
CAGTGCGAGGTTCCGC-1,4.234267,20.230762,s1d1
CAGTGCGCACCCAAGC-1,10.837149,11.209666,s1d1
CAGTGCGCAGATCATC-1,3.619349,17.569511,s1d1
CAGTGCGCAGCGACAA-1,10.812732,-0.88060784,s1d1
CAGTGCGCATACAGAA-1,12.700434,12.928614,s1d1
CAGTGCGCATGGACAG-1,9.535211,4.6911774,s1d1
CAGTGCGGTACGAGCA-1,-0.17594738,3.2138634,s1d1
CAGTGCGGTCCACATA-1,13.544248,8.670122,s1d1
CAGTGCGGTGTCTTCC-1,14.764652,6.225815,s1d1
CAGTGCGTCGAAGCAG-1,3.4416268,3.586345,s1d1
CAGTGCGTCTCGTCAC-1,10.65558,13.335294,s1d1
CAGTGCGTCTGTCGTC-1,5.5554767,-4.170822,s1d1
CAGTTAGAGAGCTGAC-1,7.016976,18.109282,s1d1
CAGTTAGAGCGGCTCT-1,14.795449,10.006351,s1d1
CAGTTAGAGGGCAACT-1,12.067733,10.721628,s1d1
CAGTTAGCAACGCATT-1,10.381171,11.8904505,s1d1
CAGTTAGCAAGAGGCT-1,14.359281,6.750866,s1d1
CAGTTAGCAATTCGTG-1,10.611298,13.929757,s1d1
CAGTTAGCACCCTAAA-1,-3.9614322,10.142198,s1d1
CAGTTAGCATTGTGCA-1,12.738528,9.519654,s1d1
CAGTTAGGTCCAAATC-1,10.005416,5.1299806,s1d1
CAGTTAGGTGTTACAC-1,3.0895374,4.584233,s1d1
CAGTTAGGTTCAGTAC-1,7.152151,-2.8667352,s1d1
CAGTTAGTCAACGCTA-1,12.32223,8.275622,s1d1
CAGTTAGTCAATCCAG-1,16.445078,6.629152,s1d1
CAGTTAGTCATTCGTT-1,12.604043,10.465735,s1d1
CAGTTCCAGAGAGCGG-1,10.4722595,7.445977,s1d1
CAGTTCCAGATACCAA-1,11.267113,8.912701,s1d1
CAGTTCCAGCCTGTCG-1,12.116084,6.654715,s1d1
CAGTTCCCAGCCATTA-1,16.630217,6.0398192,s1d1
CAGTTCCGTTTGGGTT-1,3.3716545,2.0219076,s1d1
CATAAGCAGCGTATGG-1,3.3099341,7.1720123,s1d1
CATAAGCAGCTCGTGC-1,-6.2949452,8.143076,s1d1
CATAAGCCAAGAAACT-1,10.077084,18.632526,s1d1
CATAAGCCAGTTAAAG-1,5.032166,17.620472,s1d1
CATAAGCCATTGGGAG-1,5.6549563,19.00834,s1d1
CATAAGCGTAGTGGCA-1,6.559853,-3.6750395,s1d1
CATAAGCGTGACCTGC-1,11.1818285,6.1219273,s1d1
CATAAGCGTTGGAGAC-1,-4.855759,7.2081437,s1d1
CATACAGAGCTGCGAA-1,11.218928,10.805027,s1d1
CATACAGAGGCCGCTT-1,10.382614,11.784621,s1d1
CATACAGAGTATGGAT-1,11.342044,10.266982,s1d1
CATACAGCAACTCCAA-1,7.250439,3.283147,s1d1
CATACAGCAATGACCT-1,1.7578919,4.1181064,s1d1
CATACAGCAGAACTAA-1,9.494475,2.7358453,s1d1
CATACAGGTTAGAGTA-1,3.5428495,17.82161,s1d1
CATACAGTCAATCTCT-1,-1.3619431,4.107145,s1d1
CATACAGTCCAGCAAT-1,3.8844457,17.193903,s1d1
CATACAGTCCTCAGAA-1,10.594202,12.197502,s1d1
CATACAGTCGGTTAGT-1,12.391788,9.799047,s1d1
CATACCCAGCGTTCCG-1,6.49491,-1.5233738,s1d1
CATACCCCACTTGAGT-1,6.259687,-4.9196396,s1d1
CATACCCGTAACAGTA-1,9.393147,-4.575088,s1d1
CATACCCGTACTAACC-1,12.051636,6.900507,s1d1
CATACCCGTGAGCCAA-1,9.662263,5.1139603,s1d1
CATACCCGTGCCTAAT-1,12.963469,8.066459,s1d1
CATACCCTCCCGAACG-1,11.849532,9.535127,s1d1
CATACCCTCCGAACGC-1,12.244188,10.312451,s1d1
CATACCCTCGATGCAT-1,-0.29112014,5.785156,s1d1
CATACCCTCTCATAGG-1,5.5464454,19.456488,s1d1
CATACCCTCTGTTCAT-1,10.437757,12.866703,s1d1
CATACTTAGAAGCTGC-1,10.091694,18.320831,s1d1
CATACTTAGGACCCAA-1,10.169211,17.83927,s1d1
CATACTTAGTCTTCGA-1,9.284822,5.1614227,s1d1
CATACTTCAATTTCTC-1,10.191517,18.887455,s1d1
CATACTTCACTGGCGT-1,1.0297831,4.3289576,s1d1
CATACTTCAGAGGGTT-1,14.995551,5.8191857,s1d1
CATACTTCAGGAAGTC-1,14.107334,10.404539,s1d1
CATACTTGTACTCAAC-1,5.340346,-2.2924042,s1d1
CATACTTGTAGGCAAC-1,5.6601768,-2.6474447,s1d1
CATACTTGTGCAGGAT-1,4.465449,19.825855,s1d1
CATACTTTCAGCGGAA-1,12.466825,11.0510235,s1d1
CATAGACAGAAATTGC-1,4.5344768,4.849813,s1d1
CATAGACAGATTCGAA-1,5.119373,19.83105,s1d1
CATAGACAGCACGATG-1,-2.4112992,3.9944108,s1d1
CATAGACAGCCATTTG-1,10.540801,12.387417,s1d1
CATAGACAGGACTAAT-1,11.974972,11.650637,s1d1
CATAGACAGGATCATA-1,14.457356,6.310271,s1d1
CATAGACAGGGTGAAA-1,7.1859684,3.133487,s1d1
CATAGACCAGGCGTTC-1,12.477177,12.081963,s1d1
CATAGACGTGGCCACT-1,2.725615,16.9848,s1d1
CATAGACGTGTGTCGC-1,6.476356,-1.6788691,s1d1
CATCAAGAGTCGTTAC-1,5.8382225,4.84786,s1d1
CATCAAGAGTGGTTAA-1,1.8942825,17.144842,s1d1
CATCAAGTCAATCCAG-1,13.22115,10.866023,s1d1
CATCAAGTCACTCACC-1,1.8823255,16.797077,s1d1
CATCAAGTCATGGGAG-1,14.454705,6.8613796,s1d1
CATCAAGTCTGCGGCA-1,9.956942,4.295169,s1d1
CATCCACAGAGAGAAC-1,4.9457545,-3.29958,s1d1
CATCCACAGCAACAGC-1,6.6645184,-3.434504,s1d1
CATCCACAGCAGGGAG-1,17.166595,5.5781054,s1d1
CATCCACAGGAACGAA-1,-5.2935348,7.8674035,s1d1
CATCCACAGTCACTGT-1,12.152402,9.255501,s1d1
CATCCACCAATTTCCT-1,4.9891257,-4.120307,s1d1
CATCCACCACCCAATA-1,14.186147,10.461048,s1d1
CATCCACCACGTAGTT-1,14.332073,6.610705,s1d1
CATCCACTCCGTATAG-1,9.634918,5.0954103,s1d1
CATCCACTCGGTAAGG-1,12.287974,6.370196,s1d1
CATCCCAAGAGAGGGC-1,7.1953998,-2.377143,s1d1
CATCCCAAGATGGGCT-1,10.89933,7.444327,s1d1
CATCCCAAGCGGACAT-1,10.828238,6.940981,s1d1
CATCCCAAGGAGAGTA-1,5.81875,5.0329285,s1d1
CATCCCACAAAGAGTT-1,6.366548,-5.5766354,s1d1
CATCCCACAACACACT-1,11.192882,13.098752,s1d1
CATCCCACACTTCTCG-1,2.2568936,4.244265,s1d1
CATCCCACAGTTCTAG-1,11.555011,6.3330574,s1d1
CATCCCATCCACAGGC-1,11.342735,7.724669,s1d1
CATCCCATCCTACTGC-1,11.139478,8.808385,s1d1
CATCCCATCGTCTCAC-1,5.8765163,-2.9776826,s1d1
CATCCCATCGTGACTA-1,5.5730853,-2.7179868,s1d1
CATCCGTAGAGTGACC-1,2.9021397,7.0381823,s1d1
CATCCGTCAGGTCCGT-1,5.112735,16.347843,s1d1
CATCCGTCATGGTGGA-1,12.710961,6.5915127,s1d1
CATCCGTGTACGTGTT-1,7.411384,-3.6667838,s1d1
CATCCGTGTATCAAGA-1,10.035141,11.962636,s1d1
CATCCGTGTCTCTCCA-1,13.244722,6.611291,s1d1
CATCCGTTCTTACACT-1,10.111176,5.776917,s1d1
CATCCGTTCTTTGCAT-1,-5.2569203,9.699434,s1d1
CATCGCTAGGCACCAA-1,11.115417,8.243108,s1d1
CATCGCTCACGAAGAC-1,3.1672192,18.08951,s1d1
CATCGCTGTTACAGCT-1,5.3396215,-4.8070707,s1d1
CATCGCTGTTCTTGTT-1,10.286199,4.9004784,s1d1
CATCGCTTCGACGCTG-1,12.139342,6.302523,s1d1
CATCGGGAGAAACCCG-1,12.449544,10.169545,s1d1
CATCGGGAGCTAATGA-1,3.2664616,3.382912,s1d1
CATCGGGAGGCCATAG-1,-5.6325297,8.758918,s1d1
CATCGGGCAGATCATC-1,7.7847586,-1.9698907,s1d1
CATCGGGCAGCATCTA-1,6.292455,-0.767904,s1d1
CATCGGGCAGTCGAGA-1,11.521662,10.65978,s1d1
CATCGGGGTCTCTCCA-1,4.0789433,17.371408,s1d1
CATCGGGGTGATGAAT-1,-4.438218,10.436365,s1d1
CATCGGGGTGGCTAGA-1,11.744986,7.102238,s1d1
CATCGGGTCACTGCTC-1,2.2160306,17.404078,s1d1
CATCGGGTCGACCATA-1,2.269249,5.849791,s1d1
CATCGGGTCTTAGGAC-1,6.2222443,6.703789,s1d1
CATCGTCAGCACCTGC-1,-5.4256077,8.010775,s1d1
CATCGTCCAACGATCT-1,11.082836,12.197646,s1d1
CATCGTCCACTACGGC-1,12.665962,7.7389803,s1d1
CATCGTCCATAAGCGG-1,5.267354,-2.226863,s1d1
CATCGTCGTGTGCTTA-1,11.858087,11.224331,s1d1
CATCGTCGTTAGGCTT-1,10.677822,12.578375,s1d1
CATCGTCGTTTCTTAC-1,-0.3573521,3.7719173,s1d1
CATCGTCTCAACCCGG-1,9.853008,13.5008545,s1d1
CATCGTCTCGCAATTG-1,11.311283,10.791301,s1d1
CATGAGTAGCGCCTAC-1,16.624546,8.638592,s1d1
CATGAGTAGGCATGGT-1,10.611367,7.9675465,s1d1
CATGAGTAGTGCACCC-1,11.213631,7.9326863,s1d1
CATGAGTCAAGGCGTA-1,-5.532203,10.021606,s1d1
CATGAGTGTAGCACAG-1,5.6794443,-3.7337816,s1d1
CATGAGTGTTAAGGGC-1,11.309367,9.1770735,s1d1
CATGAGTTCACATCAG-1,11.915829,6.562238,s1d1
CATGAGTTCATCAGTG-1,14.399529,10.5981045,s1d1
CATGAGTTCCCTTGGT-1,11.418085,14.011503,s1d1
CATGAGTTCCGCGAGT-1,11.257104,6.7184844,s1d1
CATGAGTTCGAATGCT-1,8.965605,2.9820302,s1d1
CATGCAAAGCTCCCTT-1,12.333465,12.391678,s1d1
CATGCAAAGTGGAAGA-1,7.0323124,-3.8753934,s1d1
CATGCAAAGTTGTAGA-1,10.769872,9.34779,s1d1
CATGCAACAAATAGCA-1,11.412587,13.33803,s1d1
CATGCAACAACGGGTA-1,9.993264,5.245187,s1d1
CATGCAACACAGACGA-1,12.078449,13.4246855,s1d1
CATGCAAGTAGTTACC-1,10.227846,10.52647,s1d1
CATGCAAGTTGTTGTG-1,9.763219,12.583066,s1d1
CATGCAATCCTTTAGT-1,15.396615,9.314377,s1d1
CATGCCTAGTGATAGT-1,12.280743,13.287448,s1d1
CATGCCTAGTTTCGAC-1,2.440434,8.500732,s1d1
CATGCCTCACGGCTAC-1,-5.665672,7.736786,s1d1
CATGCCTGTAGGGAGG-1,14.523947,10.512542,s1d1
CATGCCTGTATGAGGC-1,11.719608,6.898928,s1d1
CATGCCTTCCGAAGGA-1,16.874203,5.006404,s1d1
CATGCCTTCGACATCA-1,12.156585,10.043158,s1d1
CATGCGGAGCTGAAGC-1,5.5602274,-3.8271923,s1d1
CATGCGGAGTGCGTCC-1,5.0188613,17.980083,s1d1
CATGCGGCACATATGC-1,6.790241,6.0733595,s1d1
CATGCGGGTAAGATTG-1,0.51226336,5.144225,s1d1
CATGCGGGTTATCTTC-1,4.403879,18.781017,s1d1
CATGCGGTCCGACGGT-1,12.347992,12.289117,s1d1
CATGCTCAGCGGTAGT-1,10.667748,11.368021,s1d1
CATGCTCAGGACCCAA-1,-1.9860331,4.2862844,s1d1
CATGCTCCATACCACA-1,10.997287,6.863059,s1d1
CATGCTCGTGTGTCGC-1,-0.715344,5.02233,s1d1
CATGCTCGTTCAGCGC-1,3.9487214,4.65512,s1d1
CATGCTCGTTTAAGGA-1,3.1310546,17.557579,s1d1
CATGCTCTCACTACTT-1,13.8474245,10.679592,s1d1
CATGCTCTCGGTCGGT-1,10.368747,12.177618,s1d1
CATGGATCAAGAAACT-1,11.147061,13.774334,s1d1
CATGGATCATTGACCA-1,9.924099,5.293974,s1d1
CATGGATGTGAGGCAT-1,17.010994,5.3307505,s1d1
CATGGTAAGTCGCGAA-1,16.929708,5.6081767,s1d1
CATGGTACACAACGTT-1,10.426528,11.113632,s1d1
CATGGTACACCTCGTT-1,0.8710481,5.4231796,s1d1
CATGGTAGTACGGCAA-1,10.882738,8.320587,s1d1
CATGGTATCGGTCGAC-1,16.227541,8.957493,s1d1
CATTCATAGACATGCG-1,6.6831083,3.0900948,s1d1
CATTCATAGGCTCACC-1,5.0669017,19.569132,s1d1
CATTCATGTCATACCA-1,11.523181,10.115615,s1d1
CATTCATGTCCTTAAG-1,11.048104,10.092235,s1d1
CATTCATGTGCCGGTT-1,-5.697518,9.455053,s1d1
CATTCATGTGCCGTTG-1,10.332182,7.15524,s1d1
CATTCATTCTTTCCAA-1,11.444496,10.471028,s1d1
CATTCATTCTTTCTAG-1,1.1868569,4.394906,s1d1
CATTCCGAGCAGGCTA-1,11.141913,8.804218,s1d1
CATTCCGAGGAGTATT-1,5.404228,-2.564719,s1d1
CATTCCGAGTATAACG-1,2.3949976,7.8781185,s1d1
CATTCCGCAACACAAA-1,10.881834,6.223076,s1d1
CATTCCGCAAGTGGGT-1,10.532502,9.709298,s1d1
CATTCCGCACCTGATA-1,6.822931,-5.352512,s1d1
CATTCCGCATGACTCA-1,3.095511,14.552838,s1d1
CATTCCGGTAAGACCG-1,10.615885,7.1073313,s1d1
CATTCCGGTGCATCTA-1,13.2041,9.484546,s1d1
CATTCCGGTGCATGAG-1,13.158965,5.343893,s1d1
CATTCCGTCCATGAGT-1,2.4585721,4.1322074,s1d1
CATTCCGTCGAGATGG-1,2.7420156,17.838333,s1d1
CATTCCGTCGAGCCTG-1,14.456816,6.056844,s1d1
CATTCCGTCTGATGGT-1,3.253307,2.96635,s1d1
CATTCTAAGACGGAAA-1,5.025095,19.275494,s1d1
CATTCTAAGGTCCGAA-1,4.8764887,19.494255,s1d1
CATTCTAAGTCGGCAA-1,5.4461856,-1.7826734,s1d1
CATTCTACATAGTCGT-1,2.7869608,17.745592,s1d1
CATTCTACATGGGAAC-1,7.001182,-5.021567,s1d1
CATTCTAGTCACTCAA-1,10.099409,11.35192,s1d1
CATTCTAGTCGTTCAA-1,-5.77889,8.878118,s1d1
CATTCTATCAAACGAA-1,9.596578,4.996728,s1d1
CATTCTATCAGCCTCT-1,11.951534,9.464474,s1d1
CATTCTATCTGAGGTT-1,2.769594,17.61672,s1d1
CATTGAGAGCACAAAT-1,5.8711553,-1.107738,s1d1
CATTGAGAGCTAGAAT-1,-0.16350645,4.8957677,s1d1
CATTGAGAGGTGATAT-1,4.0938063,4.6793575,s1d1
CATTGAGCATGTAACC-1,11.08985,8.300638,s1d1
CATTGAGGTAAGGTCG-1,14.966103,8.716083,s1d1
CATTGAGGTCGCACAC-1,12.868549,5.5942426,s1d1
CATTGAGGTGAACGGT-1,-1.2011374,5.164672,s1d1
CATTGAGGTTGAATCC-1,11.513284,12.603965,s1d1
CATTGAGGTTTGGGTT-1,7.2164035,-4.8182626,s1d1
CATTGAGTCCTCTAAT-1,5.1561246,19.17819,s1d1
CATTGCCAGAGCCATG-1,10.532407,14.494154,s1d1
CATTGCCAGAGTGACC-1,11.3259,9.860386,s1d1
CATTGCCAGCGTCTGC-1,9.5680685,2.463243,s1d1
CATTGCCAGGTGAGAA-1,6.9560995,2.6682632,s1d1
CATTGCCGTAAGATAC-1,14.272894,6.519274,s1d1
CATTGCCGTAGGCTGA-1,10.167676,13.686122,s1d1
CATTGCCGTAGGTAGC-1,12.889539,14.024207,s1d1
CATTGCCGTGAATATG-1,16.621405,8.519316,s1d1
CATTGCCGTGCGAGTA-1,-5.5477757,8.035511,s1d1
CATTGCCTCCATGAGT-1,11.485986,6.3539524,s1d1
CATTGTTCAATGTCTG-1,11.168777,10.754098,s1d1
CATTGTTGTTCCTTGC-1,12.520063,5.70551,s1d1
CATTGTTTCCATTTGT-1,11.555609,7.708825,s1d1
CATTGTTTCGATACTG-1,5.3727574,19.417725,s1d1
CATTGTTTCGCTGATA-1,17.311586,5.367422,s1d1
CATTGTTTCTCGGGAC-1,10.84506,11.10991,s1d1
CATTGTTTCTCGTCAC-1,5.339711,16.206123,s1d1
CATTTCAAGCCTTTGA-1,10.064504,6.803348,s1d1
CATTTCAAGCTTAAGA-1,1.2508467,7.5422297,s1d1
CATTTCACAATGAAAC-1,11.006708,-0.6434232,s1d1
CATTTCACAGTAACGG-1,16.198887,8.741744,s1d1
CATTTCAGTCATGCAT-1,-1.09622,4.2452273,s1d1
CATTTCAGTGGTAACG-1,13.541928,6.39436,s1d1
CATTTCAGTTGAATCC-1,11.585534,9.83533,s1d1
CATTTCAGTTTCACTT-1,16.004328,9.146489,s1d1
CATTTCATCACGGACC-1,2.5482893,7.4790106,s1d1
CATTTCATCAGACTGT-1,1.4519262,7.405766,s1d1
CATTTCATCCACGTGG-1,3.4757779,18.31436,s1d1
CATTTCATCCCTCGTA-1,4.5004983,18.847807,s1d1
CATTTCATCTTCCACG-1,12.800693,8.145926,s1d1
CCAAGCGAGCGCCTCA-1,6.390594,-3.0226789,s1d1
CCAAGCGAGGCATTTC-1,-2.3161092,5.7564635,s1d1
CCAAGCGAGGTCACAG-1,1.9090896,7.6731644,s1d1
CCAAGCGCAAGTCCAT-1,4.9686046,-2.8892415,s1d1
CCAAGCGCAGCTGAAG-1,5.187586,20.056189,s1d1
CCAAGCGGTCTAGGCC-1,7.467036,-1.0898594,s1d1
CCAAGCGTCCTGTAAG-1,12.1100645,13.823228,s1d1
CCAAGCGTCGCTTTAT-1,6.628933,-0.587193,s1d1
CCAATGAAGAAGTCCG-1,6.503051,6.384944,s1d1
CCAATGAAGAGCCCAA-1,10.81668,8.852863,s1d1
CCAATGAAGCGAGAAA-1,5.785379,16.633509,s1d1
CCAATGAAGGCCTAGA-1,5.6188154,18.805735,s1d1
CCAATGAAGTGACCTT-1,3.521788,14.695905,s1d1
CCAATGAAGTTAGTAG-1,-4.1079555,3.853998,s1d1
CCAATGAGTAGTTACC-1,12.132508,6.4940596,s1d1
CCAATGATCTTCGACC-1,10.531076,16.733624,s1d1
CCAATTTAGTCATCCA-1,3.2966003,2.108604,s1d1
CCAATTTCAATCAGCT-1,7.1270075,2.8225772,s1d1
CCAATTTGTCCAGCCA-1,15.241741,8.552021,s1d1
CCAATTTGTCCTGTTC-1,2.7127802,15.552186,s1d1
CCAATTTGTTGGATCT-1,4.7221947,19.678198,s1d1
CCAATTTTCACCGGGT-1,6.1844797,-4.713964,s1d1
CCAATTTTCCTTACCG-1,-5.930724,7.888947,s1d1
CCAATTTTCGAAGTGG-1,13.265666,14.045803,s1d1
CCAATTTTCTGCTAGA-1,-5.4907336,9.762124,s1d1
CCAATTTTCTGGAAGG-1,10.842895,9.88612,s1d1
CCAATTTTCTGGGATT-1,6.0925016,17.051361,s1d1
CCACAAAAGATAGCTA-1,-5.40907,10.562672,s1d1
CCACAAAAGTCAGGGT-1,10.081124,-4.608023,s1d1
CCACAAACACTAGAGG-1,10.989476,10.289251,s1d1
CCACAAACATTGCCTC-1,6.0361524,-3.301747,s1d1
CCACAAATCACCTACC-1,10.560963,12.452288,s1d1
CCACAAATCAGGCGAA-1,12.841953,13.674002,s1d1
CCACAAATCGGAAGGT-1,3.51231,6.412778,s1d1
CCACACTAGTATAGAC-1,4.3492107,20.109049,s1d1
CCACACTCAGTTTCAG-1,12.870783,6.0261936,s1d1
CCACACTCATGAAAGT-1,6.346375,-3.2729464,s1d1
CCACACTGTGCGGCTT-1,10.566349,8.195367,s1d1
CCACACTGTTTCGTAG-1,13.311859,5.6321526,s1d1
CCACACTTCTTCGGTC-1,16.682297,8.147263,s1d1
CCACCATAGCTAGCCC-1,2.0544627,4.064547,s1d1
CCACCATAGTGCAGGT-1,12.256436,12.179895,s1d1
CCACCATCAAGGTCGA-1,12.289992,11.669287,s1d1
CCACCATCACGCGTCA-1,6.435315,-4.8223705,s1d1
CCACCATCAGAGGAAA-1,-5.973322,8.8583,s1d1
CCACCATCAGTCTTCC-1,5.869088,16.835348,s1d1
CCACCATGTATCTTCT-1,5.0325837,-3.911295,s1d1
CCACCATGTCCAGCAC-1,2.5374086,17.331589,s1d1
CCACCATGTGACAGGT-1,11.954439,10.830301,s1d1
CCACCATGTGATAGAT-1,11.520754,9.652729,s1d1
CCACCATGTTGCATTG-1,0.6927513,4.6551204,s1d1
CCACCATTCTCCCAAC-1,11.481875,13.86627,s1d1
CCACGAGAGATAGTCA-1,8.461647,-3.9756596,s1d1
CCACGAGAGCGCCGTT-1,10.048439,6.257232,s1d1
CCACGAGAGGCTTAAA-1,10.307371,10.246633,s1d1
CCACGAGAGTGACACG-1,6.4099517,-2.3578758,s1d1
CCACGAGCAACCGTGC-1,10.385544,11.462817,s1d1
CCACGAGCACACCAGC-1,9.672169,5.134182,s1d1
CCACGAGCACTGTTCC-1,-1.4806802,4.2287683,s1d1
CCACGAGCAGCGCGTT-1,-3.7220526,9.20708,s1d1
CCACGAGCATGGGCAA-1,9.330606,4.312538,s1d1
CCACGAGGTAGTGTGG-1,10.495439,11.729256,s1d1
CCACGAGGTCTTGCTC-1,12.328166,13.722195,s1d1
CCACGAGTCAACACCA-1,14.032922,5.7949476,s1d1
CCACGAGTCTCGCTTG-1,11.180922,6.211783,s1d1
CCACGTTCAACAGCCC-1,11.673792,11.412625,s1d1
CCACGTTCAAGACCGA-1,5.1970735,-2.8129284,s1d1
CCACGTTCATCGGTTA-1,6.454779,-5.003412,s1d1
CCACGTTGTGCACGCT-1,2.0524232,8.051855,s1d1
CCACGTTTCGTCGCTT-1,7.2489634,3.5265977,s1d1
CCACGTTTCGTCTCAC-1,11.239279,5.5636535,s1d1
CCACGTTTCTTAATCC-1,10.1979,13.287165,s1d1
CCACTTGAGCATTTGC-1,5.9067354,-3.1539125,s1d1
CCACTTGCAACCACAT-1,-5.590973,7.4060144,s1d1
CCACTTGCATGTGTCA-1,5.6941957,-4.4119067,s1d1
CCACTTGGTCCAATCA-1,4.719202,4.520501,s1d1
CCACTTGTCCACACCT-1,15.132746,8.569246,s1d1
CCACTTGTCCTTCTGG-1,6.0816116,3.4492767,s1d1
CCATAAGCAAACTAGA-1,2.8717663,17.57159,s1d1
CCATAAGCAAGACGAC-1,11.625765,7.6289124,s1d1
CCATAAGCACTTCTCG-1,6.7435446,18.30435,s1d1
CCATAAGCATTGAGCT-1,-4.5301595,7.8728747,s1d1
CCATAAGGTCAGTCTA-1,9.502948,2.0721812,s1d1
CCATAAGTCGTGAGAG-1,9.805118,5.174034,s1d1
CCATAAGTCGTGGGTC-1,3.242239,3.192839,s1d1
CCATCACAGAGTTGCG-1,4.1609893,19.334715,s1d1
CCATCACCACCCTTGT-1,6.414914,-2.2189178,s1d1
CCATCACCATGATAGA-1,14.480176,6.1073956,s1d1
CCATCACTCAAGTCTG-1,11.708087,8.678277,s1d1
CCATCACTCACGTCCT-1,15.5961895,8.567875,s1d1
CCATCACTCGATGCAT-1,3.008111,2.3948383,s1d1
CCATCACTCGTTATCT-1,-0.5138772,4.8544035,s1d1
CCATCACTCTACCAGA-1,2.737847,6.458472,s1d1
CCCAACTAGACTTAAG-1,13.005119,12.447195,s1d1
CCCAACTAGAGTCTTC-1,12.0342455,12.705968,s1d1
CCCAACTAGGCTATCT-1,12.789393,7.97118,s1d1
CCCAACTAGTCACAGG-1,4.687852,19.321308,s1d1
CCCAACTAGTCTGCAT-1,8.738882,1.3997588,s1d1
CCCAACTCACAGCCTG-1,-4.1031547,8.109131,s1d1
CCCAACTCAGACACAG-1,-3.392875,9.145921,s1d1
CCCAACTCAGCTTCCT-1,-0.3924409,4.523344,s1d1
CCCAACTCAGGTTACT-1,-4.9065185,8.464024,s1d1
CCCAACTTCTACTTCA-1,13.106261,13.584795,s1d1
CCCAACTTCTGAACGT-1,10.150505,18.037344,s1d1
CCCAACTTCTGGGTCG-1,10.726688,-1.1293976,s1d1
CCCATTGAGTTGGGAC-1,11.480261,6.811063,s1d1
CCCATTGCAAATGAAC-1,9.612663,5.1882963,s1d1
CCCATTGCAACAAGAT-1,11.090777,10.493317,s1d1
CCCATTGCACACGTGC-1,10.342628,11.500652,s1d1
CCCATTGCAGAAGTGC-1,5.6294665,19.445635,s1d1
CCCATTGCATGGGAAC-1,10.480841,12.230909,s1d1
CCCATTGGTAGGTCAG-1,-0.8092428,4.1362214,s1d1
CCCATTGGTATGGTAA-1,6.832816,-5.458533,s1d1
CCCATTGGTCAGATTC-1,14.948231,9.120388,s1d1
CCCATTGTCCAATCTT-1,5.26143,17.553432,s1d1
CCCATTGTCTAACACG-1,5.955229,6.667865,s1d1
CCCGAAGAGGCATGCA-1,9.758056,-4.3913903,s1d1
CCCGAAGCACAAGCAG-1,12.340075,13.295965,s1d1
CCCGAAGCATAACGGG-1,5.074098,17.814995,s1d1
CCCGAAGGTCACTGAT-1,3.9965405,13.94522,s1d1
CCCGAAGGTGGTATGG-1,12.15663,10.210332,s1d1
CCCGAAGGTTGTGTAC-1,5.5933394,16.487692,s1d1
CCCGAAGTCATTTGGG-1,10.05491,17.613735,s1d1
CCCGAAGTCCATGCAA-1,12.944581,12.076606,s1d1
CCCGAAGTCGTGGTAT-1,14.327362,8.361395,s1d1
CCCGGAAAGACATCAA-1,11.734105,8.859,s1d1
CCCGGAAAGACCTCCG-1,9.653152,8.088753,s1d1
CCCGGAAAGGGCAATC-1,8.853334,2.6535451,s1d1
CCCGGAAAGTAAACTG-1,11.2165365,9.16349,s1d1
CCCGGAACACGTTCGG-1,9.661469,4.70427,s1d1
CCCGGAACACTTCCTG-1,11.246347,6.5328774,s1d1
CCCGGAACATGAGGGT-1,10.570655,14.150273,s1d1
CCCGGAAGTACGGCAA-1,12.211511,10.14497,s1d1
CCCGGAAGTGTCTCCT-1,10.83588,12.32804,s1d1
CCCGGAATCAAATGCC-1,7.0326014,-3.3369403,s1d1
CCCGGAATCAACACCA-1,12.475214,9.021596,s1d1
CCCGGAATCAACTGAC-1,-5.3696785,10.814951,s1d1
CCCGGAATCCTAAGTG-1,5.560462,-3.2587383,s1d1
CCCGGAATCGCCAGTG-1,15.023353,8.802188,s1d1
CCCGGAATCGGCTGGT-1,7.768511,-0.045994814,s1d1
CCCGGAATCTGCGGCA-1,12.248005,10.86509,s1d1
CCCTAACAGGCAGGTT-1,2.5339608,8.128604,s1d1
CCCTAACAGGGCAGAG-1,6.2253423,-1.4201957,s1d1
CCCTAACCAAACTAGA-1,5.985624,3.5862236,s1d1
CCCTAACCAAATGATG-1,5.9386544,-5.547759,s1d1
CCCTAACGTCATCCGG-1,-4.85129,10.105116,s1d1
CCCTAACGTCGAATGG-1,11.900574,10.57517,s1d1
CCCTAACGTTGACTGT-1,16.566795,8.956802,s1d1
CCCTAACTCAACGAGG-1,11.583316,10.045792,s1d1
CCCTAACTCTGGGCAC-1,12.783461,10.236582,s1d1
CCCTCAAAGAAAGTCT-1,8.519362,7.936649,s1d1
CCCTCAAAGAACCCGA-1,11.33159,12.216699,s1d1
CCCTCAAAGATCCGAG-1,0.57434034,5.2491136,s1d1
CCCTCAAAGCCTGTGC-1,11.191497,9.972157,s1d1
CCCTCAAAGGATGTTA-1,2.6274118,5.300985,s1d1
CCCTCAAAGGGCGAGA-1,8.256278,-4.5373106,s1d1
CCCTCAAAGTGGCGAT-1,1.866335,5.576124,s1d1
CCCTCAACAGAACTAA-1,9.305428,2.1401694,s1d1
CCCTCAACAGCTCCTT-1,5.6104255,-2.2517202,s1d1
CCCTCAACATCATTGG-1,9.475253,5.2024503,s1d1
CCCTCAATCCTGTTGC-1,10.357995,6.3702054,s1d1
CCCTCAATCGGTCTGG-1,11.825508,11.815596,s1d1
CCCTCTCAGAGGTCGT-1,14.23301,9.751653,s1d1
CCCTCTCAGTCGGGAT-1,3.0461164,18.042965,s1d1
CCCTCTCCAAACTGCT-1,5.2208576,16.667244,s1d1
CCCTCTCCAATCTGCA-1,-4.637093,7.25148,s1d1
CCCTCTCCACGCAAAG-1,-6.2806664,8.611397,s1d1
CCCTCTCCAGTCTTCC-1,15.9526,8.769412,s1d1
CCCTCTCGTATCCCAA-1,11.978346,7.2012987,s1d1
CCCTCTCGTCTTTCAT-1,5.780073,6.3223777,s1d1
CCCTCTCTCACTGTTT-1,7.25645,-5.4177527,s1d1
CCCTCTCTCCCGAGGT-1,-1.8422301,7.15716,s1d1
CCCTCTCTCGCCATAA-1,-0.60177743,3.9608774,s1d1
CCCTGATAGATCACTC-1,6.0913153,-5.094165,s1d1
CCCTGATCAACTCCCT-1,11.48972,11.45269,s1d1
CCCTGATCACGACGTC-1,10.303531,10.923897,s1d1
CCCTGATCATCGGAGA-1,12.077144,12.666169,s1d1
CCCTGATGTAGGCTCC-1,8.550148,1.6858277,s1d1
CCCTGATGTGGCTTGC-1,11.994768,12.307001,s1d1
CCCTGATTCAATGTCG-1,-5.030208,4.015981,s1d1
CCCTGATTCCGTCACT-1,12.903199,7.1810427,s1d1
CCCTGATTCGTAACTG-1,9.641139,13.656341,s1d1
CCCTGATTCTCCCAAC-1,11.352484,9.469079,s1d1
CCCTGATTCTGTCCCA-1,-4.3792253,7.515362,s1d1
CCCTTAGCACGGCGTT-1,10.744181,12.921472,s1d1
CCCTTAGCAGTATACC-1,5.545504,19.334272,s1d1
CCCTTAGGTCGTAATC-1,12.576654,6.0634727,s1d1
CCCTTAGGTGGACAGT-1,8.285168,-4.3414598,s1d1
CCCTTAGTCATGTCTT-1,12.47369,12.392326,s1d1
CCGAACGAGATAGTGT-1,11.718174,8.967835,s1d1
CCGAACGAGATGTTAG-1,11.6951065,10.81833,s1d1
CCGAACGAGTATGGAT-1,12.19544,11.698451,s1d1
CCGAACGCACGCGCTA-1,12.489844,7.966195,s1d1
CCGAACGCATTCGGGC-1,6.270558,-3.5492985,s1d1
CCGAACGGTCGCTCGA-1,2.9011073,8.292497,s1d1
CCGAACGGTGGCTTGC-1,-2.0748043,5.346203,s1d1
CCGAACGTCGACACCG-1,5.9009757,-0.7830281,s1d1
CCGAACGTCTGGACTA-1,6.7192316,18.21741,s1d1
CCGATCTCAAAGGCTG-1,6.5162773,5.0634446,s1d1
CCGATCTCACTAAACC-1,3.397008,5.2028875,s1d1
CCGATCTCATAACGGG-1,5.8149796,-1.3555586,s1d1
CCGATCTGTATGAGGC-1,6.1473002,-4.682865,s1d1
CCGATCTGTCAAGGCA-1,8.315036,-1.5954822,s1d1
CCGATCTGTCGTGTTA-1,6.112204,16.422272,s1d1
CCGATCTGTGTTTGCA-1,6.6287813,18.32404,s1d1
CCGATCTGTTTCCATT-1,-5.843542,9.013609,s1d1
CCGATCTTCCTGTTGC-1,10.800462,9.979312,s1d1
CCGATCTTCGACGAGA-1,5.5458393,16.101583,s1d1
CCGATCTTCGAGATAA-1,10.452642,8.4884205,s1d1
CCGATCTTCTAAGGAA-1,5.334457,20.071674,s1d1
CCGATGGAGAGAGAAC-1,7.217209,-5.0511,s1d1
CCGATGGAGGTAGCCA-1,-3.841801,9.186315,s1d1
CCGATGGCAAAGGGCT-1,11.645555,13.88795,s1d1
CCGATGGCACGTGTGC-1,7.700578,-4.8806443,s1d1
CCGATGGCAGAGTTGG-1,4.726462,19.270803,s1d1
CCGATGGCAGTCTACA-1,13.538286,11.377206,s1d1
CCGATGGGTCAGTCCG-1,4.538503,19.073366,s1d1
CCGATGGGTGACTAAA-1,5.874463,17.131868,s1d1
CCGATGGGTTCGAAGG-1,3.1846082,16.59769,s1d1
CCGATGGGTTTACGAC-1,14.730962,9.442125,s1d1
CCGATGGTCCATGATG-1,4.7544084,17.863358,s1d1
CCGATGGTCCGAACGC-1,6.6955066,2.232855,s1d1
CCGATGGTCGAGATAA-1,-5.511329,10.058949,s1d1
CCGCAAGCAGTTCACA-1,5.9720893,-1.9124373,s1d1
CCGCAAGGTAGCTGCC-1,3.0197227,18.344011,s1d1
CCGCAAGGTCAGCGTC-1,15.130172,8.437472,s1d1
CCGCAAGGTCGGCACT-1,12.49109,6.797428,s1d1
CCGCAAGGTGTGACCC-1,1.8739235,8.700584,s1d1
CCGCAAGTCAGGAGAC-1,3.415811,5.9586926,s1d1
CCGCAAGTCCAGTGTA-1,-1.3891329,4.9423766,s1d1
CCGCAAGTCCTATGGA-1,11.875738,6.519782,s1d1
CCGCAAGTCGAGATAA-1,1.5265917,4.064184,s1d1
CCGGACAAGAAGGATG-1,14.651579,5.8955903,s1d1
CCGGACAAGCACCCAC-1,5.2653475,19.374681,s1d1
CCGGACAAGCTTCGTA-1,11.102297,6.081757,s1d1
CCGGACACAAGACAAT-1,10.918235,12.60555,s1d1
CCGGACACAGAAGCTG-1,5.9644866,-4.8770595,s1d1
CCGGACACATGAATCC-1,16.157299,8.551507,s1d1
CCGGACAGTCGGTGAA-1,11.912349,13.761178,s1d1
CCGGACATCGAGATAA-1,3.0104847,17.905567,s1d1
CCGGACATCGTACACA-1,12.016002,6.154283,s1d1
CCGGACATCGTACCTC-1,4.9597616,17.601175,s1d1
CCGGGTAAGATGGCAC-1,-2.160709,3.9770086,s1d1
CCGGGTAAGCATCGAG-1,2.634864,18.317665,s1d1
CCGGGTAAGCCAAGTG-1,11.780297,11.614326,s1d1
CCGGGTAAGGTCGTCC-1,-5.83275,7.038277,s1d1
CCGGGTAAGTGCACCC-1,11.44634,10.84687,s1d1
CCGGGTACATCGCTCT-1,10.208177,12.80926,s1d1
CCGGGTAGTCCCACGA-1,10.370153,10.487337,s1d1
CCGGGTAGTCCCGCAA-1,8.740424,2.150601,s1d1
CCGGGTAGTTCTCCTG-1,3.0802913,3.039638,s1d1
CCGGGTAGTTGCTTGA-1,-5.843071,10.061531,s1d1
CCGGGTATCATACGAC-1,11.5599,6.62692,s1d1
CCGGGTATCGGCACTG-1,2.1743238,7.1319695,s1d1
CCGGTAGAGTAAGACT-1,-5.4996448,9.732356,s1d1
CCGGTAGCACAAATAG-1,9.796687,4.239055,s1d1
CCGGTAGCAGGAATAT-1,13.678999,5.5857263,s1d1
CCGGTAGCATTGACAC-1,10.128408,7.712564,s1d1
CCGGTAGGTGACATCT-1,4.2646775,18.703388,s1d1
CCGGTAGGTGCATACT-1,10.846845,11.971993,s1d1
CCGGTAGGTTGGGCCT-1,10.94513,8.171249,s1d1
CCGGTAGTCATGCAGT-1,2.957099,17.799246,s1d1
CCGGTAGTCGCAACAT-1,6.8908663,-3.871461,s1d1
CCGGTAGTCGCTTGAA-1,6.784773,18.36446,s1d1
CCGGTGAAGATTGGGC-1,5.8821588,-5.3001604,s1d1
CCGGTGACACTTCAGA-1,9.074993,2.5004752,s1d1
CCGGTGACAGCATCTA-1,5.96961,16.682938,s1d1
CCGGTGAGTATGCAAA-1,-5.878936,9.741436,s1d1
CCGGTGAGTGGATTTC-1,4.61988,20.195301,s1d1
CCGGTGATCAGCGGAA-1,13.897613,6.251702,s1d1
CCGGTGATCATTCACT-1,5.426396,16.530529,s1d1
CCGGTGATCGGATACT-1,11.087352,7.0604515,s1d1
CCGGTGATCGTTGTGA-1,-4.3255963,8.546843,s1d1
CCGTAGGAGGGACCAT-1,-5.0802183,6.51426,s1d1
CCGTAGGAGTGACCTT-1,11.104258,12.699548,s1d1
CCGTAGGCAAGATGGC-1,2.2494764,5.498362,s1d1
CCGTAGGCAATAAGGT-1,11.191685,5.7330046,s1d1
CCGTAGGCAATAGTGA-1,5.8450174,16.897146,s1d1
CCGTAGGCACATACTG-1,13.499213,10.161371,s1d1
CCGTAGGCATGGCCCA-1,-4.8030133,8.871663,s1d1
CCGTAGGGTAGTCCTA-1,2.0042706,5.4641,s1d1
CCGTAGGGTATTTCTC-1,5.084619,19.881493,s1d1
CCGTAGGGTCTAACTG-1,10.733034,12.49659,s1d1
CCGTAGGGTTAAACAG-1,11.433709,11.806709,s1d1
CCGTAGGTCTATTTCG-1,10.549739,10.815088,s1d1
CCGTAGGTCTCCGCAT-1,14.649581,5.919764,s1d1
CCGTGAGAGCAGGCTA-1,10.55562,8.0272,s1d1
CCGTGAGAGTCCTGCG-1,14.516283,6.3562703,s1d1
CCGTGAGCAAATCGGG-1,2.7540972,17.516356,s1d1
CCGTGAGCAACGACAG-1,11.666142,13.697606,s1d1
CCGTGAGCACTAACGT-1,9.508317,2.6839921,s1d1
CCGTGAGCATGACACT-1,1.1738565,5.997371,s1d1
CCGTGAGGTAACAGTA-1,4.8495193,4.261715,s1d1
CCGTGAGGTAGTCGGA-1,9.070691,2.5713482,s1d1
CCGTGAGGTCCACTCT-1,14.25322,8.955568,s1d1
CCGTGAGGTCCTTTGC-1,12.17968,13.840829,s1d1
CCGTGAGGTTAAGACA-1,3.7747788,18.70589,s1d1
CCGTGAGGTTTGCCGG-1,10.754733,10.5988455,s1d1
CCGTGAGTCAAGCGTT-1,6.3198915,5.692312,s1d1
CCGTTCAAGCCGCACT-1,5.7858987,-1.6254807,s1d1
CCGTTCACAAGCGAGT-1,16.528448,7.0362444,s1d1
CCGTTCACAGCTGTCG-1,9.182316,2.2158926,s1d1
CCGTTCAGTGAGTAGC-1,11.486466,12.149563,s1d1
CCGTTCATCGTGGACC-1,6.2282825,-5.323898,s1d1
CCGTTCATCTAACGGT-1,13.539935,6.864402,s1d1
CCTAACCAGAATCGTA-1,5.0615926,19.602226,s1d1
CCTAACCAGATGGTAT-1,11.272296,6.7182426,s1d1
CCTAACCAGGGATCGT-1,13.405319,8.147864,s1d1
CCTAACCAGGGTTGCA-1,14.06666,9.421849,s1d1
CCTAACCCATGTGGCC-1,16.061905,4.8354073,s1d1
CCTAACCGTCGTATGT-1,6.988082,4.277955,s1d1
CCTAACCGTTGTATGC-1,9.554901,4.822915,s1d1
CCTAACCTCACCCTGT-1,6.7900805,-4.4492965,s1d1
CCTAACCTCACTAGCA-1,3.5967216,13.218427,s1d1
CCTAACCTCAGCTAGT-1,5.3133216,18.4102,s1d1
CCTAACCTCCATAGGT-1,10.640892,9.89508,s1d1
CCTAACCTCCCTCTTT-1,13.770131,12.88257,s1d1
CCTAACCTCCTACTGC-1,4.3800254,19.897465,s1d1
CCTAACCTCCTTATCA-1,5.504046,18.480814,s1d1
CCTAACCTCGGTCAGC-1,5.862793,-2.8178694,s1d1
CCTAAGAAGGACTATA-1,5.727479,-3.2552598,s1d1
CCTAAGACACAGTGTT-1,1.4496872,5.1883054,s1d1
CCTAAGACACTAACCA-1,8.560688,2.3431575,s1d1
CCTAAGAGTACCAGAG-1,12.140848,12.703107,s1d1
CCTAAGAGTACCTATG-1,11.585838,10.252696,s1d1
CCTAAGAGTGTTAACC-1,3.2405941,6.7507133,s1d1
CCTAAGATCCATTGGA-1,10.243691,7.8547244,s1d1
CCTAAGATCCCTCGAT-1,12.050283,11.309973,s1d1
CCTACGTAGCTGACTT-1,9.03968,1.4885123,s1d1
CCTACGTCACATGTTG-1,12.491139,7.634215,s1d1
CCTACGTCACGGTGAA-1,5.7447596,18.933167,s1d1
CCTACGTCAGCACAGA-1,6.4916778,-3.4150715,s1d1
CCTACGTGTACAAAGT-1,11.546891,12.651562,s1d1
CCTACGTGTACTTCCC-1,10.454845,13.701877,s1d1
CCTACGTGTGGAACCA-1,10.372267,6.33734,s1d1
CCTACGTTCACGGAGA-1,5.4219475,16.209566,s1d1
CCTACGTTCATGAGTC-1,-5.873979,8.723313,s1d1
CCTACGTTCGGCTTGG-1,5.444652,16.78439,s1d1
CCTATCGAGCGAAACC-1,13.656526,7.0935974,s1d1
CCTATCGAGGGCCCTT-1,2.0594969,17.5576,s1d1
CCTATCGAGTGACACG-1,-0.6123288,2.8733766,s1d1
CCTATCGCAAGAAATC-1,-1.6592988,7.5316496,s1d1
CCTATCGCACGCCAGT-1,11.742115,12.802708,s1d1
CCTATCGCACTAAACC-1,7.260834,-4.8634157,s1d1
CCTATCGCACTGCGAC-1,5.0456147,-4.242765,s1d1
CCTATCGCAGTCGCAC-1,10.792146,13.58624,s1d1
CCTATCGTCAACTGGT-1,12.0360565,8.161918,s1d1
CCTATCGTCTCAACGA-1,14.681577,7.4698524,s1d1
CCTCAACAGGCGCTCT-1,9.123488,1.9606932,s1d1
CCTCAACAGGGCAAGG-1,4.5496187,20.150072,s1d1
CCTCAACCACGACAGA-1,-3.4823484,9.376562,s1d1
CCTCAACCACTACCCT-1,6.443532,-4.9969764,s1d1
CCTCAACCAGCGCTTG-1,7.0917234,-4.588331,s1d1
CCTCAACGTCCACGCA-1,5.2638493,-4.683772,s1d1
CCTCAACTCAGCTTCC-1,6.814568,-4.5433416,s1d1
CCTCAACTCCGGTAGC-1,4.3030496,19.454828,s1d1
CCTCACAAGAATACAC-1,10.134767,10.18243,s1d1
CCTCACAAGACGCCAA-1,8.888896,2.8971775,s1d1
CCTCACAAGAGCCGTA-1,6.46602,-4.6357193,s1d1
CCTCACAAGGTAGTAT-1,10.662368,11.644056,s1d1
CCTCACACAACCGATT-1,11.661135,10.387113,s1d1
CCTCACAGTTGGCCGT-1,10.015058,4.5984306,s1d1
CCTCACATCCAAGCCG-1,10.804025,-0.84482855,s1d1
CCTCACATCCCACAGG-1,2.6066306,14.291546,s1d1
CCTCACATCCCAGCGA-1,10.986193,13.737586,s1d1
CCTCACATCTGCGATA-1,13.133439,9.993884,s1d1
CCTCAGTAGATTAGAC-1,13.025216,7.3651047,s1d1
CCTCAGTAGCTGAAAT-1,4.5601835,17.228962,s1d1
CCTCAGTAGTTCATGC-1,6.290818,18.27861,s1d1
CCTCAGTCACACTTAG-1,10.691938,9.483527,s1d1
CCTCAGTCATTCTCCG-1,12.238723,9.834072,s1d1
CCTCAGTGTTATCTGG-1,3.9290543,17.434698,s1d1
CCTCAGTTCGCTGTCT-1,5.849319,18.67557,s1d1
CCTCATGAGACCTGGA-1,12.28956,6.6623206,s1d1
CCTCATGAGGACAAGA-1,1.8630346,17.270624,s1d1
CCTCATGCAAGCTCTA-1,11.559568,7.8800225,s1d1
CCTCATGCACCACATA-1,3.2051747,17.856462,s1d1
CCTCATGCAGGGATAC-1,9.341563,1.632882,s1d1
CCTCATGGTAACTAAG-1,5.0622535,-3.474357,s1d1
CCTCATGGTACTGCCG-1,2.6753316,18.153395,s1d1
CCTCATGGTACTGCGC-1,11.732321,9.005247,s1d1
CCTCATGGTGGTTTAC-1,2.7356558,6.0640063,s1d1
CCTCATGGTGTGATGG-1,12.75156,5.860299,s1d1
CCTCATGTCCCAAGCG-1,9.071869,-4.465373,s1d1
CCTCATGTCCGATTAG-1,0.18167101,4.7848907,s1d1
CCTCATGTCGAGTGAG-1,8.501174,1.4197234,s1d1
CCTCATGTCGCATTAG-1,11.838516,11.542096,s1d1
CCTCCAAAGCAATTCC-1,-4.900445,7.281853,s1d1
CCTCCAACAAGCTGTT-1,16.138239,6.459481,s1d1
CCTCCAACAATCTGCA-1,9.600944,1.5310267,s1d1
CCTCCAACAGGTTCGC-1,2.420573,8.150008,s1d1
CCTCCAACATGTTCAG-1,12.220828,12.644979,s1d1
CCTCCAAGTACCGTCG-1,8.530169,-4.311564,s1d1
CCTCCAAGTACGCTAT-1,-5.440751,10.127303,s1d1
CCTCCAAGTAGGAGTC-1,10.362623,14.597026,s1d1
CCTCCAAGTCCCACGA-1,11.299943,5.943294,s1d1
CCTCCAATCACAAGGG-1,16.590483,5.2249117,s1d1
CCTCCAATCAGTCCGG-1,11.532208,8.528463,s1d1
CCTCCAATCGCAGTTA-1,8.7112255,1.0642331,s1d1
CCTCCAATCGCGTCGA-1,5.9426117,15.988098,s1d1
CCTCCAATCGGCTGGT-1,11.606783,12.863131,s1d1
CCTCCAATCGGCTGTG-1,6.878228,17.957888,s1d1
CCTCCTCAGAGTGTTA-1,10.102188,6.701823,s1d1
CCTCCTCAGGAGGCAG-1,-5.825718,7.838432,s1d1
CCTCCTCAGTCCCAAT-1,8.254616,7.3071675,s1d1
CCTCCTCCAACTAGAA-1,12.077524,7.116987,s1d1
CCTCCTCCATAGCTGT-1,1.736967,7.090293,s1d1
CCTCCTCGTAGGCAGT-1,12.539078,13.837055,s1d1
CCTCCTCGTCAGTCTA-1,4.058126,18.548466,s1d1
CCTCCTCGTCCGACGT-1,15.386208,8.586844,s1d1
CCTCCTCTCAACCGAT-1,5.0960965,16.61661,s1d1
CCTCCTCTCAGTCTTT-1,11.674778,6.555013,s1d1
CCTCCTCTCTCGAGTA-1,11.363594,12.415415,s1d1
CCTCTAGAGCGACCCT-1,6.2228193,-1.5156537,s1d1
CCTCTAGAGGAACTCG-1,5.8542137,-4.716134,s1d1
CCTCTAGAGTAAGCAT-1,2.9303875,17.32201,s1d1
CCTCTAGCAACAGATA-1,13.037149,7.2669,s1d1
CCTCTAGCACGCCACA-1,-6.1712623,8.513141,s1d1
CCTCTAGCAGAACCGA-1,0.16873114,5.7246437,s1d1
CCTCTAGCAGCGTAGA-1,12.054685,8.794507,s1d1
CCTCTAGCATTATGCG-1,12.512681,10.98762,s1d1
CCTCTAGGTACAAGCG-1,12.316159,6.7413673,s1d1
CCTCTAGGTACCCACG-1,-0.4034009,4.021884,s1d1
CCTCTAGTCGATTGAC-1,2.6236098,18.337523,s1d1
CCTCTAGTCTACGGTA-1,13.993027,8.864859,s1d1
CCTCTCCAGGAGCTGT-1,8.103933,4.6698036,s1d1
CCTCTCCCAATAACGA-1,11.200362,6.8579416,s1d1
CCTCTCCGTACCTAGT-1,9.144474,1.7785627,s1d1
CCTCTCCGTCTCTCTG-1,13.457408,13.376419,s1d1
CCTCTCCGTGTTCGTA-1,11.438438,8.64245,s1d1
CCTCTCCGTTTGAACC-1,14.606112,6.5209093,s1d1
CCTCTCCTCCTCGATC-1,12.487702,11.249327,s1d1
CCTCTCCTCGAAACAA-1,6.28923,6.562727,s1d1
CCTGCATCAGTATTCG-1,10.615318,6.4121356,s1d1
CCTGCATTCGTTGTAG-1,0.29178542,5.179648,s1d1
CCTGCATTCTTTCCGG-1,-0.80601037,6.679791,s1d1
CCTGTTGAGCCTCTTC-1,10.549654,9.828067,s1d1
CCTGTTGCAATAGTAG-1,0.03937065,4.741928,s1d1
CCTGTTGTCAATCCGA-1,-5.559927,8.674575,s1d1
CCTGTTGTCCCGAAAT-1,8.90585,-4.364106,s1d1
CCTTCAGAGAAATTGC-1,11.351983,8.692668,s1d1
CCTTCAGAGCACACAG-1,12.839726,12.379861,s1d1
CCTTCAGCACGCAAAG-1,14.125035,5.8378997,s1d1
CCTTCAGGTGATACAA-1,5.0805764,19.183914,s1d1
CCTTCAGGTGATGGCA-1,9.849211,7.34851,s1d1
CCTTCAGGTGTGATGG-1,9.376273,2.9146218,s1d1
CCTTCAGGTTCTCCTG-1,5.927533,5.045984,s1d1
CCTTCAGGTTGGAGGT-1,8.293287,7.849624,s1d1
CCTTCAGTCCTTCAGC-1,13.007371,7.2887087,s1d1
CCTTCAGTCGTGGGTC-1,11.622618,13.106157,s1d1
CCTTGTGAGAACCCGA-1,-5.166776,4.7682066,s1d1
CCTTGTGAGAGGTTTA-1,6.2371564,-4.999803,s1d1
CCTTGTGAGGGAGGCA-1,4.2606874,5.4571276,s1d1
CCTTGTGAGGTCCTGC-1,-4.424406,6.6815767,s1d1
CCTTGTGAGTTACTCG-1,3.1530733,2.2329416,s1d1
CCTTGTGCACGACTAT-1,5.7001066,-5.1094913,s1d1
CCTTGTGCACGGTAGA-1,15.430556,8.27097,s1d1
CCTTGTGTCAAGTAAG-1,7.9176073,-3.390515,s1d1
CCTTGTGTCGGCAGTC-1,6.9558673,-4.2902446,s1d1
CCTTTGGAGACGGTTG-1,11.52817,12.110627,s1d1
CCTTTGGCAAGTTCGT-1,10.423601,7.129114,s1d1
CCTTTGGCACTGCATA-1,11.65251,9.468963,s1d1
CCTTTGGGTTGGGTAG-1,13.401342,6.622373,s1d1
CCTTTGGTCACGGTCG-1,2.3846858,17.900698,s1d1
CCTTTGGTCATCAGTG-1,9.278929,1.5714245,s1d1
CGAAGGAAGCATAGGC-1,12.383408,12.69955,s1d1
CGAAGGACAGAGCGTA-1,10.6556425,9.978731,s1d1
CGAAGGAGTACGGTTT-1,14.37795,9.633317,s1d1
CGAAGGAGTATATGGA-1,12.834113,5.8136964,s1d1
CGAAGGATCCGTGCGA-1,7.508715,-1.4962325,s1d1
CGAAGGATCGAACCAT-1,3.644462,17.345917,s1d1
CGAAGTTAGACCTCCG-1,1.7429445,7.5839624,s1d1
CGAAGTTAGCGAATGC-1,3.4219933,16.675425,s1d1
CGAAGTTAGGCTTAAA-1,-5.150799,9.834586,s1d1
CGAAGTTCAATGACCT-1,11.234964,12.775226,s1d1
CGAAGTTGTAAGGTCG-1,10.249713,17.31403,s1d1
CGAAGTTGTACCCAGC-1,13.592044,12.944065,s1d1
CGAAGTTGTTACCTTT-1,11.1729965,11.529013,s1d1
CGAAGTTGTTAGTCGT-1,14.107373,9.126581,s1d1
CGAAGTTGTTTGGAAA-1,10.592996,14.2560005,s1d1
CGAAGTTTCATCACTT-1,-3.9489694,7.0629916,s1d1
CGAAGTTTCGCGGTAC-1,3.5554266,16.585196,s1d1
CGAAGTTTCTGCTGAA-1,12.450466,11.590687,s1d1
CGAATTGAGAGGGTCT-1,6.264865,-5.1320024,s1d1
CGAATTGAGGCTCAAG-1,12.387849,6.552381,s1d1
CGAATTGAGGCTTCCG-1,11.532225,10.691032,s1d1
CGAATTGAGTAGGATT-1,9.89375,7.3294835,s1d1
CGAATTGCAGCAGATG-1,16.45358,5.2960243,s1d1
CGAATTGCAGCTAACT-1,2.1240504,8.049928,s1d1
CGAATTGCATGACAAA-1,11.766332,10.416433,s1d1
CGAATTGGTAGTGATA-1,11.580561,13.879037,s1d1
CGAATTGGTCACGACC-1,6.233281,6.5381775,s1d1
CGAATTGGTCCAAGAG-1,10.083459,18.805067,s1d1
CGACAGCAGATTACCC-1,3.5932772,13.561983,s1d1
CGACAGCAGCACTTTG-1,11.39474,11.142252,s1d1
CGACAGCAGGGTCTTT-1,7.302966,3.2676048,s1d1
CGACAGCAGTTCGGTT-1,5.4823527,-4.5026054,s1d1
CGACAGCGTTCGTGCG-1,10.871466,6.9375234,s1d1
CGAGAAGAGATGCTGG-1,4.5267253,19.915226,s1d1
CGAGAAGAGGTTATAG-1,15.164578,8.844825,s1d1
CGAGAAGAGTGTCATC-1,2.6623926,7.5411234,s1d1
CGAGAAGAGTTGCGCC-1,9.950178,6.356715,s1d1
CGAGAAGGTCGAATTC-1,11.01655,-0.9889778,s1d1
CGAGGAAAGTCTAACC-1,12.343196,12.989222,s1d1
CGAGGAACAACCGTGC-1,3.1538634,2.9973943,s1d1
CGAGGAACACTGCATA-1,11.137936,7.2120585,s1d1
CGAGGAACACTTGGCG-1,9.307186,5.8312645,s1d1
CGAGGAACATGTTACG-1,5.832009,19.250511,s1d1
CGAGGAAGTACGATCT-1,10.92534,11.728346,s1d1
CGAGGAAGTCACAGAG-1,14.540963,9.564349,s1d1
CGAGGAAGTCCACAGC-1,3.1586246,7.2261643,s1d1
CGAGGAAGTGCATTAC-1,7.55362,-3.4103103,s1d1
CGAGGAATCTTGTGCC-1,5.578128,3.7538173,s1d1
CGAGGCTAGGTTATAG-1,7.543649,-5.1517944,s1d1
CGAGGCTCAAACCACT-1,14.664502,6.4167404,s1d1
CGAGGCTCACGTCTCT-1,11.835123,7.4150124,s1d1
CGAGGCTCAGGACTTT-1,11.194178,7.8460174,s1d1
CGAGGCTCATCGGCCA-1,11.018251,10.760509,s1d1
CGAGGCTGTGTTTCTT-1,14.418156,9.608714,s1d1
CGAGGCTTCGACGAGA-1,5.1123457,16.731052,s1d1
CGAGGCTTCGCTTTAT-1,12.495157,8.167782,s1d1
CGAGGCTTCGGCATAT-1,4.4848247,19.821283,s1d1
CGAGGCTTCTATCGCC-1,11.450691,9.600372,s1d1
CGAGTGCAGAAGCGAA-1,7.5209575,-2.6412115,s1d1
CGAGTGCAGGGAGTTC-1,8.225322,-3.1000211,s1d1
CGAGTGCAGGTTCCAT-1,-2.3591113,3.885923,s1d1
CGAGTGCCAAGTTCGT-1,9.256844,3.5079315,s1d1
CGAGTGCCAATGCAGG-1,8.857692,2.2925205,s1d1
CGAGTGCCACAATGAA-1,12.623626,9.067252,s1d1
CGAGTGCCACGTCGGT-1,6.3071003,3.4232953,s1d1
CGAGTGCGTAGCGTTT-1,10.9247,8.239029,s1d1
CGAGTGCGTATGAGGC-1,12.516754,12.689432,s1d1
CGAGTGCGTGAACTAA-1,15.272689,9.573964,s1d1
CGAGTGCGTTATGACC-1,11.670486,11.657618,s1d1
CGAGTGCGTTGTACGT-1,11.597706,7.3379827,s1d1
CGAGTGCTCCCGAGGT-1,5.2314672,16.53675,s1d1
CGAGTGCTCGGTGTTA-1,12.815397,14.042285,s1d1
CGAGTGCTCTTTCGAT-1,7.3259215,3.3094528,s1d1
CGAGTTAAGATGAATC-1,-0.8670762,5.7988296,s1d1
CGAGTTAAGCAGCCTC-1,6.6370463,2.6226342,s1d1
CGAGTTAAGCCACAAG-1,12.269963,12.826754,s1d1
CGAGTTACATAGTCAC-1,-4.1104717,7.783723,s1d1
CGAGTTAGTAGGCAGT-1,10.452121,7.965574,s1d1
CGAGTTATCAGTGGGA-1,11.883811,7.997948,s1d1
CGATCGGAGTAAAGCT-1,11.612109,6.314167,s1d1
CGATCGGGTCAGGCAA-1,9.891799,10.545931,s1d1
CGATCGGGTCAGTCGC-1,6.514496,-2.570645,s1d1
CGATCGGGTCTGTAAC-1,4.770887,-3.360347,s1d1
CGATCGGGTGACCGTC-1,9.516454,5.0856366,s1d1
CGATCGGGTTGCAAGG-1,10.07432,6.70302,s1d1
CGATCGGTCAAGTGTC-1,4.25892,14.173952,s1d1
CGATCGGTCAGGGATG-1,11.12169,6.735308,s1d1
CGATCGGTCCCTCATG-1,-5.9737625,8.503405,s1d1
CGATCGGTCGGATAAA-1,6.7548075,-0.33293274,s1d1
CGATGCGAGGTGTGAC-1,-1.6948224,7.0398216,s1d1
CGATGCGCAATGAACA-1,-5.786418,7.4135346,s1d1
CGATGCGCAGGCATGA-1,11.418652,7.8100104,s1d1
CGATGCGCATGGAAGC-1,6.836338,-5.082573,s1d1
CGATGCGCATGTGGTT-1,11.147719,17.359499,s1d1
CGATGCGGTAGATCCT-1,11.339725,7.149788,s1d1
CGATGCGGTTCAAGTC-1,5.054828,19.447859,s1d1
CGATGCGTCCATGAGT-1,10.54715,-1.0741851,s1d1
CGATGGCAGTCATCGT-1,10.823475,11.919516,s1d1
CGATGGCAGTCGGGAT-1,3.1745474,16.924128,s1d1
CGATGGCGTACGATGG-1,15.961482,9.2896805,s1d1
CGATGGCGTAGTGGCA-1,5.0730243,17.776093,s1d1
CGCAGGTCAGAAATTG-1,10.586092,9.6126175,s1d1
CGCAGGTGTACTGACT-1,12.878914,5.568709,s1d1
CGCAGGTTCAGACTGT-1,6.7946157,-3.8227584,s1d1
CGCAGGTTCGTTACCC-1,2.4793441,5.887697,s1d1
CGCAGGTTCTACGCGG-1,5.6290965,19.603867,s1d1
CGCAGGTTCTAGGCCG-1,-2.4978983,5.615309,s1d1
CGCATAAAGCAATAGT-1,10.868348,8.33285,s1d1
CGCATAAAGTCACACT-1,5.3136616,19.139446,s1d1
CGCATAAAGTCTACCA-1,15.009671,8.971432,s1d1
CGCATAACACATCATG-1,-0.16367309,4.650778,s1d1
CGCATAAGTGCTATTG-1,1.1612626,6.2138643,s1d1
CGCATAATCCCTTGGT-1,2.3623612,17.282692,s1d1
CGCATGGAGAACCCGA-1,-4.640876,9.70874,s1d1
CGCATGGAGTCGAAAT-1,5.1575165,-5.046144,s1d1
CGCATGGCAACTCCAA-1,3.0934064,17.772371,s1d1
CGCATGGCAACTCGTA-1,10.0102,5.458974,s1d1
CGCATGGCAAGTATAG-1,-5.5794635,9.8414,s1d1
CGCATGGGTCCCTCAT-1,11.741907,7.562117,s1d1
CGCATGGGTGTCGATT-1,10.531339,5.548038,s1d1
CGCATGGGTGTGATGG-1,12.09925,13.3927355,s1d1
CGCATGGGTTTACTGG-1,10.617598,7.3342023,s1d1
CGCATGGTCCTTGAAG-1,8.908872,1.8466744,s1d1
CGCCAGAAGATACATG-1,5.2535434,-3.987169,s1d1
CGCCAGAAGTTAACAG-1,-3.330105,8.313546,s1d1
CGCCAGACAAGGCAAC-1,13.755409,11.875388,s1d1
CGCCAGACACCAGCGT-1,11.833203,10.960526,s1d1
CGCCAGACACCCTGTT-1,1.6817985,5.276206,s1d1
CGCCAGAGTCGACTGC-1,11.482764,8.649378,s1d1
CGCCAGATCCCGAACG-1,0.007708144,3.7878542,s1d1
CGCCAGATCGGTCACG-1,8.977269,2.7304308,s1d1
CGCCATTAGATGAATC-1,3.689859,18.002611,s1d1
CGCCATTCAAACCATC-1,-4.867974,6.436863,s1d1
CGCCATTGTATCAGGG-1,9.789072,5.799776,s1d1
CGCCATTGTCTGTGCG-1,5.5821204,-2.0526075,s1d1
CGCCATTTCGGTCAGC-1,8.915073,1.725371,s1d1
CGCGTGACAGGTCAGA-1,10.435311,6.071523,s1d1
CGCGTGAGTATGTCCA-1,5.952862,-5.1540895,s1d1
CGCGTGAGTTGCAAGG-1,-5.2025366,5.8428855,s1d1
CGCGTGAGTTTGGAGG-1,10.994593,-1.2369168,s1d1
CGCGTGATCCGTTGAA-1,3.1008606,7.0562844,s1d1
CGGAACCCAAGCTACT-1,3.4373856,17.312948,s1d1
CGGAACCCACGCGCTA-1,11.089336,13.701182,s1d1
CGGAACCCAGCATGCC-1,-4.2883334,10.113513,s1d1
CGGAACCGTACTGACT-1,5.027523,16.422058,s1d1
CGGAACCGTATCGTTG-1,2.5844264,15.187255,s1d1
CGGAACCGTCACCGAC-1,11.806257,6.718411,s1d1
CGGAACCGTTCGGACC-1,17.120388,5.1839204,s1d1
CGGAACCTCAGCACCG-1,11.8218355,5.9757047,s1d1
CGGAACCTCCGGGACT-1,11.114839,17.364134,s1d1
CGGAACCTCGCTGCGA-1,17.164114,5.445247,s1d1
CGGAACCTCGTGTCAA-1,-1.795563,5.6046476,s1d1
CGGAACCTCTAACGCA-1,8.808522,2.5363305,s1d1
CGGAATTAGGTCCCGT-1,13.492152,13.817149,s1d1
CGGAATTAGGTGCAGT-1,10.973496,9.465584,s1d1
CGGAATTAGTCTTCGA-1,9.115902,-4.5232854,s1d1
CGGAATTCACAACCGC-1,-0.7160649,5.798474,s1d1
CGGAATTCACTGGAAG-1,-1.744478,4.4085813,s1d1
CGGAATTCATAGGAGC-1,13.024057,5.3139873,s1d1
CGGAATTCATGCCGAC-1,10.530698,10.668704,s1d1
CGGAATTGTAGCTTTG-1,11.179952,11.8471365,s1d1
CGGAATTGTGTGTGTT-1,5.306486,16.665632,s1d1
CGGAATTTCCCGTTCA-1,1.8829308,17.523773,s1d1
CGGAATTTCGACCAAT-1,14.099696,10.096205,s1d1
CGGAATTTCGCTTACC-1,-1.5855582,6.933133,s1d1
CGGAATTTCGTCAAAC-1,8.948721,1.7638321,s1d1
CGGAATTTCTAAGGAA-1,9.847027,5.594673,s1d1
CGGACACAGCATGCAG-1,5.0605125,16.78701,s1d1
CGGACACAGCTCCACG-1,16.72009,5.610532,s1d1
CGGACACCACATAACC-1,13.679542,13.361784,s1d1
CGGACACGTAAGGCTG-1,3.2795374,2.0854497,s1d1
CGGACACGTCCAGTTA-1,12.776758,11.778837,s1d1
CGGACACGTCTCAGAT-1,8.945932,7.4790363,s1d1
CGGACACGTGAATTGA-1,16.833174,5.1782217,s1d1
CGGACACTCAGTGTCA-1,12.701179,14.352368,s1d1
CGGACACTCCGAGTGC-1,10.855226,8.150997,s1d1
CGGAGAACATGACTCA-1,11.331898,13.075802,s1d1
CGGAGAAGTCAGTCGC-1,-5.472384,12.126071,s1d1
CGGAGAATCCAGCCTT-1,8.920503,3.8683798,s1d1
CGGAGAATCGCATAGT-1,10.18884,14.089468,s1d1
CGGCAGTCACCAACAT-1,5.4424567,-1.6069596,s1d1
CGGCAGTGTGTGGTCC-1,12.996892,10.582488,s1d1
CGGCAGTGTTAAGTCC-1,5.4010873,16.393991,s1d1
CGGCAGTTCCCTCATG-1,2.1409345,16.903208,s1d1
CGGCAGTTCCTCTCGA-1,15.895064,8.784964,s1d1
CGGCAGTTCTCTGCTG-1,15.616437,8.602838,s1d1
CGGGACTAGCCTCTCT-1,12.194101,8.03492,s1d1
CGGGACTCAATCTCTT-1,6.2281384,-1.1503175,s1d1
CGGGACTCAGTTTCGA-1,11.640129,7.8742957,s1d1
CGGGACTGTCGCAACC-1,9.824427,4.7423716,s1d1
CGGGACTTCCTATGGA-1,11.671472,9.817745,s1d1
CGGGCATAGTGACCTT-1,-1.8973342,6.805816,s1d1
CGGGCATGTCTTTCTA-1,11.212722,12.018384,s1d1
CGGGCATTCGACGACC-1,13.585297,13.050581,s1d1
CGGGTCAAGCATTTGC-1,11.097591,12.579366,s1d1
CGGGTCAAGTGTTGTC-1,11.627286,13.5192995,s1d1
CGGGTCACACAAGTGG-1,12.749705,13.074819,s1d1
CGGGTCACATGAATAG-1,12.280381,12.769367,s1d1
CGGGTCATCAAGGTGG-1,9.391357,5.2878065,s1d1
CGGGTCATCATCCTAT-1,-1.2132926,4.964209,s1d1
CGGGTGTAGACTTCAC-1,3.475209,14.305515,s1d1
CGGGTGTAGATAGGGA-1,10.706343,5.305891,s1d1
CGGGTGTAGTCGAATA-1,12.229742,7.674329,s1d1
CGGGTGTCATCTATCT-1,10.779423,5.226511,s1d1
CGGGTGTGTAGAGACC-1,11.713352,12.41677,s1d1
CGGGTGTGTGACTGTT-1,3.2901266,5.544534,s1d1
CGGGTGTGTGCTGATT-1,12.128803,11.6409,s1d1
CGGGTGTGTGGCGCTT-1,14.144746,8.217739,s1d1
CGGGTGTTCAGACCTA-1,11.051986,14.444934,s1d1
CGGGTGTTCAGGTGTT-1,10.434361,12.5559025,s1d1
CGGGTGTTCGCCACTT-1,10.129005,17.857794,s1d1
CGGGTGTTCGCTTACC-1,8.899456,2.0135863,s1d1
CGGGTGTTCTCTTCAA-1,2.2377338,7.798326,s1d1
CGGTCAGAGTTGGCGA-1,5.6631136,19.677452,s1d1
CGGTCAGCAGCGACCT-1,12.818221,13.85881,s1d1
CGGTCAGCAGGCTACC-1,6.70736,2.9727402,s1d1
CGGTCAGGTAATGATG-1,-5.9247084,9.38249,s1d1
CGGTCAGGTACCCACG-1,5.442145,6.794024,s1d1
CGGTCAGTCAAGAAAC-1,15.785693,9.347706,s1d1
CGGTCAGTCCACAAGT-1,5.0265145,-4.360089,s1d1
CGGTCAGTCCTGGCTT-1,11.002459,17.30986,s1d1
CGGTCAGTCGACATTG-1,5.9606986,17.947332,s1d1
CGGTCAGTCTAGACAC-1,9.538116,4.1629105,s1d1
CGTAAGTAGGATATAC-1,-2.316929,5.159108,s1d1
CGTAAGTAGGTGCATG-1,10.766723,5.6687574,s1d1
CGTAAGTAGTTTGGCT-1,10.572989,13.023698,s1d1
CGTAAGTCAAATTAGG-1,3.328043,17.858297,s1d1
CGTAAGTCATTGTCGA-1,5.250106,19.513458,s1d1
CGTAAGTGTCGAGCAA-1,11.783051,10.602211,s1d1
CGTAAGTTCCGAGATT-1,8.235841,0.42497176,s1d1
CGTAATGAGTCACGAG-1,4.6411147,20.142982,s1d1
CGTAATGCAAGGGTCA-1,10.209857,10.631843,s1d1
CGTAATGCACTACCCT-1,7.167055,-4.522541,s1d1
CGTAATGTCGAACACT-1,11.831218,12.102825,s1d1
CGTAATGTCGGCATCG-1,-5.6729345,8.188348,s1d1
CGTAATGTCTTCCTAA-1,4.5243077,4.8245974,s1d1
CGTAGTAAGAATCGCG-1,2.8756597,7.645043,s1d1
CGTAGTAAGCGCTTCG-1,11.189726,6.731478,s1d1
CGTAGTACAAAGCTCT-1,6.5877404,3.1165729,s1d1
CGTAGTACATGGGAAC-1,12.621709,8.11607,s1d1
CGTAGTAGTGACCGAA-1,8.860396,-4.528185,s1d1
CGTAGTAGTGACTAAA-1,10.43035,13.055024,s1d1
CGTCAAAAGATCCAAA-1,8.774094,7.9215803,s1d1
CGTCAAAAGGTACCTT-1,5.9364243,-5.0784636,s1d1
CGTCAAAAGTGTTGAA-1,6.4060135,-0.42483824,s1d1
CGTCAAAAGTTCCTGA-1,11.853609,12.900125,s1d1
CGTCAAACAATTCGTG-1,3.2798197,18.566963,s1d1
CGTCAAACACCGTACG-1,16.370485,8.770686,s1d1
CGTCAAACATCTAGAC-1,9.8597765,6.4213347,s1d1
CGTCAAAGTATGCTTG-1,10.873356,6.706835,s1d1
CGTCAAAGTGGTGATG-1,10.746603,-0.8074864,s1d1
CGTCAAATCAGAGCAG-1,10.3521385,14.074086,s1d1
CGTCAAATCGGTCAGC-1,11.27097,10.630786,s1d1
CGTCAAATCGTGGGTC-1,17.02266,8.385386,s1d1
CGTCCATAGCCTCGTG-1,14.64642,10.808309,s1d1
CGTCCATAGCGTGCCT-1,13.6402445,9.789063,s1d1
CGTCCATAGTTGTAAG-1,10.204669,10.898255,s1d1
CGTCCATCACATCCCT-1,8.611682,1.3064251,s1d1
CGTCCATCACGCCACA-1,13.016426,6.1089044,s1d1
CGTCCATCAGGTTCGC-1,13.00109,12.337816,s1d1
CGTCCATGTCGCTGCA-1,-5.723511,7.7196164,s1d1
CGTCCATGTGCATCTA-1,1.8942395,4.401299,s1d1
CGTCCATTCTAGTTCT-1,13.2783785,10.513552,s1d1
CGTGAATAGCCTCAGC-1,4.8732305,19.80674,s1d1
CGTGAATAGGCTAGCA-1,4.8737354,-2.6969867,s1d1
CGTGAATAGGGAGGGT-1,5.519919,16.065067,s1d1
CGTGAATAGTGCCCGT-1,4.1466737,18.809498,s1d1
CGTGAATCATGACTCA-1,12.229362,14.05842,s1d1
CGTGAATGTAGGTTTC-1,1.5065753,6.910686,s1d1
CGTGAATGTCCTGTTC-1,-4.681943,8.761742,s1d1
CGTGAATTCCATTGCC-1,10.83067,-0.95331377,s1d1
CGTGAATTCCGCGGAT-1,-0.12837784,4.525725,s1d1
CGTGAATTCGTGGAAG-1,6.311168,-1.2855244,s1d1
CGTGAATTCTGCTTAT-1,-4.9404216,9.183105,s1d1
CGTGATAAGCAATAAC-1,11.83387,6.6526785,s1d1
CGTGATAAGGCGTCCT-1,1.5062551,5.6606965,s1d1
CGTGATAAGGGTGGGA-1,6.368232,3.936988,s1d1
CGTGATACACCCTAAA-1,12.539916,12.305256,s1d1
CGTGATACACTTCTCG-1,6.7997336,18.059435,s1d1
CGTGATACAGCAGTCC-1,12.417213,9.692602,s1d1
CGTGATAGTGAGATAT-1,7.1037054,-3.4039466,s1d1
CGTGATAGTTGGGATG-1,11.975266,14.115422,s1d1
CGTGATAGTTTACCTT-1,12.098992,8.730315,s1d1
CGTGATAGTTTCTATC-1,12.32847,14.364164,s1d1
CGTGATATCTGCTCTG-1,3.4797146,13.721616,s1d1
CGTGCTTAGAGTCACG-1,3.809429,5.047269,s1d1
CGTGCTTAGCGAATGC-1,-5.403057,7.9790545,s1d1
CGTGCTTAGGACATCG-1,4.775288,4.519426,s1d1
CGTGCTTAGTCAGCCC-1,14.535593,9.274149,s1d1
CGTGCTTCAAGCCATT-1,5.532065,19.455498,s1d1
CGTGCTTCACTTGGCG-1,6.939702,17.925241,s1d1
CGTGCTTCAGCACAGA-1,16.92784,5.6388516,s1d1
CGTGCTTGTGATTAGA-1,12.322972,14.396023,s1d1
CGTGCTTTCGCTTAAG-1,7.1249313,2.9152124,s1d1
CGTGCTTTCTTCTAAC-1,-6.0307384,9.6703205,s1d1
CGTGTCTCAAGGTCAG-1,-5.792181,10.400157,s1d1
CGTGTCTCACACACGC-1,11.588843,10.37157,s1d1
CGTGTCTCACTCCCTA-1,11.886256,8.084723,s1d1
CGTGTCTCATGGAGAC-1,-0.6138906,4.944024,s1d1
CGTGTCTCATGTCTAG-1,6.5200524,-4.428369,s1d1
CGTGTCTCATGTGGCC-1,12.061714,14.679767,s1d1
CGTGTCTGTTAAACAG-1,12.075482,12.07122,s1d1
CGTGTCTGTTAAGTCC-1,4.951938,15.268651,s1d1
CGTGTCTTCAAGCTTG-1,12.64481,5.828026,s1d1
CGTTAGAAGGACACTG-1,6.8365397,-0.1905288,s1d1
CGTTAGAAGTTGTCAC-1,17.128353,5.7799654,s1d1
CGTTAGACACTTCCTG-1,2.321303,17.586851,s1d1
CGTTAGACAGTCAGTT-1,13.613264,7.1320543,s1d1
CGTTAGAGTAGAGACC-1,-6.298765,8.352981,s1d1
CGTTAGAGTCATGGCC-1,2.9212847,18.128256,s1d1
CGTTAGAGTCTCTCAC-1,-4.601915,9.53021,s1d1
CGTTAGATCGTTCTAT-1,10.697287,6.4627967,s1d1
CGTTAGATCTGGTGGC-1,11.77528,12.829006,s1d1
CGTTCTGAGCAATAGT-1,12.483729,12.216325,s1d1
CGTTCTGCAGTCGAGA-1,9.320776,4.975775,s1d1
CGTTCTGGTAAGTAGT-1,5.275653,19.014135,s1d1
CGTTCTGGTGGCTACC-1,-2.2722423,3.6580198,s1d1
CGTTGGGAGAAGCCTG-1,-0.70034283,7.555399,s1d1
CGTTGGGGTAGGTGCA-1,15.879435,8.453416,s1d1
CGTTGGGGTATACCCA-1,5.678565,-5.281522,s1d1
CGTTGGGGTTGCCAAT-1,4.928967,-4.4886856,s1d1
CGTTGGGTCCCATTCG-1,11.764524,13.6946535,s1d1
CGTTGGGTCCTTCTTC-1,10.162853,10.627552,s1d1
CGTTGGGTCTTTGCTA-1,16.79449,5.461412,s1d1
CTAACCCAGCTGGCCT-1,12.712102,12.369062,s1d1
CTAACCCTCAAGAATG-1,12.795017,11.900118,s1d1
CTAACCCTCCCATACC-1,10.003564,4.3118224,s1d1
CTAACCCTCGCCTCTA-1,-4.7774167,8.367191,s1d1
CTAACCCTCTGTGTGA-1,-5.386146,7.320838,s1d1
CTAACTTAGGAACATT-1,6.4054446,-4.5541716,s1d1
CTAACTTAGGCTCAAG-1,1.880613,7.8736777,s1d1
CTAACTTGTAGCGTTT-1,3.0557797,14.163415,s1d1
CTAACTTGTATCACCA-1,10.038837,6.432957,s1d1
CTAACTTGTCCATAGT-1,6.3436503,-3.5222375,s1d1
CTAACTTGTGTTTCTT-1,11.532418,7.620768,s1d1
CTAACTTGTTAGGCTT-1,-5.5674753,8.122892,s1d1
CTAACTTTCCCAATAG-1,13.625705,8.013759,s1d1
CTAACTTTCGCGAAGA-1,7.378724,-4.84934,s1d1
CTAACTTTCGGTCATA-1,14.794748,8.489364,s1d1
CTAAGTGAGAATTGTG-1,11.133683,8.291237,s1d1
CTAAGTGAGCAGGCTA-1,8.428328,1.1823295,s1d1
CTAAGTGAGCCTTCTC-1,6.589426,-3.8759456,s1d1
CTAAGTGCAAGGTACG-1,11.372668,13.589234,s1d1
CTAAGTGCAGCGTTGC-1,7.1166487,-5.044496,s1d1
CTAAGTGCAGTAACCT-1,16.815525,8.71408,s1d1
CTAAGTGCAGTAGGAC-1,11.366267,6.5223517,s1d1
CTAAGTGCAGTTCCAA-1,2.3584154,18.139877,s1d1
CTAAGTGCATCCAATG-1,5.696254,-1.6137395,s1d1
CTAAGTGGTAGAGACC-1,7.166435,-4.9419923,s1d1
CTAAGTGTCCATCACC-1,1.3535568,7.3540206,s1d1
CTAAGTGTCCCTCATG-1,5.009099,19.036062,s1d1
CTAAGTGTCCGACAGC-1,9.802034,-4.551744,s1d1
CTAAGTGTCGCACTCT-1,3.9352603,5.4545584,s1d1
CTAAGTGTCTTAGCCC-1,12.939137,7.486991,s1d1
CTAAGTGTCTTCGCTG-1,-2.4063365,5.1637616,s1d1
CTACAGACAAGTCGTT-1,12.651384,6.538581,s1d1
CTACAGACAGAGATGC-1,8.919289,3.378469,s1d1
CTACAGAGTATTTCTC-1,12.989797,13.332616,s1d1
CTACAGAGTCCAGAAG-1,12.004483,13.674298,s1d1
CTACAGAGTGTATCCA-1,11.910328,10.566817,s1d1
CTACATTAGCGCGTTC-1,6.749954,-3.816466,s1d1
CTACATTAGGTAGTAT-1,-2.3634403,4.7626233,s1d1
CTACATTAGTAACGAT-1,-4.9248595,9.031234,s1d1
CTACATTCACATGAAA-1,12.469397,11.664076,s1d1
CTACATTCACTACACA-1,6.551882,2.330568,s1d1
CTACATTGTACAGAGC-1,10.117307,17.486979,s1d1
CTACATTGTATGAAAC-1,5.7613454,-4.5759735,s1d1
CTACATTGTTGCATAC-1,11.451703,11.797108,s1d1
CTACATTTCGCGCCAA-1,11.980054,13.04195,s1d1
CTACATTTCGTTCAGA-1,6.457057,-1.742979,s1d1
CTACCCAAGTCATACC-1,12.059745,7.323961,s1d1
CTACCCAAGTGGCGAT-1,12.016664,8.36674,s1d1
CTACCCACACCGTACG-1,3.057606,4.701204,s1d1
CTACCCACACGGAAGT-1,-3.528098,9.63543,s1d1
CTACCCATCCTCACTG-1,8.553219,1.4712598,s1d1
CTACCCATCTGAGGTT-1,14.951226,9.871992,s1d1
CTACCTGCAAGTGATA-1,5.0533853,19.114788,s1d1
CTACCTGCAGTAGGAC-1,5.770167,16.45389,s1d1
CTACCTGGTACCGCGT-1,1.3348213,4.308879,s1d1
CTACCTGTCATTTGTC-1,3.3420367,17.437975,s1d1
CTACCTGTCCTCACTG-1,16.214022,8.995705,s1d1
CTACCTGTCGATTGGT-1,6.037982,-2.6921003,s1d1
CTACGGGAGCTGAGCA-1,10.023755,4.7897635,s1d1
CTACGGGCATGGGAAC-1,2.7714844,17.5334,s1d1
CTACGGGGTTAATCGC-1,2.79563,14.449181,s1d1
CTACGGGTCAACTACG-1,-5.546314,9.755467,s1d1
CTACGGGTCAAGTCGT-1,-4.984942,7.231919,s1d1
CTACGGGTCTACCCAC-1,13.782344,9.549515,s1d1
CTACGGGTCTCGGCTT-1,12.271759,11.2826605,s1d1
CTACTATCAACGGTAG-1,2.6161878,5.3295197,s1d1
CTACTATGTGGACTGA-1,12.5569,12.1420765,s1d1
CTACTATTCATTGGTG-1,13.087241,9.285495,s1d1
CTACTATTCGCGCTGA-1,9.659611,11.661845,s1d1
CTACTATTCTCGTGAA-1,11.495358,6.204851,s1d1
CTAGACAAGAATCTAG-1,6.3299165,-4.8340025,s1d1
CTAGACAAGCCATATC-1,6.637344,-3.1796765,s1d1
CTAGACAAGGTACTGG-1,14.349656,6.1942635,s1d1
CTAGACAAGTCCGCCA-1,11.065069,7.790618,s1d1
CTAGACACAGCTCTGG-1,3.1406136,4.8905525,s1d1
CTAGACACAGTAACAA-1,3.3380842,17.966314,s1d1
CTAGACAGTTGGTACT-1,2.1242163,16.981962,s1d1
CTAGACATCACAGAGG-1,10.059528,13.36732,s1d1
CTAGACATCTATTCGT-1,6.2579827,5.7401714,s1d1
CTAGACATCTTCCCGA-1,10.807693,7.923762,s1d1
CTAGGTAAGCCTCAAT-1,13.461479,13.67697,s1d1
CTAGGTAAGTCAGCCC-1,3.9179645,14.79509,s1d1
CTAGGTAAGTCGCTAT-1,-4.118307,10.294141,s1d1
CTAGGTAGTCCTCATC-1,9.409632,4.945691,s1d1
CTAGGTAGTCTTTCTA-1,11.267638,7.1994324,s1d1
CTAGGTATCACCCATC-1,5.3989086,-1.8423061,s1d1
CTAGGTATCAGACTGT-1,5.793927,16.198572,s1d1
CTAGGTATCTTGCAAG-1,7.839461,4.888761,s1d1
CTATAGGCAATAACGA-1,-5.4541936,8.612061,s1d1
CTATAGGCAGATACCT-1,6.984908,2.4574018,s1d1
CTATAGGGTCTGATCA-1,0.32114965,4.7171445,s1d1
CTATAGGGTTGGACTT-1,0.884027,4.6220875,s1d1
CTATAGGGTTGGGACA-1,11.36967,8.137196,s1d1
CTATAGGGTTGTCATG-1,-4.9365187,4.0108976,s1d1
CTATAGGTCAAGGCTT-1,11.833385,11.739049,s1d1
CTATAGGTCTATACGG-1,13.795869,9.829076,s1d1
CTATCCGAGAAGCGAA-1,11.551596,13.259081,s1d1
CTATCCGAGTCACACT-1,4.9507327,16.91596,s1d1
CTATCCGCAGGAAGTC-1,6.069065,-4.5269556,s1d1
CTATCCGCATCGAAGG-1,7.5607986,-3.5497282,s1d1
CTATCCGCATGCACTA-1,6.670908,-5.1413903,s1d1
CTATCCGCATTGCCGG-1,14.54942,9.561313,s1d1
CTATCCGGTAGCACAG-1,10.263982,5.0287647,s1d1
CTATCCGGTCGTGATT-1,14.005725,8.761165,s1d1
CTATCCGGTCTTGAGT-1,7.114975,4.8790927,s1d1
CTATCCGGTGGTCCCA-1,-5.1549783,3.952911,s1d1
CTATCCGTCACTCGAA-1,6.388279,3.4240162,s1d1
CTATCCGTCCACAGCG-1,9.688699,-4.4504566,s1d1
CTATCCGTCCGTGACG-1,10.770611,10.92239,s1d1
CTATCCGTCGCTTAAG-1,9.830253,12.197662,s1d1
CTATCCGTCGTAGGGA-1,4.8874593,17.09682,s1d1
CTATCCGTCGTGCACG-1,11.708708,14.058529,s1d1
CTATCTAAGACCACGA-1,11.414251,7.0310235,s1d1
CTATCTAAGACTTCCA-1,1.6860296,5.701981,s1d1
CTATCTAAGATAGTGT-1,2.5964212,6.7933044,s1d1
CTATCTAAGCACTAGG-1,15.79712,8.816999,s1d1
CTATCTAAGGAGAGTA-1,2.0966172,18.07293,s1d1
CTATCTAAGTTATGGA-1,16.985203,5.4097815,s1d1
CTATCTACAAGGTCTT-1,10.974568,12.837978,s1d1
CTATCTACACACGCCA-1,7.3968,-3.3739269,s1d1
CTATCTACACACTGGC-1,10.76749,-1.0660163,s1d1
CTATCTACAGTAACAA-1,13.075752,5.289427,s1d1
CTATCTAGTAACACCT-1,7.976198,3.9959774,s1d1
CTATCTAGTACCAATC-1,16.743376,5.3050632,s1d1
CTATCTAGTCTGTCAA-1,0.15581019,4.6959844,s1d1
CTATCTAGTGCACGCT-1,-5.489563,12.393326,s1d1
CTATCTATCGCTAAAC-1,10.479997,5.634545,s1d1
CTATCTATCTCCTGCA-1,2.689833,18.05583,s1d1
CTCAACCAGACCCTTA-1,16.335367,8.773907,s1d1
CTCAACCAGCGACCCT-1,2.6067247,8.123001,s1d1
CTCAACCAGCTACGTT-1,6.870641,-5.3479877,s1d1
CTCAACCAGGACAGTC-1,14.029415,6.803613,s1d1
CTCAACCCAGGGAGAG-1,2.0146506,17.59291,s1d1
CTCAACCCATAGGAGC-1,2.0938022,16.930315,s1d1
CTCAACCTCCATAGGT-1,12.443877,5.964351,s1d1
CTCAACCTCGCATAGT-1,11.410923,8.368239,s1d1
CTCAAGAAGTCCTGTA-1,-2.6105971,4.774634,s1d1
CTCAAGACAACGAGGT-1,10.240686,10.372918,s1d1
CTCAAGACACCGTCTT-1,9.5919895,5.6562877,s1d1
CTCAAGAGTCGCCACA-1,12.919606,6.1568832,s1d1
CTCAAGAGTCGCGGTT-1,12.97332,5.5535655,s1d1
CTCAATTCAACTTCTT-1,13.6538925,5.6744795,s1d1
CTCAATTCACGCCAGT-1,3.7178466,6.0908575,s1d1
CTCAATTCAGCCGTTG-1,10.163983,10.028179,s1d1
CTCAATTCAGTATTCG-1,3.4345884,17.642372,s1d1
CTCAATTCATGACTAC-1,13.645143,9.177403,s1d1
CTCAATTGTGAGTTTC-1,10.938306,-1.0692061,s1d1
CTCAATTGTGCATACT-1,13.020554,7.9036555,s1d1
CTCAATTGTTGTCCCT-1,11.135229,10.9418,s1d1
CTCAATTTCGTAATGC-1,1.9484692,16.996962,s1d1
CTCAATTTCTATCGCC-1,-5.7429504,8.381863,s1d1
CTCACTGAGCATTTGC-1,2.4703763,6.3218455,s1d1
CTCACTGAGTTCATGC-1,13.268874,13.461492,s1d1
CTCACTGCAATAGTGA-1,6.4176407,-4.759767,s1d1
CTCACTGCAATCTAGC-1,10.947573,7.2495055,s1d1
CTCACTGCACCTGATA-1,-5.4413967,8.830993,s1d1
CTCACTGCACTTACAG-1,2.0662138,5.202741,s1d1
CTCACTGCATGACTTG-1,2.895966,6.547746,s1d1
CTCACTGGTAGACAAT-1,2.7460854,17.489725,s1d1
CTCACTGGTCTCACAA-1,7.168514,3.297545,s1d1
CTCACTGTCAAGTAAG-1,9.479386,2.656616,s1d1
CTCACTGTCAATCAGC-1,2.1244774,17.4874,s1d1
CTCAGAAAGCTCACTA-1,10.590275,8.08389,s1d1
CTCAGAAAGCTCCGAC-1,-0.5087016,4.402683,s1d1
CTCAGAACACTACACA-1,2.480201,8.071415,s1d1
CTCAGAACAGTATTCG-1,9.841356,4.148982,s1d1
CTCAGAAGTCTCAAGT-1,11.671191,12.512137,s1d1
CTCAGAAGTGAGACCA-1,3.1480272,7.316994,s1d1
CTCAGAATCATACGGT-1,10.545512,7.430047,s1d1
CTCAGAATCCTTCACG-1,-0.7865165,3.234896,s1d1
CTCAGAATCGCTTGAA-1,-5.125194,10.630334,s1d1
CTCAGAATCTCTGCTG-1,12.536879,8.313401,s1d1
CTCAGGGAGCCTGACC-1,6.6408567,1.8522835,s1d1
CTCAGGGAGCGCCCAT-1,2.2443178,17.71855,s1d1
CTCAGGGAGGTCACTT-1,11.355982,13.855354,s1d1
CTCAGGGCAACCGACC-1,12.005839,6.815919,s1d1
CTCAGGGCACAGTACT-1,11.438352,5.9309587,s1d1
CTCAGGGCATGGCGCT-1,6.4004354,-1.3291899,s1d1
CTCAGGGGTACTAAGA-1,9.999058,5.1352215,s1d1
CTCAGGGGTCGTCTCT-1,3.56161,5.266733,s1d1
CTCAGGGTCCACGAAT-1,5.5312443,19.310253,s1d1
CTCAGGGTCGCTGATA-1,5.5830345,16.627111,s1d1
CTCAGGGTCTCTGACC-1,13.282563,8.576381,s1d1
CTCAGTCAGAGCAGTC-1,14.452578,8.619477,s1d1
CTCAGTCAGCGCTGCT-1,11.306359,8.038906,s1d1
CTCAGTCAGCTGACCC-1,11.32953,8.856243,s1d1
CTCAGTCAGGGATGTC-1,-0.19007474,5.223104,s1d1
CTCAGTCAGTCGAAAT-1,5.1105556,19.696146,s1d1
CTCAGTCCACCAGTTA-1,3.1874235,2.5545545,s1d1
CTCAGTCCACCTCTAC-1,5.98847,16.851566,s1d1
CTCAGTCCATCGATCA-1,5.205879,-4.4230585,s1d1
CTCAGTCGTACCAGAG-1,-3.6901615,9.231766,s1d1
CTCAGTCTCATGCTAG-1,10.979088,6.0805583,s1d1
CTCAGTCTCCGCTTAC-1,14.319832,5.9698167,s1d1
CTCATCGAGAAACTCA-1,12.212638,8.490108,s1d1
CTCATCGAGCCGTTGC-1,4.6308165,19.313599,s1d1
CTCATCGAGGTTCACT-1,3.2980359,6.0186753,s1d1
CTCATCGAGTTACGTC-1,11.28402,12.415105,s1d1
CTCATCGGTATGCGTT-1,12.726976,14.054744,s1d1
CTCATCGGTCATAACC-1,14.646851,5.6513057,s1d1
CTCATCGGTTGTGGAG-1,15.240238,8.851771,s1d1
CTCATCGTCAGGAACG-1,-5.0854964,4.0059066,s1d1
CTCATCGTCTTACGGA-1,8.734014,3.3740418,s1d1
CTCATGCCAATGACCT-1,4.701682,20.015388,s1d1
CTCATGCCACGACCTG-1,7.668251,-0.91135263,s1d1
CTCATGCCAGCATTGT-1,11.491896,10.043954,s1d1
CTCATGCCATCATCTT-1,2.4805303,4.9903812,s1d1
CTCATGCGTCTGTCAA-1,12.222214,11.477407,s1d1
CTCATGCTCGATGCTA-1,10.054658,4.2713933,s1d1
CTCATGCTCGCACGAC-1,8.82757,7.6967483,s1d1
CTCATGCTCGCAGTTA-1,2.9952865,4.646965,s1d1
CTCATGCTCGGACGTC-1,6.49948,5.576821,s1d1
CTCATGCTCTTGATTC-1,11.462387,11.167431,s1d1
CTCATTAAGACATCAA-1,-3.9389596,9.320331,s1d1
CTCATTAAGCTGTTAC-1,12.586853,12.475169,s1d1
CTCATTAAGGATACAT-1,14.101101,11.046326,s1d1
CTCATTAAGGATGAGA-1,2.6962519,8.537627,s1d1
CTCATTAAGGTTGAGC-1,10.541319,8.432476,s1d1
CTCATTACAAATTGGA-1,9.307579,4.661079,s1d1
CTCATTACACATGGTT-1,11.175932,7.2932787,s1d1
CTCATTACAGGCCCTA-1,10.205697,5.0794477,s1d1
CTCATTAGTGGCCCAT-1,15.096896,8.379932,s1d1
CTCATTAGTGTCCTAA-1,7.194783,-5.015098,s1d1
CTCATTATCATAGAGA-1,12.632676,7.9621534,s1d1
CTCATTATCGTGTGAT-1,12.157726,13.955782,s1d1
CTCATTATCTGTGCTC-1,8.075478,1.0681475,s1d1
CTCCAACAGCCAAGTG-1,6.018286,4.944521,s1d1
CTCCAACAGCGCTGAA-1,5.1582203,16.950699,s1d1
CTCCAACAGGAAAGGT-1,-4.611231,6.130228,s1d1
CTCCAACCAACTGAAA-1,3.2482505,7.32518,s1d1
CTCCAACCAGCACAGA-1,1.4080768,7.975506,s1d1
CTCCAACCAGGGAATC-1,5.8871584,18.366472,s1d1
CTCCAACCAGTCAGTT-1,10.216239,19.1117,s1d1
CTCCAACCATAGGTAA-1,7.459411,-4.8084817,s1d1
CTCCAACGTAACAGGC-1,13.631304,9.504373,s1d1
CTCCAACGTACACTCA-1,11.034466,12.562123,s1d1
CTCCAACGTAGTCACT-1,10.929832,10.3916855,s1d1
CTCCAACTCAAATGAG-1,10.403919,5.643859,s1d1
CTCCAACTCATTCATC-1,3.3016753,7.404696,s1d1
CTCCAACTCCAAACCA-1,-5.0559907,8.413489,s1d1
CTCCAACTCTCAGGCG-1,7.43056,-4.2878876,s1d1
CTCCACAAGAAGAGCA-1,5.3103056,19.408464,s1d1
CTCCACAAGCGCCCAT-1,2.884798,14.333997,s1d1
CTCCACAAGTATGAAC-1,15.938772,6.334056,s1d1
CTCCACACAAGCAGGT-1,7.939156,-4.056622,s1d1
CTCCACACACCACATA-1,9.885753,10.233682,s1d1
CTCCACACAGAGCCCT-1,7.0624537,2.6990016,s1d1
CTCCACAGTAGAGGAA-1,12.224409,7.247836,s1d1
CTCCACAGTGTGTGTT-1,5.1512194,16.993433,s1d1
CTCCACATCAACCGAT-1,16.994453,6.888145,s1d1
CTCCACATCAGTGATC-1,2.805792,6.5189047,s1d1
CTCCACATCATTACTC-1,6.787547,1.4952431,s1d1
CTCCATGAGACTAGAT-1,12.627318,7.027758,s1d1
CTCCATGCAAGGGCAT-1,10.6881,11.700342,s1d1
CTCCATGCAGCTACAT-1,11.972241,7.132231,s1d1
CTCCATGCAGTATTCG-1,10.53986,6.5294313,s1d1
CTCCATGGTATGAAAC-1,16.510908,5.227418,s1d1
CTCCATGGTATGGAGC-1,12.258909,8.184378,s1d1
CTCCATGGTCATAGTC-1,5.900916,-5.2860956,s1d1
CTCCATGGTCTGGTTA-1,10.095068,7.914676,s1d1
CTCCATGGTGCCTGCA-1,6.8752217,-3.7911663,s1d1
CTCCATGGTGGAGAAA-1,10.050978,4.6156774,s1d1
CTCCATGTCCTTCTGG-1,11.14398,11.839873,s1d1
CTCCATGTCGTCTACC-1,-4.860791,7.059195,s1d1
CTCCCAAAGGCCACCT-1,8.067941,-0.804969,s1d1
CTCCCAAAGTGCTACT-1,14.432162,6.257055,s1d1
CTCCCAACAGTCGGAA-1,11.805952,14.6216345,s1d1
CTCCCAAGTATGAGGC-1,11.599906,11.885612,s1d1
CTCCCAAGTCATACCA-1,6.0859046,-5.1505265,s1d1
CTCCCAAGTGACTCGC-1,6.464972,-5.4996533,s1d1
CTCCCAAGTTATTCTC-1,11.522182,9.53987,s1d1
CTCCCAAGTTGTTTGG-1,-1.4198445,4.3809233,s1d1
CTCCCAATCCATTGGA-1,-0.33380523,4.310282,s1d1
CTCCCTCAGCGATGAC-1,9.8094425,11.159972,s1d1
CTCCCTCCAAGTGCTT-1,12.565595,12.612225,s1d1
CTCCCTCTCGGTCTAA-1,15.605067,6.0323176,s1d1
CTCCCTCTCGTCAACA-1,11.320346,8.241582,s1d1
CTCCGATAGTTGCCTA-1,-5.1305895,6.581818,s1d1
CTCCGATCAACGATTC-1,10.674946,10.447689,s1d1
CTCCGATCACGACGTC-1,-0.431306,3.212794,s1d1
CTCCGATCATTAAGCC-1,-5.2008996,9.213427,s1d1
CTCCGATGTCAAAGCG-1,1.37135,6.0982704,s1d1
CTCCGATGTCGCACGT-1,8.9943075,1.469939,s1d1
CTCCGATGTCTAGATC-1,11.0346985,-0.95019025,s1d1
CTCCGATGTGAGCGAT-1,5.2768908,-2.9442787,s1d1
CTCCGATGTTTACCTT-1,11.166283,10.701979,s1d1
CTCCTCCAGATCCCAT-1,11.087019,11.759549,s1d1
CTCCTCCAGTCGAAAT-1,12.281097,10.757725,s1d1
CTCCTCCCACAAATAG-1,5.0531917,19.09278,s1d1
CTCCTCCGTGCTTATG-1,1.7314024,7.9870462,s1d1
CTCCTTTAGCACCGAA-1,11.022591,10.260384,s1d1
CTCCTTTCAGAGGACT-1,-1.1714585,5.048001,s1d1
CTCCTTTGTAAGCAAT-1,11.188078,9.881287,s1d1
CTCCTTTGTCCACTTC-1,11.846706,6.5220737,s1d1
CTCCTTTGTCGGTAAG-1,9.622835,4.554961,s1d1
CTCCTTTGTGTGTCGC-1,11.0211115,7.56071,s1d1
CTCCTTTTCACACCGG-1,-1.6004173,7.5367985,s1d1
CTCCTTTTCGCCAACG-1,3.461698,17.013586,s1d1
CTCCTTTTCTCCTACG-1,8.707963,1.5039883,s1d1
CTCCTTTTCTGATGGT-1,2.3114555,7.133125,s1d1
CTCCTTTTCTTTGATC-1,-0.43088406,5.486204,s1d1
CTCGAGGCAACGTTAC-1,10.641838,6.5703387,s1d1
CTCGAGGCAAGTGTCT-1,5.233417,19.404015,s1d1
CTCGAGGCACTTCTCG-1,13.808691,7.594499,s1d1
CTCGAGGCAGGGAGAG-1,8.591221,8.011231,s1d1
CTCGAGGCATCGAGCC-1,11.378001,8.782782,s1d1
CTCGAGGCATGAAGGC-1,2.6735885,5.4167895,s1d1
CTCGAGGTCACGAACT-1,5.1432033,4.044604,s1d1
CTCTCAGAGCATCGAG-1,11.409203,5.9589915,s1d1
CTCTCAGAGGTGCTTT-1,13.429205,10.307043,s1d1
CTCTCAGCACACTGGC-1,11.253392,10.0400095,s1d1
CTCTCAGCACAGCCTG-1,15.290197,9.363754,s1d1
CTCTCAGCAGAACATA-1,9.9582405,18.601654,s1d1
CTCTCAGCAGCATGCC-1,12.713398,8.134639,s1d1
CTCTCAGCATTCACAG-1,16.057486,8.982362,s1d1
CTCTCAGGTAAGCTCT-1,1.7536714,8.27058,s1d1
CTCTCAGGTGGCTTAT-1,9.236814,4.217715,s1d1
CTCTCAGGTTTGGAAA-1,5.45618,16.166332,s1d1
CTCTCAGTCCTCCACA-1,2.3754315,18.1942,s1d1
CTCTCAGTCTAGTGAC-1,10.775589,13.822248,s1d1
CTCTCGACAATAACCC-1,10.952834,7.228657,s1d1
CTCTCGACAATCGTCA-1,10.912969,5.3312716,s1d1
CTCTCGACACCGAATT-1,6.681236,0.20321222,s1d1
CTCTCGACACTAACGT-1,-5.333284,8.945347,s1d1
CTCTCGAGTCCCTGAG-1,10.847439,7.2149067,s1d1
CTCTCGAGTCGTCGGT-1,-4.4224887,4.0515246,s1d1
CTCTCGAGTCTCACAA-1,8.304196,-4.098607,s1d1
CTCTCGAGTCTGTAGT-1,5.3703275,19.92996,s1d1
CTCTGGTAGTCTTCGA-1,10.473149,7.6162467,s1d1
CTCTGGTAGTGAGCCA-1,9.320042,-4.58043,s1d1
CTCTGGTCAGCTCCTT-1,10.185964,17.741026,s1d1
CTCTGGTGTATGTCCA-1,2.3292282,17.598982,s1d1
CTCTGGTGTGGAGAAA-1,13.32202,5.497198,s1d1
CTCTGGTTCAGGACAG-1,10.1005745,17.945435,s1d1
CTCTGGTTCCGCAACG-1,-4.4768515,9.879653,s1d1
CTCTGGTTCCTCGCAT-1,10.470819,9.886783,s1d1
CTCTGGTTCGTCAAAC-1,11.030162,10.076034,s1d1
CTCTGGTTCTCTGGTC-1,-1.4791552,6.491689,s1d1
CTGAATGAGGAAAGTG-1,12.590915,13.541457,s1d1
CTGAATGCACCGTCTT-1,2.1761913,16.645258,s1d1
CTGAATGCAGTTTCGA-1,9.659529,4.720319,s1d1
CTGAATGCATTCATCT-1,3.565742,6.470722,s1d1
CTGAATGGTATCGATC-1,-5.3209887,10.625252,s1d1
CTGAATGGTCGGCCTA-1,8.426108,0.8807193,s1d1
CTGAGCGAGCAATAGT-1,5.561854,16.567492,s1d1
CTGAGCGAGCACGTCC-1,9.962624,10.796558,s1d1
CTGAGCGAGCGGTAGT-1,-5.6328273,10.15012,s1d1
CTGAGCGAGCTAAGTA-1,11.719734,12.645691,s1d1
CTGAGCGAGTGCGTCC-1,3.8047736,13.233364,s1d1
CTGAGCGCAAAGGATT-1,9.362061,3.4458327,s1d1
CTGAGCGCAGAACGCA-1,1.4065098,6.3964744,s1d1
CTGAGCGCATCGGAGA-1,5.2900906,-4.2042365,s1d1
CTGAGCGGTTTGCAGT-1,4.474101,19.35995,s1d1
CTGAGGCAGACGCTCC-1,12.383525,10.488835,s1d1
CTGAGGCAGGCCCAAA-1,10.224679,19.155455,s1d1
CTGAGGCAGTTAGTAG-1,-1.3186677,5.426165,s1d1
CTGAGGCCACGTCATA-1,-5.168459,7.2411447,s1d1
CTGAGGCCATTAGGCT-1,13.053942,6.005807,s1d1
CTGAGGCGTACAAACA-1,7.785129,0.18075106,s1d1
CTGAGGCGTTATCTGG-1,1.9073805,7.055823,s1d1
CTGAGGCTCATCCCGT-1,6.64984,-0.6448474,s1d1
CTGAGGCTCATTGTGG-1,16.487354,5.152464,s1d1
CTGAGGCTCCCAAGCG-1,13.024705,8.307167,s1d1
CTGAGGCTCGAACACT-1,11.97028,8.439377,s1d1
CTGATCCAGCCGGATA-1,16.475828,6.1197686,s1d1
CTGATCCAGTCGAATA-1,7.67525,-4.2350726,s1d1
CTGATCCAGTTCGGTT-1,10.782989,10.496395,s1d1
CTGATCCCAAGATCCT-1,-3.4321465,9.341364,s1d1
CTGATCCCAAGGCGTA-1,10.04486,5.7068443,s1d1
CTGATCCCACAACGAG-1,10.689332,10.361457,s1d1
CTGATCCCACAAGTTC-1,5.1209145,-3.044381,s1d1
CTGATCCCATGTCAGT-1,12.302869,11.152584,s1d1
CTGATCCGTAGTCTTG-1,5.7822404,16.31945,s1d1
CTGATCCGTCATCACA-1,-5.3665648,7.1273475,s1d1
CTGATCCGTTCTCGTC-1,-0.89200574,5.4447756,s1d1
CTGATCCTCCCATACC-1,10.188253,12.5134535,s1d1
CTGATCCTCTTGGGCG-1,1.7786115,8.315364,s1d1
CTGCAGGAGACGGATC-1,10.614897,11.365346,s1d1
CTGCAGGAGTATAGGT-1,12.106171,8.593166,s1d1
CTGCAGGAGTTGCGAG-1,11.2062435,10.505878,s1d1
CTGCAGGGTCCTTTGC-1,12.569737,6.8561187,s1d1
CTGCAGGGTGCCGTAC-1,7.8800893,-5.076947,s1d1
CTGCAGGTCGTTGTGA-1,5.533011,-2.2706094,s1d1
CTGCAGGTCTCCAATT-1,-4.793181,6.368411,s1d1
CTGCATCAGGCACTAG-1,3.2363665,2.927566,s1d1
CTGCATCAGGTCACTT-1,8.836262,2.320824,s1d1
CTGCATCAGTGTTCCA-1,4.4847713,19.492691,s1d1
CTGCATCCAAGACGAC-1,10.618131,7.6672597,s1d1
CTGCATCCACAAGCCC-1,-5.0747075,5.1908584,s1d1
CTGCATCCACTGTGAT-1,13.975023,9.564785,s1d1
CTGCATCCAGAGAATT-1,9.474442,1.4758998,s1d1
CTGCATCGTAAGGCTG-1,10.065193,13.670928,s1d1
CTGCATCGTCGGTACC-1,10.819024,5.5865574,s1d1
CTGCATCTCAAGTAAG-1,8.304114,-1.2587008,s1d1
CTGCATCTCCTGGTCT-1,5.8947625,-1.4608446,s1d1
CTGCCATAGAACGTGC-1,4.251624,4.8192816,s1d1
CTGCCATCACCTTCCA-1,12.580574,12.63017,s1d1
CTGCCATCAGTCTGGC-1,10.761523,9.950797,s1d1
CTGCCATCAGTGGGTA-1,3.9915667,14.498646,s1d1
CTGCCATCATAACGGG-1,10.405745,17.387669,s1d1
CTGCCATGTAGCTTGT-1,7.334666,3.097247,s1d1
CTGCCATGTAGTATAG-1,-4.687735,9.832012,s1d1
CTGCCATGTGCGGCTT-1,9.946097,6.0002007,s1d1
CTGCCATGTTTACTGG-1,1.3771406,8.083076,s1d1
CTGCCATTCCACTTTA-1,9.381869,3.2247026,s1d1
CTGCCATTCTCGCTTG-1,5.995134,-4.1597967,s1d1
CTGCCATTCTGTGTGA-1,12.464607,13.691708,s1d1
CTGCCATTCTTTGATC-1,13.765615,13.215199,s1d1
CTGCCTAAGAATCCCT-1,6.107437,-3.3263385,s1d1
CTGCCTACAGCGTACC-1,6.0171323,3.330378,s1d1
CTGCCTAGTGCCCAGT-1,12.560066,7.228786,s1d1
CTGCGAGAGTTGCATC-1,2.8324156,15.184639,s1d1
CTGCGAGCACTTCTCG-1,6.6010714,1.9390485,s1d1
CTGCGAGGTTAACAGA-1,10.292881,6.543022,s1d1
CTGCGAGGTTAAGAAC-1,5.290397,-4.071196,s1d1
CTGCGAGGTTAGGACG-1,11.218374,8.199802,s1d1
CTGCGAGTCAGGACGA-1,4.78763,-3.6433063,s1d1
CTGCTCAAGCTCCATA-1,-0.78973466,4.8896036,s1d1
CTGCTCAAGCTCCGAC-1,12.763068,10.328875,s1d1
CTGCTCACAGTAACCT-1,9.531037,2.6948714,s1d1
CTGCTCACATCCTGTC-1,6.8183784,17.918856,s1d1
CTGCTCACATCGGATT-1,13.190971,8.148288,s1d1
CTGCTCAGTGCCCGTA-1,10.081068,18.406635,s1d1
CTGCTCATCCAGTGTA-1,14.29126,10.734434,s1d1
CTGCTCATCGACACTA-1,2.1466343,18.078701,s1d1
CTGCTCATCTGAGAAA-1,5.105116,-3.286197,s1d1
CTGGACGAGCAATAGT-1,-2.0233037,5.3720565,s1d1
CTGGACGAGCTCGACC-1,12.226656,13.373324,s1d1
CTGGACGCATTCCTCG-1,14.549041,6.5188107,s1d1
CTGGACGTCCCAACTC-1,8.527387,4.5866265,s1d1
CTGGACGTCCGATAAC-1,2.0587664,17.099169,s1d1
CTGGACGTCTTCCACG-1,11.657165,12.103898,s1d1
CTGGACGTCTTCCCGA-1,8.509878,8.012591,s1d1
CTGGCAGAGAAACTGT-1,2.6700566,5.361407,s1d1
CTGGCAGAGAAGCCTG-1,14.220654,5.508644,s1d1
CTGGCAGAGCACTAGG-1,8.762104,3.642545,s1d1
CTGGCAGAGTTTGAGA-1,11.535567,12.02006,s1d1
CTGGCAGCACAAGTGG-1,10.694727,10.485881,s1d1
CTGGCAGCATGACCCG-1,6.5507493,-3.9895966,s1d1
CTGGCAGCATGCGGTC-1,12.692445,6.9147277,s1d1
CTGGCAGGTACGAGTG-1,8.070391,-3.636734,s1d1
CTGGCAGGTAGTCTTG-1,7.4204526,-4.913337,s1d1
CTGGCAGGTATGGGAC-1,5.2040806,16.733181,s1d1
CTGGCAGGTGTGCTTA-1,11.538178,8.665287,s1d1
CTGGCAGGTTAGGACG-1,10.4275675,12.332943,s1d1
CTGGCAGGTTGGACTT-1,6.9762087,4.1197853,s1d1
CTGGCAGGTTTACGTG-1,10.3959255,9.091087,s1d1
CTGGCAGTCAATCGGT-1,11.635744,10.466893,s1d1
CTGGCAGTCGACGACC-1,8.09512,-4.588322,s1d1
CTGGCAGTCGCCTATC-1,7.983258,-3.5924752,s1d1
CTGGCAGTCTACGCGG-1,2.8906755,18.217001,s1d1
CTGGCAGTCTGACGCG-1,-5.685159,7.6784296,s1d1
CTGGTCTAGAATCGTA-1,-5.678439,11.961801,s1d1
CTGGTCTAGAGGTGCT-1,14.983331,7.3930717,s1d1
CTGGTCTAGCTGACCC-1,5.303929,-4.048194,s1d1
CTGGTCTAGGTCTGGA-1,12.267957,14.479505,s1d1
CTGGTCTAGTTCCAGT-1,10.790405,10.598419,s1d1
CTGGTCTCAGTTGAAA-1,11.594227,7.250898,s1d1
CTGGTCTGTAATGATG-1,6.5021186,-3.330006,s1d1
CTGGTCTGTATGGGAC-1,7.1337166,-4.7483873,s1d1
CTGGTCTGTCGCAACC-1,11.721001,6.7806706,s1d1
CTGGTCTGTTACCTTT-1,9.231018,1.5784405,s1d1
CTGGTCTTCCACGTCT-1,5.0098557,18.34527,s1d1
CTGGTCTTCTCAGAAC-1,9.950085,4.373007,s1d1
CTGTACCAGAGCAAGA-1,17.079231,5.8087664,s1d1
CTGTACCAGCAACAGC-1,14.24805,6.084,s1d1
CTGTACCAGTCTTCCC-1,-5.563881,9.289664,s1d1
CTGTACCCAAGAAACT-1,6.5152197,-4.882298,s1d1
CTGTACCCACGAAGAC-1,5.2698045,19.715605,s1d1
CTGTACCCACGACGCT-1,16.511768,7.4233994,s1d1
CTGTACCGTCTGTAAC-1,9.932567,13.830103,s1d1
CTGTACCTCTATGCCC-1,15.780172,7.2728977,s1d1
CTGTACCTCTCGTTTA-1,3.7556138,17.731024,s1d1
CTGTAGACAAATGGCG-1,5.470603,-1.8269897,s1d1
CTGTAGACAACTCATG-1,3.1835215,6.606611,s1d1
CTGTAGACACGTGTGC-1,11.599264,6.8232574,s1d1
CTGTAGACATAAGATG-1,12.367167,6.2688627,s1d1
CTGTAGACATCATCCC-1,11.411197,6.075311,s1d1
CTGTAGAGTCTTACAG-1,1.6880149,8.572252,s1d1
CTGTAGATCACGTCCT-1,4.8973336,18.159966,s1d1
CTGTAGATCGAAGCAG-1,11.629571,5.7069798,s1d1
CTGTAGATCTTGGATG-1,12.178416,10.782255,s1d1
CTGTATTCAACCCTAA-1,9.3511715,5.0557237,s1d1
CTGTATTGTACAAACA-1,8.192571,-3.2180293,s1d1
CTGTATTGTACGAGTG-1,6.927613,3.1441634,s1d1
CTGTATTGTTGTTGAC-1,3.2075672,18.283527,s1d1
CTGTATTTCGATTCCC-1,7.262116,-5.13044,s1d1
CTGTCGTAGAGCTGAC-1,13.276387,10.948008,s1d1
CTGTCGTAGAGGGTAA-1,11.616851,13.110544,s1d1
CTGTCGTAGGAGGTTC-1,5.2875347,-2.8139842,s1d1
CTGTCGTCAGCCTATA-1,11.63089,8.869019,s1d1
CTGTCGTCATGACGTT-1,10.10639,18.285788,s1d1
CTGTCGTGTTCATCTT-1,11.221531,11.151296,s1d1
CTGTCGTTCACTGATG-1,2.2611737,3.9506187,s1d1
CTGTCGTTCGGTTCAA-1,9.33462,4.773641,s1d1
CTGTCGTTCTACACTT-1,10.510173,13.974927,s1d1
CTGTCGTTCTCTTCAA-1,-5.4099627,7.9109497,s1d1
CTGTCGTTCTGTGTGA-1,9.200381,1.5638441,s1d1
CTGTGAACATCCGTTC-1,16.179018,6.4811335,s1d1
CTGTGAACATCTGCGG-1,10.947465,6.9788356,s1d1
CTGTGAAGTAGCGCTC-1,11.688941,13.256478,s1d1
CTGTGAAGTTCGGGTC-1,6.5028214,-1.3419218,s1d1
CTGTGAAGTTGCCGAC-1,12.815437,13.718926,s1d1
CTGTGAATCGTGTTCC-1,14.448874,8.719419,s1d1
CTGTGGGAGACTTAAG-1,2.3111885,5.9817696,s1d1
CTGTGGGAGCCTGTGC-1,12.475556,12.287701,s1d1
CTGTGGGAGCTCTGTA-1,4.9784784,-4.6404,s1d1
CTGTGGGCATAATCCG-1,3.3841345,17.862734,s1d1
CTGTGGGCATCCAATG-1,5.959528,-2.1937907,s1d1
CTGTGGGGTCCTTAAG-1,5.470647,16.854582,s1d1
CTGTGGGTCGTGGCTG-1,9.559138,5.301506,s1d1
CTTACCGAGACTGAGC-1,8.167157,4.04298,s1d1
CTTACCGAGATTCGCT-1,4.059227,14.93095,s1d1
CTTACCGAGCCACCGT-1,3.9206326,19.230034,s1d1
CTTACCGAGGATACCG-1,5.9064903,-2.6874776,s1d1
CTTACCGAGTATGCAA-1,6.0444818,-4.0032744,s1d1
CTTACCGCAAATCAGA-1,11.824499,10.070328,s1d1
CTTACCGCACCCTAGG-1,9.704695,4.3209534,s1d1
CTTACCGCAGGCGAAT-1,-2.5182197,4.3699403,s1d1
CTTACCGCAGGGAGAG-1,1.3397344,4.3812876,s1d1
CTTACCGGTCACCGAC-1,6.412173,-2.2592378,s1d1
CTTACCGGTGCATGTT-1,7.914697,-0.6077406,s1d1
CTTACCGGTTTCTATC-1,12.578397,8.46255,s1d1
CTTAGGAAGATTGCGG-1,11.113477,11.408301,s1d1
CTTAGGACAATCGAAA-1,11.1115265,6.243653,s1d1
CTTAGGACACATGGTT-1,3.7552679,13.2516775,s1d1
CTTAGGAGTCTAGATC-1,-2.570392,4.2778234,s1d1
CTTAGGAGTTGGATCT-1,4.1829762,15.739706,s1d1
CTTAGGATCTATCGGA-1,3.420483,18.142223,s1d1
CTTAGGATCTCTATAC-1,3.2266412,16.883642,s1d1
CTTCAATAGCCTCTTC-1,12.639199,12.135338,s1d1
CTTCAATAGGGCGAAG-1,11.0696125,10.647033,s1d1
CTTCAATAGTCGGCAA-1,10.404632,5.3863883,s1d1
CTTCAATAGTGCAGGT-1,5.571135,16.224054,s1d1
CTTCAATCAAATGATG-1,13.522722,9.59117,s1d1
CTTCAATCACACAGCC-1,6.8327694,-5.1426263,s1d1
CTTCAATCATGACGTT-1,5.592312,-0.8872536,s1d1
CTTCAATTCCAGCAAT-1,4.2232223,16.388796,s1d1
CTTCCGAAGATAACAC-1,7.5871115,-4.4757285,s1d1
CTTCCGACAACGCATT-1,5.0417786,16.630436,s1d1
CTTCCGACACCGTGCA-1,10.429256,14.041947,s1d1
CTTCCGAGTAGGTACG-1,3.8285549,5.3951054,s1d1
CTTCCGAGTCCCGTGA-1,-5.179608,11.071065,s1d1
CTTCCGAGTTTACTTC-1,-1.0487218,3.8554962,s1d1
CTTCCGATCAGTGGGA-1,14.247055,6.4521236,s1d1
CTTCCTTAGCACCTGC-1,13.22483,13.267433,s1d1
CTTCCTTAGCCATTCA-1,2.5254097,17.494759,s1d1
CTTCCTTCAACAGCTT-1,10.970072,-0.95313776,s1d1
CTTCCTTCAACTTCTT-1,13.962598,7.6897655,s1d1
CTTCCTTCACAGGATG-1,1.514801,4.11926,s1d1
CTTCCTTCACATCCCT-1,14.42863,9.0997925,s1d1
CTTCCTTCACTCAAGT-1,5.5899577,-4.9069924,s1d1
CTTCCTTCAGCGCTTG-1,10.611914,17.259592,s1d1
CTTCCTTGTATCCCTC-1,13.6112795,7.1184006,s1d1
CTTCCTTGTATCGAAA-1,3.9139123,16.989906,s1d1
CTTCCTTTCGCGTGAC-1,4.656454,20.216022,s1d1
CTTCGGTAGCTTGTGT-1,2.7802556,7.349594,s1d1
CTTCGGTAGGAAGTGA-1,5.3979177,19.375557,s1d1
CTTCGGTCAGCCGTCA-1,13.458561,12.474959,s1d1
CTTCGGTGTATCCTTT-1,-5.765964,7.804517,s1d1
CTTCGGTGTATCTCTT-1,5.166981,18.156239,s1d1
CTTCGGTGTTCTCACC-1,3.4397876,4.939411,s1d1
CTTCGGTTCACCGGGT-1,12.832438,12.057938,s1d1
CTTCTAAAGAATGTTG-1,5.1881633,17.31821,s1d1
CTTCTAAAGATTACCC-1,1.8255955,5.429802,s1d1
CTTCTAAAGGTGATCG-1,11.203346,10.442978,s1d1
CTTCTAAAGTAGTCTC-1,13.857885,10.368587,s1d1
CTTCTAACAAGAGGTC-1,3.4164054,6.440728,s1d1
CTTCTAAGTAGCTTAC-1,5.286115,19.627386,s1d1
CTTCTAAGTATGCTTG-1,2.082033,6.574718,s1d1
CTTCTAAGTATGTCAC-1,-5.7857356,8.601244,s1d1
CTTCTAATCGAGAAAT-1,6.5000234,-1.1828288,s1d1
CTTCTAATCGTGCAGC-1,12.247576,12.131328,s1d1
CTTCTCTCACCTGTCT-1,6.0671396,-5.3878236,s1d1
CTTCTCTTCAAACGTC-1,11.280758,10.6560755,s1d1
CTTCTCTTCATACAGC-1,9.966846,6.242205,s1d1
CTTCTCTTCTCCTGAC-1,11.6311,10.5629225,s1d1
CTTCTCTTCTGTCTCG-1,2.6268864,8.022193,s1d1
CTTGAGAAGAAATTCG-1,10.179396,10.702499,s1d1
CTTGAGAAGCCATTTG-1,13.064829,6.692871,s1d1
CTTGAGAAGGATACAT-1,5.367587,19.58446,s1d1
CTTGAGAAGGCCCACT-1,11.157576,9.804023,s1d1
CTTGAGAAGTAAACAC-1,-4.9024878,9.81123,s1d1
CTTGAGAAGTATGGAT-1,12.230886,9.453179,s1d1
CTTGAGAGTCTTCCGT-1,4.5330143,19.846458,s1d1
CTTGAGAGTCTTGGTA-1,6.7544594,18.171402,s1d1
CTTGAGAGTTCACGAT-1,2.1856892,17.046738,s1d1
CTTGAGAGTTTGATCG-1,10.891256,12.326504,s1d1
CTTGAGATCAACTGAC-1,10.006191,5.6829214,s1d1
CTTGAGATCCATTGCC-1,-0.8169768,4.7610555,s1d1
CTTGAGATCGCCATAA-1,12.196312,13.155728,s1d1
CTTGAGATCTTCGGAA-1,11.6934395,5.9592843,s1d1
CTTGATTAGACTCGAG-1,14.211277,7.71891,s1d1
CTTGATTAGGTACCTT-1,3.9680493,16.633818,s1d1
CTTGATTCAATTCGTG-1,12.671908,13.869667,s1d1
CTTGATTCACCGTCTT-1,14.646289,6.5723515,s1d1
CTTGATTCATCCAACA-1,16.730404,6.9586835,s1d1
CTTGATTGTATAATGG-1,10.670906,7.198086,s1d1
CTTGATTGTGACTGAG-1,12.107359,13.003836,s1d1
CTTGATTGTGCGGCTT-1,14.360771,10.674737,s1d1
CTTGATTGTTCAGTAC-1,5.578703,-4.7847743,s1d1
CTTGATTTCACGGTCG-1,10.44848,13.472872,s1d1
CTTGATTTCCCTTTGG-1,5.011643,-3.3182218,s1d1
CTTTCAAAGGTTAGTA-1,10.958915,7.895621,s1d1
CTTTCAAAGTGCAACG-1,12.806899,5.6945515,s1d1
CTTTCAACACGCAAAG-1,3.4895043,18.48578,s1d1
CTTTCAACAGTCGCTG-1,9.6369505,1.1406115,s1d1
CTTTCAAGTATTCCTT-1,5.657184,16.508865,s1d1
CTTTCAAGTCACCCTT-1,6.0239143,19.108675,s1d1
CTTTCAAGTGAATGTA-1,9.600665,4.719817,s1d1
CTTTCAAGTTATGGTC-1,1.9432224,8.001267,s1d1
CTTTCAAGTTGAAGTA-1,1.3204237,7.3994303,s1d1
CTTTCAATCAAGCCTA-1,1.9645249,17.729832,s1d1
CTTTCAATCTCTAAGG-1,1.7949789,5.0700283,s1d1
CTTTCGGAGTCATCCA-1,12.990119,6.664629,s1d1
CTTTCGGCAACAAGTA-1,10.076102,12.388864,s1d1
CTTTCGGCACACCAGC-1,13.006449,13.77104,s1d1
CTTTCGGCACGATAGG-1,17.03208,5.012925,s1d1
CTTTCGGGTACGGATG-1,5.1506677,18.976988,s1d1
CTTTCGGGTCATTGCA-1,2.7797852,6.8951387,s1d1
CTTTCGGGTCTCGGGT-1,11.428023,10.236757,s1d1
CTTTCGGGTTCTAAGC-1,10.348048,5.904295,s1d1
CTTTCGGTCGTGGGAA-1,5.344163,19.84648,s1d1
CTTTCGGTCTACGGTA-1,6.176535,-4.7628026,s1d1
GAAACCTAGCCATTGT-1,12.262557,12.267366,s1d1
GAAACCTCAGTCGGAA-1,13.443347,10.183525,s1d1
GAAACCTCATTAGGCT-1,12.671756,7.7399807,s1d1
GAAACCTGTAATGTGA-1,-2.237939,4.4815817,s1d1
GAAACCTGTATACCTG-1,15.25631,9.330116,s1d1
GAAACCTGTCTACAAC-1,14.0032,10.835187,s1d1
GAAACCTGTCTTCGAA-1,3.0468698,17.753344,s1d1
GAAACCTGTGTTACTG-1,14.058778,8.75455,s1d1
GAAACCTGTTTGTTCT-1,-0.19964169,3.3304408,s1d1
GAAACCTTCACACCGG-1,10.138352,13.792702,s1d1
GAAACCTTCATACAGC-1,3.8935032,17.04104,s1d1
GAAACCTTCTAGTGTG-1,13.948523,8.500414,s1d1
GAAATGACAGCGCTTG-1,8.3549185,3.8285491,s1d1
GAAATGAGTACTGACT-1,6.9197235,4.6316013,s1d1
GAAATGAGTGACCGTC-1,9.24931,4.809706,s1d1
GAAATGATCGCGCCAA-1,12.737195,12.754318,s1d1
GAACACTAGAGTTGTA-1,-5.0239844,10.560601,s1d1
GAACACTAGATGGCGT-1,16.850166,8.550799,s1d1
GAACACTAGGCTCCCA-1,5.1970124,19.67506,s1d1
GAACACTAGGTAGATT-1,2.9905658,7.9620934,s1d1
GAACACTCAGGTTTAC-1,7.60824,4.808554,s1d1
GAACACTCATAAGCAA-1,14.468695,8.71114,s1d1
GAACACTGTTCGCGTG-1,5.710981,6.7015924,s1d1
GAACACTGTTTCAGAC-1,2.390728,17.54483,s1d1
GAACACTTCCAAGCAT-1,7.798909,-4.9410152,s1d1
GAACACTTCCGAGCTG-1,2.3946886,5.3050814,s1d1
GAACGTTAGTAGTCCT-1,-0.18531784,3.3792667,s1d1
GAACGTTCAAATGAGT-1,2.7792811,18.079243,s1d1
GAACGTTCAACCAGAG-1,5.8431168,-5.4084845,s1d1
GAACGTTCAAGTATAG-1,17.071602,5.325892,s1d1
GAACGTTCACCGTACG-1,14.282596,9.428592,s1d1
GAACGTTCATGTGACT-1,14.749075,9.253749,s1d1
GAACGTTGTCTTTATC-1,11.113879,7.506696,s1d1
GAACGTTGTGGTCTTA-1,2.4087489,18.252144,s1d1
GAACGTTTCTGAGAGG-1,2.0929856,17.807339,s1d1
GAACGTTTCTGAGATC-1,1.2351519,6.0175104,s1d1
GAACTGTAGACCAAGC-1,10.721163,12.694706,s1d1
GAACTGTAGATGAATC-1,5.5234094,19.487232,s1d1
GAACTGTAGGACCCAA-1,5.626582,16.53612,s1d1
GAACTGTCATAGATCC-1,9.44052,7.151212,s1d1
GAACTGTGTATCAGCT-1,5.731694,18.730095,s1d1
GAACTGTGTCGAATGG-1,10.317346,11.361913,s1d1
GAACTGTGTTCCAAAC-1,2.598037,18.02547,s1d1
GAACTGTTCGCTTGAA-1,13.372509,10.253745,s1d1
GAAGAATAGCTGAGTG-1,-5.794939,8.333586,s1d1
GAAGAATAGGCACAAC-1,5.295058,19.505743,s1d1
GAAGAATAGGGATCAC-1,11.886851,10.936834,s1d1
GAAGAATAGGTTAGTA-1,-6.329641,8.612004,s1d1
GAAGAATCAAGACTGG-1,15.942125,8.25264,s1d1
GAAGAATCAGTTTCAG-1,4.17613,20.010498,s1d1
GAAGAATCATAGAATG-1,14.249466,5.64649,s1d1
GAAGAATCATCGATAC-1,5.456623,19.702961,s1d1
GAAGAATGTCAAAGCG-1,16.806322,6.1201468,s1d1
GAAGAATGTGACTCTA-1,11.383949,8.557699,s1d1
GAAGAATGTTTGGGAG-1,11.370449,13.791179,s1d1
GAAGAATTCATTTACC-1,9.331138,7.94936,s1d1
GAAGAATTCCTACCGT-1,12.12886,9.938698,s1d1
GAAGAATTCGTCGGGT-1,4.8625956,-4.407301,s1d1
GAAGCCCAGAGGGTAA-1,-0.10089963,4.731504,s1d1
GAAGCCCAGCGTATGG-1,13.086874,7.4427266,s1d1
GAAGCCCAGTCCCTAA-1,4.5661607,4.7266197,s1d1
GAAGCCCCAAGGACAC-1,2.829987,15.824641,s1d1
GAAGCCCCAGCACCCA-1,2.3872738,17.457691,s1d1
GAAGCCCGTCATCAGT-1,12.935504,5.7121735,s1d1
GAAGCCCGTCCACAGC-1,-0.07278026,2.9166455,s1d1
GAAGCCCGTCGCACGT-1,17.355936,5.3812017,s1d1
GAAGCGAAGTCATCCA-1,7.4010606,-4.3317533,s1d1
GAAGCGACAGTCTGGC-1,11.820431,7.7109733,s1d1
GAAGCGAGTGCAGGAT-1,2.7109532,4.866986,s1d1
GAAGCGAGTGTATTGC-1,-6.132611,8.83592,s1d1
GAAGCGATCATGCATG-1,10.054956,12.143862,s1d1
GAAGCGATCCGGACTG-1,2.742662,17.897364,s1d1
GAAGCGATCCTTGGAA-1,-5.8947325,7.2291126,s1d1
GAAGCGATCGGTGAAG-1,-5.398252,10.046686,s1d1
GAAGCGATCTACTATC-1,-4.706327,8.50654,s1d1
GAAGGACAGCAGCAGT-1,11.8640375,13.491744,s1d1
GAAGGACCAACTCATG-1,5.6688814,-4.4105377,s1d1
GAAGGACCACGCCAGT-1,7.010773,5.3129783,s1d1
GAAGGACCAGCCTACG-1,2.7943444,18.081234,s1d1
GAAGGACGTATTTCCT-1,3.5034244,13.441649,s1d1
GAAGGACGTGCATTAC-1,8.452418,0.63033676,s1d1
GAAGGACGTGCCCGTA-1,1.6330923,5.2051516,s1d1
GAAGGACGTTTCGCTC-1,4.64058,4.7204766,s1d1
GAAGGACTCCTTATCA-1,-4.4559836,10.319214,s1d1
GAAGGACTCTGGTCAA-1,-2.1003392,3.8541102,s1d1
GAAGGGTAGGGTCAAC-1,12.913401,8.669493,s1d1
GAAGGGTAGTGTTGTC-1,10.288905,5.4368787,s1d1
GAAGGGTCACACACTA-1,0.45268273,5.569902,s1d1
GAAGGGTCACCAGTAT-1,4.582513,19.244627,s1d1
GAAGGGTCACCATATG-1,2.4276192,17.190361,s1d1
GAAGGGTCACTTACAG-1,6.926164,-3.122467,s1d1
GAAGGGTGTAAGTAGT-1,8.809301,2.3028936,s1d1
GAAGGGTGTTCGGTTA-1,10.820212,10.411765,s1d1
GAAGGGTTCACACCGG-1,6.1857095,3.196415,s1d1
GAAGGGTTCACCTCTG-1,12.698603,6.576528,s1d1
GAAGTAAAGAATCGTA-1,5.705364,-4.08155,s1d1
GAAGTAAAGTCCCAAT-1,2.14487,18.015188,s1d1
GAAGTAAAGTGTACAA-1,11.605449,7.160379,s1d1
GAAGTAACAAACTAAG-1,2.6029258,16.847857,s1d1
GAAGTAACACCCTATC-1,-0.13009566,4.933675,s1d1
GAAGTAAGTAGGCTGA-1,-5.558735,10.849908,s1d1
GAAGTAATCATCCTAT-1,11.063842,11.725903,s1d1
GAATAGAAGCATCAAA-1,-2.3461263,4.5647855,s1d1
GAATAGAAGCTCGACC-1,-1.0659946,4.928617,s1d1
GAATAGAAGTCGGCAA-1,9.442211,4.961312,s1d1
GAATAGACACCCTAGG-1,4.9534974,-3.1744337,s1d1
GAATAGAGTTGGACCC-1,1.555319,7.519315,s1d1
GAATCACAGACTCCGC-1,17.089525,5.2939687,s1d1
GAATCACAGCTTAGTC-1,5.3721986,16.805002,s1d1
GAATCACAGGCCATAG-1,9.231509,1.8460572,s1d1
GAATCACAGTACCCTA-1,-0.8254682,2.585883,s1d1
GAATCACCACTGTGAT-1,8.681934,-0.9724286,s1d1
GAATCACGTATGGTAA-1,15.65835,8.840984,s1d1
GAATCACGTCAGATTC-1,12.367102,8.399352,s1d1
GAATCACGTCGCACAC-1,9.936218,5.6671343,s1d1
GAATCACGTGCTATTG-1,13.023816,7.184634,s1d1
GAATCACTCGTGTGAT-1,1.6394233,8.313391,s1d1
GAATCACTCTCTATGT-1,4.896037,14.501611,s1d1
GAATCGTAGCACTGGA-1,10.2044325,4.692825,s1d1
GAATCGTCAGCGATTT-1,2.9306304,18.097643,s1d1
GAATCGTCAGGATCTT-1,-4.9554753,8.275694,s1d1
GAATCGTCAGTGTACT-1,-4.824488,10.76041,s1d1
GAATCGTGTCCTCATC-1,-1.4871167,4.2760506,s1d1
GAATCGTTCAATCTCT-1,5.1612325,-2.9412694,s1d1
GAATCGTTCAGAGTTC-1,5.551862,17.217672,s1d1
GAATCGTTCAGGAACG-1,8.52515,0.9186537,s1d1
GAATCGTTCTGATGGT-1,-1.6701709,4.7701926,s1d1
GACACGCAGGAACATT-1,16.471624,4.882879,s1d1
GACACGCCAGCGGATA-1,10.449547,7.679555,s1d1
GACACGCCATCTGGGC-1,-5.037263,8.435052,s1d1
GACACGCGTCCTCCTA-1,11.285964,10.709595,s1d1
GACACGCGTTTGCAGT-1,-0.10439574,4.8083873,s1d1
GACACGCTCCTCCACA-1,8.731788,2.7389472,s1d1
GACACGCTCTAGAGCT-1,8.190849,-1.376299,s1d1
GACACGCTCTTGGTCC-1,5.3197894,-3.1759903,s1d1
GACAGCCAGATTGACA-1,10.587181,-0.76931506,s1d1
GACAGCCAGCACCTGC-1,5.241382,16.271744,s1d1
GACATCACACATGGTT-1,9.867868,-4.3812184,s1d1
GACATCACAGTCCGTG-1,9.827508,4.31955,s1d1
GACATCAGTCATATGC-1,17.299437,5.6860847,s1d1
GACATCAGTGTTCGTA-1,-5.937931,8.459673,s1d1
GACATCAGTTAAGACA-1,2.7747433,17.777514,s1d1
GACATCATCCGAGAAG-1,12.418591,6.915984,s1d1
GACCAATAGCCAACCC-1,2.466212,8.2205305,s1d1
GACCAATAGGTAGACC-1,10.065672,13.124461,s1d1
GACCAATAGTACCCTA-1,5.4147367,-5.2313657,s1d1
GACCAATCAACTACGT-1,13.705078,6.792851,s1d1
GACCAATCAATTTCGG-1,14.574037,6.1867213,s1d1
GACCAATCACATTCTT-1,3.7106647,13.5031,s1d1
GACCAATCAGGTACGA-1,10.979397,12.14743,s1d1
GACCAATGTAGTCTTG-1,12.917717,13.770713,s1d1
GACCAATTCATAAGGA-1,7.1020856,0.4638318,s1d1
GACCCAGAGCCTCATA-1,-1.753504,4.506121,s1d1
GACCCAGAGGCTGGAT-1,10.853681,10.919122,s1d1
GACCCAGAGGTCGACA-1,5.463126,19.441809,s1d1
GACCCAGCATCGCCTT-1,-2.083501,3.7043173,s1d1
GACCCAGGTCAAAGAT-1,12.324092,7.71571,s1d1
GACCCAGGTCGCACAC-1,5.400353,19.093143,s1d1
GACCCAGGTCGTGGTC-1,7.089218,2.7793424,s1d1
GACCCTTAGATGACCG-1,11.471543,13.499856,s1d1
GACCCTTAGCCATGCC-1,3.7810528,4.6677613,s1d1
GACCCTTCAAATACAG-1,5.5431614,-2.3994427,s1d1
GACCCTTCAATACCTG-1,5.6660666,16.166298,s1d1
GACCCTTCACTTCCTG-1,6.0194416,5.1072245,s1d1
GACCCTTGTATCGGTT-1,9.272641,3.0120819,s1d1
GACCCTTGTGGCAGAT-1,5.843331,15.881137,s1d1
GACCCTTTCCATGATG-1,5.9212956,18.590551,s1d1
GACCGTGAGTAGACAT-1,2.1145709,17.12963,s1d1
GACCGTGAGTCGCTAT-1,-3.7926009,10.007526,s1d1
GACCGTGAGTTGAATG-1,12.07763,6.942076,s1d1
GACCGTGCAAGCTGTT-1,6.298543,-2.097693,s1d1
GACCGTGCACAAAGCG-1,12.219839,7.923309,s1d1
GACCGTGCATCCTTGC-1,12.399462,6.077226,s1d1
GACCGTGCATCTCATT-1,12.296356,8.517012,s1d1
GACCGTGGTCGATTAC-1,13.94125,8.141862,s1d1
GACCGTGGTGAACCGA-1,13.1635475,10.193213,s1d1
GACCGTGGTGATGAAT-1,-5.5318723,7.1413326,s1d1
GACCGTGGTTATGACC-1,16.052156,8.08923,s1d1
GACCGTGTCAATGTCG-1,-0.81435966,2.448365,s1d1
GACCGTGTCCGTGTCT-1,10.349866,9.232876,s1d1
GACCTTCAGATGACAT-1,12.669703,7.455769,s1d1
GACCTTCAGGTAATCA-1,11.739954,10.946177,s1d1
GACCTTCAGTGATCGG-1,11.355779,12.907388,s1d1
GACCTTCCACGGATCC-1,10.622318,7.6508794,s1d1
GACCTTCCATACTTTC-1,12.570726,10.287888,s1d1
GACCTTCGTACAGAAT-1,10.844953,11.636414,s1d1
GACCTTCTCGTTTACT-1,3.862017,5.768605,s1d1
GACGCTGAGGCTATCT-1,4.1376247,16.515017,s1d1
GACGCTGCATTGAAGA-1,3.3736234,6.706457,s1d1
GACGCTGGTACCTAAC-1,6.247272,-2.5001516,s1d1
GACGCTGGTATTGCCA-1,16.665113,8.583195,s1d1
GACGCTGGTGTCTTGA-1,10.208014,11.827816,s1d1
GACGCTGGTGTGAATA-1,11.812512,6.9987106,s1d1
GACGCTGTCAAGAATG-1,5.962618,4.9353266,s1d1
GACGCTGTCTCTAAGG-1,9.48867,4.9817634,s1d1
GACGTTAAGCTAGCCC-1,12.202308,12.528258,s1d1
GACGTTAAGGCTGTAG-1,15.757909,8.666549,s1d1
GACGTTAAGGGCAAGG-1,9.20316,2.1848328,s1d1
GACGTTAGTCGAAGCA-1,14.729126,9.015261,s1d1
GACGTTATCACCTTGC-1,12.77897,8.577036,s1d1
GACGTTATCCCACAGG-1,9.934851,4.5402803,s1d1
GACGTTATCTTGGTCC-1,-5.2311974,7.827584,s1d1
GACTATGAGACGCCCT-1,6.1379976,-1.9068048,s1d1
GACTATGAGAGATTCA-1,12.7282295,12.218769,s1d1
GACTATGAGATCGGTG-1,11.372766,8.175716,s1d1
GACTATGAGCTCACTA-1,-4.3511324,10.350661,s1d1
GACTATGAGTCATACC-1,-5.908498,7.2170815,s1d1
GACTATGCAGAACTTC-1,5.218782,18.429474,s1d1
GACTATGGTATCATGC-1,11.336808,6.4055586,s1d1
GACTATGGTCTCGCGA-1,14.3491955,9.48345,s1d1
GACTATGTCAAGAAAC-1,1.6880419,4.0342164,s1d1
GACTATGTCGATGCAT-1,11.4599285,14.215804,s1d1
GACTATGTCTCTATGT-1,-5.138914,4.1412864,s1d1
GACTCAAAGACGGTCA-1,1.6856608,6.2391095,s1d1
GACTCAAAGAGAGTTT-1,11.651197,8.0802555,s1d1
GACTCAAAGATGGTCG-1,-1.2153537,5.8755445,s1d1
GACTCAAAGTGATTCC-1,10.470987,13.134403,s1d1
GACTCAACACGGGCTT-1,12.05308,8.049008,s1d1
GACTCAAGTAGCGCTC-1,16.972424,4.9270887,s1d1
GACTCAAGTCGCCACA-1,12.8554125,5.569709,s1d1
GACTCAATCTACCAGA-1,2.876381,7.290858,s1d1
GACTCAATCTGCATGA-1,10.190183,12.209462,s1d1
GACTCTCAGATAGTCA-1,6.4883146,3.0981607,s1d1
GACTCTCAGCGAGAAA-1,5.2956576,-4.9190655,s1d1
GACTCTCCAGCATCTA-1,6.9401817,-5.248934,s1d1
GACTCTCTCGTTCTCG-1,2.109888,8.613122,s1d1
GACTGATAGATGACAT-1,12.583726,8.142557,s1d1
GACTGATAGCAATTCC-1,8.421778,0.91239566,s1d1
GACTGATAGCGACCCT-1,8.991978,1.8415489,s1d1
GACTGATCACACTGGC-1,16.406654,8.64873,s1d1
GACTGATCACGGATCC-1,1.9049101,7.856914,s1d1
GACTGATCATTCTCTA-1,3.4773328,16.350279,s1d1
GACTGATGTTACGCCG-1,-5.526233,8.691028,s1d1
GACTGATTCCACGAAT-1,12.445829,14.322688,s1d1
GACTGATTCCCGTGAG-1,-5.828766,7.3912745,s1d1
GACTTCCAGCAGCGAT-1,4.941803,-3.1712673,s1d1
GACTTCCAGCCTCACG-1,10.263589,12.841363,s1d1
GACTTCCAGTGACACG-1,-0.1904744,5.0148134,s1d1
GACTTCCAGTTCGCAT-1,8.450206,4.423573,s1d1
GACTTCCCAACCAATC-1,5.821021,18.805006,s1d1
GACTTCCCAGTAACGG-1,2.9392428,18.028898,s1d1
GACTTCCCAGTAGGAC-1,2.9520984,18.378511,s1d1
GACTTCCGTTCAAACC-1,10.221239,11.368626,s1d1
GAGAAATAGTCACACT-1,-4.9297204,7.775685,s1d1
GAGAAATCACACTGGC-1,14.682281,6.0277085,s1d1
GAGAAATCAGCATGCC-1,12.222342,9.117777,s1d1
GAGAAATGTGATAGTA-1,10.383338,12.731943,s1d1
GAGAAATGTTCGGTAT-1,13.0338335,7.3790183,s1d1
GAGAAATTCACCACAA-1,14.996127,8.355618,s1d1
GAGAAATTCGCAGTTA-1,11.434184,7.631169,s1d1
GAGAAATTCTAGAGCT-1,9.074315,1.8931303,s1d1
GAGAAATTCTCTGCTG-1,11.241536,6.120892,s1d1
GAGACCCCAAAGGGCT-1,11.851996,9.941209,s1d1
GAGACCCCAACTGGTT-1,3.4285517,16.346796,s1d1
GAGACCCCACTGGACC-1,-4.605834,10.611142,s1d1
GAGACCCGTAATGCGG-1,-5.8558106,8.854545,s1d1
GAGACCCGTACATACC-1,10.005777,11.643816,s1d1
GAGACCCGTCATGACT-1,8.973133,1.4481146,s1d1
GAGACCCGTTATGGTC-1,9.499561,4.766899,s1d1
GAGACCCGTTGGAGAC-1,11.179951,13.526546,s1d1
GAGACCCTCAGTAGGG-1,12.6630125,5.858985,s1d1
GAGACCCTCCGATCGG-1,12.32689,6.2593465,s1d1
GAGACCCTCCGTGTAA-1,5.6868973,-4.034096,s1d1
GAGACTTAGAGTGACC-1,-0.15916422,3.1630256,s1d1
GAGACTTCAGCACAGA-1,6.878481,3.2801514,s1d1
GAGACTTCATTACGGT-1,3.0024757,17.705801,s1d1
GAGACTTGTAGCTCGC-1,13.719429,7.8880258,s1d1
GAGAGGTCAACGACAG-1,12.228818,8.717506,s1d1
GAGAGGTCACCGCTAG-1,5.7455597,5.144849,s1d1
GAGAGGTCAGAACTAA-1,4.9275594,19.449602,s1d1
GAGAGGTGTCGCTGCA-1,4.9494944,-4.4607368,s1d1
GAGAGGTGTCGTTGCG-1,12.603814,14.384705,s1d1
GAGAGGTTCACCATAG-1,6.923264,-5.145353,s1d1
GAGAGGTTCAGTGGGA-1,6.3838787,-5.0931654,s1d1
GAGATGGAGACTCAAA-1,5.1020427,-2.8648863,s1d1
GAGATGGAGCACTCCG-1,11.243301,12.571183,s1d1
GAGATGGAGCCTCCAG-1,17.167406,5.151778,s1d1
GAGATGGAGCTCTATG-1,7.5303836,-3.5487828,s1d1
GAGATGGAGGCAGCTA-1,11.375363,12.821896,s1d1
GAGATGGCAAAGCTAA-1,10.076448,18.356735,s1d1
GAGATGGCAGTTCCAA-1,4.4469795,19.71739,s1d1
GAGATGGGTCGACGCT-1,-1.6116009,6.372129,s1d1
GAGATGGGTTGTGCAT-1,5.5529094,-5.006472,s1d1
GAGATGGGTTTGCAGT-1,10.812372,8.044429,s1d1
GAGATGGTCCGTAGTA-1,4.211982,16.94389,s1d1
GAGCCTGAGACCTGGA-1,11.158383,7.8119035,s1d1
GAGCCTGCAAAGGGTC-1,9.396042,2.4769616,s1d1
GAGCCTGCAGAAACCG-1,11.444372,6.627734,s1d1
GAGCCTGCAGTGAGCA-1,3.359704,14.035936,s1d1
GAGCCTGCATGGAGAC-1,12.11058,12.872164,s1d1
GAGCCTGGTAACGTTC-1,6.365899,-2.4188886,s1d1
GAGCCTGGTACCCGAC-1,2.2564905,5.1145506,s1d1
GAGCCTGGTCGTCGGT-1,12.926678,5.881832,s1d1
GAGCCTGGTGCAGATG-1,8.502916,1.4094014,s1d1
GAGCCTGGTTACCCTC-1,11.873937,6.9252257,s1d1
GAGCCTGGTTTAGTCG-1,5.038973,18.753336,s1d1
GAGCTGCAGACGCTCC-1,11.056289,11.631646,s1d1
GAGCTGCAGTTTCTTC-1,10.460126,14.669554,s1d1
GAGCTGCCAGGATGAC-1,14.9848,10.065294,s1d1
GAGCTGCGTCCTGGTG-1,3.2447534,4.9368033,s1d1
GAGCTGCGTCTCGCGA-1,2.9748318,6.3297124,s1d1
GAGCTGCTCAAGCCGC-1,10.128961,18.569387,s1d1
GAGCTGCTCTCCCATG-1,15.26753,8.327649,s1d1
GAGCTGCTCTGTGCGG-1,13.45436,12.542442,s1d1
GAGGCAAAGCGCGTTC-1,14.303167,9.781457,s1d1
GAGGCAAAGGGCGAGA-1,12.661815,8.622983,s1d1
GAGGCAAAGGTGTGAC-1,-6.031645,8.396175,s1d1
GAGGCAAAGTATGAGT-1,10.765155,10.534484,s1d1
GAGGCAACACTGTGTA-1,4.2407355,17.48962,s1d1
GAGGCAACATCATCCC-1,13.000724,6.0646353,s1d1
GAGGCAAGTACGATTC-1,5.4839587,-1.5776389,s1d1
GAGGCAAGTCCACAGC-1,9.471307,5.2026677,s1d1
GAGGCAAGTCTACATG-1,-1.4452205,3.5246146,s1d1
GAGGCAAGTCTGTGTA-1,6.0761366,-4.5548353,s1d1
GAGGCAAGTGCCCTTT-1,5.376149,16.89304,s1d1
GAGGCAATCACTCGAA-1,3.157035,7.491818,s1d1
GAGGCAATCACTTGGA-1,7.0390773,3.5346658,s1d1
GAGGCCTAGGCTGAAC-1,12.731474,6.50199,s1d1
GAGGCCTAGTATTCCG-1,10.359835,12.842154,s1d1
GAGGCCTAGTGTCATC-1,8.288344,4.2415504,s1d1
GAGGCCTCACCGTCTT-1,13.084145,8.054861,s1d1
GAGGCCTCAGAGGCTA-1,-1.5043609,6.844695,s1d1
GAGGCCTCATAGAAAC-1,3.563091,16.31327,s1d1
GAGGCCTGTACATTGC-1,12.816015,12.414525,s1d1
GAGGGATAGACTGGGT-1,11.955175,8.3984165,s1d1
GAGGGATAGGTGGTTG-1,2.5236106,6.7581177,s1d1
GAGGGATAGTTGAAAC-1,16.922316,6.243831,s1d1
GAGGGATCAAAGCTAA-1,5.138043,16.553787,s1d1
GAGGGATCAACGTTAC-1,12.199331,12.91415,s1d1
GAGGGATCAAGGGTCA-1,5.0353246,-2.9067657,s1d1
GAGGGATGTTCCAGGC-1,-4.3618855,6.7709894,s1d1
GAGGGATTCAAGGTGG-1,14.2781,10.261251,s1d1
GAGGGATTCACTTCTA-1,5.967546,-3.8366485,s1d1
GAGGGATTCAGCGCAC-1,-4.886893,6.9493136,s1d1
GAGGGATTCTCATTGT-1,7.5238276,-4.7178793,s1d1
GAGGGATTCTGGTGCG-1,5.7074227,-5.217085,s1d1
GAGGGTAAGAATTGCA-1,-4.597741,10.94406,s1d1
GAGGGTAAGCGACAGT-1,4.80312,19.502008,s1d1
GAGGGTACAGCACAGA-1,12.330148,11.64288,s1d1
GAGGGTAGTAGTTCCA-1,-4.777874,8.151682,s1d1
GAGGGTAGTGTCACAT-1,11.725381,5.8262744,s1d1
GAGGGTAGTTCAGGTT-1,2.7193563,17.96806,s1d1
GAGGGTAGTTGCTCCT-1,5.2798605,-4.5524545,s1d1
GAGGGTAGTTTGGGAG-1,11.703792,13.031794,s1d1
GAGGGTATCGTAACCA-1,2.1444058,17.081104,s1d1
GAGTCATAGTGCCAGA-1,5.29424,19.646551,s1d1
GAGTCATCAAGCCTGC-1,13.942148,6.6318536,s1d1
GAGTCATCAGCCTTCT-1,12.528029,13.754073,s1d1
GAGTCATCATTGTAGC-1,11.557026,8.225844,s1d1
GAGTCATGTAACATAG-1,11.870153,14.61886,s1d1
GAGTCATGTTGCGGCT-1,13.5515175,6.7839985,s1d1
GAGTCATGTTGGCCGT-1,5.4677176,-3.0851672,s1d1
GAGTCATGTTTAGACC-1,6.964244,18.042105,s1d1
GAGTCATTCCGAAGGA-1,15.881795,9.225338,s1d1
GAGTCATTCGATAACC-1,10.926915,-1.0221119,s1d1
GAGTCATTCTACTATC-1,11.93434,7.2294397,s1d1
GAGTCTAAGCAAGTGC-1,10.084108,11.567475,s1d1
GAGTCTAAGCGCCTTG-1,12.335413,8.016733,s1d1
GAGTCTAAGGCTCCCA-1,12.402301,12.7836485,s1d1
GAGTCTAAGTCACTGT-1,10.298607,7.6525784,s1d1
GAGTCTACAATGAGCG-1,-5.392168,10.932146,s1d1
GAGTCTACAGCCTACG-1,12.083267,6.5483212,s1d1
GAGTCTAGTAGAGGAA-1,6.8792553,-3.6052456,s1d1
GAGTCTAGTAGTCTTG-1,5.8314486,-5.114086,s1d1
GAGTCTAGTGTCGCTG-1,5.3183656,19.83822,s1d1
GAGTCTAGTTCAAGTC-1,2.4113183,5.9974933,s1d1
GAGTCTAGTTGCCATA-1,5.9743958,-3.1905012,s1d1
GAGTCTATCAGACCCG-1,-5.3546467,12.3027315,s1d1
GAGTCTATCAGTCATG-1,4.595636,19.92381,s1d1
GAGTCTATCCCGGTAG-1,11.043026,11.545945,s1d1
GAGTGAGAGACCATGG-1,12.206138,8.244731,s1d1
GAGTGAGAGTCGCGAA-1,14.823351,6.75758,s1d1
GAGTGAGCAATCAAGA-1,10.576345,13.125917,s1d1
GAGTGAGGTAGAGGAA-1,10.909008,-1.1115979,s1d1
GAGTGAGGTAGTGCGA-1,4.969603,-3.3072665,s1d1
GAGTGAGTCCTCAGGG-1,12.730434,6.2983103,s1d1
GAGTGTTAGAACGCGT-1,12.165974,12.189823,s1d1
GAGTGTTAGAGGCGGA-1,1.9219857,17.550022,s1d1
GAGTGTTAGCAAGTCG-1,13.01621,10.807832,s1d1
GAGTGTTAGCATACTC-1,2.4923067,17.67091,s1d1
GAGTGTTAGCATCGAG-1,5.3659225,17.279627,s1d1
GAGTGTTAGGGTTGCA-1,10.674165,7.130157,s1d1
GAGTGTTCAACAGAGC-1,1.3368733,4.322804,s1d1
GAGTGTTCAAGCTCTA-1,5.666882,-3.555654,s1d1
GAGTGTTGTAACACCT-1,10.704659,9.786044,s1d1
GAGTGTTGTGCATGTT-1,11.897449,13.0642185,s1d1
GAGTGTTGTGTCCGTG-1,10.657232,13.550643,s1d1
GAGTGTTGTTGCAAGG-1,3.127715,2.8088162,s1d1
GAGTGTTGTTTGGAAA-1,6.887891,3.0033414,s1d1
GAGTGTTTCCATTTGT-1,5.288383,-1.6322669,s1d1
GAGTGTTTCGGCGATC-1,-5.169847,3.89721,s1d1
GAGTGTTTCGTGGAAG-1,10.14533,13.272712,s1d1
GAGTTACCAACATACC-1,3.378415,6.32498,s1d1
GAGTTACCACCGAATT-1,4.86255,19.455639,s1d1
GAGTTACCACCGTCGA-1,13.911225,7.489675,s1d1
GAGTTACCAGGCTATT-1,4.391747,20.015707,s1d1
GAGTTACCATCGAACT-1,15.873395,5.3810434,s1d1
GAGTTACGTCCGATCG-1,8.351615,-1.4248778,s1d1
GAGTTACGTCTCGACG-1,2.4192853,17.10969,s1d1
GAGTTACGTGCCCGTA-1,12.178831,12.396894,s1d1
GAGTTACGTGCCGTAC-1,6.838224,-5.5049543,s1d1
GAGTTACGTTTGTTGG-1,9.808485,10.725279,s1d1
GAGTTACTCCTTGGAA-1,10.028791,4.647949,s1d1
GAGTTGTAGGGAGGCA-1,10.18122,-4.666222,s1d1
GAGTTGTAGTCAAGCG-1,10.701122,11.826653,s1d1
GAGTTGTCAGATCATC-1,-0.99122727,7.3791456,s1d1
GAGTTGTCATCGTTCC-1,5.513934,-1.00781,s1d1
GAGTTGTGTTTCCAAG-1,12.67662,6.6163554,s1d1
GAGTTGTTCAAATAGG-1,10.499392,12.692225,s1d1
GAGTTGTTCACCTGTC-1,-5.0000477,8.82826,s1d1
GAGTTGTTCATCGTAG-1,11.652612,12.909664,s1d1
GAGTTGTTCTAGAACC-1,16.784409,8.711171,s1d1
GAGTTGTTCTCAAAGC-1,5.942511,-2.0934691,s1d1
GAGTTGTTCTGCCTCA-1,1.8937529,17.14918,s1d1
GAGTTTGAGGTGCAGT-1,11.802188,12.438225,s1d1
GAGTTTGAGTGCAACG-1,9.798499,4.7131953,s1d1
GAGTTTGCACGGGCTT-1,1.6512055,8.306179,s1d1
GAGTTTGGTACGACAG-1,2.4496315,4.335575,s1d1
GAGTTTGGTGAGTAAT-1,11.43669,10.317301,s1d1
GAGTTTGTCTACTATC-1,11.751725,9.884657,s1d1
GAGTTTGTCTGTTGGA-1,9.733729,5.1567197,s1d1
GATAGAAAGAACTTCC-1,1.7988521,8.605393,s1d1
GATAGAAAGTAGTCCT-1,1.368522,7.1140127,s1d1
GATAGAACAAGCCATT-1,11.302706,11.18576,s1d1
GATAGAACAATACCCA-1,-5.834286,9.384204,s1d1
GATAGAACAGGACTTT-1,5.3097453,16.394867,s1d1
GATAGAACATACGCAT-1,10.296594,5.8739123,s1d1
GATAGAAGTACTGCCG-1,5.0442424,19.908564,s1d1
GATAGAAGTAGACGGT-1,-3.8322268,7.242636,s1d1
GATAGAAGTAGATCGG-1,5.368597,16.934126,s1d1
GATAGAAGTCCAGCCA-1,10.954061,6.5200896,s1d1
GATAGAAGTCTCTCAC-1,7.717782,1.3880906,s1d1
GATAGAAGTGTAAATG-1,11.913334,6.352917,s1d1
GATAGAAGTTCGTAAC-1,11.860435,11.574276,s1d1
GATAGAATCTGTTGGA-1,5.2491627,19.755445,s1d1
GATAGAATCTTGGGCG-1,1.725657,4.693447,s1d1
GATAGCTAGAAGCCTG-1,10.970332,11.698118,s1d1
GATAGCTAGAATAGTC-1,13.372361,10.437147,s1d1
GATAGCTAGACCCTTA-1,9.541698,5.0725117,s1d1
GATAGCTAGACTCGAG-1,3.3556852,13.5032835,s1d1
GATAGCTAGCATTTGC-1,16.473969,8.222184,s1d1
GATAGCTCAGCAATTC-1,11.847476,6.0678916,s1d1
GATAGCTCAGCATTGT-1,15.840805,8.976991,s1d1
GATAGCTGTGCCCTTT-1,11.059667,13.602177,s1d1
GATAGCTGTGGTATGG-1,15.968739,5.552434,s1d1
GATAGCTGTGTGCCTG-1,-0.92758083,2.864593,s1d1
GATAGCTGTTACGTAC-1,4.9544935,19.54179,s1d1
GATAGCTTCAGGACAG-1,9.661904,4.9268994,s1d1
GATAGCTTCGGTATGT-1,11.744553,6.0411873,s1d1
GATCACACACAACCGC-1,5.434762,17.189522,s1d1
GATCACACATAAGCGG-1,14.710607,9.01922,s1d1
GATCACAGTCGACTTA-1,9.410982,1.732792,s1d1
GATCACAGTCTACGAT-1,8.412799,-4.5885315,s1d1
GATCACAGTCTGTCAA-1,2.282411,17.471172,s1d1
GATCACATCATAGAGA-1,1.7865574,7.9547153,s1d1
GATCACATCTCAGTCC-1,2.5689404,6.032876,s1d1
GATCAGTAGACTGAGC-1,6.867331,17.89003,s1d1
GATCAGTAGAGGTTAT-1,5.9752316,-5.267006,s1d1
GATCAGTAGGACGCTA-1,-3.865654,8.909213,s1d1
GATCAGTAGGTCCCGT-1,11.0238495,11.227484,s1d1
GATCAGTCACCTGTCT-1,11.614344,8.469191,s1d1
GATCAGTGTACTGACT-1,6.8970556,-5.0890384,s1d1
GATCAGTGTGACTGTT-1,8.513981,2.2467954,s1d1
GATCATGAGGAAAGTG-1,11.097605,13.327155,s1d1
GATCATGAGGTCTACT-1,11.158455,10.806608,s1d1
GATCATGAGTAGGCCA-1,6.9631104,18.04298,s1d1
GATCATGAGTGATAAC-1,10.845497,8.088185,s1d1
GATCATGCAATAGAGT-1,12.496812,7.3372126,s1d1
GATCATGCACGGTAGA-1,2.6109037,18.336634,s1d1
GATCATGCAGAAATTG-1,12.640667,12.313161,s1d1
GATCATGCATGCGTGC-1,-0.87203944,2.583293,s1d1
GATCATGGTCCATAGT-1,14.142785,6.1147046,s1d1
GATCATGGTGACTATC-1,-2.364568,3.9431443,s1d1
GATCATGGTGTCTTAG-1,1.7729727,4.9918866,s1d1
GATCATGTCAGCACCG-1,12.728145,8.429267,s1d1
GATCATGTCCATCTGC-1,7.6304035,-2.9271657,s1d1
GATCCCTAGAGGATCC-1,15.807354,8.385717,s1d1
GATCCCTAGTATGACA-1,10.08523,18.592405,s1d1
GATCCCTCAAGAGTGC-1,13.644172,13.103312,s1d1
GATCCCTCAATGAACA-1,11.901454,5.6842847,s1d1
GATCCCTCAGCGTATT-1,6.118473,-3.113786,s1d1
GATCCCTCAGGCTTGC-1,6.180768,-1.7822989,s1d1
GATCCCTGTCGGTAAG-1,12.455268,12.29736,s1d1
GATCCCTTCATGAGGG-1,-5.973535,9.561917,s1d1
GATCCCTTCGGTCGAC-1,12.525062,12.302878,s1d1
GATCCCTTCTATCACT-1,12.746661,7.850937,s1d1
GATCGTAAGGTTCATC-1,5.3471107,14.817384,s1d1
GATCGTACAATAGAGT-1,4.474754,19.458416,s1d1
GATCGTAGTCAGGCAA-1,12.609265,13.035057,s1d1
GATCGTAGTGCTATTG-1,11.086615,11.60388,s1d1
GATCGTAGTGGTATGG-1,7.8361855,-3.4811735,s1d1
GATCGTAGTTGATCGT-1,1.9299515,8.275343,s1d1
GATCGTAGTTGTAAAG-1,8.568728,1.5778887,s1d1
GATCGTATCAAGGAGC-1,13.816776,6.7799373,s1d1
GATCGTATCCCATAAG-1,4.176635,5.111905,s1d1
GATCGTATCCTACACC-1,11.372552,10.575466,s1d1
GATGACTAGACCTCCG-1,15.612311,8.0925045,s1d1
GATGACTAGCTACAAA-1,12.374813,12.396159,s1d1
GATGACTAGGGCAGGA-1,11.961818,12.505425,s1d1
GATGACTCAGCCTACG-1,3.1562803,16.394905,s1d1
GATGACTCATGGGATG-1,15.63939,8.414285,s1d1
GATGACTGTAGATCCT-1,10.892318,8.376684,s1d1
GATGACTGTGATACCT-1,9.709954,4.6805215,s1d1
GATGACTGTGGGACAT-1,5.085342,20.09984,s1d1
GATGACTGTTCCTTGC-1,-5.15532,10.33111,s1d1
GATGACTGTTGATGTC-1,12.280054,14.396639,s1d1
GATGACTTCATGAGGG-1,9.567249,4.0857463,s1d1
GATGACTTCCGCAACG-1,10.686984,7.4641743,s1d1
GATGACTTCGCGGACT-1,8.477946,1.5347002,s1d1
GATGACTTCTACCACC-1,9.740804,5.5131207,s1d1
GATGACTTCTGCTTTA-1,6.9882255,18.086416,s1d1
GATGACTTCTGGAGAG-1,1.3197885,7.0019965,s1d1
GATGACTTCTTCTGGC-1,9.59293,5.1708093,s1d1
GATGAGGAGAGAATCT-1,-2.0127966,4.1186,s1d1
GATGAGGAGGAAAGAC-1,12.62134,11.035665,s1d1
GATGAGGAGGAGGTTC-1,5.3953447,18.20697,s1d1
GATGAGGCAAGACGGT-1,-1.2427316,4.8021564,s1d1
GATGAGGCAGCCCAGT-1,5.2483797,16.71683,s1d1
GATGAGGGTATCATGC-1,5.314006,16.580687,s1d1
GATGAGGGTATCGCAT-1,7.4565907,3.2273843,s1d1
GATGAGGTCATTGCCC-1,3.5322485,18.061537,s1d1
GATGAGGTCCCTTTGG-1,6.1219873,-4.230654,s1d1
GATGAGGTCCTTCACG-1,8.797385,1.8578805,s1d1
GATGAGGTCGGAGTGA-1,14.333868,6.5920224,s1d1
GATGAGGTCTATCGGA-1,-4.6386333,7.8475432,s1d1
GATGAGGTCTTACGTT-1,10.220255,13.946485,s1d1
GATGAGGTCTTCCCGA-1,9.843768,12.157254,s1d1
GATGATCAGAGAGTGA-1,11.094258,13.091745,s1d1
GATGATCAGATCCGAG-1,13.049857,9.647886,s1d1
GATGATCAGTGGTTCT-1,12.860123,7.5180273,s1d1
GATGATCCACAATGCT-1,9.91483,4.9125643,s1d1
GATGATCCATCGCTAA-1,7.021264,3.5263588,s1d1
GATGATCGTACAATAG-1,6.7882295,-5.3112807,s1d1
GATGATCGTCTCCTGT-1,12.745857,6.934667,s1d1
GATGATCGTTAACCTG-1,-5.735182,7.005793,s1d1
GATGATCGTTCGAACT-1,4.098853,17.557846,s1d1
GATGATCTCAACCTTT-1,2.2067406,16.85464,s1d1
GATGATCTCCACTTCG-1,6.159897,18.922497,s1d1
GATGATCTCGCATTAG-1,9.600082,0.20664038,s1d1
GATGCTAAGAGAGCCT-1,5.420456,-1.7572615,s1d1
GATGCTAAGATGCTAA-1,-2.912758,5.734212,s1d1
GATGCTAAGCGTTCCG-1,-1.8403265,4.2081904,s1d1
GATGCTAAGCTTGTGT-1,9.824456,4.932439,s1d1
GATGCTAGTCAGCTTA-1,14.504725,5.80515,s1d1
GATGCTAGTCCAGCAC-1,16.972485,4.9018006,s1d1
GATGCTATCCACTTTA-1,12.973536,5.5494933,s1d1
GATGCTATCCTACGGG-1,-4.205801,3.9364312,s1d1
GATGGAGAGAGATTCA-1,11.324854,6.9939976,s1d1
GATGGAGAGCCTCCAG-1,3.2029219,4.916928,s1d1
GATGGAGAGTAAGACT-1,5.3062315,-4.963426,s1d1
GATGGAGCAGGAGGTT-1,5.0541587,17.905807,s1d1
GATGGAGCATCAGTCA-1,-0.76990074,4.716314,s1d1
GATGGAGCATGCACTA-1,11.921383,6.099899,s1d1
GATGGAGCATGGATCT-1,8.153994,-1.0571018,s1d1
GATGTTGAGAATTTGG-1,4.025206,15.557905,s1d1
GATGTTGAGGATTTGA-1,16.24625,8.377549,s1d1
GATGTTGAGTGTTGTC-1,5.582481,-4.567347,s1d1
GATGTTGGTAAGTTAG-1,2.3978236,7.4197006,s1d1
GATGTTGGTAATCAGA-1,16.983398,6.878732,s1d1
GATGTTGGTCATTCCC-1,10.979756,-0.9889274,s1d1
GATGTTGGTGAGTCAG-1,4.137944,5.527538,s1d1
GATGTTGGTGCAGTGA-1,6.5486097,-4.450685,s1d1
GATGTTGGTGTACATC-1,10.389728,10.591592,s1d1
GATGTTGGTGTATTGC-1,6.7123475,-3.211961,s1d1
GATGTTGGTGTTCGAT-1,2.8024657,17.692348,s1d1
GATGTTGTCAGCTGTA-1,5.620857,-4.651886,s1d1
GATGTTGTCGGAGTAG-1,2.4395094,14.082182,s1d1
GATTCGAAGAATGTTG-1,6.292406,6.6644087,s1d1
GATTCGAAGCGCCTTG-1,5.4503484,-2.863408,s1d1
GATTCGAAGGTCCCTG-1,-1.7008748,3.4576225,s1d1
GATTCGACAGGCCCTA-1,8.8370495,2.3779864,s1d1
GATTCGAGTAGTACGG-1,11.984888,7.944473,s1d1
GATTCGAGTCCCTCAT-1,12.8632965,8.068053,s1d1
GATTCGAGTGTTGATC-1,8.6240015,2.5434337,s1d1
GATTCGATCCACGTCT-1,11.125429,7.3315253,s1d1
GATTCTTAGCTACGTT-1,3.5050802,13.603789,s1d1
GATTCTTAGTAATCCC-1,-1.3784091,4.5900598,s1d1
GATTCTTAGTACAGCG-1,9.66766,12.602918,s1d1
GATTCTTCAATAGGGC-1,2.950314,17.582134,s1d1
GATTCTTCAGACCGCT-1,5.015326,15.132475,s1d1
GATTCTTCAGAGGCTA-1,5.4620905,19.710083,s1d1
GATTCTTCATAGATGA-1,-3.6102412,9.958694,s1d1
GATTCTTGTCAGTCTA-1,12.137679,12.66602,s1d1
GATTCTTGTGGACCTC-1,11.580259,10.904224,s1d1
GATTCTTGTTCTGACA-1,-3.6534853,9.205481,s1d1
GATTCTTTCACCCATC-1,6.0737624,6.0770683,s1d1
GATTCTTTCGAGAGAC-1,-1.2650412,5.7168913,s1d1
GATTCTTTCGTTCGCT-1,11.672089,7.939745,s1d1
GATTGGTAGACCACGA-1,10.620315,13.496276,s1d1
GATTGGTAGTCTTGGT-1,9.934498,-4.544079,s1d1
GATTGGTCAAGACCTT-1,-2.117521,4.0460887,s1d1
GATTGGTCACGGTGTC-1,13.246902,9.744592,s1d1
GATTGGTCATCCGGCA-1,7.875145,-1.135968,s1d1
GATTGGTCATGCGTGC-1,8.906022,1.2254951,s1d1
GATTGGTCATTGGCAT-1,14.49938,6.406926,s1d1
GATTGGTGTGACCGAA-1,6.1281705,6.5876584,s1d1
GATTGGTGTGGCGTAA-1,10.331094,14.626901,s1d1
GATTGGTGTTCCAGGC-1,13.201618,7.371237,s1d1
GATTGGTTCATTCACT-1,12.834605,5.5871654,s1d1
GATTGGTTCCGATAGT-1,11.443054,6.1683784,s1d1
GATTGGTTCTATCGGA-1,1.62662,3.985139,s1d1
GATTGGTTCTTAGCAG-1,12.130115,8.090355,s1d1
GATTTCTAGGAGCTGT-1,5.275661,16.57724,s1d1
GATTTCTAGGGCGAAG-1,-4.541469,10.718857,s1d1
GATTTCTCACGCGTGT-1,5.3781123,16.268053,s1d1
GATTTCTGTCGAGCTC-1,-5.193188,11.126806,s1d1
GATTTCTGTTTACGTG-1,12.327517,11.561916,s1d1
GATTTCTTCCGCTAGG-1,5.6708603,16.615288,s1d1
GATTTCTTCCGGCTTT-1,11.6349945,13.347798,s1d1
GATTTCTTCGCTGATA-1,3.467783,16.289045,s1d1
GATTTCTTCTGCACCT-1,11.273166,13.754734,s1d1
GCAACATAGCTGAAAT-1,5.3634853,17.890945,s1d1
GCAACATCAGTTTGGT-1,12.1705265,14.117925,s1d1
GCAACATCATACTGAC-1,6.3346205,3.1241877,s1d1
GCAACATCATTAGGCT-1,11.435744,8.723773,s1d1
GCAACATGTACACTCA-1,7.136884,-3.6237817,s1d1
GCAACATGTCCGAAAG-1,6.920111,18.001194,s1d1
GCAACATGTCTAACGT-1,10.973931,13.15329,s1d1
GCAACATTCACTTGTT-1,13.057212,6.6549096,s1d1
GCAACATTCATAGAGA-1,0.06339336,4.1879516,s1d1
GCAACATTCATTACTC-1,16.86952,8.462409,s1d1
GCAACATTCATTTGGG-1,11.336445,5.746869,s1d1
GCAACATTCCGTAGGC-1,11.631507,8.398414,s1d1
GCAACCGAGAACTTCC-1,11.119241,8.32876,s1d1
GCAACCGAGAGCATAT-1,11.743085,14.094426,s1d1
GCAACCGAGGGACCAT-1,13.427333,6.645099,s1d1
GCAACCGGTACAGAGC-1,4.3670588,18.717947,s1d1
GCAACCGGTCAACACT-1,4.758352,19.452799,s1d1
GCAACCGGTGATCGTT-1,9.904146,4.6955957,s1d1
GCAACCGGTGCAACGA-1,8.806139,7.810889,s1d1
GCAACCGTCTATTTCG-1,12.751201,5.897647,s1d1
GCAACCGTCTCGCTCA-1,-5.601424,8.18264,s1d1
GCACATAAGATGAACT-1,7.002156,-2.639628,s1d1
GCACATAAGCGAATGC-1,2.857871,17.913515,s1d1
GCACATAAGCGTCAGA-1,4.9637938,-3.645096,s1d1
GCACATAAGCTACAAA-1,3.3284864,17.757282,s1d1
GCACATAAGTCAACAA-1,9.913056,10.892179,s1d1
GCACATAGTGGTCCGT-1,-4.6236954,10.784098,s1d1
GCACATAGTTCCATTT-1,5.263474,-3.8014367,s1d1
GCACATAGTTTGGAAA-1,-3.8801901,7.1434655,s1d1
GCACATATCACAAGAA-1,5.0144014,14.348215,s1d1
GCACATATCTCAAAGC-1,6.0978093,-4.094755,s1d1
GCACGGTAGACCAACG-1,5.926593,-1.0636501,s1d1
GCACGGTAGCGACTGA-1,11.356334,8.314342,s1d1
GCACGGTAGCGTCGAA-1,10.056302,5.6651187,s1d1
GCACGGTAGTGTACAA-1,13.923905,8.887271,s1d1
GCACGGTCAGCTCGGT-1,3.5811298,14.651577,s1d1
GCACGGTCATCCTATT-1,12.037977,12.16082,s1d1
GCACGGTGTATCTCTT-1,1.5357931,5.3244176,s1d1
GCACGGTGTCGCATCG-1,-4.012964,3.7585764,s1d1
GCACGGTTCCTAGCTC-1,12.961864,12.408161,s1d1
GCACGGTTCGCTGTTC-1,13.401926,12.730322,s1d1
GCACGTGAGATTAGTG-1,7.735873,-2.8658595,s1d1
GCACGTGAGTAGGTTA-1,14.098432,8.360472,s1d1
GCACGTGGTCATAAAG-1,10.512328,6.8624864,s1d1
GCACGTGGTCGAACAG-1,5.045618,16.269573,s1d1
GCACGTGGTGAAGCGT-1,5.1728377,19.703396,s1d1
GCACGTGTCCCTCTAG-1,2.2674172,16.928406,s1d1
GCACGTGTCGCCAGAC-1,6.4951077,-5.529926,s1d1
GCACGTGTCTTCCTAA-1,6.9396706,-5.4068913,s1d1
GCACTAAAGCCATTGT-1,10.71938,10.166698,s1d1
GCACTAAAGGCCTGAA-1,3.3709824,1.9775805,s1d1
GCACTAACAATTGCTG-1,4.362398,14.303545,s1d1
GCACTAACACGGTGAA-1,-5.0306697,9.28403,s1d1
GCACTAACACTGGATT-1,11.381027,12.564577,s1d1
GCACTAACATCGAGCC-1,13.046637,12.781828,s1d1
GCACTAAGTAGGACCA-1,11.03004,10.483083,s1d1
GCACTAAGTGCCGTAC-1,4.3411093,18.431435,s1d1
GCAGCCACAAGTTCGT-1,5.6189966,17.17055,s1d1
GCAGCCACACTGCGAC-1,8.681051,2.0398333,s1d1
GCAGCCACATATCTCT-1,-5.3689437,8.372302,s1d1
GCAGCCAGTAGCTTGT-1,3.5558796,18.4896,s1d1
GCAGCCAGTATCGTTG-1,11.621437,10.625139,s1d1
GCAGCCAGTGGTCTGC-1,-1.521444,4.3192496,s1d1
GCAGCCATCAAGGTGG-1,-5.1507616,10.28295,s1d1
GCAGCCATCCTGGTCT-1,3.2987015,2.0142918,s1d1
GCAGCCATCGATCCCT-1,5.082446,18.668701,s1d1
GCAGCCATCTTTGCTA-1,14.061925,9.727522,s1d1
GCAGCTGAGACCATGG-1,4.8918467,19.51674,s1d1
GCAGCTGAGTCTAGAA-1,12.821907,6.484532,s1d1
GCAGCTGCAGACTCTA-1,8.760403,2.0509722,s1d1
GCAGCTGCATGAGAAT-1,3.5975304,13.296471,s1d1
GCAGCTGGTCGCTTGG-1,5.66413,-0.892795,s1d1
GCAGCTGGTTGCTAGT-1,13.080397,12.24684,s1d1
GCAGCTGTCTCCGAGG-1,7.737385,-3.4021556,s1d1
GCAGGCTAGAGCACTG-1,11.439681,9.487781,s1d1
GCAGGCTAGCAACAGC-1,14.606095,5.5161104,s1d1
GCAGGCTAGCGTGTCC-1,10.5782385,5.0920544,s1d1
GCAGGCTAGGCTGGAT-1,11.453687,13.013941,s1d1
GCAGGCTCAAGTGGCA-1,6.918389,5.2075057,s1d1
GCAGGCTCACAATGCT-1,4.0066943,15.124428,s1d1
GCAGGCTCAGCCATTA-1,8.205046,3.950914,s1d1
GCAGGCTGTACATTGC-1,-4.1573915,10.409677,s1d1
GCAGGCTGTAGCTTTG-1,5.5926647,19.514648,s1d1
GCAGGCTGTCATCGGC-1,9.017757,8.131085,s1d1
GCAGGCTGTTAAACCC-1,2.0718937,17.82193,s1d1
GCAGTTAAGCATTTCG-1,13.626122,6.037429,s1d1
GCAGTTAAGGAAAGGT-1,8.659597,7.188957,s1d1
GCAGTTAAGGGTATAT-1,6.7339015,-3.0862725,s1d1
GCAGTTACAATTGCTG-1,13.757129,7.201145,s1d1
GCAGTTACAGATCCAT-1,-2.4305835,4.561147,s1d1
GCAGTTACAGCACACC-1,11.897069,11.251579,s1d1
GCAGTTAGTTTCGATG-1,2.2628613,7.7172832,s1d1
GCAGTTATCAAGCCAT-1,13.726068,6.035352,s1d1
GCAGTTATCATGCATG-1,12.397492,12.569888,s1d1
GCAGTTATCCCGATCT-1,9.937455,-4.411291,s1d1
GCATCGGAGACTCTAC-1,3.4478827,18.139414,s1d1
GCATCGGAGCCTATCA-1,-4.6753845,6.5231996,s1d1
GCATCGGAGTGCCTCG-1,9.635213,2.0886514,s1d1
GCATCGGCAGATACTC-1,14.774519,9.233595,s1d1
GCATCGGCATGAAAGT-1,-1.5712994,6.77989,s1d1
GCATCGGCATGGTACT-1,8.298964,0.51726675,s1d1
GCATCGGGTAATGTGA-1,2.789213,17.966002,s1d1
GCATCGGGTATGCGGA-1,4.2954483,19.472044,s1d1
GCATCGGGTGAGCCAA-1,12.198056,11.533263,s1d1
GCATCGGGTGCTCTTC-1,-1.9129277,3.819968,s1d1
GCATCGGGTTCGGCGT-1,11.118652,10.035602,s1d1
GCATCGGTCACGACTA-1,11.876237,6.8919644,s1d1
GCATCGGTCAGTGATC-1,-2.555453,7.4574184,s1d1
GCATCGGTCCAGCACG-1,10.9889965,14.071987,s1d1
GCATCGGTCCTCAGGG-1,12.512996,6.041396,s1d1
GCATCGGTCGTCGCTT-1,11.741477,6.2779183,s1d1
GCATCTCAGAAGATCT-1,-6.368451,8.38631,s1d1
GCATCTCAGACGGTCA-1,3.8762455,15.82079,s1d1
GCATCTCAGCGACATG-1,11.813244,12.897076,s1d1
GCATCTCAGGACATCG-1,11.849378,5.283235,s1d1
GCATCTCAGGAGAATG-1,12.153752,9.271667,s1d1
GCATCTCAGTAGGTTA-1,13.760291,6.4064255,s1d1
GCATCTCAGTCGCCAC-1,1.3103518,7.0705023,s1d1
GCATCTCAGTTATGGA-1,7.839492,-2.0920947,s1d1
GCATCTCCACATCATG-1,11.955909,8.089791,s1d1
GCATCTCCATCCAATG-1,5.090489,-4.906671,s1d1
GCATCTCGTCATCCCT-1,2.450132,6.8736844,s1d1
GCATCTCTCCGCAGTG-1,9.972613,-4.1592507,s1d1
GCATCTCTCGCTGTTC-1,9.479074,1.7783405,s1d1
GCATCTCTCTCAATCT-1,4.8425126,17.158056,s1d1
GCATGATAGAGTCACG-1,11.814754,10.826469,s1d1
GCATGATAGCGTGAAC-1,5.4803896,18.615551,s1d1
GCATGATAGGCCATAG-1,10.873796,8.560753,s1d1
GCATGATAGTCGTTAC-1,-5.524692,7.110578,s1d1
GCATGATCAGACCTGC-1,4.7549434,18.863918,s1d1
GCATGATGTCTCCCTA-1,1.916339,4.361132,s1d1
GCATGATTCTTACGTT-1,4.61622,19.531414,s1d1
GCATTAGAGGTGATAT-1,5.891292,-2.8139615,s1d1
GCATTAGAGGTTATAG-1,2.1824114,6.7151084,s1d1
GCATTAGAGGTTCCGC-1,-5.661631,9.7855425,s1d1
GCATTAGCAGGCATGA-1,11.4923935,8.3379135,s1d1
GCATTAGCATAAGCGG-1,4.1697392,20.104416,s1d1
GCATTAGGTAGACTGG-1,8.929085,2.094581,s1d1
GCATTAGGTCCATCTC-1,11.477082,8.675253,s1d1
GCATTAGGTGAGTCAG-1,15.193647,9.39745,s1d1
GCATTAGGTTGGTAGG-1,10.697835,13.71034,s1d1
GCATTAGTCAGAGCGA-1,12.959574,13.38475,s1d1
GCATTAGTCATCCCGT-1,9.530041,1.814694,s1d1
GCCAACGAGATTAGCA-1,13.639902,6.5353875,s1d1
GCCAACGAGGAAGTGA-1,11.685922,10.374272,s1d1
GCCAACGAGTGAGTGC-1,-5.1717105,5.0187936,s1d1
GCCAACGCATTCCTCG-1,10.456254,8.031116,s1d1
GCCAACGTCAACTGAC-1,14.371406,6.7721796,s1d1
GCCAGCAAGCCTCTGG-1,11.133637,7.3621063,s1d1
GCCAGCAAGCGTCAAG-1,10.829518,7.7301917,s1d1
GCCAGCAAGTCTGCGC-1,10.134368,12.63073,s1d1
GCCAGCACAATAGGAT-1,3.3234885,17.962719,s1d1
GCCAGCACAGATACCT-1,13.157765,13.527309,s1d1
GCCAGCACAGGAACCA-1,-0.87425345,7.1695924,s1d1
GCCAGCACATAGGTTC-1,2.3188503,5.3073983,s1d1
GCCAGCAGTCATCCGG-1,3.6640189,16.644575,s1d1
GCCAGCAGTCCGGTGT-1,3.496379,6.5057855,s1d1
GCCAGCAGTTGTCAGT-1,12.142867,12.612988,s1d1
GCCAGGTAGGTGATAT-1,-5.1792445,5.50235,s1d1
GCCAGGTCACGGGTAA-1,3.0679126,17.935068,s1d1
GCCAGGTCACTGCGTG-1,11.183553,13.613314,s1d1
GCCAGGTGTCCGTACG-1,-1.7318369,4.596773,s1d1
GCCAGGTGTTCCACGG-1,4.41113,16.69403,s1d1
GCCAGGTTCCGCGATG-1,5.095287,-4.42053,s1d1
GCCAGTGAGACAGCTG-1,9.022521,2.2997835,s1d1
GCCAGTGAGGTTGACG-1,6.767784,-4.7894616,s1d1
GCCAGTGCAAGGCAAC-1,10.061846,6.947118,s1d1
GCCAGTGGTATGCAAA-1,10.804187,11.746053,s1d1
GCCAGTGTCCTCGCAT-1,13.441432,13.447405,s1d1
GCCATGGAGCATGTTC-1,-5.814786,9.827001,s1d1
GCCATGGAGGGAGGTG-1,9.520039,2.3071055,s1d1
GCCATGGAGTTGGCTT-1,6.9656105,-3.3441448,s1d1
GCCATGGCACACCTTC-1,11.588055,12.210958,s1d1
GCCATGGGTCAGTCTA-1,10.005684,-4.5595465,s1d1
GCCATGGGTTCCGCGA-1,2.7598739,17.853115,s1d1
GCCATGGGTTGAGGAC-1,12.337515,14.675245,s1d1
GCCATGGTCAGCGTCG-1,-1.6915677,5.2338114,s1d1
GCCATGGTCCCTTGGT-1,-1.3430846,4.7774067,s1d1
GCCATGGTCCTGGCTT-1,-1.8204197,4.3862824,s1d1
GCCATGGTCGTACACA-1,2.3328772,16.794664,s1d1
GCCATGGTCTAGCCAA-1,14.536851,8.348642,s1d1
GCCATGGTCTCCGAGG-1,6.288554,-1.9642687,s1d1
GCCATTCCACTAACGT-1,5.6960893,-4.727888,s1d1
GCCATTCCAGTGGGTA-1,13.115902,7.1587234,s1d1
GCCATTCGTAACACGG-1,8.390274,7.461042,s1d1
GCCATTCGTCACTTCC-1,12.196483,11.084889,s1d1
GCCATTCGTTCAGCGC-1,12.547509,6.611814,s1d1
GCCATTCTCTTGGTCC-1,12.90912,5.577133,s1d1
GCCCAGAAGATGCGAC-1,3.89444,19.013527,s1d1
GCCCAGAAGGGTGAAA-1,10.011525,8.253333,s1d1
GCCCAGAAGTTTCTTC-1,10.475132,6.35775,s1d1
GCCCAGACAGCATTGT-1,10.747235,7.655394,s1d1
GCCCAGACATCACAGT-1,-6.009456,8.880372,s1d1
GCCCAGAGTCTCACGG-1,5.3481026,-4.5463505,s1d1
GCCCAGATCCTCATAT-1,8.6204,1.524295,s1d1
GCCCAGATCGAGTCCG-1,6.4026012,-2.7397063,s1d1
GCCCAGATCGTGTGAT-1,11.3692255,10.488302,s1d1
GCCCGAAAGAGGGTGG-1,-2.4342425,4.2181234,s1d1
GCCCGAAAGATGCAGC-1,4.673773,16.94085,s1d1
GCCCGAACAACCTATG-1,-5.0390935,4.1002407,s1d1
GCCCGAAGTACCTTCC-1,12.681876,12.31038,s1d1
GCCCGAAGTATGGAGC-1,11.449351,12.479405,s1d1
GCCCGAAGTCCGGTCA-1,5.2268987,-1.1848929,s1d1
GCCCGAAGTGAGACGT-1,8.427067,7.716847,s1d1
GCCCGAAGTGGCTAGA-1,6.147495,-2.8513303,s1d1
GCCCGAAGTGTACAGG-1,11.596256,12.588416,s1d1
GCCCGAATCAAGCCTA-1,17.049126,5.856785,s1d1
GCCCGAATCAGACCGC-1,17.340513,4.9937444,s1d1
GCCCGAATCCAGTGCG-1,2.0207083,7.546695,s1d1
GCCCGAATCGGACTGC-1,12.278175,13.07897,s1d1
GCCCGAATCTCCTGTG-1,-5.2946215,11.532797,s1d1
GCCGATGCAGCAGTCC-1,-5.2513294,9.812788,s1d1
GCCGATGCAGTGCCTG-1,8.091316,-3.350838,s1d1
GCCGATGCATTCTCCG-1,5.088938,-2.567387,s1d1
GCCGATGGTCACGCTG-1,13.077104,5.698959,s1d1
GCCGATGGTCAGCTTA-1,6.872425,5.200531,s1d1
GCCGATGGTTGCTCAA-1,10.278638,7.3641114,s1d1
GCCGATGTCAATCCGA-1,11.182655,-0.8836682,s1d1
GCCGATGTCATGGAGG-1,16.585665,6.903217,s1d1
GCCGATGTCCGATCGG-1,16.629324,5.9157386,s1d1
GCCGATGTCCGCAGTG-1,11.445455,12.0151,s1d1
GCCGATGTCGTGAGAG-1,8.607196,0.704403,s1d1
GCCGATGTCGTGTGGC-1,5.6142554,16.745176,s1d1
GCCGTGAAGCCTCAAT-1,5.2122602,-4.794039,s1d1
GCCGTGAAGTCAGAGC-1,11.090444,14.592104,s1d1
GCCGTGACAACGACTT-1,8.240104,0.68287426,s1d1
GCCGTGACAGATACTC-1,13.318674,13.807541,s1d1
GCCGTGACAGCGAACA-1,9.232078,3.0013125,s1d1
GCCGTGAGTTATGACC-1,2.7484164,7.2580743,s1d1
GCCGTGATCGTCTACC-1,12.303564,10.614852,s1d1
GCCTGTTAGCTCCACG-1,11.475585,7.720479,s1d1
GCCTGTTCAACAACAA-1,-1.0664343,3.5809317,s1d1
GCCTGTTGTATGCGTT-1,6.882737,-4.9936585,s1d1
GCCTGTTGTCAGTCGC-1,10.583142,13.69468,s1d1
GCCTGTTGTTGCAACT-1,14.69007,6.016136,s1d1
GCGAGAAAGGGTGAAA-1,13.44138,5.1743317,s1d1
GCGAGAAAGGTCATCT-1,10.339807,5.6619616,s1d1
GCGAGAACAGAGTCTT-1,11.349179,14.162277,s1d1
GCGAGAACAGCGGATA-1,6.207553,-4.5103617,s1d1
GCGAGAAGTCCGATCG-1,16.888775,5.521924,s1d1
GCGAGAATCACCATGA-1,10.787395,12.815629,s1d1
GCGAGAATCATGCGGC-1,2.1001086,17.847279,s1d1
GCGAGAATCGGACTTA-1,11.185492,-0.8973235,s1d1
GCGATCGAGCACGGAT-1,-6.062154,8.229051,s1d1
GCGATCGAGTAATTGG-1,5.92177,-1.9142807,s1d1
GCGATCGCAAGTGGGT-1,13.774199,5.6432447,s1d1
GCGATCGCACAGTGTT-1,6.246735,-2.7521155,s1d1
GCGATCGCAGACGGAT-1,-5.189526,4.984606,s1d1
GCGATCGCAGGACATG-1,16.450064,8.26155,s1d1
GCGATCGTCACGATCA-1,16.151443,6.2272935,s1d1
GCGGAAAAGGCCACCT-1,12.232855,5.665486,s1d1
GCGGAAAAGGGTCAAC-1,2.229794,8.528253,s1d1
GCGGAAACACGGTGTC-1,9.492846,2.000738,s1d1
GCGGAAACAGCGTACC-1,13.636582,10.078566,s1d1
GCGGAAACATGGCACC-1,13.820109,6.2380943,s1d1
GCGGAAAGTTCAAAGA-1,12.111084,13.469771,s1d1
GCGGAAATCCTCTCTT-1,9.9694805,4.840981,s1d1
GCGGAAATCTCACTCG-1,12.133914,6.147147,s1d1
GCGGATCAGATCACTC-1,5.886373,-3.7246213,s1d1
GCGGATCAGGTGCATG-1,12.035789,6.465688,s1d1
GCGGATCAGTCGTTAC-1,9.103015,3.2242885,s1d1
GCGGATCCAAGCGGAT-1,12.292593,13.160453,s1d1
GCGGATCCATGCCGAC-1,4.196449,16.59862,s1d1
GCGGATCCATTAAAGG-1,-5.9398785,7.669563,s1d1
GCGGATCGTCCATACA-1,17.1196,4.729594,s1d1
GCGGATCGTGATAGAT-1,2.0616837,8.667118,s1d1
GCGGATCGTGGACCTC-1,16.63829,6.0796804,s1d1
GCGTGCAAGAGCCCAA-1,5.837829,3.550866,s1d1
GCGTGCAAGCCGGAAT-1,-5.3471165,9.130321,s1d1
GCGTGCAAGGAATGTT-1,6.6445923,3.2237751,s1d1
GCGTGCAAGGCCCACT-1,-5.1543083,8.640212,s1d1
GCGTGCAAGTCGAGGT-1,11.827186,7.110624,s1d1
GCGTGCACAGGTTCCG-1,13.700233,7.812133,s1d1
GCGTGCAGTCATACCA-1,6.530677,-4.709973,s1d1
GCGTGCAGTCTCCCTA-1,5.723957,19.076817,s1d1
GCGTGCATCGACACCG-1,5.643362,16.573574,s1d1
GCGTGCATCTGGGCAC-1,1.4636207,6.0164914,s1d1
GCGTTTCAGAATAGTC-1,10.185391,6.516034,s1d1
GCGTTTCAGGTAAGAG-1,9.528476,5.8756056,s1d1
GCGTTTCAGTCACGCC-1,-5.3069363,9.886589,s1d1
GCGTTTCAGTTAGTAG-1,2.4345112,18.105316,s1d1
GCGTTTCCAAGCGAAC-1,-5.929267,8.302412,s1d1
GCGTTTCCACGCTGCA-1,6.542859,-3.019051,s1d1
GCTACAAAGACGAAGA-1,5.269959,19.48341,s1d1
GCTACAAAGAGTGTTA-1,10.881742,14.374817,s1d1
GCTACAAAGCAGTACG-1,11.290235,14.440002,s1d1
GCTACAACAAGGTCGA-1,12.094648,12.711215,s1d1
GCTACAACACATGAAA-1,11.936066,7.3659687,s1d1
GCTACAACAGACCATT-1,10.957442,6.7970505,s1d1
GCTACAACATAGGTAA-1,8.136412,-3.7738192,s1d1
GCTACAAGTCGATTTG-1,-4.9562626,9.428701,s1d1
GCTACAAGTGAGGCAT-1,5.654463,19.476639,s1d1
GCTACAAGTGCGACAA-1,14.166176,6.371931,s1d1
GCTACAAGTTCTAACG-1,10.861699,12.318653,s1d1
GCTACCTAGCTGACAG-1,-2.1249225,4.419371,s1d1
GCTACCTAGTGCACCC-1,5.2848434,18.363604,s1d1
GCTACCTCAAAGCTAA-1,-0.2796427,4.732303,s1d1
GCTACCTCAAGTGACG-1,14.59272,8.226196,s1d1
GCTACCTCATCGCCTT-1,6.3907356,-3.9975119,s1d1
GCTACCTGTACTTCCC-1,10.735728,6.4842477,s1d1
GCTACCTGTAGGAAAG-1,11.487898,9.425306,s1d1
GCTACCTGTCATAAAG-1,8.843068,7.979151,s1d1
GCTACCTTCCAAGCTA-1,11.375984,7.5996475,s1d1
GCTACCTTCCATTGGA-1,6.721759,3.5645244,s1d1
GCTACCTTCCCGGTAG-1,10.571041,12.779991,s1d1
GCTACCTTCGTGGCGT-1,2.3674576,16.694193,s1d1
GCTCAAAAGATTAGTG-1,10.604961,11.654495,s1d1
GCTCAAAAGGGCAATC-1,11.112894,12.411616,s1d1
GCTCAAACAGGCAATG-1,9.9762535,11.369085,s1d1
GCTCAAAGTACGATTC-1,4.133002,15.793894,s1d1
GCTCAAAGTGAATAAC-1,3.436668,17.325861,s1d1
GCTCAAAGTGCAATAA-1,10.087642,4.757763,s1d1
GCTGAATAGCTTCTAG-1,11.790967,13.083715,s1d1
GCTGAATCAAGATCCT-1,2.5133178,14.207941,s1d1
GCTGAATCACCCTTAC-1,-1.1785713,5.261984,s1d1
GCTGAATCATACTTTC-1,5.3649116,-3.5214183,s1d1
GCTGAATCATGTTTGG-1,-5.61865,9.839911,s1d1
GCTGAATGTATTCTCT-1,12.193649,6.2709107,s1d1
GCTGAATGTATTTCCT-1,12.723323,6.0318675,s1d1
GCTGAATGTCACTCAA-1,11.745437,8.812437,s1d1
GCTGAATGTCTTTCTA-1,-4.3855553,6.630882,s1d1
GCTGAATTCCATTTAC-1,-1.6947219,5.422627,s1d1
GCTGAATTCCTTATCA-1,9.380774,5.3785887,s1d1
GCTGCAGAGAAGTCCG-1,5.400101,19.254372,s1d1
GCTGCAGAGTGCGCTC-1,7.2102585,-0.2683302,s1d1
GCTGCAGCATGTGGCC-1,10.216376,19.12229,s1d1
GCTGCAGGTACCACGC-1,-0.9209487,4.4658394,s1d1
GCTGCAGGTCACCTTC-1,12.680618,7.9874177,s1d1
GCTGCAGGTCTAGGTT-1,8.611803,1.8848225,s1d1
GCTGCAGGTGGACTAG-1,11.464562,11.915624,s1d1
GCTGCAGGTTCTCCTG-1,4.619098,19.362438,s1d1
GCTGGGTAGGCATGCA-1,-0.8171217,7.372491,s1d1
GCTGGGTCAGTTACCA-1,10.618157,7.016574,s1d1
GCTGGGTGTGCAGTGA-1,5.55394,17.721495,s1d1
GCTGGGTTCACGAACT-1,3.1577864,5.428283,s1d1
GCTGGGTTCTAACACG-1,10.44577,6.9391394,s1d1
GCTTCACAGATGCTGG-1,6.294399,-0.6972693,s1d1
GCTTCACAGCGTGAGT-1,11.365782,8.413759,s1d1
GCTTCACAGCTCGCAC-1,11.212026,12.6269865,s1d1
GCTTCACAGTATGGAT-1,14.063617,11.093538,s1d1
GCTTCACGTGAGTTGG-1,11.337434,8.03655,s1d1
GCTTCACGTGTATCCA-1,12.208224,12.099583,s1d1
GCTTCACGTGTCCTAA-1,2.3260846,8.559104,s1d1
GCTTCACTCAGCGCAC-1,-5.0415382,11.817893,s1d1
GCTTCACTCGTAGTGT-1,9.418622,5.300817,s1d1
GCTTCACTCTGACAGT-1,12.511249,7.369093,s1d1
GCTTCACTCTTACCAT-1,-4.4886074,8.868987,s1d1
GCTTGGGAGAAACCAT-1,2.678488,18.164047,s1d1
GCTTGGGAGAAGCCAC-1,6.7030473,4.445654,s1d1
GCTTGGGAGACGCCCT-1,7.0461855,-5.110146,s1d1
GCTTGGGAGGGAGAAT-1,9.033835,3.0406928,s1d1
GCTTGGGAGTTCTCTT-1,12.215348,5.5578976,s1d1
GCTTGGGCAAGTACCT-1,10.513991,5.338594,s1d1
GCTTGGGCACGGTCTG-1,14.237702,6.6651263,s1d1
GCTTGGGCATAGCACT-1,14.510864,6.2975445,s1d1
GCTTGGGGTGCCAAGA-1,10.951111,-0.96634245,s1d1
GCTTGGGTCAGCGCAC-1,10.408921,13.108587,s1d1
GCTTGGGTCGTCCTTG-1,4.8044605,19.653955,s1d1
GCTTGGGTCTGCATAG-1,11.91154,7.306905,s1d1
GCTTTCGAGACTCTTG-1,15.167707,9.343841,s1d1
GCTTTCGCAAGACCTT-1,11.654814,8.113923,s1d1
GCTTTCGCAGCTGAGA-1,5.5155153,-4.50518,s1d1
GCTTTCGCATCATCTT-1,-1.5528382,4.6973124,s1d1
GCTTTCGGTAGCTCGC-1,12.8262615,6.299538,s1d1
GCTTTCGGTCACTCTC-1,6.332292,-5.233508,s1d1
GCTTTCGTCGTCGGGT-1,11.832014,5.953602,s1d1
GCTTTCGTCTACGGGC-1,10.579033,5.0799594,s1d1
GGAACCCAGCACCGTC-1,7.464704,3.7178628,s1d1
GGAACCCCAAGGGCAT-1,1.6249422,6.0306897,s1d1
GGAACCCCAGGTAGTG-1,9.622447,1.7911994,s1d1
GGAACCCGTAGGTAGC-1,8.663962,2.9937396,s1d1
GGAACCCTCTCTTCAA-1,12.109533,5.358937,s1d1
GGAACCCTCTGTAACG-1,-4.3309712,10.752238,s1d1
GGAAGTGAGAGTCAAT-1,11.09199,17.313522,s1d1
GGAAGTGAGGAAGTGA-1,6.761241,-1.4031295,s1d1
GGAAGTGAGGATTTGA-1,6.686999,18.228153,s1d1
GGAAGTGAGGCAGGGA-1,14.876303,8.517967,s1d1
GGAAGTGAGTAACCGG-1,7.067903,-4.6113276,s1d1
GGAAGTGCAGCGCTTG-1,-0.78786063,4.557771,s1d1
GGAAGTGCATGGATCT-1,-6.030347,7.9566946,s1d1
GGAAGTGGTCATTCCC-1,12.918835,9.7666025,s1d1
GGAAGTGTCAAGCTTG-1,2.2824602,16.825012,s1d1
GGAAGTGTCGGATAAA-1,11.909523,9.339382,s1d1
GGAAGTGTCGGCTGGT-1,9.650557,5.2314487,s1d1
GGAATCTAGATTGCGG-1,9.768079,-4.5224504,s1d1
GGAATCTCACCAACAT-1,-1.4104357,4.2996645,s1d1
GGAATCTGTATCGAGG-1,13.360401,13.712092,s1d1
GGAATCTGTCCGGTGT-1,11.231269,6.600561,s1d1
GGAATCTTCTATGCCC-1,12.894272,13.800608,s1d1
GGAATGGAGCGTGTTT-1,6.777947,1.9413513,s1d1
GGAATGGAGGACTGGT-1,5.972105,6.595997,s1d1
GGAATGGTCATTGTTC-1,4.6673117,16.835001,s1d1
GGACGTCAGCGGGTAT-1,11.288869,7.327698,s1d1
GGACGTCAGGTTGCCC-1,12.353351,12.945563,s1d1
GGACGTCCAACACAGG-1,-5.0413914,4.052649,s1d1
GGACGTCGTGCCGGTT-1,5.8510203,-4.3779893,s1d1
GGACGTCGTTTCGTTT-1,5.863874,15.970503,s1d1
GGACGTCTCCCATAAG-1,3.1416821,7.1120586,s1d1
GGACGTCTCGCACTCT-1,-4.280211,6.625965,s1d1
GGACGTCTCGGTAACT-1,4.4705386,18.636703,s1d1
GGACGTCTCTGCGGGT-1,9.325821,-4.5098257,s1d1
GGACGTCTCTTACGGA-1,15.697813,9.414493,s1d1
GGAGAACAGCTGCGAA-1,8.865669,4.139574,s1d1
GGAGAACAGTTTGTCG-1,10.968149,8.525863,s1d1
GGAGAACCAAGTGCTT-1,7.0070534,18.075218,s1d1
GGAGAACCACACAGCC-1,3.2930427,6.371313,s1d1
GGAGAACCACCACTGG-1,-5.5745397,9.773509,s1d1
GGAGAACCAGCTACAT-1,10.242405,6.9087253,s1d1
GGAGAACCAGGTGTTT-1,-4.7374396,10.581487,s1d1
GGAGAACGTAAGGCTG-1,11.04375,12.877154,s1d1
GGAGAACGTACTGACT-1,9.652804,5.1861086,s1d1
GGAGAACTCTCTCAAT-1,16.8029,5.748018,s1d1
GGAGATGAGAAGTATC-1,8.643392,1.0798821,s1d1
GGAGATGAGGGCAGGA-1,10.273123,13.271565,s1d1
GGAGATGCAACAAGAT-1,7.0531044,2.8737855,s1d1
GGAGATGCACATGAAA-1,11.883475,6.8941197,s1d1
GGAGATGGTAATACCC-1,10.8828125,-0.960374,s1d1
GGAGATGGTACGATCT-1,11.446544,9.022731,s1d1
GGAGATGGTTGGTACT-1,-3.7163017,10.099188,s1d1
GGAGATGTCGGCACTG-1,9.899596,11.302291,s1d1
GGAGCAAAGACCATGG-1,5.250361,19.91215,s1d1
GGAGCAAAGTCGCCCA-1,8.209971,-3.1558492,s1d1
GGAGCAACAGCTCATA-1,15.651015,8.864021,s1d1
GGAGCAAGTCCTCCTA-1,13.285241,7.705248,s1d1
GGAGCAAGTTCTCAGA-1,9.100811,3.5844347,s1d1
GGAGCAATCATGAAAG-1,10.391916,12.834773,s1d1
GGAGCAATCTATGTGG-1,6.3550816,-3.1833298,s1d1
GGAGGATAGCTGTTCA-1,13.5253935,6.2027,s1d1
GGAGGATAGGCCTGCT-1,5.7040277,16.569996,s1d1
GGAGGATCAGTTGTCA-1,11.831654,11.586986,s1d1
GGAGGATGTGAGAACC-1,11.121875,14.595666,s1d1
GGAGGATTCATCGCAA-1,5.788988,-1.7534451,s1d1
GGAGGATTCATGCCGG-1,10.441044,12.52102,s1d1
GGAGGATTCGAGAACG-1,10.511825,7.2656436,s1d1
GGAGGATTCGTCGATA-1,-5.6387916,9.696465,s1d1
GGAGGTAAGTCAGCGA-1,-0.16860351,4.846427,s1d1
GGAGGTAAGTTTGGCT-1,11.430317,6.83798,s1d1
GGAGGTACAGAGTTGG-1,9.841717,5.8478565,s1d1
GGAGGTACAGCTACCG-1,12.101131,8.048511,s1d1
GGAGGTACATGGAAGC-1,5.521654,19.688257,s1d1
GGAGGTAGTCGACTTA-1,11.297036,6.907942,s1d1
GGAGGTAGTGATAGTA-1,12.03376,6.403756,s1d1
GGAGGTAGTGGAACCA-1,11.322231,13.707796,s1d1
GGAGGTAGTTTCCAAG-1,10.604071,6.759288,s1d1
GGAGGTATCTCAGTCC-1,5.0718837,-2.4958436,s1d1
GGATCTAAGGTGCAGT-1,10.4827385,12.73839,s1d1
GGATCTACAAAGACGC-1,-0.2019776,3.23932,s1d1
GGATCTACAAGCCCAC-1,4.9731226,19.338741,s1d1
GGATCTACACGTATAC-1,5.2049937,-4.0281553,s1d1
GGATCTACAGCACAGA-1,4.396231,16.826012,s1d1
GGATCTAGTACGACTT-1,10.762452,7.886331,s1d1
GGATCTAGTACTAAGA-1,5.6791277,-3.1344907,s1d1
GGATCTAGTATACCTG-1,10.123557,4.928337,s1d1
GGATCTAGTCGACGCT-1,14.191793,6.7764273,s1d1
GGATCTAGTGAAAGTT-1,12.369248,8.873087,s1d1
GGATCTAGTGAGATCG-1,9.952909,11.45584,s1d1
GGATCTATCGTTAGTG-1,12.650984,13.273264,s1d1
GGATGTTGTTATCTGG-1,7.4992876,-1.0036839,s1d1
GGATGTTGTTTACGAC-1,2.4043176,7.1209598,s1d1
GGATGTTTCTATTGTC-1,9.266385,1.1180627,s1d1
GGATGTTTCTGGACCG-1,17.193438,4.9670196,s1d1
GGCACGTAGGAGTACC-1,-1.540163,4.6057997,s1d1
GGCACGTCAACTCGAT-1,12.617756,8.775404,s1d1
GGCACGTCACGTACTA-1,-5.703532,7.8147583,s1d1
GGCACGTCAGCGGATA-1,12.603084,13.092763,s1d1
GGCACGTCAGTTTCAG-1,8.367101,-4.2949862,s1d1
GGCACGTGTACCGTCG-1,12.531078,13.7140045,s1d1
GGCACGTGTCACTCTC-1,1.7652488,5.653777,s1d1
GGCACGTTCACTACTT-1,5.429961,19.607466,s1d1
GGCACGTTCGTTCTAT-1,-5.8223925,9.396883,s1d1
GGCAGTCAGACGGTTG-1,13.928104,7.109536,s1d1
GGCAGTCCAAACGAGC-1,10.9042635,10.888073,s1d1
GGCAGTCGTCTTGAAC-1,-0.06794742,5.0847917,s1d1
GGCAGTCTCAGAGCGA-1,13.338676,7.856892,s1d1
GGCAGTCTCAGTGTGT-1,-0.26558512,5.3351984,s1d1
GGCAGTCTCCACTTTA-1,5.1397257,-2.6415212,s1d1
GGCAGTCTCTCATGCC-1,3.41335,18.552559,s1d1
GGCGTCAAGGAAGTAG-1,-5.9029703,7.4867897,s1d1
GGCGTCAAGGGTTGCA-1,9.515584,3.9547257,s1d1
GGCGTCACAACACAAA-1,4.910728,18.126808,s1d1
GGCGTCACAGACTGCC-1,9.574835,5.2230363,s1d1
GGCGTCACAGAGTTGG-1,11.46898,6.1903205,s1d1
GGCGTCAGTCATGGCC-1,1.8193704,17.144138,s1d1
GGCGTCATCACTGTTT-1,7.5874324,-4.329444,s1d1
GGCGTCATCAGCACCG-1,15.435214,5.8551083,s1d1
GGCTGTGAGATAGCTA-1,10.994504,11.865804,s1d1
GGCTGTGAGGAACGCT-1,-4.9458895,4.027362,s1d1
GGCTGTGAGGGCAACT-1,12.255203,10.138721,s1d1
GGCTGTGCACAAAGTA-1,16.167498,4.7252088,s1d1
GGCTGTGCAGAACTCT-1,14.012062,6.6087117,s1d1
GGCTGTGCATTGAAAG-1,-2.0651593,4.803396,s1d1
GGCTGTGGTACATTGC-1,9.225905,1.990259,s1d1
GGCTGTGGTATTAAGG-1,10.737039,10.317923,s1d1
GGCTGTGGTGATCATC-1,2.8359973,17.229965,s1d1
GGCTGTGTCGGACAAG-1,2.3532708,17.291088,s1d1
GGCTGTGTCGGTCATA-1,13.742566,6.3293247,s1d1
GGCTTGGAGAGATTCA-1,11.598109,10.52133,s1d1
GGCTTGGAGTGAATAC-1,9.449061,12.500817,s1d1
GGCTTGGCACCAGCGT-1,1.6940525,4.880596,s1d1
GGCTTGGCAGTCAGTT-1,2.5186622,16.661255,s1d1
GGCTTGGGTAATGCTC-1,12.385097,7.2826138,s1d1
GGCTTGGGTAGGCTGA-1,5.534574,19.302425,s1d1
GGCTTGGGTCTACAGT-1,10.936274,6.7226357,s1d1
GGCTTGGGTGAGCCAA-1,3.9340215,5.1361217,s1d1
GGCTTGGGTGCATGTT-1,12.050535,12.857137,s1d1
GGCTTGGGTGCGACAA-1,13.901598,6.462998,s1d1
GGCTTGGGTTAGTTCG-1,11.891525,12.792346,s1d1
GGCTTGGTCACTCGAA-1,9.880642,-4.5174184,s1d1
GGCTTGGTCTGAGCAT-1,-5.371896,9.170873,s1d1
GGCTTTCAGTATGCAA-1,-5.4562483,12.256802,s1d1
GGCTTTCCAAGTACCT-1,5.4824233,-4.8611107,s1d1
GGCTTTCCAGGTCAAG-1,7.102241,-5.242992,s1d1
GGCTTTCCATCTTAGG-1,5.521272,-4.4186378,s1d1
GGCTTTCCATTATGCG-1,-5.461276,9.150148,s1d1
GGCTTTCGTTCGAACT-1,17.282806,5.3446655,s1d1
GGCTTTCTCTCATGCC-1,5.270704,18.968363,s1d1
GGGAAGTAGGTCCAGA-1,-6.1701875,8.88682,s1d1
GGGAAGTAGTCATGCT-1,12.452867,12.1733055,s1d1
GGGAAGTCAACTGATC-1,11.728453,8.447515,s1d1
GGGAAGTCAAGCGAGT-1,-5.7724347,9.952002,s1d1
GGGAAGTCAGGCGAAT-1,-5.669219,8.060386,s1d1
GGGAAGTCAGGTCCGT-1,9.951318,4.948442,s1d1
GGGAAGTGTACCGTGC-1,11.690522,8.859503,s1d1
GGGAAGTGTCACTACA-1,2.7288036,8.3316555,s1d1
GGGAAGTGTCCCGCAA-1,9.886326,13.630364,s1d1
GGGAAGTGTTCGCGTG-1,5.2396903,19.368053,s1d1
GGGAAGTTCATAGACC-1,9.281252,4.8731837,s1d1
GGGAAGTTCGACGCTG-1,9.412512,4.6024165,s1d1
GGGAAGTTCGGACTGC-1,11.498443,6.0434494,s1d1
GGGAAGTTCGGAGATG-1,14.251876,9.404243,s1d1
GGGAAGTTCTGGCCTT-1,12.5077095,13.537617,s1d1
GGGACAAAGCAGCGAT-1,9.959308,11.895294,s1d1
GGGACAACAACCGTAT-1,10.95368,-0.5708229,s1d1
GGGACAACAAGGCAAC-1,13.767931,6.3059297,s1d1
GGGACAAGTCGCTCGA-1,-2.26511,4.0178394,s1d1
GGGACAATCAAGCCGC-1,12.415869,12.610683,s1d1
GGGACAATCTGAGTCA-1,4.6313744,19.26109,s1d1
GGGACAATCTTTGCTA-1,5.3012953,16.787628,s1d1
GGGACCTCAAGAGCTG-1,12.184848,13.82164,s1d1
GGGACCTCACCCTGTT-1,-5.260913,10.78183,s1d1
GGGACCTCAGAGGACT-1,10.841804,14.074605,s1d1
GGGACCTGTGAAAGTT-1,4.239216,16.523764,s1d1
GGGACCTTCCCTTCCC-1,12.720774,7.676429,s1d1
GGGACCTTCGCTTGCT-1,-5.4167633,6.9284015,s1d1
GGGACTCAGATTAGAC-1,0.10369694,5.4416165,s1d1
GGGACTCAGTCAGAGC-1,2.844503,18.237175,s1d1
GGGACTCAGTCAGGGT-1,10.140524,18.485489,s1d1
GGGACTCCAAGATGTA-1,7.081956,-3.355163,s1d1
GGGACTCGTCGAATGG-1,12.118639,8.885771,s1d1
GGGACTCGTCTTCGAA-1,4.036949,14.889623,s1d1
GGGACTCTCACATACG-1,12.538674,12.77565,s1d1
GGGACTCTCAGGTAAA-1,11.190874,11.379134,s1d1
GGGACTCTCTATCGGA-1,12.839627,5.4668484,s1d1
GGGAGATAGCCGATTT-1,9.48095,3.922104,s1d1
GGGAGATAGGCCGCTT-1,11.283861,7.158701,s1d1
GGGAGATAGGGCAAGG-1,-5.6738043,10.337341,s1d1
GGGAGATAGTTGTAGA-1,9.965131,-0.8719143,s1d1
GGGAGATCATCCAACA-1,4.010555,5.9966855,s1d1
GGGAGATCATCCTCAC-1,12.86236,11.977314,s1d1
GGGAGATTCCACACAA-1,-0.26843223,4.477356,s1d1
GGGAGATTCCGCATAA-1,16.991257,4.920327,s1d1
GGGAGATTCTAGTCAG-1,5.3646326,19.83491,s1d1
GGGAGATTCTATTTCG-1,13.112674,12.62571,s1d1
GGGAGTAAGATCGCCC-1,4.229942,19.84534,s1d1
GGGAGTAAGGTTCTTG-1,11.045267,-1.0977918,s1d1
GGGAGTAAGTCCTACA-1,10.091226,18.619184,s1d1
GGGAGTACAGTCTCTC-1,11.234378,12.077838,s1d1
GGGAGTACATCATTGG-1,3.6929388,17.217861,s1d1
GGGAGTAGTCACTCGG-1,10.179493,12.311212,s1d1
GGGAGTAGTTGCTGAT-1,-0.26956004,5.1217594,s1d1
GGGAGTATCTGGGCAC-1,-0.681938,5.138492,s1d1
GGGATCCAGCTATCCA-1,14.347964,6.258908,s1d1
GGGATCCAGCTTAAGA-1,5.9566774,-4.278397,s1d1
GGGATCCAGTGTTGTC-1,9.759563,4.765737,s1d1
GGGATCCCAGCTTTCC-1,16.548393,6.128686,s1d1
GGGATCCCAGTTAGAA-1,10.816855,12.297948,s1d1
GGGATCCCATCGGATT-1,10.735591,7.124119,s1d1
GGGATCCGTACGTAGG-1,-4.6812596,9.856656,s1d1
GGGATCCGTCGATTAC-1,11.682941,12.878898,s1d1
GGGATCCGTCTTGCTC-1,6.0863,-4.8623123,s1d1
GGGATCCGTTGTGCCG-1,5.989896,-4.818046,s1d1
GGGATCCTCCTACTGC-1,12.420843,11.188396,s1d1
GGGATCCTCTATTCGT-1,11.225462,9.348569,s1d1
GGGATGAAGCCTCGTG-1,2.8718572,8.369134,s1d1
GGGATGAAGCGCCTCA-1,3.5887349,6.1102905,s1d1
GGGATGAAGCGTTACT-1,6.488439,-5.277414,s1d1
GGGATGAAGGCGCTTC-1,7.1852202,3.0679114,s1d1
GGGATGAAGTAGTGCG-1,5.6189127,16.356005,s1d1
GGGATGACAAAGCAAT-1,4.681134,18.915804,s1d1
GGGATGACAGGTTTAC-1,11.124225,7.2567163,s1d1
GGGATGAGTCTACAGT-1,6.418147,-0.9136385,s1d1
GGGATGAGTGTTCCAA-1,16.504599,8.604187,s1d1
GGGATGAGTTAGAGTA-1,12.465579,8.148724,s1d1
GGGATGATCCTAAACG-1,14.433976,9.337019,s1d1
GGGATGATCGAGTCTA-1,4.9622808,17.142221,s1d1
GGGATGATCGCTCATC-1,14.961294,8.455506,s1d1
GGGCCATAGCCTTGAT-1,3.4465375,16.336681,s1d1
GGGCCATAGGAAAGTG-1,-4.4257026,6.1489415,s1d1
GGGCCATCAAGGTTGG-1,10.141027,5.654898,s1d1
GGGCCATGTGGGCTTC-1,-5.737221,8.682077,s1d1
GGGCCATTCATGAGTC-1,-2.167107,4.384449,s1d1
GGGCCATTCGGACGTC-1,6.5746355,18.015905,s1d1
GGGCGTTAGGCACTAG-1,10.627665,7.6696434,s1d1
GGGCGTTAGTGCGCTC-1,9.973557,5.067743,s1d1
GGGCGTTCAAATCGTC-1,5.874394,-2.6144629,s1d1
GGGCGTTCAGGTAGTG-1,12.619067,6.245283,s1d1
GGGCGTTGTAGCGTTT-1,4.5762405,19.571749,s1d1
GGGCGTTGTGACTCTA-1,6.209008,16.800364,s1d1
GGGCGTTTCCCTTTGG-1,16.905493,4.6800747,s1d1
GGGCGTTTCCGGACGT-1,15.979042,5.5840263,s1d1
GGGCGTTTCCTTCTTC-1,12.708084,12.270039,s1d1
GGGCTACAGCCTCACG-1,14.366509,6.9480195,s1d1
GGGCTACAGTCACTAC-1,5.1952004,-5.057973,s1d1
GGGCTACAGTGCACCC-1,9.547099,4.8250127,s1d1
GGGCTACCAGTCAGTT-1,6.6604004,-4.700539,s1d1
GGGCTACCATGTGCTA-1,12.916944,12.810615,s1d1
GGGCTACGTATCCTTT-1,13.492159,13.517616,s1d1
GGGCTACGTATGGTTC-1,11.050242,6.518553,s1d1
GGGCTACTCCTTCTTC-1,11.94022,9.6085615,s1d1
GGGCTCAAGGATCATA-1,5.500277,-3.1676667,s1d1
GGGCTCAAGTACCCTA-1,12.407112,7.3033223,s1d1
GGGCTCACAGGACTAG-1,10.99088,-1.088121,s1d1
GGGCTCACATAAGCAA-1,13.274048,7.341211,s1d1
GGGCTCAGTAGACACG-1,3.440562,1.8778695,s1d1
GGGCTCAGTGGACAGT-1,12.947111,13.855983,s1d1
GGGCTCAGTTGCAACT-1,4.6920795,4.580337,s1d1
GGGCTCATCGTCAAAC-1,12.558186,9.412683,s1d1
GGGCTCATCTTCCAGC-1,-4.0301456,3.7901993,s1d1
GGGTAGAAGACTAAGT-1,12.127736,11.860767,s1d1
GGGTAGAAGGTCGTGA-1,10.267186,5.5569777,s1d1
GGGTAGAAGGTTCAGG-1,15.714791,9.029421,s1d1
GGGTAGAAGTATGGAT-1,5.0439973,-2.6963353,s1d1
GGGTAGAAGTGCGACA-1,11.038365,8.160284,s1d1
GGGTAGAAGTTCCGGC-1,3.9870396,14.7227125,s1d1
GGGTAGACACATATCG-1,12.474835,12.633187,s1d1
GGGTAGACAGAGGACT-1,-4.4072556,8.050626,s1d1
GGGTAGACATGGCCCA-1,5.037323,17.187057,s1d1
GGGTAGAGTATGTGTC-1,13.577996,5.211134,s1d1
GGGTAGAGTGTTAGCT-1,6.3472676,3.648956,s1d1
GGGTAGATCATGAGAA-1,1.2815924,8.012888,s1d1
GGGTAGATCCAAATGC-1,1.3249651,7.3090715,s1d1
GGGTAGATCCAACCAA-1,11.8857565,14.107966,s1d1
GGGTAGATCGGCTTGG-1,12.027581,14.596177,s1d1
GGGTATTAGATTGACA-1,2.6383116,5.989265,s1d1
GGGTATTCAACCGGAA-1,2.056613,7.743816,s1d1
GGGTATTCAACGAGGT-1,12.428988,8.917024,s1d1
GGGTATTCAGAGAAAG-1,-5.523145,8.465652,s1d1
GGGTATTCATCGAAGG-1,9.618133,10.947684,s1d1
GGGTATTGTCCCTGTT-1,12.11831,9.550212,s1d1
GGGTATTGTCGACGCT-1,-5.0323806,7.5826178,s1d1
GGGTATTGTGGCCTCA-1,-1.1593596,4.7933064,s1d1
GGGTATTGTTAATCGC-1,9.62805,5.3875117,s1d1
GGGTATTGTTCTGACA-1,11.072346,6.2160535,s1d1
GGGTATTTCATGGAGG-1,-6.0750046,8.728486,s1d1
GGGTATTTCGTGTCAA-1,9.5129595,7.2666183,s1d1
GGGTCACAGGGTCTTT-1,5.0340576,19.49378,s1d1
GGGTCACCAACAAAGT-1,10.27718,13.136176,s1d1
GGGTCACCAAGACCTT-1,14.407859,6.314271,s1d1
GGGTCACGTACTGAGG-1,12.122461,7.074279,s1d1
GGGTCACGTAGATGTA-1,2.8344448,7.495138,s1d1
GGGTCACGTCCTATAG-1,11.901739,10.653093,s1d1
GGGTCACTCGCTCTCA-1,10.111116,18.339602,s1d1
GGGTCTGAGACCCGCT-1,5.0571656,19.442173,s1d1
GGGTCTGAGAGTTGTA-1,10.972996,10.251633,s1d1
GGGTCTGAGCTCGACC-1,5.9172235,-4.7474093,s1d1
GGGTCTGAGGGATCTG-1,13.277323,13.54382,s1d1
GGGTCTGCAGATAAAC-1,10.824605,11.625154,s1d1
GGGTCTGGTGGTTTAC-1,6.3579288,-5.4003296,s1d1
GGGTCTGGTTGTTGAC-1,5.549559,6.892669,s1d1
GGGTCTGGTTTGAAAG-1,7.3086605,-5.32669,s1d1
GGGTCTGGTTTGGCTA-1,14.501523,6.531525,s1d1
GGGTCTGTCACAGTGT-1,11.623418,13.068073,s1d1
GGGTCTGTCAGTAGGG-1,-0.031665202,3.764902,s1d1
GGGTCTGTCTTGTGCC-1,5.4572434,-3.4093091,s1d1
GGGTGAAAGCACAAAT-1,-1.3498392,4.9160275,s1d1
GGGTGAAAGGTAGACC-1,3.9535315,19.21151,s1d1
GGGTGAAAGTGTACCT-1,10.915489,5.8625793,s1d1
GGGTGAAAGTGTTCAC-1,10.775328,12.528018,s1d1
GGGTGAACAGCTGTAT-1,-3.6120934,9.365686,s1d1
GGGTGAACAGTTGCGC-1,11.384922,7.2747684,s1d1
GGGTGAACATAGATCC-1,10.066302,18.678421,s1d1
GGGTGAAGTAGCTCGC-1,5.1388993,19.66221,s1d1
GGGTGAAGTCGTTCAA-1,9.144578,1.455267,s1d1
GGGTGAAGTCTGTAAC-1,11.922693,5.726232,s1d1
GGGTGAAGTTCCAGGC-1,-5.718897,7.2656765,s1d1
GGGTGAAGTTTCGATG-1,9.459978,4.894232,s1d1
GGGTGAATCATGTCAG-1,-2.2324896,7.1467175,s1d1
GGGTGAATCGGACAAG-1,9.897516,5.1199484,s1d1
GGGTGTCAGGATTCCT-1,12.488214,7.2831645,s1d1
GGGTGTCAGGTCGTAG-1,4.6540813,19.763844,s1d1
GGGTGTCAGTAGAGTT-1,2.588256,17.604776,s1d1
GGGTGTCCAAGCCCAC-1,5.9523864,18.629923,s1d1
GGGTGTCTCCGTAGTA-1,14.154281,10.433256,s1d1
GGGTGTCTCGCAATGT-1,4.5734067,18.642273,s1d1
GGGTGTCTCGCTACAA-1,6.4771266,-2.934704,s1d1
GGGTGTCTCGGATAAA-1,13.458191,5.9373803,s1d1
GGGTGTCTCTCACCCA-1,-0.31587043,5.1427774,s1d1
GGGTTATAGGCCGCTT-1,11.430818,5.7085304,s1d1
GGGTTATAGTCACTAC-1,9.178284,4.671343,s1d1
GGGTTATAGTTAGTGA-1,0.18283436,4.6814013,s1d1
GGGTTATCAAGTGATA-1,-5.370763,8.337354,s1d1
GGGTTATCATTGTACG-1,10.235461,17.75794,s1d1
GGGTTATGTGAGCCAA-1,4.1686096,16.826681,s1d1
GGGTTATGTTGCTCGG-1,16.386316,8.460264,s1d1
GGGTTATTCCCGTGAG-1,13.996113,6.3667827,s1d1
GGGTTATTCGTGCGAC-1,6.1106763,-1.9532437,s1d1
GGGTTATTCTTTGCTA-1,-2.177198,4.6185417,s1d1
GGGTTTAAGATTAGAC-1,5.879792,-2.6281116,s1d1
GGGTTTACAAATGAAC-1,8.624332,2.1269107,s1d1
GGGTTTATCGTGGAAG-1,-1.8585324,4.109641,s1d1
GGGTTTATCTCACTCG-1,7.828091,-1.4328952,s1d1
GGTAACTAGAAGCGCT-1,-5.6760483,7.4460335,s1d1
GGTAACTAGACAAGCC-1,6.9528437,-3.4942915,s1d1
GGTAACTAGACAGCGT-1,9.901474,11.483093,s1d1
GGTAACTAGCACTCTA-1,10.694291,5.4790435,s1d1
GGTAACTAGCTATCTG-1,5.0342093,-3.461186,s1d1
GGTAACTCAGGTGTTT-1,4.094991,15.347705,s1d1
GGTAACTGTCATGACT-1,5.302596,-5.191274,s1d1
GGTAACTGTCGTCATA-1,11.637816,12.272568,s1d1
GGTAACTTCGAGAACG-1,15.8864355,9.197446,s1d1
GGTAACTTCGCTTTAT-1,-3.9541576,9.628042,s1d1
GGTAATCAGAGCCATG-1,9.392154,8.201616,s1d1
GGTAATCAGTGGATTA-1,13.607386,6.8455377,s1d1
GGTAATCCAACATCGT-1,-4.882116,10.903568,s1d1
GGTAATCCAATCTGCA-1,11.821342,10.277518,s1d1
GGTAATCGTTACGGAG-1,13.774203,5.187882,s1d1
GGTAATCGTTCCGTTC-1,12.910534,6.1009054,s1d1
GGTAATCTCAGCTAGT-1,10.222763,5.733334,s1d1
GGTAATCTCGTTTACT-1,16.852278,5.0840383,s1d1
GGTAATCTCTAAGAAG-1,2.56955,5.674776,s1d1
GGTAGAGAGCAGCCCT-1,13.990713,10.451422,s1d1
GGTAGAGAGGTTGCCC-1,6.0489573,-0.9143722,s1d1
GGTAGAGAGTCATGAA-1,11.010452,7.813104,s1d1
GGTAGAGGTGCCAAGA-1,3.713196,16.502346,s1d1
GGTAGAGGTTGTGTAC-1,3.1442635,6.9992394,s1d1
GGTAGAGTCAGGGTAG-1,2.4111302,4.3685756,s1d1
GGTAGAGTCCACGAAT-1,9.936835,4.2216506,s1d1
GGTAGAGTCTCCTGCA-1,14.121005,5.937409,s1d1
GGTAGAGTCTGCAGCG-1,6.334595,3.0865178,s1d1
GGTCACGAGCCGTTAT-1,4.9821496,19.830637,s1d1
GGTCACGAGTGTTGAA-1,10.546455,13.237241,s1d1
GGTCACGTCTGCGAGC-1,-5.2634335,10.083384,s1d1
GGTCTGGAGTCATAGA-1,6.593332,-5.006945,s1d1
GGTCTGGAGTCATGGG-1,9.598325,4.8966627,s1d1
GGTCTGGAGTGATTCC-1,8.344165,0.9650291,s1d1
GGTCTGGAGTGGATAT-1,2.5117745,7.121509,s1d1
GGTCTGGCAGCACAGA-1,-2.6166947,4.4583483,s1d1
GGTCTGGCAGTTAGAA-1,1.5974163,6.570941,s1d1
GGTCTGGGTACGAGCA-1,5.3437257,17.701777,s1d1
GGTCTGGGTCCGGCAT-1,15.371731,8.418672,s1d1
GGTCTGGGTCGTTCAA-1,3.1924927,2.988325,s1d1
GGTCTGGTCCTGCCAT-1,9.808469,4.1907387,s1d1
GGTGAAGAGATGTAGT-1,7.180306,-3.3293982,s1d1
GGTGAAGAGCACCGAA-1,11.768256,12.877705,s1d1
GGTGAAGCAGGAATAT-1,11.276901,7.0377655,s1d1
GGTGAAGCATAACCCA-1,9.911001,5.706803,s1d1
GGTGAAGCATCCGGTG-1,1.3745719,5.867211,s1d1
GGTGAAGGTAGTGTGG-1,9.467992,4.485716,s1d1
GGTGAAGGTGACAGCA-1,16.426273,8.799277,s1d1
GGTGAAGGTGCCTGCA-1,5.523403,6.78329,s1d1
GGTGAAGGTTGCTAGT-1,5.8978662,-4.4213967,s1d1
GGTGAAGTCAGGAACG-1,14.199962,5.9827595,s1d1
GGTGAAGTCTCACTCG-1,12.549219,10.875657,s1d1
GGTGATTAGCGACTTT-1,10.944564,13.5882635,s1d1
GGTGATTCATCAGCTA-1,1.9391747,6.0928397,s1d1
GGTGATTGTACAGTCT-1,5.9928946,-0.9372229,s1d1
GGTGATTGTCTAGGCC-1,6.503788,-5.018779,s1d1
GGTGATTGTGGAGGTT-1,10.551084,6.78364,s1d1
GGTGATTGTTGCATGT-1,12.601628,13.084381,s1d1
GGTGATTTCTACCACC-1,13.239925,6.2438188,s1d1
GGTGGCTAGCAGATAT-1,13.281606,7.1682224,s1d1
GGTGGCTGTGGATACG-1,8.135187,-3.9785361,s1d1
GGTGGCTGTTGGAGGT-1,3.1929953,4.841192,s1d1
GGTGGCTTCATCTATC-1,6.9750333,-4.241312,s1d1
GGTGGCTTCGCTCATC-1,12.964473,6.7567744,s1d1
GGTGGCTTCTCGCGTT-1,13.162293,13.302634,s1d1
GGTGGCTTCTTTGATC-1,11.056155,11.890138,s1d1
GGTGTCGAGATGCTTC-1,1.9321802,17.503338,s1d1
GGTGTCGCAAGACGGT-1,14.600959,9.572969,s1d1
GGTGTCGCACATGACT-1,16.82964,5.678705,s1d1
GGTGTCGCATCTCAAG-1,4.2673306,17.708187,s1d1
GGTGTCGGTGGCCCAT-1,4.322833,19.997637,s1d1
GGTGTCGTCATCTACT-1,7.000764,2.8585792,s1d1
GGTGTTAGTATTCCTT-1,2.726365,17.956173,s1d1
GGTGTTATCAAGGTGG-1,4.528731,19.003103,s1d1
GGTTAACAGCTCATAC-1,-5.3514867,9.400713,s1d1
GGTTAACAGTATGGAT-1,-0.35033447,4.413654,s1d1
GGTTAACCAAACGAGC-1,12.133278,8.758041,s1d1
GGTTAACCACGAGGTA-1,11.77342,12.780449,s1d1
GGTTAACCACGGTGCT-1,11.586665,11.567871,s1d1
GGTTAACCATACACCA-1,6.64993,17.998482,s1d1
GGTTAACTCCAACACA-1,1.5832834,7.101428,s1d1
GGTTCTCAGACTAGAT-1,10.2722,11.013452,s1d1
GGTTCTCAGCACTCCG-1,12.517861,6.191145,s1d1
GGTTCTCAGCACTTTG-1,14.016361,6.12895,s1d1
GGTTCTCAGTAGTCTC-1,12.264913,12.609781,s1d1
GGTTCTCAGTCGTCTA-1,7.1963153,3.0644336,s1d1
GGTTCTCCACCGTCTT-1,-2.387309,4.4060855,s1d1
GGTTCTCGTAGTAAGT-1,9.5018015,4.1146836,s1d1
GGTTCTCGTGCTATTG-1,4.2149925,5.0639257,s1d1
GGTTGTAAGGCCATAG-1,8.680545,1.0352277,s1d1
GGTTGTAAGGGTCACA-1,16.654613,5.044115,s1d1
GGTTGTACACCTTCGT-1,4.885291,-3.205726,s1d1
GGTTGTACAGGTTCCG-1,14.843992,9.740069,s1d1
GGTTGTACAGTGTGCC-1,6.3309674,-2.9627597,s1d1
GGTTGTAGTGCTCCGA-1,7.768775,-4.532621,s1d1
GGTTGTAGTTGCTCAA-1,3.636629,13.752132,s1d1
GGTTGTATCATGAAAG-1,14.29211,6.275275,s1d1
GTAACACAGAAGCGCT-1,-5.288456,12.163276,s1d1
GTAACACCAACACAGG-1,12.147454,9.536517,s1d1
GTAACACCACACGTGC-1,9.661091,3.871576,s1d1
GTAACACCAGGAGACT-1,12.4807,7.3675566,s1d1
GTAACACCATACCAGT-1,13.540238,5.7810435,s1d1
GTAACACGTACGGATG-1,12.334632,9.567195,s1d1
GTAACACGTTTCACAG-1,11.662675,8.567011,s1d1
GTAACACTCGATACAC-1,8.633425,0.2759355,s1d1
GTAACCAAGCCGAACA-1,15.578512,5.7216573,s1d1
GTAACCAAGTCATTGC-1,-2.6323996,4.369997,s1d1
GTAACCAAGTTGCGCC-1,-0.11734933,3.0340486,s1d1
GTAACCACAATAACGA-1,11.472014,6.710861,s1d1
GTAACCACAGTGCCTG-1,-0.97431326,6.844443,s1d1
GTAACCAGTAGCTCGC-1,11.806275,6.0737133,s1d1
GTAACCAGTTCCTAAG-1,11.901181,11.026615,s1d1
GTAACCAGTTCGTTCC-1,2.8316853,7.50608,s1d1
GTAACCATCACGTCCT-1,-5.095907,4.6355476,s1d1
GTAACCATCAGGAAAT-1,4.9066772,19.301517,s1d1
GTAACCATCTCTATAC-1,2.6890683,18.043343,s1d1
GTAACCATCTTCGCTG-1,13.178452,7.863794,s1d1
GTAAGTCAGACGCATG-1,5.4878297,19.185371,s1d1
GTAAGTCAGGTAAGTT-1,-5.134797,7.4146695,s1d1
GTAAGTCAGGTCGTCC-1,8.576469,1.0396615,s1d1
GTAAGTCCACATTCTT-1,5.603392,16.921747,s1d1
GTAAGTCCAGCTGAAG-1,-4.512138,10.578094,s1d1
GTAAGTCCATTCTTCA-1,9.657102,4.5238137,s1d1
GTAAGTCTCACCCTTG-1,10.96875,6.843293,s1d1
GTAAGTCTCTACCACC-1,14.616784,6.5252414,s1d1
GTAAGTCTCTGAATGC-1,-5.0964594,11.152824,s1d1
GTAATCGAGAAAGTCT-1,11.21672,7.1692734,s1d1
GTAATCGAGAATAACC-1,3.3948646,6.370066,s1d1
GTAATCGGTCATACCA-1,11.727424,7.7856727,s1d1
GTAATCGGTGCCCTTT-1,-1.0297774,4.24907,s1d1
GTAATCGGTTCCAAAC-1,12.636514,14.14356,s1d1
GTAATCGTCCGAACGC-1,12.854018,6.446538,s1d1
GTAATGCAGAGAGTTT-1,10.519704,5.5729446,s1d1
GTAATGCAGATGGCAC-1,12.982459,13.9814,s1d1
GTAATGCAGCTTGTTG-1,1.2137058,4.239246,s1d1
GTAATGCCAACTCCAA-1,-4.27041,7.3671217,s1d1
GTAATGCCATAACAGA-1,4.950166,-3.1857917,s1d1
GTAATGCTCAGTGTGT-1,6.81106,17.679033,s1d1
GTAATGCTCATAGAGA-1,17.271046,5.3639736,s1d1
GTAATGCTCGTCAACA-1,13.291209,7.014073,s1d1
GTAATGCTCTACGGTA-1,7.5426784,-3.5865242,s1d1
GTAATGCTCTGGTGCG-1,9.095236,1.2775674,s1d1
GTACAACAGGGTGGGA-1,10.349094,6.8609867,s1d1
GTACAACAGTTGTCGT-1,10.89354,10.381977,s1d1
GTACAACCAAGGGTCA-1,5.8773246,-5.2570567,s1d1
GTACAACCACGAGGAT-1,4.956646,-4.4649744,s1d1
GTACAACCACGCGCTA-1,12.382235,6.537419,s1d1
GTACAACCATCCTTGC-1,0.47709474,5.149185,s1d1
GTACAACGTCAAATCC-1,-0.35319138,5.2319393,s1d1
GTACAACTCAGGGATG-1,12.3014555,6.890644,s1d1
GTACAACTCATTCCTA-1,-5.771386,8.789014,s1d1
GTACAACTCCACGAAT-1,11.778932,8.685283,s1d1
GTACAACTCGTGCTCT-1,10.507682,5.6712036,s1d1
GTACAACTCTTAGCAG-1,11.370807,8.429899,s1d1
GTACAGTAGCTCCCTT-1,6.6434917,5.298094,s1d1
GTACAGTCAATACCTG-1,-4.1462407,9.92753,s1d1
GTACAGTCACGTGTGC-1,13.250071,6.968499,s1d1
GTACAGTCAGGATCTT-1,2.2364745,17.325369,s1d1
GTACAGTCAGTGTGCC-1,2.2428992,6.1138854,s1d1
GTACAGTGTGCCCTTT-1,1.6507196,4.2753625,s1d1
GTACAGTGTTCTCTCG-1,9.86626,4.0935802,s1d1
GTACAGTGTTTAGAGA-1,3.9364848,4.867011,s1d1
GTACAGTTCTGTTCAT-1,5.1310883,19.456186,s1d1
GTAGAAACAGGTTACT-1,14.574936,6.3734922,s1d1
GTAGAAACATAGACTC-1,11.1475525,8.403699,s1d1
GTAGAAAGTGACACAG-1,12.4158745,10.653337,s1d1
GTAGAAATCCTACCAC-1,4.3954425,18.386908,s1d1
GTAGAAATCGCCAGAC-1,10.6988325,14.34704,s1d1
GTAGAGGAGATGCCGA-1,11.659037,11.161548,s1d1
GTAGAGGAGTGCTCGC-1,10.776977,7.605876,s1d1
GTAGAGGCAATTCGTG-1,11.89498,12.193809,s1d1
GTAGAGGGTCGCAACC-1,11.259155,13.741555,s1d1
GTAGAGGTCATCACAG-1,13.127266,5.332998,s1d1
GTAGAGGTCTCATGGA-1,3.224136,7.753819,s1d1
GTAGATCAGCGTGCTC-1,1.7094929,4.979357,s1d1
GTAGATCAGCTCGAAG-1,5.060713,18.301952,s1d1
GTAGATCAGTTCCTGA-1,12.506442,6.118565,s1d1
GTAGATCCAACCGATT-1,15.374673,8.429873,s1d1
GTAGATCCAAGGTTGG-1,8.020114,0.33614329,s1d1
GTAGATCCAATACGAA-1,10.358355,12.65388,s1d1
GTAGATCCATCCGTTC-1,1.1870095,7.500154,s1d1
GTAGATCGTCTTCATT-1,8.226116,-1.4753549,s1d1
GTAGATCGTGGATCAG-1,9.043507,2.7654548,s1d1
GTAGATCGTTCCAGGC-1,2.4834185,17.744816,s1d1
GTAGATCTCCGAGCTG-1,5.871716,-4.4990606,s1d1
GTAGATCTCCTAAACG-1,14.213281,9.611633,s1d1
GTAGCTAAGAGTCTGG-1,-1.8362733,7.1744704,s1d1
GTAGCTAAGTTGGACG-1,3.497101,6.4424477,s1d1
GTAGCTACAAAGCTCT-1,-3.638546,8.727335,s1d1
GTAGCTACAGGATGAC-1,4.4060307,19.980051,s1d1
GTAGCTACATTGACTG-1,-5.8694487,7.221237,s1d1
GTAGCTAGTAGGTACG-1,8.043858,-3.9332552,s1d1
GTAGCTAGTCTTGAAC-1,5.1616726,-3.0207675,s1d1
GTAGCTAGTGCCTTTC-1,3.0661833,18.25533,s1d1
GTAGCTATCATCAGTG-1,4.855404,18.7856,s1d1
GTAGCTATCCAACACA-1,11.561114,14.682188,s1d1
GTAGCTATCCCGAGAC-1,10.924671,8.247847,s1d1
GTAGGAGAGATCGACG-1,12.198676,9.976404,s1d1
GTAGGAGAGTGAACAT-1,5.9509325,16.37371,s1d1
GTAGGAGTCCAACCGG-1,5.3558626,19.47153,s1d1
GTAGGAGTCCCGGTAG-1,7.0697627,17.94264,s1d1
GTAGGAGTCTGAGGCC-1,11.437178,6.8213387,s1d1
GTAGGTTAGCCTGTGC-1,9.908469,11.094988,s1d1
GTAGGTTCATACTGAC-1,10.042273,6.7574973,s1d1
GTAGGTTGTCGCGTCA-1,5.39934,-3.0101771,s1d1
GTAGGTTTCCGTGTGG-1,14.243098,9.133188,s1d1
GTAGGTTTCGGTGCAC-1,5.6507063,6.6216817,s1d1
GTAGTACAGCTTCTAG-1,15.391163,9.375735,s1d1
GTAGTACAGGCCTGCT-1,12.345612,10.282015,s1d1
GTAGTACAGTGGATTA-1,5.545822,16.878187,s1d1
GTAGTACCACAACATC-1,8.34647,-1.4905258,s1d1
GTAGTACCAGAGGCAT-1,7.4411287,3.96723,s1d1
GTAGTACCAGGTGTTT-1,4.3557987,16.693773,s1d1
GTAGTACCAGGTTCAT-1,5.291764,-3.1522927,s1d1
GTAGTACCAGGTTTAC-1,10.769654,13.358054,s1d1
GTAGTACCATGACTTG-1,16.650217,5.71488,s1d1
GTAGTACGTACTAACC-1,-0.06835383,5.1879354,s1d1
GTAGTACGTAGTCTTG-1,2.6630168,18.308655,s1d1
GTAGTACGTCTGCAAT-1,6.5430164,-2.7691483,s1d1
GTAGTACGTGAGTTTC-1,11.540202,13.95896,s1d1
GTAGTACGTGCGTTTA-1,5.69951,-1.4998448,s1d1
GTAGTACTCCGAGCTG-1,2.4435778,17.2954,s1d1
GTATTGGAGGCATCTT-1,11.344283,7.0312843,s1d1
GTATTGGCAACCGCTG-1,5.917461,-4.642804,s1d1
GTATTGGGTCCAATCA-1,10.052262,18.625105,s1d1
GTATTGGGTGAGAACC-1,1.9969283,7.599778,s1d1
GTATTGGGTTCCAGGC-1,11.371613,10.530316,s1d1
GTATTTCAGAGGCGGA-1,5.7123685,-5.265178,s1d1
GTATTTCAGTGAATAC-1,-5.8654385,8.655575,s1d1
GTATTTCCAATAGTAG-1,5.585966,19.6894,s1d1
GTATTTCCACCCATAA-1,12.266054,7.682176,s1d1
GTATTTCCAGGAATAT-1,7.7003784,-4.8103924,s1d1
GTATTTCGTGAGTGAC-1,10.287188,5.6053214,s1d1
GTATTTCGTGCACAAG-1,11.269266,10.155357,s1d1
GTATTTCTCAACTGGT-1,-0.37387142,2.829912,s1d1
GTATTTCTCCCGAGTG-1,6.279452,-2.4262555,s1d1
GTCAAACAGGCACAAC-1,9.917606,6.8555026,s1d1
GTCAAACCAAGAGCTG-1,4.9485703,16.629175,s1d1
GTCAAACCAGAGAAAG-1,2.1715372,16.834715,s1d1
GTCAAACCATAGACTC-1,14.088035,8.526966,s1d1
GTCAAACCATGGCTGC-1,1.6338087,8.597842,s1d1
GTCAAACGTCCTCATC-1,14.351658,10.614798,s1d1
GTCAAACTCCAGTACA-1,-5.820417,8.624235,s1d1
GTCAAACTCTCCTGTG-1,-4.5358453,4.0263495,s1d1
GTCAAACTCTTAAGGC-1,12.509989,8.007142,s1d1
GTCAAGTCATTCTCTA-1,1.5709692,4.7151527,s1d1
GTCAAGTTCAGAGTTC-1,9.559304,1.7763704,s1d1
GTCAAGTTCATTTACC-1,12.0756035,14.397731,s1d1
GTCAAGTTCTTACCAT-1,1.488326,4.338374,s1d1
GTCACGGAGGTACAAT-1,10.649887,14.125175,s1d1
GTCACGGAGTATCCTG-1,11.6542845,7.5985126,s1d1
GTCACGGCACGTCGGT-1,-1.0705668,5.393612,s1d1
GTCACGGCAGGCATGA-1,-5.33926,8.705298,s1d1
GTCACGGCATGACTTG-1,14.490798,8.372553,s1d1
GTCACGGGTAGCGCTC-1,11.781586,9.449825,s1d1
GTCACGGGTTGTTTGG-1,2.9877875,18.08785,s1d1
GTCACGGTCACCGGTG-1,8.652228,2.1437871,s1d1
GTCACGGTCGTAGTCA-1,2.3679433,18.054543,s1d1
GTCACGGTCGTCACCT-1,2.9477792,5.029774,s1d1
GTCACTCAGCATGCGA-1,6.080257,-5.4231725,s1d1
GTCACTCCAGACACCC-1,11.481019,8.575869,s1d1
GTCACTCGTCTACGAT-1,10.120633,10.833094,s1d1
GTCACTCTCCTCGATC-1,11.898425,12.651645,s1d1
GTCACTCTCGTTCCTG-1,5.7635655,-4.962341,s1d1
GTCACTCTCTCGGCTT-1,6.2519054,-5.158634,s1d1
GTCAGCGAGATAACGT-1,13.700244,6.611767,s1d1
GTCAGCGAGGATATGT-1,3.9999716,14.4135685,s1d1
GTCAGCGCAAGACGAC-1,7.006033,17.849512,s1d1
GTCAGCGCAAGAGAGA-1,11.791625,10.429617,s1d1
GTCAGCGCACAAATAG-1,5.1152444,20.239958,s1d1
GTCAGCGCACCAGTTA-1,3.7587385,17.44366,s1d1
GTCAGCGCATTGAAAG-1,12.043161,8.772008,s1d1
GTCAGCGGTCAAGTTC-1,-4.5259295,10.546114,s1d1
GTCAGCGGTTCGTACA-1,16.51052,8.779191,s1d1
GTCAGCGTCCACCTCA-1,13.515502,5.6599092,s1d1
GTCAGCGTCCTCTAGC-1,9.874237,-0.28410727,s1d1
GTCATCCAGAAATTGC-1,5.766321,18.819023,s1d1
GTCATCCAGCGTTGTT-1,12.315827,13.560431,s1d1
GTCATCCAGGTAACTA-1,5.450302,6.8586063,s1d1
GTCATCCCAACCAGAG-1,8.272973,-1.4382133,s1d1
GTCATCCGTGCATGTT-1,-5.4171257,6.9248147,s1d1
GTCATCCTCAGCCCAG-1,13.148701,5.5269046,s1d1
GTCATCCTCCGCTTAC-1,-1.934302,4.797659,s1d1
GTCATCCTCGTCACCT-1,12.309175,11.051846,s1d1
GTCATCCTCTGTCGCT-1,15.485453,8.205153,s1d1
GTCATGAAGCAAGTCG-1,2.5948787,17.759941,s1d1
GTCATGAAGCATCGAG-1,12.013929,13.236439,s1d1
GTCATGACAATTGCAC-1,7.7642355,4.61598,s1d1
GTCATGACAGAGTCAG-1,14.229843,9.589277,s1d1
GTCATGACATGTTCAG-1,11.473289,13.628858,s1d1
GTCATGAGTCTATGAC-1,3.6473873,17.77643,s1d1
GTCATGATCAACTACG-1,8.618317,2.1352718,s1d1
GTCATGATCGCTTTAT-1,15.240093,9.202456,s1d1
GTCATGATCTGTGTGA-1,11.152582,11.245451,s1d1
GTCATTTAGGTCGTGA-1,10.811572,13.590606,s1d1
GTCATTTAGTACCATC-1,4.012465,14.28833,s1d1
GTCATTTCAACCTAAC-1,5.1257343,20.046997,s1d1
GTCATTTCACTACCCT-1,5.1409307,18.58207,s1d1
GTCATTTGTCCAGTTA-1,-2.433753,4.672327,s1d1
GTCCACTAGTCTTCCC-1,10.537101,11.726973,s1d1
GTCCACTCACCATATG-1,9.359044,2.2685351,s1d1
GTCCACTCACGAGGTA-1,6.759629,-5.5856557,s1d1
GTCCACTCAGGATGAC-1,2.5756538,16.849098,s1d1
GTCCACTGTACTCGTA-1,6.7487736,-3.468629,s1d1
GTCCACTGTCAGTCGC-1,4.8871493,19.812479,s1d1
GTCCACTGTCTGCGCA-1,-5.5357327,10.027743,s1d1
GTCCACTGTTACCCAA-1,14.478344,6.547585,s1d1
GTCCACTGTTAGGGAC-1,5.5620775,-4.7390947,s1d1
GTCCACTGTTGAGAGC-1,8.528706,1.022613,s1d1
GTCCACTTCGGTGAAG-1,2.50987,14.108631,s1d1
GTCCCATAGACATGCG-1,12.073245,12.059656,s1d1
GTCCCATCAGTCGAGA-1,15.440683,8.735888,s1d1
GTCCCATCATATTCGG-1,15.73391,8.660209,s1d1
GTCCCATTCGTCGACG-1,12.571683,6.3696246,s1d1
GTCCTCAAGCGATGAC-1,8.041131,-0.9057822,s1d1
GTCCTCAAGGCCTGCT-1,8.482576,0.9528026,s1d1
GTCCTCACAATTAGGA-1,-3.4734163,8.883858,s1d1
GTCCTCAGTAGATTAG-1,16.011126,8.568704,s1d1
GTCCTCAGTGGAACCA-1,11.594449,11.13359,s1d1
GTCCTCATCCTCACCA-1,10.655813,10.708289,s1d1
GTCGAATAGAAGCGGG-1,1.9400947,4.945888,s1d1
GTCGAATAGGGCAAGG-1,-5.761045,7.0025253,s1d1
GTCGAATAGTTTCGGT-1,4.376052,18.86073,s1d1
GTCGAATCAATCGCAT-1,5.571956,19.722672,s1d1
GTCGAATCAGCAGTGA-1,10.499494,9.907519,s1d1
GTCGAATCATACTTTC-1,4.0816875,5.2074594,s1d1
GTCGAATGTATGTCCA-1,2.7761874,18.140974,s1d1
GTCGAATGTTACGGAG-1,10.238941,14.563242,s1d1
GTCGAATTCACGTCCT-1,10.093403,18.408834,s1d1
GTCGAATTCACTTCTA-1,10.380999,4.6740465,s1d1
GTCGAATTCAGCTGAT-1,5.4398437,19.887352,s1d1
GTCGCGAAGTTGAATG-1,-6.121199,8.252876,s1d1
GTCGCGACACTAGTAC-1,13.857616,9.958125,s1d1
GTCGCGAGTAAGATAC-1,10.610964,6.531544,s1d1
GTCGCGAGTACCCAGC-1,7.4360538,-3.0854785,s1d1
GTCGCGAGTATCGAGG-1,9.535249,5.0763607,s1d1
GTCGCGAGTGAGCGAT-1,10.797738,8.260577,s1d1
GTCGCGAGTTAGGGAC-1,6.565067,-4.722516,s1d1
GTCGCGAGTTCGTAAC-1,3.3569252,4.8537745,s1d1
GTCGCGATCAATGTCG-1,6.6488442,17.88168,s1d1
GTCGCGATCACTACTT-1,11.853375,13.914949,s1d1
GTCGCGATCGCTCTAC-1,-4.417203,7.9506745,s1d1
GTCGCGATCGGCATTA-1,9.978443,-4.550069,s1d1
GTCGCGATCTTCCGTG-1,15.408228,8.785906,s1d1
GTCGTAAAGAGGATGA-1,2.3408673,16.82612,s1d1
GTCGTAAAGCCAAGGT-1,7.463149,-3.240124,s1d1
GTCGTAAAGTATAGGT-1,5.168078,19.842857,s1d1
GTCGTAACAACAAGAT-1,6.3953485,3.2429345,s1d1
GTCGTAAGTACCCACG-1,11.069776,12.819782,s1d1
GTCGTAAGTATGTCAC-1,10.829656,12.268265,s1d1
GTCGTAATCCCAGTGG-1,-3.6207414,7.6679587,s1d1
GTCGTAATCGACATCA-1,4.7152996,16.540033,s1d1
GTCGTTCAGCACGTCC-1,3.8081875,18.23984,s1d1
GTCGTTCAGCGCCGTT-1,12.529022,11.319882,s1d1
GTCGTTCAGGTAAACT-1,5.2374344,20.137566,s1d1
GTCGTTCAGTAGCCAG-1,10.405944,11.312811,s1d1
GTCGTTCCAATGCAAA-1,10.154718,7.532505,s1d1
GTCGTTCCAGAGTTCT-1,10.948593,10.650418,s1d1
GTCGTTCGTAACCCTA-1,9.022836,-4.721443,s1d1
GTCGTTCGTCCGCAGT-1,2.0688004,5.0920444,s1d1
GTCGTTCGTTAACCTG-1,5.2240105,-4.142034,s1d1
GTCGTTCTCATTCCTA-1,13.506732,7.605427,s1d1
GTCGTTCTCCACGTGG-1,12.342449,12.6858425,s1d1
GTCGTTCTCTCGGTAA-1,5.5767026,-3.1813235,s1d1
GTCTACCAGACTCTAC-1,-4.329924,9.272837,s1d1
GTCTACCAGAGTGTGC-1,10.637879,11.86633,s1d1
GTCTACCAGGACACTG-1,7.6231647,-3.3506284,s1d1
GTCTACCCAGGCATGA-1,4.0545864,5.7268257,s1d1
GTCTACCGTCGAGATG-1,-5.734285,8.203127,s1d1
GTCTACCTCAACTGGT-1,-1.5751961,4.439671,s1d1
GTCTACCTCGCTGTTC-1,3.7065737,15.2916975,s1d1
GTCTACCTCTCTCAAT-1,6.8228073,-4.3305674,s1d1
GTCTAGAAGCCATTTG-1,11.232321,14.368913,s1d1
GTCTAGAAGGCCCACT-1,11.313755,10.779904,s1d1
GTCTAGACAATTTCCT-1,10.237291,18.859556,s1d1
GTCTAGACACGGTCTG-1,9.501179,1.6589072,s1d1
GTCTAGACAGGCACAA-1,5.412767,16.046991,s1d1
GTCTAGACAGTATTCG-1,4.246552,20.222244,s1d1
GTCTAGAGTAAGGTCG-1,8.145179,-4.2458854,s1d1
GTCTAGAGTCAATCTG-1,-2.79772,4.234472,s1d1
GTCTAGAGTTGTTGCA-1,12.548831,10.910322,s1d1
GTCTAGATCGTGCGAC-1,10.45607,6.6758122,s1d1
GTCTAGATCTGAGAGG-1,12.709914,12.417019,s1d1
GTCTCACAGATGGTCG-1,16.907686,8.460745,s1d1
GTCTCACAGCTAAATG-1,2.2515178,16.909279,s1d1
GTCTCACAGTCGTCTA-1,2.5483544,5.2575073,s1d1
GTCTCACCAATTGCCA-1,10.897168,6.4564238,s1d1
GTCTCACCAGAACTAA-1,5.84909,16.87974,s1d1
GTCTCACCATCTGTTT-1,10.685845,10.980049,s1d1
GTCTCACCATTGCCTC-1,13.541368,6.731268,s1d1
GTCTCACGTATATGGA-1,6.8516808,-5.431273,s1d1
GTCTCACGTCAAGCGA-1,11.389667,7.252666,s1d1
GTCTCACGTCATCGGC-1,7.9120064,-3.6326678,s1d1
GTCTCACTCACCCATC-1,4.8472805,19.909986,s1d1
GTCTCACTCAGACATC-1,4.395774,17.299698,s1d1
GTCTCACTCCCAGGAC-1,7.764844,-3.3136344,s1d1
GTCTCACTCTCACGAA-1,1.7993333,4.6622686,s1d1
GTCTGTCAGACCTGGA-1,9.612111,1.6979369,s1d1
GTCTGTCAGCCGAATG-1,-5.5034957,9.532199,s1d1
GTCTGTCAGGGACAGG-1,2.9700081,7.352092,s1d1
GTCTGTCAGGTGGCTA-1,-1.7267584,5.156662,s1d1
GTCTGTCAGTTGGGAC-1,4.7328906,18.563272,s1d1
GTCTGTCCAAATCAGA-1,15.821225,6.8813825,s1d1
GTCTGTCCAATAGTAG-1,8.798734,1.5532111,s1d1
GTCTGTCCATACGCAT-1,11.679982,8.137912,s1d1
GTCTGTCCATCCCGTT-1,3.1948073,7.9447536,s1d1
GTCTGTCGTATCAGCT-1,3.1031978,4.682595,s1d1
GTCTGTCGTGGTTTGT-1,9.7102,5.2915306,s1d1
GTCTGTCTCACTTTGT-1,14.760589,5.6643505,s1d1
GTCTGTCTCCTAGCCT-1,6.7599483,18.239664,s1d1
GTCTGTCTCTCGTGAA-1,5.36334,17.25428,s1d1
GTCTTTAAGATGATTG-1,4.6211815,17.803175,s1d1
GTCTTTACAGCCCAGT-1,6.3137865,5.1405697,s1d1
GTCTTTACATCCGAAT-1,5.042396,17.830774,s1d1
GTCTTTAGTAAGTCAA-1,10.876018,8.535994,s1d1
GTCTTTAGTAGTTACC-1,1.2805517,4.3097568,s1d1
GTCTTTAGTCCGGCAT-1,2.7432523,7.2523518,s1d1
GTCTTTAGTGCATTAC-1,11.165773,7.6431417,s1d1
GTCTTTATCAAGCTTG-1,11.283245,6.840479,s1d1
GTCTTTATCCGAGCTG-1,16.912771,8.485509,s1d1
GTCTTTATCCTATTTG-1,-3.9216762,6.8279176,s1d1
GTCTTTATCGCTAAAC-1,11.344762,13.395455,s1d1
GTCTTTATCGCTGCGA-1,10.652324,8.215506,s1d1
GTGACGCAGACCTCAT-1,14.612603,8.256752,s1d1
GTGACGCAGTAGAATC-1,-6.1268244,8.471804,s1d1
GTGACGCAGTGGCAGT-1,10.831736,12.855213,s1d1
GTGACGCAGTGGTTAA-1,8.97914,1.874901,s1d1
GTGACGCAGTTGGGAC-1,4.8658137,18.664986,s1d1
GTGACGCCAAGCCTGC-1,11.076122,17.33029,s1d1
GTGACGCCACGCTGCA-1,13.703287,13.0201,s1d1
GTGACGCCATCAGCTA-1,-4.761156,7.909208,s1d1
GTGACGCGTGCCCACA-1,16.143753,8.846981,s1d1
GTGACGCGTTCGTAAC-1,-1.9422513,4.6814866,s1d1
GTGACGCTCTAGTGTG-1,3.3510685,5.415466,s1d1
GTGAGCCAGCAACTCT-1,5.1583138,-4.908656,s1d1
GTGAGCCAGCCATCCG-1,12.588031,11.575748,s1d1
GTGAGCCAGCTGGTGA-1,12.780215,12.02478,s1d1
GTGAGCCAGTCACTAC-1,2.8527834,4.7417,s1d1
GTGAGCCCAGTCCCGA-1,2.0865963,3.9662092,s1d1
GTGAGCCGTACTCCCT-1,9.753177,5.1675625,s1d1
GTGAGCCGTTGGCCGT-1,5.317907,16.209164,s1d1
GTGAGCCTCAGTCACA-1,5.241533,16.43253,s1d1
GTGAGCCTCCTCACGT-1,11.494209,12.062042,s1d1
GTGAGCCTCTAGGAAA-1,-5.202747,7.7565594,s1d1
GTGAGCCTCTTCGTAT-1,2.8396723,17.137608,s1d1
GTGAGGAAGCAGGCTA-1,5.712631,18.556953,s1d1
GTGAGGAAGCTCGTGC-1,10.550001,7.5316133,s1d1
GTGAGGACAGATCCTA-1,-4.1125984,8.087469,s1d1
GTGAGGACATCCGGCA-1,4.249023,20.195238,s1d1
GTGAGGAGTGGGTCAA-1,4.921904,-4.631899,s1d1
GTGAGGAGTTTAGTCG-1,12.687504,6.0488186,s1d1
GTGAGGATCATTTCCA-1,-5.054441,10.823113,s1d1
GTGAGGATCGCTACAA-1,9.245637,1.779528,s1d1
GTGAGGATCTCGCGTT-1,5.9138713,-4.5571775,s1d1
GTGAGTTAGAAGTCAT-1,5.503979,6.7984657,s1d1
GTGAGTTAGCTCGAAG-1,12.2774515,10.045119,s1d1
GTGAGTTAGGCTGGAT-1,-4.2842226,7.3500557,s1d1
GTGAGTTCAAATCAGA-1,9.984539,11.074072,s1d1
GTGAGTTGTAACATAG-1,11.175542,7.4775,s1d1
GTGAGTTGTCACTCGG-1,11.696313,10.815212,s1d1
GTGAGTTGTTAAGACA-1,9.928792,4.6086354,s1d1
GTGATGTAGAACCCGA-1,16.288946,8.840731,s1d1
GTGATGTAGCGCCATC-1,10.440403,5.0048065,s1d1
GTGATGTCAGAAACCG-1,5.403049,16.420301,s1d1
GTGATGTCAGGCTATT-1,-4.276633,7.3911443,s1d1
GTGATGTCAGTTAAAG-1,12.226715,7.89866,s1d1
GTGATGTTCCTTGAAG-1,7.16437,-3.1834855,s1d1
GTGATGTTCGTAGTGT-1,-0.3368935,3.545849,s1d1
GTGATGTTCGTTCCTG-1,12.666923,5.6760592,s1d1
GTGCACGCAAGAAATC-1,10.876485,12.51582,s1d1
GTGCACGCACAGTACT-1,11.672206,11.928327,s1d1
GTGCACGCAGAAACCG-1,7.047501,-5.1631775,s1d1
GTGCACGGTGGACAGT-1,2.485237,6.6707406,s1d1
GTGCACGTCATGCCAA-1,2.5419953,16.523354,s1d1
GTGCACGTCCATACTT-1,5.543037,-2.4657922,s1d1
GTGCACGTCTGAGGTT-1,4.4143214,18.516064,s1d1
GTGCAGCAGATGCGAC-1,11.276334,11.199039,s1d1
GTGCAGCAGGTGGCTA-1,9.904892,4.4655933,s1d1
GTGCAGCCAATGGCAG-1,2.4931324,8.361652,s1d1
GTGCAGCGTCAATCTG-1,6.7577434,-4.437184,s1d1
GTGCAGCGTTCTCCTG-1,1.6506234,5.300081,s1d1
GTGCAGCTCGATCCCT-1,8.775407,1.0946995,s1d1
GTGCAGCTCGGATTAC-1,11.94293,6.493511,s1d1
GTGCGTGAGGTGATAT-1,11.721607,13.534904,s1d1
GTGCGTGAGTGCCGAA-1,11.954273,8.718504,s1d1
GTGCGTGCAAGAGGCT-1,7.1423383,-4.7999983,s1d1
GTGCGTGCAGAATGTA-1,9.780732,13.351501,s1d1
GTGCGTGGTCGTGTTA-1,9.627293,13.269973,s1d1
GTGCGTGTCCGATCGG-1,9.153826,3.4867282,s1d1
GTGCGTGTCGTGTGGC-1,-4.0697927,3.8010263,s1d1
GTGCTGGCAACGCATT-1,-1.6096075,6.3169265,s1d1
GTGCTGGCAATCTCGA-1,10.604045,13.2242775,s1d1
GTGCTGGCACGGTGTC-1,-4.65366,9.436592,s1d1
GTGCTGGCAGCAATTC-1,10.685818,11.220961,s1d1
GTGCTGGCAGGGTTGA-1,13.940379,7.708652,s1d1
GTGCTGGCATAGTCGT-1,12.624569,11.988995,s1d1
GTGCTGGGTTGGCCTG-1,11.927958,9.93732,s1d1
GTGCTGGTCAAGAAAC-1,13.096274,6.7449245,s1d1
GTGCTGGTCCGCAGTG-1,4.05139,5.555265,s1d1
GTGCTGGTCGGTATGT-1,2.7016408,18.054428,s1d1
GTGCTGGTCTAGAACC-1,9.693134,4.865229,s1d1
GTGCTTCAGCGACAGT-1,1.2560182,6.1863203,s1d1
GTGCTTCCAATGTTGC-1,16.310144,5.060779,s1d1
GTGCTTCGTCTATGAC-1,7.956132,-3.9734762,s1d1
GTGCTTCGTGTTCGTA-1,13.13245,7.3254066,s1d1
GTGCTTCTCGCCACTT-1,9.607937,5.237533,s1d1
GTGCTTCTCGTCGGGT-1,-5.6377125,8.427626,s1d1
GTGCTTCTCTCCTGAC-1,9.967854,-4.371102,s1d1
GTGGAAGAGGATGGCT-1,11.530394,9.4773245,s1d1
GTGGAAGAGTTCATCG-1,15.88902,4.9294624,s1d1
GTGGAAGCAAACCACT-1,10.484759,17.021439,s1d1
GTGGAAGCAATCCTAG-1,1.0072317,4.7901325,s1d1
GTGGAAGCATGTCGTA-1,12.42979,12.547835,s1d1
GTGGAAGGTCATACCA-1,-5.135625,3.9563017,s1d1
GTGGAAGGTGCTATTG-1,10.556424,13.240078,s1d1
GTGGAAGTCTAGTCAG-1,6.0509734,15.487888,s1d1
GTGGAGAAGACACACG-1,10.423032,10.403587,s1d1
GTGGAGACAGGCGTTC-1,7.1027565,-3.314209,s1d1
GTGGAGAGTCCGACGT-1,15.048462,8.826777,s1d1
GTGGAGAGTGAGGAAA-1,11.085497,6.998406,s1d1
GTGGAGAGTGATGGCA-1,2.0249834,17.322788,s1d1
GTGGAGATCCCATACC-1,6.0657396,4.8923,s1d1
GTGGCGTAGAGGTATT-1,-0.95502096,4.937511,s1d1
GTGGCGTAGCTGAGCA-1,10.731259,13.308743,s1d1
GTGGCGTAGCTTCGTA-1,6.70829,-3.3298593,s1d1
GTGGCGTAGTGCACCC-1,5.166285,18.891037,s1d1
GTGGCGTCAATAGGGC-1,11.768888,7.131512,s1d1
GTGGCGTCAGCCTTCT-1,11.433715,6.7135944,s1d1
GTGGCGTCAGGCGATA-1,5.2436275,-2.4066024,s1d1
GTGGCGTCATTGAAAG-1,16.142996,9.09288,s1d1
GTGGCGTGTGAGTAGC-1,3.6799355,18.251547,s1d1
GTGGCGTTCAAAGGTA-1,13.073987,6.9126854,s1d1
GTGGCGTTCCACACCT-1,-4.868657,6.792258,s1d1
GTGGCGTTCTCGCTCA-1,5.405452,17.30634,s1d1
GTGGGAAAGGTGCTTT-1,8.879796,2.458455,s1d1
GTGGGAAAGTGCAGGT-1,5.8729653,-4.8400536,s1d1
GTGGGAAGTCCGATCG-1,2.2799273,6.217189,s1d1
GTGGTTAAGACTCATC-1,9.939889,-4.6614604,s1d1
GTGGTTAAGAGTCCGA-1,8.866769,7.9158072,s1d1
GTGGTTAAGGACGGAG-1,11.436524,12.442643,s1d1
GTGGTTACAACCAATC-1,11.628045,12.905068,s1d1
GTGGTTACAGTCACGC-1,4.9358015,19.648306,s1d1
GTGGTTATCCGAGTGC-1,12.157902,6.0335736,s1d1
GTGGTTATCGCAGTTA-1,5.483155,-4.298575,s1d1
GTGGTTATCTTAGGAC-1,3.3075783,7.4666,s1d1
GTGTAACAGACGCAGT-1,2.2731247,17.279379,s1d1
GTGTAACAGCATGAAT-1,11.03794,-1.1355728,s1d1
GTGTAACAGCTGCCAC-1,-6.3703413,8.555054,s1d1
GTGTAACCAATCGAAA-1,8.98155,5.1810336,s1d1
GTGTAACCAGGACTTT-1,13.808126,7.4391656,s1d1
GTGTAACGTATGGTAA-1,7.0301437,-5.5307956,s1d1
GTGTAACGTGCCGTAC-1,6.596307,2.3672097,s1d1
GTGTAACTCCCAGGAC-1,-5.731613,9.957046,s1d1
GTGTAACTCCTAAACG-1,-4.5754557,9.325034,s1d1
GTGTAACTCCTTGACC-1,5.610114,16.554502,s1d1
GTGTCCTCACACCGCA-1,7.270498,-4.891487,s1d1
GTGTCCTCACACCTAA-1,10.527747,7.6785307,s1d1
GTGTCCTCACCAGGTC-1,14.2887335,10.635249,s1d1
GTGTCCTCACTCTCGT-1,5.1420674,19.560188,s1d1
GTGTCCTCAGTCTTCC-1,13.346748,13.198499,s1d1
GTGTCCTGTCACGCTG-1,2.0597217,7.916926,s1d1
GTGTCCTGTGATTCAC-1,2.6878724,8.110558,s1d1
GTGTCCTTCCGGGACT-1,1.0446054,5.57964,s1d1
GTGTCCTTCGAGAGAC-1,2.4977684,4.40826,s1d1
GTGTCCTTCGATACAC-1,13.318946,13.637879,s1d1
GTGTCCTTCGGTCTGG-1,6.418664,-5.2514176,s1d1
GTGTGATAGAATTGTG-1,11.48463,14.420107,s1d1
GTGTGATCAAACCACT-1,10.610354,8.171905,s1d1
GTGTGATCAGCGAGTA-1,16.128214,8.93917,s1d1
GTGTGATCATGAAGCG-1,-5.681397,7.1953654,s1d1
GTGTGATGTATCACGT-1,5.43243,-3.0983884,s1d1
GTGTGATGTGCCGTTG-1,10.717627,10.159544,s1d1
GTGTGGCAGAACAAGG-1,5.656353,-5.5284643,s1d1
GTGTGGCAGCCAAGCA-1,3.3834996,13.488266,s1d1
GTGTGGCAGTGCCTCG-1,11.086721,5.927496,s1d1
GTGTGGCAGTTCGGTT-1,11.614765,13.38603,s1d1
GTGTGGCCACCTGCAG-1,6.0166144,-2.3889086,s1d1
GTGTGGCGTAACATAG-1,11.560157,10.0977745,s1d1
GTGTGGCGTAATTGGA-1,10.631495,13.282716,s1d1
GTGTGGCGTGGTTCTA-1,14.131681,10.949252,s1d1
GTGTGGCGTTGGATCT-1,10.213992,12.647465,s1d1
GTGTGGCTCGAAGCCC-1,11.307419,7.435899,s1d1
GTGTGGCTCGACGCGT-1,12.278345,8.598695,s1d1
GTGTTAGAGAGATGCC-1,10.577105,5.401692,s1d1
GTGTTAGAGTGATGGC-1,3.6364632,6.1903887,s1d1
GTGTTAGCAGGTATGG-1,12.790576,6.046463,s1d1
GTGTTAGCATAGAATG-1,13.662754,5.888024,s1d1
GTGTTAGCATGTGCCG-1,2.113501,17.193247,s1d1
GTGTTAGGTTTAGTCG-1,10.038263,10.885245,s1d1
GTGTTAGTCCGCACTT-1,-5.449489,10.963513,s1d1
GTGTTAGTCGTCAAAC-1,-4.058198,6.6540494,s1d1
GTGTTAGTCGTTTACT-1,5.5204287,16.52937,s1d1
GTGTTCCAGCGAATGC-1,-5.312531,7.365692,s1d1
GTGTTCCAGGCGTTGA-1,10.99421,8.343334,s1d1
GTGTTCCCAACCGGAA-1,4.3521433,19.295748,s1d1
GTGTTCCCACCGGCTA-1,1.511555,4.1202207,s1d1
GTGTTCCGTATTCCGA-1,5.234946,-4.533099,s1d1
GTGTTCCGTCCAGCCA-1,-0.3164141,5.281879,s1d1
GTGTTCCTCAGTCTTT-1,14.795278,9.53336,s1d1
GTTACAGCACTACACA-1,11.764595,12.324674,s1d1
GTTACAGCAGCCGTTG-1,12.218852,9.098139,s1d1
GTTACAGCATAATGCC-1,9.035913,2.077549,s1d1
GTTACAGCATGACCCG-1,5.254312,16.412066,s1d1
GTTACAGCATTCTCTA-1,8.590275,1.0590022,s1d1
GTTACAGGTGCCTATA-1,-1.8245578,4.047628,s1d1
GTTACAGGTGGTCTTA-1,10.562234,11.852716,s1d1
GTTACCCAGCATCGAG-1,4.20246,19.748947,s1d1
GTTACCCAGCCATTTG-1,11.594146,9.606543,s1d1
GTTACCCAGCCGATAG-1,6.5844026,5.94954,s1d1
GTTACCCAGTGCAACG-1,4.170292,5.672739,s1d1
GTTACCCCAATAACGA-1,9.918316,4.387568,s1d1
GTTACCCCAATGGCAG-1,13.32055,9.208446,s1d1
GTTACCCCATGTCGTA-1,-6.093374,8.612568,s1d1
GTTACCCGTGTCCAAT-1,6.3504486,-3.8342779,s1d1
GTTACCCTCAGTCACA-1,10.216591,17.692015,s1d1
GTTACGAAGACATAAC-1,6.481328,-4.7350874,s1d1
GTTACGAAGTAAGCAT-1,6.11583,-1.667163,s1d1
GTTACGAGTACGGGAT-1,12.079094,14.420966,s1d1
GTTACGAGTGCGTGCT-1,16.816893,6.4513245,s1d1
GTTACGAGTGTCATTG-1,16.48088,5.5873504,s1d1
GTTACGAGTTCGCGTG-1,13.228227,7.452314,s1d1
GTTACGATCAAGTTGC-1,3.733293,13.479311,s1d1
GTTACGATCAATCCGA-1,8.360192,0.8535627,s1d1
GTTAGACAGACTGTTC-1,5.0969396,-4.1511583,s1d1
GTTAGACAGCTGTCCG-1,2.5575988,4.268169,s1d1
GTTAGACAGGCCGCTT-1,12.991264,11.827704,s1d1
GTTAGACAGTCGCCAC-1,12.08757,9.722686,s1d1
GTTAGACCAGCACACC-1,5.435436,19.241562,s1d1
GTTAGACGTAGGGAGG-1,7.325421,2.7945497,s1d1
GTTAGACGTAGTGTGG-1,3.5329714,16.337767,s1d1
GTTAGACGTCGTCAGC-1,10.22667,5.551062,s1d1
GTTAGACGTGACACGA-1,10.191187,7.217372,s1d1
GTTAGACTCATCTGTT-1,2.7396555,14.542108,s1d1
GTTAGTGAGACCTGGA-1,12.690781,13.488393,s1d1
GTTAGTGAGTGAGTGC-1,4.6984706,4.448828,s1d1
GTTAGTGCAAGGCCTC-1,9.829008,6.585564,s1d1
GTTAGTGCACGACAAG-1,1.6094923,7.477088,s1d1
GTTAGTGCAGGCATTT-1,-4.760659,7.21812,s1d1
GTTAGTGCATCTCATT-1,3.2162955,13.802826,s1d1
GTTAGTGCATGGATCT-1,12.104071,8.182867,s1d1
GTTAGTGGTATACCTG-1,2.7054193,4.8763876,s1d1
GTTAGTGGTGGGACAT-1,7.1507936,2.8255057,s1d1
GTTAGTGTCAGCTGTA-1,10.361518,12.614132,s1d1
GTTAGTGTCATCACAG-1,10.916575,13.355431,s1d1
GTTAGTGTCCAGTTCC-1,10.969553,11.166169,s1d1
GTTAGTGTCGACATTG-1,3.532408,18.37754,s1d1
GTTAGTGTCGCGTCGA-1,-5.763149,9.107594,s1d1
GTTAGTGTCTGCGAGC-1,15.505976,8.832276,s1d1
GTTATGGAGATTAGAC-1,-1.8882567,4.9220157,s1d1
GTTATGGAGGCTTAAA-1,13.225259,9.67238,s1d1
GTTATGGAGGTCCAGA-1,5.4281373,16.311357,s1d1
GTTATGGCAGGCACAA-1,2.357077,17.918018,s1d1
GTTATGGCATTGACTG-1,4.129091,14.3042345,s1d1
GTTATGGGTCTCCCTA-1,5.574343,16.780548,s1d1
GTTATGGGTGATTCAC-1,6.621095,-4.4434934,s1d1
GTTCATTAGCAAGGAA-1,-0.79000425,4.5073047,s1d1
GTTCATTTCAATCCGA-1,10.954503,11.1803465,s1d1
GTTCCGTAGCAGGTCA-1,6.3585353,-5.177299,s1d1
GTTCCGTAGTGGTTAA-1,4.3295555,5.619577,s1d1
GTTCCGTAGTTCCATG-1,-3.298869,9.716485,s1d1
GTTCCGTCAAACCGGA-1,9.101781,3.4251034,s1d1
GTTCCGTCACAGCCTG-1,6.8303576,-4.37053,s1d1
GTTCCGTCAGCGGATA-1,10.12037,18.260609,s1d1
GTTCCGTTCACAAGAA-1,5.090244,-4.337647,s1d1
GTTCCGTTCTTTGCAT-1,8.780016,1.5452185,s1d1
GTTCGCTAGGAATCGC-1,11.933362,12.539128,s1d1
GTTCGCTAGTACTGTC-1,12.855694,12.691126,s1d1
GTTCGCTAGTAGGATT-1,0.22506295,3.1188588,s1d1
GTTCGCTCACCAGACC-1,11.073277,13.873235,s1d1
GTTCGCTTCACGATAC-1,3.264747,17.735067,s1d1
GTTCGCTTCGTAACTG-1,8.284717,7.7641373,s1d1
GTTCTATAGCTCCGAC-1,8.79996,1.198639,s1d1
GTTCTATAGGATAATC-1,4.8663816,-2.9675634,s1d1
GTTCTATAGGTAAGTT-1,2.432226,18.126461,s1d1
GTTGAACAGACATAGT-1,-6.0675044,9.1722975,s1d1
GTTGAACAGCATCTTG-1,4.507938,18.890736,s1d1
GTTGAACAGTAGAATC-1,9.409917,5.336858,s1d1
GTTGAACCACACTTAG-1,-6.01175,7.643256,s1d1
GTTGAACCACCCTAGG-1,13.731076,10.058356,s1d1
GTTGAACGTATGGGAC-1,12.700909,7.244391,s1d1
GTTGAACGTGAACGGT-1,4.029943,19.578491,s1d1
GTTGAACTCAAGGTGG-1,-4.9724655,10.897222,s1d1
GTTGAACTCCTGTAGA-1,13.383848,12.557885,s1d1
GTTGAACTCTGCATAG-1,10.556515,5.2452655,s1d1
GTTGCGGAGAGACAAG-1,10.195498,12.719199,s1d1
GTTGCGGAGCAAATCA-1,4.960982,19.244839,s1d1
GTTGCGGCAAGTCGTT-1,5.494871,-1.7534598,s1d1
GTTGCGGCAGACAAAT-1,11.414285,14.061962,s1d1
GTTGCGGCATCGATCA-1,2.5251608,6.901771,s1d1
GTTGCGGCATGACGTT-1,5.394235,18.624336,s1d1
GTTGCGGCATTGTCGA-1,5.7061806,15.954549,s1d1
GTTGCGGGTGACACGA-1,10.318418,12.689321,s1d1
GTTGCGGTCCAAAGGG-1,-5.1462955,5.0833344,s1d1
GTTGCGGTCTCGGCTT-1,-4.463712,7.969836,s1d1
GTTGCTCAGACATATG-1,5.561372,-1.9461632,s1d1
GTTGCTCAGTACAGCG-1,11.944641,12.850163,s1d1
GTTGCTCAGTTTGCTG-1,11.666913,10.59977,s1d1
GTTGCTCAGTTTGGCT-1,6.9161763,17.838839,s1d1
GTTGCTCTCAACCGAT-1,13.893294,6.2162337,s1d1
GTTGCTCTCATTATCC-1,6.4090014,-2.7629454,s1d1
GTTGCTCTCCGTAATG-1,11.42644,10.637406,s1d1
GTTGCTCTCGGCTGAC-1,11.585313,7.3408513,s1d1
GTTGTAGAGCGTGCTC-1,10.728366,5.5016847,s1d1
GTTGTAGAGGGCAGTT-1,8.005963,4.3868556,s1d1
GTTGTAGAGTTCTCTT-1,12.057597,12.2844305,s1d1
GTTGTAGCAATAACGA-1,10.552524,5.638352,s1d1
GTTGTAGCACGCCAGT-1,4.227006,16.807148,s1d1
GTTGTAGCACTGCTTC-1,2.0976336,17.168665,s1d1
GTTGTAGGTCTCACGG-1,10.640755,10.127332,s1d1
GTTGTAGGTCTGTAGT-1,-0.99832386,3.898154,s1d1
GTTGTAGTCGATCCCT-1,10.055,4.978298,s1d1
GTTGTAGTCGGTCATA-1,4.8788104,18.922401,s1d1
GTTGTCCAGAATACAC-1,5.7211976,16.741308,s1d1
GTTGTCCAGACTACCT-1,12.266554,10.944973,s1d1
GTTGTCCAGGTGTGAC-1,11.780919,12.617861,s1d1
GTTGTCCCAATGAGCG-1,5.0746818,-4.2245045,s1d1
GTTGTCCCAATTTCGG-1,11.327386,11.471723,s1d1
GTTGTCCCAGCCGTCA-1,11.71413,10.628519,s1d1
GTTGTCCGTACGTTCA-1,11.626538,7.5126305,s1d1
GTTGTCCGTCGAGATG-1,13.392567,6.6056457,s1d1
GTTGTCCGTCTCGGGT-1,7.1373262,4.01379,s1d1
GTTGTCCTCGTAACAC-1,13.558713,8.374239,s1d1
GTTGTGAAGTCCCGAC-1,12.435769,12.06962,s1d1
GTTGTGAAGTCGGGAT-1,1.6563907,5.8187737,s1d1
GTTGTGACATTGAAGA-1,9.36498,12.914284,s1d1
GTTGTGATCGGCATCG-1,5.8470716,3.527102,s1d1
GTTGTGATCTATCCAT-1,-5.439427,11.008634,s1d1
GTTGTGATCTATCGCC-1,12.462352,11.811953,s1d1
GTTTACTAGCCTCGTG-1,9.278425,1.5101383,s1d1
GTTTACTAGCTCCGAC-1,5.12905,18.047476,s1d1
GTTTACTAGTCATCGT-1,15.250776,9.436356,s1d1
GTTTACTCAACACGTT-1,11.80911,7.8834763,s1d1
GTTTACTCAAGATCCT-1,10.970318,10.889824,s1d1
GTTTACTCACTCCCTA-1,8.532166,7.6732755,s1d1
GTTTACTCACTCTCGT-1,-5.1282907,9.441352,s1d1
GTTTACTCATAGTCGT-1,3.6839483,13.27748,s1d1
GTTTACTGTCCAGCCA-1,3.142017,17.897764,s1d1
GTTTACTTCGCATGAT-1,6.8951554,-5.1210294,s1d1
GTTTACTTCGCTGTTC-1,2.7435908,7.9086046,s1d1
GTTTGGAAGTTAGAAC-1,6.074857,17.264797,s1d1
GTTTGGACATTGCTGA-1,2.5090334,18.203064,s1d1
GTTTGGAGTATTCCTT-1,9.754319,-4.3376746,s1d1
GTTTGGAGTGTGAGCA-1,11.965313,13.589667,s1d1
GTTTGGAGTTGAGAGC-1,5.841947,-2.7660363,s1d1
GTTTGGATCCACGGGT-1,12.23947,5.7091765,s1d1
GTTTGGATCGGTCGAC-1,12.13476,11.535696,s1d1
GTTTGGATCTGTGTGA-1,7.742138,-3.9899764,s1d1
GTTTGGATCTTCGGAA-1,6.017178,-5.4004207,s1d1
TAACACGAGCAATTAG-1,12.995335,7.675738,s1d1
TAACACGAGGTAGGCT-1,-2.1856852,4.6684103,s1d1
TAACACGCACGTAGAG-1,3.2969449,6.5946565,s1d1
TAACACGCACTACTTT-1,12.709636,11.381493,s1d1
TAACACGCATCATGAC-1,12.00223,9.501538,s1d1
TAACACGGTAGGGTAC-1,11.039479,11.152999,s1d1
TAACACGGTCGGAAAC-1,2.646498,5.5831904,s1d1
TAACACGTCACTGCTC-1,7.1141677,-5.4169154,s1d1
TAACCAGAGATAACAC-1,12.83124,6.541146,s1d1
TAACCAGCACGGATCC-1,-4.8515906,8.392033,s1d1
TAACCAGCAGGACTTT-1,10.276453,7.3998437,s1d1
TAACCAGGTAGTCACT-1,3.5914483,13.379376,s1d1
TAACCAGGTATACCTG-1,-0.8137703,5.121281,s1d1
TAACCAGGTGCGAACA-1,11.511084,13.237684,s1d1
TAACCAGTCCACTGAA-1,5.5784707,16.51158,s1d1
TAACCAGTCGCCGATG-1,13.298913,7.1447635,s1d1
TAACCAGTCTGTTGGA-1,14.421995,5.415171,s1d1
TAACGACAGGATCACG-1,6.17298,6.011024,s1d1
TAACGACCACCCAATA-1,6.342686,-5.5286736,s1d1
TAACGACCACTGGCCA-1,5.7173977,-2.9804525,s1d1
TAACGACTCCTTATCA-1,11.916619,12.871645,s1d1
TAACGACTCGCCTCTA-1,2.4896781,8.525105,s1d1
TAACGACTCTAATTCC-1,3.0788424,7.645372,s1d1
TAACTTCAGACCATTC-1,7.829304,-4.914144,s1d1
TAACTTCAGCCATTGT-1,11.726896,7.621272,s1d1
TAACTTCAGCGATGAC-1,10.510676,7.643876,s1d1
TAACTTCAGTACAGCG-1,6.469731,15.747203,s1d1
TAACTTCCACGAGAAC-1,3.170097,3.5248744,s1d1
TAACTTCCAGGATCTT-1,2.2521532,6.4693394,s1d1
TAACTTCCATAATCCG-1,8.461495,1.274905,s1d1
TAACTTCGTACCACGC-1,15.304161,7.000574,s1d1
TAACTTCTCCCTCTAG-1,11.740482,8.578799,s1d1
TAAGCACAGCAGCAGT-1,11.585939,10.587532,s1d1
TAAGCACAGCTGACCC-1,12.899031,11.807916,s1d1
TAAGCACGTGTCATGT-1,11.5203,12.965987,s1d1
TAAGCACGTTCGGCGT-1,13.375081,13.484172,s1d1
TAAGCACTCACTGTCC-1,10.613875,7.327293,s1d1
TAAGCACTCCTGGGTG-1,11.133389,7.5679126,s1d1
TAAGCACTCTGTACAG-1,3.4648967,16.433762,s1d1
TAAGCCAAGCCGGAAT-1,11.696274,6.907139,s1d1
TAAGCCAGTGCAATGG-1,3.549991,13.414384,s1d1
TAAGCCATCAGTAGGG-1,11.096725,-0.8626501,s1d1
TAAGCCATCGCCACTT-1,8.974773,1.2942605,s1d1
TAAGCCATCTTCTGGC-1,6.3331814,-3.4114866,s1d1
TAAGCGTAGGAGGCAG-1,12.706225,11.751177,s1d1
TAAGCGTAGTCATAGA-1,6.2096276,5.039221,s1d1
TAAGCGTCAATCACGT-1,2.0378249,5.2008033,s1d1
TAAGCGTGTCGTTCAA-1,10.109698,13.254173,s1d1
TAAGCGTGTCTACTGA-1,9.764993,4.4304056,s1d1
TAAGCGTGTGCATACT-1,16.356958,9.077448,s1d1
TAAGCGTGTTGATCGT-1,11.078444,12.701272,s1d1
TAAGCGTTCCACGTCT-1,12.268426,12.728039,s1d1
TAAGCGTTCCGCAGTG-1,6.433059,3.3153665,s1d1
TAAGTCGAGACGACTG-1,10.164453,13.8232155,s1d1
TAAGTCGAGGAACGAA-1,16.059326,8.943835,s1d1
TAAGTCGAGGGTCTTT-1,4.918467,-3.1383626,s1d1
TAAGTCGCAAATGGAT-1,13.515952,6.1159,s1d1
TAAGTCGCACACGGTC-1,3.8032088,18.490324,s1d1
TAAGTCGCATACCACA-1,11.680755,9.454635,s1d1
TAAGTCGGTCGCATTA-1,-5.4733143,10.879822,s1d1
TAAGTCGTCATTTACC-1,12.11247,13.387915,s1d1
TAAGTCGTCATTTCCA-1,8.307704,-1.4899247,s1d1
TAAGTCGTCCTCTAGC-1,5.795813,19.406593,s1d1
TAAGTCGTCTACGGTA-1,-6.2713823,8.011622,s1d1
TAATCTCAGTACTCGT-1,4.6896505,20.079632,s1d1
TAATCTCAGTTCCAGT-1,5.461103,19.171217,s1d1
TAATCTCCAAATCCCA-1,13.143117,6.447746,s1d1
TAATCTCCACTATGTG-1,15.651298,8.290385,s1d1
TAATCTCCAGCCTATA-1,5.054992,16.508036,s1d1
TAATCTCCATATGGCT-1,1.9298269,16.906195,s1d1
TAATCTCCATGGCTAT-1,0.6759111,5.9277954,s1d1
TAATCTCCATGTAACC-1,2.8369539,8.176838,s1d1
TAATCTCGTATGTCTG-1,6.8225303,3.7965071,s1d1
TAATCTCGTCGCGTTG-1,6.227155,-1.5379478,s1d1
TAATCTCGTCTAACGT-1,2.4777858,17.752617,s1d1
TAATCTCTCGATTCCC-1,-5.1165757,6.685156,s1d1
TAATCTCTCTCGTCAC-1,11.363053,11.113882,s1d1
TAATTCCAGCAAATCA-1,-2.1688478,4.2815995,s1d1
TAATTCCAGGCCCGTT-1,11.161735,13.296394,s1d1
TAATTCCAGTGACCTT-1,0.27091774,4.8140025,s1d1
TAATTCCAGTTGTAAG-1,16.76234,8.684294,s1d1
TAATTCCCAACGTTAC-1,5.4585814,18.989017,s1d1
TAATTCCCAGAGGACT-1,11.234394,13.660306,s1d1
TAATTCCCAGCGGATA-1,13.998427,5.4700975,s1d1
TAATTCCGTAGCGCCT-1,13.116543,9.622571,s1d1
TAATTCCTCTAGACCA-1,11.550807,8.3413725,s1d1
TACAACGAGCATCCTA-1,10.622854,13.411137,s1d1
TACAACGAGGGAGATA-1,12.9119835,8.017298,s1d1
TACAACGCAACCGATT-1,9.916844,-4.59518,s1d1
TACAACGGTCCTGGGT-1,9.65731,5.4569635,s1d1
TACAACGGTGATAGTA-1,2.3216844,7.047182,s1d1
TACAACGGTTCTCACC-1,10.976912,-1.1733781,s1d1
TACAACGTCCTATTTG-1,10.853967,11.037938,s1d1
TACACCCAGAAACTGT-1,11.078626,7.532972,s1d1
TACACCCAGGAGAATG-1,14.483223,6.4444833,s1d1
TACACCCAGGATGAGA-1,12.201339,8.252464,s1d1
TACACCCAGGCGACAT-1,8.491158,1.894284,s1d1
TACACCCAGGGAGGGT-1,9.816788,6.5409346,s1d1
TACACCCCAACCCTAA-1,15.384664,9.376273,s1d1
TACACCCGTCCAAAGG-1,1.527987,8.377877,s1d1
TACACCCGTGCAATAA-1,1.9711387,6.1997857,s1d1
TACACCCGTGCCGTAC-1,7.88178,-4.4410524,s1d1
TACACCCGTTCATCGA-1,-4.983587,8.005254,s1d1
TACACCCTCATGTCTT-1,9.235273,7.4843917,s1d1
TACACCCTCCATAAGC-1,12.069848,7.624261,s1d1
TACACCCTCCGATGCG-1,13.249625,10.378133,s1d1
TACACCCTCTTTCCAA-1,9.7867565,-0.095508225,s1d1
TACAGGTAGACCTGGA-1,-5.1738186,8.752725,s1d1
TACAGGTAGCTGAGCA-1,5.05716,-3.277713,s1d1
TACAGGTAGGGTTAGC-1,9.753499,1.7445687,s1d1
TACAGGTCAACTGAAA-1,5.0203395,-3.4091597,s1d1
TACAGGTCACAGAGCA-1,5.4810643,-1.3652738,s1d1
TACAGGTCACTATCCC-1,11.554069,5.901874,s1d1
TACAGGTGTACCCACG-1,2.2107546,7.110089,s1d1
TACAGGTGTTAGAGTA-1,6.6371875,-3.4434738,s1d1
TACAGGTGTTTCGACA-1,5.392215,-4.495478,s1d1
TACAGGTTCATTACGG-1,4.2587643,19.235418,s1d1
TACAGGTTCGCCTCTA-1,12.249282,7.854836,s1d1
TACATTCAGATGTTAG-1,-0.17964312,3.4279823,s1d1
TACATTCCAAACGTGG-1,2.8318484,17.473574,s1d1
TACATTCCATACCACA-1,8.439424,7.7479744,s1d1
TACATTCGTGGGCTCT-1,4.867234,17.085714,s1d1
TACATTCGTTACCCTC-1,11.590416,11.364831,s1d1
TACATTCGTTATAGCC-1,13.096866,7.1626406,s1d1
TACATTCTCGCTGATA-1,11.112897,11.38268,s1d1
TACATTCTCTATTTCG-1,10.067085,10.4686775,s1d1
TACCCACCAAGCGGAT-1,14.129621,7.041279,s1d1
TACCCACCACAAATAG-1,-1.7146585,4.359994,s1d1
TACCCACCACAATTCG-1,5.749278,19.190102,s1d1
TACCCACCAGTTGGTT-1,12.464054,13.600982,s1d1
TACCCACGTGTGATGG-1,2.7404478,17.34122,s1d1
TACCCACTCGCACTCT-1,5.3563633,19.21265,s1d1
TACCCGTAGAGCCTGA-1,6.597617,4.4045506,s1d1
TACCCGTAGCGACCCT-1,16.654213,5.5467954,s1d1
TACCCGTAGCGTTGTT-1,2.1719587,17.944,s1d1
TACCCGTAGTAATCCC-1,4.744357,18.905313,s1d1
TACCCGTAGTCTGGTT-1,8.479764,-1.407145,s1d1
TACCCGTCAACCAGAG-1,12.461171,5.599944,s1d1
TACCCGTCAAGAAACT-1,11.80333,12.139185,s1d1
TACCCGTCACCACATA-1,12.855853,12.534725,s1d1
TACCCGTCAGGCCTGT-1,14.181235,10.769132,s1d1
TACCCGTGTAAGATCA-1,5.2381163,18.557579,s1d1
TACCCGTGTCGCCTAG-1,-4.8402133,9.237618,s1d1
TACCCGTGTCTGCAAT-1,11.655938,12.64893,s1d1
TACCCGTGTGACAGCA-1,11.048889,7.5773616,s1d1
TACCCGTTCAGGTAAA-1,6.805732,-4.824777,s1d1
TACCCGTTCGGTGCAC-1,4.5509105,17.326828,s1d1
TACCGAAAGAGCTTTC-1,-0.8599276,5.380521,s1d1
TACCGAAAGCACTGGA-1,3.4090269,5.9320335,s1d1
TACCGAAAGCGACTGA-1,9.259717,5.0074277,s1d1
TACCGAATCATCACAG-1,4.1792316,18.636518,s1d1
TACCGAATCATTGGTG-1,2.2712433,7.0215507,s1d1
TACCGAATCTCGGTCT-1,-4.386126,9.239876,s1d1
TACCGGGAGAGGTGCT-1,10.112586,13.127406,s1d1
TACCGGGAGGCACTCC-1,5.6104426,-4.834771,s1d1
TACCGGGGTCGCTTAA-1,13.866522,5.224032,s1d1
TACCGGGGTTCTTCAT-1,10.076338,5.45982,s1d1
TACCGGGGTTGCAAGG-1,10.334997,6.007941,s1d1
TACCGGGTCCACAAGT-1,7.116445,3.602011,s1d1
TACCGGGTCCATGAGT-1,2.1896615,4.0989647,s1d1
TACCGGGTCCTGCCAT-1,11.364055,7.3121753,s1d1
TACCGGGTCTGGGTCG-1,5.891143,-4.071347,s1d1
TACCTCGAGTGTACCT-1,12.418376,14.244837,s1d1
TACCTCGCAGGTGGAT-1,9.74316,11.936932,s1d1
TACCTCGCATCGTCCT-1,10.033211,6.216561,s1d1
TACCTCGGTCGCGGTT-1,4.817043,14.533874,s1d1
TACCTCGGTGCGTTTA-1,7.1938705,3.0042677,s1d1
TACCTCGGTGGATCAG-1,4.8109646,18.665695,s1d1
TACCTCGGTGTCTTGA-1,4.098864,16.824017,s1d1
TACCTCGGTTCGGTTA-1,5.3845277,-4.7658134,s1d1
TACCTCGGTTGGATCT-1,4.8643374,17.428389,s1d1
TACCTCGTCAGACATC-1,-1.7925329,6.9918075,s1d1
TACCTCGTCGTGTCAA-1,12.055297,7.7011614,s1d1
TACCTGCAGAATTTGG-1,12.029696,13.038244,s1d1
TACCTGCAGCACTTTG-1,14.701224,8.305219,s1d1
TACCTGCAGCGTTACT-1,9.648237,4.9265714,s1d1
TACCTGCAGGTAGGCT-1,7.507396,4.3483477,s1d1
TACCTGCCAGAACATA-1,2.0115137,16.852676,s1d1
TACCTGCCATCCAACA-1,6.15082,-3.115823,s1d1
TACCTGCGTACCACGC-1,-5.7968426,8.809255,s1d1
TACCTGCTCCGACAGC-1,9.850291,4.1665206,s1d1
TACCTGCTCGTAACCA-1,1.3634236,7.226965,s1d1
TACGCTCAGATGTAGT-1,12.050066,11.013451,s1d1
TACGCTCAGGGTTTCT-1,11.191704,7.98314,s1d1
TACGCTCCAAATCAGA-1,11.604534,10.568864,s1d1
TACGCTCCACCAGCTG-1,12.393601,8.239323,s1d1
TACGCTCGTGCAGGAT-1,6.5791926,-5.0133233,s1d1
TACGCTCGTTGTCTAG-1,3.216561,6.868733,s1d1
TACGCTCTCAGCGTCG-1,5.139956,19.689634,s1d1
TACGCTCTCCCTTGGT-1,5.0540023,19.193232,s1d1
TACGCTCTCTAGACCA-1,16.888313,4.8586707,s1d1
TACGCTCTCTCGACCT-1,6.2997484,-5.5429873,s1d1
TACGCTCTCTGACGCG-1,5.8369184,16.817823,s1d1
TACGCTCTCTTTGCTA-1,5.6290665,19.384472,s1d1
TACGGGCAGCACGTCC-1,11.415721,8.258863,s1d1
TACGGGCAGCGCGTTC-1,-5.9978366,8.95752,s1d1
TACGGGCCAGACGATG-1,-3.6662247,9.06275,s1d1
TACGGGCCATGACGGA-1,12.068454,12.205853,s1d1
TACGGGCGTCCACACG-1,15.5583725,9.027797,s1d1
TACGGGCGTGCAATAA-1,8.666291,3.2359376,s1d1
TACGGGCGTGCGACAA-1,7.9080143,-3.72807,s1d1
TACGGGCTCCGTGGCA-1,1.7617549,5.209307,s1d1
TACGGGCTCTATACTC-1,11.505931,11.452952,s1d1
TACGGGCTCTCTTAAC-1,3.6308343,16.433846,s1d1
TACGGTAAGACGCAGT-1,2.4685183,4.445501,s1d1
TACGGTAAGACTTAAG-1,10.845389,10.26112,s1d1
TACGGTAAGATAGCAT-1,-5.940919,10.1843405,s1d1
TACGGTAAGCACTTTG-1,5.6676364,16.319637,s1d1
TACGGTAAGCGGGTAT-1,11.737854,5.9508524,s1d1
TACGGTAAGCTGCCAC-1,11.243813,8.204833,s1d1
TACGGTAAGTTGCGCC-1,11.17945,12.845699,s1d1
TACGGTACATCAGCTA-1,10.704724,6.0713177,s1d1
TACGGTAGTTGCTCAA-1,5.139296,19.865479,s1d1
TACGGTATCCATGATG-1,-4.7621126,10.219475,s1d1
TACGTCCAGAAGTCCG-1,12.352881,8.064512,s1d1
TACGTCCAGTCCTGCG-1,11.296272,6.8935294,s1d1
TACGTCCCACATGTTG-1,11.719628,9.896334,s1d1
TACGTCCCACCGTGCA-1,11.660299,8.420045,s1d1
TACGTCCCAGACTCTA-1,14.650954,10.276872,s1d1
TACGTCCTCACGGACC-1,10.756011,17.143871,s1d1
TACGTCCTCATGGTAC-1,-5.329254,11.2793865,s1d1
TACTGCCAGAAGCCAC-1,11.3624935,6.8369465,s1d1
TACTGCCAGACTCAAA-1,6.1121154,16.580917,s1d1
TACTGCCAGCGCCTCA-1,1.4887571,5.3901663,s1d1
TACTGCCAGGAATCGC-1,12.081547,10.610001,s1d1
TACTGCCAGGGATCTG-1,11.735891,6.7205105,s1d1
TACTGCCCACTGCATA-1,11.583735,8.297431,s1d1
TACTGCCCAGTGTGGA-1,9.188463,2.6513085,s1d1
TACTGCCGTGCCTGAC-1,11.013121,-0.91601133,s1d1
TACTGCCGTTGTGTAC-1,12.712224,13.878257,s1d1
TACTGCCTCGAACTCA-1,1.7113271,4.7739515,s1d1
TACTTACAGGGCGAAG-1,10.148357,4.910202,s1d1
TACTTACAGTATTAGG-1,12.217837,11.480199,s1d1
TACTTACCAACCACGC-1,7.7257295,4.1608315,s1d1
TACTTACCACTCTAGA-1,11.465423,11.16418,s1d1
TACTTACCATAGATGA-1,2.2094755,17.693266,s1d1
TACTTACCATCGCTAA-1,14.57794,5.4992285,s1d1
TACTTACGTACCTAAC-1,9.743063,-4.401918,s1d1
TACTTACGTAGCTCGC-1,-3.742219,8.410257,s1d1
TACTTACGTGCAGATG-1,4.920873,-3.6877344,s1d1
TACTTACTCCCGGTAG-1,10.439181,6.913494,s1d1
TACTTCAAGAGGGTAA-1,13.858678,6.881308,s1d1
TACTTCAAGCTCGAAG-1,6.6790624,-3.51251,s1d1
TACTTCAAGTAGGCCA-1,16.994905,5.1933103,s1d1
TACTTCACAACGGTAG-1,5.661951,-4.201104,s1d1
TACTTCACACAGTATC-1,6.3827457,-3.8157344,s1d1
TACTTCACACAGTGAG-1,12.293554,9.207455,s1d1
TACTTCAGTAACTGCT-1,14.774255,5.560668,s1d1
TACTTCAGTAGAAACT-1,1.9708513,6.549433,s1d1
TACTTCAGTAGGACTG-1,12.449596,11.808093,s1d1
TACTTCAGTTCCGCAG-1,5.502323,-3.6625242,s1d1
TACTTCATCAGTGATC-1,12.975987,8.162324,s1d1
TACTTCATCGCGCTGA-1,7.0469275,-5.238449,s1d1
TACTTCATCGCGTGCA-1,13.016343,14.174802,s1d1
TACTTCATCTACTCAT-1,-2.0952885,4.4378576,s1d1
TACTTCATCTTGGTCC-1,10.710303,13.043919,s1d1
TACTTGTAGAAGCGCT-1,9.191285,2.6132011,s1d1
TACTTGTAGAGCTGAC-1,6.31344,-1.9816773,s1d1
TACTTGTAGTGTAGTA-1,10.951011,14.410052,s1d1
TACTTGTCACAGCCTG-1,10.437271,4.7263904,s1d1
TACTTGTCACTGGCGT-1,9.850368,-4.543312,s1d1
TACTTGTCAGGCACTC-1,14.153602,10.808355,s1d1
TACTTGTCATCGGAAG-1,5.331506,-3.653402,s1d1
TACTTGTGTATGTGTC-1,12.622681,7.7669716,s1d1
TACTTGTGTTAGAGAT-1,11.204786,6.19784,s1d1
TACTTGTGTTTCGTAG-1,6.792113,18.114088,s1d1
TACTTGTTCCATATGG-1,8.910557,0.9971012,s1d1
TAGACCAAGTGCCTCG-1,-5.258381,11.006194,s1d1
TAGACCACAATTGCGT-1,5.5209146,16.492924,s1d1
TAGACCACAGCACACC-1,7.9035335,-4.2697062,s1d1
TAGACCAGTACCCAGC-1,9.559421,5.039648,s1d1
TAGACCAGTACTGGGA-1,7.185768,-0.87942535,s1d1
TAGACCAGTCACAGAG-1,4.463714,19.66038,s1d1
TAGACCATCGACCTAA-1,2.497562,18.24716,s1d1
TAGACCATCGTCGATA-1,11.355322,5.362618,s1d1
TAGACCATCTCTCAAT-1,7.315741,-5.4123907,s1d1
TAGACTGAGAAACTAC-1,12.083636,5.995043,s1d1
TAGACTGAGAAGCCTG-1,10.721725,-0.85979825,s1d1
TAGACTGAGCGCTTCG-1,10.957567,6.0576987,s1d1
TAGACTGAGTTACGTC-1,5.9309306,5.0473604,s1d1
TAGACTGCACTCCTGT-1,11.55149,7.2581325,s1d1
TAGACTGGTACCGTCG-1,12.603764,7.8826394,s1d1
TAGACTGGTTACGGAG-1,9.600619,-4.538584,s1d1
TAGACTGTCGCAACAT-1,11.178814,8.608649,s1d1
TAGAGTCAGATTGACA-1,10.739953,10.776978,s1d1
TAGAGTCAGCGACTTT-1,4.8889575,17.125608,s1d1
TAGAGTCAGGGAGAAT-1,12.286613,6.6613483,s1d1
TAGAGTCCACTGGATT-1,6.2050147,5.030142,s1d1
TAGAGTCGTATTGCCA-1,11.549953,7.6322737,s1d1
TAGATCGAGACTGGGT-1,11.1463785,6.360833,s1d1
TAGATCGAGCACTAGG-1,1.9863707,17.161652,s1d1
TAGATCGAGGGCAATC-1,7.562767,-2.1903133,s1d1
TAGATCGAGTCTCCTC-1,12.738426,6.745108,s1d1
TAGATCGCAGCTACCG-1,6.5936456,-3.3595972,s1d1
TAGATCGCATAACCCA-1,12.042992,10.491179,s1d1
TAGATCGGTACCAATC-1,11.547594,11.452582,s1d1
TAGATCGGTAGATCGG-1,7.8633776,-3.6227236,s1d1
TAGATCGTCGGTATGT-1,7.0085135,-3.3810809,s1d1
TAGATCGTCTCCCTAG-1,5.149594,19.483732,s1d1
TAGCACAAGGCGTTAG-1,-6.232114,8.5287285,s1d1
TAGCACACAATGGGTG-1,-0.26247352,3.008528,s1d1
TAGCACAGTCCCTAAA-1,7.2247705,-3.6974404,s1d1
TAGCACAGTGAACTAA-1,15.129319,8.758141,s1d1
TAGCACAGTTGCAAGG-1,9.701379,-4.263895,s1d1
TAGCACAGTTTCAGAC-1,1.3149153,4.972161,s1d1
TAGCACAGTTTGAACC-1,3.0560842,2.2944114,s1d1
TAGCACATCTCTTCAA-1,6.7430887,-3.5342016,s1d1
TAGGAGGAGATGGTCG-1,9.1788845,4.810905,s1d1
TAGGAGGAGCCTCATA-1,-5.919358,10.1033,s1d1
TAGGAGGAGCGAGGAG-1,11.019962,6.8674984,s1d1
TAGGAGGCAAGAGATT-1,-3.795286,8.889063,s1d1
TAGGAGGCATAGGTAA-1,2.188146,17.709906,s1d1
TAGGAGGGTAAGATCA-1,3.3488731,6.496847,s1d1
TAGGAGGGTCTTGCGG-1,8.344893,4.691899,s1d1
TAGGAGGGTGTAGCAG-1,8.674299,1.6979022,s1d1
TAGGAGGGTGTGCCTG-1,11.421449,13.506042,s1d1
TAGGAGGGTGTTAGCT-1,11.318046,7.2484627,s1d1
TAGGAGGTCGATTGGT-1,6.1876516,-2.0652025,s1d1
TAGGAGGTCTTTGCAT-1,2.643503,15.094855,s1d1
TAGGGTTAGACGCATG-1,5.179575,19.544365,s1d1
TAGGGTTAGTTACGAA-1,0.6177342,6.7557044,s1d1
TAGGGTTTCCTTCACG-1,2.7351294,5.0338807,s1d1
TAGGGTTTCGAGTCCG-1,-5.440549,8.018274,s1d1
TAGGGTTTCGTGCAGC-1,16.188835,8.174726,s1d1
TAGGTACAGCCTGAGA-1,10.656758,12.765047,s1d1
TAGGTACAGGTGCATG-1,11.218999,8.233527,s1d1
TAGGTACAGTGTGTTC-1,10.748819,8.866763,s1d1
TAGGTACCAACCGATT-1,12.569654,8.369818,s1d1
TAGGTACCACCATTCC-1,8.7908125,0.619845,s1d1
TAGGTACCAGCGGATA-1,11.696628,13.1844,s1d1
TAGGTACCAGGCCCTA-1,10.702991,10.298404,s1d1
TAGGTACCATGGAAGC-1,12.669458,12.423956,s1d1
TAGGTACGTAAGGCCA-1,4.398537,20.166578,s1d1
TAGGTACGTATATGGA-1,6.476568,-2.2742844,s1d1
TAGGTACTCTGCGTCT-1,10.813332,6.9690905,s1d1
TAGGTTGAGGGAGAAT-1,14.096144,6.54565,s1d1
TAGGTTGAGGTCATTC-1,10.864176,12.907602,s1d1
TAGGTTGCAAATTGGA-1,-5.213657,9.816108,s1d1
TAGGTTGCAACACTAC-1,12.557286,8.723244,s1d1
TAGGTTGCAACCGTAT-1,11.036756,14.153364,s1d1
TAGGTTGCACAGCGCT-1,3.6626618,13.306094,s1d1
TAGGTTGCACTAACGT-1,-5.1532307,7.480511,s1d1
TAGTGCAAGGCACTCC-1,5.3986692,19.886936,s1d1
TAGTGCACACCTGCTT-1,8.577158,1.4751636,s1d1
TAGTGCACACTTGTCC-1,-3.7237926,10.064132,s1d1
TAGTGCACAGGCATGA-1,4.955679,19.135763,s1d1
TAGTGCAGTAGAGCTG-1,9.604927,4.284793,s1d1
TAGTGCAGTAGGCAAC-1,12.8755,8.093768,s1d1
TAGTGCAGTTAATCGC-1,3.178567,2.8633895,s1d1
TAGTGCAGTTCACCGG-1,5.459222,-4.0876617,s1d1
TAGTGCATCGCATGAT-1,10.91697,17.26188,s1d1
TATACCTAGTCATCGT-1,12.165165,5.9067855,s1d1
TATACCTGTTGAGTCT-1,6.183136,-4.119278,s1d1
TATACCTTCTACCCAC-1,6.544819,18.190132,s1d1
TATATCCCAACTGCTA-1,9.024853,1.913666,s1d1
TATATCCCAGCATGCC-1,17.027666,4.7208586,s1d1
TATATCCCAGGGTTGA-1,9.917887,13.220217,s1d1
TATATCCGTGCATTTG-1,11.636614,10.0258,s1d1
TATATCCTCCGATCGG-1,9.508211,12.396666,s1d1
TATATCCTCCGTGGTG-1,9.448886,3.54855,s1d1
TATATCCTCGCAAGAG-1,5.1723914,-4.62084,s1d1
TATATCCTCGTTGTAG-1,2.5249364,7.449939,s1d1
TATATCCTCGTTGTGA-1,5.519585,18.866823,s1d1
TATATCCTCTTACCGC-1,10.6351795,5.964238,s1d1
TATCAGGAGCGCCCAT-1,6.090855,-4.82057,s1d1
TATCAGGAGGATTTGA-1,4.7226677,17.735218,s1d1
TATCAGGCACTAACCA-1,10.379616,11.104558,s1d1
TATCAGGCACTACGGC-1,10.0954275,10.348942,s1d1
TATCAGGGTACTGTTG-1,2.1228495,17.061417,s1d1
TATCAGGGTCACAATC-1,-1.3021644,2.9369059,s1d1
TATCCTAAGAGATCGC-1,9.892779,4.3704624,s1d1
TATCCTAAGGGACAGG-1,11.47535,9.106663,s1d1
TATCCTAAGGTAGCCA-1,-5.3641887,12.073103,s1d1
TATCCTAAGTTAGTGA-1,5.6000957,16.522226,s1d1
TATCCTACAACAGAGC-1,-0.13342641,5.631233,s1d1
TATCCTACAACTCGAT-1,1.1524247,6.037793,s1d1
TATCCTACACCAGCGT-1,13.40957,13.377904,s1d1
TATCCTACATCAGTGT-1,11.141625,5.873727,s1d1
TATCCTACATCGCTCT-1,13.676947,13.449415,s1d1
TATCCTAGTAGACGGT-1,-5.4870887,9.645458,s1d1
TATCCTAGTGAGTTTC-1,-4.628835,8.59804,s1d1
TATCCTATCAACTGAC-1,6.1971016,-4.2712255,s1d1
TATCCTATCACAACCA-1,13.5789585,7.701198,s1d1
TATCCTATCATGTCTT-1,2.2512574,5.521875,s1d1
TATCGCCAGGGTTGCA-1,6.594823,2.6436002,s1d1
TATCGCCAGTGACCTT-1,12.236125,13.010082,s1d1
TATCGCCCACGTAGTT-1,11.392722,12.957087,s1d1
TATCGCCCAGCTTCCT-1,10.295447,9.648535,s1d1
TATCGCCCATGGAATA-1,12.276508,6.4553976,s1d1
TATCGCCCATTCCTAT-1,11.358074,7.747711,s1d1
TATCGCCGTCATCAGT-1,12.346274,12.267887,s1d1
TATCGCCGTCGCTTAA-1,8.159607,3.6050835,s1d1
TATCGCCGTTATTCCT-1,5.458495,-4.3277674,s1d1
TATCGCCGTTCCGCGA-1,3.0571375,6.988219,s1d1
TATCGCCGTTGTTGTG-1,13.258021,13.749431,s1d1
TATCGCCTCATCTCTA-1,4.0352826,5.55561,s1d1
TATCGCCTCCTCACTG-1,6.668334,6.1294055,s1d1
TATCGCCTCTTCTAAC-1,2.9100907,7.122183,s1d1
TATCTGTAGATTGATG-1,4.7809443,19.73033,s1d1
TATCTGTAGGTCCCGT-1,10.071882,13.332829,s1d1
TATCTGTAGGTTCATC-1,11.161481,8.551848,s1d1
TATCTGTAGTCATGCT-1,10.090335,18.368359,s1d1
TATCTGTCAGTCTGGC-1,13.222581,13.243431,s1d1
TATCTGTGTGATGAAT-1,5.467037,18.781311,s1d1
TATCTGTTCAAGTAAG-1,8.778341,2.726781,s1d1
TATCTGTTCACGACTA-1,1.51863,8.433521,s1d1
TATCTGTTCCTACCGT-1,2.1153743,16.733934,s1d1
TATCTGTTCGTAGGGA-1,3.3164425,16.511599,s1d1
TATCTTGAGACTGTTC-1,10.894965,13.171369,s1d1
TATCTTGAGTCACTCA-1,4.811735,19.73381,s1d1
TATCTTGAGTCTGCGC-1,8.91239,-4.5639524,s1d1
TATCTTGCAATCCTAG-1,11.284874,13.379155,s1d1
TATCTTGCACGGTGTC-1,5.082923,19.313814,s1d1
TATCTTGCAGACCAGA-1,9.733037,-4.543536,s1d1
TATCTTGCAGTAGAAT-1,8.405986,1.2836636,s1d1
TATCTTGGTCTGTGTA-1,11.51276,11.576496,s1d1
TATCTTGGTGGGTATG-1,12.816893,6.0214424,s1d1
TATCTTGGTTATAGCC-1,6.1876163,-4.5276117,s1d1
TATCTTGTCAAGTGGG-1,7.094586,-3.7567167,s1d1
TATCTTGTCAATCAGC-1,11.409409,8.850793,s1d1
TATCTTGTCAGCTAGT-1,11.493937,10.438309,s1d1
TATCTTGTCCAAGCTA-1,11.041286,6.367807,s1d1
TATCTTGTCGTCCATC-1,-5.4756656,7.046703,s1d1
TATGTTCAGCGCGTTC-1,-5.4233904,10.452991,s1d1
TATGTTCAGCTGTTAC-1,12.211737,10.351121,s1d1
TATGTTCAGGACAAGA-1,12.447075,12.594245,s1d1
TATGTTCAGGAGACCT-1,-0.71482,3.6923506,s1d1
TATGTTCCACCGCTAG-1,11.790985,9.836177,s1d1
TATGTTCGTAGACGTG-1,-5.1525927,6.9610515,s1d1
TATGTTCGTCGAGCTC-1,10.68633,8.151688,s1d1
TATGTTCGTGATGAAT-1,10.884611,6.1331186,s1d1
TATGTTCGTGTCACAT-1,6.909102,18.043446,s1d1
TATGTTCTCAACTGAC-1,6.379074,-2.1118197,s1d1
TATGTTCTCTGGGCAC-1,10.993865,8.024577,s1d1
TATTCCAAGTGAGGCT-1,6.608035,-3.6429758,s1d1
TATTCCACACGAGGAT-1,11.063981,10.827114,s1d1
TATTCCACACGGGTAA-1,7.684598,4.806669,s1d1
TATTCCAGTCGGAAAC-1,4.3936825,19.765589,s1d1
TATTCCATCCGATGTA-1,4.913219,19.930437,s1d1
TATTCCATCCTTCTAA-1,9.879673,5.717443,s1d1
TATTCCATCTGGGTCG-1,3.852084,4.808368,s1d1
TATTGCTAGAATTCAG-1,-0.78461355,3.8122182,s1d1
TATTGCTAGGTGCATG-1,3.375094,18.233505,s1d1
TATTGCTAGTTCGCAT-1,4.870372,-2.7349365,s1d1
TATTGCTCACCACATA-1,-5.256502,8.847717,s1d1
TATTGCTCACCCAACG-1,11.4960785,5.906214,s1d1
TATTGCTCAGACCTGC-1,5.660957,19.787657,s1d1
TATTGCTCAGCCTATA-1,1.9989862,17.116129,s1d1
TATTGCTCATTAGGCT-1,11.903273,10.376653,s1d1
TATTGCTGTGTGAGCA-1,11.703683,6.737862,s1d1
TATTGCTTCCTCAGAA-1,8.616289,2.0623684,s1d1
TATTGGGAGGATACCG-1,5.4544435,16.527376,s1d1
TATTGGGAGTCAGGGT-1,8.647958,2.2150438,s1d1
TATTGGGCACCAAATC-1,6.797061,-3.1106513,s1d1
TATTGGGCAGCCGTCA-1,5.4684978,-0.9241905,s1d1
TATTGGGCATTAGGCT-1,-4.810144,6.2542334,s1d1
TATTGGGGTAGTTAGA-1,8.207107,1.3457637,s1d1
TATTGGGGTATGAGCG-1,5.4845734,-5.2369175,s1d1
TATTGGGGTCAAACGG-1,1.9232087,16.862541,s1d1
TATTGGGTCGTAGTCA-1,5.692243,19.123684,s1d1
TATTTCGAGCAGCCTC-1,-4.4963393,9.453193,s1d1
TATTTCGAGCTCGACC-1,10.718793,12.822757,s1d1
TATTTCGCACCTGCTT-1,5.7122526,-5.304022,s1d1
TATTTCGGTACTCCCT-1,10.825855,7.050811,s1d1
TATTTCGGTCCAGAAG-1,-2.2050462,4.6218815,s1d1
TATTTCGGTGTTTACG-1,10.883015,5.3791423,s1d1
TATTTCGGTTGGAGAC-1,8.460453,2.0443432,s1d1
TATTTCGTCGGACTTA-1,11.0467615,7.351887,s1d1
TATTTCGTCGTCGACG-1,9.89819,11.154373,s1d1
TCAAGACAGCCTTGAT-1,13.668545,7.7487144,s1d1
TCAAGACAGGAATTAC-1,-0.05646916,4.821394,s1d1
TCAAGACAGGTTACCT-1,13.519892,7.790705,s1d1
TCAAGACAGGTTCCAT-1,-5.71171,9.557062,s1d1
TCAAGACAGTTCCGGC-1,3.6159081,16.789349,s1d1
TCAAGACCACGCTATA-1,12.504518,6.587275,s1d1
TCAAGACCATGTCGTA-1,11.407823,8.362339,s1d1
TCAAGACCATTCGGGC-1,12.345971,8.951843,s1d1
TCAAGACGTCTGTTAG-1,10.175606,5.21582,s1d1
TCAAGACGTGCAGGAT-1,3.7846482,16.85088,s1d1
TCAAGACGTGCTGATT-1,6.5774484,3.9858232,s1d1
TCAAGACGTGTCCACG-1,10.598351,8.938005,s1d1
TCAAGACGTTTACACG-1,4.5259023,19.167053,s1d1
TCAAGACGTTTAGAGA-1,10.364882,6.0207047,s1d1
TCAAGACTCAAGCCGC-1,1.9840429,17.294346,s1d1
TCAAGACTCAGACCGC-1,5.5400453,6.765668,s1d1
TCAAGACTCTCGCCTA-1,12.54181,11.851642,s1d1
TCAAGCAAGAATAGTC-1,-1.7103411,4.622824,s1d1
TCAAGCAAGACGAAGA-1,-1.2577416,5.043775,s1d1
TCAAGCAAGCCATCCG-1,12.0337,8.80124,s1d1
TCAAGCAAGCTATCTG-1,2.0193787,7.986135,s1d1
TCAAGCAAGTATGAGT-1,1.3531067,7.257293,s1d1
TCAAGCAAGTCTTGGT-1,5.075429,20.024954,s1d1
TCAAGCACACACACGC-1,10.6006155,8.924432,s1d1
TCAAGCACACCGGCTA-1,10.519249,11.217499,s1d1
TCAAGCAGTATGAGGC-1,11.788589,8.01493,s1d1
TCAAGCAGTCTAGTGT-1,9.79839,4.569468,s1d1
TCAAGCAGTGGTCTCG-1,6.0880594,-4.857273,s1d1
TCAAGCAGTGTCTCCT-1,10.753089,12.799677,s1d1
TCAAGCAGTTTCTATC-1,0.01695839,3.619835,s1d1
TCAAGCATCATGGATC-1,12.004513,14.42938,s1d1
TCAAGCATCTCGGGAC-1,-0.50988936,5.233725,s1d1
TCAAGCATCTGCTTAT-1,5.181567,16.41004,s1d1
TCAAGTGAGAGTCACG-1,5.0849724,17.698946,s1d1
TCAAGTGAGAGTCCGA-1,4.1300077,20.061245,s1d1
TCAAGTGAGGACGCAT-1,5.380464,19.988941,s1d1
TCAAGTGAGGGATCGT-1,8.385954,-4.7034473,s1d1
TCAAGTGAGGGCAGAG-1,14.286139,9.321536,s1d1
TCAAGTGCAACCCTAA-1,4.9848113,19.949003,s1d1
TCAAGTGCAGTCGGAA-1,11.086261,9.362898,s1d1
TCAAGTGCATGACAGG-1,-6.2345095,8.583724,s1d1
TCAAGTGCATGTAACC-1,10.980263,-1.2052933,s1d1
TCAAGTGGTAGATCGG-1,16.41729,8.793171,s1d1
TCAAGTGGTCTACAGT-1,16.201103,8.096807,s1d1
TCAAGTGTCAAGGAGC-1,6.2866488,-3.2406282,s1d1
TCAAGTGTCTGTGCAA-1,3.3304074,6.7505965,s1d1
TCAAGTGTCTTACCAT-1,12.705924,10.733011,s1d1
TCAATCTAGACGCCCT-1,3.2027025,17.56967,s1d1
TCAATCTAGAGTCAGC-1,13.709717,7.392193,s1d1
TCAATCTAGCCTCATA-1,11.8720875,8.25325,s1d1
TCAATCTAGTGTCATC-1,-5.0953865,9.277186,s1d1
TCAATCTCACACAGCC-1,-1.9660766,4.5582685,s1d1
TCAATCTCAGCTTTCC-1,2.0477586,17.386417,s1d1
TCAATCTCAGGACTTT-1,6.6736617,-3.3597777,s1d1
TCAATCTGTAAGACCG-1,2.3735423,8.341928,s1d1
TCAATCTGTAGCGCCT-1,10.434563,8.761914,s1d1
TCAATCTTCCCATACC-1,8.556065,1.1047966,s1d1
TCAATCTTCTAGTGTG-1,4.711985,19.659988,s1d1
TCAATCTTCTTGCGCT-1,13.976157,10.169208,s1d1
TCAATTCAGAGTCAGC-1,4.5957217,19.046211,s1d1
TCAATTCAGCCTCAAT-1,14.329354,6.664974,s1d1
TCAATTCCATGGCGCT-1,3.645829,17.165915,s1d1
TCAATTCGTCACTGAT-1,12.490176,6.7455606,s1d1
TCAATTCGTCTAGATC-1,11.951403,10.629015,s1d1
TCAATTCGTGCTTATG-1,1.6808946,4.5759096,s1d1
TCAATTCTCAAAGGAT-1,7.2638826,-1.110295,s1d1
TCAATTCTCACTGCTC-1,5.9520574,19.0197,s1d1
TCAATTCTCAGGTGTT-1,2.752036,14.678786,s1d1
TCAATTCTCGAGCCAC-1,-4.035567,6.3264155,s1d1
TCAATTCTCTATGCCC-1,5.3442993,-5.0826354,s1d1
TCAATTCTCTGTGCTC-1,11.346533,7.774789,s1d1
TCACAAGAGACTCTAC-1,12.617186,8.502212,s1d1
TCACAAGAGCGATGGT-1,-4.7663765,10.717112,s1d1
TCACAAGCATGGCTAT-1,5.330359,-0.92430466,s1d1
TCACAAGTCAGTGATC-1,11.296782,13.815246,s1d1
TCACAAGTCGGACCAC-1,5.3648734,-4.264414,s1d1
TCACAAGTCTTTCAGT-1,-0.9377259,6.2855916,s1d1
TCACACCAGTTTCGGT-1,16.54777,4.831956,s1d1
TCACACCCATGGATCT-1,13.680924,5.1643734,s1d1
TCACACCGTGCCTATA-1,8.457032,4.5109215,s1d1
TCACACCTCACGACTA-1,10.79061,13.56335,s1d1
TCACACCTCGCTCTAC-1,1.5635679,8.142875,s1d1
TCACACCTCGCTTGAA-1,10.203374,17.960716,s1d1
TCACACCTCTTCTCAA-1,-1.9111694,3.6516745,s1d1
TCACATTAGTATGCAA-1,12.546222,12.327576,s1d1
TCACATTCACAACCGC-1,-4.9608855,6.663102,s1d1
TCACATTCACCGTGGT-1,14.167728,5.927418,s1d1
TCACATTCAGAGGTTG-1,6.7256002,-3.737171,s1d1
TCACATTCATATGGCT-1,14.539959,6.3839774,s1d1
TCACATTTCCCAGGAC-1,12.260917,7.1543846,s1d1
TCACATTTCGCAGTTA-1,6.477758,-3.681656,s1d1
TCACATTTCTTCTGTA-1,-1.1212652,5.590301,s1d1
TCACGCTAGCTAAATG-1,12.161587,10.298065,s1d1
TCACGCTAGCTACGTT-1,14.588025,6.2059674,s1d1
TCACGCTAGCTCACTA-1,11.812996,11.718452,s1d1
TCACGCTCAGCACGAA-1,12.417738,7.4552555,s1d1
TCACGCTCATACCACA-1,13.411134,12.920926,s1d1
TCACGCTGTCAACCTA-1,-3.7589762,9.914116,s1d1
TCACGCTGTGAGCCAA-1,-3.5720224,8.685107,s1d1
TCACGCTGTGCAGTGA-1,11.963223,8.319885,s1d1
TCACGCTGTTGTCTAG-1,10.366848,9.841361,s1d1
TCACGCTTCATGAGTC-1,2.931204,17.402966,s1d1
TCACGCTTCTAAGCGT-1,8.079279,-3.6911275,s1d1
TCACGCTTCTTCCTAA-1,5.550715,18.598513,s1d1
TCACGGGAGAGCGACT-1,8.533786,7.9097047,s1d1
TCACGGGCAACTCGAT-1,2.9071503,7.198295,s1d1
TCACGGGCACATTCGA-1,6.625056,1.9878827,s1d1
TCACGGGCATGCAGCC-1,-4.8703265,10.947339,s1d1
TCACGGGGTAGTCGGA-1,7.0332847,3.2087405,s1d1
TCACGGGGTATCGGTT-1,-4.1332173,7.939566,s1d1
TCACGGGGTCCAGCAC-1,11.469656,7.4610696,s1d1
TCACGGGTCAAGCCGC-1,-5.3586645,10.521311,s1d1
TCACGGGTCTCTTGCG-1,17.29442,5.6883073,s1d1
TCACTATAGCTCGAAG-1,13.780614,8.75021,s1d1
TCACTATGTAATTAGG-1,12.02815,8.149864,s1d1
TCACTATGTTCCCAAA-1,5.114687,-4.52,s1d1
TCACTATTCATTTGTC-1,14.308078,7.8021054,s1d1
TCACTCGAGTAAACGT-1,11.6460085,7.9465714,s1d1
TCACTCGCACGTAACT-1,-5.1403284,7.0209928,s1d1
TCACTCGGTAGCGAGT-1,-1.3301247,4.053236,s1d1
TCACTCGGTCTCGCGA-1,14.529364,6.5448303,s1d1
TCACTCGGTTCCCAAA-1,-5.1395283,4.4983773,s1d1
TCACTCGTCAGTGTGT-1,3.7483852,13.224608,s1d1
TCACTCGTCGGCCTTT-1,2.5527024,5.9043837,s1d1
TCACTCGTCGTGGCTG-1,8.483004,-0.118168615,s1d1
TCAGCAACAACTGCCG-1,4.0110683,16.81144,s1d1
TCAGCAACAGAGGACT-1,10.857685,-1.0975105,s1d1
TCAGCAAGTCAATCTG-1,11.404705,11.146768,s1d1
TCAGCAAGTGCCGAAA-1,10.975036,12.552523,s1d1
TCAGCCTAGAGTCACG-1,12.17865,13.977829,s1d1
TCAGCCTAGCGTGAAC-1,10.944366,6.3432117,s1d1
TCAGCCTAGTTAGTAG-1,-5.7475767,7.471135,s1d1
TCAGCCTCACCCAACG-1,12.565131,9.165263,s1d1
TCAGCCTCATCTGGGC-1,15.026769,8.257401,s1d1
TCAGCCTCATCTGTTT-1,3.820417,16.583918,s1d1
TCAGCCTGTATCAGGG-1,10.57174,11.167693,s1d1
TCAGCCTTCACCTCGT-1,10.762015,10.230098,s1d1
TCAGGGCAGGACGGAG-1,15.344889,9.161821,s1d1
TCAGGGCAGTAACAGT-1,6.136161,-5.5255117,s1d1
TCAGGGCCAACCAACT-1,2.7536201,15.462909,s1d1
TCAGGGCCATTGACCA-1,16.354687,8.903985,s1d1
TCAGGGCGTAGAAACT-1,12.978261,6.62046,s1d1
TCAGGGCGTTTACACG-1,6.3956885,-2.4433835,s1d1
TCAGGGCTCAAATGCC-1,-2.348934,4.9690733,s1d1
TCAGGGCTCCGTACGG-1,11.7467785,13.050658,s1d1
TCAGGGCTCTTCCTAA-1,6.530465,-3.5210216,s1d1
TCAGGTAAGCAGGCAT-1,2.4480898,5.918704,s1d1
TCAGGTAAGGATACCG-1,9.447233,3.7838922,s1d1
TCAGGTACACAAACGG-1,3.2548964,16.6248,s1d1
TCAGGTACACATGACT-1,5.1863513,16.562199,s1d1
TCAGGTAGTACCACGC-1,6.017006,-1.7923037,s1d1
TCAGGTAGTCCGACGT-1,6.6277914,2.5519042,s1d1
TCAGGTATCGGTAACT-1,4.897904,17.79818,s1d1
TCAGTCCAGGAGCTGT-1,4.3001714,20.28162,s1d1
TCAGTCCAGGGAGGAC-1,14.523209,6.201666,s1d1
TCAGTCCGTTCTTAGG-1,12.946612,12.421773,s1d1
TCAGTCCGTTGCCAAT-1,5.74621,-2.0149086,s1d1
TCAGTCCGTTTCGATG-1,5.0354743,19.273645,s1d1
TCAGTCCTCACCTGGG-1,-0.120704025,4.43295,s1d1
TCAGTCCTCACTTCTA-1,11.427525,11.010451,s1d1
TCAGTCCTCATTCGTT-1,10.481144,11.2260685,s1d1
TCAGTCCTCGAACGCC-1,9.733754,4.30384,s1d1
TCAGTCCTCGCAATGT-1,4.8488955,16.633314,s1d1
TCAGTGAAGAGAATCT-1,11.847987,9.807272,s1d1
TCAGTGAAGCCTCAAT-1,11.453878,9.998185,s1d1
TCAGTGAAGTAGGAAG-1,4.9138083,19.673723,s1d1
TCAGTGACACAGCCTG-1,5.6101146,16.446535,s1d1
TCAGTGAGTTACACAC-1,7.0809307,3.3859875,s1d1
TCAGTGATCCACTTCG-1,-1.8791977,6.9790697,s1d1
TCAGTGATCGTTAGTG-1,-5.7795777,9.751406,s1d1
TCAGTGATCTCATTTG-1,11.5422945,8.445943,s1d1
TCAGTGATCTTTCTAG-1,7.036634,-5.123415,s1d1
TCAGTTTAGGTTCCGC-1,15.635153,9.145868,s1d1
TCAGTTTAGTAGCATA-1,13.268923,7.489762,s1d1
TCAGTTTCAAATGATG-1,-5.5325828,12.226232,s1d1
TCAGTTTCAATCAAGA-1,10.80014,14.064132,s1d1
TCAGTTTTCCTTACCG-1,-5.0742292,4.230475,s1d1
TCAGTTTTCTATGCCC-1,13.955508,5.478421,s1d1
TCATACTAGCATCCTA-1,9.569446,3.9467285,s1d1
TCATACTAGTTGGACG-1,10.362181,7.79725,s1d1
TCATACTCACATATCG-1,8.246742,7.873033,s1d1
TCATACTCACTATGTG-1,9.481962,5.2669077,s1d1
TCATACTGTCGTCAGC-1,13.644435,12.0673275,s1d1
TCATACTGTTCGGTAT-1,-2.3280394,4.3471274,s1d1
TCATATCAGGGAGGAC-1,6.238196,-3.5867445,s1d1
TCATATCAGTCTGTAC-1,5.813432,16.642706,s1d1
TCATATCCAAGTAGTA-1,1.7984874,4.846764,s1d1
TCATATCGTCCAAGAG-1,-1.155284,4.927137,s1d1
TCATATCGTGTCTTCC-1,2.1229422,16.893358,s1d1
TCATATCGTTTCGGCG-1,9.998154,5.9018006,s1d1
TCATATCGTTTGGCTA-1,12.724096,6.399604,s1d1
TCATATCTCATCTGTT-1,1.5807836,7.413825,s1d1
TCATATCTCCCGGTAG-1,17.003641,5.1306157,s1d1
TCATATCTCCTTCACG-1,10.806789,10.387217,s1d1
TCATATCTCGTGCTCT-1,12.957455,5.965604,s1d1
TCATCATAGAGGACTC-1,6.7841477,17.856995,s1d1
TCATCATCAAAGACGC-1,9.963381,5.984359,s1d1
TCATCATCAGCTATAC-1,5.6040373,19.391506,s1d1
TCATCATCATGACGGA-1,11.469426,11.797758,s1d1
TCATCATGTCTGTGAT-1,11.9002495,12.526012,s1d1
TCATCATGTTCCGCTT-1,6.556226,-3.3742874,s1d1
TCATCATGTTGTGTAC-1,6.635161,-3.5286417,s1d1
TCATCATGTTTGCAGT-1,10.651608,10.066276,s1d1
TCATCATTCAAGAATG-1,-1.5432167,6.830621,s1d1
TCATCATTCGTAGTCA-1,13.945058,10.579869,s1d1
TCATCATTCTAGCAAC-1,10.688693,7.778738,s1d1
TCATCCGAGGTATAGT-1,-6.4425545,8.279668,s1d1
TCATCCGAGTTCCATG-1,11.128912,8.475455,s1d1
TCATCCGCAACTGTGT-1,6.472209,6.7270575,s1d1
TCATCCGCAGCCTATA-1,-4.058944,9.64079,s1d1
TCATCCGGTGCAAGAC-1,12.218277,7.692696,s1d1
TCATCCGTCACCCTCA-1,5.9392505,5.125696,s1d1
TCATCCGTCTATCGCC-1,12.1663265,12.230753,s1d1
TCATCCGTCTGCATGA-1,11.450884,8.97436,s1d1
TCATGAGAGACACACG-1,5.9008923,-1.2839088,s1d1
TCATGAGAGAGTTCGG-1,8.777011,8.139102,s1d1
TCATGAGAGCTGTTCA-1,10.440949,6.817835,s1d1
TCATGAGAGGTGTGAC-1,6.836736,-5.319922,s1d1
TCATGAGCAACACGTT-1,12.202579,8.066813,s1d1
TCATGAGGTATTCCTT-1,13.085139,5.513473,s1d1
TCATGAGGTGAATGTA-1,-3.6327975,8.811728,s1d1
TCATGAGGTTTCACAG-1,5.2258368,-1.9267075,s1d1
TCATGAGTCGTGTTCC-1,-5.9720254,8.682936,s1d1
TCATGAGTCTCGTTTA-1,4.971581,19.18091,s1d1
TCATGCCAGAGCCCAA-1,13.356935,6.6923695,s1d1
TCATGCCAGAGTTGCG-1,12.37125,8.850473,s1d1
TCATGCCAGCTGTTAC-1,8.96951,-4.586895,s1d1
TCATGCCAGGGTCTTT-1,9.785449,4.8899007,s1d1
TCATGCCAGGTAGTCG-1,10.206614,14.016511,s1d1
TCATGCCCAAGCCCAC-1,2.034203,7.839549,s1d1
TCATGCCCACCCTAAA-1,-2.3779705,3.8258471,s1d1
TCATGCCCATGACGAG-1,-0.93043476,7.3118916,s1d1
TCATGCCGTCTCTCAC-1,13.167835,12.415355,s1d1
TCATGCCGTGAATAAC-1,10.13679,18.741247,s1d1
TCATGCCTCAAGCTGT-1,10.252426,6.2031436,s1d1
TCATGCCTCCAATCTT-1,1.3987695,4.188371,s1d1
TCATGCCTCGAGCCTG-1,5.502749,-4.6173525,s1d1
TCATGGAAGAGTCAAT-1,2.2494323,6.461511,s1d1
TCATGGAAGAGTTGTA-1,4.848184,19.565535,s1d1
TCATGGAAGCAATAAC-1,10.19254,5.899783,s1d1
TCATGGAAGGACTATA-1,1.7252138,7.856268,s1d1
TCATGGACAAATTAGG-1,10.517074,7.138575,s1d1
TCATGGACACTGCGAC-1,-2.5524538,4.4025893,s1d1
TCATGGACATCCAATG-1,12.702958,8.16133,s1d1
TCATGGAGTGAACGGT-1,5.8485003,16.793259,s1d1
TCATGGAGTTAGCGGA-1,6.6181083,-4.968919,s1d1
TCATGGATCGACCATA-1,9.825086,13.110066,s1d1
TCATGGATCGCATTGA-1,5.3345475,19.395922,s1d1
TCATGGATCTCCAAGA-1,13.385397,9.594295,s1d1
TCATGGATCTCTTCAA-1,5.001264,-4.8243,s1d1
TCATGGATCTGTAAGC-1,11.889451,12.780009,s1d1
TCATGTTAGGTGAGAA-1,15.351225,8.324628,s1d1
TCATGTTAGTGGATAT-1,-1.3833953,5.8217516,s1d1
TCATGTTGTGTCTAAC-1,9.511207,5.503744,s1d1
TCATGTTGTTATGTGC-1,7.022913,3.4618928,s1d1
TCATGTTTCGCAGATT-1,-2.1457078,5.0702524,s1d1
TCATGTTTCGTAACAC-1,11.989337,8.618674,s1d1
TCATTACAGAATAGTC-1,-5.626441,8.637158,s1d1
TCATTACAGCAACAAT-1,12.787044,6.2239394,s1d1
TCATTACAGTCAGCGA-1,11.54943,11.325726,s1d1
TCATTACCACCTCAGG-1,-3.9634535,3.8938453,s1d1
TCATTACGTCTCACAA-1,0.054203153,4.334121,s1d1
TCATTACGTTGTCTAG-1,4.9795203,-4.7222476,s1d1
TCATTACTCCCATAGA-1,5.7082863,18.98072,s1d1
TCATTACTCGCCTAGG-1,-0.382768,3.269462,s1d1
TCATTCAAGATGGTAT-1,3.341703,7.7866983,s1d1
TCATTCAAGCGACATG-1,-5.067649,9.6786,s1d1
TCATTCACACAACATC-1,-3.9812036,8.286667,s1d1
TCATTCACAGAATGTA-1,11.436934,10.771434,s1d1
TCATTCACATGACTGT-1,15.024796,9.384371,s1d1
TCATTCAGTGACTGAG-1,6.448567,-2.6007931,s1d1
TCATTCATCACAACCA-1,12.62574,8.3391285,s1d1
TCATTCATCACCATCC-1,10.519226,8.867251,s1d1
TCATTCATCAGCGCAC-1,6.462192,-5.5960965,s1d1
TCATTCATCATCGGGC-1,14.643773,6.5203786,s1d1
TCATTCATCGGCACTG-1,-4.162489,7.617275,s1d1
TCATTGTAGGTCCCGT-1,11.74912,11.166464,s1d1
TCATTGTCAAGCGCTC-1,5.9574594,16.66527,s1d1
TCATTGTCACAGCTTA-1,2.4935756,14.247589,s1d1
TCATTGTCACCAGCGT-1,16.468918,6.377673,s1d1
TCATTGTCACGACGAA-1,5.9036236,-2.263782,s1d1
TCATTGTCAGGCAATG-1,9.495724,5.573219,s1d1
TCATTGTGTCAGCTTA-1,12.816055,13.120002,s1d1
TCATTGTGTTCGGCCA-1,10.3339,4.556735,s1d1
TCATTGTTCAACTGAC-1,5.1899214,16.385204,s1d1
TCATTTGAGACGCAGT-1,9.990805,10.711296,s1d1
TCATTTGAGTACAGCG-1,11.840459,11.420489,s1d1
TCATTTGAGTAGACCG-1,2.5205574,16.347624,s1d1
TCATTTGCAAATCCCA-1,-5.6207676,9.528319,s1d1
TCATTTGCAGCATCTA-1,1.9344519,17.893612,s1d1
TCATTTGCAGCTTTCC-1,4.187114,19.885187,s1d1
TCATTTGGTACCACGC-1,-1.8264481,4.2906556,s1d1
TCATTTGGTAGGCAGT-1,1.4747767,7.499305,s1d1
TCATTTGTCGGACGTC-1,-5.374973,10.490388,s1d1
TCATTTGTCTTTGCAT-1,12.317644,6.7836876,s1d1
TCCACCAAGGTCGTAG-1,15.350882,9.06089,s1d1
TCCACCACACATGAAA-1,2.1343167,17.541838,s1d1
TCCACCACAGGCATTT-1,13.272645,6.6612473,s1d1
TCCACCAGTGCCTATA-1,12.471,14.211712,s1d1
TCCACCATCGCTCTAC-1,8.393825,1.5263258,s1d1
TCCACGTAGGATCACG-1,12.166848,7.9780116,s1d1
TCCACGTCAAACTGCT-1,12.021702,9.539225,s1d1
TCCACGTCATCTCAAG-1,7.2088637,-3.2803233,s1d1
TCCACGTGTGACTAAA-1,12.009695,10.114833,s1d1
TCCACGTGTGTTCAGT-1,10.855566,11.372794,s1d1
TCCACGTGTTGACTAC-1,10.091693,-4.524998,s1d1
TCCACGTTCGTGCGAC-1,14.069263,6.9776535,s1d1
TCCAGAAAGCATCAGG-1,1.4472708,6.134786,s1d1
TCCAGAAAGCTGCGAA-1,5.331274,19.67935,s1d1
TCCAGAAGTCTTTCAT-1,10.92586,13.110204,s1d1
TCCAGAAGTGCTCTTC-1,12.175732,6.5241013,s1d1
TCCAGAAGTTAAGGGC-1,7.330223,2.9455903,s1d1
TCCAGAATCCCGTTCA-1,10.024927,4.476606,s1d1
TCCATCGAGGACGGAG-1,3.693702,16.833529,s1d1
TCCATCGAGGATAATC-1,16.990067,6.2255244,s1d1
TCCATCGCAGAGTGAC-1,1.5989751,7.025032,s1d1
TCCATCGGTCTTCTAT-1,12.483514,12.074477,s1d1
TCCATCGTCAGAGTTC-1,11.165665,11.315935,s1d1
TCCATCGTCCGTATGA-1,3.3731773,17.277876,s1d1
TCCATGCAGGTCGTAG-1,9.692657,12.499024,s1d1
TCCATGCGTGCTATTG-1,15.417845,8.680154,s1d1
TCCATGCGTTTACTTC-1,6.7572026,18.22198,s1d1
TCCATGCTCTGCGTCT-1,12.224752,6.3401294,s1d1
TCCCACACACAGCATT-1,6.1455746,-2.7493894,s1d1
TCCCACACACTACCGG-1,11.894334,6.6715045,s1d1
TCCCACACAGCCTATA-1,4.8504806,18.842102,s1d1
TCCCACACAGGCGATA-1,13.123401,9.706348,s1d1
TCCCACAGTCACAATC-1,12.241944,7.646752,s1d1
TCCCACAGTTCCATTT-1,7.981801,-1.0800755,s1d1
TCCCACATCAGATTGC-1,5.784255,-1.5831817,s1d1
TCCCACATCCGAGGCT-1,-2.1390054,7.0506554,s1d1
TCCCAGTGTTGCATCA-1,4.416683,20.062403,s1d1
TCCCATGAGAATCGTA-1,2.1336799,8.591592,s1d1
TCCCATGCAAGACTGG-1,6.850301,-5.439233,s1d1
TCCCATGCAGGTATGG-1,10.824844,13.634892,s1d1
TCCCATGCAGTTAAAG-1,10.613743,7.954892,s1d1
TCCCATGCATTCTGTT-1,9.656723,12.186461,s1d1
TCCCATGGTGAACGGT-1,8.593504,-4.2250905,s1d1
TCCCATGGTTACACTG-1,10.413909,8.147475,s1d1
TCCCATGGTTCAAGGG-1,10.439434,13.832502,s1d1
TCCCATGGTTTACACG-1,11.29428,6.6583114,s1d1
TCCCATGTCAGCCTTC-1,11.397822,9.85704,s1d1
TCCCATGTCCTTACCG-1,12.027689,9.282811,s1d1
TCCCATGTCTTCTCAA-1,10.431336,12.135434,s1d1
TCCGAAAAGAGGTTAT-1,5.566293,16.488976,s1d1
TCCGAAAAGGATCATA-1,-6.1829176,8.783706,s1d1
TCCGAAAAGGCCTAAG-1,5.4753313,-1.8243527,s1d1
TCCGAAACAAGCGCAA-1,-5.299794,9.864466,s1d1
TCCGAAACAGCCCACA-1,-5.023726,3.9191422,s1d1
TCCGAAAGTCCTGTTC-1,6.722878,18.041597,s1d1
TCCGAAAGTCGTCGGT-1,12.186593,12.309035,s1d1
TCCGAAATCTCATAGG-1,-5.263666,11.0676985,s1d1
TCCGATCAGAAATTCG-1,2.6327217,18.437141,s1d1
TCCGATCAGCCTGGAA-1,6.4367824,3.0244923,s1d1
TCCGATCCAGAACCGA-1,11.074837,9.670846,s1d1
TCCGATCGTACCTAGT-1,2.6428144,18.068672,s1d1
TCCGATCGTCACCGCA-1,9.708823,4.160596,s1d1
TCCGATCGTTACGATC-1,10.875914,12.29881,s1d1
TCCGATCGTTGCGGCT-1,-0.7344219,7.3428764,s1d1
TCCGATCTCGAATGCT-1,12.303862,8.37242,s1d1
TCCGGGAAGAGATGCC-1,11.287522,7.0965595,s1d1
TCCGGGAAGCCAGAGT-1,10.450178,10.936797,s1d1
TCCGGGAAGGCGATAC-1,7.262391,-2.777655,s1d1
TCCGGGAAGGTGATCG-1,7.860078,-0.21767406,s1d1
TCCGGGAGTATTCCTT-1,12.710342,6.780771,s1d1
TCCGGGAGTCTAACGT-1,11.129498,13.413424,s1d1
TCCGGGATCCAGTACA-1,-1.93736,4.5964355,s1d1
TCCGGGATCTCCAATT-1,4.968966,19.235565,s1d1
TCCGTGTGTAACAGGC-1,11.927493,7.874069,s1d1
TCCGTGTGTAGAGTTA-1,11.534832,12.4713545,s1d1
TCCGTGTGTAGTTCCA-1,6.6881065,-3.4667044,s1d1
TCCGTGTGTATGGTTC-1,16.171806,5.1820908,s1d1
TCCGTGTGTGTCCATA-1,12.463633,13.034993,s1d1
TCCGTGTTCACTTGGA-1,16.883757,4.7692213,s1d1
TCCGTGTTCTGCGGGT-1,-4.4614253,10.12605,s1d1
TCCGTGTTCTTCCGTG-1,11.6155815,11.864547,s1d1
TCCTAATCAATATCCG-1,12.016961,5.866379,s1d1
TCCTAATCAGTCGCAC-1,12.99406,10.106008,s1d1
TCCTAATGTACAGTCT-1,1.8845401,16.778091,s1d1
TCCTAATGTGCGGCTT-1,-0.46217373,3.44075,s1d1
TCCTAATTCACTTCTA-1,-3.7306323,6.9407024,s1d1
TCCTAATTCGAAGAAT-1,-4.41765,6.834793,s1d1
TCCTCCCAGACAGTCG-1,1.382906,4.1579695,s1d1
TCCTCCCAGGAACTAT-1,9.93285,13.367696,s1d1
TCCTCCCAGTTCACTG-1,12.964394,12.351262,s1d1
TCCTCCCCAAGGAGTC-1,10.294682,11.091933,s1d1
TCCTCCCCAAGGTACG-1,13.847791,6.9163523,s1d1
TCCTCCCCAGCTGAAG-1,4.9346657,-3.2480304,s1d1
TCCTCCCCATGTCAGT-1,12.74419,8.788011,s1d1
TCCTCCCGTACAGAGC-1,13.915099,7.287259,s1d1
TCCTCCCGTACCGGCT-1,-5.6726236,7.5751777,s1d1
TCCTCCCGTGTGCTTA-1,7.6335783,-0.49512404,s1d1
TCCTCCCTCGGCCCAA-1,1.8825074,16.803589,s1d1
TCCTCCCTCTCACCCA-1,1.6939924,5.033858,s1d1
TCCTCGAAGACCATTC-1,11.643176,12.473281,s1d1
TCCTCGAAGTCGTTAC-1,6.0265126,-2.6638863,s1d1
TCCTCGACAATGGGTG-1,3.3214982,17.294964,s1d1
TCCTCGACAGTCAGTT-1,13.359094,13.378699,s1d1
TCCTCGATCACAAGGG-1,-5.191289,7.7052355,s1d1
TCCTCGATCGGCATCG-1,2.4535682,6.1526423,s1d1
TCCTCGATCTCAGAAC-1,2.9269404,14.342594,s1d1
TCCTCTTAGGTAAACT-1,13.370452,5.3489156,s1d1
TCCTCTTAGTGCACTT-1,16.18747,8.788007,s1d1
TCCTCTTCAGATACCT-1,2.8061018,14.424561,s1d1
TCCTCTTCATGCCATA-1,5.3339767,-4.5099893,s1d1
TCCTCTTGTACCGCGT-1,6.9631224,-4.5014825,s1d1
TCCTCTTGTGCTCCGA-1,14.903796,9.40226,s1d1
TCCTCTTTCACGGAGA-1,-2.1515672,4.5333424,s1d1
TCCTCTTTCATCTGTT-1,11.785256,9.797213,s1d1
TCCTCTTTCCACACCT-1,3.1243188,4.560513,s1d1
TCCTGCACAAATTAGG-1,5.403754,-1.1109674,s1d1
TCCTGCACATCCTAAG-1,13.715688,7.687799,s1d1
TCCTGCAGTGGCTGAA-1,10.897155,11.135278,s1d1
TCCTGCAGTTGTTGAC-1,7.8953867,-0.5704573,s1d1
TCCTGCAGTTTGGGTT-1,11.615852,11.20655,s1d1
TCCTGCATCACGGACC-1,11.634575,7.470911,s1d1
TCCTTCTAGCGTGTTT-1,11.41895,6.176346,s1d1
TCCTTCTCAAGCACAG-1,6.5181847,-4.9003167,s1d1
TCCTTCTCATACTGAC-1,10.26481,4.7266726,s1d1
TCCTTCTCATCAGCGC-1,11.4212055,8.033093,s1d1
TCCTTCTGTGCCTGAC-1,1.8523047,4.038272,s1d1
TCCTTCTGTGCGTCGT-1,10.580073,7.338657,s1d1
TCCTTCTTCCGAAATC-1,5.0845213,18.344973,s1d1
TCCTTCTTCGTTTACT-1,2.3760474,16.887665,s1d1
TCCTTTCAGAGCCTGA-1,3.3106718,6.859052,s1d1
TCCTTTCAGTGCTACT-1,6.1634674,-4.5203657,s1d1
TCCTTTCCATCGCTAA-1,1.836259,4.2662683,s1d1
TCCTTTCCATCGGATT-1,4.2350645,17.37787,s1d1
TCCTTTCCATTAAGCC-1,2.0469055,6.380902,s1d1
TCCTTTCCATTGAAAG-1,2.956992,7.5356064,s1d1
TCCTTTCGTACCAATC-1,6.5200534,-5.1560216,s1d1
TCCTTTCGTAGGTAGC-1,13.582749,6.3022914,s1d1
TCCTTTCTCCTTACCG-1,6.830031,18.19088,s1d1
TCCTTTCTCGTGGACC-1,10.07467,-4.592281,s1d1
TCGAACATCGTGTGGC-1,-0.67952454,2.7904568,s1d1
TCGAACATCTCAGTCC-1,-3.635541,3.9316819,s1d1
TCGAAGTAGCAAATGT-1,2.4608147,16.83569,s1d1
TCGAAGTAGGTTACAA-1,10.156528,5.115634,s1d1
TCGAAGTAGTAAGCAT-1,11.797774,12.997015,s1d1
TCGAAGTCAAATCGGG-1,4.8959093,17.97663,s1d1
TCGAAGTCACTCAGAT-1,13.122387,6.296194,s1d1
TCGAAGTGTAGTCGGA-1,13.671238,5.4509068,s1d1
TCGAAGTGTATTGAGA-1,-1.4991437,5.4058337,s1d1
TCGAAGTGTCCCAAAT-1,13.087663,8.246773,s1d1
TCGAAGTGTCGTGGAA-1,6.983499,-3.5600972,s1d1
TCGAAGTGTGGAAATT-1,5.057084,19.26836,s1d1
TCGAAGTTCAAAGCCT-1,12.712631,5.9279137,s1d1
TCGAAGTTCATTATCC-1,5.3971753,-4.0484104,s1d1
TCGAAGTTCATTTCGT-1,10.251201,17.28447,s1d1
TCGAAGTTCTATCCAT-1,10.804014,6.3429832,s1d1
TCGACCTAGACGACGT-1,3.7542822,13.7279,s1d1
TCGACCTCAGTCAACT-1,5.1526275,17.752312,s1d1
TCGACCTTCATCACAG-1,5.493486,-2.9196615,s1d1
TCGACGGAGCAGCCCT-1,11.114943,11.568388,s1d1
TCGACGGAGCTAAACA-1,5.2937465,-1.9987658,s1d1
TCGACGGAGGATCATA-1,3.5434673,4.7076845,s1d1
TCGACGGAGTGCAGGT-1,12.069838,13.710176,s1d1
TCGACGGCAGATCCTA-1,10.689636,13.979747,s1d1
TCGACGGCAGGCACAA-1,15.286219,9.016078,s1d1
TCGACGGGTCGTGGTC-1,2.4539652,6.8932805,s1d1
TCGACGGGTTGCACGC-1,11.618673,12.734397,s1d1
TCGACGGTCATCTACT-1,7.8643374,-3.8755524,s1d1
TCGACGGTCATTCATC-1,11.742991,6.5266147,s1d1
TCGACGGTCGAGATGG-1,7.774829,-3.5180526,s1d1
TCGATTTAGGCTCACC-1,13.522497,6.508914,s1d1
TCGATTTAGTGGAATT-1,12.274472,13.94954,s1d1
TCGATTTAGTTTCAGC-1,12.519974,12.465691,s1d1
TCGATTTCAAGATCCT-1,14.86786,7.985834,s1d1
TCGATTTCAAGCCTGC-1,11.117773,12.596987,s1d1
TCGATTTCACGCGGTT-1,4.0000706,19.201906,s1d1
TCGATTTCACTGAATC-1,6.6278963,5.367194,s1d1
TCGATTTCAGTGTACT-1,4.9589295,-3.0230565,s1d1
TCGATTTGTTGTCCCT-1,10.396939,6.200512,s1d1
TCGATTTTCTACCTTA-1,5.299366,18.498516,s1d1
TCGATTTTCTCTGAGA-1,4.9087973,17.417515,s1d1
TCGCACTAGACCATTC-1,6.6493864,-2.954487,s1d1
TCGCACTGTAATGCGG-1,-6.0874786,8.047503,s1d1
TCGCACTGTGATTCTG-1,11.446693,6.8621593,s1d1
TCGCACTGTTGTCCCT-1,11.237932,5.988493,s1d1
TCGCACTTCCATAAGC-1,10.926055,11.980118,s1d1
TCGCACTTCGAGAACG-1,2.6755443,17.926369,s1d1
TCGCAGGAGACTGGGT-1,16.2111,8.874617,s1d1
TCGCAGGAGTATTGCC-1,10.80699,10.121503,s1d1
TCGCAGGCAGCTGTCG-1,-0.68534017,5.313246,s1d1
TCGCAGGCATCGATCA-1,7.39375,5.001994,s1d1
TCGCAGGCATCGTTCC-1,14.039355,6.091816,s1d1
TCGCAGGGTACGTTCA-1,11.200372,7.7280126,s1d1
TCGCAGGGTGTTGCCG-1,11.3147,7.618067,s1d1
TCGCAGGTCAGCTTCC-1,12.453509,6.508158,s1d1
TCGCAGGTCGCTTACC-1,2.0998304,17.263988,s1d1
TCGCTCAAGCACTGGA-1,10.220104,12.818682,s1d1
TCGCTCAAGGCCCACT-1,9.98714,4.745219,s1d1
TCGCTCAAGGCCGCTT-1,16.98013,7.058178,s1d1
TCGCTCACAAACGGCA-1,13.497251,6.0176406,s1d1
TCGCTCACAAGTCGTT-1,10.491947,6.4879284,s1d1
TCGCTCACAGAGTAAT-1,12.901359,11.657764,s1d1
TCGCTCACATGCCGCA-1,5.2408094,19.232924,s1d1
TCGCTCAGTGCATACT-1,14.122221,5.872259,s1d1
TCGCTTGAGAATTGTG-1,-5.009984,3.9943292,s1d1
TCGCTTGAGTATCCTG-1,16.814362,5.924062,s1d1
TCGCTTGAGTCATACC-1,5.6223235,-2.0191987,s1d1
TCGCTTGAGTGTCATC-1,-0.6230608,3.2700121,s1d1
TCGCTTGCACGACGTC-1,-0.076663785,4.219476,s1d1
TCGCTTGGTGCGGATA-1,16.951206,6.0266457,s1d1
TCGCTTGGTGTCGATT-1,10.887643,12.320437,s1d1
TCGGATACAATTTCTC-1,5.319009,18.918613,s1d1
TCGGATACATAGGTTC-1,11.9851675,10.586469,s1d1
TCGGATAGTCAAACGG-1,6.4441977,-5.2051024,s1d1
TCGGATAGTCATCGGC-1,5.189597,-2.1123316,s1d1
TCGGATAGTGATACAA-1,11.051159,12.623806,s1d1
TCGGATAGTTCCAGGC-1,5.194411,18.86086,s1d1
TCGGATAGTTGGACCC-1,4.985515,19.355974,s1d1
TCGGATATCTACAGGT-1,5.890929,16.660912,s1d1
TCGGATATCTACTGAG-1,14.296998,8.526627,s1d1
TCGGGACAGAACTGAT-1,2.5885456,17.24656,s1d1
TCGGGACAGGTAGTAT-1,10.984431,-1.1605197,s1d1
TCGGGACAGTTCTCTT-1,5.4853845,-4.5952888,s1d1
TCGGGACCACGCCAGT-1,-5.307052,8.059848,s1d1
TCGGGACCACGTGTGC-1,11.695486,9.491409,s1d1
TCGGGACGTATGGGAC-1,10.5401125,10.048942,s1d1
TCGGGACGTATTGCCA-1,4.9472785,20.12127,s1d1
TCGGGACGTTGTGCAT-1,11.087867,12.838084,s1d1
TCGGGACTCAAGAATG-1,5.7358446,-3.9973264,s1d1
TCGGGCAAGCAGGCTA-1,9.965676,5.0320063,s1d1
TCGGGCAAGTATCCTG-1,6.157441,-4.898348,s1d1
TCGGGCAAGTCCGCGT-1,10.936305,11.581503,s1d1
TCGGGCACAGACGATG-1,11.251611,5.6884246,s1d1
TCGGGCACATCAACCA-1,-5.8349795,8.421446,s1d1
TCGGGCAGTTCGGCCA-1,14.132141,10.1932125,s1d1
TCGGGCATCAAAGCCT-1,7.299592,-4.050451,s1d1
TCGGGCATCATACGGT-1,-5.277242,9.7457695,s1d1
TCGGGCATCCTATTGT-1,6.073944,-3.5217988,s1d1
TCGGGTGAGTATGACA-1,0.24320887,4.9238195,s1d1
TCGGGTGCAATGGGTG-1,9.742207,5.340838,s1d1
TCGGGTGCACGTAGTT-1,10.112204,5.336284,s1d1
TCGGGTGCATTGTAGC-1,12.071651,7.683968,s1d1
TCGGGTGGTGTTGCCG-1,12.009664,8.815311,s1d1
TCGGGTGTCAACACCA-1,10.407156,12.722724,s1d1
TCGGTCTAGAAGTCTA-1,2.5034568,8.573376,s1d1
TCGGTCTAGATTACCC-1,6.7665153,5.583426,s1d1
TCGGTCTAGTTTCAGC-1,3.3458033,3.3428307,s1d1
TCGGTCTCAAAGTGTA-1,9.196334,4.274824,s1d1
TCGGTCTCAACTTCTT-1,11.545431,12.379112,s1d1
TCGGTCTCACGACGTC-1,11.712773,9.765863,s1d1
TCGGTCTCAGGATGAC-1,2.7275898,18.248379,s1d1
TCGGTCTGTCAAGTTC-1,13.067171,5.907795,s1d1
TCGGTCTGTGTCACAT-1,14.704006,8.549861,s1d1
TCGGTCTGTTAAACAG-1,-2.1768715,5.559143,s1d1
TCGGTCTTCGATTGAC-1,-5.5664334,12.074713,s1d1
TCGTAGAAGATCCCGC-1,-3.8849971,9.835299,s1d1
TCGTAGAAGCGTACAG-1,10.705763,13.417014,s1d1
TCGTAGACAAAGGGCT-1,11.238088,9.965607,s1d1
TCGTAGACAAATCCCA-1,12.361254,12.505873,s1d1
TCGTAGAGTACGTACT-1,12.345292,10.078434,s1d1
TCGTAGAGTAGGCAAC-1,10.626457,6.7301846,s1d1
TCGTAGAGTTCCATTT-1,10.603372,11.0247,s1d1
TCGTAGATCAGCCTCT-1,12.872157,5.948112,s1d1
TCGTAGATCGAACACT-1,-1.9426668,4.5149155,s1d1
TCGTAGATCTTTGGAG-1,9.555435,5.6773443,s1d1
TCGTCCAAGAGGTCAC-1,11.552378,8.113527,s1d1
TCGTCCAAGCCTCTTC-1,14.889826,8.192705,s1d1
TCGTCCAAGTAGTCAA-1,12.428318,8.339473,s1d1
TCGTCCAAGTGGAATT-1,11.7795315,6.9955406,s1d1
TCGTCCACAACGACAG-1,-0.9930293,2.5739517,s1d1
TCGTCCACAATCTAGC-1,11.720449,7.9929953,s1d1
TCGTCCACAATTGCGT-1,12.190628,9.024621,s1d1
TCGTCCACACCGTGGT-1,11.087323,12.674251,s1d1
TCGTCCACAGTAGATA-1,5.962785,-5.0809875,s1d1
TCGTCCAGTACGATCT-1,-5.7956867,9.974486,s1d1
TCGTCCATCAAACCCA-1,3.8326485,17.041294,s1d1
TCGTGCTAGCCTGGAA-1,10.824663,13.652473,s1d1
TCGTGCTAGCGAGTAC-1,11.366615,8.270984,s1d1
TCGTGCTAGGTAGTAT-1,12.536313,10.523498,s1d1
TCGTGCTAGGTGCGAT-1,-4.9500623,10.241477,s1d1
TCGTGCTAGGTTAAAC-1,12.131171,12.137469,s1d1
TCGTGCTCAGTTCTAG-1,12.323675,8.097461,s1d1
TCGTGCTCATGAAAGT-1,15.839523,8.639552,s1d1
TCGTGCTTCAGGGATG-1,6.9674687,17.95601,s1d1
TCGTGCTTCCCGAGAC-1,13.753529,10.78758,s1d1
TCGTGCTTCTACACTT-1,-5.4578676,7.081968,s1d1
TCGTGGGAGACCCTTA-1,12.141068,12.039635,s1d1
TCGTGGGCAATCCTAG-1,9.573378,4.0315776,s1d1
TCGTGGGCAGGATCTT-1,-0.28004718,3.0082123,s1d1
TCGTGGGCAGTGAGCA-1,3.1048105,7.17094,s1d1
TCGTGGGGTCGATTCA-1,3.7969213,4.675808,s1d1
TCGTGGGTCACATACG-1,16.242945,8.958378,s1d1
TCGTGGGTCCGTAATG-1,5.4763913,20.018415,s1d1
TCGTGGGTCGCATTAG-1,4.2064953,19.31261,s1d1
TCGTGGGTCTCGCTTG-1,-3.9313514,10.165878,s1d1
TCTAACTAGCCAAGCA-1,12.658558,12.655148,s1d1
TCTAACTAGTAGACAT-1,3.5299184,17.505653,s1d1
TCTAACTCAACTGTGT-1,13.182558,6.10899,s1d1
TCTAACTCAGAGCCCT-1,6.1896396,18.710245,s1d1
TCTAACTCAGCCCACA-1,1.3792593,7.212007,s1d1
TCTAACTCAGCGGATA-1,13.202565,5.3697724,s1d1
TCTAACTCATACCACA-1,14.216946,10.60814,s1d1
TCTAACTGTAATGCGG-1,11.982341,9.180832,s1d1
TCTAACTGTACTTGTG-1,6.425953,-3.7796323,s1d1
TCTAACTGTTGCATAC-1,7.1683955,-0.34127837,s1d1
TCTAACTTCACTCACC-1,14.854574,5.9708104,s1d1
TCTAACTTCCACTTTA-1,5.151138,18.887737,s1d1
TCTAACTTCTTCCCAG-1,8.618543,4.2485127,s1d1
TCTACATAGACATCCT-1,11.133793,7.906503,s1d1
TCTACATAGATGTTGA-1,12.750212,7.4125695,s1d1
TCTACATAGCCGAACA-1,-5.0544944,7.5445557,s1d1
TCTACATAGGAACGAA-1,12.149994,12.778584,s1d1
TCTACATAGTTCATGC-1,6.624416,-3.189984,s1d1
TCTACATGTGTATACC-1,-0.7666731,7.3235264,s1d1
TCTACATTCAGCTCTC-1,2.831869,4.6778316,s1d1
TCTACATTCATAAGGA-1,12.4421425,11.758916,s1d1
TCTACCGAGCAACTTC-1,5.7215905,3.7536237,s1d1
TCTACCGCAGCAGTAG-1,3.8838146,14.131186,s1d1
TCTACCGGTACAGTAA-1,10.875926,7.225314,s1d1
TCTACCGGTGATGAAT-1,5.6430917,3.6896515,s1d1
TCTACCGGTGATTCTG-1,-4.2357407,8.395782,s1d1
TCTACCGGTGCTCTTC-1,3.1995735,16.882067,s1d1
TCTACCGGTTACGATC-1,10.371121,10.5190735,s1d1
TCTACCGGTTGCCATA-1,4.970432,19.376535,s1d1
TCTACCGTCCCGTGTT-1,2.9928076,4.6068993,s1d1
TCTACCGTCTGGAGAG-1,3.7062175,6.706518,s1d1
TCTACCGTCTTCGATT-1,5.3432393,-4.756161,s1d1
TCTATACAGCCTCAAT-1,9.151876,2.086588,s1d1
TCTATACAGCTAGCCC-1,11.939924,8.234259,s1d1
TCTATACAGTTCCATG-1,12.754429,7.6754584,s1d1
TCTATACCACTTCAAG-1,-3.6303396,9.898821,s1d1
TCTATACCAGTTCCAA-1,-0.09011671,4.538129,s1d1
TCTATACCATAGACTC-1,4.8623524,19.231386,s1d1
TCTATACGTAGAGACC-1,12.853722,13.189587,s1d1
TCTATACGTGTGAATA-1,12.311107,13.428971,s1d1
TCTATACTCCGATGCG-1,5.0444207,18.257858,s1d1
TCTATCACAAAGGCGT-1,15.557633,5.797781,s1d1
TCTATCACAATATCCG-1,-0.62675923,2.8084302,s1d1
TCTATCACATCTCATT-1,10.164362,18.156687,s1d1
TCTATCAGTATATGGA-1,1.6008154,8.527534,s1d1
TCTATCAGTGGGCTCT-1,-0.2001744,5.2207794,s1d1
TCTATCAGTGTTACTG-1,-5.9271817,8.154156,s1d1
TCTATCATCCGTGCGA-1,10.956655,12.640368,s1d1
TCTATCATCTCAGGCG-1,8.552377,0.8138912,s1d1
TCTATCATCTTGTGCC-1,11.743071,12.988955,s1d1
TCTCACGAGCATTTGC-1,11.161155,7.852094,s1d1
TCTCACGAGTCAAGCG-1,3.5532753,7.2007675,s1d1
TCTCACGCAAGGGTCA-1,15.680367,5.3869414,s1d1
TCTCACGCAAGTGCAG-1,10.629067,12.369248,s1d1
TCTCACGCAATACCTG-1,9.466529,3.4031615,s1d1
TCTCACGCAGTGACCC-1,2.5421946,7.8865256,s1d1
TCTCACGCATGAGTAA-1,1.9071547,6.897204,s1d1
TCTCACGGTGCACAAG-1,6.064281,-2.96626,s1d1
TCTCACGGTGCTGCAC-1,3.3735757,4.8265767,s1d1
TCTCACGTCAGGACAG-1,10.76182,14.133577,s1d1
TCTCACGTCGGTTAGT-1,2.7816362,16.809662,s1d1
TCTCAGCAGACCTCAT-1,11.389879,12.9010105,s1d1
TCTCAGCAGGTAGACC-1,10.589959,6.6285377,s1d1
TCTCAGCCAGTTACCA-1,14.126943,9.554421,s1d1
TCTCAGCGTAGTCGTT-1,16.563309,8.937801,s1d1
TCTCAGCGTCCCTGAG-1,12.6244,5.6868415,s1d1
TCTCAGCGTCTTGGTA-1,2.8190966,4.7621775,s1d1
TCTCAGCTCAACACCA-1,16.7949,5.29877,s1d1
TCTCAGCTCTGGGCAC-1,8.376013,0.8289814,s1d1
TCTCCGAAGTCAGGGT-1,11.204163,7.4231486,s1d1
TCTCCGACACAGCTGC-1,12.061068,11.201138,s1d1
TCTCCGACAGTTTGGT-1,11.153324,8.7564,s1d1
TCTCCGAGTGCAGATG-1,-0.33858663,5.205225,s1d1
TCTCTGGAGACCAAGC-1,10.268166,19.140713,s1d1
TCTCTGGAGACTCTTG-1,9.930111,18.33819,s1d1
TCTCTGGAGATAACGT-1,5.5009584,-1.9599255,s1d1
TCTCTGGAGCCTCACG-1,10.390384,5.1548657,s1d1
TCTCTGGAGTAACGAT-1,6.7360435,-4.9325876,s1d1
TCTCTGGAGTCAGGGT-1,11.148816,10.712142,s1d1
TCTCTGGCAAGGATGC-1,10.229465,12.3418665,s1d1
TCTCTGGCAGCACCCA-1,5.4033227,19.18413,s1d1
TCTCTGGGTGCATCTA-1,3.7124276,5.9140887,s1d1
TCTCTGGTCCTACGGG-1,17.109417,4.8817825,s1d1
TCTCTGGTCGCATGAT-1,-5.961306,9.016955,s1d1
TCTGCCAAGAAGTCTA-1,3.1916754,7.576035,s1d1
TCTGCCAAGGGATCTG-1,5.665084,-4.464011,s1d1
TCTGCCAAGTTGAAAC-1,10.4799595,12.850088,s1d1
TCTGCCACACAGAGAC-1,13.0071535,5.296347,s1d1
TCTGCCACATTCCTCG-1,4.7893057,18.776928,s1d1
TCTGCCAGTATCGATC-1,12.301637,6.8762283,s1d1
TCTGCCATCTGGCTGG-1,11.900359,11.279295,s1d1
TCTGGCTAGTCCTGCG-1,12.260467,13.359107,s1d1
TCTGGCTCACTACGGC-1,-5.1824956,4.2037864,s1d1
TCTGGCTCATCCAATG-1,5.387199,-5.218748,s1d1
TCTGGCTGTCTAACGT-1,5.7981224,16.323874,s1d1
TCTGGCTGTTGCAACT-1,5.46942,19.172049,s1d1
TCTGGCTGTTGGAGGT-1,6.834162,-4.049758,s1d1
TCTGGCTTCGCTACGG-1,5.5840316,-2.9451206,s1d1
TCTGGCTTCGGTAGGA-1,12.208409,12.473899,s1d1
TCTGTCGAGGTTGGTG-1,5.160745,16.334343,s1d1
TCTGTCGAGTGGAAAG-1,10.66697,14.496518,s1d1
TCTGTCGGTCGATTCA-1,4.023532,18.797112,s1d1
TCTGTCGGTTAGGGAC-1,11.546151,6.4150496,s1d1
TCTGTCGTCGTTCGCT-1,-4.22784,10.046952,s1d1
TCTTAGTAGACATATG-1,3.3363464,4.6660085,s1d1
TCTTAGTAGCCTCCAG-1,11.914367,12.841382,s1d1
TCTTAGTAGTCGGGAT-1,6.2439785,-5.1229014,s1d1
TCTTAGTCACGCAGTC-1,6.5256915,-4.9035873,s1d1
TCTTAGTCAGCAGTCC-1,5.421315,-3.2504506,s1d1
TCTTAGTCAGGTCAAG-1,10.099319,9.91293,s1d1
TCTTAGTGTTAGAAGT-1,-4.035227,8.54231,s1d1
TCTTAGTTCACAAGAA-1,10.972109,12.642923,s1d1
TCTTAGTTCAGCTGAT-1,10.972955,6.234485,s1d1
TCTTAGTTCCAGTGCG-1,11.402329,6.9253573,s1d1
TCTTAGTTCCTACAAG-1,16.92609,8.580324,s1d1
TCTTCCTAGATTAGAC-1,12.046586,8.521792,s1d1
TCTTCCTAGGCAGGGA-1,2.3117914,8.459052,s1d1
TCTTCCTAGGTGCTGA-1,10.166393,18.299074,s1d1
TCTTCCTCAACTTGGT-1,7.24141,-5.317969,s1d1
TCTTCCTCAAGTGATA-1,11.632003,6.761269,s1d1
TCTTCCTCACTTGTCC-1,6.2029204,-2.341581,s1d1
TCTTCCTGTACCCGCA-1,5.3305817,17.089542,s1d1
TCTTCCTGTCAATCTG-1,14.416314,8.348626,s1d1
TCTTCCTGTCTCGGGT-1,15.430488,5.7181773,s1d1
TCTTCCTGTGGGCTTC-1,5.508407,18.919605,s1d1
TCTTCCTGTGTCCGGT-1,1.9879737,4.444096,s1d1
TCTTCCTTCACCGACG-1,16.73916,5.685393,s1d1
TCTTCCTTCTTACGGA-1,2.8479738,16.246864,s1d1
TCTTGCGCAACCAATC-1,5.040595,-3.683611,s1d1
TCTTGCGCAATACCTG-1,1.7692053,16.845098,s1d1
TCTTGCGTCCATATGG-1,4.2699547,17.46435,s1d1
TCTTGCGTCCTTGGAA-1,5.43466,-3.1046257,s1d1
TCTTGCGTCGAGCACC-1,5.8746676,16.001064,s1d1
TCTTTGAAGATAACAC-1,6.3291354,-2.5061643,s1d1
TCTTTGAAGATGCGAC-1,4.425575,16.970348,s1d1
TCTTTGAAGGACGCAT-1,14.350805,7.821845,s1d1
TCTTTGAAGGCACCAA-1,-0.8021586,4.722681,s1d1
TCTTTGAAGGGCAGTT-1,10.731577,6.5035596,s1d1
TCTTTGACAAAGAACT-1,10.692264,7.4042454,s1d1
TCTTTGACACAGACGA-1,-6.1516137,8.480512,s1d1
TCTTTGACACGCTGCA-1,11.442838,8.625388,s1d1
TCTTTGACACTTGGGC-1,5.4629807,-4.0511417,s1d1
TCTTTGACAGGGACTA-1,12.612507,6.303475,s1d1
TCTTTGAGTACCACGC-1,-0.37855998,4.96776,s1d1
TCTTTGAGTACTTGTG-1,10.314373,8.667381,s1d1
TCTTTGATCAGGAGAC-1,7.4743404,-4.702904,s1d1
TCTTTGATCCGTGCGA-1,6.670205,18.016413,s1d1
TCTTTGATCTTGCAGA-1,12.614986,12.901706,s1d1
TGAACGTAGGACATCG-1,6.4906163,-4.851878,s1d1
TGAACGTAGGCCTGCT-1,6.5323815,-2.2125633,s1d1
TGAACGTAGTCACTCA-1,11.723636,8.851009,s1d1
TGAACGTAGTGATAAC-1,7.0161395,2.6634288,s1d1
TGAACGTCAAGCGATG-1,3.1704428,7.0752854,s1d1
TGAACGTCAAGTCGTT-1,-2.173148,4.650335,s1d1
TGAACGTCATGGCCCA-1,9.742983,0.54358137,s1d1
TGAACGTGTAGTCGTT-1,13.802584,6.4294143,s1d1
TGAACGTTCAAGAATG-1,2.3721974,17.305729,s1d1
TGAACGTTCACTTCTA-1,12.213391,6.163173,s1d1
TGAACGTTCAGGAACG-1,5.9634123,-5.0943484,s1d1
TGAACGTTCGGCTGAC-1,11.418674,9.436712,s1d1
TGAACGTTCTTGTTAC-1,4.217318,16.689398,s1d1
TGAATCGAGACCATAA-1,-5.212514,8.336401,s1d1
TGAATCGAGCTATCCA-1,-4.793144,10.455478,s1d1
TGAATCGAGTCGCCAC-1,11.600702,9.778487,s1d1
TGAATCGCAAGCAGGT-1,10.966183,6.602653,s1d1
TGAATCGGTATGAGGC-1,5.853754,5.018633,s1d1
TGAATCGTCCGCTTAC-1,-4.48875,9.851515,s1d1
TGAATCGTCTGCGTCT-1,1.6345099,8.39728,s1d1
TGAATCGTCTTGTGCC-1,11.655129,10.09301,s1d1
TGAATGCAGTAACCTC-1,-1.4531858,4.2747626,s1d1
TGAATGCAGTTTGAGA-1,9.637604,2.1981952,s1d1
TGAATGCCAAAGGATT-1,8.99155,4.8227916,s1d1
TGAATGCCAGGTCAAG-1,9.86991,-4.6184907,s1d1
TGACAGTAGACTCTAC-1,10.156285,5.860851,s1d1
TGACAGTAGCCTCTCT-1,6.788706,3.3236408,s1d1
TGACAGTCAGAGGGTT-1,10.577772,7.982314,s1d1
TGACAGTCAGGTCTCG-1,2.667149,17.829906,s1d1
TGACAGTCATCTTCGC-1,10.666561,11.101736,s1d1
TGACAGTTCAAAGACA-1,14.357226,8.775938,s1d1
TGACAGTTCATTACCT-1,14.162088,6.4839597,s1d1
TGACAGTTCCAGCTCT-1,16.585386,5.241457,s1d1
TGACAGTTCGCCCAGA-1,6.2354503,-2.8712895,s1d1
TGACAGTTCTTCTAAC-1,5.5443892,-3.3561878,s1d1
TGACCCTAGATGACCG-1,11.967986,7.7145505,s1d1
TGACCCTCAATGAAAC-1,10.171067,4.727005,s1d1
TGACCCTCACTCGATA-1,12.838272,5.881623,s1d1
TGACCCTCATTGAGGG-1,14.302767,8.527627,s1d1
TGACCCTGTAGACAGC-1,-1.1091323,7.268684,s1d1
TGACCCTGTCCTACGG-1,5.5656424,-4.813302,s1d1
TGACCCTGTGCTTATG-1,14.161391,6.2160625,s1d1
TGACCCTTCCTGGGAC-1,6.3950033,-2.3108032,s1d1
TGACCCTTCTTCCTAA-1,12.423283,6.0764785,s1d1
TGACGCGAGACCAACG-1,5.156349,-2.173751,s1d1
TGACGCGCAAGTGTCT-1,4.018188,13.340543,s1d1
TGACGCGCAGGGTTGA-1,10.523299,6.689755,s1d1
TGACGCGCATTAGGCT-1,3.016316,5.680925,s1d1
TGACGCGCATTCCTCG-1,5.305862,-2.4092705,s1d1
TGACGCGGTAGGAGGG-1,7.8776574,-4.771838,s1d1
TGACGCGTCAGGGTAG-1,13.464694,5.1982684,s1d1
TGACGCGTCATGAGTC-1,5.410363,19.434656,s1d1
TGACGCGTCCGAAATC-1,1.8344135,17.258888,s1d1
TGACGCGTCTCTCGCA-1,-1.7652608,7.0558596,s1d1
TGACTCCAGAACCCGA-1,9.777774,4.6805997,s1d1
TGACTCCCAACGGCCT-1,12.105544,9.051771,s1d1
TGACTCCCAGAGTCAG-1,15.039147,9.223656,s1d1
TGACTCCCATCTCATT-1,10.948709,9.718622,s1d1
TGACTCCGTCACGACC-1,10.959265,10.24894,s1d1
TGACTCCGTGCGGTAA-1,1.3521452,7.2864714,s1d1
TGACTCCGTGGTAATA-1,13.298963,13.9766,s1d1
TGACTCCTCCTTCAGC-1,11.789069,11.624229,s1d1
TGACTCCTCGGTTAGT-1,11.241981,10.921544,s1d1
TGAGACTAGATGTTAG-1,-5.0472293,7.6006603,s1d1
TGAGACTAGCGTCTCG-1,-2.5965276,4.804862,s1d1
TGAGACTAGGCCTGAA-1,5.38996,16.437387,s1d1
TGAGACTAGGCGAAGG-1,5.6379485,-0.7281741,s1d1
TGAGACTGTAACACCT-1,-3.7350023,10.115901,s1d1
TGAGACTGTACGTGTT-1,13.573753,9.998424,s1d1
TGAGACTTCAAGGAGC-1,11.28007,14.042363,s1d1
TGAGCATAGGATTTAG-1,2.3765652,8.5984745,s1d1
TGAGCATAGGGTACGT-1,10.718209,7.1217904,s1d1
TGAGCATAGGTCCAGA-1,8.140559,0.7526965,s1d1
TGAGCATCAGCACAGA-1,5.8129544,-5.3862343,s1d1
TGAGCATGTCTACTGA-1,11.570916,13.865723,s1d1
TGAGCATTCCAACACA-1,2.0754023,17.196802,s1d1
TGAGCATTCGCGTGAC-1,13.70079,10.644117,s1d1
TGAGCATTCGGATACT-1,11.276697,12.472899,s1d1
TGAGCGCAGAGAGCGG-1,6.106139,4.848201,s1d1
TGAGCGCAGCAACCAG-1,11.397675,9.457907,s1d1
TGAGCGCAGTCATAGA-1,14.298752,10.729245,s1d1
TGAGCGCCAGCGGTTC-1,10.26012,7.0914984,s1d1
TGAGCGCGTCTCGCGA-1,6.103902,-0.975379,s1d1
TGAGCGCGTGCCCTTT-1,3.8083053,18.989285,s1d1
TGAGCGCGTGTATCCA-1,8.909283,2.264857,s1d1
TGAGCGCGTGTCATCA-1,12.303935,13.81722,s1d1
TGAGCGCTCATAAGGA-1,3.2580996,2.5400317,s1d1
TGAGGAGAGAAGAGCA-1,-5.5033407,8.719319,s1d1
TGAGGAGAGGAGGGTG-1,9.320359,4.3875275,s1d1
TGAGGAGCAGGAATAT-1,17.073284,5.174837,s1d1
TGAGGAGCAGTTCCAA-1,9.174248,1.192401,s1d1
TGAGGAGCATATCTCT-1,12.085584,9.96542,s1d1
TGAGGAGGTGCCTTTC-1,11.203208,7.605668,s1d1
TGAGGAGTCACCTGTC-1,10.78439,6.6465197,s1d1
TGAGGAGTCCATTTAC-1,-4.535612,6.8538427,s1d1
TGAGGAGTCCTTCTAA-1,12.47375,12.551761,s1d1
TGAGGAGTCGCCTAGG-1,-1.8638157,3.9030824,s1d1
TGAGGAGTCGTTCGCT-1,5.101572,16.769566,s1d1
TGAGGAGTCTATTCGT-1,15.515771,8.554518,s1d1
TGAGGAGTCTGACCCT-1,10.691577,5.765881,s1d1
TGAGGAGTCTGGTGCG-1,12.499812,7.8780017,s1d1
TGAGGGAAGCGGATCA-1,0.03278044,4.458849,s1d1
TGAGGGAAGGGTGGGA-1,10.60275,14.044041,s1d1
TGAGGGAGTCCCTAAA-1,10.746218,8.6049185,s1d1
TGAGGGAGTGCAGTGA-1,13.069635,6.4918942,s1d1
TGAGGGAGTTCTGAGT-1,10.008463,5.5868073,s1d1
TGAGGTTAGTCCTGCG-1,12.514664,8.893,s1d1
TGAGGTTCAGCACCCA-1,-0.62348104,4.262378,s1d1
TGAGGTTCATTGCCGG-1,-0.038201578,4.1273303,s1d1
TGAGGTTGTCAAAGTA-1,9.177204,2.3518283,s1d1
TGAGGTTGTCGAGCTC-1,13.995313,6.7819557,s1d1
TGAGGTTGTCTCGCGA-1,3.6204593,4.767023,s1d1
TGAGGTTGTTCGGTCG-1,-4.7428455,10.861449,s1d1
TGAGGTTGTTGCCAAT-1,9.869213,4.48477,s1d1
TGAGGTTGTTGCTTGA-1,11.708475,12.082938,s1d1
TGAGGTTTCAGGACGA-1,13.753849,5.0925746,s1d1
TGAGGTTTCCGGCAGT-1,2.6808498,18.229052,s1d1
TGAGTCAAGCTATCCA-1,1.0375887,6.0335164,s1d1
TGAGTCAAGTGCAAAT-1,-5.720741,7.7683306,s1d1
TGAGTCAAGTGGTTAA-1,5.0488844,-3.416274,s1d1
TGAGTCACAATCGCCG-1,12.467813,8.582441,s1d1
TGAGTCACAATTTCTC-1,-1.245457,6.500657,s1d1
TGAGTCACACCAACAT-1,2.1456237,3.9447386,s1d1
TGAGTCAGTAAGTTAG-1,12.777814,7.5924997,s1d1
TGAGTCAGTGGTCAAG-1,10.4135895,12.962177,s1d1
TGATCAGAGGCCTAAG-1,-5.117727,11.881021,s1d1
TGATCAGAGGGAGGGT-1,16.069172,7.1284904,s1d1
TGATCAGAGGTGCGAT-1,10.9094515,7.132752,s1d1
TGATCAGCATCTGTTT-1,12.29764,11.785732,s1d1
TGATCAGGTCCAGAAG-1,6.541067,-0.39749244,s1d1
TGATCAGTCATCACAG-1,11.0957365,7.850163,s1d1
TGATCTTAGGCTAAAT-1,12.677438,11.89235,s1d1
TGATCTTAGTAGAATC-1,14.687345,6.0727043,s1d1
TGATCTTCAGCTGTAT-1,3.7613952,16.818262,s1d1
TGATCTTGTAGAGACC-1,12.98969,6.250547,s1d1
TGATCTTGTGGCACTC-1,6.679359,-5.624671,s1d1
TGATCTTTCATGAAAG-1,12.208497,14.018074,s1d1
TGATCTTTCCGCGGAT-1,10.59484,10.257724,s1d1
TGATCTTTCTTGTTAC-1,4.4668927,4.6620107,s1d1
TGATGCAAGATGGCAC-1,12.556516,12.853721,s1d1
TGATGCAAGCGGGTAT-1,10.918408,7.332732,s1d1
TGATGCAAGGTTCCGC-1,10.591085,13.004488,s1d1
TGATGCACAGGCGAAT-1,2.7827613,8.145468,s1d1
TGATGCACATCTCATT-1,3.75215,4.6987805,s1d1
TGATGCAGTACGTACT-1,11.702796,7.4006906,s1d1
TGATGCAGTCAGACTT-1,6.67095,3.4078352,s1d1
TGATGCAGTGTTGAGG-1,1.3309714,4.7056007,s1d1
TGATGCATCAGCATTG-1,13.791028,5.5976357,s1d1
TGATGCATCATGGAGG-1,7.2264934,3.0077593,s1d1
TGATGGTAGCGTGCCT-1,10.251625,14.161308,s1d1
TGATGGTAGGCCCGTT-1,5.065454,19.921618,s1d1
TGATGGTAGTGGACGT-1,15.930995,5.8923974,s1d1
TGATGGTCAGAGGGTT-1,11.362126,10.266958,s1d1
TGATGGTCAGCAGTAG-1,10.055412,5.3317575,s1d1
TGATGGTGTAGGACTG-1,9.048423,1.6152222,s1d1
TGATGGTGTCACGTGC-1,8.617303,-4.357176,s1d1
TGATGGTGTTTGACAC-1,11.950414,12.949525,s1d1
TGATGGTTCAAGTCGT-1,2.2347364,17.86009,s1d1
TGATGGTTCCATCTCG-1,11.169139,9.809881,s1d1
TGATGGTTCCGTGTGG-1,14.422775,6.7138233,s1d1
TGATGGTTCCTATTGT-1,2.5237758,17.823982,s1d1
TGATGGTTCTCTCTAA-1,10.700186,10.9406395,s1d1
TGATTCTAGAGATTCA-1,2.6482725,5.5322394,s1d1
TGATTCTAGATACATG-1,4.231539,19.776499,s1d1
TGATTCTAGCAAGTCG-1,3.320607,16.315025,s1d1
TGATTCTAGCGCAATG-1,9.724486,18.265228,s1d1
TGATTCTAGCGTACAG-1,5.243905,19.105465,s1d1
TGATTCTCAGGTCTCG-1,6.8997836,-5.154444,s1d1
TGATTCTGTCCTGTCT-1,9.612391,4.90189,s1d1
TGATTCTTCTGGGCAC-1,11.435252,13.31965,s1d1
TGATTTCAGATCCTAC-1,13.305049,13.032346,s1d1
TGATTTCAGGTAAGGA-1,12.451995,10.322522,s1d1
TGATTTCCAAGAGAGA-1,15.293343,8.458974,s1d1
TGATTTCCACGACGCT-1,9.908206,18.495369,s1d1
TGATTTCCAGCGGATA-1,11.727672,10.107803,s1d1
TGATTTCCAGCGTGAA-1,11.347266,7.0914173,s1d1
TGATTTCCAGCTTCCT-1,11.976672,10.979106,s1d1
TGATTTCTCTGTCGTC-1,12.261203,6.6139045,s1d1
TGCACGGAGGAAGTAG-1,11.674706,8.739287,s1d1
TGCACGGAGGGTGGGA-1,10.779381,12.43301,s1d1
TGCACGGAGGTTGGAC-1,15.6627245,8.417083,s1d1
TGCACGGCAAGAAACT-1,11.618921,12.781139,s1d1
TGCACGGGTACATTGC-1,12.639097,7.415201,s1d1
TGCACGGGTCCAATCA-1,11.92039,6.525703,s1d1
TGCACGGGTGCCTTCT-1,3.5412765,16.326916,s1d1
TGCACGGGTGGTACAG-1,5.5714536,-1.871462,s1d1
TGCACGGGTGTCATTG-1,16.605352,8.67939,s1d1
TGCACGGTCAGGACAG-1,2.7266483,8.10313,s1d1
TGCACGGTCCACTGGG-1,9.552762,5.5981503,s1d1
TGCACGGTCCCTCATG-1,-5.700223,7.2758255,s1d1
TGCACGGTCGGTCTAA-1,-5.8372927,9.14092,s1d1
TGCACGGTCTAGTACG-1,12.529543,6.217959,s1d1
TGCAGATAGATACAGT-1,9.498139,3.8978765,s1d1
TGCAGATAGTGGAAAG-1,5.0591173,14.210761,s1d1
TGCAGATCAAATACGA-1,11.950931,12.173568,s1d1
TGCAGATCAAGTCATC-1,5.961085,19.025003,s1d1
TGCAGATCAGCGCTTG-1,10.719518,8.7565975,s1d1
TGCAGATCATCGTGCG-1,10.724133,12.925962,s1d1
TGCAGATCATGACTAC-1,5.1373158,-3.2143252,s1d1
TGCAGATGTCACAGTT-1,1.6654319,6.986121,s1d1
TGCAGATGTCCTGGTG-1,9.897135,4.4713364,s1d1
TGCAGATGTGGCTCTG-1,5.988063,5.0172424,s1d1
TGCAGATGTTCTTGTT-1,5.688796,16.57168,s1d1
TGCAGATTCGGACAAG-1,6.869917,-4.8639436,s1d1
TGCAGATTCTGCACCT-1,2.0854979,6.4574933,s1d1
TGCAGGCAGGTAAAGG-1,9.534876,4.9485016,s1d1
TGCAGGCCAGAATGTA-1,17.176344,4.871486,s1d1
TGCAGGCGTAATTAGG-1,-4.933424,9.887382,s1d1
TGCAGGCGTGACTGTT-1,10.007578,-4.528715,s1d1
TGCAGGCGTGCCGAAA-1,10.004287,5.209387,s1d1
TGCAGGCGTTCGGTCG-1,5.607113,-0.8547975,s1d1
TGCAGGCGTTTACTTC-1,2.4507308,5.4946566,s1d1
TGCAGGCTCCAACTGA-1,8.948266,1.9404942,s1d1
TGCAGGCTCCGCATAA-1,11.525962,6.526015,s1d1
TGCAGGCTCGTCCATC-1,10.586735,6.742985,s1d1
TGCAGTAAGGACTGGT-1,11.02345,8.334129,s1d1
TGCAGTAGTTACGTAC-1,14.150894,9.809105,s1d1
TGCAGTATCCTGCCAT-1,7.649407,3.357314,s1d1
TGCATCCAGTAGACAT-1,10.235015,5.294972,s1d1
TGCATCCAGTATTAGG-1,7.656313,-3.6687763,s1d1
TGCATCCAGTTGGCTT-1,8.990185,2.073029,s1d1
TGCATCCCACATACTG-1,2.7006118,16.991358,s1d1
TGCATCCGTCCCGTGA-1,6.5030766,6.5392528,s1d1
TGCATCCGTGATCATC-1,10.629475,6.3738613,s1d1
TGCATCCGTTTCGTAG-1,13.210664,7.508417,s1d1
TGCATCCTCACTCGAA-1,10.645774,10.373814,s1d1
TGCATCCTCAGATTGC-1,5.9526978,18.653217,s1d1
TGCATCCTCCGCAACG-1,5.6856456,-1.6463733,s1d1
TGCATCCTCCGCGGAT-1,9.947604,10.228648,s1d1
TGCATCCTCCGTAGTA-1,5.130563,19.614998,s1d1
TGCATCCTCGGTTAGT-1,11.398959,12.621078,s1d1
TGCATCCTCTCCAAGA-1,6.8926787,17.983702,s1d1
TGCATCCTCTGCCTGT-1,3.0277672,5.0570064,s1d1
TGCATCCTCTGGACTA-1,4.0708256,4.548392,s1d1
TGCATGAAGAGGTCAC-1,6.2288723,5.0644064,s1d1
TGCATGAAGGACATCG-1,13.869406,6.5355477,s1d1
TGCATGAAGGGTTAAT-1,11.504014,8.2933035,s1d1
TGCATGACATTGCCGG-1,4.417368,18.785725,s1d1
TGCATGAGTCGGTACC-1,15.578745,8.665107,s1d1
TGCATGAGTTCGAACT-1,9.276836,6.3457017,s1d1
TGCCGAGAGATGCAGC-1,5.5012927,6.9144673,s1d1
TGCCGAGAGCCTATTG-1,-5.2448,3.9358895,s1d1
TGCCGAGCAATAGTCC-1,10.532452,12.283771,s1d1
TGCCGAGCAGGGATAC-1,7.505256,4.231612,s1d1
TGCCGAGCATGTTACG-1,11.429443,7.0999036,s1d1
TGCCGAGGTAAGCAAT-1,10.4109,6.0501027,s1d1
TGCCGAGGTCTGCAAT-1,12.154819,6.2809567,s1d1
TGCCGAGGTGGTAATA-1,3.0947444,7.319573,s1d1
TGCCGAGGTGTCTAAC-1,12.219274,11.900411,s1d1
TGCCGAGTCCGCAACG-1,14.405212,6.2296968,s1d1
TGCCGAGTCTTTGCTA-1,10.562231,12.794683,s1d1
TGCGACGAGCGCCTCA-1,10.807969,8.199442,s1d1
TGCGACGAGTCATGGG-1,4.9219656,19.56588,s1d1
TGCGACGAGTCGCCCA-1,9.592589,4.459363,s1d1
TGCGACGAGTTGCGCC-1,-0.36368033,5.24351,s1d1
TGCGACGCAATTCGTG-1,9.776161,5.0492306,s1d1
TGCGACGCAGAAATTG-1,6.062374,-5.449756,s1d1
TGCGACGGTCCAACGC-1,5.138473,18.140505,s1d1
TGCGACGGTTGCATCA-1,12.490157,8.003674,s1d1
TGCGACGTCTGGCCTT-1,17.038115,4.947878,s1d1
TGCGATAAGAGAGTTT-1,11.39028,14.356268,s1d1
TGCGATAAGCCTCACG-1,11.765432,13.440118,s1d1
TGCGATAAGCGACTGA-1,5.270177,19.215044,s1d1
TGCGATAAGGGCTTCC-1,9.874498,5.075656,s1d1
TGCGATACAGGAAGTC-1,10.322566,13.132131,s1d1
TGCGATACAGTAGGAC-1,8.477807,7.581341,s1d1
TGCGGCAAGAGTCAGC-1,13.641985,8.951715,s1d1
TGCGGCACAAGCTCTA-1,10.459421,6.640016,s1d1
TGCGGCACACCGGCTA-1,7.441607,-5.166662,s1d1
TGCGGCACAGGCCTGT-1,9.396192,4.894222,s1d1
TGCGGCACAGTGCGCT-1,10.1737585,11.883328,s1d1
TGCGGCACATCTCGTC-1,11.280426,8.037676,s1d1
TGCGGCAGTCTTCAAG-1,9.372394,0.42743364,s1d1
TGCGGGTAGAATTGCA-1,6.2530737,-2.22063,s1d1
TGCGGGTAGGCTTCCG-1,5.4026804,6.9315677,s1d1
TGCGGGTAGGTTGGTG-1,-5.744942,7.386498,s1d1
TGCGGGTAGTATTAGG-1,9.498992,4.804665,s1d1
TGCGGGTAGTCTAGAA-1,13.020233,12.250997,s1d1
TGCGGGTCATGGAATA-1,14.286726,7.5030293,s1d1
TGCGGGTGTGAGCTCC-1,10.390711,4.9539084,s1d1
TGCGGGTGTTGGGAAC-1,11.907999,8.0721855,s1d1
TGCGGGTTCACGAGGA-1,3.3977132,6.805148,s1d1
TGCTCCAAGACCTCAT-1,4.5854363,17.606419,s1d1
TGCTCCAAGCTCGGCT-1,6.751078,-5.0682597,s1d1
TGCTCCAAGTCGAAGC-1,5.193472,-2.666259,s1d1
TGCTCCAAGTCGGCCT-1,13.567394,5.5017385,s1d1
TGCTCCAAGTTGGCGA-1,2.7611268,18.29051,s1d1
TGCTCCAAGTTGTAAG-1,10.112908,4.683112,s1d1
TGCTCCACAGCGACCT-1,5.9676538,16.368877,s1d1
TGCTCCATCGCTCATC-1,11.6592865,10.09177,s1d1
TGCTCGTAGCAGGCTA-1,-5.4896317,8.035153,s1d1
TGCTCGTAGGATACGC-1,-2.2260103,4.8744936,s1d1
TGCTCGTCAATCACGT-1,1.1633961,4.4420176,s1d1
TGCTCGTCATGCCGCA-1,16.648985,8.694248,s1d1
TGCTCGTCATGTCGTA-1,4.83897,19.43842,s1d1
TGCTCGTGTATGATCC-1,4.9872284,-2.5661802,s1d1
TGCTCGTGTCAAAGAT-1,6.369995,-3.0569358,s1d1
TGCTCGTGTCGAGTGA-1,8.603896,1.9998074,s1d1
TGCTCGTGTCTTGCTC-1,3.9942765,15.07855,s1d1
TGCTCGTGTTGTGCCG-1,3.8558147,13.804785,s1d1
TGCTCGTTCTGAATGC-1,16.082293,8.837805,s1d1
TGCTGAAAGACGTCCC-1,-3.5316536,8.992028,s1d1
TGCTGAAAGCTAGCCC-1,11.052976,12.782689,s1d1
TGCTGAAAGGCTGTAG-1,11.685931,7.2518315,s1d1
TGCTGAACAGCACACC-1,11.060955,17.351152,s1d1
TGCTGAAGTATAATGG-1,2.5838127,7.0916963,s1d1
TGCTGAAGTCGCCACA-1,13.017096,8.4240465,s1d1
TGCTGAAGTTTCTATC-1,3.0758822,16.752045,s1d1
TGCTGAATCCACTTTA-1,12.638338,6.2221413,s1d1
TGCTGAATCGCAATGT-1,6.4776783,-2.0887816,s1d1
TGCTTCGAGATCGGTG-1,11.416041,7.859686,s1d1
TGCTTCGAGCTGTGCC-1,5.3790236,19.596981,s1d1
TGCTTCGAGGGAGGAC-1,4.6794615,19.243986,s1d1
TGCTTCGAGGGCTGAT-1,1.694226,7.927942,s1d1
TGCTTCGCATGTCGTA-1,-4.7756114,6.7599344,s1d1
TGCTTCGGTACCTATG-1,-1.0037081,2.7244413,s1d1
TGCTTCGGTCCTCATC-1,13.030701,5.994554,s1d1
TGCTTCGTCACGAACT-1,11.14908,12.134105,s1d1
TGCTTGCAGAGCATAT-1,4.1902237,17.02621,s1d1
TGCTTGCAGAGCGACT-1,9.937274,4.460484,s1d1
TGCTTGCAGCTGGAGT-1,2.2020805,16.833202,s1d1
TGCTTGCCAGGCAATG-1,11.6287155,8.279308,s1d1
TGCTTGCGTAGGAGTC-1,15.03066,8.496247,s1d1
TGCTTGCGTCGCCTAG-1,5.6992044,19.825823,s1d1
TGCTTGCTCATGCGGC-1,14.143504,9.878844,s1d1
TGCTTGCTCCGCCTAT-1,12.043443,9.653614,s1d1
TGCTTGCTCTAGTTCT-1,10.443373,4.8959527,s1d1
TGGAACTAGATCCTAC-1,6.6375976,1.1194082,s1d1
TGGAACTAGCATCAGG-1,9.055386,2.8228672,s1d1
TGGAACTAGCCTAACT-1,-5.9967585,9.755192,s1d1
TGGAACTCAAACTAAG-1,13.510905,7.637662,s1d1
TGGAACTCAAAGGCGT-1,-1.5434008,7.1790624,s1d1
TGGAACTCACGGTCTG-1,-5.0351043,6.338775,s1d1
TGGAACTCACTGCTTC-1,3.5133615,16.394043,s1d1
TGGAACTCAGAATTCC-1,11.49349,8.692739,s1d1
TGGAACTCATAGAAAC-1,12.923738,7.636703,s1d1
TGGAACTGTAGACAAT-1,5.4630957,-1.8109518,s1d1
TGGAACTGTCCATACA-1,10.781515,11.29487,s1d1
TGGAACTGTCTAGTGT-1,12.494593,5.6501503,s1d1
TGGAACTGTGTATTGC-1,-5.1533027,4.471783,s1d1
TGGAACTGTTCTCACC-1,10.849125,8.579067,s1d1
TGGAACTTCTACTGCC-1,5.8128457,5.043981,s1d1
TGGAACTTCTGAGTCA-1,11.339133,7.566184,s1d1
TGGAACTTCTTACCAT-1,11.377615,6.533904,s1d1
TGGAGAGAGAAACTCA-1,11.195079,12.695363,s1d1
TGGAGAGAGAAGCGGG-1,12.391086,10.719029,s1d1
TGGAGAGAGACAACAT-1,11.574775,8.047694,s1d1
TGGAGAGAGCAACCAG-1,10.6599,6.278823,s1d1
TGGAGAGCAGCGAGTA-1,14.34977,10.457728,s1d1
TGGAGAGCATCTCCCA-1,12.224718,7.534763,s1d1
TGGAGAGGTGGTAATA-1,3.0006917,5.188681,s1d1
TGGAGAGTCATGGGAG-1,4.1294355,18.917473,s1d1
TGGAGGAAGCGATTCT-1,12.969392,13.965463,s1d1
TGGAGGACACTAGGTT-1,14.568295,10.146662,s1d1
TGGAGGACAGAGGCTA-1,11.319561,13.466594,s1d1
TGGAGGACAGATCATC-1,12.23618,14.306482,s1d1
TGGAGGACAGGCGTTC-1,17.034,5.5308948,s1d1
TGGAGGACATCATTTC-1,14.861303,6.061721,s1d1
TGGAGGAGTACCACGC-1,4.922112,17.32948,s1d1
TGGAGGAGTAGAGATT-1,12.740029,13.982506,s1d1
TGGAGGATCTAGATCG-1,1.6622778,6.0474925,s1d1
TGGAGGATCTGTGCTC-1,-1.7903421,4.5468035,s1d1
TGGATCAAGCTCCACG-1,2.1666958,6.5938373,s1d1
TGGATCAAGGTTAAAC-1,15.910903,6.307842,s1d1
TGGATCACATATGGCT-1,4.626192,18.788116,s1d1
TGGATCAGTAGGACCA-1,11.741271,7.9613237,s1d1
TGGATCAGTAGTGCGA-1,-0.4331125,4.6196074,s1d1
TGGATCAGTATAGGGC-1,14.235436,6.420529,s1d1
TGGATCATCGTTCAGA-1,14.6051445,5.7991757,s1d1
TGGATCATCTCGGGAC-1,11.522543,10.573048,s1d1
TGGATCATCTGTCGCT-1,11.385626,8.211012,s1d1
TGGATGTAGACGGAAA-1,14.878324,8.833777,s1d1
TGGATGTAGAGTACCG-1,13.47976,13.442924,s1d1
TGGATGTAGGTAGCAC-1,-4.8881207,7.0846443,s1d1
TGGATGTAGGTAGGCT-1,3.1839073,17.9847,s1d1
TGGATGTAGGTTGGTG-1,9.996544,6.804493,s1d1
TGGATGTGTACGGATG-1,12.394349,13.088925,s1d1
TGGATGTGTTCCGCAG-1,14.231668,9.667121,s1d1
TGGATGTTCCAGCAAT-1,3.25264,7.5308776,s1d1
TGGATGTTCTTCCTAA-1,9.366433,1.9277546,s1d1
TGGCGTGAGAGCTGCA-1,7.134465,-5.225794,s1d1
TGGCGTGCACGGCCAT-1,6.65151,-2.990986,s1d1
TGGCGTGCATACTGAC-1,1.6106049,3.9896202,s1d1
TGGCGTGGTCCGGCAT-1,-5.2339954,4.3562317,s1d1
TGGCGTGGTGCTGTCG-1,1.5715108,7.1031585,s1d1
TGGCGTGTCCTTTGAT-1,11.132374,5.645862,s1d1
TGGCGTGTCTTGGATG-1,14.9783535,9.024305,s1d1
TGGGAAGAGAAGCCTG-1,-3.861636,10.1130295,s1d1
TGGGAAGAGACCATTC-1,2.3961492,5.1283226,s1d1
TGGGAAGAGACTCCGC-1,4.0966687,16.752857,s1d1
TGGGAAGAGCCTTTCC-1,9.420582,1.7310619,s1d1
TGGGAAGCAACGTATC-1,10.139949,18.454487,s1d1
TGGGAAGCACAACGTT-1,12.728082,6.736191,s1d1
TGGGAAGCAGCCCAGT-1,12.087292,8.2059965,s1d1
TGGGAAGGTACGTACT-1,11.489229,11.01636,s1d1
TGGGAAGGTATCCTCC-1,11.60717,7.081416,s1d1
TGGGAAGGTCTAGGTT-1,6.4652953,6.847964,s1d1
TGGGAAGGTGCGAACA-1,15.095448,8.790213,s1d1
TGGGAAGGTTGCTAGT-1,10.68613,10.767798,s1d1
TGGGAAGTCATACAGC-1,6.2004986,-4.619258,s1d1
TGGGAAGTCCATTGTT-1,7.1534786,3.055033,s1d1
TGGGAAGTCGCTGCGA-1,12.087755,11.664839,s1d1
TGGGAAGTCTAGTTCT-1,5.0542126,20.070127,s1d1
TGGGAGAAGTAACGAT-1,9.1069975,7.761999,s1d1
TGGGAGACACTTTAGG-1,8.403093,7.745349,s1d1
TGGGAGAGTACGGTTT-1,10.944235,10.05215,s1d1
TGGGAGAGTCGCACAC-1,3.4882326,7.031261,s1d1
TGGGAGAGTTTGAACC-1,4.718655,19.405197,s1d1
TGGGATTAGCTTAGTC-1,6.73027,-5.078902,s1d1
TGGGATTAGGATGTTA-1,10.167887,5.088956,s1d1
TGGGATTAGGTGATAT-1,1.6652572,8.033433,s1d1
TGGGATTCAGGGCTTC-1,10.880778,14.397606,s1d1
TGGGATTTCCTCACCA-1,4.751844,17.806479,s1d1
TGGGATTTCGTAGGAG-1,1.9083395,16.78886,s1d1
TGGGATTTCTCGGGAC-1,12.594682,6.6665955,s1d1
TGGGATTTCTCTTCAA-1,4.6757784,18.32659,s1d1
TGGGATTTCTTCGGAA-1,9.52119,5.856371,s1d1
TGGGCGTAGCCGCACT-1,6.334526,-3.2026472,s1d1
TGGGCGTCAACTCGTA-1,4.9291906,4.2127013,s1d1
TGGGCGTCACACGGAA-1,5.6192217,16.906591,s1d1
TGGGCGTGTACCACGC-1,11.787551,11.630485,s1d1
TGGGCGTGTGGCTTAT-1,4.6399474,19.221321,s1d1
TGGGCGTGTTCTTGTT-1,2.5492814,8.301335,s1d1
TGGGCTGCACAATTCG-1,13.429448,13.214774,s1d1
TGGGCTGCACTGTCCT-1,1.2652321,7.4022584,s1d1
TGGGCTGGTGGCCACT-1,1.6933212,5.6818495,s1d1
TGGGCTGTCCGTGCGA-1,2.2409492,5.423419,s1d1
TGGGCTGTCTTCTTCC-1,14.797276,5.5354,s1d1
TGGGTTAAGCGTACAG-1,-5.275855,7.9627333,s1d1
TGGGTTAAGGTAAGTT-1,10.060922,6.2242765,s1d1
TGGGTTACAACTTGCA-1,7.2346797,-2.78565,s1d1
TGGGTTACATCAACCA-1,5.9756107,5.063236,s1d1
TGGGTTAGTCGAACGA-1,11.279864,9.001472,s1d1
TGGGTTAGTTATAGCC-1,13.153078,5.604827,s1d1
TGGGTTATCATCCCGT-1,6.7371545,17.781605,s1d1
TGGGTTATCCATCACC-1,6.165814,-2.9908648,s1d1
TGGTACAAGACATATG-1,3.6242328,16.548096,s1d1
TGGTACAAGAGTACCG-1,12.349665,12.244233,s1d1
TGGTACAAGGGTACAC-1,17.255472,4.856216,s1d1
TGGTACAAGGTACAAT-1,4.5043697,19.951578,s1d1
TGGTACACAATTGAAG-1,8.770672,2.3475523,s1d1
TGGTACACACAAATCC-1,3.5880404,14.0199995,s1d1
TGGTACACAGAGAAAG-1,10.521904,12.917409,s1d1
TGGTACACATTCTCTA-1,16.138613,5.211032,s1d1
TGGTACAGTCGGTACC-1,10.062127,18.352018,s1d1
TGGTACAGTGCGCTCA-1,10.042729,10.797073,s1d1
TGGTACATCACGGACC-1,4.6940713,19.074265,s1d1
TGGTACATCACTTCTA-1,-1.6940984,4.2620173,s1d1
TGGTACATCGACGCGT-1,2.3562584,17.932447,s1d1
TGGTACATCTATACGG-1,4.2508955,5.5248175,s1d1
TGGTAGTAGACGATAT-1,-4.8639746,6.598553,s1d1
TGGTAGTAGAGCCCAA-1,12.058926,9.912887,s1d1
TGGTAGTAGCCAACCC-1,10.985283,11.674946,s1d1
TGGTAGTAGCCATTCA-1,5.593814,19.330053,s1d1
TGGTAGTAGGTTCAGG-1,0.04042868,2.9087024,s1d1
TGGTAGTAGTCTCTGA-1,4.315258,19.854156,s1d1
TGGTAGTCAACAACAA-1,15.88931,9.042481,s1d1
TGGTAGTCAACCAGAG-1,11.737663,7.96933,s1d1
TGGTAGTCATCGGATT-1,3.4508734,17.76994,s1d1
TGGTAGTCATGAATAG-1,10.998205,-1.1227621,s1d1
TGGTAGTGTATGAAGT-1,9.5162,10.737556,s1d1
TGGTAGTTCACATCAG-1,13.739761,5.185712,s1d1
TGGTAGTTCATGCCCT-1,9.680001,4.4036984,s1d1
TGGTAGTTCCTACCGT-1,5.5846877,16.06766,s1d1
TGGTAGTTCCTATTGT-1,12.276779,13.800781,s1d1
TGGTAGTTCTATACTC-1,2.2933097,5.4420166,s1d1
TGGTGATAGATTAGTG-1,6.638586,-4.4300275,s1d1
TGGTGATCAACGGCCT-1,2.1692252,8.457644,s1d1
TGGTGATGTAAGTTGA-1,3.9855444,4.7608314,s1d1
TGGTGATGTACTCAAC-1,3.250524,2.1772845,s1d1
TGGTGATGTCGGTACC-1,10.845209,13.3741255,s1d1
TGGTGATGTCTTCATT-1,9.964416,5.0059667,s1d1
TGGTGATGTGCATGTT-1,6.0866756,16.673374,s1d1
TGGTGATTCCGCGGAT-1,2.507895,4.1122503,s1d1
TGGTGATTCGAACCAT-1,1.6412725,4.393374,s1d1
TGGTGATTCTCAACGA-1,-5.4553237,8.180905,s1d1
TGGTGATTCTTCCCGA-1,-5.5333686,7.136377,s1d1
TGGTTAGCAGCTGTCG-1,5.157361,-2.4230914,s1d1
TGGTTAGGTATGAAGT-1,16.546093,8.579256,s1d1
TGGTTAGGTCGTATTG-1,3.5269303,4.6105423,s1d1
TGGTTAGGTGCTAGCC-1,14.193628,10.148159,s1d1
TGGTTAGGTGGCGTAA-1,14.643151,9.954742,s1d1
TGGTTAGTCACTGTTT-1,10.720437,-0.7919423,s1d1
TGGTTAGTCCTGTACC-1,10.239622,7.8079247,s1d1
TGGTTAGTCGTAGAGG-1,5.3537292,16.519533,s1d1
TGTAACGAGTCATGGG-1,9.889755,12.318483,s1d1
TGTAACGCAACACGAG-1,-4.2987204,8.395105,s1d1
TGTAACGCATGATCTG-1,14.337678,10.872815,s1d1
TGTAACGGTACGACAG-1,10.172736,12.094674,s1d1
TGTAACGGTAGTAAGT-1,5.7274437,3.7372167,s1d1
TGTAACGGTCACCTTC-1,10.908144,11.595706,s1d1
TGTAACGGTCCACAGC-1,14.864513,9.50701,s1d1
TGTAACGGTCTAGTGT-1,15.243262,5.381028,s1d1
TGTAACGTCAGTCACA-1,9.181054,2.289389,s1d1
TGTAACGTCATGACAC-1,-5.070795,9.578511,s1d1
TGTAACGTCCCTCTAG-1,11.077555,5.4332356,s1d1
TGTAACGTCGATGCTA-1,6.6953135,-3.942142,s1d1
TGTAACGTCGGTCGAC-1,-4.0946317,3.8066468,s1d1
TGTAAGCAGACAGCGT-1,6.821502,-5.28586,s1d1
TGTAAGCAGCAAGCCA-1,12.163103,10.3091955,s1d1
TGTAAGCAGCAGGCTA-1,7.0391636,18.051702,s1d1
TGTAAGCAGCGCCATC-1,1.6613791,5.017026,s1d1
TGTAAGCAGTTAGAAC-1,-2.1271708,3.6318185,s1d1
TGTAAGCAGTTGCGCC-1,8.787769,2.287525,s1d1
TGTAAGCCATCACGGC-1,10.670175,17.136763,s1d1
TGTAAGCGTACGGATG-1,-5.1759357,11.007018,s1d1
TGTAAGCGTGGATCGA-1,5.683509,17.211344,s1d1
TGTAAGCGTGGGAGAG-1,5.9159565,6.670011,s1d1
TGTAAGCGTTGAGAGC-1,-5.03547,3.8780282,s1d1
TGTAAGCTCACTACGA-1,10.040425,13.298904,s1d1
TGTAAGCTCCGGACTG-1,-6.2453303,8.761227,s1d1
TGTACAGAGAGCCGAT-1,4.168178,19.65912,s1d1
TGTACAGAGGCCACCT-1,6.9431577,-3.4727743,s1d1
TGTACAGAGGGATCAC-1,6.0250583,-3.8197682,s1d1
TGTACAGCACAACGAG-1,9.731013,11.986942,s1d1
TGTACAGCAGAACTTC-1,3.4445791,4.5990663,s1d1
TGTACAGCAGTTAGAA-1,11.158704,9.423678,s1d1
TGTACAGGTTAGTCGT-1,11.740587,7.113045,s1d1
TGTAGACAGGCCACTC-1,5.884143,16.269445,s1d1
TGTAGACAGGTTGACG-1,11.079471,13.534113,s1d1
TGTAGACGTACACTCA-1,15.519787,7.879661,s1d1
TGTAGACGTCCTGTTC-1,2.821256,14.585424,s1d1
TGTAGACGTGTTGATC-1,12.161542,12.360007,s1d1
TGTAGACTCATGACAC-1,9.642797,-4.50391,s1d1
TGTAGACTCCTAGCGG-1,1.4639436,7.2300677,s1d1
TGTCAGAAGCATCCCG-1,10.710163,6.9601936,s1d1
TGTCAGAAGCTTTCCC-1,10.955083,7.6075354,s1d1
TGTCAGAAGTACTGGG-1,-0.49851498,5.179232,s1d1
TGTCAGACAACCAATC-1,-4.9389753,8.1689625,s1d1
TGTCAGACACCCGTAG-1,2.4437783,6.888069,s1d1
TGTCAGACAGGGTTGA-1,1.9648389,16.862295,s1d1
TGTCAGACATTAGGCT-1,7.765723,-3.5986438,s1d1
TGTCAGAGTATCGCAT-1,-1.1982815,7.335084,s1d1
TGTCAGATCCTAGCTC-1,15.383764,5.7267294,s1d1
TGTCCACAGCATCGAG-1,-3.2915123,8.625499,s1d1
TGTCCACAGCTGAAAT-1,-4.868975,8.165926,s1d1
TGTCCACAGGAGAGGC-1,4.207066,20.028057,s1d1
TGTCCACAGTCCCAAT-1,9.746117,2.1422412,s1d1
TGTCCACAGTTCATGC-1,10.018958,-4.6180096,s1d1
TGTCCACGTGGAGGTT-1,1.5204157,4.3571224,s1d1
TGTCCACTCTCCGAGG-1,5.3883185,17.364153,s1d1
TGTCCCAAGTACCCTA-1,-0.19693577,3.5681422,s1d1
TGTCCCACACAACGTT-1,14.333762,6.2487063,s1d1
TGTCCCACACGATTCA-1,14.583108,9.162218,s1d1
TGTCCCACATAATGCC-1,11.552215,5.917739,s1d1
TGTCCCAGTAAGTAGT-1,6.975536,4.191347,s1d1
TGTCCCAGTGACAACG-1,9.977149,18.450459,s1d1
TGTCCCAGTTGGGAAC-1,5.5641627,16.281164,s1d1
TGTCCCATCCACATAG-1,-5.620961,7.017179,s1d1
TGTCCTGAGCCAAGTG-1,14.299387,9.169683,s1d1
TGTCCTGAGCTGAGCA-1,11.161207,6.268983,s1d1
TGTCCTGAGGTACCTT-1,13.037482,5.202966,s1d1
TGTCCTGAGTAACGAT-1,4.6448946,19.666073,s1d1
TGTCCTGCAAAGGGTC-1,8.166125,0.45311096,s1d1
TGTCCTGCACACCTAA-1,16.006826,5.274273,s1d1
TGTCCTGCATACTGAC-1,3.123602,18.00503,s1d1
TGTCCTGGTACATACC-1,9.694604,6.233817,s1d1
TGTCCTGGTACTGTTG-1,16.281918,8.849867,s1d1
TGTCCTGTCACAACCA-1,11.1148615,10.562661,s1d1
TGTCCTGTCCATTCGC-1,6.123938,16.611113,s1d1
TGTCCTGTCCTGGGTG-1,-1.5120126,6.339763,s1d1
TGTCCTGTCTCACCCA-1,3.0790339,7.6681643,s1d1
TGTGAGTAGATCCTAC-1,5.2337365,-4.6492844,s1d1
TGTGAGTAGCATTTCG-1,12.35831,6.9246573,s1d1
TGTGAGTAGTATTCCG-1,12.657051,8.377842,s1d1
TGTGAGTAGTGAACAT-1,6.658042,-3.6627562,s1d1
TGTGAGTCAACGCCCA-1,10.92324,12.762102,s1d1
TGTGAGTCACATTCGA-1,3.3021352,7.2922688,s1d1
TGTGAGTCACGCTGCA-1,-5.9116297,9.663305,s1d1
TGTGAGTGTACTCAAC-1,7.813993,4.169928,s1d1
TGTGAGTGTATGAAAC-1,13.433888,13.43819,s1d1
TGTGAGTGTGGAACAC-1,10.907185,13.099509,s1d1
TGTGAGTTCACGGAGA-1,-5.98435,8.263706,s1d1
TGTGAGTTCCAAGGGA-1,4.8460584,19.737001,s1d1
TGTGAGTTCGGTGAAG-1,11.167379,14.524839,s1d1
TGTGATGAGACTCCGC-1,-4.328858,6.9333506,s1d1
TGTGATGAGCACTCTA-1,-5.9597945,8.196824,s1d1
TGTGATGCACCCAATA-1,3.3302484,6.6284904,s1d1
TGTGATGGTAAGGTCG-1,11.713571,11.0922365,s1d1
TGTGATGGTACAGCGA-1,3.3096888,1.8970528,s1d1
TGTGATGGTCTTCATT-1,6.2932467,7.0998588,s1d1
TGTGATGGTGATTAGA-1,5.2893934,19.13479,s1d1
TGTGATGGTTTGATCG-1,12.600377,14.19977,s1d1
TGTGATGTCGACCACG-1,5.0993032,-3.6113827,s1d1
TGTGATGTCGTGCATA-1,5.403723,-1.6484666,s1d1
TGTGATGTCTCGGTAA-1,2.3162181,17.848852,s1d1
TGTGATGTCTTGTTAC-1,3.6193557,13.588848,s1d1
TGTGCGGAGCGACTGA-1,9.411172,4.9388404,s1d1
TGTGCGGAGCGCACAA-1,2.4880798,17.94308,s1d1
TGTGCGGAGGTTCTAC-1,4.9279246,4.2322903,s1d1
TGTGCGGGTGACGCCT-1,10.927884,10.359769,s1d1
TGTGCGGGTTCCTAGA-1,0.13310707,4.425709,s1d1
TGTGCGGGTTGGGTAG-1,8.868217,2.6331491,s1d1
TGTGCGGTCATTGGTG-1,6.841938,3.0143573,s1d1
TGTGCGGTCCACACCT-1,10.889544,17.232117,s1d1
TGTGCGGTCCTGGTCT-1,7.097288,-3.031458,s1d1
TGTGCGGTCTAGGCCG-1,1.6734703,5.1512923,s1d1
TGTGCGGTCTCCTGAC-1,2.1310503,17.376146,s1d1
TGTGGCGAGCCTCTCT-1,3.0043583,5.911599,s1d1
TGTGGCGAGTTGCGAG-1,2.5463781,17.942526,s1d1
TGTGGCGCAATCGCCG-1,11.778281,10.455259,s1d1
TGTGGCGCATCCAATG-1,10.8299885,7.0423403,s1d1
TGTGGCGCATGATGCT-1,10.055066,10.7213,s1d1
TGTGGCGGTAATACCC-1,11.312151,7.3359256,s1d1
TGTGTGACAAACTAAG-1,5.432871,-5.0793767,s1d1
TGTGTGACATGTGGCC-1,5.829121,16.149492,s1d1
TGTGTGAGTTGCGTAT-1,4.8158026,17.822363,s1d1
TGTGTGAGTTTGCCGG-1,-1.9800909,4.1618795,s1d1
TGTGTGATCATCGACA-1,12.732539,11.222937,s1d1
TGTGTGATCATTCCTA-1,10.642342,11.450031,s1d1
TGTTACTAGCCTCACG-1,4.459173,19.970625,s1d1
TGTTACTAGCCTCTGG-1,11.696086,13.819302,s1d1
TGTTACTAGGATATAC-1,6.5789223,-5.6296268,s1d1
TGTTACTAGGCCTTCG-1,11.1202,8.141549,s1d1
TGTTACTCATCTATCT-1,6.6846313,-4.4144564,s1d1
TGTTACTGTAAGTTGA-1,5.103204,19.832796,s1d1
TGTTACTGTCACAATC-1,11.169032,17.413107,s1d1
TGTTACTGTCACGACC-1,6.610324,-4.004429,s1d1
TGTTACTGTTAGAAAC-1,2.5579388,8.521278,s1d1
TGTTACTGTTCGTACA-1,10.581557,5.2506967,s1d1
TGTTACTGTTTATGCG-1,3.7112331,16.436905,s1d1
TGTTACTTCGGAAACG-1,2.0559626,16.891365,s1d1
TGTTCATAGAAGCTGC-1,11.3432045,13.107592,s1d1
TGTTCATAGATTGGGC-1,5.191275,16.344948,s1d1
TGTTCATAGGCACAAC-1,11.682368,7.1358385,s1d1
TGTTCATAGTAATACG-1,6.7210007,3.3691652,s1d1
TGTTCATAGTTCCAGT-1,6.037333,-5.0538516,s1d1
TGTTCATCAACCAGAG-1,2.3313243,6.765744,s1d1
TGTTCATGTACGGCAA-1,11.065811,14.643604,s1d1
TGTTCATGTCCTGTTC-1,9.595796,4.549147,s1d1
TGTTCATGTGAGCTCC-1,11.152287,6.401531,s1d1
TGTTCCGAGCGATGGT-1,1.6740942,6.595853,s1d1
TGTTCCGAGTGCTCGC-1,7.5536017,-5.042631,s1d1
TGTTCCGGTTGCAAGG-1,4.709507,19.554764,s1d1
TGTTCCGTCCGGCTTT-1,11.168526,6.3788576,s1d1
TGTTCCGTCCGTGACG-1,12.720804,5.8113017,s1d1
TGTTCCGTCTCCAATT-1,9.986682,10.756233,s1d1
TGTTCTAAGCCTCATA-1,7.1305203,2.755235,s1d1
TGTTCTAAGCCTCGTG-1,12.09209,5.904501,s1d1
TGTTCTAAGCGGATCA-1,5.1044683,-4.7059636,s1d1
TGTTCTAAGCTAAGTA-1,12.932737,7.572886,s1d1
TGTTCTACAGGCGAAT-1,13.272919,12.250486,s1d1
TGTTCTAGTGGTTCTA-1,5.1190925,16.477068,s1d1
TGTTCTATCATGCTAG-1,6.952964,-0.8352925,s1d1
TGTTCTATCCAGTGCG-1,1.56261,4.1333504,s1d1
TGTTCTATCGCTGATA-1,12.357438,5.982248,s1d1
TGTTGAGAGGAATTAC-1,12.448893,7.6083508,s1d1
TGTTGAGCAAATACAG-1,4.849305,20.085375,s1d1
TGTTGAGCAACGTTAC-1,14.75096,8.6921215,s1d1
TGTTGAGCACCTTCCA-1,3.9479382,16.691187,s1d1
TGTTGAGCAGCCCACA-1,3.125883,17.703804,s1d1
TGTTGAGCAGGGAATC-1,6.8927636,-5.0565667,s1d1
TGTTGAGGTCGCATTA-1,-5.211256,9.4150095,s1d1
TGTTGAGTCCTAGCGG-1,5.638247,-4.563614,s1d1
TGTTGGAAGAAGGATG-1,10.308306,7.6643496,s1d1
TGTTGGAAGGTCTGGA-1,11.791383,9.362638,s1d1
TGTTGGAAGTATGTAG-1,5.4307976,19.440935,s1d1
TGTTGGACACTAAACC-1,5.396581,16.496618,s1d1
TGTTGGAGTGAGTTGG-1,11.331548,14.712411,s1d1
TGTTGGAGTGTGTTTG-1,4.643827,18.695581,s1d1
TGTTGGATCGCAGATT-1,-5.343946,9.945567,s1d1
TGTTGGATCGTGAGAG-1,11.6182165,10.689614,s1d1
TGTTTGTAGACAACTA-1,2.346101,18.367605,s1d1
TGTTTGTAGGAGCTGT-1,2.041093,7.837375,s1d1
TGTTTGTAGTCGAAGC-1,-1.2886057,4.547473,s1d1
TGTTTGTAGTCGTTAC-1,3.6954107,4.620767,s1d1
TGTTTGTCAATTCTCT-1,9.2629795,3.374119,s1d1
TGTTTGTCAGACCCGT-1,12.184304,8.533547,s1d1
TGTTTGTCAGAGGGTT-1,2.6712549,14.246072,s1d1
TGTTTGTCATCTCATT-1,12.976347,13.284918,s1d1
TGTTTGTGTTGCACGC-1,11.072038,6.984963,s1d1
TGTTTGTTCAACTACG-1,12.30209,12.629239,s1d1
TGTTTGTTCCATTGGA-1,2.4208734,6.608067,s1d1
TGTTTGTTCGTCTAAG-1,16.981318,5.373069,s1d1
TGTTTGTTCTGTTCAT-1,5.995246,16.236141,s1d1
TTAATCCAGACGATAT-1,9.048672,3.119941,s1d1
TTAATCCCAATGGCCC-1,12.107903,10.463028,s1d1
TTAATCCGTAGACGGT-1,9.052789,1.0050204,s1d1
TTAATCCGTCAACCTA-1,10.81129,7.674862,s1d1
TTAATCCGTCCATACA-1,9.400697,5.338054,s1d1
TTAATCCGTGGTCTCG-1,5.517389,19.649637,s1d1
TTAATCCGTGTCATTG-1,-1.7079023,3.5534356,s1d1
TTAATCCGTTGGACTT-1,2.1261141,17.88597,s1d1
TTAATCCTCCACACAA-1,12.690287,8.839017,s1d1
TTACAGGAGAGCTGCA-1,4.354228,19.692448,s1d1
TTACAGGAGCAGATAT-1,10.179122,6.8487515,s1d1
TTACAGGAGCCTCTTC-1,2.8465235,7.460641,s1d1
TTACAGGCAACACTAC-1,9.277665,3.84217,s1d1
TTACAGGCACAAGTTC-1,14.253349,6.130587,s1d1
TTACAGGCAGATTCGT-1,-1.0054871,4.974008,s1d1
TTACAGGCAGGATTCT-1,12.011072,6.285137,s1d1
TTACAGGCATTGACTG-1,-4.4272485,6.9925685,s1d1
TTACAGGGTTTCGACA-1,11.458077,7.458444,s1d1
TTACAGGTCACCCATC-1,4.333794,18.740795,s1d1
TTACAGGTCGAATCCA-1,2.2137167,16.86102,s1d1
TTACCATAGACCTGGA-1,12.335467,8.416993,s1d1
TTACCATAGGCATGGT-1,4.64356,19.967407,s1d1
TTACCATAGGTTATAG-1,1.480364,4.136411,s1d1
TTACCATCAAAGCAAT-1,5.238995,18.6953,s1d1
TTACCATCAAATGAGT-1,1.1713033,6.1827374,s1d1
TTACCATCAGCCGGTT-1,8.491847,0.7921493,s1d1
TTACCATTCACCGCTT-1,10.314607,12.637749,s1d1
TTACCATTCCCAGGAC-1,5.4866824,19.014244,s1d1
TTACCATTCCTACCAC-1,11.532572,8.346985,s1d1
TTACCATTCGCCATAA-1,9.904809,-4.4497747,s1d1
TTACCATTCTCGTTTA-1,10.573229,13.007179,s1d1
TTACCGCAGAAAGCGA-1,6.3993835,3.2456834,s1d1
TTACCGCAGAGTGTTA-1,11.841398,13.761783,s1d1
TTACCGCAGATAGTGT-1,11.028857,10.701168,s1d1
TTACCGCAGCATCAGG-1,11.932391,10.973727,s1d1
TTACCGCAGCATGATA-1,9.6278105,4.175101,s1d1
TTACCGCAGCGACTAG-1,11.228682,11.709672,s1d1
TTACCGCAGTCAGCGA-1,12.435215,10.536516,s1d1
TTACCGCCAATGTTGC-1,12.444403,6.690327,s1d1
TTACCGCCATAACTCG-1,-4.0254784,3.8127623,s1d1
TTACCGCGTGCAACGA-1,-1.6969744,5.0866337,s1d1
TTACCGCGTTCCGGTG-1,-4.9295387,10.764425,s1d1
TTACCGCTCCGCACTT-1,6.802559,4.863513,s1d1
TTACCGCTCGTAATGC-1,8.55845,1.5687749,s1d1
TTACGCCAGAAGTATC-1,12.964064,12.458434,s1d1
TTACGCCAGACCATGG-1,11.017849,13.589628,s1d1
TTACGCCAGTCGAAGC-1,2.5851393,7.835881,s1d1
TTACGCCAGTCTCCTC-1,-5.654072,8.023474,s1d1
TTACGCCCAATAACGA-1,11.585059,11.327215,s1d1
TTACGCCCAGAGAGGG-1,10.90433,-0.87384844,s1d1
TTACGCCCATCATCCC-1,6.409972,2.3479588,s1d1
TTACGCCGTAGGAGGG-1,6.2507114,-0.8716414,s1d1
TTACGCCGTCGTCAGC-1,10.87816,8.220855,s1d1
TTACGCCTCACAATGC-1,13.386014,12.825769,s1d1
TTACGCCTCGCAATGT-1,12.562053,11.676229,s1d1
TTACGTTAGAGATTCA-1,5.752886,16.625822,s1d1
TTACGTTAGTAGCTCT-1,10.213087,13.498729,s1d1
TTACGTTCATAGCACT-1,-4.592044,9.790085,s1d1
TTACGTTGTATGAAGT-1,12.488379,13.173111,s1d1
TTACGTTGTATGGTTC-1,2.1857939,16.906425,s1d1
TTACGTTGTATTGAGA-1,11.702465,12.568481,s1d1
TTACGTTGTCGCATGC-1,-5.7280693,7.1239505,s1d1
TTACGTTTCCTGGTCT-1,-4.039502,6.5881314,s1d1
TTACGTTTCGGCTCTT-1,10.722128,13.665489,s1d1
TTACTGTAGAAGGCTC-1,6.6918283,3.3076463,s1d1
TTACTGTAGTGCTCGC-1,9.337031,4.5762897,s1d1
TTACTGTCAATTAGGA-1,10.96083,6.8445935,s1d1
TTACTGTCACCAGTTA-1,4.45804,17.036718,s1d1
TTACTGTCACGAAGAC-1,-0.6494435,6.8809342,s1d1
TTACTGTCATACAGAA-1,12.776309,11.795805,s1d1
TTACTGTTCAGAGTTC-1,3.647901,14.271819,s1d1
TTACTGTTCCCTCGTA-1,-5.3972087,7.1376476,s1d1
TTAGGCAAGCCTCATA-1,4.800533,19.18442,s1d1
TTAGGCAAGCGCAATG-1,9.460923,2.0500517,s1d1
TTAGGCAAGCGTCAGA-1,11.659684,7.6674247,s1d1
TTAGGCACAACCAGAG-1,-5.303506,9.401769,s1d1
TTAGGCACACATCCCT-1,10.921712,8.270853,s1d1
TTAGGCACACCTGTCT-1,13.770692,6.2294683,s1d1
TTAGGCACAGATACTC-1,11.00211,9.6169615,s1d1
TTAGGCATCACGAGGA-1,2.160659,17.75958,s1d1
TTAGGCATCACTACGA-1,10.505574,6.85123,s1d1
TTAGGGTAGAGATCGC-1,11.093905,13.054275,s1d1
TTAGGGTCAACTCCAA-1,12.221961,7.5876756,s1d1
TTAGGGTCAGAGTCAG-1,10.920099,14.197199,s1d1
TTAGGGTGTGCAACAG-1,-2.4553938,4.3413787,s1d1
TTAGGGTTCACGTAGT-1,10.128637,5.0504956,s1d1
TTAGGGTTCGGAACTT-1,6.593455,4.454359,s1d1
TTAGGGTTCGTCGATA-1,6.78996,-3.2025578,s1d1
TTAGTCTCATCGATAC-1,-4.8823595,3.9378045,s1d1
TTAGTCTGTGCCAAGA-1,6.892902,-5.248472,s1d1
TTAGTCTGTGCTATTG-1,6.795289,3.224256,s1d1
TTAGTCTTCCTAGCCT-1,14.901855,9.317755,s1d1
TTAGTCTTCGATCCCT-1,11.584271,11.366426,s1d1
TTATTGCAGACGGTTG-1,10.467655,10.981247,s1d1
TTATTGCAGCAGGCAT-1,12.7072315,13.302256,s1d1
TTATTGCCACCGCTAG-1,6.5013165,-4.831616,s1d1
TTATTGCGTAGCGCCT-1,12.867506,9.945587,s1d1
TTATTGCTCAAGCGTT-1,13.269819,10.515989,s1d1
TTATTGCTCACCCTTG-1,10.115995,4.886229,s1d1
TTATTGCTCCGCACGA-1,16.37916,5.7874846,s1d1
TTATTGCTCCTTTGAT-1,6.5471716,-5.4485836,s1d1
TTATTGCTCGTGGTAT-1,5.688713,19.97615,s1d1
TTATTGCTCTGCCCTA-1,11.155668,12.231332,s1d1
TTCAATCAGTTGGGAC-1,12.42143,9.458506,s1d1
TTCAATCCATCAGCGC-1,10.356336,4.9163756,s1d1
TTCAATCCATCCGTTC-1,10.199157,5.7357097,s1d1
TTCAATCCATGGCACC-1,-5.7340984,8.556311,s1d1
TTCAATCGTCTTGCGG-1,12.589409,10.628897,s1d1
TTCAATCGTTACCTTT-1,12.018098,7.2805266,s1d1
TTCAATCTCCCATGGG-1,-1.3178003,7.073792,s1d1
TTCACCGAGCCAAGTG-1,15.353644,8.604937,s1d1
TTCACCGCAACTCGAT-1,13.649325,9.444052,s1d1
TTCACCGGTAACCAGG-1,6.5793886,-3.432296,s1d1
TTCACCGGTAGTACGG-1,3.8664346,14.709731,s1d1
TTCACCGGTCAACACT-1,5.3236885,18.77168,s1d1
TTCACCGGTGAATGAT-1,12.659341,14.368658,s1d1
TTCACCGGTGATCATC-1,8.127815,7.325304,s1d1
TTCACCGGTGGATGAC-1,4.7805724,19.71722,s1d1
TTCACCGGTTTCGTAG-1,3.8880968,4.902718,s1d1
TTCACCGTCAGTCAGT-1,12.329412,11.806397,s1d1
TTCACCGTCTAAGCCA-1,13.478477,8.143754,s1d1
TTCACCGTCTCTGCCA-1,12.2492895,6.6794133,s1d1
TTCACCGTCTGAACGT-1,-4.0693064,10.0607,s1d1
TTCACGCAGAATTGTG-1,14.320433,9.416195,s1d1
TTCACGCAGGCCTTCG-1,3.2534726,16.98616,s1d1
TTCACGCCATGTGCCG-1,1.8837178,8.236109,s1d1
TTCACGCGTATCCCAA-1,-5.9905686,8.974097,s1d1
TTCACGCGTCTGATAC-1,12.342605,12.030014,s1d1
TTCACGCTCAAATAGG-1,9.393112,-4.307333,s1d1
TTCACGCTCAGAGCGA-1,4.1445637,5.4212713,s1d1
TTCACGCTCCGAGGCT-1,6.591035,-5.1944914,s1d1
TTCACGCTCTGGAAGG-1,14.126153,7.477902,s1d1
TTCAGGAAGAACAAGG-1,3.024903,18.50529,s1d1
TTCAGGAAGATCCAAA-1,11.761496,13.692573,s1d1
TTCAGGAAGGCTAGCA-1,16.697649,6.2341466,s1d1
TTCAGGAAGGGACCAT-1,13.009742,7.049887,s1d1
TTCAGGACACTATGTG-1,6.6750393,3.3370488,s1d1
TTCAGGAGTAAGAACT-1,4.340027,19.296938,s1d1
TTCAGGATCGTCCTTG-1,12.748063,6.0226817,s1d1
TTCAGGATCTGCGAGC-1,5.9644647,-4.342752,s1d1
TTCAGGATCTGCGGAC-1,10.773358,14.380042,s1d1
TTCAGGATCTGTCGTC-1,-5.1585193,7.9375453,s1d1
TTCAGGATCTTTGCGC-1,-1.1272199,5.4864626,s1d1
TTCATGTAGCTGCCAC-1,3.8974316,18.935162,s1d1
TTCATGTCACGCCACA-1,5.5842566,-4.4404497,s1d1
TTCATGTTCATTGCTT-1,3.7816896,5.7797313,s1d1
TTCATGTTCTACCTTA-1,7.2229857,0.62753904,s1d1
TTCATTGAGAATAGTC-1,5.721528,-1.2470117,s1d1
TTCATTGAGGCTAACG-1,12.029338,12.823388,s1d1
TTCATTGAGGTGCGAT-1,6.1313133,-3.0670133,s1d1
TTCATTGAGTCATCGT-1,10.193039,18.967686,s1d1
TTCATTGCAAATACAG-1,6.523931,4.2500353,s1d1
TTCATTGCACGCAGTC-1,12.889656,11.941636,s1d1
TTCATTGCACTCCGGA-1,3.0843143,18.319912,s1d1
TTCATTGCATCTGCGG-1,10.324928,5.329309,s1d1
TTCATTGCATTACTCT-1,3.1778045,4.7402353,s1d1
TTCATTGGTACCAATC-1,5.130574,17.56072,s1d1
TTCATTGGTAGTCCTA-1,5.3756475,17.833689,s1d1
TTCATTGGTCATCGCG-1,9.104129,4.7202096,s1d1
TTCATTGGTTGGGTTT-1,6.797772,-3.3213072,s1d1
TTCATTGTCAGAGTGG-1,9.656567,-0.4528791,s1d1
TTCATTGTCCAACACA-1,-5.7011924,8.042495,s1d1
TTCCAATAGACCCTTA-1,5.73324,16.51696,s1d1
TTCCAATAGGGTGAGG-1,8.0002365,-1.2850087,s1d1
TTCCAATCAACCTATG-1,-6.0716863,9.59269,s1d1
TTCCAATCAAGATCCT-1,11.437976,6.543895,s1d1
TTCCAATTCAAGGAGC-1,11.419862,11.660851,s1d1
TTCCACGAGCACTCCG-1,10.890002,10.80296,s1d1
TTCCACGCAGAAGTGC-1,6.2934027,6.1744084,s1d1
TTCCGGTAGAAGAACG-1,-1.8575985,6.965426,s1d1
TTCCGGTAGTTGTAAG-1,7.154298,-3.1860967,s1d1
TTCCGGTCAGCATCTA-1,11.119865,13.964471,s1d1
TTCCGGTGTTTGGAGG-1,11.18523,10.3041315,s1d1
TTCCGGTTCGCACGAC-1,5.1115084,-4.8007913,s1d1
TTCCGGTTCGCATGAT-1,-2.838306,7.1613173,s1d1
TTCCGGTTCTCAAAGC-1,5.150949,18.847395,s1d1
TTCCGTGAGTAAGAGG-1,9.836952,5.6551614,s1d1
TTCCGTGCACCCGTAG-1,11.554279,8.145758,s1d1
TTCCGTGCACGTACTA-1,16.652754,5.521317,s1d1
TTCCGTGCACTTGAAC-1,5.984518,5.0803413,s1d1
TTCCGTGCACTTGGGC-1,11.587457,10.751123,s1d1
TTCCGTGCAGACGCTC-1,3.2912176,6.7075033,s1d1
TTCCGTGCAGGATTCT-1,8.082532,-0.72945493,s1d1
TTCCGTGCATATTCGG-1,15.144304,8.67709,s1d1
TTCCGTGGTGACAACG-1,13.718092,12.896488,s1d1
TTCCGTGGTGGAAGTC-1,5.958648,16.181728,s1d1
TTCCGTGTCGAGGCAA-1,5.3766046,19.379898,s1d1
TTCCGTGTCTCTTAAC-1,-0.76460093,5.4959087,s1d1
TTCCTAAAGATGCTTC-1,9.999711,5.0964956,s1d1
TTCCTAAAGGTCGTAG-1,0.5892681,4.696504,s1d1
TTCCTAAAGTTAGAAC-1,16.709421,5.2505403,s1d1
TTCCTAACACAAATCC-1,9.75432,5.3990517,s1d1
TTCCTAACATCTCAAG-1,6.885694,-3.3714628,s1d1
TTCCTAAGTAGACGTG-1,9.870812,5.049174,s1d1
TTCCTAATCAGCCTTC-1,5.854236,18.947071,s1d1
TTCCTAATCCTAAGTG-1,14.162212,10.660584,s1d1
TTCCTAATCCTTCGAC-1,10.469254,12.7820425,s1d1
TTCCTAATCGAAACAA-1,5.4319363,16.921368,s1d1
TTCCTAATCTCATTTG-1,5.128288,-3.0454645,s1d1
TTCCTCTAGGCCCACT-1,1.5260428,6.901051,s1d1
TTCCTCTCATCGGCCA-1,5.5194874,-1.7020146,s1d1
TTCCTCTCATGAGTAA-1,11.613717,13.512309,s1d1
TTCCTCTGTAAGGCCA-1,8.5082245,-2.8644352,s1d1
TTCCTCTTCACGGGCT-1,13.514694,12.822686,s1d1
TTCCTCTTCTGCCTCA-1,5.554528,18.940287,s1d1
TTCCTCTTCTTCTTCC-1,14.347939,5.991116,s1d1
TTCCTCTTCTTGAACG-1,10.153324,4.735571,s1d1
TTCCTTCAGATCGCCC-1,-4.8461785,6.9335804,s1d1
TTCCTTCAGCATTGTC-1,6.159899,-4.917278,s1d1
TTCCTTCAGGTAGGCT-1,3.314905,7.412029,s1d1
TTCCTTCAGTGCTAGG-1,13.483249,10.296193,s1d1
TTCCTTCGTAACATCC-1,7.6400175,-3.815459,s1d1
TTCCTTCGTATCGCGC-1,12.545853,7.6012864,s1d1
TTCCTTCGTTTCCATT-1,11.3701725,13.870825,s1d1
TTCCTTCTCAACGTGT-1,10.57234,10.711823,s1d1
TTCCTTCTCCACCTCA-1,12.056296,9.251983,s1d1
TTCCTTCTCCTGTAAG-1,3.329083,15.420893,s1d1
TTCCTTCTCTAGTGTG-1,2.2175934,17.445105,s1d1
TTCGATTAGAAATCCA-1,12.269084,8.706769,s1d1
TTCGATTAGTAGTGCG-1,-4.913603,8.770755,s1d1
TTCGATTAGTTCATCG-1,5.6304584,-2.648485,s1d1
TTCGATTCACCTGCAG-1,15.024227,9.189653,s1d1
TTCGATTCAGGAGACT-1,10.372094,6.032656,s1d1
TTCGATTGTATGCAAA-1,11.061603,11.792091,s1d1
TTCGATTGTTCAGGTT-1,12.106846,9.081883,s1d1
TTCGATTTCAGGACAG-1,-0.4908421,3.6462505,s1d1
TTCGATTTCATATGGC-1,11.155378,10.631698,s1d1
TTCGATTTCCATTGGA-1,10.894257,6.6011553,s1d1
TTCGATTTCCCGTGAG-1,-4.0456295,9.593663,s1d1
TTCGATTTCCGACGGT-1,7.163181,3.344376,s1d1
TTCGATTTCCTTCACG-1,11.337939,6.9437437,s1d1
TTCGCTGAGAGGATCC-1,3.141006,5.6963677,s1d1
TTCGCTGCATGGTGGA-1,5.554508,19.446184,s1d1
TTCGCTGCATGTACGT-1,10.589805,10.996363,s1d1
TTCGCTGGTAACACGG-1,16.598906,5.408501,s1d1
TTCGCTGGTAGACGTG-1,-4.1123185,3.8063984,s1d1
TTCGCTGGTGTCACAT-1,11.857379,5.951533,s1d1
TTCGCTGGTTACACTG-1,6.6955314,-3.4774313,s1d1
TTCGCTGTCAGTGGGA-1,6.7685285,-3.6189437,s1d1
TTCGCTGTCGCTATTT-1,9.70082,18.400778,s1d1
TTCGCTGTCGCTCCTA-1,-4.4241624,7.0430613,s1d1
TTCGGTCCACTTTATC-1,3.4146013,13.888487,s1d1
TTCGGTCCAGAGACTG-1,9.757446,-0.14350994,s1d1
TTCGGTCGTCTTCAAG-1,1.0342094,4.896604,s1d1
TTCGGTCTCATCGCCT-1,12.993459,6.2772307,s1d1
TTCGGTCTCCTGCTAC-1,12.812818,7.648607,s1d1
TTCGGTCTCGCACGAC-1,2.119575,17.011671,s1d1
TTCGGTCTCTAAGCCA-1,3.3083687,7.7704844,s1d1
TTCGGTCTCTTTACAC-1,11.836983,10.6369705,s1d1
TTCTAACAGATACTGA-1,6.3481593,-4.1554275,s1d1
TTCTAACCAACGAGGT-1,13.432654,7.2031064,s1d1
TTCTAACCACGCAGTC-1,-5.5393543,7.7365494,s1d1
TTCTAACCAGCTTTCC-1,-4.5125337,3.9389908,s1d1
TTCTAACCATGACAAA-1,9.481068,4.791381,s1d1
TTCTAACGTACCCAGC-1,2.110151,17.698902,s1d1
TTCTAACGTCAACGCC-1,-4.0709877,7.3298426,s1d1
TTCTAACTCAGTGCGC-1,8.430129,3.559946,s1d1
TTCTAACTCCCGATCT-1,8.576046,8.182382,s1d1
TTCTAGTAGACAGCGT-1,6.427598,-2.4058406,s1d1
TTCTAGTAGCGGGTAT-1,5.72914,3.605863,s1d1
TTCTAGTAGTCCCAAT-1,14.766369,8.440116,s1d1
TTCTAGTAGTTCCAGT-1,5.389171,-0.91179895,s1d1
TTCTAGTCAAGTTTGC-1,14.024818,6.345217,s1d1
TTCTAGTCACTGGAAG-1,14.588545,10.751473,s1d1
TTCTAGTGTACTGAGG-1,5.987481,5.016354,s1d1
TTCTAGTGTTAGGCTT-1,4.964107,20.306604,s1d1
TTCTAGTGTTGGTAGG-1,-5.125592,4.8683386,s1d1
TTCTAGTTCATTCGGA-1,5.2828493,15.870381,s1d1
TTCTAGTTCCTCATAT-1,2.3380225,18.239634,s1d1
TTCTAGTTCTTCCACG-1,10.89913,8.657612,s1d1
TTCTCTCAGCATTGAA-1,-5.7355723,7.517599,s1d1
TTCTCTCAGCCAGAGT-1,11.80831,7.4941697,s1d1
TTCTCTCAGCGGCTCT-1,3.9456723,14.434681,s1d1
TTCTCTCGTAAGCTCT-1,-3.3338168,9.330882,s1d1
TTCTCTCGTAGACTGG-1,8.743627,1.6007234,s1d1
TTCTCTCGTCCACTTC-1,10.182874,17.539013,s1d1
TTCTCTCGTCTCACGG-1,13.066815,10.4825535,s1d1
TTCTCTCTCGCGCCAA-1,14.430723,8.814351,s1d1
TTCTGTAAGAAATTCG-1,6.401048,-0.6127118,s1d1
TTCTGTAAGCGTGCCT-1,6.9246354,-3.0683823,s1d1
TTCTGTAAGGTTCAGG-1,5.4091496,-4.960422,s1d1
TTCTGTACAAGTAGTA-1,5.6689014,16.742908,s1d1
TTCTGTACAGACTGCC-1,16.997808,5.04399,s1d1
TTCTGTAGTAAGAACT-1,5.7440906,15.858503,s1d1
TTCTGTAGTCGTGTTA-1,10.260206,5.0353785,s1d1
TTCTGTAGTCTCAGAT-1,12.066108,9.819877,s1d1
TTCTGTAGTCTCGACG-1,-4.977086,6.484245,s1d1
TTCTGTATCCAAACCA-1,10.97408,-1.279488,s1d1
TTCTTCCAGCGATGGT-1,11.977105,9.190104,s1d1
TTCTTCCAGTTGGACG-1,14.445139,5.995004,s1d1
TTCTTCCCAACCTATG-1,14.062564,9.337442,s1d1
TTCTTCCCACCGTGGT-1,13.72262,6.050585,s1d1
TTCTTCCGTACCGGCT-1,9.010571,2.2843409,s1d1
TTCTTCCGTAGGAGTC-1,1.1590543,7.410581,s1d1
TTCTTCCGTGTTATCG-1,-4.602619,10.494285,s1d1
TTCTTCCGTTGCTAGT-1,3.3988867,6.793955,s1d1
TTCTTCCTCCAGCTCT-1,13.313792,8.572237,s1d1
TTCTTCCTCCTCTCGA-1,5.7200155,-4.4646,s1d1
TTCTTCCTCGCTGTCT-1,10.67771,17.304089,s1d1
TTCTTGACAACCGACC-1,11.284854,6.1773705,s1d1
TTCTTGACAATTCTTC-1,4.8785644,17.115519,s1d1
TTCTTGACACATAACC-1,16.242527,5.0561996,s1d1
TTCTTGACATGACGTT-1,-5.336194,7.1196203,s1d1
TTCTTGAGTACTAAGA-1,5.6185703,6.7868633,s1d1
TTCTTGAGTCTCAAGT-1,11.359567,6.726941,s1d1
TTCTTGAGTGTTCAGT-1,5.39518,16.61173,s1d1
TTCTTGAGTTTCACTT-1,12.241313,9.498426,s1d1
TTCTTGATCACCTCAC-1,12.620266,11.419753,s1d1
TTCTTGATCCAGCAAT-1,11.027764,6.9490128,s1d1
TTGAACGAGAACAGGA-1,10.837279,13.038177,s1d1
TTGAACGAGCGAATGC-1,10.419839,5.706207,s1d1
TTGAACGCACATAACC-1,10.878001,13.729408,s1d1
TTGAACGGTAGGACCA-1,3.7961586,13.385795,s1d1
TTGAACGGTTGTATGC-1,5.595148,-4.4955873,s1d1
TTGAACGTCACAACCA-1,6.1098304,-2.330957,s1d1
TTGACCCAGCCGATAG-1,12.531759,8.213056,s1d1
TTGACCCAGGTTAAAC-1,12.551256,13.504437,s1d1
TTGACCCCAAGATGGC-1,9.91205,4.638424,s1d1
TTGACCCCAGCACCCA-1,13.694027,5.4671373,s1d1
TTGACCCCATCGTTCC-1,9.629337,1.8308693,s1d1
TTGACCCGTGAGATCG-1,10.899972,13.112093,s1d1
TTGACCCTCATGCTAG-1,6.938738,18.233458,s1d1
TTGACCCTCCGACGGT-1,12.4526615,7.811538,s1d1
TTGACCCTCGGTGCAC-1,6.5742736,-3.0119643,s1d1
TTGAGTGAGAAACCAT-1,15.573512,9.073393,s1d1
TTGAGTGAGTCCGCCA-1,14.2192135,7.2234497,s1d1
TTGAGTGCAACGAGGT-1,3.4737377,13.681731,s1d1
TTGAGTGCACGGTGAA-1,5.327001,19.594694,s1d1
TTGAGTGCATAGAAAC-1,5.3311706,19.153835,s1d1
TTGAGTGGTCAGTCCG-1,10.9496975,5.8529234,s1d1
TTGAGTGGTGAATTGA-1,2.8610241,5.933914,s1d1
TTGAGTGTCCATCCGT-1,10.890584,6.211536,s1d1
TTGAGTGTCTCTTGCG-1,5.911109,-2.2304938,s1d1
TTGATGGAGGCACAAC-1,1.7116212,6.696979,s1d1
TTGATGGCACACGGAA-1,14.578939,8.629112,s1d1
TTGATGGCACCCTATC-1,16.680159,4.6168065,s1d1
TTGATGGCATATCTGG-1,12.843516,7.157753,s1d1
TTGATGGCATGTGCTA-1,-5.376353,9.964005,s1d1
TTGATGGGTAATCAGA-1,12.855283,11.7259445,s1d1
TTGATGGGTGGCTTGC-1,2.7145822,6.051416,s1d1
TTGATGGGTGTGCTTA-1,-5.845221,7.065486,s1d1
TTGATGGTCAACTGAC-1,5.200294,-3.922165,s1d1
TTGATGGTCACAACCA-1,5.7194214,15.993892,s1d1
TTGATGGTCCGAAATC-1,6.231358,-5.3029118,s1d1
TTGATGGTCGGCTGTG-1,10.381289,5.251061,s1d1
TTGATGGTCTGACGCG-1,4.1689825,14.130633,s1d1
TTGCATTAGACTGTTC-1,12.009969,6.193338,s1d1
TTGCATTAGCCGTCGT-1,6.9103227,4.4888797,s1d1
TTGCATTCAGGTAGTG-1,12.67988,13.726716,s1d1
TTGCATTGTAATCAGA-1,10.308921,10.13118,s1d1
TTGCATTGTATAATGG-1,11.719967,10.707025,s1d1
TTGCATTGTCGCGTTG-1,11.692235,12.147518,s1d1
TTGCATTGTTAGAGAT-1,4.9791327,-3.8138754,s1d1
TTGCATTTCAGGTGTT-1,7.85374,4.1433716,s1d1
TTGCATTTCCACGTGG-1,10.1916895,7.2262197,s1d1
TTGCCTGAGACCCGCT-1,5.6054034,19.358492,s1d1
TTGCCTGAGCACCGAA-1,5.9002576,19.57894,s1d1
TTGCCTGAGCATCAAA-1,10.173111,-0.58252907,s1d1
TTGCCTGAGTATTAGG-1,-5.8863454,7.600935,s1d1
TTGCCTGCAACCCTAA-1,2.4954631,5.1016803,s1d1
TTGCCTGCAATGTCTG-1,7.473646,-4.869913,s1d1
TTGCCTGCATAACCCA-1,11.406456,9.017302,s1d1
TTGCCTGGTAGATTAG-1,-4.826144,10.889538,s1d1
TTGCCTGGTCACAGAG-1,8.966707,1.093793,s1d1
TTGCCTGGTCGGCCTA-1,-1.7772844,7.147666,s1d1
TTGCCTGGTCGGTGAA-1,12.757682,13.452277,s1d1
TTGCCTGGTGAGCTCC-1,10.55287,6.6738954,s1d1
TTGCCTGTCATGACAC-1,7.1775975,3.375546,s1d1
TTGCGTCAGACTCATC-1,-0.9011762,3.628653,s1d1
TTGCGTCAGATTGACA-1,10.282846,6.743744,s1d1
TTGCGTCAGGCGTTGA-1,7.390389,-3.8781824,s1d1
TTGCGTCAGTGATAAC-1,-4.946179,8.900043,s1d1
TTGCGTCCAATAGGGC-1,11.464636,10.791448,s1d1
TTGCGTCCACGTGAGA-1,16.972641,5.951341,s1d1
TTGCGTCCAGGCGAAT-1,11.9637165,10.39145,s1d1
TTGCGTCGTGCCGGTT-1,6.415114,-2.7348132,s1d1
TTGCGTCGTGCTCTTC-1,6.960298,-2.8631117,s1d1
TTGCGTCGTTAGGAGC-1,3.1761804,2.9585187,s1d1
TTGCGTCTCAAGTCTG-1,11.058224,8.4292,s1d1
TTGCGTCTCCCAGGAC-1,16.55225,6.326975,s1d1
TTGCTGCAGACAAGCC-1,-3.8924892,10.231998,s1d1
TTGCTGCCAGACCAGA-1,10.428544,6.0179634,s1d1
TTGCTGCGTACGCTTA-1,3.352516,4.718956,s1d1
TTGCTGCGTAGCGCTC-1,2.4827793,7.4940376,s1d1
TTGCTGCGTGATAGTA-1,14.209968,6.0231185,s1d1
TTGCTGCTCCATAGAC-1,9.691483,4.4401855,s1d1
TTGCTGCTCCCTGTTG-1,10.150233,6.6526155,s1d1
TTGCTGCTCCGCAGTG-1,5.728332,5.060177,s1d1
TTGCTGCTCGTGGGAA-1,-0.126827,4.593951,s1d1
TTGGATGAGCCTGTGC-1,7.1088715,-5.4114428,s1d1
TTGGATGAGCGCCTTG-1,2.348109,6.074417,s1d1
TTGGATGAGTACAACA-1,-5.216396,8.923124,s1d1
TTGGATGAGTGCGCTC-1,11.631827,8.138891,s1d1
TTGGATGCAATCAGCT-1,7.143686,-4.521149,s1d1
TTGGATGCAGTGGTGA-1,-4.3183403,7.780913,s1d1
TTGGATGGTAGATTAG-1,6.4643087,-3.2496605,s1d1
TTGGATGGTAGCTGAG-1,9.377383,2.6606636,s1d1
TTGGATGGTCGCTTGG-1,10.201782,12.485167,s1d1
TTGGATGGTGGAATGC-1,11.154804,6.601123,s1d1
TTGGATGGTTGCCGAC-1,1.0029469,4.4816937,s1d1
TTGGATGTCATTTCCA-1,10.937952,7.55798,s1d1
TTGGATGTCCACAAGT-1,11.645836,8.503502,s1d1
TTGGATGTCTAGTTCT-1,1.0917668,4.469874,s1d1
TTGGGATAGAACTTCC-1,9.31885,5.0148635,s1d1
TTGGGATAGGTCCCGT-1,6.688138,-3.1695604,s1d1
TTGGGATAGTGCTCAT-1,12.2013,13.688529,s1d1
TTGGGATCACTGTGTA-1,-4.64212,7.846615,s1d1
TTGGGATCAGACAAGC-1,-4.0482593,3.7991693,s1d1
TTGGGATCATCATGAC-1,11.939916,10.257105,s1d1
TTGGGATTCCAACTAG-1,5.3637457,19.218277,s1d1
TTGGGATTCGGTGTTA-1,11.486052,11.735916,s1d1
TTGGGATTCGTACACA-1,12.739981,9.713955,s1d1
TTGGGATTCTATGCCC-1,10.92492,11.999336,s1d1
TTGGGCGAGAGCAGCT-1,12.488984,13.032082,s1d1
TTGGGCGAGGCCTAGA-1,12.357851,7.854662,s1d1
TTGGGCGAGTTCTCTT-1,3.9086347,16.494034,s1d1
TTGGGCGCAAAGTGTA-1,-3.9471087,9.633178,s1d1
TTGGGCGCAATAGTAG-1,13.769621,9.884236,s1d1
TTGGGCGCACAATGAA-1,3.5271358,17.813007,s1d1
TTGGGCGCAGGTCAGA-1,2.439853,8.454189,s1d1
TTGGGCGGTACTCCGG-1,10.752351,9.980071,s1d1
TTGGGCGGTATCAAGA-1,11.487703,6.724444,s1d1
TTGGGCGTCACATCAG-1,2.8127165,4.418793,s1d1
TTGGGCGTCCTATTGT-1,12.95541,13.125606,s1d1
TTGGGCGTCGGCATTA-1,-4.3827996,9.36842,s1d1
TTGGGTAAGAACCGCA-1,11.508364,9.817041,s1d1
TTGGGTAAGAGAATCT-1,2.6022034,17.125616,s1d1
TTGGGTAAGCATCAGG-1,4.2478952,20.079746,s1d1
TTGGGTAAGTATGACA-1,7.267065,-4.672973,s1d1
TTGGGTACAAGAGGTC-1,15.329995,8.573338,s1d1
TTGGGTACATAGAAAC-1,5.3673744,18.325111,s1d1
TTGGGTACATGTACGT-1,6.146811,-5.083097,s1d1
TTGGGTAGTAACATCC-1,12.819321,14.144029,s1d1
TTGGGTAGTACTGCCG-1,11.560753,10.491092,s1d1
TTGGGTAGTGCATGAG-1,11.487058,10.040027,s1d1
TTGGGTAGTGCCGAAA-1,4.114622,16.301905,s1d1
TTGGTTTAGATGCAGC-1,6.1117835,-2.3028605,s1d1
TTGGTTTCACGACGAA-1,2.3209798,16.722048,s1d1
TTGGTTTCAGTCACGC-1,10.869391,13.7282095,s1d1
TTGGTTTCATTGGATC-1,-5.6112595,8.228818,s1d1
TTGGTTTGTCTCTCCA-1,6.641608,-5.491939,s1d1
TTGGTTTGTTCAGCTA-1,11.316862,13.293207,s1d1
TTGGTTTGTTCGGCGT-1,5.847654,-4.8988457,s1d1
TTGGTTTGTTTGGCTA-1,10.844695,17.158333,s1d1
TTGGTTTTCCACAGCG-1,-2.3014367,6.9201474,s1d1
TTGTGGACAAGTTGGG-1,10.624374,12.469471,s1d1
TTGTGGACAGGAGACT-1,8.180359,-1.3256767,s1d1
TTGTGGAGTGACAACG-1,2.7552643,5.16773,s1d1
TTGTGGAGTGACATCT-1,2.9146376,6.979176,s1d1
TTGTGGAGTGTTCATG-1,6.0748754,16.70668,s1d1
TTGTGGAGTTCAGCGC-1,8.151247,3.923637,s1d1
TTGTGGAGTTGCGGCT-1,14.447248,6.1372824,s1d1
TTGTGGAGTTTACTTC-1,9.852816,12.719399,s1d1
TTGTGGATCTGGGAGA-1,5.832967,19.574183,s1d1
TTGTGTTAGCTCTTCC-1,-3.730892,8.540782,s1d1
TTGTGTTAGGAGGTTC-1,16.54716,8.718266,s1d1
TTGTGTTCACAATGAA-1,12.448255,11.0544405,s1d1
TTGTGTTCAGCGACCT-1,10.817325,8.488112,s1d1
TTGTGTTGTAAGAACT-1,5.567303,19.561026,s1d1
TTGTGTTTCCGCGAGT-1,9.582764,3.8194177,s1d1
TTGTTCAAGATGACAT-1,6.648537,17.712736,s1d1
TTGTTCAGTCTCTCCA-1,9.647676,4.6077094,s1d1
TTGTTCAGTGAATGAT-1,10.550586,8.010669,s1d1
TTGTTCAGTTTCTTAC-1,10.603924,7.00973,s1d1
TTGTTGTAGGCTTTCA-1,2.537684,8.156221,s1d1
TTGTTGTAGTTGCTGT-1,7.8058457,3.7726316,s1d1
TTGTTGTCAAAGCAAT-1,10.039721,4.894796,s1d1
TTGTTGTCACCCGTAG-1,1.953719,17.533512,s1d1
TTGTTGTGTACGAGTG-1,5.308642,19.821663,s1d1
TTGTTGTGTCCAGTTA-1,13.783342,6.149154,s1d1
TTGTTGTTCGATTGAC-1,11.912574,11.751306,s1d1
TTGTTTGAGCTTACGT-1,16.714605,5.411405,s1d1
TTGTTTGAGCTTGTGT-1,11.516538,14.515134,s1d1
TTGTTTGCAGCTTCCT-1,11.083353,11.647073,s1d1
TTGTTTGGTAACATAG-1,-1.6451616,5.3628635,s1d1
TTGTTTGGTACGATCT-1,4.9983172,-2.8147519,s1d1
TTGTTTGGTAGTCGTT-1,5.7576833,19.429657,s1d1
TTTACCAAGAAGGTAG-1,3.228428,2.2626114,s1d1
TTTACCAAGCGTCAGA-1,7.142028,-5.3073044,s1d1
TTTACCAAGCTGTTCA-1,2.1889234,6.0276866,s1d1
TTTACCAAGTTTGCTG-1,-6.001235,7.7583623,s1d1
TTTACCACAGGCCCTA-1,10.56128,12.74141,s1d1
TTTACCATCAAGCCGC-1,4.8686156,-3.835904,s1d1
TTTACCATCGCGGTAC-1,13.925089,9.744923,s1d1
TTTACGTAGATGACAT-1,6.9592047,4.1521335,s1d1
TTTACGTAGCGGCTCT-1,14.891428,9.023516,s1d1
TTTACGTCAATTTCTC-1,11.104114,-0.8631268,s1d1
TTTACGTCATTAAAGG-1,10.288955,11.273151,s1d1
TTTACGTGTCAACACT-1,5.8656926,19.227024,s1d1
TTTACGTTCATGAAAG-1,4.090166,5.748372,s1d1
TTTACGTTCCGTAATG-1,8.843986,1.4549886,s1d1
TTTACGTTCCGTTGGG-1,6.891021,-3.9056203,s1d1
TTTACTGAGATAGGGA-1,10.199157,12.2327795,s1d1
TTTACTGAGCACTCTA-1,13.347394,5.4463744,s1d1
TTTACTGAGCATGTTC-1,10.502745,5.4858375,s1d1
TTTACTGCAAGGGTCA-1,-6.3191223,8.462919,s1d1
TTTACTGCAGAGGCTA-1,11.553092,10.470033,s1d1
TTTACTGCAGAGTAAT-1,9.343369,1.8315679,s1d1
TTTACTGCATGTCGTA-1,6.6826205,-0.460436,s1d1
TTTACTGGTTGGTAGG-1,5.3671856,-0.87678224,s1d1
TTTAGTCAGGGACACT-1,5.7397118,-5.367957,s1d1
TTTAGTCAGTGCGACA-1,5.730827,16.263702,s1d1
TTTAGTCCAGGCATTT-1,11.169765,10.355404,s1d1
TTTAGTCCATAACGGG-1,2.7423918,18.121162,s1d1
TTTAGTCGTTGTTTGG-1,2.1646974,17.435593,s1d1
TTTAGTCTCATGCTAG-1,13.002404,7.134748,s1d1
TTTATGCCACTGCATA-1,2.3486276,7.067701,s1d1
TTTATGCCATAGGCGA-1,4.683118,20.234728,s1d1
TTTATGCCATATCGGT-1,-5.522242,9.375518,s1d1
TTTATGCGTACAGTCT-1,16.258047,8.969426,s1d1
TTTATGCGTACCACGC-1,-4.5493784,10.634572,s1d1
TTTATGCGTCCGGATC-1,5.0602345,-3.2703123,s1d1
TTTATGCGTGGAACCA-1,11.155055,7.9640756,s1d1
TTTATGCTCCATATGG-1,11.867225,6.458006,s1d1
TTTATGCTCCGGCTTT-1,14.153247,5.031612,s1d1
TTTATGCTCCTCACCA-1,6.2509604,3.4333203,s1d1
TTTATGCTCTACGGGC-1,-0.3352583,6.026854,s1d1
TTTCACAAGCCAGTAG-1,8.269853,4.236536,s1d1
TTTCACAAGTGAGCCA-1,16.943989,5.034338,s1d1
TTTCACACAGTCGGAA-1,10.816192,8.167812,s1d1
TTTCACAGTTTGGGTT-1,12.745912,6.8298492,s1d1
TTTCACATCATTCTTG-1,-4.336735,7.4487495,s1d1
TTTCACATCGGTAAGG-1,8.023772,-3.8954322,s1d1
TTTCAGTAGATTGCGG-1,10.486221,10.090287,s1d1
TTTCAGTCATATAGCC-1,6.098034,15.859655,s1d1
TTTCAGTGTGTTCAGT-1,10.024626,10.402176,s1d1
TTTCAGTGTTAAAGTG-1,8.977244,2.9105725,s1d1
TTTCAGTGTTCACGAT-1,17.486736,5.1203766,s1d1
TTTCAGTTCGTGTCAA-1,13.5806465,5.139411,s1d1
TTTCAGTTCTAGATCG-1,1.6745776,4.514557,s1d1
TTTCAGTTCTGCGGCA-1,4.7449145,14.313075,s1d1
TTTCATGAGAAGGCTC-1,7.8149276,-1.5702615,s1d1
TTTCATGAGGCTGGAT-1,3.586245,13.307935,s1d1
TTTCATGAGTCTGCAT-1,2.3862286,16.846872,s1d1
TTTCATGCAACGCCCA-1,4.416043,16.500795,s1d1
TTTCATGCAGTAGAAT-1,-5.3195033,10.616226,s1d1
TTTCATGCATGGAGAC-1,7.9990187,-3.0744746,s1d1
TTTCATGGTCAAGTTC-1,11.659475,6.8320465,s1d1
TTTCATGGTCATCCCT-1,5.654874,16.573479,s1d1
TTTCATGGTTCTTAGG-1,6.930388,-3.540631,s1d1
TTTCATGTCAAAGGTA-1,3.9186268,5.5898933,s1d1
TTTCATGTCGAGTGAG-1,-5.797999,7.749734,s1d1
TTTCATGTCTGGAGAG-1,14.387971,10.761571,s1d1
TTTCATGTCTTGAACG-1,5.712943,3.8247056,s1d1
TTTCCTCAGCCTCTCT-1,14.57932,6.4857645,s1d1
TTTCCTCAGGTTCACT-1,4.223051,19.577154,s1d1
TTTCCTCCAAATACAG-1,4.5547066,4.6585226,s1d1
TTTCCTCCATGGCCCA-1,8.526047,0.8036431,s1d1
TTTCCTCGTCCACTTC-1,10.388422,7.9273977,s1d1
TTTCCTCGTCCTGGGT-1,-5.795519,10.107397,s1d1
TTTCCTCGTTCGGACC-1,-4.862374,9.462414,s1d1
TTTCCTCTCATCTGTT-1,11.72296,8.5452795,s1d1
TTTCCTCTCGGTCTGG-1,5.5506263,16.59639,s1d1
TTTCGATAGAATACAC-1,-6.0028024,9.859381,s1d1
TTTCGATCAATTGTGC-1,3.3934786,13.968774,s1d1
TTTCGATCACCATTCC-1,10.52898,4.7753286,s1d1
TTTCGATCAGGTGGAT-1,-5.268935,9.341004,s1d1
TTTCGATCATCGCTCT-1,2.3433287,17.609474,s1d1
TTTCGATGTATAGGAT-1,5.4255,-5.193238,s1d1
TTTCGATGTCGCATCG-1,9.969752,4.4760346,s1d1
TTTCGATGTCTTTCAT-1,-1.8717654,3.4889808,s1d1
TTTCGATGTTGGGTAG-1,3.1619334,2.923115,s1d1
TTTCGATTCAAACGAA-1,11.748212,5.884184,s1d1
TTTCGATTCCCTTTGG-1,13.521681,6.0819707,s1d1
TTTCGATTCCTGTACC-1,3.9203746,13.919682,s1d1
TTTCGATTCGATACAC-1,2.1522171,3.993372,s1d1
TTTGACTAGGCTGAAC-1,-5.366015,8.927474,s1d1
TTTGACTAGGTACATA-1,9.934331,-4.3521037,s1d1
TTTGACTAGTCATACC-1,2.6963563,6.2878904,s1d1
TTTGACTAGTCGAAAT-1,14.20593,6.334401,s1d1
TTTGACTAGTGGTGGT-1,11.877299,13.066999,s1d1
TTTGACTCACGTAGTT-1,1.943544,17.311012,s1d1
TTTGACTCACTAACCA-1,13.740602,6.735897,s1d1
TTTGACTCAGGCTACC-1,2.927271,17.176634,s1d1
TTTGACTCATTCCTAT-1,13.085406,11.881782,s1d1
TTTGATCAGCCGTTAT-1,11.442958,7.122249,s1d1
TTTGATCAGGTCGTCC-1,16.535946,5.451471,s1d1
TTTGATCCAACGTAAA-1,10.266283,5.671431,s1d1
TTTGATCCATCTCATT-1,-1.6717772,3.7314143,s1d1
TTTGATCGTAGACAAT-1,-5.5865703,8.6213255,s1d1
TTTGATCGTCGGAACA-1,12.038516,7.682762,s1d1
TTTGATCGTCTTTCTA-1,2.5010784,17.73023,s1d1
TTTGATCGTGAACGGT-1,6.884694,-3.4805036,s1d1
TTTGATCGTGCCAAGA-1,5.6710095,-4.4832597,s1d1
TTTGATCGTGTCCCTT-1,-5.8450055,8.448466,s1d1
TTTGATCGTTCAAGTC-1,3.5351028,6.7404156,s1d1
TTTGGAGAGCAACCAG-1,-1.0064989,2.8045554,s1d1
TTTGGAGAGGGTACAC-1,13.898565,9.724288,s1d1
TTTGGAGAGTACCATC-1,-5.810608,8.541735,s1d1
TTTGGAGCATGTGGCC-1,12.614787,6.44352,s1d1
TTTGGAGGTTGTTGAC-1,16.67902,8.316702,s1d1
TTTGGAGGTTGTTTGG-1,12.563988,13.478777,s1d1
TTTGGAGTCACTCGAA-1,15.841219,7.775559,s1d1
TTTGGAGTCCCTCGTA-1,11.542715,9.351252,s1d1
TTTGGTTAGGATTTGA-1,5.8802457,5.0295024,s1d1
TTTGGTTCAACCGATT-1,4.889812,18.853527,s1d1
TTTGGTTCACAGCTTA-1,10.9449005,-0.80223423,s1d1
TTTGGTTCAGCCTACG-1,10.427761,6.6853485,s1d1
TTTGGTTCATAGGTTC-1,13.735774,7.0172896,s1d1
TTTGGTTGTTAGTTCG-1,11.7178545,8.769769,s1d1
TTTGGTTTCTCAACCC-1,1.4823642,4.20596,s1d1
TTTGTTGAGAATTTGG-1,5.4803414,19.184832,s1d1
TTTGTTGAGCTTACGT-1,5.2470565,-3.494731,s1d1
TTTGTTGAGGGATCGT-1,6.9329104,3.2395766,s1d1
TTTGTTGAGGTTACCT-1,4.161155,16.631731,s1d1
TTTGTTGAGTAGTCCT-1,7.104061,-2.7003436,s1d1
TTTGTTGAGTCTAGAA-1,14.414058,9.31337,s1d1
TTTGTTGCAAATCAGA-1,9.550209,1.966491,s1d1
TTTGTTGCACGCCACA-1,-3.3689115,9.436809,s1d1
TTTGTTGCATAGGAGC-1,8.2804365,7.627424,s1d1
TTTGTTGCATTCGATG-1,11.305863,7.9462295,s1d1
TTTGTTGGTCACTCAA-1,5.8247666,4.81998,s1d1
AAACCCAAGAAGTGTT-1,10.744457,11.490702,s1d3
AAACCCAAGCTGACTT-1,14.305263,9.352816,s1d3
AAACCCACAAATGGCG-1,6.6790485,-4.016683,s1d3
AAACCCACATAGAATG-1,13.446744,13.17424,s1d3
AAACCCAGTCTTCTAT-1,8.791841,6.9387,s1d3
AAACCCAGTTTAGAGA-1,4.047791,20.030577,s1d3
AAACCCATCACTGGGC-1,11.278011,7.6351833,s1d3
AAACCCATCGCGTAGC-1,16.469942,6.021898,s1d3
AAACGAAAGAGGCCAT-1,-1.9937999,5.1305213,s1d3
AAACGAAAGATCCTAC-1,11.735128,13.1364975,s1d3
AAACGAAAGCGATTCT-1,6.2338142,-0.60836315,s1d3
AAACGAAAGTTTGCTG-1,-1.390811,6.1218605,s1d3
AAACGAAGTAGACGGT-1,12.888107,7.6812787,s1d3
AAACGAAGTGCATGAG-1,11.762174,14.17107,s1d3
AAACGAAGTTATTCCT-1,-4.508026,9.635454,s1d3
AAACGAAGTTTCTATC-1,14.787103,9.697374,s1d3
AAACGAATCAGCCCAG-1,5.052433,19.467995,s1d3
AAACGCTAGCCAAGGT-1,12.981194,13.321291,s1d3
AAACGCTAGGAGGTTC-1,13.870728,9.725725,s1d3
AAACGCTCAAGATGTA-1,10.274324,11.786523,s1d3
AAACGCTCACAATGTC-1,12.014362,11.41283,s1d3
AAACGCTCACCCAAGC-1,13.5959,5.352565,s1d3
AAACGCTCACCCTAGG-1,11.954322,11.953687,s1d3
AAACGCTCACCTGCTT-1,12.966273,13.198057,s1d3
AAACGCTCAGAGGCAT-1,13.306158,12.860641,s1d3
AAACGCTCATTCAGCA-1,16.166777,6.677237,s1d3
AAACGCTCATTCGGGC-1,10.027719,12.742404,s1d3
AAACGCTTCAAAGAAC-1,0.11999298,4.1092134,s1d3
AAACGCTTCGGTCAGC-1,13.207907,12.846185,s1d3
AAACGCTTCTTGTTAC-1,13.376543,13.432414,s1d3
AAAGAACAGGTTCAGG-1,2.2001665,16.472294,s1d3
AAAGAACAGGTTGCCC-1,11.25106,8.373893,s1d3
AAAGAACCAATTTCCT-1,10.561357,11.868771,s1d3
AAAGAACCACACACTA-1,11.257199,10.232198,s1d3
AAAGAACTCCATCCGT-1,3.7450163,17.7424,s1d3
AAAGAACTCGTGTGGC-1,14.365524,6.1377454,s1d3
AAAGAACTCTACTCAT-1,17.292965,4.7671223,s1d3
AAAGAACTCTTAGGAC-1,12.248618,7.697475,s1d3
AAAGGATAGACCATAA-1,2.850905,14.363143,s1d3
AAAGGATAGCTGGTGA-1,2.5678544,8.639577,s1d3
AAAGGATAGGTAAACT-1,11.238154,13.965587,s1d3
AAAGGATCACACACTA-1,10.424981,13.168713,s1d3
AAAGGATCATATCTCT-1,2.653838,14.879248,s1d3
AAAGGATGTAGACAAT-1,-4.052146,8.328859,s1d3
AAAGGATGTATCGATC-1,-2.3063257,5.025606,s1d3
AAAGGATGTCTGCGCA-1,5.762664,-3.0056274,s1d3
AAAGGATGTGCCTACG-1,16.529388,8.41163,s1d3
AAAGGATGTTATGTGC-1,2.98789,17.132776,s1d3
AAAGGATTCCGGTAGC-1,10.66857,13.074463,s1d3
AAAGGATTCGAGCCTG-1,-5.55177,8.91477,s1d3
AAAGGATTCGTTAGAC-1,10.663081,13.034891,s1d3
AAAGGATTCTCGACGG-1,5.9007707,19.360123,s1d3
AAAGGGCAGCCTCTCT-1,2.8012688,17.728077,s1d3
AAAGGGCAGGATATGT-1,4.0529833,18.636402,s1d3
AAAGGGCAGTCACGAG-1,11.398606,6.672824,s1d3
AAAGGGCCAAGACGAC-1,-5.8308716,9.393677,s1d3
AAAGGGCCAAGGCGTA-1,11.990861,13.325537,s1d3
AAAGGGCCAGGTTTAC-1,14.146509,10.130411,s1d3
AAAGGGCCAGTCAGTT-1,12.729492,8.99984,s1d3
AAAGGGCGTGGCTCTG-1,10.122356,12.533658,s1d3
AAAGGGCGTTAAAGTG-1,11.685652,10.996444,s1d3
AAAGGGCTCAAATAGG-1,-4.4566765,10.126502,s1d3
AAAGGGCTCAAGGCTT-1,16.247747,6.3530736,s1d3
AAAGGGCTCAATCCAG-1,10.108161,12.187157,s1d3
AAAGGGCTCACGGGAA-1,-3.7223322,8.124004,s1d3
AAAGGTAAGAGTGAAG-1,12.143131,14.345224,s1d3
AAAGGTAAGGCCTGCT-1,11.83223,11.187858,s1d3
AAAGGTAAGTAGAGTT-1,-4.726137,8.944956,s1d3
AAAGGTACACAACGTT-1,-5.465779,7.246126,s1d3
AAAGGTACATTCCTAT-1,13.379353,12.743747,s1d3
AAAGGTATCACGAGGA-1,6.0033374,-1.6187099,s1d3
AAAGTCCAGAGAAGGT-1,6.4552546,5.4166408,s1d3
AAAGTCCAGATAACAC-1,10.203626,7.1061926,s1d3
AAAGTCCCAATGCAGG-1,12.4385195,11.594523,s1d3
AAAGTCCCAGAGCCCT-1,11.1485405,12.137083,s1d3
AAAGTCCGTCTAGGTT-1,12.685457,13.774212,s1d3
AAAGTCCTCAGCCTCT-1,-4.2926793,6.885314,s1d3
AAAGTGAAGGCGTTGA-1,15.588904,8.697348,s1d3
AAAGTGACAAATGGCG-1,10.354416,10.189681,s1d3
AAAGTGACAATACCCA-1,-5.4868407,12.158248,s1d3
AAAGTGACACGTAGAG-1,9.754928,12.090761,s1d3
AAAGTGACATTATGCG-1,11.645943,10.095559,s1d3
AAAGTGAGTCTATGAC-1,-1.627271,6.643168,s1d3
AAAGTGATCACACCGG-1,13.225323,10.293987,s1d3
AAAGTGATCGAATCCA-1,12.601364,13.703727,s1d3
AAAGTGATCTGGCCGA-1,8.802567,7.242127,s1d3
AAATGGAAGCATGCGA-1,2.6351018,14.357639,s1d3
AAATGGAAGGCACCAA-1,11.432963,6.384832,s1d3
AAATGGACAACAACAA-1,5.4877186,17.750252,s1d3
AAATGGACAATCTAGC-1,12.059928,12.338476,s1d3
AAATGGACACTCCTTG-1,12.669522,13.410598,s1d3
AAATGGAGTCACCGCA-1,1.878477,16.655313,s1d3
AAATGGAGTCCAAAGG-1,11.307766,6.2672453,s1d3
AAATGGATCACTGCTC-1,16.808218,8.584339,s1d3
AAATGGATCCAGTGCG-1,9.832042,12.020373,s1d3
AAATGGATCCGATAGT-1,3.9840684,13.950938,s1d3
AAATGGATCCGTAATG-1,11.496909,10.833767,s1d3
AAATGGATCGGCTGTG-1,7.124716,-3.4620955,s1d3
AACAAAGCAAGGCAAC-1,12.076788,7.5428863,s1d3
AACAAAGCACAAGCAG-1,2.687756,6.67448,s1d3
AACAAAGCAGATACTC-1,8.076679,-1.1421545,s1d3
AACAAAGCAGATTTCG-1,15.661496,5.471858,s1d3
AACAAAGCAGTTGAAA-1,-4.280481,10.271687,s1d3
AACAAAGGTTGGTACT-1,10.3103695,12.604926,s1d3
AACAACCAGCTAGAAT-1,6.9055667,-5.529683,s1d3
AACAACCAGTGCACAG-1,8.756398,7.5534997,s1d3
AACAACCAGTGTTCCA-1,-3.7069216,8.351288,s1d3
AACAACCCAATCCTAG-1,6.0639853,6.5438876,s1d3
AACAACCCACAGTCGC-1,6.54893,-3.7407396,s1d3
AACAACCCAGTGCGCT-1,14.055794,6.3443065,s1d3
AACAACCCATTCTTCA-1,5.379376,19.407959,s1d3
AACAACCGTAACAGTA-1,11.519029,8.173361,s1d3
AACAACCGTACATACC-1,11.807733,8.193132,s1d3
AACAACCGTCCAGTTA-1,11.431853,7.7472954,s1d3
AACAACCTCAGCCTTC-1,-5.0857935,3.953254,s1d3
AACAACCTCATCTATC-1,13.538371,9.865646,s1d3
AACAACCTCCCTGGTT-1,12.427808,10.083455,s1d3
AACAAGAAGAACTTCC-1,9.339542,3.678576,s1d3
AACAAGAAGTAATCCC-1,6.7433567,3.1614223,s1d3
AACAAGACATGCCGGT-1,10.486513,13.093227,s1d3
AACAAGAGTCCATAGT-1,13.951582,5.915319,s1d3
AACAAGAGTTAGAAAC-1,12.237698,12.113772,s1d3
AACACACAGGTAAGTT-1,11.096181,8.599585,s1d3
AACACACCAAAGCGTG-1,10.534231,12.233171,s1d3
AACACACCAAAGCTAA-1,8.740006,7.2337914,s1d3
AACACACCACAAGTGG-1,6.684174,18.45031,s1d3
AACACACCACCCTAAA-1,13.338899,7.5280685,s1d3
AACACACCACTGCTTC-1,13.768843,7.460847,s1d3
AACACACGTCACTCTC-1,13.354138,12.059317,s1d3
AACACACGTTGCACGC-1,10.958213,12.100588,s1d3
AACACACGTTGCATAC-1,17.053251,4.647471,s1d3
AACACACTCTGCTCTG-1,6.6806073,-4.1509953,s1d3
AACAGGGAGCACACCC-1,12.346271,14.259441,s1d3
AACAGGGAGGCCTAGA-1,14.975594,7.7722216,s1d3
AACAGGGCAACCGACC-1,4.672687,19.43762,s1d3
AACAGGGCAGTATGAA-1,5.472547,17.906115,s1d3
AACAGGGGTAACATAG-1,5.0604577,-4.5526834,s1d3
AACAGGGGTATTCTCT-1,10.528115,10.34283,s1d3
AACCAACAGGGCCTCT-1,12.944573,12.48083,s1d3
AACCAACCATAGATGA-1,3.7426121,13.524463,s1d3
AACCAACCATTGTACG-1,-4.1989965,8.409938,s1d3
AACCAACGTATCGCTA-1,12.070481,9.657872,s1d3
AACCAACTCAAGCGTT-1,12.064021,7.554324,s1d3
AACCAACTCAGCGGAA-1,6.4879436,-5.2669067,s1d3
AACCAACTCATCTACT-1,-1.2627184,6.123439,s1d3
AACCAACTCCAACTGA-1,2.5519028,7.1880774,s1d3
AACCAACTCGACGTCG-1,8.667989,-4.5958705,s1d3
AACCAACTCGCAGTTA-1,-0.43761164,4.466161,s1d3
AACCACAAGCTACTGT-1,12.989135,13.954108,s1d3
AACCACACACTCACTC-1,11.194181,11.099958,s1d3
AACCACAGTTCTCTAT-1,13.118171,11.976692,s1d3
AACCACAGTTGCAACT-1,13.785469,5.4281993,s1d3
AACCACATCGTCCTTG-1,15.439128,9.151302,s1d3
AACCATGAGAGGATCC-1,7.3385186,-5.030064,s1d3
AACCATGAGGCAGTCA-1,16.17749,6.9845204,s1d3
AACCATGAGTTGGGAC-1,8.799842,7.5930886,s1d3
AACCATGCACTGATTG-1,4.951085,19.286247,s1d3
AACCATGCATGGGAAC-1,14.322882,7.7335687,s1d3
AACCATGGTATCGTGT-1,11.838715,12.926733,s1d3
AACCATGGTGTATTCG-1,6.5934534,17.889198,s1d3
AACCATGTCACTTGGA-1,10.180349,18.007109,s1d3
AACCATGTCATAGAGA-1,11.6041765,11.7162485,s1d3
AACCATGTCTTACGGA-1,8.516951,7.962636,s1d3
AACCCAAAGATCCGAG-1,-5.1894155,11.992116,s1d3
AACCCAAAGCTGTACT-1,11.001509,13.2925205,s1d3
AACCCAAAGGAGCAAA-1,-2.1779857,4.3465977,s1d3
AACCCAAAGGCACTAG-1,12.216931,11.39488,s1d3
AACCCAAAGGTTTACC-1,11.555432,8.304566,s1d3
AACCCAAAGTACCCTA-1,9.893873,12.717057,s1d3
AACCCAACACCCTGAG-1,10.567242,13.062758,s1d3
AACCCAACATGTTACG-1,16.495567,8.818893,s1d3
AACCCAAGTGGGTATG-1,11.301118,12.868408,s1d3
AACCCAATCTCAACCC-1,15.004774,7.492237,s1d3
AACCTGAAGATTAGCA-1,-3.798443,9.475874,s1d3
AACCTGAAGGGCAGGA-1,3.3210769,2.0440717,s1d3
AACCTGACACAACGCC-1,5.2898026,19.29031,s1d3
AACCTGAGTAAGACCG-1,10.938241,12.401093,s1d3
AACCTGAGTATTAAGG-1,10.968827,13.151267,s1d3
AACCTGATCACACCGG-1,11.240177,13.615069,s1d3
AACCTTTAGCACTCTA-1,-5.083152,9.332404,s1d3
AACCTTTAGCGATCGA-1,8.592259,7.3313265,s1d3
AACCTTTAGGTCTTTG-1,1.6946257,7.6976047,s1d3
AACCTTTCACAGACGA-1,12.914148,7.530721,s1d3
AACCTTTCAGACCAAG-1,10.045476,13.126737,s1d3
AACCTTTCATGAGGGT-1,10.952428,6.970326,s1d3
AACCTTTGTACAATAG-1,3.1353424,16.381641,s1d3
AACCTTTGTATTAAGG-1,12.307641,13.451156,s1d3
AACCTTTGTCGCCTAG-1,-3.6731017,9.371835,s1d3
AACCTTTTCACTACTT-1,15.285828,7.7941527,s1d3
AACCTTTTCATCAGTG-1,-5.223067,6.4787674,s1d3
AACCTTTTCGATTGAC-1,-3.6245184,9.158677,s1d3
AACCTTTTCGTGTGAT-1,10.762435,9.658795,s1d3
AACGAAAAGACGCCCT-1,-4.503957,9.584091,s1d3
AACGAAAAGCCATTGT-1,10.491195,8.036607,s1d3
AACGAAAAGCTGAGTG-1,11.50352,12.635782,s1d3
AACGAAAAGCTGCGAA-1,9.552119,11.857675,s1d3
AACGAAACAGAGTAAT-1,-0.6195271,2.744544,s1d3
AACGGGAAGCCTCTCT-1,-5.559249,7.8601303,s1d3
AACGGGAAGCTATCTG-1,13.337903,12.597125,s1d3
AACGGGAAGTTGGCTT-1,6.8478045,18.09975,s1d3
AACGGGACATCGATAC-1,11.795666,12.175881,s1d3
AACGGGATCACTTCTA-1,12.70078,13.855048,s1d3
AACGGGATCGCGATCG-1,11.056271,7.1776175,s1d3
AACGGGATCTTGCAGA-1,7.241766,-4.0361915,s1d3
AACGTCAAGCAACTCT-1,4.1294007,14.243045,s1d3
AACGTCACAATCGCAT-1,6.0074224,5.004753,s1d3
AACGTCACATCCTAAG-1,16.09402,8.48985,s1d3
AACGTCAGTAATACCC-1,5.938377,-2.8066432,s1d3
AACGTCAGTAGGGTAC-1,8.913845,8.059428,s1d3
AACGTCAGTATGACAA-1,2.3918102,8.235538,s1d3
AACGTCAGTGTTCGAT-1,12.459436,12.010186,s1d3
AACGTCAGTTGACTAC-1,6.3262177,4.7280593,s1d3
AACGTCATCAGCAGAG-1,4.8476543,18.753256,s1d3
AACGTCATCCCTCAAC-1,11.041823,7.745058,s1d3
AACGTCATCCGATGTA-1,7.8908334,3.2404327,s1d3
AACTTCTAGGTCGAGT-1,11.754282,9.689006,s1d3
AACTTCTAGTAGGGTC-1,10.205466,14.183082,s1d3
AACTTCTCACAAGTTC-1,-3.9226103,6.6411333,s1d3
AACTTCTTCGGTTGTA-1,11.654117,7.5056653,s1d3
AACTTCTTCTACTCAT-1,12.389136,13.56255,s1d3
AACTTCTTCTTCGCTG-1,-4.269142,6.6845617,s1d3
AAGAACAAGGAGCAAA-1,9.35766,3.3520977,s1d3
AAGAACACAGAGTTCT-1,9.742966,4.8504314,s1d3
AAGAACACATGATGCT-1,11.211336,11.164515,s1d3
AAGAACAGTCTGCCTT-1,11.259916,10.085271,s1d3
AAGAACATCCGCTGTT-1,1.4320219,5.0867767,s1d3
AAGAACATCTCACGAA-1,11.832708,12.119418,s1d3
AAGACAAAGCCTGCCA-1,3.753362,17.571186,s1d3
AAGACAAAGGAGACCT-1,-5.8867283,8.812501,s1d3
AAGACAAAGTGGAAAG-1,10.935664,5.925626,s1d3
AAGACAACAAACCACT-1,2.572356,14.972904,s1d3
AAGACAACAAACTCTG-1,-4.6645975,9.343274,s1d3
AAGACAACACGGATCC-1-1,12.036021,13.336447,s1d3
AAGACAAGTGGTCTGC-1,11.959798,14.007308,s1d3
AAGACAAGTGTTGACT-1,11.929049,14.259285,s1d3
AAGACTCAGTCACTGT-1,4.7326694,18.752378,s1d3
AAGACTCAGTTCGGTT-1,6.634124,18.014637,s1d3
AAGACTCCACAATCTG-1,11.942203,9.252346,s1d3
AAGACTCCATATTCGG-1,11.65274,11.944453,s1d3
AAGACTCGTGAGTAAT-1,9.1264305,7.285329,s1d3
AAGACTCTCCGCAGTG-1,14.472512,10.693849,s1d3
AAGACTCTCTCCGATC-1,11.637045,8.031573,s1d3
AAGATAGAGACATAAC-1,12.048995,10.256172,s1d3
AAGATAGCAAGACCGA-1,4.7749877,4.4486303,s1d3
AAGATAGCACGGTGTC-1,15.777423,7.943533,s1d3
AAGATAGCATGCCGGT-1,-1.4476058,6.1863184,s1d3
AAGATAGGTCAAAGCG-1,10.690864,6.507087,s1d3
AAGATAGGTTCTATCT-1,15.711153,7.453807,s1d3
AAGATAGTCATAAGGA-1,-0.87494916,4.44597,s1d3
AAGATAGTCATTCCTA-1,12.261124,10.372016,s1d3
AAGCATCAGGAAGTGA-1,-1.3118042,3.7952852,s1d3
AAGCATCAGGTAAGGA-1,-0.8580306,2.626168,s1d3
AAGCATCCACATTACG-1,-4.9840903,8.264263,s1d3
AAGCATCCATTAAAGG-1,3.9534287,13.652328,s1d3
AAGCATCGTAGCTGTT-1,15.794989,5.4745383,s1d3
AAGCATCTCACTAGCA-1,10.624194,12.582691,s1d3
AAGCCATAGAAAGCGA-1,6.8198214,18.24642,s1d3
AAGCCATAGACAAGCC-1,17.054287,4.888832,s1d3
AAGCCATAGGCTAAAT-1,-5.244385,8.631741,s1d3
AAGCCATAGTAACGAT-1,12.427896,13.504477,s1d3
AAGCCATCATGACCCG-1,-4.7198586,7.8622665,s1d3
AAGCCATGTGCTGTCG-1,-5.5881143,7.006493,s1d3
AAGCCATTCGTCGATA-1,-3.4045804,9.009118,s1d3
AAGCCATTCGTGGCGT-1,6.5101776,2.1692312,s1d3
AAGCCATTCTCACCCA-1,11.094403,8.556594,s1d3
AAGCCATTCTGGTCAA-1,16.470118,4.799663,s1d3
AAGCGAGCAAGTTTGC-1,-4.551709,8.783096,s1d3
AAGCGAGCACACGGAA-1,1.4277903,6.2676325,s1d3
AAGCGAGCAGCTTCGG-1,13.97644,6.0739145,s1d3
AAGCGAGGTGACTGAG-1,3.7867074,14.009751,s1d3
AAGCGAGGTTCCTACC-1,10.596384,6.2715735,s1d3
AAGCGAGTCGCGATCG-1,11.755123,6.357686,s1d3
AAGCGAGTCGGAGTGA-1,12.029334,6.814741,s1d3
AAGCGTTCAATCGCCG-1,-0.5803323,3.244324,s1d3
AAGCGTTCACTACAGT-1,6.6553693,3.4818285,s1d3
AAGCGTTCAGAGATTA-1,-5.4955244,11.986906,s1d3
AAGCGTTGTACAGTTC-1,13.204254,10.423057,s1d3
AAGCGTTGTACTGCGC-1,14.296977,9.110954,s1d3
AAGCGTTGTGAGTCAG-1,10.359562,13.14377,s1d3
AAGCGTTGTGCGTTTA-1,5.3383265,18.129559,s1d3
AAGCGTTGTTACCCTC-1,11.766931,13.944998,s1d3
AAGCGTTGTTAGGACG-1,11.041238,13.994768,s1d3
AAGCGTTGTTATCTTC-1,12.327785,11.014379,s1d3
AAGCGTTGTTCTCCAC-1,-1.6132065,7.031972,s1d3
AAGCGTTTCGCCCAGA-1,13.108007,12.631929,s1d3
AAGCGTTTCGCTCTAC-1,13.787062,6.983148,s1d3
AAGCGTTTCTCATTTG-1,14.239017,6.5661736,s1d3
AAGCGTTTCTGACAGT-1,11.185452,6.3974714,s1d3
AAGGAATAGACTAGAT-1,-4.8423147,10.793653,s1d3
AAGGAATAGTGTCATC-1,11.890802,8.002749,s1d3
AAGGAATCAGGCTATT-1,10.733775,12.8072195,s1d3
AAGGAATTCACACCGG-1,3.296688,18.165648,s1d3
AAGGTAAAGCATCTTG-1,11.481627,13.52209,s1d3
AAGGTAAAGGCTCCCA-1,6.2847586,18.168015,s1d3
AAGGTAACAAGTTTGC-1,8.275381,7.777851,s1d3
AAGGTAACACATAGCT-1,11.562844,8.774872,s1d3
AAGGTAATCGGCATCG-1,10.989154,12.74925,s1d3
AAGGTAATCTTGCAGA-1,5.6335692,16.004398,s1d3
AAGTACCAGCCTATTG-1,10.265026,6.7243643,s1d3
AAGTACCAGCCTGCCA-1,15.495486,7.373942,s1d3
AAGTACCAGGACTTCT-1,13.674603,13.277092,s1d3
AAGTACCAGGCCTTGC-1,3.9738708,13.3237295,s1d3
AAGTACCAGGTAAGTT-1,8.380142,6.824714,s1d3
AAGTACCAGTACAGAT-1,10.843752,12.229734,s1d3
AAGTACCAGTCGGCCT-1,4.1572413,13.300144,s1d3
AAGTACCAGTTCCATG-1,6.478692,-1.331619,s1d3
AAGTACCCACAGCTTA-1,6.157471,-5.1372538,s1d3
AAGTACCCAGGTGTTT-1,2.223016,16.949154,s1d3
AAGTACCGTTGCTTGA-1,11.782057,8.209678,s1d3
AAGTACCTCAACCCGG-1,-4.715944,8.799653,s1d3
AAGTACCTCACTCACC-1,12.646559,14.206823,s1d3
AAGTACCTCGTAACAC-1,5.3434286,19.56582,s1d3
AAGTACCTCTCGCTTG-1,12.137844,11.778716,s1d3
AAGTACCTCTTTCGAT-1,-4.978133,11.277452,s1d3
AAGTCGTAGTAATTGG-1,12.846442,13.330087,s1d3
AAGTCGTAGTCAATCC-1,17.104017,6.1640663,s1d3
AAGTCGTCACTATCGA-1,11.597654,10.407349,s1d3
AAGTCGTCAGCAGATG-1,11.586181,12.784874,s1d3
AAGTCGTCATAGAATG-1,3.48691,6.626921,s1d3
AAGTCGTGTGGAAGTC-1,4.010669,19.32135,s1d3
AAGTCGTTCCAGTGCG-1,11.589939,11.510615,s1d3
AAGTCGTTCCCTCTCC-1,1.1323076,4.5848937,s1d3
AAGTCGTTCCGGTTCT-1,2.731808,14.591454,s1d3
AAGTCGTTCCTGTACC-1,11.249963,8.067293,s1d3
AAGTCGTTCTGGGCCA-1,4.0889683,14.607635,s1d3
AAGTGAACAACCACGC-1,11.371936,14.591413,s1d3
AAGTGAACAACTCGTA-1,-3.3405004,9.518973,s1d3
AAGTGAACAGAGTGTG-1,6.1406846,4.784493,s1d3
AAGTGAACATGGAACG-1,14.328082,8.815223,s1d3
AAGTGAAGTCGCACGT-1,14.107629,10.059519,s1d3
AAGTGAAGTCTAATCG-1,10.87963,11.889415,s1d3
AAGTGAAGTCTCGACG-1,6.4787693,6.4864798,s1d3
AAGTGAAGTGACCTGC-1,9.980896,11.745184,s1d3
AAGTGAAGTTGCTCCT-1,11.564295,13.994603,s1d3
AAGTGAATCAACTGGT-1,16.315304,6.162672,s1d3
AAGTGAATCACCCTGT-1,11.301754,14.728717,s1d3
AAGTGAATCCCTGTTG-1,-3.543061,8.012523,s1d3
AAGTGAATCCTGTAGA-1,1.8504353,8.507158,s1d3
AAGTGAATCTAGCCAA-1,6.493453,-3.5290565,s1d3
AAGTTCGCACTCTCGT-1,-4.4384475,8.540355,s1d3
AAGTTCGCAGCTTCGG-1,11.767163,12.532125,s1d3
AAGTTCGCAGGAATCG-1,12.5676155,10.440642,s1d3
AAGTTCGGTCCGTACG-1,4.065591,5.746568,s1d3
AAGTTCGGTTCCTACC-1,-5.097316,7.057261,s1d3
AAGTTCGTCCACTAGA-1,-3.3054388,9.458905,s1d3
AAGTTCGTCGAAATCC-1,-3.7161741,7.072561,s1d3
AAGTTCGTCGAGAAGC-1,9.832387,10.990178,s1d3
AAGTTCGTCGTCACCT-1,11.319491,13.581801,s1d3
AATAGAGAGAGCCCAA-1,11.730706,12.132292,s1d3
AATAGAGAGGGATGTC-1,12.7713375,12.801148,s1d3
AATAGAGAGTTTCTTC-1,-5.831535,8.211187,s1d3
AATAGAGCACGACTAT-1,3.6111808,13.542747,s1d3
AATAGAGGTGAAGCGT-1,14.72898,5.805173,s1d3
AATAGAGTCTCTCGCA-1,-5.33352,12.011759,s1d3
AATCACGAGGCATCGA-1,14.439579,9.820708,s1d3
AATCACGGTGAGTTGG-1,-4.842452,8.855301,s1d3
AATCACGGTGCACATT-1,8.40662,7.265318,s1d3
AATCGACAGCATCGAG-1,3.1931462,16.383703,s1d3
AATCGACAGCGACTTT-1,-5.0050097,10.695515,s1d3
AATCGACAGGCTTAGG-1,10.309441,11.754859,s1d3
AATCGACGTACTCGTA-1,6.9253664,3.2622004,s1d3
AATCGACGTACTTCCC-1,2.8499625,17.668991,s1d3
AATCGACTCACCTGTC-1,-5.7326193,9.620816,s1d3
AATCGACTCACTGCTC-1,10.783255,10.991728,s1d3
AATCGTGAGCGGACAT-1,5.252103,-4.385795,s1d3
AATCGTGAGGACAAGA-1,6.8867908,-2.50271,s1d3
AATCGTGAGTGCACAG-1,1.9862494,16.740705,s1d3
AATCGTGAGTTACTCG-1,11.12299,12.738999,s1d3
AATCGTGCACCAGTTA-1,10.98591,13.061757,s1d3
AATCGTGCAGAATCGG-1,4.209581,13.786474,s1d3
AATCGTGGTCGCAACC-1,1.9231831,16.605352,s1d3
AATCGTGTCCCTCATG-1,14.105391,10.545388,s1d3
AATCGTGTCGTGGGAA-1,0.37238055,5.1809,s1d3
AATCGTGTCTACCACC-1,6.9335613,-4.9651237,s1d3
AATCGTGTCTAGTCAG-1,11.83437,11.623717,s1d3
AATCGTGTCTGTGCAA-1,11.2196245,11.702561,s1d3
AATGAAGAGGCCCACT-1,7.443441,-3.4298954,s1d3
AATGAAGCAAGTATCC-1,17.291899,5.424674,s1d3
AATGAAGCACAGTCCG-1,2.491942,18.383791,s1d3
AATGAAGCAGTTAAAG-1,10.209981,12.227118,s1d3
AATGAAGCATATGCGT-1,10.804136,13.325328,s1d3
AATGAAGGTCTTTCAT-1,6.7795076,18.311932,s1d3
AATGAAGGTTCTCGTC-1,-3.1823778,9.386819,s1d3
AATGAAGTCATCCTGC-1,12.609331,7.632765,s1d3
AATGAAGTCATTCTTG-1,11.463692,6.6493654,s1d3
AATGAAGTCGTCAAAC-1,8.397403,7.431786,s1d3
AATGAAGTCTGCTAGA-1,-5.491907,10.06123,s1d3
AATGACCAGCTGCCTG-1,13.877723,12.925999,s1d3
AATGACCGTCGTGCCA-1,11.258267,13.782873,s1d3
AATGACCGTTCTTGTT-1,9.730362,4.5123982,s1d3
AATGACCGTTGTTGCA-1,5.4814854,-3.516429,s1d3
AATGACCTCGATCCAA-1,12.578387,7.908367,s1d3
AATGACCTCTGGGCGT-1,10.263235,13.114415,s1d3
AATGCCAAGCAGATAT-1,-5.061665,7.29341,s1d3
AATGCCAAGGCCCGTT-1,-4.599864,6.1452904,s1d3
AATGCCAAGGGTGAAA-1,3.5694227,4.7265534,s1d3
AATGCCACAATGAGCG-1,12.865776,12.602836,s1d3
AATGCCACATTGAAAG-1,11.202973,17.362337,s1d3
AATGCCAGTCAGCGTC-1,-1.7685534,6.9542413,s1d3
AATGCCAGTCGGCTAC-1,11.98553,13.344648,s1d3
AATGCCAGTGTTAGCT-1,13.133292,14.044443,s1d3
AATGGAAAGAAATGGG-1,9.018727,7.183582,s1d3
AATGGAAAGGAAAGAC-1,15.092128,10.170567,s1d3
AATGGAAAGTGGATAT-1,10.286512,5.217234,s1d3
AATGGAACAACCACAT-1,-4.410017,9.367477,s1d3
AATGGAACAAGAAATC-1,5.1112313,19.654427,s1d3
AATGGAACAAGGCCTC-1,16.082489,6.281354,s1d3
AATGGAACAGTGTGCC-1,-3.7675085,9.656725,s1d3
AATGGAAGTACGGATG-1,2.4869103,4.4021926,s1d3
AATGGAATCGCCGAGT-1,11.301853,14.48483,s1d3
AATGGCTAGAGGTTAT-1,11.036329,7.801731,s1d3
AATGGCTAGATCACTC-1,3.376918,17.532665,s1d3
AATGGCTAGCGTTGTT-1,11.207033,6.2290344,s1d3
AATGGCTAGTGATGGC-1,2.254028,17.834412,s1d3
AATGGCTCAACTCATG-1,12.55842,12.069782,s1d3
AATGGCTCACCAGTTA-1,-0.8598261,7.007143,s1d3
AATGGCTCAGACCTAT-1,10.03561,12.983666,s1d3
AATGGCTGTAGCTTTG-1,10.900227,10.518552,s1d3
AATGGCTGTCCGGACT-1,7.422654,3.4171202,s1d3
AATGGCTGTCGTTTCC-1,10.066979,4.744914,s1d3
AATTCCTCACACAGCC-1,5.1642394,-4.1312294,s1d3
AATTCCTCACCAAATC-1,9.425064,-4.5097528,s1d3
AATTCCTCAGTTCACA-1,14.266691,8.58915,s1d3
AATTCCTCATCAGCTA-1,11.844316,11.941974,s1d3
AATTCCTGTTCAAACC-1,11.463618,8.65388,s1d3
AATTCCTTCCCATTTA-1,10.673808,12.6746645,s1d3
AATTCCTTCGAAGAAT-1,2.343157,7.8197,s1d3
AATTTCCAGCCGGAAT-1,16.189705,8.856701,s1d3
AATTTCCAGGCATGCA-1,12.4436,10.588142,s1d3
AATTTCCAGGTGGGTT-1,-4.1818395,7.5740294,s1d3
AATTTCCGTCCTGGTG-1,5.126687,20.216663,s1d3
AATTTCCGTGAGTCAG-1,4.030114,13.931043,s1d3
AATTTCCGTGCACATT-1,11.304754,8.79777,s1d3
AATTTCCGTGCTCGTG-1,8.739945,7.450964,s1d3
AATTTCCTCAACACCA-1,-0.12286951,3.7353008,s1d3
AATTTCCTCAAGTCGT-1,11.854176,13.6926155,s1d3
AATTTCCTCAGAGCAG-1,-0.8166784,7.110894,s1d3
AATTTCCTCCAGCACG-1,14.797072,9.683679,s1d3
ACAAAGAAGATGAACT-1,8.485824,7.7784677,s1d3
ACAAAGAAGGACGCTA-1,5.673741,-2.7935753,s1d3
ACAAAGAAGTTTGTCG-1,6.926083,2.7251215,s1d3
ACAAAGACAGGTGAGT-1,-5.3897166,10.5560665,s1d3
ACAAAGACATTCACCC-1,11.738715,8.327213,s1d3
ACAAAGAGTACTGCGC-1,15.869034,9.179572,s1d3
ACAAAGATCCGCGGAT-1,-4.951285,8.875222,s1d3
ACAAAGATCGAGGCAA-1,-5.502234,12.174856,s1d3
ACAACCAAGAGGGTCT-1,13.456912,12.4074955,s1d3
ACAACCAAGCCTCAGC-1,3.8470137,13.580388,s1d3
ACAACCACAACATACC-1,8.957377,1.8989018,s1d3
ACAACCACAATACGAA-1,3.4720128,5.4576445,s1d3
ACAACCACATGAGAAT-1,8.9909935,7.3656125,s1d3
ACAACCAGTACCGGAA-1,11.930051,11.808617,s1d3
ACAACCAGTACTTCCC-1,-5.099825,11.905379,s1d3
ACAACCAGTCACTCTC-1,-5.1762915,7.205595,s1d3
ACAACCAGTTTCTATC-1,-5.4360065,8.168019,s1d3
ACAACCATCAACCCGG-1,-1.7257494,6.885552,s1d3
ACAACCATCCTACGGG-1,11.967327,13.195934,s1d3
ACAACCATCGAGAAGC-1,-5.038507,8.118989,s1d3
ACAACCATCGATAACC-1,5.936681,-5.379872,s1d3
ACAACCATCGCCTATC-1,2.5704806,18.135231,s1d3
ACAAGCTAGCCTGACC-1,11.436477,10.620541,s1d3
ACAAGCTAGTTCCAGT-1,13.188088,12.898964,s1d3
ACAAGCTCACAAGTTC-1,3.1423392,14.535559,s1d3
ACAAGCTCAGGGAGAG-1,10.256454,14.040735,s1d3
ACAAGCTCAGTAGTGG-1,8.042103,-1.0487609,s1d3
ACAAGCTCAGTCTTCC-1,4.7055535,14.620625,s1d3
ACAAGCTGTCCGAAGA-1,-5.6120667,10.54115,s1d3
ACAAGCTGTGAAGCGT-1,13.9531145,9.76238,s1d3
ACAAGCTGTTTACTTC-1,10.663721,10.255828,s1d3
ACAAGCTTCCATGCAA-1,2.867485,16.762014,s1d3
ACAAGCTTCTACGGGC-1,10.889779,13.119371,s1d3
ACAAGCTTCTGTTCAT-1,15.157863,5.5112753,s1d3
ACACAGTAGATACGAT-1,12.672189,12.3584,s1d3
ACACAGTAGATGAATC-1,12.160853,14.549134,s1d3
ACACAGTAGGAAGAAC-1,-1.0324588,6.790047,s1d3
ACACAGTAGGAGTCTG-1,13.411635,9.790251,s1d3
ACACAGTAGGCTCCCA-1,6.110174,-3.9657018,s1d3
ACACAGTCAACGATTC-1,13.358308,6.072876,s1d3
ACACAGTCAACTAGAA-1,-1.6445247,3.6526544,s1d3
ACACAGTCATGACTTG-1,10.019912,4.6558747,s1d3
ACACAGTCATTCTTCA-1,3.4778876,17.912472,s1d3
ACACAGTGTGGCGTAA-1,3.4962578,16.557589,s1d3
ACACAGTGTTGACTAC-1,15.057164,9.602096,s1d3
ACACAGTTCCCGATCT-1,2.502241,16.036436,s1d3
ACACAGTTCTAAGGAA-1,5.0839496,18.986607,s1d3
ACACAGTTCTTGGCTC-1,13.836243,13.055479,s1d3
ACACCAACAGCATACT-1,5.46654,-0.95500225,s1d3
ACACCAACATGTGCCG-1,14.601643,6.4274635,s1d3
ACACCAAGTCAAATCC-1,12.816029,11.587113,s1d3
ACACCAATCCAACTAG-1,12.679402,13.0920725,s1d3
ACACGCGAGACCCTTA-1,11.0281315,6.162022,s1d3
ACACGCGCAGCCGTCA-1,2.099976,4.0451775,s1d3
ACACGCGTCCCATGGG-1,13.581977,10.078322,s1d3
ACACGCGTCTGCTCTG-1,13.385064,6.150623,s1d3
ACACTGAAGGAGTATT-1,8.435121,7.2873755,s1d3
ACACTGAAGGATTTGA-1,12.2680435,12.531612,s1d3
ACACTGACAAATACAG-1,6.7881765,-5.4406285,s1d3
ACACTGACAAATCCCA-1,5.075401,14.212089,s1d3
ACACTGACACAGCCAC-1,10.643991,11.283006,s1d3
ACACTGACAGAACTAA-1,11.5257015,10.030087,s1d3
ACACTGACATGACAGG-1,-0.6730568,2.899489,s1d3
ACACTGAGTAGACGGT-1,8.817627,7.088256,s1d3
ACACTGAGTAGTTCCA-1,15.77926,7.8047624,s1d3
ACACTGAGTGACTATC-1,2.4889743,7.5938673,s1d3
ACACTGATCAGTGATC-1,2.3505754,14.058205,s1d3
ACACTGATCGCGTTTC-1,13.124855,13.749477,s1d3
ACAGAAAAGCTAGTTC-1,17.228512,5.7864294,s1d3
ACAGAAAAGCTTTGTG-1,-5.208261,8.723079,s1d3
ACAGAAACACCAGTAT-1,5.4068103,18.604462,s1d3
ACAGAAACATGAAGGC-1,10.347878,12.299724,s1d3
ACAGAAAGTCAACGCC-1,11.380649,13.307753,s1d3
ACAGAAAGTGCACAAG-1,10.32299,10.39708,s1d3
ACAGAAAGTTAAGCAA-1,-4.3291645,5.966042,s1d3
ACAGAAATCAACGAGG-1,16.254559,9.307379,s1d3
ACAGCCGAGAGCATTA-1,17.434656,5.441799,s1d3
ACAGCCGAGTTCTACG-1,9.170187,2.1243942,s1d3
ACAGCCGCAATCGCAT-1,10.8618355,6.732884,s1d3
ACAGCCGCAGCTACCG-1,5.5678673,16.144241,s1d3
ACAGCCGCATTGGGAG-1,11.559267,12.567304,s1d3
ACAGCCGGTAGCGTCC-1,10.872945,12.570172,s1d3
ACAGCCGGTCCTGTCT-1,-4.7742724,6.6325703,s1d3
ACAGCCGGTGTTCATG-1,11.221543,11.606649,s1d3
ACAGCCGGTTTCGATG-1,7.1221614,-5.3102865,s1d3
ACAGCCGTCCTATGGA-1,-5.263941,7.972551,s1d3
ACAGGGAAGAAACACT-1,11.778299,12.094329,s1d3
ACAGGGAAGAGAGTGA-1,11.626935,12.311447,s1d3
ACAGGGAAGCAACTCT-1,11.519529,12.782783,s1d3
ACAGGGAAGGAATGTT-1,14.683219,10.126025,s1d3
ACAGGGACACAAATCC-1,-4.218616,7.3128076,s1d3
ACAGGGACACCCAACG-1,17.034258,7.241997,s1d3
ACAGGGACACGCAGTC-1,6.669863,1.9605435,s1d3
ACAGGGACACTCAGAT-1,11.223572,14.094488,s1d3
ACAGGGACAGGACATG-1,15.7299385,9.238826,s1d3
ACAGGGACATGATCTG-1,14.417755,9.811656,s1d3
ACAGGGAGTCTGATAC-1,-1.6010245,5.7916536,s1d3
ACAGGGATCAGACCGC-1,11.7450905,8.538408,s1d3
ACAGGGATCCCAGTGG-1,15.007164,8.314999,s1d3
ACATCCCAGCTCCCTT-1,3.8292952,14.704904,s1d3
ACATCCCAGGACAGTC-1,-4.693057,10.181797,s1d3
ACATCCCCACCATTCC-1,14.500806,6.7307725,s1d3
ACATCCCGTAACATAG-1,3.880484,15.439466,s1d3
ACATCCCGTAGTCCTA-1,13.585509,12.326469,s1d3
ACATCCCGTCAAGTTC-1,4.319331,18.848583,s1d3
ACATCCCGTGGTCTAT-1,5.367616,-2.0254958,s1d3
ACATCCCGTTGTTTGG-1,3.8918073,16.906137,s1d3
ACATCCCTCATTGTTC-1,2.1132197,4.088465,s1d3
ACATCCCTCCAAGCTA-1,5.8647842,-2.159052,s1d3
ACATCCCTCCTACGAA-1-1,13.275238,13.007882,s1d3
ACATCCCTCTTAGCAG-1,8.694898,6.8774996,s1d3
ACATCGAAGTTGAAGT-1,12.83578,13.480929,s1d3
ACATCGACATCTCAAG-1,-5.1088057,11.271413,s1d3
ACATCGACATGGGTTT-1,5.3834295,20.014551,s1d3
ACATCGAGTATACGGG-1,-3.3308084,7.4124513,s1d3
ACATCGAGTTATGTGC-1,12.378311,7.223096,s1d3
ACATCGATCCATACTT-1,10.229098,13.14685,s1d3
ACATCGATCCGAAGGA-1,-4.918728,7.425395,s1d3
ACATCGATCCGAGATT-1,9.74174,11.7585535,s1d3
ACATCGATCGCCCAGA-1,11.269408,10.00247,s1d3
ACATCGATCTATCCAT-1,4.6399903,17.811691,s1d3
ACATGCAAGACCATAA-1,10.988356,12.34904,s1d3
ACATGCAAGAGCCGAT-1,10.955357,8.64843,s1d3
ACATGCAAGTATAGAC-1,11.105604,10.539424,s1d3
ACATGCACACCATTCC-1,10.858059,8.309727,s1d3
ACATGCACACCGCTGA-1,2.982081,17.54045,s1d3
ACATGCAGTTCCGCAG-1,11.93949,10.851033,s1d3
ACATGCATCCATAAGC-1,10.268415,6.15305,s1d3
ACATGCATCCATCTCG-1,5.0160623,-4.6697774,s1d3
ACATTTCAGAGTACCG-1,11.998721,11.418623,s1d3
ACATTTCCAACCCTAA-1,11.472285,9.881225,s1d3
ACATTTCCAGCAGTGA-1,17.027575,5.4356937,s1d3
ACATTTCCAGCTCATA-1,12.714447,7.465951,s1d3
ACATTTCCATAAGCAA-1,1.7967325,6.936714,s1d3
ACATTTCGTACTGGGA-1,5.5450573,19.209036,s1d3
ACATTTCGTAGTCACT-1,4.809306,-3.4258726,s1d3
ACATTTCGTGCACGCT-1,17.04741,4.821708,s1d3
ACATTTCGTTAGGGTG-1,3.3650653,7.1018763,s1d3
ACATTTCGTTCTCGTC-1,11.783851,14.110739,s1d3
ACCAAACAGACTTCAC-1,11.539129,12.856614,s1d3
ACCAAACAGCACTCGC-1,11.278926,11.243679,s1d3
ACCAAACAGGTGCATG-1,9.956204,10.124499,s1d3
ACCAAACAGTTTCTTC-1,1.1061864,5.1198025,s1d3
ACCAAACCAATCCTTT-1,16.803598,5.500501,s1d3
ACCAAACCAATTTCTC-1,-4.983425,8.063013,s1d3
ACCAAACGTACTAGCT-1,-5.3975663,12.123438,s1d3
ACCAAACGTATCAGCT-1,-4.2578673,10.008528,s1d3
ACCAAACGTCGGAACA-1,11.942062,12.954317,s1d3
ACCAAACTCAACCGAT-1,12.270001,11.927826,s1d3
ACCAACAAGAAGGTAG-1,9.904446,6.2872095,s1d3
ACCAACAAGCCTCATA-1,11.5145645,13.017384,s1d3
ACCAACAAGTTAGAAC-1,12.116855,11.873356,s1d3
ACCAACACAAGCTACT-1,5.0802264,17.931065,s1d3
ACCAACACATGACAGG-1,6.9651318,3.4207206,s1d3
ACCAACAGTCGCGGTT-1,14.023805,5.5110054,s1d3
ACCAACAGTTGTGTAC-1,-0.39437965,3.3495228,s1d3
ACCAACATCGAGCACC-1,2.4699264,14.990335,s1d3
ACCAACATCTCTCCGA-1,1.8241253,7.903615,s1d3
ACCACAAAGACAACTA-1,13.078018,12.995738,s1d3
ACCACAAAGACTTCCA-1,11.994158,12.4493475,s1d3
ACCACAAAGAGGTTAT-1,-4.8849688,11.109439,s1d3
ACCACAAAGCTATCTG-1,4.167381,14.031184,s1d3
ACCACAAAGGCACTCC-1,13.465972,13.081682,s1d3
ACCACAACAGTCGGAA-1,3.1460502,6.7469187,s1d3
ACCACAACATGTGACT-1,6.0135927,19.087069,s1d3
ACCACAAGTCTCTCAC-1,4.9764996,17.020796,s1d3
ACCACAAGTGGACAGT-1,11.216179,-0.9082153,s1d3
ACCACAAGTGGTCTGC-1,11.829131,13.953262,s1d3
ACCACAATCACTTTGT-1,-5.2221475,10.214355,s1d3
ACCACAATCCAGTGTA-1,5.839188,3.7190678,s1d3
ACCACAATCCCAATAG-1,11.007927,12.342307,s1d3
ACCACAATCTGTGCAA-1,9.982065,4.564041,s1d3
ACCATTTAGTTCCGGC-1,10.192994,11.645602,s1d3
ACCATTTCAATGACCT-1,-4.4711795,7.3924694,s1d3
ACCATTTTCAGCGCGT-1,11.340551,13.391195,s1d3
ACCATTTTCCCATTCG-1,1.2899534,5.6835284,s1d3
ACCATTTTCTTGAACG-1,10.563822,6.5601993,s1d3
ACCCAAAAGAAGATCT-1,9.832919,5.9476833,s1d3
ACCCAAAAGCTAGTTC-1,11.734268,7.336324,s1d3
ACCCAAAAGGGCAGGA-1,13.868477,6.4473805,s1d3
ACCCAAACAGCGAGTA-1,5.284877,17.138855,s1d3
ACCCAAACATATTCGG-1,11.46536,8.345402,s1d3
ACCCAAACATGGCCCA-1,-5.0783386,6.323122,s1d3
ACCCAAACATTACTCT-1,-3.5362682,9.666076,s1d3
ACCCAAAGTAATTAGG-1,-5.261658,11.702008,s1d3
ACCCAAAGTATAGGGC-1,12.154423,11.093055,s1d3
ACCCAAAGTTCTCTCG-1,6.6244154,6.377126,s1d3
ACCCAAATCCATACTT-1,-1.5761774,6.5724955,s1d3
ACCCAAATCGGCTTCT-1,16.144104,6.3660355,s1d3
ACCCAAATCTCTTAAC-1,16.124666,6.9206085,s1d3
ACCCAAATCTTTCCGG-1,2.4807343,17.756195,s1d3
ACCCTCAAGAGAGCAA-1,13.738903,5.8908944,s1d3
ACCCTCAAGATTACCC-1,10.991524,11.921573,s1d3
ACCCTCAAGCGACAGT-1,9.875124,11.556366,s1d3
ACCCTCAAGCGTATAA-1,1.6965717,8.031328,s1d3
ACCCTCAGTGCAATGG-1,-5.423428,6.96029,s1d3
ACCCTCAGTGGTTTGT-1,8.643899,7.8856726,s1d3
ACCCTCATCCCTATTA-1,12.585306,13.763374,s1d3
ACCCTCATCTAGTACG-1,1.5350355,5.352794,s1d3
ACCCTTGAGAATGTTG-1,13.835791,6.7780967,s1d3
ACCCTTGAGACTCAAA-1,12.196633,11.750894,s1d3
ACCCTTGAGATGGCGT-1,3.160539,7.9899826,s1d3
ACCCTTGCACTGATTG-1,-5.005794,6.9056597,s1d3
ACCCTTGCATCAGCAT-1,13.180534,5.28739,s1d3
ACCCTTGGTCTGATAC-1,8.744219,7.60824,s1d3
ACCCTTGTCATCCCGT-1,-4.107225,7.2060714,s1d3
ACCGTTCAGCAAGTGC-1,-3.291928,9.136984,s1d3
ACCGTTCAGCACGGAT-1,10.568212,8.120882,s1d3
ACCGTTCAGCTGACTT-1,11.040143,9.814132,s1d3
ACCGTTCAGTATTCCG-1,11.159209,9.941349,s1d3
ACCGTTCCAATAGTCC-1,11.553314,11.2896,s1d3
ACCGTTCCACCAAATC-1,14.619926,6.406713,s1d3
ACCGTTCGTATACAGA-1,-4.062078,8.084392,s1d3
ACCGTTCGTTCAAGGG-1,10.391615,12.620686,s1d3
ACCTACCAGAGCAGCT-1,10.271352,6.6972237,s1d3
ACCTACCAGTTGGAGC-1,3.2458825,15.133451,s1d3
ACCTACCCAACATCGT-1,4.0843654,13.53337,s1d3
ACCTACCCACGCTGTG-1,-4.6313725,6.3650813,s1d3
ACCTACCCAGTTGTTG-1,5.864243,18.994179,s1d3
ACCTACCGTTGGATCT-1,-0.60023344,2.9801714,s1d3
ACCTACCTCAGTGGGA-1,-0.3139323,4.4842405,s1d3
ACCTACCTCTGCATGA-1,-4.4137974,8.051895,s1d3
ACCTGAAAGGCTGGAT-1,11.603593,13.767411,s1d3
ACCTGAAAGGGAGGCA-1,9.669665,11.755063,s1d3
ACCTGAACACGCGTCA-1,11.553864,7.4347534,s1d3
ACCTGAACAGCCTATA-1,9.940808,5.7335835,s1d3
ACCTGAACAGGTGGAT-1,5.47196,16.94023,s1d3
ACCTGAACATCATCTT-1,12.644839,13.74085,s1d3
ACCTGAACATTGCTTT-1,11.927126,6.0841947,s1d3
ACCTGAAGTGCCTGCA-1,5.538273,18.994038,s1d3
ACCTGAATCGATACAC-1,7.64135,-0.41463268,s1d3
ACCTGAATCTGCGAGC-1,-4.480958,7.900667,s1d3
ACCTGTCAGATCCGAG-1,10.443228,6.19333,s1d3
ACCTGTCAGATTAGTG-1,12.424221,7.8152432,s1d3
ACCTGTCAGGTATCTC-1,10.959347,12.557332,s1d3
ACCTGTCAGTCGCTAT-1,-4.430707,7.815324,s1d3
ACCTGTCCAGTTGTCA-1,13.599541,12.645927,s1d3
ACCTGTCGTAAGAACT-1,2.582239,7.3641496,s1d3
ACCTGTCTCAAATGCC-1,10.854562,10.812881,s1d3
ACCTGTCTCACAGTGT-1,16.381458,6.296543,s1d3
ACCTGTCTCAGGAAAT-1,4.46119,18.461287,s1d3
ACCTGTCTCTCAATCT-1,2.8445454,17.249447,s1d3
ACGATCAAGCCTGAGA-1,12.111412,12.351226,s1d3
ACGATCAAGCGGTATG-1,-4.583602,9.011137,s1d3
ACGATCAAGTAGATCA-1,6.08143,6.5109243,s1d3
ACGATCAGTATCCCAA-1,11.941739,12.175495,s1d3
ACGATCAGTCTCACAA-1,-5.535838,9.447644,s1d3
ACGATCAGTTATGTCG-1,1.2553941,4.5203466,s1d3
ACGATCAGTTCAAGGG-1,-5.4083624,12.025649,s1d3
ACGATCATCCACTGGG-1,10.060963,6.8660507,s1d3
ACGATCATCGATCCAA-1,-4.145831,9.129864,s1d3
ACGATCATCTAGAACC-1,9.670292,3.8783407,s1d3
ACGATCATCTTCCCGA-1,-5.469321,6.8399577,s1d3
ACGATGTAGTCACGAG-1,16.47008,8.888368,s1d3
ACGATGTAGTTGGAGC-1,5.098154,-5.000602,s1d3
ACGATGTCAATCGTCA-1,8.38337,7.6301,s1d3
ACGATGTCACTGTCGG-1,10.119007,12.88456,s1d3
ACGATGTTCCCTTTGG-1,11.223113,8.188031,s1d3
ACGATGTTCGAGATAA-1,13.196928,12.665996,s1d3
ACGCACGAGCTGTTAC-1,16.833748,4.9125357,s1d3
ACGCACGCAGAAGCGT-1,6.4702706,6.6368895,s1d3
ACGCACGCATCGGAGA-1,4.02659,13.403612,s1d3
ACGCACGGTCATCGCG-1,-5.6189885,9.499871,s1d3
ACGCACGGTGTGCCTG-1,4.105313,17.115625,s1d3
ACGCACGGTTAGAAAC-1,-3.9870043,7.827406,s1d3
ACGCACGTCATCGCCT-1,11.246468,11.62946,s1d3
ACGCACGTCGATCCCT-1,6.6457286,6.1066713,s1d3
ACGCACGTCTATTGTC-1,11.886717,7.814827,s1d3
ACGGAAGAGACCATTC-1,12.203757,12.787117,s1d3
ACGGAAGAGCACCCAC-1,5.0574207,-3.3527174,s1d3
ACGGAAGCAAAGGCTG-1,14.469744,9.358482,s1d3
ACGGAAGCAACATCGT-1,11.478716,13.66611,s1d3
ACGGAAGCAACCACAT-1,11.571286,14.561085,s1d3
ACGGAAGCAAGCAGGT-1,13.419329,10.416641,s1d3
ACGGAAGCAATCTCGA-1,6.8459682,17.964872,s1d3
ACGGAAGCAATTTCTC-1,6.826518,-5.4071507,s1d3
ACGGAAGCAGTAGGAC-1,-4.426981,8.657215,s1d3
ACGGAAGTCTCTGACC-1,13.746659,10.389724,s1d3
ACGGAAGTCTTACGTT-1,12.803574,13.837422,s1d3
ACGGAAGTCTTCTGGC-1,14.252756,10.028356,s1d3
ACGGGTCAGCCTTTCC-1,5.8319697,19.405846,s1d3
ACGGGTCAGGGCCTCT-1,-5.496682,9.830278,s1d3
ACGGTCGAGAAAGCGA-1,8.401116,7.9054847,s1d3
ACGGTCGAGGCACGAT-1,11.942891,14.192744,s1d3
ACGGTCGAGTCCCTAA-1,13.217184,13.758126,s1d3
ACGGTCGCAAGCAGGT-1,11.585892,12.384022,s1d3
ACGGTCGCAAGGTTGG-1,11.309487,12.694585,s1d3
ACGGTCGCACGCGCAT-1,14.266409,10.550607,s1d3
ACGGTCGCACTTCCTG-1,12.551772,8.647066,s1d3
ACGGTCGCAGAGCCCT-1,13.199734,9.857841,s1d3
ACGGTCGCATTGCTGA-1,-3.3031209,9.390556,s1d3
ACGGTCGGTACAACGG-1,-5.624276,8.493573,s1d3
ACGGTCGGTGTGTCGC-1,10.830317,12.338394,s1d3
ACGGTCGGTTCTAACG-1,2.8253083,14.345637,s1d3
ACGGTCGTCTTAGCAG-1,16.438162,8.705524,s1d3
ACGGTTAAGCCATGCC-1,11.478714,12.306648,s1d3
ACGGTTACACGAGGAT-1,13.742619,8.049437,s1d3
ACGGTTACACTCTGCT-1,13.553744,9.88371,s1d3
ACGGTTACAGCTTCGG-1,16.921013,5.36514,s1d3
ACGGTTAGTACAGAGC-1,4.033099,13.452251,s1d3
ACGGTTATCACTCTTA-1,13.218117,13.147231,s1d3
ACGGTTATCCTAGCGG-1,2.112768,18.000267,s1d3
ACGTAACAGACTGGGT-1,11.704317,11.844989,s1d3
ACGTAACAGTCACTAC-1,10.127007,11.732883,s1d3
ACGTAACGTGATTAGA-1,-5.2636576,7.6356516,s1d3
ACGTAACGTTCCAAAC-1,8.844407,7.0376763,s1d3
ACGTACAAGCCTAGGA-1,10.532445,13.883452,s1d3
ACGTACAAGGGATCTG-1,12.009305,6.8984327,s1d3
ACGTACACAAATGAGT-1,13.196225,5.2389836,s1d3
ACGTACACAACGTATC-1,1.5648624,4.1236415,s1d3
ACGTACACAGCTAACT-1,13.984076,11.109933,s1d3
ACGTACAGTAGGCAGT-1,12.020056,13.216029,s1d3
ACGTACAGTGAGTCAG-1,11.012055,14.695071,s1d3
ACGTACAGTGTGTACT-1,11.90458,14.291182,s1d3
ACGTACATCAGATGCT-1,10.609403,5.412395,s1d3
ACGTACATCCGTATGA-1,12.690264,9.9764185,s1d3
ACGTACATCTTGTGCC-1,12.701242,8.24337,s1d3
ACGTAGTAGAACGCGT-1,11.734669,11.20433,s1d3
ACGTAGTAGTAGGCCA-1,10.948385,5.8607974,s1d3
ACGTAGTCACCCTAAA-1,5.220009,19.023691,s1d3
ACGTAGTCACGCCACA-1,6.0305037,-2.7070343,s1d3
ACGTAGTTCGACCTAA-1,5.9288607,5.001311,s1d3
ACGTAGTTCGGCTTCT-1,13.143352,10.7110815,s1d3
ACGTAGTTCTCCGCAT-1,13.010337,8.5838995,s1d3
ACGTCCTAGCTAAGTA-1,10.151671,17.882727,s1d3
ACGTCCTAGCTACTAC-1,7.037517,5.6654415,s1d3
ACGTCCTAGGACGCTA-1,12.272463,8.479169,s1d3
ACGTCCTCAAACACCT-1,3.8234022,5.646564,s1d3
ACGTCCTCAACTCATG-1,15.630194,7.2563167,s1d3
ACGTCCTCACAGCTTA-1,3.533004,17.071056,s1d3
ACGTCCTCAGCGTGAA-1,10.61764,13.203206,s1d3
ACGTCCTCAGGAATAT-1,5.996614,-1.1741136,s1d3
ACGTTCCAGACATATG-1,8.889101,7.2200646,s1d3
ACGTTCCCAAATTAGG-1,10.470116,11.636889,s1d3
ACGTTCCCAACGAGGT-1,12.399116,6.1020336,s1d3
ACGTTCCCACAGTCGC-1,13.302971,10.234476,s1d3
ACGTTCCGTAGTACGG-1,14.085396,7.7716084,s1d3
ACGTTCCGTCACAATC-1,12.790042,12.55766,s1d3
ACGTTCCGTCTTACTT-1,5.7579746,-4.8918443,s1d3
ACGTTCCGTGAGGAAA-1,-4.1582036,8.115906,s1d3
ACGTTCCTCAACTGGT-1,10.8838,9.634901,s1d3
ACGTTCCTCAGTCAGT-1,14.743795,10.3755865,s1d3
ACTACGAAGAGGATGA-1,9.822442,13.379563,s1d3
ACTACGAAGCCGTTAT-1,2.2070298,7.9180427,s1d3
ACTACGAAGCTCATAC-1,2.3504221,16.998745,s1d3
ACTACGAAGCTGACAG-1,7.9432573,-1.8193588,s1d3
ACTACGACACTGTCGG-1,-4.327256,8.203952,s1d3
ACTACGACACTTGACA-1,-5.1835146,11.725516,s1d3
ACTACGACATCGCTCT-1,11.580228,13.03949,s1d3
ACTACGAGTAGGGTAC-1,12.924969,7.387993,s1d3
ACTACGAGTCAAACGG-1,10.392116,7.434476,s1d3
ACTACGATCACGAACT-1,11.47805,8.062706,s1d3
ACTATCTTCAAGCCTA-1,10.570982,7.6131024,s1d3
ACTATCTTCAGTGATC-1,13.49683,9.833162,s1d3
ACTATCTTCCATCTAT-1,12.065233,12.355945,s1d3
ACTATCTTCCCGTAAA-1,-3.6568208,8.546723,s1d3
ACTATGGAGGTGCCTC-1,11.129678,12.564766,s1d3
ACTATGGAGTTGAATG-1,-4.494641,10.058399,s1d3
ACTATGGCATGCAGCC-1,11.819092,6.400216,s1d3
ACTATGGGTATTAAGG-1,7.096372,3.2793543,s1d3
ACTATGGGTCATCTAG-1,16.774014,6.568102,s1d3
ACTATGGGTGCAGATG-1,12.451207,8.218795,s1d3
ACTATGGTCCAAGCCG-1,14.55312,9.203451,s1d3
ACTATGGTCCGCTGTT-1,11.132237,6.537756,s1d3
ACTATGGTCCTTCTAA-1,13.344917,5.285161,s1d3
ACTATGGTCGCGAAGA-1,8.793928,7.672672,s1d3
ACTATGGTCTATGCCC-1,16.244047,5.1395073,s1d3
ACTATGGTCTGGTGGC-1,16.48481,6.455092,s1d3
ACTATGGTCTTGAGCA-1,13.423808,13.178576,s1d3
ACTATTCAGCACCAGA-1,9.839757,6.058563,s1d3
ACTATTCAGCCGTTGC-1,6.655665,-4.264838,s1d3
ACTATTCAGTGCTCGC-1,3.7470489,13.573194,s1d3
ACTATTCCAACACGAG-1,9.683715,11.57078,s1d3
ACTATTCCAATAACGA-1,10.864493,12.178047,s1d3
ACTATTCCAGGTTCCG-1,10.69553,10.059529,s1d3
ACTATTCGTAGTGTGG-1,11.413731,14.28392,s1d3
ACTATTCGTCTTACAG-1,10.390995,4.953184,s1d3
ACTATTCGTTGGTGTT-1,10.958931,12.579733,s1d3
ACTATTCTCTGTGCTC-1,-4.1202474,9.366092,s1d3
ACTCCCAAGTCTAGAA-1,10.440772,5.218869,s1d3
ACTCCCAAGTGAGGCT-1,-1.506915,6.685844,s1d3
ACTCCCAGTCCAATCA-1,-4.4065332,8.172102,s1d3
ACTCCCATCACCTCGT-1,6.7990475,18.090528,s1d3
ACTCCCATCGTCTAAG-1,12.149564,12.097864,s1d3
ACTCTCGAGCAGCCTC-1,-4.9939775,7.2058716,s1d3
ACTCTCGAGGTTACAA-1,-3.3531017,7.702869,s1d3
ACTCTCGGTACGGGAT-1,8.811179,8.063406,s1d3
ACTCTCGGTAGCTGAG-1,11.913443,12.340226,s1d3
ACTCTCGGTTCGGCTG-1,12.792045,14.111229,s1d3
ACTCTCGGTTGACTAC-1,10.964308,12.08884,s1d3
ACTCTCGTCATCAGTG-1,5.3766136,20.084566,s1d3
ACTGATGAGAGAGCGG-1,11.695616,13.786741,s1d3
ACTGATGCACAGCATT-1,11.04227,12.60547,s1d3
ACTGATGCACTCCCTA-1,10.523207,6.5640173,s1d3
ACTGATGCACTTGAGT-1,11.101677,7.394355,s1d3
ACTGATGCACTTTATC-1,10.842957,13.932587,s1d3
ACTGATGCATAGTCAC-1,6.7645307,18.30822,s1d3
ACTGATGTCCCTCGAT-1,11.943116,10.95702,s1d3
ACTGCAAAGTGGCGAT-1,5.323506,15.445928,s1d3
ACTGCAACATCCTATT-1,10.980425,6.3375883,s1d3
ACTGCAAGTCAAAGCG-1,-4.5415115,6.321257,s1d3
ACTGCAAGTTGATGTC-1,12.280528,7.381342,s1d3
ACTGCAATCAAGAGTA-1,2.4377542,14.245454,s1d3
ACTGCAATCATACAGC-1,10.46085,13.637775,s1d3
ACTGCAATCCCATAAG-1,10.392286,12.113814,s1d3
ACTGCAATCTACAGGT-1,11.437573,13.013829,s1d3
ACTGCAATCTAGTTCT-1,5.4322715,19.67961,s1d3
ACTGTCCAGACTCGAG-1,12.608599,13.461911,s1d3
ACTGTCCAGCCTCGTG-1,-3.3934553,9.689802,s1d3
ACTGTCCCAGTCGCTG-1,3.2941203,6.7263875,s1d3
ACTGTCCGTGTTAGCT-1,10.494989,12.558519,s1d3
ACTGTCCTCACCGACG-1,-3.9841318,8.1328945,s1d3
ACTGTCCTCTGACCCT-1,-4.7843094,7.991728,s1d3
ACTGTCCTCTGGTTGA-1,15.940736,5.4425063,s1d3
ACTGTGACACGACGAA-1,7.6209717,-4.56091,s1d3
ACTGTGACAGTGTACT-1,10.874193,10.811255,s1d3
ACTGTGAGTGTGGACA-1,15.857507,9.329192,s1d3
ACTGTGATCACTGATG-1,13.925759,9.536061,s1d3
ACTGTGATCATCCCGT-1,12.619272,12.523413,s1d3
ACTGTGATCTGCTTTA-1,10.682824,14.290938,s1d3
ACTTAGGCACCTTCGT-1,12.335477,10.25985,s1d3
ACTTAGGCACGCACCA-1,-4.715098,10.635958,s1d3
ACTTAGGCAGAGAAAG-1,12.462071,7.561489,s1d3
ACTTAGGTCGACATCA-1,5.3654513,17.910933,s1d3
ACTTAGGTCGATCCAA-1,-4.062222,6.5883207,s1d3
ACTTATCAGCATGTTC-1,-5.2820425,10.327223,s1d3
ACTTATCAGCTAAATG-1,3.8918686,18.713968,s1d3
ACTTATCCATCCGAGC-1,10.622136,7.562036,s1d3
ACTTATCCATCCTGTC-1,11.136609,10.231699,s1d3
ACTTATCGTGAACGGT-1,11.383103,13.493644,s1d3
ACTTATCTCAAAGACA-1,11.079937,8.110537,s1d3
ACTTATCTCCTACCAC-1,11.688152,6.2595754,s1d3
ACTTATCTCGTGTGAT-1,11.069903,12.597938,s1d3
ACTTATCTCGTTACCC-1,13.2252245,12.455897,s1d3
ACTTCCGAGTATCCTG-1,8.084743,-4.209928,s1d3
ACTTCCGAGTATGACA-1,14.571114,8.730552,s1d3
ACTTCCGAGTCATGAA-1,6.633781,18.377428,s1d3
ACTTCCGCATATGGCT-1,9.223054,6.7440486,s1d3
ACTTCCGGTCTGTGAT-1,3.1549146,14.175193,s1d3
ACTTCCGTCAAGAGTA-1,9.793026,13.284601,s1d3
ACTTCCGTCACTGCTC-1,11.582332,12.465687,s1d3
ACTTCCGTCATTTGTC-1,5.970496,-4.950162,s1d3
ACTTCCGTCTTGGAAC-1,5.601331,16.532309,s1d3
ACTTCGCAGCCGTTGC-1,14.372809,9.283636,s1d3
ACTTCGCCAACGTAAA-1,12.074002,14.265659,s1d3
ACTTCGCGTCCTGGGT-1,12.223504,6.199482,s1d3
ACTTCGCGTCTCCCTA-1,-4.338922,8.411591,s1d3
ACTTCGCGTGTACGCC-1,-5.3492374,8.80464,s1d3
ACTTCGCGTTGTTGTG-1,5.992212,-1.6323159,s1d3
ACTTCGCTCCCGAATA-1,16.296864,5.1646786,s1d3
ACTTTCAAGGAGGCAG-1,8.96999,7.6853466,s1d3
ACTTTCAAGTCCTGCG-1,11.670959,7.2494473,s1d3
ACTTTCAAGTGCAGCA-1,13.499855,10.25502,s1d3
ACTTTCACAAACCACT-1,10.549365,11.843487,s1d3
ACTTTCACAAACTAGA-1,11.015992,12.310363,s1d3
ACTTTCACACCCTGAG-1,-4.82967,7.8266983,s1d3
ACTTTCACAGATTCGT-1,14.275151,9.427675,s1d3
ACTTTCACAGCGCGTT-1,13.328393,5.528701,s1d3
ACTTTCACATTGACAC-1,-4.3394313,8.544832,s1d3
ACTTTCAGTGCCTATA-1,11.502932,8.312832,s1d3
ACTTTCAGTTTGTTGG-1,11.401494,9.808134,s1d3
ACTTTCATCAGCTCTC-1,6.438977,5.1284623,s1d3
ACTTTCATCCAGTTCC-1,11.565457,12.055571,s1d3
ACTTTGTAGAATCCCT-1,14.769236,6.8320208,s1d3
ACTTTGTAGATGCTAA-1,11.135463,9.938277,s1d3
ACTTTGTCAAATAGCA-1,10.669889,6.276025,s1d3
ACTTTGTCAAGACCGA-1,11.480221,6.498513,s1d3
ACTTTGTCACGCGTCA-1,1.8310817,7.9102173,s1d3
ACTTTGTCACTGTCGG-1,11.513788,10.704449,s1d3
ACTTTGTCAGTCCCGA-1,13.415925,12.929578,s1d3
ACTTTGTCATGGGAAC-1,11.872733,10.405853,s1d3
ACTTTGTGTGGTGATG-1,2.6886716,7.5247517,s1d3
ACTTTGTGTTCGTAAC-1,7.9575553,-0.5519737,s1d3
ACTTTGTGTTTGGGTT-1,-5.1004767,7.1477256,s1d3
ACTTTGTTCCCAATAG-1,-5.6340017,10.507015,s1d3
ACTTTGTTCCCTCGTA-1,11.2438345,11.490546,s1d3
AGAAATGAGTGCCTCG-1,-5.7011704,8.192272,s1d3
AGAAATGCAAGAGAGA-1,17.187872,6.0177846,s1d3
AGAAATGTCCCAGGAC-1,13.524322,8.98336,s1d3
AGAAATGTCTCTCGAC-1,13.727576,5.475017,s1d3
AGAACAAAGAAGAGCA-1,6.309118,-3.533369,s1d3
AGAACAAAGTTGTCGT-1,12.282876,13.730732,s1d3
AGAACAACACAGTCAT-1,5.50194,-2.85986,s1d3
AGAACAACACTACTTT-1,12.719341,10.0260935,s1d3
AGAACAACACTTCATT-1,11.0231285,6.135779,s1d3
AGAACAACAGAACCGA-1,-5.088772,8.011252,s1d3
AGAACAACAGATCACT-1,-1.4477798,6.2390075,s1d3
AGAACAATCTATCACT-1,10.425161,11.388665,s1d3
AGAACCTAGCACTCTA-1,5.4768944,19.736322,s1d3
AGAACCTAGCCATCCG-1,-4.039993,7.107971,s1d3
AGAACCTAGGACTATA-1,9.208153,7.6477213,s1d3
AGAACCTAGGTCTTTG-1,8.201191,7.057347,s1d3
AGAACCTAGTAAAGCT-1,12.339897,13.936925,s1d3
AGAACCTCACGACGTC-1,11.802137,10.370552,s1d3
AGAACCTCAGAGTCAG-1,-4.7961526,9.641307,s1d3
AGAACCTCAGGCGATA-1,6.250058,16.251423,s1d3
AGAACCTCATCCGAAT-1,12.137771,6.161352,s1d3
AGAACCTGTCGGCACT-1,-3.5097735,8.94987,s1d3
AGAACCTGTTTCGCTC-1,10.680553,12.039793,s1d3
AGAACCTTCAAGTCTG-1,-0.13038594,3.6002522,s1d3
AGAACCTTCGAGCACC-1,7.9197507,3.3019147,s1d3
AGAAGCGAGCTTCATG-1,5.4331603,-3.109176,s1d3
AGAAGCGAGGGAACAA-1,11.65283,6.0120554,s1d3
AGAAGCGCAAGCCCAC-1,5.3941617,-5.268646,s1d3
AGAAGCGCAGCTGTCG-1,12.168631,14.252107,s1d3
AGAAGCGCATACCAGT-1,10.514719,13.760922,s1d3
AGAAGCGCATGGCGCT-1,16.934072,4.7842007,s1d3
AGAAGCGCATTAGGCT-1,16.29222,4.877543,s1d3
AGAAGCGGTGGCTACC-1,10.97859,11.553046,s1d3
AGAAGCGGTGTCTTAG-1,13.057528,13.179323,s1d3
AGAAGCGGTTCTGAGT-1,10.632835,9.926555,s1d3
AGAAGCGTCTCGTCGT-1,-3.7013717,7.090151,s1d3
AGAAGCGTCTGGAAGG-1,-5.0943213,11.740578,s1d3
AGAAGTAAGCGTCAAG-1,6.347607,-3.7570581,s1d3
AGAAGTACATGGACAG-1,17.035896,5.480206,s1d3
AGAAGTAGTATAATGG-1,3.1045058,5.4960346,s1d3
AGAAGTAGTATTCCTT-1,12.530361,8.160561,s1d3
AGAAGTAGTGAGATAT-1,16.694738,5.651607,s1d3
AGAAGTAGTTTATGCG-1,10.0905485,13.022438,s1d3
AGAAGTATCAAGGCTT-1,11.114457,7.488991,s1d3
AGAAGTATCACTTGGA-1,12.661254,12.004105,s1d3
AGAAGTATCATCGACA-1,4.6150813,19.876137,s1d3
AGAAGTATCGCCGATG-1,4.7799044,20.10802,s1d3
AGAAGTATCTAAGCCA-1,12.436219,13.643392,s1d3
AGACAAAAGAACCGCA-1,5.89381,5.0998673,s1d3
AGACAAAAGCCGATAG-1,12.122121,13.732158,s1d3
AGACAAACATTCTTCA-1,16.845411,5.128969,s1d3
AGACAAACATTGACAC-1,6.5784926,-4.003248,s1d3
AGACAAAGTAGTTAGA-1,4.573758,19.741478,s1d3
AGACAAAGTGATACTC-1,-4.5080833,7.7839813,s1d3
AGACAAAGTTGCCATA-1,13.678546,9.380016,s1d3
AGACAAATCCCATGGG-1,-3.833611,8.878354,s1d3
AGACACTAGAGAGCAA-1,11.660099,12.316729,s1d3
AGACACTAGGAGAGGC-1,-5.3694935,9.440445,s1d3
AGACACTCAACTTCTT-1,11.7121105,7.8997912,s1d3
AGACACTCACGACGAA-1,12.392574,8.237029,s1d3
AGACACTCAGAGCTAG-1,8.841933,7.488644,s1d3
AGACACTCAGGAATAT-1,-5.557598,11.673512,s1d3
AGACACTCAGGAGGTT-1,1.0662473,6.795538,s1d3
AGACACTCATTACGGT-1,12.943931,11.845103,s1d3
AGACACTTCCCGTAAA-1,10.737626,10.463463,s1d3
AGACAGGAGAAGGCTC-1,8.438457,7.405946,s1d3
AGACAGGAGCGTGCTC-1,11.615644,7.74554,s1d3
AGACAGGAGGAAAGAC-1,15.752833,5.0299735,s1d3
AGACAGGCAAGCCCAC-1,4.385839,18.071539,s1d3
AGACAGGCAAGTCATC-1,-4.7614217,10.282757,s1d3
AGACAGGCAGAGAAAG-1,10.797446,9.430428,s1d3
AGACAGGGTTAAGGAT-1,16.371693,6.9419117,s1d3
AGACAGGTCATGCAGT-1,11.518972,13.325006,s1d3
AGACCATAGCACCGTC-1,11.531666,13.909023,s1d3
AGACCATAGCACTTTG-1,11.75285,11.651218,s1d3
AGACCATCATCCTATT-1,7.0493717,3.033749,s1d3
AGACCATCATGGGCAA-1,14.406655,9.118531,s1d3
AGACCATGTACAAACA-1,11.155548,14.333074,s1d3
AGACCATGTCTACGAT-1,9.969247,12.607893,s1d3
AGACCCGAGGAGTACC-1,10.193347,12.150687,s1d3
AGACCCGAGGTGATCG-1,10.978125,11.603843,s1d3
AGACCCGCAGACGATG-1,14.616797,5.7504463,s1d3
AGACCCGCAGCGGTCT-1,5.137985,19.222134,s1d3
AGACCCGCATCTGTTT-1,10.983363,9.24653,s1d3
AGACCCGGTACTGTTG-1,13.054317,13.364036,s1d3
AGACCCGGTGCAGTGA-1,13.329288,8.237649,s1d3
AGACCCGGTGGTCTGC-1,16.52792,5.900371,s1d3
AGACCCGGTTATCTTC-1,11.840064,11.720052,s1d3
AGACCCGGTTCACGAT-1,15.705358,9.169603,s1d3
AGACCCGTCAATCTCT-1,-4.908088,9.49682,s1d3
AGACCCGTCCCATAGA-1,12.826864,13.279507,s1d3
AGACTCAAGACATCAA-1,-3.4760702,9.497645,s1d3
AGACTCAAGGGAGTTC-1,11.543371,14.778445,s1d3
AGACTCACAAACTAAG-1,5.3417435,16.345581,s1d3
AGACTCACACAACGTT-1,1.2638897,4.593688,s1d3
AGACTCACATAGGAGC-1,5.8000226,-2.1978426,s1d3
AGACTCACATGTGGTT-1,1.5209012,5.5676894,s1d3
AGACTCAGTTTCGTAG-1,8.157745,-1.3368648,s1d3
AGACTCATCGCGTGAC-1,6.392982,-3.5026996,s1d3
AGAGAATAGATCGCCC-1,12.225667,12.876232,s1d3
AGAGAATAGATTTGCC-1,9.178787,7.45846,s1d3
AGAGAATAGCGCTTCG-1,14.263769,7.8961782,s1d3
AGAGAATAGGTAAAGG-1,-3.8954954,8.206504,s1d3
AGAGAATCAGCGGTTC-1,12.182586,7.4697022,s1d3
AGAGAATGTTCCGTTC-1,13.313686,12.206252,s1d3
AGAGAATGTTGTGGAG-1,-3.738742,9.837558,s1d3
AGAGAATTCAAACCCA-1,11.17805,6.804198,s1d3
AGAGAATTCACATTGG-1,7.4121537,-4.4031935,s1d3
AGAGAATTCATCGGGC-1,3.6424794,17.275415,s1d3
AGAGAATTCATTCACT-1,10.957485,12.11372,s1d3
AGAGAATTCCGAGGCT-1,6.13482,-3.5911052,s1d3
AGAGAATTCGCTTGAA-1,11.379803,12.972779,s1d3
AGAGAGCAGCAGGTCA-1,9.8573,12.561919,s1d3
AGAGAGCCACGGAAGT-1,12.639353,10.542342,s1d3
AGAGAGCGTCATAGTC-1,2.284945,4.148681,s1d3
AGAGAGCGTGAGACCA-1,11.770751,6.0071917,s1d3
AGAGAGCGTTCTATCT-1,11.014891,14.447408,s1d3
AGAGAGCTCGAACACT-1,6.7981668,3.431652,s1d3
AGAGAGCTCGAGTCCG-1,-4.582002,8.259379,s1d3
AGAGAGCTCGCGCTGA-1,12.369719,6.3734856,s1d3
AGAGAGCTCGTCAGAT-1,6.4574394,5.1880646,s1d3
AGAGAGCTCTGTCGCT-1,12.162014,14.037537,s1d3
AGAGCAGAGATAACGT-1,5.744091,-4.748174,s1d3
AGAGCAGAGATGCTGG-1,-4.351366,8.164607,s1d3
AGAGCAGAGCATTTCG-1,11.854666,12.917105,s1d3
AGAGCAGAGCTTGTGT-1,10.500202,13.217906,s1d3
AGAGCAGCAGAAGCGT-1,10.926762,13.230622,s1d3
AGAGCAGCATTGAGGG-1,12.044257,8.135443,s1d3
AGAGCAGGTCAGGTAG-1,15.336731,6.700712,s1d3
AGAGCAGGTGCAATAA-1,6.1383457,3.292653,s1d3
AGAGCAGGTGGATGAC-1,11.125776,13.07976,s1d3
AGAGCAGTCATAGACC-1,10.434184,12.681474,s1d3
AGAGCCCAGAGTGACC-1,13.659122,6.8690653,s1d3
AGAGCCCAGCTGAAAT-1,-3.528115,9.672803,s1d3
AGAGCCCCACTGCGAC-1,-3.6192667,7.8825464,s1d3
AGAGCCCCAGCTTTGA-1,5.037421,-3.0138626,s1d3
AGAGCCCTCCTACGAA-1,12.038646,9.998776,s1d3
AGAGCCCTCTTCACGC-1,11.940314,6.9681234,s1d3
AGATAGAAGCCATCCG-1,12.628505,13.340928,s1d3
AGATAGACAACCTAAC-1,9.230285,7.257802,s1d3
AGATAGACATGACGTT-1,11.700406,9.11226,s1d3
AGATAGAGTCCGGACT-1,1.8045424,7.67242,s1d3
AGATAGAGTCGTACAT-1,11.675837,11.734679,s1d3
AGATAGAGTCTCGGGT-1,5.9065194,3.401399,s1d3
AGATAGAGTGTACATC-1,1.4967594,8.273698,s1d3
AGATAGATCAGGAAAT-1,10.339464,11.74374,s1d3
AGATAGATCAGTGATC-1,11.804447,6.6289825,s1d3
AGATAGATCATTTGTC-1,11.056239,7.189195,s1d3
AGATAGATCGGTTGTA-1,16.572935,6.39704,s1d3
AGATAGATCTATTTCG-1,6.441559,5.1247144,s1d3
AGATCCAAGGTTAAAC-1,12.115229,6.6363287,s1d3
AGATCCAAGTACTGTC-1,16.10248,9.060398,s1d3
AGATCCACAGAACTTC-1,1.3953476,7.9745984,s1d3
AGATCCACAGAGGACT-1,13.132356,5.4726048,s1d3
AGATCCACATCATTGG-1,3.2814052,2.7372286,s1d3
AGATCCAGTAGCTTTG-1,-3.7948496,8.706056,s1d3
AGATCCATCTGATTCT-1,-5.0665016,6.6481013,s1d3
AGATCGTAGGCACTAG-1,12.111429,11.35118,s1d3
AGATCGTAGTCATAGA-1,15.405943,8.443869,s1d3
AGATCGTCAGTAACCT-1,12.818755,12.858761,s1d3
AGATCGTGTAATGCTC-1,9.895041,-4.423147,s1d3
AGATCGTGTGAGACGT-1,-4.808443,8.085323,s1d3
AGATCGTGTTCCAGGC-1,8.32432,7.8030305,s1d3
AGATCGTTCGAGAATA-1,7.418776,-0.91837513,s1d3
AGATCGTTCGGCATCG-1,6.1331496,-3.8502214,s1d3
AGATCGTTCGGCCAAC-1,13.893767,11.089381,s1d3
AGATCGTTCTGTACAG-1,15.07891,9.849832,s1d3
AGATGAAAGCGCAATG-1,-0.082088664,3.7444148,s1d3
AGATGAACAGACCGCT-1,8.640947,6.781887,s1d3
AGATGAAGTGTCCGTG-1,10.332579,5.794482,s1d3
AGATGAATCCATTGTT-1,12.423898,8.412012,s1d3
AGATGAATCCTCAGGG-1,12.569326,13.967681,s1d3
AGATGAATCCTGTAGA-1,5.602103,19.34432,s1d3
AGATGAATCGGTAAGG-1,9.519218,13.421588,s1d3
AGATGAATCGTTCTAT-1,17.025337,5.1341977,s1d3
AGATGCTAGCCATATC-1,0.0365821,4.418647,s1d3
AGATGCTAGGGCATGT-1,16.61658,5.7015886,s1d3
AGATGCTCAATGTCTG-1,16.750858,5.141339,s1d3
AGATGCTCAGCTGTCG-1,5.983998,18.726896,s1d3
AGATGCTGTAATGTGA-1,11.316839,7.0026827,s1d3
AGATGCTGTCATGGCC-1,10.468354,12.899702,s1d3
AGATGCTGTTCCAAAC-1,5.5861363,19.470732,s1d3
AGATGCTTCTGCACCT-1,13.177695,9.811026,s1d3
AGCATCAAGCAAATCA-1,9.169183,7.9589953,s1d3
AGCATCAAGCAGCCCT-1,5.185795,18.788864,s1d3
AGCATCAAGTCCGTCG-1,4.9090457,19.546577,s1d3
AGCATCAGTAAGAACT-1,11.634676,8.369836,s1d3
AGCATCAGTTATTCTC-1,12.252042,11.552476,s1d3
AGCATCATCACCTGTC-1,13.078092,13.19753,s1d3
AGCATCATCGGAACTT-1,10.000297,12.527513,s1d3
AGCATCATCTAACGGT-1,5.5837617,19.907091,s1d3
AGCCAATAGAGAAGGT-1,16.84756,6.7324834,s1d3
AGCCAATAGAGATGCC-1,10.551246,7.5653386,s1d3
AGCCAATAGCACTCAT-1,4.4683228,17.755463,s1d3
AGCCAATAGCATCGAG-1,10.113923,4.553071,s1d3
AGCCAATAGTATAGGT-1,11.797132,13.316066,s1d3
AGCCAATCAAGCGAGT-1,3.6234741,13.8091955,s1d3
AGCCAATCAGCGTATT-1,2.3297784,17.557583,s1d3
AGCCAATCATACTGAC-1,15.058479,6.8040223,s1d3
AGCCAATGTACCCAGC-1,4.4426465,17.014814,s1d3
AGCCAATGTGCCTACG-1,10.027591,11.94433,s1d3
AGCCACGAGCTCAGAG-1,-3.9759574,8.403386,s1d3
AGCCACGAGGATTACA-1,2.2022877,16.703651,s1d3
AGCCACGAGGCCATAG-1,-4.1573873,7.2292466,s1d3
AGCCACGAGTGAGTTA-1,1.0458343,5.8995705,s1d3
AGCCACGCAGGGAATC-1,14.074498,8.970844,s1d3
AGCCACGCATTAAAGG-1,12.276416,12.640756,s1d3
AGCCACGGTAGATTAG-1,1.3937744,4.6640263,s1d3
AGCCACGGTGTTAACC-1,4.0231676,14.434128,s1d3
AGCCACGTCCCTTTGG-1,14.368876,6.221938,s1d3
AGCCACGTCCGCTGTT-1,11.612853,6.2609053,s1d3
AGCCAGCCAGTTGAAA-1,12.365545,14.087147,s1d3
AGCCAGCCATGTCGTA-1,12.796062,13.584045,s1d3
AGCCAGCTCACAAGAA-1,13.078413,12.695264,s1d3
AGCCAGCTCCTCCACA-1,6.7745605,17.86303,s1d3
AGCCAGCTCTGCATAG-1,4.832319,14.394131,s1d3
AGCGATTAGATTACCC-1,6.6109214,2.681606,s1d3
AGCGATTAGCTAATCC-1,12.0995245,12.336641,s1d3
AGCGATTAGCTTTCTT-1,11.307164,8.658463,s1d3
AGCGATTAGGCCGCTT-1,8.203686,6.84756,s1d3
AGCGATTAGGGACAGG-1,11.472081,12.633866,s1d3
AGCGATTCAATCGCAT-1,-4.890199,7.9279895,s1d3
AGCGATTCACAGCCTG-1,13.186497,12.6341305,s1d3
AGCGATTGTCTAGGCC-1,10.393102,11.147131,s1d3
AGCGATTGTGATGAAT-1,10.352949,12.602153,s1d3
AGCGATTTCCCTTGTG-1,11.947417,7.276268,s1d3
AGCGATTTCCGGTAAT-1,11.042846,14.058165,s1d3
AGCGATTTCGAACGGA-1,3.9644725,19.527874,s1d3
AGCGCCACACACACGC-1,-4.5809145,8.954936,s1d3
AGCGCCACACTTGTCC-1,11.639435,8.776095,s1d3
AGCGCCACATGGCACC-1,6.3884697,-3.6377823,s1d3
AGCGCCAGTAGCGAGT-1,14.390645,9.436981,s1d3
AGCGCCATCTACTCAT-1,11.910466,7.0791836,s1d3
AGCGCCATCTCGCCTA-1,-5.2361,7.1698766,s1d3
AGCGCTGAGACCTCCG-1,-3.9681013,9.28649,s1d3
AGCGCTGCAAAGACTA-1,5.3714247,19.100088,s1d3
AGCGCTGGTAGGGTAC-1,12.99635,14.214551,s1d3
AGCGCTGTCCTACAAG-1,-5.5475245,12.154063,s1d3
AGCGCTGTCGCTCTCA-1,11.938977,13.966631,s1d3
AGCGCTGTCGTCGACG-1,11.935844,14.009014,s1d3
AGCGTATAGAGAGGTA-1,5.629914,-5.1498194,s1d3
AGCGTATCAGCGTACC-1,2.1126435,16.441566,s1d3
AGCGTATGTACTGTTG-1,7.965587,-1.9302318,s1d3
AGCGTATGTGCGAACA-1,15.626476,7.9745026,s1d3
AGCGTATTCAAACTGC-1,-1.5907544,6.4222064,s1d3
AGCGTATTCCAATCCC-1,10.287298,7.457747,s1d3
AGCGTATTCCAGTACA-1,12.317358,10.387259,s1d3
AGCGTATTCTTCCAGC-1,12.127693,11.609706,s1d3
AGCGTCGAGCGATTCT-1,5.039423,19.118914,s1d3
AGCGTCGAGCTGAAAT-1,12.219932,13.143303,s1d3
AGCGTCGCACCCTTAC-1,-6.34914,8.823147,s1d3
AGCGTCGCATCGTCCT-1,5.489992,-4.945946,s1d3
AGCGTCGGTGTGATGG-1,-3.5664034,9.602916,s1d3
AGCTACAAGCCTATTG-1,2.146875,17.027729,s1d3
AGCTACACAAATGGAT-1,7.161174,2.7438455,s1d3
AGCTACACAACACAGG-1,12.669384,11.746683,s1d3
AGCTACACACGTATAC-1,11.960437,6.307712,s1d3
AGCTACACAGCCTACG-1,2.3995333,4.639045,s1d3
AGCTACACAGGGTCTC-1,8.663257,7.449249,s1d3
AGCTACACAGTTACCA-1,10.769159,6.467675,s1d3
AGCTACAGTGTTCGAT-1,-4.33773,6.3622885,s1d3
AGCTACAGTTACACTG-1,15.111172,8.404488,s1d3
AGCTACATCCTAAACG-1,9.400949,-4.470346,s1d3
AGCTCAAAGGAACTAT-1,-5.3796854,12.129171,s1d3
AGCTCAACACCAGCGT-1,-5.264781,6.473085,s1d3
AGCTCAACAGAAGCTG-1,11.7367735,6.6487226,s1d3
AGCTCAACAGATAAAC-1,12.998587,6.0891886,s1d3
AGCTCAACAGCAGAAC-1,6.6578774,-3.3545997,s1d3
AGCTCAACATGAGATA-1,13.356252,9.665299,s1d3
AGCTCAAGTCCAAGAG-1,12.960954,10.082773,s1d3
AGCTCAAGTCTATGAC-1,13.217819,12.798782,s1d3
AGCTCAATCCCTAGGG-1,-4.509868,10.239907,s1d3
AGCTCAATCTGCCTCA-1,2.593152,14.499828,s1d3
AGCTTCCAGACGTCGA-1,10.895016,7.98032,s1d3
AGCTTCCAGCTACTAC-1,8.54888,3.238008,s1d3
AGCTTCCAGTGCTAGG-1,-4.2712064,7.6894584,s1d3
AGCTTCCCACGAAGAC-1,11.618017,13.121801,s1d3
AGCTTCCCACGACTAT-1,-5.137651,9.535666,s1d3
AGCTTCCCAGCCTACG-1,5.0480638,19.015688,s1d3
AGCTTCCGTCACAGAG-1,13.044184,7.4034452,s1d3
AGCTTCCGTCCAGCCA-1,11.304165,13.446101,s1d3
AGCTTCCGTTTCGACA-1,-3.457894,9.087889,s1d3
AGCTTCCTCACTCGAA-1,9.334341,4.849802,s1d3
AGCTTCCTCGTAGTGT-1,11.183865,6.610373,s1d3
AGGAAATAGATAACAC-1,10.271655,11.68616,s1d3
AGGAAATAGCTTACGT-1,9.99341,12.929762,s1d3
AGGAAATCAAACGTGG-1,6.5823917,6.366927,s1d3
AGGAAATCAAGAATAC-1,16.205894,6.4676623,s1d3
AGGAAATCAGTCGGTC-1,3.9467275,19.08534,s1d3
AGGAAATGTGACACAG-1,10.075934,12.548471,s1d3
AGGAAATTCCCACAGG-1,11.713846,8.244025,s1d3
AGGAATAAGAGTACCG-1,8.724185,7.9213076,s1d3
AGGAATAAGATCCGAG-1,12.008662,12.963632,s1d3
AGGAATAAGCCTGAAG-1,12.288045,14.387376,s1d3
AGGAATAAGTCTAGCT-1,12.320445,11.559972,s1d3
AGGAATAAGTGGCGAT-1,11.271542,9.740897,s1d3
AGGAATACAATCGAAA-1,12.191876,9.663972,s1d3
AGGAATACACCTGCAG-1,13.323609,12.867788,s1d3
AGGAATAGTCTCAGAT-1,12.3207445,12.538774,s1d3
AGGAATAGTGTTCGTA-1,9.9627,11.579019,s1d3
AGGAATAGTTTCGACA-1,6.9600577,0.033955634,s1d3
AGGAATATCATCCTAT-1,12.182086,10.675552,s1d3
AGGAATATCCTACGAA-1,11.14899,14.194652,s1d3
AGGAATATCCTGGGTG-1,13.9177685,9.645621,s1d3
AGGAATATCTGCTTTA-1,12.83524,11.755414,s1d3
AGGACGAAGGAACGTC-1,10.80386,13.872024,s1d3
AGGACGAAGGCGCTTC-1,14.311893,6.1990933,s1d3
AGGACGAAGTGGCCTC-1,12.187505,6.791867,s1d3
AGGACGACAGACAAGC-1,4.7630653,19.707401,s1d3
AGGACGACAGGAATCG-1,10.734771,6.2328277,s1d3
AGGACGAGTAACCCGC-1,10.342341,5.2503557,s1d3
AGGACGAGTGAAGCTG-1,8.5435915,7.3030877,s1d3
AGGACGAGTTTGGAGG-1,12.015162,7.177583,s1d3
AGGACGATCCCAATAG-1,16.902657,5.2300124,s1d3
AGGACGATCGCGGTAC-1,-1.0119609,4.1492276,s1d3
AGGACGATCTCGCAGG-1,12.771893,13.095839,s1d3
AGGACTTAGACATAGT-1,2.9403524,14.645549,s1d3
AGGACTTAGCCTTCTC-1,11.808441,11.471786,s1d3
AGGACTTAGCGAGTAC-1,14.757792,9.467724,s1d3
AGGACTTCAAATCCCA-1,-4.2981925,6.9297285,s1d3
AGGACTTCAAGAGATT-1,12.988127,13.098911,s1d3
AGGACTTCATAATCGC-1,1.8248572,16.505255,s1d3
AGGACTTCATCTCCCA-1,3.5604632,18.347996,s1d3
AGGACTTGTCCCTCAT-1,11.134783,17.379751,s1d3
AGGACTTGTGACCTGC-1,13.164456,13.417941,s1d3
AGGACTTGTGCGCTCA-1,6.491319,3.0645173,s1d3
AGGACTTGTTAAGGGC-1,2.6943312,16.50994,s1d3
AGGACTTTCCTTCTTC-1,10.504331,10.740711,s1d3
AGGACTTTCGGTCAGC-1,11.451648,12.526088,s1d3
AGGACTTTCTAAGCGT-1,10.886279,12.780028,s1d3
AGGACTTTCTCCGTGT-1,13.324409,13.048064,s1d3
AGGAGGTAGCCGATTT-1,12.832067,12.322056,s1d3
AGGAGGTAGGGAGGAC-1,13.065559,6.597409,s1d3
AGGAGGTAGTGGACGT-1,11.088798,12.77151,s1d3
AGGAGGTCAACAAGTA-1,9.2248335,12.479819,s1d3
AGGAGGTGTCAGACTT-1,10.686047,11.804473,s1d3
AGGAGGTGTCGCGTTG-1,11.344466,9.80061,s1d3
AGGAGGTGTTCGCGTG-1,12.234201,6.6409736,s1d3
AGGAGGTTCCGACAGC-1,5.1815915,16.265606,s1d3
AGGATAAAGACCAGAC-1,6.295703,4.856788,s1d3
AGGATAAAGCGCACAA-1,8.59392,-4.295296,s1d3
AGGATAAAGGCGTTAG-1,1.2962621,4.5729456,s1d3
AGGATAAAGGGTGAAA-1,12.7255745,10.2545395,s1d3
AGGATAACACCTGCTT-1,6.936323,18.136822,s1d3
AGGATAACAGCACCCA-1,6.6281886,5.2255483,s1d3
AGGATAAGTACCTATG-1,9.258835,6.9713,s1d3
AGGATAAGTAGAGTTA-1,10.690514,13.208474,s1d3
AGGATAATCGAACGGA-1,10.064698,-4.6773562,s1d3
AGGATAATCGTCACCT-1,-5.388333,8.291681,s1d3
AGGATCTAGTAATACG-1,4.8383203,19.947104,s1d3
AGGATCTCAGCTGTCG-1,10.718789,7.0065746,s1d3
AGGATCTCATTACTCT-1,12.06778,11.288733,s1d3
AGGATCTGTAAGTTGA-1,16.658157,9.050749,s1d3
AGGATCTGTCTGCGCA-1,13.852287,6.532928,s1d3
AGGATCTGTTCGGGTC-1,12.019425,14.534528,s1d3
AGGATCTTCCGAGATT-1,-5.141785,11.813939,s1d3
AGGATCTTCCTCGCAT-1,14.545466,9.123883,s1d3
AGGATCTTCGGCACTG-1,11.712552,7.7196074,s1d3
AGGCATTAGCAGGCAT-1,2.0519938,5.3308806,s1d3
AGGCATTAGCGTCGAA-1,11.386732,14.372033,s1d3
AGGCATTAGGGCCAAT-1,8.272978,7.5655723,s1d3
AGGCATTAGTAGTCTC-1,-3.7358103,9.309314,s1d3
AGGCATTCACTTGACA-1,-3.7134693,9.245547,s1d3
AGGCATTCAGACCCGT-1,2.5494637,14.159641,s1d3
AGGCATTCAGCTGTAT-1,1.5222805,6.16324,s1d3
AGGCATTCAGTTGTTG-1,-3.4536366,9.227674,s1d3
AGGCATTCATGGGTTT-1,3.595238,15.162425,s1d3
AGGCATTGTGTTTACG-1,4.086227,18.455877,s1d3
AGGCATTTCAACCTTT-1,6.3753676,-3.2095807,s1d3
AGGCATTTCCCATACC-1,16.156311,5.688942,s1d3
AGGCATTTCGAACGGA-1,-5.5911345,8.529439,s1d3
AGGCCACAGATCACCT-1,12.6891575,12.309757,s1d3
AGGCCACAGGCGTTGA-1,12.174055,13.198283,s1d3
AGGCCACAGGTACAAT-1,7.0921836,3.267588,s1d3
AGGCCACAGTATAGAC-1,10.182525,9.864256,s1d3
AGGCCACGTCTCGCGA-1,12.419269,6.0154943,s1d3
AGGCCACTCAGAGCAG-1,5.200158,19.472996,s1d3
AGGCCACTCCGCGAGT-1,1.6264246,7.3864636,s1d3
AGGCCACTCCGTACGG-1,6.2283115,-0.828447,s1d3
AGGCCACTCTTGCGCT-1,2.3706007,17.58081,s1d3
AGGCTGCAGTTGTACC-1,10.298466,6.664823,s1d3
AGGCTGCCATCCGAGC-1,-4.1393747,7.6202817,s1d3
AGGCTGCGTCGCATGC-1,11.70047,6.3865776,s1d3
AGGCTGCGTGGTACAG-1,6.3242793,-4.47856,s1d3
AGGCTGCTCATCTACT-1,-4.3153753,6.449657,s1d3
AGGCTGCTCCTACGAA-1,12.852815,7.36581,s1d3
AGGCTGCTCGCCAGAC-1,2.0430915,16.722672,s1d3
AGGGAGTAGACAGTCG-1,13.476862,10.197233,s1d3
AGGGAGTAGGATCATA-1,10.961952,12.564278,s1d3
AGGGAGTAGTTCCATG-1,16.978329,4.8996563,s1d3
AGGGAGTCACGGCTAC-1,1.6778659,4.8545675,s1d3
AGGGAGTCATCTGTTT-1,10.669414,14.489811,s1d3
AGGGAGTGTATGAGGC-1,11.338644,13.505008,s1d3
AGGGAGTGTCCGTACG-1,10.685803,14.089816,s1d3
AGGGAGTTCAAAGGTA-1,2.2562468,4.2187834,s1d3
AGGGAGTTCGAAGCCC-1,6.975972,-4.931826,s1d3
AGGGAGTTCTATCGCC-1,16.201,8.118183,s1d3
AGGGCCTAGTGCGCTC-1,16.525316,5.3344784,s1d3
AGGGCCTCAACAACAA-1,-4.038655,6.764832,s1d3
AGGGCCTCAAGTGACG-1,11.621529,11.851991,s1d3
AGGGCCTCAGAGTTCT-1,11.521567,8.536342,s1d3
AGGGCCTCAGGCATTT-1,12.192908,12.040615,s1d3
AGGGCCTGTAACATAG-1,10.978722,11.608486,s1d3
AGGGCCTGTGACTATC-1,-5.0831933,6.9703584,s1d3
AGGGCCTTCCACGAAT-1,-3.8030765,7.7759485,s1d3
AGGGCCTTCGCTACGG-1,11.21592,12.052367,s1d3
AGGGCCTTCTCTAAGG-1,13.453716,13.28057,s1d3
AGGGCTCAGATGTTCC-1,6.281492,-3.006349,s1d3
AGGGCTCAGCAGCAGT-1,12.668888,13.237845,s1d3
AGGGCTCAGCAGTCTT-1,4.035987,20.174978,s1d3
AGGGCTCAGCTATCCA-1,10.843351,8.061776,s1d3
AGGGCTCAGTCCCAGC-1,4.462566,20.130632,s1d3
AGGGCTCAGTTGAATG-1,12.393004,14.512422,s1d3
AGGGCTCCAATGAACA-1,3.1939826,14.311494,s1d3
AGGGCTCCACAGAGCA-1,13.3222065,12.967941,s1d3
AGGGCTCGTAATACCC-1,10.533876,11.287446,s1d3
AGGGCTCGTCATCGGC-1,13.860523,9.588613,s1d3
AGGGCTCGTGATTGGG-1,11.845234,14.265326,s1d3
AGGGCTCTCAGTCCGG-1,5.747326,-2.524672,s1d3
AGGGCTCTCTACCTTA-1,11.969971,13.4367285,s1d3
AGGGTCCAGCGTGAGT-1,11.6682415,13.950766,s1d3
AGGGTCCCAACGAGGT-1,-5.7903056,8.936696,s1d3
AGGGTCCCAGAGGGTT-1,2.0714216,17.874516,s1d3
AGGGTCCGTATGGTTC-1,5.550397,6.825481,s1d3
AGGGTCCGTCGAGCAA-1,6.2876234,3.259302,s1d3
AGGGTCCTCGGTATGT-1,11.75417,12.100278,s1d3
AGGGTCCTCTTCGCTG-1,1.9249002,8.316801,s1d3
AGGGTGAAGAGAACCC-1,16.896288,6.2274556,s1d3
AGGGTGAAGCGGACAT-1,13.159409,5.320443,s1d3
AGGGTGAAGGCTCAAG-1,14.411173,9.13825,s1d3
AGGGTGACACCAGACC-1,10.972711,6.2021704,s1d3
AGGGTGACACCTGCTT-1,7.1204553,3.2873342,s1d3
AGGGTGACACGTGAGA-1,2.2496364,8.22063,s1d3
AGGGTGACACTTTATC-1,-3.6067915,6.6224422,s1d3
AGGGTGACAGCCGTCA-1,11.726578,8.452605,s1d3
AGGGTGAGTTCCTAAG-1,-4.2975483,8.991937,s1d3
AGGGTGAGTTGTTGTG-1,12.9086895,12.452424,s1d3
AGGGTTTAGACTCATC-1,13.732969,9.759023,s1d3
AGGGTTTAGATTTGCC-1,6.17213,5.031295,s1d3
AGGGTTTAGGTCACAG-1,12.340202,14.031868,s1d3
AGGGTTTAGTTGAAAC-1,0.197789,4.846549,s1d3
AGGGTTTCAGCAGACA-1,1.753323,4.0183597,s1d3
AGGGTTTCATAACTCG-1,-1.1143743,4.1247325,s1d3
AGGGTTTGTCGTCAGC-1,6.502483,2.0433786,s1d3
AGGGTTTGTCTGTAGT-1,10.902272,12.349514,s1d3
AGGGTTTGTTAGAAGT-1,-4.244139,6.7282414,s1d3
AGGGTTTGTTCTGAGT-1,-4.506305,8.990265,s1d3
AGGGTTTTCCATTGGA-1,4.7488594,19.139166,s1d3
AGGGTTTTCCTTCTGG-1,11.806646,6.465032,s1d3
AGGGTTTTCGTTCGCT-1,-5.6318994,11.75379,s1d3
AGGTAGGAGTTGGGAC-1,-0.8137949,7.187082,s1d3
AGGTAGGCACAGAAGC-1,12.455679,10.47354,s1d3
AGGTAGGGTAAGTTAG-1,11.000268,-1.0292805,s1d3
AGGTAGGTCCATTTGT-1,5.446145,19.454893,s1d3
AGGTCATAGGCCTAGA-1,16.031786,5.758119,s1d3
AGGTCATAGTTCATGC-1,13.427287,12.975107,s1d3
AGGTCATCAATGTCAC-1,-3.902224,6.491106,s1d3
AGGTCATCACTAGGTT-1,16.498476,8.854182,s1d3
AGGTCATCAGAGATGC-1,10.965272,8.241897,s1d3
AGGTCATCATTCTCTA-1,6.324987,6.561245,s1d3
AGGTCATGTTACAGCT-1,-3.627177,6.0949073,s1d3
AGGTCATGTTCCACAA-1,3.6920846,16.638168,s1d3
AGGTCATTCAAGAGGC-1,11.845449,12.561046,s1d3
AGGTCATTCACATTGG-1,13.433538,7.5889573,s1d3
AGGTCATTCCGAGAAG-1,12.324913,13.258364,s1d3
AGGTCTAAGCTTTCTT-1,15.271308,8.576633,s1d3
AGGTCTAAGGGCATGT-1,10.425797,12.868421,s1d3
AGGTCTACAGATTTCG-1,2.936723,6.3105516,s1d3
AGGTCTACATGCTGCG-1,14.02484,6.5530143,s1d3
AGGTCTAGTACCCGAC-1,2.2741854,16.810467,s1d3
AGGTCTAGTCGTGGAA-1,12.92916,6.796211,s1d3
AGGTCTATCCCGTTCA-1,2.266487,7.1224446,s1d3
AGGTCTATCCTATTGT-1,-3.9027088,8.561145,s1d3
AGGTCTATCTCGCTCA-1,11.126566,7.4379015,s1d3
AGGTGTTAGCCTCATA-1,7.3859253,-4.579794,s1d3
AGGTGTTAGCTGTTAC-1,11.705918,8.077651,s1d3
AGGTGTTCAGTGTACT-1,8.913166,8.309786,s1d3
AGGTGTTGTGAGACCA-1,3.9816878,17.05729,s1d3
AGGTGTTGTGTCCAAT-1,5.8589253,5.0904446,s1d3
AGGTGTTGTTCTAAGC-1,-3.8446083,8.850066,s1d3
AGGTGTTGTTTGGAAA-1,11.785575,14.183165,s1d3
AGGTGTTTCAGCATTG-1,10.322932,10.226783,s1d3
AGGTGTTTCCAGCACG-1,12.262948,10.731379,s1d3
AGGTGTTTCGTAGGAG-1,-5.790642,9.062318,s1d3
AGGTTACAGGTACATA-1,7.130119,3.525885,s1d3
AGGTTACCAAACTCTG-1,-5.282001,8.611087,s1d3
AGGTTACCACTGATTG-1,8.833326,7.6867867,s1d3
AGGTTACCACTGTGTA-1,-3.7895558,8.662881,s1d3
AGGTTACCAGGCACAA-1,12.525454,6.4736795,s1d3
AGGTTACCATCGATAC-1,-4.2349544,6.7743664,s1d3
AGGTTACGTCTCGGGT-1,13.072271,12.921787,s1d3
AGGTTACGTTGCATGT-1,12.015097,14.325596,s1d3
AGGTTACGTTTCACAG-1,4.140778,5.667686,s1d3
AGGTTACTCATGCCAA-1,3.6037161,13.871336,s1d3
AGGTTACTCTATTGTC-1,11.582709,6.2037783,s1d3
AGGTTGTAGCGACATG-1,10.042618,12.306988,s1d3
AGGTTGTAGCGCCTCA-1,12.892674,12.739225,s1d3
AGGTTGTAGCTGGTGA-1,13.128043,9.974409,s1d3
AGGTTGTAGTGGACTG-1,-4.0236764,9.031648,s1d3
AGGTTGTCAGCGAGTA-1,-3.7273571,9.368534,s1d3
AGGTTGTCATCACAGT-1,-3.9851081,8.25515,s1d3
AGGTTGTGTCAAATCC-1,-4.5089464,8.476627,s1d3
AGGTTGTGTCTGTAAC-1,12.738258,6.1039047,s1d3
AGGTTGTTCCATGCAA-1,11.628794,8.14813,s1d3
AGGTTGTTCCTCTCTT-1,13.406458,13.064185,s1d3
AGGTTGTTCGACGATT-1,11.158345,11.9835005,s1d3
AGTAACCAGAGGGCGA-1,6.083934,4.917324,s1d3
AGTAACCAGATCGACG-1,11.962203,14.3978405,s1d3
AGTAACCCACAAATCC-1,-3.7948046,7.7171707,s1d3
AGTAACCCATCATTGG-1,-5.160445,10.842734,s1d3
AGTAACCGTCACGTGC-1,3.0416427,16.987644,s1d3
AGTAACCGTCAGGAGT-1,11.613537,13.502345,s1d3
AGTAACCGTGTTTACG-1,3.2868702,13.801851,s1d3
AGTAACCGTTAAGAAC-1,7.3557243,-0.15537883,s1d3
AGTAACCGTTTAGAGA-1,4.92043,19.42082,s1d3
AGTAACCTCAAGGACG-1,11.75379,12.8937235,s1d3
AGTAACCTCACCGGGT-1,-4.9046407,10.9056835,s1d3
AGTAACCTCCGGACGT-1,16.582048,8.627654,s1d3
AGTAACCTCTCTCAAT-1,10.912546,8.60567,s1d3
AGTACCAAGAGAGAAC-1,3.9823067,14.100225,s1d3
AGTACCAAGCCAGACA-1,17.063108,5.2353616,s1d3
AGTACCAAGCTAGTTC-1,9.2865305,7.530583,s1d3
AGTACCACAGCGTATT-1,8.5774555,7.4388895,s1d3
AGTACCACATGGGAAC-1,12.5198555,12.359789,s1d3
AGTACCATCAGAGCAG-1,4.794443,19.9356,s1d3
AGTACCATCAGCACCG-1,10.408806,11.709458,s1d3
AGTACCATCGGTTGTA-1,7.9883046,3.7516236,s1d3
AGTACCATCTGACAGT-1,5.1284547,19.24401,s1d3
AGTACTGAGACAGTCG-1,-5.538859,10.097569,s1d3
AGTACTGAGCCTATTG-1,10.495224,9.911354,s1d3
AGTACTGAGGTTAAAC-1,10.67207,7.0701294,s1d3
AGTACTGCAATCGAAA-1,12.053061,13.221928,s1d3
AGTACTGGTACGGCAA-1,10.993425,6.8736916,s1d3
AGTACTGGTCTTCATT-1,13.302186,13.103583,s1d3
AGTACTGGTGTCCATA-1,12.042107,10.675185,s1d3
AGTACTGTCTTACTGT-1,10.433595,11.659907,s1d3
AGTAGCTCAACACAAA-1,-4.444892,8.650201,s1d3
AGTAGCTCATGGGATG-1,13.492428,8.593403,s1d3
AGTAGCTCATTACGGT-1,8.504261,7.161328,s1d3
AGTAGCTGTAGACAAT-1,8.486282,-4.1864233,s1d3
AGTAGCTGTGGAATGC-1,-4.68637,8.589445,s1d3
AGTAGCTGTTTGTGGT-1,10.05357,4.55675,s1d3
AGTAGCTTCGGTCGAC-1,5.8562737,16.384747,s1d3
AGTAGTCAGAAGATCT-1,5.405562,-3.423414,s1d3
AGTAGTCCACAGTGAG-1,13.6623335,6.1463885,s1d3
AGTAGTCCATGAATAG-1,11.97559,9.157868,s1d3
AGTAGTCCATGCAGGA-1,11.546767,13.834418,s1d3
AGTAGTCGTGTGACCC-1,7.0837245,-3.943859,s1d3
AGTAGTCGTTATCTTC-1,14.406368,5.706572,s1d3
AGTAGTCGTTGTCATG-1,11.397926,12.452559,s1d3
AGTAGTCTCGTAACAC-1,11.230189,12.805564,s1d3
AGTCAACAGAGGACTC-1,11.911413,12.200155,s1d3
AGTCAACAGATGCTGG-1,10.042544,12.673176,s1d3
AGTCAACAGATTGTGA-1,10.937197,13.232573,s1d3
AGTCAACAGTAGCATA-1,-3.7933276,9.892425,s1d3
AGTCAACCATGAGAAT-1,9.871773,10.144833,s1d3
AGTCAACCATGGCTAT-1,16.827682,8.529795,s1d3
AGTCAACGTCTAACTG-1,8.569644,7.224568,s1d3
AGTCAACGTGCACGCT-1,12.478553,12.682843,s1d3
AGTCAACGTTAATCGC-1,1.3015759,5.0813904,s1d3
AGTCACAAGACGCCAA-1,-4.8012533,6.4935393,s1d3
AGTCACAAGCAGCCTC-1,-0.84526837,4.4739738,s1d3
AGTCACAAGGCCTAGA-1,10.005988,7.1658006,s1d3
AGTCACAAGTATTCCG-1,-3.9537146,7.2334113,s1d3
AGTCACAAGTGTCATC-1,15.788691,6.2881746,s1d3
AGTCACACAAACCATC-1,-5.0543146,8.057377,s1d3
AGTCACACAATACCCA-1,11.530945,8.089623,s1d3
AGTCACACAGAACTTC-1,-5.4905148,11.89848,s1d3
AGTCACACAGGTGTGA-1,11.984534,10.946395,s1d3
AGTCACAGTCGTCATA-1,10.513622,11.782448,s1d3
AGTCACAGTCGTTCAA-1,11.5760145,7.739125,s1d3
AGTCACAGTTATGGTC-1,11.701472,12.742891,s1d3
AGTCACATCACTACGA-1,12.760041,7.341084,s1d3
AGTCACATCCTCACTG-1,2.226905,16.325035,s1d3
AGTCACATCCTCGCAT-1,4.177996,16.84754,s1d3
AGTCACATCTCATGCC-1,-4.688621,6.7085657,s1d3
AGTCATGAGATTACCC-1,13.213658,13.0917225,s1d3
AGTCATGCAGATCCTA-1,12.450587,5.607135,s1d3
AGTCATGGTCGTCGGT-1,5.9317966,19.143951,s1d3
AGTCATGTCCAAGCAT-1,11.505536,10.84846,s1d3
AGTCATGTCCATTCAT-1,6.6928225,3.437197,s1d3
AGTCTCCAGGAGGGTG-1,-5.009429,7.5130296,s1d3
AGTCTCCAGTCCCAGC-1,11.851832,10.614488,s1d3
AGTCTCCCAAGACAAT-1,-4.588749,8.051798,s1d3
AGTCTCCCAGCCGTCA-1,11.520691,12.061809,s1d3
AGTCTCCCAGTTGTTG-1,-4.6537876,8.652436,s1d3
AGTCTCCTCAGGAAAT-1,-5.273077,8.331473,s1d3
AGTCTCCTCGGTAACT-1,16.601185,4.937285,s1d3
AGTCTCCTCTGCTTTA-1,16.652058,7.332653,s1d3
AGTGACTAGACCTCCG-1,12.912543,10.381337,s1d3
AGTGACTCAGGTCTCG-1,12.121099,5.3608146,s1d3
AGTGACTCATACCACA-1,8.334105,7.4943657,s1d3
AGTGATCCAAGTTTGC-1,13.580416,12.613998,s1d3
AGTGATCCACGCAGTC-1,4.1423426,13.117521,s1d3
AGTGATCGTAAGATTG-1,1.8131167,16.870173,s1d3
AGTGATCGTCACCCTT-1,6.3084865,-0.5724481,s1d3
AGTGATCGTCTACAAC-1,-3.8894732,8.904096,s1d3
AGTGATCGTTTCGTTT-1,-3.1687353,9.203713,s1d3
AGTGATCTCACAAGGG-1,-0.89070684,2.6812935,s1d3
AGTGATCTCACCTCGT-1,11.995348,13.936704,s1d3
AGTGATCTCCACGGGT-1,11.9684305,11.928013,s1d3
AGTGATCTCTTCGCTG-1,2.9461648,5.407942,s1d3
AGTGCCGAGCAGCACA-1,11.873801,9.248857,s1d3
AGTGCCGAGGAATGTT-1,9.973782,-0.3717082,s1d3
AGTGCCGCATCAGTGT-1,14.177777,8.8853245,s1d3
AGTGCCGGTACCGTCG-1,12.59379,12.440805,s1d3
AGTGCCGGTCTGTAGT-1,12.104303,13.335477,s1d3
AGTGCCGTCAGCCCAG-1,8.15778,-3.1321619,s1d3
AGTGCCGTCCGTTGAA-1,4.7368374,18.879723,s1d3
AGTGCCGTCTGCATAG-1,-1.5168167,6.7301135,s1d3
AGTGCCGTCTGCGATA-1,-5.3540273,7.8133097,s1d3
AGTGCCGTCTGCTGAA-1,13.901856,8.07953,s1d3
AGTGTTGAGAACTCCT-1,14.22398,9.653618,s1d3
AGTGTTGAGCCATGCC-1,-5.356318,9.440308,s1d3
AGTGTTGAGTGCAGCA-1,4.274195,13.899552,s1d3
AGTGTTGCAAGGCCTC-1,8.729668,7.7873836,s1d3
AGTGTTGCAATACCCA-1,12.031716,6.666775,s1d3
AGTGTTGCAGGACATG-1,13.627875,10.216913,s1d3
AGTGTTGGTAGGACTG-1,10.912017,13.60444,s1d3
AGTGTTGGTGGCTCTG-1,9.908441,11.760623,s1d3
AGTGTTGGTTACAGCT-1,2.0886786,16.604431,s1d3
AGTGTTGTCGCTATTT-1,12.117724,12.656116,s1d3
AGTTAGCAGCTGCCTG-1,10.58286,7.335998,s1d3
AGTTAGCCAAAGGTTA-1,9.76108,-4.396607,s1d3
AGTTAGCCAATGTCAC-1,11.13454,10.485319,s1d3
AGTTAGCCAGTGGTGA-1,10.562423,5.8213844,s1d3
AGTTAGCGTGAGGAAA-1,-5.3590183,8.8780155,s1d3
AGTTAGCGTGTTGAGG-1,13.184844,13.664187,s1d3
AGTTAGCGTTCACGAT-1,11.317869,7.8243356,s1d3
AGTTAGCTCGAGATGG-1,10.576028,11.664558,s1d3
AGTTCCCAGTTGCCTA-1,3.196296,17.13032,s1d3
AGTTCCCCAAATGCTC-1,-5.393172,7.5443277,s1d3
AGTTCCCGTACGACTT-1,10.13356,12.559465,s1d3
AGTTCCCGTCGGTGAA-1,14.346687,6.6524,s1d3
AGTTCCCTCCGTGGGT-1,11.806443,12.853331,s1d3
AGTTCGAAGACTACCT-1,10.611706,9.993851,s1d3
AGTTCGAAGAGTGAAG-1,6.1503525,6.4552937,s1d3
AGTTCGAAGTCCCGAC-1,6.1705384,-3.6205728,s1d3
AGTTCGACAAGGTTGG-1,11.908292,13.603873,s1d3
AGTTCGACAATGAGCG-1,4.179496,18.67994,s1d3
AGTTCGACACGATAGG-1,10.651216,11.995945,s1d3
AGTTCGATCCAGTGTA-1,12.115234,12.158213,s1d3
AGTTCGATCTGTACAG-1,10.563482,11.536908,s1d3
ATACCGAAGAGGGTCT-1,11.934487,14.459656,s1d3
ATACCGAAGCGTGAGT-1,4.114846,16.724566,s1d3
ATACCGAGTGAATGTA-1,9.771482,4.9699783,s1d3
ATACCGAGTTGCGAAG-1,13.460856,9.61566,s1d3
ATACCGATCCATTGTT-1,5.4798474,-0.7473141,s1d3
ATACCGATCCGGTTCT-1,-4.605542,8.64639,s1d3
ATACCGATCGAGCCTG-1,10.718894,7.7869897,s1d3
ATACCGATCTGGGTCG-1,2.6767464,15.094471,s1d3
ATACCTTCAATCGCCG-1,-3.7875292,7.7898407,s1d3
ATACCTTCAGACGGAT-1,14.629798,10.332637,s1d3
ATACCTTGTATGGGAC-1,2.1352851,16.579414,s1d3
ATACCTTGTCAACCAT-1,5.2677765,18.766111,s1d3
ATACCTTGTGGCTTAT-1,10.998546,8.387905,s1d3
ATACCTTGTTTACACG-1,13.534064,9.497051,s1d3
ATACCTTTCAAGAGGC-1,1.9706357,6.085171,s1d3
ATACCTTTCGACGTCG-1,-3.7791889,7.3638363,s1d3
ATACTTCAGCACTTTG-1,11.418458,7.9552484,s1d3
ATACTTCAGCGTGAGT-1,12.534341,14.050517,s1d3
ATACTTCAGCTTGTTG-1,13.59549,12.898129,s1d3
ATACTTCAGGGCCTCT-1,10.5766,11.945424,s1d3
ATACTTCCAAGGCCTC-1,10.930089,6.525728,s1d3
ATACTTCCACTTTAGG-1,-5.404938,7.018856,s1d3
ATACTTCCATGAATAG-1,4.614494,17.140469,s1d3
ATACTTCCATTCAGCA-1,8.566194,7.256425,s1d3
ATACTTCGTAACGATA-1,14.81022,9.528947,s1d3
ATACTTCGTGGATCAG-1,10.048367,13.2933655,s1d3
ATACTTCTCGGACGTC-1,2.4839578,14.185349,s1d3
ATACTTCTCTACCCAC-1,14.676407,9.487039,s1d3
ATAGACCAGAGTGAAG-1,10.959551,12.863831,s1d3
ATAGACCAGATTGGGC-1,13.123867,13.337729,s1d3
ATAGACCAGGAAAGGT-1,9.882945,-4.45363,s1d3
ATAGACCAGGGAGGGT-1,13.194685,5.573879,s1d3
ATAGACCAGGTACAGC-1,12.677585,13.668083,s1d3
ATAGACCAGGTGAGAA-1,-5.0676417,6.2628636,s1d3
ATAGACCCAACCGACC-1,8.257888,7.2566566,s1d3
ATAGACCCAATAACGA-1,-5.4747334,7.177329,s1d3
ATAGACCCACCAATTG-1,16.728968,8.80598,s1d3
ATAGACCCAGGGAGAG-1,10.560025,6.990184,s1d3
ATAGACCGTACACGTT-1,13.237895,13.001722,s1d3
ATAGACCGTCGAAACG-1,13.07248,13.378359,s1d3
ATAGACCTCAATGTCG-1,11.966387,7.897301,s1d3
ATAGACCTCTGCGATA-1,3.6771734,6.2090597,s1d3
ATAGAGAAGAAGCTGC-1,15.583246,7.50497,s1d3
ATAGAGAAGCAATTAG-1,2.4983525,18.325806,s1d3
ATAGAGACAGACCCGT-1,13.354908,12.678487,s1d3
ATAGAGAGTAGCTTGT-1,-4.841746,7.2280593,s1d3
ATAGAGATCAGCTTGA-1,5.6742635,-4.3112054,s1d3
ATAGAGATCGTCCTCA-1,4.004539,5.7234745,s1d3
ATAGGCTCATCTCAAG-1,17.368025,5.5772786,s1d3
ATAGGCTGTAACACGG-1,-3.4954329,9.3314905,s1d3
ATAGGCTGTAGAATGT-1,-4.552335,8.139788,s1d3
ATAGGCTGTGTTCGTA-1,12.947831,9.927317,s1d3
ATAGGCTTCACCTCGT-1,10.572833,6.7060204,s1d3
ATAGGCTTCCTAGCTC-1,12.017227,7.7597847,s1d3
ATATCCTAGACCAAGC-1,-4.031409,7.524895,s1d3
ATATCCTAGACCATAA-1,13.837776,11.913828,s1d3
ATATCCTAGACTCAAA-1,-4.529869,7.4345365,s1d3
ATATCCTAGCCGTCGT-1,1.5918074,5.7062306,s1d3
ATATCCTAGCTCGACC-1,12.061396,14.128111,s1d3
ATATCCTAGCTTCTAG-1,15.154074,9.502121,s1d3
ATATCCTAGGCAGTCA-1,15.886322,8.700983,s1d3
ATATCCTAGGGCAACT-1,11.614027,11.038692,s1d3
ATATCCTAGGTGATCG-1,10.946358,5.7811613,s1d3
ATATCCTCAACTTGCA-1,7.9250317,-3.9643803,s1d3
ATATCCTCAAGCGGAT-1,-5.582947,8.745745,s1d3
ATATCCTCAAGGTCTT-1,11.3193245,9.870727,s1d3
ATATCCTCATCAGCGC-1,-4.7219095,7.3646235,s1d3
ATATCCTGTATAGCTC-1,3.4895606,16.706005,s1d3
ATATCCTGTATCCTCC-1,-4.168673,8.596719,s1d3
ATATCCTGTCAGATTC-1,13.167864,12.312405,s1d3
ATATCCTGTCATTCCC-1,16.069933,6.411219,s1d3
ATATCCTTCATTACTC-1,2.0803773,8.18842,s1d3
ATATCCTTCATTCATC-1,-3.8363178,8.914534,s1d3
ATATCCTTCCATGCAA-1,6.7767916,4.597476,s1d3
ATATCCTTCTAGTTCT-1,6.3751497,-4.5667477,s1d3
ATATCCTTCTTCGTAT-1,11.4497795,8.688549,s1d3
ATCACAGAGAGGTTAT-1,8.385192,7.165971,s1d3
ATCACAGAGGCGCTCT-1,12.914529,5.8690586,s1d3
ATCACAGAGGTGCCAA-1,6.721241,4.8692236,s1d3
ATCACAGCAGCACGAA-1,14.719268,9.228798,s1d3
ATCACAGCAGCGTTGC-1,14.194081,10.047685,s1d3
ATCACAGGTCGAAACG-1,9.704344,4.4158254,s1d3
ATCACAGGTGTAAATG-1,12.176094,12.021683,s1d3
ATCACAGTCGCCTTTG-1,12.102104,11.746895,s1d3
ATCACAGTCGGACCAC-1,-4.216165,8.713376,s1d3
ATCACGAAGAGCATCG-1,10.214226,13.388529,s1d3
ATCACGAAGGCGCTCT-1,13.54589,6.6840553,s1d3
ATCACGACACAAATCC-1,10.347473,11.835296,s1d3
ATCACGACACAGAGAC-1,9.642963,0.11952304,s1d3
ATCACGACATCAGCAT-1,8.412052,7.7056575,s1d3
ATCACGAGTAACCAGG-1,11.961482,6.695687,s1d3
ATCACGAGTATCGTAC-1,10.362063,11.406106,s1d3
ATCACGAGTCTCGGGT-1,3.362277,16.904394,s1d3
ATCACGAGTGAGAGGG-1,9.958811,5.5285773,s1d3
ATCACGATCAAAGGTA-1,-2.174251,4.8126893,s1d3
ATCACGATCGAGTTGT-1,8.643575,7.487738,s1d3
ATCACGATCTAGAACC-1,5.52282,19.35374,s1d3
ATCACTTAGAAGAGCA-1,3.814494,14.475762,s1d3
ATCACTTAGGCTTAAA-1,13.298487,10.320618,s1d3
ATCACTTAGTATTGCC-1,6.4917006,5.532148,s1d3
ATCACTTAGTCAACAA-1,12.724173,13.947666,s1d3
ATCACTTCAGAATGTA-1,5.158064,19.17574,s1d3
ATCACTTGTACGATCT-1,10.636197,6.0938706,s1d3
ATCACTTGTGAGTCAG-1,1.6893598,6.6099257,s1d3
ATCACTTTCGAGATGG-1,-4.752629,6.542779,s1d3
ATCACTTTCGGATAAA-1,14.8647375,6.0248423,s1d3
ATCACTTTCGTTCTAT-1,-5.0445714,8.611569,s1d3
ATCAGGTCACCGCTGA-1,11.053262,11.196964,s1d3
ATCAGGTCAGCAGAAC-1,10.642443,7.2839737,s1d3
ATCAGGTCATCTGCGG-1,-3.7135963,8.06343,s1d3
ATCAGGTGTGATCATC-1,10.690965,8.087603,s1d3
ATCAGGTTCAAGTGTC-1,11.137967,8.851188,s1d3
ATCAGGTTCGCGTTTC-1,12.224673,13.911533,s1d3
ATCAGGTTCGGTATGT-1,5.044774,18.507828,s1d3
ATCATTCCATCAACCA-1,13.467497,5.927806,s1d3
ATCATTCCATCGATCA-1,11.687775,12.127141,s1d3
ATCATTCCATTGACAC-1,-1.6090616,6.1301165,s1d3
ATCATTCGTCCAATCA-1,16.788847,4.788098,s1d3
ATCATTCTCAGACAAA-1,13.565487,7.356475,s1d3
ATCATTCTCAGACATC-1,12.371334,6.377152,s1d3
ATCATTCTCTTGGTCC-1,10.374435,7.2884,s1d3
ATCCACCCACCTATCC-1,13.089541,13.194002,s1d3
ATCCACCCATGACCCG-1,10.5606785,5.828566,s1d3
ATCCACCGTTCAGCTA-1,12.387323,8.795706,s1d3
ATCCACCTCAGCCTTC-1,11.556438,12.172712,s1d3
ATCCACCTCCGTGGGT-1,-1.355078,6.7637386,s1d3
ATCCACCTCGTTCCCA-1,8.504491,7.3818264,s1d3
ATCCATTAGGCCCAAA-1,9.44123,12.829295,s1d3
ATCCATTGTCAACATC-1,14.436777,9.507906,s1d3
ATCCATTGTTGAATCC-1,11.769218,7.5092864,s1d3
ATCCATTGTTTCGATG-1,3.6957889,5.877555,s1d3
ATCCATTTCAACTGGT-1,-4.1763654,6.2464266,s1d3
ATCCATTTCATTTCCA-1,14.823008,8.098707,s1d3
ATCCCTGAGCGCCTTG-1,-5.2046375,10.292513,s1d3
ATCCCTGGTGTGTCGC-1,9.722097,4.747221,s1d3
ATCCCTGGTTCAGCTA-1,12.440777,7.5679436,s1d3
ATCCCTGTCAATCCAG-1,11.617412,7.91875,s1d3
ATCCCTGTCAGTGGGA-1,11.452907,13.481181,s1d3
ATCCCTGTCTCCCAAC-1,11.18222,7.455617,s1d3
ATCCGTCAGAGCACTG-1,3.8649712,13.705536,s1d3
ATCCGTCAGAGCATAT-1,3.1397629,17.838583,s1d3
ATCCGTCAGCTAAATG-1,-4.3022285,6.57954,s1d3
ATCCGTCAGGATTTCC-1,10.83064,6.813595,s1d3
ATCCGTCAGTAATACG-1,5.5858574,16.24782,s1d3
ATCCGTCAGTGCCAGA-1,9.973065,11.028566,s1d3
ATCCGTCGTACAAACA-1,3.288014,14.084656,s1d3
ATCCGTCGTCTACACA-1,10.133942,6.061944,s1d3
ATCCGTCTCAAGGACG-1,12.729447,8.9477,s1d3
ATCCTATAGTTTCTTC-1,-0.07837355,5.5756803,s1d3
ATCCTATGTCTCGGGT-1,9.308434,7.7913365,s1d3
ATCCTATGTGGTTCTA-1,12.524017,11.820115,s1d3
ATCCTATTCGTAGTCA-1,-4.597353,10.086075,s1d3
ATCCTATTCGTGGCTG-1,3.3091967,14.231065,s1d3
ATCGATGAGCTGTTAC-1,8.955239,2.6741486,s1d3
ATCGATGCAAGGCTTT-1,5.724271,-2.5932941,s1d3
ATCGATGCATAGTCGT-1,10.767854,13.671829,s1d3
ATCGATGGTCTAGATC-1,10.133232,11.427485,s1d3
ATCGATGGTTATTCTC-1,16.177727,8.94574,s1d3
ATCGATGTCCAGTGTA-1,2.4402783,14.112566,s1d3
ATCGCCTAGATGCTGG-1,11.521968,7.8024673,s1d3
ATCGCCTAGGCACGAT-1,9.827029,-4.1915984,s1d3
ATCGCCTAGGTCGTCC-1,4.9144716,18.586582,s1d3
ATCGCCTCATTGAGGG-1,-4.7883687,7.5228577,s1d3
ATCGCCTTCCCGAAAT-1,12.147868,11.5606365,s1d3
ATCGCCTTCGGACTGC-1,9.969554,5.337374,s1d3
ATCGCCTTCGGTCGGT-1,-3.680254,8.764922,s1d3
ATCGCCTTCGTAACAC-1,10.817533,11.248761,s1d3
ATCGCCTTCTTGGTCC-1,13.27563,12.953297,s1d3
ATCGGATAGATGACAT-1,3.6776357,13.543907,s1d3
ATCGGATCAAGTATCC-1,-0.5491538,3.175748,s1d3
ATCGGATGTTTATGCG-1,13.468554,6.4473042,s1d3
ATCGGATTCCATCAGA-1,2.9814222,7.085219,s1d3
ATCGGATTCGGATTAC-1,-1.564942,3.5048053,s1d3
ATCGGATTCTACAGGT-1,-5.13569,7.3699455,s1d3
ATCGGATTCTCTTCAA-1,-5.2359376,9.230839,s1d3
ATCGGCGAGAACCGCA-1,10.809081,12.186196,s1d3
ATCGGCGAGGGTAATT-1,11.519922,12.893755,s1d3
ATCGGCGCATGACGGA-1,12.827482,13.72252,s1d3
ATCGGCGGTCGAACGA-1,3.8877287,14.500263,s1d3
ATCGGCGGTTTACTTC-1,5.9070053,16.39982,s1d3
ATCGGCGTCACTCTTA-1,4.1684155,13.48631,s1d3
ATCGGCGTCATGGCCG-1,1.558681,5.319269,s1d3
ATCGGCGTCCATCACC-1,11.909269,7.983467,s1d3
ATCGGCGTCCCAACTC-1,12.747132,12.525951,s1d3
ATCGGCGTCCTCAGGG-1,-3.997917,6.8445454,s1d3
ATCGTAGAGAAACTCA-1,9.677915,4.8385696,s1d3
ATCGTAGAGATCCTAC-1,8.279887,3.4979353,s1d3
ATCGTAGAGGATGAGA-1,13.430395,13.343196,s1d3
ATCGTAGCACATCATG-1,14.068835,8.815699,s1d3
ATCGTAGCAGAGTAAT-1,2.374813,17.98623,s1d3
ATCGTAGCAGCAGACA-1,11.389935,11.664333,s1d3
ATCGTAGGTGACGCCT-1,10.279299,10.560144,s1d3
ATCGTAGGTTTCGATG-1,13.967911,6.266654,s1d3
ATCGTAGTCAGACCGC-1,11.608997,13.303737,s1d3
ATCGTAGTCCGGTAAT-1,8.676779,7.6297293,s1d3
ATCGTAGTCGACACCG-1,-3.8959036,9.118447,s1d3
ATCGTAGTCTCCTGTG-1,6.480148,18.35883,s1d3
ATCGTAGTCTCGCCTA-1,-0.79316187,7.0899377,s1d3
ATCGTCCAGACCAAAT-1,12.798332,8.378583,s1d3
ATCGTCCAGGTTGCCC-1,3.5106792,5.9221745,s1d3
ATCGTCCAGTCATGAA-1,3.9771507,17.256784,s1d3
ATCGTCCCATCGGTTA-1,-0.590586,4.1804447,s1d3
ATCGTCCCATTAGGAA-1,12.953294,12.947305,s1d3
ATCGTCCGTCAGGCAA-1,-5.037448,9.651414,s1d3
ATCGTCCTCATCCCGT-1,14.335841,6.6641946,s1d3
ATCGTCCTCGACGATT-1,2.4861925,14.410191,s1d3
ATCGTCCTCTACGCGG-1,10.189763,12.261561,s1d3
ATCGTGAAGAGGCGGA-1,-4.664794,7.5779076,s1d3
ATCGTGAAGCCGCTTG-1,-4.6199837,6.837635,s1d3
ATCGTGAAGCGCTGAA-1,11.976852,12.323228,s1d3
ATCGTGAAGGTAGTAT-1,8.552026,7.351493,s1d3
ATCGTGACAAAGACGC-1,11.182732,12.433302,s1d3
ATCGTGACATAAGCAA-1,11.642587,11.765033,s1d3
ATCGTGAGTTCTAAGC-1,11.149902,13.995297,s1d3
ATCGTGAGTTTACTGG-1,12.784209,14.189192,s1d3
ATCGTGATCACGACTA-1,16.654505,5.169694,s1d3
ATCTCTAAGGCTTTCA-1,11.794297,12.045414,s1d3
ATCTCTAAGTATGAGT-1,9.459339,7.8163404,s1d3
ATCTCTACACTAACGT-1,9.61291,0.22930944,s1d3
ATCTCTACAGTAACGG-1,11.807794,14.352693,s1d3
ATCTCTACATACTGAC-1,-3.91303,7.1852503,s1d3
ATCTCTACATAGCTGT-1,1.9850241,6.896802,s1d3
ATCTCTAGTCAACCAT-1,-5.798774,9.724131,s1d3
ATCTCTAGTCAGGTAG-1,-3.2381275,8.775981,s1d3
ATCTCTATCAGCTGAT-1,11.326967,13.757015,s1d3
ATCTCTATCATCCTAT-1,10.818457,10.978917,s1d3
ATCTCTATCCGATAGT-1,11.801772,6.018357,s1d3
ATCTCTATCCTTCTGG-1,2.6945937,7.678695,s1d3
ATCTTCAAGGACCCAA-1,14.693948,8.364909,s1d3
ATCTTCAAGTCACTGT-1,7.2585497,2.8051007,s1d3
ATCTTCAAGTGATAAC-1,11.062443,12.496188,s1d3
ATCTTCACAAAGGAGA-1,10.632508,9.121286,s1d3
ATCTTCACACGAGAAC-1,2.1819491,17.410667,s1d3
ATCTTCACAGAACCGA-1,8.899404,7.3753595,s1d3
ATCTTCACATTGCAAC-1,12.23314,8.680906,s1d3
ATCTTCAGTATTCCTT-1,11.85457,12.228999,s1d3
ATCTTCAGTGACAGCA-1,-4.261323,9.690968,s1d3
ATCTTCAGTTTCGCTC-1,12.169415,11.99596,s1d3
ATCTTCATCCCAAGTA-1,-4.8896046,10.289684,s1d3
ATGAAAGAGATCGACG-1,1.6843297,7.6905212,s1d3
ATGAAAGAGCATGTTC-1,1.5000393,8.220914,s1d3
ATGAAAGAGCGCCATC-1,13.380918,5.9896035,s1d3
ATGAAAGAGGCACAAC-1,11.434479,10.774417,s1d3
ATGAAAGCAACCACAT-1,10.070964,4.986652,s1d3
ATGAAAGGTACGCGTC-1,11.906919,10.32582,s1d3
ATGAAAGGTGCCTAAT-1,-4.4958696,10.118767,s1d3
ATGAAAGTCACCTTAT-1,-2.4462981,4.220344,s1d3
ATGAAAGTCATTATCC-1,9.985678,12.86633,s1d3
ATGAAAGTCCAGTGCG-1,10.592578,6.235439,s1d3
ATGAAAGTCTACCACC-1,-3.5402603,8.653245,s1d3
ATGAAAGTCTATACTC-1,-4.5068445,7.8812957,s1d3
ATGACCAAGCCTTTGA-1,8.936507,7.4035544,s1d3
ATGACCAAGTTTCAGC-1,14.14265,9.47708,s1d3
ATGACCAGTACACGCC-1,16.488903,6.551099,s1d3
ATGACCAGTAGTCACT-1,6.6772733,6.14344,s1d3
ATGACCAGTCATACCA-1,10.806394,10.603623,s1d3
ATGACCAGTCCCTCAT-1,12.464836,11.077296,s1d3
ATGACCATCTTCGACC-1,-4.235177,10.427221,s1d3
ATGAGGGAGAGTCGAC-1,16.920181,6.1599317,s1d3
ATGAGGGAGGTTCATC-1,10.608106,5.672726,s1d3
ATGAGGGAGTCCCGAC-1,-5.2659345,11.273493,s1d3
ATGAGGGAGTCTGCAT-1,10.008103,12.89479,s1d3
ATGAGGGCATTCACAG-1,13.864412,8.266475,s1d3
ATGAGGGGTTCTAACG-1,11.281551,8.326684,s1d3
ATGAGGGGTTCTCCAC-1,5.2213945,-4.473436,s1d3
ATGAGGGGTTGGGCCT-1,12.881109,12.8258705,s1d3
ATGAGGGTCCATGAGT-1,13.544681,11.880967,s1d3
ATGAGGGTCGCTCATC-1,11.150527,13.748153,s1d3
ATGAGGGTCGGTGAAG-1,10.500702,12.200022,s1d3
ATGAGGGTCTACTATC-1,10.783024,13.251218,s1d3
ATGAGTCAGACGACGT-1,-4.3753424,7.8828764,s1d3
ATGAGTCAGCTTTGTG-1,-4.715222,8.638722,s1d3
ATGAGTCAGGAAAGGT-1,8.56001,1.8459778,s1d3
ATGAGTCAGGTAAACT-1,3.9962544,14.131549,s1d3
ATGAGTCAGTGAGTGC-1,1.402352,5.0863843,s1d3
ATGAGTCCAGCGGATA-1,12.087749,10.26307,s1d3
ATGAGTCGTGTTCGTA-1,-0.9282638,5.2782583,s1d3
ATGAGTCTCATTCATC-1,12.000181,9.416198,s1d3
ATGAGTCTCCGCTGTT-1,11.655833,6.8735504,s1d3
ATGATCGAGCCATCCG-1,11.078329,10.467634,s1d3
ATGATCGAGCCGAACA-1,11.523145,8.104317,s1d3
ATGATCGAGGTCTACT-1,12.38612,7.0088897,s1d3
ATGATCGCACTTGAAC-1,4.192246,4.687699,s1d3
ATGATCGCATCCCGTT-1,15.820696,8.930414,s1d3
ATGATCGGTAGGAGGG-1,10.612718,7.628531,s1d3
ATGATCGTCGTTCTAT-1,17.261028,5.6974463,s1d3
ATGATCGTCTCACGAA-1,11.115736,12.024758,s1d3
ATGCATGAGACCTCCG-1,5.3122497,-3.9600875,s1d3
ATGCATGAGAGCATAT-1,12.183182,13.388305,s1d3
ATGCATGAGCAGTACG-1,1.4539254,7.846164,s1d3
ATGCATGGTGGTCTGC-1,3.808139,17.79861,s1d3
ATGCATGGTTTGTTGG-1,7.4021854,-4.950659,s1d3
ATGCATGTCTTTCAGT-1,-1.5449475,7.009635,s1d3
ATGCCTCAGAAGAACG-1,-5.811844,7.953429,s1d3
ATGCCTCAGATGCTAA-1,1.3354626,8.2093115,s1d3
ATGCCTCAGCGTCGAA-1,10.940335,13.026303,s1d3
ATGCCTCAGTGTCATC-1,10.684729,9.970165,s1d3
ATGCCTCTCACAATGC-1,11.852295,6.3848515,s1d3
ATGCGATAGCGACTAG-1,2.456091,6.532685,s1d3
ATGCGATAGTCAGCGA-1,2.4930027,6.7247267,s1d3
ATGCGATCAATCACGT-1,-5.4079857,8.806461,s1d3
ATGCGATCAGGATTCT-1,13.037616,13.36338,s1d3
ATGCGATCATACGCAT-1,11.782481,6.635487,s1d3
ATGCGATGTGGCTACC-1,10.164253,12.983749,s1d3
ATGCGATGTTTCACTT-1,9.869834,-0.34680375,s1d3
ATGCGATTCATTTGTC-1,-5.342239,6.895609,s1d3
ATGCGATTCGCTACAA-1,16.368687,5.8251047,s1d3
ATGGAGGAGGTAAAGG-1,10.190552,12.899391,s1d3
ATGGAGGCAATCGCAT-1,15.144666,8.28201,s1d3
ATGGAGGCACGACGTC-1,2.1693811,16.89742,s1d3
ATGGAGGCAGATTTCG-1,10.219058,12.160556,s1d3
ATGGAGGGTCTAGATC-1,10.956589,12.398597,s1d3
ATGGAGGGTGGCTACC-1,13.714387,9.939251,s1d3
ATGGAGGGTTCGGTAT-1,4.22238,19.815443,s1d3
ATGGAGGTCAATCTTC-1,9.892826,5.6339054,s1d3
ATGGAGGTCTCATTTG-1,6.5728235,-3.7466252,s1d3
ATGGAGGTCTCCGTGT-1,7.221534,-3.5855386,s1d3
ATGGATCAGCCTAGGA-1,5.4539013,-1.4812821,s1d3
ATGGATCCAGGTTACT-1,-5.1635675,7.0850163,s1d3
ATGGATCGTGTACAGG-1,2.4162452,18.343418,s1d3
ATGGATCTCATCGGGC-1,14.327838,6.4264874,s1d3
ATGGATCTCTTACACT-1,13.004331,12.761155,s1d3
ATGGGAGAGAATCGTA-1,10.824316,8.402577,s1d3
ATGGGAGAGACTTCAC-1,2.4808078,7.1955214,s1d3
ATGGGAGAGCGAATGC-1,13.422599,5.5243897,s1d3
ATGGGAGCACTTCATT-1,6.8284917,-5.1805406,s1d3
ATGGGAGTCCGCTGTT-1,-4.7425904,9.700022,s1d3
ATGGGTTAGAGCCGAT-1,12.350205,14.415994,s1d3
ATGGGTTAGATCGACG-1,11.701772,6.24547,s1d3
ATGGGTTAGATGCAGC-1,11.148663,12.160477,s1d3
ATGGGTTCAACTGGTT-1,8.796431,8.011709,s1d3
ATGGGTTGTCACTCTC-1,11.72771,6.1516075,s1d3
ATGGGTTTCATCCTGC-1,14.998183,9.34546,s1d3
ATGGGTTTCGGCCTTT-1,-1.5939626,4.386306,s1d3
ATGGTTGAGATGAAGG-1,16.652916,6.288368,s1d3
ATGGTTGAGTAACCTC-1,11.910933,13.885123,s1d3
ATGGTTGCAATGGCAG-1,16.17609,6.7152305,s1d3
ATGGTTGCAGACCAAG-1,-4.6372075,6.235765,s1d3
ATGGTTGCATAGTCGT-1,11.736225,12.688595,s1d3
ATGGTTGGTCTTCAAG-1,8.725394,7.3482056,s1d3
ATGGTTGGTGTAGCAG-1,5.5305533,19.66985,s1d3
ATGGTTGTCAGCTTGA-1,11.972164,11.479691,s1d3
ATGTCCCAGACCAAGC-1,10.115749,11.184014,s1d3
ATGTCCCAGACGCAGT-1,-4.9036775,10.158075,s1d3
ATGTCCCAGGTGCTTT-1,12.894963,13.055182,s1d3
ATGTCCCAGTCACACT-1,13.379282,12.674246,s1d3
ATGTCCCCAAGTGATA-1,11.078111,12.261522,s1d3
ATGTCCCCATCGCTCT-1,10.707527,10.88612,s1d3
ATGTCCCCATGGGTTT-1,11.681204,12.17405,s1d3
ATGTCCCCATTCATCT-1,11.751332,6.6282635,s1d3
ATGTCCCGTAATGCGG-1,11.003304,12.680538,s1d3
ATGTCCCGTCTTGAAC-1,9.951437,5.21271,s1d3
ATGTCCCGTGCTATTG-1,11.619504,13.715597,s1d3
ATGTCCCGTGCTTATG-1,10.120772,12.93957,s1d3
ATGTCCCTCCTAACAG-1,1.6422983,5.3797174,s1d3
ATGTCCCTCCTAGCCT-1,-4.548919,6.805395,s1d3
ATGTCTTAGAACTCCT-1,12.703448,9.825285,s1d3
ATGTCTTAGCCGAATG-1,3.4032922,14.118131,s1d3
ATGTCTTCAGCTGTCG-1,8.004574,-1.4916735,s1d3
ATGTCTTGTACCTGTA-1,6.0029387,-3.1331806,s1d3
ATGTCTTGTACGTGAG-1,6.0739794,3.342631,s1d3
ATGTCTTGTATGCGTT-1,10.259357,8.853466,s1d3
ATGTCTTGTATGGTTC-1,-5.3344245,10.537485,s1d3
ATGTCTTGTCCGGTGT-1,6.7908077,-4.222871,s1d3
ATGTCTTGTGCCCGTA-1,10.449616,12.616501,s1d3
ATGTCTTGTGTTCCAA-1,11.546958,12.101227,s1d3
ATGTCTTGTTCAGCTA-1,11.502459,11.506879,s1d3
ATGTCTTGTTGCGGAA-1,5.1695666,14.814435,s1d3
ATGTCTTTCCGAGCTG-1,2.7563543,16.445665,s1d3
ATGTCTTTCGGCTCTT-1,11.065045,-0.926765,s1d3
ATTACCTAGCCTGCCA-1,5.4138613,19.423105,s1d3
ATTACCTAGCGGCTCT-1,12.153982,12.417383,s1d3
ATTACCTCAGCAGTCC-1,10.778427,6.9447093,s1d3
ATTACCTCATGACAAA-1,11.741246,11.596252,s1d3
ATTACCTCATGACGTT-1,0.6090088,4.6105876,s1d3
ATTACCTGTCACAGAG-1,14.947342,8.408381,s1d3
ATTACCTGTCTACGTA-1,1.7895164,3.9935477,s1d3
ATTACCTTCCCATTTA-1,11.184722,10.279159,s1d3
ATTACCTTCGGAATTC-1,9.017596,7.4326763,s1d3
ATTACCTTCGGTCTGG-1,3.6774864,17.003538,s1d3
ATTACTCAGGAGACCT-1,6.6818476,-5.386194,s1d3
ATTACTCAGTAGTCCT-1,7.2478614,3.0697355,s1d3
ATTACTCGTAACCCTA-1,12.01034,7.128683,s1d3
ATTACTCGTCAAGCCC-1,-5.4984765,12.205211,s1d3
ATTACTCGTGACTCTA-1,6.0907006,-4.247916,s1d3
ATTACTCGTTGGCCGT-1,15.946483,7.57729,s1d3
ATTACTCTCACGATAC-1,-4.8607826,6.885855,s1d3
ATTACTCTCCATCAGA-1,11.853439,12.619957,s1d3
ATTATCCAGTCCCAAT-1,9.989513,-4.5610557,s1d3
ATTATCCCACGCTATA-1,-5.581537,11.869155,s1d3
ATTATCCCAGACATCT-1,10.195898,11.815835,s1d3
ATTATCCCATGACCCG-1,5.8586326,-2.9312825,s1d3
ATTATCCGTACAGGTG-1,11.006688,11.9730215,s1d3
ATTATCCGTACGAGTG-1,2.9048471,5.2087164,s1d3
ATTATCCGTTCTCGTC-1,12.472187,12.138182,s1d3
ATTATCCTCACTTTGT-1,12.230328,10.808182,s1d3
ATTATCCTCATAGCAC-1,-0.024081316,3.8789973,s1d3
ATTATCCTCCTTATAC-1,-6.2244987,8.306872,s1d3
ATTATCCTCTTAGCAG-1,6.032895,18.784777,s1d3
ATTCACTAGAGTTCGG-1,14.297968,6.5401864,s1d3
ATTCACTAGCGCTTCG-1,12.246651,13.538514,s1d3
ATTCACTAGTTCCAGT-1,-4.931942,8.0122175,s1d3
ATTCACTGTACAGAGC-1,2.9115684,14.699774,s1d3
ATTCACTGTGCAACGA-1,13.605236,10.081469,s1d3
ATTCACTTCGGAGTAG-1,10.841397,10.040039,s1d3
ATTCACTTCGTCGGGT-1,8.471215,7.7195134,s1d3
ATTCAGGCAGGGAGAG-1,13.566269,10.410079,s1d3
ATTCAGGGTCCCTGTT-1,11.161465,7.834561,s1d3
ATTCAGGGTGAGATTA-1,11.166042,11.87826,s1d3
ATTCAGGGTTGGGATG-1,3.3178477,2.0260742,s1d3
ATTCAGGTCGCATTGA-1,-4.276146,7.6917048,s1d3
ATTCATCAGCGACTAG-1,-4.2157774,9.411251,s1d3
ATTCATCAGGTCCCTG-1,9.754986,-4.556042,s1d3
ATTCATCAGTCAGCGA-1,-4.1009917,9.465752,s1d3
ATTCATCGTACTTCCC-1,15.918033,6.012656,s1d3
ATTCATCGTAGGTTTC-1,14.223244,9.594325,s1d3
ATTCATCTCAAAGAAC-1,8.006997,-4.0914335,s1d3
ATTCATCTCGGATAAA-1,10.993935,10.399958,s1d3
ATTCATCTCTTGGTCC-1,6.1484866,-3.0348828,s1d3
ATTCCATAGCCGAATG-1,9.642112,11.719975,s1d3
ATTCCATAGGTCATAA-1,10.349175,12.922456,s1d3
ATTCCATCACTCAGAT-1,11.943402,10.725312,s1d3
ATTCCATCACTGATTG-1,-1.8759979,6.4003596,s1d3
ATTCCATGTATCGATC-1,10.449988,11.620566,s1d3
ATTCCATGTGTATTGC-1,11.937994,11.110694,s1d3
ATTCCATTCAGTAGGG-1,-5.026208,3.9633634,s1d3
ATTCCATTCAGTGTTG-1,-5.456781,7.8704944,s1d3
ATTCCCGAGGATACCG-1,5.8864436,-3.91898,s1d3
ATTCCCGCACCGTGCA-1,6.6266856,5.438121,s1d3
ATTCCCGCATCGGAAG-1,10.247381,8.225906,s1d3
ATTCCCGCATGTCTAG-1,-4.97812,8.5989275,s1d3
ATTCCCGGTGTCACAT-1,5.2111254,19.658546,s1d3
ATTCCCGTCCAACTAG-1,-4.317415,9.812422,s1d3
ATTCCCGTCCACGGGT-1,5.4364023,-1.8177427,s1d3
ATTCCCGTCCGATTAG-1,16.17088,8.486867,s1d3
ATTCCCGTCGTCTCAC-1,14.186444,10.34942,s1d3
ATTCCTAAGCCTGTGC-1,-5.335263,6.706997,s1d3
ATTCCTACAAACACGG-1,-5.164331,7.6885357,s1d3
ATTCCTACAAGTATAG-1,-5.431498,8.941379,s1d3
ATTCCTACACGCCACA-1,1.7736197,4.5721207,s1d3
ATTCCTACACTTACAG-1,14.566203,9.233322,s1d3
ATTCCTACAGCTGAGA-1,11.779564,13.218313,s1d3
ATTCCTACATCCTAAG-1,16.425411,6.7698603,s1d3
ATTCCTAGTAGATCGG-1,15.986579,9.086484,s1d3
ATTCCTAGTTATGGTC-1,11.476468,12.625805,s1d3
ATTCCTATCAAATGCC-1,8.777758,7.5388746,s1d3
ATTCGTTAGTATAGAC-1,10.057631,12.709579,s1d3
ATTCGTTCACAGCCAC-1,13.973361,10.436775,s1d3
ATTCGTTGTCTTACAG-1,-3.907065,6.9471517,s1d3
ATTCGTTTCCGACATA-1,14.059661,9.472433,s1d3
ATTCGTTTCTTTCCGG-1,-4.590617,7.3035555,s1d3
ATTCTACAGCCGCTTG-1,11.82518,8.397235,s1d3
ATTCTACAGCTTACGT-1,12.763717,11.497045,s1d3
ATTCTACAGGCCTTCG-1,-4.0284605,7.9909835,s1d3
ATTCTACCACGCGTCA-1,6.5491185,-3.25113,s1d3
ATTCTACGTCCAGCCA-1,13.340665,13.10588,s1d3
ATTCTACGTTATGTGC-1,6.425932,-4.7011204,s1d3
ATTCTACTCATCACAG-1,10.814521,13.111759,s1d3
ATTCTACTCCTTCTAA-1,-4.255912,8.111072,s1d3
ATTCTACTCGTGGTAT-1,10.581146,9.340902,s1d3
ATTCTACTCTGGTGCG-1,2.5811496,7.526506,s1d3
ATTCTTGAGGTGATCG-1,11.499816,7.032677,s1d3
ATTCTTGCACGGCCAT-1,6.191532,6.431827,s1d3
ATTCTTGCATGGAACG-1,14.318079,5.2638597,s1d3
ATTCTTGGTACACGCC-1,16.303278,5.8538795,s1d3
ATTCTTGGTACCGGAA-1,-4.469712,9.931054,s1d3
ATTCTTGTCACTCTTA-1,4.0366645,13.769035,s1d3
ATTCTTGTCAGTAGGG-1,11.232554,13.599947,s1d3
ATTCTTGTCCTGTTGC-1,4.450096,19.83953,s1d3
ATTGGGTAGAGTATAC-1,11.835398,14.175019,s1d3
ATTGGGTAGCCTGAAG-1,10.686262,14.213058,s1d3
ATTGGGTAGTTGCATC-1,8.879528,-4.357531,s1d3
ATTGGGTCACGCGTGT-1,11.943896,10.352667,s1d3
ATTGGGTCATAACTCG-1,-4.6060324,6.242727,s1d3
ATTGGGTTCCATCAGA-1,5.0859146,19.4894,s1d3
ATTGGGTTCGAACGCC-1,-4.7158365,10.438123,s1d3
ATTGTTCAGCAATAGT-1,-5.8035593,8.601927,s1d3
ATTGTTCAGCCATTCA-1,11.890346,13.5830345,s1d3
ATTGTTCAGGGAGATA-1,10.057414,-4.600408,s1d3
ATTGTTCAGTATGATG-1,-4.1856685,9.612565,s1d3
ATTGTTCAGTCTGTAC-1,10.247975,13.635545,s1d3
ATTGTTCTCAGCACCG-1,11.498234,11.804932,s1d3
ATTGTTCTCATGGGAG-1,-4.2698283,7.8980393,s1d3
ATTGTTCTCGACTCCT-1,7.162045,-4.652195,s1d3
ATTGTTCTCGCCTAGG-1,12.208802,14.349678,s1d3
ATTTACCAGAGTTGAT-1,13.352424,12.352395,s1d3
ATTTACCAGCATCGAG-1,-4.642555,6.7114487,s1d3
ATTTACCGTAAGCAAT-1,14.04487,9.449528,s1d3
ATTTACCGTAATTGGA-1,6.593825,6.7430043,s1d3
ATTTACCGTGTGGACA-1,12.528015,13.067434,s1d3
ATTTACCGTTAATCGC-1,16.267397,8.3918085,s1d3
ATTTACCTCGGTAAGG-1,13.0670395,13.572982,s1d3
ATTTCACAGACTTAAG-1,10.848693,8.230239,s1d3
ATTTCACAGAGTAACT-1,10.471514,14.187662,s1d3
ATTTCACAGATGCGAC-1,13.840801,9.257052,s1d3
ATTTCACCAAGTTCCA-1,1.8535701,5.5489287,s1d3
ATTTCACCACGTGAGA-1,1.3530886,6.1404867,s1d3
ATTTCACGTCCTGAAT-1,3.9349632,13.940015,s1d3
ATTTCACGTCGTTATG-1,11.549859,13.0199995,s1d3
ATTTCACGTGCCTGAC-1,14.525675,9.559195,s1d3
ATTTCACTCCGTGTAA-1,11.309329,13.56866,s1d3
ATTTCACTCCTAACAG-1,11.121884,7.57279,s1d3
ATTTCTGAGAGGTTTA-1,13.216163,13.507306,s1d3
ATTTCTGAGGTTTGAA-1,11.886481,11.739946,s1d3
ATTTCTGCACAAATAG-1,-4.26114,7.2276793,s1d3
ATTTCTGCATCCTATT-1,2.401859,16.61194,s1d3
ATTTCTGGTAGGACCA-1,5.0677276,-3.7052302,s1d3
ATTTCTGGTATTCTCT-1,9.723098,-4.300145,s1d3
ATTTCTGGTCTTGGTA-1,9.890512,4.925051,s1d3
ATTTCTGGTTCAAACC-1,14.52542,8.508707,s1d3
CAAAGAAAGACCAAAT-1,16.174887,5.578291,s1d3
CAAAGAAAGCCTGCCA-1,11.007183,7.577001,s1d3
CAAAGAAAGCTCCATA-1,12.924998,12.714038,s1d3
CAAAGAACACAACGAG-1,-5.567658,9.017949,s1d3
CAAAGAACAGGGTTGA-1,8.033738,4.145412,s1d3
CAAAGAAGTGCCCACA-1,16.239851,9.060193,s1d3
CAAAGAATCCCTGGTT-1,16.579199,4.916913,s1d3
CAAAGAATCGAAGGAC-1,-5.261296,8.074468,s1d3
CAACAACAGATGACAT-1,5.109176,20.019728,s1d3
CAACAACAGCCACCGT-1,2.6313024,14.817041,s1d3
CAACAACAGCGTGAGT-1,10.2452755,5.6947894,s1d3
CAACAACAGTGAGGCT-1,10.906267,13.191491,s1d3
CAACAACGTAGTATAG-1,8.530883,7.8139973,s1d3
CAACAACGTCAAGCCC-1,7.2372546,-2.0916514,s1d3
CAACAACGTCTGTGAT-1,5.439905,-1.8315619,s1d3
CAACAACTCCAGTGTA-1,11.563171,8.792217,s1d3
CAACAGTAGGAACGCT-1,11.35772,10.680594,s1d3
CAACAGTCAACGCATT-1,5.966264,4.8667183,s1d3
CAACAGTCACAGCGCT-1,-4.4570866,6.49837,s1d3
CAACAGTCACTAGAGG-1,-4.2361155,8.099104,s1d3
CAACAGTGTCATACCA-1,3.231047,16.446737,s1d3
CAACAGTGTCATATGC-1,13.929541,11.632601,s1d3
CAACAGTGTCCAAAGG-1-1,2.6505563,17.192394,s1d3
CAACAGTGTCGTCTCT-1,15.069567,9.441613,s1d3
CAACAGTGTTTGGGAG-1,8.797089,7.4301033,s1d3
CAACAGTTCCCGAAAT-1,11.819887,10.989289,s1d3
CAACCAACACGGGCTT-1,13.615778,10.145152,s1d3
CAACCAACATAACCCA-1,12.983836,5.7187715,s1d3
CAACCAAGTACGGTTT-1,10.558839,11.92753,s1d3
CAACCAAGTAGACGGT-1,12.448997,12.629492,s1d3
CAACCAAGTGTCTCCT-1,7.5124183,-1.3437573,s1d3
CAACCAAGTTGAAGTA-1,10.664793,8.37062,s1d3
CAACCAATCATCGTAG-1,10.064911,8.638203,s1d3
CAACCTCAGGCCTGAA-1,6.1542554,-3.5114079,s1d3
CAACCTCAGGTGCATG-1,12.196043,7.8423266,s1d3
CAACCTCGTTGTTTGG-1,10.775143,16.947733,s1d3
CAACCTCTCCACCTGT-1,12.750218,11.596933,s1d3
CAACCTCTCCGTATGA-1,12.303143,13.582229,s1d3
CAACGATAGCACCGAA-1,14.591736,6.5406475,s1d3
CAACGATAGCACTTTG-1,11.736099,13.558207,s1d3
CAACGATGTAACATAG-1,12.421494,11.767644,s1d3
CAACGATGTACTGGGA-1,14.275381,6.737149,s1d3
CAACGATGTCGGCACT-1,15.766295,5.6899347,s1d3
CAACGATGTCGGTAAG-1,13.439446,10.86637,s1d3
CAACGATGTGTCCGGT-1,3.009775,17.928968,s1d3
CAACGGCAGCGCCTTG-1,11.637464,11.122153,s1d3
CAACGGCAGGAATTAC-1,-4.051399,8.427184,s1d3
CAACGGCAGTACCGGA-1,-1.2456192,6.499245,s1d3
CAACGGCAGTCACGAG-1,6.5647044,1.8341569,s1d3
CAACGGCCAGAGAAAG-1,13.174679,13.915965,s1d3
CAACGGCCATTATGCG-1,12.054965,10.921803,s1d3
CAACGGCGTCCTTAAG-1,9.531131,2.829718,s1d3
CAACGGCGTCTACGAT-1,12.6389065,7.42664,s1d3
CAACGGCGTCTCAAGT-1,6.6372833,18.156797,s1d3
CAACGGCGTTAAGCAA-1,2.4610162,14.122191,s1d3
CAACGGCGTTGTAAAG-1,14.472343,9.491024,s1d3
CAACGGCTCACCACAA-1,6.610609,-5.330765,s1d3
CAACGGCTCACGATCA-1,11.153848,6.686612,s1d3
CAACGGCTCCATCTCG-1,11.6166115,14.074733,s1d3
CAACGGCTCGAGTACT-1,-5.456383,8.442576,s1d3
CAAGACTAGACATAGT-1,10.194517,11.904463,s1d3
CAAGACTAGTAAGAGG-1,-1.5368643,6.776363,s1d3
CAAGACTCACAAATCC-1,10.748194,14.746175,s1d3
CAAGACTGTACACTCA-1,10.3532095,13.984782,s1d3
CAAGACTGTATGGTTC-1,11.412666,7.0536757,s1d3
CAAGACTGTTTGTGGT-1,12.043648,10.736973,s1d3
CAAGACTTCAGCTCTC-1,11.136561,10.779489,s1d3
CAAGACTTCTATTCGT-1,11.716543,12.563653,s1d3
CAAGACTTCTCATTGT-1,8.215406,7.779795,s1d3
CAAGAGGAGCTACTAC-1,10.999408,14.438922,s1d3
CAAGAGGCAGGCTCTG-1,11.478415,13.231858,s1d3
CAAGAGGGTCGAAACG-1,5.5395374,-4.354814,s1d3
CAAGAGGGTTGCCATA-1,10.698042,5.5037794,s1d3
CAAGAGGTCCGTATAG-1,4.025233,13.807451,s1d3
CAAGCTAAGACCCGCT-1,12.980307,10.131661,s1d3
CAAGCTACAAGTATCC-1,12.706791,13.56111,s1d3
CAAGCTACACTACTTT-1,16.88248,7.2788014,s1d3
CAAGCTACAGCCGGTT-1,11.387309,12.074979,s1d3
CAAGCTAGTAGCGTAG-1,-3.923203,7.836573,s1d3
CAAGCTAGTGAATGTA-1,10.967342,6.714329,s1d3
CAAGCTATCCTCACGT-1,5.5212407,-3.0074291,s1d3
CAAGGGAAGTCTCGTA-1,11.631111,7.856833,s1d3
CAAGGGACAGGGACTA-1,11.754303,12.2253475,s1d3
CAAGGGAGTCGGAAAC-1,11.70307,12.095224,s1d3
CAAGGGAGTCTCTCTG-1,3.833282,17.060656,s1d3
CAAGGGAGTGAACGGT-1,4.235935,19.038626,s1d3
CAAGGGATCAATCTTC-1,9.85837,4.51519,s1d3
CAAGGGATCAGGTGTT-1,2.035607,17.478563,s1d3
CAAGGGATCTGTGCGG-1,11.323208,8.011126,s1d3
CAATACGAGAATAGTC-1,12.720632,12.074401,s1d3
CAATACGAGACCTTTG-1,11.607036,12.904539,s1d3
CAATACGCAATTGGTC-1,-4.8972096,7.6392074,s1d3
CAATACGCACGAGGAT-1,15.970163,8.734596,s1d3
CAATACGCAGCGTACC-1,-1.2557513,3.7095492,s1d3
CAATACGCATGACCCG-1,13.4101,12.664878,s1d3
CAATACGGTATCTTCT-1,2.0488918,4.0708647,s1d3
CAATCGAAGGAAAGAC-1,11.112287,12.378056,s1d3
CAATCGAAGGTAGTCG-1,9.801482,12.412045,s1d3
CAATCGACAAGCAATA-1,10.296266,12.8840885,s1d3
CAATCGACACCTGCAG-1,10.955114,17.247206,s1d3
CAATCGACAGGTATGG-1,16.598772,4.9737606,s1d3
CAATCGACAGTATTCG-1,-4.9768867,7.5870957,s1d3
CAATCGACATTGCTTT-1,5.249014,16.921236,s1d3
CAATCGAGTAACCCGC-1,10.683066,6.8407655,s1d3
CAATCGAGTCCGGATC-1,8.344807,-0.9452879,s1d3
CAATCGAGTGCTATTG-1,11.888665,12.71095,s1d3
CAATCGATCACTGGTA-1,12.673771,6.889712,s1d3
CAATCGATCATGCCGG-1,13.494976,6.122822,s1d3
CAATCGATCCAGGACC-1,-3.9247148,8.767511,s1d3
CAATCGATCCGTAGTA-1,14.011928,10.74642,s1d3
CAATGACAGCGTCTGC-1,11.39528,11.620852,s1d3
CAATGACAGCTGACTT-1,8.694959,6.7697988,s1d3
CAATGACAGGCAGGTT-1,10.422479,12.511786,s1d3
CAATGACAGGCCTTGC-1,-4.6542106,6.4065576,s1d3
CAATGACAGTAGGAAG-1,7.960807,-1.303153,s1d3
CAATGACAGTCGGCCT-1,-4.3644457,6.3705263,s1d3
CAATGACCAAATGGTA-1,16.761087,5.4999566,s1d3
CAATGACCACGCTGCA-1,12.560522,11.584391,s1d3
CAATGACGTTGGGTTT-1,11.251248,11.935355,s1d3
CAATGACTCATCCCGT-1,0.010500971,3.1146014,s1d3
CAATGACTCGCTACAA-1,-0.89167774,4.268769,s1d3
CAATTTCAGAGTCTGG-1,6.9115973,3.1992915,s1d3
CAATTTCAGCACCGTC-1,11.861479,13.693353,s1d3
CAATTTCAGCCTTTGA-1,5.8327413,5.0945053,s1d3
CAATTTCCAAAGCGTG-1,11.224837,8.877504,s1d3
CAATTTCCATCATTTC-1,12.294302,7.991637,s1d3
CAATTTCCATTGTGCA-1,11.855895,8.364768,s1d3
CAATTTCGTCCAACGC-1,8.213634,7.5135593,s1d3
CAATTTCGTCGGCCTA-1,5.1284647,18.60091,s1d3
CAATTTCGTTTGCAGT-1,5.8170447,6.3987637,s1d3
CAATTTCTCAGGGATG-1,-4.694704,8.203576,s1d3
CACAACAAGAAAGCGA-1,2.658321,16.543484,s1d3
CACAACACACTTGTGA-1,5.586441,6.528657,s1d3
CACAACAGTAACATGA-1,12.647257,12.382147,s1d3
CACAACAGTAACGGTG-1,16.41688,6.11529,s1d3
CACAACAGTCCAGGTC-1,10.718771,7.1615615,s1d3
CACAACATCTGTAACG-1,5.850249,16.134068,s1d3
CACACAAAGAGAGAAC-1,12.742377,9.833805,s1d3
CACACAAAGCACGGAT-1,15.33181,5.4057293,s1d3
CACACAAAGTATGACA-1,11.013446,8.213747,s1d3
CACACAAAGTGTCATC-1,11.172904,13.013981,s1d3
CACACAACACGACGTC-1,1.5318817,5.4030485,s1d3
CACACAAGTTCGAGCC-1,12.966329,12.682899,s1d3
CACACAATCAAAGCCT-1,11.504827,11.326538,s1d3
CACAGATAGATAGTCA-1,2.9764001,7.6904707,s1d3
CACAGATAGCCGTAAG-1,6.824123,-5.407384,s1d3
CACAGATAGGACAAGA-1,10.096694,12.91496,s1d3
CACAGATAGGTCCCTG-1,13.286487,5.7324038,s1d3
CACAGATGTACGCTAT-1,13.523987,13.177316,s1d3
CACAGATGTTTGATCG-1,9.308316,4.9685497,s1d3
CACAGATTCCAACACA-1,11.75146,11.822887,s1d3
CACAGATTCCATTTAC-1,14.146824,8.740568,s1d3
CACAGGCAGATGAATC-1,9.383126,5.51745,s1d3
CACAGGCAGCACCTGC-1,14.170851,6.6327944,s1d3
CACAGGCAGCCTGACC-1,13.101221,12.82295,s1d3
CACAGGCAGGCCACTC-1,-1.8081897,7.0080523,s1d3
CACAGGCAGGTACTGG-1,15.70789,8.592245,s1d3
CACAGGCAGTGATGGC-1,5.171092,4.042709,s1d3
CACAGGCCAACCGCCA-1,10.866525,11.055743,s1d3
CACAGGCCAAGTGGCA-1,13.888488,9.649555,s1d3
CACAGGCCACTGATTG-1,16.728539,5.0457654,s1d3
CACAGGCGTGGTAACG-1,13.741211,10.050453,s1d3
CACAGGCGTGTATTGC-1,5.677943,17.84449,s1d3
CACAGGCTCAGTCTTT-1,11.037474,11.678192,s1d3
CACAGGCTCAGTGTGT-1,11.352394,5.5380116,s1d3
CACAGGCTCCATAAGC-1,2.4274082,6.702191,s1d3
CACAGGCTCGCAGTTA-1,-1.3295494,6.4091163,s1d3
CACATGAAGTCTGGAG-1,-4.468455,6.1246166,s1d3
CACATGAAGTGAGGTC-1,-3.7799752,7.81391,s1d3
CACATGACACACCAGC-1,11.933508,6.1908174,s1d3
CACATGACATCGAAGG-1,11.422023,12.541614,s1d3
CACATGAGTACCTTCC-1,-3.8057792,7.605012,s1d3
CACATGATCTTCCACG-1,3.6784809,13.431872,s1d3
CACCAAAAGTCCCGAC-1,4.304973,20.306332,s1d3
CACCAAACAACCTAAC-1,-0.58826363,3.2546122,s1d3
CACCAAACACTTGGGC-1,-4.6105733,6.9456553,s1d3
CACCAAAGTAGACACG-1,-5.2750874,8.7553005,s1d3
CACCAAAGTATACCCA-1,16.35048,5.5965977,s1d3
CACCAAATCAACTACG-1,11.68654,11.989041,s1d3
CACCAAATCTTCCCAG-1,14.440934,8.770879,s1d3
CACCGTTAGAGGGCGA-1,11.822918,8.219124,s1d3
CACCGTTAGCGCAATG-1,-4.7276673,6.6300416,s1d3
CACCGTTAGTAGAGTT-1,-3.5556743,8.491392,s1d3
CACCGTTCAGCAGTCC-1,12.662865,9.028052,s1d3
CACCGTTGTAACTAAG-1,2.6879196,14.863361,s1d3
CACCGTTGTTCGTAAC-1,17.341839,4.9064684,s1d3
CACCGTTTCGGCCAAC-1,8.324401,8.023484,s1d3
CACCGTTTCGTCGATA-1,2.430361,7.6945453,s1d3
CACCGTTTCTACGCGG-1,11.656211,9.718444,s1d3
CACGAATAGGGTCTTT-1,10.711202,12.627657,s1d3
CACGAATGTTAAAGTG-1,4.169652,13.887681,s1d3
CACGAATTCTCGAACA-1,12.186393,7.0173893,s1d3
CACGGGTAGGGACTGT-1,16.729174,6.580493,s1d3
CACGGGTCAAGAGATT-1,16.819727,5.46795,s1d3
CACGGGTCAGCAGGAT-1,11.504851,9.047621,s1d3
CACGGGTCAGTCGGAA-1,14.157919,9.749538,s1d3
CACGGGTGTAATGTGA-1,-4.118666,7.8692226,s1d3
CACGGGTGTCAAGCCC-1,-4.759168,10.211449,s1d3
CACGGGTTCTATCGGA-1,-4.399731,10.254938,s1d3
CACGTGGAGAAATCCA-1,-4.0057907,10.224126,s1d3
CACGTGGCAAGCGCAA-1,15.873656,8.024043,s1d3
CACGTGGCACGCGTCA-1,-5.254706,10.783756,s1d3
CACGTGGCAGAGATGC-1,1.663091,6.011606,s1d3
CACGTGGGTACCACGC-1,11.7659645,9.887043,s1d3
CACGTGGTCTGAGAAA-1,-1.71363,6.327798,s1d3
CACGTTCAGCATCCTA-1,16.099989,6.9457583,s1d3
CACGTTCAGGCATCGA-1,4.934467,19.557428,s1d3
CACGTTCAGGTAAAGG-1,14.235804,6.505074,s1d3
CACGTTCAGTATTAGG-1,1.471636,7.782406,s1d3
CACGTTCCACGTAACT-1,4.515988,4.679723,s1d3
CACGTTCGTGGTCTCG-1,13.108659,13.922851,s1d3
CACGTTCGTTAGAGAT-1,11.13966,11.981496,s1d3
CACGTTCTCGAGAGCA-1,11.513183,10.967396,s1d3
CACTAAGAGGATCACG-1,-5.8380837,7.210133,s1d3
CACTAAGCACTACAGT-1,10.828963,11.476769,s1d3
CACTAAGGTAAGTTAG-1,12.810436,13.972854,s1d3
CACTAAGGTAGCACAG-1,13.875421,9.567798,s1d3
CACTAAGTCCTGTAGA-1,11.54054,10.105774,s1d3
CACTAAGTCTCTATGT-1,4.0028753,13.694721,s1d3
CACTGAAAGCACTCAT-1,11.264728,10.558369,s1d3
CACTGAAAGGGAGGTG-1,16.669285,8.795182,s1d3
CACTGAAGTCCACTTC-1,10.10826,5.2174973,s1d3
CACTGAATCACCCTTG-1,6.6583376,-4.0367355,s1d3
CACTGAATCTGGAAGG-1,14.3179865,6.5907855,s1d3
CACTGGGAGACATAGT-1,7.5269837,-4.60092,s1d3
CACTGGGAGTAGGATT-1,10.262188,12.568115,s1d3
CACTGGGCAAGCCATT-1,10.922882,8.1269,s1d3
CACTGGGGTCGTCTCT-1,10.050968,12.698412,s1d3
CACTGGGGTGCAATAA-1,4.638676,19.362598,s1d3
CACTGGGGTTATAGAG-1,12.126082,13.663158,s1d3
CACTGGGTCGAATGCT-1,14.588249,10.146281,s1d3
CACTGTCAGATTGCGG-1,11.960091,14.325135,s1d3
CACTGTCAGATTTGCC-1,12.91564,13.309654,s1d3
CACTGTCAGCATGCAG-1,6.863896,2.9377062,s1d3
CACTGTCAGGAGTCTG-1,3.080418,14.305609,s1d3
CACTGTCCAGCATCTA-1,13.243503,12.468568,s1d3
CACTGTCCAGTCAGTT-1,5.552134,18.9958,s1d3
CACTGTCCATAATGCC-1,11.399043,6.500551,s1d3
CACTGTCGTTCCTAAG-1,16.443693,4.64003,s1d3
CACTGTCGTTGCTAGT-1,12.082752,11.670488,s1d3
CACTGTCTCGGCTGTG-1,12.3877125,10.062806,s1d3
CACTTCGAGATCGACG-1,10.8344145,7.0189066,s1d3
CACTTCGAGGCGAAGG-1,-4.1949596,7.2100277,s1d3
CACTTCGAGTATGCAA-1,-4.5978994,10.494464,s1d3
CACTTCGCAAAGGAGA-1,12.486012,13.973869,s1d3
CACTTCGCAACATACC-1,14.1413765,5.2628813,s1d3
CACTTCGCATAGCACT-1,3.4430947,13.305463,s1d3
CACTTCGGTCTCGACG-1,5.350545,-4.021729,s1d3
CACTTCGTCGCTTGCT-1,13.948872,9.669005,s1d3
CAGAGCCAGCTGTTAC-1,-5.121783,8.512093,s1d3
CAGAGCCAGGTGGTTG-1,4.041313,15.088206,s1d3
CAGAGCCCATCAGCTA-1,13.036154,5.6972604,s1d3
CAGAGCCGTACAAGCG-1,11.590318,7.12562,s1d3
CAGAGCCGTGCATACT-1,10.833171,13.540239,s1d3
CAGAGCCTCTAGTGAC-1,-5.360592,10.20098,s1d3
CAGAGCCTCTATTTCG-1,2.2405288,5.299704,s1d3
CAGATACAGAGAACCC-1,12.2460985,12.337303,s1d3
CAGATACCACCAGTTA-1,16.554579,5.898327,s1d3
CAGATACGTCATAGTC-1,-3.9234672,6.456373,s1d3
CAGATACGTGTCTTAG-1,16.55992,5.894588,s1d3
CAGATACGTTGGGTAG-1,-3.4599202,8.745616,s1d3
CAGATACTCACAGTGT-1,9.743645,4.940415,s1d3
CAGATACTCGTCGGGT-1,8.664772,2.18144,s1d3
CAGATCAAGACAGTCG-1,2.6490633,7.9116845,s1d3
CAGATCAAGCCTGAGA-1,7.5108657,-0.70690274,s1d3
CAGATCAGTACAAGTA-1,15.915411,8.851005,s1d3
CAGATCAGTCAACATC-1,13.200115,12.545049,s1d3
CAGATCATCATTATCC-1,-5.611332,11.88294,s1d3
CAGATCATCCCATGGG-1,3.799192,13.571041,s1d3
CAGATTGAGAAACTAC-1,3.0136673,7.5974493,s1d3
CAGATTGAGCTGAGTG-1,7.442364,-4.428769,s1d3
CAGATTGAGTTGCTCA-1,2.514846,15.571672,s1d3
CAGATTGGTAACTGCT-1,4.430827,20.118425,s1d3
CAGATTGGTAGCGCTC-1,11.998004,14.347259,s1d3
CAGATTGGTCCGCAGT-1,12.911877,12.466651,s1d3
CAGATTGGTCGTATGT-1,16.422094,8.863609,s1d3
CAGATTGGTTAGCTAC-1,12.669185,13.851577,s1d3
CAGATTGTCACACCCT-1,-5.1471205,5.529938,s1d3
CAGATTGTCAGCTTGA-1,12.106712,9.775673,s1d3
CAGATTGTCCACAGGC-1,12.474295,13.608332,s1d3
CAGATTGTCTGTCCCA-1,4.5460587,18.954754,s1d3
CAGCAATAGCATTGAA-1,11.511113,11.609011,s1d3
CAGCAATAGCTCATAC-1,14.752322,10.297513,s1d3
CAGCAATTCGCTCTCA-1,11.900514,11.394505,s1d3
CAGCACGAGACGGAAA-1,8.135473,-1.3575745,s1d3
CAGCACGAGTAAGGGA-1,11.144651,8.676718,s1d3
CAGCACGCACTAGGCC-1,8.20208,7.527122,s1d3
CAGCACGCATATAGCC-1,3.7176256,13.432734,s1d3
CAGCACGGTAGGACCA-1,12.245047,13.117691,s1d3
CAGCACGGTAGGATAT-1,-4.1939883,6.127099,s1d3
CAGCACGGTAGGCTCC-1,-4.4411054,6.5554824,s1d3
CAGCACGGTGACTATC-1,16.33448,5.3916435,s1d3
CAGCACGGTGTCTTAG-1,11.726372,12.273712,s1d3
CAGCACGGTTAGAGTA-1,6.9010463,4.6454425,s1d3
CAGCACGTCTCCCAAC-1,14.148472,10.142873,s1d3
CAGCAGCAGTAGGGTC-1,5.612662,6.6722784,s1d3
CAGCAGCAGTATGCAA-1,11.737768,12.762688,s1d3
CAGCAGCAGTCCCAGC-1,13.972937,8.461006,s1d3
CAGCAGCCAATAGGGC-1,14.13539,9.264458,s1d3
CAGCAGCGTATCGAGG-1,-4.1367,6.6034813,s1d3
CAGCAGCGTCTTTATC-1,11.59722,13.007406,s1d3
CAGCAGCGTGGCTAGA-1,-5.0205336,8.870582,s1d3
CAGCAGCGTTGACTGT-1,-4.346473,7.6126213,s1d3
CAGCAGCGTTGTCAGT-1,3.1264527,5.3771462,s1d3
CAGCAGCTCCGTAATG-1,12.166925,8.293717,s1d3
CAGCCAGCAGTCGCTG-1,11.607571,13.010974,s1d3
CAGCCAGGTGCTAGCC-1,-5.0106254,6.8763776,s1d3
CAGCCAGGTGGCGTAA-1,-5.5775127,7.1189017,s1d3
CAGCGTGAGGCCATAG-1,12.070957,12.014161,s1d3
CAGCGTGCATGAGGGT-1,11.528352,12.790219,s1d3
CAGCGTGGTGCGACAA-1,6.63967,18.119373,s1d3
CAGCGTGTCTACTTCA-1,11.44131,12.509838,s1d3
CAGGCCAAGTCTGTAC-1,12.4253235,6.275325,s1d3
CAGGCCAAGTGCCAGA-1,13.434347,13.176829,s1d3
CAGGCCAAGTTGCCCG-1,12.587336,12.9081955,s1d3
CAGGCCACATTCGGGC-1,10.75936,10.571017,s1d3
CAGGCCAGTAGGAAAG-1,12.952754,12.526524,s1d3
CAGGCCAGTGCATCTA-1,-4.3656297,7.407512,s1d3
CAGGCCAGTTCAGCGC-1,11.1639385,11.27278,s1d3
CAGGCCATCAAGCCAT-1,16.559916,8.991035,s1d3
CAGGCCATCAGCTCTC-1,-5.0038257,6.2412133,s1d3
CAGGCCATCGGCTGAC-1,-5.0715356,10.697757,s1d3
CAGGCCATCTGCAGCG-1,5.866427,6.478129,s1d3
CAGGCCATCTTGAGCA-1,14.528474,9.073872,s1d3
CAGGGCTAGAGAGCAA-1,0.80357903,5.110155,s1d3
CAGGGCTAGAGTCGAC-1,7.0793753,-4.898257,s1d3
CAGGGCTCAAGAAATC-1,9.959451,13.889147,s1d3
CAGGGCTCAGCGTTGC-1,-3.5392244,9.046944,s1d3
CAGGGCTGTATTGGCT-1,3.9030545,13.30915,s1d3
CAGGGCTGTCACTCAA-1,13.00156,6.0915966,s1d3
CAGGGCTTCACGGTCG-1,15.516383,8.409562,s1d3
CAGGGCTTCGACATCA-1,2.5295315,16.548862,s1d3
CAGGGCTTCGCATGAT-1,12.667883,7.3278074,s1d3
CAGGTATAGACCATAA-1,-5.800985,7.9244194,s1d3
CAGGTATAGCAGATAT-1,11.466999,13.517095,s1d3
CAGGTATAGCTCATAC-1,12.835986,13.543907,s1d3
CAGGTATAGTTGCCTA-1,9.861711,12.051196,s1d3
CAGGTATCAACTACGT-1,10.230445,-0.5137675,s1d3
CAGGTATCACGAGGTA-1,6.3787494,18.542414,s1d3
CAGGTATGTAAGTCAA-1,-0.81528836,7.11649,s1d3
CAGGTATGTCCTACAA-1,10.133587,18.175823,s1d3
CAGGTATGTTGGGCCT-1,-5.247675,10.587089,s1d3
CAGGTATTCGGAGTAG-1,11.397628,12.338309,s1d3
CAGGTATTCGTAGCCG-1,16.729921,5.0834618,s1d3
CAGTGCGAGAATCGCG-1,7.790137,-4.224883,s1d3
CAGTGCGAGCAACTTC-1,12.959373,12.244584,s1d3
CAGTGCGAGGCTTCCG-1,10.292256,12.220079,s1d3
CAGTGCGCACAGCCTG-1,6.760207,2.9181974,s1d3
CAGTGCGCAGACCTAT-1,12.820889,12.987418,s1d3
CAGTGCGGTAGGACCA-1,11.8452835,12.210136,s1d3
CAGTGCGGTAGTCGGA-1,11.662596,13.610031,s1d3
CAGTGCGGTGGGCTCT-1,5.077448,-4.8224525,s1d3
CAGTGCGGTTTACGTG-1,-4.7358866,8.684922,s1d3
CAGTGCGGTTTAGAGA-1,2.7654,7.394268,s1d3
CAGTGCGTCGAGCACC-1,14.111042,9.994936,s1d3
CAGTGCGTCGCTACGG-1,10.559577,13.818417,s1d3
CAGTGCGTCTGAATGC-1,2.1263893,6.8657393,s1d3
CAGTTAGAGTCACACT-1,3.0388362,17.551653,s1d3
CAGTTAGCAAATGCGG-1,12.621382,6.081577,s1d3
CAGTTAGGTACGATTC-1,12.11882,14.001706,s1d3
CAGTTAGGTAGAGATT-1,14.324426,9.625019,s1d3
CAGTTAGGTGGCTGCT-1,3.4976451,17.570362,s1d3
CAGTTAGGTGGGACAT-1,6.5276685,17.80176,s1d3
CAGTTAGGTTCGTTCC-1,8.4576025,7.52064,s1d3
CAGTTAGTCAGAGTGG-1,11.5313835,5.8246613,s1d3
CAGTTAGTCATTACGG-1,10.681228,10.6284485,s1d3
CAGTTAGTCTCCTGAC-1,10.67757,12.486709,s1d3
CAGTTCCAGATCCCGC-1,16.819685,5.5612,s1d3
CAGTTCCAGCGCCTTG-1,1.0799068,4.7299113,s1d3
CAGTTCCAGGCGTTGA-1,12.916522,8.392478,s1d3
CAGTTCCCACAAGGTG-1,11.519249,6.6415257,s1d3
CAGTTCCCAGCGTTTA-1,8.716356,7.801554,s1d3
CAGTTCCGTCAGGTAG-1,-4.1378307,10.238901,s1d3
CAGTTCCGTTCAAAGA-1,-0.38766927,3.179257,s1d3
CAGTTCCTCCACGAAT-1,5.522611,18.861317,s1d3
CAGTTCCTCTAGAACC-1,10.600348,14.379413,s1d3
CATAAGCAGCTACGTT-1,14.469152,9.516682,s1d3
CATAAGCAGGGACCAT-1,12.445728,9.814088,s1d3
CATAAGCCACGCCAGT-1,12.904097,5.675741,s1d3
CATAAGCCAGTCTTCC-1,2.2612357,4.046503,s1d3
CATAAGCCATCCTTCG-1,11.956603,6.788312,s1d3
CATAAGCGTGTACGCC-1,11.709237,13.696137,s1d3
CATAAGCGTTCTCTCG-1,7.9961014,-1.5115771,s1d3
CATAAGCTCGGTCGGT-1,-5.334996,9.499994,s1d3
CATACAGAGAATCGCG-1,8.182392,4.712162,s1d3
CATACAGAGTCGCTAT-1,-4.3529053,10.321256,s1d3
CATACAGAGTTAACAG-1,4.152625,5.182222,s1d3
CATACAGAGTTGAAGT-1,11.141471,8.576604,s1d3
CATACAGCACAAATCC-1,11.439883,5.584456,s1d3
CATACAGCACTGCACG-1,2.2026482,7.8530107,s1d3
CATACAGCATAGAAAC-1,-0.62373036,6.822344,s1d3
CATACAGCATTCCTCG-1,3.050984,16.313946,s1d3
CATACAGGTATCGCGC-1,7.040554,3.1106615,s1d3
CATACAGGTTTCAGAC-1,12.459273,10.949659,s1d3
CATACAGGTTTGCCGG-1,-4.655651,10.046035,s1d3
CATACAGTCCACTGGG-1,-3.934838,6.98217,s1d3
CATACAGTCCTACTGC-1,-4.800529,7.9916544,s1d3
CATACAGTCGGTAAGG-1,7.6660013,-1.0030367,s1d3
CATACAGTCGTGGTAT-1,12.386506,12.045963,s1d3
CATACCCAGACCTCCG-1,14.769216,9.783998,s1d3
CATACCCAGGCTCCCA-1,-4.4158163,9.045738,s1d3
CATACCCAGGGAGGGT-1,11.758076,13.244419,s1d3
CATACCCAGGTCTACT-1,13.175834,10.047899,s1d3
CATACCCCAATGCAAA-1,7.43444,-5.219354,s1d3
CATACCCCATACAGAA-1,10.7607565,11.550387,s1d3
CATACCCCATCGGAAG-1,16.615982,8.830117,s1d3
CATACCCTCCAGCTCT-1,11.863738,11.31835,s1d3
CATACTTAGGTCGTGA-1,12.1764145,13.820734,s1d3
CATACTTCAGCAGATG-1,10.632972,9.951227,s1d3
CATACTTCATCGGATT-1,12.470641,10.553407,s1d3
CATACTTGTTAAGAAC-1,12.546542,13.459968,s1d3
CATACTTTCCCGTGTT-1,6.515027,3.2647066,s1d3
CATAGACAGCGTTGTT-1,10.317838,6.052839,s1d3
CATAGACAGGAGAGGC-1,6.20473,-3.6681237,s1d3
CATAGACAGTCTGGTT-1,11.1377325,8.252307,s1d3
CATAGACAGTGATCGG-1,8.6837015,8.094033,s1d3
CATAGACCACCTGCTT-1,12.511723,11.862766,s1d3
CATAGACCACTGGATT-1,12.134711,6.425702,s1d3
CATAGACGTACAGTCT-1,11.410216,12.029501,s1d3
CATAGACTCGCAGTGC-1,8.721723,8.090424,s1d3
CATCAAGAGAACCGCA-1,4.00946,14.727097,s1d3
CATCAAGAGCACTGGA-1,14.307801,9.478451,s1d3
CATCAAGCAGCTGTAT-1,12.6063795,13.476978,s1d3
CATCAAGGTAGCTGCC-1,4.9604,18.406498,s1d3
CATCAAGGTAGTGTGG-1,11.894934,10.53445,s1d3
CATCAAGGTATGCTTG-1,-4.1610417,7.00095,s1d3
CATCAAGGTTCGAAGG-1,12.0042305,14.451862,s1d3
CATCCACAGTTGCCCG-1,11.884031,11.815929,s1d3
CATCCACAGTTGTCGT-1,-5.3444505,7.2977757,s1d3
CATCCACCACACCTTC-1,14.22317,8.470759,s1d3
CATCCACCACGGTCTG-1,11.862675,11.670549,s1d3
CATCCACCAGCGCTTG-1,10.288604,12.399272,s1d3
CATCCACGTAGAGGAA-1,11.694923,10.134835,s1d3
CATCCACGTAGCTCGC-1,9.729039,-0.16405347,s1d3
CATCCACGTCTACGAT-1,5.0915146,19.117085,s1d3
CATCCACGTCTCACGG-1,12.877905,12.821589,s1d3
CATCCCAAGAATACAC-1,12.129767,7.516217,s1d3
CATCCCATCCAACTGA-1,-5.1788144,8.893663,s1d3
CATCCGTAGACAGCGT-1,13.5581255,13.557999,s1d3
CATCCGTCACAAGTTC-1,-4.9482255,9.096795,s1d3
CATCCGTCACTCCACT-1,10.985057,10.013426,s1d3
CATCCGTCAGTTCTAG-1,12.159398,11.713066,s1d3
CATCCGTGTATCGCGC-1,10.192743,11.270359,s1d3
CATCCGTGTGCAATGG-1,12.936145,13.545417,s1d3
CATCCGTGTTGGTGTT-1,11.915761,6.3314934,s1d3
CATCCGTTCAGTCATG-1,11.737281,13.728452,s1d3
CATCCGTTCCACTGGG-1,-0.9496788,7.117678,s1d3
CATCCGTTCGAGCCTG-1,11.769251,11.624231,s1d3
CATCGCTAGATGTTGA-1,3.9483411,13.70134,s1d3
CATCGCTCAAGGTCTT-1,12.187726,11.960696,s1d3
CATCGCTGTATCGTGT-1,12.089182,10.747151,s1d3
CATCGCTTCCATCAGA-1,-3.9460113,8.533771,s1d3
CATCGCTTCCATTGTT-1,8.5917845,7.942698,s1d3
CATCGCTTCCCGTAAA-1,10.344704,7.8222494,s1d3
CATCGCTTCCGCCTAT-1,11.002881,10.6614,s1d3
CATCGCTTCCGGTTCT-1,5.731296,16.905802,s1d3
CATCGCTTCCTCACTG-1,13.4364805,7.6289177,s1d3
CATCGCTTCTAACGGT-1,1.8212011,16.67977,s1d3
CATCGCTTCTTTACAC-1,2.1154268,6.070467,s1d3
CATCGGGAGGAGTATT-1,13.994484,10.656821,s1d3
CATCGGGAGGTCATCT-1,10.696083,14.744963,s1d3
CATCGGGAGGTTGGAC-1,16.08576,7.3236837,s1d3
CATCGGGCAAGCAATA-1,11.345282,8.283804,s1d3
CATCGGGCACCGTCTT-1,12.729665,7.357028,s1d3
CATCGGGCATTGTCGA-1,6.6961293,-4.257748,s1d3
CATCGGGGTCGCAACC-1,-4.3343625,7.5654025,s1d3
CATCGGGGTGGTTTAC-1,3.8653731,13.85642,s1d3
CATCGGGGTTGGCCGT-1,-5.24264,6.6720233,s1d3
CATCGGGTCCCTTGGT-1,2.6055694,18.424347,s1d3
CATCGGGTCGACCCAG-1,5.376869,-1.3371943,s1d3
CATCGGGTCTCTATAC-1,-4.621398,7.2003756,s1d3
CATCGTCAGCCGTCGT-1,5.18198,19.772482,s1d3
CATCGTCAGCTGCCAC-1,10.150439,13.684834,s1d3
CATCGTCAGGATCACG-1,5.8573055,16.36023,s1d3
CATCGTCAGTTCTCTT-1,11.95762,11.113186,s1d3
CATCGTCCAACAGAGC-1,3.7900412,13.351412,s1d3
CATCGTCCAGACTGCC-1,11.613761,9.646998,s1d3
CATCGTCGTCGAGCAA-1,-3.57144,9.164366,s1d3
CATCGTCGTTGTGGAG-1,13.475911,6.4859,s1d3
CATCGTCTCACAGAGG-1,11.911445,7.6774487,s1d3
CATCGTCTCAGCTCTC-1,13.134989,13.151953,s1d3
CATCGTCTCGGAAACG-1,4.7680116,19.588045,s1d3
CATCGTCTCTGTGCGG-1,2.434425,14.426117,s1d3
CATCGTCTCTTGAACG-1,-4.3361077,7.160418,s1d3
CATGAGTAGAAGCGAA-1,-1.3716623,6.0939283,s1d3
CATGAGTAGCCTCTTC-1,5.3000865,-5.2818623,s1d3
CATGAGTGTTCCATTT-1,13.886252,9.620995,s1d3
CATGAGTGTTCTCCAC-1,10.75872,6.0884533,s1d3
CATGAGTTCAAGCTGT-1,-1.0271868,7.2889643,s1d3
CATGAGTTCAGCAGAG-1,-0.5699079,4.515348,s1d3
CATGAGTTCAGGTGTT-1,11.421993,14.31494,s1d3
CATGAGTTCCGCGGAT-1,5.11867,19.8495,s1d3
CATGCAAAGATACAGT-1,14.87285,8.155683,s1d3
CATGCAACAAGCGCAA-1,12.353247,11.492235,s1d3
CATGCAACATGATGCT-1,-5.5603743,11.9951,s1d3
CATGCAAGTAATGCTC-1,13.738996,9.929423,s1d3
CATGCAAGTCAACCAT-1,-4.2279825,6.3056755,s1d3
CATGCAAGTCGCCTAG-1,-1.3909366,3.293696,s1d3
CATGCAAGTTCGATTG-1,-4.0702257,7.1643176,s1d3
CATGCCTAGTAAGAGG-1,8.550688,7.899999,s1d3
CATGCCTCAAAGGCGT-1,13.091545,13.550573,s1d3
CATGCCTCAACTCATG-1,11.0682745,6.743008,s1d3
CATGCCTCAATCCTTT-1,13.294284,12.714049,s1d3
CATGCCTCACAAATAG-1,10.54658,4.786115,s1d3
CATGCCTCATGTCGTA-1,6.54627,6.216854,s1d3
CATGCCTGTATGGAAT-1,-0.529981,4.212461,s1d3
CATGCCTGTGGTAATA-1,-4.17397,6.1670957,s1d3
CATGCCTGTTTACGAC-1,6.8217626,5.137802,s1d3
CATGCCTTCACTGGGC-1,12.6667185,13.587237,s1d3
CATGCCTTCACTTATC-1,12.656781,9.210319,s1d3
CATGCCTTCCGACATA-1,4.919498,4.294322,s1d3
CATGCGGAGCGTGCTC-1,-4.0893655,8.065243,s1d3
CATGCGGGTTACTCAG-1,-1.7599739,4.360486,s1d3
CATGCGGTCCGCATAA-1,8.927957,7.769281,s1d3
CATGCGGTCCTGTAAG-1,14.037205,9.449734,s1d3
CATGCGGTCGTGCAGC-1,10.019429,12.324555,s1d3
CATGCTCAGGCTAACG-1,-4.874557,11.036674,s1d3
CATGCTCTCACCATAG-1,3.5937984,15.098934,s1d3
CATGCTCTCCAGCACG-1,2.5027127,18.112293,s1d3
CATGCTCTCCGCGGAT-1,7.2901707,-5.202754,s1d3
CATGCTCTCGGAAACG-1,7.181319,3.2045958,s1d3
CATGCTCTCTATCGGA-1,15.692946,7.4126105,s1d3
CATGGATAGGCCGCTT-1,11.295942,10.106144,s1d3
CATGGATCAAGTACCT-1,3.648821,16.880781,s1d3
CATGGATCACGCTGAC-1,16.529396,8.699216,s1d3
CATGGATGTAACCCGC-1,5.3319182,18.276745,s1d3
CATGGATTCAAATGCC-1,-1.393217,6.6707397,s1d3
CATGGATTCCCAAGTA-1,6.3683944,3.3280733,s1d3
CATGGATTCCGGACGT-1,4.860168,19.224674,s1d3
CATGGTAAGCATGAAT-1,-1.6400583,7.340518,s1d3
CATGGTAAGGCTAACG-1,10.222685,-4.724804,s1d3
CATGGTAAGTCATCGT-1,10.093511,6.3059154,s1d3
CATGGTACAGCGAACA-1,9.698856,1.9346527,s1d3
CATGGTAGTCGTTGGC-1,-3.713697,7.7635593,s1d3
CATGGTAGTGTATACC-1,5.5783005,16.095222,s1d3
CATGGTATCATGGTAC-1,11.42043,8.458442,s1d3
CATGGTATCGAGTCTA-1,6.1411424,-3.3196008,s1d3
CATGGTATCGGTCACG-1,-5.567769,12.254118,s1d3
CATTCATAGAGGTTTA-1,11.142152,6.1856737,s1d3
CATTCATAGCCGAACA-1,1.9838331,16.65458,s1d3
CATTCATAGTTACTCG-1,15.511845,6.722365,s1d3
CATTCATCACATTGTG-1,13.046165,12.180647,s1d3
CATTCATGTCGAGCAA-1,12.602504,14.29411,s1d3
CATTCATGTTCAAGGG-1,-5.3379946,7.7632856,s1d3
CATTCATTCTATCACT-1,-2.1038127,3.6394022,s1d3
CATTCATTCTCGGCTT-1,15.241784,8.323444,s1d3
CATTCCGAGATGAAGG-1,7.5892043,-3.8256016,s1d3
CATTCCGAGCAGCCCT-1,2.856068,15.161385,s1d3
CATTCCGAGGCGCTTC-1,2.3608434,4.295788,s1d3
CATTCCGAGTAACGTA-1,13.63629,9.269418,s1d3
CATTCCGAGTCAATCC-1,8.871081,7.172285,s1d3
CATTCCGCAACCTAAC-1,2.4582036,14.217523,s1d3
CATTCCGCAAGTATCC-1,10.865138,6.92676,s1d3
CATTCCGCAATCTCGA-1,12.559157,13.364867,s1d3
CATTCCGCAATCTGCA-1,5.6985955,-1.4420538,s1d3
CATTCCGCACCATTCC-1,4.728396,19.703901,s1d3
CATTCCGCACGCTGAC-1,9.000393,7.637585,s1d3
CATTCCGCAGCTTTCC-1,12.652855,14.162353,s1d3
CATTCCGCATGGAACG-1,-1.4593704,6.3078437,s1d3
CATTCCGGTCAAAGTA-1,8.416035,7.5457144,s1d3
CATTCCGTCTCTAGGA-1,1.8811737,16.564497,s1d3
CATTCTAAGAATCTAG-1,10.306956,11.979589,s1d3
CATTCTAAGTACAGAT-1,5.529919,16.01049,s1d3
CATTCTACAGCAGTAG-1,16.773716,4.735757,s1d3
CATTCTAGTCCAATCA-1,15.7973,8.11461,s1d3
CATTCTAGTTCGGTTA-1,11.279302,12.713302,s1d3
CATTCTATCAGCCTCT-1-1,10.074502,18.532663,s1d3
CATTCTATCCTAAGTG-1,10.296715,11.8558855,s1d3
CATTCTATCGCTAATG-1,5.5409274,19.577229,s1d3
CATTCTATCTGAATCG-1,6.656079,3.0484886,s1d3
CATTCTATCTGGTGGC-1,5.0332727,19.085226,s1d3
CATTGAGAGCCGTTAT-1,3.737224,14.981177,s1d3
CATTGAGCATATAGCC-1,2.2543979,16.671646,s1d3
CATTGAGGTGAGTTTC-1,9.794666,12.219455,s1d3
CATTGAGGTTGCAACT-1,11.283317,10.698441,s1d3
CATTGAGTCACCCTCA-1,15.190774,7.9100785,s1d3
CATTGAGTCCGAAGGA-1,11.210024,12.408071,s1d3
CATTGCCCAAACACGG-1,-1.793912,4.4360604,s1d3
CATTGCCCAGCCTTCT-1,3.5836957,14.080806,s1d3
CATTGCCCATCCGGTG-1,-1.6445794,6.727481,s1d3
CATTGCCGTTGTCCCT-1,-3.8555286,9.778915,s1d3
CATTGCCTCAACGAGG-1,11.91931,12.34039,s1d3
CATTGCCTCAGTGTCA-1,4.6488204,18.745567,s1d3
CATTGCCTCCTGGGAC-1,10.898953,11.89242,s1d3
CATTGCCTCGGAAACG-1,8.6224165,7.687789,s1d3
CATTGCCTCTCAGAAC-1,8.095298,-3.6240187,s1d3
CATTGTTAGCCTGCCA-1,6.068883,19.231636,s1d3
CATTGTTCACACGTGC-1,8.248398,7.58332,s1d3
CATTGTTGTGGCTAGA-1,-4.4045014,6.810979,s1d3
CATTGTTGTTGGTAGG-1,1.9626546,16.713911,s1d3
CATTGTTTCCAGCCTT-1,9.649599,4.723933,s1d3
CATTGTTTCCCTCTAG-1,-3.6806579,9.75917,s1d3
CATTGTTTCGTCGATA-1,12.270797,13.456267,s1d3
CATTGTTTCTAGACAC-1,10.806645,5.744423,s1d3
CATTTCAAGCCTGCCA-1,12.115346,14.104151,s1d3
CATTTCACATAGACTC-1,11.320366,8.494414,s1d3
CATTTCACATGACGTT-1,16.514881,6.8052597,s1d3
CATTTCACATGAGTAA-1,5.6042223,19.403307,s1d3
CATTTCAGTAAGATTG-1,12.618954,13.35968,s1d3
CATTTCAGTTGCATAC-1,13.056271,5.6901417,s1d3
CATTTCATCAAGAATG-1,-4.1669464,6.094291,s1d3
CATTTCATCGTTCGCT-1,10.780198,12.381409,s1d3
CCAAGCGAGAATTGCA-1,1.7486757,7.7265797,s1d3
CCAAGCGCAAGACTGG-1,-3.619148,9.911303,s1d3
CCAAGCGCAGGGTCTC-1,-0.1870207,3.3322837,s1d3
CCAAGCGGTGCTGATT-1,-3.752075,8.956772,s1d3
CCAAGCGGTTGTCAGT-1,-1.2879903,3.3687654,s1d3
CCAAGCGTCATCACCC-1,8.768492,7.914061,s1d3
CCAAGCGTCTTCGATT-1,12.548611,10.312687,s1d3
CCAATGAAGACGCAGT-1,13.039478,13.108974,s1d3
CCAATGACAAAGAGTT-1,2.9884562,4.8531,s1d3
CCAATGACACGCTGAC-1,5.2708225,18.958792,s1d3
CCAATGACATTGTCGA-1,-5.419894,7.666031,s1d3
CCAATGAGTAACACCT-1,-3.6412838,8.803239,s1d3
CCAATGAGTAGCTGTT-1,6.3449526,-0.60782725,s1d3
CCAATGAGTAGGATAT-1,10.940059,12.822824,s1d3
CCAATGAGTCTGTGCG-1,2.9842207,8.093701,s1d3
CCAATGAGTGAGATCG-1,10.703547,13.369353,s1d3
CCAATGATCAGAGTGG-1,17.151316,5.7459016,s1d3
CCAATTTAGATACATG-1,10.218735,4.407473,s1d3
CCAATTTAGGGCCAAT-1,2.854745,7.2315936,s1d3
CCAATTTAGTAAATGC-1,12.121544,8.499669,s1d3
CCAATTTAGTTGGCGA-1,11.004115,12.727887,s1d3
CCAATTTCAAGCGCTC-1,13.764788,5.3108163,s1d3
CCAATTTGTCAACATC-1,14.683945,6.288434,s1d3
CCAATTTGTGGCCCAT-1,-4.0986514,8.255001,s1d3
CCAATTTGTGGTCAAG-1,4.4174876,19.072912,s1d3
CCAATTTGTTGCAAGG-1,6.950578,5.188143,s1d3
CCAATTTTCTCCGTGT-1,15.30248,5.719552,s1d3
CCACAAAAGCTTTCTT-1,10.328472,12.712387,s1d3
CCACAAAAGGCTCTAT-1,4.1075873,13.389479,s1d3
CCACAAAAGGGATGTC-1,12.972682,6.91435,s1d3
CCACAAACAAACTAGA-1,11.689125,8.443954,s1d3
CCACAAACAATCGCGC-1,11.174285,5.7039466,s1d3
CCACAAACAGATGCGA-1,11.398457,12.540116,s1d3
CCACAAATCCAAGCTA-1,-2.7397056,5.90933,s1d3
CCACAAATCCGTCCTA-1,3.5818975,13.644769,s1d3
CCACAAATCTGCTAGA-1,14.120781,9.412484,s1d3
CCACACTAGAAGCGAA-1,15.991353,6.7175403,s1d3
CCACACTAGACCATGG-1,5.75226,18.501585,s1d3
CCACACTAGAGATGCC-1,-3.6872408,8.951888,s1d3
CCACACTAGTGCGCTC-1,11.004782,10.067779,s1d3
CCACACTCAAATGGAT-1,11.993568,13.369723,s1d3
CCACACTGTTCTTGCC-1,10.400595,10.39434,s1d3
CCACACTTCACACGAT-1,-4.51954,7.552155,s1d3
CCACACTTCGGAATGG-1,14.561334,5.9828053,s1d3
CCACCATAGGCAGGGA-1,13.703786,9.460222,s1d3
CCACCATAGTTCCGTA-1,15.702085,8.793117,s1d3
CCACCATGTACTGGGA-1,1.7835678,7.6749516,s1d3
CCACCATGTAGGGAGG-1,7.970153,4.016687,s1d3
CCACCATGTATCAAGA-1,-5.40751,7.4715986,s1d3
CCACCATTCGGCCAAC-1,8.469341,7.186255,s1d3
CCACCATTCGTTAGTG-1,9.529526,4.7883782,s1d3
CCACGAGAGCTGAAAT-1,17.415657,5.122903,s1d3
CCACGAGAGGCATCTT-1,11.376325,8.378267,s1d3
CCACGAGAGTCATCCA-1,2.1839879,6.4363074,s1d3
CCACGAGAGTGGTGAC-1,16.166796,8.548498,s1d3
CCACGAGCAAGCTGCC-1,10.223732,13.86864,s1d3
CCACGAGCACTTCTCG-1,1.4070289,5.784629,s1d3
CCACGAGCAGGAATAT-1,4.5489287,20.090479,s1d3
CCACGAGCATACAGCT-1,5.274963,18.994484,s1d3
CCACGAGGTAATACCC-1,11.087275,14.431245,s1d3
CCACGAGGTGACTGAG-1,17.01719,4.619634,s1d3
CCACGAGGTTCCGCGA-1,7.1992655,3.2704844,s1d3
CCACGAGTCCACCTCA-1,10.985513,7.020534,s1d3
CCACGAGTCGTCGACG-1,11.751135,11.828844,s1d3
CCACGTTAGAGGCGTT-1,-0.8058182,3.3734486,s1d3
CCACGTTCAATGCTCA-1,11.513589,9.133651,s1d3
CCACGTTCACCCAACG-1,11.78876,9.865082,s1d3
CCACGTTCATCGTGGC-1,5.4797087,19.785278,s1d3
CCACGTTGTACAACGG-1,10.113774,18.268877,s1d3
CCACGTTGTATTCCGA-1,5.2663136,6.329756,s1d3
CCACGTTTCTTAGCCC-1,10.6169195,14.078976,s1d3
CCACTTGAGCCTCACG-1,11.053986,11.634348,s1d3
CCACTTGAGTCTACCA-1,5.4101195,19.112974,s1d3
CCACTTGAGTTGGCTT-1,16.866596,4.9054255,s1d3
CCACTTGCAAGATCCT-1,11.89546,8.152339,s1d3
CCACTTGGTAGCCCTG-1,5.954831,-1.666492,s1d3
CCACTTGGTAGCGTTT-1,8.106888,-3.2234466,s1d3
CCACTTGGTATGTCAC-1,12.394312,11.515836,s1d3
CCACTTGGTGTACAGG-1,12.4437895,13.207997,s1d3
CCACTTGGTGTCTTCC-1,-4.7817354,7.2668033,s1d3
CCACTTGTCACCACAA-1,5.1398163,-4.7347045,s1d3
CCACTTGTCCGAAGGA-1,15.845082,9.171613,s1d3
CCATAAGAGAAGAACG-1,9.979286,8.745672,s1d3
CCATAAGAGTCATACC-1,3.7139242,13.684181,s1d3
CCATAAGCACTTTAGG-1,12.120263,13.590879,s1d3
CCATAAGCAGCATTGT-1,5.6636443,18.776745,s1d3
CCATAAGCAGGGAGAG-1,-4.706697,9.22348,s1d3
CCATAAGGTACTCGCG-1,4.0881143,16.23009,s1d3
CCATAAGGTGACCTGC-1,7.0479665,3.2402217,s1d3
CCATAAGTCCAGCAAT-1,-4.727761,7.031215,s1d3
CCATAAGTCTCGGGAC-1,11.205236,11.025894,s1d3
CCATCACAGACGCCCT-1,12.214305,11.85049,s1d3
CCATCACCAGGTGACA-1,7.7503657,-1.0197587,s1d3
CCATCACGTCGAACGA-1,10.250903,5.2470016,s1d3
CCATCACGTGGGTTGA-1,-3.6404502,8.640394,s1d3
CCATCACTCAAAGGTA-1,12.333236,14.044568,s1d3
CCATCACTCGGAGATG-1,-5.491007,9.259672,s1d3
CCATCACTCTGACCCT-1,11.142878,7.9636006,s1d3
CCCAACTAGCCGCACT-1,6.508452,-4.612948,s1d3
CCCAACTAGGCGAACT-1,-4.340428,6.2858906,s1d3
CCCAACTAGTACGTCT-1,5.0947256,-4.966935,s1d3
CCCAACTAGTAGCTCT-1,1.4364735,4.4962025,s1d3
CCCAACTAGTCATCCA-1,-3.3176417,8.115408,s1d3
CCCAACTCAGATTCGT-1,10.544711,14.235958,s1d3
CCCAACTGTAGTAAGT-1,11.147848,8.233777,s1d3
CCCAACTGTCAAGGCA-1,11.515007,11.255219,s1d3
CCCAACTGTCCCTGAG-1,13.678006,5.2015,s1d3
CCCAACTGTTACCCAA-1,12.593452,6.05648,s1d3
CCCAACTTCACTCCGT-1,9.060483,7.6219974,s1d3
CCCAACTTCGCAGATT-1,7.9629774,-1.108252,s1d3
CCCAACTTCGTCCTTG-1,12.79178,6.5375533,s1d3
CCCATTGAGGCATCTT-1,11.250332,12.597196,s1d3
CCCATTGCAATGCTCA-1,12.3063,8.2388525,s1d3
CCCATTGCACAAGCAG-1,-4.9767265,7.8866644,s1d3
CCCATTGCACCATAAC-1,10.415464,12.376968,s1d3
CCCATTGGTCCATCTC-1,10.493341,11.940938,s1d3
CCCATTGTCATAGCAC-1,6.218119,-4.244217,s1d3
CCCATTGTCGACGTCG-1,10.3799305,6.3584986,s1d3
CCCATTGTCGGTCGGT-1,5.3339796,-4.0034213,s1d3
CCCATTGTCTTAAGGC-1,9.939117,12.0075035,s1d3
CCCGAAGAGAAACACT-1,2.8688867,17.621529,s1d3
CCCGAAGAGAAAGTCT-1,10.375812,12.997534,s1d3
CCCGAAGAGACCAGAC-1,10.78008,11.91416,s1d3
CCCGAAGAGAGGTTAT-1,15.000735,9.272523,s1d3
CCCGAAGAGCTGAGTG-1,-4.039263,9.482317,s1d3
CCCGAAGCAAGCGATG-1,7.7578845,-3.4138062,s1d3
CCCGAAGCACTGCTTC-1,14.560788,5.544605,s1d3
CCCGAAGCAGTCGTTA-1,3.5762744,13.922136,s1d3
CCCGAAGCATAGATGA-1,3.1324801,14.29361,s1d3
CCCGAAGGTATCGCTA-1,12.42919,14.165944,s1d3
CCCGAAGGTTGTGTTG-1,11.504985,13.903288,s1d3
CCCGAAGTCTAGTCAG-1,14.921522,9.346232,s1d3
CCCGAAGTCTCTGGTC-1,12.695124,12.790404,s1d3
CCCGGAAAGACGACTG-1,2.8256288,8.001418,s1d3
CCCGGAAAGAGGGTGG-1,6.033248,-1.6919596,s1d3
CCCGGAAAGGTTGAGC-1,10.348722,11.788814,s1d3
CCCGGAAGTACTGGGA-1,16.870825,5.537519,s1d3
CCCGGAAGTCGAAACG-1,16.482296,8.797191,s1d3
CCCGGAAGTGGCCTCA-1,6.7562056,-3.2088275,s1d3
CCCGGAATCCTGGGTG-1,10.957845,12.573964,s1d3
CCCGGAATCTCTGACC-1,16.320353,5.833526,s1d3
CCCGGAATCTGGGAGA-1,9.678175,-0.061166808,s1d3
CCCTAACAGGCACAAC-1,10.683053,10.66602,s1d3
CCCTAACAGTTGGACG-1,11.817878,12.293806,s1d3
CCCTAACCACCCTGTT-1,13.354452,5.3494325,s1d3
CCCTAACCACGCGGTT-1,12.792733,12.906911,s1d3
CCCTAACCAGAACTTC-1,12.240818,11.213549,s1d3
CCCTAACGTATCATGC-1,14.388123,6.712663,s1d3
CCCTAACTCGGTCTAA-1,13.505295,5.8369346,s1d3
CCCTCAACAGACCATT-1,4.2437835,16.908417,s1d3
CCCTCAACAGACCCGT-1,11.108143,9.857275,s1d3
CCCTCAACAGTATACC-1,6.739199,4.91815,s1d3
CCCTCAACATTCTTCA-1,-3.2711403,9.610745,s1d3
CCCTCAAGTAGCGAGT-1,8.963809,7.7816467,s1d3
CCCTCAAGTCCGACGT-1,12.915198,12.960945,s1d3
CCCTCAAGTGGTAACG-1,13.543777,7.2815847,s1d3
CCCTCAAGTGGTACAG-1,11.640162,8.284259,s1d3
CCCTCTCCACTCCTGT-1,7.2256794,3.103106,s1d3
CCCTCTCCAGGAGGAG-1,11.03815,6.882634,s1d3
CCCTCTCCAGGCTCTG-1,17.072977,6.209753,s1d3
CCCTCTCGTTGTTGTG-1,15.537591,6.530892,s1d3
CCCTCTCTCGGAACTT-1,4.985895,-3.8299487,s1d3
CCCTCTCTCGTGGCGT-1,12.012968,6.5431476,s1d3
CCCTGATAGCTAAGTA-1,-4.6196694,10.08986,s1d3
CCCTGATAGGCATCAG-1,15.31824,8.107953,s1d3
CCCTGATAGTCATAGA-1,3.5618238,13.201837,s1d3
CCCTGATAGTCCTGCG-1,-4.0610037,7.0251594,s1d3
CCCTGATAGTGGTTAA-1,8.784985,8.025441,s1d3
CCCTGATCAGTGGCTC-1,11.085911,10.440064,s1d3
CCCTGATCATACACCA-1,10.501724,6.1081486,s1d3
CCCTGATGTATTGCCA-1,14.086034,9.755593,s1d3
CCCTGATTCAAACGAA-1,8.344159,1.215709,s1d3
CCCTGATTCCCGAATA-1,4.959622,-4.5482574,s1d3
CCCTGATTCGTAACAC-1,5.199767,-2.151623,s1d3
CCCTTAGAGCCTGTGC-1,16.874609,5.2507777,s1d3
CCCTTAGAGTCTCTGA-1,14.426128,9.184266,s1d3
CCCTTAGAGTTTAGGA-1,10.212358,9.726041,s1d3
CCCTTAGCAAATACAG-1,2.98384,18.04266,s1d3
CCCTTAGTCAGATGCT-1,-4.9206047,10.73496,s1d3
CCCTTAGTCATGCCCT-1,15.731212,7.417589,s1d3
CCCTTAGTCCAAATGC-1,-4.1532755,8.907737,s1d3
CCCTTAGTCGTCAACA-1,5.588559,6.699002,s1d3
CCGAACGAGAAAGTCT-1,13.371045,5.636068,s1d3
CCGAACGAGCGTGCCT-1,1.9279972,8.374774,s1d3
CCGAACGAGGATTCCT-1,11.846677,12.000898,s1d3
CCGAACGAGTTTGTCG-1,10.872893,10.432473,s1d3
CCGAACGGTAACATCC-1,12.535492,11.669532,s1d3
CCGAACGGTCTATGAC-1,16.628794,5.3102126,s1d3
CCGAACGTCATGGGAG-1,-1.8130194,4.626301,s1d3
CCGAACGTCTTGTGCC-1,-3.8495147,9.0832615,s1d3
CCGATCTAGACAAGCC-1,12.388962,8.483069,s1d3
CCGATCTAGGCTCAAG-1,10.332692,12.14519,s1d3
CCGATCTAGGGCTGAT-1,11.24284,14.244635,s1d3
CCGATCTCACAGCTGC-1,6.090809,-5.412478,s1d3
CCGATCTCATAGGTAA-1,9.60466,-4.5761695,s1d3
CCGATCTCATCAGTGT-1,11.599102,11.850588,s1d3
CCGATCTGTAGCACGA-1,3.2274883,18.085497,s1d3
CCGATCTGTCACTACA-1,11.423626,13.451637,s1d3
CCGATCTGTGGACCTC-1,-1.9931868,3.5049148,s1d3
CCGATCTTCGTGCATA-1,13.978441,6.9688354,s1d3
CCGATCTTCTGGGCGT-1,11.917406,12.829162,s1d3
CCGATGGCATTATGCG-1,3.024814,7.6228566,s1d3
CCGATGGGTGCCTTCT-1,12.486748,12.802858,s1d3
CCGATGGGTTTATGCG-1,1.5643551,7.2395344,s1d3
CCGATGGGTTTGCAGT-1,14.781935,10.359377,s1d3
CCGATGGTCCTTCTGG-1,9.20063,1.9994091,s1d3
CCGCAAGAGATAGTCA-1,10.047838,12.863967,s1d3
CCGCAAGAGATGAACT-1,11.854032,10.397401,s1d3
CCGCAAGAGCATCAGG-1,6.063402,-3.8428457,s1d3
CCGCAAGAGCGGCTCT-1,2.457391,14.343796,s1d3
CCGCAAGAGGAAGAAC-1,10.859706,10.126962,s1d3
CCGCAAGAGGTCATCT-1,10.789467,12.961606,s1d3
CCGCAAGCAAGCACAG-1,12.08643,10.431154,s1d3
CCGCAAGCATAGAAAC-1,-1.3830323,6.347933,s1d3
CCGCAAGGTACGACTT-1,10.72712,14.616203,s1d3
CCGCAAGGTTAAACCC-1,-4.871983,8.58162,s1d3
CCGCAAGTCGTGTTCC-1,11.317585,13.093109,s1d3
CCGGACAAGACACACG-1,14.207521,11.107972,s1d3
CCGGACAAGACGGTTG-1,12.622177,7.221871,s1d3
CCGGACAAGAGTCTTC-1,12.315765,5.643921,s1d3
CCGGACACATGACAGG-1,9.618889,12.676227,s1d3
CCGGACAGTCTAGATC-1,12.932513,13.340667,s1d3
CCGGACATCCATTCGC-1,7.9946256,-1.5711782,s1d3
CCGGACATCCGCTGTT-1,5.6003675,19.689806,s1d3
CCGGACATCTAAGAAG-1,14.244235,9.005384,s1d3
CCGGGTAAGCCTGGAA-1,15.3979645,9.24762,s1d3
CCGGGTAAGGACTATA-1,11.418052,8.207828,s1d3
CCGGGTAAGTTGCTCA-1,10.325505,14.3105755,s1d3
CCGGGTAAGTTGCTGT-1,8.383192,7.568595,s1d3
CCGGGTACACGCGTGT-1,6.8180475,-3.711668,s1d3
CCGGGTACATACTGAC-1,16.796738,7.4966645,s1d3
CCGGGTACATATACCG-1,9.221745,6.939044,s1d3
CCGGGTAGTAAGGTCG-1,3.1777904,13.81418,s1d3
CCGGGTAGTTGTGTTG-1,11.736007,8.787346,s1d3
CCGGGTAGTTTCTATC-1,2.2115517,17.783947,s1d3
CCGGTAGAGTGAGGTC-1,14.115663,11.218666,s1d3
CCGGTAGCAGCTCTGG-1,1.8599873,16.495798,s1d3
CCGGTAGTCCCGTTGT-1,-5.014208,10.615656,s1d3
CCGGTGAAGATCCTAC-1,13.758173,5.6572146,s1d3
CCGGTGAAGGCGTTAG-1,11.745121,12.870445,s1d3
CCGGTGAAGTTTGCTG-1,11.073703,6.0548096,s1d3
CCGGTGACACGGTCTG-1,12.356107,13.284051,s1d3
CCGGTGACATAGAGGC-1,10.593723,11.830423,s1d3
CCGGTGAGTCGTATGT-1,14.005199,10.141687,s1d3
CCGGTGATCAAGAAAC-1,-5.195718,8.239862,s1d3
CCGGTGATCTCACCCA-1,11.913334,12.607679,s1d3
CCGTAGGAGACATAGT-1,3.7890887,5.204516,s1d3
CCGTAGGAGAGTGTTA-1,3.800673,13.908738,s1d3
CCGTAGGGTGTGTCGC-1,8.64733,7.296896,s1d3
CCGTAGGGTTCTCCTG-1,6.050545,3.5047717,s1d3
CCGTAGGTCCCTCAAC-1,16.678719,6.5202155,s1d3
CCGTAGGTCGTAGGAG-1,-4.313021,8.867272,s1d3
CCGTAGGTCGTGCGAC-1,8.658087,7.5562544,s1d3
CCGTGAGAGCCTCTCT-1,10.77845,10.420839,s1d3
CCGTGAGAGGCAATGC-1,14.5078745,9.7637205,s1d3
CCGTGAGAGGGCAATC-1,-4.3130774,8.291399,s1d3
CCGTGAGAGTTGGAGC-1,11.710895,9.51038,s1d3
CCGTGAGCAGATGCGA-1,10.736881,12.908819,s1d3
CCGTGAGCAGTCTTCC-1,11.530895,13.180954,s1d3
CCGTGAGCATGAAGCG-1,11.947929,10.557827,s1d3
CCGTGAGGTGAGTGAC-1,9.887267,10.896863,s1d3
CCGTGAGTCAGACAAA-1,11.572406,10.296428,s1d3
CCGTGAGTCATCTCTA-1,13.226068,12.488228,s1d3
CCGTGAGTCTCGTCAC-1,-5.1378493,10.7431345,s1d3
CCGTTCAAGGATAATC-1,4.7922435,19.037788,s1d3
CCGTTCAAGGATCACG-1,10.926892,10.475987,s1d3
CCGTTCACAGCAATTC-1,2.6755424,14.221502,s1d3
CCGTTCATCAATCCGA-1,11.537123,12.683369,s1d3
CCGTTCATCTTTCGAT-1,11.953014,12.687625,s1d3
CCTAACCAGACAGCTG-1,11.318232,8.287333,s1d3
CCTAACCAGCTTGTTG-1,12.100069,11.282056,s1d3
CCTAACCAGTTAGTGA-1,1.9641337,7.934619,s1d3
CCTAACCCAACATCGT-1,10.494476,10.416533,s1d3
CCTAACCCAACTGGTT-1,11.581443,11.84171,s1d3
CCTAACCCAAGTTGGG-1,17.119293,5.173214,s1d3
CCTAACCCATACGCAT-1,11.197885,13.185187,s1d3
CCTAACCTCCGATCGG-1,2.5282497,16.865322,s1d3
CCTAAGACAGCGTATT-1,2.819778,14.934881,s1d3
CCTAAGAGTTTAGACC-1,15.60622,8.168022,s1d3
CCTAAGATCATCCCGT-1,6.6088595,-5.21815,s1d3
CCTAAGATCTGTGTGA-1,6.33904,6.4903774,s1d3
CCTAAGATCTTCGTGC-1,13.487246,5.3708014,s1d3
CCTACGTAGGACAGTC-1,6.9024515,2.838284,s1d3
CCTACGTAGGGCAGAG-1,3.815778,13.463304,s1d3
CCTACGTAGTAGGAAG-1,6.095119,-0.88148993,s1d3
CCTACGTAGTGTTCAC-1,2.4303975,7.420892,s1d3
CCTACGTCAAGCCATT-1,13.423489,13.506499,s1d3
CCTACGTCAAGTGACG-1,5.7295423,-3.0229888,s1d3
CCTACGTCACGTCGTG-1,10.300993,13.395151,s1d3
CCTACGTGTACATTGC-1,13.650842,13.105863,s1d3
CCTACGTGTCCAAATC-1,14.199615,6.438887,s1d3
CCTACGTGTGTTTGCA-1,12.144905,13.9669,s1d3
CCTACGTGTTCCTAGA-1,15.291648,9.577359,s1d3
CCTACGTGTTTGTTGG-1,10.8518305,7.4610724,s1d3
CCTACGTTCACCTCAC-1,10.43382,12.225572,s1d3
CCTACGTTCACTGAAC-1,-1.9647776,3.649436,s1d3
CCTACGTTCCTTCAGC-1,11.929003,11.491061,s1d3
CCTACGTTCGGTAACT-1,12.291873,14.47118,s1d3
CCTACGTTCGGTAGAG-1,10.881238,13.268393,s1d3
CCTACGTTCTACGCAA-1,3.810343,13.285818,s1d3
CCTATCGAGCGATGGT-1,16.091475,6.2898483,s1d3
CCTATCGAGGAGAGTA-1,10.579125,14.633099,s1d3
CCTATCGAGGGTTAAT-1,15.820938,8.397332,s1d3
CCTATCGCAACCGACC-1,12.194118,10.057209,s1d3
CCTATCGGTAGGAGTC-1,14.603469,10.075641,s1d3
CCTATCGGTATCTCTT-1,-3.6682684,7.3507957,s1d3
CCTATCGGTCTCACAA-1,16.31415,5.9707747,s1d3
CCTATCGGTGAGGATC-1,15.719001,8.625899,s1d3
CCTATCGGTGCATCTA-1,11.344599,14.886182,s1d3
CCTATCGTCAGATGCT-1,7.1442657,2.6636472,s1d3
CCTCAACAGGATACGC-1,11.481722,6.843001,s1d3
CCTCAACAGTTAGTAG-1,11.614561,10.5789175,s1d3
CCTCAACCAACCGCTG-1,13.416665,13.247045,s1d3
CCTCAACCATTGAAGA-1,3.750581,13.912829,s1d3
CCTCACAAGCGTCTGC-1,16.88819,7.162267,s1d3
CCTCACAAGCTGAGTG-1,3.7276597,14.412636,s1d3
CCTCACAAGGTAGTAT-1-1,8.342794,7.7161126,s1d3
CCTCACAGTACAAGTA-1,5.217436,16.565088,s1d3
CCTCACAGTTGAATCC-1,14.833124,8.991125,s1d3
CCTCACATCATCTATC-1,10.405,12.205562,s1d3
CCTCACATCCTGTTAT-1,10.971677,12.265254,s1d3
CCTCAGTAGCTCGTGC-1,10.370132,12.94097,s1d3
CCTCAGTAGGGACCAT-1,10.079972,4.5991716,s1d3
CCTCAGTCAGCATCTA-1,3.7043154,17.64959,s1d3
CCTCAGTCAGGTCCCA-1,16.32732,4.9449625,s1d3
CCTCAGTCATATCGGT-1,12.988239,5.568284,s1d3
CCTCAGTGTCCTGAAT-1,10.36567,10.918794,s1d3
CCTCAGTGTGTGACCC-1,11.45554,7.537564,s1d3
CCTCAGTGTTGCGTAT-1,-4.785875,6.4815683,s1d3
CCTCAGTTCATTGCTT-1,11.046034,8.801105,s1d3
CCTCATGAGGCCTTGC-1,2.0037863,16.537645,s1d3
CCTCATGAGTCGGCCT-1,1.6989176,16.690853,s1d3
CCTCATGAGTGGAATT-1,-4.233962,7.3316464,s1d3
CCTCATGCAACTGATC-1,4.4523873,18.685678,s1d3
CCTCATGCACATGACT-1,10.171608,12.891081,s1d3
CCTCATGCACCATTCC-1,11.47678,12.306674,s1d3
CCTCATGCAGGTGACA-1,10.124344,11.781868,s1d3
CCTCATGGTACCTGTA-1,-4.716816,7.855849,s1d3
CCTCATGGTGCAATAA-1,12.335267,11.581906,s1d3
CCTCATGGTTGTGCAT-1,11.937043,8.538899,s1d3
CCTCATGTCAGTGTGT-1,1.712341,6.5090103,s1d3
CCTCCAAAGAGCAAGA-1,1.8478633,7.1549773,s1d3
CCTCCAAAGAGGATGA-1,10.30744,12.35214,s1d3
CCTCCAAAGATAGTGT-1,5.752801,18.788572,s1d3
CCTCCAAAGTAAACGT-1,-4.1680017,8.164062,s1d3
CCTCCAAAGTAGGGTC-1,12.157959,12.907249,s1d3
CCTCCAACAGTTTCAG-1,4.2734222,5.3675394,s1d3
CCTCCAAGTATCTCTT-1,14.446297,6.087166,s1d3
CCTCCAAGTGACGTCC-1,13.423423,13.292136,s1d3
CCTCCAAGTTCTCCTG-1,1.3608443,6.654712,s1d3
CCTCCAAGTTGTTTGG-1,13.66064,12.93842,s1d3
CCTCCTCAGAAGTCAT-1,8.770048,6.8923073,s1d3
CCTCCTCAGCTAATCC-1,0.084547,4.1054683,s1d3
CCTCCTCAGGGATCAC-1,1.2140617,5.934286,s1d3
CCTCCTCCAATGTCAC-1,11.122116,12.676242,s1d3
CCTCCTCCAATTGCCA-1,-0.47183734,3.7723286,s1d3
CCTCCTCCAGAGCTAG-1,10.425127,10.317362,s1d3
CCTCCTCGTGAGAGGG-1,-4.727725,6.222795,s1d3
CCTCCTCGTGCACATT-1,-4.190403,10.392125,s1d3
CCTCCTCGTTCCATTT-1,8.702205,7.166756,s1d3
CCTCCTCTCACCGGTG-1,-4.0910954,6.381581,s1d3
CCTCCTCTCCAAGCAT-1,12.278291,5.8392367,s1d3
CCTCCTCTCCTTCGAC-1,11.659548,7.4979215,s1d3
CCTCCTCTCGAAATCC-1,9.526026,4.360315,s1d3
CCTCCTCTCTACCAGA-1,-0.039245944,3.924947,s1d3
CCTCTAGAGAACCGCA-1,14.620411,9.29595,s1d3
CCTCTAGAGCTTCATG-1,15.733956,7.257228,s1d3
CCTCTAGAGGGATCAC-1,12.591327,14.371007,s1d3
CCTCTAGCATCCAACA-1,3.8530586,5.7506995,s1d3
CCTCTAGGTTATCCAG-1,3.90361,13.948315,s1d3
CCTCTAGGTTTCGACA-1,-4.6280165,10.209621,s1d3
CCTCTAGTCGTAACCA-1,11.855443,10.748251,s1d3
CCTCTAGTCTGCATAG-1,-4.6027045,6.277362,s1d3
CCTCTCCAGAGCAAGA-1,14.395984,5.7873096,s1d3
CCTCTCCAGCTGACAG-1,2.303237,16.755182,s1d3
CCTCTCCAGTGCGACA-1,13.127835,5.8809333,s1d3
CCTCTCCCACCCTATC-1,9.89711,12.722213,s1d3
CCTCTCCCACTTGGCG-1,11.600208,8.086461,s1d3
CCTCTCCCATCTATCT-1,8.628808,7.273011,s1d3
CCTCTCCGTACATACC-1,16.293415,6.72542,s1d3
CCTCTCCGTCTTGAGT-1,5.2320976,17.186815,s1d3
CCTCTCCTCGAGATAA-1,16.927567,5.0264893,s1d3
CCTCTCCTCTTAGCCC-1,12.1633,7.7974286,s1d3
CCTGCATAGGGAGGCA-1,6.1051087,18.545658,s1d3
CCTGCATCAAGAAACT-1,11.2869215,6.5443573,s1d3
CCTGCATCACCTCGTT-1,13.729699,13.201468,s1d3
CCTGCATGTCGAGCTC-1,2.172808,4.02551,s1d3
CCTGCATGTGAATGAT-1,2.275046,17.178757,s1d3
CCTGCATTCAAGTGGG-1,5.7865624,-2.8822165,s1d3
CCTGCATTCCCGATCT-1,0.24672945,4.732354,s1d3
CCTGCATTCCGGTTCT-1,2.9606993,7.784049,s1d3
CCTGCATTCGCTTGCT-1,12.803649,12.50973,s1d3
CCTGCATTCGGAAGGT-1,6.8249907,-5.491981,s1d3
CCTGTTGCAAGTCCAT-1,13.677333,13.031588,s1d3
CCTGTTGCACCCTTAC-1,11.387978,7.9138026,s1d3
CCTGTTGCATTCACCC-1,13.210628,5.9453998,s1d3
CCTGTTGGTATCGCGC-1,13.160798,13.407448,s1d3
CCTGTTGTCAAATAGG-1,-1.5209879,6.31432,s1d3
CCTGTTGTCACCGGGT-1,9.963618,13.076924,s1d3
CCTGTTGTCCCATAGA-1,16.895555,4.796317,s1d3
CCTGTTGTCCCATGGG-1,-4.18838,8.027115,s1d3
CCTTCAGAGACCAGCA-1,11.51745,12.681892,s1d3
CCTTCAGAGAGGATGA-1,16.985878,5.1910086,s1d3
CCTTCAGAGTTGAAGT-1,9.168202,7.9125066,s1d3
CCTTCAGCACCCTAGG-1,6.3843904,-4.5005445,s1d3
CCTTCAGGTATGGAGC-1,-5.1651096,8.911049,s1d3
CCTTCAGGTTAGGACG-1,-3.8368905,9.880091,s1d3
CCTTCAGTCAATCGGT-1,0.14692827,5.10484,s1d3
CCTTCAGTCACTTTGT-1,13.130912,13.126445,s1d3
CCTTCAGTCTCCGAGG-1,1.7798766,4.080931,s1d3
CCTTGTGCACAGTCGC-1,12.079675,13.118243,s1d3
CCTTGTGCATCGTGCG-1,16.370777,8.766289,s1d3
CCTTGTGCATGGAAGC-1,12.195743,9.141354,s1d3
CCTTGTGTCGGTCACG-1,14.345803,7.1472225,s1d3
CCTTGTGTCTCTGACC-1,-2.2254512,5.5107923,s1d3
CCTTTGGCAGTCAGTT-1,11.08177,9.826113,s1d3
CCTTTGGGTGTATACC-1,-5.0137324,11.534882,s1d3
CCTTTGGGTTTCGATG-1,-1.5990734,6.5368953,s1d3
CCTTTGGTCATCCTAT-1,-3.8929384,9.486494,s1d3
CGAAGGAAGTCACGAG-1,-1.6740998,6.6712303,s1d3
CGAAGGACATCATGAC-1,5.1111317,-4.543842,s1d3
CGAAGGATCATGAGGG-1,14.915232,9.0067005,s1d3
CGAAGGATCGCTTGCT-1,11.481101,6.1851206,s1d3
CGAAGGATCGGACAAG-1,-4.908557,7.3958864,s1d3
CGAAGTTCAAACCGGA-1,-3.8717458,8.229787,s1d3
CGAAGTTCAAAGCAAT-1,14.771013,6.0123525,s1d3
CGAAGTTCAGCTACAT-1,1.7963064,7.546917,s1d3
CGAAGTTCATAGATGA-1,10.275504,13.117505,s1d3
CGAAGTTGTACGATTC-1,11.069522,7.6833587,s1d3
CGAAGTTGTCACTCGG-1,11.9993305,5.8156986,s1d3
CGAAGTTGTCACTTCC-1,14.507819,10.254674,s1d3
CGAAGTTGTCCACTCT-1,4.0751057,5.27939,s1d3
CGAAGTTGTCTCCTGT-1,11.159592,13.552085,s1d3
CGAAGTTGTGAGTGAC-1,-2.2048895,3.7929492,s1d3
CGAAGTTGTGCCTTTC-1,-3.9312155,8.6809435,s1d3
CGAATTGAGCAAGGAA-1,11.364319,11.874543,s1d3
CGAATTGAGTATGGAT-1,11.304132,10.541007,s1d3
CGAATTGGTAGCTGTT-1,11.2617655,6.8306465,s1d3
CGAATTGGTGCCGTTG-1,11.970758,8.606305,s1d3
CGAATTGTCCACACCT-1,10.606386,11.400191,s1d3
CGAATTGTCCCAGTGG-1,12.952636,5.844696,s1d3
CGAATTGTCCTCAGAA-1,6.552123,-4.14281,s1d3
CGAATTGTCGCTACGG-1,10.550001,11.769188,s1d3
CGAATTGTCGCTTTAT-1,16.62265,5.2429357,s1d3
CGAATTGTCTAGCCTC-1,12.879022,12.942303,s1d3
CGACAGCAGATACATG-1,-3.3870065,9.148414,s1d3
CGACAGCAGCGCCTCA-1,10.748673,5.3782926,s1d3
CGACAGCAGGTCCTGC-1,10.323756,11.262884,s1d3
CGACAGCCAAGGTCAG-1,9.37341,7.962958,s1d3
CGACAGCCACACGGTC-1,12.63372,11.640464,s1d3
CGACAGCCACGTATAC-1,12.230648,8.486598,s1d3
CGACAGCCACTCTCGT-1,10.926961,17.30186,s1d3
CGACAGCCATCCGTGG-1,2.4834983,18.221306,s1d3
CGACAGCTCATATGGC-1,13.303144,12.455443,s1d3
CGACAGCTCCTCGCAT-1,15.985829,8.834398,s1d3
CGAGAAGAGGGTCACA-1,10.911782,13.632376,s1d3
CGAGAAGGTAGACTGG-1,13.353982,5.686692,s1d3
CGAGAAGGTCAAATCC-1,10.968849,8.55256,s1d3
CGAGAAGTCATTCGGA-1,-3.7671206,8.195991,s1d3
CGAGAAGTCCTTTAGT-1,10.084886,18.46422,s1d3
CGAGAAGTCGCCTTGT-1,13.520175,9.647731,s1d3
CGAGAAGTCGCGTCGA-1,15.959257,6.5051827,s1d3
CGAGGAAAGGTCATAA-1,-4.570872,7.1189947,s1d3
CGAGGAAAGGTTAAAC-1,7.007582,18.27047,s1d3
CGAGGAAAGTCAACAA-1,11.431696,13.228908,s1d3
CGAGGAAAGTTGCCTA-1,13.612542,10.160989,s1d3
CGAGGAACAAAGCAAT-1,12.430524,7.8827615,s1d3
CGAGGAACAATAGTGA-1,12.194604,9.94298,s1d3
CGAGGAACATGGTGGA-1,14.397205,9.511138,s1d3
CGAGGAAGTACCTAGT-1,12.360834,13.85769,s1d3
CGAGGAAGTACGGTTT-1,5.475505,16.523699,s1d3
CGAGGAAGTATAATGG-1,2.4749718,18.005154,s1d3
CGAGGAAGTCTACAAC-1,12.283525,12.099862,s1d3
CGAGGAAGTTCTCGCT-1,1.8128417,16.692581,s1d3
CGAGGCTAGAGAGAAC-1,12.481123,13.3719635,s1d3
CGAGGCTCACTCCGGA-1,7.4283633,-0.8804373,s1d3
CGAGGCTGTTCGCGTG-1,-5.5482397,10.184614,s1d3
CGAGGCTTCACCATAG-1,10.317861,5.3206334,s1d3
CGAGGCTTCCCGTTCA-1,-5.2600603,7.2341423,s1d3
CGAGGCTTCGCTAAAC-1,5.869652,-1.3217207,s1d3
CGAGGCTTCGGTCAGC-1,11.181652,9.960389,s1d3
CGAGTGCAGCAGCGAT-1,7.928257,-1.2466085,s1d3
CGAGTGCAGGGAGGAC-1,14.390218,9.617623,s1d3
CGAGTGCCACTACCCT-1,8.946605,2.4944613,s1d3
CGAGTGCCAGTCAGTT-1,12.535968,13.17752,s1d3
CGAGTGCCATTCTCCG-1,13.197809,10.1825285,s1d3
CGAGTGCGTAGTATAG-1,2.2543905,16.491825,s1d3
CGAGTGCGTAGTCACT-1,11.869358,11.101477,s1d3
CGAGTGCGTCGACTGC-1,10.691718,13.557996,s1d3
CGAGTGCGTGCGACAA-1,4.7325654,19.96796,s1d3
CGAGTGCTCTACGCAA-1,-4.0610356,7.1791058,s1d3
CGAGTTAAGACGGTTG-1,-4.3419557,9.448587,s1d3
CGAGTTAAGCATTTGC-1,11.181106,11.804791,s1d3
CGAGTTAAGCTGGAGT-1,5.196174,19.626755,s1d3
CGAGTTACACGCGTCA-1,8.189764,7.3486433,s1d3
CGAGTTACAGAGGCTA-1,-5.129293,7.788247,s1d3
CGAGTTAGTCACCACG-1,6.1935854,-5.223712,s1d3
CGAGTTAGTCCTACAA-1,14.278133,8.649599,s1d3
CGAGTTAGTCCTATAG-1,0.95754135,4.626692,s1d3
CGAGTTAGTGGCTAGA-1,-4.4680886,7.1276526,s1d3
CGAGTTAGTTAAGGGC-1,5.6265373,6.8599524,s1d3
CGAGTTATCAAGAAAC-1,5.2999306,16.372385,s1d3
CGAGTTATCATGCCAA-1,12.376147,10.104066,s1d3
CGAGTTATCCAACTGA-1,10.596812,9.404313,s1d3
CGAGTTATCTTTGCGC-1,8.489922,7.523257,s1d3
CGATCGGAGGAAACGA-1,16.778482,5.7712975,s1d3
CGATCGGGTGCCAAGA-1,2.847145,6.1823983,s1d3
CGATCGGGTTTGATCG-1,14.486391,9.150626,s1d3
CGATCGGTCAAACTGC-1,11.228142,13.523244,s1d3
CGATCGGTCCTAGCCT-1,11.167647,10.573927,s1d3
CGATGCGAGACGGTCA-1,10.16926,18.977947,s1d3
CGATGCGAGAGAGCCT-1,-5.1412625,7.7120967,s1d3
CGATGCGAGAGTTGAT-1,1.7362216,8.015265,s1d3
CGATGCGAGCCTCTCT-1,11.006181,10.858104,s1d3
CGATGCGAGCCTGCCA-1,11.216732,6.67143,s1d3
CGATGCGAGGTCGACA-1,16.118328,9.027597,s1d3
CGATGCGGTCAGTCTA-1,10.582445,5.050137,s1d3
CGATGCGGTCTTGAGT-1,11.3529825,10.425709,s1d3
CGATGCGTCACGGGCT-1,11.043872,10.398178,s1d3
CGATGCGTCCCGTTGT-1,4.993307,-4.4844556,s1d3
CGATGCGTCGTGAGAG-1,16.999208,6.0229883,s1d3
CGATGGCCACCAGGTC-1,12.635879,8.244363,s1d3
CGATGGCCACTTGAAC-1,10.697843,11.7399,s1d3
CGATGGCCAGAAGCTG-1,8.423948,4.1540203,s1d3
CGATGGCCAGAGTGAC-1,5.0874157,19.389956,s1d3
CGATGGCCAGTCTACA-1,-5.162265,7.5701833,s1d3
CGATGGCGTAGGTTTC-1,11.964473,6.41455,s1d3
CGATGGCGTAGTCCTA-1,11.590339,14.039895,s1d3
CGATGGCGTCGGTGTC-1,10.219754,14.044595,s1d3
CGATGGCTCTAACGGT-1,-4.341556,6.4243913,s1d3
CGCAGGTAGATGATTG-1,15.594016,5.3771353,s1d3
CGCAGGTAGCACCGAA-1,-4.533461,7.143043,s1d3
CGCAGGTAGGTTATAG-1,10.748656,12.389414,s1d3
CGCAGGTAGTCCTACA-1,4.9352813,-3.1233752,s1d3
CGCAGGTCATGAGAAT-1,11.035403,11.663256,s1d3
CGCAGGTGTTCTTCAT-1,3.872047,18.917671,s1d3
CGCAGGTTCTTAAGGC-1,-4.047126,9.8518715,s1d3
CGCAGGTTCTTACGGA-1,13.215487,13.497328,s1d3
CGCATAAAGACCCGCT-1,13.5575695,13.23705,s1d3
CGCATAAAGCAACTCT-1,13.507329,5.44684,s1d3
CGCATAAAGCCACCGT-1,12.631477,7.5271306,s1d3
CGCATAACAAGACAAT-1,14.85252,6.641343,s1d3
CGCATAACAGTGGCTC-1,12.764421,6.31038,s1d3
CGCATAACATGGCACC-1,3.1341412,14.208427,s1d3
CGCATAAGTACGAAAT-1,10.345005,12.497995,s1d3
CGCATAAGTCCGGCAT-1,10.120523,12.187078,s1d3
CGCATAATCAAGCCAT-1,12.248349,9.983891,s1d3
CGCATAATCGGCACTG-1,2.685543,18.07014,s1d3
CGCATGGAGCGTCAGA-1,11.207863,13.805488,s1d3
CGCATGGAGGTAGTCG-1,14.288259,9.631435,s1d3
CGCATGGCAATGAAAC-1,16.238451,5.280232,s1d3
CGCATGGCACACTTAG-1,10.48674,14.0700445,s1d3
CGCATGGGTCATCCGG-1,16.526321,8.768583,s1d3
CGCATGGGTCCGTTTC-1,13.11631,12.523726,s1d3
CGCATGGGTTGGGCCT-1,3.5158546,16.451134,s1d3
CGCCAGAAGATTCGCT-1,16.712101,5.486586,s1d3
CGCCAGAAGGAATTAC-1,-5.4794755,12.200239,s1d3
CGCCAGACACTCCTTG-1,11.698135,10.1419325,s1d3
CGCCAGACAGAAACCG-1,3.3316255,15.166231,s1d3
CGCCAGAGTACTCGCG-1,8.187878,7.740229,s1d3
CGCCAGAGTCAGTTTG-1,3.5228817,5.244256,s1d3
CGCCAGATCAGCGGAA-1,10.688561,10.660488,s1d3
CGCCAGATCCCAGGAC-1,12.948449,9.850053,s1d3
CGCCAGATCCGTACGG-1,12.62158,13.642205,s1d3
CGCCAGATCGACACTA-1,8.300373,3.4832408,s1d3
CGCCAGATCTGCGGCA-1,9.906725,13.416707,s1d3
CGCCATTAGACCAGAC-1,14.498168,10.061124,s1d3
CGCCATTAGATGTAGT-1,5.8275237,-4.133313,s1d3
CGCCATTCAGGTACGA-1,6.371667,-3.2734911,s1d3
CGCCATTCAGTGGGTA-1,12.942235,12.43497,s1d3
CGCCATTCAGTTGCGC-1,5.1547694,18.707308,s1d3
CGCCATTGTGGTTTAC-1,13.041674,14.110695,s1d3
CGCCATTTCCGATTAG-1,3.059105,6.4423385,s1d3
CGCGTGAAGCAGTACG-1,16.991137,4.887193,s1d3
CGCGTGACAGAGCGTA-1,2.472223,14.519307,s1d3
CGCGTGAGTCCTTGTC-1,1.8072178,8.439033,s1d3
CGGAACCAGGTCGACA-1,2.0711856,7.08397,s1d3
CGGAACCCAAACGAGC-1,9.793125,5.810401,s1d3
CGGAACCCACGCAAAG-1,5.5998154,18.276566,s1d3
CGGAACCCACGCGTCA-1,2.4202783,4.4004498,s1d3
CGGAACCCATCAGCGC-1,12.064789,11.712503,s1d3
CGGAACCGTATGAAAC-1,1.6494893,7.7722797,s1d3
CGGAACCTCATAGAGA-1,-4.07055,6.8075657,s1d3
CGGAACCTCCCGAGAC-1,8.516103,7.280485,s1d3
CGGAACCTCGGCATCG-1,11.096645,10.415114,s1d3
CGGAATTAGAGGTCGT-1,11.777321,12.705787,s1d3
CGGAATTAGCTATCTG-1,6.233447,17.740093,s1d3
CGGAATTAGGGTGGGA-1,15.160029,7.772837,s1d3
CGGAATTAGTCTTCCC-1,14.370018,8.990773,s1d3
CGGAATTAGTTGTCAC-1,-3.8905506,8.455261,s1d3
CGGAATTCAATCACGT-1,8.809988,8.030288,s1d3
CGGAATTCATACTGAC-1,0.8117298,4.78227,s1d3
CGGAATTGTCGGCACT-1,5.753093,16.232225,s1d3
CGGACACAGATGAACT-1,12.118133,11.249222,s1d3
CGGACACAGGGCAAGG-1,-5.527575,8.455869,s1d3
CGGACACAGTGTACAA-1,13.501996,9.902059,s1d3
CGGACACCAACCTAAC-1,3.907814,13.569105,s1d3
CGGACACCAGGCCTGT-1,-5.341064,10.66591,s1d3
CGGACACCATGATAGA-1,14.061158,6.2565703,s1d3
CGGACACGTAGCGAGT-1,3.987322,14.926085,s1d3
CGGACACTCCGTTGAA-1,-5.2972183,10.225361,s1d3
CGGACACTCGCGTCGA-1,12.282474,7.772744,s1d3
CGGACACTCGCTCATC-1,-1.5419271,6.1651998,s1d3
CGGACACTCTACCTTA-1,10.318107,7.583669,s1d3
CGGAGAACAGTAACAA-1,10.188541,19.084524,s1d3
CGGAGAACATTGCTTT-1,10.935195,12.741128,s1d3
CGGAGAAGTGTTGATC-1,8.55576,7.750986,s1d3
CGGAGAATCACCTTAT-1,4.1018257,15.521289,s1d3
CGGAGAATCTGAGAGG-1,12.393746,6.0491047,s1d3
CGGCAGTAGACGCATG-1,10.360613,6.0945,s1d3
CGGCAGTAGACTGTTC-1,11.688508,10.516061,s1d3
CGGCAGTAGACTTCAC-1,11.269982,12.531695,s1d3
CGGCAGTAGGCGAACT-1,11.24769,8.033259,s1d3
CGGCAGTAGTGAGTTA-1,15.914232,7.006537,s1d3
CGGCAGTGTCGCTTGG-1,12.908376,10.468598,s1d3
CGGCAGTGTGGGATTG-1,10.6902685,7.082982,s1d3
CGGCAGTGTTCTCGTC-1,9.143602,8.108722,s1d3
CGGCAGTGTTGGAGAC-1,4.1202483,14.112651,s1d3
CGGCAGTTCACGATAC-1,7.822922,0.57136035,s1d3
CGGCAGTTCTCGCGTT-1,-5.5212035,12.197466,s1d3
CGGGACTAGACGAGCT-1,1.4013641,4.575506,s1d3
CGGGACTAGCGTCAGA-1,10.300574,14.259799,s1d3
CGGGACTAGCTAAATG-1,4.993522,19.801926,s1d3
CGGGACTAGGCGATAC-1,3.0970871,5.9740586,s1d3
CGGGACTAGGGTTTCT-1,5.171735,19.810814,s1d3
CGGGACTAGTAGTCCT-1,-3.866986,7.6852365,s1d3
CGGGACTAGTCTGCAT-1,2.4549549,16.99571,s1d3
CGGGACTCAAACCATC-1,2.245297,17.461653,s1d3
CGGGACTCATACCGTA-1,2.828372,4.516156,s1d3
CGGGACTGTAACAAGT-1,12.156577,12.860376,s1d3
CGGGACTGTTGCTGAT-1,12.730773,13.28395,s1d3
CGGGACTTCCGTCCTA-1,14.401393,10.536383,s1d3
CGGGACTTCGAAACAA-1,-4.5705395,10.037858,s1d3
CGGGCATAGAGCCTGA-1,12.262524,14.405127,s1d3
CGGGCATAGCGGTATG-1,11.586832,12.608745,s1d3
CGGGCATAGTTTCGAC-1,3.8455083,19.120281,s1d3
CGGGCATCACCCTAAA-1,-3.6002007,8.841213,s1d3
CGGGCATCAGCCCACA-1,11.013608,7.451403,s1d3
CGGGCATCAGGGTTGA-1,13.289059,9.851405,s1d3
CGGGCATCAGTCTACA-1,16.410555,5.2131777,s1d3
CGGGCATGTATTTCCT-1,9.448267,5.5653253,s1d3
CGGGCATGTCTGATCA-1,12.5099325,9.842238,s1d3
CGGGCATGTGCTCTCT-1,11.4937105,11.3363905,s1d3
CGGGCATTCGGCTTCT-1,9.3476,7.1448717,s1d3
CGGGCATTCTGTGCTC-1,10.725117,8.437885,s1d3
CGGGTCAAGCCGTAAG-1,3.7703083,14.380629,s1d3
CGGGTCACACGAAGAC-1,13.214179,7.1503644,s1d3
CGGGTCACACTCCGAG-1,3.949779,14.934676,s1d3
CGGGTCATCATTCGTT-1,8.174182,7.9116926,s1d3
CGGGTCATCGGAGATG-1,4.741164,18.858809,s1d3
CGGGTGTAGACAAGCC-1,8.365071,6.9457316,s1d3
CGGGTGTAGATGGTCG-1,12.505518,13.948308,s1d3
CGGGTGTAGCCATTCA-1,13.40594,12.55686,s1d3
CGGGTGTAGGCGAAGG-1,12.276734,12.875423,s1d3
CGGGTGTCATCCTTCG-1,12.043319,12.582752,s1d3
CGGGTGTCATCGGCCA-1,5.1929865,18.87681,s1d3
CGGGTGTGTAGGAGTC-1,5.775729,5.014531,s1d3
CGGGTGTGTGCCTACG-1,-4.650081,7.7888646,s1d3
CGGGTGTGTGCGGTAA-1,10.412203,12.950909,s1d3
CGGGTGTGTTTGACAC-1,11.588497,13.120035,s1d3
CGGGTGTTCAAGAAAC-1,13.614222,12.868977,s1d3
CGGGTGTTCAGCCTTC-1,12.159361,8.368537,s1d3
CGGGTGTTCTGTCGCT-1,4.1622963,19.545101,s1d3
CGGGTGTTCTTAAGGC-1,11.574584,11.6228075,s1d3
CGGTCAGCATGGAAGC-1,-5.291018,7.2838087,s1d3
CGGTCAGGTGCCCGTA-1,-5.432711,12.081388,s1d3
CGGTCAGGTGTGAGCA-1,0.11402382,3.2352746,s1d3
CGGTCAGTCAGAGTGG-1,2.6550996,8.066446,s1d3
CGGTCAGTCGAGAGAC-1,3.8346777,13.769573,s1d3
CGGTCAGTCGCAGTGC-1,8.6102,7.335851,s1d3
CGTAAGTAGGTTCTAC-1,4.8294387,14.681115,s1d3
CGTAAGTCAACGTATC-1,12.435596,14.02853,s1d3
CGTAAGTCAGCGTGAA-1,11.661156,14.695685,s1d3
CGTAAGTGTGTTCATG-1,11.7417,12.322278,s1d3
CGTAAGTTCAATCTTC-1,13.635503,13.004741,s1d3
CGTAAGTTCTCAACGA-1,10.19606,12.479604,s1d3
CGTAATGAGCCAGACA-1,4.825676,14.4218445,s1d3
CGTAATGAGCTGACAG-1,4.422554,19.10861,s1d3
CGTAATGAGTCTGCGC-1,14.287749,10.809219,s1d3
CGTAATGCAGAGCTAG-1,11.794747,10.164371,s1d3
CGTAATGCAGATTTCG-1,3.6744971,13.539727,s1d3
CGTAATGCAGGGACTA-1,11.992547,8.92004,s1d3
CGTAATGCAGTAGTTC-1,11.955149,10.549729,s1d3
CGTAATGGTTGTTGAC-1,11.826906,8.858588,s1d3
CGTAATGTCCTCAGAA-1,2.2055964,16.744518,s1d3
CGTAGTAAGCGTGTTT-1,6.7473516,-5.2896724,s1d3
CGTAGTACAAGTGCAG-1,10.630073,9.231138,s1d3
CGTAGTACACTTTATC-1,11.76363,9.200079,s1d3
CGTAGTACATCCTTCG-1,4.450174,19.611141,s1d3
CGTAGTACATTCGATG-1,11.333616,10.737112,s1d3
CGTAGTAGTATGTCTG-1,12.187784,10.362368,s1d3
CGTAGTAGTTCTTGTT-1,11.723149,11.594741,s1d3
CGTAGTATCATTCATC-1,4.9083056,14.379133,s1d3
CGTAGTATCGTCGATA-1,10.192485,12.6117525,s1d3
CGTCAAAAGATCACCT-1,8.6272135,1.7714238,s1d3
CGTCAAAAGATGTAGT-1,-4.6092787,8.120451,s1d3
CGTCAAAAGCTCAGAG-1,13.137404,13.324298,s1d3
CGTCAAAAGCTCTGTA-1,13.470347,7.4190927,s1d3
CGTCAAAAGGGTTGCA-1,9.746677,12.089324,s1d3
CGTCAAACATCAACCA-1,10.52957,11.3250475,s1d3
CGTCAAACATCCCGTT-1,11.51727,14.603293,s1d3
CGTCAAAGTGGGTATG-1,3.0791938,7.5641785,s1d3
CGTCAAAGTTCTAACG-1,12.144874,12.206595,s1d3
CGTCAAATCACCCATC-1,11.074205,6.3600693,s1d3
CGTCAAATCCAGCAAT-1,11.920369,12.850978,s1d3
CGTCCATAGCAACTTC-1,8.255311,0.7098845,s1d3
CGTCCATAGCGACAGT-1,12.032227,12.44144,s1d3
CGTCCATAGGAATGTT-1,11.9012375,7.022225,s1d3
CGTCCATCAACAGATA-1,10.204729,10.17197,s1d3
CGTCCATCAACGTATC-1,11.074383,-1.0197951,s1d3
CGTCCATCAAGACCTT-1,5.949066,5.134341,s1d3
CGTCCATTCAATCTCT-1,14.391682,9.241527,s1d3
CGTGAATAGAAACCAT-1,14.230865,9.819789,s1d3
CGTGAATAGTGTAGTA-1,14.380134,9.864025,s1d3
CGTGAATCAACGGTAG-1,4.9151382,20.239025,s1d3
CGTGAATCAGGTAGTG-1,12.938688,13.136483,s1d3
CGTGAATCATACTGTG-1,11.289848,14.309484,s1d3
CGTGAATGTGCCTATA-1,16.76915,8.221059,s1d3
CGTGAATGTGTGTGGA-1,8.784995,7.813306,s1d3
CGTGAATGTTGGTAGG-1,-5.094986,10.356843,s1d3
CGTGAATTCAAGAAAC-1,-0.62125105,2.7389529,s1d3
CGTGAATTCGCTGACG-1,14.480428,9.53773,s1d3
CGTGATAAGGGTACAC-1,-1.3997941,5.2100196,s1d3
CGTGATACACTCACTC-1,9.211272,4.8552322,s1d3
CGTGATACATCGGTTA-1,12.106791,12.0879345,s1d3
CGTGATAGTCTTCTAT-1,14.411015,6.4889345,s1d3
CGTGATATCCCTCTAG-1,11.82454,7.3611345,s1d3
CGTGATATCCTGCTAC-1,-0.69075185,4.254623,s1d3
CGTGATATCGAGTGAG-1,2.389711,8.649815,s1d3
CGTGCTTAGCGATGGT-1,-4.461388,8.621012,s1d3
CGTGCTTCACCTAAAC-1,12.402617,13.894934,s1d3
CGTGCTTGTTCGTGCG-1,2.8546398,14.233542,s1d3
CGTGCTTGTTGTCAGT-1,9.718063,-4.393804,s1d3
CGTGCTTTCAGTGTGT-1,11.868976,10.982482,s1d3
CGTGCTTTCGCTATTT-1,11.440892,11.466728,s1d3
CGTGCTTTCGGATACT-1,13.208519,14.155969,s1d3
CGTGCTTTCGTAGTGT-1,2.3375664,16.061249,s1d3
CGTGTCTAGCAGGGAG-1,16.493921,6.6682115,s1d3
CGTGTCTAGGCGCTTC-1,12.267531,5.9255333,s1d3
CGTGTCTCAAGAAACT-1,10.919806,6.597355,s1d3
CGTGTCTCAGCGATTT-1,12.329891,12.987868,s1d3
CGTGTCTGTAGAGTTA-1,-5.1523933,6.335667,s1d3
CGTGTCTGTCGCATTA-1,11.25726,6.9114814,s1d3
CGTGTCTGTCGTACTA-1,10.553631,7.837902,s1d3
CGTGTCTTCCGAAGGA-1,4.8192596,18.387646,s1d3
CGTGTCTTCTTCACAT-1,13.589845,5.835581,s1d3
CGTTAGAAGCAGGTCA-1,11.694006,13.64733,s1d3
CGTTAGAAGCCAGACA-1,10.804811,8.294474,s1d3
CGTTAGAAGTGCTACT-1,2.5649586,14.710512,s1d3
CGTTAGACAAAGAGTT-1,11.733146,12.763574,s1d3
CGTTAGACAAGCAGGT-1,3.4950955,15.187469,s1d3
CGTTAGACACCAGGTC-1,12.040178,13.770193,s1d3
CGTTAGACAGTAGTTC-1,17.474672,5.7025275,s1d3
CGTTAGACATCAGTCA-1,3.3950145,14.483208,s1d3
CGTTAGACATGAGGGT-1,6.902756,-3.4240255,s1d3
CGTTAGAGTTCGGCCA-1,14.351624,9.235187,s1d3
CGTTAGATCAACGAGG-1,4.9216514,16.160048,s1d3
CGTTCTGAGCACCCAC-1,9.733799,11.662383,s1d3
CGTTCTGAGTGCCTCG-1,11.590935,8.892848,s1d3
CGTTCTGCAACCTATG-1,1.6652678,7.36519,s1d3
CGTTCTGCAGACCATT-1,-4.6107254,10.592423,s1d3
CGTTCTGGTGAATTGA-1,10.696145,11.457913,s1d3
CGTTCTGGTTGCAAGG-1,3.101276,4.6468534,s1d3
CGTTGGGAGACCATGG-1,-4.8272676,11.170634,s1d3
CGTTGGGAGTGGTTAA-1,12.349474,13.4461355,s1d3
CGTTGGGCAGGCACAA-1,6.1850786,17.14085,s1d3
CGTTGGGCATCGATGT-1,10.705608,12.025456,s1d3
CGTTGGGGTAGTCGGA-1,-4.9392877,7.1031866,s1d3
CTAACCCAGACTGTTC-1,13.578246,12.919954,s1d3
CTAACCCAGCTTAGTC-1,11.992878,10.214523,s1d3
CTAACCCAGGCCCAAA-1,10.672289,8.397209,s1d3
CTAACCCCACGAGGAT-1,12.825484,11.932689,s1d3
CTAACCCCATGTTACG-1,9.963761,12.350029,s1d3
CTAACCCGTCATCGCG-1,11.934811,8.637797,s1d3
CTAACCCGTTTCCCAC-1,-3.9849682,8.651251,s1d3
CTAACCCTCGTCACCT-1,10.264483,5.5015497,s1d3
CTAACCCTCGTCCTTG-1,5.533606,19.103128,s1d3
CTAACTTAGACATCAA-1,14.156207,9.877206,s1d3
CTAACTTAGACGTCGA-1,11.301056,11.806037,s1d3
CTAACTTCACAACGAG-1,11.506529,10.083101,s1d3
CTAACTTCACCATTCC-1,13.582744,12.519922,s1d3
CTAAGTGAGACGAAGA-1,11.279609,14.0011835,s1d3
CTAAGTGAGCGCCTCA-1,5.007925,-4.4868116,s1d3
CTAAGTGAGGTTGTTC-1,10.715951,8.476889,s1d3
CTAAGTGCAACCAATC-1,-5.1674023,8.010873,s1d3
CTAAGTGCACTGATTG-1,16.507616,6.742493,s1d3
CTAAGTGCAGAACTCT-1,5.3918076,18.332294,s1d3
CTAAGTGCATAATGCC-1,12.115172,10.636667,s1d3
CTAAGTGCATGACGAG-1,11.344402,12.585815,s1d3
CTAAGTGGTACAAAGT-1,13.707404,9.976816,s1d3
CTAAGTGGTAGAGATT-1,11.901265,10.765498,s1d3
CTAAGTGTCCTACGAA-1,10.637664,12.461159,s1d3
CTAAGTGTCTTCCAGC-1,5.314135,15.474353,s1d3
CTACAGAAGATTGGGC-1,16.80266,8.410966,s1d3
CTACAGAAGCGTTCAT-1,10.581184,12.687039,s1d3
CTACAGAGTACCCACG-1,10.385962,12.586069,s1d3
CTACATTCACGCTGTG-1,-4.081313,8.08158,s1d3
CTACATTCATGGGTTT-1,1.4327048,5.98767,s1d3
CTACATTGTCACCCTT-1,7.0403767,3.2455335,s1d3
CTACATTGTGTACGCC-1,13.981317,9.913737,s1d3
CTACATTGTTCTCCTG-1,7.3729906,-4.060934,s1d3
CTACCCAAGCACCTGC-1,13.591162,9.609982,s1d3
CTACCCAAGTGTAGTA-1,1.5196939,5.1766825,s1d3
CTACCCACAAAGTGTA-1,11.989765,7.757332,s1d3
CTACCCACACTGGAAG-1,-4.683913,6.7290187,s1d3
CTACCCAGTTGAGTCT-1,5.6566844,-1.0991776,s1d3
CTACCTGAGAGGCGTT-1,8.760522,7.930555,s1d3
CTACCTGAGGAAAGAC-1,5.6837215,16.143148,s1d3
CTACCTGAGTAATTGG-1,12.790326,5.7154756,s1d3
CTACCTGGTACCGTGC-1,2.9299922,7.5230894,s1d3
CTACCTGGTGGAACCA-1,8.538647,7.426762,s1d3
CTACGGGAGAGGGTAA-1,12.393739,8.2329855,s1d3
CTACGGGAGTACCATC-1,16.66341,5.335233,s1d3
CTACGGGCACAAATCC-1,11.410642,12.443003,s1d3
CTACGGGCACTAGTAC-1,12.491348,13.485707,s1d3
CTACGGGCATCGATGT-1,13.396958,6.6701937,s1d3
CTACGGGCATCTGTTT-1,-1.240594,6.606418,s1d3
CTACGGGGTAACAGTA-1,12.07829,10.949714,s1d3
CTACGGGGTCCGCAGT-1,-5.577826,7.7636824,s1d3
CTACGGGGTTATTCTC-1,11.016367,-1.1774569,s1d3
CTACTATAGCACTAAA-1,16.744226,4.7694736,s1d3
CTACTATAGCTCGACC-1,8.095559,-1.1641271,s1d3
CTACTATAGGGCTGAT-1,-4.1927114,6.550711,s1d3
CTACTATCAACTGCTA-1,17.053324,5.6344447,s1d3
CTACTATCAGCGAGTA-1,14.125433,10.448359,s1d3
CTACTATCATCCAATG-1,9.80369,4.436886,s1d3
CTACTATGTATACCCA-1,11.917302,13.501856,s1d3
CTACTATGTGGGACAT-1,-3.6516244,8.779507,s1d3
CTACTATGTTATGTGC-1,16.799685,5.7418017,s1d3
CTACTATTCAAGCTTG-1,13.2429905,12.575104,s1d3
CTACTATTCAATGTCG-1,10.822454,6.957633,s1d3
CTACTATTCCGTTGGG-1,13.321229,13.802,s1d3
CTACTATTCGAACCTA-1,10.785522,11.34498,s1d3
CTACTATTCTCGGTCT-1,16.052366,8.622695,s1d3
CTAGACAAGGAACTCG-1,11.320494,8.50523,s1d3
CTAGACAAGTCCTGCG-1,16.129484,8.868839,s1d3
CTAGACACAGACCGCT-1,12.815392,13.577363,s1d3
CTAGACAGTCCGGTCA-1,10.392242,5.9460535,s1d3
CTAGACAGTCGTTGCG-1,10.306583,9.868854,s1d3
CTAGACAGTTAAGGAT-1,-5.6692433,10.517195,s1d3
CTAGACATCAAAGGTA-1,11.388068,8.120101,s1d3
CTAGACATCCCTCGAT-1,2.4970074,14.350946,s1d3
CTAGACATCTACCTTA-1,12.847871,13.061945,s1d3
CTAGACATCTCGGTCT-1,10.381432,10.938386,s1d3
CTAGGTAAGCGTGCTC-1,7.0391507,17.819645,s1d3
CTAGGTAAGTAAGAGG-1,6.7446456,18.107834,s1d3
CTAGGTACAAGATGGC-1,-5.160684,9.843908,s1d3
CTAGGTACATGGAAGC-1,10.671086,12.818415,s1d3
CTAGGTAGTATACGGG-1,10.436237,13.748533,s1d3
CTAGGTATCCGTAGTA-1,8.73871,7.382724,s1d3
CTATAGGAGAGGGTGG-1,11.091287,12.946377,s1d3
CTATAGGCAAGGTCGA-1,13.654731,11.652294,s1d3
CTATAGGCAGCGAGTA-1,-3.6875558,9.161772,s1d3
CTATAGGCAGCTATTG-1,10.472985,12.079591,s1d3
CTATAGGGTGAGGCAT-1,4.3086915,20.174799,s1d3
CTATAGGTCCACGTGG-1,11.8887825,6.0510297,s1d3
CTATAGGTCTCGGGAC-1,1.247505,4.3562584,s1d3
CTATCCGAGCCAAGTG-1,11.908117,14.106435,s1d3
CTATCCGAGGCACTAG-1,2.8495357,7.500211,s1d3
CTATCCGAGTAGAGTT-1,10.116272,18.262424,s1d3
CTATCCGCAAGAAATC-1,3.1805515,16.492075,s1d3
CTATCCGCAAGGACAC-1,8.299445,-1.3740525,s1d3
CTATCCGCAGTTAGGG-1,16.776028,4.802624,s1d3
CTATCCGGTCTGCAAT-1,11.302742,8.3281555,s1d3
CTATCCGGTGTCCGGT-1,4.8648734,-2.8637052,s1d3
CTATCCGTCTGGTTGA-1,16.63541,6.6127067,s1d3
CTATCTAAGACTTAAG-1,12.816451,10.096349,s1d3
CTATCTAAGAGTGAAG-1,9.840027,5.774087,s1d3
CTATCTAAGTCATGCT-1,11.738599,7.7715654,s1d3
CTATCTACATGGGAAC-1,14.861718,5.793502,s1d3
CTATCTAGTACCCGAC-1,15.911059,5.5647902,s1d3
CTATCTAGTCTCGACG-1,11.52741,13.4081545,s1d3
CTATCTAGTCTGTTAG-1,1.1965939,7.3750834,s1d3
CTATCTAGTTAAGTCC-1,6.918716,-3.5070872,s1d3
CTATCTAGTTCCTAAG-1,2.519864,4.157454,s1d3
CTATCTATCGCGTAGC-1,-5.7286644,8.810811,s1d3
CTCAACCCATGACAAA-1,12.639524,9.753722,s1d3
CTCAACCGTACAGCGA-1,12.157328,14.037881,s1d3
CTCAACCGTTCGCGTG-1,13.061685,13.606562,s1d3
CTCAACCTCCTTCGAC-1,12.502591,12.145966,s1d3
CTCAAGAAGAAATTGC-1,15.519342,7.290162,s1d3
CTCAAGAAGTAACGAT-1,17.128315,5.215077,s1d3
CTCAAGACAAGTGCAG-1,4.7873726,20.0893,s1d3
CTCAAGACACCGGTCA-1,10.7655115,9.50518,s1d3
CTCAAGACACGGCCAT-1,12.133897,11.537679,s1d3
CTCAAGAGTCAAGCGA-1,2.0361516,18.217432,s1d3
CTCAAGAGTCATCAGT-1,14.609922,9.441336,s1d3
CTCAAGAGTCTAATCG-1,-1.3666735,3.931919,s1d3
CTCAAGAGTGATACAA-1,14.818456,10.077531,s1d3
CTCAAGAGTGTTCCAA-1,4.931833,4.013267,s1d3
CTCAAGAGTTACCTTT-1,12.098589,12.060774,s1d3
CTCAAGATCAACTCTT-1,-4.5934854,6.780842,s1d3
CTCAAGATCCGAGCTG-1,12.284403,5.81474,s1d3
CTCAATTAGATGAATC-1,12.205349,10.714398,s1d3
CTCAATTAGTAGACAT-1,-4.332619,6.0783086,s1d3
CTCAATTCAGCGTGCT-1,-5.384525,8.170639,s1d3
CTCAATTCAGGAGACT-1,5.0641294,19.439274,s1d3
CTCAATTCATCCGAAT-1,-5.3814163,12.152395,s1d3
CTCAATTGTCACGTGC-1,1.3879646,4.2266946,s1d3
CTCAATTGTCTGCATA-1,5.733432,19.493612,s1d3
CTCACTGAGCCTCACG-1,-4.7814627,6.7649784,s1d3
CTCACTGCAACCGGAA-1,-4.1694307,6.655299,s1d3
CTCACTGCATAGTCGT-1,1.3726213,7.991868,s1d3
CTCACTGCATCTAGAC-1,10.346707,10.285823,s1d3
CTCACTGGTGGTCTCG-1,5.3378158,-2.1970966,s1d3
CTCACTGTCTACTATC-1,3.7843225,5.226478,s1d3
CTCACTGTCTAGAACC-1,12.9633,12.563224,s1d3
CTCACTGTCTTGGCTC-1,6.32829,18.711498,s1d3
CTCAGAAAGGGTTAAT-1,1.9603145,16.791159,s1d3
CTCAGAAAGTCCGCGT-1,10.7301445,7.514558,s1d3
CTCAGAACACAAAGCG-1,-5.204784,8.027033,s1d3
CTCAGAACAGTGTGGA-1,11.5843,12.58506,s1d3
CTCAGAACATCGCTCT-1,13.004664,13.632526,s1d3
CTCAGAAGTACGATTC-1,12.155187,11.691054,s1d3
CTCAGAATCCCTGTTG-1,13.139858,12.104,s1d3
CTCAGAATCTAGGAAA-1,12.979524,13.491795,s1d3
CTCAGGGAGCGATCGA-1,-4.094918,6.54274,s1d3
CTCAGGGAGCTAGTTC-1,16.122868,7.273921,s1d3
CTCAGGGAGCTGGCTC-1,13.931495,11.294066,s1d3
CTCAGGGCACGCGGTT-1,9.878458,11.514,s1d3
CTCAGGGCAGGAGGTT-1,-5.2439528,7.3778596,s1d3
CTCAGGGGTACGAGCA-1,-3.6438212,10.032474,s1d3
CTCAGGGGTTCGGTCG-1,13.560607,7.348205,s1d3
CTCAGGGGTTGGACCC-1,11.063094,7.099721,s1d3
CTCAGGGGTTTGGAGG-1,7.048907,-3.9993029,s1d3
CTCAGGGTCGCGCTGA-1,9.729862,-0.22250488,s1d3
CTCAGTCAGACCAAGC-1,-5.8335114,8.362541,s1d3
CTCAGTCAGTCATTGC-1,12.633297,13.317046,s1d3
CTCAGTCCACATGAAA-1,12.935427,12.899531,s1d3
CTCAGTCCAGTCAGAG-1,1.2781308,7.134791,s1d3
CTCAGTCCATGCCGAC-1,3.726329,5.5102773,s1d3
CTCAGTCGTCCATACA-1,13.181055,10.23332,s1d3
CTCAGTCGTTATAGCC-1,11.968337,6.669085,s1d3
CTCAGTCTCGACCTAA-1,8.884187,7.2957115,s1d3
CTCAGTCTCGTTTACT-1,12.265691,14.124892,s1d3
CTCATCGAGCGAAACC-1,-5.803605,8.222407,s1d3
CTCATCGAGCTGGTGA-1,10.022057,11.069798,s1d3
CTCATCGAGTAAGACT-1,13.786065,6.395405,s1d3
CTCATCGCACAACGCC-1,8.206191,-0.64814126,s1d3
CTCATCGCATCGGTTA-1,-1.5298725,4.4098964,s1d3
CTCATCGGTAGGCTGA-1,5.659514,18.188982,s1d3
CTCATCGGTTCTCTCG-1,12.924373,11.63087,s1d3
CTCATCGGTTGGCCGT-1,-5.477512,7.833162,s1d3
CTCATCGTCACCATGA-1,13.372477,13.383453,s1d3
CTCATGCAGAAGCGAA-1,10.960313,8.965424,s1d3
CTCATGCCACTCCTGT-1,13.643142,6.4328575,s1d3
CTCATGCCAGACAAAT-1,15.905875,8.902349,s1d3
CTCATGCGTGAGCAGT-1,8.744105,1.0858243,s1d3
CTCATGCGTGCTAGCC-1,17.261097,5.047347,s1d3
CTCATGCGTGGCGTAA-1,17.222105,5.6474624,s1d3
CTCATGCGTGTCATCA-1,-2.1698532,4.064794,s1d3
CTCATGCGTTCCGCAG-1,13.127621,13.591222,s1d3
CTCATTAAGACATATG-1,13.752488,10.542329,s1d3
CTCATTAAGAGTCAAT-1,12.661839,10.183385,s1d3
CTCATTAAGGATACAT-1-1,12.036045,8.783683,s1d3
CTCATTACATGAAGCG-1,9.792501,12.111392,s1d3
CTCATTAGTATCGAAA-1,11.981492,11.525811,s1d3
CTCATTAGTCGGTACC-1,-4.693176,7.7683835,s1d3
CTCATTAGTGCACGCT-1,-5.6288996,10.056029,s1d3
CTCATTAGTGTCCATA-1,5.9921675,-5.211675,s1d3
CTCATTATCAAAGGAT-1,-2.4311526,4.6717033,s1d3
CTCATTATCCAGCTCT-1,-5.304266,7.877157,s1d3
CTCCAACAGAAAGCGA-1,5.6698174,19.21542,s1d3
CTCCAACAGAGATCGC-1,7.432614,3.4092772,s1d3
CTCCAACAGCGTGTCC-1,13.018606,12.656714,s1d3
CTCCAACAGTCCCTAA-1,2.3520713,14.028143,s1d3
CTCCAACCACCTCAGG-1,7.1163287,-4.322791,s1d3
CTCCAACGTCCTTGTC-1,12.120224,10.226344,s1d3
CTCCAACGTCTAGGCC-1,11.726959,9.754619,s1d3
CTCCAACTCCTAGCTC-1,11.239144,7.5564404,s1d3
CTCCAACTCGGCTTGG-1,1.3386271,5.252819,s1d3
CTCCAACTCGTGCACG-1,11.657827,13.542934,s1d3
CTCCACAAGAAGTCCG-1,-5.0602007,6.377602,s1d3
CTCCACAAGCGGGTAT-1,13.486943,5.615659,s1d3
CTCCACAAGGTCGTAG-1,8.471041,7.179919,s1d3
CTCCACATCAGAGTGG-1,-5.697301,8.802176,s1d3
CTCCACATCATTGCGA-1,11.335564,9.709343,s1d3
CTCCACATCCAGTGCG-1,4.762306,19.983484,s1d3
CTCCACATCCTTGGAA-1,13.566649,10.093427,s1d3
CTCCATGAGCAGTCTT-1,5.45708,16.65257,s1d3
CTCCATGCAAGTGATA-1,16.559938,4.9808125,s1d3
CTCCATGCACTTGACA-1,-5.349786,12.058478,s1d3
CTCCATGCATTGACTG-1,15.774604,8.732741,s1d3
CTCCATGGTGGTCTCG-1,-4.5947933,7.596356,s1d3
CTCCATGTCAAGCTTG-1,11.441342,10.135785,s1d3
CTCCATGTCGAGTACT-1,6.5467677,2.6645043,s1d3
CTCCCAAAGGAGACCT-1,5.299777,16.518475,s1d3
CTCCCAACACAACGAG-1,14.076466,6.9116597,s1d3
CTCCCAACACTTCCTG-1,-4.5644283,10.449708,s1d3
CTCCCAACAGCATTGT-1,3.3471267,2.0094802,s1d3
CTCCCAACATCCTGTC-1,15.606739,6.8291373,s1d3
CTCCCAACATGATGCT-1,13.154332,12.541221,s1d3
CTCCCAAGTCAAGCGA-1,16.182632,8.929636,s1d3
CTCCCAAGTGTCCGGT-1,13.279953,5.862912,s1d3
CTCCCAATCTTCGGAA-1,5.072517,-2.9747584,s1d3
CTCCCTCAGACGGAAA-1,11.437769,14.243829,s1d3
CTCCCTCAGCCATTTG-1,13.08607,9.349397,s1d3
CTCCCTCAGTTTAGGA-1,0.1201351,4.75473,s1d3
CTCCCTCCATAGATCC-1,2.1428707,7.582378,s1d3
CTCCCTCCATGACCCG-1,16.716377,5.0379486,s1d3
CTCCCTCGTAAGATTG-1,6.2739463,18.586637,s1d3
CTCCCTCTCCTTACCG-1,11.13914,11.358196,s1d3
CTCCCTCTCGGTGTAT-1,-1.8952887,3.558505,s1d3
CTCCCTCTCTCTATGT-1,11.141708,11.7021885,s1d3
CTCCGATAGGAGAGTA-1,11.535052,8.362918,s1d3
CTCCGATAGTCTCTGA-1,-4.8702283,7.6861095,s1d3
CTCCGATCAAGCAGGT-1,5.2674837,19.791245,s1d3
CTCCGATCAAGCCCAC-1,11.67284,12.26653,s1d3
CTCCGATGTCAAATCC-1,6.694668,3.1110382,s1d3
CTCCGATTCAAGTAAG-1,-1.5435727,4.0959167,s1d3
CTCCGATTCCTTTGAT-1,11.577935,13.694367,s1d3
CTCCTCCAGAGATGCC-1,-4.1569757,7.563932,s1d3
CTCCTCCAGCACTAAA-1,11.469396,8.501001,s1d3
CTCCTCCCAGCTGCCA-1,12.185478,6.2355843,s1d3
CTCCTCCCAGTCGAGA-1,12.334301,13.878901,s1d3
CTCCTCCCATCCTCAC-1,11.5967655,11.016913,s1d3
CTCCTCCGTCAACGCC-1,6.658841,18.187065,s1d3
CTCCTCCGTCTGTGCG-1,13.415859,9.73574,s1d3
CTCCTCCTCATTGTGG-1,12.578183,8.17186,s1d3
CTCCTCCTCGGCTCTT-1,-4.274187,7.288495,s1d3
CTCCTTTAGGCCACTC-1,9.320493,-4.5191565,s1d3
CTCCTTTCAGGGAATC-1,10.905842,11.498542,s1d3
CTCCTTTGTACATTGC-1,9.708786,-0.076827876,s1d3
CTCCTTTGTGGAATGC-1,12.563559,8.504549,s1d3
CTCCTTTGTTTCCCAC-1,13.346182,6.2684608,s1d3
CTCCTTTTCAGCCTCT-1,12.28892,7.7434945,s1d3
CTCCTTTTCCACGTGG-1,3.1930869,14.063543,s1d3
CTCCTTTTCGCAAGAG-1,2.3704684,7.4888806,s1d3
CTCCTTTTCTGCTTAT-1,16.02205,5.4243026,s1d3
CTCCTTTTCTTTCCAA-1,-4.5251675,7.051969,s1d3
CTCGAGGAGGAGAATG-1,10.877428,6.310211,s1d3
CTCGAGGAGGATACAT-1,12.68623,14.189108,s1d3
CTCGAGGGTAGCGCCT-1,5.6650033,16.571665,s1d3
CTCGAGGGTATGAGGC-1,11.711907,6.5838,s1d3
CTCGAGGGTGCAATAA-1,11.642668,8.166527,s1d3
CTCGAGGGTTCCTACC-1,12.432411,12.06263,s1d3
CTCGAGGTCACCTTAT-1,12.328547,11.851934,s1d3
CTCGAGGTCGATACAC-1,11.102125,11.11933,s1d3
CTCTCAGAGCATGCAG-1,11.794873,13.313236,s1d3
CTCTCAGAGGTATTGA-1,5.600985,18.808067,s1d3
CTCTCAGCATGGTACT-1,4.07608,13.396751,s1d3
CTCTCAGGTAGCTCGC-1,16.513657,5.6423626,s1d3
CTCTCAGGTAGCTTTG-1,5.7235394,19.259516,s1d3
CTCTCAGGTCCCTAAA-1,17.391375,4.9854393,s1d3
CTCTCAGGTGGATGAC-1,12.302859,10.232143,s1d3
CTCTCAGGTGTCCGTG-1,15.144287,7.781791,s1d3
CTCTCAGGTTAGAGTA-1,10.345721,11.296683,s1d3
CTCTCAGGTTGGGTAG-1,-3.8564787,10.016146,s1d3
CTCTCAGTCATCCTAT-1,10.445992,12.499193,s1d3
CTCTCAGTCCGTGCGA-1,-4.693411,7.6174483,s1d3
CTCTCAGTCCGTGGTG-1,13.250959,12.283297,s1d3
CTCTCAGTCGTAGGGA-1,-5.3481765,12.180151,s1d3
CTCTCAGTCTGGGATT-1,11.9830065,12.589652,s1d3
CTCTCGAAGATCACTC-1,11.4864435,12.174052,s1d3
CTCTCGAAGGAATCGC-1,3.706559,14.00283,s1d3
CTCTCGAAGGGCATGT-1,12.25264,8.183652,s1d3
CTCTCGACAAACACGG-1,13.141197,13.116727,s1d3
CTCTCGACAGAACTAA-1,2.7248528,16.850262,s1d3
CTCTCGATCTATTCGT-1,10.664192,8.229253,s1d3
CTCTGGTCATTCTCTA-1,4.0316377,15.510166,s1d3
CTCTGGTGTGGGTCAA-1,6.4569583,18.55479,s1d3
CTCTGGTTCAGGACAG-1-1,2.4478507,4.241601,s1d3
CTCTGGTTCCACTTTA-1,2.9385889,7.387803,s1d3
CTCTGGTTCTCCCAAC-1,9.09732,1.7820274,s1d3
CTGAATGAGGTACAGC-1,7.990388,-1.6026256,s1d3
CTGAATGGTACAACGG-1,11.240978,12.340143,s1d3
CTGAATGGTAGGATAT-1,12.161501,6.398447,s1d3
CTGAATGGTGCACAAG-1,16.953943,5.853657,s1d3
CTGAATGGTTCGAACT-1,10.238706,6.795767,s1d3
CTGAATGTCACTGTTT-1,14.991881,7.226861,s1d3
CTGAATGTCATAGGCT-1,-3.9494927,6.7960386,s1d3
CTGAATGTCCTTCAGC-1,13.24985,12.824956,s1d3
CTGAATGTCGCCTCTA-1,-4.9015746,7.065934,s1d3
CTGAGCGAGAGCAGTC-1,13.23774,13.836189,s1d3
CTGAGCGAGTTCATCG-1,10.80142,6.4783764,s1d3
CTGAGCGAGTTGAATG-1,-5.031138,9.038597,s1d3
CTGAGCGCAATGGGTG-1,6.799298,-5.397963,s1d3
CTGAGCGCACCTGCAG-1,5.329415,19.852013,s1d3
CTGAGCGCATTCACCC-1,6.0539045,-3.320379,s1d3
CTGAGCGGTATGCGGA-1,6.702852,18.432022,s1d3
CTGAGCGGTTCCCAAA-1,10.244404,10.592448,s1d3
CTGAGCGGTTGATCGT-1,9.020301,7.632194,s1d3
CTGAGCGGTTTGACAC-1,15.760764,7.7436852,s1d3
CTGAGCGTCCATACTT-1,9.585351,5.497294,s1d3
CTGAGCGTCTTTACAC-1,13.935532,10.32862,s1d3
CTGAGGCAGACCAAGC-1,-4.331968,7.5255985,s1d3
CTGAGGCCAACTGGTT-1,16.095547,5.699142,s1d3
CTGAGGCCAATTTCGG-1,13.360104,6.0134196,s1d3
CTGAGGCCACTTGAAC-1,6.218447,-2.9229734,s1d3
CTGAGGCGTTTCACAG-1,12.021574,13.479217,s1d3
CTGAGGCGTTTCGGCG-1,12.534741,10.052138,s1d3
CTGAGGCTCACCTGGG-1,-4.99494,8.798633,s1d3
CTGAGGCTCCGTGGCA-1,1.5461714,5.3919215,s1d3
CTGAGGCTCGCCTCTA-1,11.4114275,11.200221,s1d3
CTGAGGCTCTCCAATT-1,-1.0191131,7.170922,s1d3
CTGAGGCTCTGGAGAG-1,10.763784,8.744961,s1d3
CTGATCCAGCTCATAC-1,-3.9682336,6.372082,s1d3
CTGATCCAGTAATTGG-1,11.615221,13.861773,s1d3
CTGATCCCAGGTGAGT-1,-5.7145934,7.582398,s1d3
CTGATCCGTTCATCTT-1,2.7690163,16.481518,s1d3
CTGATCCTCGAAGTGG-1,-5.3036838,7.8302474,s1d3
CTGCAGGAGAGCAAGA-1,4.003935,14.36205,s1d3
CTGCAGGCAATCTCTT-1,13.865888,8.215696,s1d3
CTGCAGGGTGTCGCTG-1,3.1238961,14.948334,s1d3
CTGCAGGTCCTACCAC-1,6.0631433,3.5018306,s1d3
CTGCAGGTCGACATAC-1,-5.5748634,8.023352,s1d3
CTGCAGGTCGTAATGC-1,14.349349,9.17649,s1d3
CTGCATCAGTCATGGG-1,16.16249,8.604186,s1d3
CTGCATCGTACAGCGA-1,13.067616,13.204115,s1d3
CTGCATCGTAGTCTGT-1,-5.252116,10.63535,s1d3
CTGCATCTCCCTATTA-1,11.498898,14.328009,s1d3
CTGCATCTCGCTTACC-1,10.719327,10.294709,s1d3
CTGCATCTCTTACCAT-1,10.947794,10.410884,s1d3
CTGCCATAGACGGTTG-1,-1.4819028,6.7004757,s1d3
CTGCCATAGGGTGAAA-1,-2.4055882,5.187735,s1d3
CTGCCATAGGTTCTTG-1,5.8022513,19.659657,s1d3
CTGCCATCAACAGCTT-1,17.312586,5.8450713,s1d3
CTGCCATGTAGCGTAG-1,10.572347,12.779006,s1d3
CTGCCATGTCTGCCTT-1,-3.5875623,7.4598002,s1d3
CTGCCATGTTGCCATA-1,-1.6630589,7.050536,s1d3
CTGCCATTCATGCTAG-1,11.449948,14.065531,s1d3
CTGCCATTCGAATGCT-1,6.0554996,6.501425,s1d3
CTGCCATTCGACCATA-1,4.145458,5.568596,s1d3
CTGCCTAAGAAATTCG-1,-5.144639,4.9298673,s1d3
CTGCCTAAGGTTCCAT-1,14.54476,9.538268,s1d3
CTGCCTACAAGTGGCA-1,-5.0514183,6.922582,s1d3
CTGCCTACACCTCAGG-1,-3.3149962,9.668193,s1d3
CTGCCTACATTGCTTT-1,16.273935,6.658666,s1d3
CTGCCTAGTGTCCACG-1,-4.2726655,10.283935,s1d3
CTGCCTATCCATCTCG-1,14.9996395,8.941781,s1d3
CTGCGAGAGTGCAGGT-1,16.106,8.04292,s1d3
CTGCGAGAGTGTTCCA-1,5.395311,19.75198,s1d3
CTGCGAGAGTTGTACC-1,16.585897,4.8565197,s1d3
CTGCGAGCAAAGTGTA-1,15.513804,6.674352,s1d3
CTGCGAGCAACCTAAC-1,10.508498,13.05881,s1d3
CTGCGAGCAGAACCGA-1,4.001504,13.420523,s1d3
CTGCGAGCAGTCGCAC-1,10.2918825,4.9555526,s1d3
CTGCGAGTCAAAGGTA-1,2.7594254,7.977993,s1d3
CTGCGAGTCCTGATAG-1,11.092339,12.232608,s1d3
CTGCTCAAGACTTAAG-1,13.078972,13.931304,s1d3
CTGCTCAAGCCTGCCA-1,12.019513,13.189144,s1d3
CTGCTCAAGGAGGTTC-1,12.1484995,8.76479,s1d3
CTGCTCAAGGATTCCT-1,7.603711,-1.052914,s1d3
CTGCTCACAACGCATT-1,-4.908786,6.8673463,s1d3
CTGCTCACAAGCCCAC-1,5.93939,19.215605,s1d3
CTGCTCAGTGAATAAC-1,11.945519,12.908466,s1d3
CTGCTCATCCACTTTA-1,9.676263,3.9426491,s1d3
CTGCTCATCCCTAGGG-1,12.717175,13.512678,s1d3
CTGCTCATCGTTGCCT-1,2.8473842,17.604355,s1d3
CTGGACGAGCACCCAC-1,14.858649,9.813276,s1d3
CTGGACGAGGCGCTCT-1,11.151354,7.818442,s1d3
CTGGACGCAAGAATGT-1,-5.4567027,9.624357,s1d3
CTGGACGCAAGATTGA-1,8.66566,7.787899,s1d3
CTGGACGCAATAGTCC-1,10.145322,6.9315205,s1d3
CTGGACGCATGACTGT-1,-4.1210523,7.759854,s1d3
CTGGACGTCTTCGACC-1,12.851088,14.018141,s1d3
CTGGACGTCTTGGATG-1,5.64958,19.442654,s1d3
CTGGCAGCAACCTAAC-1,12.373559,7.152772,s1d3
CTGGCAGCAATGAAAC-1,-1.2765365,6.137181,s1d3
CTGGCAGCAGAAACCG-1,12.091609,12.590222,s1d3
CTGGCAGCATGACCCG-1-1,12.802309,13.9620905,s1d3
CTGGCAGGTATTAAGG-1,14.131317,9.375395,s1d3
CTGGCAGGTCACGTGC-1,11.848445,12.989566,s1d3
CTGGCAGGTCGTCGGT-1,-4.014286,9.353617,s1d3
CTGGCAGGTCTCACGG-1,12.388772,13.551692,s1d3
CTGGCAGTCCACAGCG-1,13.985082,6.162922,s1d3
CTGGCAGTCGCCACTT-1,-4.9455547,7.3927608,s1d3
CTGGCAGTCGTTCAGA-1,3.029626,16.355822,s1d3
CTGGCAGTCTATTCGT-1,2.075468,8.347798,s1d3
CTGGCAGTCTGTCCGT-1,16.828102,5.8150973,s1d3
CTGGTCTGTAACATCC-1,3.4959943,15.131898,s1d3
CTGGTCTGTACCGCGT-1,11.75213,5.4010487,s1d3
CTGGTCTGTGAGCCAA-1,11.027001,13.223552,s1d3
CTGGTCTTCCGGTTCT-1,11.288045,11.584697,s1d3
CTGGTCTTCGCAGTTA-1,12.551364,8.596145,s1d3
CTGGTCTTCGGCATTA-1,-4.396502,9.636744,s1d3
CTGGTCTTCTAAACGC-1,-4.0158377,9.760773,s1d3
CTGGTCTTCTCTAAGG-1,11.770191,11.158947,s1d3
CTGTACCAGAGCCATG-1,12.395204,10.748029,s1d3
CTGTACCCAAATAAGC-1,13.3886795,13.303884,s1d3
CTGTACCCAATCGAAA-1,2.1179416,7.484216,s1d3
CTGTACCCAGTCAGCC-1,-5.9108524,7.276867,s1d3
CTGTACCGTCGATTAC-1,13.551497,13.242163,s1d3
CTGTACCGTGATGTAA-1,13.072733,10.0683775,s1d3
CTGTACCGTGGCTCTG-1,16.205612,8.7972145,s1d3
CTGTACCGTTCGAAGG-1,5.6417866,-4.320603,s1d3
CTGTACCGTTGTGCAT-1,7.044142,0.18325,s1d3
CTGTACCGTTTACCTT-1,13.301011,9.186803,s1d3
CTGTACCTCTTGAGCA-1,8.710485,7.9152327,s1d3
CTGTAGAAGCCTCGTG-1,9.63419,5.0675354,s1d3
CTGTAGAAGCTGTGCC-1,12.276985,9.000138,s1d3
CTGTAGACAATAGTAG-1,2.645406,7.6714077,s1d3
CTGTAGACACAGCTTA-1,12.122121,13.776634,s1d3
CTGTAGACATAGCACT-1,-4.9842305,8.220306,s1d3
CTGTAGAGTGGGCTCT-1,10.1021185,6.5045567,s1d3
CTGTAGAGTGGTCCGT-1,11.304674,13.193936,s1d3
CTGTAGAGTTGTGTAC-1,10.675046,13.634166,s1d3
CTGTAGATCGTTTACT-1,11.016696,7.5009794,s1d3
CTGTATTAGCCAAGTG-1,10.763955,9.797279,s1d3
CTGTATTAGGCGTTGA-1,14.307843,9.378785,s1d3
CTGTATTCAAATGCTC-1,5.3851523,19.444677,s1d3
CTGTATTCATACTTTC-1,10.004585,12.180436,s1d3
CTGTATTGTATTCTCT-1,-4.6191206,7.1791725,s1d3
CTGTATTTCAGGTGTT-1,-4.335508,7.9571023,s1d3
CTGTCGTAGCACCTGC-1,14.316568,9.541889,s1d3
CTGTCGTAGCCAAGCA-1,-5.104272,10.183344,s1d3
CTGTCGTAGGCTAAAT-1,4.7128425,20.110014,s1d3
CTGTCGTAGTCACGAG-1,11.045039,12.847698,s1d3
CTGTCGTCAGAGAGGG-1,-4.3751025,8.927226,s1d3
CTGTCGTCATCTTTCA-1,13.751259,5.945552,s1d3
CTGTCGTGTCTAGATC-1,11.640506,10.535901,s1d3
CTGTCGTTCCCGTTCA-1,1.5344802,4.451173,s1d3
CTGTCGTTCTAGACAC-1,10.638068,6.868787,s1d3
CTGTCGTTCTTTCCGG-1,12.122596,11.88705,s1d3
CTGTGAAAGAGCATAT-1,11.037776,10.517019,s1d3
CTGTGAAAGCATCCTA-1,-4.802634,8.190398,s1d3
CTGTGAACAATGAGCG-1,-4.125419,7.9876485,s1d3
CTGTGAACACACTTAG-1,10.422427,12.402531,s1d3
CTGTGAACACTAACGT-1,12.320879,9.76472,s1d3
CTGTGAACACTACCGG-1,-5.042959,7.0380945,s1d3
CTGTGAAGTGTCATCA-1,12.373251,13.418942,s1d3
CTGTGAAGTTTGTTCT-1,12.634818,13.916773,s1d3
CTGTGAATCGACCCAG-1,1.7742349,6.933438,s1d3
CTGTGAATCTGTAAGC-1,11.861495,12.665441,s1d3
CTGTGGGAGCACGGAT-1,11.642942,12.306317,s1d3
CTGTGGGAGTGGAAAG-1,10.688748,6.5835986,s1d3
CTGTGGGCAGCGCGTT-1,12.356713,7.7982516,s1d3
CTGTGGGGTAGCGCTC-1,2.518314,6.0551915,s1d3
CTGTGGGGTTAGTTCG-1,11.161564,7.775793,s1d3
CTGTGGGTCCGGCAAC-1,11.281818,9.817984,s1d3
CTTACCGAGAGTGGCT-1,-3.9160814,8.888606,s1d3
CTTACCGAGCGACATG-1,-4.3426423,8.141809,s1d3
CTTACCGAGGCCTAAG-1,10.8855295,12.961629,s1d3
CTTACCGCACCTGCTT-1,-1.3555385,6.1253023,s1d3
CTTACCGCAGATCCAT-1,-3.7140317,9.223554,s1d3
CTTACCGGTCGCTGCA-1,13.012126,13.361032,s1d3
CTTACCGGTGGTCCGT-1,13.260797,12.377712,s1d3
CTTACCGGTTGTCCCT-1,4.0177493,17.469286,s1d3
CTTACCGTCTATCGGA-1,-5.47076,11.9439535,s1d3
CTTACCGTCTTACCGC-1,5.6988564,19.200443,s1d3
CTTAGGAAGACTTCCA-1,11.540426,7.953208,s1d3
CTTAGGAAGATACAGT-1,-3.7670944,7.9538035,s1d3
CTTAGGACACGCAGTC-1,12.7704315,7.448621,s1d3
CTTAGGAGTATTGGCT-1,3.102947,2.9716532,s1d3
CTTAGGAGTCACGTGC-1,-3.9664397,8.921564,s1d3
CTTAGGAGTTACCCTC-1,3.2871056,2.1015959,s1d3
CTTAGGATCTGTCTCG-1,-4.811101,9.970414,s1d3
CTTCAATAGCACTGGA-1,1.935255,6.2542663,s1d3
CTTCAATAGCGTATGG-1,10.803347,11.091513,s1d3
CTTCAATCAACCCTAA-1,12.904383,8.959981,s1d3
CTTCAATCAAGATGTA-1,9.966529,13.668654,s1d3
CTTCAATCAGGCTATT-1,14.295915,8.292844,s1d3
CTTCAATGTGAATTAG-1,12.861386,13.187038,s1d3
CTTCCGAAGAGCCGTA-1,-3.8281386,7.578826,s1d3
CTTCCGAAGCTTTCTT-1,1.1572932,4.402829,s1d3
CTTCCGAAGTACTGGG-1,3.330787,18.020138,s1d3
CTTCCGAGTAACACCT-1,17.024952,5.728269,s1d3
CTTCCGAGTTGTTGTG-1,5.723114,16.169577,s1d3
CTTCCGATCAGCAGAG-1,1.9485191,17.85476,s1d3
CTTCCGATCCTGTTAT-1,12.463393,6.291902,s1d3
CTTCCGATCGATACGT-1,-4.6345663,6.961603,s1d3
CTTCCGATCTTTCCAA-1,5.6207647,16.166336,s1d3
CTTCCTTAGACGGTTG-1,6.365774,-3.0168831,s1d3
CTTCCTTCAAGTATAG-1,14.07903,7.5412593,s1d3
CTTCCTTCAATTTCTC-1,4.1569524,5.638156,s1d3
CTTCCTTCACCTATCC-1,8.00769,-0.83526236,s1d3
CTTCCTTCACTTCTCG-1,11.627458,9.792076,s1d3
CTTCCTTCATTCCTCG-1,-4.6232295,6.139878,s1d3
CTTCCTTGTACGAAAT-1,9.157026,3.1287885,s1d3
CTTCCTTGTACGTTCA-1,12.538157,10.173094,s1d3
CTTCCTTGTCCATAGT-1,-5.0063586,7.800906,s1d3
CTTCCTTGTGTAAACA-1,12.970751,12.914305,s1d3
CTTCCTTGTTGGTGTT-1,8.205722,-0.79236114,s1d3
CTTCCTTTCAAAGGTA-1,17.091412,5.0102816,s1d3
CTTCCTTTCAAGGAGC-1,11.292487,13.311851,s1d3
CTTCCTTTCCGGACGT-1,-1.28684,3.2135847,s1d3
CTTCCTTTCCTTGGAA-1,11.473006,12.23893,s1d3
CTTCCTTTCTCAGGCG-1,10.381664,12.887545,s1d3
CTTCGGTAGGCTATCT-1,10.627766,11.7514715,s1d3
CTTCGGTAGGGCATGT-1,11.791848,12.430504,s1d3
CTTCGGTGTCCGGATC-1,11.573169,7.7656617,s1d3
CTTCGGTGTCTGTGCG-1,7.4640007,-4.2474174,s1d3
CTTCGGTGTGCAACGA-1,10.765964,6.689192,s1d3
CTTCGGTGTTGGCCGT-1,2.2240288,4.069281,s1d3
CTTCGGTTCAGGCGAA-1,13.020955,6.173429,s1d3
CTTCGGTTCATGAAAG-1,13.961883,9.558784,s1d3
CTTCGGTTCCATCTCG-1,10.8667,10.386465,s1d3
CTTCGGTTCCATTTAC-1,13.706965,7.721808,s1d3
CTTCGGTTCTTAGCAG-1,7.1239076,3.3062763,s1d3
CTTCTAAAGATTCGCT-1,14.151691,8.571594,s1d3
CTTCTAAAGCTTCTAG-1,11.943276,11.900458,s1d3
CTTCTAAAGGGCGAAG-1,-5.0592375,9.016403,s1d3
CTTCTAATCGGTGAAG-1,11.734995,14.000139,s1d3
CTTCTCTAGCGGGTTA-1,8.433121,7.6001983,s1d3
CTTCTCTAGTAGATCA-1,-5.258297,12.156116,s1d3
CTTCTCTTCCACCTCA-1,12.092316,6.692364,s1d3
CTTCTCTTCGTGGAAG-1,-4.07506,6.344055,s1d3
CTTCTCTTCTAGTACG-1,1.7836605,7.4636245,s1d3
CTTGAGAGTCTCACGG-1,-1.5426551,6.366593,s1d3
CTTGAGATCACTCCGT-1,3.3329775,3.0358427,s1d3
CTTGATTAGACCCTTA-1,-1.8437065,3.8401506,s1d3
CTTGATTAGAGTGACC-1,12.438824,11.325851,s1d3
CTTGATTAGGTGGCTA-1,5.3729706,16.196661,s1d3
CTTGATTAGTGACCTT-1,6.764611,-3.6715443,s1d3
CTTGATTCAAATCAGA-1,16.256086,6.1601753,s1d3
CTTGATTCAGCTATTG-1,13.27123,7.1056046,s1d3
CTTGATTGTCTATGAC-1,10.201231,10.353747,s1d3
CTTGATTGTGCAGATG-1,11.335473,14.767619,s1d3
CTTGATTTCAAGAGTA-1,13.435009,6.7128425,s1d3
CTTGATTTCCACGGGT-1,11.718044,5.88636,s1d3
CTTGATTTCCCGAACG-1,11.836683,8.412122,s1d3
CTTGATTTCCGCACGA-1,11.09487,7.7504954,s1d3
CTTGATTTCTGCGGCA-1,11.945032,13.747483,s1d3
CTTTCAACAAGTCCAT-1,6.8361554,17.819399,s1d3
CTTTCAACATGGAAGC-1,7.868614,-4.312592,s1d3
CTTTCAACATGGATCT-1,15.959797,6.7113886,s1d3
CTTTCAATCATGTCTT-1,8.650613,7.892905,s1d3
CTTTCAATCGGTAAGG-1,-4.8306327,8.443636,s1d3
CTTTCAATCTATTTCG-1,6.7284102,-3.5381708,s1d3
CTTTCAATCTCCAAGA-1,14.540901,6.315014,s1d3
CTTTCGGAGACTTAAG-1,11.357441,6.9131184,s1d3
CTTTCGGAGCAGTACG-1,11.013042,11.299088,s1d3
CTTTCGGAGCCTTTCC-1,10.241546,12.421579,s1d3
CTTTCGGAGTCATGAA-1,15.351763,9.374622,s1d3
CTTTCGGAGTGTAGTA-1,-5.2178407,11.646129,s1d3
CTTTCGGCAACCGTGC-1,12.726185,12.0213,s1d3
CTTTCGGCACTCGATA-1,-4.3274655,7.190306,s1d3
CTTTCGGCAGCCTATA-1,12.226918,13.297968,s1d3
CTTTCGGCAGTGGTGA-1,10.053898,12.398061,s1d3
CTTTCGGCATTCTCTA-1,8.370726,6.9452214,s1d3
CTTTCGGGTATTTCGG-1,6.6799774,17.72708,s1d3
CTTTCGGTCAGATGCT-1,5.174774,19.202517,s1d3
CTTTCGGTCGACGCTG-1,15.589526,8.794814,s1d3
CTTTCGGTCGGCTTCT-1,12.750489,11.653575,s1d3
GAAACCTAGAAGCGAA-1,-1.4109405,3.7568045,s1d3
GAAACCTAGCGTTCAT-1,1.9567883,16.697023,s1d3
GAAACCTCAATTCTTC-1,15.925748,8.587707,s1d3
GAAACCTCACACGTGC-1,14.305897,9.842111,s1d3
GAAACCTGTAGGAGGG-1,14.296094,9.625793,s1d3
GAAACCTGTTGTCAGT-1,17.026474,5.689591,s1d3
GAAACCTTCCATACAG-1,9.038329,7.3985558,s1d3
GAAACCTTCTATTCGT-1,12.091912,13.192705,s1d3
GAAATGAAGCACTCGC-1,11.262317,9.824271,s1d3
GAAATGAAGTATAGGT-1,10.49399,10.272462,s1d3
GAAATGACACCAGACC-1,11.977601,12.451729,s1d3
GAAATGAGTCTACATG-1,10.237587,5.0116887,s1d3
GAAATGAGTTGCATAC-1,12.33791,11.645277,s1d3
GAAATGATCCAACCGG-1,11.212346,10.230975,s1d3
GAAATGATCCGTGGCA-1,12.930313,11.632798,s1d3
GAACACTAGACATAAC-1,11.562471,5.8860493,s1d3
GAACACTAGAGTGTGC-1,11.819563,11.900569,s1d3
GAACACTAGCTCGAAG-1,11.595184,10.76014,s1d3
GAACACTAGGTTGACG-1,13.444366,13.920105,s1d3
GAACACTCAATAGTAG-1,10.010257,11.930875,s1d3
GAACACTCACTTGTCC-1,10.462427,5.5799212,s1d3
GAACACTGTAGAGTTA-1,12.066241,14.032754,s1d3
GAACACTGTTAGGGTG-1,2.5086544,18.224102,s1d3
GAACACTTCAAGTAAG-1,13.067024,12.426746,s1d3
GAACGTTAGACTACCT-1,12.05933,13.815005,s1d3
GAACGTTCATCGAACT-1,12.165206,13.2172785,s1d3
GAACGTTGTGACAGGT-1,12.001505,13.468346,s1d3
GAACGTTGTTGTTTGG-1,12.928952,13.868652,s1d3
GAACGTTTCCTACGAA-1,11.440355,11.42699,s1d3
GAACTGTAGTCATTGC-1,16.228786,6.41576,s1d3
GAACTGTCACTACTTT-1,13.52354,13.478414,s1d3
GAACTGTGTCCCGCAA-1,16.64521,5.060365,s1d3
GAACTGTGTCTTGCTC-1,17.0059,6.533615,s1d3
GAACTGTGTGTAAACA-1,11.132046,6.621509,s1d3
GAACTGTGTTGCGTAT-1,11.720119,11.388616,s1d3
GAAGAATAGATCCCAT-1,10.284945,4.9885206,s1d3
GAAGAATCAAGGTCAG-1,9.538797,0.22541519,s1d3
GAAGAATCACCAAATC-1,10.806893,13.025879,s1d3
GAAGAATCATAGGTAA-1,8.308907,3.7569792,s1d3
GAAGAATCATGTTACG-1,15.319181,9.434147,s1d3
GAAGAATGTAGCTAAA-1,5.366678,-5.207377,s1d3
GAAGAATTCATCGGGC-1,10.157005,10.301986,s1d3
GAAGAATTCCATCAGA-1,6.349052,-5.4997325,s1d3
GAAGAATTCCGCACTT-1,12.340974,8.19884,s1d3
GAAGAATTCGCTTGCT-1,11.088248,7.186186,s1d3
GAAGAATTCTGGGATT-1,13.689422,9.333131,s1d3
GAAGCCCAGACGGAAA-1,-4.7495008,7.419189,s1d3
GAAGCCCAGATAGCAT-1,11.276316,6.7886763,s1d3
GAAGCCCAGGTGAGCT-1,-4.167778,6.4916463,s1d3
GAAGCCCAGTCAATCC-1,-5.105864,8.256864,s1d3
GAAGCCCCAAGGGTCA-1,12.79841,13.4016075,s1d3
GAAGCCCCACCAATTG-1,-4.7624397,7.642339,s1d3
GAAGCCCCACTTGGCG-1,1.138822,4.320049,s1d3
GAAGCCCGTATGAAGT-1,5.0275598,18.149006,s1d3
GAAGCCCGTTCCTAGA-1,15.4383135,8.481142,s1d3
GAAGCCCTCATGTCAG-1,2.7475386,7.442555,s1d3
GAAGCCCTCCTCATAT-1,6.70483,-2.0019925,s1d3
GAAGCCCTCCTCTCGA-1,11.103164,13.120644,s1d3
GAAGCCCTCTGCATGA-1,11.039915,13.193108,s1d3
GAAGCGAAGAGGGTGG-1,11.360141,7.84613,s1d3
GAAGCGAAGAGTAACT-1,2.8459516,7.8786917,s1d3
GAAGCGAAGCCACAAG-1,6.536553,-4.611194,s1d3
GAAGCGAAGGACTGGT-1,6.302052,3.0442348,s1d3
GAAGCGAAGGATATAC-1,14.216334,8.612527,s1d3
GAAGCGACAAGGAGTC-1,10.183686,13.354886,s1d3
GAAGCGACAGATTTCG-1,5.7288938,15.873503,s1d3
GAAGCGAGTATGGTTC-1,10.050616,12.128616,s1d3
GAAGCGAGTCGGTACC-1,11.067039,13.285094,s1d3
GAAGCGATCAGGTAAA-1,14.563523,6.4936438,s1d3
GAAGCGATCCACGAAT-1,6.3491006,3.3298242,s1d3
GAAGCGATCGCTCATC-1,-5.1800556,8.247241,s1d3
GAAGCGATCGGCAGTC-1,4.67795,4.7646837,s1d3
GAAGCGATCTATTTCG-1,8.461534,6.9224706,s1d3
GAAGCGATCTTGCAAG-1,-4.5948067,7.0642905,s1d3
GAAGGACAGAGTAACT-1,1.5715753,7.652403,s1d3
GAAGGACAGCAACTCT-1,11.405478,6.5516825,s1d3
GAAGGACAGGAAAGAC-1,11.54747,13.044455,s1d3
GAAGGACAGTGGATTA-1,10.55422,11.954884,s1d3
GAAGGACAGTTTAGGA-1,15.843584,6.6865554,s1d3
GAAGGACCAACCGTGC-1,16.71328,6.408343,s1d3
GAAGGACCACGACAAG-1,5.8284564,19.492376,s1d3
GAAGGACCAGAACATA-1,-4.620722,7.993731,s1d3
GAAGGACGTAACCCTA-1,10.774498,11.339551,s1d3
GAAGGACGTAGGACCA-1,11.695277,8.888382,s1d3
GAAGGACGTGCTCCGA-1,2.9173813,17.174313,s1d3
GAAGGACTCCTCAGGG-1,7.3534865,-3.7612817,s1d3
GAAGGACTCGCAATGT-1,5.825162,-2.4856222,s1d3
GAAGGGTAGGTTCTAC-1,11.0173855,8.542364,s1d3
GAAGGGTAGTAGCAAT-1,9.924352,5.849453,s1d3
GAAGGGTAGTTCCATG-1,9.922453,11.675957,s1d3
GAAGGGTCAGAAGCGT-1,14.721944,9.047985,s1d3
GAAGGGTGTACATTGC-1,11.748679,10.636682,s1d3
GAAGGGTGTCACAGTT-1,11.078424,13.390755,s1d3
GAAGGGTGTCCTTTGC-1,11.56376,14.478778,s1d3
GAAGGGTGTTCCGTTC-1,11.996551,14.552154,s1d3
GAAGGGTTCTTCCCAG-1,-5.4253902,10.0257,s1d3
GAAGTAAAGAGATTCA-1,10.998814,11.480297,s1d3
GAAGTAAAGAGTCAAT-1,-0.9222936,4.1588736,s1d3
GAAGTAAAGGGAACAA-1,11.343461,10.65511,s1d3
GAAGTAAAGTAATCCC-1,13.050522,10.108656,s1d3
GAAGTAACAACGGCTC-1,13.025753,7.2189636,s1d3
GAAGTAACACAAGTGG-1,14.187672,10.381185,s1d3
GAAGTAACACTCATAG-1,11.708365,11.746008,s1d3
GAAGTAAGTATGAAAC-1,12.051535,12.323837,s1d3
GAAGTAAGTCTTGGTA-1,11.032406,11.054872,s1d3
GAAGTAAGTGGCTTGC-1,5.2365446,17.007126,s1d3
GAAGTAAGTTCTCACC-1,11.175965,11.168367,s1d3
GAAGTAATCCCTAGGG-1,11.186424,-1.1800753,s1d3
GAAGTAATCCGAAATC-1,12.046021,12.235871,s1d3
GAAGTAATCCGAGATT-1,-4.9160194,7.75249,s1d3
GAATAGAAGTAGCATA-1,12.149915,10.704775,s1d3
GAATAGACAACCTATG-1,12.740584,9.498541,s1d3
GAATAGACAAGCTACT-1,11.231338,11.751048,s1d3
GAATAGACAGGCGTTC-1,4.140642,17.05947,s1d3
GAATAGACATTCTCTA-1,-5.1303086,5.0939093,s1d3
GAATAGAGTCCCTAAA-1,16.309616,5.2944255,s1d3
GAATAGATCCTGATAG-1,1.0072291,4.6058717,s1d3
GAATCACAGCACTTTG-1,1.4070092,7.8006153,s1d3
GAATCACAGTGCGCTC-1,13.684668,5.367335,s1d3
GAATCACCACTTCAAG-1,3.0117826,14.222521,s1d3
GAATCACCAGTCGAGA-1,5.6606307,-1.2326105,s1d3
GAATCACGTACCACGC-1,11.635332,8.0755005,s1d3
GAATCACGTTGTTGCA-1,-4.054408,8.74322,s1d3
GAATCACTCATTCGTT-1,-4.3912845,6.5931787,s1d3
GAATCACTCCTACGGG-1,6.065298,-0.8428264,s1d3
GAATCGTAGATAGTGT-1,11.273593,7.8221803,s1d3
GAATCGTAGCGTCGAA-1,13.95242,10.039723,s1d3
GAATCGTCACGGTGAA-1,11.266482,12.563967,s1d3
GAATCGTCACTTCTCG-1,6.8498135,-5.6546283,s1d3
GAATCGTCAGTCGGAA-1,10.996884,12.007168,s1d3
GAATCGTCATGTCTAG-1,9.967701,4.402596,s1d3
GAATCGTGTGTAGTGG-1,4.7258716,17.058878,s1d3
GAATCGTGTTGCGAAG-1,17.169865,4.786049,s1d3
GAATCGTTCTGGGAGA-1,-4.494738,9.117108,s1d3
GACACGCAGACAACAT-1,13.017428,12.0583515,s1d3
GACACGCCACAATGAA-1,5.506847,18.278751,s1d3
GACACGCCAGAACTCT-1,12.214247,14.013693,s1d3
GACACGCGTTAAGGGC-1,14.832363,9.921642,s1d3
GACACGCGTTACGGAG-1,1.6705319,6.959004,s1d3
GACACGCGTTCCGCGA-1,10.545504,10.116963,s1d3
GACACGCTCAGACCGC-1,14.575447,9.379983,s1d3
GACACGCTCTAGTACG-1,-5.3746123,7.7543955,s1d3
GACAGCCCAATGCTCA-1,-2.2969377,3.7500248,s1d3
GACAGCCCACTAAACC-1,11.92103,12.22833,s1d3
GACAGCCCATCGTGGC-1,2.7497375,14.547791,s1d3
GACAGCCGTTTGAACC-1,5.192067,18.721857,s1d3
GACATCAAGAAGGTAG-1,12.538738,13.775351,s1d3
GACATCACAACCGCTG-1,8.904926,7.194755,s1d3
GACATCACATCGCTCT-1,4.9773006,14.663661,s1d3
GACATCAGTAGTTCCA-1,1.3721213,5.8073616,s1d3
GACATCATCCACGGGT-1,-5.3796053,7.020499,s1d3
GACATCATCCGTAGTA-1,13.308262,13.305282,s1d3
GACATCATCGCTTGCT-1,-4.7881284,8.626666,s1d3
GACATCATCGGCATTA-1,2.4052842,14.074004,s1d3
GACATCATCTGTGCGG-1,10.847909,13.862294,s1d3
GACCAATAGAGCCGAT-1,-4.6459656,10.702373,s1d3
GACCAATAGCCGATTT-1,10.884906,12.085896,s1d3
GACCAATAGCCTCATA-1,10.064722,11.8058405,s1d3
GACCAATAGGTGCTTT-1,12.139614,13.699103,s1d3
GACCAATAGTAAGACT-1,12.259616,13.551178,s1d3
GACCAATCAAAGCTAA-1,3.9789104,13.561748,s1d3
GACCAATCATCTTTCA-1,13.83353,7.8003,s1d3
GACCAATGTGCGAGTA-1,-5.706683,8.311763,s1d3
GACCCAGAGAAGGATG-1,8.736654,8.096893,s1d3
GACCCAGAGGGATCTG-1,-4.2349086,9.340361,s1d3
GACCCAGCACCGCTGA-1,-4.4666147,10.553086,s1d3
GACCCAGCATAATCCG-1,12.95477,10.800024,s1d3
GACCCAGGTACAAACA-1,8.495754,7.583581,s1d3
GACCCAGGTCATGCAT-1,-3.8950756,8.779054,s1d3
GACCCAGTCATGACAC-1,13.905763,10.142212,s1d3
GACCCAGTCCATTTAC-1,11.221767,9.971492,s1d3
GACCCAGTCGCGTCGA-1,16.296572,8.848042,s1d3
GACCCAGTCGTTCTCG-1,11.394929,14.728261,s1d3
GACCCAGTCTTCTGTA-1,-4.648432,7.9553914,s1d3
GACCCTTAGAGTCGAC-1,-0.97378826,7.3362627,s1d3
GACCCTTCATCATCTT-1,1.8521246,7.813025,s1d3
GACCCTTCATCGTGCG-1,11.416359,8.542943,s1d3
GACCCTTGTTGACGGA-1,5.333364,-2.932888,s1d3
GACCCTTTCCACTGAA-1,5.032632,-3.4893658,s1d3
GACCGTGGTCCTCATC-1,11.859295,12.052398,s1d3
GACCGTGGTGACAGCA-1,10.939958,10.913676,s1d3
GACCGTGGTTCAAGTC-1,10.988374,14.718386,s1d3
GACCGTGTCGGCATTA-1,-4.740252,10.900758,s1d3
GACCTTCAGTTAGTGA-1,-5.1907063,11.625248,s1d3
GACCTTCCAAGAGTGC-1,10.999288,11.303799,s1d3
GACCTTCCACAAAGCG-1,11.172813,9.505947,s1d3
GACCTTCCATTGACCA-1,-4.3796387,9.591008,s1d3
GACCTTCGTCCATACA-1,-5.6809583,11.53918,s1d3
GACCTTCGTGTTGATC-1,12.663395,12.756186,s1d3
GACCTTCTCGGCCTTT-1,-1.0464315,4.0423403,s1d3
GACGCTGAGCTAGCCC-1,5.1020346,-3.8657866,s1d3
GACGCTGAGTCATACC-1,11.111162,-0.741333,s1d3
GACGCTGCAGTCGTTA-1,10.25434,13.4395275,s1d3
GACGCTGGTAAGTTGA-1,6.876378,3.144883,s1d3
GACGCTGGTGCAATAA-1,5.8235683,19.150208,s1d3
GACGCTGGTTCTGAGT-1,2.6208336,16.497242,s1d3
GACGCTGTCCGACAGC-1,-1.5286387,6.835043,s1d3
GACGCTGTCGCTGTTC-1,8.989449,5.047517,s1d3
GACGCTGTCTCTATGT-1,-2.0750744,3.829769,s1d3
GACGTTAAGGGTATAT-1,-4.632027,8.191651,s1d3
GACGTTACAGGTTCCG-1,4.055803,17.2005,s1d3
GACGTTACATTCGGGC-1,12.375699,11.098543,s1d3
GACGTTAGTCAACATC-1,11.180015,10.426381,s1d3
GACGTTAGTCACGCTG-1,10.381096,9.208381,s1d3
GACGTTAGTCCTTAAG-1,11.149837,12.129182,s1d3
GACGTTAGTCTCCCTA-1,10.887112,13.700581,s1d3
GACGTTATCGGCGATC-1,10.04462,-4.69926,s1d3
GACGTTATCTTCCCAG-1,2.7580223,18.083597,s1d3
GACTATGAGCGGGTTA-1,14.762366,5.6975584,s1d3
GACTATGAGTAGACCG-1,8.934487,7.4077334,s1d3
GACTATGCAAATGCGG-1,11.872901,13.795905,s1d3
GACTATGCAATTGAGA-1,10.805885,14.073814,s1d3
GACTATGCACTCATAG-1,-4.5693145,7.4225073,s1d3
GACTATGCACTTGGGC-1,10.708428,12.557797,s1d3
GACTATGCAGTTGGTT-1,12.448631,14.194549,s1d3
GACTATGGTTGGACCC-1,17.066698,5.502114,s1d3
GACTATGGTTTCACAG-1,12.196686,13.635862,s1d3
GACTATGTCATCTACT-1,8.520365,7.5659523,s1d3
GACTCAAAGAGTATAC-1,12.850331,14.211519,s1d3
GACTCAACACTGTGAT-1,11.288889,12.904281,s1d3
GACTCAAGTAGCGATG-1,-4.983091,9.720217,s1d3
GACTCAAGTCATGGCC-1,6.843388,18.07526,s1d3
GACTCAAGTCTTTCTA-1,11.596601,8.005392,s1d3
GACTCAAGTGGAAGTC-1,15.854019,8.885891,s1d3
GACTCTCAGGCCCACT-1,10.878908,11.982194,s1d3
GACTCTCAGTCATAGA-1,13.729544,10.434657,s1d3
GACTCTCAGTTGGCTT-1,-2.1705348,4.0927134,s1d3
GACTCTCCAAGGTCTT-1,13.473235,13.620282,s1d3
GACTCTCCATAGACTC-1,13.596322,5.1026545,s1d3
GACTCTCGTCATCTAG-1,7.4074073,-4.1592894,s1d3
GACTCTCTCTTCCAGC-1,13.442475,6.700599,s1d3
GACTGATCAAGGTCGA-1,10.349954,7.3252397,s1d3
GACTGATGTAGCGCTC-1,-5.583188,10.402961,s1d3
GACTGATGTCACTGAT-1,13.289817,6.0601583,s1d3
GACTGATGTCGAATTC-1,-0.09418738,4.0968704,s1d3
GACTGATGTCGAGCAA-1,-4.635597,7.443778,s1d3
GACTGATTCTGCTGAA-1,6.899738,3.5958397,s1d3
GACTTCCAGCCAACCC-1,11.393277,10.975698,s1d3
GACTTCCAGCGTCTCG-1,3.0463276,5.60415,s1d3
GACTTCCCAACCGATT-1,12.11616,10.70394,s1d3
GACTTCCCAATGACCT-1,2.9473042,6.2618246,s1d3
GACTTCCCACCTCAGG-1,11.9065695,11.679645,s1d3
GACTTCCCAGGTGTTT-1,4.4854198,18.652346,s1d3
GACTTCCGTTATAGAG-1,5.553342,19.499718,s1d3
GAGAAATAGACGCTCC-1,11.75182,14.108087,s1d3
GAGAAATAGGTAAGTT-1,11.387899,12.5787115,s1d3
GAGAAATCAGCTTCCT-1,8.0310335,-3.3653631,s1d3
GAGAAATCATTGAAAG-1,11.295722,8.3094,s1d3
GAGAAATGTCAGACGA-1,10.968713,8.535275,s1d3
GAGAAATTCATTGCCC-1,10.630154,12.538798,s1d3
GAGAAATTCGTGCAGC-1,12.838743,13.325313,s1d3
GAGAAATTCTAGGCCG-1,11.565103,11.791924,s1d3
GAGACCCAGACGAAGA-1,10.83133,12.886954,s1d3
GAGACCCCACCAGCCA-1,-4.6361113,8.214952,s1d3
GAGACCCCACGATTCA-1,10.793058,11.478824,s1d3
GAGACCCGTACAGGTG-1,-5.516639,10.4403515,s1d3
GAGACCCGTATAGGAT-1,2.276167,18.02661,s1d3
GAGACCCGTGAGTTGG-1,11.386135,10.160613,s1d3
GAGACCCGTGCAATAA-1,11.232219,10.821234,s1d3
GAGACCCGTTGGGATG-1,5.9581914,-1.6831236,s1d3
GAGACCCTCGCATAGT-1,-2.2936544,4.4560323,s1d3
GAGACCCTCGTGGCTG-1,8.48874,7.5034895,s1d3
GAGACCCTCTGGCCAG-1,3.0652952,14.105558,s1d3
GAGACTTAGCGTACAG-1,2.9091148,16.975588,s1d3
GAGACTTAGTGGTCAG-1,8.7637,7.2080784,s1d3
GAGACTTCACTAAACC-1,10.78482,10.2091055,s1d3
GAGACTTCATATCTCT-1,-1.4779942,6.513136,s1d3
GAGACTTGTCCTGAAT-1,3.352243,13.768558,s1d3
GAGACTTGTGTTCGTA-1,12.662584,13.299046,s1d3
GAGACTTGTTCTCAGA-1,8.651653,7.381105,s1d3
GAGACTTGTTGCATCA-1,12.970436,9.500747,s1d3
GAGACTTTCCCAATAG-1,11.359387,7.742663,s1d3
GAGAGGTAGTAAGACT-1,0.9901923,4.4716005,s1d3
GAGAGGTAGTCAGCGA-1,11.571226,11.391631,s1d3
GAGAGGTCAATTGTGC-1,3.9734604,13.687995,s1d3
GAGAGGTCATCGTTCC-1,4.670448,20.184515,s1d3
GAGAGGTCATGCCGGT-1,3.6129348,5.7041926,s1d3
GAGAGGTGTGCGTTTA-1,1.8359816,16.558376,s1d3
GAGAGGTTCCCTTCCC-1,13.623272,5.365783,s1d3
GAGAGGTTCGCTGTCT-1,13.028104,13.547539,s1d3
GAGATGGAGCGTGCTC-1,-5.5480638,8.800349,s1d3
GAGATGGCACAGCGCT-1,14.961851,8.996001,s1d3
GAGATGGCACCAGTTA-1,11.775775,14.439818,s1d3
GAGATGGCACTTGTGA-1,10.276768,14.356473,s1d3
GAGATGGCAGCACACC-1,13.037507,5.885412,s1d3
GAGATGGGTTTCAGAC-1,4.7653775,19.916233,s1d3
GAGATGGTCCGCCTAT-1,16.464333,5.3342957,s1d3
GAGATGGTCGGTCATA-1,12.3791685,10.035215,s1d3
GAGCCTGCAAATGAGT-1,12.077748,13.678047,s1d3
GAGCCTGCAATGCAAA-1,9.35015,7.2465496,s1d3
GAGCCTGCACAAACGG-1,12.868494,7.8499937,s1d3
GAGCCTGTCCGGCAGT-1,-4.326009,8.256793,s1d3
GAGCCTGTCTGGCCAG-1,-5.1874146,7.286023,s1d3
GAGCCTGTCTTAGCAG-1,10.029983,18.65634,s1d3
GAGCTGCAGAGGCGGA-1,-4.8074,9.151306,s1d3
GAGCTGCAGATACATG-1,0.65612066,5.033851,s1d3
GAGCTGCAGTCACGAG-1,10.7412,5.6797347,s1d3
GAGCTGCAGTGCAGGT-1,10.95618,11.506328,s1d3
GAGCTGCGTACTCCGG-1,-5.050828,10.342925,s1d3
GAGCTGCGTAGCCAGA-1,12.531247,6.18292,s1d3
GAGCTGCGTGCCTATA-1,15.000645,9.629695,s1d3
GAGCTGCGTTGCACGC-1,11.245759,13.18896,s1d3
GAGCTGCTCACCTTAT-1,-0.74506867,7.159534,s1d3
GAGCTGCTCTCGTTTA-1,10.186664,19.125387,s1d3
GAGCTGCTCTTGTGCC-1,-5.087162,4.204066,s1d3
GAGGCAACAATTAGGA-1,5.232741,18.999681,s1d3
GAGGCAACAGAGTGTG-1,16.934793,5.566627,s1d3
GAGGCAACATCGAAGG-1,9.912069,12.38238,s1d3
GAGGCAAGTATGGGAC-1,13.549357,13.683927,s1d3
GAGGCAAGTCTGCGCA-1,10.967351,7.0463185,s1d3
GAGGCAAGTGAGCCAA-1,12.137297,12.706537,s1d3
GAGGCAAGTTCACCGG-1,16.797693,6.232319,s1d3
GAGGCAATCCTATTTG-1,9.953862,12.391582,s1d3
GAGGCCTAGCTTAAGA-1,16.314953,6.2377276,s1d3
GAGGCCTCACTCGATA-1,10.615078,11.307981,s1d3
GAGGCCTCACTCTGCT-1,12.851779,13.246433,s1d3
GAGGCCTCAGCGTGAA-1,10.186639,18.028486,s1d3
GAGGCCTGTCGTGGTC-1,12.655836,5.6820726,s1d3
GAGGCCTGTCGTTGGC-1,3.8692424,5.083663,s1d3
GAGGGATAGAACGCGT-1,17.240164,5.3972645,s1d3
GAGGGATAGGACAAGA-1,11.013673,11.956126,s1d3
GAGGGATGTACAAACA-1,6.4433875,18.774818,s1d3
GAGGGATGTGCATTTG-1,12.04327,12.60606,s1d3
GAGGGATGTTCTGACA-1,14.254528,10.523581,s1d3
GAGGGATTCACTCGAA-1,11.234315,8.459836,s1d3
GAGGGATTCACTTCTA-1-1,8.34738,1.0352247,s1d3
GAGGGATTCTCTAAGG-1,-4.687751,8.18722,s1d3
GAGGGTAAGTGGAAAG-1,7.2274437,-0.9623026,s1d3
GAGGGTACAATCGCCG-1,8.687928,7.5039096,s1d3
GAGGGTACACAAATCC-1,-4.532077,8.515432,s1d3
GAGGGTAGTCCTGTTC-1,1.7730616,4.1317472,s1d3
GAGTCATAGACATAAC-1,12.752222,10.425012,s1d3
GAGTCATCAACTCCCT-1,10.502699,5.0448422,s1d3
GAGTCATGTGAACGGT-1,12.075193,7.750784,s1d3
GAGTCATGTGAATGTA-1,9.793497,5.3689995,s1d3
GAGTCATGTGCTTATG-1,14.505581,10.30753,s1d3
GAGTCATTCAATCCGA-1,11.222952,12.511109,s1d3
GAGTCATTCGAGCTGC-1,10.854134,8.574462,s1d3
GAGTCATTCTCGTCAC-1,-4.2318773,7.869571,s1d3
GAGTCTAAGACGTCGA-1,-4.946943,7.988567,s1d3
GAGTCTAAGGACATCG-1,1.7072296,7.2728505,s1d3
GAGTCTAAGTGAGTTA-1,14.29406,5.8448114,s1d3
GAGTCTACAATTGCTG-1,10.372381,10.973642,s1d3
GAGTCTACACAAATCC-1,12.130591,7.939052,s1d3
GAGTCTAGTGGCTTGC-1,11.629312,8.910538,s1d3
GAGTCTATCGTGGCGT-1,5.8287263,-1.5282673,s1d3
GAGTCTATCTTAGCCC-1,12.785826,7.95475,s1d3
GAGTGAGGTCAACCAT-1,9.078534,7.947132,s1d3
GAGTGAGTCAGTCCGG-1,11.412938,10.488081,s1d3
GAGTGAGTCCTCTAAT-1,12.025469,11.640292,s1d3
GAGTGAGTCCTGCCAT-1,1.8659029,16.507622,s1d3
GAGTGAGTCCTGTAGA-1,12.525258,10.044116,s1d3
GAGTGAGTCGTCTAAG-1,11.984091,11.790061,s1d3
GAGTGAGTCTCGCTTG-1,-4.826304,7.625184,s1d3
GAGTGTTAGCTTCTAG-1,9.795879,13.138597,s1d3
GAGTGTTAGGACAGTC-1,7.1574473,3.0564263,s1d3
GAGTGTTAGTAATACG-1,9.445028,5.1294785,s1d3
GAGTGTTCATCGCTGG-1,12.373072,13.911305,s1d3
GAGTGTTGTTCAATCG-1,12.794553,7.855053,s1d3
GAGTGTTTCCGACAGC-1,10.750138,7.6746216,s1d3
GAGTGTTTCGCCGATG-1,10.924784,8.44291,s1d3
GAGTTACAGTGGCGAT-1,4.008628,14.960208,s1d3
GAGTTACCACCAGCCA-1,8.3473,7.6308107,s1d3
GAGTTACCAGGCTTGC-1,-1.4040767,3.3886752,s1d3
GAGTTACCAGTTTCAG-1,11.330581,12.371694,s1d3
GAGTTACCATAAGCGG-1,14.3226595,9.726273,s1d3
GAGTTACCATCAGCGC-1,10.761174,11.779208,s1d3
GAGTTACGTCTCACGG-1,9.846485,4.3409853,s1d3
GAGTTACTCAAGTAAG-1,12.799898,7.5857153,s1d3
GAGTTACTCCGTGTGG-1,-0.80851406,4.1235027,s1d3
GAGTTGTAGATAACGT-1,11.054982,10.7538,s1d3
GAGTTGTAGCAACAAT-1,12.041753,14.120423,s1d3
GAGTTGTAGCTCCATA-1,13.850569,8.547998,s1d3
GAGTTGTAGGTAGTAT-1,10.7768545,8.610461,s1d3
GAGTTGTCAATACAGA-1,6.015389,-5.2963953,s1d3
GAGTTGTCACAACGCC-1,13.34507,7.7815795,s1d3
GAGTTGTCACGGCCAT-1,13.946148,5.7909503,s1d3
GAGTTGTCAGTCGGAA-1,-3.8801897,8.433648,s1d3
GAGTTGTCATGTTACG-1,1.1629924,6.039352,s1d3
GAGTTGTGTCTGTAAC-1,4.183191,17.164341,s1d3
GAGTTGTGTGTGAGCA-1,13.339623,13.572252,s1d3
GAGTTGTGTTCGTAAC-1,10.810851,13.39405,s1d3
GAGTTGTGTTTCGTGA-1,11.629761,14.561577,s1d3
GAGTTTGAGGGTTGCA-1,11.57358,8.575126,s1d3
GAGTTTGCAAACACGG-1,-4.560295,6.3886013,s1d3
GAGTTTGCAACTGCCG-1,10.650098,8.364379,s1d3
GAGTTTGCACACTGGC-1,-3.4839497,7.938097,s1d3
GAGTTTGCAGGGATAC-1,12.312394,8.278368,s1d3
GAGTTTGCAGTTGTCA-1,-4.991756,6.6204805,s1d3
GAGTTTGCATCTATCT-1,10.603263,12.039361,s1d3
GAGTTTGGTGGAACAC-1,6.7704344,18.018394,s1d3
GAGTTTGGTTCCGTTC-1,3.7669072,5.7258596,s1d3
GAGTTTGTCAATGCAC-1,3.0065668,4.821952,s1d3
GAGTTTGTCCATGATG-1,17.01866,5.506962,s1d3
GAGTTTGTCTGACCCT-1,10.192413,12.24816,s1d3
GATAGAAAGCGTGCCT-1,12.043035,12.175244,s1d3
GATAGAACACCCTGAG-1,12.009796,8.32907,s1d3
GATAGAACAGAGTCAG-1,11.652367,12.431685,s1d3
GATAGAAGTCCAGCCA-1-1,14.047343,10.511192,s1d3
GATAGAAGTTAGTTCG-1,-4.512187,7.7556763,s1d3
GATAGAATCGGTCACG-1,14.847413,9.629406,s1d3
GATAGAATCTGTGTGA-1,11.813118,11.991285,s1d3
GATAGCTAGATAGCAT-1,13.484484,6.690036,s1d3
GATAGCTAGCATCAGG-1,12.330849,14.478119,s1d3
GATAGCTAGTGGACTG-1,12.201629,6.604172,s1d3
GATAGCTGTATTCCTT-1,13.061716,6.404596,s1d3
GATAGCTTCGAGTTGT-1,-3.6885302,7.9388347,s1d3
GATAGCTTCTCTTAAC-1,11.960994,9.47437,s1d3
GATCACAAGGCTCACC-1,2.7864773,16.838634,s1d3
GATCACAAGGGTAGCT-1,2.7725935,14.88754,s1d3
GATCACAAGTAGCTCT-1,10.5235405,13.692156,s1d3
GATCACAGTATCGTGT-1,12.778164,13.823285,s1d3
GATCACAGTCGCGTTG-1,10.7660675,14.535111,s1d3
GATCAGTAGACGGTCA-1,2.512819,8.0071535,s1d3
GATCAGTCAAGTGTCT-1,11.853403,11.915941,s1d3
GATCAGTCACACGGAA-1,10.381439,11.663031,s1d3
GATCAGTGTCATGGCC-1,1.9274117,8.354285,s1d3
GATCAGTGTCTCCTGT-1,10.797309,6.12331,s1d3
GATCAGTGTTGCGGCT-1,4.003605,13.743021,s1d3
GATCAGTTCACCTCAC-1,6.522422,18.115921,s1d3
GATCAGTTCACTCCGT-1,11.781321,13.683703,s1d3
GATCAGTTCAGTGGGA-1,11.57005,13.088422,s1d3
GATCAGTTCCCAGGCA-1,5.3539715,18.21361,s1d3
GATCAGTTCGCGCTGA-1,16.613092,5.0603127,s1d3
GATCAGTTCGTCGATA-1,9.493961,3.6559625,s1d3
GATCAGTTCTACGCGG-1,16.937656,5.9234023,s1d3
GATCATGAGCCTCACG-1,15.2585,9.507788,s1d3
GATCATGAGCGCCGTT-1,15.332704,8.545418,s1d3
GATCATGCACACGGTC-1,13.400342,9.730486,s1d3
GATCATGCACCGTCGA-1,11.218689,13.819116,s1d3
GATCATGGTGGATTTC-1,14.181444,7.9880285,s1d3
GATCATGTCATCCCGT-1,1.4695301,4.215285,s1d3
GATCATGTCCCTCGTA-1,13.133133,13.704936,s1d3
GATCCCTAGGTGATCG-1,9.195924,12.248794,s1d3
GATCCCTAGTATCCTG-1,13.026945,13.408611,s1d3
GATCCCTGTTACTCAG-1,11.163329,8.2716,s1d3
GATCCCTTCAGACCGC-1,16.930752,4.5209665,s1d3
GATCCCTTCCACATAG-1,16.340473,8.764398,s1d3
GATCCCTTCCGTGTCT-1,16.294329,6.6638823,s1d3
GATCCCTTCGACATTG-1,11.651524,11.521732,s1d3
GATCCCTTCGTACACA-1,16.891102,5.441427,s1d3
GATCCCTTCTTTACAC-1,-5.61256,8.863847,s1d3
GATCGTAAGCGAATGC-1,11.693058,11.810726,s1d3
GATCGTAAGGCCTAAG-1,9.642261,4.536025,s1d3
GATCGTAAGGGTTGCA-1,11.358421,5.8801575,s1d3
GATCGTACAACACACT-1,12.319734,9.122328,s1d3
GATCGTACAATCTCGA-1,12.330373,11.607016,s1d3
GATCGTACACTTCAAG-1,12.844108,12.621712,s1d3
GATCGTACATGGTGGA-1,10.839412,11.819375,s1d3
GATCGTAGTCACCACG-1,15.051704,9.46485,s1d3
GATCGTATCAGCACCG-1,2.0474045,16.863504,s1d3
GATCGTATCCGGACTG-1,13.923726,6.1326466,s1d3
GATCGTATCTCCGATC-1,12.401756,13.709507,s1d3
GATCGTATCTCGCTCA-1,-4.4219537,7.045673,s1d3
GATGACTAGAGCATAT-1,1.6037388,8.14297,s1d3
GATGACTAGATGAACT-1,12.4481535,12.862191,s1d3
GATGACTAGGTACAGC-1,-5.0370836,8.25492,s1d3
GATGACTCACAGACGA-1,11.792539,9.508888,s1d3
GATGACTCACCGTGCA-1,2.658829,7.955315,s1d3
GATGACTCATTGCCGG-1,16.439701,5.2758174,s1d3
GATGACTGTAGCCCTG-1,11.664013,10.862393,s1d3
GATGACTGTTCTAAGC-1,1.9236848,7.018442,s1d3
GATGACTTCGGTGAAG-1,-4.742038,10.628035,s1d3
GATGAGGAGATGTAGT-1,16.907804,4.9463706,s1d3
GATGAGGAGGTTGAGC-1,10.280995,11.324759,s1d3
GATGAGGCAACCTATG-1,11.350714,11.857534,s1d3
GATGAGGCACAGTCGC-1,-4.217722,9.879982,s1d3
GATGAGGCACTTACAG-1,11.160538,8.110304,s1d3
GATGAGGCAGCAGTTT-1,12.081177,12.190558,s1d3
GATGAGGGTGGTAATA-1,11.012702,10.449311,s1d3
GATGAGGTCACTTCTA-1,10.436693,12.090468,s1d3
GATGAGGTCGAGTGGA-1,11.103688,11.940439,s1d3
GATGAGGTCGGAAACG-1,10.143463,6.4505696,s1d3
GATGAGGTCTATTTCG-1,-4.109073,8.155522,s1d3
GATGAGGTCTCAAAGC-1,8.5377,8.005965,s1d3
GATGATCAGGTAGGCT-1,10.486214,14.498693,s1d3
GATGATCAGTCAGGGT-1,16.664259,6.1417146,s1d3
GATGATCGTCAGCTTA-1,10.136695,13.96122,s1d3
GATGCTAAGCTGCCTG-1,12.218172,8.200827,s1d3
GATGCTAAGGGACTGT-1,5.5042777,19.864143,s1d3
GATGCTAAGGTAGTAT-1,14.553425,9.973153,s1d3
GATGCTAAGTCCCTAA-1,13.538834,8.246764,s1d3
GATGCTAGTGCAACGA-1,3.61954,13.939525,s1d3
GATGCTAGTGTGGTCC-1,-3.5727243,9.890652,s1d3
GATGCTATCGAAGTGG-1,13.27811,13.282128,s1d3
GATGGAGCAAGAGGTC-1,10.099259,12.573341,s1d3
GATGGAGCAGAAGTTA-1,4.9310393,20.332468,s1d3
GATGGAGCAGATTTCG-1,3.9144962,14.655803,s1d3
GATGGAGGTACGGTTT-1,5.1923933,18.095152,s1d3
GATGGAGGTCACAATC-1,4.9903436,16.391537,s1d3
GATGGAGGTGGATCGA-1,10.777538,8.396607,s1d3
GATGGAGGTTACGATC-1,10.533055,12.558024,s1d3
GATGGAGGTTCTCTCG-1,-3.6802943,6.8716164,s1d3
GATGGAGGTTGGCTAT-1,9.731864,-4.3295465,s1d3
GATGGAGTCACGGGAA-1,3.952767,4.605616,s1d3
GATGGAGTCCCAAGCG-1,4.692022,17.23622,s1d3
GATGGAGTCTAACGCA-1,11.064835,-1.0112113,s1d3
GATGGAGTCTGGACCG-1,9.04047,5.13367,s1d3
GATGTTGAGAATACAC-1,12.687305,10.984031,s1d3
GATGTTGAGAGGGTGG-1,12.104675,14.287661,s1d3
GATGTTGAGTGGCAGT-1,13.592648,9.77129,s1d3
GATGTTGCAAATGAAC-1,16.159025,6.402097,s1d3
GATGTTGCAAGACCTT-1,11.126842,12.28676,s1d3
GATGTTGCACCAGCTG-1,3.9078493,13.266107,s1d3
GATGTTGCATCGATAC-1,12.753119,13.29001,s1d3
GATGTTGGTAGCTTTG-1,-4.009417,6.6870484,s1d3
GATGTTGTCCAAGGGA-1,8.244288,7.2913756,s1d3
GATGTTGTCTACGCAA-1,10.800862,10.584415,s1d3
GATTCGAAGATAGCAT-1,15.835524,8.067453,s1d3
GATTCGAAGCATTGTC-1,14.05246,7.033386,s1d3
GATTCGAAGCCACTCG-1,-3.8416452,9.685178,s1d3
GATTCGAAGTTTCGAC-1,4.8437905,19.709671,s1d3
GATTCGACAATACAGA-1,17.02582,4.9444017,s1d3
GATTCGACACAGTATC-1,12.742275,12.626864,s1d3
GATTCGATCAACTGGT-1,8.431355,3.2110183,s1d3
GATTCGATCCGATTAG-1,16.982624,5.2898993,s1d3
GATTCGATCTTTCTAG-1,2.2959037,7.224294,s1d3
GATTCTTAGGCGCTCT-1,-4.9701257,7.279697,s1d3
GATTCTTCACGGCCAT-1,9.997509,12.663961,s1d3
GATTCTTGTCTTCAAG-1,8.955068,7.924248,s1d3
GATTCTTTCATGAGAA-1,-4.6852574,10.849571,s1d3
GATTGGTAGAGCATAT-1,5.6978736,6.8314805,s1d3
GATTGGTAGGTTCATC-1,11.6515,13.630422,s1d3
GATTGGTCACCTCGTT-1,11.153467,9.247648,s1d3
GATTGGTCAGGACTTT-1,6.834974,5.106709,s1d3
GATTGGTGTAGTCGGA-1,12.66101,11.964991,s1d3
GATTGGTTCAGACATC-1,-3.9728165,6.915275,s1d3
GATTTCTAGATGGGCT-1,17.047918,6.019028,s1d3
GATTTCTAGCTCGCAC-1,11.571089,11.500987,s1d3
GATTTCTCAACTCCCT-1,3.8229358,13.684237,s1d3
GATTTCTCAATCTCTT-1,4.9978886,18.669289,s1d3
GATTTCTCATCGGAGA-1,-0.3011666,4.533208,s1d3
GATTTCTGTACCCGAC-1,9.4378,5.261483,s1d3
GATTTCTGTTGGATCT-1,0.15105414,5.5935426,s1d3
GATTTCTTCAAGATAG-1,11.294387,10.109566,s1d3
GCAACATAGAGCATTA-1,-5.3686,10.543378,s1d3
GCAACATAGAGCCATG-1,8.867663,8.106918,s1d3
GCAACATCACACAGCC-1,-5.126719,9.902893,s1d3
GCAACATCACTTACAG-1,11.174918,12.153316,s1d3
GCAACATCAGTAGAGC-1,-4.495218,7.0880966,s1d3
GCAACATCATAGCTGT-1,-4.6621976,9.443851,s1d3
GCAACATTCAGACCCG-1,16.344942,7.6243644,s1d3
GCAACATTCCGATGTA-1,6.652574,18.437288,s1d3
GCAACATTCGGACTGC-1,-5.4095016,7.3439894,s1d3
GCAACCGAGGGCATGT-1,2.2912672,14.136846,s1d3
GCAACCGCACATTCTT-1,-1.8712016,3.6536753,s1d3
GCAACCGGTAGATGTA-1,13.64519,9.741183,s1d3
GCAACCGGTCAACCAT-1,6.1411605,6.6137757,s1d3
GCAACCGGTCACTCTC-1,-5.006562,9.282009,s1d3
GCAACCGGTGGATGAC-1,12.784284,5.42844,s1d3
GCAACCGGTTATGTCG-1,11.25977,10.060753,s1d3
GCAACCGTCCAAACCA-1,6.3494263,-4.882837,s1d3
GCACATAAGTCACACT-1,10.964304,12.3341055,s1d3
GCACATACACCGTCGA-1,13.985505,10.66648,s1d3
GCACATACACCTCGTT-1,4.898499,18.644733,s1d3
GCACATACAGGCTACC-1,-3.9333875,6.8882294,s1d3
GCACATACATGAGAAT-1,0.05077666,4.6025486,s1d3
GCACATAGTAGATTGA-1,13.2019615,12.902009,s1d3
GCACATAGTTCGATTG-1,2.5853631,18.108215,s1d3
GCACATATCACAGTGT-1,6.4189997,-3.331928,s1d3
GCACATATCAGCAGAG-1,4.108986,14.630941,s1d3
GCACGGTAGATTGAGT-1,11.501648,6.3436365,s1d3
GCACGGTAGCTGGCTC-1,17.162453,5.433943,s1d3
GCACGGTAGTCCTACA-1,9.048934,7.422124,s1d3
GCACGGTGTACCTAAC-1,-3.9186003,9.919755,s1d3
GCACGGTTCAACGCTA-1,10.6217575,5.931211,s1d3
GCACGGTTCCTGTTGC-1,5.8845305,16.748957,s1d3
GCACGGTTCGTAGTGT-1,6.2402034,-4.1785808,s1d3
GCACGTGAGACTAGAT-1,-5.384069,8.324594,s1d3
GCACGTGGTACAGCGA-1,6.8332243,2.9179144,s1d3
GCACGTGGTATCAGCT-1,13.574239,7.680492,s1d3
GCACGTGGTCGAGTTT-1,6.567256,6.316601,s1d3
GCACGTGGTGTGAATA-1,11.46945,10.408306,s1d3
GCACGTGGTTGCCATA-1,6.7304745,-4.3278174,s1d3
GCACGTGTCAGCCCAG-1,10.504452,13.060979,s1d3
GCACGTGTCCACTGGG-1,16.280828,8.634579,s1d3
GCACGTGTCCATCAGA-1,10.854723,12.362761,s1d3
GCACGTGTCCTCTTTC-1,6.564101,-3.18644,s1d3
GCACGTGTCGGTCTAA-1,14.968931,7.7455106,s1d3
GCACTAAAGCACTAAA-1,11.611457,7.902834,s1d3
GCACTAAAGCGTTAGG-1,12.365545,14.212438,s1d3
GCACTAAAGGATTTCC-1,3.9307022,13.673647,s1d3
GCACTAAAGGTAAACT-1,10.718675,11.230148,s1d3
GCACTAAAGGTGCTAG-1,11.548663,11.499379,s1d3
GCACTAAAGGTTGAGC-1,12.031253,7.2414165,s1d3
GCACTAACAAGAGAGA-1,10.868086,12.556441,s1d3
GCACTAACAAGTGATA-1,-5.693682,8.395876,s1d3
GCACTAACACAAGGTG-1,17.349804,4.9138627,s1d3
GCACTAACAGCTCCTT-1,-4.168489,6.3774357,s1d3
GCACTAAGTCACTTCC-1,16.298084,6.420501,s1d3
GCACTAAGTCTCAAGT-1,13.523625,12.744241,s1d3
GCACTAATCATACAGC-1,16.357218,6.2258687,s1d3
GCACTAATCTTAATCC-1,5.601348,-4.455261,s1d3
GCAGCCAAGGAACGAA-1,3.0667038,16.483992,s1d3
GCAGCCACAAGAAACT-1,11.695169,10.581084,s1d3
GCAGCCACAAGTTGGG-1,11.884072,6.833124,s1d3
GCAGCCACACGACAGA-1,16.928999,5.2345934,s1d3
GCAGCCACACGCACCA-1,11.10072,12.553032,s1d3
GCAGCCAGTCTCGCGA-1,12.813663,13.549714,s1d3
GCAGCCAGTGACTGTT-1,-3.7754028,8.185588,s1d3
GCAGCCAGTGCCTGCA-1,10.893274,6.5224853,s1d3
GCAGCCAGTTCCATTT-1,7.043784,3.275462,s1d3
GCAGCCAGTTGACTGT-1,12.22559,11.692862,s1d3
GCAGCCATCAGAGTGG-1,9.975152,5.0941453,s1d3
GCAGCTGAGGATGGCT-1,4.6906233,4.847153,s1d3
GCAGCTGCACCAGCGT-1,11.666393,12.904283,s1d3
GCAGCTGCAGGCGTTC-1,10.435691,4.9700675,s1d3
GCAGCTGCATATTCGG-1,10.473189,12.683409,s1d3
GCAGCTGGTGAACTAA-1,3.229328,2.1849036,s1d3
GCAGCTGTCACGGGAA-1,-4.3252435,6.541136,s1d3
GCAGCTGTCATAGCAC-1,10.266587,11.225762,s1d3
GCAGCTGTCTCTGCCA-1,13.264297,13.315687,s1d3
GCAGGCTAGATTCGCT-1,6.743284,4.9946394,s1d3
GCAGGCTAGGTGCCTC-1,14.53805,6.541345,s1d3
GCAGGCTCAACTGTGT-1,7.5111046,-1.986581,s1d3
GCAGGCTCAGGTGTTT-1,11.432807,10.206786,s1d3
GCAGGCTGTCGCGTTG-1,2.0294278,8.278258,s1d3
GCAGGCTGTGTCATGT-1,8.187064,4.9217362,s1d3
GCAGGCTTCGAACCTA-1,13.215395,12.720089,s1d3
GCAGGCTTCGACGATT-1,-4.705065,7.8225875,s1d3
GCAGGCTTCGGTAGGA-1,13.161283,10.198386,s1d3
GCAGTTAAGGTGGCTA-1,11.557268,6.412863,s1d3
GCAGTTACAATCTGCA-1,5.7454057,-3.6945648,s1d3
GCAGTTACACATTCGA-1,-5.3937883,8.207272,s1d3
GCAGTTAGTCCTACGG-1,10.088428,12.596783,s1d3
GCAGTTAGTCTGCAAT-1,-4.762163,8.818935,s1d3
GCATCGGAGGGATCTG-1,8.986119,7.910746,s1d3
GCATCGGGTACCGTCG-1,12.394286,14.391866,s1d3
GCATCGGTCAACTCTT-1,10.651852,13.6025915,s1d3
GCATCGGTCTATCGGA-1,9.727049,-4.204026,s1d3
GCATCGGTCTTCGATT-1,12.2711935,7.77113,s1d3
GCATCTCAGCCTGAAG-1,11.576807,13.435306,s1d3
GCATCTCAGTAGTCTC-1,12.473403,13.203711,s1d3
GCATCTCAGTCAAGCG-1,13.094678,7.2389445,s1d3
GCATCTCCACGTAACT-1,11.105268,10.23832,s1d3
GCATCTCCATCGCTGG-1,14.286304,8.157945,s1d3
GCATCTCGTCCAAGAG-1,1.9946872,16.544958,s1d3
GCATCTCGTGGCAACA-1,11.608367,11.584047,s1d3
GCATCTCTCCATATGG-1,-5.5358987,8.41497,s1d3
GCATCTCTCGTAGAGG-1,10.576059,10.613707,s1d3
GCATGATCACAGTCGC-1,13.978198,9.890127,s1d3
GCATGATCACCCTTAC-1,8.573869,8.034545,s1d3
GCATGATCAGAACTTC-1,8.240305,7.969182,s1d3
GCATGATCATGGACAG-1,14.191256,9.348832,s1d3
GCATGATGTAATGCTC-1,12.617328,9.4892025,s1d3
GCATGATTCAGACCGC-1,11.175864,8.736679,s1d3
GCATGATTCGAGTCCG-1,13.359334,13.394275,s1d3
GCATTAGAGAAGCCAC-1,12.048044,12.041285,s1d3
GCATTAGAGAGTCACG-1,6.527152,5.601986,s1d3
GCATTAGAGCTCGGCT-1,10.316984,11.137868,s1d3
GCATTAGAGGAATGTT-1,8.722395,7.686996,s1d3
GCATTAGAGTTCCATG-1,6.1284337,-5.1264358,s1d3
GCATTAGCACAAAGCG-1,6.7656755,2.9668038,s1d3
GCATTAGCATGAAAGT-1,6.142586,5.002017,s1d3
GCATTAGGTATTAAGG-1,10.936377,10.793484,s1d3
GCATTAGTCGCTTAAG-1,13.373916,7.2374535,s1d3
GCATTAGTCGTCTCAC-1,10.904825,6.126312,s1d3
GCCAACGAGAATTGTG-1,16.543228,8.642208,s1d3
GCCAACGAGACATAAC-1,-5.104156,11.547726,s1d3
GCCAACGAGAGATTCA-1,12.39749,11.50566,s1d3
GCCAACGAGTATTAGG-1,-5.3128953,9.074653,s1d3
GCCAACGCACCGGTCA-1,11.048126,12.439888,s1d3
GCCAACGCACCTCGTT-1,-4.0876665,6.337255,s1d3
GCCAACGCACGAGAAC-1,8.605034,7.8814006,s1d3
GCCAACGGTTTGTTCT-1,5.7642245,17.569542,s1d3
GCCAACGTCACTTGGA-1,-4.3536105,10.27572,s1d3
GCCAACGTCGCACGAC-1,10.240044,12.00683,s1d3
GCCAGCAAGGAGATAG-1,2.7125053,16.755424,s1d3
GCCAGCAAGGCTGAAC-1,10.821383,-1.2075161,s1d3
GCCAGCACAGACTCTA-1,-4.6823635,7.598201,s1d3
GCCAGCACAGTCTACA-1,11.699044,10.965599,s1d3
GCCAGCAGTAAGACCG-1,10.175396,7.715745,s1d3
GCCAGCAGTATCTCTT-1,3.1645637,14.128298,s1d3
GCCAGCAGTTAGCTAC-1,-5.351276,8.073832,s1d3
GCCAGCAGTTTACGAC-1,6.9715204,-3.3392556,s1d3
GCCAGCATCCGACGGT-1,11.392675,10.978982,s1d3
GCCAGGTAGTAACCGG-1,13.545691,12.881034,s1d3
GCCAGGTAGTATTGCC-1,6.019376,19.112654,s1d3
GCCAGGTGTAACTGCT-1,16.721668,4.895271,s1d3
GCCAGGTGTATTGGCT-1,14.205218,6.306268,s1d3
GCCAGGTGTCGCACGT-1,-4.818316,10.649857,s1d3
GCCAGGTTCACTCGAA-1,9.047084,2.2147782,s1d3
GCCAGTGCACCCTATC-1,11.966988,11.958068,s1d3
GCCAGTGCAGATAAAC-1,5.003303,16.504608,s1d3
GCCAGTGCAGCTGTAT-1,13.64143,11.601627,s1d3
GCCAGTGCATAACAGA-1,13.25324,5.292693,s1d3
GCCAGTGCATACCATG-1,10.563969,12.78289,s1d3
GCCAGTGGTAGCTGCC-1,12.033709,10.173212,s1d3
GCCAGTGGTAGTAAGT-1,5.3447533,19.633076,s1d3
GCCAGTGGTTAAGGAT-1,11.494342,9.940167,s1d3
GCCAGTGGTTGGTAGG-1,11.248055,10.568473,s1d3
GCCAGTGTCATTCCTA-1,10.347331,11.799815,s1d3
GCCAGTGTCTCTCGAC-1,11.824324,13.490225,s1d3
GCCATGGAGCCTTCTC-1,11.54501,13.25501,s1d3
GCCATGGCAGAAGCTG-1,8.655315,7.5029364,s1d3
GCCATGGGTTAGGGTG-1,2.1599393,6.273902,s1d3
GCCATGGGTTAGTTCG-1,13.216867,13.287188,s1d3
GCCATGGTCAACCTTT-1,8.469031,6.940952,s1d3
GCCATGGTCGTCAGAT-1,12.656067,6.523593,s1d3
GCCATTCAGCCGAACA-1,10.987007,9.757139,s1d3
GCCATTCCACCGGTCA-1,8.361205,-0.6797993,s1d3
GCCATTCCATTGACAC-1,8.689693,7.31915,s1d3
GCCATTCGTCTTTCTA-1,7.6683383,-0.10778769,s1d3
GCCCAGAAGCTCCACG-1,10.466637,10.305,s1d3
GCCCAGAAGGATTTGA-1,14.6050625,9.326361,s1d3
GCCCAGACAAAGGCTG-1,2.9463947,14.0745735,s1d3
GCCCAGACACTCCACT-1,14.111909,7.085976,s1d3
GCCCAGAGTACAAGCG-1,7.31373,-5.4126844,s1d3
GCCCAGAGTGATCGTT-1,12.090798,11.81578,s1d3
GCCCAGAGTTCCATTT-1,12.27065,12.648228,s1d3
GCCCAGATCCGTGACG-1,11.440643,12.99638,s1d3
GCCCAGATCGCTTGAA-1,13.268027,10.400223,s1d3
GCCCAGATCTACGCAA-1,3.17361,17.05603,s1d3
GCCCGAAAGAGTTGAT-1,-1.0896466,4.1746826,s1d3
GCCCGAAAGCGTTCAT-1,-5.4467545,10.562094,s1d3
GCCCGAAAGTAGAGTT-1,1.759576,8.373414,s1d3
GCCCGAACAAATGGCG-1,15.08529,9.612478,s1d3
GCCCGAACACCCTTGT-1,16.201874,8.803088,s1d3
GCCCGAAGTATGCTTG-1,12.168172,6.2021046,s1d3
GCCCGAAGTGGCAGAT-1,10.847273,14.262754,s1d3
GCCCGAATCGACCACG-1,12.13581,14.75849,s1d3
GCCCGAATCGTAGTCA-1,8.274371,7.7373776,s1d3
GCCCGAATCTGAGGTT-1,14.316684,9.171103,s1d3
GCCGATGAGCCTGCCA-1,14.345491,9.202435,s1d3
GCCGATGAGCTCACTA-1,5.5314603,19.724876,s1d3
GCCGATGTCCAGTTCC-1,4.0006695,13.615093,s1d3
GCCGATGTCCGCGAGT-1,11.369934,11.929436,s1d3
GCCGATGTCTTAGTTC-1,6.8881254,-4.191457,s1d3
GCCGTGAAGATCCGAG-1,8.033728,-1.7231255,s1d3
GCCGTGAAGGGTACAC-1,-3.6046724,9.506851,s1d3
GCCGTGACAAGAGTTA-1,11.434146,6.113834,s1d3
GCCGTGACATGAATCC-1,11.031736,7.892309,s1d3
GCCGTGAGTGGGACAT-1,15.94244,7.446696,s1d3
GCCGTGATCAAGTCTG-1,-5.5666347,10.470968,s1d3
GCCTGTTAGGAAACGA-1,4.5769114,18.93781,s1d3
GCCTGTTAGGCACGAT-1,3.0855224,13.787954,s1d3
GCCTGTTAGTAACAGT-1,13.634683,5.1716876,s1d3
GCCTGTTAGTCACACT-1,10.716756,7.4003763,s1d3
GCCTGTTCAAACTCGT-1,10.364513,11.75409,s1d3
GCCTGTTCAAGAGATT-1,12.969073,5.269657,s1d3
GCCTGTTCACGAAAGC-1,16.342411,5.3936915,s1d3
GCCTGTTGTAGACGGT-1,1.8272382,16.566088,s1d3
GCCTGTTGTGTATTGC-1,12.285838,11.838655,s1d3
GCCTGTTTCCCGTGTT-1,-1.2674544,6.969381,s1d3
GCGAGAAAGAAGCTCG-1,5.4773264,6.8840547,s1d3
GCGAGAACACAATGCT-1,12.835638,8.102807,s1d3
GCGAGAACAGACCGCT-1,11.431721,8.473835,s1d3
GCGAGAAGTCTCGACG-1,12.858477,7.77081,s1d3
GCGAGAATCTTCACAT-1,4.8808126,-4.4929333,s1d3
GCGATCGAGAAGCTGC-1,2.5862746,15.528577,s1d3
GCGATCGAGCCACCGT-1,8.451047,8.011702,s1d3
GCGATCGAGGCTCTAT-1,-4.5468855,7.5049386,s1d3
GCGATCGAGTAGACAT-1,11.244528,13.265471,s1d3
GCGATCGAGTCACACT-1,13.472546,9.587376,s1d3
GCGATCGCACAGTCGC-1,-5.2671995,8.282409,s1d3
GCGATCGCATGGCTGC-1,11.115419,6.1425533,s1d3
GCGATCGGTGTCACAT-1,10.203802,6.4119163,s1d3
GCGATCGTCAACTCTT-1,9.746488,13.50861,s1d3
GCGATCGTCAGACAAA-1,3.6412725,16.511732,s1d3
GCGATCGTCTATGCCC-1,10.963189,8.726626,s1d3
GCGGAAAAGTGTAGAT-1,11.635659,12.579852,s1d3
GCGGAAACAGTCGGAA-1,17.209211,5.4105377,s1d3
GCGGAAACATGCTGCG-1,10.934496,11.125229,s1d3
GCGGAAAGTCCTCAGG-1,9.256563,4.0480647,s1d3
GCGGAAATCCATAGGT-1,10.964768,11.684235,s1d3
GCGGAAATCTCTTAAC-1,17.365381,5.0956984,s1d3
GCGGATCAGCTAGTTC-1,-5.470127,11.266885,s1d3
GCGGATCAGGATACAT-1,-4.8087697,7.0084496,s1d3
GCGGATCAGTTCTCTT-1,4.3932986,19.420506,s1d3
GCGGATCCAATGCAAA-1,10.659712,13.8632,s1d3
GCGGATCGTGGCCACT-1,11.054582,12.390815,s1d3
GCGGATCTCAATCCGA-1,1.1855845,5.8788476,s1d3
GCGTGCACAGAAATTG-1,6.3132234,-4.4616685,s1d3
GCGTGCACAGCAGTGA-1,8.084379,-3.2590978,s1d3
GCGTGCAGTAACCAGG-1,10.922153,7.2868605,s1d3
GCGTGCAGTCGACTGC-1,2.4444165,5.861863,s1d3
GCGTGCATCCATAGAC-1,5.8689137,17.429392,s1d3
GCGTTTCAGATAGCAT-1,13.523022,10.051933,s1d3
GCGTTTCAGTTGGGAC-1,1.2652863,6.1089616,s1d3
GCGTTTCCAAGCTCTA-1,10.401301,12.767339,s1d3
GCGTTTCCACTCCTTG-1,8.955042,7.8886642,s1d3
GCGTTTCGTTTCACTT-1,5.9695907,5.167211,s1d3
GCGTTTCTCCAATCCC-1,-4.6735525,6.427781,s1d3
GCGTTTCTCCCGAGTG-1,11.145743,6.9518027,s1d3
GCGTTTCTCCCGTTCA-1,-5.1874185,11.952823,s1d3
GCGTTTCTCGGACAAG-1,12.997121,5.7628717,s1d3
GCGTTTCTCGGACCAC-1,-4.919079,8.617746,s1d3
GCGTTTCTCTGTGCAA-1,3.8961194,18.994282,s1d3
GCTACAAAGAGAATCT-1,12.882068,13.457134,s1d3
GCTACAAAGGTACATA-1,14.571413,10.689449,s1d3
GCTACAAAGTTGGAAT-1,10.299742,8.330405,s1d3
GCTACAACACGTTCGG-1,11.405274,12.596475,s1d3
GCTACAACAGCTATAC-1,12.520228,9.901364,s1d3
GCTACAACAGTGCGCT-1,8.438143,7.643061,s1d3
GCTACAACATACAGGG-1,2.0810704,16.802923,s1d3
GCTACAAGTCTACTGA-1,6.3271713,-3.308505,s1d3
GCTACAAGTGTCCAAT-1,16.372036,8.961767,s1d3
GCTACAAGTTCGGGTC-1,-5.511535,6.9719687,s1d3
GCTACAATCGCAGTGC-1,9.842893,4.726648,s1d3
GCTACAATCGCCGAAC-1,5.0022755,19.691004,s1d3
GCTACCTAGCTGACTT-1,-5.4360356,7.952932,s1d3
GCTACCTCACATTACG-1,2.0378091,5.069433,s1d3
GCTACCTCACTGGCGT-1,-1.4601903,6.278864,s1d3
GCTACCTCATACAGAA-1,5.570227,17.585718,s1d3
GCTACCTGTCGCCACA-1,11.676389,11.0813675,s1d3
GCTACCTGTGAGATAT-1,4.7669587,18.9365,s1d3
GCTACCTTCGCGTAGC-1,3.1836843,7.418995,s1d3
GCTACCTTCTTAAGGC-1,10.94868,11.667317,s1d3
GCTCAAAAGCGCAATG-1,12.704179,14.292459,s1d3
GCTCAAAAGGGCAGAG-1,12.830977,5.6776013,s1d3
GCTCAAACAGAAATTG-1,8.966318,7.7905736,s1d3
GCTCAAAGTATCACGT-1,12.989819,12.56233,s1d3
GCTCAAATCAAAGCCT-1,12.235135,8.039501,s1d3
GCTCAAATCCAAGGGA-1,13.118435,5.721252,s1d3
GCTCAAATCGTCAGAT-1,11.785712,14.60383,s1d3
GCTCAAATCTTACACT-1,-4.4493914,7.1421514,s1d3
GCTGAATAGAAGTGTT-1,11.353706,13.807407,s1d3
GCTGAATCATGGATCT-1,17.168264,4.8113866,s1d3
GCTGAATGTCTCTCCA-1,12.399461,12.4700575,s1d3
GCTGAATTCATCGGGC-1,11.13533,-0.8910571,s1d3
GCTGAATTCGCGAAGA-1,10.097196,6.0939803,s1d3
GCTGCAGAGAGAATCT-1,3.3281417,16.314703,s1d3
GCTGCAGAGGGTGGGA-1,-0.08425224,3.097475,s1d3
GCTGCAGAGTTCCATG-1,10.884233,7.384448,s1d3
GCTGCAGCAAACACGG-1,12.53868,7.08187,s1d3
GCTGCAGCAACACAAA-1,12.876334,13.823502,s1d3
GCTGCAGCAAGAGGTC-1,6.2372437,4.740983,s1d3
GCTGCAGCAAGAGTAT-1,13.19707,12.619654,s1d3
GCTGCAGCACTACAGT-1,12.047579,11.454785,s1d3
GCTGCAGGTACAAAGT-1,-5.368782,9.708191,s1d3
GCTGCAGGTCGTTCAA-1,14.49303,9.7949915,s1d3
GCTGCAGGTTAGGCTT-1,12.966371,7.3363647,s1d3
GCTGCAGTCCTCTAAT-1,2.9388473,17.979048,s1d3
GCTGGGTCACCTATCC-1,8.932131,1.6955827,s1d3
GCTGGGTCACCTGCGA-1,13.634716,10.342303,s1d3
GCTGGGTCACTTGAAC-1,-4.5877566,7.4387884,s1d3
GCTGGGTCAGAGCCCT-1,13.020389,7.770502,s1d3
GCTGGGTCAGTTACCA-1-1,15.499755,8.815502,s1d3
GCTGGGTCAGTTTCAG-1,9.77577,4.8303037,s1d3
GCTGGGTCATTGACAC-1,13.191107,5.317047,s1d3
GCTGGGTGTCCGTTTC-1,-5.456084,10.0692215,s1d3
GCTGGGTGTGTTACTG-1,11.251458,12.032812,s1d3
GCTGGGTGTTCACGAT-1,4.689544,14.443771,s1d3
GCTGGGTTCGGAGTGA-1,-5.024709,7.516239,s1d3
GCTGGGTTCTGAGAAA-1,4.7778087,18.872112,s1d3
GCTGGGTTCTGATGGT-1,13.522124,12.50503,s1d3
GCTGGGTTCTTCGGAA-1,13.104829,13.894924,s1d3
GCTTCACAGATGCCGA-1,8.532393,7.8441224,s1d3
GCTTCACAGTAGGAAG-1,4.904201,20.107212,s1d3
GCTTCACAGTCATGGG-1,11.850587,8.468937,s1d3
GCTTCACAGTGATGGC-1,3.390044,17.093128,s1d3
GCTTCACCAGCTATTG-1,11.595957,12.088418,s1d3
GCTTCACGTACGCTTA-1,16.772106,7.0722423,s1d3
GCTTCACGTCTGATCA-1,0.9377627,5.381746,s1d3
GCTTCACGTGGCTACC-1,10.942085,10.001456,s1d3
GCTTCACGTTCGCGTG-1,-4.8574286,6.465936,s1d3
GCTTCACTCTGGTGCG-1,-0.5176453,4.060161,s1d3
GCTTGGGAGGTCGTCC-1,-1.0459962,2.688267,s1d3
GCTTGGGAGGTGAGCT-1,10.916576,13.044629,s1d3
GCTTGGGAGTACTGGG-1,-3.1933239,9.388618,s1d3
GCTTGGGCAACTGAAA-1,-5.4348273,7.0710826,s1d3
GCTTGGGGTGTTACAC-1,10.684829,11.802689,s1d3
GCTTGGGTCCTTCTGG-1,10.678002,10.02494,s1d3
GCTTTCGAGACATATG-1,8.252516,7.815662,s1d3
GCTTTCGAGAGAAGGT-1,-5.556752,12.216712,s1d3
GCTTTCGAGAGTGTTA-1,10.44515,12.508774,s1d3
GCTTTCGAGATCCTAC-1,3.4008906,6.438357,s1d3
GCTTTCGAGCATCCCG-1,-0.38644937,4.588362,s1d3
GCTTTCGAGGAACGTC-1,13.976381,10.499099,s1d3
GCTTTCGCACTTTAGG-1,11.763699,6.8054037,s1d3
GCTTTCGGTACGTAGG-1,4.871225,19.25787,s1d3
GCTTTCGGTCATTCCC-1,12.658624,13.975318,s1d3
GCTTTCGGTCTACAAC-1,-5.662207,7.627049,s1d3
GCTTTCGGTGCCTGAC-1,11.489115,12.130161,s1d3
GCTTTCGGTTCTAAGC-1,11.9503,6.479086,s1d3
GCTTTCGTCAAGAGTA-1,11.217431,9.848816,s1d3
GCTTTCGTCGCCAATA-1,11.713703,8.731604,s1d3
GGAACCCCACAGTCAT-1,11.234653,11.829541,s1d3
GGAACCCCAGGGCTTC-1,6.648407,1.9438012,s1d3
GGAACCCGTAGTGTGG-1,2.0749822,16.870012,s1d3
GGAACCCGTCTCGGAC-1,1.4580907,5.002213,s1d3
GGAACCCGTGCTGCAC-1,16.38937,6.28019,s1d3
GGAACCCTCAACTGGT-1,8.445169,7.493734,s1d3
GGAACCCTCATCTACT-1,11.565513,7.051241,s1d3
GGAACCCTCGACCACG-1,12.544825,12.055882,s1d3
GGAAGTGAGAGGACTC-1,-4.420952,9.122057,s1d3
GGAAGTGAGTCACGAG-1,14.299563,6.850062,s1d3
GGAAGTGAGTGCGTCC-1,7.549085,-4.998647,s1d3
GGAAGTGCAACGTATC-1,11.863161,12.011738,s1d3
GGAAGTGCATAAGCGG-1,5.7411776,-5.0329323,s1d3
GGAAGTGGTATGCTTG-1,10.973614,7.045039,s1d3
GGAAGTGGTCGTGGAA-1,4.3831215,19.203505,s1d3
GGAAGTGTCCAAGCTA-1,8.934401,8.043059,s1d3
GGAAGTGTCGTTGTAG-1,7.456621,-5.2401285,s1d3
GGAATCTAGAGTCACG-1,12.535237,10.673612,s1d3
GGAATCTAGATAGCTA-1,4.5771236,4.572473,s1d3
GGAATCTAGGCCACTC-1,12.386407,12.841352,s1d3
GGAATCTCAGAACTTC-1,3.0329425,7.3063264,s1d3
GGAATCTCATCTCAAG-1,11.952879,11.558614,s1d3
GGAATCTGTCGTCTCT-1,-5.3847446,12.22943,s1d3
GGAATCTGTTCGGACC-1,10.740182,7.878516,s1d3
GGAATCTTCATCGACA-1,-4.675489,7.2709885,s1d3
GGAATCTTCGGCTCTT-1,12.377369,13.7829485,s1d3
GGAATGGAGGTGCGAT-1,1.4809039,4.360906,s1d3
GGAATGGCAAATGGCG-1,16.579468,6.2494106,s1d3
GGAATGGTCTCGAGTA-1,10.851648,12.872059,s1d3
GGACGTCCACTTCCTG-1,-3.6285899,7.093274,s1d3
GGACGTCCATCGCCTT-1,8.019555,-1.617395,s1d3
GGACGTCCATGGCCAC-1,-3.7287786,8.580508,s1d3
GGACGTCTCAAACGTC-1,10.593333,14.707708,s1d3
GGACGTCTCATGAAAG-1,10.9624195,8.089409,s1d3
GGACGTCTCATGAGGG-1,13.627535,10.142637,s1d3
GGACGTCTCGTAACTG-1,15.791772,6.5745034,s1d3
GGACGTCTCTAGGCCG-1,5.462372,19.535172,s1d3
GGAGAACAGGGCAGTT-1,12.510222,13.761964,s1d3
GGAGAACAGGTTAAAC-1,-4.9913797,9.703529,s1d3
GGAGAACGTCAAGGCA-1,3.8950818,5.9510765,s1d3
GGAGAACGTCCAAGAG-1,16.743155,5.228904,s1d3
GGAGAACTCTATTGTC-1,11.88131,12.476275,s1d3
GGAGAACTCTCTATAC-1,13.286128,5.935548,s1d3
GGAGATGAGCTGACTT-1,2.7817717,18.365673,s1d3
GGAGATGAGGTCTGGA-1,10.971559,12.949122,s1d3
GGAGATGAGTATAACG-1,2.8612292,14.107389,s1d3
GGAGATGCAAGGATGC-1,-4.585924,6.694476,s1d3
GGAGATGCACGTGTGC-1,4.7868695,19.782919,s1d3
GGAGATGCAGTTGTCA-1,-4.2236214,8.038511,s1d3
GGAGATGCATTGGATC-1,2.570442,16.673973,s1d3
GGAGATGTCGCCTATC-1,14.128143,10.64152,s1d3
GGAGATGTCGTCCTTG-1,8.292984,-1.4108423,s1d3
GGAGATGTCTTCTTCC-1,10.087159,18.5512,s1d3
GGAGCAAAGATTAGTG-1,-5.245269,9.8315935,s1d3
GGAGCAAAGCGCATCC-1,1.8887,8.354272,s1d3
GGAGCAAAGGGTACAC-1,9.754476,4.9918556,s1d3
GGAGCAAAGGTCTACT-1,2.1041028,17.797352,s1d3
GGAGCAACAATTGAGA-1,1.2841501,5.916671,s1d3
GGAGCAACAGAACGCA-1,14.187683,6.5554795,s1d3
GGAGCAAGTAAGATTG-1,11.851551,14.262976,s1d3
GGAGCAAGTACTGACT-1,0.07470361,4.779696,s1d3
GGAGCAAGTGGTCTCG-1,14.059161,9.082873,s1d3
GGAGCAAGTGTCATGT-1,16.494164,9.031319,s1d3
GGAGCAAGTGTTAACC-1,10.533308,12.93111,s1d3
GGAGCAATCTCCACTG-1,10.28124,14.173857,s1d3
GGAGCAATCTGTTGGA-1,11.809979,13.307125,s1d3
GGAGGATAGAACTGAT-1,10.901857,12.527419,s1d3
GGAGGATAGAGCCTGA-1,16.788563,6.3805394,s1d3
GGAGGATAGGGCAAGG-1,7.7797775,-1.2981076,s1d3
GGAGGATAGGTAGACC-1,2.2404482,5.4059663,s1d3
GGAGGATCAATTTCTC-1,10.717104,6.1406164,s1d3
GGAGGATCATTACGGT-1,1.6764222,8.265195,s1d3
GGAGGATGTGCGCTCA-1,13.371284,5.2800765,s1d3
GGAGGATGTGTTTACG-1,3.9555707,14.035872,s1d3
GGAGGATTCGCTTAAG-1,2.642071,18.511429,s1d3
GGAGGATTCTTTCCAA-1,13.378189,5.4432154,s1d3
GGAGGTAAGCGACAGT-1,7.1507225,3.2170916,s1d3
GGAGGTACATAACTCG-1,10.341057,9.954095,s1d3
GGAGGTAGTGTAAACA-1,13.916221,10.96736,s1d3
GGAGGTATCTTACTGT-1,6.919362,-4.6233826,s1d3
GGATCTAAGATTCGCT-1,3.9682324,15.081982,s1d3
GGATCTACATCTAACG-1,16.184147,9.056718,s1d3
GGATCTAGTACTCGCG-1,10.2934675,6.0957,s1d3
GGATCTAGTTGCCAAT-1,10.636625,13.630718,s1d3
GGATCTATCCCTCTAG-1,-4.2819448,8.6611185,s1d3
GGATCTATCGTTACCC-1,11.570009,10.885361,s1d3
GGATGTTAGAGAGCGG-1,-5.5917363,6.8954945,s1d3
GGATGTTAGCCTATTG-1,11.315194,11.660085,s1d3
GGATGTTAGGTAGTAT-1,-5.004483,8.027186,s1d3
GGATGTTAGTAAGCAT-1,10.746957,12.058445,s1d3
GGATGTTCAAACTAGA-1,6.394186,3.5241644,s1d3
GGATGTTCATGACGTT-1,13.999397,11.255442,s1d3
GGATGTTCATGCACTA-1,6.1873126,-5.4819627,s1d3
GGATGTTGTATGAGGC-1,11.378355,7.9753375,s1d3
GGATGTTGTGTTACTG-1,4.0421405,4.8032336,s1d3
GGATGTTTCAGCTGTA-1,5.7246375,6.5363083,s1d3
GGCACGTAGCCTGACC-1,15.409877,9.230148,s1d3
GGCACGTAGCTTTCCC-1,12.223042,5.942212,s1d3
GGCACGTAGGCGACAT-1,11.716379,12.216411,s1d3
GGCACGTCAATTCACG-1,4.0344763,13.118896,s1d3
GGCACGTCACGACGTC-1,11.888573,8.070697,s1d3
GGCACGTCACTTCATT-1,-4.5593987,10.698252,s1d3
GGCACGTCATCTGCGG-1,13.100546,13.27533,s1d3
GGCACGTGTCGACTTA-1,10.965647,6.3965416,s1d3
GGCACGTGTGTACATC-1,6.2076406,-3.3027961,s1d3
GGCACGTTCAATCAGC-1,8.3647,2.9443836,s1d3
GGCACGTTCATGCCGG-1,13.405257,5.1875706,s1d3
GGCAGTCAGACTCGAG-1,6.5949745,-4.8938932,s1d3
GGCAGTCAGACTGTTC-1,-3.7551942,9.468776,s1d3
GGCAGTCAGAGACAAG-1,11.747638,12.8202715,s1d3
GGCAGTCAGATGATTG-1,2.1331346,17.699316,s1d3
GGCAGTCAGCGGGTTA-1,15.461046,8.979521,s1d3
GGCAGTCCAAGTGCAG-1,7.0979047,2.6418602,s1d3
GGCAGTCCATCCGTGG-1,16.45011,8.745042,s1d3
GGCAGTCCATCGGCCA-1,12.688316,13.61708,s1d3
GGCAGTCGTATAGGGC-1,2.0323777,7.985761,s1d3
GGCAGTCTCGGTAAGG-1,-4.891285,6.8985243,s1d3
GGCAGTCTCTTACTGT-1,5.444069,19.849813,s1d3
GGCGTCAAGCGTGTTT-1,-5.5549746,12.144167,s1d3
GGCGTCACACAGTACT-1,-3.7767158,8.556483,s1d3
GGCGTCACACTTGTGA-1,-4.60918,8.121192,s1d3
GGCGTCACAGTGTGGA-1,6.5972567,17.703014,s1d3
GGCGTCACATCATTGG-1,1.513944,7.27484,s1d3
GGCGTCAGTGCACATT-1,10.8694105,13.387703,s1d3
GGCGTCAGTGCGACAA-1,10.147905,12.958705,s1d3
GGCGTCATCAAGATAG-1,10.661065,11.955976,s1d3
GGCGTCATCCACGGGT-1,11.354333,5.976302,s1d3
GGCTGTGAGAAGCTGC-1,2.8510976,16.367212,s1d3
GGCTGTGAGTGAATAC-1,11.678295,12.909666,s1d3
GGCTGTGCAGTTGCGC-1,2.4814816,16.419765,s1d3
GGCTGTGGTCAGTTTG-1,11.272526,10.725213,s1d3
GGCTTGGAGAGAATCT-1,5.2977905,19.787401,s1d3
GGCTTGGAGGTTCCGC-1,0.72885275,5.4846992,s1d3
GGCTTGGAGGTTGCCC-1,12.393921,6.402317,s1d3
GGCTTGGCAGTCAACT-1,-4.648894,10.440011,s1d3
GGCTTGGGTATGAAAC-1,1.2988871,4.2699637,s1d3
GGCTTGGGTATGTCTG-1,11.735257,9.473967,s1d3
GGCTTGGTCTACGCAA-1,16.75702,5.989206,s1d3
GGCTTGGTCTCCGCAT-1,7.2417874,5.491803,s1d3
GGCTTTCAGCCGCACT-1,12.501781,12.173033,s1d3
GGCTTTCAGCTAGATA-1,1.8171074,16.583462,s1d3
GGCTTTCAGCTGTGCC-1,2.324629,16.906944,s1d3
GGCTTTCCACTATGTG-1,11.041534,10.820975,s1d3
GGCTTTCCATCTATCT-1,15.505078,7.23721,s1d3
GGCTTTCCATGGCCCA-1,1.831418,3.9241061,s1d3
GGCTTTCCATTGCTTT-1,11.153201,8.24307,s1d3
GGCTTTCGTACGCTAT-1,11.603929,10.503247,s1d3
GGCTTTCGTTCGAGCC-1,3.92801,13.492716,s1d3
GGCTTTCTCAGTCATG-1,-5.159818,7.248626,s1d3
GGCTTTCTCGGCCCAA-1,-4.5928054,8.336368,s1d3
GGCTTTCTCGGTCATA-1,15.959688,8.323866,s1d3
GGCTTTCTCGTAACTG-1,2.661113,8.331685,s1d3
GGCTTTCTCTGTCCGT-1,6.0123405,3.457684,s1d3
GGGAAGTAGCCTGGAA-1,12.01322,8.188615,s1d3
GGGAAGTAGGGCAACT-1,-3.6312885,8.316948,s1d3
GGGAAGTAGGGTCAAC-1,15.806434,7.860881,s1d3
GGGAAGTAGTAAACTG-1,2.527743,8.521597,s1d3
GGGAAGTCACAGACGA-1,-1.5408851,6.3697577,s1d3
GGGAAGTGTCTGCGCA-1,8.395896,7.818436,s1d3
GGGAAGTGTGAGCGAT-1,3.4159386,17.735975,s1d3
GGGAAGTTCCTAAGTG-1,14.219955,7.058716,s1d3
GGGACAAAGCATTGAA-1,-3.9349043,9.016441,s1d3
GGGACAAAGCCTCCAG-1,9.038209,2.0331378,s1d3
GGGACAAAGGAGAATG-1,12.599396,13.637021,s1d3
GGGACAACAACTACGT-1,-4.296578,7.601619,s1d3
GGGACAACAAGTGCAG-1,11.500679,13.73874,s1d3
GGGACAACATCCTGTC-1,5.68789,15.878004,s1d3
GGGACAAGTAGCGTCC-1,10.129498,13.560136,s1d3
GGGACAAGTCAACCTA-1,10.30009,11.750423,s1d3
GGGACAAGTGGTGATG-1,5.5784802,-4.165656,s1d3
GGGACAATCACCACAA-1,11.920849,9.267282,s1d3
GGGACCTAGCATCCTA-1,10.507826,10.380364,s1d3
GGGACCTAGGCTCTAT-1,11.381329,8.816682,s1d3
GGGACCTAGGTCCTGC-1,10.859388,9.170599,s1d3
GGGACCTCAAATCAAG-1,3.0843413,13.85615,s1d3
GGGACCTGTGAACTAA-1,11.230734,6.607324,s1d3
GGGACCTTCACCCTCA-1,13.069291,13.299282,s1d3
GGGACCTTCATTACCT-1,-3.4373353,7.554236,s1d3
GGGACCTTCCTATTGT-1,11.211857,10.86233,s1d3
GGGACCTTCTGGGCGT-1,5.3735204,16.888128,s1d3
GGGACTCAGCCTCCAG-1,10.736523,7.093156,s1d3
GGGACTCAGGAAAGAC-1,4.802027,19.660969,s1d3
GGGACTCAGGTTTACC-1,-5.3472795,8.538138,s1d3
GGGACTCCAGACAAGC-1,4.5175624,19.16569,s1d3
GGGACTCGTCTTCGAA-1-1,11.983137,12.4950285,s1d3
GGGACTCGTGGAGAAA-1,10.549055,6.2194176,s1d3
GGGACTCGTGTCATTG-1,14.074192,9.439145,s1d3
GGGACTCGTTATTCTC-1,3.1264925,7.466237,s1d3
GGGACTCGTTTGACAC-1,1.6794754,7.433108,s1d3
GGGAGATAGACATGCG-1,-4.030934,8.1473675,s1d3
GGGAGATAGATCCGAG-1,-5.164336,7.0708904,s1d3
GGGAGATAGCGCCGTT-1,-1.535602,3.8139355,s1d3
GGGAGATAGGGAGGAC-1,11.131545,7.2576933,s1d3
GGGAGATAGGGCCTCT-1,15.246229,8.881122,s1d3
GGGAGATAGGGCGAGA-1,11.457633,14.308342,s1d3
GGGAGATCACCATAAC-1,9.955199,13.426154,s1d3
GGGAGATCACTGGCGT-1,11.360693,10.341215,s1d3
GGGAGATCACTTGAGT-1,12.380579,13.313199,s1d3
GGGAGATGTACCGTGC-1,3.6335053,16.642984,s1d3
GGGAGATGTACTTCCC-1,10.278163,12.025942,s1d3
GGGAGATGTCGGATTT-1,1.2106612,5.905802,s1d3
GGGAGATTCATTCCTA-1,-5.486422,9.575745,s1d3
GGGAGATTCCGCTAGG-1,6.0759125,17.059504,s1d3
GGGAGATTCTCCGATC-1,12.49054,8.738519,s1d3
GGGAGATTCTTGGCTC-1,11.470086,12.946048,s1d3
GGGAGTAAGATGCTAA-1,-4.2601395,8.158317,s1d3
GGGAGTAAGCCTTTGA-1,13.187239,5.529705,s1d3
GGGAGTAAGGAAAGTG-1,-5.32836,8.533401,s1d3
GGGAGTAAGTATAGAC-1,12.747184,13.719308,s1d3
GGGAGTACAACCGACC-1,13.234166,13.467438,s1d3
GGGAGTACAAGGCAAC-1,10.616674,11.390861,s1d3
GGGAGTACAGCCTACG-1,-4.610819,8.498006,s1d3
GGGAGTACAGCTACAT-1,4.1734705,20.102848,s1d3
GGGAGTAGTGTTAACC-1,15.979005,5.826271,s1d3
GGGAGTAGTTCTAAGC-1,-3.9394312,6.5140185,s1d3
GGGAGTATCCATACTT-1,5.3217816,-3.3995895,s1d3
GGGAGTATCGTGCGAC-1,11.4734745,11.247845,s1d3
GGGAGTATCTTCACGC-1,11.706835,13.851928,s1d3
GGGATCCAGCACTCCG-1,5.27915,-5.026595,s1d3
GGGATCCCACCTGATA-1,11.467363,11.281958,s1d3
GGGATCCCATTGCTGA-1,8.380008,7.867089,s1d3
GGGATCCGTGTTAGCT-1,10.464241,12.269053,s1d3
GGGATCCTCAATCTTC-1,-5.344543,11.649794,s1d3
GGGATGAAGAGTCACG-1,5.3993115,19.031713,s1d3
GGGATGAAGGCGATAC-1,1.7457552,4.492619,s1d3
GGGATGAAGGTCATAA-1,10.350186,12.86482,s1d3
GGGATGAAGTAGACCG-1,-2.4382393,5.770409,s1d3
GGGATGAAGTGCTACT-1,12.775934,12.8110895,s1d3
GGGATGACACTCTCGT-1,4.541785,20.044552,s1d3
GGGATGACACTGAATC-1,-4.711321,9.110123,s1d3
GGGATGAGTAACTGCT-1,5.302314,19.345263,s1d3
GGGATGATCATTCACT-1,11.220956,8.867144,s1d3
GGGCCATAGAAACCAT-1,11.101262,11.836375,s1d3
GGGCCATAGAATCGAT-1,6.384621,3.4176278,s1d3
GGGCCATAGGATACGC-1,11.370689,12.523131,s1d3
GGGCCATCACAAATAG-1,8.257083,-1.2949855,s1d3
GGGCCATCACACAGCC-1,12.820478,5.606751,s1d3
GGGCCATCAGGTCTCG-1,-4.6241183,9.148612,s1d3
GGGCCATGTACCTAGT-1,-4.381412,9.39097,s1d3
GGGCCATGTCAACATC-1,10.179974,12.202579,s1d3
GGGCCATTCACTAGCA-1,10.851094,6.627412,s1d3
GGGCCATTCTCATTAC-1,10.555886,12.61892,s1d3
GGGCGTTAGCCAACCC-1,8.164945,7.4307423,s1d3
GGGCGTTCAGACGGAT-1,11.19505,13.661474,s1d3
GGGCGTTGTCAACACT-1,13.994739,7.3566465,s1d3
GGGCGTTGTGCTGATT-1,10.206514,19.033323,s1d3
GGGCGTTGTGTTAGCT-1,3.1821237,15.782215,s1d3
GGGCGTTTCTGAGGCC-1,12.420891,6.5303464,s1d3
GGGCTACCACCAGTTA-1,10.442545,11.152728,s1d3
GGGCTACCAGTTAGAA-1,13.380726,10.268969,s1d3
GGGCTACTCCCTCTCC-1,12.787442,13.079259,s1d3
GGGCTACTCCTGGGAC-1,2.1901789,7.027975,s1d3
GGGCTACTCTTTGATC-1,13.947723,6.119955,s1d3
GGGCTCAAGTACAACA-1,4.9439535,-4.879734,s1d3
GGGCTCACAACATCGT-1,13.036293,12.864214,s1d3
GGGCTCACACGACAAG-1,11.350548,13.544461,s1d3
GGGCTCACAGCAGTCC-1,12.175647,10.364125,s1d3
GGGCTCACATACTGAC-1,11.283754,6.56793,s1d3
GGGCTCAGTAGTCTGT-1,11.274887,13.993068,s1d3
GGGCTCAGTATCCTTT-1,3.5717869,13.489545,s1d3
GGGCTCATCCATCTAT-1,4.6251464,19.072693,s1d3
GGGCTCATCCATTGTT-1,7.177829,-5.225029,s1d3
GGGTAGACAACTGAAA-1,10.255809,12.891029,s1d3
GGGTAGACAGCTAACT-1,10.289491,10.292966,s1d3
GGGTAGACAGTAGGAC-1,13.477394,12.995606,s1d3
GGGTAGACATAATCGC-1,11.805652,13.501305,s1d3
GGGTAGAGTCTACGTA-1,10.98576,12.266164,s1d3
GGGTAGAGTGGACCAA-1,13.220297,13.1607685,s1d3
GGGTAGATCCTAGCCT-1,11.128603,13.858882,s1d3
GGGTATTAGAATTGTG-1,11.839365,10.837247,s1d3
GGGTATTAGATCCCAT-1,10.768717,7.0141377,s1d3
GGGTATTAGATGTTGA-1,10.918938,17.226696,s1d3
GGGTATTAGGCAATGC-1,0.8329903,4.9191628,s1d3
GGGTATTAGTATGCAA-1,12.622529,7.8239264,s1d3
GGGTATTAGTCTTCGA-1,10.954679,12.00119,s1d3
GGGTATTCAAAGGATT-1,4.4126444,19.738878,s1d3
GGGTATTCAAGAGAGA-1,1.2743163,5.0471845,s1d3
GGGTATTGTAGGAAAG-1,2.3830938,8.255144,s1d3
GGGTATTGTATGGAAT-1,9.898842,-4.4093685,s1d3
GGGTATTGTGTGCCTG-1,8.812428,7.58871,s1d3
GGGTATTTCCAATGCA-1,12.797925,9.674714,s1d3
GGGTATTTCCGGCTTT-1,10.837259,13.584414,s1d3
GGGTATTTCCTCTCGA-1,4.1019487,15.991332,s1d3
GGGTATTTCGCCAGTG-1,13.353601,7.3003654,s1d3
GGGTATTTCTTCACAT-1,-4.5365334,10.031114,s1d3
GGGTATTTCTTCGCTG-1,-5.451202,9.867194,s1d3
GGGTCACAGCCTCTGG-1,10.42387,12.216321,s1d3
GGGTCACAGTCACTAC-1,7.2427287,5.4467845,s1d3
GGGTCACGTCTAGATC-1,7.2869935,-5.414302,s1d3
GGGTCACGTGCATGAG-1,13.110093,7.685236,s1d3
GGGTCACTCGCATAGT-1,13.445385,12.168766,s1d3
GGGTCTGAGATTGATG-1,11.520539,12.389903,s1d3
GGGTCTGAGCGTGTCC-1,1.9504751,7.2965007,s1d3
GGGTCTGAGGTAAGAG-1,9.404755,13.039459,s1d3
GGGTCTGCAACGGCCT-1,13.382267,13.510552,s1d3
GGGTCTGCATCTCATT-1,8.758851,7.1465917,s1d3
GGGTCTGGTATCGTGT-1,10.64994,8.44397,s1d3
GGGTCTGGTCGATGCC-1,-4.8437285,8.569226,s1d3
GGGTCTGGTCTACGAT-1,11.490135,12.153513,s1d3
GGGTCTGGTGCTTCAA-1,11.366718,13.098812,s1d3
GGGTCTGGTGTATCCA-1,9.908549,-4.440252,s1d3
GGGTCTGGTGTCTTGA-1,-1.1637818,5.4364767,s1d3
GGGTCTGGTTATAGCC-1,-4.7833614,6.0610714,s1d3
GGGTCTGGTTGTAGCT-1,-3.7697008,7.433745,s1d3
GGGTCTGTCCCGTTCA-1,1.6382202,5.565047,s1d3
GGGTCTGTCGCGTGCA-1,10.185966,4.7834435,s1d3
GGGTGAAAGAGCAGTC-1,10.01263,12.223712,s1d3
GGGTGAAAGCTCCATA-1,2.1396005,6.204397,s1d3
GGGTGAACAACGGCTC-1,3.1589622,16.295462,s1d3
GGGTGAAGTCGTTGGC-1,6.103408,-3.5339558,s1d3
GGGTGAAGTTGCGAAG-1,3.0039384,7.242498,s1d3
GGGTGTCAGAACCGCA-1,12.132559,13.518775,s1d3
GGGTGTCAGACATATG-1,14.693997,9.510061,s1d3
GGGTGTCAGCGGATCA-1,10.498204,11.583057,s1d3
GGGTGTCAGTCGCCCA-1,-4.852193,6.375251,s1d3
GGGTGTCGTAGGAGTC-1,10.930377,13.075425,s1d3
GGGTGTCGTCTTGCGG-1,11.446977,7.0659933,s1d3
GGGTGTCTCAAACGTC-1,4.7221336,4.5628905,s1d3
GGGTGTCTCAAGTGTC-1,0.8919057,4.6700416,s1d3
GGGTGTCTCTAGTGAC-1,14.2320595,10.362747,s1d3
GGGTTATAGCGAGAAA-1,5.372727,20.00514,s1d3
GGGTTATCACCGGAAA-1,2.4148476,14.125374,s1d3
GGGTTATCAGCACAGA-1,16.700474,6.6379786,s1d3
GGGTTATGTCTCTCTG-1,5.65953,-4.4426985,s1d3
GGGTTATTCCCGAATA-1,11.733124,6.6184263,s1d3
GGGTTTAAGCCTCATA-1,-4.445196,7.1688027,s1d3
GGGTTTAAGGTGCGAT-1,8.97328,8.006301,s1d3
GGGTTTACAAAGCTAA-1,12.1343775,14.017981,s1d3
GGGTTTACAAAGTATG-1,-5.0682473,8.602921,s1d3
GGGTTTACATGTGTCA-1,-5.656107,12.108098,s1d3
GGGTTTAGTAATGATG-1,12.131062,13.757272,s1d3
GGGTTTAGTCGGTAAG-1,-4.476071,7.628484,s1d3
GGGTTTATCACTACGA-1,11.045888,10.438682,s1d3
GGGTTTATCCTATGGA-1,6.9089627,-4.710505,s1d3
GGGTTTATCGATCCAA-1,-5.295253,7.948971,s1d3
GGTAACTAGGGAGAAT-1,4.8045297,19.587154,s1d3
GGTAACTAGTCAACAA-1,11.897276,13.721126,s1d3
GGTAACTCACTGTCGG-1,2.5555065,18.340265,s1d3
GGTAACTCAGAGTCTT-1,10.471011,12.629353,s1d3
GGTAACTGTCGCGTCA-1,-4.990175,10.133703,s1d3
GGTAACTTCAGCATTG-1,13.506172,13.134873,s1d3
GGTAACTTCCTTATGT-1,11.787874,8.269695,s1d3
GGTAACTTCGACCATA-1,-4.989398,7.0120487,s1d3
GGTAACTTCTGGTGCG-1,13.186353,13.391406,s1d3
GGTAATCAGACCGTTT-1,-5.1846247,7.253817,s1d3
GGTAATCAGGTTGGTG-1,12.786391,13.567522,s1d3
GGTAATCAGTCTGTAC-1,11.271632,12.908873,s1d3
GGTAATCCAGACATCT-1,12.648841,7.5986257,s1d3
GGTAATCGTAGGTTTC-1,2.671583,7.1100984,s1d3
GGTAATCGTGTTCGTA-1,10.794305,8.185558,s1d3
GGTAATCGTTCTCAGA-1,10.136516,5.086719,s1d3
GGTAATCTCACCGGTG-1,12.269471,12.198128,s1d3
GGTAATCTCCACCCTA-1,-4.8448563,10.428767,s1d3
GGTAATCTCTAGCAAC-1,3.3239422,16.783155,s1d3
GGTAATCTCTGAGAAA-1,2.528585,15.299685,s1d3
GGTAATCTCTTAATCC-1,9.865067,12.255535,s1d3
GGTAGAGAGAAACTGT-1,13.146711,12.975511,s1d3
GGTAGAGAGCCAAGGT-1,7.020643,2.9033048,s1d3
GGTAGAGAGCGTGAGT-1,10.92006,6.312647,s1d3
GGTAGAGCACATACGT-1,17.151531,5.589982,s1d3
GGTAGAGCACCTTCGT-1,2.514749,14.37759,s1d3
GGTAGAGGTAACGTTC-1,10.550658,13.464775,s1d3
GGTAGAGGTCAACCAT-1,-4.023584,9.547837,s1d3
GGTAGAGTCCATCCGT-1,11.557325,11.286161,s1d3
GGTCACGAGGCGCTCT-1,-4.2499256,6.5219173,s1d3
GGTCACGGTGGACTGA-1,-5.0159893,7.459459,s1d3
GGTCACGGTTCAAGGG-1,11.821941,8.232746,s1d3
GGTCACGTCACTCGAA-1,12.431616,13.915124,s1d3
GGTCACGTCAGCATTG-1,10.770817,11.9317045,s1d3
GGTCACGTCCCGAATA-1,5.7062354,6.679637,s1d3
GGTCTGGAGAAGCCTG-1,1.9035518,16.590748,s1d3
GGTCTGGAGATGGTAT-1,10.9562845,8.387878,s1d3
GGTCTGGAGGGTTAGC-1,11.07311,12.191747,s1d3
GGTCTGGCAATGCAAA-1,2.0491116,8.354047,s1d3
GGTCTGGGTCGTTGCG-1,14.27532,10.205037,s1d3
GGTCTGGGTGGTGATG-1,16.517849,8.853715,s1d3
GGTCTGGTCAATCGGT-1,11.550546,12.390235,s1d3
GGTGAAGAGCACCGTC-1,6.9257083,-3.706243,s1d3
GGTGAAGGTATTGGCT-1,2.9841847,17.543383,s1d3
GGTGAAGGTCTAGGCC-1,12.19671,14.439291,s1d3
GGTGAAGGTCTTCATT-1,11.400459,8.325865,s1d3
GGTGAAGGTGGCTACC-1,11.6157675,10.224796,s1d3
GGTGAAGTCCCGTGTT-1,7.093744,-2.898271,s1d3
GGTGAAGTCCGTAGGC-1,9.939564,11.760303,s1d3
GGTGATTAGTGGACGT-1,11.165869,10.901296,s1d3
GGTGATTCACACAGCC-1,11.269946,6.5529976,s1d3
GGTGATTCACTCAGAT-1,13.871223,10.846827,s1d3
GGTGATTCAGGACAGT-1,5.59842,17.629234,s1d3
GGTGATTCATAAGCAA-1,11.059015,8.027275,s1d3
GGTGATTGTACTCAAC-1,12.261634,14.150568,s1d3
GGTGATTGTATCACCA-1,13.606292,10.10078,s1d3
GGTGATTGTATCCTTT-1,11.426647,6.1468015,s1d3
GGTGATTTCCCAATAG-1,12.104517,6.652089,s1d3
GGTGATTTCGACGCTG-1,3.6708763,4.969047,s1d3
GGTGATTTCGTTACCC-1,8.537499,1.4967194,s1d3
GGTGGCTAGCTAAACA-1,11.865264,11.930038,s1d3
GGTGGCTAGTTCATCG-1,5.395119,-2.4909077,s1d3
GGTGGCTCAACGACAG-1,4.2289886,14.011745,s1d3
GGTGGCTCACCGAATT-1,15.39045,7.7612376,s1d3
GGTGGCTCAGAAGTTA-1,6.911424,-5.241035,s1d3
GGTGGCTCAGGCATTT-1,8.698188,1.0371299,s1d3
GGTGGCTGTTCGTTCC-1,13.51405,13.222619,s1d3
GGTGGCTGTTTCGATG-1,11.065496,13.657026,s1d3
GGTGTCGAGAGGCGTT-1,14.005493,9.455778,s1d3
GGTGTCGAGTTGAAGT-1,12.141497,13.237577,s1d3
GGTGTCGCAGGCCTGT-1,6.397529,-4.538895,s1d3
GGTGTCGGTACAACGG-1,13.508455,13.905332,s1d3
GGTGTCGGTACCCGAC-1,-5.0561852,8.706774,s1d3
GGTGTCGGTCATGGCC-1,11.448389,12.073643,s1d3
GGTGTCGTCCGATGCG-1,9.876837,5.987658,s1d3
GGTGTCGTCCTATTGT-1,6.0890307,-3.5854964,s1d3
GGTGTCGTCTGCTTAT-1,3.2533174,14.054246,s1d3
GGTGTTAAGCCTATTG-1,12.408768,13.311633,s1d3
GGTGTTAAGTCACGCC-1,5.188033,19.508678,s1d3
GGTGTTACAGTAACAA-1,-1.4479837,6.876767,s1d3
GGTGTTACATGACGGA-1,16.62103,4.9839225,s1d3
GGTGTTAGTCGCGTCA-1,11.212842,6.1551094,s1d3
GGTGTTAGTTCTCTCG-1,2.3579197,7.1149583,s1d3
GGTGTTATCGAGAAAT-1,10.306027,11.612764,s1d3
GGTGTTATCTTGGAAC-1,12.532155,11.875944,s1d3
GGTTAACAGGCATGGT-1,2.866218,15.404244,s1d3
GGTTAACAGGGAGGGT-1,11.249508,13.753082,s1d3
GGTTAACCACCTATCC-1,3.8194268,13.360846,s1d3
GGTTAACTCAAACTGC-1,-3.3914983,8.983904,s1d3
GGTTAACTCAGAACCT-1,1.4719164,7.9709516,s1d3
GGTTAACTCTTAGCTT-1,14.198423,8.199731,s1d3
GGTTCTCAGCGAGAAA-1,11.354899,12.086187,s1d3
GGTTCTCAGTAACCGG-1,4.889722,16.600351,s1d3
GGTTCTCTCGACATTG-1,10.8810215,11.92883,s1d3
GGTTCTCTCTCTATAC-1,-5.179037,11.772918,s1d3
GGTTCTCTCTGGCCTT-1,-4.295781,6.5797195,s1d3
GGTTCTCTCTGTGCGG-1,12.6418085,13.333827,s1d3
GGTTGTAAGAAGGGAT-1,-5.046927,6.731615,s1d3
GGTTGTAAGCATCGAG-1,6.134923,-3.1150687,s1d3
GGTTGTAAGGAATTAC-1,4.3522873,19.56709,s1d3
GGTTGTACAACACTAC-1,-3.906319,6.648282,s1d3
GGTTGTACAGACCGCT-1,12.377779,10.246926,s1d3
GGTTGTACATAATGCC-1,13.273963,10.115141,s1d3
GGTTGTACATCGAGCC-1,10.860658,-1.031052,s1d3
GGTTGTAGTAGACACG-1,13.461072,13.058809,s1d3
GGTTGTAGTGGCCACT-1,9.40563,7.599241,s1d3
GGTTGTAGTGTCTTGA-1,7.356337,3.0256755,s1d3
GGTTGTAGTTACACTG-1,-4.0179214,6.701049,s1d3
GGTTGTAGTTGACGGA-1,16.151232,5.9732933,s1d3
GGTTGTATCCCAAGCG-1,6.1375732,-1.6028143,s1d3
GGTTGTATCCCGTTCA-1,10.5059595,12.930342,s1d3
GTAACACGTACTGTTG-1,9.119542,4.876738,s1d3
GTAACACTCTTGCGCT-1,13.044976,13.150218,s1d3
GTAACCAAGTCCCAGC-1,14.6841955,9.400307,s1d3
GTAACCACACTTCAAG-1,14.728394,9.577702,s1d3
GTAACCACATGACACT-1,11.449742,11.285429,s1d3
GTAACCACATGACTCA-1,16.493814,6.7823973,s1d3
GTAACCATCGGAGTGA-1,-4.1093345,7.0012145,s1d3
GTAACCATCTGGAGAG-1,9.877132,12.142454,s1d3
GTAAGTCAGAGTCAGC-1,12.04062,6.25638,s1d3
GTAAGTCAGCATTGTC-1,10.138205,12.798482,s1d3
GTAAGTCAGGATGAGA-1,11.342895,13.826329,s1d3
GTAAGTCGTACGATGG-1,-4.17338,7.9286447,s1d3
GTAAGTCGTATGTCCA-1,12.651996,10.443501,s1d3
GTAAGTCGTGCTCGTG-1,4.414619,20.1595,s1d3
GTAAGTCGTGGATACG-1,10.385057,13.168949,s1d3
GTAAGTCGTGGTGATG-1,-4.7655935,9.379102,s1d3
GTAAGTCTCCCGAATA-1,-4.6769295,6.772123,s1d3
GTAATCGAGCAGGTCA-1,12.000286,11.5378,s1d3
GTAATCGAGTAATCCC-1,5.0316343,4.1021843,s1d3
GTAATCGAGTATTGCC-1,8.082117,-3.7574158,s1d3
GTAATCGCACAACGAG-1,11.925686,12.369341,s1d3
GTAATCGCATTGACCA-1,16.020956,8.414016,s1d3
GTAATCGGTACTTGTG-1,1.9181188,4.1949477,s1d3
GTAATCGTCCCGAGTG-1,11.693344,12.080317,s1d3
GTAATCGTCCGATCTC-1,8.507068,7.497982,s1d3
GTAATCGTCCTATTGT-1,3.7856112,13.847964,s1d3
GTAATCGTCGAAGTGG-1,5.103799,19.059362,s1d3
GTAATCGTCTAAACGC-1,10.163981,14.117848,s1d3
GTAATGCAGAGAAGGT-1,6.0362315,-3.2061327,s1d3
GTAATGCAGAGTCAGC-1,-5.014258,8.840768,s1d3
GTAATGCAGATGGCGT-1,13.159928,5.819944,s1d3
GTAATGCAGCCATATC-1,12.678322,8.19939,s1d3
GTAATGCAGTACCCTA-1,10.985798,10.877557,s1d3
GTAATGCAGTGAGTGC-1,9.761696,12.60264,s1d3
GTAATGCAGTGCCGAA-1,3.6897035,6.158888,s1d3
GTAATGCCACACGGAA-1,12.133441,13.801029,s1d3
GTAATGCCATCCCACT-1,3.1255114,16.383356,s1d3
GTAATGCGTAGTCACT-1,-4.0989923,8.306484,s1d3
GTAATGCGTCAAATCC-1,12.115918,8.262957,s1d3
GTACAACAGATAGCAT-1,12.167302,7.6884875,s1d3
GTACAACAGCATCTTG-1,9.762241,13.669279,s1d3
GTACAACCACCGTCTT-1,-0.75722593,7.223272,s1d3
GTACAACGTGAGTCAG-1,12.861856,13.302366,s1d3
GTACAACGTTCACGAT-1,11.09273,10.332619,s1d3
GTACAACTCGAGAATA-1,4.41185,17.120186,s1d3
GTACAACTCTAAGCCA-1,2.2175643,5.6485066,s1d3
GTACAGTAGGTATAGT-1,9.046776,8.185163,s1d3
GTACAGTCACGGGCTT-1,16.5042,5.088136,s1d3
GTACAGTCATACCAGT-1,10.057153,4.776539,s1d3
GTACAGTGTACAGAAT-1,4.3357873,5.2850704,s1d3
GTACAGTGTACCCGCA-1,14.618974,9.111763,s1d3
GTACAGTGTATCACGT-1,10.790437,6.1264358,s1d3
GTACAGTGTCTCCTGT-1,10.850846,7.7677565,s1d3
GTACAGTTCAATCCAG-1,4.5200515,16.244999,s1d3
GTACAGTTCCCAACTC-1,11.876883,10.451751,s1d3
GTACAGTTCCGGTAAT-1,-3.987812,8.76023,s1d3
GTACAGTTCGATACGT-1,10.775279,9.824914,s1d3
GTACAGTTCTTGATTC-1,-4.5582275,10.420765,s1d3
GTAGAAACAGCCATTA-1,-3.9322531,8.246915,s1d3
GTAGAAACATAGGCGA-1,15.557089,8.2197275,s1d3
GTAGAAACATGGTGGA-1,10.322913,12.936831,s1d3
GTAGAAAGTAGTGCGA-1,13.065415,5.3675785,s1d3
GTAGAAAGTTAAGTCC-1,10.151699,12.18431,s1d3
GTAGAAATCCTATTGT-1,11.778707,5.9668827,s1d3
GTAGAAATCGACCCAG-1,4.012892,19.987484,s1d3
GTAGAAATCTAGTTCT-1,8.550723,7.9430294,s1d3
GTAGAGGAGAAAGCGA-1,-4.379226,9.146939,s1d3
GTAGAGGAGATCGCTT-1,14.995899,9.588307,s1d3
GTAGAGGAGGTGCAGT-1,10.38956,7.279849,s1d3
GTAGAGGAGGTGCGAT-1,10.74607,14.749531,s1d3
GTAGAGGAGTTGTAAG-1,14.838012,10.078899,s1d3
GTAGAGGGTCAAGTTC-1,7.389637,-3.4116309,s1d3
GTAGAGGGTGCGGCTT-1,-5.061001,7.955281,s1d3
GTAGAGGTCCCAGTGG-1,12.988798,6.821194,s1d3
GTAGAGGTCCTGGGAC-1,5.0342383,14.764702,s1d3
GTAGAGGTCGTCTCAC-1,-5.386587,12.3292465,s1d3
GTAGAGGTCTTGATTC-1,4.3302264,4.8555427,s1d3
GTAGATCCAAGCGGAT-1,11.657516,12.884066,s1d3
GTAGATCGTATACCTG-1,9.654992,12.08936,s1d3
GTAGATCGTTTAGAGA-1,13.220869,10.426171,s1d3
GTAGATCTCTGTCGTC-1,14.475817,6.6444077,s1d3
GTAGCTAAGACATCAA-1,10.982708,6.634497,s1d3
GTAGCTAAGGATGCGT-1,-4.508905,6.426724,s1d3
GTAGCTAAGTATGCAA-1,11.635663,11.61626,s1d3
GTAGCTAAGTTGAAGT-1,5.8958373,3.5584106,s1d3
GTAGCTACAAAGGCGT-1,2.1863363,16.284773,s1d3
GTAGCTACAATTGAGA-1,9.625275,4.958787,s1d3
GTAGCTACATCCAATG-1,11.47722,12.860046,s1d3
GTAGCTAGTGGTGATG-1,-5.9204936,9.741567,s1d3
GTAGCTAGTGTGACCC-1,-3.3502884,9.603518,s1d3
GTAGCTATCAACTGAC-1,10.697677,5.551417,s1d3
GTAGCTATCCCGAGTG-1,10.235091,5.2780576,s1d3
GTAGCTATCCGGACGT-1,8.302093,7.692114,s1d3
GTAGCTATCTATTCGT-1,12.345631,6.9185934,s1d3
GTAGCTATCTGCTTTA-1,-4.658984,7.4260454,s1d3
GTAGGAGAGTCAACAA-1,12.076009,7.98234,s1d3
GTAGGAGCAATACCCA-1,4.8076024,14.503452,s1d3
GTAGGAGCATTCTCTA-1,12.795839,13.146517,s1d3
GTAGGAGGTAACGTTC-1,9.78302,5.0087767,s1d3
GTAGGAGGTATGATCC-1,9.748626,4.660197,s1d3
GTAGGAGTCATAGACC-1,9.28356,5.2719603,s1d3
GTAGGAGTCGCTTAAG-1,15.453278,8.388788,s1d3
GTAGGTTAGAGAGGTA-1,14.404291,9.930425,s1d3
GTAGGTTCAGATGCGA-1,10.887837,13.368976,s1d3
GTAGGTTCATCACCAA-1,12.088578,12.084931,s1d3
GTAGGTTGTATGCAAA-1,3.4809961,6.4934325,s1d3
GTAGGTTGTCCATCTC-1,11.712174,8.604477,s1d3
GTAGGTTTCGTAACTG-1,8.964155,1.565547,s1d3
GTAGTACAGACGCATG-1,-4.33905,10.695887,s1d3
GTAGTACAGCAGCCTC-1,12.028044,6.1007347,s1d3
GTAGTACAGCTACTAC-1,11.3308325,8.196374,s1d3
GTAGTACCAACCGTAT-1,16.948153,7.076798,s1d3
GTAGTACGTAGAGATT-1,15.24148,8.300822,s1d3
GTAGTACGTATCGGTT-1,3.1478271,18.086506,s1d3
GTAGTACTCAACGTGT-1,9.950263,5.802074,s1d3
GTAGTACTCGGTAACT-1,15.615574,8.890225,s1d3
GTAGTACTCTTCTTCC-1,11.0186,-1.0034155,s1d3
GTATTGGAGCAATTAG-1,16.2524,4.6691003,s1d3
GTATTGGAGCACAAAT-1,10.216798,10.617362,s1d3
GTATTGGAGCACTTTG-1,16.822702,5.1658864,s1d3
GTATTGGAGTCACAGG-1,10.017665,13.523918,s1d3
GTATTGGCAACCAATC-1,-3.5809712,8.001013,s1d3
GTATTGGCAATCGCCG-1,14.340077,6.228015,s1d3
GTATTGGCACAAATCC-1,-3.3974614,8.732852,s1d3
GTATTGGCAGGCTACC-1,-5.33469,9.578592,s1d3
GTATTGGGTCGGCACT-1,11.232628,11.553399,s1d3
GTATTGGGTGGCTACC-1,-5.543383,12.2169485,s1d3
GTATTGGTCGCCTCTA-1,11.823481,10.550056,s1d3
GTATTGGTCTCATGGA-1,10.239665,9.875403,s1d3
GTATTTCAGACCAGAC-1,-4.835809,8.172302,s1d3
GTATTTCAGTCATGGG-1,6.076792,4.9990325,s1d3
GTATTTCCACGTAGAG-1,12.952334,5.59005,s1d3
GTATTTCCAGCTGCCA-1,4.4847045,19.493427,s1d3
GTATTTCCATCTCCCA-1,9.650163,4.3597655,s1d3
GTATTTCTCCTATTGT-1,12.579878,11.77176,s1d3
GTCAAACAGAAGTCAT-1,10.293111,7.258888,s1d3
GTCAAACAGACTACCT-1,1.8663845,6.172363,s1d3
GTCAAACAGGCCATAG-1,-4.59283,8.440213,s1d3
GTCAAACCAGTAGTTC-1,9.449127,7.9172583,s1d3
GTCAAACTCGGAATGG-1,11.865093,12.329114,s1d3
GTCAAGTAGCCAAGTG-1,14.225912,9.183303,s1d3
GTCAAGTAGGCATGGT-1,14.349745,7.717505,s1d3
GTCAAGTCACAGCCTG-1,6.216282,-3.1793783,s1d3
GTCAAGTCACGGTGTC-1,-1.6336447,4.5686426,s1d3
GTCAAGTCACTTACAG-1,11.095668,10.454524,s1d3
GTCAAGTGTCACTCGG-1,4.0062404,13.585822,s1d3
GTCAAGTGTCTCCCTA-1,4.1154613,18.38004,s1d3
GTCAAGTGTCTTGAAC-1,1.7318367,5.3702784,s1d3
GTCAAGTTCCTTCAGC-1,-4.5968795,8.092312,s1d3
GTCAAGTTCTGGTCAA-1,11.720824,11.388816,s1d3
GTCACGGAGGATAATC-1,4.453709,4.4763064,s1d3
GTCACGGCAGTAACCT-1,11.218511,8.905924,s1d3
GTCACGGGTAATACCC-1,1.5639699,5.81302,s1d3
GTCACGGGTGAGCCAA-1,10.254238,6.29183,s1d3
GTCACTCAGTGGACTG-1,3.4657168,14.007011,s1d3
GTCACTCGTATCTCTT-1,12.04726,12.605511,s1d3
GTCACTCGTGAGAACC-1,11.31913,12.824499,s1d3
GTCACTCGTGAGGAAA-1,13.655566,7.5574327,s1d3
GTCACTCGTTACCTGA-1,12.14967,13.282783,s1d3
GTCACTCTCCACGGAC-1,11.008218,11.663668,s1d3
GTCACTCTCCTACCAC-1,14.128163,8.022682,s1d3
GTCACTCTCGTTCTGC-1,4.053824,5.243028,s1d3
GTCAGCGAGAATCGTA-1,12.562444,10.218417,s1d3
GTCAGCGAGAATTCAG-1,13.150722,5.3970222,s1d3
GTCAGCGAGACTACCT-1,17.275465,4.8911824,s1d3
GTCAGCGAGCTCTATG-1,11.187822,11.959198,s1d3
GTCAGCGCAGTTCTAG-1,3.1162577,17.362167,s1d3
GTCAGCGCATGGCGCT-1,11.685649,12.000941,s1d3
GTCAGCGTCCCTTTGG-1,13.493097,7.889349,s1d3
GTCAGCGTCGAGCCAC-1,3.0387828,16.813923,s1d3
GTCATCCAGACAACAT-1,-4.8505096,8.688125,s1d3
GTCATCCAGCACGATG-1,6.2010765,-3.0004876,s1d3
GTCATCCAGTCGGGAT-1,-4.9617944,6.6795015,s1d3
GTCATCCAGTTGTAGA-1,-5.423488,7.2356734,s1d3
GTCATCCCAAATGCGG-1,12.752477,13.492148,s1d3
GTCATCCGTTCGGCGT-1,6.651736,-4.698529,s1d3
GTCATCCTCACTCTTA-1,-5.3421397,11.870404,s1d3
GTCATCCTCCTTACCG-1,-5.268779,7.5368886,s1d3
GTCATCCTCGGTCAGC-1,10.452354,9.903405,s1d3
GTCATGAAGTACTGTC-1,1.5159502,5.065301,s1d3
GTCATGAAGTGTCATC-1,11.005744,12.345363,s1d3
GTCATGACAAGACCTT-1,13.215908,11.670975,s1d3
GTCATGACAATGCTCA-1,8.290103,-1.1496106,s1d3
GTCATGACAATGGCCC-1,10.273288,7.349624,s1d3
GTCATGACAGTCGCTG-1,6.6571336,17.915766,s1d3
GTCATGACATATCTCT-1,3.882506,13.465021,s1d3
GTCATGAGTACGAGTG-1,11.225105,14.200823,s1d3
GTCATGAGTACTAAGA-1,13.929552,10.102312,s1d3
GTCATGAGTGCAATAA-1,11.539626,11.22989,s1d3
GTCATGAGTGTAAATG-1,2.9984531,16.427845,s1d3
GTCATTTAGCATATGA-1,10.177382,10.814937,s1d3
GTCATTTAGGCGCTCT-1,16.9086,4.894766,s1d3
GTCATTTCACCGTGAC-1,-4.789678,6.858047,s1d3
GTCATTTGTCGGCTAC-1,-4.5022683,8.781927,s1d3
GTCATTTGTGACTGAG-1,15.475912,8.481317,s1d3
GTCATTTGTGGGAGAG-1,3.779663,13.78879,s1d3
GTCATTTGTGTGTCGC-1,6.5560985,-3.2476249,s1d3
GTCATTTTCATCGACA-1,-5.735152,10.498028,s1d3
GTCCACTAGCGCGTTC-1,-4.9544053,8.387407,s1d3
GTCCACTAGGAGAATG-1,13.343208,13.417655,s1d3
GTCCACTAGGTGCTGA-1,16.386728,4.9639883,s1d3
GTCCACTCAATACCCA-1,2.3017547,4.952055,s1d3
GTCCACTCAATTGGTC-1,15.182953,8.952696,s1d3
GTCCACTCACAACGAG-1,13.935774,10.684511,s1d3
GTCCACTCACGCAAAG-1,10.029209,12.197529,s1d3
GTCCACTGTCTTGAGT-1,8.586929,7.5268774,s1d3
GTCCACTTCATTATCC-1,13.8656,9.253865,s1d3
GTCCACTTCGCAGTGC-1,12.192711,8.152538,s1d3
GTCCACTTCGCCTAGG-1,12.02714,14.635725,s1d3
GTCCACTTCTCGACCT-1,6.753729,-3.9291122,s1d3
GTCCCATCAAGAGATT-1,12.44911,11.265238,s1d3
GTCCCATCAGATACTC-1,4.0212455,19.355928,s1d3
GTCCCATCAGATTCGT-1,14.757706,9.597812,s1d3
GTCCCATGTAGTCACT-1,9.025865,2.105165,s1d3
GTCCCATTCTTCTCAA-1,11.655663,11.692006,s1d3
GTCCTCAAGAAACTCA-1,10.367433,11.285681,s1d3
GTCCTCAAGCCTTTCC-1,2.8044255,7.2620974,s1d3
GTCCTCAAGGGCAGAG-1,15.8071,6.742067,s1d3
GTCCTCACAACGATCT-1,2.3964343,5.9512215,s1d3
GTCCTCACAACGGTAG-1,2.9446354,16.643076,s1d3
GTCCTCACAGAGGTAC-1,3.296306,16.791872,s1d3
GTCCTCAGTACAGCGA-1,7.480716,-3.8729527,s1d3
GTCCTCAGTCAGTTTG-1,10.945127,11.412508,s1d3
GTCCTCAGTCTTGCGG-1,3.0906086,7.7645655,s1d3
GTCCTCAGTGCAGGAT-1,11.012441,11.596441,s1d3
GTCCTCAGTTATGTCG-1,5.464577,17.02762,s1d3
GTCCTCATCGCAGTGC-1,-4.5084763,9.395782,s1d3
GTCCTCATCTAAACGC-1,7.0003886,3.090706,s1d3
GTCGAATAGCTAGAAT-1,14.184141,10.533053,s1d3
GTCGAATAGGCATTTC-1,12.550735,14.206678,s1d3
GTCGAATCACCTAAAC-1,11.911643,12.051031,s1d3
GTCGAATCACTACAGT-1,11.010084,17.273357,s1d3
GTCGAATCAGGCATTT-1,16.622763,4.9897103,s1d3
GTCGAATCATTGCCTC-1,4.9869456,-3.2582066,s1d3
GTCGAATGTCGTCATA-1,11.088689,8.246147,s1d3
GTCGAATGTGTTCGAT-1,16.47849,6.0660086,s1d3
GTCGAATTCAAGCTTG-1,-4.634732,8.198302,s1d3
GTCGAATTCATGTCTT-1,10.646747,10.272141,s1d3
GTCGAATTCGCATTGA-1,16.70659,8.743689,s1d3
GTCGAATTCGGCTGGT-1,-4.6102123,7.962468,s1d3
GTCGCGAAGAACTTCC-1,-5.1678057,4.726106,s1d3
GTCGCGAAGACTCAAA-1,13.357382,13.747666,s1d3
GTCGCGACAATCCTTT-1,5.985591,16.454727,s1d3
GTCGCGACATGACTAC-1,11.5501795,10.93899,s1d3
GTCGCGACATTCCTCG-1,10.909277,8.415356,s1d3
GTCGCGAGTCTACACA-1,16.08302,5.702191,s1d3
GTCGCGATCACGATCA-1,-4.2260017,6.0153985,s1d3
GTCGCGATCAGAGTTC-1,12.538825,7.995213,s1d3
GTCGCGATCCAGTGTA-1,11.378129,6.0086255,s1d3
GTCGCGATCCCAAGTA-1,14.760939,9.930362,s1d3
GTCGCGATCCGAGCTG-1,13.464499,10.027324,s1d3
GTCGCGATCGCTGTCT-1,16.6126,6.0228415,s1d3
GTCGCGATCGTCAACA-1,11.895557,8.231276,s1d3
GTCGCGATCTGTCGCT-1,11.007451,12.371138,s1d3
GTCGTAAAGACCAACG-1,4.0869064,14.950223,s1d3
GTCGTAACAGCAGACA-1,10.165519,6.10814,s1d3
GTCGTAACATCCGAAT-1,11.741628,13.151685,s1d3
GTCGTAACATGGAGAC-1,11.416065,13.212949,s1d3
GTCGTAACATGTAACC-1,10.461955,11.36673,s1d3
GTCGTAAGTACGGATG-1,5.733125,-4.0298753,s1d3
GTCGTAAGTGAGATCG-1,12.838163,14.119868,s1d3
GTCGTAATCACGTAGT-1,6.737434,-3.3061092,s1d3
GTCGTAATCAGCCCAG-1,10.467273,6.1478343,s1d3
GTCGTAATCTACGCAA-1,12.510203,5.763561,s1d3
GTCGTAATCTTCGATT-1,11.664456,11.37092,s1d3
GTCGTTCAGCAAGTGC-1,10.027312,13.944155,s1d3
GTCGTTCAGGCTTAGG-1,1.4277999,7.667263,s1d3
GTCGTTCAGTATGGCG-1,5.8603125,-2.617347,s1d3
GTCGTTCAGTTGTACC-1,6.041506,-1.7147443,s1d3
GTCGTTCCAACGGGTA-1,4.29512,19.222,s1d3
GTCGTTCCAAGGGTCA-1,10.086903,18.607029,s1d3
GTCGTTCCAGGACTAG-1,-4.6306405,8.015347,s1d3
GTCGTTCGTCTTTCAT-1,5.854123,-2.6160443,s1d3
GTCGTTCTCAACCTCC-1,16.920614,8.834764,s1d3
GTCGTTCTCACCTACC-1,8.155287,-3.039934,s1d3
GTCGTTCTCACGGGAA-1,11.315071,13.192769,s1d3
GTCGTTCTCCAAGGGA-1,-0.42908028,4.862384,s1d3
GTCGTTCTCCCTAGGG-1,9.852288,-4.415356,s1d3
GTCGTTCTCGCGGACT-1,12.653049,13.9512415,s1d3
GTCGTTCTCTGCGGGT-1,-3.2689145,9.576117,s1d3
GTCTACCAGCCTGAAG-1,-1.7198148,5.1068044,s1d3
GTCTACCAGCGAACTG-1,4.9387093,19.182198,s1d3
GTCTACCAGGGAGGCA-1,2.0700147,16.454502,s1d3
GTCTACCCATGAAAGT-1,-4.607989,9.382318,s1d3
GTCTACCGTAGGAAAG-1,7.6246166,-3.906528,s1d3
GTCTACCGTATGCTTG-1,11.576726,11.945137,s1d3
GTCTACCGTGGCCTCA-1,11.409948,11.345009,s1d3
GTCTACCGTTATGACC-1,10.712567,5.272602,s1d3
GTCTACCTCACAAGAA-1,16.248264,5.256732,s1d3
GTCTACCTCAGAATAG-1,-1.7869825,5.485355,s1d3
GTCTACCTCCAAGAGG-1,6.692566,-3.3003428,s1d3
GTCTAGAAGCAATTCC-1,3.6083927,6.711479,s1d3
GTCTAGACACCAGCGT-1,5.413952,19.563116,s1d3
GTCTAGACAGAGGTTG-1,11.662439,12.443595,s1d3
GTCTAGACAGGACGAT-1,9.897235,4.295955,s1d3
GTCTAGAGTACGAGTG-1,2.6847072,8.312501,s1d3
GTCTAGAGTATGTCCA-1,11.271447,6.736078,s1d3
GTCTAGAGTGCTTCAA-1,6.1662374,4.8946223,s1d3
GTCTAGAGTGTCTAAC-1,10.852692,9.444007,s1d3
GTCTAGATCACAAGAA-1,3.5928996,6.3279324,s1d3
GTCTAGATCGCTAATG-1,-3.793987,6.353798,s1d3
GTCTAGATCGTCTAAG-1,5.79518,18.074776,s1d3
GTCTAGATCTTTCTAG-1,-6.0909333,8.105524,s1d3
GTCTCACAGAGGCTGT-1,8.899119,7.9950223,s1d3
GTCTCACAGGAAGTAG-1,10.6874,8.184418,s1d3
GTCTCACAGGTGATCG-1,15.114705,9.464679,s1d3
GTCTCACCACAGCTGC-1,11.247037,8.366396,s1d3
GTCTCACGTGGGCTTC-1,7.839823,-2.0210462,s1d3
GTCTCACTCGCCTATC-1,3.6097,4.745454,s1d3
GTCTCACTCTCGCTTG-1,13.648715,12.59125,s1d3
GTCTGTCAGTTTGCTG-1,5.8591957,-5.2837877,s1d3
GTCTGTCCAGAAATCA-1,14.6713295,8.752557,s1d3
GTCTGTCCAGTTGTCA-1,13.690163,5.5129337,s1d3
GTCTGTCCATAGGAGC-1,10.862997,12.423959,s1d3
GTCTGTCGTAACATCC-1,16.117533,5.9956822,s1d3
GTCTGTCGTCACTGAT-1,11.299257,8.570456,s1d3
GTCTGTCGTGGCATCC-1,1.1450592,4.2476296,s1d3
GTCTGTCGTTATTCCT-1,5.825792,-2.7008467,s1d3
GTCTGTCTCCAGTGCG-1,10.974526,11.990849,s1d3
GTCTGTCTCCTTCTAA-1,10.445969,11.711458,s1d3
GTCTGTCTCTTAGCCC-1,10.244043,12.591152,s1d3
GTCTTTAAGCCATATC-1,10.851359,7.8356533,s1d3
GTCTTTAAGCTGCCAC-1,8.393723,7.6669993,s1d3
GTCTTTAGTAGGGAGG-1,5.125341,20.374912,s1d3
GTCTTTAGTCAAGCCC-1,12.01105,6.525888,s1d3
GTCTTTAGTTAAGGAT-1,9.429583,5.227451,s1d3
GTCTTTAGTTATGACC-1,10.943652,9.021629,s1d3
GTCTTTAGTTGCCGAC-1,-4.633751,7.21671,s1d3
GTGACGCAGACCGTTT-1,12.993467,10.4020815,s1d3
GTGACGCAGATAGCAT-1,10.675266,10.494296,s1d3
GTGACGCAGGATCACG-1,13.52797,9.768203,s1d3
GTGACGCAGTTGGACG-1,11.529832,7.085349,s1d3
GTGACGCCACTTCCTG-1,2.638417,14.244391,s1d3
GTGACGCCATCTTAGG-1,6.5112934,-3.3603537,s1d3
GTGACGCCATGGCCAC-1,7.0283265,-0.24860428,s1d3
GTGACGCGTTGGGACA-1,10.103707,12.887929,s1d3
GTGACGCTCGCTCATC-1,12.088626,12.670997,s1d3
GTGAGCCAGGTCACAG-1,5.4380393,16.486427,s1d3
GTGAGCCAGTCCGCCA-1,4.1410275,13.714342,s1d3
GTGAGCCCAAACCACT-1,16.68506,4.8426986,s1d3
GTGAGCCCAAAGGCGT-1,2.8978078,14.240234,s1d3
GTGAGCCCAACTGCCG-1,6.055173,-2.8103607,s1d3
GTGAGCCCACATAACC-1,9.940227,-4.618038,s1d3
GTGAGCCCATCCGAGC-1,6.7459416,-4.05373,s1d3
GTGAGCCCATCGTTCC-1,-3.7016928,9.276917,s1d3
GTGAGCCGTAATTGGA-1,10.42179,10.314633,s1d3
GTGAGCCGTACGTACT-1,5.860563,-2.2309356,s1d3
GTGAGGAAGAAGCGGG-1,-5.556212,8.61946,s1d3
GTGAGGAAGCTTGTTG-1,13.490116,7.0540795,s1d3
GTGAGGAGTACCAATC-1,4.9141946,20.168993,s1d3
GTGAGGAGTAGCGATG-1,-4.0441923,7.28351,s1d3
GTGAGGAGTCATTCCC-1,1.5996008,7.356049,s1d3
GTGAGGAGTCTGATAC-1,2.5624156,6.9866195,s1d3
GTGAGGAGTTGCATAC-1,10.190065,4.632331,s1d3
GTGAGGAGTTGCGGCT-1,12.616529,13.864048,s1d3
GTGAGGATCACGAACT-1,13.906029,9.0924,s1d3
GTGAGTTAGACCGTTT-1,-5.4348106,11.223428,s1d3
GTGAGTTAGATGGCGT-1,2.412826,5.8660383,s1d3
GTGAGTTAGGTACATA-1,12.208924,14.009844,s1d3
GTGAGTTCAAGAGTTA-1,-5.072872,6.894424,s1d3
GTGAGTTCACAGTCGC-1,15.332159,7.1788983,s1d3
GTGAGTTCATTCTCTA-1,7.203206,3.2247646,s1d3
GTGAGTTGTAGGGTAC-1,5.635696,-5.0043173,s1d3
GTGAGTTTCGACGAGA-1,5.9981318,5.072707,s1d3
GTGAGTTTCGCATAGT-1,11.516326,13.098367,s1d3
GTGAGTTTCTGACAGT-1,-3.7722425,9.491446,s1d3
GTGAGTTTCTTTGGAG-1,12.011881,12.733982,s1d3
GTGATGTAGCTAGAAT-1,-5.198226,11.812702,s1d3
GTGATGTCAGGTTCGC-1,1.3092042,4.291123,s1d3
GTGATGTGTGATGAAT-1,9.778456,-4.378163,s1d3
GTGATGTTCGTTTACT-1,-3.8454106,9.61378,s1d3
GTGATGTTCTTTGGAG-1,12.276211,13.504275,s1d3
GTGCACGAGTGGTTCT-1,12.51563,13.840217,s1d3
GTGCACGCAAGTTGGG-1,2.9169092,17.91938,s1d3
GTGCACGCACACAGCC-1,6.1005034,5.001458,s1d3
GTGCACGCAGAGATGC-1,11.63408,11.493127,s1d3
GTGCACGCAGCTCATA-1,4.8017216,15.510966,s1d3
GTGCACGGTCTTCTAT-1,14.314824,8.022938,s1d3
GTGCACGTCATCTGTT-1,6.6473713,2.1974595,s1d3
GTGCAGCAGAAAGTCT-1,10.026663,11.001623,s1d3
GTGCAGCAGAGATGCC-1,5.217438,18.552488,s1d3
GTGCAGCAGCGTCAAG-1,11.586154,13.084617,s1d3
GTGCAGCAGCTTAGTC-1,11.762562,13.802303,s1d3
GTGCAGCAGGCTTCCG-1,3.6316972,13.35594,s1d3
GTGCAGCCACGGTAGA-1,-1.9499902,4.03166,s1d3
GTGCAGCCAGAATTCC-1,9.875143,11.086664,s1d3
GTGCAGCCAGCGTAGA-1,10.2495575,14.428992,s1d3
GTGCAGCCATTGTCGA-1,-3.5483959,9.258155,s1d3
GTGCAGCGTCAGTCCG-1,-4.981674,8.677963,s1d3
GTGCAGCGTTCTCCCA-1,13.10768,12.21217,s1d3
GTGCGTGAGGCCCAAA-1,16.955376,8.600458,s1d3
GTGCGTGAGTGGTGAC-1,11.444943,13.079465,s1d3
GTGCGTGCATCGCCTT-1,11.099823,11.034526,s1d3
GTGCGTGGTCGCATGC-1,5.2336607,16.353601,s1d3
GTGCGTGTCAAGTAAG-1,3.0225327,16.389807,s1d3
GTGCGTGTCCGGGACT-1,10.799831,11.0107355,s1d3
GTGCTGGAGAGGTCGT-1,12.230514,13.733702,s1d3
GTGCTGGAGATCCAAA-1,2.6040578,18.15231,s1d3
GTGCTGGAGGATTCCT-1,5.23747,-4.743454,s1d3
GTGCTGGAGTTAGTGA-1,12.925357,13.850133,s1d3
GTGCTGGCAGACAATA-1,10.972676,10.269953,s1d3
GTGCTGGGTAACAGGC-1,12.037993,14.304367,s1d3
GTGCTGGGTAGAGACC-1,11.662475,12.466863,s1d3
GTGCTGGGTCGAAGCA-1,8.742326,2.0633256,s1d3
GTGCTGGGTCGTGGAA-1,6.7934117,-2.283057,s1d3
GTGCTGGTCTGAACGT-1,7.5292077,-0.07007642,s1d3
GTGCTGGTCTTAGGAC-1,12.349155,13.48973,s1d3
GTGCTTCAGCGCCTTG-1,9.979339,11.452705,s1d3
GTGCTTCCAGCTGCCA-1,-3.8117235,7.9122853,s1d3
GTGCTTCGTACATACC-1,6.884635,-2.4320471,s1d3
GTGCTTCTCCCATTTA-1,11.708628,12.275275,s1d3
GTGGAAGAGCCGTTGC-1,-5.1182127,6.495976,s1d3
GTGGAAGAGGCACTCC-1,-4.508705,10.3383465,s1d3
GTGGAAGCAAGGTCTT-1,12.837845,13.29,s1d3
GTGGAAGGTGCCGTAC-1,11.386957,6.42273,s1d3
GTGGAAGTCTTACCAT-1,16.585867,4.5757117,s1d3
GTGGAGAAGATTGGGC-1,10.972716,13.067141,s1d3
GTGGAGAAGCAGCCCT-1,11.696126,8.673667,s1d3
GTGGAGAAGCATGAAT-1,12.058861,13.48078,s1d3
GTGGAGAAGCCAGTAG-1,12.89317,10.833047,s1d3
GTGGAGAAGGAAAGGT-1,8.592306,7.856641,s1d3
GTGGAGAAGGCCTAGA-1,5.5177364,6.831975,s1d3
GTGGAGAAGTCAGCGA-1,13.387706,13.250522,s1d3
GTGGAGAGTAGCGCCT-1,-5.700534,7.4141417,s1d3
GTGGAGAGTATGGAGC-1,9.82786,12.516579,s1d3
GTGGAGAGTTGGAGAC-1,14.593049,10.490671,s1d3
GTGGAGATCCAGTGTA-1,12.402011,6.4188013,s1d3
GTGGAGATCGTGTTCC-1,10.458789,7.311742,s1d3
GTGGCGTAGGGCAGAG-1,5.9342594,19.179028,s1d3
GTGGCGTCACACACTA-1,3.010711,4.9019327,s1d3
GTGGCGTCAGCCTATA-1,6.208893,-4.9048457,s1d3
GTGGCGTGTGGTCTAT-1,4.070327,13.841373,s1d3
GTGGCGTTCAATCTTC-1,7.3320093,-4.1046968,s1d3
GTGGCGTTCACGATAC-1,2.5741792,5.629896,s1d3
GTGGCGTTCACTGGGC-1,12.664204,13.95206,s1d3
GTGGCGTTCCCTCGAT-1,-5.5287895,7.2800097,s1d3
GTGGCGTTCGCAAGAG-1,-3.9005134,7.220748,s1d3
GTGGGAAAGCAAGGAA-1,10.125409,11.787879,s1d3
GTGGGAAAGCGACAGT-1,7.3505707,3.3580582,s1d3
GTGGGAAAGGAACGCT-1,1.2436663,6.160006,s1d3
GTGGGAACACCACATA-1,-4.623032,7.2607627,s1d3
GTGGGAACAGAGGGTT-1,0.055805914,5.415117,s1d3
GTGGGAACAGGACTTT-1,-4.110011,9.329581,s1d3
GTGGGAAGTACCAATC-1,10.671766,9.857425,s1d3
GTGGGAAGTGAGACCA-1,3.469999,6.0797057,s1d3
GTGGGAAGTGTCCATA-1,14.833989,8.478283,s1d3
GTGGGAAGTTGAGAGC-1,5.5784855,18.300573,s1d3
GTGGGAATCTGTGCGG-1,-4.4447017,7.0963583,s1d3
GTGGTTAAGCCTCTCT-1,10.800853,13.047593,s1d3
GTGGTTAAGGAAGTGA-1,10.679911,12.521006,s1d3
GTGGTTACAGAGAATT-1,8.29846,7.018609,s1d3
GTGGTTAGTAGGGTAC-1,8.394,7.746986,s1d3
GTGGTTAGTATACAGA-1,10.193438,5.3872766,s1d3
GTGGTTAGTATGACAA-1,2.219071,7.873697,s1d3
GTGGTTAGTCGAGTTT-1,11.941597,12.290191,s1d3
GTGGTTATCCATTTCA-1,12.600743,12.083414,s1d3
GTGGTTATCTCATTAC-1,11.086281,11.131246,s1d3
GTGGTTATCTTCACAT-1,13.393217,12.411188,s1d3
GTGTAACAGCTGTCCG-1,10.797628,13.405472,s1d3
GTGTAACAGTCAAGCG-1,5.3514156,16.865726,s1d3
GTGTAACAGTGACCTT-1,14.367236,9.37923,s1d3
GTGTAACCACCCTAGG-1,11.635322,9.160933,s1d3
GTGTAACCACTACCCT-1,10.896837,10.66514,s1d3
GTGTAACCACTAGTAC-1,2.741273,4.9749184,s1d3
GTGTAACCAGGTCCGT-1,5.8430023,-1.0109581,s1d3
GTGTAACTCATAGCAC-1,-5.8106856,10.83197,s1d3
GTGTCCTAGACAGCGT-1,14.441117,9.743326,s1d3
GTGTCCTAGATGCGAC-1,12.080927,5.8091235,s1d3
GTGTCCTAGCAACTTC-1,9.70462,-4.5839434,s1d3
GTGTCCTAGCGTTCCG-1,-5.0590487,9.084577,s1d3
GTGTCCTAGTCAGCCC-1,10.186196,6.9809194,s1d3
GTGTCCTCAATAAGGT-1,10.579309,10.015909,s1d3
GTGTCCTCACCTCTGT-1,12.988467,12.761028,s1d3
GTGTCCTCACGATAGG-1,12.306098,8.240385,s1d3
GTGTCCTCATCTGCGG-1,-4.420189,8.3685665,s1d3
GTGTCCTGTCGAGCTC-1,11.29137,7.9252934,s1d3
GTGTCCTTCACTCGAA-1,15.036526,8.849851,s1d3
GTGTCCTTCGTGCGAC-1,10.502901,11.985807,s1d3
GTGTGATAGCGTATGG-1,10.612431,8.517124,s1d3
GTGTGATAGGGAGGAC-1,10.489785,12.091931,s1d3
GTGTGATCAGCAGGAT-1,6.6130548,3.6907797,s1d3
GTGTGATCATGTTCAG-1,-5.7542953,10.425199,s1d3
GTGTGATGTGCAACAG-1,12.904805,13.430657,s1d3
GTGTGATGTGCCCGTA-1,13.611711,12.51109,s1d3
GTGTGATTCGTAACTG-1,8.453767,7.9121866,s1d3
GTGTGATTCTATGTGG-1,10.294272,13.209657,s1d3
GTGTGGCCAATTGAGA-1,10.143476,12.833793,s1d3
GTGTGGCCACGGTGTC-1,3.385854,17.48092,s1d3
GTGTGGCGTACTGCCG-1,3.7545867,16.653835,s1d3
GTGTGGCGTAGTATAG-1,-4.0517154,6.8626747,s1d3
GTGTGGCGTGTCCCTT-1,12.281032,8.556213,s1d3
GTGTGGCGTGTCTCCT-1,11.017708,7.951656,s1d3
GTGTGGCTCTCTTCAA-1,6.065841,-4.9033957,s1d3
GTGTGGCTCTTAGCCC-1,3.2518885,2.0782237,s1d3
GTGTTAGAGACATCCT-1,11.324995,10.079099,s1d3
GTGTTAGAGCGTGTCC-1,10.685888,10.402776,s1d3
GTGTTAGAGGCAGTCA-1,-0.07751807,3.8263776,s1d3
GTGTTAGAGGGTTAGC-1,16.793852,6.164204,s1d3
GTGTTAGAGGTTGCCC-1,-5.41348,7.3936586,s1d3
GTGTTAGAGTGCCGAA-1,13.199269,13.579616,s1d3
GTGTTAGCAAAGACGC-1,11.1460905,14.020161,s1d3
GTGTTAGCAGAACATA-1,-4.684388,7.5169015,s1d3
GTGTTAGGTACTCCCT-1,-4.710627,10.204955,s1d3
GTGTTAGTCCACTAGA-1,4.7312613,19.364994,s1d3
GTGTTAGTCGAGCTGC-1,12.113339,14.17895,s1d3
GTGTTCCAGAGAATCT-1,8.443737,7.158351,s1d3
GTGTTCCAGTAGACCG-1,10.718923,12.05587,s1d3
GTGTTCCAGTCCTACA-1,13.732969,9.789763,s1d3
GTGTTCCCAAGGAGTC-1,5.103311,-3.7384572,s1d3
GTGTTCCCATGAAAGT-1,11.598608,7.3089156,s1d3
GTGTTCCGTCCAAGAG-1,3.7379107,13.875248,s1d3
GTGTTCCGTGAGCTCC-1,15.827757,5.1552315,s1d3
GTGTTCCTCAGCAATC-1,14.511036,10.019199,s1d3
GTTACAGAGCATCAGG-1,11.222684,14.05409,s1d3
GTTACAGAGGAGTCTG-1,12.107368,13.178207,s1d3
GTTACAGCAATGAACA-1,5.5653663,-4.735736,s1d3
GTTACCCAGACGCAGT-1,4.257646,5.3825483,s1d3
GTTACCCAGAGTTCGG-1,5.393699,6.6663775,s1d3
GTTACCCAGGCTCTCG-1,12.1522665,11.989907,s1d3
GTTACCCAGTCTAACC-1,12.406339,14.341092,s1d3
GTTACCCCAATCTCGA-1,12.174778,7.987387,s1d3
GTTACCCCACTGTCCT-1,3.4166596,17.959732,s1d3
GTTACCCCACTTGACA-1,10.513962,12.241954,s1d3
GTTACCCGTAGCTGCC-1,5.194889,-4.443744,s1d3
GTTACCCGTATACGGG-1,13.434176,10.380505,s1d3
GTTACCCGTTCAAGTC-1,15.919582,8.713084,s1d3
GTTACCCTCCTGCTAC-1,14.20654,10.442921,s1d3
GTTACGAAGACTAGAT-1,11.413341,11.87064,s1d3
GTTACGAAGCGGACAT-1,-4.9837055,6.64621,s1d3
GTTACGAAGTGGCCTC-1,17.230457,5.042247,s1d3
GTTACGACAGGCGTTC-1,11.780278,6.5354743,s1d3
GTTACGAGTAAGCAAT-1,3.7902977,13.701033,s1d3
GTTACGAGTACTCGTA-1,2.2901518,16.46472,s1d3
GTTACGAGTCGCTGCA-1,12.132579,12.98909,s1d3
GTTACGAGTGATGGCA-1,2.223951,5.451177,s1d3
GTTACGAGTTGGACCC-1,7.8772798,-2.5047545,s1d3
GTTACGATCGGCTTGG-1,4.2780657,19.272991,s1d3
GTTACGATCTTCGCTG-1,11.279692,13.057559,s1d3
GTTAGACAGCGCCTAC-1,10.424795,5.273858,s1d3
GTTAGACAGTCGGGAT-1,13.477571,5.295365,s1d3
GTTAGACGTCCTACGG-1,10.433474,12.246621,s1d3
GTTAGACTCAAGCTTG-1,-3.5867875,8.142262,s1d3
GTTAGACTCGCAATGT-1,-1.4639876,6.3188634,s1d3
GTTAGTGAGACTCTAC-1,6.6309695,18.551876,s1d3
GTTAGTGAGCAGGCAT-1,11.3049,7.8147783,s1d3
GTTAGTGAGCCATTCA-1,2.7260044,14.3016,s1d3
GTTAGTGAGCGTATAA-1,12.980075,13.634869,s1d3
GTTAGTGCAACACGAG-1,9.473492,4.549631,s1d3
GTTAGTGCAAGGGTCA-1,1.1941953,5.180905,s1d3
GTTAGTGCACGACGTC-1,10.762206,6.8313127,s1d3
GTTAGTGCATGGATCT-1-1,10.532183,5.321426,s1d3
GTTAGTGGTTGAGTCT-1,10.89213,11.915862,s1d3
GTTAGTGTCGGTTCAA-1,11.213224,14.811615,s1d3
GTTAGTGTCGTGCATA-1,10.115128,13.088721,s1d3
GTTATGGTCATTGCGA-1,6.4258623,18.646084,s1d3
GTTATGGTCCTCTAAT-1,1.3418952,6.0546017,s1d3
GTTATGGTCTTTCCAA-1,7.17816,3.2297475,s1d3
GTTCATTAGGGTGGGA-1,12.031199,6.7031384,s1d3
GTTCATTAGGTACCTT-1,10.50506,6.738761,s1d3
GTTCATTGTAACGCGA-1,9.937734,13.167059,s1d3
GTTCATTGTGACCGAA-1,3.9760199,14.921686,s1d3
GTTCATTGTTCTTCAT-1,7.3412695,-2.918716,s1d3
GTTCATTGTTGGCCTG-1,12.785072,11.690094,s1d3
GTTCCGTAGAGCCGAT-1,12.087305,11.270261,s1d3
GTTCCGTAGCGAGTCA-1,14.261278,6.1058846,s1d3
GTTCCGTAGCTGACTT-1,5.648841,18.723562,s1d3
GTTCCGTCAGTCAGTT-1,13.681295,10.198189,s1d3
GTTCCGTGTGAGCTCC-1,13.673617,5.8776727,s1d3
GTTCCGTGTGCCTTCT-1,-4.5162287,8.754214,s1d3
GTTCCGTGTGTGGACA-1,-5.1627645,6.335946,s1d3
GTTCCGTTCCGTAGTA-1,3.035377,14.567388,s1d3
GTTCCGTTCGCAGTGC-1,6.629494,-3.6065211,s1d3
GTTCCGTTCTCCGATC-1,-5.246842,7.868534,s1d3
GTTCGCTAGAGATGCC-1,-1.0677501,6.320282,s1d3
GTTCGCTAGCACACAG-1,10.115744,12.330389,s1d3
GTTCGCTAGCCGTTAT-1,15.854366,9.104564,s1d3
GTTCGCTCAACACGTT-1,4.9059124,19.506195,s1d3
GTTCGCTCAATGACCT-1,3.3762164,13.881565,s1d3
GTTCGCTCAGGTCAGA-1,12.061864,12.6233225,s1d3
GTTCGCTGTATCCTCC-1,-5.096388,11.149315,s1d3
GTTCGCTGTGGCTACC-1,12.050639,13.616548,s1d3
GTTCGCTGTTGCACGC-1,-4.4350133,10.223227,s1d3
GTTCGCTTCTGCCTCA-1,12.158354,6.603651,s1d3
GTTCTATAGCATTGTC-1,12.371534,13.520751,s1d3
GTTCTATAGCGAGTAC-1,8.53025,1.6114987,s1d3
GTTCTATCAGAGGCTA-1,3.7192273,15.03703,s1d3
GTTCTATCATAGAAAC-1,10.438252,6.5732293,s1d3
GTTCTATGTCAGATTC-1,15.800015,9.176489,s1d3
GTTCTATGTTTGCAGT-1,11.162813,8.731002,s1d3
GTTCTATTCACCCTCA-1,-5.200102,6.6138697,s1d3
GTTCTATTCCAATCCC-1,12.104817,6.6435256,s1d3
GTTCTATTCCGTATAG-1,5.821474,19.265545,s1d3
GTTCTATTCCGTGGCA-1,3.8129656,13.918258,s1d3
GTTGAACAGGTACATA-1,5.7120314,6.651695,s1d3
GTTGAACCAAATGAGT-1,13.170122,5.7236276,s1d3
GTTGAACCACTATCCC-1,12.014734,10.903154,s1d3
GTTGAACCAGGAAGTC-1,12.829284,8.049442,s1d3
GTTGAACCAGGTAGTG-1,13.720909,10.879724,s1d3
GTTGAACGTACCGGCT-1,4.588578,4.5574527,s1d3
GTTGAACGTACTCGAT-1,10.530906,8.539751,s1d3
GTTGAACGTTAGAGTA-1,12.464908,6.223588,s1d3
GTTGAACGTTCCGCGA-1,13.094017,10.528128,s1d3
GTTGAACTCACAACCA-1,5.806967,-1.9035478,s1d3
GTTGCGGCAATCTCGA-1,14.777932,10.361006,s1d3
GTTGCGGCACACAGAG-1,12.392517,13.973085,s1d3
GTTGCGGCAGAAGTGC-1,12.671438,13.678445,s1d3
GTTGCGGCAGACACCC-1,16.66762,6.7899833,s1d3
GTTGCGGCATGGCGCT-1,3.2143683,2.2367773,s1d3
GTTGCGGGTACCTGTA-1,10.042818,11.851131,s1d3
GTTGCGGGTTGTAAAG-1,11.627609,6.601025,s1d3
GTTGCGGTCAAATAGG-1,5.2080717,17.798244,s1d3
GTTGCGGTCTGCAGCG-1,14.024478,5.338488,s1d3
GTTGCTCCAAACTAAG-1,-4.666394,6.4482017,s1d3
GTTGCTCCAGGAATAT-1,-4.639998,7.835035,s1d3
GTTGCTCCATTCAGCA-1,5.289984,19.507532,s1d3
GTTGCTCGTATCACGT-1,15.28396,9.498995,s1d3
GTTGCTCGTGTCTCCT-1,-4.4722285,7.5850716,s1d3
GTTGCTCGTTGCCGAC-1,3.0503354,8.117362,s1d3
GTTGCTCTCCAGCTCT-1,3.7351332,5.5180354,s1d3
GTTGCTCTCGTCGCTT-1,11.908549,11.764587,s1d3
GTTGTAGCACAATTCG-1,-1.4232908,6.2165833,s1d3
GTTGTAGCACTTGTCC-1,7.052656,-5.009498,s1d3
GTTGTAGGTACTCGTA-1,4.0100846,14.843855,s1d3
GTTGTAGGTTCTGAGT-1,9.766714,11.72032,s1d3
GTTGTAGTCCAAGGGA-1,13.551752,13.192553,s1d3
GTTGTAGTCCTCTAAT-1,10.684365,11.768066,s1d3
GTTGTAGTCTCTCGCA-1,14.93906,9.764859,s1d3
GTTGTAGTCTTGGTCC-1,12.557249,12.060359,s1d3
GTTGTCCCAACCGCTG-1,8.687768,1.3095227,s1d3
GTTGTCCCATTATGCG-1,15.583578,6.799229,s1d3
GTTGTCCGTGAACGGT-1,10.810003,6.615737,s1d3
GTTGTCCGTTCTGAGT-1,-4.798935,6.5217056,s1d3
GTTGTGAAGAGATTCA-1,10.605051,12.292449,s1d3
GTTGTGAAGAGCATAT-1,10.733871,7.8666153,s1d3
GTTGTGAAGTGGTGAC-1,10.601122,6.999602,s1d3
GTTGTGACAATGCAGG-1,1.5607975,7.804927,s1d3
GTTGTGACACATTCGA-1,17.268782,5.552417,s1d3
GTTGTGACAGCTATTG-1,11.055039,10.339033,s1d3
GTTGTGAGTCGCCACA-1,14.994749,8.361753,s1d3
GTTGTGAGTTTGTTCT-1,-3.8700871,7.2289853,s1d3
GTTGTGATCCACTTCG-1,11.081628,-0.8793456,s1d3
GTTTACTCAGTATACC-1,13.144892,13.654034,s1d3
GTTTACTCATTCTCTA-1,12.472922,8.6678295,s1d3
GTTTACTGTGAGGCAT-1,12.439904,13.069748,s1d3
GTTTACTGTTCGTTCC-1,11.139984,8.011163,s1d3
GTTTACTGTTTGTGGT-1,13.120782,9.589734,s1d3
GTTTACTTCAAGTTGC-1,10.198179,6.338288,s1d3
GTTTACTTCTAAGCGT-1,6.05556,-3.9502604,s1d3
GTTTGGAAGCACGATG-1,15.818234,8.238812,s1d3
GTTTGGAAGCATGGGT-1,11.772264,6.4261394,s1d3
GTTTGGAAGCCGGATA-1,5.6288505,18.873251,s1d3
GTTTGGAAGCCTTGAT-1,1.9630831,5.424437,s1d3
GTTTGGAAGTAGCATA-1,15.577703,5.72342,s1d3
GTTTGGAAGTTGGAAT-1,11.162189,13.523353,s1d3
GTTTGGAGTAGAGTTA-1,2.290456,16.604097,s1d3
GTTTGGAGTATGGTTC-1,11.58931,11.455586,s1d3
GTTTGGATCCTACACC-1,-3.7433167,9.096375,s1d3
TAACACGAGGCGATAC-1,-3.7726135,7.355395,s1d3
TAACACGCAGATACTC-1,12.465535,13.61342,s1d3
TAACACGCAGGATTCT-1,-5.1547747,7.813529,s1d3
TAACACGGTAACCAGG-1,10.870386,8.752926,s1d3
TAACACGTCCTCTGCA-1,3.0545297,17.851416,s1d3
TAACCAGAGACCTTTG-1,16.671322,6.2050257,s1d3
TAACCAGCACAGAGCA-1,10.644996,12.080064,s1d3
TAACCAGCAGTTTGGT-1,12.873899,8.233286,s1d3
TAACCAGGTGGCTTGC-1,-5.0225434,8.5463,s1d3
TAACCAGTCACTCACC-1,8.638792,8.131205,s1d3
TAACCAGTCGTAACTG-1,12.405101,9.484588,s1d3
TAACGACAGGTTCTTG-1,13.285071,13.016311,s1d3
TAACGACCAACTTGCA-1,10.367571,12.035726,s1d3
TAACGACCAATCAGCT-1,-4.58208,6.480424,s1d3
TAACGACCACCCTGTT-1,13.81099,6.762274,s1d3
TAACGACCAGAACTCT-1,12.036615,8.540043,s1d3
TAACGACCAGAGCCCT-1,6.7539287,-3.4389157,s1d3
TAACGACGTTATCTGG-1,-3.9634273,7.4132133,s1d3
TAACGACTCTGGGAGA-1,5.6496086,19.475784,s1d3
TAACTTCAGACAGCGT-1,12.567377,5.9555573,s1d3
TAACTTCAGTAGCAAT-1,12.923163,14.089933,s1d3
TAACTTCCAACCCTCT-1,7.2704525,3.2469609,s1d3
TAACTTCCACCTTCCA-1,1.6202688,5.150336,s1d3
TAACTTCCAGTAACCT-1,11.936557,11.762837,s1d3
TAACTTCCATCGATGT-1,-4.528983,7.6317425,s1d3
TAACTTCGTATGTGTC-1,16.481884,5.8183203,s1d3
TAACTTCGTGCCGTTG-1,1.5083829,4.896212,s1d3
TAACTTCGTGTCTAAC-1,-5.7837977,10.072789,s1d3
TAACTTCGTGTGGTCC-1,13.206483,12.655733,s1d3
TAACTTCTCATCTGTT-1,12.697761,13.436161,s1d3
TAACTTCTCGGACCAC-1,12.537732,14.1112795,s1d3
TAAGCACAGGTCGTAG-1,11.649223,12.450564,s1d3
TAAGCACCAAAGGTTA-1,13.238581,13.220998,s1d3
TAAGCACCAAGCAATA-1,11.594019,10.904892,s1d3
TAAGCACGTATCATGC-1,16.668535,8.808923,s1d3
TAAGCACGTGTTGAGG-1,10.157736,-4.727523,s1d3
TAAGCACTCAAGTTGC-1,-5.510673,7.6851077,s1d3
TAAGCCAAGACCTGGA-1,9.071825,3.1450312,s1d3
TAAGCCAGTCCGTTTC-1,9.09053,1.9016345,s1d3
TAAGCCAGTTGGTAGG-1,11.462375,6.2609334,s1d3
TAAGCCATCGAACGCC-1,-4.0357423,7.7571173,s1d3
TAAGCCATCGCTACGG-1,6.2827306,-1.0799491,s1d3
TAAGCCATCTAGTACG-1,-4.1182427,7.3521852,s1d3
TAAGCCATCTCCATAT-1,-5.221902,8.00254,s1d3
TAAGCGTAGTGCGCTC-1,2.6594212,8.063525,s1d3
TAAGCGTCAATGGCAG-1,15.605817,8.96575,s1d3
TAAGCGTCACGAGGTA-1,10.832556,13.936091,s1d3
TAAGCGTCAGGCACTC-1,10.198547,13.57289,s1d3
TAAGCGTGTACTAACC-1,2.7400196,14.64965,s1d3
TAAGCGTGTAGATTGA-1,12.81453,12.694344,s1d3
TAAGCGTGTCGATTTG-1,10.633017,13.420055,s1d3
TAAGCGTGTCTAATCG-1,5.835518,-4.8245115,s1d3
TAAGCGTGTGTGCTTA-1,-5.4538946,6.726687,s1d3
TAAGCGTTCCGTGGTG-1,14.23209,9.183014,s1d3
TAAGCGTTCCTGGGAC-1,13.065356,11.287785,s1d3
TAAGCGTTCGTGTTCC-1,10.194311,4.884328,s1d3
TAAGCGTTCTGGGTCG-1,6.7900577,-5.272202,s1d3
TAAGCGTTCTTACGTT-1,12.644494,12.832441,s1d3
TAAGTCGAGCACTAAA-1,12.597522,11.269064,s1d3
TAAGTCGAGCCAGAGT-1,13.264032,12.725165,s1d3
TAAGTCGAGGACGCTA-1,11.027265,8.063965,s1d3
TAAGTCGGTTGCATCA-1,10.950624,-1.1256555,s1d3
TAAGTCGGTTGTGTTG-1,10.25006,11.261188,s1d3
TAAGTCGGTTTGAACC-1,6.6469536,17.855015,s1d3
TAAGTCGTCCCTGGTT-1,11.76618,14.287659,s1d3
TAAGTCGTCCTGGGTG-1,8.962504,2.2607684,s1d3
TAAGTCGTCTCGTCGT-1,10.578222,10.599507,s1d3
TAATCTCAGCCTCTTC-1,15.578494,8.452111,s1d3
TAATCTCAGCGTGCTC-1,-5.2723484,7.6017127,s1d3
TAATCTCAGCTGACAG-1,12.513831,13.439977,s1d3
TAATCTCAGTTGCCCG-1,4.0519814,13.52883,s1d3
TAATCTCCACGTTGGC-1,12.007607,10.30582,s1d3
TAATCTCCACTAGTAC-1,11.913712,10.964107,s1d3
TAATCTCCAGAATTCC-1,1.6042562,4.795471,s1d3
TAATCTCCAGAGTGAC-1,13.47108,9.249768,s1d3
TAATCTCGTATAGGGC-1,13.641383,13.4881,s1d3
TAATCTCGTCTTGCTC-1,9.274707,7.9456606,s1d3
TAATCTCGTGGACAGT-1,13.385141,13.587615,s1d3
TAATCTCGTTACGCCG-1,-3.9256713,8.82199,s1d3
TAATCTCTCCCATTTA-1,14.063278,10.72099,s1d3
TAATTCCAGCCTCTGG-1,12.746954,14.146505,s1d3
TAATTCCAGCGTACAG-1,12.917212,8.429965,s1d3
TAATTCCAGCGTCAGA-1,10.693056,7.6283574,s1d3
TAATTCCAGGAGTCTG-1,10.260369,12.076029,s1d3
TAATTCCCAGTAGTGG-1,-3.5629473,8.400816,s1d3
TAATTCCCATAACAGA-1,-4.5487013,6.989882,s1d3
TAATTCCGTACGTGTT-1,11.84211,13.982633,s1d3
TAATTCCGTATAGCTC-1,-4.768148,7.36721,s1d3
TAATTCCGTGGTTCTA-1,10.685715,13.233498,s1d3
TAATTCCGTTAGAGAT-1,-1.982795,4.379348,s1d3
TAATTCCTCGCGGTAC-1,-4.0295334,7.660667,s1d3
TAATTCCTCGGCATTA-1,12.118883,13.361068,s1d3
TACAACGAGAATCGCG-1,11.615476,11.179566,s1d3
TACAACGAGAGGTATT-1,12.755069,13.264116,s1d3
TACAACGAGGGACTGT-1,11.460766,7.272978,s1d3
TACAACGCAGAGTCAG-1,11.299595,9.817633,s1d3
TACAACGGTCACGACC-1,10.855494,13.029761,s1d3
TACAACGTCAGAGCAG-1,2.4845464,18.482533,s1d3
TACAACGTCCACAGGC-1,-0.77610654,7.0796733,s1d3
TACAACGTCGACCCAG-1,11.454787,14.429751,s1d3
TACACCCAGACATGCG-1,12.027295,12.169845,s1d3
TACACCCAGACGACTG-1,4.6278467,16.705986,s1d3
TACACCCAGACTTCGT-1,4.7508287,14.64176,s1d3
TACACCCAGCAAGCCA-1,11.177245,7.20507,s1d3
TACACCCAGCTAGATA-1,-4.571649,8.417438,s1d3
TACACCCCAAATGAGT-1,14.324609,10.419759,s1d3
TACACCCCAACGGCTC-1,11.551532,10.995798,s1d3
TACACCCCAGCTATTG-1,-3.9125793,8.991103,s1d3
TACACCCCAGTCGGTC-1,8.792582,7.600001,s1d3
TACACCCCATCCGCGA-1,11.654787,12.501271,s1d3
TACACCCCATCGGAAG-1,11.666163,14.009499,s1d3
TACACCCGTACGATTC-1,8.460714,-4.2548866,s1d3
TACACCCTCCAAACCA-1,-4.092159,6.225705,s1d3
TACAGGTAGGTAAGTT-1,11.86692,6.3034368,s1d3
TACAGGTCAAACACCT-1,13.858652,9.772577,s1d3
TACAGGTCACATGGTT-1,12.754676,11.482355,s1d3
TACAGGTCACTAGTAC-1,7.611588,-4.754112,s1d3
TACAGGTCAGAGTGTG-1,2.7000992,14.833514,s1d3
TACAGGTCAGCACAAG-1,11.20523,12.388484,s1d3
TACAGGTCAGTGAGCA-1,12.204131,12.900841,s1d3
TACAGGTGTAATGCTC-1,-5.7434025,10.274987,s1d3
TACAGGTGTAGACAAT-1,8.446622,7.9428177,s1d3
TACAGGTGTAGATCCT-1,7.7497625,-0.41979873,s1d3
TACAGGTGTTACACTG-1,11.414098,14.042653,s1d3
TACAGGTGTTCGGTTA-1,-4.2393456,7.9297175,s1d3
TACAGGTTCATTCATC-1,13.781101,5.506123,s1d3
TACAGGTTCCGGCAGT-1,12.583925,13.67383,s1d3
TACAGGTTCTCCTGTG-1,13.07069,6.7728424,s1d3
TACATTCAGAAGTGTT-1,13.4882765,9.750183,s1d3
TACATTCAGCATTGTC-1,8.569061,7.525704,s1d3
TACATTCAGCCTGAAG-1,13.675929,12.799717,s1d3
TACATTCAGTACTGTC-1,11.910031,11.232515,s1d3
TACATTCCACCTGCTT-1,13.0288105,7.4454803,s1d3
TACATTCCACTGCGTG-1,-4.185276,6.139971,s1d3
TACATTCGTCAACCTA-1,11.894349,6.3538127,s1d3
TACATTCGTCCACTTC-1,9.793174,12.7836485,s1d3
TACATTCGTGTATTGC-1,12.892334,14.223132,s1d3
TACATTCGTTTAGACC-1,3.1239083,16.99634,s1d3
TACATTCTCCGGTTCT-1,12.425646,8.19406,s1d3
TACATTCTCTAACGCA-1,8.342049,-1.3476863,s1d3
TACATTCTCTCCAAGA-1,14.225093,6.5259366,s1d3
TACCCACAGAAGCCAC-1,13.310535,11.787318,s1d3
TACCCACAGATGCTGG-1,-5.027559,6.3041434,s1d3
TACCCACAGGTCATCT-1,2.4422328,4.162959,s1d3
TACCCACAGTATTGCC-1,3.2154484,3.082708,s1d3
TACCCACCAACTGATC-1,-3.7329175,9.766762,s1d3
TACCCACCAATGCAGG-1,1.9944355,16.665531,s1d3
TACCCACCACACGGTC-1,-3.238749,9.242534,s1d3
TACCCACCATATGAAG-1,11.142613,10.475628,s1d3
TACCCACGTCTCGGAC-1,11.864747,13.997078,s1d3
TACCCACGTTCTCAGA-1,5.73899,-2.4596386,s1d3
TACCCACTCAAGTCGT-1,8.844538,7.4074826,s1d3
TACCCACTCATCAGTG-1,12.459784,7.6499324,s1d3
TACCCACTCCAGCTCT-1,12.183488,12.789188,s1d3
TACCCACTCCCGTGTT-1,6.3600893,-3.8745148,s1d3
TACCCACTCGGCTCTT-1,12.013162,13.0014925,s1d3
TACCCACTCTGTAAGC-1,9.446674,13.093256,s1d3
TACCCGTAGGTTCTTG-1,12.353362,11.569384,s1d3
TACCCGTAGTTGAAAC-1,9.963034,-4.543747,s1d3
TACCCGTCAACTGCTA-1,13.807097,10.419819,s1d3
TACCCGTCAGCTTCCT-1,12.35301,9.987906,s1d3
TACCCGTGTCAGTCTA-1,15.886297,9.017433,s1d3
TACCCGTGTTCTCAGA-1,16.62728,5.6845317,s1d3
TACCCGTTCCAGCACG-1,10.491695,7.0829344,s1d3
TACCCGTTCCCATTTA-1,13.215693,9.984361,s1d3
TACCCGTTCGAAGCCC-1,11.555537,10.828796,s1d3
TACCGAACAAAGGGCT-1,14.979137,9.168682,s1d3
TACCGAACACGGAAGT-1,16.864576,8.517982,s1d3
TACCGAACACTCAAGT-1,11.803309,7.0306454,s1d3
TACCGAACATCGGAAG-1,5.661072,-1.7857548,s1d3
TACCGAACATTCCTAT-1,12.659657,13.840291,s1d3
TACCGAAGTTACGGAG-1,10.53673,13.044889,s1d3
TACCGAAGTTGCATTG-1,5.671801,-5.3348856,s1d3
TACCGAATCGAGCCTG-1,11.352478,8.557808,s1d3
TACCGGGAGAACGCGT-1,3.0129354,16.278673,s1d3
TACCGGGAGAGCAGTC-1,10.521066,13.877299,s1d3
TACCGGGAGATGCCGA-1,12.649214,6.945315,s1d3
TACCGGGAGCAGAAAG-1,13.86889,7.8421803,s1d3
TACCGGGCAAGTGCAG-1,-5.459556,7.547659,s1d3
TACCGGGCACGACAAG-1,-4.789397,6.2716618,s1d3
TACCGGGGTGACTGTT-1,11.447359,13.243154,s1d3
TACCGGGTCCACCTGT-1,12.584772,5.8456764,s1d3
TACCTCGAGTACCCTA-1,13.292267,13.092799,s1d3
TACCTCGCAACTCCCT-1,0.18890497,4.633334,s1d3
TACCTCGCATGGACAG-1,2.1469126,17.799517,s1d3
TACCTCGGTCACAGAG-1,14.1365385,6.1431146,s1d3
TACCTCGGTTAATCGC-1,3.5091295,4.6984096,s1d3
TACCTCGTCCTAAGTG-1,10.86704,11.246042,s1d3
TACCTCGTCTAGATCG-1,12.209753,12.144467,s1d3
TACCTCGTCTTACGTT-1,10.447616,5.362412,s1d3
TACCTGCGTAGCTTTG-1,-5.6328225,8.917765,s1d3
TACCTGCGTATCGAGG-1,13.112531,13.636448,s1d3
TACCTGCTCATCTATC-1,7.2971625,3.541487,s1d3
TACCTGCTCGTCAACA-1,13.890291,5.0866647,s1d3
TACGCTCAGTAAACTG-1,2.3191211,18.205742,s1d3
TACGCTCAGTGATAGT-1,-1.3217119,3.0035405,s1d3
TACGCTCAGTGCACCC-1,5.720321,-5.4666786,s1d3
TACGCTCAGTGGAATT-1,6.732633,-3.7950754,s1d3
TACGCTCCACTGTTCC-1,4.8704987,18.69715,s1d3
TACGCTCCATCCGGCA-1,13.970159,10.092235,s1d3
TACGCTCGTAATGTGA-1,-2.3841918,4.4696655,s1d3
TACGCTCGTACGCTTA-1,3.7475708,14.114104,s1d3
TACGCTCGTATGCTTG-1,-1.51998,6.5897927,s1d3
TACGCTCGTCCAGCAC-1,13.211159,11.842195,s1d3
TACGCTCTCCAGGACC-1,14.364459,10.237855,s1d3
TACGCTCTCCGATGCG-1,-5.449408,6.6627474,s1d3
TACGCTCTCGCACGGT-1,12.070707,11.481386,s1d3
TACGCTCTCTAACGCA-1,12.336778,9.268103,s1d3
TACGCTCTCTTTGCTA-1-1,10.72657,11.161327,s1d3
TACGGGCAGGCGAAGG-1,9.889325,12.507226,s1d3
TACGGGCCACATATGC-1,11.291682,6.4805794,s1d3
TACGGGCCAGGAAGTC-1,13.059976,10.070486,s1d3
TACGGGCCATGGCTGC-1,-5.0951476,6.8886137,s1d3
TACGGGCGTCTTACTT-1,8.544539,7.549115,s1d3
TACGGGCGTGAATATG-1,-4.3827653,6.8468013,s1d3
TACGGTAAGAACTGAT-1,6.8606663,5.689792,s1d3
TACGGTAAGATAACGT-1,11.524946,7.0108495,s1d3
TACGGTAAGCGACAGT-1,12.390607,9.989926,s1d3
TACGGTACACGGATCC-1,11.984327,6.7410026,s1d3
TACGGTACAGGTCCCA-1,10.793636,11.687426,s1d3
TACGGTACATACCATG-1,12.486466,6.607507,s1d3
TACGGTACATTCCTAT-1,-4.714623,8.393416,s1d3
TACGGTAGTACCTAAC-1,2.1186416,16.854256,s1d3
TACGGTAGTAGCACGA-1,12.935634,13.017844,s1d3
TACGGTAGTTCTTCAT-1,7.779675,4.122061,s1d3
TACGGTAGTTGTGTTG-1,-3.5515127,9.740944,s1d3
TACGGTATCCATCAGA-1,-5.465119,6.912285,s1d3
TACGGTATCCGTCAAA-1,11.233862,12.263003,s1d3
TACGTCCAGGAGAGGC-1,2.1657846,8.562556,s1d3
TACGTCCAGGGTTGCA-1,13.115596,13.837637,s1d3
TACGTCCAGGTACCTT-1,6.5774894,18.202381,s1d3
TACGTCCAGTAACGAT-1,10.2019415,13.318509,s1d3
TACGTCCCAAATCAGA-1,2.8199518,5.670709,s1d3
TACGTCCCAACATACC-1,6.1480503,-5.0293,s1d3
TACGTCCCAAGACGGT-1,-0.8206175,7.038671,s1d3
TACGTCCCAATAACGA-1,10.502921,12.215667,s1d3
TACGTCCCACAGCCTG-1,6.8617015,3.305307,s1d3
TACGTCCCAGTGGTGA-1,4.9352536,19.470572,s1d3
TACGTCCGTAAGCAAT-1,17.128561,5.109559,s1d3
TACGTCCGTTCTCGCT-1,-4.9431276,11.311197,s1d3
TACTGCCAGATGTTCC-1,8.7556715,6.812802,s1d3
TACTGCCAGCTCAGAG-1,8.679878,7.33098,s1d3
TACTGCCAGCTCCATA-1,15.972637,8.387911,s1d3
TACTGCCCAAATCGTC-1,12.523453,11.683731,s1d3
TACTGCCCAAGTTTGC-1,3.8672476,14.418332,s1d3
TACTGCCCAGCTCGGT-1,11.060423,6.588354,s1d3
TACTGCCGTCCGTTTC-1,-5.065492,8.458021,s1d3
TACTGCCTCACTACGA-1,10.811002,8.264667,s1d3
TACTTACAGTACGTCT-1,16.807446,6.5709248,s1d3
TACTTACCACAGCCTG-1,11.323132,8.574573,s1d3
TACTTACCACATTCGA-1,1.6686935,7.6585455,s1d3
TACTTACGTGGTACAG-1,5.20642,18.578472,s1d3
TACTTACGTTCAAACC-1,2.6480007,18.152822,s1d3
TACTTACTCCCAAGTA-1,10.975276,10.178517,s1d3
TACTTACTCCCGGTAG-1-1,11.852518,11.764203,s1d3
TACTTACTCGTTGTTT-1,10.6962595,11.788936,s1d3
TACTTACTCTTCCCAG-1,-3.7210388,8.102705,s1d3
TACTTCACAAGCTACT-1,3.7515054,13.222084,s1d3
TACTTCAGTACTAACC-1,10.419273,11.182586,s1d3
TACTTCAGTGGATCGA-1,-4.962515,7.680351,s1d3
TACTTCAGTTGCGTAT-1,11.111213,12.986953,s1d3
TACTTCATCAGCCTTC-1,16.096867,6.523687,s1d3
TACTTCATCCAAGCAT-1,11.37363,12.203651,s1d3
TACTTCATCCCTCAAC-1,15.485291,8.86746,s1d3
TACTTCATCGTGTGGC-1,1.5174873,5.1042004,s1d3
TACTTGTAGCGGTATG-1,5.223942,14.413841,s1d3
TACTTGTCAAGATTGA-1,1.7290069,7.2318916,s1d3
TACTTGTCATGTAACC-1,13.109013,12.999716,s1d3
TACTTGTGTTCGGCTG-1,10.642873,8.248714,s1d3
TAGACCAAGCCGATAG-1,7.9464536,-0.97533804,s1d3
TAGACCAAGGGCAGTT-1,-5.3758674,8.448852,s1d3
TAGACCAAGGGCTGAT-1,-4.085877,7.422843,s1d3
TAGACCACAATTTCGG-1,15.470092,9.299067,s1d3
TAGACCAGTGTCCTAA-1,11.973411,13.742381,s1d3
TAGACCAGTTTCGTTT-1,14.273772,6.7553186,s1d3
TAGACCATCCCGTAAA-1,16.566576,5.9485183,s1d3
TAGACCATCGTTGTGA-1,11.390314,11.822597,s1d3
TAGACCATCTGGGATT-1,10.304494,12.6297,s1d3
TAGACCATCTTTACAC-1,2.5349414,14.514016,s1d3
TAGACTGAGCACTGGA-1,13.48084,9.780587,s1d3
TAGACTGAGCGTGTCC-1,11.067021,-1.1579363,s1d3
TAGACTGAGGAACGTC-1,9.853098,12.673196,s1d3
TAGACTGAGGATTCAA-1,14.20375,10.901027,s1d3
TAGACTGAGGTAGCCA-1,8.527186,-0.66817254,s1d3
TAGACTGAGTTGGACG-1,6.9718823,-4.9747963,s1d3
TAGACTGCAACACAGG-1,11.120234,7.0812187,s1d3
TAGACTGCAACGTTAC-1,11.691694,11.949252,s1d3
TAGACTGCATCCTGTC-1,12.735664,5.6481037,s1d3
TAGACTGCATGATAGA-1,11.378588,12.122474,s1d3
TAGACTGGTCTGCCTT-1,9.612184,4.666442,s1d3
TAGACTGGTGGACAGT-1,11.869901,13.131776,s1d3
TAGACTGGTTCTTAGG-1,11.189428,12.113794,s1d3
TAGACTGTCACTTGGA-1,5.8788896,5.0598288,s1d3
TAGACTGTCAGACCGC-1,10.039419,18.284836,s1d3
TAGACTGTCTACGGTA-1,11.358298,10.235584,s1d3
TAGAGTCAGCTAAATG-1,13.609918,13.14818,s1d3
TAGAGTCAGGTTGACG-1,1.8889655,3.9938195,s1d3
TAGAGTCTCAAACCTG-1,-5.14355,9.104116,s1d3
TAGAGTCTCTCCCATG-1,5.266856,19.2226,s1d3
TAGATCGAGAATAACC-1,13.989489,9.835748,s1d3
TAGATCGAGTTGTCAC-1,8.820291,7.799307,s1d3
TAGATCGCACGCGCAT-1,11.393537,10.330476,s1d3
TAGATCGCACGCTGTG-1,11.356485,10.688867,s1d3
TAGATCGCAGATACCT-1,16.293335,5.372993,s1d3
TAGATCGCAGCTGTCG-1,-4.9467945,7.5457225,s1d3
TAGATCGCAGGATCTT-1,10.436321,12.501669,s1d3
TAGATCGGTATGACAA-1,-3.677283,9.40028,s1d3
TAGATCGGTCAGACTT-1,12.882252,14.031126,s1d3
TAGATCGGTGACAGGT-1,2.1414974,7.317713,s1d3
TAGATCGTCAACGCTA-1,2.350963,17.778526,s1d3
TAGATCGTCCGAGTGC-1,-0.5082077,4.774614,s1d3
TAGATCGTCCTTGAAG-1,14.190434,10.389403,s1d3
TAGCACACATATGAAG-1,5.974914,-3.0591404,s1d3
TAGCACAGTACGCGTC-1,-5.06302,10.97423,s1d3
TAGCACATCCCAGGAC-1,11.734594,13.211384,s1d3
TAGGAGGAGACCAGAC-1,13.317667,6.440451,s1d3
TAGGAGGAGGCCTTCG-1,11.353279,8.754598,s1d3
TAGGAGGAGTATTGCC-1,11.85967,9.413286,s1d3
TAGGAGGCAGTGTGGA-1,11.062359,-1.0765396,s1d3
TAGGAGGGTAACGGTG-1,3.9227228,14.124787,s1d3
TAGGAGGGTCCTCAGG-1,11.1268425,-1.1171613,s1d3
TAGGAGGGTGTGCTTA-1,-5.04556,6.9020267,s1d3
TAGGAGGGTGTGTCGC-1,3.973943,19.22882,s1d3
TAGGAGGGTTATGGTC-1,5.731622,6.7297416,s1d3
TAGGAGGGTTGGTACT-1,6.861712,3.307729,s1d3
TAGGAGGGTTTCGCTC-1,-4.8701468,8.771122,s1d3
TAGGAGGTCTGGCCGA-1,11.798349,8.124829,s1d3
TAGGGTTCACGGTGCT-1,2.6385424,13.972259,s1d3
TAGGGTTCATCCAACA-1,5.1770773,19.104496,s1d3
TAGGGTTGTCGTTGCG-1,3.8642685,5.8314304,s1d3
TAGGGTTGTGCATGTT-1,12.437927,10.235184,s1d3
TAGGGTTTCTGTCCGT-1,14.422179,10.463074,s1d3
TAGGTACAGATGGGCT-1,11.923681,13.88835,s1d3
TAGGTACAGTAGAATC-1,16.10737,9.055672,s1d3
TAGGTACCAATTGCTG-1,4.3753424,18.741047,s1d3
TAGGTACCAGAGTTGG-1,11.627915,10.8090315,s1d3
TAGGTACCAGTCTGGC-1,5.9640794,19.336157,s1d3
TAGGTACCAGTTGAAA-1,12.169129,13.968203,s1d3
TAGGTACCATTGACTG-1,6.6016254,-4.591955,s1d3
TAGGTACGTGAATGAT-1,8.946518,8.094704,s1d3
TAGGTACGTTCTCCTG-1,12.185651,8.862167,s1d3
TAGGTACTCATGCCAA-1,5.199049,-2.9252143,s1d3
TAGGTTGAGATTGGGC-1,11.432873,6.562747,s1d3
TAGGTTGAGCAATTAG-1,11.897516,13.273617,s1d3
TAGGTTGAGCCTTTCC-1,11.6007595,6.652204,s1d3
TAGGTTGAGGCACTAG-1,17.00698,5.3907056,s1d3
TAGGTTGAGTAGCCAG-1,10.468061,8.075293,s1d3
TAGGTTGGTAGGGAGG-1,-3.365781,9.80328,s1d3
TAGGTTGGTATCGAGG-1,0.20540991,4.905663,s1d3
TAGGTTGGTCAGTCTA-1,11.464372,9.369192,s1d3
TAGGTTGTCCACTGGG-1,13.38237,12.051608,s1d3
TAGGTTGTCCGTGCGA-1,11.980785,14.626182,s1d3
TAGGTTGTCTCCCATG-1,12.150416,12.095072,s1d3
TAGTGCAAGCATCCCG-1,12.399852,14.365938,s1d3
TAGTGCACAAAGTGTA-1,13.163001,6.456328,s1d3
TAGTGCACAACAAGAT-1,7.996066,5.0966053,s1d3
TAGTGCAGTCACCACG-1,12.103473,8.14169,s1d3
TAGTGCATCAAGATAG-1,12.206276,13.262559,s1d3
TAGTGCATCAGACCTA-1,5.8736176,-3.4625747,s1d3
TAGTGCATCCACGTCT-1,12.354358,13.983334,s1d3
TAGTGCATCCCAAGTA-1,11.674148,11.291169,s1d3
TAGTGCATCCTCGCAT-1,13.386027,12.249044,s1d3
TAGTGCATCGTCGCTT-1,10.320031,12.006203,s1d3
TATACCTCAACATCGT-1,11.877514,10.856717,s1d3
TATACCTGTACAAAGT-1,-5.539535,8.897503,s1d3
TATACCTGTCGAACGA-1,10.852521,11.509007,s1d3
TATACCTGTGAGGATC-1,12.485327,13.147901,s1d3
TATACCTTCCCGTTGT-1,3.0538266,16.297504,s1d3
TATATCCAGACCAACG-1,12.479039,7.99515,s1d3
TATATCCAGTTTCGAC-1,-4.3951797,6.769623,s1d3
TATATCCCACTCATAG-1,8.344798,7.403712,s1d3
TATATCCCAGAGTAAT-1,11.517983,12.146743,s1d3
TATATCCCAGAGTCTT-1,13.559658,11.666222,s1d3
TATATCCCATTAGGCT-1,2.8227348,17.994709,s1d3
TATATCCGTCGGTGAA-1,10.153677,12.6104965,s1d3
TATATCCGTCTACATG-1,12.544669,13.396404,s1d3
TATATCCTCGTCACCT-1,12.099193,11.827545,s1d3
TATATCCTCGTCGATA-1,5.213841,14.947976,s1d3
TATCAGGAGGCCTTCG-1,12.873145,13.811957,s1d3
TATCAGGCAGAAGTGC-1,-4.837114,7.3480306,s1d3
TATCAGGCATGTGGTT-1,10.368298,13.78408,s1d3
TATCAGGGTCCCGTGA-1,6.348432,4.9177976,s1d3
TATCAGGGTGATTGGG-1,10.167618,10.538643,s1d3
TATCAGGGTGCTGCAC-1,11.013447,6.131043,s1d3
TATCAGGTCTAGAACC-1,10.919212,10.1341095,s1d3
TATCAGGTCTCATTTG-1,8.751571,1.5842576,s1d3
TATCAGGTCTCGTGAA-1,-5.0703664,8.68045,s1d3
TATCCTAAGCACTAAA-1,13.083505,13.603824,s1d3
TATCCTAAGTCGTCTA-1,4.1946354,14.055802,s1d3
TATCCTACACAATCTG-1,8.81974,6.8128524,s1d3
TATCCTACAGAGGCTA-1,11.063993,13.216793,s1d3
TATCCTACAGCACAAG-1,5.245314,-4.8278775,s1d3
TATCCTAGTCTTCGAA-1,-1.5661595,6.4508224,s1d3
TATCCTATCAGAGTTC-1,3.4754746,18.829494,s1d3
TATCCTATCAGCTAGT-1,13.332409,6.50793,s1d3
TATCCTATCGCAGTCG-1,12.285115,13.063065,s1d3
TATCCTATCTAGTCAG-1,11.822155,14.281293,s1d3
TATCGCCCAGATTTCG-1,14.21829,6.2978525,s1d3
TATCGCCCAGTCAACT-1,10.605999,7.8038197,s1d3
TATCGCCGTTGTTGAC-1,12.256191,12.63449,s1d3
TATCGCCTCGAGTGAG-1,3.9712682,13.741289,s1d3
TATCGCCTCGGCTGTG-1,1.6324319,5.090283,s1d3
TATCTGTCAAGCACCC-1,11.596217,11.375057,s1d3
TATCTGTCACTGTCCT-1,3.8467314,13.875651,s1d3
TATCTGTCAGCGCGTT-1,15.7575245,7.147125,s1d3
TATCTGTTCCATGCAA-1,7.4216657,5.2260327,s1d3
TATCTGTTCCCTGGTT-1,5.051309,-3.521454,s1d3
TATCTGTTCCTTCTTC-1,7.2638845,-3.1684823,s1d3
TATCTGTTCTGCTAGA-1,11.391618,12.030242,s1d3
TATCTTGAGGTCGCCT-1,13.02096,13.492152,s1d3
TATCTTGAGTTCATGC-1,11.291508,5.818741,s1d3
TATCTTGAGTTTCAGC-1,10.377569,9.898419,s1d3
TATCTTGCACAAGCAG-1,2.3614602,8.405077,s1d3
TATCTTGCAGTTGCGC-1,10.539865,11.638979,s1d3
TATCTTGCATTGTGCA-1,10.0287895,11.826753,s1d3
TATCTTGGTCACCGAC-1,7.202707,5.1453013,s1d3
TATCTTGGTGGCCACT-1,11.354282,7.93933,s1d3
TATCTTGGTGTGTGGA-1,11.323114,8.063271,s1d3
TATCTTGGTTAGAGAT-1,11.027532,12.548937,s1d3
TATCTTGTCGGCCAAC-1,11.886445,12.93034,s1d3
TATGTTCAGAGATGCC-1,16.856129,5.1378675,s1d3
TATGTTCAGCACTCCG-1,13.437045,7.4471374,s1d3
TATGTTCAGCTTTCTT-1,-5.5007296,8.695368,s1d3
TATGTTCCATGCCATA-1,-5.394199,7.68245,s1d3
TATGTTCCATTGACCA-1,11.036375,14.033168,s1d3
TATGTTCGTCGCATGC-1,10.820253,12.892883,s1d3
TATGTTCGTGATTCAC-1,12.248343,13.62187,s1d3
TATGTTCTCAAAGGTA-1,6.2801733,-5.235179,s1d3
TATTCCAAGCCATTGT-1,13.30727,6.9772034,s1d3
TATTCCAAGGCGAAGG-1,16.99235,4.8758173,s1d3
TATTCCAAGTCATGAA-1,-5.2292876,7.0499325,s1d3
TATTCCAAGTCTTCGA-1,6.4532313,6.360105,s1d3
TATTCCACAGCTACCG-1,3.4676409,17.579748,s1d3
TATTCCAGTACCCACG-1,14.749263,9.209628,s1d3
TATTCCAGTCACGCTG-1,2.5703037,14.226297,s1d3
TATTCCAGTGACGTCC-1,16.869942,5.7069154,s1d3
TATTCCAGTGATTGGG-1,-4.4546046,8.142655,s1d3
TATTCCAGTTGGTACT-1,13.146175,12.808212,s1d3
TATTCCATCCAAATGC-1,6.742852,18.211954,s1d3
TATTCCATCTATTCGT-1,9.175756,7.2268715,s1d3
TATTGCTAGAACCCGA-1,11.774064,9.865208,s1d3
TATTGCTAGACTGAGC-1,12.036403,10.404634,s1d3
TATTGCTAGAGCCCAA-1,1.7495391,16.568266,s1d3
TATTGCTAGGAACGCT-1,7.3525043,-3.7099023,s1d3
TATTGCTAGGTAACTA-1,3.0605984,17.535748,s1d3
TATTGCTCAAAGGCAC-1,2.3809311,14.065162,s1d3
TATTGCTCACGTAACT-1,9.989814,4.6002264,s1d3
TATTGCTCAGTCACGC-1,11.593053,14.440406,s1d3
TATTGCTGTCACTCTC-1,7.789059,4.7545853,s1d3
TATTGCTGTCATCTAG-1,3.4232807,16.763044,s1d3
TATTGCTGTCGCTTGG-1,4.3780107,18.594885,s1d3
TATTGCTGTTCGAAGG-1,-5.0068955,10.328541,s1d3
TATTGGGAGCGTTCCG-1,6.404772,3.92691,s1d3
TATTGGGCAAAGGATT-1,11.374587,5.6891475,s1d3
TATTGGGCAGCCTACG-1,9.679962,11.309889,s1d3
TATTGGGTCACTGGGC-1,-0.9290158,7.3953104,s1d3
TATTTCGAGCAACAAT-1,12.61403,11.944258,s1d3
TATTTCGAGTGATAAC-1,12.812107,5.5869117,s1d3
TATTTCGGTATGCTTG-1,9.043546,7.608873,s1d3
TATTTCGGTCCAAGAG-1,11.804263,13.792361,s1d3
TATTTCGGTCTTTCAT-1,5.496318,16.86109,s1d3
TATTTCGGTGACCGTC-1,15.518961,5.349931,s1d3
TATTTCGGTTCCGGTG-1,-4.8765736,7.503935,s1d3
TATTTCGGTTCTCTCG-1,14.484495,9.727397,s1d3
TATTTCGTCACAAGGG-1,5.014388,17.86683,s1d3
TATTTCGTCATCACCC-1,12.708015,11.061687,s1d3
TATTTCGTCGAGTACT-1,-4.670309,6.39805,s1d3
TATTTCGTCGTAGAGG-1,12.594667,8.47407,s1d3
TATTTCGTCTTTCCGG-1,10.154505,7.084396,s1d3
TCAAGACAGAGAGGGC-1,-1.1137322,7.3969765,s1d3
TCAAGACAGCACAAAT-1,1.4782602,4.1059504,s1d3
TCAAGACCAGTGACCC-1,11.7018175,13.548184,s1d3
TCAAGACTCGTGTGGC-1,11.108876,11.078501,s1d3
TCAAGACTCTCTTGCG-1,2.0235252,16.608673,s1d3
TCAAGCAAGAGTCTGG-1,15.929878,7.90327,s1d3
TCAAGCAAGCATGATA-1,12.887612,13.848455,s1d3
TCAAGCACAAGCAATA-1,11.160886,9.911854,s1d3
TCAAGCACAAGTGGAC-1,6.057025,-2.6206048,s1d3
TCAAGCACAGACCTGC-1,5.537082,-0.91007173,s1d3
TCAAGCACAGTGACCC-1,6.7080884,-4.66095,s1d3
TCAAGCAGTAGATTAG-1,8.478072,7.4059286,s1d3
TCAAGCAGTCGAAACG-1,10.928982,5.9381227,s1d3
TCAAGCAGTTGAATCC-1,9.805663,4.5517406,s1d3
TCAAGCAGTTGCTAGT-1,7.430792,3.253468,s1d3
TCAAGCATCGTCCTTG-1,11.492136,12.653259,s1d3
TCAAGTGAGGTTCTAC-1,0.43532452,5.6951876,s1d3
TCAAGTGCACTTCAAG-1,11.005679,-0.786968,s1d3
TCAAGTGCAGCTTTGA-1,10.553369,5.9504776,s1d3
TCAAGTGCATCAACCA-1,13.410641,12.779651,s1d3
TCAAGTGGTATGAGAT-1,10.431602,10.26602,s1d3
TCAAGTGGTGGGAGAG-1,11.950809,14.584593,s1d3
TCAAGTGTCACCGGTG-1,-5.280345,10.188021,s1d3
TCAAGTGTCCAAGCAT-1,7.390626,-2.1843445,s1d3
TCAATCTAGCCATGCC-1,3.479231,13.937514,s1d3
TCAATCTCAATTTCGG-1,10.993499,7.5445404,s1d3
TCAATCTCACGGCCAT-1,12.845802,13.552197,s1d3
TCAATCTCAGGAGACT-1,4.9679356,17.4595,s1d3
TCAATCTGTAGTTACC-1,11.123868,10.648404,s1d3
TCAATCTGTGTTATCG-1,12.523319,13.402365,s1d3
TCAATCTTCGCGTCGA-1,11.528765,14.273911,s1d3
TCAATCTTCTAATTCC-1,11.222766,10.62786,s1d3
TCAATCTTCTCCTGAC-1,11.90777,8.550587,s1d3
TCAATTCAGAAGCTGC-1,10.8036175,5.3061566,s1d3
TCAATTCAGATTAGAC-1,-5.3842044,7.2560787,s1d3
TCAATTCAGGTTCAGG-1,16.449207,4.936864,s1d3
TCAATTCCACGTACAT-1,1.8381414,4.0372725,s1d3
TCAATTCCACTCACTC-1,2.9396665,18.219278,s1d3
TCAATTCCAGTGTACT-1,10.047143,10.813482,s1d3
TCAATTCTCCATCAGA-1,9.304593,7.593239,s1d3
TCAATTCTCCTGTTGC-1,10.315922,11.499382,s1d3
TCAATTCTCGAGATAA-1,5.8513126,6.7230167,s1d3
TCAATTCTCTTGAGCA-1,2.8317068,18.145205,s1d3
TCACAAGAGACGCATG-1,2.592456,16.289423,s1d3
TCACAAGAGCAGCAGT-1,13.838994,10.450047,s1d3
TCACAAGAGGCGCTCT-1,15.7121105,6.399789,s1d3
TCACAAGAGGTGCTAG-1,-5.083183,10.5257,s1d3
TCACAAGGTACCTATG-1,12.622841,12.720649,s1d3
TCACAAGGTCCTCCAT-1,12.124333,14.581631,s1d3
TCACAAGGTGTATCCA-1,4.799073,-3.4659534,s1d3
TCACAAGGTTAGGGAC-1,11.727041,12.720228,s1d3
TCACAAGTCAGACTGT-1,3.1255689,17.790619,s1d3
TCACAAGTCATTGTTC-1,4.1336,14.031003,s1d3
TCACAAGTCTCTAGGA-1,9.80414,6.444053,s1d3
TCACACCAGATCACTC-1,5.1807103,16.052572,s1d3
TCACACCAGGTCCGAA-1,6.6998754,5.4754896,s1d3
TCACACCCAAATCCCA-1,12.09286,8.605026,s1d3
TCACACCCACAACATC-1,16.081545,8.603195,s1d3
TCACACCCACAGGATG-1,7.480959,3.5121906,s1d3
TCACACCCATGAGAAT-1,13.128818,12.050671,s1d3
TCACACCGTATGCTTG-1,4.869511,17.162739,s1d3
TCACACCTCACCCTCA-1,3.7520273,13.880177,s1d3
TCACACCTCTACCACC-1,13.029236,12.553049,s1d3
TCACACCTCTCGAGTA-1,-4.371246,6.698226,s1d3
TCACATTAGCTGAAGC-1,13.341804,12.482727,s1d3
TCACATTCAATGACCT-1,13.328908,5.292731,s1d3
TCACATTCAGACTGCC-1,5.4834547,-0.87542564,s1d3
TCACATTGTTGAGTCT-1,6.621351,-3.6489434,s1d3
TCACATTTCCATATGG-1,11.382562,7.253202,s1d3
TCACATTTCGTTCTCG-1,4.4135375,17.046427,s1d3
TCACATTTCTACGCAA-1,6.6880445,-1.531606,s1d3
TCACGCTAGGGTAGCT-1,10.507715,13.169924,s1d3
TCACGCTCAAGATCCT-1,8.537401,7.523037,s1d3
TCACGCTGTATGTGTC-1,-5.8526545,10.051212,s1d3
TCACGCTGTTACCTTT-1,-3.918149,7.0556445,s1d3
TCACGCTTCCTTATCA-1,14.558982,10.321694,s1d3
TCACGCTTCGATACGT-1,-4.1257877,9.53568,s1d3
TCACGCTTCTATCACT-1,10.90834,10.372276,s1d3
TCACGGGAGTCTCGTA-1,-4.9986634,7.99327,s1d3
TCACGGGAGTGGCAGT-1,16.85238,6.861967,s1d3
TCACGGGCAAAGGCAC-1,10.279061,11.96002,s1d3
TCACGGGCACGGCGTT-1,7.2178235,-4.3709364,s1d3
TCACGGGGTCCAGCGT-1,8.556012,6.9633546,s1d3
TCACGGGGTTGTAGCT-1,15.535645,8.95996,s1d3
TCACGGGTCTTACGGA-1,3.6527023,17.361034,s1d3
TCACTATAGCAAGGAA-1,11.457431,12.748365,s1d3
TCACTATAGCCATTCA-1,11.907389,13.997136,s1d3
TCACTATAGGATGAGA-1,11.727705,7.883672,s1d3
TCACTATAGTTGAAGT-1,12.024702,5.404613,s1d3
TCACTATCACGCTATA-1,-4.4362006,7.131868,s1d3
TCACTATGTACTAGCT-1,12.210361,13.661665,s1d3
TCACTATGTATCGTTG-1,2.371729,18.21637,s1d3
TCACTATTCGCTTGCT-1,3.9581318,15.293975,s1d3
TCACTATTCTCACCCA-1,11.471248,12.344693,s1d3
TCACTCGAGCTCGCAC-1,11.049771,7.7132106,s1d3
TCACTCGCAAGTTGGG-1,12.779263,7.313297,s1d3
TCACTCGCAGGATCTT-1,-3.4638374,9.174072,s1d3
TCACTCGGTAGGACCA-1,12.000907,10.118114,s1d3
TCACTCGTCACGAGGA-1,16.972605,5.242368,s1d3
TCACTCGTCTACCACC-1,13.870541,5.557747,s1d3
TCAGCAAAGATAACAC-1,12.881125,7.815947,s1d3
TCAGCAAAGCAGCACA-1,10.676784,7.9130363,s1d3
TCAGCAAAGCTAGATA-1,6.280051,3.4126475,s1d3
TCAGCAAAGGATATAC-1,11.067436,-0.8404977,s1d3
TCAGCAAGTGGTTTAC-1,-5.583567,12.043087,s1d3
TCAGCAATCAAGGAGC-1,14.315193,6.5263243,s1d3
TCAGCAATCGCAATTG-1,16.691511,8.00015,s1d3
TCAGCAATCTACCCAC-1,16.610617,5.05375,s1d3
TCAGCAATCTTACCAT-1,3.999204,15.344288,s1d3
TCAGCCTAGAGAACCC-1,5.5575776,-4.699821,s1d3
TCAGCCTAGTGATCGG-1,11.062379,11.035812,s1d3
TCAGCCTCAAGCGAGT-1,12.515483,7.5469923,s1d3
TCAGCCTCATAACCCA-1,12.0790415,10.996678,s1d3
TCAGCCTCATCCTAAG-1,12.2311,12.602931,s1d3
TCAGCCTGTATCCTTT-1,6.4097695,6.6446357,s1d3
TCAGCCTTCACAACCA-1,5.24596,-4.3130307,s1d3
TCAGCCTTCCGGCAGT-1,15.831303,6.530565,s1d3
TCAGGGCAGAAGTCTA-1,6.506169,-0.43218765,s1d3
TCAGGGCAGCCGCTTG-1,-5.1708636,8.152257,s1d3
TCAGGGCAGTAATACG-1,10.720009,12.959011,s1d3
TCAGGGCCAATACAGA-1,13.177129,6.797491,s1d3
TCAGGGCGTTACGGAG-1,2.9722013,7.5003653,s1d3
TCAGGGCGTTAGCGGA-1,10.242928,12.853499,s1d3
TCAGGGCGTTTCGTGA-1,7.155365,-4.581784,s1d3
TCAGGGCTCATGGCCG-1,13.099347,7.0661426,s1d3
TCAGGTAAGAATACAC-1,11.952302,12.404884,s1d3
TCAGGTAAGCAAGGAA-1,-1.7055649,4.9039226,s1d3
TCAGGTACACGGCACT-1,17.027168,4.8070474,s1d3
TCAGGTACACTTCCTG-1,12.004771,12.825844,s1d3
TCAGGTAGTGCTGCAC-1,13.535799,12.893862,s1d3
TCAGGTAGTTATCTTC-1,12.209572,11.270249,s1d3
TCAGTCCAGAACCCGA-1,-3.8704095,6.4909163,s1d3
TCAGTCCAGCCTCTTC-1,13.407571,12.688197,s1d3
TCAGTCCAGGGTCAAC-1,8.47127,7.045583,s1d3
TCAGTCCAGTTGAAGT-1,-3.9799302,6.9952054,s1d3
TCAGTCCCATAGAAAC-1,16.02803,9.195874,s1d3
TCAGTCCGTCTACTGA-1,12.002518,10.028711,s1d3
TCAGTCCGTTCAAGTC-1,4.1425495,4.777387,s1d3
TCAGTCCTCCATGATG-1,1.8405926,4.017306,s1d3
TCAGTGAAGATTAGCA-1,10.922255,11.9769535,s1d3
TCAGTGAAGCCTGTCG-1,-4.7357326,9.635662,s1d3
TCAGTGACAATGTTGC-1,11.677076,7.8880982,s1d3
TCAGTGACAGAGTAAT-1,5.816436,-5.4845037,s1d3
TCAGTGACAGCAAGAC-1,16.547134,5.67673,s1d3
TCAGTGACATCCTTGC-1,3.260104,3.0527112,s1d3
TCAGTTTAGAGGCTGT-1,1.9197962,5.217912,s1d3
TCAGTTTAGCAATTCC-1,10.729336,10.607645,s1d3
TCAGTTTAGGGCAATC-1,16.564598,8.891051,s1d3
TCAGTTTCAGTAGTGG-1,1.6486022,5.314708,s1d3
TCAGTTTCATGTACGT-1,10.524761,13.693141,s1d3
TCAGTTTGTCAATCTG-1,11.468778,7.915924,s1d3
TCAGTTTTCAACTGAC-1,10.300457,11.363766,s1d3
TCAGTTTTCAAGTGGG-1,12.413539,14.105643,s1d3
TCAGTTTTCGCGTGAC-1,-4.6705112,6.0773664,s1d3
TCAGTTTTCTAACGCA-1,12.021848,6.4386463,s1d3
TCAGTTTTCTTACCAT-1,5.9892406,-3.2109137,s1d3
TCATACTAGGTATAGT-1,-5.5690002,7.749393,s1d3
TCATACTAGTTGCGAG-1,13.1459675,9.824212,s1d3
TCATACTCAGTTCTAG-1,10.900125,10.414671,s1d3
TCATACTCATAGATCC-1,11.05639,8.407158,s1d3
TCATACTGTAAGATTG-1,12.071806,12.832006,s1d3
TCATACTGTTCTCAGA-1,10.250451,12.523322,s1d3
TCATACTTCCAGTGCG-1,5.378853,18.7192,s1d3
TCATACTTCGCCTAGG-1,11.186453,12.605001,s1d3
TCATACTTCTCTCGAC-1,5.946464,-2.2709508,s1d3
TCATATCAGCGCCATC-1,5.6453886,18.856977,s1d3
TCATATCAGGAACGCT-1,10.534034,13.771055,s1d3
TCATATCCAATAACGA-1,16.404608,4.779927,s1d3
TCATATCCACCCTTGT-1,10.523398,12.783645,s1d3
TCATATCCACGTTCGG-1,16.813686,4.812365,s1d3
TCATATCCACTGGCCA-1,10.756571,14.422374,s1d3
TCATATCGTGGTAATA-1,16.284758,5.4946265,s1d3
TCATATCGTTGGCCTG-1,16.41,4.6864023,s1d3
TCATATCTCAAGAGGC-1,6.475372,-3.3062704,s1d3
TCATATCTCTCTCAAT-1,11.153592,13.339347,s1d3
TCATATCTCTCTCTAA-1,17.085938,4.7005706,s1d3
TCATCATAGATCGCCC-1,6.120433,4.777589,s1d3
TCATCATAGCCATTGT-1,1.9041172,5.095786,s1d3
TCATCATAGTTGGAAT-1,6.641389,5.3809686,s1d3
TCATCATCACGAGGTA-1,5.4083395,-4.08996,s1d3
TCATCATCAGATGCGA-1,8.127324,-1.2750424,s1d3
TCATCATGTCCACGCA-1,10.972375,10.058391,s1d3
TCATCATTCCATGATG-1,11.4695635,12.328188,s1d3
TCATCATTCCGATCGG-1,2.5291846,17.655254,s1d3
TCATCATTCCGGTAGC-1,-0.23368602,4.252807,s1d3
TCATCATTCGTTCTGC-1,12.155638,10.858162,s1d3
TCATCATTCTACTATC-1,12.641838,11.964105,s1d3
TCATCATTCTGAACGT-1,7.358938,-0.19604106,s1d3
TCATCATTCTTCCAGC-1,13.250204,11.691454,s1d3
TCATCCGAGAGTTGTA-1,10.997666,13.267503,s1d3
TCATCCGCAAATGAGT-1,11.755729,10.587573,s1d3
TCATCCGCAACACGTT-1,2.531209,14.104677,s1d3
TCATCCGCAGCGGTCT-1,11.961257,12.30799,s1d3
TCATCCGCAGGTCAGA-1,10.400983,13.034402,s1d3
TCATGAGAGATAGCAT-1,12.077518,14.338929,s1d3
TCATGAGAGTCCCAGC-1,4.0960455,13.928325,s1d3
TCATGAGGTAACTAAG-1,-4.0948725,10.309263,s1d3
TCATGAGGTCTCACGG-1,10.623849,13.07148,s1d3
TCATGAGGTGACGTCC-1,10.163683,12.7737875,s1d3
TCATGAGGTGGAAGTC-1,10.453662,12.442346,s1d3
TCATGAGTCCTTACCG-1,11.920776,14.03024,s1d3
TCATGAGTCTATTCGT-1,16.366663,5.196684,s1d3
TCATGCCAGCAGCACA-1,-5.6927805,7.987309,s1d3
TCATGCCAGCGACTTT-1,8.758056,7.2342243,s1d3
TCATGCCAGCTGGCCT-1,0.10117711,4.214012,s1d3
TCATGCCAGGCATGGT-1,5.400015,-3.3611026,s1d3
TCATGCCAGTGCAACG-1,10.360695,12.459598,s1d3
TCATGCCCAACGGCCT-1,13.355939,12.012923,s1d3
TCATGCCCAATACAGA-1,8.982993,7.2382917,s1d3
TCATGCCCATAATCCG-1,-5.3492455,9.248494,s1d3
TCATGCCCATCATTGG-1,5.220662,18.638363,s1d3
TCATGCCGTAGAAACT-1,10.074418,11.19978,s1d3
TCATGCCGTGCAATGG-1,4.4297404,19.516857,s1d3
TCATGCCTCTCCCATG-1,-4.839618,8.308559,s1d3
TCATGCCTCTTTCCAA-1,-5.022353,8.369911,s1d3
TCATGGAGTCATGCAT-1,5.9229527,6.2478027,s1d3
TCATGGAGTCGCTTGG-1,9.745897,13.735004,s1d3
TCATGGATCAGCGCAC-1,11.077477,13.192219,s1d3
TCATGGATCCACAGGC-1,3.5981205,1.608769,s1d3
TCATGGATCCATCCGT-1,13.277249,12.054333,s1d3
TCATGGATCGCGTGCA-1,14.023739,8.38792,s1d3
TCATGTTAGTTGCTCA-1,12.483431,12.085585,s1d3
TCATGTTCAACCGTGC-1,5.906276,3.5971806,s1d3
TCATGTTCAGTGCGCT-1,3.688934,4.819389,s1d3
TCATGTTGTGGGTCAA-1,10.680695,13.391534,s1d3
TCATGTTTCGGTCGGT-1,12.602146,10.432339,s1d3
TCATGTTTCTTCGGAA-1,2.5427763,14.069283,s1d3
TCATTACAGCATCAAA-1,2.1580591,16.62404,s1d3
TCATTACCAACTTCTT-1,13.296114,12.747267,s1d3
TCATTACCACAAAGCG-1,10.319567,7.3536177,s1d3
TCATTACCAGCGTAGA-1,5.7556977,16.498814,s1d3
TCATTACCAGGTTCCG-1,11.313559,8.879803,s1d3
TCATTACGTTCGAACT-1,13.454896,12.983627,s1d3
TCATTACTCCATCTCG-1,10.1589155,6.4727535,s1d3
TCATTACTCCGTGGGT-1,3.3805294,5.5412135,s1d3
TCATTACTCTGGGCGT-1,-5.4443727,9.16575,s1d3
TCATTACTCTTTGCAT-1,11.43959,8.190614,s1d3
TCATTCAAGAATAACC-1,13.029899,12.507187,s1d3
TCATTCAAGAGTGTGC-1,10.664155,11.953888,s1d3
TCATTCACAAGTGACG-1,5.174276,19.651318,s1d3
TCATTCACAATGACCT-1,10.61627,11.90264,s1d3
TCATTCACACATATCG-1,-1.7578841,3.9339516,s1d3
TCATTCAGTCTCTCTG-1,12.114887,9.973623,s1d3
TCATTCATCCCGTAAA-1,5.206886,15.0279665,s1d3
TCATTCATCGCTACAA-1,13.121514,10.405567,s1d3
TCATTGTAGAGCCTGA-1,13.465655,12.701312,s1d3
TCATTGTAGGTCGTAG-1,11.833411,14.027454,s1d3
TCATTGTGTGCGAGTA-1,2.5520196,14.212476,s1d3
TCATTGTTCAGGCGAA-1,11.443654,7.7944336,s1d3
TCATTTGAGACGAAGA-1,16.781227,5.3529034,s1d3
TCATTTGAGCACCAGA-1,9.877255,-0.25565472,s1d3
TCATTTGAGCAGTACG-1,12.2766,12.506928,s1d3
TCATTTGAGCGTATAA-1,11.2413845,10.200653,s1d3
TCATTTGAGTGGATAT-1,4.7272468,18.827728,s1d3
TCATTTGCAGGTTCGC-1,12.840558,13.14106,s1d3
TCATTTGCATATGCGT-1,6.701031,5.0592446,s1d3
TCATTTGCATCCTATT-1,12.626153,13.139871,s1d3
TCATTTGGTAGCTCGC-1,11.61313,11.399843,s1d3
TCATTTGTCAACACCA-1,13.52262,6.7299914,s1d3
TCATTTGTCACTACGA-1,7.2223454,-3.457507,s1d3
TCATTTGTCCGTGACG-1,10.056268,12.299676,s1d3
TCATTTGTCTACTGCC-1,12.139623,6.603328,s1d3
TCCACCAAGGCACTAG-1,11.39857,7.8988714,s1d3
TCCACCACATTGCCTC-1,13.086186,12.804905,s1d3
TCCACCAGTCACCACG-1,12.195107,10.085455,s1d3
TCCACCAGTGGCCTCA-1,11.226826,6.920855,s1d3
TCCACCATCAAATGCC-1,11.025618,10.20408,s1d3
TCCACCATCATTGAGC-1,-4.8634624,7.7197504,s1d3
TCCACCATCGTGTGGC-1,8.290441,7.128721,s1d3
TCCACCATCGTTAGAC-1,3.9584873,13.121456,s1d3
TCCACCATCTCAGAAC-1,11.9043665,9.764874,s1d3
TCCACGTAGCGTGAAC-1,-3.7495713,8.677292,s1d3
TCCACGTAGGATTTGA-1,10.224539,11.050457,s1d3
TCCACGTAGGGACTGT-1,6.5558667,-3.1503153,s1d3
TCCACGTAGTGAGTGC-1,9.741882,-4.401316,s1d3
TCCACGTCAAGAGTGC-1,-5.2405124,11.043415,s1d3
TCCACGTGTAGAAACT-1,-3.7024963,6.976598,s1d3
TCCACGTGTCCTACGG-1,13.762768,9.483526,s1d3
TCCAGAAAGAGAGCCT-1,12.145708,9.696185,s1d3
TCCAGAAAGCACCTGC-1,6.090988,-4.749112,s1d3
TCCAGAAGTGTACATC-1,12.712973,13.487215,s1d3
TCCAGAATCCGTCAAA-1,5.766692,-1.1039339,s1d3
TCCATCGAGACATGCG-1,6.9277315,5.0593753,s1d3
TCCATCGAGAGAGCGG-1,10.347488,14.120294,s1d3
TCCATCGAGGTCGTGA-1,9.996492,13.591777,s1d3
TCCATCGAGTCAGGGT-1,6.5569477,-3.3459895,s1d3
TCCATCGGTATAGGAT-1,-2.1903238,5.104456,s1d3
TCCATCGGTATCCTCC-1,13.367887,12.984634,s1d3
TCCATCGGTGAATGTA-1,-1.5858666,6.8237166,s1d3
TCCATCGTCATGGATC-1,12.9511175,7.299818,s1d3
TCCATCGTCCACTAGA-1,11.702348,7.5485144,s1d3
TCCATGCAGCTCGCAC-1,12.684863,12.847318,s1d3
TCCATGCAGGGAGAAT-1,4.8566318,18.59078,s1d3
TCCATGCAGGTCCCGT-1,11.257014,8.444904,s1d3
TCCATGCAGTATGGAT-1,14.689189,10.239741,s1d3
TCCATGCCAACAAAGT-1,11.188453,8.656625,s1d3
TCCATGCGTCGAACAG-1,11.944813,12.214669,s1d3
TCCATGCTCTGGAGAG-1,10.33847,5.7199173,s1d3
TCCCACAAGACTTCAC-1,-4.640388,10.812624,s1d3
TCCCACAAGCTCTTCC-1,7.1285224,-2.8486698,s1d3
TCCCACACAAGACGGT-1,-5.0430994,4.4515724,s1d3
TCCCACACACAGCCAC-1,12.837304,12.268533,s1d3
TCCCACACACCTATCC-1,13.341014,13.061258,s1d3
TCCCACACACGACTAT-1,3.9662168,14.7086,s1d3
TCCCACAGTACTAGCT-1,2.9718864,7.4932833,s1d3
TCCCACAGTGATAGTA-1,16.567213,4.8482294,s1d3
TCCCACATCAAGCCTA-1,-1.459788,6.5376472,s1d3
TCCCACATCGGTTAGT-1,12.187671,13.77368,s1d3
TCCCACATCTGGGCGT-1,10.244445,6.5523458,s1d3
TCCCAGTCAAGCACAG-1,11.66091,6.660541,s1d3
TCCCAGTCACCGTGAC-1,7.078147,-4.3641467,s1d3
TCCCAGTCACTCCGGA-1,10.96692,10.855372,s1d3
TCCCAGTGTACAGAGC-1,-4.1809287,6.5690713,s1d3
TCCCAGTGTACTGGGA-1,3.1949046,6.418772,s1d3
TCCCAGTGTGCCTGCA-1,-1.0069098,6.8545513,s1d3
TCCCATGCAGCGAACA-1,10.573562,5.578831,s1d3
TCCCATGGTGACACGA-1,3.9706473,13.607635,s1d3
TCCCATGTCGTGCTCT-1,5.670615,19.942394,s1d3
TCCGAAAAGAGATCGC-1,13.182323,13.563224,s1d3
TCCGAAAAGTACAGAT-1,10.882534,11.337521,s1d3
TCCGAAACATGACTTG-1,2.0508482,16.450533,s1d3
TCCGAAAGTCACAGTT-1,11.922778,11.461706,s1d3
TCCGAAAGTGAGTGAC-1,11.75582,5.854243,s1d3
TCCGAAAGTGGCAGAT-1,10.436398,10.795266,s1d3
TCCGAAATCTTACCAT-1,8.140421,7.933458,s1d3
TCCGATCAGAGGCGTT-1,15.392733,8.735078,s1d3
TCCGATCAGGCATCGA-1,15.504826,7.7378006,s1d3
TCCGATCCACCGTCTT-1,11.793891,11.180078,s1d3
TCCGATCCATAGATCC-1,10.809287,14.752973,s1d3
TCCGATCGTATGGTTC-1,-3.6564264,8.86526,s1d3
TCCGATCGTCAGCGTC-1,2.6792881,8.239891,s1d3
TCCGATCGTCATAGTC-1,11.486623,12.519363,s1d3
TCCGATCGTGCCTTTC-1,11.989869,13.175752,s1d3
TCCGATCTCCCTCTAG-1,5.219441,-2.7055144,s1d3
TCCGGGAAGATAGTGT-1,-5.6852174,7.2751017,s1d3
TCCGGGAAGTATTAGG-1,-4.984157,6.105457,s1d3
TCCGGGAAGTTGCGAG-1,4.0660214,19.911848,s1d3
TCCGGGACAAGTGACG-1,-5.722507,8.294671,s1d3
TCCGGGACAGTGTGGA-1,12.430985,6.0963187,s1d3
TCCGGGAGTAAGATCA-1,15.781361,8.764767,s1d3
TCCGGGAGTGTTCCTC-1,5.8846645,-2.8158703,s1d3
TCCGGGATCACCCTGT-1,-4.191062,8.166424,s1d3
TCCGGGATCCTTGACC-1,12.103037,13.150942,s1d3
TCCGTGTTCTCCTGTG-1,1.6081923,5.172214,s1d3
TCCTAATAGTAAAGCT-1,12.973515,12.688472,s1d3
TCCTAATAGTATCTGC-1,11.87876,6.4397793,s1d3
TCCTAATAGTGCCGAA-1,-3.4661796,9.549032,s1d3
TCCTAATCAAACAGGC-1,-3.8846982,6.1170235,s1d3
TCCTAATGTCTCACGG-1,14.456146,9.968675,s1d3
TCCTAATGTGTGAGCA-1,-5.4919734,11.928802,s1d3
TCCTCCCAGCACTCAT-1,2.285254,14.129783,s1d3
TCCTCCCAGTAAGAGG-1,11.718706,6.5217605,s1d3
TCCTCCCAGTCCCAAT-1,12.192468,11.69148,s1d3
TCCTCCCGTTCGGCGT-1,11.372867,10.059888,s1d3
TCCTCCCTCGAAGCAG-1,10.836403,12.0477085,s1d3
TCCTCCCTCGAGAAGC-1,5.1933265,-4.8964767,s1d3
TCCTCGAAGCACTTTG-1,3.3034368,17.03027,s1d3
TCCTCGAAGTATTCCG-1,12.630304,11.905612,s1d3
TCCTCGACAATTCGTG-1,11.939674,11.980138,s1d3
TCCTCGACAGTCGGAA-1,0.3150656,5.469866,s1d3
TCCTCGAGTCACCACG-1,12.895425,13.823588,s1d3
TCCTCGATCTCCGAAA-1,9.833743,-0.0080575105,s1d3
TCCTCGATCTGATGGT-1,2.4766705,8.319573,s1d3
TCCTCTTAGACCGTTT-1,14.696645,9.52826,s1d3
TCCTCTTAGGGAGAAT-1,-4.93338,10.735431,s1d3
TCCTCTTAGTAAGACT-1,12.783686,13.913154,s1d3
TCCTCTTCAAAGCGTG-1,2.320411,16.565298,s1d3
TCCTCTTCAATACCTG-1,13.495355,13.187821,s1d3
TCCTCTTCACGGGCTT-1,-4.2874527,6.1896086,s1d3
TCCTCTTCAGTGGTGA-1,-4.715062,9.043647,s1d3
TCCTCTTGTAAGATCA-1,2.7565947,14.284352,s1d3
TCCTCTTTCGCCGAGT-1,11.407344,9.898134,s1d3
TCCTCTTTCGGAGTAG-1,7.8133984,-1.8042421,s1d3
TCCTCTTTCTATCGTT-1,2.8669517,7.7611346,s1d3
TCCTGCAAGTACTGGG-1,14.088284,6.128432,s1d3
TCCTGCACAAATAAGC-1,13.591711,7.2468634,s1d3
TCCTGCACACGCACCA-1,-4.905468,7.095619,s1d3
TCCTGCACAGCGTATT-1,3.4201431,6.945439,s1d3
TCCTGCACAGCTGTGC-1,1.0461255,4.918105,s1d3
TCCTGCACATCTTAGG-1,14.990994,8.611701,s1d3
TCCTGCACATGTACGT-1,11.090217,-0.77945024,s1d3
TCCTGCAGTTCTTGTT-1,12.069397,8.681724,s1d3
TCCTGCAGTTTCGACA-1,-5.469782,12.146258,s1d3
TCCTGCATCCACTTCG-1,1.6924,4.954037,s1d3
TCCTGCATCGTAGGGA-1,9.829327,12.297498,s1d3
TCCTTCTAGTATAACG-1,-1.3895745,3.3454645,s1d3
TCCTTCTCAGCTGAAG-1,13.372654,13.112682,s1d3
TCCTTCTGTATTCTCT-1,12.225143,11.839913,s1d3
TCCTTCTGTCACTCAA-1,11.462049,12.051838,s1d3
TCCTTTCAGACTTCGT-1,13.409962,13.364549,s1d3
TCCTTTCCAAGCTGTT-1,2.902099,17.938538,s1d3
TCCTTTCGTGCTTATG-1,4.992962,17.044964,s1d3
TCCTTTCGTGGTCCGT-1,3.5543473,14.701797,s1d3
TCCTTTCTCGACGTCG-1,15.97908,8.271026,s1d3
TCGAACAAGCTCTGTA-1,12.212896,14.253231,s1d3
TCGAACACATGAAAGT-1,12.699761,13.029398,s1d3
TCGAACATCGAGAATA-1,10.824063,12.88287,s1d3
TCGAAGTCAACAGATA-1,12.692725,14.082453,s1d3
TCGAAGTCAAGTAGTA-1,11.543785,12.029654,s1d3
TCGAAGTCAGAATTCC-1,12.134565,5.951079,s1d3
TCGAAGTCATTCTCCG-1,-3.6382563,7.365616,s1d3
TCGAAGTGTCCGTTTC-1,-3.7087023,8.281963,s1d3
TCGAAGTGTTGCGTAT-1,11.396599,13.172131,s1d3
TCGAAGTTCAAATGCC-1,13.337658,13.864523,s1d3
TCGAAGTTCACTCCGT-1,11.315892,9.053647,s1d3
TCGAAGTTCAGAGTGG-1,-4.841702,8.826135,s1d3
TCGAAGTTCAGTCAGT-1,11.680132,14.012643,s1d3
TCGAAGTTCCGGCAGT-1,-3.7978544,10.276031,s1d3
TCGAAGTTCCTAACAG-1,9.511873,4.497128,s1d3
TCGAAGTTCTTCGCTG-1,5.3045654,-0.98293597,s1d3
TCGAAGTTCTTCGGTC-1,5.2549496,17.948278,s1d3
TCGACCTAGCCTATCA-1,16.463444,6.451477,s1d3
TCGACCTCAAATACGA-1,3.974233,14.816248,s1d3
TCGACCTCAGCTGTCG-1,-3.8135788,6.9860234,s1d3
TCGACCTCAGTCAGTT-1,12.174192,11.988496,s1d3
TCGACCTGTGGCCCAT-1,5.860922,-1.806603,s1d3
TCGACGGAGACGTCGA-1,14.366968,10.983463,s1d3
TCGACGGAGAGACAAG-1,-1.4834292,4.5677285,s1d3
TCGACGGAGCTGAAGC-1,16.44437,6.019724,s1d3
TCGACGGCAACCGTGC-1,3.3751006,13.984727,s1d3
TCGACGGCAGCTACCG-1,4.006005,19.505829,s1d3
TCGACGGCAGCTTTCC-1,14.219726,9.180124,s1d3
TCGACGGGTCGTCTCT-1,8.9145775,2.0763822,s1d3
TCGACGGGTCTGTGTA-1,12.128498,7.8344183,s1d3
TCGACGGTCACTTGTT-1,12.195221,12.740723,s1d3
TCGACGGTCATTACCT-1,16.4503,6.7640324,s1d3
TCGACGGTCCGTAGGC-1,12.678056,7.976722,s1d3
TCGACGGTCTACCAGA-1,12.216669,14.093138,s1d3
TCGATTTCAGACATCT-1,11.097127,6.6575327,s1d3
TCGATTTGTATCGTTG-1,11.065277,8.239982,s1d3
TCGATTTGTGGGTATG-1,12.51358,5.6227646,s1d3
TCGATTTGTTGTCAGT-1,-5.5837955,7.4114847,s1d3
TCGATTTTCAGCGCGT-1,5.9918613,-1.6367348,s1d3
TCGATTTTCCCTGGTT-1,11.326278,12.870782,s1d3
TCGATTTTCTCACGAA-1,10.557282,11.215498,s1d3
TCGATTTTCTCTCCGA-1,11.519177,8.01396,s1d3
TCGCACTAGCGTTACT-1,-4.6626205,7.7124095,s1d3
TCGCACTAGGTGCAGT-1,-0.6963729,4.243533,s1d3
TCGCACTCAATCGCGC-1,12.003109,12.341805,s1d3
TCGCACTGTATAATGG-1,14.34329,6.420971,s1d3
TCGCACTGTATTGCCA-1,5.1981936,-4.594395,s1d3
TCGCACTGTCCCAAAT-1,9.776424,-4.4410157,s1d3
TCGCACTTCATCTATC-1,16.91343,4.7176127,s1d3
TCGCACTTCGAATCCA-1,7.645937,-0.6129346,s1d3
TCGCACTTCTAAGAAG-1,11.403273,8.563643,s1d3
TCGCAGGAGATTAGTG-1,12.144285,13.891938,s1d3
TCGCAGGAGATTTGCC-1,12.9784155,12.789288,s1d3
TCGCAGGAGCCTTGAT-1,11.7274885,5.8911276,s1d3
TCGCAGGAGCGACTTT-1,8.15372,7.731354,s1d3
TCGCAGGAGCGTCGAA-1,11.539286,11.307825,s1d3
TCGCAGGCAAACTAGA-1,5.0169625,19.833656,s1d3
TCGCAGGCAATATCCG-1,11.934635,11.699511,s1d3
TCGCAGGGTGACTGAG-1,16.51287,5.425593,s1d3
TCGCAGGGTGTCCATA-1,3.041726,14.901198,s1d3
TCGCAGGTCTATACGG-1,11.975262,12.422351,s1d3
TCGCAGGTCTCAGTCC-1,10.565007,7.379233,s1d3
TCGCTCAAGGCACTCC-1,8.690838,6.9651213,s1d3
TCGCTCACAGCCGGTT-1,6.013094,6.409114,s1d3
TCGCTCACATGACTAC-1,10.89753,10.125294,s1d3
TCGCTCACATGTACGT-1,10.847794,10.270664,s1d3
TCGCTCACATTGGATC-1,13.5645685,12.525089,s1d3
TCGCTCAGTAATGCGG-1,13.481545,6.6315317,s1d3
TCGCTCAGTAGGACCA-1,3.4083982,15.526927,s1d3
TCGCTCAGTCACTCGG-1,-3.7601757,6.5052958,s1d3
TCGCTCATCCCTCAAC-1,-1.2989177,6.5673127,s1d3
TCGCTCATCGCAGATT-1,5.4658566,17.576508,s1d3
TCGCTCATCGCTCTCA-1,13.156282,11.902604,s1d3
TCGCTTGAGACGCCAA-1,10.220295,12.714695,s1d3
TCGCTTGCAATGAACA-1,12.121155,13.871129,s1d3
TCGCTTGGTCATCCGG-1,13.184928,12.9767885,s1d3
TCGCTTGGTGCCCAGT-1,15.775668,7.9720597,s1d3
TCGCTTGGTGTTGACT-1,12.60323,6.2712874,s1d3
TCGCTTGGTTGTCAGT-1,11.966489,13.409438,s1d3
TCGCTTGTCAATCTCT-1,12.358078,11.510385,s1d3
TCGCTTGTCACAACCA-1,6.6178756,3.282907,s1d3
TCGCTTGTCTTAGCTT-1,4.347619,5.049313,s1d3
TCGGATAAGAGCGACT-1,10.121079,12.541087,s1d3
TCGGATAAGATGCTAA-1,8.521192,7.9552236,s1d3
TCGGATAAGGCTAACG-1,13.512982,8.76707,s1d3
TCGGATAAGTATGCAA-1,11.972152,11.854142,s1d3
TCGGATAAGTGATGGC-1,16.46494,6.609994,s1d3
TCGGATACAATGACCT-1,5.714882,19.266544,s1d3
TCGGATACATGATCTG-1,9.865008,13.715302,s1d3
TCGGATAGTGAGAACC-1,6.0306945,-4.4681897,s1d3
TCGGATAGTTGGAGAC-1,11.093191,13.943435,s1d3
TCGGATATCACCACAA-1,1.4663291,4.784228,s1d3
TCGGATATCGGAGATG-1,2.0099638,8.370926,s1d3
TCGGATATCGTAACTG-1,4.157772,4.8201365,s1d3
TCGGATATCTACACTT-1,10.842338,6.215525,s1d3
TCGGGACCACCAGCTG-1,4.713127,4.4027834,s1d3
TCGGGACCACTTCATT-1,11.506385,8.286436,s1d3
TCGGGACCAGAAACCG-1,-3.8696802,8.988307,s1d3
TCGGGACCAGCCTACG-1,9.805704,12.643981,s1d3
TCGGGACGTAATTAGG-1,-5.2430453,9.051894,s1d3
TCGGGACGTAGCTTAC-1,1.3735857,7.158885,s1d3
TCGGGACGTGGAGGTT-1,5.070314,19.262451,s1d3
TCGGGACTCATCGCAA-1,2.1016054,16.373646,s1d3
TCGGGACTCGGTCATA-1,13.0176325,11.9805765,s1d3
TCGGGACTCGTAGGGA-1,12.757469,13.427006,s1d3
TCGGGCAAGACGACTG-1,5.0769024,-2.665371,s1d3
TCGGGCAAGGCTCCCA-1,5.985681,5.0894804,s1d3
TCGGGCACACTATCCC-1,-1.3987126,6.600869,s1d3
TCGGGCACAGACCCGT-1,11.71357,13.758999,s1d3
TCGGGCACAGCTTCCT-1,12.65823,10.406639,s1d3
TCGGGCAGTCAAGGCA-1,3.4845045,16.619904,s1d3
TCGGGCATCGGCTATA-1,15.298457,7.240232,s1d3
TCGGGCATCGTAGGAG-1,11.183067,14.079765,s1d3
TCGGGCATCTACTGAG-1,-4.4656625,7.280073,s1d3
TCGGGCATCTGTACAG-1,10.824783,12.740616,s1d3
TCGGGTGAGAATTCAG-1,12.945827,13.582243,s1d3
TCGGGTGAGAGAGCGG-1,11.105528,14.494422,s1d3
TCGGGTGAGCGTATGG-1,10.51336,8.773164,s1d3
TCGGGTGAGGTGCCTC-1,9.130737,7.1825323,s1d3
TCGGGTGCATCCTAAG-1,10.757029,10.969298,s1d3
TCGGGTGGTATACGGG-1,-1.5025822,4.8085485,s1d3
TCGGGTGGTTTCCCAC-1,-5.119877,7.0854254,s1d3
TCGGGTGTCAAACGTC-1,2.004526,16.695196,s1d3
TCGGTCTAGATTTGCC-1,13.92147,5.9213533,s1d3
TCGGTCTAGCGAGGAG-1,5.939035,-2.955372,s1d3
TCGGTCTAGCGGTAAC-1,2.6925917,14.614075,s1d3
TCGGTCTCAAAGGTTA-1,10.615224,7.740076,s1d3
TCGGTCTCAACCAACT-1,-4.4963703,7.878603,s1d3
TCGGTCTCAGAGTTGG-1,11.824389,14.20031,s1d3
TCGGTCTCATTGCTGA-1,10.791621,14.556164,s1d3
TCGGTCTGTAGAATAC-1,13.193395,13.634449,s1d3
TCGGTCTGTGCGCTCA-1,1.8162473,7.220754,s1d3
TCGGTCTTCACGGGAA-1,10.1645775,12.854665,s1d3
TCGGTCTTCCATTGGA-1,11.337093,11.802024,s1d3
TCGGTCTTCTACGGTA-1,11.164315,5.8977165,s1d3
TCGGTCTTCTCTCTAA-1,11.352499,12.295449,s1d3
TCGTAGAAGTCCCTAA-1,-5.199774,11.972461,s1d3
TCGTAGAAGTTGAATG-1,13.455478,6.8664713,s1d3
TCGTAGACAGGCATTT-1,2.3775184,17.005524,s1d3
TCGTAGAGTACTTGTG-1,-2.2508607,4.815527,s1d3
TCGTAGAGTGGCCCAT-1,11.753158,6.0657268,s1d3
TCGTAGATCCACGAAT-1,5.0849752,19.642225,s1d3
TCGTAGATCCGAAGGA-1,5.0389,20.289368,s1d3
TCGTCCAAGTGCTCAT-1,-1.1306261,5.566143,s1d3
TCGTCCACACATCCCT-1,-5.175552,8.840143,s1d3
TCGTCCACACATTCTT-1,12.674453,9.793639,s1d3
TCGTCCACACTGGATT-1,4.815014,20.196646,s1d3
TCGTCCACAGCACGAA-1,11.297931,13.850739,s1d3
TCGTCCAGTGAGTTGG-1,-5.351607,6.626465,s1d3
TCGTCCATCCTATTGT-1,10.286929,12.322106,s1d3
TCGTGCTAGCATTTGC-1,11.570439,13.334268,s1d3
TCGTGCTGTATGTCCA-1,15.889866,5.4348445,s1d3
TCGTGCTGTTATTCTC-1,2.8610284,5.805791,s1d3
TCGTGCTTCATGCATG-1,10.691497,14.10447,s1d3
TCGTGCTTCATTTCCA-1,-4.6148157,6.6347013,s1d3
TCGTGCTTCCCAAGCG-1,-4.7731853,6.1946144,s1d3
TCGTGCTTCTGCACCT-1,3.2142694,2.5145664,s1d3
TCGTGGGAGCGGATCA-1,3.8592246,16.946617,s1d3
TCGTGGGCATCCGAGC-1,9.957804,13.221946,s1d3
TCGTGGGGTCTCACGG-1,-1.7437613,4.973009,s1d3
TCGTGGGGTCTTACTT-1,11.267452,8.738971,s1d3
TCGTGGGTCACTTATC-1,12.6307745,5.961231,s1d3
TCGTGGGTCAGGAACG-1,-4.0895324,7.625187,s1d3
TCGTGGGTCGCAATGT-1,-5.45426,10.422267,s1d3
TCGTGGGTCGTTCTGC-1,12.060748,14.293219,s1d3
TCTAACTAGAGTAACT-1,11.393985,11.990701,s1d3
TCTAACTGTAATCAGA-1,10.90296,8.100539,s1d3
TCTAACTGTACTCAAC-1,13.250653,7.3160973,s1d3
TCTAACTGTTCAAGGG-1,7.287272,3.5609884,s1d3
TCTAACTGTTGATCGT-1,-4.3189926,6.2572985,s1d3
TCTAACTTCAAACCCA-1,2.5735376,4.6983585,s1d3
TCTAACTTCCTGTTAT-1,14.372672,9.357576,s1d3
TCTAACTTCGGTCGGT-1,7.08021,3.1803212,s1d3
TCTAACTTCGTGTGAT-1,12.081803,10.161882,s1d3
TCTACATAGAGCCTGA-1,10.155288,17.974085,s1d3
TCTACATAGAGGCGGA-1,11.511461,7.9101706,s1d3
TCTACATCACTTTATC-1,1.7185794,6.543089,s1d3
TCTACATGTACGGTTT-1,2.389354,18.034357,s1d3
TCTACATGTAGCTTAC-1,2.539292,4.578571,s1d3
TCTACATGTTGCGGAA-1,-5.3351636,8.176149,s1d3
TCTACATTCCGAGGCT-1,12.754836,12.950358,s1d3
TCTACCGAGCTCGCAC-1,-5.327174,11.150127,s1d3
TCTACCGCAACTGCCG-1,0.15807793,4.7604594,s1d3
TCTACCGGTAGACTGG-1,8.024775,-1.8427149,s1d3
TCTATACAGATACCAA-1,-5.1952734,8.875399,s1d3
TCTATACAGCACTTTG-1,14.624441,6.415553,s1d3
TCTATACAGGGTAATT-1,5.041117,18.05943,s1d3
TCTATACCAACATACC-1,2.8004084,5.085327,s1d3
TCTATACCAATAGTAG-1,5.399724,19.745327,s1d3
TCTATACCATGGGTCC-1,11.313703,13.095427,s1d3
TCTATACTCGTACCTC-1,12.982618,13.912001,s1d3
TCTATCAAGGTCCTGC-1,11.418597,12.3652525,s1d3
TCTATCAAGTGTTGAA-1,16.345703,9.134854,s1d3
TCTATCACAACCGTGC-1,12.011223,11.85194,s1d3
TCTATCACACAAAGTA-1,11.392507,11.303451,s1d3
TCTATCACATTGTACG-1,10.40703,12.771286,s1d3
TCTATCAGTGTAAACA-1,12.1490965,8.502932,s1d3
TCTATCAGTTGGAGAC-1,2.7748919,15.062344,s1d3
TCTATCATCTGTGTGA-1,11.702626,10.265784,s1d3
TCTCACGAGTTGGAGC-1,1.8680083,16.321047,s1d3
TCTCACGCACGGTGAA-1,10.340844,11.230782,s1d3
TCTCACGGTACAAGCG-1,11.393698,12.966108,s1d3
TCTCACGGTACAGAAT-1,14.1408415,9.702864,s1d3
TCTCACGGTATCGTAC-1,6.3573284,-3.6532407,s1d3
TCTCACGGTGCAATAA-1,10.226268,12.233244,s1d3
TCTCACGTCATGCATG-1,10.865527,10.447861,s1d3
TCTCACGTCCACTTTA-1,-4.582428,6.7040086,s1d3
TCTCACGTCCTACGGG-1,5.5060954,16.95792,s1d3
TCTCACGTCTTTGGAG-1,10.98718,8.30935,s1d3
TCTCAGCAGAACGCGT-1,9.965361,11.115204,s1d3
TCTCAGCAGACAACAT-1,4.706326,15.910939,s1d3
TCTCAGCAGGAGAGGC-1,11.761902,12.67153,s1d3
TCTCAGCAGGCTAAAT-1,11.902746,11.357933,s1d3
TCTCAGCAGGTGATAT-1,-4.9651155,7.2328124,s1d3
TCTCAGCCACAATGCT-1,11.10256,8.753376,s1d3
TCTCAGCCAGCGACCT-1,13.382276,13.374907,s1d3
TCTCAGCCATAGGAGC-1,6.5049086,5.0924745,s1d3
TCTCAGCGTAGAGACC-1,-5.6201878,7.541704,s1d3
TCTCAGCGTTATAGCC-1,16.967264,6.851959,s1d3
TCTCAGCTCGTAGGGA-1,2.2760105,4.0184608,s1d3
TCTCCGAAGACGGAAA-1,-3.598798,9.878988,s1d3
TCTCCGAAGGGACACT-1,14.104427,10.621694,s1d3
TCTCCGACACGGGTAA-1,12.737205,8.411971,s1d3
TCTCCGAGTAGATGTA-1,10.58912,11.179843,s1d3
TCTCCGAGTTAGGGAC-1,2.8034687,7.3543415,s1d3
TCTCCGATCAGTGTTG-1,11.320146,12.88598,s1d3
TCTCCGATCCTGGGTG-1,12.093919,11.373084,s1d3
TCTCCGATCGCTAATG-1,11.120907,11.571014,s1d3
TCTCCGATCTATTCGT-1,6.392025,-4.523809,s1d3
TCTCCGATCTCATTTG-1,-3.6819751,8.323019,s1d3
TCTCTGGCAGAGGACT-1,16.942663,5.977756,s1d3
TCTCTGGCAGTTTCAG-1,11.468811,9.082636,s1d3
TCTCTGGGTCGTGGAA-1,0.4744403,4.794663,s1d3
TCTCTGGTCACAATGC-1,11.338769,8.837491,s1d3
TCTCTGGTCGAGGCAA-1,13.297451,13.677684,s1d3
TCTCTGGTCGTTGCCT-1,5.5539846,19.548765,s1d3
TCTCTGGTCTTACACT-1,6.3704023,18.683414,s1d3
TCTGCCACACCCTAAA-1,14.471709,9.300711,s1d3
TCTGCCAGTAGCGAGT-1,4.1332626,19.228563,s1d3
TCTGCCAGTCACAATC-1,13.115457,12.639975,s1d3
TCTGCCAGTCCCGGTA-1,3.6696768,5.650283,s1d3
TCTGCCAGTTCGGCCA-1,-0.42791566,3.0694559,s1d3
TCTGCCATCAAAGGTA-1,13.081847,13.518274,s1d3
TCTGCCATCCAACTGA-1,8.240596,7.6570635,s1d3
TCTGCCATCCCTTGTG-1,6.856554,-5.4640846,s1d3
TCTGGCTAGGGATCGT-1,5.7064495,17.011885,s1d3
TCTGGCTAGTACCATC-1,-3.9688437,7.4508123,s1d3
TCTGGCTCAACAGCCC-1,-4.45723,6.6244593,s1d3
TCTGGCTCACACGGTC-1,13.037294,7.753053,s1d3
TCTGGCTTCAGAGCAG-1,11.53728,12.991213,s1d3
TCTGGCTTCCTATTGT-1,-5.245364,7.1456556,s1d3
TCTGGCTTCGACGCTG-1,12.737677,6.4479733,s1d3
TCTGGCTTCTCAGTCC-1,11.237048,8.421373,s1d3
TCTGGCTTCTTGCGCT-1,11.15816,9.991211,s1d3
TCTGTCGAGAGAAGGT-1,10.055609,12.432281,s1d3
TCTGTCGCACCGTCGA-1,10.69088,7.7072377,s1d3
TCTGTCGCATTAAAGG-1,3.8685951,13.767071,s1d3
TCTGTCGGTACAGAGC-1,6.547574,-4.256574,s1d3
TCTGTCGGTACCTAGT-1,13.83266,13.328046,s1d3
TCTGTCGGTGATACTC-1,-4.0429683,6.943855,s1d3
TCTGTCGGTGGAATGC-1,13.178285,12.994578,s1d3
TCTGTCGTCGTAGTCA-1,2.2763705,8.571867,s1d3
TCTGTCGTCTGGGTCG-1,11.31816,6.0924706,s1d3
TCTTAGTAGGAAGTGA-1,6.7597895,-0.2717302,s1d3
TCTTAGTAGTCCTGTA-1,8.9983425,7.5702114,s1d3
TCTTAGTAGTGTACAA-1,-4.0003433,10.41792,s1d3
TCTTAGTCAGGTTTAC-1,10.835479,7.577024,s1d3
TCTTAGTCAGTCGCAC-1,13.446053,12.463462,s1d3
TCTTAGTCATCCGCGA-1,13.88946,7.1926117,s1d3
TCTTAGTGTATACAGA-1,9.573388,11.505144,s1d3
TCTTAGTGTCGGCACT-1,10.133076,6.4054217,s1d3
TCTTAGTGTTAGGCCC-1,11.9895,11.241816,s1d3
TCTTAGTGTTTCGTAG-1,10.114828,11.521029,s1d3
TCTTAGTTCATGCATG-1,10.711344,12.37693,s1d3
TCTTAGTTCCAGCACG-1,12.300252,13.10145,s1d3
TCTTAGTTCGTCCATC-1,-3.8245761,8.08776,s1d3
TCTTCCTCAATAAGGT-1,1.748292,5.6786094,s1d3
TCTTCCTGTAAGGAGA-1,8.002351,-1.6548686,s1d3
TCTTCCTGTAGGATAT-1,10.715785,6.2148023,s1d3
TCTTCCTGTATCACGT-1,10.883883,13.582572,s1d3
TCTTCCTGTTTAGTCG-1,-1.5070126,3.2377832,s1d3
TCTTCCTTCGCTAGCG-1,-1.4049125,6.6777883,s1d3
TCTTCCTTCGTCAGAT-1,10.929552,8.631265,s1d3
TCTTGCGAGAGTCGAC-1,5.918998,-1.9013171,s1d3
TCTTGCGAGATCCAAA-1,2.9290497,7.140957,s1d3
TCTTGCGAGGGCCCTT-1,11.541418,14.305421,s1d3
TCTTGCGAGTCCGTCG-1,10.645399,12.514313,s1d3
TCTTGCGGTCACCCTT-1,4.7286224,16.929342,s1d3
TCTTGCGGTCTGTGTA-1,5.8621383,3.560355,s1d3
TCTTGCGTCCACCCTA-1,6.060025,-3.7862067,s1d3
TCTTTGAAGACCTGGA-1,12.734799,9.996155,s1d3
TCTTTGAAGCTAGAAT-1,12.619203,12.521205,s1d3
TCTTTGACAATCCTTT-1,12.545915,5.663013,s1d3
TCTTTGACAGGGACTA-1-1,2.5820644,7.29774,s1d3
TCTTTGACATCCGGCA-1,12.494515,11.262475,s1d3
TCTTTGAGTATGTCTG-1,11.752911,12.438448,s1d3
TCTTTGAGTGATAGAT-1,-5.455845,7.2571917,s1d3
TGAACGTAGCGAGTAC-1,-4.520864,9.3990345,s1d3
TGAACGTAGCTGACTT-1,3.158904,2.3501964,s1d3
TGAACGTCAAGCTGCC-1,16.705553,8.591651,s1d3
TGAACGTCACATACTG-1,10.880908,7.0628347,s1d3
TGAACGTCAGACCTAT-1,-0.9901558,3.1817772,s1d3
TGAATCGAGAATCGAT-1,6.1850133,4.936798,s1d3
TGAATCGAGTAAGCAT-1,10.090524,10.24107,s1d3
TGAATCGCAAGCACAG-1,-5.545955,11.956376,s1d3
TGAATCGCATGGCTGC-1,10.744371,7.025595,s1d3
TGAATCGGTCGGCTAC-1,-1.4060374,6.3780684,s1d3
TGAATCGGTTGAGGAC-1,2.2189727,6.549599,s1d3
TGAATCGGTTTGGGAG-1,12.827417,10.289129,s1d3
TGAATCGTCTGAGGTT-1,12.702818,13.905692,s1d3
TGAATCGTCTTTCCGG-1,13.211536,7.491503,s1d3
TGAATGCAGTAGAATC-1,10.784079,13.059501,s1d3
TGAATGCCAGTCTACA-1,10.018089,11.620297,s1d3
TGAATGCGTACAACGG-1,13.328614,10.033423,s1d3
TGAATGCGTTCAATCG-1,10.218412,7.4854198,s1d3
TGAATGCTCACTGGTA-1,17.20182,5.456267,s1d3
TGAATGCTCGACGCTG-1,-3.2949004,9.586315,s1d3
TGACAGTAGATTGACA-1,11.182571,6.279978,s1d3
TGACAGTAGCAACTCT-1,-4.0668635,8.042698,s1d3
TGACAGTAGCGACTGA-1,10.886344,12.406595,s1d3
TGACAGTAGTCTAACC-1,15.604658,8.92814,s1d3
TGACAGTAGTTACGGG-1,-2.1422236,5.562297,s1d3
TGACAGTCACAGCTGC-1,1.0457115,5.7491384,s1d3
TGACAGTCATGGCTGC-1,8.669375,7.09737,s1d3
TGACAGTGTAGCTAAA-1,4.6015387,18.539066,s1d3
TGACAGTGTTTAAGGA-1,2.3548512,7.3887463,s1d3
TGACAGTTCACTGGGC-1,12.082464,13.248402,s1d3
TGACCCTAGTAACAGT-1,12.213524,13.455397,s1d3
TGACCCTGTAGAGACC-1,9.865986,4.640389,s1d3
TGACCCTTCACAGTGT-1,12.67832,12.067059,s1d3
TGACCCTTCTCGTCAC-1,-4.5825214,7.034797,s1d3
TGACCCTTCTGTGCTC-1,12.823624,12.965046,s1d3
TGACGCGAGATCGCTT-1,1.5024308,6.8159404,s1d3
TGACGCGAGTGGTTCT-1,12.782399,13.87934,s1d3
TGACGCGCACACCGCA-1,-3.7475696,9.381037,s1d3
TGACGCGCATGAGATA-1,5.472548,17.272596,s1d3
TGACGCGTCCCGAGAC-1,-3.5894685,8.82306,s1d3
TGACGCGTCCGTGCGA-1,10.15226,12.351187,s1d3
TGACGCGTCGGTGTTA-1,10.301832,6.565412,s1d3
TGACTCCCAAATGAAC-1,13.199063,13.081913,s1d3
TGACTCCCAGGTCAAG-1,-4.701391,7.0355225,s1d3
TGACTCCGTACAGCGA-1,-5.2074785,7.700463,s1d3
TGACTCCGTCGTTGGC-1,-5.412397,12.106654,s1d3
TGACTCCGTCTTAGTG-1,11.804322,8.770173,s1d3
TGACTCCTCACTTGTT-1,12.083888,14.40369,s1d3
TGACTCCTCCATATGG-1,11.168998,7.6963134,s1d3
TGAGACTAGAATTGCA-1,11.983025,8.730387,s1d3
TGAGACTAGATTGATG-1,11.116421,8.636232,s1d3
TGAGACTCAAACGTGG-1,17.318293,6.0019007,s1d3
TGAGACTCAAAGGGCT-1,10.265887,6.073846,s1d3
TGAGACTCAACTGAAA-1,3.0117252,7.893513,s1d3
TGAGACTCAATAGTAG-1,-4.762192,10.901491,s1d3
TGAGACTCACAAGTTC-1,15.218812,9.450411,s1d3
TGAGACTCACTATCCC-1,13.945295,9.61959,s1d3
TGAGACTCAGAGACTG-1,12.482339,14.197311,s1d3
TGAGACTCATCTCGTC-1,4.0242877,5.6009326,s1d3
TGAGACTGTATGCTTG-1,10.496758,11.625505,s1d3
TGAGACTGTCAGTCCG-1,12.590518,6.9316554,s1d3
TGAGACTGTGACCGAA-1,-5.17314,6.3794975,s1d3
TGAGACTGTGATACTC-1,7.8382144,-2.0184767,s1d3
TGAGACTGTGGCTGCT-1,7.2884192,2.9790697,s1d3
TGAGACTGTGTCCACG-1,2.6155846,7.581922,s1d3
TGAGACTTCCTTCAGC-1,16.367928,4.8322897,s1d3
TGAGACTTCGCTGACG-1,-3.7047703,7.6910973,s1d3
TGAGCATAGACCAAAT-1,12.797253,14.037288,s1d3
TGAGCATAGGCGCTTC-1,11.961022,13.966259,s1d3
TGAGCATCAAGATGGC-1,11.201916,13.223245,s1d3
TGAGCATCAGCTTCCT-1,12.673344,13.561765,s1d3
TGAGCATCAGGAGACT-1,10.459792,7.8098693,s1d3
TGAGCATTCTCAGTCC-1,8.185985,7.4277835,s1d3
TGAGCGCAGATGTTCC-1,10.830334,6.801955,s1d3
TGAGCGCAGTATCCTG-1,14.732491,9.538501,s1d3
TGAGCGCCAAGCTACT-1,11.878004,13.821,s1d3
TGAGCGCCACTCCACT-1,12.904481,13.606599,s1d3
TGAGCGCGTGATTCAC-1,10.533519,13.484727,s1d3
TGAGCGCTCACTTATC-1,9.755981,5.662643,s1d3
TGAGCGCTCAGCGGAA-1,8.4514885,7.31618,s1d3
TGAGCGCTCGTAGGGA-1,10.506822,13.786794,s1d3
TGAGCGCTCTGGCCTT-1,17.014318,5.7173953,s1d3
TGAGGAGAGAGAGAAC-1,-4.348267,7.4121523,s1d3
TGAGGAGAGAGAGCCT-1,16.629154,6.8595233,s1d3
TGAGGAGGTGACTGTT-1,9.770761,13.073002,s1d3
TGAGGAGGTGAGCGAT-1,2.3603709,18.422123,s1d3
TGAGGAGTCACCTGGG-1,6.190032,3.4596713,s1d3
TGAGGAGTCGCCTAGG-1-1,6.0152116,5.03779,s1d3
TGAGGGAAGAAGCTCG-1,15.918826,8.083854,s1d3
TGAGGGAAGCTGAGCA-1,11.253467,7.8616037,s1d3
TGAGGGAAGGCTGTAG-1,17.18156,5.339897,s1d3
TGAGGGACAATTGAAG-1,11.437096,10.288301,s1d3
TGAGGGACACACCTTC-1,1.6982667,6.7372265,s1d3
TGAGGGACATATTCGG-1,13.272085,11.708741,s1d3
TGAGGGAGTCATGACT-1,-3.5778143,8.923247,s1d3
TGAGGGAGTGCTGCAC-1,12.659825,12.725201,s1d3
TGAGGGAGTTCAGCGC-1,8.2510805,7.486632,s1d3
TGAGGTTCAAGAAATC-1,13.33918,13.184056,s1d3
TGAGGTTCAGTTCACA-1,2.4781067,18.22376,s1d3
TGAGGTTCAGTTGTCA-1,-5.3015556,9.192032,s1d3
TGAGGTTGTACGATCT-1,2.5031805,17.995562,s1d3
TGAGGTTGTACTCCGG-1,-5.5490656,7.1518674,s1d3
TGAGGTTGTACTGTTG-1,10.231739,10.546891,s1d3
TGAGGTTGTCCTTAAG-1,11.490233,14.384239,s1d3
TGAGGTTGTTCAAAGA-1,3.0891385,7.78381,s1d3
TGAGGTTTCAACCCGG-1,11.966154,6.458952,s1d3
TGAGGTTTCCAGCAAT-1,3.5394723,13.912159,s1d3
TGAGTCAAGGTGCTGA-1,-5.4375916,11.961968,s1d3
TGAGTCACAATGCAGG-1,12.579623,7.167574,s1d3
TGAGTCACACACTGGC-1,11.427192,8.172373,s1d3
TGAGTCACACCAGACC-1,17.11691,6.0425425,s1d3
TGAGTCACATAGATGA-1,-4.188097,9.164761,s1d3
TGAGTCACATCTGTTT-1,3.1175756,16.242493,s1d3
TGAGTCAGTCCGGACT-1,12.681581,7.398412,s1d3
TGAGTCAGTTTCAGAC-1,10.56281,12.151507,s1d3
TGAGTCATCCTTATAC-1,10.61828,9.172704,s1d3
TGAGTCATCGCTGCGA-1,11.99268,11.4958515,s1d3
TGAGTCATCGTCCTCA-1,10.780006,7.4113064,s1d3
TGATCAGAGGAAGTCC-1,1.8209879,5.087179,s1d3
TGATCAGAGTAGAATC-1,10.5291,12.401258,s1d3
TGATCAGAGTTGCCTA-1,-5.4906716,12.347226,s1d3
TGATCAGCAAAGGCAC-1,12.817924,10.183866,s1d3
TGATCAGCAGCGTTGC-1,10.934662,5.4317775,s1d3
TGATCAGGTATTCTCT-1,2.4881926,7.027468,s1d3
TGATCAGGTGATAGAT-1,12.268718,12.84297,s1d3
TGATCAGTCCGTATAG-1,-4.3837085,7.1282682,s1d3
TGATCTTAGGGACCAT-1,12.708352,13.231848,s1d3
TGATCTTAGGGCTAAC-1,3.6250112,14.63583,s1d3
TGATCTTCAAGCCTGC-1,11.57822,11.258978,s1d3
TGATCTTCACGATAGG-1,1.6034267,6.083011,s1d3
TGATCTTGTACGATCT-1,5.5028086,19.810862,s1d3
TGATCTTGTCGAATTC-1,12.485971,10.460639,s1d3
TGATCTTGTTACGATC-1,14.267561,9.676706,s1d3
TGATCTTGTTATAGAG-1,12.310498,13.538177,s1d3
TGATCTTTCTACCAGA-1,5.023468,14.931476,s1d3
TGATGCAAGTCCTGCG-1,3.0158143,17.160385,s1d3
TGATGCACAGCGTATT-1,15.473762,8.583994,s1d3
TGATGCACAGGTTCGC-1,-3.9870489,7.4777546,s1d3
TGATGCAGTCGTTGGC-1,11.854711,6.528841,s1d3
TGATGCAGTCTGTCCT-1,5.413673,-3.6246102,s1d3
TGATGCAGTGTACGCC-1,-4.4492064,10.612511,s1d3
TGATGCATCACCCTCA-1,11.813844,11.363143,s1d3
TGATGCATCCATCGTC-1,-4.2381454,9.261709,s1d3
TGATGCATCCCTTCCC-1,10.669562,8.468497,s1d3
TGATGGTAGAAGCCAC-1,12.552763,5.7525682,s1d3
TGATGGTAGGGTGAAA-1,-5.5138516,6.764429,s1d3
TGATGGTAGTGATTCC-1,-3.340618,7.700762,s1d3
TGATGGTCACAGCTTA-1,11.410301,6.0811057,s1d3
TGATGGTCATTGCCGG-1,6.8747325,4.712307,s1d3
TGATGGTGTAACATCC-1,16.135134,5.5097346,s1d3
TGATGGTGTCCTGAAT-1,15.815724,5.853926,s1d3
TGATGGTTCCTCTAGC-1,9.975002,-4.313992,s1d3
TGATGGTTCGCAATTG-1,3.6598415,18.040716,s1d3
TGATGGTTCTAATTCC-1,-4.30116,9.3368635,s1d3
TGATTCTGTACTGCCG-1,14.664666,9.826098,s1d3
TGATTCTGTAGGCTCC-1,14.699374,9.890883,s1d3
TGATTCTGTTCCTTGC-1,-3.4576163,8.920196,s1d3
TGATTCTTCGGCCTTT-1,13.299239,13.367968,s1d3
TGATTCTTCTCTATAC-1,15.028399,6.625538,s1d3
TGATTTCAGCATGAAT-1,16.69694,5.1635933,s1d3
TGATTTCAGTGCCTCG-1,15.843234,6.0913296,s1d3
TGATTTCGTAGATGTA-1,11.872263,6.3293333,s1d3
TGATTTCTCTAACGCA-1,10.428026,7.260076,s1d3
TGCACGGAGGGATGTC-1,10.481751,10.471734,s1d3
TGCACGGAGTGCAACG-1,10.239199,6.659292,s1d3
TGCACGGAGTGGCGAT-1,5.6429915,15.974866,s1d3
TGCACGGCAACTGATC-1,11.482207,12.942889,s1d3
TGCACGGCAAGGGCAT-1,14.728058,9.335663,s1d3
TGCACGGCAGCTGCCA-1,3.4035625,18.04007,s1d3
TGCACGGGTACGTACT-1,1.4762641,8.429856,s1d3
TGCACGGGTATCACGT-1,12.012101,6.8841143,s1d3
TGCACGGGTGATCGTT-1,10.457084,10.6994915,s1d3
TGCACGGTCAACACCA-1,3.8790832,5.8075233,s1d3
TGCACGGTCAATCTTC-1,10.077342,11.570004,s1d3
TGCACGGTCCGTAATG-1,13.365199,13.415734,s1d3
TGCAGATAGGATGTTA-1,11.222584,7.3112383,s1d3
TGCAGATAGTAAACTG-1,-0.88113964,5.343437,s1d3
TGCAGATAGTCGCCCA-1,5.479806,16.686447,s1d3
TGCAGATCACCGGCTA-1,5.93742,-3.2142537,s1d3
TGCAGATCAGCCCAGT-1,13.9595375,9.149139,s1d3
TGCAGATGTCGACTGC-1,6.1761575,3.3523195,s1d3
TGCAGATGTCGTATGT-1,11.464939,6.484276,s1d3
TGCAGATGTGACAACG-1,5.7442427,-2.8806067,s1d3
TGCAGATGTGAGATTA-1,12.597021,6.6210656,s1d3
TGCAGATTCAAATGAG-1,11.720762,14.315835,s1d3
TGCAGATTCAGGCGAA-1,4.579608,19.15692,s1d3
TGCAGATTCCTATTTG-1,10.38863,12.612931,s1d3
TGCAGATTCTCGCAGG-1,12.303301,8.589875,s1d3
TGCAGGCAGGTCGTAG-1,12.249735,12.869027,s1d3
TGCAGGCCAAGTCCCG-1,6.8482337,17.99262,s1d3
TGCAGGCGTGAGAACC-1,2.1753364,7.369941,s1d3
TGCAGGCGTTGTATGC-1,3.2346978,18.140413,s1d3
TGCAGGCGTTGTCATG-1,11.635728,14.469902,s1d3
TGCAGGCTCCAGTTCC-1,10.59515,6.4034142,s1d3
TGCAGTACAAGAATAC-1,-3.712413,7.5703144,s1d3
TGCAGTACAGCGTTGC-1,10.242351,7.196989,s1d3
TGCAGTACAGCTGAGA-1,2.0335507,16.905756,s1d3
TGCAGTACAGTATGAA-1,12.286904,11.897437,s1d3
TGCAGTACAGTGTACT-1,13.175395,6.491858,s1d3
TGCAGTAGTGGTTTAC-1,16.45977,8.612789,s1d3
TGCAGTATCGGTTGTA-1,-4.990134,10.729813,s1d3
TGCATCCAGAACTTCC-1,5.124348,19.97424,s1d3
TGCATCCCAAGATGGC-1,3.2230031,7.400111,s1d3
TGCATCCCATGAGGGT-1,10.630754,11.832889,s1d3
TGCATCCGTCATCTAG-1,12.136853,12.918423,s1d3
TGCATCCGTGCGTCGT-1,-0.1569903,3.017893,s1d3
TGCATCCGTGTGAATA-1,5.918105,17.556929,s1d3
TGCATCCGTTGGACCC-1,12.293374,9.996844,s1d3
TGCATCCTCACACGAT-1,2.4005468,16.807417,s1d3
TGCATCCTCAGTCATG-1,8.200153,-1.4595114,s1d3
TGCATGAAGAGTCAAT-1,13.023872,13.605232,s1d3
TGCATGAAGCCTCTCT-1,10.72635,6.7142024,s1d3
TGCATGACACTCCCTA-1,11.79485,11.361969,s1d3
TGCATGACATGGACAG-1,1.9106479,6.1036186,s1d3
TGCATGAGTACAGAGC-1,13.187966,13.656456,s1d3
TGCATGAGTCACCTTC-1,12.282401,14.23518,s1d3
TGCATGAGTCCGGTCA-1,11.382489,8.59466,s1d3
TGCATGAGTGATGAAT-1,7.5808425,-4.76121,s1d3
TGCATGAGTTAGAGTA-1,11.117718,7.1186996,s1d3
TGCATGAGTTTGGAGG-1,-3.652424,8.75115,s1d3
TGCATGATCCACTGAA-1,13.252223,13.752375,s1d3
TGCCGAGAGCGTTACT-1,10.888583,12.283907,s1d3
TGCCGAGAGTGAATAC-1,14.741456,9.4514475,s1d3
TGCCGAGCACGCTGTG-1,12.259054,11.806452,s1d3
TGCCGAGCAGTCAGTT-1,5.0495033,19.512415,s1d3
TGCCGAGGTATGAAGT-1,-5.104992,11.866816,s1d3
TGCCGAGGTGGTAATA-1-1,6.6414924,18.247063,s1d3
TGCCGAGTCAGCTTGA-1,5.727848,5.0373955,s1d3
TGCCGAGTCCCAACTC-1,-4.567257,6.604135,s1d3
TGCGACGAGCAAACAT-1,5.5133877,-5.310947,s1d3
TGCGACGAGTCCTGCG-1,6.2802444,-2.7072327,s1d3
TGCGACGCAACGGGTA-1,8.726994,7.3776255,s1d3
TGCGACGCACGTATAC-1,6.4923987,18.27722,s1d3
TGCGACGGTTAACAGA-1,6.217569,3.447759,s1d3
TGCGACGTCACTCGAA-1,12.59552,14.218709,s1d3
TGCGACGTCCTACCAC-1,5.5109124,-2.8640308,s1d3
TGCGACGTCTAACGGT-1,4.2644386,20.22135,s1d3
TGCGACGTCTTAGCCC-1,4.9771028,-3.0103886,s1d3
TGCGATAAGCGCCGTT-1,14.377925,9.530046,s1d3
TGCGATACACTGAGGA-1,11.69708,14.444643,s1d3
TGCGATATCCTTCACG-1,14.552809,8.144028,s1d3
TGCGGCAAGACACACG-1,11.67096,6.505404,s1d3
TGCGGCAAGATAGTGT-1,1.7286376,16.65881,s1d3
TGCGGCAAGATGGCAC-1,13.921367,5.643597,s1d3
TGCGGCAAGCTAATCC-1,10.281305,11.29311,s1d3
TGCGGCAAGGAGGCAG-1,10.960108,14.283081,s1d3
TGCGGCAAGGATACGC-1,11.479311,10.570762,s1d3
TGCGGCAAGTGCAACG-1,11.955059,10.224262,s1d3
TGCGGCACAACTCGTA-1,12.561724,11.429297,s1d3
TGCGGCACAAGACCTT-1,2.1845596,16.510532,s1d3
TGCGGCACACAAGGTG-1,12.127267,10.266992,s1d3
TGCGGCACACTCAGAT-1,-5.0848227,6.4305973,s1d3
TGCGGCACAGCGCTTG-1,12.72943,13.300423,s1d3
TGCGGCAGTAGGCTGA-1,10.246999,6.4254684,s1d3
TGCGGCAGTGATCGTT-1,8.876415,7.334303,s1d3
TGCGGCAGTGGAACAC-1,10.8034,8.448495,s1d3
TGCGGCATCAAGTAAG-1,12.773109,13.951052,s1d3
TGCGGCATCAGTGATC-1,11.280336,12.821024,s1d3
TGCGGCATCCGTGGGT-1,1.8595694,8.470362,s1d3
TGCGGGTAGTAAACAC-1,8.182703,7.147635,s1d3
TGCGGGTGTCCCGTGA-1,13.0348625,7.8855743,s1d3
TGCGGGTGTTAGAGTA-1,-4.253284,10.414413,s1d3
TGCGGGTTCGAGCCTG-1,6.7190404,17.920698,s1d3
TGCTCCAAGCATCTTG-1,14.350386,8.040324,s1d3
TGCTCCAAGCGCCCAT-1,13.1244335,7.0367327,s1d3
TGCTCCAAGTGCAGCA-1,8.112486,-1.3501991,s1d3
TGCTCCAGTTAGAGAT-1,7.292333,-3.8867774,s1d3
TGCTCCAGTTATCCAG-1,11.352003,7.2441645,s1d3
TGCTCCATCCGCATAA-1,-0.08223829,2.976576,s1d3
TGCTCCATCCGCGAGT-1,-3.2617574,7.942165,s1d3
TGCTCCATCGAACCAT-1,6.972942,3.2129495,s1d3
TGCTCCATCGAACGGA-1,10.348561,14.321945,s1d3
TGCTCGTAGGTAAACT-1,13.3639145,12.993972,s1d3
TGCTCGTAGGTTCAGG-1,-4.57762,10.751762,s1d3
TGCTCGTAGTGATCGG-1,5.227001,19.556746,s1d3
TGCTCGTCAAGAGCTG-1,12.379224,13.596403,s1d3
TGCTCGTCACTCCTGT-1,12.534614,12.882018,s1d3
TGCTCGTCAGGCCCTA-1,11.311522,11.477577,s1d3
TGCTCGTCAGTTAAAG-1,12.17823,14.380158,s1d3
TGCTCGTCATGGATCT-1,10.483923,11.43177,s1d3
TGCTCGTGTCGATGCC-1,10.12076,12.032945,s1d3
TGCTCGTTCACCCATC-1,6.0981274,-4.8902884,s1d3
TGCTCGTTCGCCTAGG-1,-5.0687485,6.957216,s1d3
TGCTGAACAAGCTCTA-1,13.052283,10.059293,s1d3
TGCTGAACATACAGGG-1,13.975972,11.577237,s1d3
TGCTGAACATACCGTA-1,13.48709,12.664959,s1d3
TGCTGAAGTGGTCTCG-1,-4.061839,8.549109,s1d3
TGCTGAATCATCGGGC-1,10.477125,5.244707,s1d3
TGCTGAATCCACTTCG-1,11.922506,10.3592005,s1d3
TGCTGAATCGCTACGG-1,5.936049,19.403473,s1d3
TGCTGAATCTTACTGT-1,2.7500322,18.420303,s1d3
TGCTTCGAGCAATTCC-1,10.49093,6.627313,s1d3
TGCTTCGCAGCAATTC-1,11.045856,8.9674835,s1d3
TGCTTCGCAGCCTATA-1,12.296348,11.161546,s1d3
TGCTTCGGTTCGGTAT-1,9.805929,10.945235,s1d3
TGCTTCGTCTTCCAGC-1,-3.6323378,8.284458,s1d3
TGCTTGCAGCGATTCT-1,3.2365222,18.233397,s1d3
TGCTTGCCAAGCAATA-1,6.0585246,-1.3979601,s1d3
TGCTTGCCAGAAACCG-1,15.58528,7.4874763,s1d3
TGCTTGCCAGAGAGGG-1,10.799796,8.273858,s1d3
TGCTTGCCATAGAAAC-1,13.597545,9.911662,s1d3
TGCTTGCTCACGGACC-1,3.4214056,16.448288,s1d3
TGCTTGCTCAGAACCT-1,11.476084,13.723952,s1d3
TGGAACTCAGTTGAAA-1,11.17523,8.863081,s1d3
TGGAACTGTAAGTTGA-1,13.746324,9.828022,s1d3
TGGAACTGTCGGATTT-1,6.568314,-2.9397392,s1d3
TGGAACTGTGAAGCTG-1,10.183386,10.986963,s1d3
TGGAGAGAGCAGGTCA-1,11.078228,8.614127,s1d3
TGGAGAGAGGTTCCAT-1,11.298895,12.898515,s1d3
TGGAGAGCAAACGGCA-1,1.1841838,7.4595847,s1d3
TGGAGAGCATCCGGTG-1,16.498953,6.5323944,s1d3
TGGAGAGGTAGGCTCC-1,5.541118,19.605503,s1d3
TGGAGAGGTGTTTGCA-1,13.005866,8.458674,s1d3
TGGAGAGGTTGCCGCA-1,13.054571,10.41547,s1d3
TGGAGAGTCCCTCTTT-1,12.656621,13.349635,s1d3
TGGAGAGTCCGGTAGC-1,9.94813,6.3794007,s1d3
TGGAGAGTCGCTCCTA-1,11.41199,12.984399,s1d3
TGGAGGAAGGCGTTAG-1,5.008406,19.44397,s1d3
TGGAGGAGTAATGATG-1,-5.206094,7.1309123,s1d3
TGGAGGAGTAGATGTA-1,14.281772,10.849126,s1d3
TGGAGGATCATTGCCC-1,11.977494,11.752462,s1d3
TGGAGGATCCCGAATA-1,11.728016,13.263321,s1d3
TGGAGGATCGTCGGGT-1,-3.417778,9.834693,s1d3
TGGATCAAGGTTGTTC-1,6.883928,-5.1397524,s1d3
TGGATCACAGCTAACT-1,11.870988,10.586948,s1d3
TGGATCACAGTTTGGT-1,9.8397,5.0658097,s1d3
TGGATCACATTAAAGG-1,10.132645,11.013812,s1d3
TGGATCAGTGTCTTCC-1,8.234114,7.885703,s1d3
TGGATGTAGGCTCTAT-1,12.501211,13.439474,s1d3
TGGATGTAGGTGGTTG-1,3.6950004,6.852438,s1d3
TGGATGTAGTCTTGGT-1,-5.705158,9.410243,s1d3
TGGATGTCATACTGAC-1,11.354902,10.747356,s1d3
TGGATGTCATTGACTG-1,12.236819,13.084213,s1d3
TGGATGTGTGTGTCCG-1,16.488289,6.549437,s1d3
TGGCGTGAGTCGAAGC-1,3.992443,12.878494,s1d3
TGGCGTGCAGCGTAGA-1,10.80047,13.056377,s1d3
TGGCGTGGTCGCCACA-1,9.587255,4.0359406,s1d3
TGGGAAGAGGTCGAGT-1,10.620926,11.264757,s1d3
TGGGAAGAGTTCTCTT-1,15.655918,9.15273,s1d3
TGGGAAGGTGAGCCAA-1,3.9883444,13.589647,s1d3
TGGGAAGTCAACTGAC-1,2.4985156,18.274618,s1d3
TGGGAAGTCCATAGAC-1,-5.118363,7.85755,s1d3
TGGGAGAAGTCAACAA-1,10.599433,7.686022,s1d3
TGGGAGAAGTCCGCGT-1,12.029671,11.27982,s1d3
TGGGAGACAACTGCTA-1,3.7357905,16.58968,s1d3
TGGGAGACAGCAGTGA-1,11.079616,13.341968,s1d3
TGGGAGAGTACGCGTC-1,12.278585,11.98722,s1d3
TGGGAGAGTAGTCGGA-1,4.9714684,18.974085,s1d3
TGGGAGATCCCTGTTG-1,9.273634,3.4567,s1d3
TGGGAGATCGGCATCG-1,-3.6536746,8.161973,s1d3
TGGGAGATCGGCCTTT-1,14.215239,6.247188,s1d3
TGGGATTAGCCTCGTG-1,10.315542,7.8311315,s1d3
TGGGATTAGCTAAGTA-1,4.896001,19.004526,s1d3
TGGGATTAGGGTAGCT-1,11.877726,13.79374,s1d3
TGGGATTCAGTGTGCC-1,7.319884,0.009988806,s1d3
TGGGATTGTACCCGCA-1,13.078999,8.353537,s1d3
TGGGATTGTTCGATTG-1,13.157132,12.975908,s1d3
TGGGATTGTTGAGTCT-1,9.481313,4.572,s1d3
TGGGATTTCCACGGGT-1,12.956607,7.628649,s1d3
TGGGCGTAGCGTGAGT-1,11.514521,5.832808,s1d3
TGGGCGTAGGCACTCC-1,16.57197,6.8291802,s1d3
TGGGCGTCACCGTACG-1,10.078732,11.813568,s1d3
TGGGCGTCACCTTCCA-1,4.98944,19.553473,s1d3
TGGGCGTGTACCAGAG-1,8.140566,7.7064314,s1d3
TGGGCGTGTTAAGTCC-1,-4.344273,6.19606,s1d3
TGGGCGTTCACTGTCC-1,11.550435,5.5817156,s1d3
TGGGCGTTCAGAACCT-1,10.11852,10.561934,s1d3
TGGGCGTTCATCTACT-1,5.0932856,19.770012,s1d3
TGGGCGTTCCTTCTTC-1,16.288355,5.5505934,s1d3
TGGGCGTTCTCGTGGG-1,12.600114,9.844706,s1d3
TGGGCGTTCTGCGATA-1,10.803164,6.001699,s1d3
TGGGCTGAGGTAACTA-1,10.913679,11.602396,s1d3
TGGGCTGCAGGTGTTT-1,14.361679,10.35341,s1d3
TGGGCTGCAGTCGAGA-1,-0.0931292,3.8366723,s1d3
TGGGCTGTCTATTGTC-1,5.636415,17.42831,s1d3
TGGGTTAAGAACAAGG-1,5.9045973,4.9595814,s1d3
TGGGTTAAGAGTTCGG-1,12.838912,5.832877,s1d3
TGGGTTAAGATGGCAC-1,-4.4118366,7.4128127,s1d3
TGGGTTAAGCCGAATG-1,16.932358,7.0169954,s1d3
TGGGTTAAGGATTACA-1,11.982787,8.101564,s1d3
TGGGTTAAGTAAAGCT-1,-4.4804344,10.019976,s1d3
TGGGTTACAAGCCTGC-1,11.333751,11.490563,s1d3
TGGGTTACATCCGATA-1,12.644978,12.954599,s1d3
TGGGTTACATTGTCGA-1,9.335831,4.880197,s1d3
TGGGTTATCGCACGGT-1,4.0728784,5.078294,s1d3
TGGTACAAGACAGCTG-1,11.829966,11.957325,s1d3
TGGTACACACCGCTGA-1,11.160237,11.729968,s1d3
TGGTACAGTACGAAAT-1,11.689055,12.357942,s1d3
TGGTACAGTCCATAGT-1,-5.1061254,7.677154,s1d3
TGGTACATCCGACGGT-1,16.314562,6.4883313,s1d3
TGGTACATCGATGGAG-1,-3.6787002,9.554892,s1d3
TGGTACATCTCGCCTA-1,16.076899,5.5666113,s1d3
TGGTACATCTTGTGCC-1,5.1918163,-5.0973387,s1d3
TGGTAGTAGATCGACG-1,0.19889143,4.8998656,s1d3
TGGTAGTAGCGATGAC-1,16.334564,5.2586565,s1d3
TGGTAGTAGCTAGATA-1,3.7971258,13.803139,s1d3
TGGTAGTAGTCTTGGT-1,12.241476,11.558307,s1d3
TGGTAGTCACTGAATC-1,10.026349,9.761691,s1d3
TGGTAGTCATCGCTAA-1,2.0064757,8.453728,s1d3
TGGTAGTTCAAACCCA-1,-5.1556907,8.880354,s1d3
TGGTAGTTCAGCAATC-1,5.092706,16.347786,s1d3
TGGTAGTTCGTCGATA-1,11.439947,11.260191,s1d3
TGGTAGTTCTAAGAAG-1,10.090924,-4.6123705,s1d3
TGGTGATAGGATAATC-1,13.226013,13.672345,s1d3
TGGTGATGTGACGTCC-1,11.829746,9.121602,s1d3
TGGTGATGTGGTTTAC-1,11.844522,10.935922,s1d3
TGGTGATGTTCGGGTC-1,7.4950266,-5.0994225,s1d3
TGGTGATTCCAGCACG-1,9.225717,6.7084928,s1d3
TGGTGATTCCGAACGC-1,12.156648,6.6801825,s1d3
TGGTTAGAGAATCGCG-1,12.298531,14.185214,s1d3
TGGTTAGAGACATATG-1,12.183381,13.474721,s1d3
TGGTTAGAGCTTACGT-1,11.002182,-1.076549,s1d3
TGGTTAGAGGAATCGC-1,11.388504,6.7622313,s1d3
TGGTTAGAGGGTATAT-1,12.844608,13.293665,s1d3
TGGTTAGCAAGAAACT-1,10.599184,5.517091,s1d3
TGGTTAGCAAGCTGTT-1,13.438262,12.933847,s1d3
TGGTTAGCACGAAGAC-1,12.386407,10.501362,s1d3
TGGTTAGCAGCTAACT-1,6.1860538,6.486462,s1d3
TGGTTAGCAGTTACCA-1,12.508804,11.630073,s1d3
TGGTTAGGTGACTGTT-1,11.4505005,11.439357,s1d3
TGGTTAGTCATCACTT-1,-5.5854135,9.34938,s1d3
TGGTTAGTCGACCCAG-1,11.675521,13.176651,s1d3
TGTAACGAGCGACCCT-1,3.5174303,13.3197565,s1d3
TGTAACGAGGTAAAGG-1,5.7780104,15.997319,s1d3
TGTAACGCAGTCTTCC-1,13.713303,10.201684,s1d3
TGTAACGCATCAACCA-1,13.432348,10.316806,s1d3
TGTAACGGTACCTGTA-1,15.823528,6.1381936,s1d3
TGTAACGTCCAGCCTT-1,-4.4885674,6.940662,s1d3
TGTAACGTCCTTGAAG-1,11.919405,12.383391,s1d3
TGTAACGTCGACATAC-1,6.281289,-2.6102648,s1d3
TGTAAGCAGCCTAACT-1,2.5992343,18.376255,s1d3
TGTAAGCCAGGAGGAG-1,2.2416108,18.359396,s1d3
TGTAAGCCATGCCGCA-1,14.150496,5.5730457,s1d3
TGTAAGCTCAGCATTG-1,-0.6629715,4.1637106,s1d3
TGTAAGCTCATCTGTT-1,10.288734,12.675898,s1d3
TGTACAGAGACAAGCC-1,11.95995,10.47079,s1d3
TGTACAGAGGTAACTA-1,-3.9809687,9.10328,s1d3
TGTACAGAGTCCCTAA-1,8.914223,1.5320808,s1d3
TGTACAGCAGCCTACG-1,10.359441,5.63864,s1d3
TGTACAGCATCTCAAG-1,5.244921,-3.6147046,s1d3
TGTACAGTCCACTTCG-1,-3.82013,8.896544,s1d3
TGTACAGTCTGAGATC-1,12.8734,13.350542,s1d3
TGTAGACAGACCCTTA-1,-4.783516,7.652415,s1d3
TGTAGACAGGAGTCTG-1,11.598335,6.8068357,s1d3
TGTAGACAGGCTTAGG-1,5.150278,19.890207,s1d3
TGTAGACCACAAGTTC-1,6.479035,-3.591476,s1d3
TGTAGACCAGAAACCG-1,4.1706176,19.77108,s1d3
TGTAGACCAGTGACCC-1,10.479191,7.337287,s1d3
TGTAGACGTACTGCGC-1,-4.765889,6.727058,s1d3
TGTAGACGTAGTGGCA-1,-5.436555,9.923714,s1d3
TGTAGACTCCGTGGCA-1,5.5608897,19.52327,s1d3
TGTAGACTCGACTCCT-1,13.859344,11.478759,s1d3
TGTCAGAAGGGCTGAT-1,12.849751,13.405495,s1d3
TGTCAGACAATCGTCA-1,16.283333,9.150679,s1d3
TGTCAGACACAGGATG-1,-4.950557,8.442465,s1d3
TGTCAGAGTCTAATCG-1,16.156992,9.056055,s1d3
TGTCAGAGTGAAGCTG-1,-5.504045,8.732782,s1d3
TGTCAGAGTTCGGACC-1,2.4242077,7.5661387,s1d3
TGTCAGATCACGGGCT-1,10.589241,6.013001,s1d3
TGTCAGATCCGAGGCT-1,2.4987774,17.740595,s1d3
TGTCAGATCTAAGGAA-1,-5.020062,8.059298,s1d3
TGTCAGATCTATCACT-1,5.614589,6.7839193,s1d3
TGTCCACAGCACCCAC-1,11.391049,8.335034,s1d3
TGTCCACAGCGTCTGC-1,3.248686,8.009476,s1d3
TGTCCACCACGGCGTT-1,5.5501285,3.7181637,s1d3
TGTCCACGTAGCGCCT-1,11.926485,13.714333,s1d3
TGTCCACGTGTTAAAG-1,-4.6690536,6.682421,s1d3
TGTCCACTCCGATCTC-1,3.9594882,14.972881,s1d3
TGTCCACTCGCACTCT-1,11.102193,14.399374,s1d3
TGTCCCAAGTGGTTGG-1,-5.419562,7.371408,s1d3
TGTCCCACAAATGAAC-1,12.639275,13.996339,s1d3
TGTCCCACAATGTCAC-1,2.0389073,16.607937,s1d3
TGTCCCACACTGTGAT-1,13.5695,13.158827,s1d3
TGTCCCACATTGTAGC-1,12.895147,6.4244056,s1d3
TGTCCCAGTACTCGCG-1,13.32366,13.560117,s1d3
TGTCCCAGTAGCTGAG-1,4.171876,14.03532,s1d3
TGTCCCATCCAGTGTA-1,3.358099,14.146377,s1d3
TGTCCTGAGAGAGGTA-1,11.691526,14.468132,s1d3
TGTCCTGAGGATCACG-1,9.010587,8.337755,s1d3
TGTCCTGAGTGGACTG-1,-1.3501697,6.3555737,s1d3
TGTCCTGCACCAGGTC-1,11.19487,13.957157,s1d3
TGTCCTGCACTTGAAC-1,1.4450362,7.8317714,s1d3
TGTCCTGCAGTAGAAT-1,0.00026722075,3.9766397,s1d3
TGTCCTGGTTATGTGC-1,-5.311019,11.8179035,s1d3
TGTGAGTAGAGTATAC-1,12.976519,12.982439,s1d3
TGTGAGTAGAGTGAAG-1,4.5034366,19.873941,s1d3
TGTGAGTAGGTCATTC-1,11.912787,14.386873,s1d3
TGTGAGTAGTAAGAGG-1,15.605563,9.063283,s1d3
TGTGAGTAGTAATCCC-1,3.1910505,2.3397293,s1d3
TGTGAGTAGTCCTACA-1,6.656572,18.315245,s1d3
TGTGAGTAGTCGAATA-1,6.6383696,-4.5556507,s1d3
TGTGAGTAGTGCTAGG-1,-4.9258256,7.006567,s1d3
TGTGAGTCACCCTAGG-1,11.004223,11.606504,s1d3
TGTGAGTCAGAGATGC-1,17.063616,6.427997,s1d3
TGTGAGTTCAATCCAG-1,10.297397,5.2705083,s1d3
TGTGAGTTCGCTGACG-1,-5.6005955,12.295586,s1d3
TGTGAGTTCGTTGCCT-1,5.0341296,19.855753,s1d3
TGTGAGTTCTTACGGA-1,13.623095,6.448942,s1d3
TGTGATGAGACATAAC-1,11.486731,11.063006,s1d3
TGTGATGAGAGACAAG-1,10.846659,12.157967,s1d3
TGTGATGAGCAGTACG-1,2.5323894,5.501079,s1d3
TGTGATGAGTGTGTTC-1,10.077027,18.318111,s1d3
TGTGATGCAGGAATCG-1,9.763095,13.368252,s1d3
TGTGATGTCAAGCCCG-1,3.0803158,17.976305,s1d3
TGTGATGTCATCTGTT-1,12.618062,12.704413,s1d3
TGTGATGTCCATACTT-1,10.572381,11.379441,s1d3
TGTGATGTCGGTTCAA-1,13.439975,6.4571695,s1d3
TGTGATGTCGTTAGAC-1,3.994306,14.613578,s1d3
TGTGCGGAGATGCTTC-1,3.9732113,14.237672,s1d3
TGTGCGGAGGCTAACG-1,4.0292144,14.374818,s1d3
TGTGCGGCAAGTATCC-1,11.943398,14.379652,s1d3
TGTGCGGGTTGGCCGT-1,-4.3716903,6.752687,s1d3
TGTGCGGTCAGTCTTT-1,12.633752,10.008087,s1d3
TGTGCGGTCCTCTTTC-1,11.985128,13.6009,s1d3
TGTGCGGTCGACCAAT-1,-4.6882443,7.4055247,s1d3
TGTGCGGTCTAGTCAG-1,11.627474,10.432702,s1d3
TGTGGCGCACGGTGCT-1,12.2539425,14.415183,s1d3
TGTGGCGCAGAGTGAC-1,10.591736,6.258303,s1d3
TGTGGCGGTAACGCGA-1,3.0957658,17.301619,s1d3
TGTGGCGGTTCGAAGG-1,9.995652,6.7306204,s1d3
TGTGGCGTCCTCTGCA-1,9.138756,7.2371182,s1d3
TGTGGCGTCCTTACCG-1,11.061894,8.307261,s1d3
TGTGGCGTCTCGCGTT-1,1.6671344,6.142316,s1d3
TGTGTGAAGCGCCCAT-1,10.531138,6.0088277,s1d3
TGTGTGACAACTCGAT-1,8.378916,7.9532766,s1d3
TGTGTGACAATGGGTG-1,12.840247,5.661115,s1d3
TGTGTGACAGTCAGTT-1,13.515131,12.722183,s1d3
TGTGTGAGTAACTGCT-1,12.312362,7.112921,s1d3
TGTGTGAGTATACGGG-1,-4.8892827,8.08365,s1d3
TGTGTGAGTCTAGGTT-1,3.9751747,13.558569,s1d3
TGTGTGAGTTGCCGAC-1,2.1797369,18.07879,s1d3
TGTGTGATCAAGTTGC-1,12.398803,12.778044,s1d3
TGTGTGATCTACACAG-1,3.9140484,15.048492,s1d3
TGTGTGATCTGGTGGC-1,-4.6324096,10.157061,s1d3
TGTTACTAGCACTAGG-1,10.340415,13.106359,s1d3
TGTTACTAGGGCCAAT-1,-5.2168603,8.406975,s1d3
TGTTACTCAGACATCT-1,12.975667,5.8920484,s1d3
TGTTACTGTAGATCCT-1,10.412806,7.3433347,s1d3
TGTTACTGTCAATCTG-1,11.139107,13.10697,s1d3
TGTTACTGTCCATCTC-1,11.585762,8.551759,s1d3
TGTTACTTCCCATTCG-1,5.752805,3.5879433,s1d3
TGTTACTTCGGTAGGA-1,12.288268,13.683927,s1d3
TGTTACTTCTCTCTAA-1,11.133705,6.5054007,s1d3
TGTTCATAGAGTGAAG-1,-4.4576883,9.169117,s1d3
TGTTCATAGCAGATAT-1,6.3068147,-1.7070928,s1d3
TGTTCATAGTCAAGCG-1,12.456009,13.145551,s1d3
TGTTCATCACCTTCCA-1,12.16844,11.338149,s1d3
TGTTCATCACTGGACC-1,15.160006,8.17524,s1d3
TGTTCATCAGTAACCT-1,15.355363,8.97896,s1d3
TGTTCATCATTGGCAT-1,17.148605,5.29247,s1d3
TGTTCATGTAACATGA-1,6.185957,18.970638,s1d3
TGTTCATGTGAGGCAT-1,11.352991,12.019651,s1d3
TGTTCATTCCGCACTT-1,10.676945,11.943521,s1d3
TGTTCATTCCTTCAGC-1,11.091004,14.012483,s1d3
TGTTCATTCTCTGAGA-1,12.225328,10.299998,s1d3
TGTTCCGAGAGTCACG-1,-4.3382,8.009127,s1d3
TGTTCCGAGGTCATAA-1,6.8556347,-2.8414257,s1d3
TGTTCCGAGTACTGGG-1,1.6548849,7.6478844,s1d3
TGTTCCGCAGATTAAG-1,17.063309,4.713555,s1d3
TGTTCCGCAGCTGAAG-1,5.9905477,-1.0773519,s1d3
TGTTCCGTCAATGCAC-1,12.287803,12.7379,s1d3
TGTTCCGTCCGTATGA-1,5.78246,-1.6797179,s1d3
TGTTCCGTCGTAACAC-1,12.6286125,5.7962856,s1d3
TGTTCTACACCTGCGA-1,12.485479,13.408205,s1d3
TGTTCTACACGGTGCT-1,11.864797,12.31803,s1d3
TGTTCTACATAACCCA-1,5.4041204,-0.82125264,s1d3
TGTTCTAGTCAAGCCC-1,-4.5767727,6.3528023,s1d3
TGTTCTAGTGACTGTT-1,16.923046,4.9876404,s1d3
TGTTCTATCACCTTGC-1,11.203044,11.087426,s1d3
TGTTCTATCACGGAGA-1,4.129994,19.7652,s1d3
TGTTCTATCGCAGAGA-1,5.721732,5.0167074,s1d3
TGTTCTATCTCGAACA-1,-4.530956,6.947346,s1d3
TGTTGAGCAGCGGATA-1,13.041606,13.285501,s1d3
TGTTGAGCAGCTACAT-1,9.419801,4.91747,s1d3
TGTTGAGGTGGAGAAA-1,11.581726,14.274175,s1d3
TGTTGAGTCTCGGTAA-1,12.907759,14.100117,s1d3
TGTTGAGTCTGTTCAT-1,11.235572,12.748061,s1d3
TGTTGGAAGGTTTACC-1,15.454257,7.4503064,s1d3
TGTTGGACAGGAGGTT-1,10.858674,12.11528,s1d3
TGTTGGACAGGGACTA-1,5.6508803,6.915007,s1d3
TGTTGGAGTCCCAAAT-1,-2.3380692,4.258472,s1d3
TGTTGGAGTCGCCTAG-1,2.9563005,5.0306735,s1d3
TGTTGGAGTGTAGCAG-1,2.8850508,18.150637,s1d3
TGTTGGAGTTTAAGGA-1,13.850039,10.667655,s1d3
TGTTGGATCAGCACCG-1,-4.088889,9.022643,s1d3
TGTTGGATCCCTCATG-1,-5.434041,11.792833,s1d3
TGTTGGATCTCCACTG-1,11.751264,13.065631,s1d3
TGTTGGATCTCTGGTC-1,10.316188,12.983613,s1d3
TGTTTGTAGGAGTCTG-1,3.2413697,3.2317626,s1d3
TGTTTGTAGGGATCGT-1,9.4723215,11.911196,s1d3
TGTTTGTCACCAACAT-1,15.639711,8.18332,s1d3
TGTTTGTCACGACGAA-1,11.222923,12.476404,s1d3
TGTTTGTCATGGTACT-1,-3.9016829,10.196884,s1d3
TGTTTGTGTAACGCGA-1,15.669774,7.816716,s1d3
TGTTTGTGTCTCTCCA-1,3.180828,3.1311204,s1d3
TGTTTGTGTTCGGTAT-1,8.770219,7.6224666,s1d3
TGTTTGTGTTTCCCAC-1,13.276984,8.435421,s1d3
TGTTTGTTCCCAGTGG-1,10.681353,11.842892,s1d3
TGTTTGTTCCTCGCAT-1,11.306487,13.520291,s1d3
TGTTTGTTCTAAGGAA-1,6.7639375,-3.1402166,s1d3
TGTTTGTTCTGTCCGT-1,10.508281,8.1109085,s1d3
TTAATCCAGCTTCTAG-1,-4.8612022,9.615362,s1d3
TTAATCCCAACCCGCA-1,16.995895,4.6701665,s1d3
TTAATCCGTAATTGGA-1,11.516737,8.347865,s1d3
TTAATCCGTAGATCGG-1,8.779609,7.67266,s1d3
TTAATCCGTCGAGATG-1,6.1979,7.3367615,s1d3
TTAATCCTCAGATGCT-1,5.9588547,19.286407,s1d3
TTAATCCTCGCAGTGC-1,11.214994,10.166249,s1d3
TTAATCCTCTCGTGGG-1,8.559625,7.410999,s1d3
TTAATCCTCTGCTCTG-1,12.69462,10.125356,s1d3
TTAATCCTCTGCTGAA-1,11.996213,6.497118,s1d3
TTAATCCTCTGTCGCT-1,3.4056733,13.60398,s1d3
TTACAGGAGACGGTTG-1,16.622458,4.937142,s1d3
TTACAGGAGAGTCACG-1,11.713479,14.1945305,s1d3
TTACAGGAGCAGAAAG-1,9.405724,7.842064,s1d3
TTACAGGAGCTAGCCC-1,17.049822,5.193896,s1d3
TTACAGGAGTCCCAGC-1,10.298771,12.280851,s1d3
TTACAGGCAAACACGG-1,11.859403,11.514964,s1d3
TTACAGGCAGATTCGT-1-1,13.150937,9.866912,s1d3
TTACAGGCATTGACTG-1-1,15.113548,6.234031,s1d3
TTACAGGGTAGAATGT-1,16.115353,6.7122107,s1d3
TTACAGGGTCAGACGA-1,-4.9664407,7.78657,s1d3
TTACAGGGTCAGGTGA-1,7.253174,-4.966442,s1d3
TTACAGGGTGGACAGT-1,6.5999475,-5.642274,s1d3
TTACAGGGTGTCCGTG-1,11.26707,10.568525,s1d3
TTACCATAGGCCCGTT-1,12.193985,11.705356,s1d3
TTACCATCAGACTGCC-1,10.351073,12.453813,s1d3
TTACCATCAGCGTTGC-1,6.5929546,5.0217166,s1d3
TTACCATGTCAACCTA-1,11.518032,10.392651,s1d3
TTACCATGTTCTTGCC-1,8.885462,7.7759085,s1d3
TTACCATGTTGCACGC-1,13.471651,6.029925,s1d3
TTACCATTCACTGGTA-1,11.009267,9.947078,s1d3
TTACCATTCAGTCACA-1,13.372714,9.927353,s1d3
TTACCATTCCAGGACC-1,14.230499,6.4382353,s1d3
TTACCATTCGAACCTA-1,6.6038013,-5.088578,s1d3
TTACCATTCTTTGCAT-1,12.441138,8.262164,s1d3
TTACCGCAGACAGTCG-1,9.347545,12.539802,s1d3
TTACCGCAGCACACCC-1,-3.9457018,9.811534,s1d3
TTACCGCAGCTAAATG-1,10.238192,7.1393447,s1d3
TTACCGCAGGCTTAAA-1,11.702669,13.696465,s1d3
TTACCGCAGTGGCGAT-1,-4.4309034,10.518329,s1d3
TTACCGCCAAGCACAG-1,13.117841,13.599679,s1d3
TTACCGCGTACTGACT-1,5.2141905,-3.0005872,s1d3
TTACCGCGTAGAGATT-1,11.010867,5.9869075,s1d3
TTACCGCGTCCATCTC-1,13.206858,13.0414505,s1d3
TTACCGCGTGACAGGT-1,4.1214294,15.023808,s1d3
TTACCGCTCAGACATC-1,11.208161,6.2592974,s1d3
TTACGCCCACACCTAA-1,11.978611,6.5118456,s1d3
TTACGCCCATCACCAA-1,11.644326,7.488395,s1d3
TTACGCCCATGGAAGC-1,12.330881,10.365051,s1d3
TTACGCCGTAGTTACC-1,13.153037,5.776909,s1d3
TTACGCCGTCCCTCAT-1,5.8057284,19.348812,s1d3
TTACGCCTCTCTATAC-1,3.3398116,6.3547,s1d3
TTACGCCTCTGGCCTT-1,-3.716358,5.8755155,s1d3
TTACGTTGTCCTGGGT-1,5.394257,-4.172732,s1d3
TTACGTTTCTCGGCTT-1,4.2184777,19.183933,s1d3
TTACTGTAGAAGCGCT-1,6.2056217,-2.8609116,s1d3
TTACTGTAGACGATAT-1,11.337808,10.897273,s1d3
TTACTGTAGCAGCCTC-1,11.770611,12.096274,s1d3
TTACTGTAGGTCATTC-1,-3.8583539,8.099494,s1d3
TTACTGTAGTGATAAC-1,12.941135,9.89779,s1d3
TTACTGTCACGTTCGG-1,7.5170836,-2.9156828,s1d3
TTACTGTCATAATGCC-1,8.041412,-4.871418,s1d3
TTACTGTCATGGCGCT-1,10.383834,12.563726,s1d3
TTACTGTGTGTTCGTA-1,6.6967936,-0.18395504,s1d3
TTACTGTGTTAACCTG-1,10.556572,12.511772,s1d3
TTACTGTTCGCATTGA-1,12.095583,13.978329,s1d3
TTAGGCACAAACCGGA-1,-3.4730086,7.6800237,s1d3
TTAGGCACACCAGCTG-1,-4.4511724,8.386277,s1d3
TTAGGCACACCCATAA-1,9.1441,7.593661,s1d3
TTAGGCACACGACAAG-1,5.675663,19.376564,s1d3
TTAGGCACAGCGCGTT-1,-0.9885047,6.6774306,s1d3
TTAGGCAGTCTAGGCC-1,3.749425,13.797524,s1d3
TTAGGCAGTTGAATCC-1,1.6415935,6.1362095,s1d3
TTAGGCATCAGTGATC-1,6.4787426,3.7285578,s1d3
TTAGGCATCATCACCC-1,8.49368,7.706892,s1d3
TTAGGGTAGGATTTGA-1,11.527275,11.240042,s1d3
TTAGGGTCAAGCAATA-1,-4.3172174,9.327129,s1d3
TTAGGGTCACATTGTG-1,11.745044,7.4644637,s1d3
TTAGGGTCAGTCGCAC-1,11.241366,7.6644545,s1d3
TTAGGGTGTACACGTT-1,13.293651,10.186223,s1d3
TTAGGGTGTATCATGC-1,11.032868,11.3873415,s1d3
TTAGGGTGTCTTTATC-1,11.281246,8.203829,s1d3
TTAGGGTGTGATGGCA-1,11.00042,7.110311,s1d3
TTAGGGTGTGTTACAC-1,-4.730859,6.585678,s1d3
TTAGGGTTCATCTACT-1,4.460049,5.251181,s1d3
TTAGGGTTCCGTATAG-1,2.7501986,17.251225,s1d3
TTAGTCTCACAAACGG-1,13.511356,7.182927,s1d3
TTAGTCTCACCCATAA-1,-3.730373,9.708983,s1d3
TTAGTCTCACTGGAAG-1,11.437568,11.73535,s1d3
TTAGTCTCATTGCTGA-1,16.154758,5.1925073,s1d3
TTAGTCTTCGCTAAAC-1,4.772626,19.844402,s1d3
TTAGTCTTCTGTAACG-1,5.109669,16.354218,s1d3
TTATTGCCAACACTAC-1,12.264404,5.855304,s1d3
TTATTGCCAGATCATC-1,12.789529,6.05111,s1d3
TTATTGCGTCAACGCC-1,-4.152897,6.7933607,s1d3
TTATTGCTCTGACCCT-1,1.53725,6.3573995,s1d3
TTCAATCAGGGCAATC-1,16.304552,5.214964,s1d3
TTCAATCCAATCGCAT-1,11.6217375,7.841645,s1d3
TTCAATCGTAGATTGA-1,6.767088,18.330154,s1d3
TTCAATCGTATGCTTG-1,-4.923422,6.458944,s1d3
TTCAATCGTCACAGAG-1,16.77117,5.683651,s1d3
TTCAATCTCGGATTAC-1,12.961685,7.5267577,s1d3
TTCAATCTCTTGAACG-1,5.9708652,16.417063,s1d3
TTCAATCTCTTGTGCC-1,13.438274,12.820323,s1d3
TTCACCGCAAATGGCG-1,10.007166,4.493642,s1d3
TTCACCGCAAGCCCAC-1,-3.594079,9.931325,s1d3
TTCACCGCACGTTGGC-1,5.5028505,6.8234453,s1d3
TTCACCGCATTCATCT-1,11.824006,13.527507,s1d3
TTCACCGGTACAGTAA-1,14.504185,8.974913,s1d3
TTCACCGGTGAGGCAT-1,3.2201788,17.69281,s1d3
TTCACCGGTTAAGCAA-1,-3.8547263,9.328536,s1d3
TTCACCGTCCATTCGC-1,8.352917,-1.1181831,s1d3
TTCACCGTCCTCCACA-1,6.288413,-1.0410074,s1d3
TTCACGCAGCGTGAAC-1,-0.9019122,7.182438,s1d3
TTCACGCAGGCAGCTA-1,13.166949,5.7727494,s1d3
TTCACGCAGTCTGCAT-1,16.310175,8.39426,s1d3
TTCACGCCAGGTGGAT-1,12.25151,14.270685,s1d3
TTCACGCGTTCGGCGT-1,2.1060004,7.576069,s1d3
TTCACGCTCCCTCGTA-1,5.7497625,19.187788,s1d3
TTCACGCTCGTTCCTG-1,11.824804,12.027448,s1d3
TTCACGCTCTCACTCG-1,2.9086442,14.454489,s1d3
TTCACGCTCTTTCGAT-1,14.817979,9.117497,s1d3
TTCAGGAAGGAACATT-1,9.356427,5.06656,s1d3
TTCAGGAAGTCAGCGA-1,14.767715,10.091102,s1d3
TTCAGGACAATGACCT-1,-3.5086446,9.045146,s1d3
TTCAGGACACCCTTAC-1,9.139772,5.0816116,s1d3
TTCAGGACAGAAATCA-1,-5.1704817,6.871369,s1d3
TTCAGGACATGAGGGT-1,10.643172,12.241437,s1d3
TTCAGGAGTCATCCCT-1,13.818215,8.847712,s1d3
TTCAGGAGTGCATTAC-1,2.86855,8.255471,s1d3
TTCAGGATCCGGTAGC-1,8.568656,8.00264,s1d3
TTCAGGATCCGTTTCG-1,-5.1861534,7.5210767,s1d3
TTCAGGATCGCGAAGA-1,3.266921,3.1476316,s1d3
TTCAGGATCTATACGG-1,7.097684,-5.2853503,s1d3
TTCATGTAGATGAACT-1,3.922076,13.614035,s1d3
TTCATGTCAAATAAGC-1,-1.8926511,3.4434721,s1d3
TTCATGTCAAGTGCTT-1,-2.0327082,7.2869344,s1d3
TTCATGTCAATCGCGC-1,12.214555,11.361027,s1d3
TTCATGTCAGCTCATA-1,14.611173,9.331553,s1d3
TTCATGTCAGGTCTCG-1,-4.7096605,6.3041267,s1d3
TTCATGTGTAGCTTTG-1,10.840633,8.765812,s1d3
TTCATGTGTCGAACAG-1,-1.6762611,6.500026,s1d3
TTCATGTTCAGAGTTC-1,15.69746,9.054137,s1d3
TTCATGTTCGGTAAGG-1,-3.9390814,10.010722,s1d3
TTCATTGAGACATGCG-1,12.187318,9.554279,s1d3
TTCATTGAGCATCCCG-1,-3.4931319,9.682905,s1d3
TTCATTGAGTCTAACC-1,13.197357,13.395545,s1d3
TTCATTGCAAATGAAC-1,-4.535938,7.8005657,s1d3
TTCATTGTCACCTGTC-1,12.607814,11.830786,s1d3
TTCATTGTCAGATGCT-1,8.291507,-1.209585,s1d3
TTCATTGTCATACAGC-1,8.769908,8.1323185,s1d3
TTCATTGTCGCTTACC-1,13.577045,9.663902,s1d3
TTCATTGTCGGAACTT-1,5.0446715,14.522405,s1d3
TTCATTGTCTCCATAT-1,11.087457,12.174096,s1d3
TTCATTGTCTGAGAAA-1,2.320994,17.602411,s1d3
TTCCAATAGCCTATCA-1,8.878852,2.4738646,s1d3
TTCCAATAGGTCGTCC-1,-5.5048428,7.7062435,s1d3
TTCCAATGTCACTCTC-1,5.5467887,-5.3564534,s1d3
TTCCAATGTCGGCTAC-1,10.407161,5.4867415,s1d3
TTCCAATTCATCTCTA-1,11.905121,13.870352,s1d3
TTCCAATTCGAGTTGT-1,7.142355,-3.5216842,s1d3
TTCCACGAGTTGCGCC-1,10.242936,7.652013,s1d3
TTCCACGCAGAGCGTA-1,2.6164153,17.350666,s1d3
TTCCACGCAGATCCTA-1,10.728587,8.241957,s1d3
TTCCACGCAGCGTTGC-1,11.794077,12.25395,s1d3
TTCCACGGTTATTCCT-1,11.422173,12.358238,s1d3
TTCCACGTCACCACAA-1,5.105379,14.414716,s1d3
TTCCACGTCACCTTGC-1,6.9611077,3.2736907,s1d3
TTCCACGTCATGCATG-1,6.6664915,-4.271396,s1d3
TTCCACGTCCGTCCTA-1,-0.45379633,3.0248823,s1d3
TTCCGGTAGACGACTG-1,17.364866,5.2791624,s1d3
TTCCGGTAGATTGGGC-1,-5.089057,8.392248,s1d3
TTCCGGTAGCAAGTGC-1,3.129168,18.255228,s1d3
TTCCGGTCACATGGTT-1,11.83493,11.026,s1d3
TTCCGGTCATCCCACT-1,6.2290215,17.482634,s1d3
TTCCGGTGTCTCCTGT-1,11.885444,5.670835,s1d3
TTCCGGTGTGACTGAG-1,-4.829534,9.168511,s1d3
TTCCGGTGTTAACCTG-1,11.422583,8.456988,s1d3
TTCCGGTTCCGAGATT-1,12.706828,13.999428,s1d3
TTCCGGTTCGCCTATC-1,-4.5256715,7.1066914,s1d3
TTCCGGTTCGTTGCCT-1,11.981429,8.745463,s1d3
TTCCGGTTCTCCGCAT-1,11.473064,5.6000853,s1d3
TTCCGTGAGACTTGTC-1,6.724749,5.173446,s1d3
TTCCGTGAGCGTCTCG-1,11.150203,12.625557,s1d3
TTCCGTGCAAGACCGA-1,8.623214,7.7778363,s1d3
TTCCGTGCAATAGAGT-1,10.754953,7.1081395,s1d3
TTCCGTGCAGCTCGGT-1,12.529583,12.1822815,s1d3
TTCCGTGGTACAGTCT-1,10.982534,17.299923,s1d3
TTCCGTGGTACGACAG-1,-4.525094,8.067398,s1d3
TTCCGTGGTAGTACGG-1,13.342872,9.731375,s1d3
TTCCGTGGTATGAAGT-1,13.022673,10.442881,s1d3
TTCCGTGGTCGTGTTA-1,12.0571,11.966137,s1d3
TTCCGTGGTGAAGCGT-1,13.996627,6.9241214,s1d3
TTCCGTGTCCTTCGAC-1,-3.398464,9.373465,s1d3
TTCCGTGTCTCGCGTT-1,14.0034075,9.826451,s1d3
TTCCGTGTCTGTACAG-1,0.2501723,4.915681,s1d3
TTCCTAAAGATAGTCA-1,11.488885,12.59438,s1d3
TTCCTAAAGCGTATGG-1,13.703276,5.2785244,s1d3
TTCCTAACACTGCTTC-1,1.5654455,7.7181334,s1d3
TTCCTAAGTAGATTAG-1,1.9449761,7.2642336,s1d3
TTCCTAAGTTGTTGAC-1,5.2945924,17.766264,s1d3
TTCCTAATCCTATTTG-1,11.963079,9.998514,s1d3
TTCCTAATCTTCACGC-1,12.258229,11.40303,s1d3
TTCCTCTAGTCCCAGC-1,9.725491,11.92477,s1d3
TTCCTCTAGTGGTCAG-1,11.147862,13.243755,s1d3
TTCCTCTCAACCAATC-1,12.101531,14.07896,s1d3
TTCCTCTGTACAAACA-1,6.2061872,5.8853087,s1d3
TTCCTCTGTGTGTCGC-1,10.861666,14.663601,s1d3
TTCCTCTTCCATTTAC-1,5.8256073,6.688017,s1d3
TTCCTCTTCCTGTAGA-1,1.2312329,7.3990974,s1d3
TTCCTCTTCGAACGGA-1,14.210448,10.158051,s1d3
TTCCTTCCAAAGGCAC-1,14.378591,6.2809715,s1d3
TTCCTTCCACTCCGAG-1,16.42397,8.647952,s1d3
TTCCTTCGTACGCGTC-1,12.564371,9.833538,s1d3
TTCCTTCGTTCGGACC-1,10.7105465,8.348341,s1d3
TTCCTTCGTTTCGATG-1,11.830179,12.259682,s1d3
TTCCTTCTCCTAAACG-1,11.238494,9.227949,s1d3
TTCCTTCTCGTTAGAC-1,12.194014,13.648091,s1d3
TTCCTTCTCTAGCCTC-1,16.652433,5.3050327,s1d3
TTCGATTAGGGTGAGG-1,-5.7533607,9.210245,s1d3
TTCGATTCAAGACCGA-1,9.816973,6.1001935,s1d3
TTCGATTCATGTTACG-1,2.8522384,4.7230396,s1d3
TTCGATTTCAGAACCT-1,1.7318531,7.6944838,s1d3
TTCGATTTCCACGGGT-1,12.819635,11.306497,s1d3
TTCGCTGAGAAGCCTG-1,12.413925,14.16459,s1d3
TTCGCTGAGACGCCCT-1,10.88358,7.724946,s1d3
TTCGCTGAGCGAGGAG-1,16.924412,8.483773,s1d3
TTCGCTGAGCGTACAG-1,12.515081,13.330327,s1d3
TTCGCTGAGGGCCCTT-1,16.757128,5.735762,s1d3
TTCGCTGAGGTACCTT-1,-5.440808,10.64261,s1d3
TTCGCTGGTACGTTCA-1,9.999795,10.937203,s1d3
TTCGGTCCACAACGAG-1,10.342695,11.247589,s1d3
TTCGGTCCACCTGTCT-1,-5.413705,7.430118,s1d3
TTCGGTCCAGCTATTG-1,12.112194,14.256041,s1d3
TTCGGTCGTCGAGCTC-1,13.572659,10.138055,s1d3
TTCGGTCGTGACACGA-1,5.725914,-5.04209,s1d3
TTCGGTCGTGCTTATG-1,10.92216,12.7456255,s1d3
TTCGGTCGTGGTATGG-1,15.885066,7.996366,s1d3
TTCGGTCTCTAGTACG-1,1.569097,8.3762045,s1d3
TTCTAACAGCGGATCA-1,11.006956,10.020764,s1d3
TTCTAACAGCGGGTAT-1,12.971431,9.776145,s1d3
TTCTAACAGGTGCTAG-1,14.289943,9.682237,s1d3
TTCTAACAGTCGTCTA-1,12.206127,13.987725,s1d3
TTCTAACCACCGCTGA-1,9.518882,4.65078,s1d3
TTCTAACGTAATCAAG-1,10.165247,12.01364,s1d3
TTCTAACTCGGCTGGT-1,12.423971,7.9335556,s1d3
TTCTAACTCGTCGCTT-1,-4.6320643,6.3756685,s1d3
TTCTAACTCGTGGGAA-1,10.554543,10.044818,s1d3
TTCTAACTCTATGTGG-1,12.303651,14.511722,s1d3
TTCTAGTAGCATCTTG-1,15.477536,8.415015,s1d3
TTCTAGTAGGTAGCAC-1,11.384904,7.189378,s1d3
TTCTAGTCAAATGGTA-1,3.2739704,4.5968432,s1d3
TTCTAGTCAAGACTGG-1,13.169441,13.432351,s1d3
TTCTAGTCACGGATCC-1,-1.4519495,4.48278,s1d3
TTCTAGTGTCGTTCAA-1,10.643249,6.9292192,s1d3
TTCTAGTTCATGAAAG-1,5.0218954,20.03838,s1d3
TTCTAGTTCGATTGAC-1,9.865104,12.114813,s1d3
TTCTAGTTCTCTCCGA-1,3.5025465,17.319637,s1d3
TTCTAGTTCTTGCAGA-1,3.9085186,15.254167,s1d3
TTCTCTCAGGGTAATT-1,13.624793,5.0832815,s1d3
TTCTCTCCACAACGCC-1,13.943797,10.736553,s1d3
TTCTCTCCAGCAGTAG-1,7.234432,3.085246,s1d3
TTCTCTCGTGATAGTA-1,11.923323,12.182481,s1d3
TTCTCTCTCAGCGTCG-1,-4.9962077,7.420249,s1d3
TTCTCTCTCCCTTGGT-1,-4.3112254,7.2599497,s1d3
TTCTCTCTCTAGACCA-1,-4.5934377,9.109331,s1d3
TTCTGTAAGAGTTGTA-1,11.390265,13.752341,s1d3
TTCTGTAAGCGGTAAC-1,2.5294826,14.301204,s1d3
TTCTGTAAGGTGGGTT-1,-5.4562097,7.7329364,s1d3
TTCTGTACACGTACAT-1,12.082391,10.945036,s1d3
TTCTGTACATTCAGGT-1,12.450422,10.782234,s1d3
TTCTGTAGTATGTCTG-1,3.452917,13.402519,s1d3
TTCTGTAGTTGCATGT-1,12.737784,13.627296,s1d3
TTCTGTAGTTTACACG-1,14.256819,9.783571,s1d3
TTCTGTATCCCTCTTT-1,12.561869,11.471887,s1d3
TTCTGTATCGTTGTGA-1,12.681989,13.883771,s1d3
TTCTTCCAGAGCCATG-1,8.596819,8.185393,s1d3
TTCTTCCAGTATGTAG-1,11.564266,13.948631,s1d3
TTCTTCCCAGCATTGT-1,13.314888,13.647484,s1d3
TTCTTCCGTATATGGA-1,14.176855,5.842506,s1d3
TTCTTCCGTCACTCTC-1,0.0609632,4.4266953,s1d3
TTCTTCCGTCTTACTT-1,13.51143,13.229312,s1d3
TTCTTCCGTTGACGGA-1,9.096343,7.031059,s1d3
TTCTTCCTCACCCATC-1,13.288319,7.1346993,s1d3
TTCTTCCTCCATCGTC-1,3.717943,13.501959,s1d3
TTCTTCCTCTGCACCT-1,-4.718401,7.3289537,s1d3
TTCTTGAAGCACTAGG-1,11.45863,8.17529,s1d3
TTCTTGACAGCTAACT-1,-4.2960725,6.261673,s1d3
TTCTTGACAGGGTCTC-1,-1.006706,3.8365629,s1d3
TTCTTGAGTACTGAGG-1,12.978797,7.708671,s1d3
TTCTTGAGTTCTGACA-1,12.26143,13.571914,s1d3
TTCTTGATCAACTGGT-1,13.367131,9.757462,s1d3
TTCTTGATCATATGGC-1,13.599966,12.868758,s1d3
TTGAACGAGAGTTCGG-1,-3.4495466,9.241146,s1d3
TTGAACGAGCGAAACC-1,4.1357074,13.901655,s1d3
TTGAACGAGCGTTACT-1,12.764835,12.59628,s1d3
TTGAACGAGCTTCGTA-1,11.615493,14.5115795,s1d3
TTGAACGAGGATTTCC-1,4.993776,-3.6274714,s1d3
TTGAACGAGGCACTCC-1,-4.9322658,7.7204065,s1d3
TTGAACGCAATTGCAC-1,13.807386,9.489043,s1d3
TTGAACGCATAGACTC-1,13.548482,9.19694,s1d3
TTGAACGGTGTTCATG-1,2.6697705,14.462527,s1d3
TTGAACGGTTACGTAC-1,5.863321,-0.6621309,s1d3
TTGAACGGTTGGGACA-1,11.774472,8.392152,s1d3
TTGAACGTCAAGTTGC-1,-4.178642,6.902753,s1d3
TTGACCCAGAGCATAT-1,13.336559,5.49451,s1d3
TTGACCCAGATAGTGT-1,13.534698,5.2761145,s1d3
TTGACCCAGCAGTACG-1,7.6765842,-1.1613721,s1d3
TTGACCCAGCCGATTT-1,14.233704,9.174537,s1d3
TTGACCCAGCCTCTTC-1,11.994228,6.3563867,s1d3
TTGACCCAGCTGCCTG-1,4.0754256,16.024923,s1d3
TTGACCCAGTCTCGTA-1,11.807722,10.485577,s1d3
TTGACCCAGTGGACGT-1,12.289444,11.546317,s1d3
TTGACCCCAGCTGTCG-1,10.415337,12.073417,s1d3
TTGACCCCATCTCGTC-1,13.398232,6.7469797,s1d3
TTGACCCGTCTACAGT-1,10.1151705,5.6558895,s1d3
TTGACCCTCAGACATC-1,2.7526858,14.600046,s1d3
TTGACCCTCATTTCCA-1,14.156187,9.385285,s1d3
TTGACCCTCCTGTAGA-1,9.0994625,7.3996663,s1d3
TTGACCCTCGTGCACG-1,11.523266,14.00638,s1d3
TTGAGTGAGGATTCAA-1,11.986781,10.684748,s1d3
TTGAGTGAGTAATTGG-1,-3.764489,6.3461647,s1d3
TTGAGTGGTGGGCTCT-1,10.21697,7.837473,s1d3
TTGAGTGGTTCGTGCG-1,10.438832,12.583781,s1d3
TTGAGTGGTTCTCGTC-1,-5.0728946,11.263803,s1d3
TTGAGTGTCAGTGTGT-1,8.13602,-1.0034575,s1d3
TTGAGTGTCATTCGTT-1,11.229853,12.627972,s1d3
TTGAGTGTCCACCTCA-1,13.133167,5.2826533,s1d3
TTGAGTGTCCATCTGC-1,11.5139,12.797869,s1d3
TTGAGTGTCCATTGTT-1,13.219647,12.723941,s1d3
TTGAGTGTCCCATTCG-1,10.263874,6.0777335,s1d3
TTGAGTGTCCTACGGG-1,-3.1487453,9.613244,s1d3
TTGAGTGTCGTACACA-1,2.6697867,17.941387,s1d3
TTGAGTGTCTCAACGA-1,9.806356,5.544982,s1d3
TTGAGTGTCTCCACTG-1,12.144511,9.146197,s1d3
TTGATGGAGACGGAAA-1,11.7526,10.540341,s1d3
TTGATGGAGCAGCCTC-1,11.182671,12.159608,s1d3
TTGATGGAGCCGAACA-1,12.8054285,11.683873,s1d3
TTGATGGAGGATGGCT-1,-6.0647054,8.448503,s1d3
TTGATGGAGGCTGAAC-1,-3.4819562,9.415957,s1d3
TTGATGGAGTCGCGAA-1,12.243593,13.15625,s1d3
TTGATGGCAAGCGAGT-1,13.323303,9.97828,s1d3
TTGATGGCAAGGCCTC-1,12.648741,7.4161344,s1d3
TTGATGGCAGAGGCTA-1,4.120397,13.652709,s1d3
TTGATGGCATATACCG-1,11.01815,14.017932,s1d3
TTGATGGCATGTACGT-1,13.883897,6.962117,s1d3
TTGATGGGTCTACAGT-1,16.317862,9.206433,s1d3
TTGATGGTCCTCTTTC-1,10.913587,11.800085,s1d3
TTGCATTAGACATACA-1,-4.4968367,10.847985,s1d3
TTGCATTAGGAAGAAC-1,-5.247166,8.506457,s1d3
TTGCATTAGGAAGTAG-1,-5.141797,7.9715967,s1d3
TTGCATTCAGCTACTA-1,4.984766,19.669807,s1d3
TTGCATTTCACCATAG-1,10.935272,6.63956,s1d3
TTGCATTTCCCGGTAG-1,8.388537,7.719715,s1d3
TTGCATTTCGCGAAGA-1,2.9156742,7.793212,s1d3
TTGCCTGAGAGTTGTA-1,-5.84181,8.454373,s1d3
TTGCCTGAGCAGGCTA-1,10.25958,7.1176257,s1d3
TTGCCTGCAAGGGTCA-1,1.8207655,7.684754,s1d3
TTGCCTGCAGACCAGA-1,13.325266,12.266273,s1d3
TTGCCTGGTTGTGTTG-1,10.105348,11.5949,s1d3
TTGCCTGTCAAGAGGC-1,10.350698,11.603944,s1d3
TTGCCTGTCGGACCAC-1,11.641632,10.229315,s1d3
TTGCGTCAGACAGCTG-1,11.278576,12.903929,s1d3
TTGCGTCAGCTTCGTA-1,-5.679338,9.926215,s1d3
TTGCGTCAGGAAGTAG-1,6.288336,5.101234,s1d3
TTGCGTCAGTTAGAAC-1,16.904652,4.997251,s1d3
TTGCGTCCAACTGCTA-1,1.929892,6.850274,s1d3
TTGCGTCCACTGTTCC-1,10.083877,12.825369,s1d3
TTGCGTCCATTAAGCC-1,1.9879746,7.35942,s1d3
TTGCGTCGTCCTACAA-1,-5.287239,7.7438526,s1d3
TTGCGTCGTCTGATCA-1,5.9559197,-0.8784539,s1d3
TTGCGTCGTTATAGAG-1,16.133974,8.491401,s1d3
TTGCGTCTCAGGGTAG-1,10.821177,7.2869487,s1d3
TTGCGTCTCTCCGATC-1,13.453195,13.421054,s1d3
TTGCTGCAGAAGCCAC-1,8.977249,7.7229733,s1d3
TTGCTGCAGACACACG-1,-4.548092,10.377777,s1d3
TTGCTGCAGCAATTAG-1,2.1957178,16.357658,s1d3
TTGCTGCAGCGACAGT-1,11.921527,9.100963,s1d3
TTGCTGCCAAGTCGTT-1,11.935279,12.492334,s1d3
TTGCTGCTCATTACTC-1,8.957318,7.294912,s1d3
TTGGATGAGACTTCAC-1,-3.3401575,9.468985,s1d3
TTGGATGAGAGATCGC-1,2.5530941,14.893211,s1d3
TTGGATGAGAGTCCGA-1,9.874469,12.232509,s1d3
TTGGATGAGCATACTC-1,10.655316,14.146055,s1d3
TTGGATGAGCTTAAGA-1,8.214641,-3.1915576,s1d3
TTGGATGCACCGAATT-1,13.3357115,12.621442,s1d3
TTGGATGCATCTCGTC-1,5.921317,5.082239,s1d3
TTGGATGGTAATCAGA-1,11.440653,12.208395,s1d3
TTGGATGGTTGACTGT-1,-3.501972,9.150076,s1d3
TTGGATGTCGCATAGT-1,11.986313,12.608673,s1d3
TTGGGATAGAAATTGC-1,3.9238563,5.8929176,s1d3
TTGGGATAGGTAGTCG-1,4.876938,19.769186,s1d3
TTGGGATCACAAGTGG-1,4.057172,15.370941,s1d3
TTGGGATCAGCATGCC-1,-4.65324,7.877188,s1d3
TTGGGATCATTGACTG-1,-1.5212319,6.4008145,s1d3
TTGGGATGTACGATCT-1,-3.5199718,7.1336455,s1d3
TTGGGATGTCCGAAAG-1,5.889448,6.602847,s1d3
TTGGGATTCGCACTCT-1,11.466843,7.7940392,s1d3
TTGGGATTCGCTCTCA-1,3.918961,15.124527,s1d3
TTGGGCGAGGACAAGA-1,11.271139,7.822346,s1d3
TTGGGCGCAGATACTC-1,-4.9211063,10.364045,s1d3
TTGGGCGGTGCCGTTG-1,12.789003,13.899115,s1d3
TTGGGCGGTGGATTTC-1,11.401187,11.451883,s1d3
TTGGGCGTCCTAAGTG-1,10.4552145,12.920915,s1d3
TTGGGCGTCTGGTCAA-1,11.888275,14.191281,s1d3
TTGGGTAAGCTCGACC-1,11.100927,5.9084,s1d3
TTGGGTACACCCTATC-1,1.9621605,6.9724607,s1d3
TTGGGTACAGGAATAT-1,11.557557,12.392463,s1d3
TTGGGTAGTCACTTAG-1,12.266857,11.433132,s1d3
TTGGGTAGTTCTCAGA-1,10.36153,13.369596,s1d3
TTGGGTATCGTGTGGC-1,10.605033,6.0346546,s1d3
TTGGGTATCTCTGCTG-1,9.96729,6.187848,s1d3
TTGGTTTAGACATATG-1,6.174237,4.948189,s1d3
TTGGTTTAGCGTCTCG-1,13.152387,12.857041,s1d3
TTGGTTTAGTCTACCA-1,5.465512,-3.7542746,s1d3
TTGGTTTAGTGGCAGT-1,-5.409746,8.380361,s1d3
TTGGTTTGTAAGCTCT-1,2.7605178,16.507208,s1d3
TTGGTTTGTTCCTAAG-1,-1.773725,4.412486,s1d3
TTGTGGACACGCAAAG-1,11.953551,10.96162,s1d3
TTGTGGAGTGCCGTTG-1,17.005716,8.584732,s1d3
TTGTGGATCAGACAAA-1,-4.3573713,8.114227,s1d3
TTGTGGATCGTAGTGT-1,1.8907691,17.539482,s1d3
TTGTGGATCTTCTGTA-1,13.001847,12.809942,s1d3
TTGTGTTAGAGTATAC-1,14.276109,5.3673406,s1d3
TTGTGTTCAGCTGGTC-1,9.924579,11.636826,s1d3
TTGTTCAAGAGAGCCT-1,11.000102,13.273232,s1d3
TTGTTCAAGCTGTTCA-1,11.10514,12.762761,s1d3
TTGTTCAAGTACAGAT-1,5.280174,-5.2392077,s1d3
TTGTTCACATGGCTAT-1,3.6232119,14.245509,s1d3
TTGTTCAGTAGATTAG-1,12.207577,6.4722123,s1d3
TTGTTCAGTCAAAGCG-1,11.121148,8.73401,s1d3
TTGTTCAGTCAGATTC-1,12.813055,11.521926,s1d3
TTGTTCAGTCCTCCTA-1,11.701667,10.975151,s1d3
TTGTTCAGTTGGTACT-1,16.965996,4.680678,s1d3
TTGTTCATCAGGACGA-1,11.76191,12.651221,s1d3
TTGTTCATCCCAGGAC-1,10.910642,9.05041,s1d3
TTGTTCATCGTGCTCT-1,11.155295,-0.90256923,s1d3
TTGTTCATCGTTATCT-1,7.237918,3.3635716,s1d3
TTGTTGTAGACCGTTT-1,4.2699738,20.286606,s1d3
TTGTTGTCACTACGGC-1,10.36858,6.6730075,s1d3
TTGTTGTGTATGCGGA-1,-0.71493554,4.8167853,s1d3
TTGTTGTGTCATCGGC-1,9.7808275,13.299365,s1d3
TTGTTGTGTCTTACAG-1,-0.61332816,5.579507,s1d3
TTGTTGTGTTGAAGTA-1,10.222711,12.568778,s1d3
TTGTTGTTCGAGTCTA-1,10.244726,7.620332,s1d3
TTGTTGTTCGTTCCCA-1,10.482648,6.4708705,s1d3
TTGTTGTTCTAAGCGT-1,6.3038793,-3.5577555,s1d3
TTGTTTGAGATGAAGG-1,-4.1734357,9.748534,s1d3
TTGTTTGAGCGGACAT-1,11.555929,11.707328,s1d3
TTGTTTGAGGTACTGG-1,11.102045,10.377755,s1d3
TTGTTTGAGTGCACCC-1,6.687736,3.3640754,s1d3
TTGTTTGCACGACGTC-1,11.902662,8.194785,s1d3
TTGTTTGCACTATCCC-1,12.915451,13.183127,s1d3
TTGTTTGCAGCACCCA-1,3.5316799,17.844412,s1d3
TTGTTTGCAGCCGTCA-1,2.4038057,15.490989,s1d3
TTGTTTGGTGAGTGAC-1,11.485652,13.331864,s1d3
TTGTTTGGTGATGGCA-1,12.111033,10.27702,s1d3
TTGTTTGGTGTCACAT-1,5.158333,18.704227,s1d3
TTGTTTGGTTCAGCTA-1,6.7669845,-5.4681716,s1d3
TTGTTTGTCACGGGCT-1,2.8178382,8.273756,s1d3
TTGTTTGTCAGGGTAG-1,-5.273766,8.490405,s1d3
TTTACCAAGAGCCCAA-1,13.564118,12.551162,s1d3
TTTACCAAGAGGGCGA-1,6.163628,4.8283186,s1d3
TTTACCAAGTTCATGC-1,-5.3480587,12.092524,s1d3
TTTACCACAACCGGAA-1,11.555499,9.518694,s1d3
TTTACCACATACCAGT-1,14.325652,6.400816,s1d3
TTTACCAGTACAAACA-1,11.819182,8.330269,s1d3
TTTACCATCGAGTACT-1,6.906098,17.963997,s1d3
TTTACGTAGATCACTC-1,-4.9797716,6.690505,s1d3
TTTACGTAGCGGGTAT-1,-4.7425456,8.239207,s1d3
TTTACGTAGGGTGAAA-1,10.775096,8.633416,s1d3
TTTACGTCAGAGTAAT-1,13.622201,5.3017325,s1d3
TTTACGTCAGCTATAC-1,12.663897,9.743898,s1d3
TTTACGTGTAACCAGG-1,9.512071,-4.4037,s1d3
TTTACGTGTGTATTCG-1,10.851489,12.174182,s1d3
TTTACTGAGACTAGAT-1,11.595492,11.246859,s1d3
TTTACTGAGTTAACAG-1,8.5144,7.5581326,s1d3
TTTACTGCACAGTATC-1,5.9603724,6.563613,s1d3
TTTACTGGTACGATCT-1,-3.5638232,8.463304,s1d3
TTTACTGGTAGGCAAC-1,11.28572,13.034951,s1d3
TTTACTGTCCATCTCG-1,8.234935,7.5076675,s1d3
TTTAGTCAGACATCCT-1,5.2741933,18.177181,s1d3
TTTAGTCCACCGGTCA-1,10.429539,11.359783,s1d3
TTTAGTCCAGAATCGG-1,11.400452,12.896424,s1d3
TTTAGTCCAGCCTACG-1,-1.5844632,6.9059343,s1d3
TTTAGTCCATACCATG-1,9.745114,-4.565215,s1d3
TTTAGTCGTACAGTTC-1,5.966072,16.953321,s1d3
TTTAGTCTCCTCGATC-1,14.036861,7.403334,s1d3
TTTAGTCTCTGATGGT-1,13.083665,13.621377,s1d3
TTTATGCAGCATCGAG-1,3.206292,7.175913,s1d3
TTTATGCAGCGAGTCA-1,6.1744623,-2.9725902,s1d3
TTTATGCAGTAGAGTT-1,6.2763577,6.5703917,s1d3
TTTATGCAGTAGGGTC-1,-5.0305934,8.091559,s1d3
TTTATGCCACACACTA-1,14.094324,8.436876,s1d3
TTTATGCCACCTAAAC-1,5.0583644,19.621096,s1d3
TTTATGCGTCAACACT-1,1.4374814,7.45436,s1d3
TTTATGCGTCCGGACT-1,2.2417915,18.045996,s1d3
TTTATGCGTCGACTGC-1,14.567236,6.5996847,s1d3
TTTATGCGTGGGACAT-1,3.1569567,17.825933,s1d3
TTTATGCGTTGTACGT-1,11.786546,7.782065,s1d3
TTTATGCGTTTCCAAG-1,-4.2494044,6.7516403,s1d3
TTTATGCTCGAGAGAC-1,15.011908,8.348555,s1d3
TTTATGCTCTCTGCCA-1,3.9212532,14.721165,s1d3
TTTATGCTCTGCGGGT-1,7.2235823,0.5184488,s1d3
TTTCACAAGATGGCAC-1,10.741439,12.215197,s1d3
TTTCACAAGTGCAACG-1,12.137998,13.529083,s1d3
TTTCACAAGTGGAATT-1,5.5339317,-2.7925444,s1d3
TTTCACACAACTTGGT-1,4.302921,20.327736,s1d3
TTTCACACACAGTCCG-1,-3.801492,9.118696,s1d3
TTTCACAGTCAAGGCA-1,4.2613425,18.966713,s1d3
TTTCACATCACATTGG-1,14.992169,8.335265,s1d3
TTTCACATCTACGGTA-1,-4.4454846,7.267145,s1d3
TTTCAGTAGTCTAACC-1,11.116641,6.0421042,s1d3
TTTCAGTAGTTTGAGA-1,5.2482753,18.48254,s1d3
TTTCAGTCAATCGCGC-1,12.097787,8.685779,s1d3
TTTCAGTGTAGCACAG-1,-4.7880354,6.145,s1d3
TTTCAGTGTCATGCAT-1,15.004186,9.428312,s1d3
TTTCAGTGTGCAGATG-1,-3.639854,8.273896,s1d3
TTTCAGTGTGGCTGAA-1,11.912322,11.782257,s1d3
TTTCAGTTCCAGCACG-1,13.19661,13.52656,s1d3
TTTCATGCATTGCTTT-1,11.2813635,10.977053,s1d3
TTTCATGGTACTGTTG-1,12.233676,11.657821,s1d3
TTTCATGGTCGCGTTG-1,11.87809,10.379615,s1d3
TTTCATGGTCTGGTTA-1,5.458036,-3.9607716,s1d3
TTTCATGGTCTGTTAG-1,4.3869705,19.012918,s1d3
TTTCATGGTGAGTTGG-1,10.023702,10.826287,s1d3
TTTCATGTCATCACCC-1,-1.0362295,3.4161048,s1d3
TTTCATGTCATGCCAA-1,12.617101,10.320566,s1d3
TTTCATGTCGAGCCTG-1,12.361147,8.7280445,s1d3
TTTCATGTCGCTACAA-1,3.919001,13.630705,s1d3
TTTCATGTCGTCCATC-1,16.578922,8.724881,s1d3
TTTCCTCAGCGAAACC-1,12.888067,14.313184,s1d3
TTTCCTCAGGCGATAC-1,10.6631365,12.230498,s1d3
TTTCCTCAGGCTCCCA-1,12.669874,6.4268503,s1d3
TTTCCTCAGTCGTTAC-1,5.6488914,16.322762,s1d3
TTTCCTCCACGGATCC-1,16.603075,4.6654534,s1d3
TTTCCTCCATGGAACG-1,10.533652,12.034749,s1d3
TTTCCTCGTCGACGCT-1,12.787167,11.319089,s1d3
TTTCCTCTCGAGCACC-1,16.79349,6.280715,s1d3
TTTCGATAGGTCCTGC-1,11.771775,8.422075,s1d3
TTTCGATAGTCACTGT-1,11.44348,9.683253,s1d3
TTTCGATAGTGATGGC-1,5.7075143,5.0677633,s1d3
TTTCGATCACACGGAA-1,10.531818,13.242926,s1d3
TTTCGATCACAGAGAC-1,13.25954,10.187626,s1d3
TTTCGATCATCCTATT-1,8.753937,7.3861294,s1d3
TTTCGATGTAGCGTCC-1,11.927794,11.3211,s1d3
TTTCGATTCAGCACCG-1,12.755017,9.819057,s1d3
TTTCGATTCATCACTT-1,5.0826197,-3.7099247,s1d3
TTTCGATTCGCCAGTG-1,8.985467,1.2200296,s1d3
TTTCGATTCTAGAGCT-1,-4.7704453,6.611632,s1d3
TTTCGATTCTCCATAT-1,7.5511274,-2.2931032,s1d3
TTTGACTAGATCCCAT-1,8.544389,7.465348,s1d3
TTTGACTAGATGTTGA-1,2.2827122,5.337968,s1d3
TTTGACTAGTAGGAAG-1,10.349783,11.863882,s1d3
TTTGACTCACCGAATT-1,5.8432684,18.987568,s1d3
TTTGACTCACTTACAG-1,13.372131,7.0212035,s1d3
TTTGACTCATGTGTCA-1,11.333324,8.1301155,s1d3
TTTGACTGTGGAACAC-1,11.786361,11.137199,s1d3
TTTGACTGTGTAGCAG-1,10.607484,11.784139,s1d3
TTTGACTTCTCGGCTT-1,11.205014,11.786018,s1d3
TTTGACTTCTTTCGAT-1,12.543139,11.276685,s1d3
TTTGATCCAGGTAGTG-1,9.797134,11.766368,s1d3
TTTGATCGTACGTTCA-1,9.696581,-0.748073,s1d3
TTTGATCGTCGAGTGA-1,3.7683792,13.355484,s1d3
TTTGATCTCAAACGTC-1,-4.742796,10.5255995,s1d3
TTTGATCTCATTGCTT-1,-4.4666247,6.868887,s1d3
TTTGGAGAGCACCGTC-1,-3.9162755,6.7927375,s1d3
TTTGGAGCAAACTGCT-1,12.554129,12.83029,s1d3
TTTGGAGTCCCTATTA-1,10.066938,6.63076,s1d3
TTTGGTTAGAACTCCT-1,11.218441,11.8116045,s1d3
TTTGGTTAGTGGTCAG-1,12.655773,7.2943726,s1d3
TTTGGTTAGTTAACAG-1,10.260949,13.498447,s1d3
TTTGGTTCACATTACG-1,13.14901,13.3694725,s1d3
TTTGGTTCATGACGGA-1,3.5397415,13.91253,s1d3
TTTGGTTCATGTTACG-1,6.117577,-2.9033062,s1d3
TTTGGTTGTCTCACAA-1,1.6809711,6.864609,s1d3
TTTGGTTTCCCATTCG-1,8.815953,2.3106847,s1d3
TTTGGTTTCCGTCCTA-1,11.320202,11.782294,s1d3
TTTGGTTTCTTGCGCT-1,11.071727,5.282289,s1d3
TTTGTTGAGAGTCTGG-1,11.159416,5.127706,s1d3
TTTGTTGCAGACAATA-1,6.5312977,0.21961345,s1d3
TTTGTTGCATGTTACG-1,2.6380858,7.6667013,s1d3
TTTGTTGGTAGTCACT-1,11.043242,7.3805537,s1d3
TTTGTTGTCGCGCTGA-1,10.79143,12.872109,s1d3
