,UMAP1,UMAP2,samples
AAACCCAAGGATGGCT-1,10.871283,9.116476,s1d1
AAACCCAAGGCCTAGA-1,7.8730903,-3.383662,s1d1
AAACCCAAGTGAGTGC-1,5.11598,18.656256,s1d1
AAACCCACAAGAGGCT-1,11.997148,-1.5025376,s1d1
AAACCCACATCGTGGC-1,15.343475,8.147753,s1d1
AAACCCACATTCTCTA-1,5.550703,19.00335,s1d1
AAACCCAGTCCGCAGT-1,-4.4731884,8.242192,s1d1
AAACCCAGTGCATACT-1,12.561251,8.085191,s1d1
AAACCCAGTTGACGGA-1,14.40444,6.5396447,s1d1
AAACCCATCGATACTG-1,14.22756,5.776012,s1d1
AAACCCATCGGAGCAA-1,8.163751,7.8030815,s1d1
AAACGAAAGCAATTCC-1,11.276147,7.8726153,s1d1
AAACGAAAGCTCCACG-1,11.647246,0.8740742,s1d1
AAACGAACAAGAATAC-1,6.3534904,20.538916,s1d1
AAACGAACACAGGATG-1,6.064252,11.570348,s1d1
AAACGAACATCGCTGG-1,7.664087,-3.2933927,s1d1
AAACGAAGTAAGTTAG-1,4.134052,16.94205,s1d1
AAACGAAGTCCACTTC-1,10.96442,7.4342027,s1d1
AAACGAAGTCTCACAA-1,11.803424,10.401196,s1d1
AAACGAAGTGGTCTAT-1,15.54588,7.616268,s1d1
AAACGAAGTTTGCAGT-1,2.3942277,2.529397,s1d1
AAACGAATCCCTTGGT-1,9.719199,9.008064,s1d1
AAACGAATCGCTCCTA-1,10.74981,7.9586244,s1d1
AAACGAATCGTGCACG-1,9.315205,17.481596,s1d1
AAACGCTAGAAGTCAT-1,11.389971,9.143244,s1d1
AAACGCTAGAGCCTGA-1,8.971054,6.4951954,s1d1
AAACGCTAGAGGTCGT-1,8.891336,8.458946,s1d1
AAACGCTAGGCAGTCA-1,8.016907,-4.8720284,s1d1
AAACGCTAGTAGAGTT-1,12.047263,-1.6198092,s1d1
AAACGCTAGTCAGAGC-1,12.050482,-1.5517035,s1d1
AAACGCTCAAGAATGT-1,11.386512,-0.33249986,s1d1
AAACGCTCAAGCCTGC-1,11.375921,8.932453,s1d1
AAACGCTCATGCAGGA-1,9.806973,-4.2289824,s1d1
AAACGCTGTACTTGTG-1,11.5804,10.054816,s1d1
AAACGCTGTCTCTCAC-1,10.859983,9.021061,s1d1
AAACGCTGTGACTATC-1,12.376571,0.87253654,s1d1
AAACGCTGTTCGGTAT-1,3.122309,19.979717,s1d1
AAACGCTTCACCTACC-1,11.97099,10.175056,s1d1
AAACGCTTCACTACTT-1,8.661207,-3.3463478,s1d1
AAACGCTTCACTAGCA-1,10.0532465,6.5387673,s1d1
AAACGCTTCATCTATC-1,13.906615,3.5952897,s1d1
AAACGCTTCATGGATC-1,5.7724867,17.92075,s1d1
AAAGAACAGCGGATCA-1,13.688609,6.865501,s1d1
AAAGAACAGCTCCCTT-1,9.425349,9.218619,s1d1
AAAGAACAGGGACTGT-1,15.31134,9.954857,s1d1
AAAGAACCATCAGTCA-1,12.179501,11.918894,s1d1
AAAGAACGTGCTGCAC-1,6.685482,19.72346,s1d1
AAAGAACGTTACCCTC-1,15.06569,7.4320035,s1d1
AAAGGATAGTGGAAGA-1,5.095101,17.896612,s1d1
AAAGGATCACGTCGGT-1,3.2994814,20.64705,s1d1
AAAGGATCATTCTGTT-1,15.177267,6.3932943,s1d1
AAAGGATGTATATGGA-1,7.2100973,-3.0534537,s1d1
AAAGGATGTTCCCAAA-1,11.15705,12.872466,s1d1
AAAGGATGTTGAGGAC-1,11.227238,13.422938,s1d1
AAAGGATGTTTCAGAC-1,3.3418612,1.9039816,s1d1
AAAGGATTCCCATGGG-1,-1.0500301,7.4896355,s1d1
AAAGGATTCTACGGGC-1,10.971301,8.657388,s1d1
AAAGGGCAGGACGGAG-1,9.125435,-5.0941577,s1d1
AAAGGGCAGGCACGAT-1,6.5096345,20.08483,s1d1
AAAGGGCAGTTTCAGC-1,-3.691027,9.631514,s1d1
AAAGGGCGTAACGTTC-1,-4.5834537,11.147156,s1d1
AAAGGGCGTCATGGCC-1,12.594975,7.1418858,s1d1
AAAGGGCGTCCACGCA-1,6.542811,11.332571,s1d1
AAAGGGCGTGTCGCTG-1,2.2217717,15.592822,s1d1
AAAGGGCTCACTGGTA-1,-3.244595,9.613799,s1d1
AAAGGTAAGTCAGGGT-1,9.905934,-5.530507,s1d1
AAAGGTACAACTCATG-1,2.2576895,2.1710184,s1d1
AAAGGTACAATGAACA-1,13.580459,6.9787936,s1d1
AAAGGTACACCGAATT-1,10.964585,-1.1196152,s1d1
AAAGGTAGTAGTGCGA-1,10.812304,7.660053,s1d1
AAAGGTATCAAGTAAG-1,7.264583,20.280367,s1d1
AAAGGTATCGAGAGCA-1,-3.2368298,12.492554,s1d1
AAAGTCCAGAATCTAG-1,7.152862,11.701632,s1d1
AAAGTCCAGCACGTCC-1,-5.019851,8.096668,s1d1
AAAGTCCAGCGAATGC-1,12.459853,6.6948347,s1d1
AAAGTCCAGGGCAACT-1,13.04401,6.2372475,s1d1
AAAGTCCGTACGATCT-1,-4.5920734,8.476104,s1d1
AAAGTCCGTACTCAAC-1,-3.738668,8.281822,s1d1
AAAGTCCGTAGACAAT-1,11.159079,13.736691,s1d1
AAAGTCCGTCAACCAT-1,3.7293804,20.110474,s1d1
AAAGTCCGTTATCTGG-1,12.141568,0.720838,s1d1
AAAGTCCTCTGTCCCA-1,6.2895823,11.139676,s1d1
AAAGTCCTCTTGCAAG-1,11.158363,14.107266,s1d1
AAAGTGAAGAAGGGAT-1,10.805717,8.789833,s1d1
AAAGTGACAACACGTT-1,1.0751522,3.0457711,s1d1
AAAGTGACATATCTCT-1,12.908879,3.2493372,s1d1
AAAGTGACATATGGCT-1,11.94152,1.6039892,s1d1
AAAGTGAGTAACGCGA-1,8.104342,-5.323348,s1d1
AAAGTGAGTCGTACTA-1,7.811061,-5.2870255,s1d1
AAAGTGAGTTTCCCAC-1,7.2963557,-4.2361927,s1d1
AAAGTGAGTTTCGTGA-1,9.471167,8.757347,s1d1
AAATGGAAGAGCCATG-1,6.0725126,20.200085,s1d1
AAATGGAAGCAGGCAT-1,14.50573,6.214857,s1d1
AAATGGAAGCCATTCA-1,10.946208,13.280541,s1d1
AAATGGACATAAGCAA-1,7.957118,-5.4452434,s1d1
AAATGGAGTTCTAAGC-1,14.932936,7.3326044,s1d1
AAATGGATCATCTACT-1,10.756836,7.9653845,s1d1
AAATGGATCCTTATCA-1,13.609073,7.622385,s1d1
AAATGGATCGCCTCTA-1,3.3036435,19.864944,s1d1
AAATGGATCTTGTGCC-1,-0.92465186,4.426316,s1d1
AACAAAGCACGACGAA-1,3.3640668,20.49504,s1d1
AACAAAGCATCTCCCA-1,13.349018,6.790153,s1d1
AACAAAGGTACCGCGT-1,2.5762377,1.1646761,s1d1
AACAAAGGTACCTGTA-1,-0.79238135,5.5162835,s1d1
AACAAAGGTATGCGTT-1,7.025684,18.736576,s1d1
AACAAAGGTGTTCCAA-1,11.593251,1.155346,s1d1
AACAAAGGTTCAGTAC-1,1.0655588,2.2733393,s1d1
AACAAAGTCCGTACGG-1,3.612135,20.333866,s1d1
AACAAAGTCCTACGAA-1,11.148461,17.347977,s1d1
AACAACCAGAAGCCAC-1,9.439593,6.8295755,s1d1
AACAACCAGACGAAGA-1,13.527699,4.161737,s1d1
AACAACCAGAGAATCT-1,-0.73970443,5.6518383,s1d1
AACAACCAGTTCTACG-1,10.007248,9.424355,s1d1
AACAACCAGTTGTAAG-1,10.025822,-0.76353997,s1d1
AACAACCCACAAATCC-1,11.36533,0.5946799,s1d1
AACAACCCATGGCTAT-1,-0.14340445,3.8055816,s1d1
AACAACCCATTGCCTC-1,14.613863,6.1131625,s1d1
AACAACCGTACTGAGG-1,7.2107997,19.928617,s1d1
AACAACCGTTCTTGCC-1,10.52557,8.185368,s1d1
AACAACCGTTTCGGCG-1,8.134467,7.6184044,s1d1
AACAACCTCGGTCAGC-1,11.886325,10.256536,s1d1
AACAACCTCTTACGGA-1,13.39929,7.691913,s1d1
AACAAGAAGCCGTTAT-1,5.724271,20.565943,s1d1
AACAAGACAACTCCCT-1,14.475946,7.226361,s1d1
AACAAGACACCGTGAC-1,13.3386545,7.204841,s1d1
AACAAGACACGACGAA-1,9.054238,-5.7805786,s1d1
AACAAGAGTAGTTACC-1,12.266562,6.4133997,s1d1
AACAAGAGTCATCCCT-1,-4.6252236,9.1679,s1d1
AACAAGATCATTCTTG-1,11.734565,1.075945,s1d1
AACACACAGGTCCCGT-1,2.7734594,20.565035,s1d1
AACACACAGTAATCCC-1,3.7638838,4.0281973,s1d1
AACACACTCACTACGA-1,10.75327,8.869818,s1d1
AACACACTCATTGCGA-1,14.929906,6.2435856,s1d1
AACACACTCCCAAGTA-1,10.08535,9.4946165,s1d1
AACACACTCCGACAGC-1,3.4986513,20.157328,s1d1
AACACACTCCTCATAT-1,5.977978,20.424486,s1d1
AACACACTCCTGGCTT-1,6.3444204,20.184914,s1d1
AACAGGGAGCGAGAAA-1,9.701099,8.678502,s1d1
AACAGGGAGTTGGGAC-1,6.5313234,11.328986,s1d1
AACAGGGGTCAGACTT-1,9.972249,9.103737,s1d1
AACAGGGGTGCGTTTA-1,9.4546,-5.4106307,s1d1
AACAGGGGTGGTTTGT-1,11.550134,0.7944346,s1d1
AACAGGGTCCTAGCTC-1,10.593981,7.604458,s1d1
AACAGGGTCTGTGCAA-1,13.997944,4.2949457,s1d1
AACCAACAGCTAATGA-1,6.1445484,10.81087,s1d1
AACCAACCAAACACCT-1,12.571949,0.85895425,s1d1
AACCAACCACTCACTC-1,11.073808,8.70602,s1d1
AACCAACCAGATGCGA-1,8.669374,-4.787664,s1d1
AACCAACCAGCATTGT-1,7.6393375,-4.617266,s1d1
AACCAACGTACGGTTT-1,9.923199,8.792294,s1d1
AACCAACGTCTTAGTG-1,2.8093343,17.572975,s1d1
AACCAACGTTGCGGCT-1,13.028042,7.0765243,s1d1
AACCAACTCCTAGCTC-1,-4.0087023,7.60208,s1d1
AACCAACTCGATTGAC-1,-4.2366676,8.915003,s1d1
AACCACAAGAACTTCC-1,10.124438,8.670784,s1d1
AACCACAAGACTTGTC-1,1.3907807,1.4034593,s1d1
AACCACAAGTCAGCCC-1,3.287971,16.0736,s1d1
AACCACACACACGCCA-1,3.8264875,19.080976,s1d1
AACCACACACGGCCAT-1,4.233654,20.502209,s1d1
AACCACAGTTCAAAGA-1,12.560339,8.178411,s1d1
AACCACAGTTCGGCGT-1,-4.2594223,8.270078,s1d1
AACCACAGTTCGGCTG-1,4.6848426,20.785896,s1d1
AACCACAGTTGTGTAC-1,9.495555,2.9745512,s1d1
AACCACATCACGGACC-1,9.3968315,9.204244,s1d1
AACCACATCGACATTG-1,-1.2863615,4.985934,s1d1
AACCACATCTAAACGC-1,10.1024275,9.589116,s1d1
AACCACATCTTCCAGC-1,3.998621,20.189054,s1d1
AACCATGAGGCTCTCG-1,8.238129,-5.7161546,s1d1
AACCATGAGTAGGAAG-1,9.435334,8.278234,s1d1
AACCATGAGTTATGGA-1,5.353756,18.126265,s1d1
AACCATGCAGCCGTCA-1,8.427753,8.830475,s1d1
AACCATGGTTAAGTCC-1,15.0692215,8.735709,s1d1
AACCATGTCGGTCAGC-1,8.568836,8.331235,s1d1
AACCATGTCGTGTTCC-1,0.9000829,2.2475302,s1d1
AACCCAAAGCAATTCC-1,2.8645003,4.2362137,s1d1
AACCCAAAGCGCACAA-1,8.939129,-3.8566456,s1d1
AACCCAAAGCTGAAGC-1,11.454277,13.179686,s1d1
AACCCAAAGCTGTCCG-1,12.681127,8.107321,s1d1
AACCCAAAGTCAAGCG-1,8.305108,-5.0946174,s1d1
AACCCAACAAAGTGTA-1,12.266248,9.243348,s1d1
AACCCAACAGGTACGA-1,11.317197,10.148132,s1d1
AACCCAAGTCGCGTTG-1,6.0320935,10.810094,s1d1
AACCCAAGTCTCGGAC-1,11.780207,11.110751,s1d1
AACCCAAGTCTTGTCC-1,14.223036,5.7627463,s1d1
AACCCAAGTGGCAACA-1,9.575192,1.6635156,s1d1
AACCCAAGTTTGACAC-1,13.372025,7.4175606,s1d1
AACCCAATCATTACGG-1,12.719936,3.6059377,s1d1
AACCCAATCCCTATTA-1,11.691446,12.88107,s1d1
AACCTGAAGACGCAGT-1,7.1367087,20.696043,s1d1
AACCTGAAGGATGTTA-1,11.1138,14.159079,s1d1
AACCTGACACAGTACT-1,15.184932,9.252955,s1d1
AACCTGACACCAGACC-1,3.7637548,18.468737,s1d1
AACCTGACATGACGAG-1,11.12901,13.890399,s1d1
AACCTGAGTAGACTGG-1,13.142728,3.5293558,s1d1
AACCTGAGTGACACGA-1,15.413251,9.505075,s1d1
AACCTGAGTTGAGTCT-1,4.462229,1.956593,s1d1
AACCTGATCGATTGGT-1,2.6558583,19.372084,s1d1
AACCTTTAGGAACGTC-1,6.373384,20.782917,s1d1
AACCTTTAGTGAGCCA-1,10.832854,13.362454,s1d1
AACCTTTGTAGTCACT-1,8.718723,-3.607973,s1d1
AACCTTTGTGATTCTG-1,9.333016,-3.8689232,s1d1
AACCTTTGTTCGCGTG-1,8.731133,-5.793577,s1d1
AACCTTTGTTGTTTGG-1,13.12753,6.4564114,s1d1
AACCTTTTCGTTCTGC-1,12.424592,12.36701,s1d1
AACGAAAAGAGCTGCA-1,3.177371,4.7397656,s1d1
AACGAAACACATTGTG-1,6.6043177,20.086918,s1d1
AACGAAACAGATCATC-1,12.159334,4.879221,s1d1
AACGAAAGTACTGTTG-1,5.5013194,17.533213,s1d1
AACGAAAGTCAAAGCG-1,-3.9293911,9.611793,s1d1
AACGAAAGTGTACATC-1,3.357692,20.794312,s1d1
AACGAAATCACCGCTT-1,2.972301,18.32783,s1d1
AACGAAATCATTGTTC-1,2.7403996,3.9492316,s1d1
AACGAAATCTTGTGCC-1,7.383543,-4.40547,s1d1
AACGGGAAGAAGGCTC-1,13.737054,3.6221006,s1d1
AACGGGACAACAAAGT-1,7.779268,7.525135,s1d1
AACGGGACAAGTGCTT-1,5.8836107,19.461615,s1d1
AACGGGACACGGGCTT-1,7.31095,-4.179531,s1d1
AACGGGAGTGAATAAC-1,8.604289,-4.363578,s1d1
AACGGGAGTTAAGTCC-1,10.73458,2.8223138,s1d1
AACGGGAGTTGTTTGG-1,13.622135,5.0370893,s1d1
AACGGGATCCACGGGT-1,5.5439334,17.601057,s1d1
AACGGGATCTCGTTTA-1,11.945933,12.391878,s1d1
AACGTCAAGGATTTCC-1,12.601071,2.2933378,s1d1
AACGTCAAGGTAACTA-1,-0.18268006,3.250284,s1d1
AACGTCAAGTCAAGCG-1,-2.1131756,4.9632387,s1d1
AACGTCACAAACTCTG-1,13.1445055,4.381865,s1d1
AACGTCACACCAACAT-1,11.927126,10.464647,s1d1
AACGTCACAGGTCAAG-1,10.012999,-5.543319,s1d1
AACGTCAGTGGCCCAT-1,12.765995,6.9271283,s1d1
AACGTCAGTGGTAATA-1,13.137281,7.2527742,s1d1
AACGTCATCAAGTCGT-1,2.7194242,5.4191074,s1d1
AACGTCATCACCGGTG-1,4.939518,18.026215,s1d1
AACGTCATCCTAACAG-1,12.597221,12.482576,s1d1
AACGTCATCTTGATTC-1,11.449723,9.100495,s1d1
AACTTCTAGAAGTGTT-1,14.523898,6.235774,s1d1
AACTTCTAGTAGCAAT-1,1.5426298,1.7568946,s1d1
AACTTCTAGTGGTGGT-1,9.817028,8.570953,s1d1
AACTTCTCACATAACC-1,-4.443806,9.969547,s1d1
AACTTCTCACGTCGGT-1,9.921389,7.269421,s1d1
AACTTCTCACTGGATT-1,11.175094,-0.5320584,s1d1
AACTTCTCAGACTCTA-1,6.535782,1.801036,s1d1
AACTTCTGTCATCCCT-1,5.8078823,19.832077,s1d1
AACTTCTGTCCTTGTC-1,4.4265428,20.066505,s1d1
AACTTCTTCATGACAC-1,4.0690885,18.619192,s1d1
AACTTCTTCATTGCCC-1,2.1528919,2.9754527,s1d1
AACTTCTTCTATGTGG-1,-1.7927569,5.556871,s1d1
AACTTCTTCTATTTCG-1,10.429864,6.9652815,s1d1
AAGAACAAGCACCCAC-1,8.844743,-5.6644588,s1d1
AAGAACAAGCAGTAAT-1,7.1752625,1.6443293,s1d1
AAGAACAAGGGATCTG-1,12.026565,-1.5084032,s1d1
AAGAACACACAAAGCG-1,14.826999,6.7699947,s1d1
AAGAACAGTCTGTTAG-1,15.644148,8.703172,s1d1
AAGAACATCAAACTGC-1,7.988932,-1.884167,s1d1
AAGACAAAGACGAGCT-1,2.2196167,3.0523016,s1d1
AAGACAAAGCCACCGT-1,3.704446,20.676386,s1d1
AAGACAACACCAGTAT-1,11.701376,0.50201553,s1d1
AAGACAACACGGATCC-1,7.13374,-4.459715,s1d1
AAGACAACAGATCACT-1,9.937332,-4.5258737,s1d1
AAGACAACATGACACT-1,6.3928766,20.09909,s1d1
AAGACAACATTGCAAC-1,11.676559,13.045524,s1d1
AAGACAATCCTACACC-1,2.826289,19.503061,s1d1
AAGACAATCGATACTG-1,-0.11971558,3.7155087,s1d1
AAGACTCAGAATCCCT-1,13.757614,8.071886,s1d1
AAGACTCAGAATCTAG-1,3.838717,18.92754,s1d1
AAGACTCAGCGACTGA-1,12.212485,1.5688939,s1d1
AAGACTCAGGTAGGCT-1,11.943521,11.967128,s1d1
AAGACTCAGTGATAGT-1,-4.19791,11.727502,s1d1
AAGACTCCACCTGATA-1,6.040894,19.981771,s1d1
AAGACTCCATATACCG-1,2.4688327,4.05896,s1d1
AAGACTCGTAGCGTAG-1,13.848473,5.1470757,s1d1
AAGACTCGTCCGAAAG-1,10.985435,13.070129,s1d1
AAGACTCGTCGTCATA-1,15.460797,8.567982,s1d1
AAGACTCTCCAAGAGG-1,13.786277,4.353444,s1d1
AAGACTCTCCCGTGTT-1,6.47011,20.892324,s1d1
AAGACTCTCGATACTG-1,2.3726976,2.762112,s1d1
AAGACTCTCTCCCATG-1,13.246677,6.1920943,s1d1
AAGATAGAGCTACAAA-1,-4.46352,9.237365,s1d1
AAGATAGAGGAACGAA-1,13.759153,3.924169,s1d1
AAGATAGAGTAGACAT-1,13.928076,7.9833274,s1d1
AAGATAGAGTGGTGGT-1,3.6767411,20.788292,s1d1
AAGATAGCAAGCGCAA-1,12.548352,6.2154155,s1d1
AAGATAGCACCTGCAG-1,12.126321,11.525484,s1d1
AAGATAGCACGTTGGC-1,13.29153,7.193751,s1d1
AAGATAGCATACTTTC-1,9.593492,-2.0165756,s1d1
AAGATAGGTATGAAAC-1,10.079561,-0.729457,s1d1
AAGATAGTCCCGAGAC-1,14.785859,7.827402,s1d1
AAGATAGTCCTGTAAG-1,15.451564,8.907866,s1d1
AAGATAGTCGCACGGT-1,8.399504,12.474438,s1d1
AAGATAGTCTACAGGT-1,7.1649265,20.51824,s1d1
AAGCATCAGCCTTTCC-1,2.6052785,16.09924,s1d1
AAGCATCAGTAGTCCT-1,4.000654,17.99072,s1d1
AAGCATCTCAGCTTCC-1,3.9345024,18.277733,s1d1
AAGCATCTCCGTAATG-1,12.761331,7.778626,s1d1
AAGCCATAGCAGCCTC-1,3.6767998,5.7142296,s1d1
AAGCCATAGTCAGCGA-1,1.7692932,4.5238585,s1d1
AAGCCATAGTGGTGGT-1,9.111008,-4.382593,s1d1
AAGCCATAGTTCGGTT-1,12.969854,8.495438,s1d1
AAGCCATGTGAGTTTC-1,3.0740297,20.542957,s1d1
AAGCCATTCCCTGTTG-1,-0.047187794,5.7447896,s1d1
AAGCGAGAGACCATGG-1,15.683554,9.257851,s1d1
AAGCGAGAGTCCCTAA-1,10.70229,7.852614,s1d1
AAGCGAGAGTGCACAG-1,5.7912674,20.724258,s1d1
AAGCGAGCAACCGGAA-1,2.7952178,4.541373,s1d1
AAGCGAGCATCCGATA-1,13.682593,6.0471425,s1d1
AAGCGAGCATGCGGTC-1,11.875481,6.1711044,s1d1
AAGCGAGGTCGAGTTT-1,1.8524878,3.9595814,s1d1
AAGCGAGGTGTTCGTA-1,7.3386974,-3.0008996,s1d1
AAGCGTTAGAATAGTC-1,10.781517,10.3137,s1d1
AAGCGTTAGACTTCAC-1,-0.8361049,5.6693506,s1d1
AAGCGTTAGAGCGACT-1,9.194086,7.460202,s1d1
AAGCGTTAGAGCTGAC-1,11.35444,9.4287815,s1d1
AAGCGTTAGAGTTGAT-1,4.3453135,19.707283,s1d1
AAGCGTTAGGATTACA-1,3.3377602,20.558868,s1d1
AAGCGTTAGTAGAATC-1,13.424635,3.5271394,s1d1
AAGCGTTGTGTCGCTG-1,11.769506,0.7936868,s1d1
AAGCGTTTCGGCTATA-1,-3.4501548,9.593595,s1d1
AAGGAATCATATCTCT-1,12.853582,9.619838,s1d1
AAGGAATTCCCGTGAG-1,3.225169,20.899471,s1d1
AAGGTAAAGCCTCAGC-1,6.237005,10.747731,s1d1
AAGGTAACAATGAAAC-1,12.280376,-3.2409186,s1d1
AAGGTAACAGACAAGC-1,10.668764,14.020587,s1d1
AAGGTAAGTCACGTGC-1,7.1588764,20.420994,s1d1
AAGGTAATCCCTCGAT-1,3.456121,2.8473854,s1d1
AAGGTAATCCGACATA-1,7.5001707,2.9702992,s1d1
AAGTACCAGCTACGTT-1,8.879501,1.5586962,s1d1
AAGTACCAGGCCGCTT-1,2.807538,0.84722465,s1d1
AAGTACCAGGTACTGG-1,14.378716,6.8837657,s1d1
AAGTACCAGTTAGTGA-1,15.295066,8.433775,s1d1
AAGTACCCAACACACT-1,10.480355,8.730367,s1d1
AAGTACCCATTCGATG-1,9.910643,6.5865774,s1d1
AAGTACCGTCCGGTGT-1,4.2784305,4.1639457,s1d1
AAGTACCTCAGCTGTA-1,13.939549,6.0935044,s1d1
AAGTACCTCGCTCATC-1,12.453314,9.410761,s1d1
AAGTACCTCTGGGTCG-1,11.168118,10.4993515,s1d1
AAGTACCTCTGGTGGC-1,12.734024,7.808714,s1d1
AAGTCGTAGCAAATGT-1,7.923983,-5.174095,s1d1
AAGTCGTAGGTAACTA-1,13.174462,4.8666706,s1d1
AAGTCGTAGGTGCTGA-1,11.870581,10.267879,s1d1
AAGTCGTAGGTTAAAC-1,2.491457,16.70927,s1d1
AAGTCGTCAGAAGTGC-1,6.7069035,20.664362,s1d1
AAGTCGTCAGGAGGTT-1,12.79116,5.773411,s1d1
AAGTCGTTCACCGACG-1,6.2080264,18.511528,s1d1
AAGTCGTTCCTATTGT-1,8.096462,9.14691,s1d1
AAGTGAAAGTCAACAA-1,12.131656,1.321415,s1d1
AAGTGAACAGAACTTC-1,3.4536881,19.897648,s1d1
AAGTGAAGTACCGGAA-1,2.3126678,4.5624933,s1d1
AAGTGAAGTTATGTCG-1,11.393956,10.171521,s1d1
AAGTGAATCCGGGACT-1,5.331147,18.9704,s1d1
AAGTGAATCGTCCTCA-1,4.592929,20.160706,s1d1
AAGTGAATCTCAGTCC-1,10.596219,9.265034,s1d1
AAGTTCGAGAGCATCG-1,2.5128045,17.587944,s1d1
AAGTTCGAGCTCTTCC-1,-1.4766524,4.935788,s1d1
AAGTTCGAGGCGACAT-1,10.566705,14.724168,s1d1
AAGTTCGAGTTCCATG-1,-4.4017205,9.359986,s1d1
AAGTTCGAGTTCCGTA-1,10.33541,3.1691928,s1d1
AAGTTCGAGTTCTCTT-1,12.066316,-1.3711963,s1d1
AAGTTCGCACCCAAGC-1,-0.9166532,5.0808253,s1d1
AAGTTCGCAGGCATGA-1,10.670942,8.481141,s1d1
AAGTTCGGTTGACTAC-1,13.84649,4.030479,s1d1
AATAGAGCAGATTTCG-1,9.524775,8.600625,s1d1
AATAGAGTCCGCACGA-1,6.567708,19.784779,s1d1
AATAGAGTCGTGCAGC-1,7.218012,-3.772493,s1d1
AATCACGAGATGACCG-1,11.466047,9.863236,s1d1
AATCACGAGCAGAAAG-1,8.406021,0.13434178,s1d1
AATCACGAGGTACAGC-1,12.19405,6.5824227,s1d1
AATCACGAGTGCAAAT-1,-1.2998183,5.680523,s1d1
AATCACGAGTGCCAGA-1,10.755143,8.378685,s1d1
AATCACGCAAATCCCA-1,-4.7552795,5.8249617,s1d1
AATCACGCACAACGAG-1,-2.548136,10.768523,s1d1
AATCACGCAGGCGAAT-1,13.492318,3.8282962,s1d1
AATCACGCATTGCCTC-1,9.552132,-4.474987,s1d1
AATCACGGTATGCTAC-1,-3.1664011,9.763057,s1d1
AATCACGGTCAGGTGA-1,-0.6182911,5.2883005,s1d1
AATCACGTCCTTCACG-1,12.146964,8.77172,s1d1
AATCACGTCTTTCCAA-1,5.965603,11.122456,s1d1
AATCGACAGCATCCTA-1,13.416187,6.3190374,s1d1
AATCGACAGCCGCTTG-1,2.546345,20.058926,s1d1
AATCGACAGCGCCTTG-1,15.799967,9.573585,s1d1
AATCGACAGTGCCAGA-1,9.765119,-5.5973096,s1d1
AATCGACCAACGGTAG-1,9.859913,-4.8979206,s1d1
AATCGACGTACGGCAA-1,7.2597365,-3.954809,s1d1
AATCGACGTTACCCAA-1,9.342006,8.872286,s1d1
AATCGACTCAAGTCTG-1,10.345388,9.268876,s1d1
AATCGACTCGTGCTCT-1,12.675374,3.5120142,s1d1
AATCGTGCACCCGTAG-1,-4.384122,8.591013,s1d1
AATCGTGCACCTGATA-1,4.106919,18.054594,s1d1
AATCGTGCATACCAGT-1,13.3300495,4.697396,s1d1
AATCGTGGTACGTACT-1,9.738219,12.744876,s1d1
AATCGTGGTCGAAGCA-1,12.858996,7.933715,s1d1
AATCGTGGTGATGTAA-1,8.530257,13.217393,s1d1
AATCGTGTCAGCTTCC-1,8.899534,-5.4823184,s1d1
AATCGTGTCCTTATCA-1,4.959024,20.402714,s1d1
AATCGTGTCTAAGAAG-1,13.724457,4.5369062,s1d1
AATGAAGAGGACTAAT-1,-3.8324509,10.87438,s1d1
AATGAAGCAAGAGAGA-1,11.30532,-0.41772622,s1d1
AATGAAGCAAGTGTCT-1,7.4553285,-4.22181,s1d1
AATGAAGCAGTTTCGA-1,8.357466,-3.6882887,s1d1
AATGAAGGTCTTGTCC-1,13.530745,5.9637733,s1d1
AATGAAGTCCAATCCC-1,4.1172976,4.1896586,s1d1
AATGAAGTCTTACCAT-1,14.285146,5.895644,s1d1
AATGACCAGTACAGAT-1,-2.7270484,10.347174,s1d1
AATGACCCAAACACCT-1,8.599391,-2.671193,s1d1
AATGACCCAACCGTAT-1,3.2965422,15.979082,s1d1
AATGACCCAATCCAGT-1,10.046843,7.1490536,s1d1
AATGACCCACATGGTT-1,10.838997,8.040699,s1d1
AATGACCCATGTTCGA-1,13.85664,5.438994,s1d1
AATGACCGTGAATGAT-1,2.7953494,3.3867548,s1d1
AATGACCGTTGTTGAC-1,3.700095,18.065197,s1d1
AATGACCTCCAGTGTA-1,12.192998,8.941569,s1d1
AATGCCAAGTTTCGAC-1,-4.506246,9.809178,s1d1
AATGCCACAACGCATT-1,10.702235,14.202784,s1d1
AATGCCAGTGTCTTCC-1,5.2590127,17.533257,s1d1
AATGCCATCGCTGCGA-1,2.4980943,3.6390123,s1d1
AATGGAAAGGCAATGC-1,5.6309905,17.990236,s1d1
AATGGAACAAGTCGTT-1,5.5871296,17.882101,s1d1
AATGGAACAGCCTATA-1,13.180334,6.602017,s1d1
AATGGAAGTCTTACAG-1,9.505407,9.199885,s1d1
AATGGCTAGCGGACAT-1,3.4098208,5.130677,s1d1
AATGGCTGTACCTGTA-1,3.6250517,4.6471386,s1d1
AATGGCTGTATGGGAC-1,3.8146002,18.201845,s1d1
AATGGCTGTGGAGGTT-1,4.169636,20.558912,s1d1
AATGGCTGTGTACGCC-1,3.8554544,5.0335813,s1d1
AATGGCTGTTTAAGGA-1,8.892537,3.6295726,s1d1
AATGGCTTCTGCGAGC-1,-3.4400165,10.192776,s1d1
AATTCCTAGGCCGCTT-1,5.8696074,11.422013,s1d1
AATTCCTAGGTAAAGG-1,11.937787,0.76093227,s1d1
AATTCCTAGTAGGTTA-1,13.881113,5.539729,s1d1
AATTCCTCACATCCCT-1,12.511494,9.37933,s1d1
AATTCCTCATCCTTGC-1,12.120431,7.107578,s1d1
AATTCCTGTGACGCCT-1,11.754818,0.22781648,s1d1
AATTCCTGTTACGATC-1,3.53525,2.9874346,s1d1
AATTCCTTCCCTATTA-1,14.065714,7.7565026,s1d1
AATTCCTTCCTCATAT-1,9.775712,8.465863,s1d1
AATTTCCAGTATAACG-1,2.66865,4.373848,s1d1
AATTTCCCACTATCCC-1,0.12531303,3.4982555,s1d1
AATTTCCGTTATGACC-1,2.4704592,2.7485723,s1d1
AATTTCCTCAGAGCGA-1,3.2527013,19.778206,s1d1
AATTTCCTCAGCCTCT-1,10.271787,-0.80478364,s1d1
AATTTCCTCATTCACT-1,12.076931,9.310259,s1d1
AATTTCCTCTCATTTG-1,-4.4797497,10.751817,s1d1
ACAAAGAAGACGATAT-1,11.653242,10.3171015,s1d1
ACAAAGAAGGGCGAAG-1,15.862749,8.051784,s1d1
ACAAAGACACATACGT-1,2.5509007,1.925211,s1d1
ACAAAGACACTACCGG-1,2.3986623,3.110737,s1d1
ACAAAGACATCCAATG-1,12.936456,7.701539,s1d1
ACAAAGAGTCAGACTT-1,8.225186,-5.400514,s1d1
ACAAAGAGTGCCTAAT-1,-2.4145496,10.061987,s1d1
ACAAAGAGTGCTATTG-1,10.136763,8.624647,s1d1
ACAAAGAGTTGGCCGT-1,10.874692,8.898472,s1d1
ACAAAGATCCCTCTTT-1,6.7076283,11.026849,s1d1
ACAAAGATCGCTAAAC-1,2.463262,4.320902,s1d1
ACAAAGATCTTACACT-1,14.042853,6.7617664,s1d1
ACAACCAAGCGACCCT-1,3.6161716,20.279215,s1d1
ACAACCACAACAGCCC-1,-0.83991164,5.792834,s1d1
ACAACCACAACTTGCA-1,8.053615,-1.9703857,s1d1
ACAACCACAAGAGGCT-1,-2.8685791,11.131024,s1d1
ACAACCAGTACCATAC-1,7.0609183,19.5247,s1d1
ACAACCAGTAGAAACT-1,11.644403,11.271902,s1d1
ACAACCAGTCGGTGAA-1,8.011968,-3.3351555,s1d1
ACAACCAGTTTCGTGA-1,11.687534,9.642652,s1d1
ACAACCATCCACACAA-1,3.257001,20.614395,s1d1
ACAACCATCCTACACC-1,12.749221,6.075237,s1d1
ACAACCATCGCTACAA-1,14.312128,8.185418,s1d1
ACAACCATCTCAGGCG-1,13.65967,3.2368288,s1d1
ACAAGCTAGATCCCAT-1,14.858606,6.142992,s1d1
ACAAGCTAGGGAGAAT-1,13.873963,4.247688,s1d1
ACAAGCTAGTTGAAGT-1,13.648071,7.664544,s1d1
ACAAGCTGTAGACGGT-1,12.214598,9.958385,s1d1
ACAAGCTGTCATCAGT-1,15.467051,9.374871,s1d1
ACAAGCTGTCTAGATC-1,13.331981,3.971746,s1d1
ACAAGCTGTGCTCTTC-1,1.2927036,1.7568245,s1d1
ACAAGCTTCCGTCAAA-1,15.513039,9.716011,s1d1
ACAAGCTTCGTGTGGC-1,7.4786544,-3.6111333,s1d1
ACACAGTAGCAACAAT-1,-4.2438483,9.587575,s1d1
ACACAGTAGCGTTGTT-1,15.280913,9.14798,s1d1
ACACAGTCAGACCATT-1,3.8422036,20.584694,s1d1
ACACAGTCATCAGCAT-1,9.986947,2.966218,s1d1
ACACAGTCATGGCCCA-1,16.232513,7.963396,s1d1
ACACAGTGTTCGGTCG-1,2.7656238,19.273766,s1d1
ACACAGTTCCGGACTG-1,16.3796,7.700762,s1d1
ACACAGTTCGAACTCA-1,11.164137,12.962152,s1d1
ACACAGTTCGAGAAGC-1,11.503021,6.7313843,s1d1
ACACAGTTCTCCGAAA-1,1.3115928,1.7195461,s1d1
ACACCAAAGAGGCCAT-1,4.1800184,19.383001,s1d1
ACACCAAAGCGTACAG-1,15.595743,8.889784,s1d1
ACACCAAAGGGCAACT-1,4.0384135,19.69901,s1d1
ACACCAACAATACGAA-1,-4.363712,8.760757,s1d1
ACACCAACAGAACATA-1,-3.0777838,9.40439,s1d1
ACACCAACAGTTACCA-1,12.751335,3.4122012,s1d1
ACACCAAGTCGCTCGA-1,9.257339,9.545224,s1d1
ACACCAAGTGGTGATG-1,7.0967264,20.449905,s1d1
ACACCAATCAAAGGTA-1,3.1218696,4.1289616,s1d1
ACACCAATCGCCAACG-1,13.891218,5.818694,s1d1
ACACCAATCGTCCTTG-1,12.81916,3.675046,s1d1
ACACCAATCTAGGCCG-1,9.517504,9.927493,s1d1
ACACCAATCTGGTGGC-1,3.3560908,5.4333124,s1d1
ACACCAATCTTCCTAA-1,11.698461,1.3723052,s1d1
ACACGCGAGCGTGTCC-1,0.34944835,5.855419,s1d1
ACACGCGCAGCGAGTA-1,3.332518,20.698751,s1d1
ACACGCGCATGACTTG-1,8.419395,-4.96632,s1d1
ACACGCGGTCATAGTC-1,9.207033,13.580852,s1d1
ACACGCGGTCCATCTC-1,13.266755,6.795471,s1d1
ACACGCGGTCGTGCCA-1,11.325829,10.672856,s1d1
ACACGCGGTTCGGTAT-1,13.581691,7.374825,s1d1
ACACGCGTCCAGCTCT-1,14.294218,5.9481273,s1d1
ACACTGAAGGTACATA-1,3.69984,20.244032,s1d1
ACACTGACAAGACAAT-1,12.286933,9.144241,s1d1
ACACTGACAAGCGAGT-1,9.486067,-5.7102547,s1d1
ACACTGACATCCGAGC-1,5.895547,20.582241,s1d1
ACACTGAGTCGGTACC-1,3.272161,3.2690494,s1d1
ACACTGATCCAACCAA-1,8.346337,7.9525642,s1d1
ACACTGATCTGGAAGG-1,8.827859,-3.934567,s1d1
ACAGAAAAGAGAGTGA-1,12.448311,8.869391,s1d1
ACAGAAAAGAGGGTCT-1,11.161486,7.971238,s1d1
ACAGAAAAGCGTGTTT-1,15.2727585,6.5129786,s1d1
ACAGAAACACTAGTAC-1,9.3184,-5.740816,s1d1
ACAGAAAGTCGCAACC-1,9.930019,8.897049,s1d1
ACAGCCGAGTGGCCTC-1,11.5185375,10.348512,s1d1
ACAGCCGCACCAGTAT-1,13.034517,3.9863088,s1d1
ACAGCCGCAGTGACCC-1,6.370506,20.363874,s1d1
ACAGCCGGTCCGGACT-1,14.223406,6.6418824,s1d1
ACAGCCGGTTGCCAAT-1,12.048321,2.4527416,s1d1
ACAGCCGTCACGGACC-1,8.357502,6.735629,s1d1
ACAGCCGTCAGTGCGC-1,11.037886,9.826911,s1d1
ACAGCCGTCGTGCGAC-1,-3.8607776,11.302953,s1d1
ACAGGGAAGCAGGCAT-1,8.626982,3.3242884,s1d1
ACAGGGAAGTCGCCAC-1,10.906682,14.010313,s1d1
ACAGGGACAACGGTAG-1,6.3849773,20.05459,s1d1
ACAGGGACAACTTCTT-1,9.85504,6.3010774,s1d1
ACAGGGACACGCTGCA-1,2.9163136,0.16892226,s1d1
ACAGGGAGTATGTCAC-1,10.610401,14.291293,s1d1
ACAGGGAGTGCTCTTC-1,4.0162926,20.00978,s1d1
ACAGGGATCGCTATTT-1,3.4966652,20.489883,s1d1
ACAGGGATCTCGCCTA-1,2.9476957,0.8266383,s1d1
ACATCCCAGACCAGAC-1,10.365651,8.05179,s1d1
ACATCCCAGCGAGTCA-1,-1.4719542,7.1172,s1d1
ACATCCCCAGTGCCTG-1,14.036255,6.939146,s1d1
ACATCCCGTACAGGTG-1,2.5915198,4.6422396,s1d1
ACATCCCGTCGTCAGC-1,-4.6826863,8.00642,s1d1
ACATCCCGTTCATCTT-1,3.7864554,16.728535,s1d1
ACATCCCTCATTTACC-1,9.784639,-5.654893,s1d1
ACATCCCTCCAACACA-1,8.572145,12.430104,s1d1
ACATCCCTCCTACGAA-1,15.194926,8.074286,s1d1
ACATCCCTCGCCGAAC-1,-0.36677998,5.3759956,s1d1
ACATCCCTCTGTAACG-1,10.621741,-4.4024987,s1d1
ACATCGAAGCGAAACC-1,10.710563,14.470139,s1d1
ACATCGAAGGGTTGCA-1,12.409669,9.885491,s1d1
ACATCGACAACCACAT-1,7.7072473,-3.4890678,s1d1
ACATCGACAACTCCCT-1,9.803314,9.788523,s1d1
ACATCGACACACCAGC-1,2.8685539,0.71962345,s1d1
ACATCGAGTCACGCTG-1,-4.505967,8.145518,s1d1
ACATCGAGTGACAGGT-1,8.986283,-4.111976,s1d1
ACATCGATCATCACCC-1,14.580903,6.2795763,s1d1
ACATCGATCCATCTAT-1,3.053299,3.6043036,s1d1
ACATCGATCCCGAACG-1,12.967025,6.626913,s1d1
ACATCGATCCGCGAGT-1,-3.6481056,10.1895,s1d1
ACATCGATCGCGTGCA-1,3.4653435,20.32508,s1d1
ACATGCAAGAATTCAG-1,0.5015398,5.040984,s1d1
ACATGCAAGCGCATCC-1,11.81998,7.873448,s1d1
ACATGCAAGCTAGATA-1,10.151109,-5.0431385,s1d1
ACATGCATCCAATCCC-1,12.616634,11.805503,s1d1
ACATGCATCTTCGGAA-1,10.764849,7.1678905,s1d1
ACATTTCAGCCTCAGC-1,16.269758,7.513821,s1d1
ACATTTCAGGCACTCC-1,12.559985,7.128841,s1d1
ACATTTCCAAGCGCTC-1,10.292933,8.953402,s1d1
ACATTTCCACGCGTCA-1,16.143108,8.532604,s1d1
ACATTTCCAGGTTCCG-1,11.045873,8.40597,s1d1
ACATTTCCATCCTCAC-1,12.019039,0.85611284,s1d1
ACATTTCGTCAATCTG-1,10.434232,2.7593281,s1d1
ACATTTCGTCGTGTTA-1,14.313081,5.361109,s1d1
ACATTTCGTGCGACAA-1,8.416642,-5.5999837,s1d1
ACATTTCGTGTCCTAA-1,9.109909,-3.2402565,s1d1
ACATTTCGTTAGAAAC-1,11.132296,7.8794966,s1d1
ACATTTCTCTCTCTTC-1,8.538392,7.140338,s1d1
ACATTTCTCTTCGTGC-1,15.511478,9.879047,s1d1
ACCAAACAGGACGCTA-1,15.1399145,7.4172955,s1d1
ACCAAACAGTCGCTAT-1,14.767017,8.490348,s1d1
ACCAAACCAACGCATT-1,15.725791,9.468588,s1d1
ACCAAACCACCGGCTA-1,9.505485,8.769997,s1d1
ACCAAACCAGAGGCTA-1,14.300829,4.949392,s1d1
ACCAAACCAGCAGATG-1,1.6656171,2.6090918,s1d1
ACCAAACGTCACGCTG-1,3.3772,2.1502705,s1d1
ACCAAACGTGCCGTTG-1,2.600258,4.4779544,s1d1
ACCAAACTCGGATAAA-1,8.41638,-3.7784352,s1d1
ACCAAACTCTCTGGTC-1,12.581187,6.835969,s1d1
ACCAACAAGACCATAA-1,7.9284925,-5.524447,s1d1
ACCAACAAGTCATTGC-1,2.067992,2.4839756,s1d1
ACCAACACAAGTTCCA-1,10.612145,14.336091,s1d1
ACCAACAGTACGAAAT-1,14.523797,6.3558803,s1d1
ACCAACAGTACTGCCG-1,10.573604,9.117381,s1d1
ACCAACAGTCACGACC-1,10.96156,9.539098,s1d1
ACCAACATCAATCCAG-1,5.5259748,19.085573,s1d1
ACCAACATCGTTACCC-1,9.190141,-3.0790455,s1d1
ACCACAAAGCATCGAG-1,11.822782,9.405677,s1d1
ACCACAAAGGTAGCAC-1,9.839426,9.158043,s1d1
ACCACAAAGGTCTTTG-1,6.5587215,19.806126,s1d1
ACCACAACACTACACA-1,12.511366,0.82707983,s1d1
ACCACAACAGAGTAAT-1,13.502833,5.7312226,s1d1
ACCACAACAGATACTC-1,14.892522,9.018465,s1d1
ACCACAACATTGCCTC-1,8.137702,-2.4765217,s1d1
ACCACAAGTACAGTAA-1,-1.4925499,5.6215644,s1d1
ACCACAAGTGTTGACT-1,15.395156,6.713782,s1d1
ACCACAAGTTAGGCTT-1,8.221408,-3.7948024,s1d1
ACCACAATCAAAGCCT-1,11.643818,9.639994,s1d1
ACCACAATCTCGGTCT-1,-1.3482068,5.5508685,s1d1
ACCATTTAGAGCTGAC-1,3.7946813,1.8645426,s1d1
ACCATTTCACAGTATC-1,1.7326097,1.3867214,s1d1
ACCATTTCACGCGCTA-1,4.26709,4.1453977,s1d1
ACCATTTCACTAACGT-1,3.6623518,19.95286,s1d1
ACCATTTCACTCACTC-1,6.0297103,10.960615,s1d1
ACCATTTGTGTCATGT-1,13.87022,7.171805,s1d1
ACCATTTTCCATATGG-1,13.242866,8.064355,s1d1
ACCATTTTCCGTATAG-1,8.796799,3.5348446,s1d1
ACCATTTTCTGTACAG-1,8.4614935,1.2545753,s1d1
ACCATTTTCTTTCGAT-1,14.318104,5.9466133,s1d1
ACCCAAAAGACCTTTG-1,7.642298,-4.1767006,s1d1
ACCCAAACAAAGAGTT-1,3.8778286,4.741779,s1d1
ACCCAAACAAGGACAC-1,11.4648285,10.887692,s1d1
ACCCAAACACATATCG-1,-3.3378222,9.317054,s1d1
ACCCAAAGTATGAAAC-1,9.022787,-3.8707447,s1d1
ACCCAAATCTGAATCG-1,14.401513,8.607932,s1d1
ACCCTCAAGGATTTCC-1,12.134046,0.33599865,s1d1
ACCCTCAAGGCATTTC-1,9.754067,8.119349,s1d1
ACCCTCAGTAAGGTCG-1,2.4957623,20.058687,s1d1
ACCCTCAGTACCGGAA-1,11.548229,0.5514606,s1d1
ACCCTCAGTACTTGTG-1,11.366131,10.200171,s1d1
ACCCTCAGTAGAGCTG-1,11.080962,7.3416624,s1d1
ACCCTCAGTGCGTTTA-1,10.23315,9.370845,s1d1
ACCCTCAGTGTCCATA-1,2.4162428,5.215021,s1d1
ACCCTTGAGTTGTAAG-1,11.70706,12.279284,s1d1
ACCCTTGCACCCTTAC-1,13.521791,7.9260135,s1d1
ACCCTTGCAGGAACCA-1,9.445174,9.186533,s1d1
ACCCTTGGTAAGGTCG-1,14.197692,8.133591,s1d1
ACCCTTGGTCGGAACA-1,4.1386323,20.212229,s1d1
ACCCTTGGTTTAGAGA-1,11.364336,0.17267,s1d1
ACCGTTCAGATACCAA-1,12.195045,9.444519,s1d1
ACCGTTCAGCTGAGCA-1,1.7895691,1.5736899,s1d1
ACCGTTCCAGAACGCA-1,3.946102,20.100183,s1d1
ACCGTTCCATGTGGTT-1,-2.0175178,5.2519727,s1d1
ACCGTTCGTACTCCCT-1,8.838248,1.5425485,s1d1
ACCGTTCGTAGGTCAG-1,1.8305206,1.8763139,s1d1
ACCGTTCGTCTGATCA-1,12.160819,12.333044,s1d1
ACCGTTCGTTCCAAAC-1,13.477274,6.9655576,s1d1
ACCGTTCTCAAACTGC-1,2.18578,2.7261024,s1d1
ACCGTTCTCGTGTGAT-1,14.296566,5.9032297,s1d1
ACCTACCAGGGTACGT-1,10.620342,8.962921,s1d1
ACCTACCAGTTGGCTT-1,-2.6194549,10.361801,s1d1
ACCTACCCACCGTACG-1,11.089986,17.536697,s1d1
ACCTACCCACGACGCT-1,9.327906,1.2642353,s1d1
ACCTACCCATAATCCG-1,10.316661,8.652513,s1d1
ACCTACCCATGAAAGT-1,13.694342,8.224645,s1d1
ACCTACCCATTAGGAA-1,-0.20061278,5.0105586,s1d1
ACCTACCGTCCAGAAG-1,-1.9798627,5.0775037,s1d1
ACCTACCGTCTTCAAG-1,8.309203,8.129502,s1d1
ACCTACCGTGCGAACA-1,7.1798587,-2.353679,s1d1
ACCTACCTCAAATGCC-1,3.9052942,20.502949,s1d1
ACCTACCTCCCTCTAG-1,11.97415,1.2105709,s1d1
ACCTACCTCGACGACC-1,10.667438,13.210869,s1d1
ACCTACCTCGAGTCTA-1,12.75442,6.05742,s1d1
ACCTACCTCTGCGTCT-1,-3.8559194,9.252186,s1d1
ACCTGAAAGCCGAATG-1,14.648516,7.0004277,s1d1
ACCTGAAAGTAAGGGA-1,12.041941,12.266521,s1d1
ACCTGAAAGTATCCTG-1,0.18345472,2.8533535,s1d1
ACCTGAACAAGCAGGT-1,6.036233,19.678595,s1d1
ACCTGAACAAGCGATG-1,9.551503,8.999399,s1d1
ACCTGAACAAGTATCC-1,4.409854,17.142195,s1d1
ACCTGAACACAACGCC-1,4.268084,20.374773,s1d1
ACCTGAACACTTCAAG-1,10.978013,7.9904532,s1d1
ACCTGAAGTGTCCGTG-1,3.1460583,20.804655,s1d1
ACCTGAATCATTTGCT-1,5.400518,17.608202,s1d1
ACCTGTCAGAGCGACT-1,10.238925,8.915107,s1d1
ACCTGTCAGGACTGGT-1,10.648431,8.165443,s1d1
ACCTGTCCAAGCTCTA-1,10.727847,-3.9157863,s1d1
ACCTGTCCAGGCTCTG-1,7.932831,-2.6866906,s1d1
ACCTGTCGTAGCGTAG-1,-1.009952,4.1562862,s1d1
ACCTGTCGTAGGCAAC-1,8.407771,-2.7729614,s1d1
ACCTGTCGTGCCTATA-1,3.268818,19.993866,s1d1
ACCTGTCTCAAACGTC-1,-1.5522298,6.9244523,s1d1
ACCTGTCTCCGTGTGG-1,13.504045,6.0882545,s1d1
ACCTGTCTCGAGCACC-1,1.2874508,2.6274114,s1d1
ACCTGTCTCTGAGTCA-1,-4.781416,9.804586,s1d1
ACGATCAAGATTAGCA-1,4.543511,20.269337,s1d1
ACGATCAAGGCCTGCT-1,11.208942,9.416971,s1d1
ACGATCAAGGTCATTC-1,3.0232708,0.9209627,s1d1
ACGATCACAATTAGGA-1,9.536202,1.9813235,s1d1
ACGATCACATACCGTA-1,5.2916,19.273464,s1d1
ACGATCAGTCCATACA-1,10.915959,-3.597655,s1d1
ACGATCAGTCCCGGTA-1,14.312605,9.079263,s1d1
ACGATCATCAGTAGGG-1,3.538228,4.929797,s1d1
ACGATCATCATTGGTG-1,3.6204216,3.8554347,s1d1
ACGATCATCCAACTAG-1,6.1806226,19.936052,s1d1
ACGATCATCCATTTCA-1,8.365208,7.8021383,s1d1
ACGATCATCCCTATTA-1,8.386963,-5.620208,s1d1
ACGATCATCTATTCGT-1,1.3086561,2.7534432,s1d1
ACGATCATCTCTGCTG-1,8.795432,-5.8312454,s1d1
ACGATGTAGACGCCCT-1,13.29935,3.912987,s1d1
ACGATGTCAATTCGTG-1,13.36814,5.6749625,s1d1
ACGATGTCAGAGTGTG-1,8.692409,-5.085804,s1d1
ACGATGTCATGACTAC-1,3.794265,4.445189,s1d1
ACGATGTGTCAAGCGA-1,4.0332966,16.57223,s1d1
ACGATGTGTGCTCCGA-1,15.554467,9.485231,s1d1
ACGATGTTCCCGAGGT-1,-1.423266,4.0063124,s1d1
ACGCACGAGGCTCACC-1,7.1363993,11.002814,s1d1
ACGCACGAGTCCTACA-1,12.286205,6.3096733,s1d1
ACGCACGCAATTGCGT-1,11.353292,11.201921,s1d1
ACGCACGGTACTCGTA-1,13.115084,7.6408596,s1d1
ACGCACGGTCATCACA-1,-4.0194187,7.972002,s1d1
ACGCACGGTGACAGGT-1,13.408991,7.1094193,s1d1
ACGCACGTCAACTTTC-1,11.116568,-0.06558845,s1d1
ACGCACGTCAGTCCGG-1,4.028404,16.616907,s1d1
ACGCACGTCGGAGTGA-1,6.1239004,20.040075,s1d1
ACGGAAGCAAACGTGG-1,-4.1338625,10.113434,s1d1
ACGGAAGGTATCACGT-1,3.5141401,1.9581265,s1d1
ACGGAAGGTGGATTTC-1,11.202459,7.628096,s1d1
ACGGAAGTCAGACCGC-1,-2.361048,9.6503315,s1d1
ACGGAAGTCCACACCT-1,3.3956692,20.577854,s1d1
ACGGGTCAGTAATCCC-1,0.27741373,5.823331,s1d1
ACGGGTCCAAACTCTG-1,-0.37788075,7.1625,s1d1
ACGGGTCGTCAATGGG-1,10.782503,9.20506,s1d1
ACGGGTCGTCTACAGT-1,10.053096,0.06610198,s1d1
ACGGGTCTCACCTCTG-1,9.689991,-1.627719,s1d1
ACGGGTCTCGTCAAAC-1,1.4367971,2.9090898,s1d1
ACGGTCGAGCGCCCAT-1,5.5477986,17.497198,s1d1
ACGGTCGAGGTAGCCA-1,-4.3291993,8.914781,s1d1
ACGGTCGAGTATAACG-1,13.388131,3.5414674,s1d1
ACGGTCGCAGTAGATA-1,3.7510252,20.302074,s1d1
ACGGTCGGTCTTTATC-1,6.384218,20.452261,s1d1
ACGGTCGGTGGTCAAG-1,2.5031047,20.321638,s1d1
ACGGTCGTCCGTGGTG-1,13.285856,3.839221,s1d1
ACGGTCGTCTGGTGGC-1,15.415791,7.0566983,s1d1
ACGGTTAAGCGTTGTT-1,8.999923,-3.901083,s1d1
ACGGTTAAGCTGTGCC-1,14.515662,6.1547246,s1d1
ACGGTTACAACGGGTA-1,9.552634,1.7333655,s1d1
ACGGTTACAAGATTGA-1,14.818666,8.005773,s1d1
ACGGTTACAGCGTACC-1,4.0716825,3.8890858,s1d1
ACGGTTACAGGCAATG-1,11.540539,1.3651165,s1d1
ACGGTTACATGGAGAC-1,0.4653599,5.0714154,s1d1
ACGGTTAGTCCTTAAG-1,13.81377,8.716638,s1d1
ACGGTTAGTGATACTC-1,15.2572975,9.367587,s1d1
ACGGTTATCTATACTC-1,5.1940126,17.80096,s1d1
ACGTAACAGGGCAATC-1,6.9656987,18.92995,s1d1
ACGTAACAGTGACCTT-1,-1.6337936,5.571863,s1d1
ACGTAACCACCGTGGT-1,1.8336942,2.0045676,s1d1
ACGTAACGTGATACCT-1,12.357207,7.266482,s1d1
ACGTAACTCAATCGGT-1,11.129377,9.464311,s1d1
ACGTAACTCGAGAAGC-1,5.648873,20.317177,s1d1
ACGTAACTCTGAATCG-1,8.893488,-5.921447,s1d1
ACGTAACTCTTAGCAG-1,3.9784396,4.012309,s1d1
ACGTAACTCTTAGCTT-1,10.992766,17.081926,s1d1
ACGTACAAGCATCCCG-1,12.618885,9.48655,s1d1
ACGTACAAGTGGTTCT-1,-3.3307097,10.400303,s1d1
ACGTACAAGTTAGTAG-1,-2.9761992,11.888045,s1d1
ACGTACACACACCTTC-1,12.877075,7.558537,s1d1
ACGTACACAGCACACC-1,15.716998,9.036532,s1d1
ACGTACAGTATACAGA-1,11.082875,8.302682,s1d1
ACGTACAGTGACCGTC-1,2.7759972,18.381338,s1d1
ACGTACAGTTACGGAG-1,-1.7973561,4.8134184,s1d1
ACGTACATCCAAGCCG-1,6.390855,11.3506365,s1d1
ACGTACATCCCTCAAC-1,9.816535,-3.3065517,s1d1
ACGTACATCGTAATGC-1,11.356914,7.622817,s1d1
ACGTACATCTAGACCA-1,15.890496,6.8794317,s1d1
ACGTAGTAGACGAGCT-1,9.552873,-3.9409945,s1d1
ACGTAGTAGTGAGGTC-1,11.943433,-1.5070049,s1d1
ACGTAGTCACGGGTAA-1,3.4589176,20.08331,s1d1
ACGTAGTGTAGCGTCC-1,2.6753218,4.798033,s1d1
ACGTAGTGTATCGAGG-1,2.7389364,3.9575562,s1d1
ACGTAGTGTGCCCTTT-1,9.337131,12.967799,s1d1
ACGTAGTTCAGGAAAT-1,10.082484,8.988206,s1d1
ACGTAGTTCTGTGCTC-1,2.4501803,16.159632,s1d1
ACGTAGTTCTTAAGGC-1,15.113105,6.896192,s1d1
ACGTAGTTCTTAATCC-1,5.4246893,2.122889,s1d1
ACGTCCTAGCCAAGTG-1,11.363567,11.718561,s1d1
ACGTCCTAGTATCCTG-1,7.476903,-1.9844519,s1d1
ACGTCCTGTAAGTTAG-1,11.5857115,12.467685,s1d1
ACGTTCCAGACCTGGA-1,6.5600653,20.577053,s1d1
ACGTTCCAGGTTGAGC-1,-0.8802197,3.9424078,s1d1
ACGTTCCAGTGTAGAT-1,2.9665046,5.0071344,s1d1
ACGTTCCCAGATTAAG-1,10.914696,13.706321,s1d1
ACGTTCCGTCGGCTAC-1,-4.299508,8.990727,s1d1
ACGTTCCTCACCGACG-1,8.668246,-3.7151253,s1d1
ACGTTCCTCAGTGTTG-1,1.813148,2.1270235,s1d1
ACGTTCCTCGCCCAGA-1,-0.6176144,5.200997,s1d1
ACTACGAAGGTAATCA-1,13.696449,3.5709085,s1d1
ACTACGAAGTCGCTAT-1,11.353863,8.979351,s1d1
ACTACGACACCGGCTA-1,10.960586,7.7773495,s1d1
ACTACGACAGCAGTGA-1,-3.1896987,9.658913,s1d1
ACTACGAGTAGGTTTC-1,2.286343,16.320307,s1d1
ACTACGAGTCCAGCCA-1,9.146009,6.3629627,s1d1
ACTACGAGTGATGTAA-1,2.994479,0.20772548,s1d1
ACTACGAGTGCACGCT-1,11.272989,9.549722,s1d1
ACTACGATCCATCACC-1,9.258765,6.8246408,s1d1
ACTACGATCCCAGCGA-1,-4.226611,11.214485,s1d1
ACTACGATCCGCAACG-1,14.199264,6.4744277,s1d1
ACTACGATCTCCGTGT-1,9.780611,9.509745,s1d1
ACTATCTAGACTAAGT-1,-4.335399,7.558469,s1d1
ACTATCTAGGGTTAGC-1,9.392436,-3.6570153,s1d1
ACTATCTAGTACCCTA-1,-4.7819896,8.977715,s1d1
ACTATCTAGTCGCTAT-1,8.839817,3.4885023,s1d1
ACTATCTCAATCTCGA-1,9.190972,1.603089,s1d1
ACTATCTCACGAGGTA-1,6.763677,20.546146,s1d1
ACTATCTCAGATTAAG-1,4.1277537,20.503115,s1d1
ACTATCTCATCCGGCA-1,-4.3793707,8.941206,s1d1
ACTATCTGTAGCGCCT-1,13.420491,3.9663134,s1d1
ACTATCTGTCTCACGG-1,12.38138,6.8479624,s1d1
ACTATCTGTGGATGAC-1,14.62765,6.033868,s1d1
ACTATCTGTTCCGTTC-1,1.6443696,1.6469979,s1d1
ACTATCTGTTTACCAG-1,11.721534,10.057934,s1d1
ACTATCTTCTAACACG-1,-2.6089473,9.294707,s1d1
ACTATCTTCTAACGGT-1,13.026432,5.139138,s1d1
ACTATCTTCTCAACCC-1,12.542542,8.619035,s1d1
ACTATGGCACGTGTGC-1,11.655266,1.0829713,s1d1
ACTATGGCAGCTGTAT-1,3.1718082,5.1450963,s1d1
ACTATGGCATAGACTC-1,-4.242387,8.693457,s1d1
ACTATGGTCATGGAGG-1,8.732773,0.83418584,s1d1
ACTATGGTCCGTAATG-1,15.816541,8.764958,s1d1
ACTATGGTCGCAAGAG-1,11.633672,10.031257,s1d1
ACTATGGTCTCTATGT-1,10.957585,9.582866,s1d1
ACTATTCAGAGTTGCG-1,-0.5936285,5.956682,s1d1
ACTATTCAGCGTGTCC-1,10.037521,-3.6936765,s1d1
ACTATTCAGTGTTCCA-1,13.365078,6.913642,s1d1
ACTATTCCAACCCGCA-1,11.878495,-1.8652092,s1d1
ACTATTCCACAGTCAT-1,4.2232385,19.841125,s1d1
ACTATTCCAGAGTTCT-1,4.6209054,19.69442,s1d1
ACTATTCCATAGATCC-1,-0.76881135,4.406786,s1d1
ACTATTCGTACAGTCT-1,7.586421,-3.0717194,s1d1
ACTATTCGTAGATCCT-1,11.799119,9.311,s1d1
ACTATTCTCACCTGGG-1,12.333021,11.617771,s1d1
ACTATTCTCCTACCGT-1,7.2787886,20.019104,s1d1
ACTATTCTCGCTCTCA-1,9.946988,-1.16697,s1d1
ACTATTCTCTGTGCGG-1,7.9452443,-2.4446573,s1d1
ACTCCCAAGCTACAAA-1,13.244005,3.3379107,s1d1
ACTCCCACACTTGTGA-1,13.2789135,3.273134,s1d1
ACTCCCACATGGCACC-1,-0.8251554,5.748352,s1d1
ACTCCCAGTCTGTCAA-1,3.1705139,20.716461,s1d1
ACTCCCAGTGAGTAAT-1,6.398875,19.61772,s1d1
ACTCCCAGTTGGGACA-1,9.210854,6.644906,s1d1
ACTCTCGAGACTTCGT-1,11.118343,-0.93695396,s1d1
ACTCTCGAGCCACCGT-1,9.708337,9.541265,s1d1
ACTCTCGAGGTTGGTG-1,9.576519,17.275795,s1d1
ACTCTCGCACACGCCA-1,14.013685,4.7965693,s1d1
ACTCTCGCATTGCCGG-1,14.025685,6.5879955,s1d1
ACTCTCGGTACGACAG-1,7.1995707,18.722593,s1d1
ACTCTCGGTGTACAGG-1,9.820098,-4.9119267,s1d1
ACTGATGAGCTAGATA-1,3.58313,19.780537,s1d1
ACTGATGCACTATCCC-1,3.736257,4.432033,s1d1
ACTGATGGTCAGTTTG-1,9.146592,7.8848605,s1d1
ACTGATGGTGCGTTTA-1,15.343085,7.9114723,s1d1
ACTGATGTCAGATGCT-1,14.800251,6.972745,s1d1
ACTGATGTCCGGGACT-1,13.659829,3.5334504,s1d1
ACTGATGTCCGTCAAA-1,8.601254,0.274755,s1d1
ACTGCAAAGCCGCACT-1,3.268455,5.329107,s1d1
ACTGCAAAGTATGAAC-1,14.178092,6.297851,s1d1
ACTGCAACAAATGCTC-1,14.534819,8.28022,s1d1
ACTGCAACATCTCGTC-1,13.782135,4.0098267,s1d1
ACTGCAACATGGGCAA-1,6.787002,20.761225,s1d1
ACTGCAAGTCATCGCG-1,12.256756,7.3476057,s1d1
ACTGCAAGTGAGCAGT-1,3.2929018,1.965231,s1d1
ACTGCAAGTGCACATT-1,15.756903,9.284546,s1d1
ACTGCAAGTGTTACAC-1,11.007508,-3.9480617,s1d1
ACTGCAATCACCACAA-1,8.35466,8.83537,s1d1
ACTGCAATCTCTCTAA-1,14.935305,8.200163,s1d1
ACTGTCCCAAGACCTT-1,2.8842418,3.767016,s1d1
ACTGTCCCAGAGCTAG-1,13.678006,3.0517483,s1d1
ACTGTCCTCCGAGTGC-1,8.906265,8.462324,s1d1
ACTGTCCTCGGAGATG-1,6.4467936,19.269836,s1d1
ACTGTGAAGACTGAGC-1,8.018644,-3.596091,s1d1
ACTGTGACAGAGCTAG-1,-4.544803,11.090417,s1d1
ACTGTGATCACTGGGC-1,11.5699625,-0.74298304,s1d1
ACTGTGATCGTTGTAG-1,13.21089,3.48822,s1d1
ACTGTGATCTAGCAAC-1,12.182415,-3.8522446,s1d1
ACTGTGATCTGGTGCG-1,14.073081,5.9798284,s1d1
ACTTAGGAGGGCGAGA-1,6.0153465,20.915089,s1d1
ACTTAGGGTATCATGC-1,12.37759,1.142291,s1d1
ACTTAGGGTGCGCTCA-1,7.208274,-1.9193877,s1d1
ACTTAGGTCAAGAGTA-1,13.048414,7.2399063,s1d1
ACTTAGGTCCGGGACT-1,5.2804236,20.107433,s1d1
ACTTAGGTCGGAACTT-1,12.662178,7.892731,s1d1
ACTTAGGTCTGGCCGA-1,0.46956635,5.7257752,s1d1
ACTTATCAGACCTGGA-1,3.0777774,20.624212,s1d1
ACTTATCCAGGCAATG-1,13.5252905,3.1638403,s1d1
ACTTATCGTATATGGA-1,9.872095,-5.513069,s1d1
ACTTATCGTCCCTGAG-1,13.267559,5.7716036,s1d1
ACTTATCGTTCGGACC-1,-0.27506542,3.2077847,s1d1
ACTTATCGTTGCATTG-1,11.922915,9.381291,s1d1
ACTTCCGAGACTCGAG-1,8.048739,-5.5046186,s1d1
ACTTCCGCATTGAAGA-1,4.666586,19.149643,s1d1
ACTTCCGGTATGAGCG-1,-1.6931771,4.706462,s1d1
ACTTCCGGTGATAGAT-1,15.533923,9.655999,s1d1
ACTTCCGGTTGTTGCA-1,11.916696,11.257766,s1d1
ACTTCCGTCAAGCCAT-1,3.8315153,20.574547,s1d1
ACTTCCGTCCGTTGGG-1,14.52703,8.615465,s1d1
ACTTCCGTCGACTCCT-1,12.463464,9.808045,s1d1
ACTTCCGTCGATCCAA-1,5.6619062,17.867548,s1d1
ACTTCCGTCGGTTAGT-1,-4.648658,6.184814,s1d1
ACTTCGCCAATAACGA-1,8.840866,-3.8291857,s1d1
ACTTCGCCAGCTGAGA-1,9.41711,9.568152,s1d1
ACTTCGCGTCACTCGG-1,12.179565,-1.3452729,s1d1
ACTTCGCGTCTATGAC-1,12.1122055,2.1167212,s1d1
ACTTCGCGTCTTCGAA-1,3.4534636,19.941984,s1d1
ACTTCGCGTGCAGATG-1,-1.173761,7.1314864,s1d1
ACTTCGCGTGCTGTCG-1,12.809368,6.014564,s1d1
ACTTCGCTCCATCTAT-1,8.394612,-3.527521,s1d1
ACTTCGCTCTGTGTGA-1,1.7459264,1.4613674,s1d1
ACTTCGCTCTTACGTT-1,-3.8651683,11.729851,s1d1
ACTTCGCTCTTGGTGA-1,9.667578,17.19683,s1d1
ACTTTCAAGGCTATCT-1,5.548251,18.243755,s1d1
ACTTTCAAGTCTCGTA-1,12.9947405,6.8898854,s1d1
ACTTTCACATGCCATA-1,7.089138,20.569324,s1d1
ACTTTCAGTACGACAG-1,-3.6155686,8.697574,s1d1
ACTTTCAGTAGGTAGC-1,5.3553452,17.673239,s1d1
ACTTTCAGTCCCAAAT-1,9.388405,-5.417085,s1d1
ACTTTCAGTGCTTCAA-1,8.277213,8.137907,s1d1
ACTTTCAGTTGCAAGG-1,-3.3382022,10.465705,s1d1
ACTTTCAGTTGGTGTT-1,12.230609,2.0870693,s1d1
ACTTTCATCCGTTGGG-1,8.769139,-5.6716537,s1d1
ACTTTCATCTACCAGA-1,8.221358,-5.639824,s1d1
ACTTTGTAGGAACGCT-1,10.951835,12.638249,s1d1
ACTTTGTAGGGACCAT-1,4.3887844,20.190416,s1d1
ACTTTGTAGGTAATCA-1,7.694377,-1.891234,s1d1
ACTTTGTAGTTGAATG-1,13.122016,4.0147634,s1d1
ACTTTGTCACAAATCC-1,0.17715946,3.928843,s1d1
ACTTTGTCACGCGGTT-1,1.4102967,3.5047214,s1d1
ACTTTGTCAGGGAGAG-1,11.084069,11.07427,s1d1
ACTTTGTCATCACAGT-1,10.499723,14.647727,s1d1
ACTTTGTGTACAGTAA-1,12.870047,3.956873,s1d1
ACTTTGTGTATGTCCA-1,11.251431,12.837873,s1d1
ACTTTGTGTCAGTTTG-1,5.2658453,19.222963,s1d1
ACTTTGTGTTCATCTT-1,12.638917,0.9338688,s1d1
ACTTTGTGTTCCGCTT-1,9.751262,1.9724687,s1d1
ACTTTGTGTTGGGATG-1,3.3247313,20.47034,s1d1
ACTTTGTTCCATCTCG-1,11.556784,1.163437,s1d1
ACTTTGTTCTGTGCTC-1,10.660982,-1.1956158,s1d1
AGAAATGAGCCTCAAT-1,13.874659,5.6327353,s1d1
AGAAATGAGGGTGGGA-1,3.7309005,17.963991,s1d1
AGAAATGCAGAACTTC-1,16.485168,8.313358,s1d1
AGAAATGCAGCGACCT-1,-1.6472656,5.6625066,s1d1
AGAAATGGTGATAGAT-1,-3.812777,8.581913,s1d1
AGAAATGGTGTATTCG-1,-4.370782,10.65007,s1d1
AGAAATGGTGTCCCTT-1,-4.6760635,5.57108,s1d1
AGAAATGTCATAGAGA-1,12.504587,9.05738,s1d1
AGAAATGTCGGTAAGG-1,-0.56461847,5.6943803,s1d1
AGAAATGTCTATTTCG-1,8.014927,-3.6520934,s1d1
AGAACAAAGCCAAGGT-1,3.6514354,20.797306,s1d1
AGAACAAAGCCTTGAT-1,9.711361,8.439754,s1d1
AGAACAAAGTCTAACC-1,2.970142,19.803955,s1d1
AGAACAACAGTGAGCA-1,10.023345,-5.5849195,s1d1
AGAACAAGTACGAGCA-1,0.34224534,5.7519073,s1d1
AGAACCTAGGACAGTC-1,5.3591976,17.89054,s1d1
AGAACCTCAATGCAGG-1,9.181449,7.7942657,s1d1
AGAACCTCAGTGTATC-1,11.866969,12.877129,s1d1
AGAACCTGTCATCTAG-1,3.8983707,20.70498,s1d1
AGAACCTGTCGTTGGC-1,3.0510528,4.0974803,s1d1
AGAACCTGTGTAAATG-1,10.805131,7.824034,s1d1
AGAACCTGTTGCTCAA-1,5.322586,17.813488,s1d1
AGAACCTTCACTGAAC-1,8.677037,3.6973615,s1d1
AGAACCTTCAGGAAAT-1,7.696718,2.560121,s1d1
AGAACCTTCCGACATA-1,12.948773,7.736405,s1d1
AGAACCTTCGCTTAAG-1,7.2399635,-3.309389,s1d1
AGAAGCGAGAGAGCGG-1,-2.6843061,9.7292595,s1d1
AGAAGCGAGAGTGAAG-1,4.729433,2.3014479,s1d1
AGAAGCGCAAGATTGA-1,-4.2552204,8.762751,s1d1
AGAAGCGCACTTGTCC-1,8.111324,9.024028,s1d1
AGAAGCGGTACACGTT-1,6.443075,11.414056,s1d1
AGAAGCGGTACGTAGG-1,11.413269,11.997795,s1d1
AGAAGCGTCACTTGTT-1,13.522779,4.0018125,s1d1
AGAAGCGTCAGACAAA-1,11.658654,10.618313,s1d1
AGAAGTAAGCGAGTAC-1,14.101259,7.378538,s1d1
AGAAGTAAGCGTCAGA-1,14.51643,5.6212864,s1d1
AGAAGTAAGGCGTTAG-1,4.017917,4.623215,s1d1
AGAAGTAAGTCCCAAT-1,1.4602959,2.316318,s1d1
AGAAGTAAGTCGTCTA-1,8.733316,3.0836632,s1d1
AGAAGTACATCAACCA-1,10.7654,8.188151,s1d1
AGAAGTACATGTGCCG-1,14.561336,8.846395,s1d1
AGAAGTATCACCATCC-1,6.457127,20.81388,s1d1
AGAAGTATCCCTCTCC-1,8.405102,-3.3527884,s1d1
AGAAGTATCGTGGGTC-1,13.572238,3.5242693,s1d1
AGAAGTATCGTTGTTT-1,8.028958,-5.262591,s1d1
AGAAGTATCTTCGTAT-1,5.81986,17.603268,s1d1
AGACAAAAGGACGCAT-1,12.361485,9.7755995,s1d1
AGACAAAGTTGGAGGT-1,3.1289444,4.884249,s1d1
AGACACTAGAAGAACG-1,11.206833,0.08914392,s1d1
AGACACTAGCATTGTC-1,6.7884297,11.294035,s1d1
AGACACTAGGTTGGTG-1,-4.2330475,8.331179,s1d1
AGACACTAGTAACGTA-1,10.584182,9.109243,s1d1
AGACACTAGTACAGAT-1,9.46494,0.43134293,s1d1
AGACACTGTGCTCTTC-1,-3.7446954,7.930114,s1d1
AGACACTTCAAGTTGC-1,15.445758,8.332493,s1d1
AGACACTTCACTCGAA-1,9.607333,8.697999,s1d1
AGACAGGAGACCAAGC-1,3.7034502,20.704247,s1d1
AGACAGGAGAGTCAGC-1,5.50667,11.187132,s1d1
AGACAGGAGATAACAC-1,11.732233,0.7158318,s1d1
AGACAGGAGCGATTCT-1,8.774846,3.694018,s1d1
AGACAGGAGGCATCGA-1,8.749266,-5.569235,s1d1
AGACAGGCAAAGCGTG-1,9.180973,8.677987,s1d1
AGACAGGCAGCGTTGC-1,12.685545,4.246755,s1d1
AGACAGGGTGAGATAT-1,12.165227,7.2448125,s1d1
AGACAGGGTGATGGCA-1,0.24580915,6.027742,s1d1
AGACAGGTCACTGGGC-1,-4.1523046,9.581633,s1d1
AGACAGGTCCAGCCTT-1,15.252846,8.124826,s1d1
AGACAGGTCGGATACT-1,10.647163,12.680999,s1d1
AGACAGGTCGTCTAAG-1,1.111051,1.791104,s1d1
AGACCATCACAATGTC-1,9.369846,8.734127,s1d1
AGACCATCAGCTTTCC-1,9.99006,12.835893,s1d1
AGACCATGTAGCGTTT-1,10.506977,9.135546,s1d1
AGACCATGTAGGTAGC-1,9.5690775,1.9121726,s1d1
AGACCATGTCATCGGC-1,9.330099,5.8681564,s1d1
AGACCATGTCGTGTTA-1,12.086393,6.528061,s1d1
AGACCATGTGGGACAT-1,5.8356166,18.21736,s1d1
AGACCATGTGTAAACA-1,14.64092,6.7325845,s1d1
AGACCATTCTTCCCAG-1,10.130376,9.309596,s1d1
AGACCCGAGAAGGCTC-1,10.965333,13.598744,s1d1
AGACCCGAGAGTAACT-1,12.775445,7.063851,s1d1
AGACCCGAGGACGCTA-1,-2.7922728,11.548019,s1d1
AGACCCGCACACGCCA-1,-1.226826,7.268537,s1d1
AGACCCGCATTCACCC-1,14.738545,7.3718915,s1d1
AGACCCGGTCTCACAA-1,11.743007,18.02159,s1d1
AGACCCGGTGAGTGAC-1,12.022451,8.371571,s1d1
AGACCCGGTGTCACAT-1,1.8668678,4.040121,s1d1
AGACCCGTCCGAAATC-1,12.072361,1.277108,s1d1
AGACCCGTCGACCCAG-1,2.6056483,4.728118,s1d1
AGACTCAAGAGGCGGA-1,10.472678,9.790573,s1d1
AGACTCAAGGAAGTCC-1,14.778744,5.935985,s1d1
AGACTCACAAATGCTC-1,-0.56416804,3.957687,s1d1
AGACTCACAAGCACCC-1,9.813636,-2.0945683,s1d1
AGACTCACAGCAGTTT-1,15.784665,10.0035095,s1d1
AGACTCACAGTCCCGA-1,2.294241,2.7251167,s1d1
AGACTCAGTAGGCTCC-1,7.1393857,19.942024,s1d1
AGACTCAGTCTGTGCG-1,2.7246296,18.745848,s1d1
AGAGAATAGAACAGGA-1,6.612791,20.341566,s1d1
AGAGAATCACTTGAGT-1,12.266219,-1.5575409,s1d1
AGAGAATCAGGACTTT-1,3.8215585,18.383656,s1d1
AGAGAATGTAGGTCAG-1,-3.9743474,11.888821,s1d1
AGAGAATTCGCCTCTA-1,6.3897676,19.351023,s1d1
AGAGAATTCTCCAATT-1,13.5870905,3.4818356,s1d1
AGAGAATTCTTCCCAG-1,0.4752675,5.323867,s1d1
AGAGAGCAGAGTTCGG-1,13.817604,7.1955523,s1d1
AGAGAGCAGCACGATG-1,12.576692,8.835549,s1d1
AGAGAGCAGGCCACCT-1,8.671892,9.174106,s1d1
AGAGAGCAGGCCGCTT-1,-0.79330486,5.278772,s1d1
AGAGAGCAGTAACCTC-1,10.148209,9.591792,s1d1
AGAGAGCCAAGGTCAG-1,9.77454,9.83037,s1d1
AGAGAGCGTATGAGCG-1,2.9635596,-0.08349425,s1d1
AGAGAGCGTCTGTAAC-1,6.609946,12.034794,s1d1
AGAGAGCGTGAACCGA-1,8.45869,8.230542,s1d1
AGAGAGCTCCAAGGGA-1,13.660353,4.813301,s1d1
AGAGAGCTCCGCACGA-1,5.2737174,18.31245,s1d1
AGAGCAGAGCATCTTG-1,13.609693,3.350109,s1d1
AGAGCAGAGTAGACCG-1,-4.3158545,10.24526,s1d1
AGAGCAGAGTCCGTCG-1,9.746714,8.590705,s1d1
AGAGCAGCAACAGCTT-1,10.965654,14.308529,s1d1
AGAGCAGCAGGCCTGT-1,6.8733,18.722347,s1d1
AGAGCAGTCCGGTTCT-1,9.541388,2.9971921,s1d1
AGAGCCCAGCGACCCT-1,7.277354,18.665865,s1d1
AGAGCCCAGGACCCAA-1,12.483466,12.062643,s1d1
AGAGCCCCACCTGAAT-1,6.7373476,18.339489,s1d1
AGAGCCCCAGGACAGT-1,13.586565,5.785376,s1d1
AGAGCCCCAGTTTCGA-1,-1.0092089,4.01067,s1d1
AGAGCCCCATCAGCAT-1,13.246639,4.9334126,s1d1
AGAGCCCCATCGATGT-1,9.031907,1.6275513,s1d1
AGAGCCCTCACCTCAC-1,11.367325,9.217219,s1d1
AGAGCCCTCCTCATAT-1,10.083653,13.05774,s1d1
AGAGCCCTCGCTGTCT-1,15.333459,6.814113,s1d1
AGAGCCCTCTATTCGT-1,11.02184,7.535666,s1d1
AGATAGAAGAAGCTCG-1,0.7204945,1.9797133,s1d1
AGATAGAAGAAGTGTT-1,9.239348,7.2057114,s1d1
AGATAGAAGGAGACCT-1,-3.760177,10.415507,s1d1
AGATAGACAGAATTCC-1,3.1041632,4.0794563,s1d1
AGATAGACAGGTCAGA-1,4.221827,20.70021,s1d1
AGATAGAGTCGATTCA-1,11.233069,8.163193,s1d1
AGATAGAGTGCGGTAA-1,9.599989,9.023127,s1d1
AGATAGAGTTCCGCTT-1,3.844883,20.877857,s1d1
AGATAGAGTTCTAAGC-1,11.123142,14.074198,s1d1
AGATAGATCCGGTAGC-1,2.9759192,-0.07432552,s1d1
AGATAGATCGACCCAG-1,14.71924,8.19467,s1d1
AGATAGATCTAAACGC-1,8.4642315,8.791519,s1d1
AGATCCAAGGTCTACT-1,-1.111879,5.7013626,s1d1
AGATCCAAGTAGACAT-1,11.58059,7.5516157,s1d1
AGATCCACAAGCCCAC-1,12.280543,12.470177,s1d1
AGATCCACACTATCGA-1,11.649317,9.790484,s1d1
AGATCCAGTATTTCTC-1,13.8745,7.9311137,s1d1
AGATCCAGTCCACAGC-1,12.692761,6.495166,s1d1
AGATCCATCGTCGGGT-1,9.947136,9.867739,s1d1
AGATCCATCTGAGGTT-1,12.665093,5.3341823,s1d1
AGATCCATCTGTTCAT-1,8.0468855,-2.4570289,s1d1
AGATCGTAGCCGTCGT-1,9.632202,8.6618,s1d1
AGATCGTAGGCAGGTT-1,13.424824,8.572665,s1d1
AGATCGTCAACCGTGC-1,-4.690691,5.878997,s1d1
AGATCGTCACACAGAG-1,12.796684,3.4001427,s1d1
AGATCGTCACCATTCC-1,10.542857,-3.8252997,s1d1
AGATCGTCACCCATAA-1,13.138683,3.2263978,s1d1
AGATCGTCATCGATAC-1,-1.5412351,7.344212,s1d1
AGATCGTGTCATACCA-1,14.685885,7.319689,s1d1
AGATCGTTCAGCCTTC-1,9.75482,-1.6304699,s1d1
AGATCGTTCGGTAACT-1,10.4246645,8.5461235,s1d1
AGATCGTTCTGACCCT-1,10.736132,8.618611,s1d1
AGATCGTTCTTGAACG-1,8.204508,6.825658,s1d1
AGATGAAAGTCGCTAT-1,11.293898,12.676765,s1d1
AGATGAACACACACGC-1,13.150425,6.847974,s1d1
AGATGAACACCGTCTT-1,6.6727505,11.725141,s1d1
AGATGAACATAGTCGT-1,2.5599327,3.2468581,s1d1
AGATGAAGTAGAATGT-1,12.400649,8.731667,s1d1
AGATGAAGTGAGGCAT-1,14.851224,8.622391,s1d1
AGATGAAGTTTATGCG-1,14.497711,6.692471,s1d1
AGATGAATCATGTCAG-1,-5.1573243,8.823494,s1d1
AGATGAATCCGTGTCT-1,10.239251,2.501001,s1d1
AGATGAATCGGCAGTC-1,8.741674,3.3405714,s1d1
AGATGAATCGTACCTC-1,10.794633,12.824162,s1d1
AGATGAATCGTCTAAG-1,5.8421116,11.474555,s1d1
AGATGAATCTCAGGCG-1,12.464521,6.826166,s1d1
AGATGCTAGACTCGAG-1,15.122798,5.8455167,s1d1
AGATGCTAGCCTGTGC-1,12.809665,3.9424872,s1d1
AGATGCTAGGCCACTC-1,8.676676,9.459539,s1d1
AGATGCTAGTCGCCCA-1,5.3912168,17.736362,s1d1
AGATGCTCACTGCACG-1,8.009758,-4.9906244,s1d1
AGATGCTCATACTGTG-1,12.745327,9.142984,s1d1
AGATGCTGTCTGTGTA-1,15.70006,8.702467,s1d1
AGATGCTGTGGGTTGA-1,12.345949,0.34536985,s1d1
AGATGCTGTGTGTCCG-1,-0.38927516,6.769824,s1d1
AGATGCTGTTTGGGAG-1,14.635232,6.2601266,s1d1
AGATGCTTCTCATAGG-1,11.634063,0.34906167,s1d1
AGATGCTTCTGCTCTG-1,7.704102,-4.051369,s1d1
AGATGCTTCTGGACCG-1,12.099657,8.998703,s1d1
AGCATCAAGAAACTCA-1,15.327043,7.059441,s1d1
AGCATCAAGATACATG-1,3.1590326,4.3059072,s1d1
AGCATCAAGGATACGC-1,7.325896,20.605833,s1d1
AGCATCAAGGCGCTTC-1,-0.3684517,3.1040466,s1d1
AGCATCAAGGGTGAAA-1,3.095072,4.1767106,s1d1
AGCATCAAGGTGCTGA-1,11.77043,13.281642,s1d1
AGCATCACAAGTTGGG-1,16.11932,8.7066,s1d1
AGCATCACACTGGCCA-1,10.606897,-3.4771922,s1d1
AGCATCACAGACAAGC-1,11.642247,8.056609,s1d1
AGCATCAGTAGTGTGG-1,3.7886813,18.378864,s1d1
AGCATCATCAGTGCGC-1,-3.8840058,7.7277465,s1d1
AGCCAATAGTAAGACT-1,-4.1521654,7.632249,s1d1
AGCCAATCAAATCAAG-1,13.637297,7.841538,s1d1
AGCCAATCACATCCCT-1,12.882714,7.056458,s1d1
AGCCAATCACTGGAAG-1,5.2932515,18.930792,s1d1
AGCCAATCATATTCGG-1,9.139664,-3.881437,s1d1
AGCCAATCATCGTGGC-1,12.773013,6.7781396,s1d1
AGCCAATGTCCACTTC-1,11.062847,13.755708,s1d1
AGCCAATGTGGCTTAT-1,6.8445554,-2.471557,s1d1
AGCCAATGTTCAAAGA-1,12.654069,7.5251126,s1d1
AGCCAATTCGAAGGAC-1,14.250626,6.584269,s1d1
AGCCACGAGCTTCTAG-1,10.9416275,-0.8711529,s1d1
AGCCACGAGGCATCAG-1,-0.28730735,3.612659,s1d1
AGCCACGCAATCGCCG-1,12.919049,7.443545,s1d1
AGCCACGCATCCCACT-1,-4.0147533,7.539224,s1d1
AGCCACGGTAGCCAGA-1,13.432669,7.7083893,s1d1
AGCCACGGTATCCCAA-1,11.295309,8.871614,s1d1
AGCCACGTCAACCTTT-1,10.256934,6.492968,s1d1
AGCCACGTCCAACCGG-1,16.466312,8.162867,s1d1
AGCCACGTCTCAGAAC-1,12.766614,7.5969343,s1d1
AGCCACGTCTGAATCG-1,11.022646,-4.057083,s1d1
AGCCAGCGTTTAGACC-1,-0.7739585,4.0426664,s1d1
AGCCAGCTCGAACTCA-1,11.116858,13.901683,s1d1
AGCCAGCTCGAGTCTA-1,13.543543,7.2281976,s1d1
AGCCAGCTCGTCTCAC-1,11.082439,13.183126,s1d1
AGCCAGCTCGTGACTA-1,10.770189,13.090004,s1d1
AGCGATTAGGCTCTAT-1,0.7181875,2.2843666,s1d1
AGCGATTAGTCTACCA-1,10.142252,7.4862623,s1d1
AGCGATTCAGAAATTG-1,1.8144658,2.1339421,s1d1
AGCGATTCAGAGTTCT-1,15.718538,6.9403534,s1d1
AGCGATTCAGTAACAA-1,5.893409,11.304349,s1d1
AGCGATTGTAGGAGGG-1,13.338327,3.4258442,s1d1
AGCGATTGTCCGAAAG-1,8.0148735,-4.3771415,s1d1
AGCGATTGTGATGTAA-1,12.43415,9.676848,s1d1
AGCGATTGTGTTCATG-1,12.027391,1.3389753,s1d1
AGCGATTTCAGGACAG-1,9.469238,8.736078,s1d1
AGCGATTTCATTGTTC-1,2.568946,3.65637,s1d1
AGCGATTTCCGTGGGT-1,-1.0105305,4.1474614,s1d1
AGCGCCAAGATTTGCC-1,14.712992,7.9130754,s1d1
AGCGCCAAGCTTCATG-1,6.4101253,19.884575,s1d1
AGCGCCAAGGCGCTCT-1,-4.256033,7.864987,s1d1
AGCGCCAAGGTCGTGA-1,9.146662,-3.2597587,s1d1
AGCGCCACACAAATCC-1,10.808359,-4.660354,s1d1
AGCGCCACAGACAATA-1,13.721822,7.7256,s1d1
AGCGCCACATGACAAA-1,15.341156,6.899516,s1d1
AGCGCCAGTAGTCGTT-1,3.1824522,3.5422447,s1d1
AGCGCCAGTGCTGATT-1,12.708232,6.207588,s1d1
AGCGCCAGTTAATCGC-1,14.686341,6.026038,s1d1
AGCGCTGAGCACACAG-1,-1.793554,5.5390644,s1d1
AGCGCTGAGTCTTCCC-1,3.801684,5.127399,s1d1
AGCGCTGGTATCGAAA-1,13.069582,8.499983,s1d1
AGCGCTGGTCATCAGT-1,12.598938,11.019197,s1d1
AGCGCTGGTTAGGGAC-1,9.0672455,-5.714624,s1d1
AGCGCTGTCAGACCTA-1,-2.8734791,12.073019,s1d1
AGCGCTGTCAGTGATC-1,11.367656,12.213609,s1d1
AGCGTATAGCGCTGAA-1,9.694819,8.316988,s1d1
AGCGTATAGGAGTATT-1,6.1223598,11.534704,s1d1
AGCGTATAGTACCGGA-1,13.295294,6.867459,s1d1
AGCGTATCAACCAACT-1,8.850856,-5.1017203,s1d1
AGCGTATCAATACGAA-1,2.613174,4.935341,s1d1
AGCGTATGTCCAGCCA-1,11.06947,14.15993,s1d1
AGCGTATGTCCCTCAT-1,12.609932,8.610724,s1d1
AGCGTATGTTTCCCAC-1,12.515823,8.012207,s1d1
AGCGTATTCACTAGCA-1,14.200798,8.435237,s1d1
AGCGTATTCTGTCGTC-1,7.0799713,17.541967,s1d1
AGCGTCGAGAAGGATG-1,6.9180174,-2.6990447,s1d1
AGCGTCGAGAGTACCG-1,-2.1175613,5.11357,s1d1
AGCGTCGAGCTGTTCA-1,8.003184,7.884849,s1d1
AGCGTCGAGTTCGCAT-1,-0.40042078,6.7636075,s1d1
AGCGTCGCAACTGAAA-1,10.318004,9.626328,s1d1
AGCGTCGCAAGTACCT-1,11.36327,9.304933,s1d1
AGCGTCGCACCCTCTA-1,8.75307,3.531915,s1d1
AGCGTCGGTAGCGTTT-1,-2.5800571,9.368245,s1d1
AGCGTCGTCATAGAGA-1,9.166,-4.498832,s1d1
AGCGTCGTCATCACAG-1,9.041886,1.2590739,s1d1
AGCGTCGTCATGCCCT-1,2.4171097,4.241142,s1d1
AGCGTCGTCTGCTTTA-1,-4.5440936,9.418065,s1d1
AGCTACAAGAGTCAAT-1,13.08846,4.250301,s1d1
AGCTACAAGTCACACT-1,8.517576,9.347463,s1d1
AGCTACACAAGCGATG-1,-4.4118657,9.945948,s1d1
AGCTACAGTCTACGAT-1,2.8322737,4.2081122,s1d1
AGCTACAGTGTACATC-1,4.9686275,17.749342,s1d1
AGCTACAGTTTGCCGG-1,-2.5352044,10.663917,s1d1
AGCTACATCTGTGCAA-1,10.478128,7.258888,s1d1
AGCTCAAAGAGTGTTA-1,8.979474,-5.6239386,s1d1
AGCTCAAAGCACCGAA-1,9.807264,9.119785,s1d1
AGCTCAAAGCACTCGC-1,5.651114,20.623983,s1d1
AGCTCAAAGTTGCATC-1,-3.786463,8.830422,s1d1
AGCTCAACAACACTAC-1,14.101288,5.7416506,s1d1
AGCTCAACAGAGTTGG-1,13.448119,8.752565,s1d1
AGCTCAAGTCATAGTC-1,3.9156458,18.29305,s1d1
AGCTCAAGTTAATCGC-1,7.543199,-2.9395492,s1d1
AGCTCAATCAGTGTCA-1,1.6125096,3.6916184,s1d1
AGCTCAATCCAAAGGG-1,5.9429803,20.686745,s1d1
AGCTCAATCCCAGTGG-1,7.9023695,-4.816819,s1d1
AGCTCAATCGCCAGTG-1,3.865663,20.354158,s1d1
AGCTTCCAGCGTCAGA-1,11.1416855,11.719054,s1d1
AGCTTCCAGGGCAGGA-1,-0.6017407,3.9168105,s1d1
AGCTTCCCACAGTATC-1,4.3266554,20.630186,s1d1
AGCTTCCCATGTAACC-1,12.289291,7.6856046,s1d1
AGCTTCCGTATGGAAT-1,3.9624002,20.345707,s1d1
AGCTTCCGTCTAATCG-1,5.7932615,18.008972,s1d1
AGGAAATAGAGAGTGA-1,6.9395566,17.778318,s1d1
AGGAAATAGCGTTGTT-1,15.327919,6.990894,s1d1
AGGAAATCAAAGGGCT-1,8.725067,8.9158745,s1d1
AGGAAATCAACCTAAC-1,5.752866,20.741833,s1d1
AGGAAATCAAGATCCT-1,3.2720623,20.604454,s1d1
AGGAAATCAGCCATTA-1,12.643752,9.024834,s1d1
AGGAAATCAGCTTTCC-1,11.603287,9.230737,s1d1
AGGAAATGTCCTGGGT-1,6.728981,2.929455,s1d1
AGGAAATGTCGCTTGG-1,3.214157,20.521051,s1d1
AGGAAATGTTGCCATA-1,11.954852,8.626183,s1d1
AGGAAATTCCGACAGC-1,12.252086,8.215572,s1d1
AGGAAATTCTCCAAGA-1,-4.530046,5.6242213,s1d1
AGGAAATTCTTCTGGC-1,3.7792132,18.22436,s1d1
AGGAATAAGGTGTGAC-1,3.0318656,19.53359,s1d1
AGGAATAAGTGCAGCA-1,13.139121,5.889116,s1d1
AGGAATACAAGAGGTC-1,14.805862,5.851238,s1d1
AGGAATAGTATGAGCG-1,-1.0604075,3.670673,s1d1
AGGAATAGTGGCAACA-1,8.934911,-4.154515,s1d1
AGGAATAGTGGCTGAA-1,10.357778,2.8841634,s1d1
AGGAATATCGAGGCAA-1,9.25943,9.1005125,s1d1
AGGACGAAGCAGCCTC-1,-4.1534333,10.350859,s1d1
AGGACGAGTATGCGGA-1,-0.21414022,3.673848,s1d1
AGGACGAGTCCCGGTA-1,13.449539,5.69223,s1d1
AGGACGATCATGCCGG-1,12.531208,7.0800047,s1d1
AGGACGATCCATCTAT-1,11.241395,8.310939,s1d1
AGGACTTAGAGATCGC-1,7.3309884,-3.3632708,s1d1
AGGACTTAGAGTAACT-1,3.3062832,20.378138,s1d1
AGGACTTAGAGTGGCT-1,13.461256,2.8648777,s1d1
AGGACTTCACATGGTT-1,3.8552628,18.6942,s1d1
AGGACTTGTACTCAAC-1,12.469394,0.73421,s1d1
AGGACTTGTCAACCAT-1,2.4741325,5.106859,s1d1
AGGACTTGTCGTGGTC-1,10.103185,16.591738,s1d1
AGGACTTGTTGCTGAT-1,-3.2056015,11.00321,s1d1
AGGACTTTCAGCGCGT-1,-1.0672938,5.6463146,s1d1
AGGAGGTAGGAAACGA-1,7.070784,20.430128,s1d1
AGGAGGTAGGGTATAT-1,3.2128627,2.3050468,s1d1
AGGAGGTAGTTAGAAC-1,9.940053,8.651088,s1d1
AGGAGGTCATCTCGTC-1,8.915454,-4.841043,s1d1
AGGAGGTGTGAAGCTG-1,10.616134,14.030836,s1d1
AGGAGGTGTGTGTTTG-1,7.159387,10.960568,s1d1
AGGAGGTGTTCCTTGC-1,4.8703737,18.710943,s1d1
AGGAGGTTCCGTAGGC-1,14.229233,6.741424,s1d1
AGGATAAAGGACAGTC-1,13.518003,4.167251,s1d1
AGGATAAAGTCAGCCC-1,12.462749,6.531499,s1d1
AGGATAAAGTCCCGAC-1,11.784503,11.375373,s1d1
AGGATAACAGAGAATT-1,8.14362,-2.084029,s1d1
AGGATAACATGACAGG-1,13.788066,3.7128718,s1d1
AGGATAAGTGGGAGAG-1,4.0517592,18.340776,s1d1
AGGATAATCAGCCTTC-1,9.41328,-1.5752636,s1d1
AGGATAATCCATCAGA-1,-4.981689,8.396912,s1d1
AGGATAATCTACAGGT-1,9.481109,7.6476464,s1d1
AGGATAATCTGCTTTA-1,15.761855,9.978812,s1d1
AGGATCTAGGTCTACT-1,4.1294603,20.335003,s1d1
AGGATCTAGGTTCATC-1,8.654549,-5.39756,s1d1
AGGATCTCACCAGTAT-1,7.788114,-5.1376295,s1d1
AGGATCTGTGCTATTG-1,6.351501,20.725843,s1d1
AGGATCTTCCGTTGGG-1,8.628231,8.561594,s1d1
AGGATCTTCGCCTAGG-1,-4.5152726,9.18286,s1d1
AGGCATTAGCCGATTT-1,10.518532,7.974233,s1d1
AGGCATTAGTTGTCGT-1,8.240334,2.0024924,s1d1
AGGCATTCACGTACTA-1,12.241257,9.238158,s1d1
AGGCATTGTCAACATC-1,-0.7018554,5.7492948,s1d1
AGGCATTGTGACGCCT-1,15.489051,9.631738,s1d1
AGGCATTGTTTCGTGA-1,10.11449,6.4774423,s1d1
AGGCATTTCTCGCTCA-1,11.993099,10.314244,s1d1
AGGCATTTCTGTCGCT-1,12.194228,-1.4222242,s1d1
AGGCCACAGGGCAGTT-1,9.9079485,3.0527093,s1d1
AGGCCACAGGTAAGTT-1,10.16551,-5.0791335,s1d1
AGGCCACCACACCAGC-1,15.35823,8.3670435,s1d1
AGGCCACGTCGTGGAA-1,13.018352,4.0309477,s1d1
AGGCCACTCGATGGAG-1,15.215287,7.297222,s1d1
AGGCTGCAGCGGCTCT-1,9.37652,6.7261233,s1d1
AGGCTGCAGTAACCGG-1,4.502403,18.787348,s1d1
AGGCTGCCAGCGTAGA-1,10.827701,14.322768,s1d1
AGGCTGCGTGACTGAG-1,13.044887,5.351562,s1d1
AGGCTGCGTGGACTGA-1,9.379317,7.510592,s1d1
AGGCTGCGTTTCACAG-1,7.7777405,1.6140009,s1d1
AGGCTGCTCCTGTAGA-1,4.460454,19.266161,s1d1
AGGCTGCTCTTTCCGG-1,-3.162645,8.307062,s1d1
AGGGAGTAGACATATG-1,6.384143,11.148674,s1d1
AGGGAGTAGCACCCAC-1,10.799105,13.067825,s1d1
AGGGAGTAGCGTGAAC-1,7.9863367,-1.4308722,s1d1
AGGGAGTAGGTCGTGA-1,8.323082,-3.234984,s1d1
AGGGAGTCACGGTCTG-1,3.9811616,20.713634,s1d1
AGGGAGTCAGCATCTA-1,10.180363,7.346622,s1d1
AGGGAGTTCCTCTCGA-1,8.770273,-5.757745,s1d1
AGGGCCTAGCCGTTAT-1,7.8813343,-4.4377794,s1d1
AGGGCCTCAAACACGG-1,8.359897,-4.926585,s1d1
AGGGCCTCAAATACAG-1,6.2090864,17.144798,s1d1
AGGGCCTCAAGAGCTG-1,15.590229,9.265249,s1d1
AGGGCCTCATCCCGTT-1,9.787504,-0.84295034,s1d1
AGGGCCTTCAAGGAGC-1,9.729751,-1.5341833,s1d1
AGGGCCTTCAGTCACA-1,11.875211,8.543232,s1d1
AGGGCCTTCTCAGTCC-1,6.193446,20.43113,s1d1
AGGGCCTTCTGGAAGG-1,9.351268,-5.5002117,s1d1
AGGGCTCCACCGAATT-1,10.089973,6.239525,s1d1
AGGGCTCCATGACTAC-1,14.303473,5.891882,s1d1
AGGGCTCGTAACACGG-1,3.670763,20.792519,s1d1
AGGGCTCGTATTGACC-1,7.332098,-4.6483407,s1d1
AGGGCTCGTCTCACGG-1,9.779069,-4.661081,s1d1
AGGGCTCTCAAGCCGC-1,2.600021,17.506845,s1d1
AGGGCTCTCATGAGAA-1,-0.05743901,3.5926425,s1d1
AGGGTCCAGTATAGGT-1,12.963283,6.9328947,s1d1
AGGGTCCCACTCACTC-1,10.224141,-4.0335646,s1d1
AGGGTCCCATGAAGCG-1,3.5495167,16.095352,s1d1
AGGGTCCGTACCGTCG-1,14.683054,9.254887,s1d1
AGGGTCCGTTCTTGCC-1,-0.014918218,3.1745164,s1d1
AGGGTCCTCTGAGAAA-1,8.727304,-4.9462304,s1d1
AGGGTGAAGCCATTCA-1,10.523302,14.312846,s1d1
AGGGTGAAGCTCGCAC-1,7.6458907,8.084187,s1d1
AGGGTGAAGGTGCTTT-1,12.898739,6.6253223,s1d1
AGGGTGAAGTGCAAAT-1,3.334966,20.380783,s1d1
AGGGTGAAGTTGGACG-1,12.879939,7.23556,s1d1
AGGGTGACAATAGAGT-1,-4.3479075,9.338484,s1d1
AGGGTGACAATAGTCC-1,2.9030972,20.791704,s1d1
AGGGTGACAGAGCGTA-1,11.460298,9.141485,s1d1
AGGGTGAGTCGAGCAA-1,7.3089633,-2.5729773,s1d1
AGGGTGAGTGACCGAA-1,8.713562,7.4737725,s1d1
AGGGTGAGTGACTGAG-1,13.024526,5.803777,s1d1
AGGGTGAGTGATACAA-1,10.193408,-4.9243565,s1d1
AGGGTGAGTGTCCTAA-1,3.0280073,19.891655,s1d1
AGGGTGATCAAGTAAG-1,11.847553,1.742078,s1d1
AGGGTGATCCACAGGC-1,3.6912894,20.124329,s1d1
AGGGTGATCCGATAAC-1,10.797703,13.82019,s1d1
AGGGTGATCGTCTAAG-1,11.3139105,0.3474275,s1d1
AGGGTTTAGGGCTAAC-1,10.732627,13.035991,s1d1
AGGGTTTAGTGAGTGC-1,9.583761,6.17249,s1d1
AGGGTTTCAATGCAGG-1,1.1901252,3.4147875,s1d1
AGGGTTTCACAGCATT-1,8.454583,7.504752,s1d1
AGGGTTTCATTAAGCC-1,14.06098,6.371826,s1d1
AGGGTTTCATTGAGCT-1,12.021117,6.6262865,s1d1
AGGGTTTGTGCCGAAA-1,2.7031794,3.4045558,s1d1
AGGGTTTGTTTGAAAG-1,13.584722,3.4406292,s1d1
AGGTAGGAGCCGCTTG-1,-4.5418196,9.570321,s1d1
AGGTAGGAGCTAGTTC-1,8.404278,8.706071,s1d1
AGGTAGGCACAAGCTT-1,14.181001,8.908671,s1d1
AGGTAGGCAGCGGATA-1,5.7229834,19.055353,s1d1
AGGTAGGCAGGTTACT-1,6.526777,21.111717,s1d1
AGGTAGGCATAGAAAC-1,2.9689577,5.1898685,s1d1
AGGTAGGTCCACGTAA-1,14.4339905,8.4140005,s1d1
AGGTAGGTCGCGTGCA-1,-1.089814,4.36197,s1d1
AGGTAGGTCTAATTCC-1,2.7530782,2.440758,s1d1
AGGTCATAGCGTGCCT-1,8.364018,-5.673628,s1d1
AGGTCATAGCTTGTTG-1,11.238085,7.5081725,s1d1
AGGTCATCAGCGCGTT-1,8.4626045,-5.5050044,s1d1
AGGTCATCAGGAACCA-1,9.362324,8.174461,s1d1
AGGTCATGTATGGTTC-1,7.648373,-4.213051,s1d1
AGGTCATTCAAGCCCG-1,2.7895758,4.5646605,s1d1
AGGTCATTCATTACTC-1,10.332657,9.331003,s1d1
AGGTCATTCTGTCCCA-1,4.000753,19.849937,s1d1
AGGTCTAAGATAACAC-1,2.5638,3.9375105,s1d1
AGGTCTAAGCCATGCC-1,6.2065806,20.668468,s1d1
AGGTCTAAGCCTAACT-1,9.0006695,13.362933,s1d1
AGGTCTAAGGTACTGG-1,-1.5402384,7.39091,s1d1
AGGTCTAAGGTTTGAA-1,14.981883,7.7233906,s1d1
AGGTCTACATCATGAC-1,12.031816,6.55735,s1d1
AGGTCTACATCCCACT-1,5.7647257,17.795414,s1d1
AGGTCTAGTATTCCGA-1,11.361393,6.2186036,s1d1
AGGTCTAGTCTGCGCA-1,-3.1458097,9.993286,s1d1
AGGTCTATCCATCAGA-1,10.470136,-4.1630716,s1d1
AGGTCTATCTGCTGAA-1,7.116097,20.438862,s1d1
AGGTGTTAGAGCTTTC-1,11.420972,11.829038,s1d1
AGGTGTTAGGCACTAG-1,1.7072527,3.1289973,s1d1
AGGTGTTAGTAGGATT-1,8.662686,9.187138,s1d1
AGGTGTTCACGGGTAA-1,3.8285723,20.815683,s1d1
AGGTGTTCAGATCACT-1,15.07219,8.926374,s1d1
AGGTGTTGTTTCCCAC-1,9.865326,12.877487,s1d1
AGGTGTTTCTATCGGA-1,13.687313,5.409505,s1d1
AGGTTACAGAAATTGC-1,12.440815,9.517648,s1d1
AGGTTACAGGCCTGCT-1,9.615993,-0.7766334,s1d1
AGGTTACCACGGCTAC-1,6.40448,19.940498,s1d1
AGGTTACCATCGGATT-1,9.894204,-5.54784,s1d1
AGGTTACCATGCACTA-1,13.304367,7.353164,s1d1
AGGTTACCATGGCGCT-1,10.198907,7.5476294,s1d1
AGGTTACTCATGAGGG-1,11.250303,-0.25664288,s1d1
AGGTTGTAGATGAACT-1,12.426355,12.451582,s1d1
AGGTTGTAGCGGCTCT-1,9.551383,9.308272,s1d1
AGGTTGTAGCGTGTTT-1,2.8799741,0.65725464,s1d1
AGGTTGTCAGGGTCTC-1,9.677173,9.001364,s1d1
AGGTTGTCATGGCCCA-1,-0.26105332,7.0443387,s1d1
AGGTTGTGTACTAGCT-1,7.876031,-4.0302644,s1d1
AGGTTGTGTGGTCTCG-1,12.526296,6.341014,s1d1
AGGTTGTTCAGAATAG-1,-3.0027442,10.6345215,s1d1
AGGTTGTTCTGGCCAG-1,0.030837642,2.8833122,s1d1
AGTAACCAGATTGACA-1,-0.7438314,4.2077975,s1d1
AGTAACCCAATGTGGG-1,-3.3526871,8.651025,s1d1
AGTAACCCATAAGCGG-1,3.5769513,2.110395,s1d1
AGTAACCCATAGGCGA-1,16.045471,7.564672,s1d1
AGTAACCGTCGGCCTA-1,7.9370832,8.16836,s1d1
AGTAACCGTGCGGTAA-1,10.860665,12.844029,s1d1
AGTAACCTCAAACCTG-1,11.68212,9.51003,s1d1
AGTAACCTCAGCACCG-1,9.975821,8.769005,s1d1
AGTAACCTCGCTGATA-1,11.469903,-1.223444,s1d1
AGTAACCTCGGACCAC-1,15.309226,7.9554353,s1d1
AGTAACCTCTGGGATT-1,11.231695,12.767644,s1d1
AGTAACCTCTTAGCTT-1,6.6178546,20.148203,s1d1
AGTACCAAGCAGATAT-1,0.6572222,2.03468,s1d1
AGTACCACATGAGATA-1,6.529335,20.100897,s1d1
AGTACCAGTTCGCGTG-1,2.7337444,20.578085,s1d1
AGTACCATCGAAGCCC-1,5.697252,2.0160518,s1d1
AGTACTGAGAACAGGA-1,0.29317862,5.5842514,s1d1
AGTACTGAGTTTCGAC-1,10.078924,9.074769,s1d1
AGTACTGCAAGACCTT-1,5.121862,17.985844,s1d1
AGTACTGCAAGCTGTT-1,10.997502,8.277868,s1d1
AGTACTGCAATCTAGC-1,7.0316367,-2.281586,s1d1
AGTACTGCATTGAAAG-1,6.016167,1.9526074,s1d1
AGTACTGGTAGGAAAG-1,8.540151,9.413375,s1d1
AGTACTGGTATGACAA-1,7.2932854,-4.437312,s1d1
AGTACTGGTCCATCTC-1,9.477901,-4.8025036,s1d1
AGTACTGGTGGAAGTC-1,13.596381,6.6737785,s1d1
AGTACTGGTGGATACG-1,9.386161,-3.438376,s1d1
AGTACTGGTGTGCCTG-1,15.011482,7.8777957,s1d1
AGTACTGTCGAACCAT-1,15.3975935,9.793225,s1d1
AGTACTGTCTCTCTTC-1,0.2653011,4.9339,s1d1
AGTACTGTCTTTCCAA-1,8.105778,-2.238621,s1d1
AGTAGCTAGACGCCCT-1,11.835117,8.340389,s1d1
AGTAGCTAGACTTGTC-1,-4.894933,8.416937,s1d1
AGTAGCTAGGTCACAG-1,10.189091,2.190009,s1d1
AGTAGCTAGGTGCAGT-1,13.137727,7.7053895,s1d1
AGTAGCTAGTCACTAC-1,11.09047,12.566216,s1d1
AGTAGCTCAACTAGAA-1,11.334686,11.934711,s1d1
AGTAGCTCACTATGTG-1,2.5195577,15.905446,s1d1
AGTAGCTCAGTAGATA-1,3.2978644,20.709873,s1d1
AGTAGCTGTAGACTGG-1,13.778913,7.1603208,s1d1
AGTAGCTGTCTCGACG-1,4.653107,16.134964,s1d1
AGTAGCTGTGGTACAG-1,10.301771,6.9785466,s1d1
AGTAGCTTCCACGGGT-1,10.40457,8.179302,s1d1
AGTAGTCAGCTGTTAC-1,8.892907,9.763082,s1d1
AGTAGTCCAATGCTCA-1,3.579637,20.037434,s1d1
AGTAGTCCACACTGGC-1,-0.56124234,5.5780926,s1d1
AGTAGTCCATAACGGG-1,11.296293,12.97792,s1d1
AGTAGTCCATAATGAG-1,7.501772,3.28567,s1d1
AGTAGTCCATGATAGA-1,8.300797,8.981652,s1d1
AGTAGTCGTGGACAGT-1,8.626719,-5.1267376,s1d1
AGTAGTCTCGACGTCG-1,11.781881,-1.8255368,s1d1
AGTAGTCTCGCGCCAA-1,10.835063,12.947557,s1d1
AGTAGTCTCTGGGCGT-1,11.078799,10.335342,s1d1
AGTCAACAGGATACAT-1,7.3478127,17.027466,s1d1
AGTCAACAGGATGTTA-1,13.391889,7.261145,s1d1
AGTCAACAGGCCTGAA-1,6.8606014,20.435122,s1d1
AGTCAACAGTGCCGAA-1,12.651091,4.608125,s1d1
AGTCAACAGTGGATTA-1,11.927307,-1.6128606,s1d1
AGTCAACCAACACACT-1,9.584466,7.658807,s1d1
AGTCAACCAACCTAAC-1,5.6607256,18.087069,s1d1
AGTCAACCAGCGACCT-1,9.341857,-5.6693497,s1d1
AGTCAACTCCATTTGT-1,14.0437355,7.9156027,s1d1
AGTCACAAGGATACCG-1,11.5018425,12.135118,s1d1
AGTCACAAGTAACGAT-1,6.159514,11.124629,s1d1
AGTCACAAGTGTAGTA-1,2.0226226,4.0267525,s1d1
AGTCACACAACGTAAA-1,-1.9695079,5.393841,s1d1
AGTCACAGTGGCCCAT-1,-1.1606108,5.5669546,s1d1
AGTCACATCATATGGC-1,-2.8317702,8.696427,s1d1
AGTCACATCTACGCGG-1,2.3972754,5.098502,s1d1
AGTCATGAGAGAGCGG-1,13.919778,7.1441736,s1d1
AGTCATGAGCGACTTT-1,10.184339,9.127525,s1d1
AGTCATGAGCGAGAAA-1,9.172565,13.131249,s1d1
AGTCATGAGGACAGCT-1,8.636204,-4.576098,s1d1
AGTCATGAGGCGAAGG-1,3.3452446,19.36464,s1d1
AGTCATGCAGTCTCTC-1,15.340177,8.433292,s1d1
AGTCATGCATCGAGCC-1,8.230345,6.7588744,s1d1
AGTCATGCATTCTTCA-1,11.208729,10.117657,s1d1
AGTCATGCATTGAAAG-1,9.81023,9.322706,s1d1
AGTCATGTCATCTACT-1,11.704307,13.14548,s1d1
AGTCATGTCTCTGACC-1,13.475102,4.5521026,s1d1
AGTCTCCAGAAATTCG-1,-4.4816628,10.669671,s1d1
AGTCTCCAGGCGAACT-1,5.4707623,18.316175,s1d1
AGTCTCCCAACTTGGT-1,1.2978919,3.0033388,s1d1
AGTCTCCCACAACGAG-1,10.411354,-2.9334452,s1d1
AGTCTCCCACAGCGCT-1,10.840735,7.5527515,s1d1
AGTCTCCGTAGAGCTG-1,-3.7709672,7.4539924,s1d1
AGTCTCCGTATGTGTC-1,10.208668,17.427366,s1d1
AGTCTCCGTGAGCGAT-1,10.097808,-5.5416083,s1d1
AGTCTCCGTGGCTACC-1,12.193626,2.075809,s1d1
AGTCTCCTCACACCCT-1,10.363615,2.6345465,s1d1
AGTCTCCTCTCCCAAC-1,9.813782,6.255669,s1d1
AGTGACTAGAATCGTA-1,-0.71909016,5.2294416,s1d1
AGTGACTGTACTCCCT-1,6.830355,2.9084685,s1d1
AGTGACTGTCTCAGGC-1,-3.5445719,5.234573,s1d1
AGTGACTGTCTCTCCA-1,9.111389,-4.028937,s1d1
AGTGACTTCAGACCCG-1,13.480535,8.574958,s1d1
AGTGACTTCCGCTGTT-1,10.938159,8.050559,s1d1
AGTGACTTCCGGGACT-1,6.265384,11.108574,s1d1
AGTGACTTCTTTCAGT-1,3.8635054,20.96408,s1d1
AGTGATCAGATGTAGT-1,9.695244,-5.788995,s1d1
AGTGATCAGCAATAAC-1,3.7113576,19.290625,s1d1
AGTGATCAGCTTGTGT-1,-4.35073,8.894398,s1d1
AGTGATCAGGATTCAA-1,6.470528,20.29259,s1d1
AGTGATCCAGCGTGAA-1,13.736279,6.4133873,s1d1
AGTGATCGTCGCTTGG-1,5.9832797,19.543392,s1d1
AGTGATCGTTATGGTC-1,5.9297338,11.213552,s1d1
AGTGATCTCAGACAAA-1,15.57384,9.608407,s1d1
AGTGATCTCCGTGTGG-1,11.805479,9.945737,s1d1
AGTGATCTCGAGAAAT-1,12.342394,9.108637,s1d1
AGTGATCTCTCCCAAC-1,-1.828161,5.599792,s1d1
AGTGCCGAGTAGAGTT-1,1.4752762,2.660526,s1d1
AGTGCCGCACGTCATA-1,12.052851,-3.762071,s1d1
AGTGCCGCACGTCGGT-1,-0.37442046,5.023472,s1d1
AGTGCCGCACTCCTGT-1,-4.4463997,8.232107,s1d1
AGTGCCGCAGTCGGTC-1,12.350217,9.419378,s1d1
AGTGCCGGTCAGTCTA-1,15.147025,9.581011,s1d1
AGTGCCGGTTCTCTCG-1,10.270423,-4.543923,s1d1
AGTGCCGTCTACACTT-1,15.691069,7.243831,s1d1
AGTGTTGAGACCAAAT-1,12.418867,7.0147204,s1d1
AGTGTTGAGGTTATAG-1,7.862297,-5.1682687,s1d1
AGTGTTGCAAGATCCT-1,9.06127,13.431288,s1d1
AGTGTTGCACAATGAA-1,11.52132,10.609997,s1d1
AGTGTTGCATCGATGT-1,-2.3923635,9.832224,s1d1
AGTGTTGCATGACAAA-1,3.8086865,20.557552,s1d1
AGTGTTGGTACGAGTG-1,12.318715,0.63126564,s1d1
AGTGTTGGTGTACATC-1,6.326582,1.8597344,s1d1
AGTGTTGTCACTGGGC-1,3.732398,20.085682,s1d1
AGTGTTGTCAGTCATG-1,15.56646,9.463329,s1d1
AGTGTTGTCCATCGTC-1,10.928061,-0.8879854,s1d1
AGTGTTGTCCCGTGAG-1,13.793459,5.507215,s1d1
AGTGTTGTCGCGATCG-1,3.7389412,20.168615,s1d1
AGTGTTGTCTCGCGTT-1,12.835931,3.6535378,s1d1
AGTTAGCAGCATACTC-1,15.6999035,8.728557,s1d1
AGTTAGCAGCGCCATC-1,3.6612248,20.191315,s1d1
AGTTAGCCAGGCTTGC-1,3.6030676,20.200264,s1d1
AGTTAGCGTCGTTGCG-1,4.0558777,17.97437,s1d1
AGTTAGCTCACCTTGC-1,2.4372954,4.7428985,s1d1
AGTTAGCTCATTCACT-1,12.066158,10.406848,s1d1
AGTTCCCAGAGGATGA-1,12.04717,9.712832,s1d1
AGTTCCCAGTTGTCAC-1,3.9585676,20.716682,s1d1
AGTTCCCAGTTTCTTC-1,10.243793,10.130824,s1d1
AGTTCCCCAACTTGGT-1,16.008146,8.634366,s1d1
AGTTCCCCACAATCTG-1,9.719486,9.450303,s1d1
AGTTCCCCACCCAATA-1,7.4073763,11.008524,s1d1
AGTTCCCCACGCAAAG-1,-4.1611447,8.949988,s1d1
AGTTCCCGTAGGCTCC-1,12.735085,-3.6863365,s1d1
AGTTCCCTCCACAGCG-1,11.556079,9.4107065,s1d1
AGTTCCCTCGTGTCAA-1,13.913711,4.4211483,s1d1
AGTTCCCTCTGGGTCG-1,4.1323986,2.0434563,s1d1
AGTTCCCTCTTCCTAA-1,12.092122,-1.4874654,s1d1
AGTTCGAAGACGCCAA-1,10.995104,12.545716,s1d1
AGTTCGAAGCGGGTAT-1,14.8180895,8.827543,s1d1
AGTTCGACACCAGCTG-1,-2.4979432,9.911838,s1d1
AGTTCGAGTAACACGG-1,-0.4469394,3.4582064,s1d1
AGTTCGAGTGCAAGAC-1,13.243744,6.370261,s1d1
AGTTCGATCCATCAGA-1,9.88127,-5.5760574,s1d1
ATACCGAGTTGGACTT-1,9.171112,17.581402,s1d1
ATACCGATCACGACTA-1,-2.517413,9.421842,s1d1
ATACCTTAGCAGGGAG-1,7.6372128,-4.285361,s1d1
ATACCTTAGGCAGGGA-1,12.889247,8.328721,s1d1
ATACCTTCAAGCTGCC-1,11.722713,0.319681,s1d1
ATACCTTCACGCTATA-1,13.276263,5.511585,s1d1
ATACCTTGTTCGGCGT-1,10.086458,-5.3796883,s1d1
ATACCTTTCGCAGTCG-1,1.6321537,1.3745371,s1d1
ATACCTTTCTTCTCAA-1,10.588257,8.644627,s1d1
ATACTTCAGGTAAGAG-1,13.279528,4.4800606,s1d1
ATACTTCAGGTTTACC-1,13.374505,3.1867456,s1d1
ATACTTCCATACACCA-1,8.129913,2.969696,s1d1
ATACTTCCATGACGGA-1,4.824506,18.127987,s1d1
ATACTTCGTGTTAGCT-1,13.980648,4.453784,s1d1
ATACTTCTCCCGAGAC-1,13.922259,8.100351,s1d1
ATACTTCTCGTAGCCG-1,10.897909,12.343689,s1d1
ATAGACCAGCTACTGT-1,3.9486148,20.5546,s1d1
ATAGACCAGGACTATA-1,11.008501,17.251719,s1d1
ATAGACCCAGGATGAC-1,-0.28305078,4.971119,s1d1
ATAGAGAAGGCGAAGG-1,-4.8866053,8.13235,s1d1
ATAGAGAAGTCATGCT-1,3.017134,20.165552,s1d1
ATAGAGACACCATATG-1,-4.734537,5.963082,s1d1
ATAGAGACAGACCGCT-1,6.620878,20.828115,s1d1
ATAGAGACAGCTGTGC-1,8.3558035,-5.9417324,s1d1
ATAGAGACATCCCACT-1,-4.532838,7.998625,s1d1
ATAGAGACATGGGTCC-1,-3.3205297,11.658884,s1d1
ATAGAGAGTGGAGGTT-1,-4.4458137,9.558543,s1d1
ATAGGCTCAACAAGAT-1,3.5345137,19.146313,s1d1
ATAGGCTCACGTGTGC-1,5.853595,20.233898,s1d1
ATAGGCTCATGTGCCG-1,2.1991181,4.757891,s1d1
ATAGGCTGTGAATATG-1,2.65323,5.0310125,s1d1
ATAGGCTGTTCTTGCC-1,5.7457952,19.814274,s1d1
ATAGGCTTCCACACCT-1,10.644077,7.444471,s1d1
ATATCCTAGGAACGAA-1,9.485429,-5.276366,s1d1
ATATCCTCACCAGCCA-1,12.208853,8.815189,s1d1
ATATCCTCAGAGACTG-1,-1.214393,5.524201,s1d1
ATATCCTCATGACACT-1,11.095625,13.959318,s1d1
ATATCCTCATTGTAGC-1,8.597107,3.2173219,s1d1
ATATCCTGTTCCGCTT-1,-3.1933587,9.772379,s1d1
ATATCCTGTTGCCGAC-1,12.910869,3.3713613,s1d1
ATCACAGAGGTTGGAC-1,12.150349,2.2739265,s1d1
ATCACAGCACCGCTAG-1,9.409692,-5.90407,s1d1
ATCACAGCACGTCGGT-1,15.2927265,9.394642,s1d1
ATCACAGGTCCGTTTC-1,13.688869,4.0313287,s1d1
ATCACAGGTGGGTCAA-1,-4.572852,5.4904447,s1d1
ATCACAGTCCATCAGA-1,-1.4618746,7.225138,s1d1
ATCACAGTCCCGTTCA-1,11.056359,-1.2504885,s1d1
ATCACAGTCGTGGTAT-1,1.1974461,2.236691,s1d1
ATCACGAAGACAGCGT-1,13.951731,5.523047,s1d1
ATCACGAAGTTCCGTA-1,12.214654,9.408915,s1d1
ATCACGACAAAGCAAT-1,9.777231,-3.883571,s1d1
ATCACGACACCTGTCT-1,6.91214,20.614996,s1d1
ATCACGACACGACTAT-1,5.040698,19.350264,s1d1
ATCACGACACGTACTA-1,3.5423238,20.45456,s1d1
ATCACGACAGCGTTGC-1,10.839733,8.868316,s1d1
ATCACGACATCACCAA-1,10.496183,14.448977,s1d1
ATCACGACATTCTTCA-1,13.747066,7.5396123,s1d1
ATCACGAGTGGTAACG-1,13.477488,5.861187,s1d1
ATCACGATCACCCTTG-1,-0.7703929,5.5840006,s1d1
ATCACGATCCTCAGAA-1,6.578379,20.758303,s1d1
ATCACGATCTACAGGT-1,14.277417,6.377929,s1d1
ATCACTTAGAAAGCGA-1,5.0591106,20.666237,s1d1
ATCACTTAGCCTCTCT-1,2.967886,0.7474626,s1d1
ATCACTTAGCTACTGT-1,12.355811,-3.5923982,s1d1
ATCACTTAGGCGAACT-1,0.68480736,2.6939185,s1d1
ATCACTTCAAGAGTAT-1,4.8188286,18.549345,s1d1
ATCACTTGTCATTCCC-1,14.443802,8.426958,s1d1
ATCACTTGTCGCACGT-1,3.1175842,2.4397938,s1d1
ATCACTTTCACGATCA-1,10.318808,8.11627,s1d1
ATCACTTTCCGTGACG-1,3.0577037,18.894472,s1d1
ATCACTTTCGTTATCT-1,8.484694,0.39329937,s1d1
ATCAGGTAGAGGTCGT-1,9.501577,-5.674558,s1d1
ATCAGGTAGTCACAGG-1,9.213094,7.921866,s1d1
ATCAGGTCAAACGGCA-1,-3.7309525,11.311961,s1d1
ATCAGGTCAGTTTCGA-1,-4.343081,7.7080445,s1d1
ATCAGGTGTCTCACGG-1,14.66598,6.4126906,s1d1
ATCAGGTGTGTACGCC-1,13.430343,3.663356,s1d1
ATCAGGTTCAATCCGA-1,8.620131,-2.8258572,s1d1
ATCAGGTTCATGGATC-1,11.17025,7.4043527,s1d1
ATCAGGTTCCACACCT-1,9.136653,13.600498,s1d1
ATCAGGTTCGTGTCAA-1,13.284673,3.5893452,s1d1
ATCAGGTTCTCGGCTT-1,8.73433,9.120204,s1d1
ATCAGGTTCTTTGCAT-1,3.8253825,20.753466,s1d1
ATCATTCAGGACGCAT-1,-3.6663334,9.487386,s1d1
ATCATTCAGTTGGACG-1,7.183181,20.568865,s1d1
ATCATTCCAACTAGAA-1,10.69234,13.727603,s1d1
ATCATTCCAGTCGGTC-1,9.483524,0.529218,s1d1
ATCATTCGTACATTGC-1,3.0479898,20.402943,s1d1
ATCATTCTCGGCATTA-1,9.841109,9.619183,s1d1
ATCCACCAGTAGATCA-1,14.540432,5.6435313,s1d1
ATCCACCGTACTAACC-1,9.223637,-5.9943433,s1d1
ATCCACCGTCTAACGT-1,13.184873,9.17313,s1d1
ATCCACCGTTCCATTT-1,16.379011,8.20952,s1d1
ATCCATTAGATTAGTG-1,14.3527775,7.9830837,s1d1
ATCCATTCAACGACAG-1,12.28195,9.873022,s1d1
ATCCATTCAATGAAAC-1,10.198242,-5.445063,s1d1
ATCCATTCACAATCTG-1,15.0933075,6.8272367,s1d1
ATCCATTCACTGATTG-1,11.942837,-1.8461766,s1d1
ATCCATTCATCCGAGC-1,7.6094847,-3.2461376,s1d1
ATCCATTCATGAGTAA-1,4.155085,4.256336,s1d1
ATCCATTGTCCCACGA-1,-1.0960693,5.5004725,s1d1
ATCCATTGTGACAACG-1,10.087666,-5.51511,s1d1
ATCCATTGTTAATCGC-1,10.913834,17.615355,s1d1
ATCCATTTCCGTGCGA-1,8.350223,-5.1339,s1d1
ATCCATTTCTCCTACG-1,10.893652,8.216961,s1d1
ATCCCTGAGGCTAAAT-1,-4.5222173,9.868434,s1d1
ATCCCTGAGTCGTCTA-1,14.975464,6.8893313,s1d1
ATCCCTGCACATTACG-1,6.8159995,11.19252,s1d1
ATCCCTGCAGCTGTAT-1,0.24457282,6.05124,s1d1
ATCCCTGCAGGTTTAC-1,11.422234,-4.1823835,s1d1
ATCCCTGCAGTGGCTC-1,7.5726137,20.273876,s1d1
ATCCCTGCATAGATGA-1,-2.364699,10.245249,s1d1
ATCCCTGGTGAGATTA-1,2.9084938,20.82191,s1d1
ATCCCTGGTGTAGTGG-1,10.539605,8.411182,s1d1
ATCCCTGTCAGCAATC-1,8.800407,13.806085,s1d1
ATCCGTCAGAGGTTTA-1,1.1015952,3.5277014,s1d1
ATCCGTCAGCACTGGA-1,14.717216,5.827352,s1d1
ATCCGTCAGGAGTATT-1,3.4261017,20.930561,s1d1
ATCCGTCCAACCGTGC-1,11.403793,7.8242903,s1d1
ATCCGTCCAAGCGAAC-1,2.6979225,17.112015,s1d1
ATCCGTCGTGATACCT-1,3.7611904,20.81711,s1d1
ATCCGTCGTTAGGACG-1,9.869544,1.8780216,s1d1
ATCCGTCGTTGTTTGG-1,12.704953,-3.6708689,s1d1
ATCCGTCTCAAGATAG-1,13.380815,6.6134276,s1d1
ATCCGTCTCCTGGTCT-1,-1.0354142,6.534867,s1d1
ATCCGTCTCTATCGGA-1,15.121236,6.5376163,s1d1
ATCCGTCTCTCAGGCG-1,9.549803,0.4145027,s1d1
ATCCTATCACAACGAG-1,13.553121,3.923517,s1d1
ATCCTATCACGCCAGT-1,15.2689495,7.7108254,s1d1
ATCCTATCATGTTCAG-1,12.093062,2.1693113,s1d1
ATCCTATCATTCGATG-1,-4.6282325,5.5735917,s1d1
ATCCTATGTGCCCACA-1,3.462221,1.976086,s1d1
ATCCTATTCCCTCTCC-1,1.6152031,1.4847994,s1d1
ATCGATGAGATGAACT-1,9.640466,1.5995294,s1d1
ATCGATGAGGACTATA-1,13.139665,8.000976,s1d1
ATCGATGCACTACAGT-1,-4.231315,7.513686,s1d1
ATCGATGCAGAAATTG-1,11.0045805,8.948583,s1d1
ATCGATGCAGAGGCAT-1,10.087314,16.799894,s1d1
ATCGATGGTACACTCA-1,6.6040707,20.835997,s1d1
ATCGATGGTAGACACG-1,13.208975,3.6796074,s1d1
ATCGATGGTGGTTTAC-1,-2.8946729,11.849134,s1d1
ATCGATGGTGTTGCCG-1,8.058483,-3.8322437,s1d1
ATCGATGTCGAGAAGC-1,-1.6231257,7.4060826,s1d1
ATCGATGTCGCCTTGT-1,-1.0636846,5.1045327,s1d1
ATCGATGTCGTCCTCA-1,10.661142,9.5156145,s1d1
ATCGCCTAGCCAAGCA-1,-2.166378,10.294135,s1d1
ATCGCCTAGGGCGAAG-1,13.925539,4.668814,s1d1
ATCGCCTAGGGTTGCA-1,-4.2582273,7.643121,s1d1
ATCGCCTAGTGCCAGA-1,11.119703,8.872611,s1d1
ATCGCCTCAAACTGCT-1,3.7878647,2.0298016,s1d1
ATCGCCTCAAATCAGA-1,14.865443,6.460394,s1d1
ATCGCCTCAAGCACAG-1,9.180315,-4.162598,s1d1
ATCGCCTCACCAAAGG-1,-2.3633316,10.173401,s1d1
ATCGCCTCACGGAAGT-1,11.046639,-0.54791665,s1d1
ATCGCCTCACGGTCTG-1,13.446281,3.573171,s1d1
ATCGCCTTCAACTTTC-1,12.560635,-3.7411869,s1d1
ATCGCCTTCCGTGGTG-1,8.495495,7.553089,s1d1
ATCGCCTTCGTAGAGG-1,7.015923,-2.3032541,s1d1
ATCGGATAGAGGATGA-1,6.0924397,20.789745,s1d1
ATCGGATAGGCCACCT-1,3.8977842,3.0165224,s1d1
ATCGGATAGTAGAGTT-1,9.088758,8.576038,s1d1
ATCGGATCAATAGGGC-1,-4.4731402,7.6281004,s1d1
ATCGGATCACGAAGAC-1,8.643487,-4.2578993,s1d1
ATCGGATGTTATTCCT-1,11.534593,7.071568,s1d1
ATCGGATGTTCTCACC-1,3.3516977,4.717074,s1d1
ATCGGATGTTGCATCA-1,13.673802,5.4224715,s1d1
ATCGGATTCCTACCGT-1,-2.8498445,11.654216,s1d1
ATCGGATTCGCTACAA-1,10.787341,13.808627,s1d1
ATCGGATTCTCCTGCA-1,12.399065,5.995809,s1d1
ATCGGCGAGCCTGCCA-1,7.137917,18.678305,s1d1
ATCGGCGAGCTGAAAT-1,-2.3238645,9.969188,s1d1
ATCGGCGCAGCTACTA-1,9.689962,9.310913,s1d1
ATCGGCGCAGCTGCCA-1,11.2637005,12.424053,s1d1
ATCGGCGCAGTGACCC-1,3.1705103,20.082537,s1d1
ATCGGCGGTAGCGTCC-1,2.586124,19.462042,s1d1
ATCGGCGGTGCCGTAC-1,-2.5049937,10.69402,s1d1
ATCGGCGGTGCTCGTG-1,7.7941117,8.596291,s1d1
ATCGGCGGTTTACGAC-1,9.451851,-5.394606,s1d1
ATCGGCGTCACCGGGT-1,-0.978535,4.650879,s1d1
ATCGGCGTCTGGCCAG-1,2.0530972,4.24768,s1d1
ATCGTAGAGCAGCACA-1,-4.211145,8.882253,s1d1
ATCGTAGAGCTTCGTA-1,2.98883,3.497429,s1d1
ATCGTAGCACGATTCA-1,11.403092,6.9686394,s1d1
ATCGTAGCAGCTGAGA-1,10.833497,7.9801517,s1d1
ATCGTAGGTACTGCGC-1,12.789868,7.6356044,s1d1
ATCGTAGGTCTCGCGA-1,8.077677,-4.302734,s1d1
ATCGTAGTCATCCTGC-1,6.9740367,17.40888,s1d1
ATCGTCCAGTTGGCTT-1,11.019403,9.08321,s1d1
ATCGTCCCAGTATACC-1,-4.1985855,8.625621,s1d1
ATCGTCCCATATGGCT-1,3.8410692,20.17328,s1d1
ATCGTCCGTCGAATTC-1,8.912593,8.586648,s1d1
ATCGTCCGTGAATGTA-1,8.823951,-5.877255,s1d1
ATCGTGAAGCGCCCAT-1,12.440246,2.3920991,s1d1
ATCGTGACACTTGACA-1,11.852153,5.743083,s1d1
ATCGTGACAGCGAGTA-1,8.020229,-5.663463,s1d1
ATCGTGACAGGTGAGT-1,0.033737082,4.152758,s1d1
ATCGTGATCCAGTGTA-1,6.131291,11.320219,s1d1
ATCGTGATCGACGCTG-1,3.7028863,20.752039,s1d1
ATCGTGATCTGACCCT-1,10.253303,-5.170368,s1d1
ATCTCTAAGCGGACAT-1,14.270617,6.0778694,s1d1
ATCTCTAAGGTAGTCG-1,9.649627,8.532895,s1d1
ATCTCTACATCGAGCC-1,11.039665,8.3921175,s1d1
ATCTCTACATCGCTCT-1,12.7552805,9.645906,s1d1
ATCTCTAGTACGTAGG-1,11.869037,-1.5509217,s1d1
ATCTCTAGTAGTCGGA-1,10.55077,7.2945848,s1d1
ATCTCTAGTGACTATC-1,9.683018,-5.3272696,s1d1
ATCTCTAGTGGTAATA-1,11.97263,9.833665,s1d1
ATCTCTAGTTAAGTCC-1,15.329855,9.064844,s1d1
ATCTCTAGTTCGAAGG-1,14.065633,9.347365,s1d1
ATCTCTATCAGAATAG-1,9.369168,9.587775,s1d1
ATCTCTATCCATCAGA-1,13.997628,6.083095,s1d1
ATCTCTATCGCTAATG-1,-1.2747111,7.151281,s1d1
ATCTTCAAGCCTGAGA-1,9.645652,-4.531507,s1d1
ATCTTCACACCCTAAA-1,10.929918,8.624573,s1d1
ATCTTCACAGCTGTAT-1,-0.85997385,4.751915,s1d1
ATCTTCACATTGCCTC-1,-3.3159168,10.860338,s1d1
ATCTTCAGTCTGTGGC-1,9.768362,-1.4870493,s1d1
ATCTTCATCTAGTGTG-1,14.661691,5.948678,s1d1
ATCTTCATCTCGAGTA-1,5.7439933,20.635983,s1d1
ATGAAAGAGAATCCCT-1,3.2448502,4.932737,s1d1
ATGAAAGAGATCACTC-1,5.813536,17.417978,s1d1
ATGAAAGAGCGATTCT-1,2.9469836,0.00091842684,s1d1
ATGAAAGAGGAACGTC-1,-4.6230745,9.432624,s1d1
ATGAAAGCACTCAGAT-1,3.261725,2.3266954,s1d1
ATGAAAGCAGGCATGA-1,10.153949,13.540037,s1d1
ATGAAAGGTGTACGCC-1,-2.5895052,9.595016,s1d1
ATGAAAGGTTGCACGC-1,10.187196,10.15538,s1d1
ATGAAAGTCTATTTCG-1,11.531642,9.051754,s1d1
ATGAAAGTCTGAGAGG-1,11.15228,13.996634,s1d1
ATGACCAAGCTACTGT-1,3.7039332,4.484465,s1d1
ATGACCAAGCTGCCTG-1,11.757386,1.0684463,s1d1
ATGACCACAACTCCCT-1,6.384977,20.585724,s1d1
ATGACCACATCCGAAT-1,8.104096,-2.4981675,s1d1
ATGACCACATCTCAAG-1,11.380735,9.810213,s1d1
ATGACCACATGTGGCC-1,7.044803,18.495863,s1d1
ATGACCAGTAGAATGT-1,11.3996105,-3.9829519,s1d1
ATGACCAGTGGATGAC-1,14.39579,7.675012,s1d1
ATGACCAGTGGTAATA-1,11.167538,12.954848,s1d1
ATGACCATCGTAGGAG-1,9.894739,-4.513308,s1d1
ATGACCATCTAGTGAC-1,15.894088,9.621147,s1d1
ATGACCATCTTACTGT-1,14.82316,6.0628643,s1d1
ATGAGGGAGATCACCT-1,12.645356,2.8561306,s1d1
ATGAGGGAGATCCCAT-1,4.9782314,18.403625,s1d1
ATGAGGGAGCCTCATA-1,12.0488615,-1.7659352,s1d1
ATGAGGGCAACAACAA-1,10.3243065,7.6337476,s1d1
ATGAGGGCAACACTAC-1,12.147864,9.593012,s1d1
ATGAGGGCACATCCCT-1,10.2943325,6.3222013,s1d1
ATGAGGGCACGGTGAA-1,11.959754,13.022714,s1d1
ATGAGGGCATGTAACC-1,15.599102,9.370808,s1d1
ATGAGGGCATGTGTCA-1,-3.819303,11.749154,s1d1
ATGAGGGGTATTGACC-1,8.89054,8.163935,s1d1
ATGAGGGTCAAGCTTG-1,9.80381,9.62109,s1d1
ATGAGGGTCGGAATGG-1,12.341994,9.644905,s1d1
ATGAGTCAGCTCGGCT-1,8.742527,-3.4918427,s1d1
ATGAGTCAGCTGACAG-1,-4.733395,5.7223234,s1d1
ATGAGTCCAAACCACT-1,-3.1716235,9.774547,s1d1
ATGAGTCCAAAGACGC-1,16.070045,9.0070505,s1d1
ATGAGTCCACGTAACT-1,13.924116,7.5442634,s1d1
ATGAGTCCATGCCATA-1,8.383538,6.5278726,s1d1
ATGAGTCGTCGCAGTC-1,4.487767,20.662033,s1d1
ATGAGTCGTTGCGGAA-1,1.7510628,4.69613,s1d1
ATGAGTCTCCAACTGA-1,10.1072035,8.507024,s1d1
ATGAGTCTCCCTCAAC-1,8.958592,6.225478,s1d1
ATGATCGAGAGGGCGA-1,-1.7861563,5.3127704,s1d1
ATGATCGAGGCGACAT-1,-3.3677337,8.848347,s1d1
ATGATCGCATCCTGTC-1,10.498543,-4.654038,s1d1
ATGATCGCATCTTTCA-1,3.754401,4.3139267,s1d1
ATGATCGCATGGGTCC-1,-3.2229314,13.617029,s1d1
ATGATCGGTTGTCAGT-1,10.338364,7.750834,s1d1
ATGATCGTCCTTCACG-1,8.59793,2.7806199,s1d1
ATGATCGTCTGTACAG-1,8.529087,-3.386715,s1d1
ATGATCGTCTTCGGAA-1,6.5264835,11.340455,s1d1
ATGCATGAGGCGAACT-1,10.122649,8.371474,s1d1
ATGCATGAGTTGCGCC-1,4.096111,20.07396,s1d1
ATGCATGCAGCTACCG-1,13.3087,8.541455,s1d1
ATGCATGCATCGGAAG-1,-3.6699333,8.522713,s1d1
ATGCATGCATGTGACT-1,2.3613577,16.842243,s1d1
ATGCATGTCCATCCGT-1,11.773346,1.697269,s1d1
ATGCATGTCGTCAAAC-1,-2.7126255,10.5589285,s1d1
ATGCATGTCTCGACGG-1,15.4752035,7.7135787,s1d1
ATGCCTCAGGTGCAGT-1,10.669361,9.321968,s1d1
ATGCCTCAGTAGGGTC-1,3.56648,19.641212,s1d1
ATGCCTCCAATGTCTG-1,5.756133,17.67634,s1d1
ATGCCTCCACTATCCC-1,11.717821,9.153321,s1d1
ATGCCTCCACTTCATT-1,4.530347,20.238102,s1d1
ATGCCTCCAGCCGTCA-1,11.164579,10.931478,s1d1
ATGCCTCCATCCGTGG-1,12.070623,1.9777315,s1d1
ATGCCTCCATGAAGGC-1,-1.4644748,5.6293263,s1d1
ATGCCTCTCACATCAG-1,13.3168,7.880387,s1d1
ATGCCTCTCCGTTTCG-1,14.93199,6.6427627,s1d1
ATGCCTCTCTGCCTGT-1,10.831314,6.693676,s1d1
ATGCCTCTCTTGGTGA-1,13.809213,6.878074,s1d1
ATGCGATAGATGACAT-1,3.8249276,19.251923,s1d1
ATGCGATAGGAATGTT-1,13.226571,5.4424496,s1d1
ATGCGATAGGACAGCT-1,11.033517,8.615487,s1d1
ATGCGATAGGCATGCA-1,10.870477,14.151812,s1d1
ATGCGATCACTTGTGA-1,11.935679,0.36211553,s1d1
ATGCGATCAGCTATAC-1,15.312563,9.709158,s1d1
ATGCGATGTTCCTAGA-1,11.389807,12.725059,s1d1
ATGCGATGTTCGTGCG-1,8.937841,-1.7786411,s1d1
ATGCGATTCATTCGGA-1,11.093741,12.382951,s1d1
ATGCGATTCGTCCTTG-1,9.771489,6.335571,s1d1
ATGCGATTCGTTCAGA-1,10.264382,7.699467,s1d1
ATGGAGGAGAGTGGCT-1,6.4206133,21.007336,s1d1
ATGGAGGCAGCTCCTT-1,4.0269175,17.835434,s1d1
ATGGAGGGTAAGCGGT-1,2.4027135,16.291056,s1d1
ATGGAGGGTACGATTC-1,6.8372517,17.928448,s1d1
ATGGAGGGTCCGGCAT-1,0.53242964,5.087268,s1d1
ATGGAGGGTCTCTCCA-1,13.162439,6.333531,s1d1
ATGGAGGTCGCTCCTA-1,3.6893375,20.461237,s1d1
ATGGATCAGAAATCCA-1,14.593086,8.657845,s1d1
ATGGATCAGAGCACTG-1,11.805895,1.8247395,s1d1
ATGGATCCATGTTACG-1,-2.4923093,10.636634,s1d1
ATGGATCGTAGACTGG-1,13.53325,6.397211,s1d1
ATGGATCGTCGTCGGT-1,-3.0185285,12.06995,s1d1
ATGGATCGTTCCTAAG-1,-1.21472,7.224195,s1d1
ATGGATCTCATCACAG-1,-5.485914,9.752083,s1d1
ATGGATCTCCGACATA-1,6.413683,20.752043,s1d1
ATGGATCTCCGCTTAC-1,12.088411,8.951156,s1d1
ATGGATCTCGCATTAG-1,15.305381,7.010546,s1d1
ATGGATCTCGCCAACG-1,7.545482,11.971107,s1d1
ATGGGAGAGGGTTAGC-1,8.321804,7.913313,s1d1
ATGGGAGAGTCGCGAA-1,-0.19597751,4.003092,s1d1
ATGGGAGTCGCCGATG-1,7.438621,-4.6043577,s1d1
ATGGGTTAGGAACTAT-1,9.5628605,9.273107,s1d1
ATGGGTTCATTCCTCG-1,6.0765257,10.915786,s1d1
ATGGGTTGTCCTACAA-1,5.480266,17.987349,s1d1
ATGGGTTGTGAAGCGT-1,12.211566,12.180548,s1d1
ATGGGTTGTTTGGAAA-1,12.0189,12.786653,s1d1
ATGGGTTTCTAGCAAC-1,10.616584,2.5938442,s1d1
ATGGGTTTCTGTCAGA-1,3.290219,2.1489336,s1d1
ATGGTTGAGGAAGAAC-1,9.513538,9.547418,s1d1
ATGGTTGCATCCTGTC-1,14.240626,9.164637,s1d1
ATGGTTGGTATTCCGA-1,13.538239,3.205165,s1d1
ATGGTTGGTTAAGCAA-1,14.173598,9.400018,s1d1
ATGGTTGTCCTGTAAG-1,9.695252,-4.443549,s1d1
ATGTCCCAGAGCAGAA-1,13.328998,6.064339,s1d1
ATGTCCCAGCCATTGT-1,6.0815225,10.954718,s1d1
ATGTCCCAGGCAGGGA-1,3.8562818,19.745543,s1d1
ATGTCCCCACTCAGAT-1,3.5323496,5.0225472,s1d1
ATGTCCCGTACCCAGC-1,11.235044,11.743515,s1d1
ATGTCCCGTCACCCTT-1,4.43916,1.9550021,s1d1
ATGTCCCGTCAGTCTA-1,6.7058454,20.793312,s1d1
ATGTCCCGTTGCGGCT-1,3.615683,20.241247,s1d1
ATGTCCCTCGAGCCTG-1,15.050598,6.5806417,s1d1
ATGTCCCTCTACCCAC-1,-4.5222797,10.907457,s1d1
ATGTCCCTCTCTCTTC-1,-5.077595,8.302485,s1d1
ATGTCTTCAACGTAAA-1,9.058908,9.0560875,s1d1
ATGTCTTGTACCCGAC-1,1.8581177,1.6009625,s1d1
ATGTCTTGTATGCTAC-1,11.631996,12.935493,s1d1
ATGTCTTGTGGTCTTA-1,3.010298,0.91041076,s1d1
ATTACCTAGACGCCCT-1,-3.5980554,7.4085855,s1d1
ATTACCTAGAGGTTTA-1,7.4027295,3.1425538,s1d1
ATTACCTAGTTCCGGC-1,15.316829,9.103472,s1d1
ATTACCTCACAGTCAT-1,11.795968,0.75297123,s1d1
ATTACCTCACGACAGA-1,11.49444,0.6486554,s1d1
ATTACCTCAGCATCTA-1,11.378677,0.18230708,s1d1
ATTACCTGTGCAGATG-1,11.483534,13.819365,s1d1
ATTACCTGTGGCTAGA-1,5.7890134,17.63613,s1d1
ATTACCTGTTATGACC-1,14.38279,5.9548225,s1d1
ATTACCTGTTGCATCA-1,14.450212,7.382745,s1d1
ATTACCTTCATCGCCT-1,15.858754,8.824534,s1d1
ATTACCTTCCGAAGGA-1,8.014896,-4.9665112,s1d1
ATTACTCAGCCTCTTC-1,9.799153,-4.157181,s1d1
ATTACTCAGCGAGGAG-1,12.749055,6.777252,s1d1
ATTACTCAGGAGAATG-1,-3.970114,9.963431,s1d1
ATTACTCAGTTCCGGC-1,12.36604,-3.9524193,s1d1
ATTACTCCACCCAAGC-1,9.977528,7.8751388,s1d1
ATTACTCCATCGCTCT-1,3.7747865,19.899818,s1d1
ATTACTCCATGTAACC-1,3.0937524,2.3858585,s1d1
ATTACTCGTCGAAACG-1,9.711535,8.380499,s1d1
ATTACTCGTGTATACC-1,10.003552,8.586865,s1d1
ATTACTCGTTACCCTC-1,5.3788304,17.83163,s1d1
ATTACTCTCACGTCCT-1,14.37058,5.938051,s1d1
ATTACTCTCAGGACAG-1,12.232749,9.688656,s1d1
ATTATCCAGAGAATCT-1,10.111883,9.659386,s1d1
ATTATCCAGCACTAAA-1,11.462055,12.326366,s1d1
ATTATCCAGCTGCCTG-1,14.824089,8.072091,s1d1
ATTATCCAGGCCCAAA-1,12.048071,9.137828,s1d1
ATTATCCAGTAACCTC-1,5.2598195,17.61466,s1d1
ATTATCCCAGTGACCC-1,12.990774,5.6350365,s1d1
ATTATCCTCACTTCTA-1,12.14873,9.946056,s1d1
ATTATCCTCCATACTT-1,11.83229,7.905003,s1d1
ATTATCCTCGATCCAA-1,10.741552,14.139342,s1d1
ATTATCCTCGTCCTTG-1,5.2332363,17.841255,s1d1
ATTATCCTCTGTACAG-1,0.250329,4.8292494,s1d1
ATTCACTAGCTGACCC-1,2.2972257,4.10573,s1d1
ATTCACTAGGCCACCT-1,2.2668817,5.0956793,s1d1
ATTCACTAGGCGTTAG-1,3.8753211,20.038548,s1d1
ATTCACTAGTCAATCC-1,11.853255,9.269706,s1d1
ATTCACTCAGCACAAG-1,2.9122348,18.274124,s1d1
ATTCACTCATCCGTGG-1,14.716399,8.639089,s1d1
ATTCACTCATGTGCCG-1,-3.853478,7.5442657,s1d1
ATTCACTGTACACGTT-1,-3.2751865,10.156978,s1d1
ATTCACTTCGACCTAA-1,13.174186,8.444625,s1d1
ATTCACTTCGGTCAGC-1,0.24389094,4.745461,s1d1
ATTCAGGCAAAGACGC-1,12.461959,2.1925077,s1d1
ATTCAGGCAAGAGTAT-1,12.514125,-3.885466,s1d1
ATTCAGGCAGGATGAC-1,15.862927,7.4903765,s1d1
ATTCAGGGTACGAAAT-1,11.992672,-1.6906149,s1d1
ATTCAGGTCACCGACG-1,-4.4977455,9.327241,s1d1
ATTCATCAGATACATG-1,7.381507,-4.240293,s1d1
ATTCATCAGTAGCATA-1,11.726554,9.542924,s1d1
ATTCATCCAGGTCCGT-1,13.363102,8.482626,s1d1
ATTCATCCATGGGCAA-1,-2.72795,9.464564,s1d1
ATTCATCGTAGGGAGG-1,10.746465,9.807628,s1d1
ATTCATCGTCGCAACC-1,-4.559467,6.554507,s1d1
ATTCATCGTGCGTTTA-1,9.04181,8.6571045,s1d1
ATTCATCGTGGACCAA-1,11.329821,-0.16621192,s1d1
ATTCATCGTTGTTGAC-1,4.9528956,17.981014,s1d1
ATTCATCTCATTGTTC-1,-4.080642,8.636287,s1d1
ATTCCATAGTAGGTTA-1,7.7477026,-1.3378583,s1d1
ATTCCATGTCAAAGAT-1,2.5728192,17.437244,s1d1
ATTCCATGTCACAATC-1,10.952259,12.884116,s1d1
ATTCCATTCATTTGCT-1,13.019923,6.5299754,s1d1
ATTCCATTCTGCGGAC-1,-3.8883727,10.015197,s1d1
ATTCCATTCTTGCAAG-1,4.404371,20.097782,s1d1
ATTCCCGAGGTAGTCG-1,7.8283234,-5.3338237,s1d1
ATTCCCGGTAGATTAG-1,2.084602,2.9847922,s1d1
ATTCCCGGTAGCGCTC-1,4.4547434,2.420338,s1d1
ATTCCCGTCCACTTCG-1,3.4306881,1.788818,s1d1
ATTCCCGTCGGCCCAA-1,-4.0193377,9.735625,s1d1
ATTCCTAAGCGACTAG-1,12.365703,-1.4651663,s1d1
ATTCCTAAGCTTAAGA-1,14.217607,4.6963096,s1d1
ATTCCTAAGTAGCAAT-1,15.415981,9.967697,s1d1
ATTCCTAAGTCAGCGA-1,12.066418,-1.6452129,s1d1
ATTCCTAAGTCTGGTT-1,3.8745105,5.000212,s1d1
ATTCCTACAATCCAGT-1,11.305094,-0.21329398,s1d1
ATTCCTACACGGGCTT-1,12.96071,3.6696866,s1d1
ATTCCTACACTCGATA-1,2.9330971,3.3194468,s1d1
ATTCCTAGTCTACGAT-1,14.58183,9.005435,s1d1
ATTCCTAGTGAACTAA-1,10.526593,12.967681,s1d1
ATTCCTAGTGACCTGC-1,3.46568,19.957424,s1d1
ATTCCTATCTTGTGCC-1,6.2593293,21.069447,s1d1
ATTCGTTAGAGCACTG-1,10.684239,8.7108965,s1d1
ATTCGTTAGTCTAGCT-1,13.323866,6.870379,s1d1
ATTCGTTCACCTCAGG-1,14.180545,8.389926,s1d1
ATTCGTTGTACATTGC-1,12.616898,9.653375,s1d1
ATTCGTTGTATAGGGC-1,-2.9228122,11.40697,s1d1
ATTCGTTGTTACGTAC-1,14.369804,6.1862445,s1d1
ATTCGTTTCTGCGGCA-1,11.192691,7.840345,s1d1
ATTCTACAGAAGCGAA-1,11.61785,8.999829,s1d1
ATTCTACAGCCAAGTG-1,-4.374901,8.454293,s1d1
ATTCTACAGGTGAGAA-1,12.658954,7.502087,s1d1
ATTCTACAGTCGAATA-1,15.09203,7.492238,s1d1
ATTCTACCAATCCTAG-1,15.578721,9.847079,s1d1
ATTCTACCAGAGCCCT-1,6.97558,20.564053,s1d1
ATTCTACGTCCAAAGG-1,11.839752,8.595379,s1d1
ATTCTACTCAAACCCA-1,5.456248,20.397915,s1d1
ATTCTACTCTTACGGA-1,12.241802,2.2548313,s1d1
ATTCTTGAGCCACTCG-1,10.90402,9.311364,s1d1
ATTCTTGAGCGTATAA-1,12.768881,5.695524,s1d1
ATTCTTGCAAGAGTAT-1,6.1852455,20.087158,s1d1
ATTCTTGCAAGCGAAC-1,13.469444,6.7173243,s1d1
ATTCTTGCAAGCGAGT-1,-4.216502,8.296225,s1d1
ATTCTTGCAATTGCTG-1,6.627395,20.395298,s1d1
ATTCTTGCACATACTG-1,8.79865,-3.1566236,s1d1
ATTCTTGCAGAGTGAC-1,12.62532,9.61081,s1d1
ATTCTTGCATAACCCA-1,1.8573837,2.9503963,s1d1
ATTCTTGGTACGACTT-1,15.376061,7.4860687,s1d1
ATTCTTGGTCACAATC-1,13.924827,6.2876654,s1d1
ATTCTTGGTTCCGCAG-1,11.204429,11.528269,s1d1
ATTCTTGGTTGGTAGG-1,14.368969,6.2482347,s1d1
ATTCTTGTCATTACTC-1,7.369378,20.480993,s1d1
ATTCTTGTCGCTGATA-1,13.875824,5.277485,s1d1
ATTCTTGTCTGGCTGG-1,13.210488,6.7058625,s1d1
ATTGGGTCAGGGACTA-1,9.6809845,-5.7478857,s1d1
ATTGGGTCATTCGATG-1,13.551393,6.5350018,s1d1
ATTGGGTGTCGAGTTT-1,10.55163,9.710179,s1d1
ATTGGGTGTGCTCTCT-1,8.611335,-4.399698,s1d1
ATTGGGTGTTCACCGG-1,13.986046,8.5945635,s1d1
ATTGGGTTCGTCAAAC-1,14.221581,8.567809,s1d1
ATTGTTCAGATCCGAG-1,13.588403,6.110116,s1d1
ATTGTTCCAAGTCATC-1,14.555132,6.0434184,s1d1
ATTGTTCCACCGGAAA-1,12.810652,6.5364895,s1d1
ATTGTTCCATGGCCAC-1,3.1970568,19.98929,s1d1
ATTGTTCGTATTAAGG-1,13.469946,6.7232966,s1d1
ATTTACCAGAAGCCTG-1,14.574682,5.737457,s1d1
ATTTACCAGGCTAAAT-1,9.684778,-0.8387279,s1d1
ATTTACCCACACGGTC-1,8.625239,9.022644,s1d1
ATTTACCCAGAGAAAG-1,10.661172,7.5145307,s1d1
ATTTACCGTAGAATGT-1,3.6356328,3.1214278,s1d1
ATTTACCGTTCCGCAG-1,3.0339067,19.8729,s1d1
ATTTACCTCAAGGCTT-1,-3.5243313,5.2050853,s1d1
ATTTACCTCGAAGTGG-1,0.59174496,2.2174911,s1d1
ATTTACCTCTCGTTTA-1,12.306461,7.7507453,s1d1
ATTTCACAGCTTTCTT-1,13.709249,8.317559,s1d1
ATTTCACGTAAGTAGT-1,-1.7276611,7.1552076,s1d1
ATTTCACGTCAAGTTC-1,13.011125,4.849795,s1d1
ATTTCACGTTGGTACT-1,12.864072,9.057227,s1d1
ATTTCACTCAGTGCGC-1,-2.8529928,9.777359,s1d1
ATTTCACTCGCTCTAC-1,10.931481,14.424703,s1d1
ATTTCACTCGGAATTC-1,16.131325,7.589917,s1d1
ATTTCACTCGTTCATT-1,9.157776,-5.3973584,s1d1
ATTTCACTCTGTTCAT-1,8.77753,-1.2241778,s1d1
ATTTCTGAGCTCTTCC-1,-0.039803553,3.8797607,s1d1
ATTTCTGCAAGTGATA-1,13.777374,5.738433,s1d1
ATTTCTGCAATAGTCC-1,4.635788,16.3672,s1d1
ATTTCTGCAGGTTCGC-1,8.367179,12.179398,s1d1
ATTTCTGCATAGAGGC-1,-4.0354733,7.88816,s1d1
ATTTCTGTCCATCACC-1,3.744041,17.87471,s1d1
CAAAGAAAGGCATCGA-1,4.020861,18.151606,s1d1
CAAAGAAAGGCTGAAC-1,14.17875,5.7884073,s1d1
CAAAGAAAGGTGCTAG-1,3.06423,4.5349607,s1d1
CAAAGAACAAATGGAT-1,7.944397,-2.0651546,s1d1
CAAAGAACACGTGTGC-1,4.807449,18.947868,s1d1
CAAAGAACAGCTCTGG-1,13.058784,8.051713,s1d1
CAAAGAAGTCGACTTA-1,3.0937548,20.410667,s1d1
CAAAGAATCCTGGGTG-1,5.4618607,17.701548,s1d1
CAAAGAATCGGAATTC-1,-3.932265,8.751005,s1d1
CAAAGAATCTGCGGGT-1,7.2966256,-2.8630621,s1d1
CAACAACAGACCAGAC-1,11.862965,1.9766148,s1d1
CAACAACAGAGGCCAT-1,11.958362,12.922049,s1d1
CAACAACAGGTTATAG-1,2.6685104,20.170969,s1d1
CAACAACCACATATCG-1,9.411899,1.7591835,s1d1
CAACAACCACGACAGA-1,6.535905,11.163026,s1d1
CAACAACCACTTGTGA-1,4.2397804,20.48198,s1d1
CAACAACCACTTTAGG-1,9.654524,-5.637994,s1d1
CAACAACCAGGTGTGA-1,10.783862,8.128333,s1d1
CAACAACGTATGTGTC-1,3.5403876,20.290453,s1d1
CAACAACGTTCGTGCG-1,11.603632,9.286646,s1d1
CAACAACGTTGGGATG-1,15.472621,7.473848,s1d1
CAACAACTCGTTCAGA-1,5.875591,17.895363,s1d1
CAACAGTAGGCTTCCG-1,8.943717,8.390247,s1d1
CAACAGTAGGTAGCAC-1,4.6803727,2.0231075,s1d1
CAACAGTCAAGAGGTC-1,10.585382,7.7591305,s1d1
CAACAGTCACAACGTT-1,9.955133,0.071059994,s1d1
CAACAGTCAGGGTCTC-1,4.5518837,17.26527,s1d1
CAACAGTGTCACCGCA-1,10.302016,6.1310816,s1d1
CAACAGTGTCCAAAGG-1,-3.0596342,10.925861,s1d1
CAACAGTTCGGAAACG-1,12.251655,0.41271216,s1d1
CAACAGTTCTAGGCCG-1,11.188412,-0.081840746,s1d1
CAACCAAAGCACACCC-1,10.341274,-5.4668508,s1d1
CAACCAAAGTTACGTC-1,8.919618,13.584029,s1d1
CAACCAACAATCTCTT-1,9.322182,1.696218,s1d1
CAACCAACACGCAAAG-1,9.924252,2.4216216,s1d1
CAACCAAGTGAGGAAA-1,13.948809,6.622947,s1d1
CAACCAATCACCATCC-1,10.017664,-5.1132293,s1d1
CAACCAATCCATTCAT-1,5.386885,17.405272,s1d1
CAACCAATCCCGAGGT-1,13.062546,3.0266678,s1d1
CAACCAATCCTGGGTG-1,0.3031656,6.09204,s1d1
CAACCAATCGGTCGGT-1,11.22863,0.06905589,s1d1
CAACCAATCTTCGTAT-1,14.895595,5.6636877,s1d1
CAACCTCAGACGGAAA-1,4.661467,20.792746,s1d1
CAACCTCCAGAGAGGG-1,3.5667183,19.266878,s1d1
CAACCTCCATAAGATG-1,9.553633,-5.8387294,s1d1
CAACCTCGTAGCTGCC-1,6.5050273,11.827119,s1d1
CAACCTCTCAAAGACA-1,13.8222065,5.7646046,s1d1
CAACCTCTCCGATGCG-1,3.7270947,20.545979,s1d1
CAACCTCTCGGCAGTC-1,9.799556,-5.537866,s1d1
CAACCTCTCGTTCCCA-1,-3.9050999,9.522732,s1d1
CAACGATAGATGCCGA-1,7.601844,-4.9563594,s1d1
CAACGATAGCAGCAGT-1,8.516415,9.244627,s1d1
CAACGATAGGTGAGAA-1,14.651362,5.910535,s1d1
CAACGATCATACCGTA-1,12.51672,7.7778597,s1d1
CAACGATCATGCAGGA-1,14.19581,9.118594,s1d1
CAACGATGTGAGATTA-1,7.6075068,12.363386,s1d1
CAACGATGTTCTCGCT-1,4.1784315,4.221653,s1d1
CAACGATTCGAGTCTA-1,8.87173,-5.9313564,s1d1
CAACGATTCTACCACC-1,-0.8209855,3.5873184,s1d1
CAACGGCCAACACAAA-1,13.104004,3.6114926,s1d1
CAACGGCCACGCACCA-1,6.312255,20.279495,s1d1
CAACGGCCAGGTCCGT-1,-0.51920295,6.8990955,s1d1
CAACGGCGTCATGACT-1,9.075493,7.988924,s1d1
CAACGGCGTCGTTTCC-1,8.449037,-3.312359,s1d1
CAACGGCGTCTAACGT-1,3.8939903,4.653599,s1d1
CAACGGCGTTTAAGGA-1,8.304183,-2.8837025,s1d1
CAACGGCTCGTAACAC-1,6.6084847,10.998055,s1d1
CAACGGCTCTATTGTC-1,5.324496,18.11074,s1d1
CAACGGCTCTCAGGCG-1,9.733924,-3.6984074,s1d1
CAACGGCTCTCGGTCT-1,-0.8890015,5.196006,s1d1
CAAGACTAGAGGCTGT-1,9.589355,9.73425,s1d1
CAAGACTAGATGCCGA-1,11.177927,9.487099,s1d1
CAAGACTAGGTCTGGA-1,7.394161,18.61361,s1d1
CAAGACTCACTACGGC-1,10.649296,2.6731677,s1d1
CAAGACTCAGCACACC-1,12.546021,8.1149435,s1d1
CAAGACTGTAGCGAGT-1,6.7246046,20.769133,s1d1
CAAGACTGTCTTCCGT-1,7.5632005,-2.814462,s1d1
CAAGACTGTGTTCCTC-1,5.910251,20.90063,s1d1
CAAGACTGTTCAATCG-1,13.37213,4.2341614,s1d1
CAAGACTGTTGTTGCA-1,9.125216,-5.4466095,s1d1
CAAGACTTCGTTAGAC-1,10.927833,9.47517,s1d1
CAAGACTTCGTTCAGA-1,6.6000357,11.5034895,s1d1
CAAGAGGAGACATGCG-1,-3.5696936,9.73147,s1d1
CAAGAGGAGACCAGAC-1,-0.20971958,7.164459,s1d1
CAAGAGGAGCTGAGTG-1,12.446163,9.635365,s1d1
CAAGAGGCAATTGCTG-1,10.959628,14.209709,s1d1
CAAGAGGCAGCGTACC-1,10.312445,9.322305,s1d1
CAAGAGGCATGCTGCG-1,5.711055,19.457024,s1d1
CAAGAGGGTACGCGTC-1,14.292438,5.424714,s1d1
CAAGAGGTCTGTTGGA-1,2.1469326,2.400314,s1d1
CAAGCTAAGCAGGGAG-1,14.042987,5.0606246,s1d1
CAAGCTAAGCTGAGCA-1,9.809042,9.04069,s1d1
CAAGCTAAGGCCATAG-1,14.822283,9.2059145,s1d1
CAAGCTACAAATCGGG-1,8.831306,-5.7640033,s1d1
CAAGCTACAAGTCATC-1,14.777783,8.401425,s1d1
CAAGCTAGTAGAGTTA-1,13.292703,7.5078936,s1d1
CAAGCTAGTCTTTATC-1,9.959297,7.882152,s1d1
CAAGGGAAGATCCAAA-1,11.914645,11.78649,s1d1
CAAGGGAAGATGCTAA-1,13.006616,5.439292,s1d1
CAAGGGAAGCACTAAA-1,-1.0835134,5.523558,s1d1
CAAGGGAAGGTTGAGC-1,11.989942,8.929092,s1d1
CAAGGGACAGACCATT-1,3.7952847,4.5062423,s1d1
CAAGGGACATTCAGCA-1,9.630087,9.00328,s1d1
CAAGGGAGTAGCGTTT-1,9.364098,1.2467355,s1d1
CAAGGGAGTATTGGCT-1,13.37054,6.5227995,s1d1
CAAGGGAGTCATCCCT-1,7.277167,-2.7986293,s1d1
CAAGGGAGTCGCATTA-1,5.1270847,18.298105,s1d1
CAAGGGAGTCGGCTAC-1,15.422455,6.7569423,s1d1
CAAGGGAGTGGAAGTC-1,9.229843,3.347867,s1d1
CAAGGGAGTTGTGTTG-1,8.998678,8.925727,s1d1
CAAGGGATCGACGAGA-1,12.032657,12.007521,s1d1
CAAGGGATCTCTGACC-1,8.624339,9.144907,s1d1
CAATACGAGACATAAC-1,-3.774282,9.715754,s1d1
CAATACGAGCCTCCAG-1,11.517396,7.3625903,s1d1
CAATACGAGCGCCTTG-1,7.2658796,12.08306,s1d1
CAATACGCACGCGTGT-1,14.648252,9.898799,s1d1
CAATACGCAGAATGTA-1,10.501091,-3.3704839,s1d1
CAATACGCATGGGAAC-1,15.387508,6.1450086,s1d1
CAATACGTCTACACAG-1,7.257911,20.440434,s1d1
CAATCGAAGCCGCACT-1,8.451893,-2.9662774,s1d1
CAATCGAAGGCATCTT-1,12.705669,7.2224693,s1d1
CAATCGAAGGTGAGCT-1,11.787653,0.55793536,s1d1
CAATCGAGTTCCAGGC-1,12.342195,0.072507024,s1d1
CAATCGATCAGACAAA-1,5.287137,18.28332,s1d1
CAATCGATCCTTCTGG-1,12.4471035,6.492002,s1d1
CAATGACCAACCAACT-1,8.659789,-4.6097655,s1d1
CAATGACCAACCGATT-1,11.195977,9.695188,s1d1
CAATGACCACCGTGAC-1,15.370541,6.767573,s1d1
CAATGACCATACTGTG-1,12.389055,-1.3561571,s1d1
CAATGACCATCCAACA-1,15.775589,9.594062,s1d1
CAATGACGTCTACGTA-1,13.712609,8.0232,s1d1
CAATGACTCCAGCCTT-1,9.115328,1.6840278,s1d1
CAATGACTCTGCTCTG-1,15.45079,9.179295,s1d1
CAATTTCAGCTCTATG-1,3.514691,4.1303277,s1d1
CAATTTCCAAGATGTA-1,4.916857,2.3196123,s1d1
CAATTTCGTACTCCGG-1,5.412282,17.437328,s1d1
CAATTTCGTCAACCAT-1,5.957397,10.980028,s1d1
CAATTTCGTCGTTCAA-1,8.519968,8.155911,s1d1
CAATTTCTCCATTGGA-1,-4.1541324,10.000314,s1d1
CAATTTCTCCTAGCGG-1,3.4422753,20.810627,s1d1
CAATTTCTCGGTAGGA-1,14.090378,6.861655,s1d1
CAATTTCTCTCTGGTC-1,13.232085,4.152121,s1d1
CACAACAAGGTCCTGC-1,11.3024235,11.865471,s1d1
CACAACACAAGTGGAC-1,9.108152,8.284471,s1d1
CACAACACACACGTGC-1,3.9985614,3.8902216,s1d1
CACAACACATGACTTG-1,10.734399,8.926918,s1d1
CACAACAGTGATTGGG-1,13.326079,8.169965,s1d1
CACAACATCGCTGTTC-1,9.537342,6.395048,s1d1
CACACAAAGCTAATGA-1,11.165327,13.657164,s1d1
CACACAAAGGACCCAA-1,3.9517863,20.698029,s1d1
CACACAAAGTTCGGTT-1,9.000035,8.038265,s1d1
CACACAACAAACTAAG-1,-3.8827038,10.221006,s1d1
CACACAACAGCTGGTC-1,12.157636,12.327098,s1d1
CACACAACAGGCATTT-1,-4.6168685,6.316408,s1d1
CACACAACATAGTCAC-1,12.714416,2.430115,s1d1
CACACAAGTATTGGCT-1,5.9697795,17.867962,s1d1
CACACAAGTGCGTGCT-1,15.380126,9.756121,s1d1
CACACAATCAGACATC-1,-2.834216,10.816031,s1d1
CACACAATCAGGGTAG-1,14.837973,7.1370378,s1d1
CACACAATCCGTTTCG-1,10.553762,14.639153,s1d1
CACACAATCCTTTGAT-1,4.04024,3.924006,s1d1
CACACAATCGAGAGAC-1,-3.4720457,13.504135,s1d1
CACACAATCTCATGGA-1,8.504927,8.964573,s1d1
CACACAATCTTACCAT-1,5.5326285,18.11536,s1d1
CACAGATAGATACGAT-1,6.2234855,20.397636,s1d1
CACAGATAGATTGTGA-1,14.0356,5.166556,s1d1
CACAGATAGCCAAGCA-1,14.067147,6.5543137,s1d1
CACAGATAGGCGTCCT-1,3.0022912,2.2799234,s1d1
CACAGATCAAGTTCCA-1,11.374691,-0.3653562,s1d1
CACAGATCAATGCAGG-1,2.7938159,20.46009,s1d1
CACAGATCACCAAAGG-1,1.820689,1.7389022,s1d1
CACAGATGTATCGTGT-1,14.112229,5.0093727,s1d1
CACAGATTCCGCGGAT-1,9.51918,-4.436758,s1d1
CACAGATTCGAGATAA-1,9.37944,12.953772,s1d1
CACAGATTCGTAGGGA-1,4.3048787,4.100731,s1d1
CACAGATTCTGGCCGA-1,10.275456,8.920254,s1d1
CACAGGCAGAAGCGGG-1,9.664363,-4.71145,s1d1
CACAGGCAGCTCCATA-1,11.358142,9.811733,s1d1
CACAGGCAGGCCCAAA-1,-4.355558,10.948802,s1d1
CACAGGCAGGGCATGT-1,10.1696205,8.046982,s1d1
CACAGGCCAACGGCTC-1,3.2411592,1.9820644,s1d1
CACAGGCCAACTGTGT-1,14.135756,4.2796717,s1d1
CACAGGCCAAGAGTTA-1,3.4346006,20.636757,s1d1
CACAGGCCACGGTGCT-1,12.753493,2.945906,s1d1
CACAGGCGTATTGAGA-1,11.274422,-3.4212997,s1d1
CACAGGCTCAATCCAG-1,1.9799228,4.968769,s1d1
CACAGGCTCCGTACGG-1,11.146127,12.679242,s1d1
CACATGAAGCACGGAT-1,8.315505,-3.759293,s1d1
CACATGAAGTGCAGCA-1,8.340544,8.892072,s1d1
CACATGACAGCTTCGG-1,-0.33623254,7.2374554,s1d1
CACATGATCATTTGGG-1,14.240542,7.2138553,s1d1
CACATGATCGAAGTGG-1,9.768595,9.500539,s1d1
CACATGATCTTGCAAG-1,11.037574,8.06137,s1d1
CACCAAAAGACATAGT-1,-3.9444628,10.71355,s1d1
CACCAAAAGCCTCAAT-1,2.781842,3.0546422,s1d1
CACCAAAAGCGCCGTT-1,10.843987,-4.7870693,s1d1
CACCAAAAGGGTCAAC-1,5.5451136,18.677952,s1d1
CACCAAATCCAGTGTA-1,8.8745985,8.652284,s1d1
CACCAAATCTATTTCG-1,5.9198155,18.830162,s1d1
CACCAAATCTTACCGC-1,10.364329,-4.602128,s1d1
CACCGTTAGCGTCTCG-1,7.9505386,1.5945823,s1d1
CACCGTTAGCTTTCTT-1,11.027331,14.195483,s1d1
CACCGTTAGTCACTGT-1,14.0708885,9.267543,s1d1
CACCGTTAGTTATGGA-1,11.652711,10.171814,s1d1
CACCGTTCAAGTCCCG-1,-4.153144,8.7587805,s1d1
CACCGTTCAGATACCT-1,11.283244,-3.886684,s1d1
CACCGTTCAGGATGAC-1,12.885815,7.376202,s1d1
CACCGTTCATGATAGA-1,11.054486,13.900064,s1d1
CACCGTTGTAAGTAGT-1,-4.423111,7.8354683,s1d1
CACCGTTGTCTAGATC-1,10.131671,-3.8433285,s1d1
CACCGTTGTTAGGGTG-1,5.9977465,17.59313,s1d1
CACCGTTGTTCAAGTC-1,9.986492,-5.2462034,s1d1
CACCGTTGTTGCCGAC-1,12.986439,4.061555,s1d1
CACCGTTTCGAGCCAC-1,1.4147482,2.2089884,s1d1
CACCGTTTCTTCGCTG-1,14.528249,8.20404,s1d1
CACGAATAGCTCTATG-1,11.597579,1.0126325,s1d1
CACGAATAGGCATGCA-1,13.967239,6.037056,s1d1
CACGAATAGGTAATCA-1,10.542817,-2.8474693,s1d1
CACGAATCAACACACT-1,6.5746336,17.960058,s1d1
CACGAATCAGTGTATC-1,15.425013,7.1514144,s1d1
CACGAATCATCTAACG-1,4.4999657,18.938263,s1d1
CACGAATGTAGGTTTC-1,-4.0984173,8.548492,s1d1
CACGAATGTCGCTCGA-1,2.2646723,4.2126374,s1d1
CACGAATGTGTTGATC-1,0.108711004,4.1051784,s1d1
CACGAATTCGTAACAC-1,6.824542,20.639067,s1d1
CACGGGTAGGAAAGTG-1,12.776692,2.8957982,s1d1
CACGGGTAGGCCCACT-1,6.8384852,20.019667,s1d1
CACGGGTAGGCTCTCG-1,14.424047,7.5137105,s1d1
CACGGGTAGTCACGCC-1,7.5088954,-2.248505,s1d1
CACGGGTAGTGGAAAG-1,8.008704,-2.6497157,s1d1
CACGGGTCACATTCTT-1,1.6540976,1.3866217,s1d1
CACGGGTCAGGACTTT-1,2.5613136,3.9993513,s1d1
CACGGGTGTGTACGCC-1,-0.45451605,3.2287333,s1d1
CACGGGTGTGTTGCCG-1,10.802979,-3.6148267,s1d1
CACGGGTGTTCCGGTG-1,12.932924,6.0899386,s1d1
CACGGGTTCGAGAGCA-1,12.640788,6.8617616,s1d1
CACGTGGAGTCATAGA-1,11.767409,7.2502933,s1d1
CACGTGGCAGCTAACT-1,15.128938,9.276752,s1d1
CACGTGGGTTAAGGAT-1,4.1437283,20.497063,s1d1
CACGTGGTCGACATCA-1,8.530122,0.51697505,s1d1
CACGTTCAGCTTAAGA-1,8.453539,-4.665981,s1d1
CACGTTCAGTCAGCGA-1,13.904426,6.433776,s1d1
CACGTTCCACAAGCCC-1,10.648493,9.178953,s1d1
CACGTTCCACCAATTG-1,-3.4545233,8.509526,s1d1
CACGTTCGTCCACACG-1,2.5747287,19.68898,s1d1
CACGTTCGTGGCCTCA-1,11.3271265,8.652938,s1d1
CACGTTCTCACGTAGT-1,-1.2889792,7.3184037,s1d1
CACGTTCTCATCTGTT-1,13.731082,3.2243614,s1d1
CACGTTCTCTGTCGCT-1,5.133293,2.2094746,s1d1
CACTAAGAGACAACTA-1,4.217791,3.8327289,s1d1
CACTAAGAGATTTGCC-1,14.129114,7.594351,s1d1
CACTAAGAGCCGATTT-1,12.575121,11.59537,s1d1
CACTAAGAGGTCGTAG-1,10.280693,8.2628765,s1d1
CACTAAGAGTGGATTA-1,-2.6309102,9.171568,s1d1
CACTAAGCAATAGGAT-1,8.05493,-4.5230927,s1d1
CACTAAGGTAGAATAC-1,9.108117,9.131276,s1d1
CACTAAGGTTAGGCTT-1,-3.7871523,9.90515,s1d1
CACTAAGGTTCGCGTG-1,5.6147494,17.923363,s1d1
CACTAAGTCAAAGCCT-1,0.35959512,5.837419,s1d1
CACTAAGTCCTACCGT-1,12.79706,10.672118,s1d1
CACTAAGTCTATGCCC-1,5.90366,17.692772,s1d1
CACTGAACAACCGCCA-1,6.225918,11.683771,s1d1
CACTGAAGTAACTGCT-1,10.3684025,8.940892,s1d1
CACTGAAGTAATCAAG-1,8.489593,-5.959999,s1d1
CACTGAAGTGGAGAAA-1,9.349283,3.3843293,s1d1
CACTGAATCATTTGCT-1,14.788668,6.400858,s1d1
CACTGAATCCCATAAG-1,12.278923,1.5914425,s1d1
CACTGAATCTTGGTCC-1,6.041482,20.75657,s1d1
CACTGGGCAACCCTAA-1,1.4526564,1.2824192,s1d1
CACTGGGCACTCCGGA-1,-4.6314626,5.8498707,s1d1
CACTGGGCAGGCGTTC-1,11.852541,-0.13568051,s1d1
CACTGGGGTCGCTGCA-1,7.5678997,18.637115,s1d1
CACTGGGTCAGTCTTT-1,7.233569,-3.2137477,s1d1
CACTGGGTCGTGTTCC-1,7.818229,8.255373,s1d1
CACTGTCAGCTGCCTG-1,6.833224,18.10369,s1d1
CACTGTCAGTCTTCGA-1,15.721933,9.159261,s1d1
CACTGTCCACCAGACC-1,11.42094,7.6565456,s1d1
CACTGTCCAGGTCTCG-1,3.8372538,18.93449,s1d1
CACTGTCGTATCTTCT-1,8.592111,-5.091922,s1d1
CACTGTCGTCCTTGTC-1,-4.057444,7.382975,s1d1
CACTGTCTCACCTCGT-1,5.104528,17.47513,s1d1
CACTGTCTCCAGTACA-1,13.268226,7.4965568,s1d1
CACTGTCTCCTACAAG-1,-2.8358269,6.76029,s1d1
CACTGTCTCGTGTTCC-1,-4.7103004,5.5423703,s1d1
CACTTCGAGCTCGCAC-1,3.72576,4.242423,s1d1
CACTTCGCAACGCATT-1,14.511428,7.2857223,s1d1
CACTTCGCACCGGTCA-1,14.522811,7.377748,s1d1
CACTTCGCACCTAAAC-1,9.782292,12.938253,s1d1
CACTTCGCAGAACATA-1,5.8351636,18.293724,s1d1
CACTTCGCAGAGTTGG-1,13.003428,10.64255,s1d1
CACTTCGGTTCAAGTC-1,14.33805,7.4086456,s1d1
CACTTCGTCTCGGGAC-1,10.809761,7.238217,s1d1
CACTTCGTCTGACGCG-1,10.756331,9.231719,s1d1
CAGAGCCAGCCGATTT-1,10.04891,0.0090767015,s1d1
CAGAGCCAGCGTCTGC-1,-1.5483841,5.1069055,s1d1
CAGAGCCAGCTCCGAC-1,6.384458,11.089235,s1d1
CAGAGCCCAGAACCGA-1,2.8051534,20.24698,s1d1
CAGAGCCGTTCAGTAC-1,6.6159296,1.7629155,s1d1
CAGAGCCTCCTGGGTG-1,10.626166,14.213089,s1d1
CAGAGCCTCGCAGTGC-1,8.103138,-5.5865893,s1d1
CAGAGCCTCTCTATAC-1,4.5738873,2.7114034,s1d1
CAGAGCCTCTTCTGTA-1,14.668612,6.7540307,s1d1
CAGATACAGCTAAACA-1,2.8980227,2.1326272,s1d1
CAGATACAGCTTCGTA-1,13.978489,5.5786424,s1d1
CAGATACAGGGAGGTG-1,7.3216567,-4.305763,s1d1
CAGATACAGGGCGAGA-1,13.585772,5.6576896,s1d1
CAGATACAGTAACCTC-1,14.067706,8.515888,s1d1
CAGATACAGTACTCGT-1,11.67288,8.876052,s1d1
CAGATACAGTTACGTC-1,12.86952,7.9784217,s1d1
CAGATACAGTTCTCTT-1,16.395199,7.8040934,s1d1
CAGATACCAAGAAATC-1,5.372033,2.0723264,s1d1
CAGATACCACGGCGTT-1,10.625841,9.674959,s1d1
CAGATACTCCCAGCGA-1,15.219748,7.318951,s1d1
CAGATACTCTTCGTGC-1,13.506426,4.0791597,s1d1
CAGATCACACGACGCT-1,5.753453,17.925852,s1d1
CAGATCACAGCTTCGG-1,10.256766,-3.4824493,s1d1
CAGATCACAGGTGACA-1,8.631467,8.648795,s1d1
CAGATCACAGTTGGTT-1,2.278345,1.5459291,s1d1
CAGATCAGTCCAAATC-1,15.003593,6.464709,s1d1
CAGATCAGTGCCGAAA-1,9.441687,-4.171451,s1d1
CAGATCAGTTGGGCCT-1,3.706809,20.808504,s1d1
CAGATCATCACCTACC-1,8.93001,-5.1116834,s1d1
CAGATCATCCATTGCC-1,15.377147,8.6587105,s1d1
CAGATCATCCGAAATC-1,-3.2063994,11.039442,s1d1
CAGATTGAGCACTCTA-1,4.0926137,4.4857,s1d1
CAGATTGAGGAGAATG-1,12.520238,4.7414427,s1d1
CAGATTGAGTAGCTCT-1,12.014648,7.502618,s1d1
CAGATTGCAAGAGGTC-1,10.170363,7.4786997,s1d1
CAGATTGCACTCCGGA-1,8.343529,7.6956573,s1d1
CAGATTGCAGCGATTT-1,13.27666,5.2900224,s1d1
CAGATTGCAGTCACGC-1,13.595954,4.077564,s1d1
CAGATTGGTCGAAGCA-1,11.627339,9.264386,s1d1
CAGATTGGTTTACGAC-1,3.7021108,4.085602,s1d1
CAGATTGTCTGACGCG-1,-3.7234843,11.386861,s1d1
CAGCAATAGAACGTGC-1,9.343213,13.028082,s1d1
CAGCAATCACCCAACG-1,10.671549,7.651155,s1d1
CAGCAATTCGTCCTCA-1,6.470063,19.254395,s1d1
CAGCAATTCTGCCTCA-1,3.8841593,20.309023,s1d1
CAGCACGAGCCTCATA-1,1.6694021,2.7315764,s1d1
CAGCACGCAAGAATGT-1,2.7641556,19.977295,s1d1
CAGCACGGTCATTCCC-1,11.021868,7.677904,s1d1
CAGCAGCAGAGAGAAC-1,4.202435,20.612434,s1d1
CAGCAGCAGTTGCTCA-1,15.638227,7.563639,s1d1
CAGCAGCCAAGCCCAC-1,0.682181,3.4087217,s1d1
CAGCAGCCATCGATCA-1,15.157793,7.9074903,s1d1
CAGCAGCGTCCCGTGA-1,7.2996182,20.472229,s1d1
CAGCAGCGTCGAAGCA-1,12.693832,6.5053673,s1d1
CAGCAGCGTGGTCTCG-1,11.854686,7.862812,s1d1
CAGCAGCTCTGATGGT-1,3.8345065,4.768647,s1d1
CAGCCAGAGAAGGTAG-1,-3.760949,11.316795,s1d1
CAGCCAGAGAATCGTA-1,14.630708,7.8314466,s1d1
CAGCCAGAGCAATTAG-1,11.120772,7.1025457,s1d1
CAGCCAGCAAGGACAC-1,7.958558,2.7766912,s1d1
CAGCCAGCAGACCTAT-1,5.857855,17.907372,s1d1
CAGCCAGCATAGTCGT-1,6.0089035,11.476052,s1d1
CAGCCAGGTAGAGATT-1,13.569848,4.28605,s1d1
CAGCCAGGTCCCTGAG-1,2.887105,15.4777565,s1d1
CAGCCAGGTGAGTAGC-1,4.846777,19.221445,s1d1
CAGCCAGGTTGCAAGG-1,-3.3465445,9.373169,s1d1
CAGCCAGTCACTGTTT-1,3.226534,20.515568,s1d1
CAGCCAGTCATCGCCT-1,13.632241,4.189597,s1d1
CAGCCAGTCGCCGAGT-1,-3.9192138,9.219372,s1d1
CAGCCAGTCGTTGTAG-1,11.210684,6.6751914,s1d1
CAGCCAGTCTGGGCAC-1,9.143264,-6.030837,s1d1
CAGCGTGAGATTAGCA-1,12.267943,2.5763967,s1d1
CAGCGTGAGGCTCCCA-1,-0.848401,3.6259344,s1d1
CAGCGTGAGGGCAGTT-1,10.756281,14.400518,s1d1
CAGCGTGAGTTACTCG-1,9.985034,-5.163536,s1d1
CAGCGTGCACTGTGTA-1,-4.6438622,8.278556,s1d1
CAGCGTGCAGCTCGGT-1,-4.4391475,8.733318,s1d1
CAGCGTGCAGCTGTTA-1,13.0151825,3.7666752,s1d1
CAGCGTGGTTCCTACC-1,-3.1688244,10.782428,s1d1
CAGCGTGGTTGCATAC-1,10.331883,-5.264332,s1d1
CAGCGTGTCATGACAC-1,9.89097,9.097224,s1d1
CAGCGTGTCGGCATAT-1,11.02029,9.960893,s1d1
CAGGCCAAGCAGCACA-1,8.02638,-1.3853126,s1d1
CAGGCCAAGGTATAGT-1,7.931006,-4.8320036,s1d1
CAGGCCAAGTTGAATG-1,11.69497,10.906,s1d1
CAGGCCACAGGCGAAT-1,11.374723,0.4335721,s1d1
CAGGCCAGTATCGCAT-1,9.644843,6.6121945,s1d1
CAGGCCAGTGTCTTCC-1,-0.78314155,4.9118886,s1d1
CAGGCCAGTTTACTTC-1,3.4878025,20.906038,s1d1
CAGGCCATCGCCACTT-1,9.809784,-3.906966,s1d1
CAGGCCATCGGTGAAG-1,15.427937,6.9402666,s1d1
CAGGGCTCACATACTG-1,11.833045,1.6504965,s1d1
CAGGGCTCACCTAAAC-1,8.748789,3.4073489,s1d1
CAGGGCTCACCTGCAG-1,-0.2506023,3.280904,s1d1
CAGGGCTCAGCAGAAC-1,2.7594204,19.756876,s1d1
CAGGGCTGTACAAGCG-1,-4.601291,10.888115,s1d1
CAGGGCTGTCCATCTC-1,0.29303023,6.082809,s1d1
CAGGGCTGTTAACAGA-1,4.108864,4.4650865,s1d1
CAGGGCTTCACTTTGT-1,-0.26060405,3.6322062,s1d1
CAGGGCTTCATACAGC-1,12.363611,6.217972,s1d1
CAGGTATCAAGGTCGA-1,4.0313115,4.781539,s1d1
CAGGTATCAGAGGGTT-1,5.3903317,18.379017,s1d1
CAGGTATGTTTAGTCG-1,10.213543,-4.1803226,s1d1
CAGGTATTCTGAGGTT-1,8.609218,-3.1640143,s1d1
CAGTGCGAGGTTCCGC-1,2.4091902,20.378504,s1d1
CAGTGCGCACCCAAGC-1,11.54684,9.285025,s1d1
CAGTGCGCAGATCATC-1,5.9331746,19.812353,s1d1
CAGTGCGCAGCGACAA-1,12.084403,-1.4836069,s1d1
CAGTGCGCATACAGAA-1,9.724938,6.788005,s1d1
CAGTGCGCATGGACAG-1,12.67835,3.4569,s1d1
CAGTGCGGTACGAGCA-1,0.52926415,5.1724133,s1d1
CAGTGCGGTCCACATA-1,13.097919,10.706728,s1d1
CAGTGCGGTGTCTTCC-1,15.523093,9.554826,s1d1
CAGTGCGTCGAAGCAG-1,2.920597,1.5178276,s1d1
CAGTGCGTCTCGTCAC-1,10.086015,9.066901,s1d1
CAGTGCGTCTGTCGTC-1,8.576558,-4.8266764,s1d1
CAGTTAGAGAGCTGAC-1,3.9857357,18.086401,s1d1
CAGTTAGAGCGGCTCT-1,11.2928095,12.380083,s1d1
CAGTTAGAGGGCAACT-1,11.277489,10.123923,s1d1
CAGTTAGCAACGCATT-1,10.527961,9.34706,s1d1
CAGTTAGCAAGAGGCT-1,15.029609,9.504231,s1d1
CAGTTAGCAATTCGTG-1,8.742092,9.378185,s1d1
CAGTTAGCACCCTAAA-1,-2.7237551,10.052635,s1d1
CAGTTAGCATTGTGCA-1,12.530976,7.826545,s1d1
CAGTTAGGTCCAAATC-1,13.107582,3.9280348,s1d1
CAGTTAGGTGTTACAC-1,3.360036,1.7464447,s1d1
CAGTTAGGTTCAGTAC-1,8.976747,-3.3964453,s1d1
CAGTTAGTCAACGCTA-1,13.565716,8.092386,s1d1
CAGTTAGTCAATCCAG-1,7.5336375,12.02886,s1d1
CAGTTAGTCATTCGTT-1,11.139712,10.584671,s1d1
CAGTTCCAGAGAGCGG-1,11.860278,7.595762,s1d1
CAGTTCCAGATACCAA-1,11.915504,6.5888925,s1d1
CAGTTCCAGCCTGTCG-1,14.961143,6.7098618,s1d1
CAGTTCCCAGCCATTA-1,6.8854933,11.673329,s1d1
CAGTTCCGTTTGGGTT-1,3.0403204,-0.06268651,s1d1
CATAAGCAGCGTATGG-1,2.8468158,4.184823,s1d1
CATAAGCAGCTCGTGC-1,-4.294039,8.636109,s1d1
CATAAGCCAAGAAACT-1,11.246981,17.615953,s1d1
CATAAGCCAGTTAAAG-1,5.076785,19.121284,s1d1
CATAAGCCATTGGGAG-1,3.5590932,19.520502,s1d1
CATAAGCGTAGTGGCA-1,9.304976,-4.05643,s1d1
CATAAGCGTGACCTGC-1,14.8448,5.7825246,s1d1
CATAAGCGTTGGAGAC-1,-3.8480394,7.975428,s1d1
CATACAGAGCTGCGAA-1,11.241018,9.93418,s1d1
CATACAGAGGCCGCTT-1,10.381283,10.068127,s1d1
CATACAGAGTATGGAT-1,11.43456,10.272792,s1d1
CATACAGCAACTCCAA-1,9.46889,1.7150295,s1d1
CATACAGCAATGACCT-1,1.4964125,1.3482554,s1d1
CATACAGCAGAACTAA-1,12.42712,1.9637351,s1d1
CATACAGGTTAGAGTA-1,5.9307146,20.254627,s1d1
CATACAGTCAATCTCT-1,-0.55518454,4.9597206,s1d1
CATACAGTCCAGCAAT-1,6.2079225,19.009686,s1d1
CATACAGTCCTCAGAA-1,10.091684,9.377258,s1d1
CATACAGTCGGTTAGT-1,12.425692,10.618657,s1d1
CATACCCAGCGTTCCG-1,8.290574,-2.347634,s1d1
CATACCCCACTTGAGT-1,9.095892,-5.825625,s1d1
CATACCCGTAACAGTA-1,11.816484,-4.11059,s1d1
CATACCCGTACTAACC-1,14.468693,7.0672913,s1d1
CATACCCGTGAGCCAA-1,13.218755,3.7150903,s1d1
CATACCCGTGCCTAAT-1,14.063874,8.40423,s1d1
CATACCCTCCCGAACG-1,12.620224,8.943832,s1d1
CATACCCTCCGAACGC-1,12.250738,7.9997573,s1d1
CATACCCTCGATGCAT-1,-0.6587539,3.4245067,s1d1
CATACCCTCTCATAGG-1,3.692505,20.396322,s1d1
CATACCCTCTGTTCAT-1,9.76862,9.382798,s1d1
CATACTTAGAAGCTGC-1,11.127964,17.426863,s1d1
CATACTTAGGACCCAA-1,10.899393,16.995096,s1d1
CATACTTAGTCTTCGA-1,12.978575,3.5075855,s1d1
CATACTTCAATTTCTC-1,11.529929,17.723955,s1d1
CATACTTCACTGGCGT-1,0.89065045,1.9830204,s1d1
CATACTTCAGAGGGTT-1,15.232386,9.046511,s1d1
CATACTTCAGGAAGTC-1,11.488344,11.544949,s1d1
CATACTTGTACTCAAC-1,7.425218,-3.5458262,s1d1
CATACTTGTAGGCAAC-1,7.734699,-3.6425269,s1d1
CATACTTGTGCAGGAT-1,2.743991,20.036366,s1d1
CATACTTTCAGCGGAA-1,11.996632,8.791964,s1d1
CATAGACAGAAATTGC-1,4.9315057,2.2967029,s1d1
CATAGACAGATTCGAA-1,3.1076057,20.571882,s1d1
CATAGACAGCACGATG-1,-1.3150593,5.7197843,s1d1
CATAGACAGCCATTTG-1,10.782735,9.025687,s1d1
CATAGACAGGACTAAT-1,11.433389,8.709977,s1d1
CATAGACAGGATCATA-1,15.844745,9.530594,s1d1
CATAGACAGGGTGAAA-1,9.319066,1.5479791,s1d1
CATAGACCAGGCGTTC-1,10.697172,7.8795776,s1d1
CATAGACGTGGCCACT-1,6.9941325,20.018332,s1d1
CATAGACGTGTGTCGC-1,7.9345255,-2.423786,s1d1
CATCAAGAGTCGTTAC-1,8.543591,3.3645105,s1d1
CATCAAGAGTGGTTAA-1,7.0361,20.851463,s1d1
CATCAAGTCAATCCAG-1,11.287025,11.068837,s1d1
CATCAAGTCACTCACC-1,7.578554,20.270958,s1d1
CATCAAGTCATGGGAG-1,14.990544,9.568673,s1d1
CATCAAGTCTGCGGCA-1,13.447839,3.147179,s1d1
CATCCACAGAGAGAAC-1,7.517995,-4.6041393,s1d1
CATCCACAGCAACAGC-1,9.247022,-3.7300646,s1d1
CATCCACAGCAGGGAG-1,6.161651,11.654118,s1d1
CATCCACAGGAACGAA-1,-4.1732025,8.128561,s1d1
CATCCACAGTCACTGT-1,13.730516,8.815231,s1d1
CATCCACCAATTTCCT-1,7.817126,-5.100795,s1d1
CATCCACCACCCAATA-1,11.507722,11.616109,s1d1
CATCCACCACGTAGTT-1,15.332367,9.469077,s1d1
CATCCACTCCGTATAG-1,13.498752,3.5778303,s1d1
CATCCACTCGGTAAGG-1,15.064633,6.939212,s1d1
CATCCCAAGAGAGGGC-1,9.215849,-3.1111565,s1d1
CATCCCAAGATGGGCT-1,13.103124,5.986692,s1d1
CATCCCAAGCGGACAT-1,13.696854,6.0119233,s1d1
CATCCCAAGGAGAGTA-1,8.778544,3.5880425,s1d1
CATCCCACAAAGAGTT-1,9.4646435,-5.8785973,s1d1
CATCCCACAACACACT-1,9.54331,9.091701,s1d1
CATCCCACACTTCTCG-1,2.2452614,1.7188689,s1d1
CATCCCACAGTTCTAG-1,14.517718,6.2030573,s1d1
CATCCCATCCACAGGC-1,13.460027,6.7828083,s1d1
CATCCCATCCTACTGC-1,12.307992,7.21849,s1d1
CATCCCATCGTCTCAC-1,8.256389,-3.9289193,s1d1
CATCCCATCGTGACTA-1,8.076845,-3.8715618,s1d1
CATCCGTAGAGTGACC-1,3.0116103,4.0727334,s1d1
CATCCGTCAGGTCCGT-1,5.2342734,17.612392,s1d1
CATCCGTCATGGTGGA-1,15.102101,7.3254366,s1d1
CATCCGTGTACGTGTT-1,9.991575,-3.8229532,s1d1
CATCCGTGTATCAAGA-1,9.911608,9.572685,s1d1
CATCCGTGTCTCTCCA-1,15.145504,7.8990936,s1d1
CATCCGTTCTTACACT-1,13.378083,4.6236978,s1d1
CATCCGTTCTTTGCAT-1,-3.3185365,10.030088,s1d1
CATCGCTAGGCACCAA-1,12.73672,6.42269,s1d1
CATCGCTCACGAAGAC-1,5.8476033,20.686853,s1d1
CATCGCTGTTACAGCT-1,8.308809,-5.6283984,s1d1
CATCGCTGTTCTTGTT-1,13.523719,3.8997428,s1d1
CATCGCTTCGACGCTG-1,15.335633,6.6100883,s1d1
CATCGGGAGAAACCCG-1,12.19914,7.8236437,s1d1
CATCGGGAGCTAATGA-1,2.9357831,1.088685,s1d1
CATCGGGAGGCCATAG-1,-4.807866,9.323008,s1d1
CATCGGGCAGATCATC-1,9.546934,-2.1750932,s1d1
CATCGGGCAGCATCTA-1,7.4494176,-1.9701735,s1d1
CATCGGGCAGTCGAGA-1,11.211208,10.026578,s1d1
CATCGGGGTCTCTCCA-1,5.7826242,19.274439,s1d1
CATCGGGGTGATGAAT-1,-2.3359742,10.140853,s1d1
CATCGGGGTGGCTAGA-1,13.961731,7.1484356,s1d1
CATCGGGTCACTGCTC-1,7.059277,20.422903,s1d1
CATCGGGTCGACCATA-1,2.141677,2.937154,s1d1
CATCGGGTCTTAGGAC-1,7.476237,3.3213534,s1d1
CATCGTCAGCACCTGC-1,-5.180905,9.090202,s1d1
CATCGTCCAACGATCT-1,12.992859,6.727893,s1d1
CATCGTCCACTACGGC-1,13.976544,7.858088,s1d1
CATCGTCCATAAGCGG-1,7.3845944,-3.4255528,s1d1
CATCGTCGTGTGCTTA-1,11.585808,8.402433,s1d1
CATCGTCGTTAGGCTT-1,10.156825,8.97633,s1d1
CATCGTCGTTTCTTAC-1,0.074994385,4.5896244,s1d1
CATCGTCTCAACCCGG-1,8.511526,9.373334,s1d1
CATCGTCTCGCAATTG-1,12.059119,8.839491,s1d1
CATGAGTAGCGCCTAC-1,10.7020445,14.408295,s1d1
CATGAGTAGGCATGGT-1,12.741662,6.1884246,s1d1
CATGAGTAGTGCACCC-1,12.890969,6.639826,s1d1
CATGAGTCAAGGCGTA-1,-3.795966,10.706001,s1d1
CATGAGTGTAGCACAG-1,8.209718,-4.819818,s1d1
CATGAGTGTTAAGGGC-1,11.713835,6.5952444,s1d1
CATGAGTTCACATCAG-1,14.497112,6.499562,s1d1
CATGAGTTCATCAGTG-1,11.405682,11.886624,s1d1
CATGAGTTCCCTTGGT-1,9.56213,8.335056,s1d1
CATGAGTTCCGCGAGT-1,14.390874,6.0870414,s1d1
CATGAGTTCGAATGCT-1,11.591506,1.6845249,s1d1
CATGCAAAGCTCCCTT-1,10.732941,8.216158,s1d1
CATGCAAAGTGGAAGA-1,9.852244,-4.2423453,s1d1
CATGCAAAGTTGTAGA-1,13.512119,6.62475,s1d1
CATGCAACAAATAGCA-1,9.7445,8.743735,s1d1
CATGCAACAACGGGTA-1,13.72983,3.8208485,s1d1
CATGCAACACAGACGA-1,10.3580065,6.3172417,s1d1
CATGCAAGTAGTTACC-1,11.883855,9.598227,s1d1
CATGCAAGTTGTTGTG-1,9.701405,9.944801,s1d1
CATGCAATCCTTTAGT-1,11.62666,13.177915,s1d1
CATGCCTAGTGATAGT-1,10.247998,7.1332335,s1d1
CATGCCTAGTTTCGAC-1,3.035998,5.177572,s1d1
CATGCCTCACGGCTAC-1,-4.5663447,8.312949,s1d1
CATGCCTGTAGGGAGG-1,11.146853,11.856833,s1d1
CATGCCTGTATGAGGC-1,14.15892,6.7917943,s1d1
CATGCCTTCCGAAGGA-1,5.958146,11.151013,s1d1
CATGCCTTCGACATCA-1,12.722909,9.928208,s1d1
CATGCGGAGCTGAAGC-1,8.055487,-5.175931,s1d1
CATGCGGAGTGCGTCC-1,4.7954836,19.272078,s1d1
CATGCGGCACATATGC-1,8.325913,3.16591,s1d1
CATGCGGGTAAGATTG-1,0.29447213,2.8821561,s1d1
CATGCGGGTTATCTTC-1,3.8154826,19.858553,s1d1
CATGCGGTCCGACGGT-1,10.811401,7.8148828,s1d1
CATGCTCAGCGGTAGT-1,11.790152,8.915759,s1d1
CATGCTCAGGACCCAA-1,-1.0190563,5.1234984,s1d1
CATGCTCCATACCACA-1,14.239861,6.218881,s1d1
CATGCTCGTGTGTCGC-1,-0.7358502,3.764005,s1d1
CATGCTCGTTCAGCGC-1,4.5473614,2.2070775,s1d1
CATGCTCGTTTAAGGA-1,6.081031,20.026154,s1d1
CATGCTCTCACTACTT-1,11.371955,11.186411,s1d1
CATGCTCTCGGTCGGT-1,10.270697,8.811831,s1d1
CATGGATCAAGAAACT-1,8.842318,9.193845,s1d1
CATGGATCATTGACCA-1,13.415465,3.8253534,s1d1
CATGGATGTGAGGCAT-1,6.194271,11.305186,s1d1
CATGGTAAGTCGCGAA-1,6.3932347,11.479337,s1d1
CATGGTACACAACGTT-1,11.264322,9.547243,s1d1
CATGGTACACCTCGTT-1,0.95719665,3.3371482,s1d1
CATGGTAGTACGGCAA-1,12.54008,6.6368256,s1d1
CATGGTATCGGTCGAC-1,11.046998,14.318236,s1d1
CATTCATAGACATGCG-1,8.804738,1.1229725,s1d1
CATTCATAGGCTCACC-1,3.3545659,20.90876,s1d1
CATTCATGTCATACCA-1,12.469516,9.014937,s1d1
CATTCATGTCCTTAAG-1,12.669307,9.662373,s1d1
CATTCATGTGCCGGTT-1,-4.666826,10.204316,s1d1
CATTCATGTGCCGTTG-1,13.34613,5.7165275,s1d1
CATTCATTCTTTCCAA-1,11.585107,9.824806,s1d1
CATTCATTCTTTCTAG-1,0.88768613,1.8481277,s1d1
CATTCCGAGCAGGCTA-1,12.181569,7.269857,s1d1
CATTCCGAGGAGTATT-1,7.4376836,-3.8617692,s1d1
CATTCCGAGTATAACG-1,3.444159,4.5527477,s1d1
CATTCCGCAACACAAA-1,14.239962,5.5147586,s1d1
CATTCCGCAAGTGGGT-1,12.734904,9.625771,s1d1
CATTCCGCACCTGATA-1,10.029574,-5.3910375,s1d1
CATTCCGCATGACTCA-1,3.2174516,16.848164,s1d1
CATTCCGGTAAGACCG-1,13.113568,5.9081597,s1d1
CATTCCGGTGCATCTA-1,12.696888,11.362318,s1d1
CATTCCGGTGCATGAG-1,16.120838,7.653312,s1d1
CATTCCGTCCATGAGT-1,2.491496,1.6047482,s1d1
CATTCCGTCGAGATGG-1,6.272448,20.6084,s1d1
CATTCCGTCGAGCCTG-1,15.580361,9.333934,s1d1
CATTCCGTCTGATGGT-1,2.9686186,0.7025775,s1d1
CATTCTAAGACGGAAA-1,3.4537237,19.923693,s1d1
CATTCTAAGGTCCGAA-1,3.7240558,20.78466,s1d1
CATTCTAAGTCGGCAA-1,7.31632,-3.0537682,s1d1
CATTCTACATAGTCGT-1,6.207853,20.568245,s1d1
CATTCTACATGGGAAC-1,9.793676,-5.422731,s1d1
CATTCTAGTCACTCAA-1,10.877655,8.742663,s1d1
CATTCTAGTCGTTCAA-1,-4.729998,9.670435,s1d1
CATTCTATCAAACGAA-1,13.19419,3.4642208,s1d1
CATTCTATCAGCCTCT-1,12.21641,7.9720387,s1d1
CATTCTATCTGAGGTT-1,6.081382,20.541336,s1d1
CATTGAGAGCACAAAT-1,7.324455,-2.313395,s1d1
CATTGAGAGCTAGAAT-1,-0.21393102,3.5400734,s1d1
CATTGAGAGGTGATAT-1,4.4380226,1.9187847,s1d1
CATTGAGCATGTAACC-1,12.327296,6.7480173,s1d1
CATTGAGGTAAGGTCG-1,10.974,13.05001,s1d1
CATTGAGGTCGCACAC-1,15.851312,7.2513247,s1d1
CATTGAGGTGAACGGT-1,-1.1059521,3.9554913,s1d1
CATTGAGGTTGAATCC-1,9.954637,9.097442,s1d1
CATTGAGGTTTGGGTT-1,10.366122,-4.5035458,s1d1
CATTGAGTCCTCTAAT-1,3.4903014,20.125093,s1d1
CATTGCCAGAGCCATG-1,7.8841314,8.773731,s1d1
CATTGCCAGAGTGACC-1,12.738523,9.361237,s1d1
CATTGCCAGCGTCTGC-1,12.57266,1.2714065,s1d1
CATTGCCAGGTGAGAA-1,9.596095,1.4266152,s1d1
CATTGCCGTAAGATAC-1,15.293653,9.2970295,s1d1
CATTGCCGTAGGCTGA-1,9.122037,9.449732,s1d1
CATTGCCGTAGGTAGC-1,8.796328,6.851509,s1d1
CATTGCCGTGAATATG-1,10.659707,14.275969,s1d1
CATTGCCGTGCGAGTA-1,-4.9953947,9.118943,s1d1
CATTGCCTCCATGAGT-1,14.808004,6.0605335,s1d1
CATTGTTCAATGTCTG-1,11.415585,9.56519,s1d1
CATTGTTGTTCCTTGC-1,15.240928,7.3289595,s1d1
CATTGTTTCCATTTGT-1,13.41906,7.1689553,s1d1
CATTGTTTCGATACTG-1,3.8001182,20.208313,s1d1
CATTGTTTCGCTGATA-1,5.905833,11.418997,s1d1
CATTGTTTCTCGGGAC-1,11.58217,8.899653,s1d1
CATTGTTTCTCGTCAC-1,5.2858977,17.50313,s1d1
CATTTCAAGCCTTTGA-1,12.5127125,5.048634,s1d1
CATTTCAAGCTTAAGA-1,4.0111694,4.535769,s1d1
CATTTCACAATGAAAC-1,12.315483,-1.2482102,s1d1
CATTTCACAGTAACGG-1,11.130247,14.166024,s1d1
CATTTCAGTCATGCAT-1,-0.4709793,4.6790686,s1d1
CATTTCAGTGGTAACG-1,15.4659395,8.803382,s1d1
CATTTCAGTTGAATCC-1,11.646105,7.203454,s1d1
CATTTCAGTTTCACTT-1,10.992675,13.832667,s1d1
CATTTCATCACGGACC-1,3.1530764,4.3985753,s1d1
CATTTCATCAGACTGT-1,4.200934,4.25972,s1d1
CATTTCATCCACGTGG-1,4.5578413,19.506756,s1d1
CATTTCATCCCTCGTA-1,3.1622255,19.457733,s1d1
CATTTCATCTTCCACG-1,13.991588,8.502731,s1d1
CCAAGCGAGCGCCTCA-1,8.250842,-3.9729292,s1d1
CCAAGCGAGGCATTTC-1,-2.1390917,5.6936913,s1d1
CCAAGCGAGGTCACAG-1,3.7772894,4.70959,s1d1
CCAAGCGCAAGTCCAT-1,7.4194293,-4.105462,s1d1
CCAAGCGCAGCTGAAG-1,3.3338957,20.71177,s1d1
CCAAGCGGTCTAGGCC-1,8.778553,-1.7596213,s1d1
CCAAGCGTCCTGTAAG-1,8.759033,7.539935,s1d1
CCAAGCGTCGCTTTAT-1,7.8215675,-1.587759,s1d1
CCAATGAAGAAGTCCG-1,7.719955,3.1256354,s1d1
CCAATGAAGAGCCCAA-1,13.130999,7.772688,s1d1
CCAATGAAGCGAGAAA-1,5.208611,18.16016,s1d1
CCAATGAAGGCCTAGA-1,4.437434,20.328995,s1d1
CCAATGAAGTGACCTT-1,2.997623,15.484969,s1d1
CCAATGAAGTTAGTAG-1,-3.5941133,5.2584267,s1d1
CCAATGAGTAGTTACC-1,15.040284,6.63805,s1d1
CCAATGATCTTCGACC-1,10.137163,16.3406,s1d1
CCAATTTAGTCATCCA-1,2.8734825,0.12859154,s1d1
CCAATTTCAATCAGCT-1,9.537674,1.5117016,s1d1
CCAATTTGTCCAGCCA-1,11.760723,13.346902,s1d1
CCAATTTGTCCTGTTC-1,5.314118,18.983568,s1d1
CCAATTTGTTGGATCT-1,2.8094985,19.919685,s1d1
CCAATTTTCACCGGGT-1,9.047523,-5.301851,s1d1
CCAATTTTCCTTACCG-1,-5.1485376,8.867279,s1d1
CCAATTTTCGAAGTGG-1,9.359471,7.12147,s1d1
CCAATTTTCTGCTAGA-1,-4.082637,10.931944,s1d1
CCAATTTTCTGGAAGG-1,11.707839,11.144808,s1d1
CCAATTTTCTGGGATT-1,5.3286204,17.834505,s1d1
CCACAAAAGATAGCTA-1,-3.2857716,12.012751,s1d1
CCACAAAAGTCAGGGT-1,12.722875,-3.6247513,s1d1
CCACAAACACTAGAGG-1,11.338149,10.0523,s1d1
CCACAAACATTGCCTC-1,8.4042225,-4.187303,s1d1
CCACAAATCACCTACC-1,9.912064,9.377673,s1d1
CCACAAATCAGGCGAA-1,9.215361,7.0606575,s1d1
CCACAAATCGGAAGGT-1,3.2010384,3.4450407,s1d1
CCACACTAGTATAGAC-1,2.4416802,20.038177,s1d1
CCACACTCAGTTTCAG-1,15.55865,7.7599363,s1d1
CCACACTCATGAAAGT-1,8.847664,-3.970305,s1d1
CCACACTGTGCGGCTT-1,12.445125,6.2616196,s1d1
CCACACTGTTTCGTAG-1,15.787074,7.7917976,s1d1
CCACACTTCTTCGGTC-1,10.497194,14.6466675,s1d1
CCACCATAGCTAGCCC-1,1.9938829,1.4843297,s1d1
CCACCATAGTGCAGGT-1,10.775637,7.446682,s1d1
CCACCATCAAGGTCGA-1,11.156263,8.056558,s1d1
CCACCATCACGCGTCA-1,9.630468,-4.8991337,s1d1
CCACCATCAGAGGAAA-1,-3.9825585,9.486736,s1d1
CCACCATCAGTCTTCC-1,5.6142874,18.249676,s1d1
CCACCATGTATCTTCT-1,7.7470894,-5.0815415,s1d1
CCACCATGTCCAGCAC-1,6.9973655,20.321,s1d1
CCACCATGTGACAGGT-1,11.70738,8.173765,s1d1
CCACCATGTGATAGAT-1,12.98084,9.534507,s1d1
CCACCATGTTGCATTG-1,0.4518442,2.5986857,s1d1
CCACCATTCTCCCAAC-1,9.07337,9.070443,s1d1
CCACGAGAGATAGTCA-1,10.93584,-4.009578,s1d1
CCACGAGAGCGCCGTT-1,13.026144,4.938029,s1d1
CCACGAGAGGCTTAAA-1,12.517849,9.388461,s1d1
CCACGAGAGTGACACG-1,7.790435,-3.4406786,s1d1
CCACGAGCAACCGTGC-1,10.968165,10.077256,s1d1
CCACGAGCACACCAGC-1,12.999179,3.5630817,s1d1
CCACGAGCACTGTTCC-1,-0.77915686,4.817414,s1d1
CCACGAGCAGCGCGTT-1,-2.6179028,9.329261,s1d1
CCACGAGCATGGGCAA-1,12.56335,3.055137,s1d1
CCACGAGGTAGTGTGG-1,11.092333,9.143133,s1d1
CCACGAGGTCTTGCTC-1,9.00799,7.412349,s1d1
CCACGAGTCAACACCA-1,15.731016,8.806662,s1d1
CCACGAGTCTCGCTTG-1,14.565856,5.848807,s1d1
CCACGTTCAACAGCCC-1,10.980489,9.080194,s1d1
CCACGTTCAAGACCGA-1,7.791805,-4.249545,s1d1
CCACGTTCATCGGTTA-1,9.286937,-5.6156716,s1d1
CCACGTTGTGCACGCT-1,3.62887,5.0817204,s1d1
CCACGTTTCGTCGCTT-1,9.422833,1.7511688,s1d1
CCACGTTTCGTCTCAC-1,14.334556,5.392344,s1d1
CCACGTTTCTTAATCC-1,9.0672035,9.196358,s1d1
CCACTTGAGCATTTGC-1,7.993573,-4.025434,s1d1
CCACTTGCAACCACAT-1,-4.4153323,7.7490664,s1d1
CCACTTGCATGTGTCA-1,8.627969,-5.0804005,s1d1
CCACTTGGTCCAATCA-1,5.5246797,2.1010778,s1d1
CCACTTGTCCACACCT-1,10.982964,13.108286,s1d1
CCACTTGTCCTTCTGG-1,8.169408,1.574229,s1d1
CCATAAGCAAACTAGA-1,6.365845,20.721304,s1d1
CCATAAGCAAGACGAC-1,13.789364,7.078021,s1d1
CCATAAGCACTTCTCG-1,3.8205652,18.389168,s1d1
CCATAAGCATTGAGCT-1,-4.1002216,8.450662,s1d1
CCATAAGGTCAGTCTA-1,12.489943,0.6139274,s1d1
CCATAAGTCGTGAGAG-1,13.241564,4.0648603,s1d1
CCATAAGTCGTGGGTC-1,2.9882832,0.96361953,s1d1
CCATCACAGAGTTGCG-1,2.476752,19.327541,s1d1
CCATCACCACCCTTGT-1,8.710836,-3.0192056,s1d1
CCATCACCATGATAGA-1,15.520195,9.495409,s1d1
CCATCACTCAAGTCTG-1,13.150141,7.2011857,s1d1
CCATCACTCACGTCCT-1,10.965495,13.399471,s1d1
CCATCACTCGATGCAT-1,2.6749084,0.18748109,s1d1
CCATCACTCGTTATCT-1,-0.73936266,3.6897538,s1d1
CCATCACTCTACCAGA-1,3.3512473,3.3999178,s1d1
CCCAACTAGACTTAAG-1,10.277079,7.1060176,s1d1
CCCAACTAGAGTCTTC-1,10.713096,8.623663,s1d1
CCCAACTAGGCTATCT-1,14.157497,8.153551,s1d1
CCCAACTAGTCACAGG-1,3.5882316,20.291197,s1d1
CCCAACTAGTCTGCAT-1,11.659107,0.19624104,s1d1
CCCAACTCACAGCCTG-1,-3.5536628,8.321708,s1d1
CCCAACTCAGACACAG-1,-2.8968487,9.278249,s1d1
CCCAACTCAGCTTCCT-1,-0.2812936,3.995723,s1d1
CCCAACTCAGGTTACT-1,-3.4031148,8.389721,s1d1
CCCAACTTCTACTTCA-1,9.263914,6.845646,s1d1
CCCAACTTCTGAACGT-1,11.000434,17.118193,s1d1
CCCAACTTCTGGGTCG-1,11.88879,-1.4519986,s1d1
CCCATTGAGTTGGGAC-1,14.614613,6.342203,s1d1
CCCATTGCAAATGAAC-1,13.633296,3.8956482,s1d1
CCCATTGCAACAAGAT-1,12.014196,9.75177,s1d1
CCCATTGCACACGTGC-1,11.753254,9.302199,s1d1
CCCATTGCAGAAGTGC-1,3.392452,20.427713,s1d1
CCCATTGCATGGGAAC-1,10.111555,8.881776,s1d1
CCCATTGGTAGGTCAG-1,-0.18408144,4.8211503,s1d1
CCCATTGGTATGGTAA-1,9.9750395,-5.5170465,s1d1
CCCATTGGTCAGATTC-1,11.308087,13.106951,s1d1
CCCATTGTCCAATCTT-1,4.939564,19.2173,s1d1
CCCATTGTCTAACACG-1,7.2085643,2.9582665,s1d1
CCCGAAGAGGCATGCA-1,12.2039385,-3.6798527,s1d1
CCCGAAGCACAAGCAG-1,9.562368,8.498987,s1d1
CCCGAAGCATAACGGG-1,4.3709693,19.073381,s1d1
CCCGAAGGTCACTGAT-1,2.5370002,16.792362,s1d1
CCCGAAGGTGGTATGG-1,12.532534,8.700207,s1d1
CCCGAAGGTTGTGTAC-1,5.26652,17.517918,s1d1
CCCGAAGTCATTTGGG-1,10.780819,16.716377,s1d1
CCCGAAGTCCATGCAA-1,10.742051,7.8128753,s1d1
CCCGAAGTCGTGGTAT-1,10.756559,12.383327,s1d1
CCCGGAAAGACATCAA-1,12.516118,7.6063123,s1d1
CCCGGAAAGACCTCCG-1,11.674047,12.172705,s1d1
CCCGGAAAGGGCAATC-1,11.929353,1.7851143,s1d1
CCCGGAAAGTAAACTG-1,13.2497225,8.508059,s1d1
CCCGGAACACGTTCGG-1,13.596684,3.389865,s1d1
CCCGGAACACTTCCTG-1,14.473089,6.035458,s1d1
CCCGGAACATGAGGGT-1,8.292234,8.728328,s1d1
CCCGGAAGTACGGCAA-1,12.525809,9.463821,s1d1
CCCGGAAGTGTCTCCT-1,10.556403,9.658,s1d1
CCCGGAATCAAATGCC-1,9.594819,-3.5657444,s1d1
CCCGGAATCAACACCA-1,13.311664,8.6105385,s1d1
CCCGGAATCAACTGAC-1,-3.592254,11.526909,s1d1
CCCGGAATCCTAAGTG-1,7.9002366,-4.5192704,s1d1
CCCGGAATCGCCAGTG-1,11.111448,12.937709,s1d1
CCCGGAATCGGCTGGT-1,10.772114,-1.2495832,s1d1
CCCGGAATCTGCGGCA-1,11.77251,9.002576,s1d1
CCCTAACAGGCAGGTT-1,3.1916785,4.9268484,s1d1
CCCTAACAGGGCAGAG-1,8.086965,-2.3367,s1d1
CCCTAACCAAACTAGA-1,8.052548,1.4561592,s1d1
CCCTAACCAAATGATG-1,9.297515,-5.887757,s1d1
CCCTAACGTCATCCGG-1,-3.2167933,10.673944,s1d1
CCCTAACGTCGAATGG-1,11.938396,9.116203,s1d1
CCCTAACGTTGACTGT-1,11.001877,14.321364,s1d1
CCCTAACTCAACGAGG-1,12.46757,8.684929,s1d1
CCCTAACTCTGGGCAC-1,11.88661,10.741993,s1d1
CCCTCAAAGAAAGTCT-1,9.29745,12.877989,s1d1
CCCTCAAAGAACCCGA-1,11.0005665,7.407802,s1d1
CCCTCAAAGATCCGAG-1,0.6389746,3.172058,s1d1
CCCTCAAAGCCTGTGC-1,12.835518,9.3433275,s1d1
CCCTCAAAGGATGTTA-1,3.4362288,2.1188712,s1d1
CCCTCAAAGGGCGAGA-1,11.007172,-4.5123277,s1d1
CCCTCAAAGTGGCGAT-1,1.8763921,2.5153253,s1d1
CCCTCAACAGAACTAA-1,12.218445,1.0233947,s1d1
CCCTCAACAGCTCCTT-1,7.3094635,-3.6137247,s1d1
CCCTCAACATCATTGG-1,13.067009,3.6870492,s1d1
CCCTCAATCCTGTTGC-1,13.746584,5.262923,s1d1
CCCTCAATCGGTCTGG-1,11.046311,8.713884,s1d1
CCCTCTCAGAGGTCGT-1,12.425434,12.38516,s1d1
CCCTCTCAGTCGGGAT-1,6.036518,20.621723,s1d1
CCCTCTCCAAACTGCT-1,5.1144385,17.78972,s1d1
CCCTCTCCAATCTGCA-1,-4.3074074,7.959798,s1d1
CCCTCTCCACGCAAAG-1,-4.178022,8.916276,s1d1
CCCTCTCCAGTCTTCC-1,11.412299,13.791487,s1d1
CCCTCTCGTATCCCAA-1,14.437224,6.9211006,s1d1
CCCTCTCGTCTTTCAT-1,7.1715374,3.1111374,s1d1
CCCTCTCTCACTGTTT-1,10.29124,-5.5873284,s1d1
CCCTCTCTCCCGAGGT-1,-1.519853,7.3113675,s1d1
CCCTCTCTCGCCATAA-1,-0.07594677,4.598095,s1d1
CCCTGATAGATCACTC-1,8.851993,-5.783679,s1d1
CCCTGATCAACTCCCT-1,11.483679,8.592168,s1d1
CCCTGATCACGACGTC-1,11.790165,8.175113,s1d1
CCCTGATCATCGGAGA-1,10.26369,7.6353846,s1d1
CCCTGATGTAGGCTCC-1,11.4087515,0.77356666,s1d1
CCCTGATGTGGCTTGC-1,10.268354,9.1839285,s1d1
CCCTGATTCAATGTCG-1,-4.567095,5.67197,s1d1
CCCTGATTCCGTCACT-1,14.504574,8.010669,s1d1
CCCTGATTCGTAACTG-1,8.301934,9.328573,s1d1
CCCTGATTCTCCCAAC-1,11.96444,7.561911,s1d1
CCCTGATTCTGTCCCA-1,-3.687136,7.768375,s1d1
CCCTTAGCACGGCGTT-1,9.778139,9.698748,s1d1
CCCTTAGCAGTATACC-1,3.6533766,20.134233,s1d1
CCCTTAGGTCGTAATC-1,14.839777,6.9976044,s1d1
CCCTTAGGTGGACAGT-1,10.914388,-4.436131,s1d1
CCCTTAGTCATGTCTT-1,10.658548,7.99063,s1d1
CCGAACGAGATAGTGT-1,12.554179,7.29648,s1d1
CCGAACGAGATGTTAG-1,11.862052,9.249144,s1d1
CCGAACGAGTATGGAT-1,10.724469,9.580562,s1d1
CCGAACGCACGCGCTA-1,14.061192,7.7512827,s1d1
CCGAACGCATTCGGGC-1,8.969242,-3.6710138,s1d1
CCGAACGGTCGCTCGA-1,2.1291802,5.079904,s1d1
CCGAACGGTGGCTTGC-1,-1.7892723,4.5767374,s1d1
CCGAACGTCGACACCG-1,7.1371307,-2.0820546,s1d1
CCGAACGTCTGGACTA-1,3.6639862,18.50945,s1d1
CCGATCTCAAAGGCTG-1,9.353637,3.3462632,s1d1
CCGATCTCACTAAACC-1,3.57072,1.998446,s1d1
CCGATCTCATAACGGG-1,7.33174,-2.6279774,s1d1
CCGATCTGTATGAGGC-1,9.073357,-5.209103,s1d1
CCGATCTGTCAAGGCA-1,9.78057,-1.7059476,s1d1
CCGATCTGTCGTGTTA-1,5.4327717,18.000723,s1d1
CCGATCTGTGTTTGCA-1,3.86469,18.183033,s1d1
CCGATCTGTTTCCATT-1,-5.068761,10.090018,s1d1
CCGATCTTCCTGTTGC-1,12.781744,9.733783,s1d1
CCGATCTTCGACGAGA-1,5.7402396,17.455938,s1d1
CCGATCTTCGAGATAA-1,12.161563,6.539568,s1d1
CCGATCTTCTAAGGAA-1,3.21906,20.573154,s1d1
CCGATGGAGAGAGAAC-1,10.272314,-5.0959764,s1d1
CCGATGGAGGTAGCCA-1,-2.5945046,9.30927,s1d1
CCGATGGCAAAGGGCT-1,8.971374,8.285285,s1d1
CCGATGGCACGTGTGC-1,10.566796,-4.9150314,s1d1
CCGATGGCAGAGTTGG-1,3.4528382,20.220026,s1d1
CCGATGGCAGTCTACA-1,10.929536,10.941816,s1d1
CCGATGGGTCAGTCCG-1,3.5743666,19.916296,s1d1
CCGATGGGTGACTAAA-1,4.96932,18.50431,s1d1
CCGATGGGTTCGAAGG-1,7.0469637,19.384253,s1d1
CCGATGGGTTTACGAC-1,11.818617,12.756925,s1d1
CCGATGGTCCATGATG-1,3.2798164,19.014593,s1d1
CCGATGGTCCGAACGC-1,8.526134,0.5274697,s1d1
CCGATGGTCGAGATAA-1,-3.7278357,10.577331,s1d1
CCGCAAGCAGTTCACA-1,7.7591734,-3.0696409,s1d1
CCGCAAGGTAGCTGCC-1,5.94524,20.798761,s1d1
CCGCAAGGTCAGCGTC-1,11.091979,13.266309,s1d1
CCGCAAGGTCGGCACT-1,14.916269,7.139132,s1d1
CCGCAAGGTGTGACCC-1,3.3323991,5.802827,s1d1
CCGCAAGTCAGGAGAC-1,2.7264159,2.8423617,s1d1
CCGCAAGTCCAGTGTA-1,-1.0960882,4.183339,s1d1
CCGCAAGTCCTATGGA-1,14.380597,6.6674347,s1d1
CCGCAAGTCGAGATAA-1,1.2959805,1.5137017,s1d1
CCGGACAAGAAGGATG-1,8.1271925,11.182296,s1d1
CCGGACAAGCACCCAC-1,3.3092883,20.197508,s1d1
CCGGACAAGCTTCGTA-1,14.4990425,5.51664,s1d1
CCGGACACAAGACAAT-1,10.428522,9.3333025,s1d1
CCGGACACAGAAGCTG-1,8.707048,-5.488263,s1d1
CCGGACACATGAATCC-1,11.134123,13.981848,s1d1
CCGGACAGTCGGTGAA-1,9.299186,7.3818464,s1d1
CCGGACATCGAGATAA-1,6.0291495,20.433207,s1d1
CCGGACATCGTACACA-1,14.818135,6.921514,s1d1
CCGGACATCGTACCTC-1,5.1445265,19.0835,s1d1
CCGGGTAAGATGGCAC-1,-1.242723,5.4682584,s1d1
CCGGGTAAGCATCGAG-1,6.2510104,20.857157,s1d1
CCGGGTAAGCCAAGTG-1,10.772394,8.921414,s1d1
CCGGGTAAGGTCGTCC-1,-4.5501695,7.6656876,s1d1
CCGGGTAAGTGCACCC-1,11.131154,10.012353,s1d1
CCGGGTACATCGCTCT-1,9.660005,9.421608,s1d1
CCGGGTAGTCCCACGA-1,11.473006,10.020129,s1d1
CCGGGTAGTCCCGCAA-1,11.643463,1.027639,s1d1
CCGGGTAGTTCTCCTG-1,2.8654802,0.7917504,s1d1
CCGGGTAGTTGCTTGA-1,-4.562887,11.16239,s1d1
CCGGGTATCATACGAC-1,14.356215,6.299816,s1d1
CCGGGTATCGGCACTG-1,3.6569068,3.9676504,s1d1
CCGGTAGAGTAAGACT-1,-3.4961278,10.001719,s1d1
CCGGTAGCACAAATAG-1,12.73164,2.9156513,s1d1
CCGGTAGCAGGAATAT-1,16.003054,8.371283,s1d1
CCGGTAGCATTGACAC-1,12.879971,6.1871495,s1d1
CCGGTAGGTGACATCT-1,3.4582806,19.573294,s1d1
CCGGTAGGTGCATACT-1,10.45149,9.550562,s1d1
CCGGTAGGTTGGGCCT-1,12.665584,6.2852116,s1d1
CCGGTAGTCATGCAGT-1,6.1671343,20.65378,s1d1
CCGGTAGTCGCAACAT-1,9.60097,-3.8107493,s1d1
CCGGTAGTCGCTTGAA-1,3.6058176,18.387665,s1d1
CCGGTGAAGATTGGGC-1,8.859454,-5.7381415,s1d1
CCGGTGACACTTCAGA-1,12.107003,1.1764696,s1d1
CCGGTGACAGCATCTA-1,5.7844214,17.957092,s1d1
CCGGTGAGTATGCAAA-1,-3.9096947,10.232743,s1d1
CCGGTGAGTGGATTTC-1,2.3954344,20.313965,s1d1
CCGGTGATCAGCGGAA-1,15.34126,9.123351,s1d1
CCGGTGATCATTCACT-1,5.7724757,18.119656,s1d1
CCGGTGATCGGATACT-1,12.823005,5.560446,s1d1
CCGGTGATCGTTGTGA-1,-3.7666836,9.203593,s1d1
CCGTAGGAGGGACCAT-1,-4.1329846,7.4012027,s1d1
CCGTAGGAGTGACCTT-1,10.241508,8.949407,s1d1
CCGTAGGCAAGATGGC-1,2.8277228,2.3489506,s1d1
CCGTAGGCAATAAGGT-1,13.945585,4.854773,s1d1
CCGTAGGCAATAGTGA-1,5.177056,18.427069,s1d1
CCGTAGGCACATACTG-1,11.685152,11.4727745,s1d1
CCGTAGGCATGGCCCA-1,-3.7364404,9.021249,s1d1
CCGTAGGGTAGTCCTA-1,2.0007005,2.5711546,s1d1
CCGTAGGGTATTTCTC-1,3.03134,20.48654,s1d1
CCGTAGGGTCTAACTG-1,9.734419,9.244803,s1d1
CCGTAGGGTTAAACAG-1,10.661812,8.600409,s1d1
CCGTAGGTCTATTTCG-1,11.98972,8.973062,s1d1
CCGTAGGTCTCCGCAT-1,15.780399,9.730066,s1d1
CCGTGAGAGCAGGCTA-1,12.514685,6.086295,s1d1
CCGTGAGAGTCCTGCG-1,15.705339,9.410896,s1d1
CCGTGAGCAAATCGGG-1,6.5670123,20.568232,s1d1
CCGTGAGCAACGACAG-1,9.2303505,8.403665,s1d1
CCGTGAGCACTAACGT-1,12.465992,1.4636779,s1d1
CCGTGAGCATGACACT-1,0.99864024,3.367138,s1d1
CCGTGAGGTAACAGTA-1,5.839076,1.991457,s1d1
CCGTGAGGTAGTCGGA-1,12.131063,1.3703504,s1d1
CCGTGAGGTCCACTCT-1,12.461223,12.264766,s1d1
CCGTGAGGTCCTTTGC-1,8.739572,6.9375052,s1d1
CCGTGAGGTTAAGACA-1,4.649321,20.065042,s1d1
CCGTGAGGTTTGCCGG-1,11.621189,9.613665,s1d1
CCGTGAGTCAAGCGTT-1,8.1981125,2.87694,s1d1
CCGTTCAAGCCGCACT-1,7.4144177,-2.8519583,s1d1
CCGTTCACAAGCGAGT-1,7.9649053,12.116256,s1d1
CCGTTCACAGCTGTCG-1,12.156764,1.1982055,s1d1
CCGTTCAGTGAGTAGC-1,10.073619,8.096935,s1d1
CCGTTCATCGTGGACC-1,9.234001,-5.8746924,s1d1
CCGTTCATCTAACGGT-1,14.969807,8.749182,s1d1
CCTAACCAGAATCGTA-1,3.3317504,20.261246,s1d1
CCTAACCAGATGGTAT-1,14.043843,5.832605,s1d1
CCTAACCAGGGATCGT-1,13.542688,8.997712,s1d1
CCTAACCAGGGTTGCA-1,12.35045,12.06207,s1d1
CCTAACCCATGTGGCC-1,6.470161,10.60444,s1d1
CCTAACCGTCGTATGT-1,9.028135,2.3693101,s1d1
CCTAACCGTTGTATGC-1,13.13852,3.469431,s1d1
CCTAACCTCACCCTGT-1,9.75834,-4.827916,s1d1
CCTAACCTCACTAGCA-1,2.3576,16.112535,s1d1
CCTAACCTCAGCTAGT-1,4.29312,19.45331,s1d1
CCTAACCTCCATAGGT-1,12.744903,9.447672,s1d1
CCTAACCTCCCTCTTT-1,9.2144985,6.4304667,s1d1
CCTAACCTCCTACTGC-1,2.847056,20.692669,s1d1
CCTAACCTCCTTATCA-1,4.4352846,19.808514,s1d1
CCTAACCTCGGTCAGC-1,8.160517,-3.5001569,s1d1
CCTAAGAAGGACTATA-1,8.342108,-4.1512165,s1d1
CCTAAGACACAGTGTT-1,1.7042629,2.1085541,s1d1
CCTAAGACACTAACCA-1,11.617997,1.1602012,s1d1
CCTAAGAGTACCAGAG-1,10.352631,8.197485,s1d1
CCTAAGAGTACCTATG-1,11.680668,10.110337,s1d1
CCTAAGAGTGTTAACC-1,2.363855,3.5967817,s1d1
CCTAAGATCCATTGGA-1,12.826298,6.2174487,s1d1
CCTAAGATCCCTCGAT-1,11.591024,8.87465,s1d1
CCTACGTAGCTGACTT-1,11.967727,0.4799318,s1d1
CCTACGTCACATGTTG-1,14.371976,7.701968,s1d1
CCTACGTCACGGTGAA-1,4.3058686,20.077374,s1d1
CCTACGTCAGCACAGA-1,9.136123,-3.6774588,s1d1
CCTACGTGTACAAAGT-1,10.354928,8.630694,s1d1
CCTACGTGTACTTCCC-1,9.0217,8.8621,s1d1
CCTACGTGTGGAACCA-1,13.837414,5.498963,s1d1
CCTACGTTCACGGAGA-1,5.845497,17.914331,s1d1
CCTACGTTCATGAGTC-1,-5.152536,9.760775,s1d1
CCTACGTTCGGCTTGG-1,5.251677,17.945463,s1d1
CCTATCGAGCGAAACC-1,14.844587,8.691844,s1d1
CCTATCGAGGGCCCTT-1,7.0670786,20.39205,s1d1
CCTATCGAGTGACACG-1,0.30067697,5.5162573,s1d1
CCTATCGCAAGAAATC-1,-0.9296689,7.572662,s1d1
CCTATCGCACGCCAGT-1,10.093038,8.150111,s1d1
CCTATCGCACTAAACC-1,10.116019,-5.0642853,s1d1
CCTATCGCACTGCGAC-1,7.9553294,-5.3563743,s1d1
CCTATCGCAGTCGCAC-1,9.256479,8.843514,s1d1
CCTATCGTCAACTGGT-1,13.619451,7.672775,s1d1
CCTATCGTCTCAACGA-1,10.742145,13.104529,s1d1
CCTCAACAGGCGCTCT-1,12.101297,0.97591263,s1d1
CCTCAACAGGGCAAGG-1,2.5243633,20.278597,s1d1
CCTCAACCACGACAGA-1,-2.9716282,9.255496,s1d1
CCTCAACCACTACCCT-1,9.412486,-5.375147,s1d1
CCTCAACCAGCGCTTG-1,10.051142,-4.7090936,s1d1
CCTCAACGTCCACGCA-1,8.309907,-5.598527,s1d1
CCTCAACTCAGCTTCC-1,10.084854,-5.047989,s1d1
CCTCAACTCCGGTAGC-1,3.439215,20.390774,s1d1
CCTCACAAGAATACAC-1,12.578409,9.127794,s1d1
CCTCACAAGACGCCAA-1,11.925686,1.8662905,s1d1
CCTCACAAGAGCCGTA-1,9.466363,-5.1877303,s1d1
CCTCACAAGGTAGTAT-1,10.82116,9.450169,s1d1
CCTCACACAACCGATT-1,12.48614,8.59504,s1d1
CCTCACAGTTGGCCGT-1,13.603201,3.3675597,s1d1
CCTCACATCCAAGCCG-1,11.814244,-1.495742,s1d1
CCTCACATCCCACAGG-1,3.6655343,16.303991,s1d1
CCTCACATCCCAGCGA-1,9.335688,8.908275,s1d1
CCTCACATCTGCGATA-1,11.752715,11.249212,s1d1
CCTCAGTAGATTAGAC-1,14.676618,8.177174,s1d1
CCTCAGTAGCTGAAAT-1,5.8087726,19.207523,s1d1
CCTCAGTAGTTCATGC-1,4.132565,18.702469,s1d1
CCTCAGTCACACTTAG-1,12.845003,9.375524,s1d1
CCTCAGTCATTCTCCG-1,12.583067,8.325309,s1d1
CCTCAGTGTTATCTGG-1,5.701152,19.503395,s1d1
CCTCAGTTCGCTGTCT-1,4.249138,20.140985,s1d1
CCTCATGAGACCTGGA-1,14.902694,7.0422316,s1d1
CCTCATGAGGACAAGA-1,7.2244525,20.43719,s1d1
CCTCATGCAAGCTCTA-1,13.334559,7.317677,s1d1
CCTCATGCACCACATA-1,5.96837,20.339956,s1d1
CCTCATGCAGGGATAC-1,12.348822,0.5674113,s1d1
CCTCATGGTAACTAAG-1,7.699166,-4.9303203,s1d1
CCTCATGGTACTGCCG-1,6.239001,20.788216,s1d1
CCTCATGGTACTGCGC-1,12.970254,7.480572,s1d1
CCTCATGGTGGTTTAC-1,2.4802969,3.1671715,s1d1
CCTCATGGTGTGATGG-1,15.350824,7.6423106,s1d1
CCTCATGTCCCAAGCG-1,11.674829,-4.1331954,s1d1
CCTCATGTCCGATTAG-1,0.18418895,3.2257562,s1d1
CCTCATGTCGAGTGAG-1,11.591148,0.49168226,s1d1
CCTCATGTCGCATTAG-1,11.1689415,8.372426,s1d1
CCTCCAAAGCAATTCC-1,-4.1635113,7.918129,s1d1
CCTCCAACAAGCTGTT-1,7.7683287,12.105838,s1d1
CCTCCAACAATCTGCA-1,12.504547,0.25171944,s1d1
CCTCCAACAGGTTCGC-1,3.2129037,4.9393687,s1d1
CCTCCAACATGTTCAG-1,10.770382,8.501296,s1d1
CCTCCAAGTACCGTCG-1,11.099915,-4.28944,s1d1
CCTCCAAGTACGCTAT-1,-3.4994996,10.812527,s1d1
CCTCCAAGTAGGAGTC-1,8.170998,9.487755,s1d1
CCTCCAAGTCCCACGA-1,14.713601,5.6068196,s1d1
CCTCCAATCACAAGGG-1,6.564548,11.027245,s1d1
CCTCCAATCAGTCCGG-1,12.590872,7.445648,s1d1
CCTCCAATCGCAGTTA-1,11.566361,-0.041978408,s1d1
CCTCCAATCGCGTCGA-1,5.6726723,17.5241,s1d1
CCTCCAATCGGCTGGT-1,10.341732,8.070067,s1d1
CCTCCAATCGGCTGTG-1,3.8576894,17.981617,s1d1
CCTCCTCAGAGTGTTA-1,13.419893,5.534531,s1d1
CCTCCTCAGGAGGCAG-1,-4.531139,8.41691,s1d1
CCTCCTCAGTCCCAAT-1,8.895916,14.184935,s1d1
CCTCCTCCAACTAGAA-1,14.277844,6.7767177,s1d1
CCTCCTCCATAGCTGT-1,1.7600102,4.792476,s1d1
CCTCCTCGTAGGCAGT-1,8.902192,7.4590015,s1d1
CCTCCTCGTCAGTCTA-1,4.910459,20.60344,s1d1
CCTCCTCGTCCGACGT-1,11.128533,13.200151,s1d1
CCTCCTCTCAACCGAT-1,5.466258,17.896664,s1d1
CCTCCTCTCAGTCTTT-1,14.765144,6.475438,s1d1
CCTCCTCTCTCGAGTA-1,9.681359,9.374463,s1d1
CCTCTAGAGCGACCCT-1,8.008298,-2.2841258,s1d1
CCTCTAGAGGAACTCG-1,8.592478,-5.8123426,s1d1
CCTCTAGAGTAAGCAT-1,6.8315744,19.887003,s1d1
CCTCTAGCAACAGATA-1,14.098115,8.314221,s1d1
CCTCTAGCACGCCACA-1,-4.3264556,9.125739,s1d1
CCTCTAGCAGAACCGA-1,2.4291308,3.042957,s1d1
CCTCTAGCAGCGTAGA-1,13.225986,7.916421,s1d1
CCTCTAGCATTATGCG-1,11.981251,9.554496,s1d1
CCTCTAGGTACAAGCG-1,15.292488,6.8306103,s1d1
CCTCTAGGTACCCACG-1,-0.12926649,4.326736,s1d1
CCTCTAGTCGATTGAC-1,6.232868,20.908865,s1d1
CCTCTAGTCTACGGTA-1,10.967502,12.44151,s1d1
CCTCTCCAGGAGCTGT-1,10.565687,3.0422494,s1d1
CCTCTCCCAATAACGA-1,14.174971,6.307757,s1d1
CCTCTCCGTACCTAGT-1,12.317069,0.8156454,s1d1
CCTCTCCGTCTCTCTG-1,10.061618,6.425053,s1d1
CCTCTCCGTGTTCGTA-1,12.6956415,7.010577,s1d1
CCTCTCCGTTTGAACC-1,15.332477,9.813005,s1d1
CCTCTCCTCCTCGATC-1,11.5117445,7.9784217,s1d1
CCTCTCCTCGAAACAA-1,7.553607,3.271022,s1d1
CCTGCATCAGTATTCG-1,13.586285,5.5436754,s1d1
CCTGCATTCGTTGTAG-1,0.093863845,2.9857807,s1d1
CCTGCATTCTTTCCGG-1,-0.389484,6.2120423,s1d1
CCTGTTGAGCCTCTTC-1,12.619909,9.742326,s1d1
CCTGTTGCAATAGTAG-1,-0.046970554,3.549339,s1d1
CCTGTTGTCAATCCGA-1,-4.563008,9.2550745,s1d1
CCTGTTGTCCCGAAAT-1,11.480849,-3.973022,s1d1
CCTTCAGAGAAATTGC-1,12.676904,7.525585,s1d1
CCTTCAGAGCACACAG-1,10.580742,7.4422326,s1d1
CCTTCAGCACGCAAAG-1,7.679121,11.03277,s1d1
CCTTCAGGTGATACAA-1,3.2160122,20.134357,s1d1
CCTTCAGGTGATGGCA-1,11.910035,5.49345,s1d1
CCTTCAGGTGTGATGG-1,12.317614,1.8944616,s1d1
CCTTCAGGTTCTCCTG-1,8.749733,3.5824373,s1d1
CCTTCAGGTTGGAGGT-1,9.324671,13.22352,s1d1
CCTTCAGTCCTTCAGC-1,14.637624,8.426258,s1d1
CCTTCAGTCGTGGGTC-1,9.632793,8.288196,s1d1
CCTTGTGAGAACCCGA-1,-4.630427,6.581368,s1d1
CCTTGTGAGAGGTTTA-1,9.304848,-5.6024437,s1d1
CCTTGTGAGGGAGGCA-1,4.259023,2.7318587,s1d1
CCTTGTGAGGTCCTGC-1,-3.981193,7.4761415,s1d1
CCTTGTGAGTTACTCG-1,2.628407,0.286446,s1d1
CCTTGTGCACGACTAT-1,8.724161,-5.804913,s1d1
CCTTGTGCACGGTAGA-1,10.610733,13.331533,s1d1
CCTTGTGTCAAGTAAG-1,10.230532,-3.465121,s1d1
CCTTGTGTCGGCAGTC-1,9.739004,-4.619841,s1d1
CCTTTGGAGACGGTTG-1,10.225632,7.2599154,s1d1
CCTTTGGCAAGTTCGT-1,13.160169,5.6078734,s1d1
CCTTTGGCACTGCATA-1,12.040873,7.1301947,s1d1
CCTTTGGGTTGGGTAG-1,15.039878,9.011045,s1d1
CCTTTGGTCACGGTCG-1,6.6223645,20.720766,s1d1
CCTTTGGTCATCAGTG-1,12.252068,0.40636835,s1d1
CGAAGGAAGCATAGGC-1,10.105193,8.295781,s1d1
CGAAGGACAGAGCGTA-1,12.63103,9.592797,s1d1
CGAAGGAGTACGGTTT-1,11.485347,12.296539,s1d1
CGAAGGAGTATATGGA-1,15.851622,7.2794394,s1d1
CGAAGGATCCGTGCGA-1,8.839197,-2.000193,s1d1
CGAAGGATCGAACCAT-1,5.921023,19.5619,s1d1
CGAAGTTAGACCTCCG-1,3.810319,4.2824826,s1d1
CGAAGTTAGCGAATGC-1,6.9529057,19.143167,s1d1
CGAAGTTAGGCTTAAA-1,-3.5985641,10.045159,s1d1
CGAAGTTCAATGACCT-1,9.465365,7.675819,s1d1
CGAAGTTGTAAGGTCG-1,10.8925905,16.640553,s1d1
CGAAGTTGTACCCAGC-1,10.089746,6.0853024,s1d1
CGAAGTTGTTACCTTT-1,10.882012,9.714213,s1d1
CGAAGTTGTTAGTCGT-1,11.354485,12.061375,s1d1
CGAAGTTGTTTGGAAA-1,8.46852,9.2696,s1d1
CGAAGTTTCATCACTT-1,-2.306581,5.736739,s1d1
CGAAGTTTCGCGGTAC-1,6.975395,18.540962,s1d1
CGAAGTTTCTGCTGAA-1,10.926808,7.5765977,s1d1
CGAATTGAGAGGGTCT-1,9.239245,-5.73225,s1d1
CGAATTGAGGCTCAAG-1,15.266425,6.8581123,s1d1
CGAATTGAGGCTTCCG-1,12.154483,9.057349,s1d1
CGAATTGAGTAGGATT-1,12.025647,5.901971,s1d1
CGAATTGCAGCAGATG-1,6.325597,11.129384,s1d1
CGAATTGCAGCTAACT-1,3.6239061,4.803576,s1d1
CGAATTGCATGACAAA-1,11.760519,9.424769,s1d1
CGAATTGGTAGTGATA-1,8.965966,8.646956,s1d1
CGAATTGGTCACGACC-1,7.454378,3.1542046,s1d1
CGAATTGGTCCAAGAG-1,11.37474,17.820316,s1d1
CGACAGCAGATTACCC-1,2.6454701,16.172958,s1d1
CGACAGCAGCACTTTG-1,11.511863,9.134156,s1d1
CGACAGCAGGGTCTTT-1,9.305397,1.7494137,s1d1
CGACAGCAGTTCGGTT-1,8.378936,-5.5869946,s1d1
CGACAGCGTTCGTGCG-1,13.342272,6.0928288,s1d1
CGAGAAGAGATGCTGG-1,2.9903834,20.596668,s1d1
CGAGAAGAGGTTATAG-1,11.526423,12.897214,s1d1
CGAGAAGAGTGTCATC-1,2.9962516,4.392572,s1d1
CGAGAAGAGTTGCGCC-1,12.758988,4.8475695,s1d1
CGAGAAGGTCGAATTC-1,11.884867,-1.6904588,s1d1
CGAGGAAAGTCTAACC-1,9.990696,8.293293,s1d1
CGAGGAACAACCGTGC-1,2.7816775,0.7621061,s1d1
CGAGGAACACTGCATA-1,13.791652,6.297559,s1d1
CGAGGAACACTTGGCG-1,11.853495,4.070257,s1d1
CGAGGAACATGTTACG-1,4.1538486,20.884966,s1d1
CGAGGAAGTACGATCT-1,10.807165,7.363381,s1d1
CGAGGAAGTCACAGAG-1,11.79657,12.717844,s1d1
CGAGGAAGTCCACAGC-1,2.779566,3.987846,s1d1
CGAGGAAGTGCATTAC-1,9.960424,-3.3481987,s1d1
CGAGGAATCTTGTGCC-1,7.263303,1.707338,s1d1
CGAGGCTAGGTTATAG-1,10.3954115,-5.039252,s1d1
CGAGGCTCAAACCACT-1,15.662805,9.845912,s1d1
CGAGGCTCACGTCTCT-1,13.852067,7.2650843,s1d1
CGAGGCTCAGGACTTT-1,12.989412,6.6815567,s1d1
CGAGGCTCATCGGCCA-1,10.723199,10.388198,s1d1
CGAGGCTGTGTTTCTT-1,12.415421,12.347613,s1d1
CGAGGCTTCGACGAGA-1,5.6614375,18.629553,s1d1
CGAGGCTTCGCTTTAT-1,13.499368,7.945849,s1d1
CGAGGCTTCGGCATAT-1,3.2695537,20.437553,s1d1
CGAGGCTTCTATCGCC-1,13.016306,9.015288,s1d1
CGAGTGCAGAAGCGAA-1,9.615301,-2.9708912,s1d1
CGAGTGCAGGGAGTTC-1,10.476603,-2.9303362,s1d1
CGAGTGCAGGTTCCAT-1,-1.3455188,5.6338515,s1d1
CGAGTGCCAAGTTCGT-1,12.314951,2.5668213,s1d1
CGAGTGCCAATGCAGG-1,11.754146,0.89338416,s1d1
CGAGTGCCACAATGAA-1,13.094747,9.041031,s1d1
CGAGTGCCACGTCGGT-1,8.315288,1.6207362,s1d1
CGAGTGCGTAGCGTTT-1,12.5632305,6.8459883,s1d1
CGAGTGCGTATGAGGC-1,9.984123,8.317258,s1d1
CGAGTGCGTGAACTAA-1,11.505133,13.102663,s1d1
CGAGTGCGTTATGACC-1,11.1423,9.384831,s1d1
CGAGTGCGTTGTACGT-1,13.777192,6.9951487,s1d1
CGAGTGCTCCCGAGGT-1,5.4881654,17.7147,s1d1
CGAGTGCTCGGTGTTA-1,9.374276,6.4489326,s1d1
CGAGTGCTCTTTCGAT-1,9.591291,1.8056067,s1d1
CGAGTTAAGATGAATC-1,-0.109941475,5.0259852,s1d1
CGAGTTAAGCAGCCTC-1,8.42957,0.7442226,s1d1
CGAGTTAAGCCACAAG-1,10.347061,8.483791,s1d1
CGAGTTACATAGTCAC-1,-3.658391,8.442464,s1d1
CGAGTTAGTAGGCAGT-1,12.618019,6.158948,s1d1
CGAGTTATCAGTGGGA-1,13.60086,7.457294,s1d1
CGATCGGAGTAAAGCT-1,14.161758,6.7668366,s1d1
CGATCGGGTCAGGCAA-1,11.89393,9.703287,s1d1
CGATCGGGTCAGTCGC-1,8.585424,-3.0159085,s1d1
CGATCGGGTCTGTAAC-1,7.49364,-4.8168445,s1d1
CGATCGGGTGACCGTC-1,12.727931,3.4694693,s1d1
CGATCGGGTTGCAAGG-1,12.908811,4.885911,s1d1
CGATCGGTCAAGTGTC-1,3.716914,15.949668,s1d1
CGATCGGTCAGGGATG-1,14.073152,6.3496428,s1d1
CGATCGGTCCCTCATG-1,-4.5374928,9.02506,s1d1
CGATCGGTCGGATAAA-1,7.871718,-1.4180582,s1d1
CGATGCGAGGTGTGAC-1,-1.180903,7.397326,s1d1
CGATGCGCAATGAACA-1,-4.1916904,7.791238,s1d1
CGATGCGCAGGCATGA-1,13.343921,6.5764265,s1d1
CGATGCGCATGGAAGC-1,9.746228,-5.3000216,s1d1
CGATGCGCATGTGGTT-1,9.319887,17.4807,s1d1
CGATGCGGTAGATCCT-1,13.494777,6.26985,s1d1
CGATGCGGTTCAAGTC-1,3.6498334,20.65031,s1d1
CGATGCGTCCATGAGT-1,11.614697,-1.3954883,s1d1
CGATGGCAGTCATCGT-1,10.413503,9.475902,s1d1
CGATGGCAGTCGGGAT-1,6.657021,19.815538,s1d1
CGATGGCGTACGATGG-1,11.377377,13.776986,s1d1
CGATGGCGTAGTGGCA-1,4.955546,19.247353,s1d1
CGCAGGTCAGAAATTG-1,12.040405,7.6438036,s1d1
CGCAGGTGTACTGACT-1,16.051712,7.177943,s1d1
CGCAGGTTCAGACTGT-1,9.206906,-4.3461223,s1d1
CGCAGGTTCGTTACCC-1,2.0797515,2.9473164,s1d1
CGCAGGTTCTACGCGG-1,3.489919,20.159605,s1d1
CGCAGGTTCTAGGCCG-1,-2.030213,4.952107,s1d1
CGCATAAAGCAATAGT-1,12.81825,6.8013864,s1d1
CGCATAAAGTCACACT-1,3.9687831,20.801653,s1d1
CGCATAAAGTCTACCA-1,10.989231,13.025764,s1d1
CGCATAACACATCATG-1,-0.08248694,3.8559945,s1d1
CGCATAAGTGCTATTG-1,1.2661372,3.3747344,s1d1
CGCATAATCCCTTGGT-1,7.1140223,20.342129,s1d1
CGCATGGAGAACCCGA-1,-3.269152,9.964207,s1d1
CGCATGGAGTCGAAAT-1,8.476252,-5.8907995,s1d1
CGCATGGCAACTCCAA-1,6.1364665,20.365187,s1d1
CGCATGGCAACTCGTA-1,13.069338,3.6217415,s1d1
CGCATGGCAAGTATAG-1,-3.8173149,10.293443,s1d1
CGCATGGGTCCCTCAT-1,13.855836,7.112638,s1d1
CGCATGGGTGTCGATT-1,13.515355,4.1528406,s1d1
CGCATGGGTGTGATGG-1,9.2180195,7.9724565,s1d1
CGCATGGGTTTACTGG-1,13.2525015,5.9480634,s1d1
CGCATGGTCCTTGAAG-1,11.881308,0.6465508,s1d1
CGCCAGAAGATACATG-1,7.8233213,-5.1677184,s1d1
CGCCAGAAGTTAACAG-1,-3.0646858,8.409082,s1d1
CGCCAGACAAGGCAAC-1,10.85328,10.775833,s1d1
CGCCAGACACCAGCGT-1,11.507529,9.349024,s1d1
CGCCAGACACCCTGTT-1,1.7791427,2.1618283,s1d1
CGCCAGAGTCGACTGC-1,12.468107,7.321188,s1d1
CGCCAGATCCCGAACG-1,0.22705112,4.3374515,s1d1
CGCCAGATCGGTCACG-1,11.957353,1.8172108,s1d1
CGCCATTAGATGAATC-1,5.4649835,20.097008,s1d1
CGCCATTCAAACCATC-1,-4.091929,7.4569874,s1d1
CGCCATTGTATCAGGG-1,12.911333,4.3596206,s1d1
CGCCATTGTCTGTGCG-1,7.2657638,-3.3000772,s1d1
CGCCATTTCGGTCAGC-1,11.892521,0.67722553,s1d1
CGCGTGACAGGTCAGA-1,13.967182,5.1442723,s1d1
CGCGTGAGTATGTCCA-1,9.082623,-5.8930516,s1d1
CGCGTGAGTTGCAAGG-1,-4.34039,7.2250648,s1d1
CGCGTGAGTTTGGAGG-1,12.045035,-1.773026,s1d1
CGCGTGATCCGTTGAA-1,2.9938369,4.0282807,s1d1
CGGAACCCAAGCTACT-1,6.4734597,19.563347,s1d1
CGGAACCCACGCGCTA-1,9.013545,8.521524,s1d1
CGGAACCCAGCATGCC-1,-2.605487,10.451177,s1d1
CGGAACCGTACTGACT-1,6.128353,17.92889,s1d1
CGGAACCGTATCGTTG-1,4.226342,17.030756,s1d1
CGGAACCGTCACCGAC-1,14.788615,6.7746334,s1d1
CGGAACCGTTCGGACC-1,5.9719477,11.322521,s1d1
CGGAACCTCAGCACCG-1,15.092958,6.3085613,s1d1
CGGAACCTCCGGGACT-1,9.198902,17.561136,s1d1
CGGAACCTCGCTGCGA-1,6.013878,11.418584,s1d1
CGGAACCTCGTGTCAA-1,-1.3862109,4.53096,s1d1
CGGAACCTCTAACGCA-1,11.776866,1.294685,s1d1
CGGAATTAGGTCCCGT-1,9.690361,6.6168265,s1d1
CGGAATTAGGTGCAGT-1,12.827921,8.204259,s1d1
CGGAATTAGTCTTCGA-1,11.722098,-4.160829,s1d1
CGGAATTCACAACCGC-1,-0.19665723,4.99694,s1d1
CGGAATTCACTGGAAG-1,-0.799775,5.158122,s1d1
CGGAATTCATAGGAGC-1,16.134613,7.5076237,s1d1
CGGAATTCATGCCGAC-1,11.7003975,9.756164,s1d1
CGGAATTGTAGCTTTG-1,11.12204,7.701365,s1d1
CGGAATTGTGTGTGTT-1,5.473576,18.608624,s1d1
CGGAATTTCCCGTTCA-1,7.0099854,20.585632,s1d1
CGGAATTTCGACCAAT-1,11.142749,11.920846,s1d1
CGGAATTTCGCTTACC-1,-1.3853141,7.357288,s1d1
CGGAATTTCGTCAAAC-1,11.974127,0.49478412,s1d1
CGGAATTTCTAAGGAA-1,12.677425,3.419773,s1d1
CGGACACAGCATGCAG-1,5.185224,18.042048,s1d1
CGGACACAGCTCCACG-1,6.5911503,11.275625,s1d1
CGGACACCACATAACC-1,9.665821,6.3844175,s1d1
CGGACACGTAAGGCTG-1,3.0089386,-0.05701425,s1d1
CGGACACGTCCAGTTA-1,11.630482,7.6925955,s1d1
CGGACACGTCTCAGAT-1,10.033984,12.943887,s1d1
CGGACACGTGAATTGA-1,6.2984514,10.895155,s1d1
CGGACACTCAGTGTCA-1,8.52164,7.7366776,s1d1
CGGACACTCCGAGTGC-1,12.52587,6.3974895,s1d1
CGGAGAACATGACTCA-1,10.292676,7.225521,s1d1
CGGAGAAGTCAGTCGC-1,-3.4115508,13.405232,s1d1
CGGAGAATCCAGCCTT-1,11.805093,2.6204426,s1d1
CGGAGAATCGCATAGT-1,8.247359,8.81537,s1d1
CGGCAGTCACCAACAT-1,7.129315,-2.8194435,s1d1
CGGCAGTGTGTGGTCC-1,11.670652,10.832255,s1d1
CGGCAGTGTTAAGTCC-1,5.714368,18.18955,s1d1
CGGCAGTTCCCTCATG-1,6.890595,20.263937,s1d1
CGGCAGTTCCTCTCGA-1,11.37122,13.724833,s1d1
CGGCAGTTCTCTGCTG-1,11.140038,13.481102,s1d1
CGGGACTAGCCTCTCT-1,13.26177,7.889379,s1d1
CGGGACTCAATCTCTT-1,7.7311525,-2.0603282,s1d1
CGGGACTCAGTTTCGA-1,13.7259655,6.9953613,s1d1
CGGGACTGTCGCAACC-1,13.760588,3.6259346,s1d1
CGGGACTTCCTATGGA-1,12.504845,8.439067,s1d1
CGGGCATAGTGACCTT-1,-1.5410633,7.0483265,s1d1
CGGGCATGTCTTTCTA-1,10.739108,8.717211,s1d1
CGGGCATTCGACGACC-1,9.670286,6.4718647,s1d1
CGGGTCAAGCATTTGC-1,9.932401,9.0399,s1d1
CGGGTCAAGTGTTGTC-1,9.595181,7.950915,s1d1
CGGGTCACACAAGTGG-1,9.201943,7.108976,s1d1
CGGGTCACATGAATAG-1,10.2182455,8.309295,s1d1
CGGGTCATCAAGGTGG-1,12.763036,3.477587,s1d1
CGGGTCATCATCCTAT-1,-0.82058567,4.1822357,s1d1
CGGGTGTAGACTTCAC-1,3.039596,16.346088,s1d1
CGGGTGTAGATAGGGA-1,14.11328,4.536857,s1d1
CGGGTGTAGTCGAATA-1,13.738039,7.9515486,s1d1
CGGGTGTCATCTATCT-1,14.076506,4.392608,s1d1
CGGGTGTGTAGAGACC-1,9.959493,7.627578,s1d1
CGGGTGTGTGACTGTT-1,2.966754,2.6845071,s1d1
CGGGTGTGTGCTGATT-1,10.706258,9.230646,s1d1
CGGGTGTGTGGCGCTT-1,11.520979,12.587529,s1d1
CGGGTGTTCAGACCTA-1,8.035066,8.286629,s1d1
CGGGTGTTCAGGTGTT-1,10.071563,9.058917,s1d1
CGGGTGTTCGCCACTT-1,10.95182,16.984856,s1d1
CGGGTGTTCGCTTACC-1,12.021031,0.94254833,s1d1
CGGGTGTTCTCTTCAA-1,3.4891157,4.6347346,s1d1
CGGTCAGAGTTGGCGA-1,3.5532823,20.3134,s1d1
CGGTCAGCAGCGACCT-1,8.769694,6.6704383,s1d1
CGGTCAGCAGGCTACC-1,9.089998,1.2099415,s1d1
CGGTCAGGTAATGATG-1,-3.692189,9.815795,s1d1
CGGTCAGGTACCCACG-1,6.772575,2.7920911,s1d1
CGGTCAGTCAAGAAAC-1,11.401692,13.695511,s1d1
CGGTCAGTCCACAAGT-1,8.051783,-5.430751,s1d1
CGGTCAGTCCTGGCTT-1,9.598522,17.254635,s1d1
CGGTCAGTCGACATTG-1,4.5483665,18.800941,s1d1
CGGTCAGTCTAGACAC-1,12.994256,2.7567236,s1d1
CGTAAGTAGGATATAC-1,-1.8065697,4.9165583,s1d1
CGTAAGTAGGTGCATG-1,13.739711,4.789403,s1d1
CGTAAGTAGTTTGGCT-1,9.839747,8.960053,s1d1
CGTAAGTCAAATTAGG-1,5.8451023,20.323381,s1d1
CGTAAGTCATTGTCGA-1,3.1054838,20.02012,s1d1
CGTAAGTGTCGAGCAA-1,11.145252,10.382225,s1d1
CGTAAGTTCCGAGATT-1,11.126814,-0.6569005,s1d1
CGTAATGAGTCACGAG-1,2.5007477,19.94258,s1d1
CGTAATGCAAGGGTCA-1,11.806311,9.645802,s1d1
CGTAATGCACTACCCT-1,9.977603,-4.791903,s1d1
CGTAATGTCGAACACT-1,10.74136,8.164707,s1d1
CGTAATGTCGGCATCG-1,-4.080707,8.465338,s1d1
CGTAATGTCTTCCTAA-1,4.3090205,2.323293,s1d1
CGTAGTAAGAATCGCG-1,2.0912013,4.7195177,s1d1
CGTAGTAAGCGCTTCG-1,14.332296,6.128279,s1d1
CGTAGTACAAAGCTCT-1,8.991645,1.1804553,s1d1
CGTAGTACATGGGAAC-1,13.954088,8.383106,s1d1
CGTAGTAGTGACCGAA-1,11.244631,-4.5223107,s1d1
CGTAGTAGTGACTAAA-1,9.702905,9.13595,s1d1
CGTCAAAAGATCCAAA-1,8.645943,13.319991,s1d1
CGTCAAAAGGTACCTT-1,9.022233,-5.6650386,s1d1
CGTCAAAAGTGTTGAA-1,7.543598,-1.7314452,s1d1
CGTCAAAAGTTCCTGA-1,9.864683,8.478689,s1d1
CGTCAAACAATTCGTG-1,5.345208,20.393026,s1d1
CGTCAAACACCGTACG-1,10.99646,14.2593565,s1d1
CGTCAAACATCTAGAC-1,12.920317,4.442999,s1d1
CGTCAAAGTATGCTTG-1,13.884439,5.8752975,s1d1
CGTCAAAGTGGTGATG-1,11.972331,-1.0562221,s1d1
CGTCAAATCAGAGCAG-1,8.3729515,8.586706,s1d1
CGTCAAATCGGTCAGC-1,11.082786,10.123171,s1d1
CGTCAAATCGTGGGTC-1,10.467071,14.7687025,s1d1
CGTCCATAGCCTCGTG-1,11.031783,11.765673,s1d1
CGTCCATAGCGTGCCT-1,12.233576,11.787953,s1d1
CGTCCATAGTTGTAAG-1,10.757902,10.227333,s1d1
CGTCCATCACATCCCT-1,11.530735,0.24230652,s1d1
CGTCCATCACGCCACA-1,15.548155,7.4521112,s1d1
CGTCCATCAGGTTCGC-1,10.612452,6.8243976,s1d1
CGTCCATGTCGCTGCA-1,-5.330143,8.824351,s1d1
CGTCCATGTGCATCTA-1,1.7381283,1.6066024,s1d1
CGTCCATTCTAGTTCT-1,11.288079,11.395802,s1d1
CGTGAATAGCCTCAGC-1,3.3047366,20.795828,s1d1
CGTGAATAGGCTAGCA-1,7.299818,-4.104377,s1d1
CGTGAATAGGGAGGGT-1,5.037721,17.616869,s1d1
CGTGAATAGTGCCCGT-1,4.2461066,19.98304,s1d1
CGTGAATCATGACTCA-1,8.7656975,7.71711,s1d1
CGTGAATGTAGGTTTC-1,3.799512,3.8664546,s1d1
CGTGAATGTCCTGTTC-1,-4.2353597,9.131367,s1d1
CGTGAATTCCATTGCC-1,11.823542,-1.6213356,s1d1
CGTGAATTCCGCGGAT-1,-0.011206252,3.8457656,s1d1
CGTGAATTCGTGGAAG-1,7.9338493,-2.0145183,s1d1
CGTGAATTCTGCTTAT-1,-3.5537415,9.593021,s1d1
CGTGATAAGCAATAAC-1,13.484208,6.3744125,s1d1
CGTGATAAGGCGTCCT-1,1.5861514,2.7476273,s1d1
CGTGATAAGGGTGGGA-1,8.129358,1.7622297,s1d1
CGTGATACACCCTAAA-1,11.152675,8.333085,s1d1
CGTGATACACTTCTCG-1,3.9080226,18.142263,s1d1
CGTGATACAGCAGTCC-1,11.740369,10.656641,s1d1
CGTGATAGTGAGATAT-1,9.547338,-3.8425949,s1d1
CGTGATAGTTGGGATG-1,8.52229,7.83028,s1d1
CGTGATAGTTTACCTT-1,13.397472,8.0556135,s1d1
CGTGATAGTTTCTATC-1,8.003752,6.9780774,s1d1
CGTGATATCTGCTCTG-1,2.9964154,16.157627,s1d1
CGTGCTTAGAGTCACG-1,3.8434367,2.3832862,s1d1
CGTGCTTAGCGAATGC-1,-3.6533806,8.197643,s1d1
CGTGCTTAGGACATCG-1,5.444162,2.1717014,s1d1
CGTGCTTAGTCAGCCC-1,12.013368,12.535961,s1d1
CGTGCTTCAAGCCATT-1,3.9172137,21.057318,s1d1
CGTGCTTCACTTGGCG-1,3.8840868,17.813555,s1d1
CGTGCTTCAGCACAGA-1,6.5516057,11.333761,s1d1
CGTGCTTGTGATTAGA-1,8.316482,7.234105,s1d1
CGTGCTTTCGCTTAAG-1,9.473388,1.5563006,s1d1
CGTGCTTTCTTCTAAC-1,-4.1535354,10.6166315,s1d1
CGTGTCTCAAGGTCAG-1,-4.0793285,11.3552,s1d1
CGTGTCTCACACACGC-1,12.290202,9.165234,s1d1
CGTGTCTCACTCCCTA-1,13.543743,7.536538,s1d1
CGTGTCTCATGGAGAC-1,-0.6909401,3.627159,s1d1
CGTGTCTCATGTCTAG-1,9.146529,-4.7045836,s1d1
CGTGTCTCATGTGGCC-1,8.318188,7.743348,s1d1
CGTGTCTGTTAAACAG-1,10.367333,9.5897,s1d1
CGTGTCTGTTAAGTCC-1,5.2966356,17.699457,s1d1
CGTGTCTTCAAGCTTG-1,15.582847,7.123676,s1d1
CGTTAGAAGGACACTG-1,7.938586,-1.2386657,s1d1
CGTTAGAAGTTGTCAC-1,6.422782,11.536514,s1d1
CGTTAGACACTTCCTG-1,6.5911784,20.77354,s1d1
CGTTAGACAGTCAGTT-1,14.755886,8.880063,s1d1
CGTTAGAGTAGAGACC-1,-4.406901,8.856943,s1d1
CGTTAGAGTCATGGCC-1,6.0067677,20.723877,s1d1
CGTTAGAGTCTCTCAC-1,-2.8106723,9.563309,s1d1
CGTTAGATCGTTCTAT-1,13.9677305,5.3436985,s1d1
CGTTAGATCTGGTGGC-1,10.189857,7.7653737,s1d1
CGTTCTGAGCAATAGT-1,10.979035,7.142893,s1d1
CGTTCTGCAGTCGAGA-1,13.145501,3.3816433,s1d1
CGTTCTGGTAAGTAGT-1,3.580946,19.976845,s1d1
CGTTCTGGTGGCTACC-1,-0.9660264,5.801151,s1d1
CGTTGGGAGAAGCCTG-1,-0.27523664,7.446004,s1d1
CGTTGGGGTAGGTGCA-1,10.597389,13.564327,s1d1
CGTTGGGGTATACCCA-1,8.647858,-5.931403,s1d1
CGTTGGGGTTGCCAAT-1,8.039296,-5.5405107,s1d1
CGTTGGGTCCCATTCG-1,11.070537,6.7331257,s1d1
CGTTGGGTCCTTCTTC-1,12.02378,9.373445,s1d1
CGTTGGGTCTTTGCTA-1,6.0734,11.422499,s1d1
CTAACCCAGCTGGCCT-1,10.698909,8.011036,s1d1
CTAACCCTCAAGAATG-1,11.205164,7.8831778,s1d1
CTAACCCTCCCATACC-1,13.535961,3.0943537,s1d1
CTAACCCTCGCCTCTA-1,-4.536016,9.520756,s1d1
CTAACCCTCTGTGTGA-1,-4.5584145,7.9457736,s1d1
CTAACTTAGGAACATT-1,9.286488,-5.0533466,s1d1
CTAACTTAGGCTCAAG-1,3.2980635,4.815565,s1d1
CTAACTTGTAGCGTTT-1,3.4948332,16.450071,s1d1
CTAACTTGTATCACCA-1,12.77995,5.0785837,s1d1
CTAACTTGTCCATAGT-1,9.037675,-4.526613,s1d1
CTAACTTGTGTTTCTT-1,13.222368,6.5154476,s1d1
CTAACTTGTTAGGCTT-1,-5.1309786,9.051212,s1d1
CTAACTTTCCCAATAG-1,13.965397,8.858454,s1d1
CTAACTTTCGCGAAGA-1,10.184395,-5.180659,s1d1
CTAACTTTCGGTCATA-1,11.2582245,12.706219,s1d1
CTAAGTGAGAATTGTG-1,12.610118,6.7567115,s1d1
CTAAGTGAGCAGGCTA-1,11.176653,0.23085563,s1d1
CTAAGTGAGCCTTCTC-1,9.2152815,-4.332494,s1d1
CTAAGTGCAAGGTACG-1,9.741879,9.10433,s1d1
CTAAGTGCAGCGTTGC-1,10.223522,-5.4171576,s1d1
CTAAGTGCAGTAACCT-1,10.724934,14.418614,s1d1
CTAAGTGCAGTAGGAC-1,14.520314,6.3512588,s1d1
CTAAGTGCAGTTCCAA-1,6.2957797,20.903963,s1d1
CTAAGTGCATCCAATG-1,7.253295,-2.8215835,s1d1
CTAAGTGGTAGAGACC-1,10.158878,-5.3505607,s1d1
CTAAGTGTCCATCACC-1,4.234068,4.3024883,s1d1
CTAAGTGTCCCTCATG-1,3.6970983,20.79702,s1d1
CTAAGTGTCCGACAGC-1,12.298504,-3.8193586,s1d1
CTAAGTGTCGCACTCT-1,4.086812,2.7313962,s1d1
CTAAGTGTCTTAGCCC-1,14.50146,8.226825,s1d1
CTAAGTGTCTTCGCTG-1,-1.8818514,4.826996,s1d1
CTACAGACAAGTCGTT-1,14.8863735,7.1238427,s1d1
CTACAGACAGAGATGC-1,11.753396,2.3265338,s1d1
CTACAGAGTATTTCTC-1,9.09998,7.240676,s1d1
CTACAGAGTCCAGAAG-1,9.126261,8.849428,s1d1
CTACAGAGTGTATCCA-1,11.938626,6.846542,s1d1
CTACATTAGCGCGTTC-1,9.464595,-4.146919,s1d1
CTACATTAGGTAGTAT-1,-1.7642183,5.1906176,s1d1
CTACATTAGTAACGAT-1,-3.7087615,9.554602,s1d1
CTACATTCACATGAAA-1,11.224151,8.1927185,s1d1
CTACATTCACTACACA-1,8.558927,0.6429417,s1d1
CTACATTGTACAGAGC-1,10.710371,16.767965,s1d1
CTACATTGTATGAAAC-1,8.614347,-5.390529,s1d1
CTACATTGTTGCATAC-1,10.922434,9.92844,s1d1
CTACATTTCGCGCCAA-1,10.005573,7.759564,s1d1
CTACATTTCGTTCAGA-1,8.3913145,-2.5170891,s1d1
CTACCCAAGTCATACC-1,14.024164,7.258389,s1d1
CTACCCAAGTGGCGAT-1,13.123493,8.010765,s1d1
CTACCCACACCGTACG-1,3.3384833,1.7899266,s1d1
CTACCCACACGGAAGT-1,-2.5376203,9.321125,s1d1
CTACCCATCCTCACTG-1,11.529886,0.48919457,s1d1
CTACCCATCTGAGGTT-1,11.402186,12.891161,s1d1
CTACCTGCAAGTGATA-1,3.7320154,20.05831,s1d1
CTACCTGCAGTAGGAC-1,5.6652446,18.074692,s1d1
CTACCTGGTACCGCGT-1,1.1708711,1.5911058,s1d1
CTACCTGTCATTTGTC-1,5.877939,19.736214,s1d1
CTACCTGTCCTCACTG-1,11.246222,13.890689,s1d1
CTACCTGTCGATTGGT-1,8.622456,-3.3643315,s1d1
CTACGGGAGCTGAGCA-1,13.741704,3.677293,s1d1
CTACGGGCATGGGAAC-1,6.3894787,20.187586,s1d1
CTACGGGGTTAATCGC-1,3.7520423,16.455187,s1d1
CTACGGGTCAACTACG-1,-3.9645028,10.627775,s1d1
CTACGGGTCAAGTCGT-1,-4.2075953,7.7250423,s1d1
CTACGGGTCTACCCAC-1,12.480765,11.658339,s1d1
CTACGGGTCTCGGCTT-1,11.744274,7.96688,s1d1
CTACTATCAACGGTAG-1,3.1524582,2.3447618,s1d1
CTACTATGTGGACTGA-1,10.624879,9.216214,s1d1
CTACTATTCATTGGTG-1,11.658117,11.376791,s1d1
CTACTATTCGCGCTGA-1,10.492124,8.620002,s1d1
CTACTATTCTCGTGAA-1,14.376601,6.2455826,s1d1
CTAGACAAGAATCTAG-1,9.156008,-5.384675,s1d1
CTAGACAAGCCATATC-1,8.495079,-3.937379,s1d1
CTAGACAAGGTACTGG-1,15.777034,9.293494,s1d1
CTAGACAAGTCCGCCA-1,13.316196,7.087291,s1d1
CTAGACACAGCTCTGG-1,3.592165,1.9358363,s1d1
CTAGACACAGTAACAA-1,5.743796,20.465006,s1d1
CTAGACAGTTGGTACT-1,7.132065,20.42525,s1d1
CTAGACATCACAGAGG-1,9.116786,9.690143,s1d1
CTAGACATCTATTCGT-1,7.754173,2.3910737,s1d1
CTAGACATCTTCCCGA-1,12.135202,6.2977405,s1d1
CTAGGTAAGCCTCAAT-1,9.854009,6.476613,s1d1
CTAGGTAAGTCAGCCC-1,2.7721028,17.698391,s1d1
CTAGGTAAGTCGCTAT-1,-2.6844842,10.444637,s1d1
CTAGGTAGTCCTCATC-1,13.279836,3.6332064,s1d1
CTAGGTAGTCTTTCTA-1,13.935117,6.910671,s1d1
CTAGGTATCACCCATC-1,7.2170463,-3.2400346,s1d1
CTAGGTATCAGACTGT-1,5.7662754,17.817236,s1d1
CTAGGTATCTTGCAAG-1,10.182838,2.9424524,s1d1
CTATAGGCAATAACGA-1,-3.6965473,8.836176,s1d1
CTATAGGCAGATACCT-1,9.552135,1.4271063,s1d1
CTATAGGGTCTGATCA-1,0.07546648,3.3545125,s1d1
CTATAGGGTTGGACTT-1,0.65989435,2.1437888,s1d1
CTATAGGGTTGGGACA-1,12.981995,7.342311,s1d1
CTATAGGGTTGTCATG-1,-4.5566792,5.64272,s1d1
CTATAGGTCAAGGCTT-1,11.122989,8.088803,s1d1
CTATAGGTCTATACGG-1,12.213123,11.974112,s1d1
CTATCCGAGAAGCGAA-1,9.595209,8.511453,s1d1
CTATCCGAGTCACACT-1,5.590776,18.695377,s1d1
CTATCCGCAGGAAGTC-1,8.888454,-5.4339695,s1d1
CTATCCGCATCGAAGG-1,9.888034,-3.4121263,s1d1
CTATCCGCATGCACTA-1,9.386712,-5.3859434,s1d1
CTATCCGCATTGCCGG-1,12.324281,12.575212,s1d1
CTATCCGGTAGCACAG-1,13.26283,3.808964,s1d1
CTATCCGGTCGTGATT-1,11.2806015,12.550716,s1d1
CTATCCGGTCTTGAGT-1,9.403979,2.9064898,s1d1
CTATCCGGTGGTCCCA-1,-4.8035774,5.641767,s1d1
CTATCCGTCACTCGAA-1,8.630882,1.6921089,s1d1
CTATCCGTCCACAGCG-1,12.105704,-3.844532,s1d1
CTATCCGTCCGTGACG-1,11.918591,8.641291,s1d1
CTATCCGTCGCTTAAG-1,10.235962,9.112956,s1d1
CTATCCGTCGTAGGGA-1,5.7560024,18.745445,s1d1
CTATCCGTCGTGCACG-1,8.975305,8.717401,s1d1
CTATCTAAGACCACGA-1,13.757834,6.85171,s1d1
CTATCTAAGACTTCCA-1,1.7951236,2.842381,s1d1
CTATCTAAGATAGTGT-1,2.636558,3.8382533,s1d1
CTATCTAAGCACTAGG-1,10.925203,13.685096,s1d1
CTATCTAAGGAGAGTA-1,6.5244756,20.694864,s1d1
CTATCTAAGTTATGGA-1,6.370972,11.36679,s1d1
CTATCTACAAGGTCTT-1,9.623913,9.592393,s1d1
CTATCTACACACGCCA-1,9.685617,-3.4412475,s1d1
CTATCTACACACTGGC-1,11.827327,-1.734369,s1d1
CTATCTACAGTAACAA-1,16.290386,7.662823,s1d1
CTATCTAGTAACACCT-1,10.489945,2.404701,s1d1
CTATCTAGTACCAATC-1,6.6205816,11.068987,s1d1
CTATCTAGTCTGTCAA-1,0.0115372045,4.0591464,s1d1
CTATCTAGTGCACGCT-1,-3.3236825,13.60648,s1d1
CTATCTATCGCTAAAC-1,14.109297,4.8324957,s1d1
CTATCTATCTCCTGCA-1,6.21442,20.969532,s1d1
CTCAACCAGACCCTTA-1,10.948292,14.149271,s1d1
CTCAACCAGCGACCCT-1,3.0082753,5.0294423,s1d1
CTCAACCAGCTACGTT-1,9.783691,-5.8445754,s1d1
CTCAACCAGGACAGTC-1,15.196482,9.292186,s1d1
CTCAACCCAGGGAGAG-1,6.958801,20.765518,s1d1
CTCAACCCATAGGAGC-1,7.0636454,20.32292,s1d1
CTCAACCTCCATAGGT-1,15.661802,6.906005,s1d1
CTCAACCTCGCATAGT-1,12.955016,7.3955183,s1d1
CTCAAGAAGTCCTGTA-1,-1.8075712,5.172261,s1d1
CTCAAGACAACGAGGT-1,11.72673,10.697292,s1d1
CTCAAGACACCGTCTT-1,13.106474,4.0806623,s1d1
CTCAAGAGTCGCCACA-1,15.610268,7.4176993,s1d1
CTCAAGAGTCGCGGTT-1,15.828034,8.111022,s1d1
CTCAATTCAACTTCTT-1,15.745534,8.529729,s1d1
CTCAATTCACGCCAGT-1,3.3785045,3.2169933,s1d1
CTCAATTCAGCCGTTG-1,12.546382,9.566311,s1d1
CTCAATTCAGTATTCG-1,5.989185,19.973944,s1d1
CTCAATTCATGACTAC-1,12.491037,11.319006,s1d1
CTCAATTGTGAGTTTC-1,11.889888,-1.6736454,s1d1
CTCAATTGTGCATACT-1,14.148587,8.427739,s1d1
CTCAATTGTTGTCCCT-1,11.760327,9.256441,s1d1
CTCAATTTCGTAATGC-1,7.5392394,20.252964,s1d1
CTCAATTTCTATCGCC-1,-5.0035295,9.219385,s1d1
CTCACTGAGCATTTGC-1,2.7760432,3.442559,s1d1
CTCACTGAGTTCATGC-1,9.75237,7.2111816,s1d1
CTCACTGCAATAGTGA-1,9.332239,-5.5160856,s1d1
CTCACTGCAATCTAGC-1,13.43672,6.3144326,s1d1
CTCACTGCACCTGATA-1,-4.824612,9.967958,s1d1
CTCACTGCACTTACAG-1,2.0160136,2.2304676,s1d1
CTCACTGCATGACTTG-1,3.2759523,3.6958733,s1d1
CTCACTGGTAGACAAT-1,6.503216,20.510122,s1d1
CTCACTGGTCTCACAA-1,9.351032,1.8073303,s1d1
CTCACTGTCAAGTAAG-1,12.186782,1.4192464,s1d1
CTCACTGTCAATCAGC-1,6.7452602,20.47274,s1d1
CTCAGAAAGCTCACTA-1,12.460315,6.0042133,s1d1
CTCAGAAAGCTCCGAC-1,-0.30445382,3.9906704,s1d1
CTCAGAACACTACACA-1,3.2668417,4.795458,s1d1
CTCAGAACAGTATTCG-1,12.841204,2.8950973,s1d1
CTCAGAAGTCTCAAGT-1,9.688606,8.519209,s1d1
CTCAGAAGTGAGACCA-1,2.4803224,4.013555,s1d1
CTCAGAATCATACGGT-1,13.365139,6.1828427,s1d1
CTCAGAATCCTTCACG-1,0.20412637,5.2298017,s1d1
CTCAGAATCGCTTGAA-1,-3.1408913,11.429983,s1d1
CTCAGAATCTCTGCTG-1,13.674587,8.49213,s1d1
CTCAGGGAGCCTGACC-1,8.4669485,0.28516662,s1d1
CTCAGGGAGCGCCCAT-1,6.798089,20.425526,s1d1
CTCAGGGAGGTCACTT-1,8.745977,8.187057,s1d1
CTCAGGGCAACCGACC-1,14.139429,6.721809,s1d1
CTCAGGGCACAGTACT-1,14.719959,5.885476,s1d1
CTCAGGGCATGGCGCT-1,7.8894696,-1.8025607,s1d1
CTCAGGGGTACTAAGA-1,13.227293,3.9148211,s1d1
CTCAGGGGTCGTCTCT-1,3.6123536,2.4734087,s1d1
CTCAGGGTCCACGAAT-1,3.801505,20.437038,s1d1
CTCAGGGTCGCTGATA-1,5.9103837,18.281511,s1d1
CTCAGGGTCTCTGACC-1,12.948584,10.726413,s1d1
CTCAGTCAGAGCAGTC-1,11.095606,12.46939,s1d1
CTCAGTCAGCGCTGCT-1,13.25356,7.1425667,s1d1
CTCAGTCAGCTGACCC-1,12.6669235,7.34177,s1d1
CTCAGTCAGGGATGTC-1,-0.42195925,3.1331518,s1d1
CTCAGTCAGTCGAAAT-1,3.7180192,20.779123,s1d1
CTCAGTCCACCAGTTA-1,2.7560914,0.69630694,s1d1
CTCAGTCCACCTCTAC-1,5.649622,17.763866,s1d1
CTCAGTCCATCGATCA-1,8.114258,-5.416969,s1d1
CTCAGTCGTACCAGAG-1,-3.2462757,9.2026005,s1d1
CTCAGTCTCATGCTAG-1,14.528557,5.9060435,s1d1
CTCAGTCTCCGCTTAC-1,15.784734,8.935998,s1d1
CTCATCGAGAAACTCA-1,13.858934,7.9494934,s1d1
CTCATCGAGCCGTTGC-1,3.1616588,20.55743,s1d1
CTCATCGAGGTTCACT-1,2.9036286,3.0302858,s1d1
CTCATCGAGTTACGTC-1,10.061335,9.502456,s1d1
CTCATCGGTATGCGTT-1,9.01873,7.2323756,s1d1
CTCATCGGTCATAACC-1,15.925737,9.288139,s1d1
CTCATCGGTTGTGGAG-1,10.610201,13.191922,s1d1
CTCATCGTCAGGAACG-1,-4.683649,5.586831,s1d1
CTCATCGTCTTACGGA-1,11.697391,1.6794809,s1d1
CTCATGCCAATGACCT-1,2.696288,20.323229,s1d1
CTCATGCCACGACCTG-1,9.058583,-1.1524397,s1d1
CTCATGCCAGCATTGT-1,12.607843,9.079632,s1d1
CTCATGCCATCATCTT-1,3.0749004,2.202123,s1d1
CTCATGCGTCTGTCAA-1,11.204785,8.511662,s1d1
CTCATGCTCGATGCTA-1,13.586422,2.9565775,s1d1
CTCATGCTCGCACGAC-1,8.857901,12.879548,s1d1
CTCATGCTCGCAGTTA-1,3.451038,1.8198014,s1d1
CTCATGCTCGGACGTC-1,7.915099,2.4313302,s1d1
CTCATGCTCTTGATTC-1,11.236289,9.202167,s1d1
CTCATTAAGACATCAA-1,-3.0351942,9.841244,s1d1
CTCATTAAGCTGTTAC-1,10.453841,7.601485,s1d1
CTCATTAAGGATACAT-1,11.352788,11.114843,s1d1
CTCATTAAGGATGAGA-1,2.384228,5.6068516,s1d1
CTCATTAAGGTTGAGC-1,11.62602,6.224871,s1d1
CTCATTACAAATTGGA-1,12.728033,3.3521302,s1d1
CTCATTACACATGGTT-1,13.860161,6.7213893,s1d1
CTCATTACAGGCCCTA-1,13.599247,4.144331,s1d1
CTCATTAGTGGCCCAT-1,10.967019,13.227452,s1d1
CTCATTAGTGTCCTAA-1,10.165284,-5.035378,s1d1
CTCATTATCATAGAGA-1,14.00523,7.913034,s1d1
CTCATTATCGTGTGAT-1,9.076546,8.367184,s1d1
CTCATTATCTGTGCTC-1,10.515134,0.31452212,s1d1
CTCCAACAGCCAAGTG-1,8.627105,3.3565292,s1d1
CTCCAACAGCGCTGAA-1,5.0751076,18.401102,s1d1
CTCCAACAGGAAAGGT-1,-3.8234274,7.3787055,s1d1
CTCCAACCAACTGAAA-1,2.9594378,4.06396,s1d1
CTCCAACCAGCACAGA-1,3.6548805,4.800237,s1d1
CTCCAACCAGGGAATC-1,4.315763,19.19506,s1d1
CTCCAACCAGTCAGTT-1,11.690475,17.9909,s1d1
CTCCAACCATAGGTAA-1,10.253924,-4.8760705,s1d1
CTCCAACGTAACAGGC-1,11.611808,11.82225,s1d1
CTCCAACGTACACTCA-1,10.756712,8.18011,s1d1
CTCCAACGTAGTCACT-1,11.856997,9.586706,s1d1
CTCCAACTCAAATGAG-1,14.009574,4.920359,s1d1
CTCCAACTCATTCATC-1,2.8863447,4.202136,s1d1
CTCCAACTCCAAACCA-1,-3.609578,8.676757,s1d1
CTCCAACTCTCAGGCG-1,10.124106,-4.1799774,s1d1
CTCCACAAGAAGAGCA-1,3.5174496,20.370647,s1d1
CTCCACAAGCGCCCAT-1,3.7571225,16.424694,s1d1
CTCCACAAGTATGAAC-1,8.068767,12.246886,s1d1
CTCCACACAAGCAGGT-1,10.731086,-3.8820336,s1d1
CTCCACACACCACATA-1,8.112954,2.4098723,s1d1
CTCCACACAGAGCCCT-1,9.5349455,1.4055226,s1d1
CTCCACAGTAGAGGAA-1,14.158057,7.492618,s1d1
CTCCACAGTGTGTGTT-1,5.797741,18.436533,s1d1
CTCCACATCAACCGAT-1,7.2998347,12.374358,s1d1
CTCCACATCAGTGATC-1,2.2616146,3.437515,s1d1
CTCCACATCATTACTC-1,8.614839,0.07923076,s1d1
CTCCATGAGACTAGAT-1,14.786749,7.6526456,s1d1
CTCCATGCAAGGGCAT-1,11.215185,8.907677,s1d1
CTCCATGCAGCTACAT-1,14.070791,7.831569,s1d1
CTCCATGCAGTATTCG-1,13.724467,5.7017784,s1d1
CTCCATGGTATGAAAC-1,6.3731403,10.834516,s1d1
CTCCATGGTATGGAGC-1,13.384469,7.7090034,s1d1
CTCCATGGTCATAGTC-1,8.975499,-5.955776,s1d1
CTCCATGGTCTGGTTA-1,11.7857275,5.9862056,s1d1
CTCCATGGTGCCTGCA-1,9.14218,-4.1243362,s1d1
CTCCATGGTGGAGAAA-1,13.855665,3.470222,s1d1
CTCCATGTCCTTCTGG-1,10.904272,9.291059,s1d1
CTCCATGTCGTCTACC-1,-4.1736755,7.885092,s1d1
CTCCCAAAGGCCACCT-1,9.286352,-1.0284016,s1d1
CTCCCAAAGTGCTACT-1,15.790272,9.326891,s1d1
CTCCCAACAGTCGGAA-1,8.284871,8.074744,s1d1
CTCCCAAGTATGAGGC-1,10.490401,8.522573,s1d1
CTCCCAAGTCATACCA-1,9.044804,-5.8334093,s1d1
CTCCCAAGTGACTCGC-1,9.461213,-5.943223,s1d1
CTCCCAAGTTATTCTC-1,12.535247,8.402877,s1d1
CTCCCAAGTTGTTTGG-1,-0.7193,4.6817274,s1d1
CTCCCAATCCATTGGA-1,-0.2224784,4.071417,s1d1
CTCCCTCAGCGATGAC-1,11.166699,9.650393,s1d1
CTCCCTCCAAGTGCTT-1,10.092702,8.528609,s1d1
CTCCCTCTCGGTCTAA-1,7.503821,11.216352,s1d1
CTCCCTCTCGTCAACA-1,13.715966,7.8429923,s1d1
CTCCGATAGTTGCCTA-1,-4.0210905,7.4430785,s1d1
CTCCGATCAACGATTC-1,12.07472,9.814184,s1d1
CTCCGATCACGACGTC-1,0.25630933,5.1227765,s1d1
CTCCGATCATTAAGCC-1,-3.5495877,9.984544,s1d1
CTCCGATGTCAAAGCG-1,1.320175,3.4771464,s1d1
CTCCGATGTCGCACGT-1,11.85737,0.28910926,s1d1
CTCCGATGTCTAGATC-1,11.83959,-1.7624319,s1d1
CTCCGATGTGAGCGAT-1,7.5309215,-4.222797,s1d1
CTCCGATGTTTACCTT-1,12.400247,8.696676,s1d1
CTCCTCCAGATCCCAT-1,10.688636,8.718431,s1d1
CTCCTCCAGTCGAAAT-1,12.000879,9.415539,s1d1
CTCCTCCCACAAATAG-1,3.9892921,20.506914,s1d1
CTCCTCCGTGCTTATG-1,3.726173,5.1415663,s1d1
CTCCTTTAGCACCGAA-1,12.329571,9.972195,s1d1
CTCCTTTCAGAGGACT-1,-0.8990098,4.046343,s1d1
CTCCTTTGTAAGCAAT-1,12.182845,7.6736217,s1d1
CTCCTTTGTCCACTTC-1,14.6003,6.535378,s1d1
CTCCTTTGTCGGTAAG-1,13.361071,3.251001,s1d1
CTCCTTTGTGTGTCGC-1,13.455268,6.642086,s1d1
CTCCTTTTCACACCGG-1,-0.81703883,7.19705,s1d1
CTCCTTTTCGCCAACG-1,6.492914,19.094524,s1d1
CTCCTTTTCTCCTACG-1,11.4396925,0.66886705,s1d1
CTCCTTTTCTGATGGT-1,3.4827626,3.9593966,s1d1
CTCCTTTTCTTTGATC-1,-0.6113485,3.322476,s1d1
CTCGAGGCAACGTTAC-1,13.0244055,5.288931,s1d1
CTCGAGGCAAGTGTCT-1,3.6721675,20.009275,s1d1
CTCGAGGCACTTCTCG-1,14.398758,9.04893,s1d1
CTCGAGGCAGGGAGAG-1,8.545399,13.31246,s1d1
CTCGAGGCATCGAGCC-1,12.280598,7.362576,s1d1
CTCGAGGCATGAAGGC-1,2.50498,2.5567627,s1d1
CTCGAGGTCACGAACT-1,6.3305593,1.8401009,s1d1
CTCTCAGAGCATCGAG-1,14.345885,6.4061337,s1d1
CTCTCAGAGGTGCTTT-1,11.867075,11.36906,s1d1
CTCTCAGCACACTGGC-1,12.833193,9.427463,s1d1
CTCTCAGCACAGCCTG-1,11.384362,13.007846,s1d1
CTCTCAGCAGAACATA-1,11.072509,17.610888,s1d1
CTCTCAGCAGCATGCC-1,13.863507,8.037187,s1d1
CTCTCAGCATTCACAG-1,11.318009,14.021514,s1d1
CTCTCAGGTAAGCTCT-1,3.607995,5.235481,s1d1
CTCTCAGGTGGCTTAT-1,12.648617,3.032336,s1d1
CTCTCAGGTTTGGAAA-1,5.8512645,18.133297,s1d1
CTCTCAGTCCTCCACA-1,6.589325,20.800005,s1d1
CTCTCAGTCTAGTGAC-1,8.682572,8.540884,s1d1
CTCTCGACAATAACCC-1,13.22162,6.4043713,s1d1
CTCTCGACAATCGTCA-1,14.210524,4.765941,s1d1
CTCTCGACACCGAATT-1,8.044385,-0.97962564,s1d1
CTCTCGACACTAACGT-1,-4.3128123,9.730541,s1d1
CTCTCGAGTCCCTGAG-1,13.508322,6.09731,s1d1
CTCTCGAGTCGTCGGT-1,-3.931386,5.442351,s1d1
CTCTCGAGTCTCACAA-1,10.921641,-4.261047,s1d1
CTCTCGAGTCTGTAGT-1,3.4971926,20.6391,s1d1
CTCTGGTAGTCTTCGA-1,12.668663,5.9603457,s1d1
CTCTGGTAGTGAGCCA-1,11.830684,-4.0558167,s1d1
CTCTGGTCAGCTCCTT-1,10.789307,16.913986,s1d1
CTCTGGTGTATGTCCA-1,6.71324,20.653742,s1d1
CTCTGGTGTGGAGAAA-1,16.081917,7.8155756,s1d1
CTCTGGTTCAGGACAG-1,10.662622,17.271854,s1d1
CTCTGGTTCCGCAACG-1,-3.0398915,10.072615,s1d1
CTCTGGTTCCTCGCAT-1,12.653703,9.016403,s1d1
CTCTGGTTCGTCAAAC-1,12.129039,9.487787,s1d1
CTCTGGTTCTCTGGTC-1,-1.3535001,6.878111,s1d1
CTGAATGAGGAAAGTG-1,9.109798,6.7021704,s1d1
CTGAATGCACCGTCTT-1,6.8961244,20.213182,s1d1
CTGAATGCAGTTTCGA-1,13.094258,3.2094638,s1d1
CTGAATGCATTCATCT-1,2.790045,3.3406088,s1d1
CTGAATGGTATCGATC-1,-3.419479,11.238408,s1d1
CTGAATGGTCGGCCTA-1,11.125377,-0.2759437,s1d1
CTGAGCGAGCAATAGT-1,5.3931804,18.04535,s1d1
CTGAGCGAGCACGTCC-1,11.862333,9.380709,s1d1
CTGAGCGAGCGGTAGT-1,-3.955989,11.479863,s1d1
CTGAGCGAGCTAAGTA-1,9.583791,8.561539,s1d1
CTGAGCGAGTGCGTCC-1,2.2927172,15.808639,s1d1
CTGAGCGCAAAGGATT-1,12.548912,2.3682103,s1d1
CTGAGCGCAGAACGCA-1,1.3308804,3.8313842,s1d1
CTGAGCGCATCGGAGA-1,8.050192,-5.309786,s1d1
CTGAGCGGTTTGCAGT-1,3.391144,19.891146,s1d1
CTGAGGCAGACGCTCC-1,11.249769,10.799549,s1d1
CTGAGGCAGGCCCAAA-1,11.785102,18.089132,s1d1
CTGAGGCAGTTAGTAG-1,-1.1790831,3.7287593,s1d1
CTGAGGCCACGTCATA-1,-5.0264344,8.299483,s1d1
CTGAGGCCATTAGGCT-1,15.336212,7.6436586,s1d1
CTGAGGCGTACAAACA-1,10.721846,-0.92652786,s1d1
CTGAGGCGTTATCTGG-1,3.8982546,3.9598262,s1d1
CTGAGGCTCATCCCGT-1,7.7891436,-1.7796117,s1d1
CTGAGGCTCATTGTGG-1,6.4749928,10.901457,s1d1
CTGAGGCTCCCAAGCG-1,13.809209,8.809029,s1d1
CTGAGGCTCGAACACT-1,13.779188,7.631521,s1d1
CTGATCCAGCCGGATA-1,6.527046,11.704241,s1d1
CTGATCCAGTCGAATA-1,10.4698715,-4.476689,s1d1
CTGATCCAGTTCGGTT-1,11.350907,10.255781,s1d1
CTGATCCCAAGATCCT-1,-2.5366175,9.23084,s1d1
CTGATCCCAAGGCGTA-1,13.272386,4.4414268,s1d1
CTGATCCCACAACGAG-1,12.079382,9.887108,s1d1
CTGATCCCACAAGTTC-1,7.5522375,-4.4744086,s1d1
CTGATCCCATGTCAGT-1,11.58154,7.695437,s1d1
CTGATCCGTAGTCTTG-1,5.612772,17.55766,s1d1
CTGATCCGTCATCACA-1,-4.518616,7.933668,s1d1
CTGATCCGTTCTCGTC-1,-0.21305525,4.766507,s1d1
CTGATCCTCCCATACC-1,9.557426,9.225437,s1d1
CTGATCCTCTTGGGCG-1,3.600405,5.1472907,s1d1
CTGCAGGAGACGGATC-1,10.744833,8.929768,s1d1
CTGCAGGAGTATAGGT-1,12.93902,8.271959,s1d1
CTGCAGGAGTTGCGAG-1,12.202095,9.430653,s1d1
CTGCAGGGTCCTTTGC-1,14.699304,7.614395,s1d1
CTGCAGGGTGCCGTAC-1,10.425991,-5.344568,s1d1
CTGCAGGTCGTTGTGA-1,7.4793267,-3.6135688,s1d1
CTGCAGGTCTCCAATT-1,-3.9629931,7.3424,s1d1
CTGCATCAGGCACTAG-1,3.042764,0.6619867,s1d1
CTGCATCAGGTCACTT-1,11.756806,1.6242019,s1d1
CTGCATCAGTGTTCCA-1,3.5290072,20.536581,s1d1
CTGCATCCAAGACGAC-1,12.558192,5.9550657,s1d1
CTGCATCCACAAGCCC-1,-4.4360967,6.7431736,s1d1
CTGCATCCACTGTGAT-1,11.430342,12.159796,s1d1
CTGCATCCAGAGAATT-1,12.354929,0.49536252,s1d1
CTGCATCGTAAGGCTG-1,8.65146,8.733801,s1d1
CTGCATCGTCGGTACC-1,14.264741,5.006626,s1d1
CTGCATCTCAAGTAAG-1,9.788687,-1.3076413,s1d1
CTGCATCTCCTGGTCT-1,7.355089,-2.9730356,s1d1
CTGCCATAGAACGTGC-1,4.3919134,2.294705,s1d1
CTGCCATCACCTTCCA-1,10.379355,7.630809,s1d1
CTGCCATCAGTCTGGC-1,12.895229,9.547264,s1d1
CTGCCATCAGTGGGTA-1,2.6379194,17.38205,s1d1
CTGCCATCATAACGGG-1,10.178118,16.920256,s1d1
CTGCCATGTAGCTTGT-1,9.560747,1.9114085,s1d1
CTGCCATGTAGTATAG-1,-2.9428837,9.839872,s1d1
CTGCCATGTGCGGCTT-1,12.933458,4.4831767,s1d1
CTGCCATGTTTACTGG-1,3.3876405,4.9436502,s1d1
CTGCCATTCCACTTTA-1,12.33124,1.6884861,s1d1
CTGCCATTCTCGCTTG-1,8.521368,-5.4002485,s1d1
CTGCCATTCTGTGTGA-1,9.158275,7.843427,s1d1
CTGCCATTCTTTGATC-1,9.191949,6.2205234,s1d1
CTGCCTAAGAATCCCT-1,8.681517,-3.6471696,s1d1
CTGCCTACAGCGTACC-1,8.181492,1.4443886,s1d1
CTGCCTAGTGCCCAGT-1,14.718156,7.674262,s1d1
CTGCGAGAGTTGCATC-1,4.3553267,17.35548,s1d1
CTGCGAGCACTTCTCG-1,8.368003,0.35245037,s1d1
CTGCGAGGTTAACAGA-1,13.427183,5.503969,s1d1
CTGCGAGGTTAAGAAC-1,8.11515,-5.042489,s1d1
CTGCGAGGTTAGGACG-1,12.73803,7.0086746,s1d1
CTGCGAGTCAGGACGA-1,7.4705734,-4.901657,s1d1
CTGCTCAAGCTCCATA-1,-0.72007716,3.7928958,s1d1
CTGCTCAAGCTCCGAC-1,12.654442,8.475231,s1d1
CTGCTCACAGTAACCT-1,12.556942,1.6824169,s1d1
CTGCTCACATCCTGTC-1,3.6935675,18.154388,s1d1
CTGCTCACATCGGATT-1,14.331967,9.102352,s1d1
CTGCTCAGTGCCCGTA-1,11.112547,17.348658,s1d1
CTGCTCATCCAGTGTA-1,11.156807,11.545698,s1d1
CTGCTCATCGACACTA-1,6.6769657,21.028704,s1d1
CTGCTCATCTGAGAAA-1,7.4365463,-4.5774207,s1d1
CTGGACGAGCAATAGT-1,-1.9077023,4.65583,s1d1
CTGGACGAGCTCGACC-1,10.067159,8.640055,s1d1
CTGGACGCATTCCTCG-1,15.377825,9.640198,s1d1
CTGGACGTCCCAACTC-1,11.190267,3.0469391,s1d1
CTGGACGTCCGATAAC-1,6.9866614,20.035511,s1d1
CTGGACGTCTTCCACG-1,10.834603,8.608526,s1d1
CTGGACGTCTTCCCGA-1,9.013305,12.984134,s1d1
CTGGCAGAGAAACTGT-1,2.5350823,2.4718451,s1d1
CTGGCAGAGAAGCCTG-1,15.81735,8.860536,s1d1
CTGGCAGAGCACTAGG-1,11.724895,2.5887082,s1d1
CTGGCAGAGTTTGAGA-1,10.353027,9.075436,s1d1
CTGGCAGCACAAGTGG-1,12.042858,9.502301,s1d1
CTGGCAGCATGACCCG-1,9.334216,-4.5310197,s1d1
CTGGCAGCATGCGGTC-1,14.490378,7.6469097,s1d1
CTGGCAGGTACGAGTG-1,10.557436,-3.5565407,s1d1
CTGGCAGGTAGTCTTG-1,10.1889715,-4.9871387,s1d1
CTGGCAGGTATGGGAC-1,5.1254444,17.76104,s1d1
CTGGCAGGTGTGCTTA-1,12.585367,7.563827,s1d1
CTGGCAGGTTAGGACG-1,9.862728,9.22747,s1d1
CTGGCAGGTTGGACTT-1,9.040212,2.024774,s1d1
CTGGCAGGTTTACGTG-1,12.088945,7.5027504,s1d1
CTGGCAGTCAATCGGT-1,12.195778,9.255357,s1d1
CTGGCAGTCGACGACC-1,10.869472,-4.689569,s1d1
CTGGCAGTCGCCTATC-1,10.45056,-3.6244187,s1d1
CTGGCAGTCTACGCGG-1,5.9023037,20.708658,s1d1
CTGGCAGTCTGACGCG-1,-5.0966334,8.87731,s1d1
CTGGTCTAGAATCGTA-1,-3.6718,13.03898,s1d1
CTGGTCTAGAGGTGCT-1,14.195962,9.727322,s1d1
CTGGTCTAGCTGACCC-1,8.049495,-5.0419235,s1d1
CTGGTCTAGGTCTGGA-1,8.294841,7.6611814,s1d1
CTGGTCTAGTTCCAGT-1,11.988477,9.573947,s1d1
CTGGTCTCAGTTGAAA-1,13.950005,7.037905,s1d1
CTGGTCTGTAATGATG-1,8.753338,-3.935779,s1d1
CTGGTCTGTATGGGAC-1,10.1233015,-4.8272443,s1d1
CTGGTCTGTCGCAACC-1,14.458187,6.9044056,s1d1
CTGGTCTGTTACCTTT-1,12.10723,0.56020594,s1d1
CTGGTCTTCCACGTCT-1,3.9405813,19.336147,s1d1
CTGGTCTTCTCAGAAC-1,13.244661,3.1042256,s1d1
CTGTACCAGAGCAAGA-1,6.444099,12.063752,s1d1
CTGTACCAGCAACAGC-1,15.550283,9.332849,s1d1
CTGTACCAGTCTTCCC-1,-4.071542,9.898748,s1d1
CTGTACCCAAGAAACT-1,9.564363,-5.4161353,s1d1
CTGTACCCACGAAGAC-1,3.7116077,20.770695,s1d1
CTGTACCCACGACGCT-1,8.379508,12.396991,s1d1
CTGTACCGTCTGTAAC-1,8.529382,9.6550045,s1d1
CTGTACCTCTATGCCC-1,12.273654,12.080701,s1d1
CTGTACCTCTCGTTTA-1,5.5821314,19.965244,s1d1
CTGTAGACAAATGGCG-1,7.2350163,-3.0528843,s1d1
CTGTAGACAACTCATG-1,3.1438851,3.7208078,s1d1
CTGTAGACACGTGTGC-1,14.30607,6.322071,s1d1
CTGTAGACATAAGATG-1,15.225984,7.0109773,s1d1
CTGTAGACATCATCCC-1,14.391651,5.6416163,s1d1
CTGTAGAGTCTTACAG-1,3.621661,5.7893434,s1d1
CTGTAGATCACGTCCT-1,4.0583334,19.347582,s1d1
CTGTAGATCGAAGCAG-1,15.013725,6.1567187,s1d1
CTGTAGATCTTGGATG-1,11.890662,8.317307,s1d1
CTGTATTCAACCCTAA-1,13.092089,3.337951,s1d1
CTGTATTGTACAAACA-1,10.455693,-3.0217953,s1d1
CTGTATTGTACGAGTG-1,9.1714525,1.0628878,s1d1
CTGTATTGTTGTTGAC-1,5.607552,20.660297,s1d1
CTGTATTTCGATTCCC-1,10.308682,-4.833754,s1d1
CTGTCGTAGAGCTGAC-1,10.98899,10.880765,s1d1
CTGTCGTAGAGGGTAA-1,9.665937,8.290616,s1d1
CTGTCGTAGGAGGTTC-1,7.676689,-4.060777,s1d1
CTGTCGTCAGCCTATA-1,12.652423,7.7766933,s1d1
CTGTCGTCATGACGTT-1,11.110175,17.39889,s1d1
CTGTCGTGTTCATCTT-1,11.582763,10.198443,s1d1
CTGTCGTTCACTGATG-1,2.0775962,1.5785879,s1d1
CTGTCGTTCGGTTCAA-1,12.518305,3.239052,s1d1
CTGTCGTTCTACACTT-1,8.910276,9.7099495,s1d1
CTGTCGTTCTCTTCAA-1,-4.1671047,8.299042,s1d1
CTGTCGTTCTGTGTGA-1,12.115887,0.50201666,s1d1
CTGTGAACATCCGTTC-1,7.596438,11.65782,s1d1
CTGTGAACATCTGCGG-1,13.875762,6.1552463,s1d1
CTGTGAAGTAGCGCTC-1,9.774437,6.9878197,s1d1
CTGTGAAGTTCGGGTC-1,8.003939,-2.078748,s1d1
CTGTGAAGTTGCCGAC-1,9.155653,7.5708036,s1d1
CTGTGAATCGTGTTCC-1,10.652439,12.819849,s1d1
CTGTGGGAGACTTAAG-1,1.9822206,3.168494,s1d1
CTGTGGGAGCCTGTGC-1,10.1887665,7.2494707,s1d1
CTGTGGGAGCTCTGTA-1,8.046966,-5.478509,s1d1
CTGTGGGCATAATCCG-1,6.09682,20.371733,s1d1
CTGTGGGCATCCAATG-1,8.005065,-3.1412587,s1d1
CTGTGGGGTCCTTAAG-1,5.462174,18.349995,s1d1
CTGTGGGTCGTGGCTG-1,13.045079,3.9629233,s1d1
CTTACCGAGACTGAGC-1,10.896222,2.6125648,s1d1
CTTACCGAGATTCGCT-1,2.5311794,17.901941,s1d1
CTTACCGAGCCACCGT-1,4.3582606,20.367002,s1d1
CTTACCGAGGATACCG-1,8.170756,-3.3929026,s1d1
CTTACCGAGTATGCAA-1,8.560769,-4.6164913,s1d1
CTTACCGCAAATCAGA-1,12.629743,9.165152,s1d1
CTTACCGCACCCTAGG-1,13.210612,3.064811,s1d1
CTTACCGCAGGCGAAT-1,-1.5270085,5.325053,s1d1
CTTACCGCAGGGAGAG-1,1.0775837,1.836399,s1d1
CTTACCGGTCACCGAC-1,8.296969,-2.9049795,s1d1
CTTACCGGTGCATGTT-1,9.314396,-0.8757414,s1d1
CTTACCGGTTTCTATC-1,13.570832,8.423098,s1d1
CTTAGGAAGATTGCGG-1,11.04379,8.655296,s1d1
CTTAGGACAATCGAAA-1,14.24456,5.3194137,s1d1
CTTAGGACACATGGTT-1,2.2326329,15.934958,s1d1
CTTAGGAGTCTAGATC-1,-1.674654,5.5574417,s1d1
CTTAGGAGTTGGATCT-1,2.9184344,18.519018,s1d1
CTTAGGATCTATCGGA-1,5.520471,20.502644,s1d1
CTTAGGATCTCTATAC-1,6.904422,19.351536,s1d1
CTTCAATAGCCTCTTC-1,11.1171055,8.204712,s1d1
CTTCAATAGGGCGAAG-1,11.720402,9.59377,s1d1
CTTCAATAGTCGGCAA-1,13.562629,4.301439,s1d1
CTTCAATAGTGCAGGT-1,5.435598,17.379206,s1d1
CTTCAATCAAATGATG-1,12.169009,11.492743,s1d1
CTTCAATCACACAGCC-1,9.551379,-5.2787733,s1d1
CTTCAATCATGACGTT-1,7.0220532,-2.1635127,s1d1
CTTCAATTCCAGCAAT-1,7.0929775,17.51278,s1d1
CTTCCGAAGATAACAC-1,10.467553,-4.0211406,s1d1
CTTCCGACAACGCATT-1,5.384187,18.051994,s1d1
CTTCCGACACCGTGCA-1,8.678444,9.034774,s1d1
CTTCCGAGTAGGTACG-1,3.8908637,2.615252,s1d1
CTTCCGAGTCCCGTGA-1,-3.2379944,11.927138,s1d1
CTTCCGAGTTTACTTC-1,-0.02680704,5.0293636,s1d1
CTTCCGATCAGTGGGA-1,15.180723,9.374401,s1d1
CTTCCTTAGCACCTGC-1,9.24353,6.265017,s1d1
CTTCCTTAGCCATTCA-1,6.336981,20.458366,s1d1
CTTCCTTCAACAGCTT-1,12.274649,-1.3738014,s1d1
CTTCCTTCAACTTCTT-1,14.398268,9.065625,s1d1
CTTCCTTCACAGGATG-1,1.2911824,1.3638637,s1d1
CTTCCTTCACATCCCT-1,11.923873,12.45396,s1d1
CTTCCTTCACTCAAGT-1,8.578895,-5.7136273,s1d1
CTTCCTTCAGCGCTTG-1,9.949851,16.972786,s1d1
CTTCCTTGTATCCCTC-1,14.77724,8.687567,s1d1
CTTCCTTGTATCGAAA-1,6.5486608,19.001966,s1d1
CTTCCTTTCGCGTGAC-1,2.587469,20.425035,s1d1
CTTCGGTAGCTTGTGT-1,3.235127,4.420592,s1d1
CTTCGGTAGGAAGTGA-1,3.784459,20.689413,s1d1
CTTCGGTCAGCCGTCA-1,10.5733385,6.283704,s1d1
CTTCGGTGTATCCTTT-1,-5.2339416,8.775352,s1d1
CTTCGGTGTATCTCTT-1,4.1722903,19.33593,s1d1
CTTCGGTGTTCTCACC-1,3.7765062,2.0534348,s1d1
CTTCGGTTCACCGGGT-1,10.797535,7.2228117,s1d1
CTTCTAAAGAATGTTG-1,5.179471,18.574404,s1d1
CTTCTAAAGATTACCC-1,1.8125993,2.6553333,s1d1
CTTCTAAAGGTGATCG-1,11.772971,9.984029,s1d1
CTTCTAAAGTAGTCTC-1,11.385883,11.580809,s1d1
CTTCTAACAAGAGGTC-1,3.2801824,3.3453507,s1d1
CTTCTAAGTAGCTTAC-1,3.248721,20.283678,s1d1
CTTCTAAGTATGCTTG-1,3.5569339,3.6844738,s1d1
CTTCTAAGTATGTCAC-1,-5.1787457,9.573943,s1d1
CTTCTAATCGAGAAAT-1,7.9563065,-1.9520653,s1d1
CTTCTAATCGTGCAGC-1,11.047574,7.3199425,s1d1
CTTCTCTCACCTGTCT-1,9.238227,-5.65883,s1d1
CTTCTCTTCAAACGTC-1,11.959319,8.865203,s1d1
CTTCTCTTCATACAGC-1,12.8218355,4.668151,s1d1
CTTCTCTTCTCCTGAC-1,12.14227,8.942926,s1d1
CTTCTCTTCTGTCTCG-1,2.9419167,4.796296,s1d1
CTTGAGAAGAAATTCG-1,12.237226,9.097008,s1d1
CTTGAGAAGCCATTTG-1,15.001996,7.573828,s1d1
CTTGAGAAGGATACAT-1,3.3477712,20.245317,s1d1
CTTGAGAAGGCCCACT-1,12.58314,9.037951,s1d1
CTTGAGAAGTAAACAC-1,-3.1137438,10.206583,s1d1
CTTGAGAAGTATGGAT-1,12.920883,10.007743,s1d1
CTTGAGAGTCTTCCGT-1,3.036675,20.584595,s1d1
CTTGAGAGTCTTGGTA-1,3.8136818,18.135141,s1d1
CTTGAGAGTTCACGAT-1,7.3239064,20.460009,s1d1
CTTGAGAGTTTGATCG-1,10.123714,9.272218,s1d1
CTTGAGATCAACTGAC-1,13.570298,4.4275575,s1d1
CTTGAGATCCATTGCC-1,-0.5148905,3.9009917,s1d1
CTTGAGATCGCCATAA-1,9.963995,7.7480493,s1d1
CTTGAGATCTTCGGAA-1,15.125373,6.1272354,s1d1
CTTGATTAGACTCGAG-1,14.314517,9.288305,s1d1
CTTGATTAGGTACCTT-1,6.8694077,18.644917,s1d1
CTTGATTCAATTCGTG-1,9.060287,7.27791,s1d1
CTTGATTCACCGTCTT-1,15.611676,9.840997,s1d1
CTTGATTCATCCAACA-1,7.618681,12.327003,s1d1
CTTGATTGTATAATGG-1,13.880695,5.9859924,s1d1
CTTGATTGTGACTGAG-1,10.113309,7.573984,s1d1
CTTGATTGTGCGGCTT-1,11.048619,11.532347,s1d1
CTTGATTGTTCAGTAC-1,8.459546,-5.6196465,s1d1
CTTGATTTCACGGTCG-1,9.109879,9.3763,s1d1
CTTGATTTCCCTTTGG-1,7.5670176,-4.6730714,s1d1
CTTTCAAAGGTTAGTA-1,12.586739,6.3922944,s1d1
CTTTCAAAGTGCAACG-1,15.649735,7.112544,s1d1
CTTTCAACACGCAAAG-1,5.7427626,20.770567,s1d1
CTTTCAACAGTCGCTG-1,12.45083,-0.010319959,s1d1
CTTTCAAGTATTCCTT-1,5.4347515,17.814247,s1d1
CTTTCAAGTCACCCTT-1,4.132309,20.336067,s1d1
CTTTCAAGTGAATGTA-1,13.161555,3.4210427,s1d1
CTTTCAAGTTATGGTC-1,3.6435313,5.0514536,s1d1
CTTTCAAGTTGAAGTA-1,4.1440425,4.273844,s1d1
CTTTCAATCAAGCCTA-1,6.8121977,20.268204,s1d1
CTTTCAATCTCTAAGG-1,1.7997882,2.083432,s1d1
CTTTCGGAGTCATCCA-1,14.740227,7.7287498,s1d1
CTTTCGGCAACAAGTA-1,9.891897,9.497256,s1d1
CTTTCGGCACACCAGC-1,9.611912,6.547725,s1d1
CTTTCGGCACGATAGG-1,6.01556,11.080121,s1d1
CTTTCGGGTACGGATG-1,3.7567737,19.807272,s1d1
CTTTCGGGTCATTGCA-1,3.1487803,4.1104655,s1d1
CTTTCGGGTCTCGGGT-1,11.849184,9.668387,s1d1
CTTTCGGGTTCTAAGC-1,13.669856,4.93324,s1d1
CTTTCGGTCGTGGGAA-1,3.4685743,21.057657,s1d1
CTTTCGGTCTACGGTA-1,8.933748,-5.4865913,s1d1
GAAACCTAGCCATTGT-1,10.843123,8.429828,s1d1
GAAACCTCAGTCGGAA-1,11.975134,11.710775,s1d1
GAAACCTCATTAGGCT-1,14.195863,8.013405,s1d1
GAAACCTGTAATGTGA-1,-1.277609,5.3021803,s1d1
GAAACCTGTATACCTG-1,11.384115,13.001729,s1d1
GAAACCTGTCTACAAC-1,11.1242,11.452813,s1d1
GAAACCTGTCTTCGAA-1,6.060652,20.46748,s1d1
GAAACCTGTGTTACTG-1,10.914499,12.638544,s1d1
GAAACCTGTTTGTTCT-1,0.37473336,5.026608,s1d1
GAAACCTTCACACCGG-1,8.60622,9.543234,s1d1
GAAACCTTCATACAGC-1,6.398335,19.200987,s1d1
GAAACCTTCTAGTGTG-1,11.82154,12.093292,s1d1
GAAATGACAGCGCTTG-1,11.297343,2.5721488,s1d1
GAAATGAGTACTGACT-1,8.805976,2.6819348,s1d1
GAAATGAGTGACCGTC-1,13.130913,3.5531313,s1d1
GAAATGATCGCGCCAA-1,10.666662,8.133906,s1d1
GAACACTAGAGTTGTA-1,-3.1397154,11.58979,s1d1
GAACACTAGATGGCGT-1,10.492374,14.43253,s1d1
GAACACTAGGCTCCCA-1,3.4110231,20.23649,s1d1
GAACACTAGGTAGATT-1,2.2518303,4.8446774,s1d1
GAACACTCAGGTTTAC-1,9.928991,2.9012992,s1d1
GAACACTCATAAGCAA-1,11.986805,12.201984,s1d1
GAACACTGTTCGCGTG-1,7.1866856,3.0417159,s1d1
GAACACTGTTTCAGAC-1,6.6718907,20.57746,s1d1
GAACACTTCCAAGCAT-1,10.745687,-4.9025836,s1d1
GAACACTTCCGAGCTG-1,2.2889285,2.4724097,s1d1
GAACGTTAGTAGTCCT-1,0.35774472,4.9864483,s1d1
GAACGTTCAAATGAGT-1,6.1310725,20.542717,s1d1
GAACGTTCAACCAGAG-1,9.023716,-5.971914,s1d1
GAACGTTCAAGTATAG-1,6.258431,11.219325,s1d1
GAACGTTCACCGTACG-1,12.257435,12.375683,s1d1
GAACGTTCATGTGACT-1,12.4646225,12.582295,s1d1
GAACGTTGTCTTTATC-1,13.727634,6.660008,s1d1
GAACGTTGTGGTCTTA-1,6.4048953,21.004337,s1d1
GAACGTTTCTGAGAGG-1,6.8693805,20.817638,s1d1
GAACGTTTCTGAGATC-1,1.0576639,3.5295699,s1d1
GAACTGTAGACCAAGC-1,9.593512,8.534755,s1d1
GAACTGTAGATGAATC-1,3.6261232,19.99229,s1d1
GAACTGTAGGACCCAA-1,5.6016984,18.558985,s1d1
GAACTGTCATAGATCC-1,14.982454,9.292289,s1d1
GAACTGTGTATCAGCT-1,3.4322906,19.641504,s1d1
GAACTGTGTCGAATGG-1,10.856484,10.010933,s1d1
GAACTGTGTTCCAAAC-1,6.3947883,20.919353,s1d1
GAACTGTTCGCTTGAA-1,11.598778,11.400231,s1d1
GAAGAATAGCTGAGTG-1,-4.07974,8.85275,s1d1
GAAGAATAGGCACAAC-1,3.3979092,20.423647,s1d1
GAAGAATAGGGATCAC-1,11.892153,8.522922,s1d1
GAAGAATAGGTTAGTA-1,-4.2848773,8.98997,s1d1
GAAGAATCAAGACTGG-1,10.756313,13.818214,s1d1
GAAGAATCAGTTTCAG-1,2.4891124,20.488964,s1d1
GAAGAATCATAGAATG-1,15.83498,9.407576,s1d1
GAAGAATCATCGATAC-1,3.6031137,20.89512,s1d1
GAAGAATGTCAAAGCG-1,6.882617,11.811512,s1d1
GAAGAATGTGACTCTA-1,12.498303,6.497188,s1d1
GAAGAATGTTTGGGAG-1,9.297733,9.1905365,s1d1
GAAGAATTCATTTACC-1,9.717991,13.043157,s1d1
GAAGAATTCCTACCGT-1,12.724956,9.726946,s1d1
GAAGAATTCGTCGGGT-1,7.9508595,-5.494406,s1d1
GAAGCCCAGAGGGTAA-1,-0.3727382,3.523208,s1d1
GAAGCCCAGCGTATGG-1,14.25169,8.811915,s1d1
GAAGCCCAGTCCCTAA-1,5.16774,2.1466699,s1d1
GAAGCCCCAAGGACAC-1,5.3648148,18.799671,s1d1
GAAGCCCCAGCACCCA-1,6.61931,20.41631,s1d1
GAAGCCCGTCATCAGT-1,15.641092,7.4760303,s1d1
GAAGCCCGTCCACAGC-1,0.57120764,5.208943,s1d1
GAAGCCCGTCGCACGT-1,5.8032618,11.780398,s1d1
GAAGCGAAGTCATCCA-1,9.9031,-4.6164956,s1d1
GAAGCGACAGTCTGGC-1,13.848099,7.1470203,s1d1
GAAGCGAGTGCAGGAT-1,3.1882837,1.9230928,s1d1
GAAGCGAGTGTATTGC-1,-4.8414545,9.144656,s1d1
GAAGCGATCATGCATG-1,10.60846,9.480921,s1d1
GAAGCGATCCGGACTG-1,6.1966033,20.798084,s1d1
GAAGCGATCCTTGGAA-1,-4.587176,7.972897,s1d1
GAAGCGATCGGTGAAG-1,-3.3488638,10.541949,s1d1
GAAGCGATCTACTATC-1,-3.9222543,8.880441,s1d1
GAAGGACAGCAGCAGT-1,9.273578,8.245293,s1d1
GAAGGACCAACTCATG-1,8.5013,-5.376563,s1d1
GAAGGACCACGCCAGT-1,8.923759,2.515574,s1d1
GAAGGACCAGCCTACG-1,5.998855,20.765562,s1d1
GAAGGACGTATTTCCT-1,2.4004226,16.034296,s1d1
GAAGGACGTGCATTAC-1,11.250928,-0.45671222,s1d1
GAAGGACGTGCCCGTA-1,1.5140594,2.703814,s1d1
GAAGGACGTTTCGCTC-1,5.152991,2.2629375,s1d1
GAAGGACTCCTTATCA-1,-2.7675872,10.5568285,s1d1
GAAGGACTCTGGTCAA-1,-0.8532596,5.6789365,s1d1
GAAGGGTAGGGTCAAC-1,13.123054,8.330675,s1d1
GAAGGGTAGTGTTGTC-1,13.511712,4.4104295,s1d1
GAAGGGTCACACACTA-1,0.5652831,3.1555133,s1d1
GAAGGGTCACCAGTAT-1,2.7182918,19.374073,s1d1
GAAGGGTCACCATATG-1,6.804771,20.181032,s1d1
GAAGGGTCACTTACAG-1,9.486978,-3.4009514,s1d1
GAAGGGTGTAAGTAGT-1,11.855795,1.4854784,s1d1
GAAGGGTGTTCGGTTA-1,11.489309,10.154431,s1d1
GAAGGGTTCACACCGG-1,8.408159,1.2266037,s1d1
GAAGGGTTCACCTCTG-1,14.726427,7.4927044,s1d1
GAAGTAAAGAATCGTA-1,8.403693,-4.799105,s1d1
GAAGTAAAGTCCCAAT-1,6.6407156,20.786173,s1d1
GAAGTAAAGTGTACAA-1,13.563476,6.3926864,s1d1
GAAGTAACAAACTAAG-1,6.771127,19.782768,s1d1
GAAGTAACACCCTATC-1,-0.21689871,3.393241,s1d1
GAAGTAAGTAGGCTGA-1,-3.892756,11.816378,s1d1
GAAGTAATCATCCTAT-1,11.113368,9.169047,s1d1
GAATAGAAGCATCAAA-1,-1.5282774,5.0937576,s1d1
GAATAGAAGCTCGACC-1,-0.8048042,4.09016,s1d1
GAATAGAAGTCGGCAA-1,13.044701,3.5500348,s1d1
GAATAGACACCCTAGG-1,7.418258,-4.574596,s1d1
GAATAGAGTTGGACCC-1,3.9636788,4.528901,s1d1
GAATCACAGACTCCGC-1,6.151489,11.348213,s1d1
GAATCACAGCTTAGTC-1,5.1075935,18.207424,s1d1
GAATCACAGGCCATAG-1,12.065644,0.83321273,s1d1
GAATCACAGTACCCTA-1,0.37135825,6.034049,s1d1
GAATCACCACTGTGAT-1,9.844715,-0.9769277,s1d1
GAATCACGTATGGTAA-1,10.776489,13.555784,s1d1
GAATCACGTCAGATTC-1,13.4643345,7.60484,s1d1
GAATCACGTCGCACAC-1,13.510963,3.9325476,s1d1
GAATCACGTGCTATTG-1,14.558622,8.209706,s1d1
GAATCACTCGTGTGAT-1,3.5606792,5.383429,s1d1
GAATCACTCTCTATGT-1,4.7195,16.140745,s1d1
GAATCGTAGCACTGGA-1,13.387307,3.7016761,s1d1
GAATCGTCAGCGATTT-1,6.1897697,20.772882,s1d1
GAATCGTCAGGATCTT-1,-3.851921,8.806586,s1d1
GAATCGTCAGTGTACT-1,-2.7859435,11.41507,s1d1
GAATCGTGTCCTCATC-1,-0.935831,4.8860264,s1d1
GAATCGTTCAATCTCT-1,7.5028534,-4.160218,s1d1
GAATCGTTCAGAGTTC-1,4.871656,18.214466,s1d1
GAATCGTTCAGGAACG-1,11.259913,-0.20019309,s1d1
GAATCGTTCTGATGGT-1,-1.0360719,4.9363885,s1d1
GACACGCAGGAACATT-1,6.2723575,10.792108,s1d1
GACACGCCAGCGGATA-1,13.716557,6.576989,s1d1
GACACGCCATCTGGGC-1,-4.4446445,9.067064,s1d1
GACACGCGTCCTCCTA-1,11.9469595,9.071947,s1d1
GACACGCGTTTGCAGT-1,-0.14290848,3.7289424,s1d1
GACACGCTCCTCCACA-1,11.844459,1.6559374,s1d1
GACACGCTCTAGAGCT-1,9.578672,-1.7720871,s1d1
GACACGCTCTTGGTCC-1,7.8993087,-4.207064,s1d1
GACAGCCAGATTGACA-1,11.937418,-1.081642,s1d1
GACAGCCAGCACCTGC-1,5.3725753,17.731678,s1d1
GACATCACACATGGTT-1,12.401528,-3.6593456,s1d1
GACATCACAGTCCGTG-1,13.447161,3.132566,s1d1
GACATCAGTCATATGC-1,6.2096443,11.6545105,s1d1
GACATCAGTGTTCGTA-1,-4.7159076,9.175753,s1d1
GACATCAGTTAAGACA-1,6.0859027,20.338228,s1d1
GACATCATCCGAGAAG-1,14.799147,7.0771713,s1d1
GACCAATAGCCAACCC-1,2.6105595,5.233644,s1d1
GACCAATAGGTAGACC-1,9.450264,9.355668,s1d1
GACCAATAGTACCCTA-1,8.738093,-5.941874,s1d1
GACCAATCAACTACGT-1,15.161248,8.560016,s1d1
GACCAATCAATTTCGG-1,15.760601,9.72875,s1d1
GACCAATCACATTCTT-1,2.6011064,16.19241,s1d1
GACCAATCAGGTACGA-1,10.778159,9.451613,s1d1
GACCAATGTAGTCTTG-1,9.94407,6.699191,s1d1
GACCAATTCATAAGGA-1,8.657374,-0.3333046,s1d1
GACCCAGAGCCTCATA-1,-0.99630624,4.8319025,s1d1
GACCCAGAGGCTGGAT-1,11.826484,8.81858,s1d1
GACCCAGAGGTCGACA-1,3.6499135,20.21756,s1d1
GACCCAGCATCGCCTT-1,-0.9819548,5.4787755,s1d1
GACCCAGGTCAAAGAT-1,13.957163,7.620209,s1d1
GACCCAGGTCGCACAC-1,4.0756516,20.4851,s1d1
GACCCAGGTCGTGGTC-1,9.624364,1.4802264,s1d1
GACCCTTAGATGACCG-1,9.766454,7.390482,s1d1
GACCCTTAGCCATGCC-1,4.2839456,1.8438053,s1d1
GACCCTTCAAATACAG-1,7.604525,-3.4715278,s1d1
GACCCTTCAATACCTG-1,5.630145,17.507587,s1d1
GACCCTTCACTTCCTG-1,8.876862,3.8072698,s1d1
GACCCTTGTATCGGTT-1,12.1478405,1.9660753,s1d1
GACCCTTGTGGCAGAT-1,6.0010824,17.721172,s1d1
GACCCTTTCCATGATG-1,4.272334,19.406425,s1d1
GACCGTGAGTAGACAT-1,7.2573485,20.548685,s1d1
GACCGTGAGTCGCTAT-1,-2.210485,10.075701,s1d1
GACCGTGAGTTGAATG-1,14.296078,7.25517,s1d1
GACCGTGCAAGCTGTT-1,7.459737,-3.0897207,s1d1
GACCGTGCACAAAGCG-1,13.592399,7.4239955,s1d1
GACCGTGCATCCTTGC-1,15.200285,6.9054623,s1d1
GACCGTGCATCTCATT-1,13.406305,8.259352,s1d1
GACCGTGGTCGATTAC-1,14.1598835,9.02771,s1d1
GACCGTGGTGAACCGA-1,11.408947,11.22437,s1d1
GACCGTGGTGATGAAT-1,-4.9444156,8.224609,s1d1
GACCGTGGTTATGACC-1,10.63651,13.764452,s1d1
GACCGTGTCAATGTCG-1,0.39875713,6.0541983,s1d1
GACCGTGTCCGTGTCT-1,13.192937,7.1149807,s1d1
GACCTTCAGATGACAT-1,14.288531,7.5159206,s1d1
GACCTTCAGGTAATCA-1,11.895917,8.7046795,s1d1
GACCTTCAGTGATCGG-1,9.635589,9.247483,s1d1
GACCTTCCACGGATCC-1,11.338609,6.0252795,s1d1
GACCTTCCATACTTTC-1,12.153998,10.256174,s1d1
GACCTTCGTACAGAAT-1,11.067274,7.276429,s1d1
GACCTTCTCGTTTACT-1,3.9004006,3.0479667,s1d1
GACGCTGAGGCTATCT-1,7.0809875,17.540867,s1d1
GACGCTGCATTGAAGA-1,3.100923,3.714749,s1d1
GACGCTGGTACCTAAC-1,8.652601,-3.19825,s1d1
GACGCTGGTATTGCCA-1,10.691068,14.242973,s1d1
GACGCTGGTGTCTTGA-1,11.710449,8.768821,s1d1
GACGCTGGTGTGAATA-1,14.360737,6.617008,s1d1
GACGCTGTCAAGAATG-1,8.963865,3.4901953,s1d1
GACGCTGTCTCTAAGG-1,13.401629,3.4474463,s1d1
GACGTTAAGCTAGCCC-1,10.675394,8.801326,s1d1
GACGTTAAGGCTGTAG-1,10.852524,13.731903,s1d1
GACGTTAAGGGCAAGG-1,12.137167,1.30694,s1d1
GACGTTAGTCGAAGCA-1,11.667907,12.884887,s1d1
GACGTTATCACCTTGC-1,13.796322,8.279889,s1d1
GACGTTATCCCACAGG-1,13.460878,3.4287708,s1d1
GACGTTATCTTGGTCC-1,-4.640147,8.590578,s1d1
GACTATGAGACGCCCT-1,7.8681703,-2.9179714,s1d1
GACTATGAGAGATTCA-1,10.961051,7.607786,s1d1
GACTATGAGATCGGTG-1,13.131066,7.0538325,s1d1
GACTATGAGCTCACTA-1,-2.51214,10.531709,s1d1
GACTATGAGTCATACC-1,-4.76777,7.8998213,s1d1
GACTATGCAGAACTTC-1,4.3618574,19.8639,s1d1
GACTATGGTATCATGC-1,14.460161,5.969199,s1d1
GACTATGGTCTCGCGA-1,12.505096,12.304832,s1d1
GACTATGTCAAGAAAC-1,1.6883324,1.3762723,s1d1
GACTATGTCGATGCAT-1,8.156801,8.567757,s1d1
GACTATGTCTCTATGT-1,-4.660239,5.708795,s1d1
GACTCAAAGACGGTCA-1,1.5967216,3.6293676,s1d1
GACTCAAAGAGAGTTT-1,13.353613,6.8448796,s1d1
GACTCAAAGATGGTCG-1,-0.4763027,5.8836856,s1d1
GACTCAAAGTGATTCC-1,9.851655,9.913827,s1d1
GACTCAACACGGGCTT-1,13.789756,7.8469768,s1d1
GACTCAAGTAGCGCTC-1,5.727481,11.154393,s1d1
GACTCAAGTCGCCACA-1,15.96647,7.3409257,s1d1
GACTCAATCTACCAGA-1,2.836537,3.7659044,s1d1
GACTCAATCTGCATGA-1,10.379773,9.672021,s1d1
GACTCTCAGATAGTCA-1,8.53011,1.0086479,s1d1
GACTCTCAGCGAGAAA-1,8.5193,-5.5569453,s1d1
GACTCTCCAGCATCTA-1,9.885067,-5.17815,s1d1
GACTCTCTCGTTCTCG-1,3.1021218,5.5291405,s1d1
GACTGATAGATGACAT-1,13.768981,7.985473,s1d1
GACTGATAGCAATTCC-1,11.335575,-0.058880743,s1d1
GACTGATAGCGACCCT-1,11.558321,0.8678635,s1d1
GACTGATCACACTGGC-1,10.877461,14.002853,s1d1
GACTGATCACGGATCC-1,3.6775665,4.815944,s1d1
GACTGATCATTCTCTA-1,7.18417,18.676655,s1d1
GACTGATGTTACGCCG-1,-3.9294972,8.8316145,s1d1
GACTGATTCCACGAAT-1,8.843823,7.919274,s1d1
GACTGATTCCCGTGAG-1,-4.939906,8.176523,s1d1
GACTTCCAGCAGCGAT-1,7.399524,-4.406733,s1d1
GACTTCCAGCCTCACG-1,9.686773,9.425624,s1d1
GACTTCCAGTGACACG-1,-0.18628857,3.4736412,s1d1
GACTTCCAGTTCGCAT-1,10.955753,3.1498833,s1d1
GACTTCCCAACCAATC-1,4.4265227,20.501411,s1d1
GACTTCCCAGTAACGG-1,6.113696,20.512178,s1d1
GACTTCCCAGTAGGAC-1,5.6894765,20.520294,s1d1
GACTTCCGTTCAAACC-1,11.311458,9.666402,s1d1
GAGAAATAGTCACACT-1,-3.8886104,8.29966,s1d1
GAGAAATCACACTGGC-1,15.57786,9.859173,s1d1
GAGAAATCAGCATGCC-1,12.930534,8.173851,s1d1
GAGAAATGTGATAGTA-1,9.728214,9.316807,s1d1
GAGAAATGTTCGGTAT-1,14.458761,8.484972,s1d1
GAGAAATTCACCACAA-1,11.347239,13.277446,s1d1
GAGAAATTCGCAGTTA-1,13.704767,6.545399,s1d1
GAGAAATTCTAGAGCT-1,12.309958,0.8286326,s1d1
GAGAAATTCTCTGCTG-1,14.78948,5.900797,s1d1
GAGACCCCAAAGGGCT-1,12.695875,8.684662,s1d1
GAGACCCCAACTGGTT-1,7.2809515,18.657686,s1d1
GAGACCCCACTGGACC-1,-2.7938898,10.818858,s1d1
GAGACCCGTAATGCGG-1,-3.7979522,9.276678,s1d1
GAGACCCGTACATACC-1,10.685256,9.798603,s1d1
GAGACCCGTCATGACT-1,12.055263,0.46829918,s1d1
GAGACCCGTTATGGTC-1,13.187347,3.1615732,s1d1
GAGACCCGTTGGAGAC-1,9.138267,8.2159195,s1d1
GAGACCCTCAGTAGGG-1,15.444535,7.866562,s1d1
GAGACCCTCCGATCGG-1,14.955139,7.2938437,s1d1
GAGACCCTCCGTGTAA-1,8.438028,-4.9575496,s1d1
GAGACTTAGAGTGACC-1,0.47917178,5.0086484,s1d1
GAGACTTCAGCACAGA-1,9.059713,1.5579226,s1d1
GAGACTTCATTACGGT-1,6.1551237,20.558943,s1d1
GAGACTTGTAGCTCGC-1,14.512534,8.077322,s1d1
GAGAGGTCAACGACAG-1,13.293666,7.7828245,s1d1
GAGAGGTCACCGCTAG-1,8.859604,3.8137338,s1d1
GAGAGGTCAGAACTAA-1,3.0841827,19.876123,s1d1
GAGAGGTGTCGCTGCA-1,8.128581,-5.4301343,s1d1
GAGAGGTGTCGTTGCG-1,8.430708,7.347252,s1d1
GAGAGGTTCACCATAG-1,10.394393,-4.8645315,s1d1
GAGAGGTTCAGTGGGA-1,9.604365,-5.543277,s1d1
GAGATGGAGACTCAAA-1,7.4721594,-4.184454,s1d1
GAGATGGAGCACTCCG-1,10.263165,9.209165,s1d1
GAGATGGAGCCTCCAG-1,5.829329,11.340491,s1d1
GAGATGGAGCTCTATG-1,9.854105,-3.6680143,s1d1
GAGATGGAGGCAGCTA-1,10.551342,9.042591,s1d1
GAGATGGCAAAGCTAA-1,11.017184,17.455145,s1d1
GAGATGGCAGTTCCAA-1,2.7279012,20.055914,s1d1
GAGATGGGTCGACGCT-1,-1.6353707,6.355538,s1d1
GAGATGGGTTGTGCAT-1,8.828745,-5.537055,s1d1
GAGATGGGTTTGCAGT-1,12.659978,6.353607,s1d1
GAGATGGTCCGTAGTA-1,6.959004,17.685741,s1d1
GAGCCTGAGACCTGGA-1,13.194817,6.854513,s1d1
GAGCCTGCAAAGGGTC-1,12.490236,1.3568561,s1d1
GAGCCTGCAGAAACCG-1,14.090582,6.233211,s1d1
GAGCCTGCAGTGAGCA-1,3.1407275,15.942157,s1d1
GAGCCTGCATGGAGAC-1,10.555437,7.2329316,s1d1
GAGCCTGGTAACGTTC-1,8.597706,-3.0083973,s1d1
GAGCCTGGTACCCGAC-1,2.3323069,2.3607075,s1d1
GAGCCTGGTCGTCGGT-1,15.366686,7.7922287,s1d1
GAGCCTGGTGCAGATG-1,11.454303,0.38784814,s1d1
GAGCCTGGTTACCCTC-1,14.3671465,6.952653,s1d1
GAGCCTGGTTTAGTCG-1,4.156992,20.53308,s1d1
GAGCTGCAGACGCTCC-1,10.84997,8.842571,s1d1
GAGCTGCAGTTTCTTC-1,8.169132,9.349587,s1d1
GAGCTGCCAGGATGAC-1,11.1837435,12.416096,s1d1
GAGCTGCGTCCTGGTG-1,3.5803454,2.1712496,s1d1
GAGCTGCGTCTCGCGA-1,2.331385,3.3342695,s1d1
GAGCTGCTCAAGCCGC-1,11.227064,17.47458,s1d1
GAGCTGCTCTCCCATG-1,10.66481,13.068862,s1d1
GAGCTGCTCTGTGCGG-1,10.453559,6.0334167,s1d1
GAGGCAAAGCGCGTTC-1,11.347858,12.289911,s1d1
GAGGCAAAGGGCGAGA-1,13.614349,8.408669,s1d1
GAGGCAAAGGTGTGAC-1,-4.3303223,8.702367,s1d1
GAGGCAAAGTATGAGT-1,11.574404,9.873873,s1d1
GAGGCAACACTGTGTA-1,5.5900674,19.410015,s1d1
GAGGCAACATCATCCC-1,15.503818,7.6087627,s1d1
GAGGCAAGTACGATTC-1,7.114472,-2.864114,s1d1
GAGGCAAGTCCACAGC-1,12.667852,3.3946006,s1d1
GAGGCAAGTCTACATG-1,-0.27027893,5.307664,s1d1
GAGGCAAGTCTGTGTA-1,8.998559,-5.4278097,s1d1
GAGGCAAGTGCCCTTT-1,5.4618587,18.453012,s1d1
GAGGCAATCACTCGAA-1,3.0214233,4.526227,s1d1
GAGGCAATCACTTGGA-1,9.154785,1.867652,s1d1
GAGGCCTAGGCTGAAC-1,15.521564,7.4082465,s1d1
GAGGCCTAGTATTCCG-1,9.510405,9.547546,s1d1
GAGGCCTAGTGTCATC-1,10.918589,2.7511175,s1d1
GAGGCCTCACCGTCTT-1,14.062347,8.7971325,s1d1
GAGGCCTCAGAGGCTA-1,-1.2854308,7.5050726,s1d1
GAGGCCTCATAGAAAC-1,7.256507,18.56922,s1d1
GAGGCCTGTACATTGC-1,10.652717,6.1609564,s1d1
GAGGGATAGACTGGGT-1,13.037039,7.6220922,s1d1
GAGGGATAGGTGGTTG-1,2.0720067,4.009992,s1d1
GAGGGATAGTTGAAAC-1,6.802005,11.918456,s1d1
GAGGGATCAAAGCTAA-1,5.1905694,17.901522,s1d1
GAGGGATCAACGTTAC-1,10.339639,8.716219,s1d1
GAGGGATCAAGGGTCA-1,7.417246,-4.2221794,s1d1
GAGGGATGTTCCAGGC-1,-3.7161965,7.800389,s1d1
GAGGGATTCAAGGTGG-1,11.284858,11.834412,s1d1
GAGGGATTCACTTCTA-1,8.267915,-4.693596,s1d1
GAGGGATTCAGCGCAC-1,-4.094533,7.7590528,s1d1
GAGGGATTCTCATTGT-1,10.415837,-5.1098094,s1d1
GAGGGATTCTGGTGCG-1,8.8027725,-5.887721,s1d1
GAGGGTAAGAATTGCA-1,-2.727319,11.544408,s1d1
GAGGGTAAGCGACAGT-1,2.5507627,19.611126,s1d1
GAGGGTACAGCACAGA-1,11.250808,8.459715,s1d1
GAGGGTAGTAGTTCCA-1,-3.8848228,8.260456,s1d1
GAGGGTAGTGTCACAT-1,15.20936,6.0565314,s1d1
GAGGGTAGTTCAGGTT-1,5.9573064,20.612532,s1d1
GAGGGTAGTTGCTCCT-1,8.131582,-5.4012938,s1d1
GAGGGTAGTTTGGGAG-1,10.306636,7.6966033,s1d1
GAGGGTATCGTAACCA-1,7.444732,20.358988,s1d1
GAGTCATAGTGCCAGA-1,3.1678586,20.020395,s1d1
GAGTCATCAAGCCTGC-1,15.09305,9.23367,s1d1
GAGTCATCAGCCTTCT-1,9.0413475,6.709705,s1d1
GAGTCATCATTGTAGC-1,13.301138,7.491958,s1d1
GAGTCATGTAACATAG-1,7.9217086,7.8804674,s1d1
GAGTCATGTTGCGGCT-1,15.018166,8.74519,s1d1
GAGTCATGTTGGCCGT-1,7.8640594,-4.2856445,s1d1
GAGTCATGTTTAGACC-1,3.8516297,18.073166,s1d1
GAGTCATTCCGAAGGA-1,11.228668,13.954612,s1d1
GAGTCATTCGATAACC-1,11.977192,-1.6437613,s1d1
GAGTCATTCTACTATC-1,14.282801,6.9649587,s1d1
GAGTCTAAGCAAGTGC-1,10.925785,10.059676,s1d1
GAGTCTAAGCGCCTTG-1,13.788787,7.5495777,s1d1
GAGTCTAAGGCTCCCA-1,10.257804,7.980025,s1d1
GAGTCTAAGTCACTGT-1,12.554539,5.977525,s1d1
GAGTCTACAATGAGCG-1,-3.3466442,11.720475,s1d1
GAGTCTACAGCCTACG-1,14.318151,6.5205083,s1d1
GAGTCTAGTAGAGGAA-1,9.184082,-3.7093167,s1d1
GAGTCTAGTAGTCTTG-1,9.066136,-5.8322597,s1d1
GAGTCTAGTGTCGCTG-1,3.5817606,20.23617,s1d1
GAGTCTAGTTCAAGTC-1,3.4635477,2.9955256,s1d1
GAGTCTAGTTGCCATA-1,8.35779,-4.2130394,s1d1
GAGTCTATCAGACCCG-1,-3.141886,13.55514,s1d1
GAGTCTATCAGTCATG-1,2.938112,20.551897,s1d1
GAGTCTATCCCGGTAG-1,11.416542,7.527268,s1d1
GAGTGAGAGACCATGG-1,13.072447,7.695168,s1d1
GAGTGAGAGTCGCGAA-1,15.054702,9.770288,s1d1
GAGTGAGCAATCAAGA-1,9.777243,9.3233185,s1d1
GAGTGAGGTAGAGGAA-1,11.96775,-1.6347455,s1d1
GAGTGAGGTAGTGCGA-1,7.5887146,-4.510806,s1d1
GAGTGAGTCCTCAGGG-1,14.846415,7.301068,s1d1
GAGTGTTAGAACGCGT-1,11.219208,7.795389,s1d1
GAGTGTTAGAGGCGGA-1,7.15901,20.767752,s1d1
GAGTGTTAGCAAGTCG-1,11.176487,10.841399,s1d1
GAGTGTTAGCATACTC-1,6.4834533,20.873486,s1d1
GAGTGTTAGCATCGAG-1,5.1146483,18.598326,s1d1
GAGTGTTAGGGTTGCA-1,13.828725,6.109425,s1d1
GAGTGTTCAACAGAGC-1,1.2331549,1.6908246,s1d1
GAGTGTTCAAGCTCTA-1,8.249996,-4.2886677,s1d1
GAGTGTTGTAACACCT-1,12.576999,8.927375,s1d1
GAGTGTTGTGCATGTT-1,10.439883,8.797058,s1d1
GAGTGTTGTGTCCGTG-1,9.356681,9.658139,s1d1
GAGTGTTGTTGCAAGG-1,2.9487023,0.7463877,s1d1
GAGTGTTGTTTGGAAA-1,9.401051,1.3444585,s1d1
GAGTGTTTCCATTTGT-1,7.094303,-3.1280713,s1d1
GAGTGTTTCGGCGATC-1,-4.6842723,5.486137,s1d1
GAGTGTTTCGTGGAAG-1,9.107207,9.260715,s1d1
GAGTTACCAACATACC-1,2.6400092,3.092942,s1d1
GAGTTACCACCGAATT-1,3.327044,20.22152,s1d1
GAGTTACCACCGTCGA-1,14.503309,9.098568,s1d1
GAGTTACCAGGCTATT-1,2.7815912,20.427017,s1d1
GAGTTACCATCGAACT-1,7.64856,11.01842,s1d1
GAGTTACGTCCGATCG-1,9.796745,-1.4946759,s1d1
GAGTTACGTCTCGACG-1,7.182136,20.498312,s1d1
GAGTTACGTGCCCGTA-1,10.550031,7.963568,s1d1
GAGTTACGTGCCGTAC-1,9.643774,-5.6941037,s1d1
GAGTTACGTTTGTTGG-1,12.204156,9.523971,s1d1
GAGTTACTCCTTGGAA-1,13.1702795,3.344796,s1d1
GAGTTGTAGGGAGGCA-1,12.870378,-3.7830718,s1d1
GAGTTGTAGTCAAGCG-1,10.862232,9.605806,s1d1
GAGTTGTCAGATCATC-1,-0.55282533,7.396479,s1d1
GAGTTGTCATCGTTCC-1,7.0642586,-2.4592094,s1d1
GAGTTGTGTTTCCAAG-1,14.804766,7.479302,s1d1
GAGTTGTTCAAATAGG-1,9.564311,9.369873,s1d1
GAGTTGTTCACCTGTC-1,-3.4685936,8.699735,s1d1
GAGTTGTTCATCGTAG-1,9.673343,8.211009,s1d1
GAGTTGTTCTAGAACC-1,10.789693,14.4199505,s1d1
GAGTTGTTCTCAAAGC-1,8.126097,-2.7709587,s1d1
GAGTTGTTCTGCCTCA-1,7.3238344,20.623768,s1d1
GAGTTTGAGGTGCAGT-1,10.512001,7.292791,s1d1
GAGTTTGAGTGCAACG-1,13.562344,3.43932,s1d1
GAGTTTGCACGGGCTT-1,3.7127929,5.163431,s1d1
GAGTTTGGTACGACAG-1,2.7103858,1.77161,s1d1
GAGTTTGGTGAGTAAT-1,12.089851,9.447022,s1d1
GAGTTTGTCTACTATC-1,12.529284,9.143315,s1d1
GAGTTTGTCTGTTGGA-1,13.412615,3.6867747,s1d1
GATAGAAAGAACTTCC-1,3.4168932,5.930899,s1d1
GATAGAAAGTAGTCCT-1,4.189236,4.1325164,s1d1
GATAGAACAAGCCATT-1,11.784282,8.140967,s1d1
GATAGAACAATACCCA-1,-4.017696,10.0401945,s1d1
GATAGAACAGGACTTT-1,5.3380685,17.684824,s1d1
GATAGAACATACGCAT-1,13.424319,4.6976256,s1d1
GATAGAAGTACTGCCG-1,3.5246446,20.739847,s1d1
GATAGAAGTAGACGGT-1,-3.8624923,7.97767,s1d1
GATAGAAGTAGATCGG-1,5.3541346,18.721634,s1d1
GATAGAAGTCCAGCCA-1,14.269305,5.7304416,s1d1
GATAGAAGTCTCTCAC-1,9.975486,0.4003405,s1d1
GATAGAAGTGTAAATG-1,14.761033,6.498689,s1d1
GATAGAAGTTCGTAAC-1,10.780104,8.051397,s1d1
GATAGAATCTGTTGGA-1,3.4290662,20.572464,s1d1
GATAGAATCTTGGGCG-1,1.6101705,1.7913479,s1d1
GATAGCTAGAAGCCTG-1,11.312579,6.8440957,s1d1
GATAGCTAGAATAGTC-1,11.506475,11.110688,s1d1
GATAGCTAGACCCTTA-1,13.30491,3.358951,s1d1
GATAGCTAGACTCGAG-1,2.7581725,16.266699,s1d1
GATAGCTAGCATTTGC-1,10.551649,14.269744,s1d1
GATAGCTCAGCAATTC-1,14.8243685,6.2357917,s1d1
GATAGCTCAGCATTGT-1,11.068602,13.8515625,s1d1
GATAGCTGTGCCCTTT-1,8.894132,8.697496,s1d1
GATAGCTGTGGTATGG-1,7.659357,11.311128,s1d1
GATAGCTGTGTGCCTG-1,0.17800201,5.8597937,s1d1
GATAGCTGTTACGTAC-1,3.3659089,19.988155,s1d1
GATAGCTTCAGGACAG-1,13.401229,3.689452,s1d1
GATAGCTTCGGTATGT-1,15.052941,6.158315,s1d1
GATCACACACAACCGC-1,4.9255695,18.76303,s1d1
GATCACACATAAGCGG-1,11.62933,12.562614,s1d1
GATCACAGTCGACTTA-1,12.464284,0.64458144,s1d1
GATCACAGTCTACGAT-1,11.066641,-4.426859,s1d1
GATCACAGTCTGTCAA-1,6.92573,20.662434,s1d1
GATCACATCATAGAGA-1,3.6732545,4.82312,s1d1
GATCACATCTCAGTCC-1,2.2309077,3.0883482,s1d1
GATCAGTAGACTGAGC-1,3.970199,17.913137,s1d1
GATCAGTAGAGGTTAT-1,9.181363,-5.8220363,s1d1
GATCAGTAGGACGCTA-1,-2.6798048,9.015977,s1d1
GATCAGTAGGTCCCGT-1,11.472566,7.071972,s1d1
GATCAGTCACCTGTCT-1,12.721411,6.9582076,s1d1
GATCAGTGTACTGACT-1,9.98788,-5.616424,s1d1
GATCAGTGTGACTGTT-1,11.436506,1.2577858,s1d1
GATCATGAGGAAAGTG-1,9.44979,9.138251,s1d1
GATCATGAGGTCTACT-1,11.755133,9.489103,s1d1
GATCATGAGTAGGCCA-1,3.723767,18.09948,s1d1
GATCATGAGTGATAAC-1,13.02036,6.6391597,s1d1
GATCATGCAATAGAGT-1,14.148932,7.6229477,s1d1
GATCATGCACGGTAGA-1,6.53284,21.209976,s1d1
GATCATGCAGAAATTG-1,10.569218,7.7279053,s1d1
GATCATGCATGCGTGC-1,0.33827502,6.0367594,s1d1
GATCATGGTCCATAGT-1,15.767863,8.956954,s1d1
GATCATGGTGACTATC-1,-1.1756232,5.669033,s1d1
GATCATGGTGTCTTAG-1,1.7863704,2.0531788,s1d1
GATCATGTCAGCACCG-1,13.774217,8.508892,s1d1
GATCATGTCCATCTGC-1,9.817413,-3.419487,s1d1
GATCCCTAGAGGATCC-1,10.705703,13.705628,s1d1
GATCCCTAGTATGACA-1,11.303184,17.541256,s1d1
GATCCCTCAAGAGTGC-1,9.523339,6.46396,s1d1
GATCCCTCAATGAACA-1,14.664493,6.1007214,s1d1
GATCCCTCAGCGTATT-1,8.486931,-3.7559626,s1d1
GATCCCTCAGGCTTGC-1,7.8354306,-2.7023168,s1d1
GATCCCTGTCGGTAAG-1,10.438597,8.298498,s1d1
GATCCCTTCATGAGGG-1,-3.754193,10.021728,s1d1
GATCCCTTCGGTCGAC-1,10.37953,8.450831,s1d1
GATCCCTTCTATCACT-1,13.996043,8.014292,s1d1
GATCGTAAGGTTCATC-1,12.116752,5.6036,s1d1
GATCGTACAATAGAGT-1,2.7242296,19.597204,s1d1
GATCGTAGTCAGGCAA-1,9.705977,7.8922563,s1d1
GATCGTAGTGCTATTG-1,10.851835,9.194907,s1d1
GATCGTAGTGGTATGG-1,10.351591,-3.3622253,s1d1
GATCGTAGTTGATCGT-1,3.0013716,5.2560897,s1d1
GATCGTAGTTGTAAAG-1,11.529102,0.43098515,s1d1
GATCGTATCAAGGAGC-1,15.317487,9.252901,s1d1
GATCGTATCCCATAAG-1,4.3487997,2.4112425,s1d1
GATCGTATCCTACACC-1,11.831418,9.848646,s1d1
GATGACTAGACCTCCG-1,10.326874,13.781794,s1d1
GATGACTAGCTACAAA-1,10.522558,8.177753,s1d1
GATGACTAGGGCAGGA-1,10.734372,9.030312,s1d1
GATGACTCAGCCTACG-1,7.265139,19.357271,s1d1
GATGACTCATGGGATG-1,10.95179,13.7266245,s1d1
GATGACTGTAGATCCT-1,12.28714,6.7646904,s1d1
GATGACTGTGATACCT-1,12.808229,3.2129996,s1d1
GATGACTGTGGGACAT-1,3.116835,20.510443,s1d1
GATGACTGTTCCTTGC-1,-3.697561,10.771324,s1d1
GATGACTGTTGATGTC-1,8.4071045,7.8463836,s1d1
GATGACTTCATGAGGG-1,12.967945,3.133028,s1d1
GATGACTTCCGCAACG-1,13.246641,5.8217516,s1d1
GATGACTTCGCGGACT-1,11.543152,0.56578255,s1d1
GATGACTTCTACCACC-1,13.143696,4.036185,s1d1
GATGACTTCTGCTTTA-1,3.7876458,17.912552,s1d1
GATGACTTCTGGAGAG-1,4.242901,3.9779017,s1d1
GATGACTTCTTCTGGC-1,13.128027,3.7536647,s1d1
GATGAGGAGAGAATCT-1,-0.91270536,5.326297,s1d1
GATGAGGAGGAAAGAC-1,11.970309,8.559063,s1d1
GATGAGGAGGAGGTTC-1,3.7530832,19.049896,s1d1
GATGAGGCAAGACGGT-1,-0.92416,4.3051353,s1d1
GATGAGGCAGCCCAGT-1,5.658675,18.422825,s1d1
GATGAGGGTATCATGC-1,5.288584,17.693693,s1d1
GATGAGGGTATCGCAT-1,9.505214,1.8869303,s1d1
GATGAGGTCATTGCCC-1,5.4754744,20.630394,s1d1
GATGAGGTCCCTTTGG-1,8.966817,-4.836189,s1d1
GATGAGGTCCTTCACG-1,11.695333,0.8332359,s1d1
GATGAGGTCGGAGTGA-1,15.303729,9.571681,s1d1
GATGAGGTCTATCGGA-1,-3.857128,8.378849,s1d1
GATGAGGTCTTACGTT-1,8.500423,9.403699,s1d1
GATGAGGTCTTCCCGA-1,9.993053,9.479583,s1d1
GATGATCAGAGAGTGA-1,9.2627735,8.658963,s1d1
GATGATCAGATCCGAG-1,12.611321,10.71865,s1d1
GATGATCAGTGGTTCT-1,14.732381,7.935413,s1d1
GATGATCCACAATGCT-1,13.665439,3.7483294,s1d1
GATGATCCATCGCTAA-1,9.331671,1.073012,s1d1
GATGATCGTACAATAG-1,9.732142,-5.6782594,s1d1
GATGATCGTCTCCTGT-1,13.684121,7.439888,s1d1
GATGATCGTTAACCTG-1,-4.2299743,7.591988,s1d1
GATGATCGTTCGAACT-1,5.6084285,19.563807,s1d1
GATGATCTCAACCTTT-1,7.462828,20.246267,s1d1
GATGATCTCCACTTCG-1,4.2358613,19.710611,s1d1
GATGATCTCGCATTAG-1,9.609361,0.29398772,s1d1
GATGCTAAGAGAGCCT-1,7.28533,-3.0966089,s1d1
GATGCTAAGATGCTAA-1,-2.2074053,5.4219613,s1d1
GATGCTAAGCGTTCCG-1,-0.7594849,4.9355206,s1d1
GATGCTAAGCTTGTGT-1,13.485889,3.6580193,s1d1
GATGCTAGTCAGCTTA-1,15.805382,9.157228,s1d1
GATGCTAGTCCAGCAC-1,5.6138644,11.079324,s1d1
GATGCTATCCACTTTA-1,16.149893,7.4366255,s1d1
GATGCTATCCTACGGG-1,-3.7107437,5.286447,s1d1
GATGGAGAGAGATTCA-1,13.964061,6.4199862,s1d1
GATGGAGAGCCTCCAG-1,3.487316,2.0677712,s1d1
GATGGAGAGTAAGACT-1,8.2276,-5.865495,s1d1
GATGGAGCAGGAGGTT-1,4.507484,19.155603,s1d1
GATGGAGCATCAGTCA-1,-0.6565415,3.881443,s1d1
GATGGAGCATGCACTA-1,15.240219,6.3259645,s1d1
GATGGAGCATGGATCT-1,9.4391985,-1.2721479,s1d1
GATGTTGAGAATTTGG-1,3.0701392,18.480457,s1d1
GATGTTGAGGATTTGA-1,10.516474,14.089079,s1d1
GATGTTGAGTGTTGTC-1,8.570406,-5.430162,s1d1
GATGTTGGTAAGTTAG-1,2.9593024,4.496803,s1d1
GATGTTGGTAATCAGA-1,7.2066,12.280608,s1d1
GATGTTGGTCATTCCC-1,11.8799925,-1.691863,s1d1
GATGTTGGTGAGTCAG-1,4.3786283,2.7899003,s1d1
GATGTTGGTGCAGTGA-1,9.779064,-4.9878893,s1d1
GATGTTGGTGTACATC-1,12.047592,9.526252,s1d1
GATGTTGGTGTATTGC-1,9.139025,-3.4515696,s1d1
GATGTTGGTGTTCGAT-1,6.359351,20.11197,s1d1
GATGTTGTCAGCTGTA-1,8.53617,-5.484826,s1d1
GATGTTGTCGGAGTAG-1,3.7831516,16.179405,s1d1
GATTCGAAGAATGTTG-1,10.1318865,17.234882,s1d1
GATTCGAAGCGCCTTG-1,7.6129837,-3.929964,s1d1
GATTCGAAGGTCCCTG-1,-0.5481397,5.625885,s1d1
GATTCGACAGGCCCTA-1,11.656089,1.4869356,s1d1
GATTCGAGTAGTACGG-1,13.663869,7.794862,s1d1
GATTCGAGTCCCTCAT-1,13.765055,8.338074,s1d1
GATTCGAGTGTTGATC-1,11.694609,1.6725153,s1d1
GATTCGATCCACGTCT-1,14.10454,6.518317,s1d1
GATTCTTAGCTACGTT-1,2.7352526,16.346874,s1d1
GATTCTTAGTAATCCC-1,-1.1622524,4.2571006,s1d1
GATTCTTAGTACAGCG-1,9.669769,9.8222475,s1d1
GATTCTTCAATAGGGC-1,6.328615,20.285885,s1d1
GATTCTTCAGACCGCT-1,5.152672,17.002045,s1d1
GATTCTTCAGAGGCTA-1,3.1953583,20.1331,s1d1
GATTCTTCATAGATGA-1,-2.2662039,10.157263,s1d1
GATTCTTGTCAGTCTA-1,10.00168,8.27986,s1d1
GATTCTTGTGGACCTC-1,11.56127,8.984553,s1d1
GATTCTTGTTCTGACA-1,-2.7894754,9.098984,s1d1
GATTCTTTCACCCATC-1,7.621554,2.4802232,s1d1
GATTCTTTCGAGAGAC-1,-0.5811859,5.2933183,s1d1
GATTCTTTCGTTCGCT-1,13.382963,7.0010214,s1d1
GATTGGTAGACCACGA-1,9.11385,9.428006,s1d1
GATTGGTAGTCTTGGT-1,12.505299,-3.7997534,s1d1
GATTGGTCAAGACCTT-1,-0.927371,5.549185,s1d1
GATTGGTCACGGTGTC-1,12.492914,11.233772,s1d1
GATTGGTCATCCGGCA-1,9.374422,-1.5073605,s1d1
GATTGGTCATGCGTGC-1,11.900307,0.20915048,s1d1
GATTGGTCATTGGCAT-1,15.785164,9.776352,s1d1
GATTGGTGTGACCGAA-1,7.257952,2.8779602,s1d1
GATTGGTGTGGCGTAA-1,8.171778,9.329702,s1d1
GATTGGTGTTCCAGGC-1,14.471938,8.587172,s1d1
GATTGGTTCATTCACT-1,15.735691,7.325641,s1d1
GATTGGTTCCGATAGT-1,14.927124,6.1175847,s1d1
GATTGGTTCTATCGGA-1,1.3297318,1.4289001,s1d1
GATTGGTTCTTAGCAG-1,13.419811,8.402658,s1d1
GATTTCTAGGAGCTGT-1,5.566625,18.273325,s1d1
GATTTCTAGGGCGAAG-1,-2.398733,10.992859,s1d1
GATTTCTCACGCGTGT-1,5.630969,17.712988,s1d1
GATTTCTGTCGAGCTC-1,-3.478992,11.779753,s1d1
GATTTCTGTTTACGTG-1,11.812147,8.528863,s1d1
GATTTCTTCCGCTAGG-1,5.291286,17.945166,s1d1
GATTTCTTCCGGCTTT-1,10.084476,9.045861,s1d1
GATTTCTTCGCTGATA-1,7.205652,18.553333,s1d1
GATTTCTTCTGCACCT-1,9.076369,8.226052,s1d1
GCAACATAGCTGAAAT-1,4.8656564,19.105785,s1d1
GCAACATCAGTTTGGT-1,8.957167,7.5422487,s1d1
GCAACATCATACTGAC-1,8.5841875,1.2189007,s1d1
GCAACATCATTAGGCT-1,12.452203,7.436168,s1d1
GCAACATGTACACTCA-1,9.765126,-3.8992815,s1d1
GCAACATGTCCGAAAG-1,3.8720458,17.981575,s1d1
GCAACATGTCTAACGT-1,9.989252,9.723058,s1d1
GCAACATTCACTTGTT-1,14.940533,7.710507,s1d1
GCAACATTCATAGAGA-1,0.13468796,3.7458239,s1d1
GCAACATTCATTACTC-1,10.548513,14.68425,s1d1
GCAACATTCATTTGGG-1,15.108026,5.7022157,s1d1
GCAACATTCCGTAGGC-1,12.920849,7.5579066,s1d1
GCAACCGAGAACTTCC-1,12.411386,7.1854825,s1d1
GCAACCGAGAGCATAT-1,9.164308,8.218544,s1d1
GCAACCGAGGGACCAT-1,14.997832,8.379198,s1d1
GCAACCGGTACAGAGC-1,3.2099648,19.362455,s1d1
GCAACCGGTCAACACT-1,3.2597346,20.373005,s1d1
GCAACCGGTGATCGTT-1,13.471622,3.6665308,s1d1
GCAACCGGTGCAACGA-1,8.764864,13.439739,s1d1
GCAACCGTCTATTTCG-1,15.521306,7.2117352,s1d1
GCAACCGTCTCGCTCA-1,-5.445864,9.728351,s1d1
GCACATAAGATGAACT-1,9.041852,-3.2252893,s1d1
GCACATAAGCGAATGC-1,6.2775903,20.653471,s1d1
GCACATAAGCGTCAGA-1,7.6266274,-4.8600755,s1d1
GCACATAAGCTACAAA-1,5.7979984,20.388666,s1d1
GCACATAAGTCAACAA-1,12.007656,9.79904,s1d1
GCACATAGTGGTCCGT-1,-2.4499903,11.274802,s1d1
GCACATAGTTCCATTT-1,8.044406,-4.762433,s1d1
GCACATAGTTTGGAAA-1,-2.151424,7.4292235,s1d1
GCACATATCACAAGAA-1,4.601373,16.058144,s1d1
GCACATATCTCAAAGC-1,8.828893,-5.0188107,s1d1
GCACGGTAGACCAACG-1,7.2409673,-2.1717703,s1d1
GCACGGTAGCGACTGA-1,13.262501,7.233892,s1d1
GCACGGTAGCGTCGAA-1,13.240305,4.364197,s1d1
GCACGGTAGTGTACAA-1,11.890973,12.514563,s1d1
GCACGGTCAGCTCGGT-1,2.8432515,17.492025,s1d1
GCACGGTCATCCTATT-1,10.382022,8.718286,s1d1
GCACGGTGTATCTCTT-1,1.5092162,2.5457811,s1d1
GCACGGTGTCGCATCG-1,-3.533687,5.2165956,s1d1
GCACGGTTCCTAGCTC-1,9.3620205,6.6270323,s1d1
GCACGGTTCGCTGTTC-1,10.568333,6.19227,s1d1
GCACGTGAGATTAGTG-1,9.696488,-2.949887,s1d1
GCACGTGAGTAGGTTA-1,11.387137,12.748627,s1d1
GCACGTGGTCATAAAG-1,13.51071,5.5699453,s1d1
GCACGTGGTCGAACAG-1,5.17117,17.64118,s1d1
GCACGTGGTGAAGCGT-1,3.236685,20.819687,s1d1
GCACGTGTCCCTCTAG-1,7.0100174,19.897638,s1d1
GCACGTGTCGCCAGAC-1,9.467623,-5.6389737,s1d1
GCACGTGTCTTCCTAA-1,9.944278,-5.5169826,s1d1
GCACTAAAGCCATTGT-1,12.230706,9.2392845,s1d1
GCACTAAAGGCCTGAA-1,3.032576,-0.045020737,s1d1
GCACTAACAATTGCTG-1,4.0967836,16.096989,s1d1
GCACTAACACGGTGAA-1,-3.6994238,9.587125,s1d1
GCACTAACACTGGATT-1,10.313832,8.981865,s1d1
GCACTAACATCGAGCC-1,10.3677635,6.9040093,s1d1
GCACTAAGTAGGACCA-1,11.323735,10.43036,s1d1
GCACTAAGTGCCGTAC-1,3.307748,19.274721,s1d1
GCAGCCACAAGTTCGT-1,5.0123534,18.25808,s1d1
GCAGCCACACTGCGAC-1,11.832533,1.2547352,s1d1
GCAGCCACATATCTCT-1,-3.8353307,8.759685,s1d1
GCAGCCAGTAGCTTGT-1,5.34471,20.521303,s1d1
GCAGCCAGTATCGTTG-1,11.63145,9.293221,s1d1
GCAGCCAGTGGTCTGC-1,-0.92578924,4.8170567,s1d1
GCAGCCATCAAGGTGG-1,-3.4042666,10.7438545,s1d1
GCAGCCATCCTGGTCT-1,3.0270097,-0.10377587,s1d1
GCAGCCATCGATCCCT-1,4.102318,20.496357,s1d1
GCAGCCATCTTTGCTA-1,12.567273,12.247037,s1d1
GCAGCTGAGACCATGG-1,3.926201,20.64518,s1d1
GCAGCTGAGTCTAGAA-1,14.939936,7.3628707,s1d1
GCAGCTGCAGACTCTA-1,11.87368,0.7862399,s1d1
GCAGCTGCATGAGAAT-1,2.5196836,15.982203,s1d1
GCAGCTGGTCGCTTGG-1,6.9809437,-2.2198858,s1d1
GCAGCTGGTTGCTAGT-1,11.454092,8.535522,s1d1
GCAGCTGTCTCCGAGG-1,10.240536,-3.6151645,s1d1
GCAGGCTAGAGCACTG-1,11.955587,7.41544,s1d1
GCAGGCTAGCAACAGC-1,16.038603,9.209286,s1d1
GCAGGCTAGCGTGTCC-1,14.072868,4.17601,s1d1
GCAGGCTAGGCTGGAT-1,10.020134,8.163651,s1d1
GCAGGCTCAAGTGGCA-1,8.748039,2.7688653,s1d1
GCAGGCTCACAATGCT-1,2.871039,18.108368,s1d1
GCAGGCTCAGCCATTA-1,10.790608,2.4633021,s1d1
GCAGGCTGTACATTGC-1,-2.504004,10.457359,s1d1
GCAGGCTGTAGCTTTG-1,3.6076422,20.02693,s1d1
GCAGGCTGTCATCGGC-1,10.377593,13.114411,s1d1
GCAGGCTGTTAAACCC-1,7.0655003,20.590893,s1d1
GCAGTTAAGCATTTCG-1,15.5725,8.900684,s1d1
GCAGTTAAGGAAAGGT-1,9.207552,13.187508,s1d1
GCAGTTAAGGGTATAT-1,9.065816,-3.5411582,s1d1
GCAGTTACAATTGCTG-1,14.821712,8.788692,s1d1
GCAGTTACAGATCCAT-1,-1.539053,5.515366,s1d1
GCAGTTACAGCACACC-1,11.445658,8.773101,s1d1
GCAGTTAGTTTCGATG-1,3.408975,4.78203,s1d1
GCAGTTATCAAGCCAT-1,15.685217,8.345667,s1d1
GCAGTTATCATGCATG-1,10.540268,8.10603,s1d1
GCAGTTATCCCGATCT-1,12.233091,-3.8037405,s1d1
GCATCGGAGACTCTAC-1,5.5297923,20.54575,s1d1
GCATCGGAGCCTATCA-1,-3.829198,7.3431454,s1d1
GCATCGGAGTGCCTCG-1,12.534317,0.80905575,s1d1
GCATCGGCAGATACTC-1,11.253037,12.531162,s1d1
GCATCGGCATGAAAGT-1,-1.2434707,7.2544656,s1d1
GCATCGGCATGGTACT-1,11.166373,-0.5405856,s1d1
GCATCGGGTAATGTGA-1,6.328257,20.504955,s1d1
GCATCGGGTATGCGGA-1,4.2558045,20.598948,s1d1
GCATCGGGTGAGCCAA-1,11.085016,9.163313,s1d1
GCATCGGGTGCTCTTC-1,-0.8369975,5.448372,s1d1
GCATCGGGTTCGGCGT-1,12.336829,9.380108,s1d1
GCATCGGTCACGACTA-1,14.304177,6.664696,s1d1
GCATCGGTCAGTGATC-1,-1.9521674,7.444621,s1d1
GCATCGGTCCAGCACG-1,8.773382,8.294717,s1d1
GCATCGGTCCTCAGGG-1,15.172845,6.8735967,s1d1
GCATCGGTCGTCGCTT-1,14.696592,6.196393,s1d1
GCATCTCAGAAGATCT-1,-4.61389,8.903901,s1d1
GCATCTCAGACGGTCA-1,6.8781805,17.340757,s1d1
GCATCTCAGCGACATG-1,9.93872,7.4880433,s1d1
GCATCTCAGGACATCG-1,14.090593,4.3970103,s1d1
GCATCTCAGGAGAATG-1,12.736861,7.8767195,s1d1
GCATCTCAGTAGGTTA-1,15.688015,9.207641,s1d1
GCATCTCAGTCGCCAC-1,4.270665,3.970611,s1d1
GCATCTCAGTTATGGA-1,9.705262,-2.5146272,s1d1
GCATCTCCACATCATG-1,13.1103735,7.1891937,s1d1
GCATCTCCATCCAATG-1,8.390868,-5.7648816,s1d1
GCATCTCGTCATCCCT-1,2.6742022,3.9217675,s1d1
GCATCTCTCCGCAGTG-1,12.510713,-3.1903636,s1d1
GCATCTCTCGCTGTTC-1,12.309043,0.59744024,s1d1
GCATCTCTCTCAATCT-1,5.384967,18.730625,s1d1
GCATGATAGAGTCACG-1,11.939988,9.293605,s1d1
GCATGATAGCGTGAAC-1,3.696348,19.538311,s1d1
GCATGATAGGCCATAG-1,11.895514,6.2490997,s1d1
GCATGATAGTCGTTAC-1,-4.0761538,7.621024,s1d1
GCATGATCAGACCTGC-1,4.1133027,20.20949,s1d1
GCATGATGTCTCCCTA-1,1.8496485,1.5425277,s1d1
GCATGATTCTTACGTT-1,2.7453377,19.751003,s1d1
GCATTAGAGGTGATAT-1,8.095818,-3.9713023,s1d1
GCATTAGAGGTTATAG-1,2.1253822,4.2878175,s1d1
GCATTAGAGGTTCCGC-1,-4.318992,11.066086,s1d1
GCATTAGCAGGCATGA-1,12.581762,7.1191945,s1d1
GCATTAGCATAAGCGG-1,2.2408974,20.180412,s1d1
GCATTAGGTAGACTGG-1,12.132511,0.89225966,s1d1
GCATTAGGTCCATCTC-1,12.6375,7.44057,s1d1
GCATTAGGTGAGTCAG-1,10.988693,12.967848,s1d1
GCATTAGGTTGGTAGG-1,8.745347,9.034588,s1d1
GCATTAGTCAGAGCGA-1,9.272332,6.8656716,s1d1
GCATTAGTCATCCCGT-1,12.561423,0.7534702,s1d1
GCCAACGAGATTAGCA-1,15.212891,9.100143,s1d1
GCCAACGAGGAAGTGA-1,11.855881,10.121157,s1d1
GCCAACGAGTGAGTGC-1,-4.5191913,6.57512,s1d1
GCCAACGCATTCCTCG-1,12.403337,6.2455726,s1d1
GCCAACGTCAACTGAC-1,15.0174,9.85421,s1d1
GCCAGCAAGCCTCTGG-1,13.884732,6.3295207,s1d1
GCCAGCAAGCGTCAAG-1,12.391877,6.057526,s1d1
GCCAGCAAGTCTGCGC-1,9.946519,9.491346,s1d1
GCCAGCACAATAGGAT-1,5.748218,20.344645,s1d1
GCCAGCACAGATACCT-1,8.884269,6.1357317,s1d1
GCCAGCACAGGAACCA-1,-0.47529075,7.2309422,s1d1
GCCAGCACATAGGTTC-1,2.4255002,2.5165324,s1d1
GCCAGCAGTCATCCGG-1,7.022506,18.77754,s1d1
GCCAGCAGTCCGGTGT-1,3.2473843,3.5784662,s1d1
GCCAGCAGTTGTCAGT-1,10.3377285,8.787881,s1d1
GCCAGGTAGGTGATAT-1,-4.4803896,7.0003743,s1d1
GCCAGGTCACGGGTAA-1,5.9037747,20.76839,s1d1
GCCAGGTCACTGCGTG-1,8.986236,8.419998,s1d1
GCCAGGTGTCCGTACG-1,-1.1844352,4.5648346,s1d1
GCCAGGTGTTCCACGG-1,7.1296234,17.441149,s1d1
GCCAGGTTCCGCGATG-1,8.170531,-5.5856657,s1d1
GCCAGTGAGACAGCTG-1,11.940736,1.3744346,s1d1
GCCAGTGAGGTTGACG-1,10.795202,-1.7925352,s1d1
GCCAGTGCAAGGCAAC-1,12.046423,5.4313393,s1d1
GCCAGTGGTATGCAAA-1,11.111036,9.023705,s1d1
GCCAGTGTCCTCGCAT-1,9.173455,6.5418158,s1d1
GCCATGGAGCATGTTC-1,-4.301438,10.274343,s1d1
GCCATGGAGGGAGGTG-1,12.433492,1.173112,s1d1
GCCATGGAGTTGGCTT-1,9.308323,-3.467359,s1d1
GCCATGGCACACCTTC-1,10.76982,7.4089546,s1d1
GCCATGGGTCAGTCTA-1,12.161979,-3.6948338,s1d1
GCCATGGGTTCCGCGA-1,6.5998116,20.297144,s1d1
GCCATGGGTTGAGGAC-1,8.43615,7.382031,s1d1
GCCATGGTCAGCGTCG-1,-1.3643848,4.085068,s1d1
GCCATGGTCCCTTGGT-1,-0.88240665,4.339371,s1d1
GCCATGGTCCTGGCTT-1,-0.8644305,5.0243096,s1d1
GCCATGGTCGTACACA-1,7.0115633,20.143845,s1d1
GCCATGGTCTAGCCAA-1,11.291001,12.624572,s1d1
GCCATGGTCTCCGAGG-1,7.511098,-3.2401643,s1d1
GCCATTCCACTAACGT-1,8.760424,-5.5389757,s1d1
GCCATTCCAGTGGGTA-1,14.715948,7.9610734,s1d1
GCCATTCGTAACACGG-1,8.208282,13.360111,s1d1
GCCATTCGTCACTTCC-1,11.874065,8.637308,s1d1
GCCATTCGTTCAGCGC-1,14.909786,7.2430534,s1d1
GCCATTCTCTTGGTCC-1,15.873648,7.2569156,s1d1
GCCCAGAAGATGCGAC-1,4.333486,20.317019,s1d1
GCCCAGAAGGGTGAAA-1,11.557032,5.592849,s1d1
GCCCAGAAGTTTCTTC-1,12.757059,5.2610683,s1d1
GCCCAGACAGCATTGT-1,12.977768,6.4058976,s1d1
GCCCAGACATCACAGT-1,-4.240252,9.290473,s1d1
GCCCAGAGTCTCACGG-1,8.178095,-5.309827,s1d1
GCCCAGATCCTCATAT-1,11.578869,0.5451972,s1d1
GCCCAGATCGAGTCCG-1,8.260431,-3.6588464,s1d1
GCCCAGATCGTGTGAT-1,11.9638405,9.286627,s1d1
GCCCGAAAGAGGGTGG-1,-1.3652835,5.5408945,s1d1
GCCCGAAAGATGCAGC-1,5.7963343,18.581171,s1d1
GCCCGAACAACCTATG-1,-4.6049743,5.654129,s1d1
GCCCGAAGTACCTTCC-1,10.6622095,8.924629,s1d1
GCCCGAAGTATGGAGC-1,10.768053,7.593183,s1d1
GCCCGAAGTCCGGTCA-1,6.960868,-2.621151,s1d1
GCCCGAAGTGAGACGT-1,9.126409,13.384701,s1d1
GCCCGAAGTGGCTAGA-1,8.267802,-3.722792,s1d1
GCCCGAAGTGTACAGG-1,10.314456,8.099871,s1d1
GCCCGAATCAAGCCTA-1,6.588763,11.910484,s1d1
GCCCGAATCAGACCGC-1,5.630581,11.154682,s1d1
GCCCGAATCCAGTGCG-1,3.1987846,4.6600294,s1d1
GCCCGAATCGGACTGC-1,9.79753,8.60184,s1d1
GCCCGAATCTCCTGTG-1,-3.1728933,12.414965,s1d1
GCCGATGCAGCAGTCC-1,-3.3863952,10.0058155,s1d1
GCCGATGCAGTGCCTG-1,10.637246,-4.028606,s1d1
GCCGATGCATTCTCCG-1,7.250418,-3.9718916,s1d1
GCCGATGGTCACGCTG-1,15.792707,7.453501,s1d1
GCCGATGGTCAGCTTA-1,8.594282,2.5921988,s1d1
GCCGATGGTTGCTCAA-1,12.660915,5.5156975,s1d1
GCCGATGTCAATCCGA-1,12.209682,-1.4431474,s1d1
GCCGATGTCATGGAGG-1,7.6560555,11.775432,s1d1
GCCGATGTCCGATCGG-1,6.6847267,11.611907,s1d1
GCCGATGTCCGCAGTG-1,11.247823,8.638971,s1d1
GCCGATGTCGTGAGAG-1,11.488311,0.19571361,s1d1
GCCGATGTCGTGTGGC-1,5.296706,17.981531,s1d1
GCCGTGAAGCCTCAAT-1,7.985373,-5.818487,s1d1
GCCGTGAAGTCAGAGC-1,8.213916,9.007272,s1d1
GCCGTGACAACGACTT-1,11.2324,-0.24106936,s1d1
GCCGTGACAGATACTC-1,9.585399,6.6814013,s1d1
GCCGTGACAGCGAACA-1,12.331421,2.0038126,s1d1
GCCGTGAGTTATGACC-1,2.2705243,4.3227525,s1d1
GCCGTGATCGTCTACC-1,11.98477,9.268263,s1d1
GCCTGTTAGCTCCACG-1,13.6660795,6.9556026,s1d1
GCCTGTTCAACAACAA-1,-0.18209018,5.000689,s1d1
GCCTGTTGTATGCGTT-1,9.785639,-5.584156,s1d1
GCCTGTTGTCAGTCGC-1,9.266314,9.465603,s1d1
GCCTGTTGTTGCAACT-1,15.74776,9.8531685,s1d1
GCGAGAAAGGGTGAAA-1,16.4072,7.8857327,s1d1
GCGAGAAAGGTCATCT-1,13.796453,4.837404,s1d1
GCGAGAACAGAGTCTT-1,8.846599,8.934226,s1d1
GCGAGAACAGCGGATA-1,9.100086,-5.221204,s1d1
GCGAGAAGTCCGATCG-1,6.2226086,11.788144,s1d1
GCGAGAATCACCATGA-1,9.934339,8.900771,s1d1
GCGAGAATCATGCGGC-1,6.606185,20.69354,s1d1
GCGAGAATCGGACTTA-1,12.170486,-1.4509919,s1d1
GCGATCGAGCACGGAT-1,-4.0107656,8.90287,s1d1
GCGATCGAGTAATTGG-1,7.702299,-2.950993,s1d1
GCGATCGCAAGTGGGT-1,15.971304,8.224108,s1d1
GCGATCGCACAGTGTT-1,8.015837,-3.5209944,s1d1
GCGATCGCAGACGGAT-1,-4.58221,6.6876836,s1d1
GCGATCGCAGGACATG-1,10.533421,14.175244,s1d1
GCGATCGTCACGATCA-1,7.3267684,11.590541,s1d1
GCGGAAAAGGCCACCT-1,14.897676,6.8443813,s1d1
GCGGAAAAGGGTCAAC-1,3.2892451,5.279792,s1d1
GCGGAAACACGGTGTC-1,12.532692,0.86875707,s1d1
GCGGAAACAGCGTACC-1,11.75862,11.449363,s1d1
GCGGAAACATGGCACC-1,15.496032,8.508272,s1d1
GCGGAAAGTTCAAAGA-1,9.425608,7.73135,s1d1
GCGGAAATCCTCTCTT-1,13.597759,3.4907455,s1d1
GCGGAAATCTCACTCG-1,15.1722145,6.547737,s1d1
GCGGATCAGATCACTC-1,8.312117,-4.635055,s1d1
GCGGATCAGGTGCATG-1,14.5238495,6.8281984,s1d1
GCGGATCAGTCGTTAC-1,12.216341,2.2981095,s1d1
GCGGATCCAAGCGGAT-1,9.854047,7.405131,s1d1
GCGGATCCATGCCGAC-1,7.1301026,17.438896,s1d1
GCGGATCCATTAAAGG-1,-4.3397627,7.958515,s1d1
GCGGATCGTCCATACA-1,6.00185,10.834082,s1d1
GCGGATCGTGATAGAT-1,3.0513775,5.504921,s1d1
GCGGATCGTGGACCTC-1,6.4926434,11.785545,s1d1
GCGTGCAAGAGCCCAA-1,7.8129,1.6087902,s1d1
GCGTGCAAGCCGGAAT-1,-4.1785445,9.48932,s1d1
GCGTGCAAGGAATGTT-1,8.957522,1.3079356,s1d1
GCGTGCAAGGCCCACT-1,-4.3308177,9.091477,s1d1
GCGTGCAAGTCGAGGT-1,14.472231,6.9501543,s1d1
GCGTGCACAGGTTCCG-1,14.304579,9.229189,s1d1
GCGTGCAGTCATACCA-1,9.297424,-5.5808263,s1d1
GCGTGCAGTCTCCCTA-1,3.742089,20.335835,s1d1
GCGTGCATCGACACCG-1,5.1353645,17.754768,s1d1
GCGTGCATCTGGGCAC-1,1.3940688,3.0603716,s1d1
GCGTTTCAGAATAGTC-1,13.139994,4.8869743,s1d1
GCGTTTCAGGTAAGAG-1,13.034013,4.312935,s1d1
GCGTTTCAGTCACGCC-1,-3.7015526,10.785739,s1d1
GCGTTTCAGTTAGTAG-1,6.4261637,20.400517,s1d1
GCGTTTCCAAGCGAAC-1,-4.570982,8.856339,s1d1
GCGTTTCCACGCTGCA-1,8.80144,-3.2748544,s1d1
GCTACAAAGACGAAGA-1,3.7352812,20.520233,s1d1
GCTACAAAGAGTGTTA-1,8.1070795,8.867762,s1d1
GCTACAAAGCAGTACG-1,8.198717,7.7704625,s1d1
GCTACAACAAGGTCGA-1,10.189011,7.747493,s1d1
GCTACAACACATGAAA-1,13.741028,7.1914306,s1d1
GCTACAACAGACCATT-1,13.784342,5.8162704,s1d1
GCTACAACATAGGTAA-1,10.71277,-3.516003,s1d1
GCTACAAGTCGATTTG-1,-3.3995688,9.707479,s1d1
GCTACAAGTGAGGCAT-1,3.7254415,20.353062,s1d1
GCTACAAGTGCGACAA-1,15.650949,9.452989,s1d1
GCTACAAGTTCTAACG-1,10.615214,8.04516,s1d1
GCTACCTAGCTGACAG-1,-1.1423872,5.5467033,s1d1
GCTACCTAGTGCACCC-1,4.809753,19.85286,s1d1
GCTACCTCAAAGCTAA-1,-0.19451234,4.053964,s1d1
GCTACCTCAAGTGACG-1,10.577994,12.553103,s1d1
GCTACCTCATCGCCTT-1,8.658714,-4.7687874,s1d1
GCTACCTGTACTTCCC-1,14.190086,5.92306,s1d1
GCTACCTGTAGGAAAG-1,12.168604,7.645581,s1d1
GCTACCTGTCATAAAG-1,14.071474,9.916001,s1d1
GCTACCTTCCAAGCTA-1,13.210533,6.518099,s1d1
GCTACCTTCCATTGGA-1,8.873319,1.5551934,s1d1
GCTACCTTCCCGGTAG-1,9.495292,9.643932,s1d1
GCTACCTTCGTGGCGT-1,7.378729,20.047777,s1d1
GCTCAAAAGATTAGTG-1,10.852386,9.26272,s1d1
GCTCAAAAGGGCAATC-1,10.594926,9.104664,s1d1
GCTCAAACAGGCAATG-1,10.16634,10.444976,s1d1
GCTCAAAGTACGATTC-1,3.0142887,18.41237,s1d1
GCTCAAAGTGAATAAC-1,6.344967,19.528973,s1d1
GCTCAAAGTGCAATAA-1,13.820482,3.6911619,s1d1
GCTGAATAGCTTCTAG-1,9.924106,7.185428,s1d1
GCTGAATCAAGATCCT-1,3.7274911,16.135483,s1d1
GCTGAATCACCCTTAC-1,-0.9154015,4.117435,s1d1
GCTGAATCATACTTTC-1,8.175316,-4.4930525,s1d1
GCTGAATCATGTTTGG-1,-3.367824,10.129774,s1d1
GCTGAATGTATTCTCT-1,15.257758,6.666256,s1d1
GCTGAATGTATTTCCT-1,15.430248,7.3957295,s1d1
GCTGAATGTCACTCAA-1,12.725297,7.6355715,s1d1
GCTGAATGTCTTTCTA-1,-3.9154124,7.485174,s1d1
GCTGAATTCCATTTAC-1,-0.68712,5.4695683,s1d1
GCTGAATTCCTTATCA-1,12.940134,3.821243,s1d1
GCTGCAGAGAAGTCCG-1,3.9291263,20.280203,s1d1
GCTGCAGAGTGCGCTC-1,8.374272,-1.1161959,s1d1
GCTGCAGCATGTGGCC-1,11.772169,18.055628,s1d1
GCTGCAGGTACCACGC-1,-0.5985794,4.226446,s1d1
GCTGCAGGTCACCTTC-1,14.194319,8.157119,s1d1
GCTGCAGGTCTAGGTT-1,11.607623,0.8061343,s1d1
GCTGCAGGTGGACTAG-1,11.383722,9.070278,s1d1
GCTGCAGGTTCTCCTG-1,3.3958304,20.866402,s1d1
GCTGGGTAGGCATGCA-1,-0.31404656,7.2385945,s1d1
GCTGGGTCAGTTACCA-1,13.967719,6.0122547,s1d1
GCTGGGTGTGCAGTGA-1,4.7578335,18.885672,s1d1
GCTGGGTTCACGAACT-1,2.958294,2.5594072,s1d1
GCTGGGTTCTAACACG-1,12.902783,5.5302324,s1d1
GCTTCACAGATGCTGG-1,7.5287366,-1.9068563,s1d1
GCTTCACAGCGTGAGT-1,12.639305,6.8068643,s1d1
GCTTCACAGCTCGCAC-1,10.36638,8.586204,s1d1
GCTTCACAGTATGGAT-1,11.375092,11.190566,s1d1
GCTTCACGTGAGTTGG-1,12.312076,6.6453815,s1d1
GCTTCACGTGTATCCA-1,10.692314,7.545654,s1d1
GCTTCACGTGTCCTAA-1,3.1491427,5.5165052,s1d1
GCTTCACTCAGCGCAC-1,-1.3535072,8.003355,s1d1
GCTTCACTCGTAGTGT-1,12.836175,4.1379395,s1d1
GCTTCACTCTGACAGT-1,14.417042,7.478638,s1d1
GCTTCACTCTTACCAT-1,-3.8404949,9.022401,s1d1
GCTTGGGAGAAACCAT-1,6.2709365,20.950418,s1d1
GCTTGGGAGAAGCCAC-1,9.114107,2.4853497,s1d1
GCTTGGGAGACGCCCT-1,9.855712,-5.6908703,s1d1
GCTTGGGAGGGAGAAT-1,11.846526,1.3987752,s1d1
GCTTGGGAGTTCTCTT-1,15.303322,6.707214,s1d1
GCTTGGGCAAGTACCT-1,14.070925,4.2476726,s1d1
GCTTGGGCACGGTCTG-1,15.268511,9.564372,s1d1
GCTTGGGCATAGCACT-1,15.734152,9.621156,s1d1
GCTTGGGGTGCCAAGA-1,12.07935,-1.6726784,s1d1
GCTTGGGTCAGCGCAC-1,9.382628,9.505249,s1d1
GCTTGGGTCGTCCTTG-1,3.4333458,20.571516,s1d1
GCTTGGGTCTGCATAG-1,13.993732,7.152863,s1d1
GCTTTCGAGACTCTTG-1,11.582678,13.35369,s1d1
GCTTTCGCAAGACCTT-1,13.174728,7.0589323,s1d1
GCTTTCGCAGCTGAGA-1,8.390953,-5.5488625,s1d1
GCTTTCGCATCATCTT-1,-0.96821845,4.586463,s1d1
GCTTTCGGTAGCTCGC-1,15.010508,7.6579823,s1d1
GCTTTCGGTCACTCTC-1,9.283722,-5.529717,s1d1
GCTTTCGTCGTCGGGT-1,14.742595,6.2082624,s1d1
GCTTTCGTCTACGGGC-1,13.897127,4.4248943,s1d1
GGAACCCAGCACCGTC-1,9.660563,1.9793333,s1d1
GGAACCCCAAGGGCAT-1,1.4804801,3.3678384,s1d1
GGAACCCCAGGTAGTG-1,12.631854,0.64111257,s1d1
GGAACCCGTAGGTAGC-1,11.44683,2.0761995,s1d1
GGAACCCTCTCTTCAA-1,15.552464,6.7347927,s1d1
GGAACCCTCTGTAACG-1,-2.5738292,10.933745,s1d1
GGAAGTGAGAGTCAAT-1,9.493452,17.344267,s1d1
GGAAGTGAGGAAGTGA-1,8.207489,-2.0380826,s1d1
GGAAGTGAGGATTTGA-1,3.8877215,18.402496,s1d1
GGAAGTGAGGCAGGGA-1,11.620337,12.49035,s1d1
GGAAGTGAGTAACCGG-1,9.645179,-5.158218,s1d1
GGAAGTGCAGCGCTTG-1,-0.6927168,4.2119684,s1d1
GGAAGTGCATGGATCT-1,-4.5679054,8.13448,s1d1
GGAAGTGGTCATTCCC-1,12.138366,10.652084,s1d1
GGAAGTGTCAAGCTTG-1,6.9021635,19.96866,s1d1
GGAAGTGTCGGATAAA-1,12.549795,8.090518,s1d1
GGAAGTGTCGGCTGGT-1,12.595304,3.4482758,s1d1
GGAATCTAGATTGCGG-1,12.260878,-3.8413239,s1d1
GGAATCTCACCAACAT-1,-0.3912604,5.009036,s1d1
GGAATCTGTATCGAGG-1,9.058268,7.174781,s1d1
GGAATCTGTCCGGTGT-1,14.480844,6.162688,s1d1
GGAATCTTCTATGCCC-1,8.962964,6.689307,s1d1
GGAATGGAGCGTGTTT-1,8.555148,0.25709954,s1d1
GGAATGGAGGACTGGT-1,7.2594795,2.9101174,s1d1
GGAATGGTCATTGTTC-1,5.81934,18.775421,s1d1
GGACGTCAGCGGGTAT-1,13.854259,6.591394,s1d1
GGACGTCAGGTTGCCC-1,10.310662,7.777259,s1d1
GGACGTCCAACACAGG-1,-4.553182,5.604308,s1d1
GGACGTCGTGCCGGTT-1,8.625988,-5.3868885,s1d1
GGACGTCGTTTCGTTT-1,5.6528287,17.36879,s1d1
GGACGTCTCCCATAAG-1,2.3107061,4.1146526,s1d1
GGACGTCTCGCACTCT-1,-3.7422242,7.643166,s1d1
GGACGTCTCGGTAACT-1,3.4626122,19.923828,s1d1
GGACGTCTCTGCGGGT-1,11.861451,-3.9879994,s1d1
GGACGTCTCTTACGGA-1,11.656234,13.605781,s1d1
GGAGAACAGCTGCGAA-1,11.578367,2.500446,s1d1
GGAGAACAGTTTGTCG-1,11.891221,6.681695,s1d1
GGAGAACCAAGTGCTT-1,3.901168,17.977987,s1d1
GGAGAACCACACAGCC-1,3.3637602,3.4629264,s1d1
GGAGAACCACCACTGG-1,-3.5637224,10.247683,s1d1
GGAGAACCAGCTACAT-1,13.087994,5.438165,s1d1
GGAGAACCAGGTGTTT-1,-2.8887355,10.926069,s1d1
GGAGAACGTAAGGCTG-1,10.115164,9.3284645,s1d1
GGAGAACGTACTGACT-1,13.121633,3.7260563,s1d1
GGAGAACTCTCTCAAT-1,6.43374,11.718936,s1d1
GGAGATGAGAAGTATC-1,11.608969,-0.057935577,s1d1
GGAGATGAGGGCAGGA-1,9.606763,8.454929,s1d1
GGAGATGCAACAAGAT-1,9.519894,1.4465802,s1d1
GGAGATGCACATGAAA-1,14.489916,6.9082108,s1d1
GGAGATGGTAATACCC-1,11.937042,-1.495346,s1d1
GGAGATGGTACGATCT-1,12.451283,7.8513684,s1d1
GGAGATGGTTGGTACT-1,-2.1545162,9.77482,s1d1
GGAGATGTCGGCACTG-1,10.493655,8.959402,s1d1
GGAGCAAAGACCATGG-1,3.1090624,20.35353,s1d1
GGAGCAAAGTCGCCCA-1,10.288049,-2.9406953,s1d1
GGAGCAACAGCTCATA-1,10.89771,13.278607,s1d1
GGAGCAAGTCCTCCTA-1,13.830449,8.579302,s1d1
GGAGCAAGTTCTCAGA-1,12.101326,2.6028144,s1d1
GGAGCAATCATGAAAG-1,9.415175,9.060784,s1d1
GGAGCAATCTATGTGG-1,8.921958,-3.3760316,s1d1
GGAGGATAGCTGTTCA-1,15.40258,8.208489,s1d1
GGAGGATAGGCCTGCT-1,5.6747785,18.026241,s1d1
GGAGGATCAGTTGTCA-1,11.080694,8.685796,s1d1
GGAGGATGTGAGAACC-1,8.6565075,8.774463,s1d1
GGAGGATTCATCGCAA-1,7.5534735,-2.799948,s1d1
GGAGGATTCATGCCGG-1,9.525498,9.102419,s1d1
GGAGGATTCGAGAACG-1,13.1407385,5.955063,s1d1
GGAGGATTCGTCGATA-1,-3.5269969,10.214348,s1d1
GGAGGTAAGTCAGCGA-1,-0.2695098,3.8836474,s1d1
GGAGGTAAGTTTGGCT-1,14.090275,6.5897017,s1d1
GGAGGTACAGAGTTGG-1,13.45613,5.1893506,s1d1
GGAGGTACAGCTACCG-1,13.325194,7.7795362,s1d1
GGAGGTACATGGAAGC-1,3.690721,21.022768,s1d1
GGAGGTAGTCGACTTA-1,13.317071,5.9835534,s1d1
GGAGGTAGTGATAGTA-1,14.913935,6.784381,s1d1
GGAGGTAGTGGAACCA-1,9.173762,8.49667,s1d1
GGAGGTAGTTTCCAAG-1,13.856202,5.7614403,s1d1
GGAGGTATCTCAGTCC-1,7.1500173,-3.8186836,s1d1
GGATCTAAGGTGCAGT-1,10.00617,9.620478,s1d1
GGATCTACAAAGACGC-1,0.5712767,5.1114545,s1d1
GGATCTACAAGCCCAC-1,3.7181954,20.920542,s1d1
GGATCTACACGTATAC-1,7.892856,-4.992356,s1d1
GGATCTACAGCACAGA-1,7.017209,17.572044,s1d1
GGATCTAGTACGACTT-1,12.662632,6.2086215,s1d1
GGATCTAGTACTAAGA-1,7.9968867,-4.4173846,s1d1
GGATCTAGTATACCTG-1,13.588853,3.9044623,s1d1
GGATCTAGTCGACGCT-1,15.232716,9.413627,s1d1
GGATCTAGTGAAAGTT-1,13.339508,8.644807,s1d1
GGATCTAGTGAGATCG-1,11.2014475,9.329949,s1d1
GGATCTATCGTTAGTG-1,9.563282,7.6865144,s1d1
GGATGTTGTTATCTGG-1,8.820777,-1.6867766,s1d1
GGATGTTGTTTACGAC-1,3.4603412,4.1990123,s1d1
GGATGTTTCTATTGTC-1,12.056781,0.082072124,s1d1
GGATGTTTCTGGACCG-1,5.7294955,11.4206915,s1d1
GGCACGTAGGAGTACC-1,-0.97246414,4.5185432,s1d1
GGCACGTCAACTCGAT-1,13.2703285,8.509371,s1d1
GGCACGTCACGTACTA-1,-4.0906496,8.17722,s1d1
GGCACGTCAGCGGATA-1,9.815701,7.887861,s1d1
GGCACGTCAGTTTCAG-1,10.950793,-4.4846573,s1d1
GGCACGTGTACCGTCG-1,9.429927,7.3049145,s1d1
GGCACGTGTCACTCTC-1,1.6450921,2.840912,s1d1
GGCACGTTCACTACTT-1,3.4345706,20.860352,s1d1
GGCACGTTCGTTCTAT-1,-4.3890605,10.269525,s1d1
GGCAGTCAGACGGTTG-1,14.971373,9.371197,s1d1
GGCAGTCCAAACGAGC-1,10.693552,10.74255,s1d1
GGCAGTCGTCTTGAAC-1,-0.010698009,3.0079832,s1d1
GGCAGTCTCAGAGCGA-1,14.198148,8.922103,s1d1
GGCAGTCTCAGTGTGT-1,-0.45973393,3.1731195,s1d1
GGCAGTCTCCACTTTA-1,7.52746,-3.9714575,s1d1
GGCAGTCTCTCATGCC-1,5.333552,20.648348,s1d1
GGCGTCAAGGAAGTAG-1,-4.4133377,8.096155,s1d1
GGCGTCAAGGGTTGCA-1,12.56,2.69084,s1d1
GGCGTCACAACACAAA-1,4.311289,19.361042,s1d1
GGCGTCACAGACTGCC-1,12.843795,3.560869,s1d1
GGCGTCACAGAGTTGG-1,14.458516,5.775963,s1d1
GGCGTCAGTCATGGCC-1,7.410761,20.505383,s1d1
GGCGTCATCACTGTTT-1,10.354465,-4.4830475,s1d1
GGCGTCATCAGCACCG-1,15.653018,9.056549,s1d1
GGCTGTGAGATAGCTA-1,11.092221,7.3899856,s1d1
GGCTGTGAGGAACGCT-1,-4.5649986,5.5555706,s1d1
GGCTGTGAGGGCAACT-1,12.330889,10.090352,s1d1
GGCTGTGCACAAAGTA-1,6.4490366,10.769519,s1d1
GGCTGTGCAGAACTCT-1,15.1897,9.2055855,s1d1
GGCTGTGCATTGAAAG-1,-1.3355095,4.6784453,s1d1
GGCTGTGGTACATTGC-1,12.333393,0.837357,s1d1
GGCTGTGGTATTAAGG-1,12.163828,9.6788225,s1d1
GGCTGTGGTGATCATC-1,5.909213,19.930428,s1d1
GGCTGTGTCGGACAAG-1,6.6628447,20.010002,s1d1
GGCTGTGTCGGTCATA-1,15.154564,9.341409,s1d1
GGCTTGGAGAGATTCA-1,12.264952,9.183269,s1d1
GGCTTGGAGTGAATAC-1,9.491109,10.167748,s1d1
GGCTTGGCACCAGCGT-1,1.7086356,1.8520379,s1d1
GGCTTGGCAGTCAGTT-1,7.1004972,20.304466,s1d1
GGCTTGGGTAATGCTC-1,14.282762,7.8264856,s1d1
GGCTTGGGTAGGCTGA-1,3.6026945,19.841463,s1d1
GGCTTGGGTCTACAGT-1,13.835411,5.866792,s1d1
GGCTTGGGTGAGCCAA-1,3.8999054,2.353715,s1d1
GGCTTGGGTGCATGTT-1,10.263434,8.3957,s1d1
GGCTTGGGTGCGACAA-1,15.2143345,8.798608,s1d1
GGCTTGGGTTAGTTCG-1,10.32252,7.451222,s1d1
GGCTTGGTCACTCGAA-1,12.357765,-3.826573,s1d1
GGCTTGGTCTGAGCAT-1,-4.113794,9.485213,s1d1
GGCTTTCAGTATGCAA-1,-3.1290705,13.4694395,s1d1
GGCTTTCCAAGTACCT-1,8.576599,-5.781854,s1d1
GGCTTTCCAGGTCAAG-1,9.820734,-5.4744983,s1d1
GGCTTTCCATCTTAGG-1,8.50114,-5.362375,s1d1
GGCTTTCCATTATGCG-1,-4.24235,9.782786,s1d1
GGCTTTCGTTCGAACT-1,6.037512,11.690166,s1d1
GGCTTTCTCTCATGCC-1,4.2822022,20.650118,s1d1
GGGAAGTAGGTCCAGA-1,-4.656717,9.505658,s1d1
GGGAAGTAGTCATGCT-1,10.52809,8.931276,s1d1
GGGAAGTCAACTGATC-1,13.124553,7.280365,s1d1
GGGAAGTCAAGCGAGT-1,-4.3368225,11.188237,s1d1
GGGAAGTCAGGCGAAT-1,-3.9231277,8.529326,s1d1
GGGAAGTCAGGTCCGT-1,13.652287,3.6781716,s1d1
GGGAAGTGTACCGTGC-1,13.0269785,7.897309,s1d1
GGGAAGTGTCACTACA-1,2.4485424,5.057064,s1d1
GGGAAGTGTCCCGCAA-1,8.825398,9.75087,s1d1
GGGAAGTGTTCGCGTG-1,3.7045898,20.64117,s1d1
GGGAAGTTCATAGACC-1,13.160626,3.3952308,s1d1
GGGAAGTTCGACGCTG-1,13.464584,3.4271944,s1d1
GGGAAGTTCGGACTGC-1,14.543371,5.698384,s1d1
GGGAAGTTCGGAGATG-1,11.642833,12.308038,s1d1
GGGAAGTTCTGGCCTT-1,9.697689,6.5064583,s1d1
GGGACAAAGCAGCGAT-1,10.744825,9.590584,s1d1
GGGACAACAACCGTAT-1,12.264552,-1.0119458,s1d1
GGGACAACAAGGCAAC-1,15.435572,8.536328,s1d1
GGGACAAGTCGCTCGA-1,-1.0345252,5.6070943,s1d1
GGGACAATCAAGCCGC-1,10.956657,7.764075,s1d1
GGGACAATCTGAGTCA-1,3.435875,20.378208,s1d1
GGGACAATCTTTGCTA-1,6.0560384,18.21314,s1d1
GGGACCTCAAGAGCTG-1,9.221036,8.460119,s1d1
GGGACCTCACCCTGTT-1,-3.5938835,11.571113,s1d1
GGGACCTCAGAGGACT-1,8.590671,8.599152,s1d1
GGGACCTGTGAAAGTT-1,7.108117,17.473038,s1d1
GGGACCTTCCCTTCCC-1,13.987344,7.9900713,s1d1
GGGACCTTCGCTTGCT-1,-4.043989,7.6513524,s1d1
GGGACTCAGATTAGAC-1,-0.1766392,3.0158696,s1d1
GGGACTCAGTCAGAGC-1,6.1829286,20.855902,s1d1
GGGACTCAGTCAGGGT-1,11.241997,17.500322,s1d1
GGGACTCCAAGATGTA-1,9.407576,-3.742354,s1d1
GGGACTCGTCGAATGG-1,13.386964,8.756052,s1d1
GGGACTCGTCTTCGAA-1,2.6028576,17.714165,s1d1
GGGACTCTCACATACG-1,10.303176,7.800758,s1d1
GGGACTCTCAGGTAAA-1,10.701781,10.018263,s1d1
GGGACTCTCTATCGGA-1,15.970137,7.4044633,s1d1
GGGAGATAGCCGATTT-1,12.57402,2.7551937,s1d1
GGGAGATAGGCCGCTT-1,13.972001,6.579745,s1d1
GGGAGATAGGGCAAGG-1,-3.900775,11.143846,s1d1
GGGAGATAGTTGTAGA-1,11.193955,-1.0827516,s1d1
GGGAGATCATCCAACA-1,3.6636522,3.003409,s1d1
GGGAGATCATCCTCAC-1,11.111509,7.80796,s1d1
GGGAGATTCCACACAA-1,-0.122301,3.8835301,s1d1
GGGAGATTCCGCATAA-1,6.068348,11.009917,s1d1
GGGAGATTCTAGTCAG-1,2.9031978,19.534822,s1d1
GGGAGATTCTATTTCG-1,10.54217,6.95013,s1d1
GGGAGTAAGATCGCCC-1,2.5557837,20.185658,s1d1
GGGAGTAAGGTTCTTG-1,12.029688,-1.694999,s1d1
GGGAGTAAGTCCTACA-1,11.347198,17.56444,s1d1
GGGAGTACAGTCTCTC-1,10.993565,9.566229,s1d1
GGGAGTACATCATTGG-1,5.5801663,19.377445,s1d1
GGGAGTAGTCACTCGG-1,9.980193,9.825105,s1d1
GGGAGTAGTTGCTGAT-1,-0.19169861,3.0700414,s1d1
GGGAGTATCTGGGCAC-1,-0.802073,3.530206,s1d1
GGGATCCAGCTATCCA-1,15.604609,9.606595,s1d1
GGGATCCAGCTTAAGA-1,8.8585,-5.009299,s1d1
GGGATCCAGTGTTGTC-1,13.226735,3.6392179,s1d1
GGGATCCCAGCTTTCC-1,7.2861705,12.056469,s1d1
GGGATCCCAGTTAGAA-1,10.137252,9.800997,s1d1
GGGATCCCATCGGATT-1,13.267355,5.7813625,s1d1
GGGATCCGTACGTAGG-1,-2.8480794,10.181229,s1d1
GGGATCCGTCGATTAC-1,10.231563,7.897892,s1d1
GGGATCCGTCTTGCTC-1,8.790318,-5.631741,s1d1
GGGATCCGTTGTGCCG-1,8.800051,-5.3303833,s1d1
GGGATCCTCCTACTGC-1,11.609893,8.38218,s1d1
GGGATCCTCTATTCGT-1,11.9955015,6.964485,s1d1
GGGATGAAGCCTCGTG-1,2.5055768,5.0695896,s1d1
GGGATGAAGCGCCTCA-1,2.8894238,3.0089405,s1d1
GGGATGAAGCGTTACT-1,9.528612,-5.75597,s1d1
GGGATGAAGGCGCTTC-1,9.4715,1.5544082,s1d1
GGGATGAAGTAGTGCG-1,5.4951854,17.989874,s1d1
GGGATGACAAAGCAAT-1,3.882003,20.608515,s1d1
GGGATGACAGGTTTAC-1,13.739039,6.139038,s1d1
GGGATGAGTCTACAGT-1,7.6575375,-1.9896559,s1d1
GGGATGAGTGTTCCAA-1,10.7207365,14.176528,s1d1
GGGATGAGTTAGAGTA-1,13.734393,8.194421,s1d1
GGGATGATCCTAAACG-1,12.298353,12.439677,s1d1
GGGATGATCGAGTCTA-1,5.3502173,18.668743,s1d1
GGGATGATCGCTCATC-1,10.74395,12.786712,s1d1
GGGCCATAGCCTTGAT-1,7.0581045,18.81639,s1d1
GGGCCATAGGAAAGTG-1,-3.9411123,7.3938055,s1d1
GGGCCATCAAGGTTGG-1,13.35857,4.54642,s1d1
GGGCCATGTGGGCTTC-1,-4.694047,9.55243,s1d1
GGGCCATTCATGAGTC-1,-1.1300694,5.214351,s1d1
GGGCCATTCGGACGTC-1,3.9444559,18.11483,s1d1
GGGCGTTAGGCACTAG-1,12.148539,6.3831487,s1d1
GGGCGTTAGTGCGCTC-1,13.494629,3.7996233,s1d1
GGGCGTTCAAATCGTC-1,8.2366705,-3.2884858,s1d1
GGGCGTTCAGGTAGTG-1,15.226835,7.2556643,s1d1
GGGCGTTGTAGCGTTT-1,3.34826,20.141905,s1d1
GGGCGTTGTGACTCTA-1,5.2808924,17.903942,s1d1
GGGCGTTTCCCTTTGG-1,5.785788,11.241003,s1d1
GGGCGTTTCCGGACGT-1,7.07069,11.069927,s1d1
GGGCGTTTCCTTCTTC-1,10.588971,8.212149,s1d1
GGGCTACAGCCTCACG-1,15.150897,9.570008,s1d1
GGGCTACAGTCACTAC-1,8.389407,-5.869029,s1d1
GGGCTACAGTGCACCC-1,13.404212,3.3144255,s1d1
GGGCTACCAGTCAGTT-1,9.549756,-5.1355515,s1d1
GGGCTACCATGTGCTA-1,9.867653,6.0977263,s1d1
GGGCTACGTATCCTTT-1,9.376122,6.8025064,s1d1
GGGCTACGTATGGTTC-1,14.288091,5.7608385,s1d1
GGGCTACTCCTTCTTC-1,13.042525,9.570016,s1d1
GGGCTCAAGGATCATA-1,7.97848,-4.097797,s1d1
GGGCTCAAGTACCCTA-1,14.539765,7.4259953,s1d1
GGGCTCACAGGACTAG-1,12.001104,-1.7383841,s1d1
GGGCTCACATAAGCAA-1,14.491163,8.310317,s1d1
GGGCTCAGTAGACACG-1,3.1426866,0.0036991625,s1d1
GGGCTCAGTGGACAGT-1,8.870827,6.397196,s1d1
GGGCTCAGTTGCAACT-1,5.1858606,2.1514235,s1d1
GGGCTCATCGTCAAAC-1,12.820944,10.4845915,s1d1
GGGCTCATCTTCCAGC-1,-3.5188076,5.221978,s1d1
GGGTAGAAGACTAAGT-1,10.858352,8.877045,s1d1
GGGTAGAAGGTCGTGA-1,13.770572,4.4897637,s1d1
GGGTAGAAGGTTCAGG-1,11.224866,13.672039,s1d1
GGGTAGAAGTATGGAT-1,7.2419295,-4.006744,s1d1
GGGTAGAAGTGCGACA-1,12.805078,6.7757287,s1d1
GGGTAGAAGTTCCGGC-1,2.5296292,17.328611,s1d1
GGGTAGACACATATCG-1,10.483398,8.45715,s1d1
GGGTAGACAGAGGACT-1,-3.6322315,8.4629965,s1d1
GGGTAGACATGGCCCA-1,5.438157,18.784145,s1d1
GGGTAGAGTATGTGTC-1,16.298586,7.8510294,s1d1
GGGTAGAGTGTTAGCT-1,8.278668,1.7124702,s1d1
GGGTAGATCATGAGAA-1,3.7679584,4.8435626,s1d1
GGGTAGATCCAAATGC-1,4.2069387,4.3766627,s1d1
GGGTAGATCCAACCAA-1,8.703505,8.152417,s1d1
GGGTAGATCGGCTTGG-1,8.081125,7.704327,s1d1
GGGTATTAGATTGACA-1,2.2706525,3.2773929,s1d1
GGGTATTCAACCGGAA-1,3.5400898,4.6250076,s1d1
GGGTATTCAACGAGGT-1,13.243862,8.458206,s1d1
GGGTATTCAGAGAAAG-1,-3.8869903,8.598202,s1d1
GGGTATTCATCGAAGG-1,12.438037,9.642635,s1d1
GGGTATTGTCCCTGTT-1,12.96691,9.197113,s1d1
GGGTATTGTCGACGCT-1,-4.061372,8.299601,s1d1
GGGTATTGTGGCCTCA-1,-0.9277471,4.181282,s1d1
GGGTATTGTTAATCGC-1,12.899152,3.715812,s1d1
GGGTATTGTTCTGACA-1,14.404761,5.443344,s1d1
GGGTATTTCATGGAGG-1,-4.263077,9.156403,s1d1
GGGTATTTCGTGTCAA-1,14.986022,9.537793,s1d1
GGGTCACAGGGTCTTT-1,3.4991572,20.080635,s1d1
GGGTCACCAACAAAGT-1,10.028538,9.203389,s1d1
GGGTCACCAAGACCTT-1,15.544322,9.626958,s1d1
GGGTCACGTACTGAGG-1,14.234268,7.009402,s1d1
GGGTCACGTAGATGTA-1,1.969694,4.5286975,s1d1
GGGTCACGTCCTATAG-1,12.028904,7.7368383,s1d1
GGGTCACTCGCTCTCA-1,11.220522,17.514093,s1d1
GGGTCTGAGACCCGCT-1,3.8392022,20.37403,s1d1
GGGTCTGAGAGTTGTA-1,12.312385,9.2665205,s1d1
GGGTCTGAGCTCGACC-1,8.912976,-5.505403,s1d1
GGGTCTGAGGGATCTG-1,8.98714,6.0704336,s1d1
GGGTCTGCAGATAAAC-1,11.112078,7.9019284,s1d1
GGGTCTGGTGGTTTAC-1,9.456309,-5.8399887,s1d1
GGGTCTGGTTGTTGAC-1,6.8312974,2.9272044,s1d1
GGGTCTGGTTTGAAAG-1,10.243138,-5.125282,s1d1
GGGTCTGGTTTGGCTA-1,15.557183,9.722686,s1d1
GGGTCTGTCACAGTGT-1,10.239987,8.411962,s1d1
GGGTCTGTCAGTAGGG-1,0.36743334,4.581309,s1d1
GGGTCTGTCTTGTGCC-1,7.9945526,-4.2990513,s1d1
GGGTGAAAGCACAAAT-1,-1.050265,4.0699306,s1d1
GGGTGAAAGGTAGACC-1,4.2992415,20.740534,s1d1
GGGTGAAAGTGTACCT-1,14.271151,5.3843193,s1d1
GGGTGAAAGTGTTCAC-1,9.975897,8.949945,s1d1
GGGTGAACAGCTGTAT-1,-2.5459316,9.410649,s1d1
GGGTGAACAGTTGCGC-1,13.620888,6.935447,s1d1
GGGTGAACATAGATCC-1,11.416737,17.570753,s1d1
GGGTGAAGTAGCTCGC-1,3.6796775,20.92625,s1d1
GGGTGAAGTCGTTCAA-1,12.14571,0.41355556,s1d1
GGGTGAAGTCTGTAAC-1,15.0915,6.207791,s1d1
GGGTGAAGTTCCAGGC-1,-4.878065,7.9342227,s1d1
GGGTGAAGTTTCGATG-1,13.0989485,3.468754,s1d1
GGGTGAATCATGTCAG-1,-1.6706519,7.210774,s1d1
GGGTGAATCGGACAAG-1,13.530227,3.7571852,s1d1
GGGTGTCAGGATTCCT-1,14.729505,7.5159006,s1d1
GGGTGTCAGGTCGTAG-1,3.116674,20.483103,s1d1
GGGTGTCAGTAGAGTT-1,6.665565,20.776018,s1d1
GGGTGTCCAAGCCCAC-1,4.131207,19.33644,s1d1
GGGTGTCTCCGTAGTA-1,11.343793,11.512279,s1d1
GGGTGTCTCGCAATGT-1,3.0800617,19.104801,s1d1
GGGTGTCTCGCTACAA-1,8.834367,-3.5461988,s1d1
GGGTGTCTCGGATAAA-1,15.626389,8.31221,s1d1
GGGTGTCTCTCACCCA-1,-0.48585072,3.4297802,s1d1
GGGTTATAGGCCGCTT-1,14.771588,5.836298,s1d1
GGGTTATAGTCACTAC-1,12.651066,3.3236778,s1d1
GGGTTATAGTTAGTGA-1,0.2456461,3.612163,s1d1
GGGTTATCAAGTGATA-1,-3.790046,8.517443,s1d1
GGGTTATCATTGTACG-1,10.768555,16.954607,s1d1
GGGTTATGTGAGCCAA-1,6.946849,17.745358,s1d1
GGGTTATGTTGCTCGG-1,10.615815,14.065161,s1d1
GGGTTATTCCCGTGAG-1,15.248937,9.282895,s1d1
GGGTTATTCGTGCGAC-1,7.9474335,-2.8714783,s1d1
GGGTTATTCTTTGCTA-1,-1.1900547,5.040459,s1d1
GGGTTTAAGATTAGAC-1,7.9488263,-3.6083896,s1d1
GGGTTTACAAATGAAC-1,11.520439,1.2114483,s1d1
GGGTTTATCGTGGAAG-1,-0.83517385,5.1123195,s1d1
GGGTTTATCTCACTCG-1,9.53358,-1.9205805,s1d1
GGTAACTAGAAGCGCT-1,-4.3087645,7.9065633,s1d1
GGTAACTAGACAAGCC-1,9.424023,-3.821515,s1d1
GGTAACTAGACAGCGT-1,11.846914,9.17628,s1d1
GGTAACTAGCACTCTA-1,13.95975,4.405255,s1d1
GGTAACTAGCTATCTG-1,7.800173,-4.696973,s1d1
GGTAACTCAGGTGTTT-1,2.778224,18.028696,s1d1
GGTAACTGTCATGACT-1,8.570871,-5.953318,s1d1
GGTAACTGTCGTCATA-1,10.398636,8.806617,s1d1
GGTAACTTCGAGAACG-1,11.223847,13.792948,s1d1
GGTAACTTCGCTTTAT-1,-2.8219118,9.8362,s1d1
GGTAATCAGAGCCATG-1,10.826335,12.948221,s1d1
GGTAATCAGTGGATTA-1,14.657053,7.962849,s1d1
GGTAATCCAACATCGT-1,-2.8650615,11.699354,s1d1
GGTAATCCAATCTGCA-1,12.499151,9.987947,s1d1
GGTAATCGTTACGGAG-1,16.307058,7.880368,s1d1
GGTAATCGTTCCGTTC-1,15.115759,7.224857,s1d1
GGTAATCTCAGCTAGT-1,13.675056,4.698554,s1d1
GGTAATCTCGTTTACT-1,6.029123,11.413328,s1d1
GGTAATCTCTAAGAAG-1,2.7007828,2.9054008,s1d1
GGTAGAGAGCAGCCCT-1,11.462473,11.571081,s1d1
GGTAGAGAGGTTGCCC-1,7.4890766,-2.100743,s1d1
GGTAGAGAGTCATGAA-1,13.04551,6.392053,s1d1
GGTAGAGGTGCCAAGA-1,7.0323505,18.625473,s1d1
GGTAGAGGTTGTGTAC-1,2.0188372,4.119918,s1d1
GGTAGAGTCAGGGTAG-1,2.3717172,1.8141708,s1d1
GGTAGAGTCCACGAAT-1,12.894495,2.9726994,s1d1
GGTAGAGTCTCCTGCA-1,15.464929,9.604145,s1d1
GGTAGAGTCTGCAGCG-1,8.58935,1.230149,s1d1
GGTCACGAGCCGTTAT-1,3.6134405,20.36561,s1d1
GGTCACGAGTGTTGAA-1,9.040692,8.697086,s1d1
GGTCACGTCTGCGAGC-1,-3.457756,10.385974,s1d1
GGTCTGGAGTCATAGA-1,9.491346,-5.6137595,s1d1
GGTCTGGAGTCATGGG-1,13.323602,3.3404775,s1d1
GGTCTGGAGTGATTCC-1,11.139823,0.09884773,s1d1
GGTCTGGAGTGGATAT-1,2.1837587,4.1860614,s1d1
GGTCTGGCAGCACAGA-1,-1.5530819,5.6066284,s1d1
GGTCTGGCAGTTAGAA-1,1.31098,3.8886611,s1d1
GGTCTGGGTACGAGCA-1,4.60009,19.149647,s1d1
GGTCTGGGTCCGGCAT-1,10.590539,13.148136,s1d1
GGTCTGGGTCGTTCAA-1,2.8817587,0.75478184,s1d1
GGTCTGGTCCTGCCAT-1,12.839493,2.911791,s1d1
GGTGAAGAGATGTAGT-1,9.568344,-3.5674288,s1d1
GGTGAAGAGCACCGAA-1,10.0891,8.192335,s1d1
GGTGAAGCAGGAATAT-1,13.796013,6.1240625,s1d1
GGTGAAGCATAACCCA-1,13.150272,4.3747854,s1d1
GGTGAAGCATCCGGTG-1,1.6514517,3.050069,s1d1
GGTGAAGGTAGTGTGG-1,12.845665,3.1893098,s1d1
GGTGAAGGTGACAGCA-1,11.041295,14.186192,s1d1
GGTGAAGGTGCCTGCA-1,6.8634195,2.7630615,s1d1
GGTGAAGGTTGCTAGT-1,8.803147,-5.0309143,s1d1
GGTGAAGTCAGGAACG-1,15.464397,8.983376,s1d1
GGTGAAGTCTCACTCG-1,12.036724,9.030682,s1d1
GGTGATTAGCGACTTT-1,9.030972,8.722362,s1d1
GGTGATTCATCAGCTA-1,1.7602317,3.3976285,s1d1
GGTGATTGTACAGTCT-1,7.323169,-2.2104306,s1d1
GGTGATTGTCTAGGCC-1,9.238321,-5.5511312,s1d1
GGTGATTGTGGAGGTT-1,13.420434,5.0837097,s1d1
GGTGATTGTTGCATGT-1,9.989111,6.6916904,s1d1
GGTGATTTCTACCACC-1,15.372603,8.373626,s1d1
GGTGGCTAGCAGATAT-1,14.721289,8.4193945,s1d1
GGTGGCTGTGGATACG-1,10.526201,-4.3369036,s1d1
GGTGGCTGTTGGAGGT-1,3.5183473,2.132399,s1d1
GGTGGCTTCATCTATC-1,9.741453,-4.3164573,s1d1
GGTGGCTTCGCTCATC-1,14.709137,8.15172,s1d1
GGTGGCTTCTCGCGTT-1,9.386643,7.5318956,s1d1
GGTGGCTTCTTTGATC-1,10.961549,9.214406,s1d1
GGTGTCGAGATGCTTC-1,7.167063,20.896978,s1d1
GGTGTCGCAAGACGGT-1,12.501739,12.500463,s1d1
GGTGTCGCACATGACT-1,6.483991,11.606545,s1d1
GGTGTCGCATCTCAAG-1,2.696797,18.297024,s1d1
GGTGTCGGTGGCCCAT-1,2.8788598,20.659473,s1d1
GGTGTCGTCATCTACT-1,9.394915,1.4551361,s1d1
GGTGTTAGTATTCCTT-1,6.4902353,20.633854,s1d1
GGTGTTATCAAGGTGG-1,3.6636922,20.223574,s1d1
GGTTAACAGCTCATAC-1,-3.8445387,9.805675,s1d1
GGTTAACAGTATGGAT-1,-0.15112051,3.758721,s1d1
GGTTAACCAAACGAGC-1,13.027228,8.102512,s1d1
GGTTAACCACGAGGTA-1,10.051013,7.620085,s1d1
GGTTAACCACGGTGCT-1,11.272103,8.417181,s1d1
GGTTAACCATACACCA-1,4.009289,18.313244,s1d1
GGTTAACTCCAACACA-1,4.103361,4.144038,s1d1
GGTTCTCAGACTAGAT-1,11.75041,9.457716,s1d1
GGTTCTCAGCACTCCG-1,15.13345,7.201762,s1d1
GGTTCTCAGCACTTTG-1,15.794084,9.40044,s1d1
GGTTCTCAGTAGTCTC-1,10.366553,8.136258,s1d1
GGTTCTCAGTCGTCTA-1,9.362938,1.6475532,s1d1
GGTTCTCCACCGTCTT-1,-1.6336956,5.3266726,s1d1
GGTTCTCGTAGTAAGT-1,13.093103,3.2544124,s1d1
GGTTCTCGTGCTATTG-1,4.580775,2.4400475,s1d1
GGTTGTAAGGCCATAG-1,11.535362,0.0071355756,s1d1
GGTTGTAAGGGTCACA-1,5.926979,11.227323,s1d1
GGTTGTACACCTTCGT-1,7.4147434,-4.589671,s1d1
GGTTGTACAGGTTCCG-1,11.463534,12.543042,s1d1
GGTTGTACAGTGTGCC-1,8.862385,-3.236339,s1d1
GGTTGTAGTGCTCCGA-1,10.489559,-4.833911,s1d1
GGTTGTAGTTGCTCAA-1,2.9190722,16.371002,s1d1
GGTTGTATCATGAAAG-1,15.873144,9.513866,s1d1
GTAACACAGAAGCGCT-1,-3.136792,13.3262,s1d1
GTAACACCAACACAGG-1,12.657053,8.477884,s1d1
GTAACACCACACGTGC-1,12.835107,2.7158997,s1d1
GTAACACCAGGAGACT-1,14.136669,7.716675,s1d1
GTAACACCATACCAGT-1,15.583064,8.109024,s1d1
GTAACACGTACGGATG-1,12.010862,7.5509744,s1d1
GTAACACGTTTCACAG-1,12.960353,7.448487,s1d1
GTAACACTCGATACAC-1,11.5675125,0.061820492,s1d1
GTAACCAAGCCGAACA-1,7.390029,11.173433,s1d1
GTAACCAAGTCATTGC-1,-1.7689486,5.620545,s1d1
GTAACCAAGTTGCGCC-1,0.5901285,5.1738305,s1d1
GTAACCACAATAACGA-1,14.615508,6.2458663,s1d1
GTAACCACAGTGCCTG-1,-0.471896,6.4078345,s1d1
GTAACCAGTAGCTCGC-1,14.67717,6.0227304,s1d1
GTAACCAGTTCCTAAG-1,11.614769,8.763547,s1d1
GTAACCAGTTCGTTCC-1,3.0485349,4.3302035,s1d1
GTAACCATCACGTCCT-1,-4.568951,6.239354,s1d1
GTAACCATCAGGAAAT-1,3.5258942,20.38227,s1d1
GTAACCATCTCTATAC-1,6.486848,20.879442,s1d1
GTAACCATCTTCGCTG-1,14.175132,8.68999,s1d1
GTAAGTCAGACGCATG-1,3.6171472,19.847055,s1d1
GTAAGTCAGGTAAGTT-1,-4.174678,7.9558463,s1d1
GTAAGTCAGGTCGTCC-1,11.424447,-0.15031092,s1d1
GTAAGTCCACATTCTT-1,5.3344374,18.252256,s1d1
GTAAGTCCAGCTGAAG-1,-2.6200526,10.870511,s1d1
GTAAGTCCATTCTTCA-1,13.5365715,3.2482674,s1d1
GTAAGTCTCACCCTTG-1,14.09002,5.9081616,s1d1
GTAAGTCTCTACCACC-1,15.6904335,9.559069,s1d1
GTAAGTCTCTGAATGC-1,-3.200348,11.886648,s1d1
GTAATCGAGAAAGTCT-1,13.681555,6.402536,s1d1
GTAATCGAGAATAACC-1,3.0232928,3.4039598,s1d1
GTAATCGGTCATACCA-1,13.316527,6.8693085,s1d1
GTAATCGGTGCCCTTT-1,-0.6639688,4.60995,s1d1
GTAATCGGTTCCAAAC-1,8.813797,7.208686,s1d1
GTAATCGTCCGAACGC-1,15.008721,7.9316664,s1d1
GTAATGCAGAGAGTTT-1,14.005301,4.8588347,s1d1
GTAATGCAGATGGCAC-1,8.531948,6.502544,s1d1
GTAATGCAGCTTGTTG-1,0.99256307,1.751953,s1d1
GTAATGCCAACTCCAA-1,-4.0054936,8.0470085,s1d1
GTAATGCCATAACAGA-1,7.2820654,-4.3151145,s1d1
GTAATGCTCAGTGTGT-1,4.255592,17.97255,s1d1
GTAATGCTCATAGAGA-1,5.944514,11.531422,s1d1
GTAATGCTCGTCAACA-1,15.249597,7.994203,s1d1
GTAATGCTCTACGGTA-1,10.052496,-3.7233365,s1d1
GTAATGCTCTGGTGCG-1,11.941796,0.3197748,s1d1
GTACAACAGGGTGGGA-1,12.897081,4.9532804,s1d1
GTACAACAGTTGTCGT-1,11.7131815,10.048763,s1d1
GTACAACCAAGGGTCA-1,8.832418,-5.9091434,s1d1
GTACAACCACGAGGAT-1,8.029024,-5.586449,s1d1
GTACAACCACGCGCTA-1,14.53924,6.83146,s1d1
GTACAACCATCCTTGC-1,0.30920368,2.6362305,s1d1
GTACAACGTCAAATCC-1,-0.527443,3.0603175,s1d1
GTACAACTCAGGGATG-1,14.976167,6.945404,s1d1
GTACAACTCATTCCTA-1,-4.576953,9.812178,s1d1
GTACAACTCCACGAAT-1,12.63617,7.3821325,s1d1
GTACAACTCGTGCTCT-1,13.665234,4.6847715,s1d1
GTACAACTCTTAGCAG-1,13.635489,7.3342447,s1d1
GTACAGTAGCTCCCTT-1,8.273182,2.193118,s1d1
GTACAGTCAATACCTG-1,-2.6600552,10.311379,s1d1
GTACAGTCACGTGTGC-1,14.885141,8.006202,s1d1
GTACAGTCAGGATCTT-1,6.872101,20.642202,s1d1
GTACAGTCAGTGTGCC-1,1.9193221,3.0754488,s1d1
GTACAGTGTGCCCTTT-1,1.5378803,1.3852235,s1d1
GTACAGTGTTCTCTCG-1,13.225828,3.0748436,s1d1
GTACAGTGTTTAGAGA-1,3.9453957,2.07577,s1d1
GTACAGTTCTGTTCAT-1,3.8555152,20.51367,s1d1
GTAGAAACAGGTTACT-1,15.572324,9.688766,s1d1
GTAGAAACATAGACTC-1,12.704898,7.1636987,s1d1
GTAGAAAGTGACACAG-1,11.481051,10.422522,s1d1
GTAGAAATCCTACCAC-1,3.299855,19.116163,s1d1
GTAGAAATCGCCAGAC-1,8.655781,9.448193,s1d1
GTAGAGGAGATGCCGA-1,11.615576,8.734652,s1d1
GTAGAGGAGTGCTCGC-1,12.973508,6.372871,s1d1
GTAGAGGCAATTCGTG-1,10.671171,8.427355,s1d1
GTAGAGGGTCGCAACC-1,8.747935,9.09334,s1d1
GTAGAGGTCATCACAG-1,16.247972,7.603336,s1d1
GTAGAGGTCTCATGGA-1,2.1067958,4.588816,s1d1
GTAGATCAGCGTGCTC-1,1.6666155,2.1528986,s1d1
GTAGATCAGCTCGAAG-1,4.2498593,19.415018,s1d1
GTAGATCAGTTCCTGA-1,15.516726,7.0265875,s1d1
GTAGATCCAACCGATT-1,10.725825,13.389693,s1d1
GTAGATCCAAGGTTGG-1,10.936382,-0.78990555,s1d1
GTAGATCCAATACGAA-1,9.646693,9.694537,s1d1
GTAGATCCATCCGTTC-1,4.080092,4.6429524,s1d1
GTAGATCGTCTTCATT-1,9.72053,-1.7066019,s1d1
GTAGATCGTGGATCAG-1,11.9609585,1.9045904,s1d1
GTAGATCGTTCCAGGC-1,6.539806,20.540169,s1d1
GTAGATCTCCGAGCTG-1,8.696512,-5.5063143,s1d1
GTAGATCTCCTAAACG-1,12.469799,12.229662,s1d1
GTAGCTAAGAGTCTGG-1,-1.4214649,7.3776717,s1d1
GTAGCTAAGTTGGACG-1,3.0571136,3.3877695,s1d1
GTAGCTACAAAGCTCT-1,-2.9962583,8.759582,s1d1
GTAGCTACAGGATGAC-1,2.8543239,20.413698,s1d1
GTAGCTACATTGACTG-1,-4.348703,7.724763,s1d1
GTAGCTAGTAGGTACG-1,10.4787,-3.5941064,s1d1
GTAGCTAGTCTTGAAC-1,7.478595,-4.381713,s1d1
GTAGCTAGTGCCTTTC-1,5.744511,20.73071,s1d1
GTAGCTATCATCAGTG-1,4.153461,20.013681,s1d1
GTAGCTATCCAACACA-1,7.87868,7.7174015,s1d1
GTAGCTATCCCGAGAC-1,13.250053,7.1650624,s1d1
GTAGGAGAGATCGACG-1,12.581186,10.219326,s1d1
GTAGGAGAGTGAACAT-1,5.6233687,17.918053,s1d1
GTAGGAGTCCAACCGG-1,3.4396064,20.01254,s1d1
GTAGGAGTCCCGGTAG-1,3.9476745,17.84457,s1d1
GTAGGAGTCTGAGGCC-1,14.147654,6.4758124,s1d1
GTAGGTTAGCCTGTGC-1,11.092707,9.990075,s1d1
GTAGGTTCATACTGAC-1,12.675064,5.085731,s1d1
GTAGGTTGTCGCGTCA-1,7.539473,-4.4174695,s1d1
GTAGGTTTCCGTGTGG-1,12.153976,12.226067,s1d1
GTAGGTTTCGGTGCAC-1,6.9181595,2.7437787,s1d1
GTAGTACAGCTTCTAG-1,11.579022,13.384791,s1d1
GTAGTACAGGCCTGCT-1,11.879159,10.517381,s1d1
GTAGTACAGTGGATTA-1,5.536906,18.117916,s1d1
GTAGTACCACAACATC-1,9.878777,-1.5395051,s1d1
GTAGTACCAGAGGCAT-1,9.924131,2.292255,s1d1
GTAGTACCAGGTGTTT-1,6.988688,17.513428,s1d1
GTAGTACCAGGTTCAT-1,7.5248294,-4.304092,s1d1
GTAGTACCAGGTTTAC-1,9.597985,9.55555,s1d1
GTAGTACCATGACTTG-1,6.8574333,11.489332,s1d1
GTAGTACGTACTAACC-1,-0.3640221,3.2696233,s1d1
GTAGTACGTAGTCTTG-1,6.005282,20.868237,s1d1
GTAGTACGTCTGCAAT-1,8.110771,-3.7481458,s1d1
GTAGTACGTGAGTTTC-1,9.007625,8.161076,s1d1
GTAGTACGTGCGTTTA-1,7.340079,-2.8534577,s1d1
GTAGTACTCCGAGCTG-1,6.751222,20.083483,s1d1
GTATTGGAGGCATCTT-1,14.198694,6.5267153,s1d1
GTATTGGCAACCGCTG-1,8.58372,-5.350983,s1d1
GTATTGGGTCCAATCA-1,11.308245,17.680624,s1d1
GTATTGGGTGAGAACC-1,3.6812575,4.6995864,s1d1
GTATTGGGTTCCAGGC-1,12.004491,9.597765,s1d1
GTATTTCAGAGGCGGA-1,8.968171,-6.044694,s1d1
GTATTTCAGTGAATAC-1,-4.5633297,9.395595,s1d1
GTATTTCCAATAGTAG-1,3.7038708,21.05706,s1d1
GTATTTCCACCCATAA-1,14.009897,8.35907,s1d1
GTATTTCCAGGAATAT-1,10.518182,-4.846672,s1d1
GTATTTCGTGAGTGAC-1,13.794116,4.383585,s1d1
GTATTTCGTGCACAAG-1,12.563671,10.027775,s1d1
GTATTTCTCAACTGGT-1,0.45478174,5.5125403,s1d1
GTATTTCTCCCGAGTG-1,8.18304,-3.2517362,s1d1
GTCAAACAGGCACAAC-1,12.774577,5.161533,s1d1
GTCAAACCAAGAGCTG-1,5.3759217,18.000795,s1d1
GTCAAACCAGAGAAAG-1,7.2028675,20.442366,s1d1
GTCAAACCATAGACTC-1,13.0941725,11.028644,s1d1
GTCAAACCATGGCTGC-1,3.5592067,5.900631,s1d1
GTCAAACGTCCTCATC-1,11.320772,11.553683,s1d1
GTCAAACTCCAGTACA-1,-4.3272285,9.073572,s1d1
GTCAAACTCTCCTGTG-1,-4.1009245,5.4400344,s1d1
GTCAAACTCTTAAGGC-1,13.988602,7.644566,s1d1
GTCAAGTCATTCTCTA-1,1.5242742,1.6594856,s1d1
GTCAAGTTCAGAGTTC-1,12.485103,0.70486313,s1d1
GTCAAGTTCATTTACC-1,8.686315,7.6844196,s1d1
GTCAAGTTCTTACCAT-1,1.345181,1.5051204,s1d1
GTCACGGAGGTACAAT-1,7.9057927,8.820862,s1d1
GTCACGGAGTATCCTG-1,13.505163,7.172849,s1d1
GTCACGGCACGTCGGT-1,-1.0454051,3.9467633,s1d1
GTCACGGCAGGCATGA-1,-3.9869707,8.983351,s1d1
GTCACGGCATGACTTG-1,11.541235,12.980894,s1d1
GTCACGGGTAGCGCTC-1,12.935139,8.8241415,s1d1
GTCACGGGTTGTTTGG-1,6.04419,20.755766,s1d1
GTCACGGTCACCGGTG-1,11.676707,0.99584645,s1d1
GTCACGGTCGTAGTCA-1,6.489699,20.264114,s1d1
GTCACGGTCGTCACCT-1,3.3920403,2.0312834,s1d1
GTCACTCAGCATGCGA-1,9.443228,-5.834329,s1d1
GTCACTCCAGACACCC-1,13.148218,7.423668,s1d1
GTCACTCGTCTACGAT-1,11.5492525,9.427395,s1d1
GTCACTCTCCTCGATC-1,10.473468,8.7210865,s1d1
GTCACTCTCGTTCCTG-1,8.777853,-5.717399,s1d1
GTCACTCTCTCGGCTT-1,9.12747,-5.5592284,s1d1
GTCAGCGAGATAACGT-1,15.448736,9.155302,s1d1
GTCAGCGAGGATATGT-1,2.4910016,17.386559,s1d1
GTCAGCGCAAGACGAC-1,4.1358724,17.9072,s1d1
GTCAGCGCAAGAGAGA-1,11.778724,9.529152,s1d1
GTCAGCGCACAAATAG-1,2.9375272,20.911041,s1d1
GTCAGCGCACCAGTTA-1,5.7909374,19.64161,s1d1
GTCAGCGCATTGAAAG-1,13.1045,8.130657,s1d1
GTCAGCGGTCAAGTTC-1,-2.7043257,10.791297,s1d1
GTCAGCGGTTCGTACA-1,10.879406,14.303453,s1d1
GTCAGCGTCCACCTCA-1,15.92269,8.308962,s1d1
GTCAGCGTCCTCTAGC-1,10.113265,-0.006882979,s1d1
GTCATCCAGAAATTGC-1,4.0923333,20.498198,s1d1
GTCATCCAGCGTTGTT-1,8.933371,8.011948,s1d1
GTCATCCAGGTAACTA-1,6.8410664,2.9130917,s1d1
GTCATCCCAACCAGAG-1,9.726444,-1.7383478,s1d1
GTCATCCGTGCATGTT-1,-4.118884,7.5631595,s1d1
GTCATCCTCAGCCCAG-1,15.941461,7.819008,s1d1
GTCATCCTCCGCTTAC-1,-1.381408,4.682854,s1d1
GTCATCCTCGTCACCT-1,11.799998,8.782941,s1d1
GTCATCCTCTGTCGCT-1,10.554633,13.150596,s1d1
GTCATGAAGCAAGTCG-1,6.359397,20.191822,s1d1
GTCATGAAGCATCGAG-1,9.607194,7.2820797,s1d1
GTCATGACAATTGCAC-1,10.277452,2.8814077,s1d1
GTCATGACAGAGTCAG-1,11.415965,12.319936,s1d1
GTCATGACATGTTCAG-1,9.636887,8.351528,s1d1
GTCATGAGTCTATGAC-1,5.7282834,20.086155,s1d1
GTCATGATCAACTACG-1,11.592125,0.86281776,s1d1
GTCATGATCGCTTTAT-1,10.639756,13.207254,s1d1
GTCATGATCTGTGTGA-1,11.300147,8.735135,s1d1
GTCATTTAGGTCGTGA-1,8.92336,9.156314,s1d1
GTCATTTAGTACCATC-1,2.5465918,17.033197,s1d1
GTCATTTCAACCTAAC-1,3.1266978,19.925901,s1d1
GTCATTTCACTACCCT-1,4.46684,20.12231,s1d1
GTCATTTGTCCAGTTA-1,-1.7371606,5.1862893,s1d1
GTCCACTAGTCTTCCC-1,10.543952,8.921529,s1d1
GTCCACTCACCATATG-1,12.493649,1.1289723,s1d1
GTCCACTCACGAGGTA-1,9.914811,-5.624449,s1d1
GTCCACTCAGGATGAC-1,6.7443767,19.77879,s1d1
GTCCACTGTACTCGTA-1,9.220999,-3.7121663,s1d1
GTCCACTGTCAGTCGC-1,2.8498242,19.994947,s1d1
GTCCACTGTCTGCGCA-1,-3.555407,10.741147,s1d1
GTCCACTGTTACCCAA-1,15.626253,9.639753,s1d1
GTCCACTGTTAGGGAC-1,8.8268385,-5.517693,s1d1
GTCCACTGTTGAGAGC-1,11.2319,-0.3027221,s1d1
GTCCACTTCGGTGAAG-1,3.8244448,16.311739,s1d1
GTCCCATAGACATGCG-1,10.530454,8.276485,s1d1
GTCCCATCAGTCGAGA-1,10.978731,13.244065,s1d1
GTCCCATCATATTCGG-1,11.204748,13.747209,s1d1
GTCCCATTCGTCGACG-1,15.101165,7.4214892,s1d1
GTCCTCAAGCGATGAC-1,9.39825,-1.1961408,s1d1
GTCCTCAAGGCCTGCT-1,11.41291,-0.05807906,s1d1
GTCCTCACAATTAGGA-1,-2.6527517,9.017793,s1d1
GTCCTCAGTAGATTAG-1,11.099047,14.03192,s1d1
GTCCTCAGTGGAACCA-1,11.736972,9.287977,s1d1
GTCCTCATCCTCACCA-1,11.374897,9.929829,s1d1
GTCGAATAGAAGCGGG-1,1.7994522,2.0688314,s1d1
GTCGAATAGGGCAAGG-1,-4.30707,7.5436068,s1d1
GTCGAATAGTTTCGGT-1,4.08811,19.914486,s1d1
GTCGAATCAATCGCAT-1,3.5518167,19.929268,s1d1
GTCGAATCAGCAGTGA-1,12.423472,9.435737,s1d1
GTCGAATCATACTTTC-1,4.359731,2.4798439,s1d1
GTCGAATGTATGTCCA-1,6.328922,20.780704,s1d1
GTCGAATGTTACGGAG-1,10.131876,16.909046,s1d1
GTCGAATTCACGTCCT-1,11.258711,17.406677,s1d1
GTCGAATTCACTTCTA-1,13.884947,3.8807142,s1d1
GTCGAATTCAGCTGAT-1,3.343467,20.331211,s1d1
GTCGCGAAGTTGAATG-1,-4.5394864,8.757377,s1d1
GTCGCGACACTAGTAC-1,11.588692,11.735245,s1d1
GTCGCGAGTAAGATAC-1,13.776567,5.559876,s1d1
GTCGCGAGTACCCAGC-1,9.596694,-3.916532,s1d1
GTCGCGAGTATCGAGG-1,12.554734,3.3676922,s1d1
GTCGCGAGTGAGCGAT-1,12.730295,6.568073,s1d1
GTCGCGAGTTAGGGAC-1,9.460494,-5.2519584,s1d1
GTCGCGAGTTCGTAAC-1,3.4043503,2.232901,s1d1
GTCGCGATCAATGTCG-1,4.1073413,18.282822,s1d1
GTCGCGATCACTACTT-1,9.167843,7.989916,s1d1
GTCGCGATCGCTCTAC-1,-4.070113,8.534325,s1d1
GTCGCGATCGGCATTA-1,12.620439,-3.7031221,s1d1
GTCGCGATCTTCCGTG-1,11.1497345,12.974927,s1d1
GTCGTAAAGAGGATGA-1,7.0910473,19.686018,s1d1
GTCGTAAAGCCAAGGT-1,9.927999,-3.156513,s1d1
GTCGTAAAGTATAGGT-1,3.0379405,20.004059,s1d1
GTCGTAACAACAAGAT-1,8.743687,1.4848005,s1d1
GTCGTAAGTACCCACG-1,9.963385,7.3407044,s1d1
GTCGTAAGTATGTCAC-1,10.241274,7.31932,s1d1
GTCGTAATCCCAGTGG-1,-3.502331,8.536414,s1d1
GTCGTAATCGACATCA-1,5.814296,18.374847,s1d1
GTCGTTCAGCACGTCC-1,4.669972,19.685333,s1d1
GTCGTTCAGCGCCGTT-1,11.442651,9.146464,s1d1
GTCGTTCAGGTAAACT-1,3.031253,20.216545,s1d1
GTCGTTCAGTAGCCAG-1,11.545034,9.356318,s1d1
GTCGTTCCAATGCAAA-1,12.688834,6.02341,s1d1
GTCGTTCCAGAGTTCT-1,12.281517,8.884726,s1d1
GTCGTTCGTAACCCTA-1,11.53473,-4.258542,s1d1
GTCGTTCGTCCGCAGT-1,1.8008921,2.2454872,s1d1
GTCGTTCGTTAACCTG-1,8.412055,-4.96991,s1d1
GTCGTTCTCATTCCTA-1,14.55099,9.045421,s1d1
GTCGTTCTCCACGTGG-1,10.222739,7.519731,s1d1
GTCGTTCTCTCGGTAA-1,7.9888763,-4.3667145,s1d1
GTCTACCAGACTCTAC-1,-3.0945275,9.791334,s1d1
GTCTACCAGAGTGTGC-1,10.845755,8.4945965,s1d1
GTCTACCAGGACACTG-1,10.091758,-3.3134665,s1d1
GTCTACCCAGGCATGA-1,4.170969,2.8807406,s1d1
GTCTACCGTCGAGATG-1,-4.6739316,8.809446,s1d1
GTCTACCTCAACTGGT-1,-0.86043316,4.7631454,s1d1
GTCTACCTCGCTGTTC-1,3.017857,17.833195,s1d1
GTCTACCTCTCTCAAT-1,9.687745,-4.5450244,s1d1
GTCTAGAAGCCATTTG-1,8.92764,9.362488,s1d1
GTCTAGAAGGCCCACT-1,10.784861,10.345457,s1d1
GTCTAGACAATTTCCT-1,11.464074,17.74106,s1d1
GTCTAGACACGGTCTG-1,12.464124,0.42791414,s1d1
GTCTAGACAGGCACAA-1,5.4687366,17.435158,s1d1
GTCTAGACAGTATTCG-1,2.5585864,20.160364,s1d1
GTCTAGAGTAAGGTCG-1,10.893633,-4.5222187,s1d1
GTCTAGAGTCAATCTG-1,-1.9416082,5.5265627,s1d1
GTCTAGAGTTGTTGCA-1,11.963333,7.4715486,s1d1
GTCTAGATCGTGCGAC-1,12.983498,5.340781,s1d1
GTCTAGATCTGAGAGG-1,10.253772,8.269001,s1d1
GTCTCACAGATGGTCG-1,10.646299,14.476625,s1d1
GTCTCACAGCTAAATG-1,7.258187,20.064074,s1d1
GTCTCACAGTCGTCTA-1,3.0481315,2.3393552,s1d1
GTCTCACCAATTGCCA-1,13.933828,6.0413256,s1d1
GTCTCACCAGAACTAA-1,5.6137013,17.959143,s1d1
GTCTCACCATCTGTTT-1,11.620031,10.036562,s1d1
GTCTCACCATTGCCTC-1,14.602459,8.567692,s1d1
GTCTCACGTATATGGA-1,9.619867,-5.675439,s1d1
GTCTCACGTCAAGCGA-1,13.308968,6.0802565,s1d1
GTCTCACGTCATCGGC-1,10.407663,-3.5780306,s1d1
GTCTCACTCACCCATC-1,2.7770882,19.798069,s1d1
GTCTCACTCAGACATC-1,6.8765707,17.851938,s1d1
GTCTCACTCCCAGGAC-1,10.030886,-3.1571293,s1d1
GTCTCACTCTCACGAA-1,1.7421104,1.8351184,s1d1
GTCTGTCAGACCTGGA-1,12.620394,0.5185964,s1d1
GTCTGTCAGCCGAATG-1,-4.5436707,10.037687,s1d1
GTCTGTCAGGGACAGG-1,3.0203264,4.239233,s1d1
GTCTGTCAGGTGGCTA-1,-1.3053015,4.320643,s1d1
GTCTGTCAGTTGGGAC-1,3.5388753,19.564995,s1d1
GTCTGTCCAAATCAGA-1,8.780636,12.546164,s1d1
GTCTGTCCAATAGTAG-1,11.666241,0.45058864,s1d1
GTCTGTCCATACGCAT-1,11.971645,6.5085196,s1d1
GTCTGTCCATCCCGTT-1,2.2292657,4.808531,s1d1
GTCTGTCGTATCAGCT-1,3.4938273,1.8528105,s1d1
GTCTGTCGTGGTTTGT-1,13.261891,3.8798802,s1d1
GTCTGTCTCACTTTGT-1,7.986904,11.231636,s1d1
GTCTGTCTCCTAGCCT-1,3.9016442,18.153414,s1d1
GTCTGTCTCTCGTGAA-1,4.782679,18.531494,s1d1
GTCTTTAAGATGATTG-1,4.7584295,19.221466,s1d1
GTCTTTACAGCCCAGT-1,8.629528,3.311687,s1d1
GTCTTTACATCCGAAT-1,4.8173203,19.196627,s1d1
GTCTTTAGTAAGTCAA-1,12.293695,6.687299,s1d1
GTCTTTAGTAGTTACC-1,1.0707084,1.6873766,s1d1
GTCTTTAGTCCGGCAT-1,3.181182,4.321655,s1d1
GTCTTTAGTGCATTAC-1,13.515517,6.7358603,s1d1
GTCTTTATCAAGCTTG-1,14.567785,6.18582,s1d1
GTCTTTATCCGAGCTG-1,10.492127,14.627951,s1d1
GTCTTTATCCTATTTG-1,-3.8816884,7.660381,s1d1
GTCTTTATCGCTAAAC-1,9.221963,8.485521,s1d1
GTCTTTATCGCTGCGA-1,12.662692,6.306712,s1d1
GTGACGCAGACCTCAT-1,10.679369,12.765309,s1d1
GTGACGCAGTAGAATC-1,-4.164322,8.938043,s1d1
GTGACGCAGTGGCAGT-1,9.561592,9.533178,s1d1
GTGACGCAGTGGTTAA-1,11.94527,0.78275645,s1d1
GTGACGCAGTTGGGAC-1,3.701921,19.7097,s1d1
GTGACGCCAAGCCTGC-1,9.576953,17.266483,s1d1
GTGACGCCACGCTGCA-1,10.12931,6.1864333,s1d1
GTGACGCCATCAGCTA-1,-3.5775743,8.163414,s1d1
GTGACGCGTGCCCACA-1,11.12781,14.205766,s1d1
GTGACGCGTTCGTAAC-1,-1.1291939,4.8278604,s1d1
GTGACGCTCTAGTGTG-1,4.204155,1.9986634,s1d1
GTGAGCCAGCAACTCT-1,8.312768,-5.714156,s1d1
GTGAGCCAGCCATCCG-1,11.465385,7.797897,s1d1
GTGAGCCAGCTGGTGA-1,11.124469,7.5374384,s1d1
GTGAGCCAGTCACTAC-1,3.404619,1.8351074,s1d1
GTGAGCCCAGTCCCGA-1,2.0672145,1.4799707,s1d1
GTGAGCCGTACTCCCT-1,13.648693,3.9401472,s1d1
GTGAGCCGTTGGCCGT-1,5.589466,17.554522,s1d1
GTGAGCCTCAGTCACA-1,5.536978,17.861584,s1d1
GTGAGCCTCCTCACGT-1,10.382016,8.677129,s1d1
GTGAGCCTCTAGGAAA-1,-4.6303477,8.826682,s1d1
GTGAGCCTCTTCGTAT-1,6.2200317,19.905905,s1d1
GTGAGGAAGCAGGCTA-1,4.120741,19.426392,s1d1
GTGAGGAAGCTCGTGC-1,12.8823,5.9810863,s1d1
GTGAGGACAGATCCTA-1,-4.4026976,8.65164,s1d1
GTGAGGACATCCGGCA-1,2.5506146,19.964357,s1d1
GTGAGGAGTGGGTCAA-1,8.190985,-5.713092,s1d1
GTGAGGAGTTTAGTCG-1,15.139041,6.7485247,s1d1
GTGAGGATCATTTCCA-1,-2.8702788,12.007925,s1d1
GTGAGGATCGCTACAA-1,12.279261,0.62653303,s1d1
GTGAGGATCTCGCGTT-1,8.974503,-5.323214,s1d1
GTGAGTTAGAAGTCAT-1,6.795769,2.8364687,s1d1
GTGAGTTAGCTCGAAG-1,12.220014,8.205646,s1d1
GTGAGTTAGGCTGGAT-1,-4.0081143,7.991333,s1d1
GTGAGTTCAAATCAGA-1,11.525533,8.218416,s1d1
GTGAGTTGTAACATAG-1,13.937989,7.05659,s1d1
GTGAGTTGTCACTCGG-1,10.8505535,10.119023,s1d1
GTGAGTTGTTAAGACA-1,13.305026,3.3631985,s1d1
GTGATGTAGAACCCGA-1,10.868562,14.185813,s1d1
GTGATGTAGCGCCATC-1,14.033191,4.0640078,s1d1
GTGATGTCAGAAACCG-1,5.527421,17.908813,s1d1
GTGATGTCAGGCTATT-1,-3.9206219,8.1699,s1d1
GTGATGTCAGTTAAAG-1,13.600476,7.579957,s1d1
GTGATGTTCCTTGAAG-1,9.454433,-3.3808417,s1d1
GTGATGTTCGTAGTGT-1,0.2698801,4.685679,s1d1
GTGATGTTCGTTCCTG-1,15.534387,7.264805,s1d1
GTGCACGCAAGAAATC-1,9.886253,9.14764,s1d1
GTGCACGCACAGTACT-1,10.85885,9.107673,s1d1
GTGCACGCAGAAACCG-1,9.986368,-5.509827,s1d1
GTGCACGGTGGACAGT-1,3.564365,3.7395754,s1d1
GTGCACGTCATGCCAA-1,7.2845697,19.759974,s1d1
GTGCACGTCCATACTT-1,7.2872233,-3.399552,s1d1
GTGCACGTCTGAGGTT-1,3.2775826,19.102728,s1d1
GTGCAGCAGATGCGAC-1,11.97458,7.112384,s1d1
GTGCAGCAGGTGGCTA-1,13.640744,3.032016,s1d1
GTGCAGCCAATGGCAG-1,2.373132,5.3929143,s1d1
GTGCAGCGTCAATCTG-1,9.028669,-5.1091037,s1d1
GTGCAGCGTTCTCCTG-1,1.7117103,2.3775835,s1d1
GTGCAGCTCGATCCCT-1,11.705089,0.12507014,s1d1
GTGCAGCTCGGATTAC-1,14.726325,6.6536937,s1d1
GTGCGTGAGGTGATAT-1,9.494007,8.642669,s1d1
GTGCGTGAGTGCCGAA-1,12.813446,7.9723573,s1d1
GTGCGTGCAAGAGGCT-1,10.122329,-4.7564425,s1d1
GTGCGTGCAGAATGTA-1,8.837028,9.433725,s1d1
GTGCGTGGTCGTGTTA-1,9.054269,9.736849,s1d1
GTGCGTGTCCGATCGG-1,12.248287,2.454029,s1d1
GTGCGTGTCGTGTGGC-1,-3.4887137,5.1482143,s1d1
GTGCTGGCAACGCATT-1,-1.7095398,6.073345,s1d1
GTGCTGGCAATCTCGA-1,10.458732,9.177511,s1d1
GTGCTGGCACGGTGTC-1,-3.1168249,9.5970125,s1d1
GTGCTGGCAGCAATTC-1,10.761488,7.445095,s1d1
GTGCTGGCAGGGTTGA-1,14.239716,9.405067,s1d1
GTGCTGGCATAGTCGT-1,11.152135,7.336602,s1d1
GTGCTGGGTTGGCCTG-1,12.333107,10.0969925,s1d1
GTGCTGGTCAAGAAAC-1,14.860721,7.97299,s1d1
GTGCTGGTCCGCAGTG-1,4.255624,2.7644746,s1d1
GTGCTGGTCGGTATGT-1,6.439907,20.86447,s1d1
GTGCTGGTCTAGAACC-1,13.509741,3.391098,s1d1
GTGCTTCAGCGACAGT-1,1.0622962,3.553196,s1d1
GTGCTTCCAATGTTGC-1,6.4904304,10.888446,s1d1
GTGCTTCGTCTATGAC-1,10.5927925,-3.7564487,s1d1
GTGCTTCGTGTTCGTA-1,14.134294,8.389236,s1d1
GTGCTTCTCGCCACTT-1,12.799921,3.5948923,s1d1
GTGCTTCTCGTCGGGT-1,-4.590941,8.639857,s1d1
GTGCTTCTCTCCTGAC-1,12.579424,-3.5713584,s1d1
GTGGAAGAGGATGGCT-1,12.303707,6.9628806,s1d1
GTGGAAGAGTTCATCG-1,6.6929564,10.748519,s1d1
GTGGAAGCAAACCACT-1,10.284513,16.680883,s1d1
GTGGAAGCAATCCTAG-1,0.7684612,2.2615614,s1d1
GTGGAAGCATGTCGTA-1,10.036511,8.335843,s1d1
GTGGAAGGTCATACCA-1,-4.6920686,5.545543,s1d1
GTGGAAGGTGCTATTG-1,9.636509,9.641064,s1d1
GTGGAAGTCTAGTCAG-1,13.3799,4.5068493,s1d1
GTGGAGAAGACACACG-1,12.275578,9.547138,s1d1
GTGGAGACAGGCGTTC-1,9.510891,-3.627994,s1d1
GTGGAGAGTCCGACGT-1,10.732695,13.032029,s1d1
GTGGAGAGTGAGGAAA-1,13.795706,6.27655,s1d1
GTGGAGAGTGATGGCA-1,6.957657,20.725084,s1d1
GTGGAGATCCCATACC-1,8.582746,3.2904327,s1d1
GTGGCGTAGAGGTATT-1,-0.42588282,4.685062,s1d1
GTGGCGTAGCTGAGCA-1,9.371078,9.686085,s1d1
GTGGCGTAGCTTCGTA-1,9.084476,-3.4148686,s1d1
GTGGCGTAGTGCACCC-1,3.7853758,20.04868,s1d1
GTGGCGTCAATAGGGC-1,14.038639,7.196338,s1d1
GTGGCGTCAGCCTTCT-1,14.284607,6.030919,s1d1
GTGGCGTCAGGCGATA-1,7.393037,-3.7569935,s1d1
GTGGCGTCATTGAAAG-1,11.152361,13.9460125,s1d1
GTGGCGTGTGAGTAGC-1,6.30804,19.418592,s1d1
GTGGCGTTCAAAGGTA-1,15.067445,7.996233,s1d1
GTGGCGTTCCACACCT-1,-3.8541787,7.5621405,s1d1
GTGGCGTTCTCGCTCA-1,5.1536074,18.375595,s1d1
GTGGGAAAGGTGCTTT-1,11.868131,1.5465449,s1d1
GTGGGAAAGTGCAGGT-1,8.766803,-5.684905,s1d1
GTGGGAAGTCCGATCG-1,3.5095255,2.990538,s1d1
GTGGTTAAGACTCATC-1,12.295858,-3.8023105,s1d1
GTGGTTAAGAGTCCGA-1,7.9934936,13.235298,s1d1
GTGGTTAAGGACGGAG-1,9.699416,8.059986,s1d1
GTGGTTACAACCAATC-1,9.632065,8.138717,s1d1
GTGGTTACAGTCACGC-1,2.7813354,19.952795,s1d1
GTGGTTATCCGAGTGC-1,15.300392,6.5271883,s1d1
GTGGTTATCGCAGTTA-1,8.179682,-5.3180704,s1d1
GTGGTTATCTTAGGAC-1,2.1087651,4.504207,s1d1
GTGTAACAGACGCAGT-1,6.716473,20.269327,s1d1
GTGTAACAGCATGAAT-1,12.027477,-1.7295958,s1d1
GTGTAACAGCTGCCAC-1,-4.5354195,8.898383,s1d1
GTGTAACCAATCGAAA-1,11.460926,3.6957364,s1d1
GTGTAACCAGGACTTT-1,14.552779,8.887109,s1d1
GTGTAACGTATGGTAA-1,9.902285,-5.801063,s1d1
GTGTAACGTGCCGTAC-1,8.540965,0.62682974,s1d1
GTGTAACTCCCAGGAC-1,-3.6708608,10.453696,s1d1
GTGTAACTCCTAAACG-1,-3.189194,9.244402,s1d1
GTGTAACTCCTTGACC-1,5.595545,18.052925,s1d1
GTGTCCTCACACCGCA-1,10.1568775,-5.239599,s1d1
GTGTCCTCACACCTAA-1,13.221996,6.281337,s1d1
GTGTCCTCACCAGGTC-1,11.09413,11.788085,s1d1
GTGTCCTCACTCTCGT-1,3.522341,20.355982,s1d1
GTGTCCTCAGTCTTCC-1,9.548997,6.995182,s1d1
GTGTCCTGTCACGCTG-1,3.6144533,4.9079404,s1d1
GTGTCCTGTGATTCAC-1,2.3399315,5.0420346,s1d1
GTGTCCTTCCGGGACT-1,0.85099185,2.9755912,s1d1
GTGTCCTTCGAGAGAC-1,2.8048944,1.8822595,s1d1
GTGTCCTTCGATACAC-1,9.044326,6.473253,s1d1
GTGTCCTTCGGTCTGG-1,9.389071,-6.0652275,s1d1
GTGTGATAGAATTGTG-1,8.092504,7.7744455,s1d1
GTGTGATCAAACCACT-1,12.529522,5.910786,s1d1
GTGTGATCAGCGAGTA-1,11.180647,14.115955,s1d1
GTGTGATCATGAAGCG-1,-4.743202,7.963155,s1d1
GTGTGATGTATCACGT-1,7.798679,-4.2697325,s1d1
GTGTGATGTGCCGTTG-1,12.009624,9.971113,s1d1
GTGTGGCAGAACAAGG-1,9.117529,-6.157422,s1d1
GTGTGGCAGCCAAGCA-1,2.5766723,16.1495,s1d1
GTGTGGCAGTGCCTCG-1,14.501754,5.7589326,s1d1
GTGTGGCAGTTCGGTT-1,9.705501,8.203167,s1d1
GTGTGGCCACCTGCAG-1,7.747991,-3.4156923,s1d1
GTGTGGCGTAACATAG-1,12.336883,9.186651,s1d1
GTGTGGCGTAATTGGA-1,9.100645,9.03428,s1d1
GTGTGGCGTGGTTCTA-1,11.024964,11.355279,s1d1
GTGTGGCGTTGGATCT-1,9.885873,9.409423,s1d1
GTGTGGCTCGAAGCCC-1,13.631928,6.884469,s1d1
GTGTGGCTCGACGCGT-1,13.621732,8.632811,s1d1
GTGTTAGAGAGATGCC-1,14.192776,4.4812145,s1d1
GTGTTAGAGTGATGGC-1,3.321993,3.220196,s1d1
GTGTTAGCAGGTATGG-1,15.383931,7.770434,s1d1
GTGTTAGCATAGAATG-1,15.653894,8.369807,s1d1
GTGTTAGCATGTGCCG-1,6.9653506,20.526043,s1d1
GTGTTAGGTTTAGTCG-1,11.151358,9.614684,s1d1
GTGTTAGTCCGCACTT-1,-3.777607,11.917563,s1d1
GTGTTAGTCGTCAAAC-1,-3.9229667,7.7200055,s1d1
GTGTTAGTCGTTTACT-1,5.4985013,17.972374,s1d1
GTGTTCCAGCGAATGC-1,-5.1775155,8.571567,s1d1
GTGTTCCAGGCGTTGA-1,12.743086,6.908209,s1d1
GTGTTCCCAACCGGAA-1,3.8706527,20.188396,s1d1
GTGTTCCCACCGGCTA-1,1.4943523,1.4482446,s1d1
GTGTTCCGTATTCCGA-1,8.229653,-5.3765516,s1d1
GTGTTCCGTCCAGCCA-1,-0.491577,3.2431412,s1d1
GTGTTCCTCAGTCTTT-1,11.796931,12.949542,s1d1
GTTACAGCACTACACA-1,10.635825,7.324133,s1d1
GTTACAGCAGCCGTTG-1,13.113216,8.509595,s1d1
GTTACAGCATAATGCC-1,12.05025,1.0649368,s1d1
GTTACAGCATGACCCG-1,5.2615128,17.68674,s1d1
GTTACAGCATTCTCTA-1,11.444323,0.2635707,s1d1
GTTACAGGTGCCTATA-1,-0.6407744,5.1679196,s1d1
GTTACAGGTGGTCTTA-1,10.953623,8.947504,s1d1
GTTACCCAGCATCGAG-1,2.8606198,20.4978,s1d1
GTTACCCAGCCATTTG-1,12.00801,7.78695,s1d1
GTTACCCAGCCGATAG-1,8.05153,2.8888335,s1d1
GTTACCCAGTGCAACG-1,4.268718,2.7752652,s1d1
GTTACCCCAATAACGA-1,13.35403,3.2986536,s1d1
GTTACCCCAATGGCAG-1,12.883087,11.054913,s1d1
GTTACCCCATGTCGTA-1,-4.368567,9.130869,s1d1
GTTACCCGTGTCCAAT-1,9.109169,-4.3421726,s1d1
GTTACCCTCAGTCACA-1,10.877833,16.868313,s1d1
GTTACGAAGACATAAC-1,9.368417,-4.9966736,s1d1
GTTACGAAGTAAGCAT-1,8.018472,-2.355913,s1d1
GTTACGAGTACGGGAT-1,8.189594,7.8150167,s1d1
GTTACGAGTGCGTGCT-1,7.219326,11.93464,s1d1
GTTACGAGTGTCATTG-1,6.6752295,11.028493,s1d1
GTTACGAGTTCGCGTG-1,14.366149,8.616889,s1d1
GTTACGATCAAGTTGC-1,2.5232246,15.829782,s1d1
GTTACGATCAATCCGA-1,11.282935,0.03353733,s1d1
GTTAGACAGACTGTTC-1,8.034559,-5.2707233,s1d1
GTTAGACAGCTGTCCG-1,2.6991494,1.7725328,s1d1
GTTAGACAGGCCGCTT-1,10.902158,7.011316,s1d1
GTTAGACAGTCGCCAC-1,12.793495,8.829398,s1d1
GTTAGACCAGCACACC-1,4.180634,20.628965,s1d1
GTTAGACGTAGGGAGG-1,9.674682,1.6514963,s1d1
GTTAGACGTAGTGTGG-1,7.23001,18.771774,s1d1
GTTAGACGTCGTCAGC-1,13.307392,4.396775,s1d1
GTTAGACGTGACACGA-1,12.955665,5.523488,s1d1
GTTAGACTCATCTGTT-1,3.558679,16.724771,s1d1
GTTAGTGAGACCTGGA-1,9.045149,6.828617,s1d1
GTTAGTGAGTGAGTGC-1,5.5359383,2.096912,s1d1
GTTAGTGCAAGGCCTC-1,12.443707,5.264121,s1d1
GTTAGTGCACGACAAG-1,3.8871596,4.719573,s1d1
GTTAGTGCAGGCATTT-1,-4.7407546,8.197841,s1d1
GTTAGTGCATCTCATT-1,3.060909,16.13767,s1d1
GTTAGTGCATGGATCT-1,13.915358,7.880361,s1d1
GTTAGTGGTATACCTG-1,3.1855104,2.0651972,s1d1
GTTAGTGGTGGGACAT-1,9.570084,1.5117599,s1d1
GTTAGTGTCAGCTGTA-1,10.130594,9.833264,s1d1
GTTAGTGTCATCACAG-1,10.128387,9.135333,s1d1
GTTAGTGTCCAGTTCC-1,11.616532,7.9555297,s1d1
GTTAGTGTCGACATTG-1,5.2496624,20.507702,s1d1
GTTAGTGTCGCGTCGA-1,-4.851511,10.235776,s1d1
GTTAGTGTCTGCGAGC-1,10.937774,13.37219,s1d1
GTTATGGAGATTAGAC-1,-1.437031,4.59081,s1d1
GTTATGGAGGCTTAAA-1,12.128529,10.931758,s1d1
GTTATGGAGGTCCAGA-1,5.347429,17.474926,s1d1
GTTATGGCAGGCACAA-1,6.5225105,20.904667,s1d1
GTTATGGCATTGACTG-1,3.7678366,16.103092,s1d1
GTTATGGGTCTCCCTA-1,5.4209986,18.352615,s1d1
GTTATGGGTGATTCAC-1,9.356009,-4.6705565,s1d1
GTTCATTAGCAAGGAA-1,-0.43426368,4.13118,s1d1
GTTCATTTCAATCCGA-1,11.706512,9.045929,s1d1
GTTCCGTAGCAGGTCA-1,9.40276,-4.987039,s1d1
GTTCCGTAGTGGTTAA-1,4.4541173,2.7639804,s1d1
GTTCCGTAGTTCCATG-1,-2.4494529,9.41785,s1d1
GTTCCGTCAAACCGGA-1,12.239584,2.3085368,s1d1
GTTCCGTCACAGCCTG-1,9.587564,-4.6951222,s1d1
GTTCCGTCAGCGGATA-1,11.088067,17.415186,s1d1
GTTCCGTTCACAAGAA-1,7.9352055,-5.426817,s1d1
GTTCCGTTCTTTGCAT-1,11.671093,0.5052305,s1d1
GTTCGCTAGGAATCGC-1,10.09475,8.525226,s1d1
GTTCGCTAGTACTGTC-1,10.5390835,7.4930415,s1d1
GTTCGCTAGTAGGATT-1,0.9027339,4.9375,s1d1
GTTCGCTCACCAGACC-1,8.819237,8.421177,s1d1
GTTCGCTTCACGATAC-1,5.794234,20.096653,s1d1
GTTCGCTTCGTAACTG-1,8.028819,13.418402,s1d1
GTTCTATAGCTCCGAC-1,11.697363,0.1618853,s1d1
GTTCTATAGGATAATC-1,7.1496186,-4.372939,s1d1
GTTCTATAGGTAAGTT-1,6.557767,20.9501,s1d1
GTTGAACAGACATAGT-1,-5.0610247,9.908724,s1d1
GTTGAACAGCATCTTG-1,4.0496073,20.377012,s1d1
GTTGAACAGTAGAATC-1,12.93009,3.6661143,s1d1
GTTGAACCACACTTAG-1,-5.2991023,8.730327,s1d1
GTTGAACCACCCTAGG-1,11.725656,11.893204,s1d1
GTTGAACGTATGGGAC-1,14.253349,7.55951,s1d1
GTTGAACGTGAACGGT-1,2.5615659,19.504932,s1d1
GTTGAACTCAAGGTGG-1,-2.9319367,11.741006,s1d1
GTTGAACTCCTGTAGA-1,10.097122,7.449356,s1d1
GTTGAACTCTGCATAG-1,13.817197,4.445536,s1d1
GTTGCGGAGAGACAAG-1,9.988577,9.665779,s1d1
GTTGCGGAGCAAATCA-1,3.843364,20.844114,s1d1
GTTGCGGCAAGTCGTT-1,7.1938715,-2.994352,s1d1
GTTGCGGCAGACAAAT-1,8.7657585,8.917451,s1d1
GTTGCGGCATCGATCA-1,3.4092073,3.7520115,s1d1
GTTGCGGCATGACGTT-1,3.6004152,19.43856,s1d1
GTTGCGGCATTGTCGA-1,5.7540517,17.672846,s1d1
GTTGCGGGTGACACGA-1,10.518486,9.830327,s1d1
GTTGCGGTCCAAAGGG-1,-4.545036,6.6708293,s1d1
GTTGCGGTCTCGGCTT-1,-3.6398122,8.110787,s1d1
GTTGCTCAGACATATG-1,7.331719,-3.1785154,s1d1
GTTGCTCAGTACAGCG-1,10.787773,8.518876,s1d1
GTTGCTCAGTTTGCTG-1,11.564709,10.133191,s1d1
GTTGCTCAGTTTGGCT-1,4.1759973,17.754063,s1d1
GTTGCTCTCAACCGAT-1,15.637434,9.392376,s1d1
GTTGCTCTCATTATCC-1,8.576213,-3.4642572,s1d1
GTTGCTCTCCGTAATG-1,12.140675,9.467354,s1d1
GTTGCTCTCGGCTGAC-1,13.021206,6.1872606,s1d1
GTTGTAGAGCGTGCTC-1,14.221426,4.7273726,s1d1
GTTGTAGAGGGCAGTT-1,10.609936,2.7935739,s1d1
GTTGTAGAGTTCTCTT-1,10.816727,7.8727407,s1d1
GTTGTAGCAATAACGA-1,14.013974,4.8910785,s1d1
GTTGTAGCACGCCAGT-1,6.433379,18.69769,s1d1
GTTGTAGCACTGCTTC-1,7.0089707,20.10962,s1d1
GTTGTAGGTCTCACGG-1,12.493819,9.940161,s1d1
GTTGTAGGTCTGTAGT-1,-0.30473733,4.888361,s1d1
GTTGTAGTCGATCCCT-1,13.522811,3.8360064,s1d1
GTTGTAGTCGGTCATA-1,3.877411,19.658522,s1d1
GTTGTCCAGAATACAC-1,5.58234,18.292955,s1d1
GTTGTCCAGACTACCT-1,11.771733,7.8449426,s1d1
GTTGTCCAGGTGTGAC-1,10.266958,8.0397005,s1d1
GTTGTCCCAATGAGCG-1,8.015181,-5.375555,s1d1
GTTGTCCCAATTTCGG-1,11.254208,8.865714,s1d1
GTTGTCCCAGCCGTCA-1,11.147132,10.559186,s1d1
GTTGTCCGTACGTTCA-1,13.641451,6.912923,s1d1
GTTGTCCGTCGAGATG-1,15.075781,8.398795,s1d1
GTTGTCCGTCTCGGGT-1,9.321242,2.0753603,s1d1
GTTGTCCTCGTAACAC-1,13.847657,9.511903,s1d1
GTTGTGAAGTCCCGAC-1,10.7352915,7.990107,s1d1
GTTGTGAAGTCGGGAT-1,1.5559227,3.2901504,s1d1
GTTGTGACATTGAAGA-1,8.867172,9.773987,s1d1
GTTGTGATCGGCATCG-1,7.4871774,1.6051164,s1d1
GTTGTGATCTATCCAT-1,-3.6147556,12.162912,s1d1
GTTGTGATCTATCGCC-1,11.295404,8.22765,s1d1
GTTTACTAGCCTCGTG-1,12.328286,0.3595949,s1d1
GTTTACTAGCTCCGAC-1,4.591603,19.302273,s1d1
GTTTACTAGTCATCGT-1,11.681915,13.195901,s1d1
GTTTACTCAACACGTT-1,13.365139,7.1293945,s1d1
GTTTACTCAAGATCCT-1,10.689619,10.5518465,s1d1
GTTTACTCACTCCCTA-1,9.699707,13.115851,s1d1
GTTTACTCACTCTCGT-1,-3.295023,9.760173,s1d1
GTTTACTCATAGTCGT-1,2.3678122,15.868912,s1d1
GTTTACTGTCCAGCCA-1,6.2616076,20.294186,s1d1
GTTTACTTCGCATGAT-1,9.87067,-5.484332,s1d1
GTTTACTTCGCTGTTC-1,3.0720584,4.9645348,s1d1
GTTTGGAAGTTAGAAC-1,5.0795155,18.091875,s1d1
GTTTGGACATTGCTGA-1,6.3976917,20.58123,s1d1
GTTTGGAGTATTCCTT-1,12.236598,-3.7437778,s1d1
GTTTGGAGTGTGAGCA-1,8.869572,7.305788,s1d1
GTTTGGAGTTGAGAGC-1,8.233509,-3.307334,s1d1
GTTTGGATCCACGGGT-1,15.365356,6.877819,s1d1
GTTTGGATCGGTCGAC-1,11.094696,8.952631,s1d1
GTTTGGATCTGTGTGA-1,10.46032,-3.882526,s1d1
GTTTGGATCTTCGGAA-1,9.0149555,-6.0539846,s1d1
TAACACGAGCAATTAG-1,14.28708,8.206679,s1d1
TAACACGAGGTAGGCT-1,-1.392208,5.084471,s1d1
TAACACGCACGTAGAG-1,2.5195065,3.4861524,s1d1
TAACACGCACTACTTT-1,11.507904,7.775722,s1d1
TAACACGCATCATGAC-1,12.794029,8.852462,s1d1
TAACACGGTAGGGTAC-1,11.269364,9.853423,s1d1
TAACACGGTCGGAAAC-1,3.3044775,2.634971,s1d1
TAACACGTCACTGCTC-1,10.113088,-5.489542,s1d1
TAACCAGAGATAACAC-1,15.078831,7.578011,s1d1
TAACCAGCACGGATCC-1,-3.6640947,8.727609,s1d1
TAACCAGCAGGACTTT-1,12.512562,5.7951226,s1d1
TAACCAGGTAGTCACT-1,2.6780195,15.85046,s1d1
TAACCAGGTATACCTG-1,-0.796395,3.7406116,s1d1
TAACCAGGTGCGAACA-1,9.761215,7.9832883,s1d1
TAACCAGTCCACTGAA-1,5.7394004,17.94082,s1d1
TAACCAGTCGCCGATG-1,14.722199,8.414999,s1d1
TAACCAGTCTGTTGGA-1,16.176195,8.752114,s1d1
TAACGACAGGATCACG-1,8.01334,2.8409817,s1d1
TAACGACCACCCAATA-1,9.446986,-5.781623,s1d1
TAACGACCACTGGCCA-1,8.069821,-3.9507694,s1d1
TAACGACTCCTTATCA-1,10.079351,8.2516575,s1d1
TAACGACTCGCCTCTA-1,2.7717464,5.6595826,s1d1
TAACGACTCTAATTCC-1,2.6358573,4.420214,s1d1
TAACTTCAGACCATTC-1,10.742604,-4.7059517,s1d1
TAACTTCAGCCATTGT-1,13.864628,6.976487,s1d1
TAACTTCAGCGATGAC-1,12.499695,5.7598205,s1d1
TAACTTCAGTACAGCG-1,12.789836,5.9852533,s1d1
TAACTTCCACGAGAAC-1,3.0229833,1.3284472,s1d1
TAACTTCCAGGATCTT-1,3.489896,3.6268597,s1d1
TAACTTCCATAATCCG-1,11.361792,0.41884276,s1d1
TAACTTCGTACCACGC-1,8.771138,11.889644,s1d1
TAACTTCTCCCTCTAG-1,13.02091,7.4203367,s1d1
TAAGCACAGCAGCAGT-1,11.635282,10.092847,s1d1
TAAGCACAGCTGACCC-1,11.154191,7.303812,s1d1
TAAGCACGTGTCATGT-1,9.833389,7.633653,s1d1
TAAGCACGTTCGGCGT-1,9.177808,6.728282,s1d1
TAAGCACTCACTGTCC-1,13.223057,5.9824743,s1d1
TAAGCACTCCTGGGTG-1,13.624734,6.644525,s1d1
TAAGCACTCTGTACAG-1,6.980348,18.575678,s1d1
TAAGCCAAGCCGGAAT-1,14.018449,6.9331284,s1d1
TAAGCCAGTGCAATGG-1,2.8745818,16.026636,s1d1
TAAGCCATCAGTAGGG-1,12.218293,-1.4455079,s1d1
TAAGCCATCGCCACTT-1,12.043461,0.23544322,s1d1
TAAGCCATCTTCTGGC-1,8.766461,-4.141205,s1d1
TAAGCGTAGGAGGCAG-1,11.330504,7.1841106,s1d1
TAAGCGTAGTCATAGA-1,9.005925,3.5017962,s1d1
TAAGCGTCAATCACGT-1,2.055292,2.374593,s1d1
TAAGCGTGTCGTTCAA-1,8.662715,8.524262,s1d1
TAAGCGTGTCTACTGA-1,13.741427,3.1740527,s1d1
TAAGCGTGTGCATACT-1,11.200305,14.205331,s1d1
TAAGCGTGTTGATCGT-1,9.5377445,7.9281526,s1d1
TAAGCGTTCCACGTCT-1,10.085157,6.527475,s1d1
TAAGCGTTCCGCAGTG-1,8.71493,1.6376727,s1d1
TAAGTCGAGACGACTG-1,8.470628,9.242548,s1d1
TAAGTCGAGGAACGAA-1,11.294638,14.047181,s1d1
TAAGTCGAGGGTCTTT-1,7.352347,-4.334079,s1d1
TAAGTCGCAAATGGAT-1,15.63274,8.472601,s1d1
TAAGTCGCACACGGTC-1,4.966004,20.245094,s1d1
TAAGTCGCATACCACA-1,12.844317,8.070497,s1d1
TAAGTCGGTCGCATTA-1,-3.529616,12.181845,s1d1
TAAGTCGTCATTTACC-1,9.565672,8.169262,s1d1
TAAGTCGTCATTTCCA-1,9.775955,-1.635656,s1d1
TAAGTCGTCCTCTAGC-1,3.9567184,21.044243,s1d1
TAAGTCGTCTACGGTA-1,-4.7481194,8.69877,s1d1
TAATCTCAGTACTCGT-1,3.048293,20.659374,s1d1
TAATCTCAGTTCCAGT-1,4.0721087,20.631071,s1d1
TAATCTCCAAATCCCA-1,15.132917,8.138702,s1d1
TAATCTCCACTATGTG-1,10.395663,13.6749935,s1d1
TAATCTCCAGCCTATA-1,5.304531,17.852188,s1d1
TAATCTCCATATGGCT-1,7.125781,20.582064,s1d1
TAATCTCCATGGCTAT-1,0.62320024,3.3833618,s1d1
TAATCTCCATGTAACC-1,2.1643674,4.817698,s1d1
TAATCTCGTATGTCTG-1,9.049158,1.7919283,s1d1
TAATCTCGTCGCGTTG-1,7.930549,-2.2608304,s1d1
TAATCTCGTCTAACGT-1,6.4530997,20.649817,s1d1
TAATCTCTCGATTCCC-1,-4.074595,7.522116,s1d1
TAATCTCTCTCGTCAC-1,6.9179378,17.703566,s1d1
TAATTCCAGCAAATCA-1,-1.2385231,5.07401,s1d1
TAATTCCAGGCCCGTT-1,9.551832,9.382593,s1d1
TAATTCCAGTGACCTT-1,0.16833413,3.3928063,s1d1
TAATTCCAGTTGTAAG-1,10.668785,14.52367,s1d1
TAATTCCCAACGTTAC-1,4.0951586,20.53996,s1d1
TAATTCCCAGAGGACT-1,8.830328,7.50031,s1d1
TAATTCCCAGCGGATA-1,15.7512455,8.772291,s1d1
TAATTCCGTAGCGCCT-1,12.442416,10.25112,s1d1
TAATTCCTCTAGACCA-1,12.952892,8.165395,s1d1
TACAACGAGCATCCTA-1,9.459822,9.528372,s1d1
TACAACGAGGGAGATA-1,14.235338,8.468401,s1d1
TACAACGCAACCGATT-1,12.451085,-3.8576615,s1d1
TACAACGGTCCTGGGT-1,12.931197,4.182057,s1d1
TACAACGGTGATAGTA-1,3.690906,3.9692726,s1d1
TACAACGGTTCTCACC-1,11.959931,-1.7610325,s1d1
TACAACGTCCTATTTG-1,7.2569623,18.269876,s1d1
TACACCCAGAAACTGT-1,13.505513,6.7790937,s1d1
TACACCCAGGAGAATG-1,15.492787,9.667709,s1d1
TACACCCAGGATGAGA-1,13.526329,7.5041456,s1d1
TACACCCAGGCGACAT-1,11.44844,1.0818744,s1d1
TACACCCAGGGAGGGT-1,12.7269945,5.0409193,s1d1
TACACCCCAACCCTAA-1,11.413517,13.670186,s1d1
TACACCCGTCCAAAGG-1,3.886346,5.4920607,s1d1
TACACCCGTGCAATAA-1,1.7670219,3.321361,s1d1
TACACCCGTGCCGTAC-1,10.677641,-4.408587,s1d1
TACACCCGTTCATCGA-1,-3.5520465,8.298104,s1d1
TACACCCTCATGTCTT-1,10.572187,12.607608,s1d1
TACACCCTCCATAAGC-1,13.985621,7.4897814,s1d1
TACACCCTCCGATGCG-1,12.298103,10.866728,s1d1
TACACCCTCTTTCCAA-1,9.936608,0.06490335,s1d1
TACAGGTAGACCTGGA-1,-4.2874517,9.805454,s1d1
TACAGGTAGCTGAGCA-1,7.6381264,-4.3746657,s1d1
TACAGGTAGGGTTAGC-1,12.543209,0.67932516,s1d1
TACAGGTCAACTGAAA-1,7.5259404,-4.6116843,s1d1
TACAGGTCACAGAGCA-1,7.150574,-2.5649579,s1d1
TACAGGTCACTATCCC-1,14.565517,5.3895493,s1d1
TACAGGTGTACCCACG-1,3.3852503,4.1690016,s1d1
TACAGGTGTTAGAGTA-1,9.229381,-3.5603,s1d1
TACAGGTGTTTCGACA-1,8.498983,-5.395781,s1d1
TACAGGTTCATTACGG-1,3.92856,20.4917,s1d1
TACAGGTTCGCCTCTA-1,13.87841,7.48508,s1d1
TACATTCAGATGTTAG-1,0.3292228,4.790998,s1d1
TACATTCCAAACGTGG-1,6.650561,20.168163,s1d1
TACATTCCATACCACA-1,8.7947645,13.527364,s1d1
TACATTCGTGGGCTCT-1,5.6824155,18.800055,s1d1
TACATTCGTTACCCTC-1,11.492249,8.944966,s1d1
TACATTCGTTATAGCC-1,14.658285,8.044596,s1d1
TACATTCTCGCTGATA-1,10.955559,9.117217,s1d1
TACATTCTCTATTTCG-1,12.077513,10.047323,s1d1
TACCCACCAAGCGGAT-1,15.015742,9.496783,s1d1
TACCCACCACAAATAG-1,-0.92782414,4.910068,s1d1
TACCCACCACAATTCG-1,4.0156016,20.283781,s1d1
TACCCACCAGTTGGTT-1,9.953568,7.5656233,s1d1
TACCCACGTGTGATGG-1,6.7562127,20.18951,s1d1
TACCCACTCGCACTCT-1,3.7824914,20.37934,s1d1
TACCCGTAGAGCCTGA-1,8.3449545,1.8273436,s1d1
TACCCGTAGCGACCCT-1,6.606082,11.098226,s1d1
TACCCGTAGCGTTGTT-1,6.5795345,20.490662,s1d1
TACCCGTAGTAATCCC-1,3.7695308,20.039545,s1d1
TACCCGTAGTCTGGTT-1,9.942269,-1.3656337,s1d1
TACCCGTCAACCAGAG-1,15.1907425,7.1133614,s1d1
TACCCGTCAAGAAACT-1,10.574342,8.727051,s1d1
TACCCGTCACCACATA-1,10.16709,6.45752,s1d1
TACCCGTCAGGCCTGT-1,11.1256485,11.738884,s1d1
TACCCGTGTAAGATCA-1,3.2375724,19.086481,s1d1
TACCCGTGTCGCCTAG-1,-3.8317497,9.041482,s1d1
TACCCGTGTCTGCAAT-1,10.082736,8.945831,s1d1
TACCCGTGTGACAGCA-1,13.083408,6.5725536,s1d1
TACCCGTTCAGGTAAA-1,9.7189245,-5.4706035,s1d1
TACCCGTTCGGTGCAC-1,5.4697995,18.937983,s1d1
TACCGAAAGAGCTTTC-1,-0.52039033,4.167195,s1d1
TACCGAAAGCACTGGA-1,3.1954794,3.198156,s1d1
TACCGAAAGCGACTGA-1,12.956673,3.470663,s1d1
TACCGAATCATCACAG-1,4.0361376,19.523281,s1d1
TACCGAATCATTGGTG-1,3.4197936,4.1224365,s1d1
TACCGAATCTCGGTCT-1,-3.3790834,9.651135,s1d1
TACCGGGAGAGGTGCT-1,10.155076,10.206476,s1d1
TACCGGGAGGCACTCC-1,8.568499,-5.341707,s1d1
TACCGGGGTCGCTTAA-1,16.249731,8.474901,s1d1
TACCGGGGTTCTTCAT-1,13.210742,3.9573858,s1d1
TACCGGGGTTGCAAGG-1,13.299366,4.7708406,s1d1
TACCGGGTCCACAAGT-1,9.435327,1.8296169,s1d1
TACCGGGTCCATGAGT-1,2.0805683,1.4656718,s1d1
TACCGGGTCCTGCCAT-1,14.163616,6.583789,s1d1
TACCGGGTCTGGGTCG-1,8.382584,-5.0444326,s1d1
TACCTCGAGTGTACCT-1,8.3769045,7.0642114,s1d1
TACCTCGCAGGTGGAT-1,10.082339,9.968697,s1d1
TACCTCGCATCGTCCT-1,13.184537,4.594042,s1d1
TACCTCGGTCGCGGTT-1,4.609113,16.278461,s1d1
TACCTCGGTGCGTTTA-1,9.371644,1.5959651,s1d1
TACCTCGGTGGATCAG-1,3.8156395,19.748402,s1d1
TACCTCGGTGTCTTGA-1,6.43996,18.625982,s1d1
TACCTCGGTTCGGTTA-1,8.191487,-5.652118,s1d1
TACCTCGGTTGGATCT-1,5.407348,19.04697,s1d1
TACCTCGTCAGACATC-1,-1.4276105,7.286768,s1d1
TACCTCGTCGTGTCAA-1,14.131309,7.409106,s1d1
TACCTGCAGAATTTGG-1,10.261143,8.443426,s1d1
TACCTGCAGCACTTTG-1,10.686489,12.771401,s1d1
TACCTGCAGCGTTACT-1,13.448972,3.5524921,s1d1
TACCTGCAGGTAGGCT-1,10.071449,2.6496298,s1d1
TACCTGCCAGAACATA-1,7.298506,20.624128,s1d1
TACCTGCCATCCAACA-1,8.353458,-3.885814,s1d1
TACCTGCGTACCACGC-1,-3.7886658,9.290717,s1d1
TACCTGCTCCGACAGC-1,13.362099,3.007638,s1d1
TACCTGCTCGTAACCA-1,4.1464353,4.413625,s1d1
TACGCTCAGATGTAGT-1,11.068139,10.012358,s1d1
TACGCTCAGGGTTTCT-1,12.838193,6.3449554,s1d1
TACGCTCCAAATCAGA-1,12.2754545,8.343897,s1d1
TACGCTCCACCAGCTG-1,13.877041,8.009021,s1d1
TACGCTCGTGCAGGAT-1,9.66544,-5.6555123,s1d1
TACGCTCGTTGTCTAG-1,2.3985412,3.557828,s1d1
TACGCTCTCAGCGTCG-1,3.0348802,19.882708,s1d1
TACGCTCTCCCTTGGT-1,3.361158,20.07731,s1d1
TACGCTCTCTAGACCA-1,5.958674,10.929921,s1d1
TACGCTCTCTCGACCT-1,9.549019,-5.6881347,s1d1
TACGCTCTCTGACGCG-1,5.075958,18.380648,s1d1
TACGCTCTCTTTGCTA-1,3.8163626,20.873499,s1d1
TACGGGCAGCACGTCC-1,13.09,7.44016,s1d1
TACGGGCAGCGCGTTC-1,-3.869963,9.523942,s1d1
TACGGGCCAGACGATG-1,-2.700201,9.272509,s1d1
TACGGGCCATGACGGA-1,11.034376,8.640721,s1d1
TACGGGCGTCCACACG-1,11.345287,13.549156,s1d1
TACGGGCGTGCAATAA-1,11.4312315,2.1304276,s1d1
TACGGGCGTGCGACAA-1,10.587628,-3.5981581,s1d1
TACGGGCTCCGTGGCA-1,1.6400738,2.7081423,s1d1
TACGGGCTCTATACTC-1,11.41904,8.933597,s1d1
TACGGGCTCTCTTAAC-1,7.125122,18.588669,s1d1
TACGGTAAGACGCAGT-1,2.644506,1.8746083,s1d1
TACGGTAAGACTTAAG-1,12.297007,9.715431,s1d1
TACGGTAAGATAGCAT-1,-4.5278573,11.172991,s1d1
TACGGTAAGCACTTTG-1,5.6646233,18.032463,s1d1
TACGGTAAGCGGGTAT-1,14.618046,6.514952,s1d1
TACGGTAAGCTGCCAC-1,13.630949,7.056966,s1d1
TACGGTAAGTTGCGCC-1,9.507362,9.213464,s1d1
TACGGTACATCAGCTA-1,13.837703,5.1560364,s1d1
TACGGTAGTTGCTCAA-1,3.543619,20.694345,s1d1
TACGGTATCCATGATG-1,-3.0365386,10.381773,s1d1
TACGTCCAGAAGTCCG-1,13.79132,7.9124236,s1d1
TACGTCCAGTCCTGCG-1,13.893439,5.818095,s1d1
TACGTCCCACATGTTG-1,11.691993,7.6411753,s1d1
TACGTCCCACCGTGCA-1,13.220619,7.024238,s1d1
TACGTCCCAGACTCTA-1,11.132184,12.225781,s1d1
TACGTCCTCACGGACC-1,9.785297,17.316317,s1d1
TACGTCCTCATGGTAC-1,-3.7005062,12.107512,s1d1
TACTGCCAGAAGCCAC-1,13.897357,5.9698305,s1d1
TACTGCCAGACTCAAA-1,5.53877,18.040527,s1d1
TACTGCCAGCGCCTCA-1,1.653118,2.566465,s1d1
TACTGCCAGGAATCGC-1,12.350097,8.611622,s1d1
TACTGCCAGGGATCTG-1,14.928715,6.5190578,s1d1
TACTGCCCACTGCATA-1,12.875786,7.1722736,s1d1
TACTGCCCAGTGTGGA-1,12.144449,1.392649,s1d1
TACTGCCGTGCCTGAC-1,11.802512,-1.8239607,s1d1
TACTGCCGTTGTGTAC-1,9.141437,6.654942,s1d1
TACTGCCTCGAACTCA-1,1.6683388,1.8206018,s1d1
TACTTACAGGGCGAAG-1,13.692495,3.7179909,s1d1
TACTTACAGTATTAGG-1,11.25825,9.430172,s1d1
TACTTACCAACCACGC-1,10.253097,2.5800982,s1d1
TACTTACCACTCTAGA-1,10.862983,10.185263,s1d1
TACTTACCATAGATGA-1,6.8148255,20.985672,s1d1
TACTTACCATCGCTAA-1,16.197645,8.915529,s1d1
TACTTACGTACCTAAC-1,12.510689,-3.6898193,s1d1
TACTTACGTAGCTCGC-1,-2.8989534,8.707731,s1d1
TACTTACGTGCAGATG-1,7.5400214,-4.780644,s1d1
TACTTACTCCCGGTAG-1,13.241191,5.786656,s1d1
TACTTCAAGAGGGTAA-1,15.002266,9.34136,s1d1
TACTTCAAGCTCGAAG-1,9.345928,-3.7144887,s1d1
TACTTCAAGTAGGCCA-1,6.621477,11.14123,s1d1
TACTTCACAACGGTAG-1,8.563501,-4.7833443,s1d1
TACTTCACACAGTATC-1,9.077858,-4.4323354,s1d1
TACTTCACACAGTGAG-1,12.723703,8.177037,s1d1
TACTTCAGTAACTGCT-1,7.744071,11.051039,s1d1
TACTTCAGTAGAAACT-1,1.776121,3.9198818,s1d1
TACTTCAGTAGGACTG-1,10.870746,9.531411,s1d1
TACTTCAGTTCCGCAG-1,7.9330773,-4.7328596,s1d1
TACTTCATCAGTGATC-1,14.106654,8.474328,s1d1
TACTTCATCGCGCTGA-1,9.951349,-5.3285847,s1d1
TACTTCATCGCGTGCA-1,8.449567,6.589232,s1d1
TACTTCATCTACTCAT-1,-1.0665728,5.436866,s1d1
TACTTCATCTTGGTCC-1,9.780131,9.531195,s1d1
TACTTGTAGAAGCGCT-1,12.088941,1.0779502,s1d1
TACTTGTAGAGCTGAC-1,8.158308,-2.7867525,s1d1
TACTTGTAGTGTAGTA-1,7.9908214,8.460638,s1d1
TACTTGTCACAGCCTG-1,13.972596,3.4856992,s1d1
TACTTGTCACTGGCGT-1,12.223017,-3.7988958,s1d1
TACTTGTCAGGCACTC-1,11.264048,11.530492,s1d1
TACTTGTCATCGGAAG-1,8.128261,-4.6540837,s1d1
TACTTGTGTATGTGTC-1,14.316191,7.768264,s1d1
TACTTGTGTTAGAGAT-1,14.772111,5.8907466,s1d1
TACTTGTGTTTCGTAG-1,3.867591,18.234907,s1d1
TACTTGTTCCATATGG-1,11.688935,0.18579966,s1d1
TAGACCAAGTGCCTCG-1,-3.376979,12.064788,s1d1
TAGACCACAATTGCGT-1,5.7898374,18.304718,s1d1
TAGACCACAGCACACC-1,10.580447,-4.5204544,s1d1
TAGACCAGTACCCAGC-1,13.161597,3.6506376,s1d1
TAGACCAGTACTGGGA-1,8.299633,-1.6895739,s1d1
TAGACCAGTCACAGAG-1,3.1995056,20.377264,s1d1
TAGACCATCGACCTAA-1,6.3531036,20.941078,s1d1
TAGACCATCGTCGATA-1,14.675734,5.2649155,s1d1
TAGACCATCTCTCAAT-1,10.312579,-5.433612,s1d1
TAGACTGAGAAACTAC-1,14.719501,6.788917,s1d1
TAGACTGAGAAGCCTG-1,11.735093,-1.6597837,s1d1
TAGACTGAGCGCTTCG-1,13.363422,5.448461,s1d1
TAGACTGAGTTACGTC-1,8.7662,3.6686897,s1d1
TAGACTGCACTCCTGT-1,14.306164,6.6749535,s1d1
TAGACTGGTACCGTCG-1,13.836655,8.051761,s1d1
TAGACTGGTTACGGAG-1,11.999107,-4.041195,s1d1
TAGACTGTCGCAACAT-1,12.717113,7.0107136,s1d1
TAGAGTCAGATTGACA-1,11.2925205,10.1406765,s1d1
TAGAGTCAGCGACTTT-1,5.338615,18.512297,s1d1
TAGAGTCAGGGAGAAT-1,14.939747,6.9093757,s1d1
TAGAGTCCACTGGATT-1,9.064248,3.5968335,s1d1
TAGAGTCGTATTGCCA-1,13.610274,6.8282104,s1d1
TAGATCGAGACTGGGT-1,14.347581,5.5959935,s1d1
TAGATCGAGCACTAGG-1,7.328009,20.320986,s1d1
TAGATCGAGGGCAATC-1,9.4832535,-2.6472735,s1d1
TAGATCGAGTCTCCTC-1,14.850336,7.5002227,s1d1
TAGATCGCAGCTACCG-1,9.279898,-3.880413,s1d1
TAGATCGCATAACCCA-1,12.313962,9.642526,s1d1
TAGATCGGTACCAATC-1,11.126785,9.454043,s1d1
TAGATCGGTAGATCGG-1,10.487598,-3.3825767,s1d1
TAGATCGTCGGTATGT-1,9.549383,-3.6138315,s1d1
TAGATCGTCTCCCTAG-1,3.5409732,20.581724,s1d1
TAGCACAAGGCGTTAG-1,-4.3308864,8.751009,s1d1
TAGCACACAATGGGTG-1,0.54653203,5.0743785,s1d1
TAGCACAGTCCCTAAA-1,9.661788,-4.009483,s1d1
TAGCACAGTGAACTAA-1,11.012117,12.897093,s1d1
TAGCACAGTTGCAAGG-1,12.252753,-3.5242043,s1d1
TAGCACAGTTTCAGAC-1,1.2203258,2.3376422,s1d1
TAGCACAGTTTGAACC-1,2.6460454,0.4295898,s1d1
TAGCACATCTCTTCAA-1,8.698194,-4.2035146,s1d1
TAGGAGGAGATGGTCG-1,12.954852,3.663358,s1d1
TAGGAGGAGCCTCATA-1,-3.8490784,10.801061,s1d1
TAGGAGGAGCGAGGAG-1,14.2476225,6.175309,s1d1
TAGGAGGCAAGAGATT-1,-2.755437,8.981041,s1d1
TAGGAGGCATAGGTAA-1,6.789113,20.403994,s1d1
TAGGAGGGTAAGATCA-1,3.3321528,3.570826,s1d1
TAGGAGGGTCTTGCGG-1,11.077204,3.0550148,s1d1
TAGGAGGGTGTAGCAG-1,11.598012,0.6581096,s1d1
TAGGAGGGTGTGCCTG-1,9.5477295,8.063531,s1d1
TAGGAGGGTGTTAGCT-1,13.999896,6.6773396,s1d1
TAGGAGGTCGATTGGT-1,7.9577045,-2.734625,s1d1
TAGGAGGTCTTTGCAT-1,4.1449203,17.095854,s1d1
TAGGGTTAGACGCATG-1,3.574137,20.69257,s1d1
TAGGGTTAGTTACGAA-1,-3.6198533,7.5937877,s1d1
TAGGGTTTCCTTCACG-1,2.8013928,2.3115282,s1d1
TAGGGTTTCGAGTCCG-1,-3.8228498,8.532327,s1d1
TAGGGTTTCGTGCAGC-1,10.525729,13.869321,s1d1
TAGGTACAGCCTGAGA-1,9.428448,9.080601,s1d1
TAGGTACAGGTGCATG-1,12.729896,6.8205466,s1d1
TAGGTACAGTGTGTTC-1,11.720766,6.613994,s1d1
TAGGTACCAACCGATT-1,13.699955,8.21173,s1d1
TAGGTACCACCATTCC-1,11.610007,0.19461223,s1d1
TAGGTACCAGCGGATA-1,9.849889,8.737804,s1d1
TAGGTACCAGGCCCTA-1,11.6246605,9.82857,s1d1
TAGGTACCATGGAAGC-1,10.477335,7.9399734,s1d1
TAGGTACGTAAGGCCA-1,2.4580488,20.301348,s1d1
TAGGTACGTATATGGA-1,8.34205,-3.024678,s1d1
TAGGTACTCTGCGTCT-1,13.177409,5.6273093,s1d1
TAGGTTGAGGGAGAAT-1,15.359591,9.385779,s1d1
TAGGTTGAGGTCATTC-1,10.249667,9.46718,s1d1
TAGGTTGCAAATTGGA-1,-3.2060432,10.40464,s1d1
TAGGTTGCAACACTAC-1,13.701366,8.668618,s1d1
TAGGTTGCAACCGTAT-1,8.599742,8.584521,s1d1
TAGGTTGCACAGCGCT-1,2.3258562,16.04887,s1d1
TAGGTTGCACTAACGT-1,-5.1758823,8.874047,s1d1
TAGTGCAAGGCACTCC-1,3.2617638,20.696152,s1d1
TAGTGCACACCTGCTT-1,11.6005,0.47572953,s1d1
TAGTGCACACTTGTCC-1,-2.3511047,10.401715,s1d1
TAGTGCACAGGCATGA-1,4.0406923,20.593554,s1d1
TAGTGCAGTAGAGCTG-1,12.87522,3.003958,s1d1
TAGTGCAGTAGGCAAC-1,14.011402,8.542102,s1d1
TAGTGCAGTTAATCGC-1,2.8601732,0.7702174,s1d1
TAGTGCAGTTCACCGG-1,8.086148,-5.1503267,s1d1
TAGTGCATCGCATGAT-1,9.7015705,17.178503,s1d1
TATACCTAGTCATCGT-1,14.913327,7.066105,s1d1
TATACCTGTTGAGTCT-1,9.036221,-4.7746115,s1d1
TATACCTTCTACCCAC-1,3.6681807,18.20507,s1d1
TATATCCCAACTGCTA-1,12.10359,0.8783973,s1d1
TATATCCCAGCATGCC-1,5.7476587,11.021448,s1d1
TATATCCCAGGGTTGA-1,8.837405,8.744827,s1d1
TATATCCGTGCATTTG-1,12.724991,9.714975,s1d1
TATATCCTCCGATCGG-1,9.313712,10.175148,s1d1
TATATCCTCCGTGGTG-1,12.45103,2.5010147,s1d1
TATATCCTCGCAAGAG-1,7.98154,-5.5134745,s1d1
TATATCCTCGTTGTAG-1,3.2579536,4.364043,s1d1
TATATCCTCGTTGTGA-1,4.1609664,20.398428,s1d1
TATATCCTCTTACCGC-1,14.160966,5.1821094,s1d1
TATCAGGAGCGCCCAT-1,9.203444,-5.3155704,s1d1
TATCAGGAGGATTTGA-1,5.264743,19.125566,s1d1
TATCAGGCACTAACCA-1,11.43755,9.510976,s1d1
TATCAGGCACTACGGC-1,11.961894,10.068517,s1d1
TATCAGGGTACTGTTG-1,7.3823667,20.283268,s1d1
TATCAGGGTCACAATC-1,-0.08082594,5.9243793,s1d1
TATCCTAAGAGATCGC-1,13.339487,3.2714937,s1d1
TATCCTAAGGGACAGG-1,12.179461,6.959517,s1d1
TATCCTAAGGTAGCCA-1,-3.3832989,13.35839,s1d1
TATCCTAAGTTAGTGA-1,5.7308273,18.288038,s1d1
TATCCTACAACAGAGC-1,-0.29523644,3.1075728,s1d1
TATCCTACAACTCGAT-1,0.9829372,3.3080509,s1d1
TATCCTACACCAGCGT-1,9.50373,7.2150297,s1d1
TATCCTACATCAGTGT-1,14.187752,5.4585757,s1d1
TATCCTACATCGCTCT-1,9.592768,6.6240554,s1d1
TATCCTAGTAGACGGT-1,-3.7449427,10.274798,s1d1
TATCCTAGTGAGTTTC-1,-3.823523,9.214212,s1d1
TATCCTATCAACTGAC-1,9.100605,-4.8680353,s1d1
TATCCTATCACAACCA-1,14.29804,9.027103,s1d1
TATCCTATCATGTCTT-1,2.087406,2.515517,s1d1
TATCGCCAGGGTTGCA-1,8.77556,0.7627758,s1d1
TATCGCCAGTGACCTT-1,10.441447,7.701388,s1d1
TATCGCCCACGTAGTT-1,9.4864645,9.396306,s1d1
TATCGCCCAGCTTCCT-1,12.766545,9.334437,s1d1
TATCGCCCATGGAATA-1,15.364685,6.83421,s1d1
TATCGCCCATTCCTAT-1,13.466212,6.967783,s1d1
TATCGCCGTCATCAGT-1,11.190118,7.255313,s1d1
TATCGCCGTCGCTTAA-1,10.477691,1.9429343,s1d1
TATCGCCGTTATTCCT-1,8.155891,-5.442979,s1d1
TATCGCCGTTCCGCGA-1,2.6084,3.751878,s1d1
TATCGCCGTTGTTGTG-1,9.147509,7.4290204,s1d1
TATCGCCTCATCTCTA-1,4.141287,2.8427653,s1d1
TATCGCCTCCTCACTG-1,8.096006,3.1009762,s1d1
TATCGCCTCTTCTAAC-1,2.2984054,4.008364,s1d1
TATCTGTAGATTGATG-1,3.195936,20.41306,s1d1
TATCTGTAGGTCCCGT-1,9.215931,9.32661,s1d1
TATCTGTAGGTTCATC-1,13.064589,7.181837,s1d1
TATCTGTAGTCATGCT-1,11.087061,17.44122,s1d1
TATCTGTCAGTCTGGC-1,9.404786,7.302425,s1d1
TATCTGTGTGATGAAT-1,4.1528754,20.2478,s1d1
TATCTGTTCAAGTAAG-1,11.616998,1.5509695,s1d1
TATCTGTTCACGACTA-1,3.8260128,5.672043,s1d1
TATCTGTTCCTACCGT-1,6.9916296,20.012154,s1d1
TATCTGTTCGTAGGGA-1,7.156527,19.16215,s1d1
TATCTTGAGACTGTTC-1,9.264071,9.496401,s1d1
TATCTTGAGTCACTCA-1,3.0039856,20.12537,s1d1
TATCTTGAGTCTGCGC-1,11.5326395,-4.2996006,s1d1
TATCTTGCAATCCTAG-1,8.817589,8.883342,s1d1
TATCTTGCACGGTGTC-1,3.5756032,20.098755,s1d1
TATCTTGCAGACCAGA-1,12.132278,-3.932668,s1d1
TATCTTGCAGTAGAAT-1,11.283177,0.33205485,s1d1
TATCTTGGTCTGTGTA-1,11.242262,9.152809,s1d1
TATCTTGGTGGGTATG-1,15.276326,6.885657,s1d1
TATCTTGGTTATAGCC-1,9.12469,-4.9339795,s1d1
TATCTTGTCAAGTGGG-1,9.871324,-3.84359,s1d1
TATCTTGTCAATCAGC-1,12.773867,8.167573,s1d1
TATCTTGTCAGCTAGT-1,11.9238405,9.5297985,s1d1
TATCTTGTCCAAGCTA-1,13.929244,6.7062097,s1d1
TATCTTGTCGTCCATC-1,-4.971995,8.043083,s1d1
TATGTTCAGCGCGTTC-1,-3.733868,11.344195,s1d1
TATGTTCAGCTGTTAC-1,12.473782,10.281885,s1d1
TATGTTCAGGACAAGA-1,10.229757,7.3146505,s1d1
TATGTTCAGGAGACCT-1,0.020056909,4.8965926,s1d1
TATGTTCCACCGCTAG-1,12.78272,9.349857,s1d1
TATGTTCGTAGACGTG-1,-5.091266,8.263003,s1d1
TATGTTCGTCGAGCTC-1,12.999265,6.332357,s1d1
TATGTTCGTGATGAAT-1,14.0924835,5.673503,s1d1
TATGTTCGTGTCACAT-1,4.0201826,18.000528,s1d1
TATGTTCTCAACTGAC-1,8.365977,-2.6697228,s1d1
TATGTTCTCTGGGCAC-1,12.737883,6.436983,s1d1
TATTCCAAGTGAGGCT-1,9.088772,-3.892466,s1d1
TATTCCACACGAGGAT-1,11.758566,9.935957,s1d1
TATTCCACACGGGTAA-1,10.112422,2.8625767,s1d1
TATTCCAGTCGGAAAC-1,2.5746822,19.673578,s1d1
TATTCCATCCGATGTA-1,3.3842375,20.88649,s1d1
TATTCCATCCTTCTAA-1,12.376889,3.6906292,s1d1
TATTCCATCTGGGTCG-1,4.0320015,2.1134157,s1d1
TATTGCTAGAATTCAG-1,-0.08972621,5.0300913,s1d1
TATTGCTAGGTGCATG-1,5.44686,20.568163,s1d1
TATTGCTAGTTCGCAT-1,7.2030168,-4.027023,s1d1
TATTGCTCACCACATA-1,-4.354515,9.686239,s1d1
TATTGCTCACCCAACG-1,15.006933,5.7689347,s1d1
TATTGCTCAGACCTGC-1,3.2422416,19.875263,s1d1
TATTGCTCAGCCTATA-1,7.175436,20.465237,s1d1
TATTGCTCATTAGGCT-1,11.676834,10.1167,s1d1
TATTGCTGTGTGAGCA-1,14.581183,6.693443,s1d1
TATTGCTTCCTCAGAA-1,11.638663,1.0375812,s1d1
TATTGGGAGGATACCG-1,5.345064,17.894201,s1d1
TATTGGGAGTCAGGGT-1,11.60884,1.3154496,s1d1
TATTGGGCACCAAATC-1,9.035866,-3.5572963,s1d1
TATTGGGCAGCCGTCA-1,6.7988734,-2.16753,s1d1
TATTGGGCATTAGGCT-1,-4.2420235,7.3460913,s1d1
TATTGGGGTAGTTAGA-1,11.271643,0.7937822,s1d1
TATTGGGGTATGAGCG-1,8.728827,-5.858899,s1d1
TATTGGGGTCAAACGG-1,7.4180903,20.360956,s1d1
TATTGGGTCGTAGTCA-1,3.920128,19.789446,s1d1
TATTTCGAGCAGCCTC-1,-3.2700648,9.686763,s1d1
TATTTCGAGCTCGACC-1,10.22381,8.997908,s1d1
TATTTCGCACCTGCTT-1,8.8014765,-5.9606004,s1d1
TATTTCGGTACTCCCT-1,13.592971,6.4737563,s1d1
TATTTCGGTCCAGAAG-1,-1.394864,4.998936,s1d1
TATTTCGGTGTTTACG-1,14.324938,5.039745,s1d1
TATTTCGGTTGGAGAC-1,11.347168,1.0558236,s1d1
TATTTCGTCGGACTTA-1,14.064311,6.4873223,s1d1
TATTTCGTCGTCGACG-1,11.422514,9.302221,s1d1
TCAAGACAGCCTTGAT-1,14.1365185,8.904513,s1d1
TCAAGACAGGAATTAC-1,-0.11277227,3.437076,s1d1
TCAAGACAGGTTACCT-1,14.198659,8.726955,s1d1
TCAAGACAGGTTCCAT-1,-4.277585,10.425387,s1d1
TCAAGACAGTTCCGGC-1,6.9584985,18.9304,s1d1
TCAAGACCACGCTATA-1,14.756767,8.121934,s1d1
TCAAGACCATGTCGTA-1,12.549115,7.0442777,s1d1
TCAAGACCATTCGGGC-1,13.031774,8.499258,s1d1
TCAAGACGTCTGTTAG-1,13.194974,3.8856907,s1d1
TCAAGACGTGCAGGAT-1,6.811868,18.738525,s1d1
TCAAGACGTGCTGATT-1,8.357749,1.6881378,s1d1
TCAAGACGTGTCCACG-1,12.089746,6.3318305,s1d1
TCAAGACGTTTACACG-1,2.863129,19.955389,s1d1
TCAAGACGTTTAGAGA-1,13.640223,4.904227,s1d1
TCAAGACTCAAGCCGC-1,7.0059724,20.929396,s1d1
TCAAGACTCAGACCGC-1,6.6840262,2.7297838,s1d1
TCAAGACTCTCGCCTA-1,11.31728,7.8417125,s1d1
TCAAGCAAGAATAGTC-1,-0.9755106,4.8221035,s1d1
TCAAGCAAGACGAAGA-1,-1.1703802,3.9029846,s1d1
TCAAGCAAGCCATCCG-1,13.046104,7.878621,s1d1
TCAAGCAAGCTATCTG-1,3.4850242,4.74309,s1d1
TCAAGCAAGTATGAGT-1,4.1256323,4.2100015,s1d1
TCAAGCAAGTCTTGGT-1,3.0154371,20.53423,s1d1
TCAAGCACACACACGC-1,12.344576,7.1215997,s1d1
TCAAGCACACCGGCTA-1,10.86828,9.800637,s1d1
TCAAGCAGTATGAGGC-1,13.409767,7.446831,s1d1
TCAAGCAGTCTAGTGT-1,12.899502,3.1118703,s1d1
TCAAGCAGTGGTCTCG-1,9.220221,-5.269937,s1d1
TCAAGCAGTGTCTCCT-1,10.152145,9.090823,s1d1
TCAAGCAGTTTCTATC-1,0.4220216,4.9161158,s1d1
TCAAGCATCATGGATC-1,8.388255,7.885694,s1d1
TCAAGCATCTCGGGAC-1,-0.615466,3.3498719,s1d1
TCAAGCATCTGCTTAT-1,5.347272,17.632357,s1d1
TCAAGTGAGAGTCACG-1,4.6431594,18.788912,s1d1
TCAAGTGAGAGTCCGA-1,2.4203043,20.259705,s1d1
TCAAGTGAGGACGCAT-1,3.3884835,20.860819,s1d1
TCAAGTGAGGGATCGT-1,11.106669,-4.584357,s1d1
TCAAGTGAGGGCAGAG-1,12.319975,12.398132,s1d1
TCAAGTGCAACCCTAA-1,2.8866384,20.425243,s1d1
TCAAGTGCAGTCGGAA-1,12.0450945,7.423809,s1d1
TCAAGTGCATGACAGG-1,-4.3312445,8.985291,s1d1
TCAAGTGCATGTAACC-1,11.964984,-1.7250279,s1d1
TCAAGTGGTAGATCGG-1,10.653418,14.152615,s1d1
TCAAGTGGTCTACAGT-1,10.430889,13.858649,s1d1
TCAAGTGTCAAGGAGC-1,8.628894,-3.5921938,s1d1
TCAAGTGTCTGTGCAA-1,2.4960678,3.5677328,s1d1
TCAAGTGTCTTACCAT-1,11.977372,10.473075,s1d1
TCAATCTAGACGCCCT-1,5.932165,19.886734,s1d1
TCAATCTAGAGTCAGC-1,14.646928,9.143697,s1d1
TCAATCTAGCCTCATA-1,12.996606,7.0913854,s1d1
TCAATCTAGTGTCATC-1,-3.3137522,9.729228,s1d1
TCAATCTCACACAGCC-1,-0.8669165,5.584295,s1d1
TCAATCTCAGCTTTCC-1,7.160214,20.689896,s1d1
TCAATCTCAGGACTTT-1,9.217172,-3.7560391,s1d1
TCAATCTGTAAGACCG-1,3.111831,5.1970673,s1d1
TCAATCTGTAGCGCCT-1,11.6582775,6.2440534,s1d1
TCAATCTTCCCATACC-1,11.484534,0.09869909,s1d1
TCAATCTTCTAGTGTG-1,3.4033518,20.737202,s1d1
TCAATCTTCTTGCGCT-1,12.421288,11.730189,s1d1
TCAATTCAGAGTCAGC-1,2.893411,19.359682,s1d1
TCAATTCAGCCTCAAT-1,15.387898,9.628594,s1d1
TCAATTCCATGGCGCT-1,6.3519306,19.30672,s1d1
TCAATTCGTCACTGAT-1,15.076664,7.2262726,s1d1
TCAATTCGTCTAGATC-1,12.130474,9.397125,s1d1
TCAATTCGTGCTTATG-1,1.6171755,1.7589034,s1d1
TCAATTCTCAAAGGAT-1,8.454167,-1.7995284,s1d1
TCAATTCTCACTGCTC-1,3.9709022,20.234325,s1d1
TCAATTCTCAGGTGTT-1,3.7643754,16.441015,s1d1
TCAATTCTCGAGCCAC-1,-3.6763327,7.2759886,s1d1
TCAATTCTCTATGCCC-1,8.592899,-5.867846,s1d1
TCAATTCTCTGTGCTC-1,13.208415,6.6533103,s1d1
TCACAAGAGACTCTAC-1,13.490029,8.4192,s1d1
TCACAAGAGCGATGGT-1,-2.5716121,11.656896,s1d1
TCACAAGCATGGCTAT-1,6.755194,-2.3127143,s1d1
TCACAAGTCAGTGATC-1,9.487664,9.004215,s1d1
TCACAAGTCGGACCAC-1,8.348491,-5.277665,s1d1
TCACAAGTCTTTCAGT-1,2.7716987,2.834542,s1d1
TCACACCAGTTTCGGT-1,6.1889415,10.87063,s1d1
TCACACCCATGGATCT-1,16.291779,8.352757,s1d1
TCACACCGTGCCTATA-1,11.158717,3.025448,s1d1
TCACACCTCACGACTA-1,9.233171,9.574946,s1d1
TCACACCTCGCTCTAC-1,3.8120515,5.2135835,s1d1
TCACACCTCGCTTGAA-1,10.914726,17.105719,s1d1
TCACACCTCTTCTCAA-1,-0.6767884,5.6033907,s1d1
TCACATTAGTATGCAA-1,10.551872,8.340715,s1d1
TCACATTCACAACCGC-1,-3.9059038,7.571457,s1d1
TCACATTCACCGTGGT-1,15.717831,9.258465,s1d1
TCACATTCAGAGGTTG-1,9.434066,-4.039527,s1d1
TCACATTCATATGGCT-1,15.6513405,9.843627,s1d1
TCACATTTCCCAGGAC-1,14.576253,7.5543265,s1d1
TCACATTTCGCAGTTA-1,8.97537,-4.2029524,s1d1
TCACATTTCTTCTGTA-1,-0.65209126,4.8221774,s1d1
TCACGCTAGCTAAATG-1,12.225305,9.925385,s1d1
TCACGCTAGCTACGTT-1,15.589693,9.430041,s1d1
TCACGCTAGCTCACTA-1,11.308367,8.7542095,s1d1
TCACGCTCAGCACGAA-1,14.753026,7.776867,s1d1
TCACGCTCATACCACA-1,10.413894,6.4361067,s1d1
TCACGCTGTCAACCTA-1,-2.5418777,10.254989,s1d1
TCACGCTGTGAGCCAA-1,-3.2583017,8.701297,s1d1
TCACGCTGTGCAGTGA-1,13.133125,7.5464396,s1d1
TCACGCTGTTGTCTAG-1,12.51607,9.453613,s1d1
TCACGCTTCATGAGTC-1,6.218923,20.308437,s1d1
TCACGCTTCTAAGCGT-1,10.658561,-3.6813219,s1d1
TCACGCTTCTTCCTAA-1,4.363487,19.851583,s1d1
TCACGGGAGAGCGACT-1,8.755148,13.584522,s1d1
TCACGGGCAACTCGAT-1,2.9650865,4.212735,s1d1
TCACGGGCACATTCGA-1,8.4727335,0.38070002,s1d1
TCACGGGCATGCAGCC-1,-2.9563363,11.932286,s1d1
TCACGGGGTAGTCGGA-1,9.05957,1.7892148,s1d1
TCACGGGGTATCGGTT-1,-3.3383193,8.401365,s1d1
TCACGGGGTCCAGCAC-1,13.292646,6.784401,s1d1
TCACGGGTCAAGCCGC-1,-3.8040326,11.17947,s1d1
TCACGGGTCTCTTGCG-1,6.13414,11.800294,s1d1
TCACTATAGCTCGAAG-1,12.060417,12.097552,s1d1
TCACTATGTAATTAGG-1,13.677226,7.5157437,s1d1
TCACTATGTTCCCAAA-1,8.059303,-5.6159363,s1d1
TCACTATTCATTTGTC-1,14.288549,9.547667,s1d1
TCACTCGAGTAAACGT-1,13.778292,7.175541,s1d1
TCACTCGCACGTAACT-1,-4.657572,8.003293,s1d1
TCACTCGGTAGCGAGT-1,-0.7456508,4.9098816,s1d1
TCACTCGGTCTCGCGA-1,15.311953,9.726508,s1d1
TCACTCGGTTCCCAAA-1,-4.6375737,6.034242,s1d1
TCACTCGTCAGTGTGT-1,2.3475192,15.909111,s1d1
TCACTCGTCGGCCTTT-1,3.1690645,2.91118,s1d1
TCACTCGTCGTGGCTG-1,11.0258465,-0.25801116,s1d1
TCAGCAACAACTGCCG-1,6.9072266,18.636593,s1d1
TCAGCAACAGAGGACT-1,11.862984,-1.5085462,s1d1
TCAGCAAGTCAATCTG-1,11.630942,9.516882,s1d1
TCAGCAAGTGCCGAAA-1,11.059556,9.330224,s1d1
TCAGCCTAGAGTCACG-1,8.9102125,7.8235955,s1d1
TCAGCCTAGCGTGAAC-1,14.015624,5.7430315,s1d1
TCAGCCTAGTTAGTAG-1,-4.913195,8.09738,s1d1
TCAGCCTCACCCAACG-1,13.04804,8.332344,s1d1
TCAGCCTCATCTGGGC-1,10.574587,12.862768,s1d1
TCAGCCTCATCTGTTT-1,6.903548,18.668125,s1d1
TCAGCCTGTATCAGGG-1,11.764913,7.6607513,s1d1
TCAGCCTTCACCTCGT-1,12.493016,9.627117,s1d1
TCAGGGCAGGACGGAG-1,11.489664,13.160601,s1d1
TCAGGGCAGTAACAGT-1,9.206035,-5.870174,s1d1
TCAGGGCCAACCAACT-1,4.4237986,17.535637,s1d1
TCAGGGCCATTGACCA-1,11.139892,14.321126,s1d1
TCAGGGCGTAGAAACT-1,14.673958,7.7769923,s1d1
TCAGGGCGTTTACACG-1,7.651743,-3.3272831,s1d1
TCAGGGCTCAAATGCC-1,-1.7156593,4.883626,s1d1
TCAGGGCTCCGTACGG-1,10.102644,8.474669,s1d1
TCAGGGCTCTTCCTAA-1,9.06208,-4.2473345,s1d1
TCAGGTAAGCAGGCAT-1,2.178315,3.2081888,s1d1
TCAGGTAAGGATACCG-1,12.859175,3.0218477,s1d1
TCAGGTACACAAACGG-1,7.0603867,18.989567,s1d1
TCAGGTACACATGACT-1,5.2325764,17.710232,s1d1
TCAGGTAGTACCACGC-1,7.8874617,-2.5838957,s1d1
TCAGGTAGTCCGACGT-1,8.882782,0.82962483,s1d1
TCAGGTATCGGTAACT-1,4.966895,19.148054,s1d1
TCAGTCCAGGAGCTGT-1,2.465066,20.116072,s1d1
TCAGTCCAGGGAGGAC-1,15.690917,9.555294,s1d1
TCAGTCCGTTCTTAGG-1,10.778886,6.2103095,s1d1
TCAGTCCGTTGCCAAT-1,7.345898,-3.172069,s1d1
TCAGTCCGTTTCGATG-1,4.0061474,20.885471,s1d1
TCAGTCCTCACCTGGG-1,-0.020369843,3.949002,s1d1
TCAGTCCTCACTTCTA-1,12.179653,9.267784,s1d1
TCAGTCCTCATTCGTT-1,10.935568,10.248932,s1d1
TCAGTCCTCGAACGCC-1,13.224162,3.019789,s1d1
TCAGTCCTCGCAATGT-1,5.295805,17.788048,s1d1
TCAGTGAAGAGAATCT-1,12.883596,9.170574,s1d1
TCAGTGAAGCCTCAAT-1,11.742542,7.8402224,s1d1
TCAGTGAAGTAGGAAG-1,3.716407,20.909857,s1d1
TCAGTGACACAGCCTG-1,5.5328746,18.09899,s1d1
TCAGTGAGTTACACAC-1,9.546674,1.8117869,s1d1
TCAGTGATCCACTTCG-1,-1.602028,7.273508,s1d1
TCAGTGATCGTTAGTG-1,-4.2703776,10.371307,s1d1
TCAGTGATCTCATTTG-1,12.90179,7.2630043,s1d1
TCAGTGATCTTTCTAG-1,9.983497,-5.7419777,s1d1
TCAGTTTAGGTTCCGC-1,11.355651,13.313023,s1d1
TCAGTTTAGTAGCATA-1,14.564122,8.622443,s1d1
TCAGTTTCAAATGATG-1,-3.305239,13.590722,s1d1
TCAGTTTCAATCAAGA-1,8.704882,8.173706,s1d1
TCAGTTTTCCTTACCG-1,-4.595914,5.855934,s1d1
TCAGTTTTCTATGCCC-1,16.144552,8.491993,s1d1
TCATACTAGCATCCTA-1,12.815278,2.7410045,s1d1
TCATACTAGTTGGACG-1,12.375817,5.865427,s1d1
TCATACTCACATATCG-1,9.0609045,13.299639,s1d1
TCATACTCACTATGTG-1,13.252637,3.7760382,s1d1
TCATACTGTCGTCAGC-1,10.882473,10.886879,s1d1
TCATACTGTTCGGTAT-1,-1.429626,5.3151035,s1d1
TCATATCAGGGAGGAC-1,8.939662,-3.9537492,s1d1
TCATATCAGTCTGTAC-1,5.734729,17.7998,s1d1
TCATATCCAAGTAGTA-1,1.838326,1.8954815,s1d1
TCATATCGTCCAAGAG-1,-1.1537943,4.01329,s1d1
TCATATCGTGTCTTCC-1,7.3773193,20.333656,s1d1
TCATATCGTTTCGGCG-1,13.303622,4.4043164,s1d1
TCATATCGTTTGGCTA-1,15.432558,7.1726556,s1d1
TCATATCTCATCTGTT-1,3.95618,4.46924,s1d1
TCATATCTCCCGGTAG-1,6.118956,10.892515,s1d1
TCATATCTCCTTCACG-1,11.891878,9.721799,s1d1
TCATATCTCGTGCTCT-1,15.534947,7.5422316,s1d1
TCATCATAGAGGACTC-1,3.8778582,17.96837,s1d1
TCATCATCAAAGACGC-1,12.605771,5.0315433,s1d1
TCATCATCAGCTATAC-1,3.8225617,20.390535,s1d1
TCATCATCATGACGGA-1,11.314702,7.893024,s1d1
TCATCATGTCTGTGAT-1,10.021059,7.940371,s1d1
TCATCATGTTCCGCTT-1,9.121534,-3.5620768,s1d1
TCATCATGTTGTGTAC-1,9.048116,-4.0718894,s1d1
TCATCATGTTTGCAGT-1,12.259057,9.748264,s1d1
TCATCATTCAAGAATG-1,-1.2267635,7.439311,s1d1
TCATCATTCGTAGTCA-1,11.498908,11.3867655,s1d1
TCATCATTCTAGCAAC-1,12.925143,6.4506063,s1d1
TCATCCGAGGTATAGT-1,-4.475814,8.875962,s1d1
TCATCCGAGTTCCATG-1,12.405677,6.9119053,s1d1
TCATCCGCAACTGTGT-1,10.234791,17.319168,s1d1
TCATCCGCAGCCTATA-1,-2.4922974,9.396949,s1d1
TCATCCGGTGCAAGAC-1,13.77651,7.6706505,s1d1
TCATCCGTCACCCTCA-1,8.983894,3.6431496,s1d1
TCATCCGTCTATCGCC-1,11.260411,7.6926713,s1d1
TCATCCGTCTGCATGA-1,12.666656,7.801132,s1d1
TCATGAGAGACACACG-1,7.389569,-2.4386556,s1d1
TCATGAGAGAGTTCGG-1,10.255801,13.067503,s1d1
TCATGAGAGCTGTTCA-1,14.041644,5.5899487,s1d1
TCATGAGAGGTGTGAC-1,9.751856,-5.7483406,s1d1
TCATGAGCAACACGTT-1,13.65542,7.4570627,s1d1
TCATGAGGTATTCCTT-1,16.163822,7.5498395,s1d1
TCATGAGGTGAATGTA-1,-3.4060998,9.172403,s1d1
TCATGAGGTTTCACAG-1,7.134682,-3.0609932,s1d1
TCATGAGTCGTGTTCC-1,-4.98341,9.651694,s1d1
TCATGAGTCTCGTTTA-1,3.4460807,20.680876,s1d1
TCATGCCAGAGCCCAA-1,15.100354,8.477948,s1d1
TCATGCCAGAGTTGCG-1,13.108725,8.2415285,s1d1
TCATGCCAGCTGTTAC-1,11.531813,-4.256854,s1d1
TCATGCCAGGGTCTTT-1,12.822844,3.5107055,s1d1
TCATGCCAGGTAGTCG-1,8.279156,8.954714,s1d1
TCATGCCCAAGCCCAC-1,3.523831,4.6690755,s1d1
TCATGCCCACCCTAAA-1,-1.5091522,5.4397106,s1d1
TCATGCCCATGACGAG-1,-0.4274889,7.2893586,s1d1
TCATGCCGTCTCTCAC-1,11.08762,7.4840817,s1d1
TCATGCCGTGAATAAC-1,11.47273,17.672256,s1d1
TCATGCCTCAAGCTGT-1,13.66683,4.7540445,s1d1
TCATGCCTCCAATCTT-1,1.1386845,1.5699002,s1d1
TCATGCCTCGAGCCTG-1,8.446317,-5.6603236,s1d1
TCATGGAAGAGTCAAT-1,2.369527,3.4233675,s1d1
TCATGGAAGAGTTGTA-1,3.0087652,20.28672,s1d1
TCATGGAAGCAATAAC-1,13.348692,4.563841,s1d1
TCATGGAAGGACTATA-1,3.636152,4.6803546,s1d1
TCATGGACAAATTAGG-1,12.801073,5.743232,s1d1
TCATGGACACTGCGAC-1,-1.7376497,5.3943233,s1d1
TCATGGACATCCAATG-1,13.602654,8.4622135,s1d1
TCATGGAGTGAACGGT-1,5.9406753,17.764824,s1d1
TCATGGAGTTAGCGGA-1,9.278568,-5.4346623,s1d1
TCATGGATCGACCATA-1,9.350299,9.509908,s1d1
TCATGGATCGCATTGA-1,3.3177743,19.561981,s1d1
TCATGGATCTCCAAGA-1,12.224017,11.439775,s1d1
TCATGGATCTCTTCAA-1,8.164653,-5.4617095,s1d1
TCATGGATCTGTAAGC-1,9.52282,8.227017,s1d1
TCATGTTAGGTGAGAA-1,10.623693,13.01525,s1d1
TCATGTTAGTGGATAT-1,-0.78587526,5.1135902,s1d1
TCATGTTGTGTCTAAC-1,12.798124,3.862247,s1d1
TCATGTTGTTATGTGC-1,9.566446,1.1049659,s1d1
TCATGTTTCGCAGATT-1,-1.5632162,4.789857,s1d1
TCATGTTTCGTAACAC-1,13.115446,7.5121183,s1d1
TCATTACAGAATAGTC-1,-4.333032,9.388751,s1d1
TCATTACAGCAACAAT-1,15.337238,7.4451466,s1d1
TCATTACAGTCAGCGA-1,11.336631,8.605618,s1d1
TCATTACCACCTCAGG-1,-3.4340172,5.3078685,s1d1
TCATTACGTCTCACAA-1,0.094337314,3.7834215,s1d1
TCATTACGTTGTCTAG-1,8.141397,-5.5998106,s1d1
TCATTACTCCCATAGA-1,4.147806,20.227236,s1d1
TCATTACTCGCCTAGG-1,0.17256169,4.9796124,s1d1
TCATTCAAGATGGTAT-1,2.310239,4.617181,s1d1
TCATTCAAGCGACATG-1,-3.069291,9.949299,s1d1
TCATTCACACAACATC-1,-3.3686469,8.331402,s1d1
TCATTCACAGAATGTA-1,11.491311,10.236304,s1d1
TCATTCACATGACTGT-1,11.458742,12.787319,s1d1
TCATTCAGTGACTGAG-1,7.9253325,-3.5882807,s1d1
TCATTCATCACAACCA-1,13.493898,7.9059124,s1d1
TCATTCATCACCATCC-1,12.436739,7.3686895,s1d1
TCATTCATCAGCGCAC-1,9.40459,-5.9676046,s1d1
TCATTCATCATCGGGC-1,15.430808,9.785666,s1d1
TCATTCATCGGCACTG-1,-3.789192,8.287672,s1d1
TCATTGTAGGTCCCGT-1,11.652716,7.135809,s1d1
TCATTGTCAAGCGCTC-1,5.450133,17.962482,s1d1
TCATTGTCACAGCTTA-1,3.8626726,16.265688,s1d1
TCATTGTCACCAGCGT-1,7.2863955,11.737295,s1d1
TCATTGTCACGACGAA-1,8.375367,-2.8731914,s1d1
TCATTGTCAGGCAATG-1,12.868134,3.9704413,s1d1
TCATTGTGTCAGCTTA-1,9.610763,7.0351357,s1d1
TCATTGTGTTCGGCCA-1,13.720448,3.38942,s1d1
TCATTGTTCAACTGAC-1,5.2273774,17.656464,s1d1
TCATTTGAGACGCAGT-1,11.980285,9.901337,s1d1
TCATTTGAGTACAGCG-1,11.476703,8.619192,s1d1
TCATTTGAGTAGACCG-1,6.7351108,19.468637,s1d1
TCATTTGCAAATCCCA-1,-3.5927937,10.26012,s1d1
TCATTTGCAGCATCTA-1,6.866581,20.728758,s1d1
TCATTTGCAGCTTTCC-1,2.8503714,20.581018,s1d1
TCATTTGGTACCACGC-1,-0.92427427,5.1485476,s1d1
TCATTTGGTAGGCAGT-1,3.9043963,4.327956,s1d1
TCATTTGTCGGACGTC-1,-3.6136923,11.337723,s1d1
TCATTTGTCTTTGCAT-1,15.402933,7.012469,s1d1
TCCACCAAGGTCGTAG-1,11.2897005,13.043112,s1d1
TCCACCACACATGAAA-1,7.0893426,20.60908,s1d1
TCCACCACAGGCATTT-1,15.261753,8.080326,s1d1
TCCACCAGTGCCTATA-1,8.645042,6.999212,s1d1
TCCACCATCGCTCTAC-1,11.40029,0.7452678,s1d1
TCCACGTAGGATCACG-1,13.5154705,8.066025,s1d1
TCCACGTCAAACTGCT-1,12.378618,8.058744,s1d1
TCCACGTCATCTCAAG-1,9.651028,-3.3170528,s1d1
TCCACGTGTGACTAAA-1,11.996727,8.19683,s1d1
TCCACGTGTGTTCAGT-1,11.030101,9.839419,s1d1
TCCACGTGTTGACTAC-1,12.327058,-3.6588876,s1d1
TCCACGTTCGTGCGAC-1,15.114677,9.382211,s1d1
TCCAGAAAGCATCAGG-1,1.4400434,3.6206098,s1d1
TCCAGAAAGCTGCGAA-1,3.648627,20.670366,s1d1
TCCAGAAGTCTTTCAT-1,9.591651,9.210573,s1d1
TCCAGAAGTGCTCTTC-1,14.879219,6.554852,s1d1
TCCAGAAGTTAAGGGC-1,9.738441,1.750685,s1d1
TCCAGAATCCCGTTCA-1,13.525484,3.2796097,s1d1
TCCATCGAGGACGGAG-1,6.730727,19.026232,s1d1
TCCATCGAGGATAATC-1,6.4488835,11.769731,s1d1
TCCATCGCAGAGTGAC-1,3.923069,3.645223,s1d1
TCCATCGGTCTTCTAT-1,10.767656,8.613263,s1d1
TCCATCGTCAGAGTTC-1,11.325288,8.518079,s1d1
TCCATCGTCCGTATGA-1,5.993773,19.68997,s1d1
TCCATGCAGGTCGTAG-1,9.974425,8.755863,s1d1
TCCATGCGTGCTATTG-1,10.816981,13.41229,s1d1
TCCATGCGTTTACTTC-1,3.963733,18.1308,s1d1
TCCATGCTCTGCGTCT-1,14.686043,7.332461,s1d1
TCCCACACACAGCATT-1,8.377207,-3.4329965,s1d1
TCCCACACACTACCGG-1,14.451298,6.7314906,s1d1
TCCCACACAGCCTATA-1,4.013749,20.372145,s1d1
TCCCACACAGGCGATA-1,12.56939,10.905041,s1d1
TCCCACAGTCACAATC-1,13.828929,7.4753656,s1d1
TCCCACAGTTCCATTT-1,9.241707,-1.244726,s1d1
TCCCACATCAGATTGC-1,7.479666,-2.66259,s1d1
TCCCACATCCGAGGCT-1,-1.5799115,7.196512,s1d1
TCCCAGTGTTGCATCA-1,2.729947,20.660954,s1d1
TCCCATGAGAATCGTA-1,3.503904,5.430102,s1d1
TCCCATGCAAGACTGG-1,9.807936,-5.740132,s1d1
TCCCATGCAGGTATGG-1,9.319268,7.967874,s1d1
TCCCATGCAGTTAAAG-1,12.265428,5.7917295,s1d1
TCCCATGCATTCTGTT-1,10.143172,10.140449,s1d1
TCCCATGGTGAACGGT-1,11.137124,-3.918306,s1d1
TCCCATGGTTACACTG-1,12.091596,6.183283,s1d1
TCCCATGGTTCAAGGG-1,9.345372,9.677983,s1d1
TCCCATGGTTTACACG-1,14.032865,5.751583,s1d1
TCCCATGTCAGCCTTC-1,12.72989,9.273657,s1d1
TCCCATGTCCTTACCG-1,12.618363,8.028073,s1d1
TCCCATGTCTTCTCAA-1,9.952786,9.906798,s1d1
TCCGAAAAGAGGTTAT-1,5.1472797,18.163174,s1d1
TCCGAAAAGGATCATA-1,-4.4200654,9.3377,s1d1
TCCGAAAAGGCCTAAG-1,7.2021317,-3.173596,s1d1
TCCGAAACAAGCGCAA-1,-4.362269,10.862069,s1d1
TCCGAAACAGCCCACA-1,-4.503075,5.4599104,s1d1
TCCGAAAGTCCTGTTC-1,3.9140491,18.002285,s1d1
TCCGAAAGTCGTCGGT-1,10.763469,8.973551,s1d1
TCCGAAATCTCATAGG-1,-3.3232684,11.892516,s1d1
TCCGATCAGAAATTCG-1,6.335775,20.890877,s1d1
TCCGATCAGCCTGGAA-1,8.539227,1.1134202,s1d1
TCCGATCCAGAACCGA-1,12.917356,9.151756,s1d1
TCCGATCGTACCTAGT-1,6.5381007,20.88804,s1d1
TCCGATCGTCACCGCA-1,13.139871,2.8627648,s1d1
TCCGATCGTTACGATC-1,10.0520115,8.848286,s1d1
TCCGATCGTTGCGGCT-1,-0.25825322,7.1682134,s1d1
TCCGATCTCGAATGCT-1,13.500165,8.133137,s1d1
TCCGGGAAGAGATGCC-1,13.741803,7.021333,s1d1
TCCGGGAAGCCAGAGT-1,11.564138,9.871856,s1d1
TCCGGGAAGGCGATAC-1,9.202352,-3.0422258,s1d1
TCCGGGAAGGTGATCG-1,10.7604265,-1.2691644,s1d1
TCCGGGAGTATTCCTT-1,14.75739,7.450955,s1d1
TCCGGGAGTCTAACGT-1,9.342025,8.838365,s1d1
TCCGGGATCCAGTACA-1,-1.1125277,4.765662,s1d1
TCCGGGATCTCCAATT-1,3.7664676,20.620317,s1d1
TCCGTGTGTAACAGGC-1,13.280652,8.3206,s1d1
TCCGTGTGTAGAGTTA-1,10.34458,8.821531,s1d1
TCCGTGTGTAGTTCCA-1,9.086284,-3.6020966,s1d1
TCCGTGTGTATGGTTC-1,6.4815,11.046298,s1d1
TCCGTGTGTGTCCATA-1,9.422753,7.8178535,s1d1
TCCGTGTTCACTTGGA-1,5.8711777,10.871316,s1d1
TCCGTGTTCTGCGGGT-1,-2.7398782,11.079,s1d1
TCCGTGTTCTTCCGTG-1,10.619495,8.552662,s1d1
TCCTAATCAATATCCG-1,15.150376,6.4625516,s1d1
TCCTAATCAGTCGCAC-1,11.8716,10.882261,s1d1
TCCTAATGTACAGTCT-1,7.6040783,20.415768,s1d1
TCCTAATGTGCGGCTT-1,0.29768237,5.0520663,s1d1
TCCTAATTCACTTCTA-1,-3.5251143,7.7902336,s1d1
TCCTAATTCGAAGAAT-1,-3.8259847,7.5331974,s1d1
TCCTCCCAGACAGTCG-1,1.1290265,1.4025283,s1d1
TCCTCCCAGGAACTAT-1,9.473891,10.046923,s1d1
TCCTCCCAGTTCACTG-1,10.375779,7.861474,s1d1
TCCTCCCCAAGGAGTC-1,11.952418,8.820616,s1d1
TCCTCCCCAAGGTACG-1,14.94903,8.068736,s1d1
TCCTCCCCAGCTGAAG-1,7.4651294,-4.652867,s1d1
TCCTCCCCATGTCAGT-1,13.093685,8.591703,s1d1
TCCTCCCGTACAGAGC-1,14.648185,9.251002,s1d1
TCCTCCCGTACCGGCT-1,-5.197525,8.5854225,s1d1
TCCTCCCGTGTGCTTA-1,9.298028,-1.0073818,s1d1
TCCTCCCTCGGCCCAA-1,7.5320516,20.540987,s1d1
TCCTCCCTCTCACCCA-1,1.5888011,2.1678476,s1d1
TCCTCGAAGACCATTC-1,10.9322195,7.7669787,s1d1
TCCTCGAAGTCGTTAC-1,8.127937,-3.3985739,s1d1
TCCTCGACAATGGGTG-1,5.8400717,19.76955,s1d1
TCCTCGACAGTCAGTT-1,9.254453,6.3198547,s1d1
TCCTCGATCACAAGGG-1,-5.019355,8.51875,s1d1
TCCTCGATCGGCATCG-1,3.36711,2.9188418,s1d1
TCCTCGATCTCAGAAC-1,3.6482718,16.400827,s1d1
TCCTCTTAGGTAAACT-1,16.11787,7.6620855,s1d1
TCCTCTTAGTGCACTT-1,10.953987,14.066667,s1d1
TCCTCTTCAGATACCT-1,3.6868098,16.464872,s1d1
TCCTCTTCATGCCATA-1,8.371838,-5.5432677,s1d1
TCCTCTTGTACCGCGT-1,9.787717,-5.0497484,s1d1
TCCTCTTGTGCTCCGA-1,11.670561,12.902486,s1d1
TCCTCTTTCACGGAGA-1,-1.478269,4.942212,s1d1
TCCTCTTTCATCTGTT-1,12.864422,9.114125,s1d1
TCCTCTTTCCACACCT-1,3.3841321,1.6765765,s1d1
TCCTGCACAAATTAGG-1,6.952745,-2.52996,s1d1
TCCTGCACATCCTAAG-1,14.427174,8.963728,s1d1
TCCTGCAGTGGCTGAA-1,11.289183,8.384071,s1d1
TCCTGCAGTTGTTGAC-1,9.026078,-1.0419167,s1d1
TCCTGCAGTTTGGGTT-1,11.724885,7.297829,s1d1
TCCTGCATCACGGACC-1,13.230313,6.865633,s1d1
TCCTTCTAGCGTGTTT-1,14.375077,5.8611054,s1d1
TCCTTCTCAAGCACAG-1,9.302422,-5.173735,s1d1
TCCTTCTCATACTGAC-1,13.81419,3.6471336,s1d1
TCCTTCTCATCAGCGC-1,13.252924,7.2449527,s1d1
TCCTTCTGTGCCTGAC-1,1.7134633,1.4473333,s1d1
TCCTTCTGTGCGTCGT-1,13.497922,5.987016,s1d1
TCCTTCTTCCGAAATC-1,3.7127786,19.392206,s1d1
TCCTTCTTCGTTTACT-1,6.9103117,19.982014,s1d1
TCCTTTCAGAGCCTGA-1,2.3021624,3.648534,s1d1
TCCTTTCAGTGCTACT-1,9.01943,-5.2469835,s1d1
TCCTTTCCATCGCTAA-1,1.6777827,1.4377017,s1d1
TCCTTTCCATCGGATT-1,5.772975,19.354969,s1d1
TCCTTTCCATTAAGCC-1,3.7502382,3.4238603,s1d1
TCCTTTCCATTGAAAG-1,2.7461295,4.281416,s1d1
TCCTTTCGTACCAATC-1,9.534297,-5.7945604,s1d1
TCCTTTCGTAGGTAGC-1,15.447613,8.826638,s1d1
TCCTTTCTCCTTACCG-1,3.9874084,17.894125,s1d1
TCCTTTCTCGTGGACC-1,12.581368,-3.649303,s1d1
TCGAACATCGTGTGGC-1,0.3330513,5.721205,s1d1
TCGAACATCTCAGTCC-1,-3.073184,5.3273873,s1d1
TCGAAGTAGCAAATGT-1,6.7479167,19.952797,s1d1
TCGAAGTAGGTTACAA-1,13.454862,3.8403337,s1d1
TCGAAGTAGTAAGCAT-1,9.732976,7.4996047,s1d1
TCGAAGTCAAATCGGG-1,4.807678,19.146069,s1d1
TCGAAGTCACTCAGAT-1,15.114926,8.142562,s1d1
TCGAAGTGTAGTCGGA-1,16.248762,7.663801,s1d1
TCGAAGTGTATTGAGA-1,-1.137255,3.6570942,s1d1
TCGAAGTGTCCCAAAT-1,14.069974,8.569875,s1d1
TCGAAGTGTCGTGGAA-1,9.646358,-3.8887095,s1d1
TCGAAGTGTGGAAATT-1,3.8292503,20.604033,s1d1
TCGAAGTTCAAAGCCT-1,15.32322,7.368115,s1d1
TCGAAGTTCATTATCC-1,8.107554,-5.0188546,s1d1
TCGAAGTTCATTTCGT-1,10.604678,16.662579,s1d1
TCGAAGTTCTATCCAT-1,14.092524,5.4135566,s1d1
TCGACCTAGACGACGT-1,2.599666,16.347425,s1d1
TCGACCTCAGTCAACT-1,4.578855,18.858086,s1d1
TCGACCTTCATCACAG-1,7.6322813,-4.0643916,s1d1
TCGACGGAGCAGCCCT-1,10.591679,9.702385,s1d1
TCGACGGAGCTAAACA-1,7.1306934,-3.2338898,s1d1
TCGACGGAGGATCATA-1,3.9955597,1.9341457,s1d1
TCGACGGAGTGCAGGT-1,8.9049425,7.9622593,s1d1
TCGACGGCAGATCCTA-1,9.270134,9.38868,s1d1
TCGACGGCAGGCACAA-1,10.490551,13.36132,s1d1
TCGACGGGTCGTGGTC-1,2.486471,4.1008067,s1d1
TCGACGGGTTGCACGC-1,10.310731,8.45809,s1d1
TCGACGGTCATCTACT-1,10.694888,-3.6544135,s1d1
TCGACGGTCATTCATC-1,14.663553,6.8853455,s1d1
TCGACGGTCGAGATGG-1,10.179064,-3.5968397,s1d1
TCGATTTAGGCTCACC-1,15.170074,8.797694,s1d1
TCGATTTAGTGGAATT-1,8.727133,7.5687356,s1d1
TCGATTTAGTTTCAGC-1,10.609789,8.080139,s1d1
TCGATTTCAAGATCCT-1,10.717935,12.580373,s1d1
TCGATTTCAAGCCTGC-1,10.237079,9.343596,s1d1
TCGATTTCACGCGGTT-1,4.371611,20.421711,s1d1
TCGATTTCACTGAATC-1,8.134397,2.3765047,s1d1
TCGATTTCAGTGTACT-1,7.551161,-4.6652703,s1d1
TCGATTTGTTGTCCCT-1,13.546863,5.016763,s1d1
TCGATTTTCTACCTTA-1,4.2693615,19.56884,s1d1
TCGATTTTCTCTGAGA-1,5.2677755,19.097002,s1d1
TCGCACTAGACCATTC-1,8.495232,-3.4454713,s1d1
TCGCACTGTAATGCGG-1,-5.4725127,9.209162,s1d1
TCGCACTGTGATTCTG-1,14.464588,6.1785502,s1d1
TCGCACTGTTGTCCCT-1,14.736506,5.632002,s1d1
TCGCACTTCCATAAGC-1,10.373236,9.520568,s1d1
TCGCACTTCGAGAACG-1,6.110692,20.862423,s1d1
TCGCAGGAGACTGGGT-1,10.995156,13.949799,s1d1
TCGCAGGAGTATTGCC-1,12.725674,9.443351,s1d1
TCGCAGGCAGCTGTCG-1,-0.28682852,4.447718,s1d1
TCGCAGGCATCGATCA-1,9.808814,2.8591182,s1d1
TCGCAGGCATCGTTCC-1,15.632363,8.902841,s1d1
TCGCAGGGTACGTTCA-1,13.834637,6.8748364,s1d1
TCGCAGGGTGTTGCCG-1,13.939543,7.000407,s1d1
TCGCAGGTCAGCTTCC-1,15.010288,7.23114,s1d1
TCGCAGGTCGCTTACC-1,6.9961104,20.632496,s1d1
TCGCTCAAGCACTGGA-1,9.656311,9.241399,s1d1
TCGCTCAAGGCCCACT-1,13.513194,3.4813657,s1d1
TCGCTCAAGGCCGCTT-1,7.486987,12.473109,s1d1
TCGCTCACAAACGGCA-1,15.550542,8.43011,s1d1
TCGCTCACAAGTCGTT-1,13.95854,5.5903454,s1d1
TCGCTCACAGAGTAAT-1,11.640997,7.9872236,s1d1
TCGCTCACATGCCGCA-1,3.7912335,20.030693,s1d1
TCGCTCAGTGCATACT-1,15.672172,8.823606,s1d1
TCGCTTGAGAATTGTG-1,-4.4595294,5.7153206,s1d1
TCGCTTGAGTATCCTG-1,6.9311385,11.974522,s1d1
TCGCTTGAGTCATACC-1,7.524488,-3.297016,s1d1
TCGCTTGAGTGTCATC-1,0.111938186,5.100707,s1d1
TCGCTTGCACGACGTC-1,0.05580444,4.0278244,s1d1
TCGCTTGGTGCGGATA-1,6.7423086,11.706203,s1d1
TCGCTTGGTGTCGATT-1,10.645635,8.934177,s1d1
TCGGATACAATTTCTC-1,4.140089,20.405613,s1d1
TCGGATACATAGGTTC-1,12.172856,9.665046,s1d1
TCGGATAGTCAAACGG-1,9.556666,-5.7283163,s1d1
TCGGATAGTCATCGGC-1,7.1812477,-3.3608472,s1d1
TCGGATAGTGATACAA-1,10.2470045,7.5357633,s1d1
TCGGATAGTTCCAGGC-1,3.8734589,20.266954,s1d1
TCGGATAGTTGGACCC-1,3.7267475,20.44147,s1d1
TCGGATATCTACAGGT-1,5.2678723,18.0914,s1d1
TCGGATATCTACTGAG-1,10.691626,12.644187,s1d1
TCGGGACAGAACTGAT-1,6.6871314,20.077816,s1d1
TCGGGACAGGTAGTAT-1,12.061816,-1.8813845,s1d1
TCGGGACAGTTCTCTT-1,8.657653,-5.2848325,s1d1
TCGGGACCACGCCAGT-1,-4.8281293,8.733163,s1d1
TCGGGACCACGTGTGC-1,12.041528,8.133407,s1d1
TCGGGACGTATGGGAC-1,12.440533,9.560228,s1d1
TCGGGACGTATTGCCA-1,2.9196923,20.272675,s1d1
TCGGGACGTTGTGCAT-1,9.68322,8.77598,s1d1
TCGGGACTCAAGAATG-1,8.215039,-4.914317,s1d1
TCGGGCAAGCAGGCTA-1,13.382582,3.8897624,s1d1
TCGGGCAAGTATCCTG-1,9.210413,-5.6032233,s1d1
TCGGGCAAGTCCGCGT-1,10.883147,9.059524,s1d1
TCGGGCACAGACGATG-1,14.639917,5.592806,s1d1
TCGGGCACATCAACCA-1,-4.0441914,8.831627,s1d1
TCGGGCAGTTCGGCCA-1,11.667687,11.997094,s1d1
TCGGGCATCAAAGCCT-1,10.064547,-4.145128,s1d1
TCGGGCATCATACGGT-1,-3.3907928,9.8989105,s1d1
TCGGGCATCCTATTGT-1,8.609454,-4.1330457,s1d1
TCGGGTGAGTATGACA-1,0.19935288,3.29688,s1d1
TCGGGTGCAATGGGTG-1,13.237188,4.1071305,s1d1
TCGGGTGCACGTAGTT-1,13.583629,4.204337,s1d1
TCGGGTGCATTGTAGC-1,13.96114,7.500785,s1d1
TCGGGTGGTGTTGCCG-1,12.945214,8.140555,s1d1
TCGGGTGTCAACACCA-1,9.67683,9.056638,s1d1
TCGGTCTAGAAGTCTA-1,2.6027377,5.586266,s1d1
TCGGTCTAGATTACCC-1,8.3874855,2.6490395,s1d1
TCGGTCTAGTTTCAGC-1,2.9870133,1.1860595,s1d1
TCGGTCTCAAAGTGTA-1,12.918005,3.26357,s1d1
TCGGTCTCAACTTCTT-1,10.361674,8.564232,s1d1
TCGGTCTCACGACGTC-1,12.100381,8.020748,s1d1
TCGGTCTCAGGATGAC-1,6.2213173,20.955267,s1d1
TCGGTCTGTCAAGTTC-1,15.559661,7.580749,s1d1
TCGGTCTGTGTCACAT-1,10.769767,12.672864,s1d1
TCGGTCTGTTAAACAG-1,-2.028345,5.3907022,s1d1
TCGGTCTTCGATTGAC-1,-3.0457506,13.065135,s1d1
TCGTAGAAGATCCCGC-1,-2.2835395,10.168596,s1d1
TCGTAGAAGCGTACAG-1,9.128611,8.394591,s1d1
TCGTAGACAAAGGGCT-1,12.74534,9.998451,s1d1
TCGTAGACAAATCCCA-1,10.327745,7.5326624,s1d1
TCGTAGAGTACGTACT-1,11.868819,9.874874,s1d1
TCGTAGAGTAGGCAAC-1,13.658252,5.529686,s1d1
TCGTAGAGTTCCATTT-1,11.568029,10.600114,s1d1
TCGTAGATCAGCCTCT-1,15.38683,7.5203266,s1d1
TCGTAGATCGAACACT-1,-1.1675113,5.0340214,s1d1
TCGTAGATCTTTGGAG-1,12.894174,3.902105,s1d1
TCGTCCAAGAGGTCAC-1,12.867891,7.252221,s1d1
TCGTCCAAGCCTCTTC-1,10.836375,12.779719,s1d1
TCGTCCAAGTAGTCAA-1,13.065784,8.34524,s1d1
TCGTCCAAGTGGAATT-1,14.053341,6.474849,s1d1
TCGTCCACAACGACAG-1,0.33822688,6.1121373,s1d1
TCGTCCACAATCTAGC-1,13.486009,7.055751,s1d1
TCGTCCACAATTGCGT-1,12.251135,7.1217747,s1d1
TCGTCCACACCGTGGT-1,9.906799,8.652216,s1d1
TCGTCCACAGTAGATA-1,9.065441,-5.596565,s1d1
TCGTCCAGTACGATCT-1,-3.7813,10.653554,s1d1
TCGTCCATCAAACCCA-1,5.90888,19.371597,s1d1
TCGTGCTAGCCTGGAA-1,8.8448,8.350739,s1d1
TCGTGCTAGCGAGTAC-1,12.109949,6.416567,s1d1
TCGTGCTAGGTAGTAT-1,11.831737,7.911039,s1d1
TCGTGCTAGGTGCGAT-1,-3.018151,10.59578,s1d1
TCGTGCTAGGTTAAAC-1,11.077667,7.810432,s1d1
TCGTGCTCAGTTCTAG-1,13.883153,8.310581,s1d1
TCGTGCTCATGAAAGT-1,10.839292,13.451419,s1d1
TCGTGCTTCAGGGATG-1,3.851541,17.909462,s1d1
TCGTGCTTCCCGAGAC-1,11.25354,11.158323,s1d1
TCGTGCTTCTACACTT-1,-5.1417646,8.001764,s1d1
TCGTGGGAGACCCTTA-1,10.523917,9.189102,s1d1
TCGTGGGCAATCCTAG-1,12.855087,2.8136442,s1d1
TCGTGGGCAGGATCTT-1,0.5716448,5.267699,s1d1
TCGTGGGCAGTGAGCA-1,2.3694701,3.8640208,s1d1
TCGTGGGGTCGATTCA-1,4.1863194,1.8904068,s1d1
TCGTGGGTCACATACG-1,11.052842,14.293658,s1d1
TCGTGGGTCCGTAATG-1,3.1532238,20.12766,s1d1
TCGTGGGTCGCATTAG-1,4.4724174,20.488623,s1d1
TCGTGGGTCTCGCTTG-1,-2.1776283,10.362113,s1d1
TCTAACTAGCCAAGCA-1,10.432499,7.356523,s1d1
TCTAACTAGTAGACAT-1,5.9060316,19.61733,s1d1
TCTAACTCAACTGTGT-1,15.538022,7.983449,s1d1
TCTAACTCAGAGCCCT-1,3.9369667,19.43348,s1d1
TCTAACTCAGCCCACA-1,4.189885,3.9873853,s1d1
TCTAACTCAGCGGATA-1,16.071405,7.718963,s1d1
TCTAACTCATACCACA-1,11.434374,11.398843,s1d1
TCTAACTGTAATGCGG-1,12.761157,7.9584417,s1d1
TCTAACTGTACTTGTG-1,9.081345,-4.3971057,s1d1
TCTAACTGTTGCATAC-1,8.364604,-1.2360988,s1d1
TCTAACTTCACTCACC-1,15.307895,9.8022175,s1d1
TCTAACTTCCACTTTA-1,4.07893,20.420176,s1d1
TCTAACTTCTTCCCAG-1,11.418025,2.8857412,s1d1
TCTACATAGACATCCT-1,13.168618,6.644582,s1d1
TCTACATAGATGTTGA-1,14.153545,7.8300505,s1d1
TCTACATAGCCGAACA-1,-3.8435225,7.8614383,s1d1
TCTACATAGGAACGAA-1,10.065557,7.7313504,s1d1
TCTACATAGTTCATGC-1,8.292663,-4.1275077,s1d1
TCTACATGTGTATACC-1,-0.2527133,7.066783,s1d1
TCTACATTCAGCTCTC-1,3.35403,1.838094,s1d1
TCTACATTCATAAGGA-1,11.031681,8.133258,s1d1
TCTACCGAGCAACTTC-1,7.485785,1.5172621,s1d1
TCTACCGCAGCAGTAG-1,2.5703595,17.201347,s1d1
TCTACCGGTACAGTAA-1,13.688992,6.01545,s1d1
TCTACCGGTGATGAAT-1,7.2350984,1.6928647,s1d1
TCTACCGGTGATTCTG-1,-3.4451294,8.636786,s1d1
TCTACCGGTGCTCTTC-1,6.6700864,19.59207,s1d1
TCTACCGGTTACGATC-1,11.4810915,10.020924,s1d1
TCTACCGGTTGCCATA-1,3.8100216,20.421162,s1d1
TCTACCGTCCCGTGTT-1,3.4365733,1.8658048,s1d1
TCTACCGTCTGGAGAG-1,2.7561975,3.698099,s1d1
TCTACCGTCTTCGATT-1,8.316515,-5.672222,s1d1
TCTATACAGCCTCAAT-1,12.144559,1.2330532,s1d1
TCTATACAGCTAGCCC-1,13.517913,7.692031,s1d1
TCTATACAGTTCCATG-1,13.927657,8.300498,s1d1
TCTATACCACTTCAAG-1,-2.153563,9.98321,s1d1
TCTATACCAGTTCCAA-1,0.081829704,4.034637,s1d1
TCTATACCATAGACTC-1,3.8482444,20.698078,s1d1
TCTATACGTAGAGACC-1,9.855375,7.1830378,s1d1
TCTATACGTGTGAATA-1,9.589969,7.95932,s1d1
TCTATACTCCGATGCG-1,3.8271663,19.334663,s1d1
TCTATCACAAAGGCGT-1,8.025746,11.726182,s1d1
TCTATCACAATATCCG-1,0.35189575,5.7427545,s1d1
TCTATCACATCTCATT-1,11.073981,17.310581,s1d1
TCTATCAGTATATGGA-1,3.5899048,5.8233,s1d1
TCTATCAGTGGGCTCT-1,-0.58831644,3.1887581,s1d1
TCTATCAGTGTTACTG-1,-4.2857027,8.576908,s1d1
TCTATCATCCGTGCGA-1,9.763141,9.331663,s1d1
TCTATCATCTCAGGCG-1,11.34264,-0.3491229,s1d1
TCTATCATCTTGTGCC-1,9.32287,8.184183,s1d1
TCTCACGAGCATTTGC-1,13.19316,6.67938,s1d1
TCTCACGAGTCAAGCG-1,2.4059749,4.1366105,s1d1
TCTCACGCAAGGGTCA-1,7.0772195,10.933104,s1d1
TCTCACGCAAGTGCAG-1,10.086933,9.394012,s1d1
TCTCACGCAATACCTG-1,12.505693,2.5368495,s1d1
TCTCACGCAGTGACCC-1,3.1796362,4.810436,s1d1
TCTCACGCATGAGTAA-1,3.924366,3.9610002,s1d1
TCTCACGGTGCACAAG-1,8.602506,-3.7442036,s1d1
TCTCACGGTGCTGCAC-1,3.5001907,2.2476153,s1d1
TCTCACGTCAGGACAG-1,8.828801,9.281199,s1d1
TCTCACGTCGGTTAGT-1,6.029043,19.732666,s1d1
TCTCAGCAGACCTCAT-1,10.032742,8.649602,s1d1
TCTCAGCAGGTAGACC-1,13.784125,5.6378527,s1d1
TCTCAGCCAGTTACCA-1,12.22079,12.209207,s1d1
TCTCAGCGTAGTCGTT-1,10.9959755,14.593613,s1d1
TCTCAGCGTCCCTGAG-1,15.583803,7.46925,s1d1
TCTCAGCGTCTTGGTA-1,3.2965705,1.7996763,s1d1
TCTCAGCTCAACACCA-1,6.2962055,11.271026,s1d1
TCTCAGCTCTGGGCAC-1,11.25308,-0.19190982,s1d1
TCTCCGAAGTCAGGGT-1,13.292723,6.329919,s1d1
TCTCCGACACAGCTGC-1,11.637209,8.436162,s1d1
TCTCCGACAGTTTGGT-1,12.206829,6.6862426,s1d1
TCTCCGAGTGCAGATG-1,-0.42433068,3.326597,s1d1
TCTCTGGAGACCAAGC-1,11.7120075,17.997736,s1d1
TCTCTGGAGACTCTTG-1,10.982757,17.504416,s1d1
TCTCTGGAGATAACGT-1,7.3567204,-3.291741,s1d1
TCTCTGGAGCCTCACG-1,13.885447,4.088555,s1d1
TCTCTGGAGTAACGAT-1,9.779509,-5.5044317,s1d1
TCTCTGGAGTCAGGGT-1,12.083179,9.487684,s1d1
TCTCTGGCAAGGATGC-1,9.918147,8.836802,s1d1
TCTCTGGCAGCACCCA-1,4.1631603,20.745178,s1d1
TCTCTGGGTGCATCTA-1,3.2432463,2.9865646,s1d1
TCTCTGGTCCTACGGG-1,5.63566,10.897215,s1d1
TCTCTGGTCGCATGAT-1,-5.12225,10.1114235,s1d1
TCTGCCAAGAAGTCTA-1,2.6694264,4.272982,s1d1
TCTGCCAAGGGATCTG-1,8.593219,-5.0161486,s1d1
TCTGCCAAGTTGAAAC-1,9.781743,9.127719,s1d1
TCTGCCACACAGAGAC-1,15.923569,7.4739046,s1d1
TCTGCCACATTCCTCG-1,4.4400563,20.583323,s1d1
TCTGCCAGTATCGATC-1,14.314796,7.204016,s1d1
TCTGCCATCTGGCTGG-1,11.634532,8.748265,s1d1
TCTGGCTAGTCCTGCG-1,9.558556,8.788339,s1d1
TCTGGCTCACTACGGC-1,-4.712293,5.7826886,s1d1
TCTGGCTCATCCAATG-1,8.588561,-6.0792117,s1d1
TCTGGCTGTCTAACGT-1,5.9547153,18.03157,s1d1
TCTGGCTGTTGCAACT-1,4.3032556,20.416773,s1d1
TCTGGCTGTTGGAGGT-1,9.090546,-4.2654967,s1d1
TCTGGCTTCGCTACGG-1,7.7402587,-4.2955284,s1d1
TCTGGCTTCGGTAGGA-1,10.173061,7.820997,s1d1
TCTGTCGAGGTTGGTG-1,5.489018,17.617702,s1d1
TCTGTCGAGTGGAAAG-1,8.22509,9.2241,s1d1
TCTGTCGGTCGATTCA-1,4.9834304,20.633772,s1d1
TCTGTCGGTTAGGGAC-1,14.405034,5.9052787,s1d1
TCTGTCGTCGTTCGCT-1,-2.8365102,9.73719,s1d1
TCTTAGTAGACATATG-1,3.691738,1.7972134,s1d1
TCTTAGTAGCCTCCAG-1,10.49983,8.730272,s1d1
TCTTAGTAGTCGGGAT-1,9.239017,-5.7534614,s1d1
TCTTAGTCACGCAGTC-1,9.326267,-5.5333586,s1d1
TCTTAGTCAGCAGTCC-1,8.020836,-4.23717,s1d1
TCTTAGTCAGGTCAAG-1,12.806521,9.555696,s1d1
TCTTAGTGTTAGAAGT-1,-3.0384028,8.773673,s1d1
TCTTAGTTCACAAGAA-1,9.769986,9.272945,s1d1
TCTTAGTTCAGCTGAT-1,14.315826,5.5542197,s1d1
TCTTAGTTCCAGTGCG-1,14.17429,6.362551,s1d1
TCTTAGTTCCTACAAG-1,10.6706295,14.5135975,s1d1
TCTTCCTAGATTAGAC-1,12.853043,7.884584,s1d1
TCTTCCTAGGCAGGGA-1,3.1353602,5.1789136,s1d1
TCTTCCTAGGTGCTGA-1,11.302218,17.27711,s1d1
TCTTCCTCAACTTGGT-1,10.140938,-5.1647587,s1d1
TCTTCCTCAAGTGATA-1,14.641142,6.697911,s1d1
TCTTCCTCACTTGTCC-1,7.787662,-3.3828144,s1d1
TCTTCCTGTACCCGCA-1,5.1892242,18.690395,s1d1
TCTTCCTGTCAATCTG-1,10.969616,12.600335,s1d1
TCTTCCTGTCTCGGGT-1,7.5195518,11.03371,s1d1
TCTTCCTGTGGGCTTC-1,4.066257,19.97538,s1d1
TCTTCCTGTGTCCGGT-1,1.7402703,1.579192,s1d1
TCTTCCTTCACCGACG-1,6.5580015,11.565302,s1d1
TCTTCCTTCTTACGGA-1,5.650681,19.370089,s1d1
TCTTGCGCAACCAATC-1,7.78349,-4.8927965,s1d1
TCTTGCGCAATACCTG-1,7.5271235,20.49877,s1d1
TCTTGCGTCCATATGG-1,5.6253166,19.277819,s1d1
TCTTGCGTCCTTGGAA-1,7.87375,-4.2043123,s1d1
TCTTGCGTCGAGCACC-1,5.582448,17.557774,s1d1
TCTTTGAAGATAACAC-1,7.8711967,-3.6524003,s1d1
TCTTTGAAGATGCGAC-1,6.834262,17.628119,s1d1
TCTTTGAAGGACGCAT-1,14.492566,9.287742,s1d1
TCTTTGAAGGCACCAA-1,-0.5518603,3.851996,s1d1
TCTTTGAAGGGCAGTT-1,14.005863,5.595212,s1d1
TCTTTGACAAAGAACT-1,12.986464,6.0695505,s1d1
TCTTTGACACAGACGA-1,-5.404457,9.558304,s1d1
TCTTTGACACGCTGCA-1,12.789917,7.120519,s1d1
TCTTTGACACTTGGGC-1,8.205137,-5.035859,s1d1
TCTTTGACAGGGACTA-1,15.314303,7.0364404,s1d1
TCTTTGAGTACCACGC-1,-0.45228276,3.567991,s1d1
TCTTTGAGTACTTGTG-1,12.901706,7.0861864,s1d1
TCTTTGATCAGGAGAC-1,10.228383,-5.1053786,s1d1
TCTTTGATCCGTGCGA-1,3.8126636,17.988447,s1d1
TCTTTGATCTTGCAGA-1,10.455494,7.774503,s1d1
TGAACGTAGGACATCG-1,9.517307,-5.165383,s1d1
TGAACGTAGGCCTGCT-1,7.490863,-3.2850406,s1d1
TGAACGTAGTCACTCA-1,12.874806,7.7800384,s1d1
TGAACGTAGTGATAAC-1,9.530374,1.3552604,s1d1
TGAACGTCAAGCGATG-1,2.3432574,3.9229732,s1d1
TGAACGTCAAGTCGTT-1,-1.3130283,4.8710256,s1d1
TGAACGTCATGGCCCA-1,12.456261,-0.39501214,s1d1
TGAACGTGTAGTCGTT-1,14.958012,9.077771,s1d1
TGAACGTTCAAGAATG-1,6.5359917,20.423012,s1d1
TGAACGTTCACTTCTA-1,15.133081,6.7650967,s1d1
TGAACGTTCAGGAACG-1,8.754012,-5.678104,s1d1
TGAACGTTCGGCTGAC-1,12.846295,8.925795,s1d1
TGAACGTTCTTGTTAC-1,7.041736,17.645744,s1d1
TGAATCGAGACCATAA-1,-4.4714713,9.036247,s1d1
TGAATCGAGCTATCCA-1,-3.017438,11.067251,s1d1
TGAATCGAGTCGCCAC-1,13.07872,8.973327,s1d1
TGAATCGCAAGCAGGT-1,13.955832,5.788691,s1d1
TGAATCGGTATGAGGC-1,8.615258,3.5026486,s1d1
TGAATCGTCCGCTTAC-1,-2.9137602,9.823264,s1d1
TGAATCGTCTGCGTCT-1,3.691113,5.434741,s1d1
TGAATCGTCTTGTGCC-1,12.341173,9.854857,s1d1
TGAATGCAGTAACCTC-1,-0.7822867,4.880373,s1d1
TGAATGCAGTTTGAGA-1,12.401638,0.7765977,s1d1
TGAATGCCAAAGGATT-1,12.890161,3.6013637,s1d1
TGAATGCCAGGTCAAG-1,12.522414,-3.7703846,s1d1
TGACAGTAGACTCTAC-1,13.695001,4.888827,s1d1
TGACAGTAGCCTCTCT-1,9.046269,1.5871391,s1d1
TGACAGTCAGAGGGTT-1,12.294391,6.254535,s1d1
TGACAGTCAGGTCTCG-1,6.2026386,20.82392,s1d1
TGACAGTCATCTTCGC-1,12.030725,8.784609,s1d1
TGACAGTTCAAAGACA-1,11.013684,12.369456,s1d1
TGACAGTTCATTACCT-1,15.543989,9.221088,s1d1
TGACAGTTCCAGCTCT-1,6.344249,11.019948,s1d1
TGACAGTTCGCCCAGA-1,8.2241125,-3.8409212,s1d1
TGACAGTTCTTCTAAC-1,8.080321,-4.505455,s1d1
TGACCCTAGATGACCG-1,13.6956415,7.5142217,s1d1
TGACCCTCAATGAAAC-1,13.615996,3.8151367,s1d1
TGACCCTCACTCGATA-1,15.387215,7.8201156,s1d1
TGACCCTCATTGAGGG-1,10.677534,12.525364,s1d1
TGACCCTGTAGACAGC-1,-0.42106286,7.086598,s1d1
TGACCCTGTCCTACGG-1,8.425117,-5.6009345,s1d1
TGACCCTGTGCTTATG-1,15.213728,8.886909,s1d1
TGACCCTTCCTGGGAC-1,8.545935,-3.005551,s1d1
TGACCCTTCTTCCTAA-1,15.048584,7.1249695,s1d1
TGACGCGAGACCAACG-1,7.2248936,-3.4566653,s1d1
TGACGCGCAAGTGTCT-1,2.3328881,16.306414,s1d1
TGACGCGCAGGGTTGA-1,13.625825,5.5445285,s1d1
TGACGCGCATTAGGCT-1,2.9832761,2.878003,s1d1
TGACGCGCATTCCTCG-1,7.0989523,-3.615429,s1d1
TGACGCGGTAGGAGGG-1,10.6641,-4.854351,s1d1
TGACGCGTCAGGGTAG-1,16.352203,7.964512,s1d1
TGACGCGTCATGAGTC-1,3.6542144,20.600931,s1d1
TGACGCGTCCGAAATC-1,7.197854,20.59526,s1d1
TGACGCGTCTCTCGCA-1,-1.2683827,7.316748,s1d1
TGACTCCAGAACCCGA-1,12.946554,3.6127613,s1d1
TGACTCCCAACGGCCT-1,12.835392,8.204139,s1d1
TGACTCCCAGAGTCAG-1,11.507522,12.922879,s1d1
TGACTCCCATCTCATT-1,12.612726,9.606404,s1d1
TGACTCCGTCACGACC-1,12.294061,10.082683,s1d1
TGACTCCGTGCGGTAA-1,4.059916,4.074984,s1d1
TGACTCCGTGGTAATA-1,8.990676,7.4551635,s1d1
TGACTCCTCCTTCAGC-1,11.442301,8.640515,s1d1
TGACTCCTCGGTTAGT-1,11.635416,9.104252,s1d1
TGAGACTAGATGTTAG-1,-5.018999,8.599443,s1d1
TGAGACTAGCGTCTCG-1,-1.8684633,5.463026,s1d1
TGAGACTAGGCCTGAA-1,6.1384616,18.320705,s1d1
TGAGACTAGGCGAAGG-1,6.9333634,-1.9774655,s1d1
TGAGACTGTAACACCT-1,-2.2470703,10.047135,s1d1
TGAGACTGTACGTGTT-1,12.21403,11.858817,s1d1
TGAGACTTCAAGGAGC-1,8.931442,8.7747965,s1d1
TGAGCATAGGATTTAG-1,2.9685922,5.3347363,s1d1
TGAGCATAGGGTACGT-1,13.778756,5.8718886,s1d1
TGAGCATAGGTCCAGA-1,11.068336,-0.20272684,s1d1
TGAGCATCAGCACAGA-1,8.884248,-6.106472,s1d1
TGAGCATGTCTACTGA-1,9.192536,9.181609,s1d1
TGAGCATTCCAACACA-1,7.0332985,20.30867,s1d1
TGAGCATTCGCGTGAC-1,12.028264,6.257044,s1d1
TGAGCATTCGGATACT-1,10.23886,9.095786,s1d1
TGAGCGCAGAGAGCGG-1,8.623324,3.3369749,s1d1
TGAGCGCAGCAACCAG-1,12.60106,8.551784,s1d1
TGAGCGCAGTCATAGA-1,10.988788,11.506448,s1d1
TGAGCGCCAGCGGTTC-1,13.10452,5.8343678,s1d1
TGAGCGCGTCTCGCGA-1,7.473176,-2.1759112,s1d1
TGAGCGCGTGCCCTTT-1,4.8084674,20.611984,s1d1
TGAGCGCGTGTATCCA-1,11.864534,1.0566714,s1d1
TGAGCGCGTGTCATCA-1,9.083443,7.6063046,s1d1
TGAGCGCTCATAAGGA-1,2.8743832,0.58514434,s1d1
TGAGGAGAGAAGAGCA-1,-3.861991,9.143345,s1d1
TGAGGAGAGGAGGGTG-1,12.844611,3.2043347,s1d1
TGAGGAGCAGGAATAT-1,5.7089725,11.411152,s1d1
TGAGGAGCAGTTCCAA-1,12.059803,0.21097507,s1d1
TGAGGAGCATATCTCT-1,12.1818285,10.253826,s1d1
TGAGGAGGTGCCTTTC-1,13.115225,6.3031263,s1d1
TGAGGAGTCACCTGTC-1,14.00814,5.672982,s1d1
TGAGGAGTCCATTTAC-1,-3.9190626,7.6964517,s1d1
TGAGGAGTCCTTCTAA-1,10.088374,8.182986,s1d1
TGAGGAGTCGCCTAGG-1,-0.54688346,5.650847,s1d1
TGAGGAGTCGTTCGCT-1,5.8555794,18.380154,s1d1
TGAGGAGTCTATTCGT-1,10.863605,13.539627,s1d1
TGAGGAGTCTGACCCT-1,14.191402,5.040303,s1d1
TGAGGAGTCTGGTGCG-1,13.553087,7.8901744,s1d1
TGAGGGAAGCGGATCA-1,-0.02584476,3.9210548,s1d1
TGAGGGAAGGGTGGGA-1,8.713546,9.484775,s1d1
TGAGGGAGTCCCTAAA-1,12.583184,6.9224434,s1d1
TGAGGGAGTGCAGTGA-1,14.996179,8.249756,s1d1
TGAGGGAGTTCTGAGT-1,13.402103,4.2889714,s1d1
TGAGGTTAGTCCTGCG-1,13.6837225,8.797486,s1d1
TGAGGTTCAGCACCCA-1,-0.31919983,4.188675,s1d1
TGAGGTTCATTGCCGG-1,0.11805564,4.098063,s1d1
TGAGGTTGTCAAAGTA-1,12.21714,1.2337061,s1d1
TGAGGTTGTCGAGCTC-1,15.313508,9.351967,s1d1
TGAGGTTGTCTCGCGA-1,3.935702,1.9336708,s1d1
TGAGGTTGTTCGGTCG-1,-2.6996195,11.346764,s1d1
TGAGGTTGTTGCCAAT-1,13.6723175,3.5164027,s1d1
TGAGGTTGTTGCTTGA-1,10.624206,7.9896636,s1d1
TGAGGTTTCAGGACGA-1,16.445631,8.198898,s1d1
TGAGGTTTCCGGCAGT-1,6.419927,20.710686,s1d1
TGAGTCAAGCTATCCA-1,1.0536171,3.4848485,s1d1
TGAGTCAAGTGCAAAT-1,-5.056235,8.349146,s1d1
TGAGTCAAGTGGTTAA-1,7.344677,-4.7284765,s1d1
TGAGTCACAATCGCCG-1,13.365549,8.442683,s1d1
TGAGTCACAATTTCTC-1,-1.0760455,6.6935015,s1d1
TGAGTCACACCAACAT-1,1.9634748,1.4762946,s1d1
TGAGTCAGTAAGTTAG-1,13.658985,7.8407984,s1d1
TGAGTCAGTGGTCAAG-1,9.518872,9.452094,s1d1
TGATCAGAGGCCTAAG-1,-1.1983997,8.067805,s1d1
TGATCAGAGGGAGGGT-1,8.753169,12.458078,s1d1
TGATCAGAGGTGCGAT-1,13.746972,5.9660587,s1d1
TGATCAGCATCTGTTT-1,11.173076,8.201052,s1d1
TGATCAGGTCCAGAAG-1,7.6841955,-1.5434715,s1d1
TGATCAGTCATCACAG-1,13.439374,6.6996794,s1d1
TGATCTTAGGCTAAAT-1,10.915381,8.457364,s1d1
TGATCTTAGTAGAATC-1,15.912521,9.803499,s1d1
TGATCTTCAGCTGTAT-1,6.786446,18.724169,s1d1
TGATCTTGTAGAGACC-1,15.278076,8.408054,s1d1
TGATCTTGTGGCACTC-1,9.441791,-5.925319,s1d1
TGATCTTTCATGAAAG-1,8.703167,7.26359,s1d1
TGATCTTTCCGCGGAT-1,12.196528,10.050026,s1d1
TGATCTTTCTTGTTAC-1,5.1969643,2.3197584,s1d1
TGATGCAAGATGGCAC-1,10.47633,6.837864,s1d1
TGATGCAAGCGGGTAT-1,13.566498,6.048764,s1d1
TGATGCAAGGTTCCGC-1,9.357431,9.338151,s1d1
TGATGCACAGGCGAAT-1,2.7383032,4.6856365,s1d1
TGATGCACATCTCATT-1,3.9987495,2.0587597,s1d1
TGATGCAGTACGTACT-1,13.590314,6.93822,s1d1
TGATGCAGTCAGACTT-1,8.961168,1.3823737,s1d1
TGATGCAGTGTTGAGG-1,1.2890218,2.1516037,s1d1
TGATGCATCAGCATTG-1,15.872663,8.562874,s1d1
TGATGCATCATGGAGG-1,9.285977,1.7645907,s1d1
TGATGGTAGCGTGCCT-1,8.256584,9.287958,s1d1
TGATGGTAGGCCCGTT-1,3.3164158,20.700628,s1d1
TGATGGTAGTGGACGT-1,7.2755475,11.392699,s1d1
TGATGGTCAGAGGGTT-1,12.237541,8.9072275,s1d1
TGATGGTCAGCAGTAG-1,13.346009,4.1942787,s1d1
TGATGGTGTAGGACTG-1,12.107992,0.6059294,s1d1
TGATGGTGTCACGTGC-1,11.099039,-4.348719,s1d1
TGATGGTGTTTGACAC-1,9.893114,7.912934,s1d1
TGATGGTTCAAGTCGT-1,6.7746,20.754606,s1d1
TGATGGTTCCATCTCG-1,12.44799,9.069048,s1d1
TGATGGTTCCGTGTGG-1,15.531011,9.550965,s1d1
TGATGGTTCCTATTGT-1,6.4723763,20.752922,s1d1
TGATGGTTCTCTCTAA-1,11.944398,9.402649,s1d1
TGATTCTAGAGATTCA-1,3.3749497,2.4689395,s1d1
TGATTCTAGATACATG-1,2.3594942,19.902657,s1d1
TGATTCTAGCAAGTCG-1,7.177586,18.717775,s1d1
TGATTCTAGCGCAATG-1,10.62954,17.579903,s1d1
TGATTCTAGCGTACAG-1,3.5164187,20.306076,s1d1
TGATTCTCAGGTCTCG-1,10.156484,-5.226174,s1d1
TGATTCTGTCCTGTCT-1,13.373015,3.3533666,s1d1
TGATTCTTCTGGGCAC-1,9.574901,9.594906,s1d1
TGATTTCAGATCCTAC-1,9.709189,6.614219,s1d1
TGATTTCAGGTAAGGA-1,11.49701,10.202572,s1d1
TGATTTCCAAGAGAGA-1,10.59867,13.081264,s1d1
TGATTTCCACGACGCT-1,11.011801,17.469791,s1d1
TGATTTCCAGCGGATA-1,12.466207,9.516158,s1d1
TGATTTCCAGCGTGAA-1,13.691625,6.3838687,s1d1
TGATTTCCAGCTTCCT-1,11.844044,9.200214,s1d1
TGATTTCTCTGTCGTC-1,14.897415,7.0228176,s1d1
TGCACGGAGGAAGTAG-1,12.7345705,7.533225,s1d1
TGCACGGAGGGTGGGA-1,9.7224865,7.679125,s1d1
TGCACGGAGGTTGGAC-1,10.738406,13.504794,s1d1
TGCACGGCAAGAAACT-1,10.403801,7.5071607,s1d1
TGCACGGGTACATTGC-1,14.237907,7.8536453,s1d1
TGCACGGGTCCAATCA-1,15.010451,6.5218725,s1d1
TGCACGGGTGCCTTCT-1,7.2839284,18.52075,s1d1
TGCACGGGTGGTACAG-1,7.2541914,-3.1323385,s1d1
TGCACGGGTGTCATTG-1,10.879921,14.462523,s1d1
TGCACGGTCAGGACAG-1,2.2402246,5.02076,s1d1
TGCACGGTCCACTGGG-1,13.048458,4.2138286,s1d1
TGCACGGTCCCTCATG-1,-4.29543,8.051843,s1d1
TGCACGGTCGGTCTAA-1,-4.2451267,9.650721,s1d1
TGCACGGTCTAGTACG-1,15.25588,7.277671,s1d1
TGCAGATAGATACAGT-1,12.982241,3.1943798,s1d1
TGCAGATAGTGGAAAG-1,9.622294,3.2588642,s1d1
TGCAGATCAAATACGA-1,11.0746355,8.098307,s1d1
TGCAGATCAAGTCATC-1,4.219786,19.979624,s1d1
TGCAGATCAGCGCTTG-1,11.998898,6.4598694,s1d1
TGCAGATCATCGTGCG-1,10.116034,9.623912,s1d1
TGCAGATCATGACTAC-1,7.669138,-4.3558764,s1d1
TGCAGATGTCACAGTT-1,3.8548927,3.8655689,s1d1
TGCAGATGTCCTGGTG-1,13.567461,3.1228664,s1d1
TGCAGATGTGGCTCTG-1,8.870109,3.5478494,s1d1
TGCAGATGTTCTTGTT-1,5.3892236,18.044762,s1d1
TGCAGATTCGGACAAG-1,9.900401,-5.205679,s1d1
TGCAGATTCTGCACCT-1,1.7641863,3.8797255,s1d1
TGCAGGCAGGTAAAGG-1,13.301197,3.2634957,s1d1
TGCAGGCCAGAATGTA-1,5.534513,11.022418,s1d1
TGCAGGCGTAATTAGG-1,-2.9529977,10.000087,s1d1
TGCAGGCGTGACTGTT-1,12.500111,-3.6783555,s1d1
TGCAGGCGTGCCGAAA-1,13.687523,4.1384516,s1d1
TGCAGGCGTTCGGTCG-1,6.990076,-2.136061,s1d1
TGCAGGCGTTTACTTC-1,2.1746826,2.396907,s1d1
TGCAGGCTCCAACTGA-1,12.052384,0.8604022,s1d1
TGCAGGCTCCGCATAA-1,14.985473,6.350613,s1d1
TGCAGGCTCGTCCATC-1,13.761298,5.559903,s1d1
TGCAGTAAGGACTGGT-1,12.937873,7.0342836,s1d1
TGCAGTAGTTACGTAC-1,11.554691,12.035134,s1d1
TGCAGTATCCTGCCAT-1,9.877238,1.8665408,s1d1
TGCATCCAGTAGACAT-1,13.710581,4.18458,s1d1
TGCATCCAGTATTAGG-1,10.0778,-3.4036474,s1d1
TGCATCCAGTTGGCTT-1,12.033644,0.9504926,s1d1
TGCATCCCACATACTG-1,5.7904315,19.604105,s1d1
TGCATCCGTCCCGTGA-1,7.3576365,3.3191679,s1d1
TGCATCCGTGATCATC-1,13.740026,5.4054494,s1d1
TGCATCCGTTTCGTAG-1,14.327221,8.403859,s1d1
TGCATCCTCACTCGAA-1,12.463379,9.418066,s1d1
TGCATCCTCAGATTGC-1,4.2935934,19.45692,s1d1
TGCATCCTCCGCAACG-1,7.639596,-2.605955,s1d1
TGCATCCTCCGCGGAT-1,12.531087,9.512198,s1d1
TGCATCCTCCGTAGTA-1,3.326593,20.445345,s1d1
TGCATCCTCGGTTAGT-1,10.224242,9.035634,s1d1
TGCATCCTCTCCAAGA-1,4.0049043,18.071941,s1d1
TGCATCCTCTGCCTGT-1,3.328569,2.1400492,s1d1
TGCATCCTCTGGACTA-1,4.3693714,1.9137055,s1d1
TGCATGAAGAGGTCAC-1,8.42156,3.098915,s1d1
TGCATGAAGGACATCG-1,15.152972,9.514162,s1d1
TGCATGAAGGGTTAAT-1,12.884093,7.463929,s1d1
TGCATGACATTGCCGG-1,4.5992813,20.477274,s1d1
TGCATGAGTCGGTACC-1,11.018048,13.469444,s1d1
TGCATGAGTTCGAACT-1,11.73773,4.967118,s1d1
TGCCGAGAGATGCAGC-1,6.738103,3.0419233,s1d1
TGCCGAGAGCCTATTG-1,-4.6822705,5.6262903,s1d1
TGCCGAGCAATAGTCC-1,9.865194,9.014112,s1d1
TGCCGAGCAGGGATAC-1,9.998158,2.625738,s1d1
TGCCGAGCATGTTACG-1,14.183958,6.2760158,s1d1
TGCCGAGGTAAGCAAT-1,13.939915,4.957075,s1d1
TGCCGAGGTCTGCAAT-1,15.090655,6.869591,s1d1
TGCCGAGGTGGTAATA-1,2.179431,4.2654753,s1d1
TGCCGAGGTGTCTAAC-1,11.16351,8.090893,s1d1
TGCCGAGTCCGCAACG-1,15.652871,9.648275,s1d1
TGCCGAGTCTTTGCTA-1,9.743125,9.1954975,s1d1
TGCGACGAGCGCCTCA-1,12.704309,6.6546373,s1d1
TGCGACGAGTCATGGG-1,3.463903,20.168634,s1d1
TGCGACGAGTCGCCCA-1,13.221375,3.2131665,s1d1
TGCGACGAGTTGCGCC-1,-0.5219169,3.3374104,s1d1
TGCGACGCAATTCGTG-1,13.256864,3.6116853,s1d1
TGCGACGCAGAAATTG-1,8.79989,-5.9807296,s1d1
TGCGACGGTCCAACGC-1,4.692252,19.164783,s1d1
TGCGACGGTTGCATCA-1,13.601988,8.462404,s1d1
TGCGACGTCTGGCCTT-1,5.825747,10.882175,s1d1
TGCGATAAGAGAGTTT-1,8.877596,8.376001,s1d1
TGCGATAAGCCTCACG-1,9.115779,8.591303,s1d1
TGCGATAAGCGACTGA-1,3.634076,20.288664,s1d1
TGCGATAAGGGCTTCC-1,13.491172,3.6796455,s1d1
TGCGATACAGGAAGTC-1,9.17162,9.394395,s1d1
TGCGATACAGTAGGAC-1,9.21872,12.970799,s1d1
TGCGGCAAGAGTCAGC-1,13.160111,11.425847,s1d1
TGCGGCACAAGCTCTA-1,13.91423,5.393889,s1d1
TGCGGCACACCGGCTA-1,10.417852,-4.950411,s1d1
TGCGGCACAGGCCTGT-1,13.402408,3.245823,s1d1
TGCGGCACAGTGCGCT-1,11.21098,8.480001,s1d1
TGCGGCACATCTCGTC-1,13.048966,6.94445,s1d1
TGCGGCAGTCTTCAAG-1,9.461828,0.7906128,s1d1
TGCGGGTAGAATTGCA-1,7.601478,-3.219882,s1d1
TGCGGGTAGGCTTCCG-1,6.704219,2.8603125,s1d1
TGCGGGTAGGTTGGTG-1,-4.2293677,7.7823324,s1d1
TGCGGGTAGTATTAGG-1,12.947991,3.5315056,s1d1
TGCGGGTAGTCTAGAA-1,10.701862,6.7104254,s1d1
TGCGGGTCATGGAATA-1,14.456381,9.882989,s1d1
TGCGGGTGTGAGCTCC-1,13.475168,3.729808,s1d1
TGCGGGTGTTGGGAAC-1,13.301476,7.582406,s1d1
TGCGGGTTCACGAGGA-1,2.3769054,3.597511,s1d1
TGCTCCAAGACCTCAT-1,6.6034307,18.068598,s1d1
TGCTCCAAGCTCGGCT-1,9.604003,-5.4777894,s1d1
TGCTCCAAGTCGAAGC-1,7.407464,-3.9587836,s1d1
TGCTCCAAGTCGGCCT-1,15.785798,7.7184997,s1d1
TGCTCCAAGTTGGCGA-1,6.3342276,20.938976,s1d1
TGCTCCAAGTTGTAAG-1,13.405389,3.542935,s1d1
TGCTCCACAGCGACCT-1,5.2978477,17.747932,s1d1
TGCTCCATCGCTCATC-1,12.573064,9.537745,s1d1
TGCTCGTAGCAGGCTA-1,-4.5399985,8.415334,s1d1
TGCTCGTAGGATACGC-1,-1.6641992,4.9948106,s1d1
TGCTCGTCAATCACGT-1,0.75555986,1.9523666,s1d1
TGCTCGTCATGCCGCA-1,10.717883,14.375147,s1d1
TGCTCGTCATGTCGTA-1,3.6330156,20.217268,s1d1
TGCTCGTGTATGATCC-1,7.1685696,-4.112296,s1d1
TGCTCGTGTCAAAGAT-1,8.698083,-3.227889,s1d1
TGCTCGTGTCGAGTGA-1,11.48826,1.0730203,s1d1
TGCTCGTGTCTTGCTC-1,2.8839407,18.298096,s1d1
TGCTCGTGTTGTGCCG-1,2.4180744,16.841656,s1d1
TGCTCGTTCTGAATGC-1,10.703424,14.0099125,s1d1
TGCTGAAAGACGTCCC-1,-2.523222,9.238876,s1d1
TGCTGAAAGCTAGCCC-1,9.78108,9.409249,s1d1
TGCTGAAAGGCTGTAG-1,14.23488,6.853576,s1d1
TGCTGAACAGCACACC-1,9.445719,17.387827,s1d1
TGCTGAAGTATAATGG-1,2.5015998,4.1233153,s1d1
TGCTGAAGTCGCCACA-1,13.61207,8.322181,s1d1
TGCTGAAGTTTCTATC-1,7.1909676,19.399279,s1d1
TGCTGAATCCACTTTA-1,15.070018,7.058853,s1d1
TGCTGAATCGCAATGT-1,7.4844666,-3.3581805,s1d1
TGCTTCGAGATCGGTG-1,13.907351,7.2445874,s1d1
TGCTTCGAGCTGTGCC-1,3.2572448,19.838573,s1d1
TGCTTCGAGGGAGGAC-1,3.742177,20.355759,s1d1
TGCTTCGAGGGCTGAT-1,3.6980891,5.2509937,s1d1
TGCTTCGCATGTCGTA-1,-3.9119039,7.485773,s1d1
TGCTTCGGTACCTATG-1,0.25334534,6.0013924,s1d1
TGCTTCGGTCCTCATC-1,15.431022,7.890514,s1d1
TGCTTCGTCACGAACT-1,10.424472,9.704026,s1d1
TGCTTGCAGAGCATAT-1,6.162724,19.105808,s1d1
TGCTTGCAGAGCGACT-1,12.571497,3.1805139,s1d1
TGCTTGCAGCTGGAGT-1,7.282734,20.031433,s1d1
TGCTTGCCAGGCAATG-1,13.040372,7.2101493,s1d1
TGCTTGCGTAGGAGTC-1,10.795885,12.947439,s1d1
TGCTTGCGTCGCCTAG-1,3.7151577,20.406834,s1d1
TGCTTGCTCATGCGGC-1,11.7347,12.019194,s1d1
TGCTTGCTCCGCCTAT-1,12.838349,8.65695,s1d1
TGCTTGCTCTAGTTCT-1,13.5236635,3.6375287,s1d1
TGGAACTAGATCCTAC-1,8.227289,-0.30510417,s1d1
TGGAACTAGCATCAGG-1,12.079588,1.5814221,s1d1
TGGAACTAGCCTAACT-1,-4.128297,10.607691,s1d1
TGGAACTCAAACTAAG-1,14.15359,8.754609,s1d1
TGGAACTCAAAGGCGT-1,-1.4743328,7.4474964,s1d1
TGGAACTCACGGTCTG-1,-4.124375,7.635547,s1d1
TGGAACTCACTGCTTC-1,7.1849456,18.631063,s1d1
TGGAACTCAGAATTCC-1,12.664717,7.6434426,s1d1
TGGAACTCATAGAAAC-1,14.301054,8.160319,s1d1
TGGAACTGTAGACAAT-1,7.092398,-2.936959,s1d1
TGGAACTGTCCATACA-1,11.318525,9.149021,s1d1
TGGAACTGTCTAGTGT-1,15.517819,6.902309,s1d1
TGGAACTGTGTATTGC-1,-4.608179,6.071129,s1d1
TGGAACTGTTCTCACC-1,12.443158,7.1955204,s1d1
TGGAACTTCTACTGCC-1,8.661821,3.7411275,s1d1
TGGAACTTCTGAGTCA-1,13.161129,6.8272367,s1d1
TGGAACTTCTTACCAT-1,14.42455,6.2434134,s1d1
TGGAGAGAGAAACTCA-1,10.275635,9.179314,s1d1
TGGAGAGAGAAGCGGG-1,11.135522,10.570166,s1d1
TGGAGAGAGACAACAT-1,13.527919,6.896284,s1d1
TGGAGAGAGCAACCAG-1,13.917951,5.656188,s1d1
TGGAGAGCAGCGAGTA-1,11.167235,11.700058,s1d1
TGGAGAGCATCTCCCA-1,14.712637,8.31936,s1d1
TGGAGAGGTGGTAATA-1,2.8861225,2.4785411,s1d1
TGGAGAGTCATGGGAG-1,3.520932,19.433418,s1d1
TGGAGGAAGCGATTCT-1,8.9015,6.760041,s1d1
TGGAGGACACTAGGTT-1,11.295145,12.303713,s1d1
TGGAGGACAGAGGCTA-1,9.283609,9.411951,s1d1
TGGAGGACAGATCATC-1,8.730275,8.207682,s1d1
TGGAGGACAGGCGTTC-1,6.2544246,11.38495,s1d1
TGGAGGACATCATTTC-1,15.667473,9.955218,s1d1
TGGAGGAGTACCACGC-1,5.4616165,18.859066,s1d1
TGGAGGAGTAGAGATT-1,9.343415,7.6380353,s1d1
TGGAGGATCTAGATCG-1,1.46074,3.512595,s1d1
TGGAGGATCTGTGCTC-1,-1.0821513,4.8271422,s1d1
TGGATCAAGCTCCACG-1,3.6255,3.7639418,s1d1
TGGATCAAGGTTAAAC-1,7.5587945,11.636218,s1d1
TGGATCACATATGGCT-1,3.569011,19.704288,s1d1
TGGATCAGTAGGACCA-1,13.20385,7.1562757,s1d1
TGGATCAGTAGTGCGA-1,-0.2667796,3.9499161,s1d1
TGGATCAGTATAGGGC-1,15.471506,9.671976,s1d1
TGGATCATCGTTCAGA-1,15.677238,9.561727,s1d1
TGGATCATCTCGGGAC-1,10.896903,10.3050375,s1d1
TGGATCATCTGTCGCT-1,12.80415,6.8150578,s1d1
TGGATGTAGACGGAAA-1,10.753352,12.733722,s1d1
TGGATGTAGAGTACCG-1,9.465746,7.148515,s1d1
TGGATGTAGGTAGCAC-1,-3.9086714,7.759006,s1d1
TGGATGTAGGTAGGCT-1,5.833929,20.487106,s1d1
TGGATGTAGGTTGGTG-1,12.645571,5.052367,s1d1
TGGATGTGTACGGATG-1,9.951395,7.8942127,s1d1
TGGATGTGTTCCGCAG-1,12.344842,12.478725,s1d1
TGGATGTTCCAGCAAT-1,2.757193,4.416174,s1d1
TGGATGTTCTTCCTAA-1,12.370475,0.81803435,s1d1
TGGCGTGAGAGCTGCA-1,10.125892,-5.838522,s1d1
TGGCGTGCACGGCCAT-1,9.011902,-3.2758708,s1d1
TGGCGTGCATACTGAC-1,1.4386483,1.4970495,s1d1
TGGCGTGGTCCGGCAT-1,-4.735388,5.9271693,s1d1
TGGCGTGGTGCTGTCG-1,4.0065165,4.1475086,s1d1
TGGCGTGTCCTTTGAT-1,14.373226,5.3482533,s1d1
TGGCGTGTCTTGGATG-1,11.125967,12.809639,s1d1
TGGGAAGAGAAGCCTG-1,-2.5652401,10.000682,s1d1
TGGGAAGAGACCATTC-1,2.9584765,2.1435893,s1d1
TGGGAAGAGACTCCGC-1,6.554588,18.397377,s1d1
TGGGAAGAGCCTTTCC-1,12.438329,0.6861641,s1d1
TGGGAAGCAACGTATC-1,11.128229,17.379581,s1d1
TGGGAAGCACAACGTT-1,15.328159,7.1812997,s1d1
TGGGAAGCAGCCCAGT-1,13.147518,8.556187,s1d1
TGGGAAGGTACGTACT-1,11.439122,9.0783615,s1d1
TGGGAAGGTATCCTCC-1,14.394407,6.3335743,s1d1
TGGGAAGGTCTAGGTT-1,10.130338,17.405066,s1d1
TGGGAAGGTGCGAACA-1,10.923774,13.07572,s1d1
TGGGAAGGTTGCTAGT-1,11.701803,10.193443,s1d1
TGGGAAGTCATACAGC-1,8.823741,-5.2734733,s1d1
TGGGAAGTCCATTGTT-1,9.617184,1.5817274,s1d1
TGGGAAGTCGCTGCGA-1,11.235799,8.245263,s1d1
TGGGAAGTCTAGTTCT-1,3.0485103,20.419512,s1d1
TGGGAGAAGTAACGAT-1,11.336335,12.68472,s1d1
TGGGAGACACTTTAGG-1,9.110187,13.054644,s1d1
TGGGAGAGTACGGTTT-1,12.431383,9.7504015,s1d1
TGGGAGAGTCGCACAC-1,2.3652406,3.9519227,s1d1
TGGGAGAGTTTGAACC-1,3.626106,20.316504,s1d1
TGGGATTAGCTTAGTC-1,9.627143,-5.6881084,s1d1
TGGGATTAGGATGTTA-1,13.876806,4.1439257,s1d1
TGGGATTAGGTGATAT-1,3.6344848,4.9688253,s1d1
TGGGATTCAGGGCTTC-1,8.573537,9.066432,s1d1
TGGGATTTCCTCACCA-1,5.081595,19.479376,s1d1
TGGGATTTCGTAGGAG-1,7.5059967,20.127779,s1d1
TGGGATTTCTCGGGAC-1,15.024122,7.380622,s1d1
TGGGATTTCTCTTCAA-1,3.5037553,19.084778,s1d1
TGGGATTTCTTCGGAA-1,12.997876,4.441327,s1d1
TGGGCGTAGCCGCACT-1,8.412972,-4.083152,s1d1
TGGGCGTCAACTCGTA-1,5.998295,1.9576535,s1d1
TGGGCGTCACACGGAA-1,5.725444,18.009287,s1d1
TGGGCGTGTACCACGC-1,11.10976,9.313981,s1d1
TGGGCGTGTGGCTTAT-1,3.7914042,20.697721,s1d1
TGGGCGTGTTCTTGTT-1,2.413472,5.120569,s1d1
TGGGCTGCACAATTCG-1,9.295081,6.0488753,s1d1
TGGGCTGCACTGTCCT-1,4.2528605,4.350974,s1d1
TGGGCTGGTGGCCACT-1,1.3544093,3.4188993,s1d1
TGGGCTGTCCGTGCGA-1,2.2042484,2.7462778,s1d1
TGGGCTGTCTTCTTCC-1,15.909084,9.253607,s1d1
TGGGTTAAGCGTACAG-1,-4.0989685,8.413422,s1d1
TGGGTTAAGGTAAGTT-1,13.344875,4.8992805,s1d1
TGGGTTACAACTTGCA-1,9.467497,-3.518483,s1d1
TGGGTTACATCAACCA-1,8.788307,3.5945818,s1d1
TGGGTTAGTCGAACGA-1,12.130737,7.2026296,s1d1
TGGGTTAGTTATAGCC-1,15.657007,7.1250553,s1d1
TGGGTTATCATCCCGT-1,4.0226984,17.887733,s1d1
TGGGTTATCCATCACC-1,8.317136,-3.9750695,s1d1
TGGTACAAGACATATG-1,7.0548186,18.91512,s1d1
TGGTACAAGAGTACCG-1,11.15531,7.825013,s1d1
TGGTACAAGGGTACAC-1,5.903225,11.065347,s1d1
TGGTACAAGGTACAAT-1,2.9978225,20.364473,s1d1
TGGTACACAATTGAAG-1,11.895439,1.5716529,s1d1
TGGTACACACAAATCC-1,2.9802704,16.250938,s1d1
TGGTACACAGAGAAAG-1,9.412261,9.302521,s1d1
TGGTACACATTCTCTA-1,6.6951933,10.885059,s1d1
TGGTACAGTCGGTACC-1,11.114021,17.41784,s1d1
TGGTACAGTGCGCTCA-1,11.922708,8.948736,s1d1
TGGTACATCACGGACC-1,3.8914676,20.306337,s1d1
TGGTACATCACTTCTA-1,-0.8429985,4.896895,s1d1
TGGTACATCGACGCGT-1,6.374751,20.676283,s1d1
TGGTACATCTATACGG-1,4.305158,2.7154589,s1d1
TGGTAGTAGACGATAT-1,-4.3603506,7.5186677,s1d1
TGGTAGTAGAGCCCAA-1,12.130367,8.056188,s1d1
TGGTAGTAGCCAACCC-1,11.590389,8.35091,s1d1
TGGTAGTAGCCATTCA-1,3.8820128,20.86657,s1d1
TGGTAGTAGGTTCAGG-1,0.65156686,5.1240196,s1d1
TGGTAGTAGTCTCTGA-1,2.9082527,20.586288,s1d1
TGGTAGTCAACAACAA-1,10.99364,13.91228,s1d1
TGGTAGTCAACCAGAG-1,13.439085,7.4135175,s1d1
TGGTAGTCATCGGATT-1,5.638263,20.378653,s1d1
TGGTAGTCATGAATAG-1,12.051526,-1.6793891,s1d1
TGGTAGTGTATGAAGT-1,8.0338335,2.0791693,s1d1
TGGTAGTTCACATCAG-1,16.395906,7.9618917,s1d1
TGGTAGTTCATGCCCT-1,13.544827,3.1593812,s1d1
TGGTAGTTCCTACCGT-1,5.5341053,17.45923,s1d1
TGGTAGTTCCTATTGT-1,8.949153,6.9673014,s1d1
TGGTAGTTCTATACTC-1,2.1272588,2.4618409,s1d1
TGGTGATAGATTAGTG-1,9.578357,-4.3974657,s1d1
TGGTGATCAACGGCCT-1,3.2264946,5.363405,s1d1
TGGTGATGTAAGTTGA-1,4.3287325,1.9669282,s1d1
TGGTGATGTACTCAAC-1,2.8903847,0.16797347,s1d1
TGGTGATGTCGGTACC-1,9.848495,9.356131,s1d1
TGGTGATGTCTTCATT-1,13.7768545,3.7603438,s1d1
TGGTGATGTGCATGTT-1,5.5807133,17.918186,s1d1
TGGTGATTCCGCGGAT-1,2.434208,1.6666504,s1d1
TGGTGATTCGAACCAT-1,1.566658,1.6846913,s1d1
TGGTGATTCTCAACGA-1,-4.2757287,8.907726,s1d1
TGGTGATTCTTCCCGA-1,-4.4460545,7.8210278,s1d1
TGGTTAGCAGCTGTCG-1,7.254989,-3.731875,s1d1
TGGTTAGGTATGAAGT-1,10.706978,14.484986,s1d1
TGGTTAGGTCGTATTG-1,3.9414542,1.8210727,s1d1
TGGTTAGGTGCTAGCC-1,11.11996,11.695114,s1d1
TGGTTAGGTGGCGTAA-1,10.981587,11.943342,s1d1
TGGTTAGTCACTGTTT-1,11.974141,-1.4068756,s1d1
TGGTTAGTCCTGTACC-1,12.92582,5.9541526,s1d1
TGGTTAGTCGTAGAGG-1,5.8852067,18.350807,s1d1
TGTAACGAGTCATGGG-1,10.07999,9.6474495,s1d1
TGTAACGCAACACGAG-1,-3.4190185,8.660357,s1d1
TGTAACGCATGATCTG-1,10.759209,11.711531,s1d1
TGTAACGGTACGACAG-1,10.583258,9.610614,s1d1
TGTAACGGTAGTAAGT-1,7.380811,1.6502476,s1d1
TGTAACGGTCACCTTC-1,11.077776,8.248686,s1d1
TGTAACGGTCCACAGC-1,11.739311,12.829598,s1d1
TGTAACGGTCTAGTGT-1,7.354802,10.821358,s1d1
TGTAACGTCAGTCACA-1,12.13201,1.193123,s1d1
TGTAACGTCATGACAC-1,-3.3876858,9.50754,s1d1
TGTAACGTCCCTCTAG-1,14.332836,4.6304345,s1d1
TGTAACGTCGATGCTA-1,9.553912,-4.4727983,s1d1
TGTAACGTCGGTCGAC-1,-3.5910146,5.20229,s1d1
TGTAAGCAGACAGCGT-1,9.389819,-5.5606713,s1d1
TGTAAGCAGCAAGCCA-1,11.681828,7.6145687,s1d1
TGTAAGCAGCAGGCTA-1,3.8194034,17.93883,s1d1
TGTAAGCAGCGCCATC-1,1.629091,2.2581542,s1d1
TGTAAGCAGTTAGAAC-1,-0.83149445,5.8545,s1d1
TGTAAGCAGTTGCGCC-1,11.793008,1.3915818,s1d1
TGTAAGCCATCACGGC-1,9.959627,16.841183,s1d1
TGTAAGCGTACGGATG-1,-3.4873552,11.938121,s1d1
TGTAAGCGTGGATCGA-1,5.731748,18.464544,s1d1
TGTAAGCGTGGGAGAG-1,7.300486,2.9411604,s1d1
TGTAAGCGTTGAGAGC-1,-4.6138115,5.5490384,s1d1
TGTAAGCTCACTACGA-1,9.304722,9.524589,s1d1
TGTAAGCTCCGGACTG-1,-4.3930206,9.02012,s1d1
TGTACAGAGAGCCGAT-1,3.0201,20.205957,s1d1
TGTACAGAGGCCACCT-1,9.250266,-3.8590996,s1d1
TGTACAGAGGGATCAC-1,8.654431,-4.5310426,s1d1
TGTACAGCACAACGAG-1,10.13104,9.009692,s1d1
TGTACAGCAGAACTTC-1,3.8795109,1.838473,s1d1
TGTACAGCAGTTAGAA-1,11.688445,7.850667,s1d1
TGTACAGGTTAGTCGT-1,14.479965,6.870971,s1d1
TGTAGACAGGCCACTC-1,5.741562,17.693966,s1d1
TGTAGACAGGTTGACG-1,9.799039,9.298548,s1d1
TGTAGACGTACACTCA-1,10.243605,13.664897,s1d1
TGTAGACGTCCTGTTC-1,3.705483,16.686962,s1d1
TGTAGACGTGTTGATC-1,10.811676,8.21154,s1d1
TGTAGACTCATGACAC-1,12.161766,-3.7244742,s1d1
TGTAGACTCCTAGCGG-1,4.2061324,4.0091996,s1d1
TGTCAGAAGCATCCCG-1,13.589745,6.029883,s1d1
TGTCAGAAGCTTTCCC-1,13.310395,6.239892,s1d1
TGTCAGAAGTACTGGG-1,-0.14741725,3.2127638,s1d1
TGTCAGACAACCAATC-1,-4.942628,9.329814,s1d1
TGTCAGACACCCGTAG-1,3.2606282,4.0166755,s1d1
TGTCAGACAGGGTTGA-1,7.4826555,20.497152,s1d1
TGTCAGACATTAGGCT-1,10.274076,-3.539011,s1d1
TGTCAGAGTATCGCAT-1,-0.6132223,7.108069,s1d1
TGTCAGATCCTAGCTC-1,7.378618,10.951843,s1d1
TGTCCACAGCATCGAG-1,-2.9112704,8.646604,s1d1
TGTCCACAGCTGAAAT-1,-4.4471602,8.432349,s1d1
TGTCCACAGGAGAGGC-1,2.3422618,20.246298,s1d1
TGTCCACAGTCCCAAT-1,12.513239,0.97091484,s1d1
TGTCCACAGTTCATGC-1,12.526781,-3.7965572,s1d1
TGTCCACGTGGAGGTT-1,1.4267873,1.6280594,s1d1
TGTCCACTCTCCGAGG-1,4.7142234,18.538267,s1d1
TGTCCCAAGTACCCTA-1,0.2672581,4.8335714,s1d1
TGTCCCACACAACGTT-1,15.553587,9.609175,s1d1
TGTCCCACACGATTCA-1,11.649253,12.564229,s1d1
TGTCCCACATAATGCC-1,14.79764,5.978699,s1d1
TGTCCCAGTAAGTAGT-1,9.096087,2.3073564,s1d1
TGTCCCAGTGACAACG-1,10.938946,17.530464,s1d1
TGTCCCAGTTGGGAAC-1,5.8716364,17.784193,s1d1
TGTCCCATCCACATAG-1,-4.702383,7.803938,s1d1
TGTCCTGAGCCAAGTG-1,12.2235775,12.363639,s1d1
TGTCCTGAGCTGAGCA-1,14.436093,5.6767993,s1d1
TGTCCTGAGGTACCTT-1,16.158808,7.443817,s1d1
TGTCCTGAGTAACGAT-1,3.1605024,20.315523,s1d1
TGTCCTGCAAAGGGTC-1,11.106324,-0.59665513,s1d1
TGTCCTGCACACCTAA-1,6.8431935,10.844243,s1d1
TGTCCTGCATACTGAC-1,6.004813,20.520178,s1d1
TGTCCTGGTACATACC-1,12.72405,4.545045,s1d1
TGTCCTGGTACTGTTG-1,10.605913,14.052263,s1d1
TGTCCTGTCACAACCA-1,11.303891,9.963881,s1d1
TGTCCTGTCCATTCGC-1,5.501789,17.95327,s1d1
TGTCCTGTCCTGGGTG-1,-1.4781157,6.5128007,s1d1
TGTCCTGTCTCACCCA-1,2.5779498,4.384189,s1d1
TGTGAGTAGATCCTAC-1,8.045828,-5.6914234,s1d1
TGTGAGTAGCATTTCG-1,14.694745,7.248413,s1d1
TGTGAGTAGTATTCCG-1,13.928885,8.41595,s1d1
TGTGAGTAGTGAACAT-1,9.404906,-3.8669143,s1d1
TGTGAGTCAACGCCCA-1,9.929052,9.093938,s1d1
TGTGAGTCACATTCGA-1,2.4342303,4.1363955,s1d1
TGTGAGTCACGCTGCA-1,-4.0232897,10.5007,s1d1
TGTGAGTGTACTCAAC-1,10.348828,2.5428975,s1d1
TGTGAGTGTATGAAAC-1,9.13632,6.3852105,s1d1
TGTGAGTGTGGAACAC-1,9.774734,9.524675,s1d1
TGTGAGTTCACGGAGA-1,-4.8106055,8.54763,s1d1
TGTGAGTTCCAAGGGA-1,3.549459,20.772234,s1d1
TGTGAGTTCGGTGAAG-1,8.35254,8.545388,s1d1
TGTGATGAGACTCCGC-1,-3.835621,7.6961813,s1d1
TGTGATGAGCACTCTA-1,-5.38007,9.344502,s1d1
TGTGATGCACCCAATA-1,2.519996,3.572915,s1d1
TGTGATGGTAAGGTCG-1,11.344517,9.262295,s1d1
TGTGATGGTACAGCGA-1,2.9713018,-0.0044661593,s1d1
TGTGATGGTCTTCATT-1,7.436553,3.6002264,s1d1
TGTGATGGTGATTAGA-1,4.0088596,20.35814,s1d1
TGTGATGGTTTGATCG-1,8.637028,7.4773855,s1d1
TGTGATGTCGACCACG-1,7.7870083,-4.570611,s1d1
TGTGATGTCGTGCATA-1,7.110612,-2.9229355,s1d1
TGTGATGTCTCGGTAA-1,6.6756296,20.487812,s1d1
TGTGATGTCTTGTTAC-1,2.6027615,16.113691,s1d1
TGTGCGGAGCGACTGA-1,13.0483055,3.506352,s1d1
TGTGCGGAGCGCACAA-1,6.328303,20.82567,s1d1
TGTGCGGAGGTTCTAC-1,5.923532,1.9847772,s1d1
TGTGCGGGTGACGCCT-1,12.147192,9.555241,s1d1
TGTGCGGGTTCCTAGA-1,0.12192082,3.6228397,s1d1
TGTGCGGGTTGGGTAG-1,11.840704,1.7924573,s1d1
TGTGCGGTCATTGGTG-1,9.486557,1.6594911,s1d1
TGTGCGGTCCACACCT-1,9.940791,16.88371,s1d1
TGTGCGGTCCTGGTCT-1,9.516465,-3.2107875,s1d1
TGTGCGGTCTAGGCCG-1,1.6832535,2.1116874,s1d1
TGTGCGGTCTCCTGAC-1,6.901129,20.456198,s1d1
TGTGGCGAGCCTCTCT-1,2.6386678,3.1019423,s1d1
TGTGGCGAGTTGCGAG-1,6.353781,20.682024,s1d1
TGTGGCGCAATCGCCG-1,11.785748,9.898668,s1d1
TGTGGCGCATCCAATG-1,13.534752,5.9974265,s1d1
TGTGGCGCATGATGCT-1,11.670065,8.960438,s1d1
TGTGGCGGTAATACCC-1,13.856695,6.8157716,s1d1
TGTGTGACAAACTAAG-1,8.696918,-5.756597,s1d1
TGTGTGACATGTGGCC-1,5.522377,17.986383,s1d1
TGTGTGAGTTGCGTAT-1,5.0127063,19.367666,s1d1
TGTGTGAGTTTGCCGG-1,-0.7980661,5.104471,s1d1
TGTGTGATCATCGACA-1,11.700028,7.3469315,s1d1
TGTGTGATCATTCCTA-1,10.646834,9.799631,s1d1
TGTTACTAGCCTCACG-1,2.9644532,20.829477,s1d1
TGTTACTAGCCTCTGG-1,9.161569,7.236191,s1d1
TGTTACTAGGATATAC-1,9.338283,-5.9648604,s1d1
TGTTACTAGGCCTTCG-1,13.233122,7.0648775,s1d1
TGTTACTCATCTATCT-1,9.516325,-4.836114,s1d1
TGTTACTGTAAGTTGA-1,3.6440213,20.9264,s1d1
TGTTACTGTCACAATC-1,9.1967325,17.571644,s1d1
TGTTACTGTCACGACC-1,9.458541,-4.635655,s1d1
TGTTACTGTTAGAAAC-1,2.718773,5.2616735,s1d1
TGTTACTGTTCGTACA-1,13.976818,4.3843584,s1d1
TGTTACTGTTTATGCG-1,7.1570325,18.536478,s1d1
TGTTACTTCGGAAACG-1,7.4522543,20.55872,s1d1
TGTTCATAGAAGCTGC-1,9.535066,8.070225,s1d1
TGTTCATAGATTGGGC-1,5.242126,17.563972,s1d1
TGTTCATAGGCACAAC-1,14.716367,6.728485,s1d1
TGTTCATAGTAATACG-1,8.930091,1.3928915,s1d1
TGTTCATAGTTCCAGT-1,8.976836,-5.520133,s1d1
TGTTCATCAACCAGAG-1,3.625928,3.7753267,s1d1
TGTTCATGTACGGCAA-1,7.958513,8.346612,s1d1
TGTTCATGTCCTGTTC-1,13.058457,3.4024332,s1d1
TGTTCATGTGAGCTCC-1,14.563145,5.7810965,s1d1
TGTTCCGAGCGATGGT-1,1.2273883,3.4565654,s1d1
TGTTCCGAGTGCTCGC-1,10.4953985,-5.2148104,s1d1
TGTTCCGGTTGCAAGG-1,3.2587655,20.337729,s1d1
TGTTCCGTCCGGCTTT-1,14.525353,5.734498,s1d1
TGTTCCGTCCGTGACG-1,15.549206,7.3561296,s1d1
TGTTCCGTCTCCAATT-1,11.905179,8.685374,s1d1
TGTTCTAAGCCTCATA-1,9.649199,1.4198493,s1d1
TGTTCTAAGCCTCGTG-1,15.33074,6.626359,s1d1
TGTTCTAAGCGGATCA-1,8.358992,-5.7400155,s1d1
TGTTCTAAGCTAAGTA-1,14.534559,8.40797,s1d1
TGTTCTACAGGCGAAT-1,10.728637,6.325478,s1d1
TGTTCTAGTGGTTCTA-1,5.0850854,17.836306,s1d1
TGTTCTATCATGCTAG-1,8.04565,-1.8963352,s1d1
TGTTCTATCCAGTGCG-1,1.2630903,1.488872,s1d1
TGTTCTATCGCTGATA-1,15.353258,6.943112,s1d1
TGTTGAGAGGAATTAC-1,13.879537,7.5771923,s1d1
TGTTGAGCAAATACAG-1,2.8378801,20.526487,s1d1
TGTTGAGCAACGTTAC-1,10.889903,12.764512,s1d1
TGTTGAGCACCTTCCA-1,6.2065,19.122131,s1d1
TGTTGAGCAGCCCACA-1,6.097844,20.361212,s1d1
TGTTGAGCAGGGAATC-1,9.648034,-5.248089,s1d1
TGTTGAGGTCGCATTA-1,-3.9182599,9.85284,s1d1
TGTTGAGTCCTAGCGG-1,8.942121,-5.3280873,s1d1
TGTTGGAAGAAGGATG-1,12.441103,5.6516285,s1d1
TGTTGGAAGGTCTGGA-1,12.815424,8.677266,s1d1
TGTTGGAAGTATGTAG-1,3.4396064,20.201193,s1d1
TGTTGGACACTAAACC-1,5.305027,17.708578,s1d1
TGTTGGAGTGAGTTGG-1,7.742289,7.926401,s1d1
TGTTGGAGTGTGTTTG-1,3.526339,19.554045,s1d1
TGTTGGATCGCAGATT-1,-3.3625538,10.289455,s1d1
TGTTGGATCGTGAGAG-1,11.559127,10.465754,s1d1
TGTTTGTAGACAACTA-1,6.5327425,20.956106,s1d1
TGTTTGTAGGAGCTGT-1,3.6147897,4.706722,s1d1
TGTTTGTAGTCGAAGC-1,-0.52986073,4.9886565,s1d1
TGTTTGTAGTCGTTAC-1,4.1560297,1.9542059,s1d1
TGTTTGTCAATTCTCT-1,12.366451,1.8852249,s1d1
TGTTTGTCAGACCCGT-1,13.169897,8.032626,s1d1
TGTTTGTCAGAGGGTT-1,3.6942742,16.317852,s1d1
TGTTTGTCATCTCATT-1,9.596326,7.287978,s1d1
TGTTTGTGTTGCACGC-1,13.83526,6.17869,s1d1
TGTTTGTTCAACTACG-1,10.360823,7.4496913,s1d1
TGTTTGTTCCATTGGA-1,2.0305312,4.1569276,s1d1
TGTTTGTTCGTCTAAG-1,6.0845695,11.793816,s1d1
TGTTTGTTCTGTTCAT-1,5.4742317,17.674757,s1d1
TTAATCCAGACGATAT-1,12.030093,2.22646,s1d1
TTAATCCCAATGGCCC-1,12.191372,8.80114,s1d1
TTAATCCGTAGACGGT-1,11.877453,0.12306918,s1d1
TTAATCCGTCAACCTA-1,12.919394,6.053933,s1d1
TTAATCCGTCCATACA-1,12.667453,4.188845,s1d1
TTAATCCGTGGTCTCG-1,3.5955057,20.58049,s1d1
TTAATCCGTGTCATTG-1,-0.55292004,5.616676,s1d1
TTAATCCGTTGGACTT-1,6.63187,20.608099,s1d1
TTAATCCTCCACACAA-1,13.301596,8.600385,s1d1
TTACAGGAGAGCTGCA-1,2.621027,19.882763,s1d1
TTACAGGAGCAGATAT-1,12.891269,5.333176,s1d1
TTACAGGAGCCTCTTC-1,2.9469714,4.019886,s1d1
TTACAGGCAACACTAC-1,12.518761,2.7742941,s1d1
TTACAGGCACAAGTTC-1,15.586467,9.97138,s1d1
TTACAGGCAGATTCGT-1,-0.92637366,3.868845,s1d1
TTACAGGCAGGATTCT-1,14.817969,6.3384156,s1d1
TTACAGGCATTGACTG-1,-3.9137046,7.510223,s1d1
TTACAGGGTTTCGACA-1,13.925381,6.5194893,s1d1
TTACAGGTCACCCATC-1,3.8156002,19.582731,s1d1
TTACAGGTCGAATCCA-1,6.968389,20.356524,s1d1
TTACCATAGACCTGGA-1,13.376606,7.9509583,s1d1
TTACCATAGGCATGGT-1,2.7350166,20.470558,s1d1
TTACCATAGGTTATAG-1,0.97226,1.854682,s1d1
TTACCATCAAAGCAAT-1,3.9838352,19.967823,s1d1
TTACCATCAAATGAGT-1,1.1313028,3.401778,s1d1
TTACCATCAGCCGGTT-1,11.242185,-0.37766865,s1d1
TTACCATTCACCGCTT-1,10.129474,9.3587,s1d1
TTACCATTCCCAGGAC-1,4.089408,20.786266,s1d1
TTACCATTCCTACCAC-1,13.046196,7.700787,s1d1
TTACCATTCGCCATAA-1,12.380651,-3.7753186,s1d1
TTACCATTCTCGTTTA-1,9.838397,9.517934,s1d1
TTACCGCAGAAAGCGA-1,8.405314,1.2061297,s1d1
TTACCGCAGAGTGTTA-1,9.010155,7.3566513,s1d1
TTACCGCAGATAGTGT-1,11.836386,9.459022,s1d1
TTACCGCAGCATCAGG-1,11.746351,8.275071,s1d1
TTACCGCAGCATGATA-1,13.323183,3.0478292,s1d1
TTACCGCAGCGACTAG-1,10.655491,7.9012103,s1d1
TTACCGCAGTCAGCGA-1,12.076406,8.678833,s1d1
TTACCGCCAATGTTGC-1,15.374107,7.1279044,s1d1
TTACCGCCATAACTCG-1,-3.3762462,5.3416567,s1d1
TTACCGCGTGCAACGA-1,-1.3858651,4.215221,s1d1
TTACCGCGTTCCGGTG-1,-3.1623375,11.318499,s1d1
TTACCGCTCCGCACTT-1,8.786521,2.733656,s1d1
TTACCGCTCGTAATGC-1,11.579892,0.6596784,s1d1
TTACGCCAGAAGTATC-1,10.296577,8.263722,s1d1
TTACGCCAGACCATGG-1,9.361902,7.741354,s1d1
TTACGCCAGTCGAAGC-1,3.3219848,4.7355328,s1d1
TTACGCCAGTCTCCTC-1,-5.382223,8.881719,s1d1
TTACGCCCAATAACGA-1,11.1487875,7.866903,s1d1
TTACGCCCAGAGAGGG-1,12.2169,-1.386614,s1d1
TTACGCCCATCATCCC-1,8.170527,0.62732714,s1d1
TTACGCCGTAGGAGGG-1,7.4160757,-2.1425142,s1d1
TTACGCCGTCGTCAGC-1,12.1961565,6.8444686,s1d1
TTACGCCTCACAATGC-1,9.578274,7.4202757,s1d1
TTACGCCTCGCAATGT-1,11.6785555,7.392214,s1d1
TTACGTTAGAGATTCA-1,5.5268517,18.150684,s1d1
TTACGTTAGTAGCTCT-1,9.306583,9.402965,s1d1
TTACGTTCATAGCACT-1,-2.746647,9.919957,s1d1
TTACGTTGTATGAAGT-1,9.539523,8.304162,s1d1
TTACGTTGTATGGTTC-1,7.43634,20.372595,s1d1
TTACGTTGTATTGAGA-1,10.399065,8.836938,s1d1
TTACGTTGTCGCATGC-1,-4.757838,8.0035305,s1d1
TTACGTTTCCTGGTCT-1,-3.778313,7.5204372,s1d1
TTACGTTTCGGCTCTT-1,9.05662,8.71898,s1d1
TTACTGTAGAAGGCTC-1,9.028433,1.8047472,s1d1
TTACTGTAGTGCTCGC-1,12.741684,3.3549106,s1d1
TTACTGTCAATTAGGA-1,13.692799,6.0997806,s1d1
TTACTGTCACCAGTTA-1,5.730342,18.86049,s1d1
TTACTGTCACGAAGAC-1,-0.338584,6.1992536,s1d1
TTACTGTCATACAGAA-1,11.461011,7.8025284,s1d1
TTACTGTTCAGAGTTC-1,2.8836777,15.842862,s1d1
TTACTGTTCCCTCGTA-1,-4.748245,7.8772964,s1d1
TTAGGCAAGCCTCATA-1,3.4326377,19.747046,s1d1
TTAGGCAAGCGCAATG-1,12.486891,0.8876786,s1d1
TTAGGCAAGCGTCAGA-1,13.428792,7.829981,s1d1
TTAGGCACAACCAGAG-1,-4.021404,9.977371,s1d1
TTAGGCACACATCCCT-1,12.452691,6.5896654,s1d1
TTAGGCACACCTGTCT-1,15.679093,8.933247,s1d1
TTAGGCACAGATACTC-1,12.140014,7.9879045,s1d1
TTAGGCATCACGAGGA-1,6.896943,20.898167,s1d1
TTAGGCATCACTACGA-1,13.686591,5.590467,s1d1
TTAGGGTAGAGATCGC-1,9.455571,9.639479,s1d1
TTAGGGTCAACTCCAA-1,14.235365,7.452844,s1d1
TTAGGGTCAGAGTCAG-1,8.293484,9.123887,s1d1
TTAGGGTGTGCAACAG-1,-1.4658798,5.4604125,s1d1
TTAGGGTTCACGTAGT-1,13.6194725,3.9704018,s1d1
TTAGGGTTCGGAACTT-1,9.042389,2.701847,s1d1
TTAGGGTTCGTCGATA-1,9.194747,-3.3956876,s1d1
TTAGTCTCATCGATAC-1,-4.491705,5.4560995,s1d1
TTAGTCTGTGCCAAGA-1,9.842602,-5.373092,s1d1
TTAGTCTGTGCTATTG-1,9.062047,1.3396665,s1d1
TTAGTCTTCCTAGCCT-1,12.186289,12.8321705,s1d1
TTAGTCTTCGATCCCT-1,11.687117,8.766874,s1d1
TTATTGCAGACGGTTG-1,11.868391,9.653527,s1d1
TTATTGCAGCAGGCAT-1,10.066295,7.289435,s1d1
TTATTGCCACCGCTAG-1,9.308565,-5.3863645,s1d1
TTATTGCGTAGCGCCT-1,11.639866,11.263812,s1d1
TTATTGCTCAAGCGTT-1,11.47734,10.74029,s1d1
TTATTGCTCACCCTTG-1,13.461874,3.659268,s1d1
TTATTGCTCCGCACGA-1,7.068428,11.637354,s1d1
TTATTGCTCCTTTGAT-1,9.33961,-5.7661858,s1d1
TTATTGCTCGTGGTAT-1,3.1349633,20.298637,s1d1
TTATTGCTCTGCCCTA-1,10.573836,8.965251,s1d1
TTCAATCAGTTGGGAC-1,12.698862,7.965118,s1d1
TTCAATCCATCAGCGC-1,13.66183,3.9511704,s1d1
TTCAATCCATCCGTTC-1,13.420164,4.160695,s1d1
TTCAATCCATGGCACC-1,-4.8592534,9.313777,s1d1
TTCAATCGTCTTGCGG-1,11.148025,10.302742,s1d1
TTCAATCGTTACCTTT-1,14.027814,7.3017774,s1d1
TTCAATCTCCCATGGG-1,-1.0215952,7.2166615,s1d1
TTCACCGAGCCAAGTG-1,11.111741,13.259271,s1d1
TTCACCGCAACTCGAT-1,11.689948,12.0495,s1d1
TTCACCGGTAACCAGG-1,8.660888,-3.5892751,s1d1
TTCACCGGTAGTACGG-1,2.5838583,17.213566,s1d1
TTCACCGGTCAACACT-1,4.358769,20.060862,s1d1
TTCACCGGTGAATGAT-1,8.962243,7.3773656,s1d1
TTCACCGGTGATCATC-1,8.774188,14.260129,s1d1
TTCACCGGTGGATGAC-1,3.2684977,20.305462,s1d1
TTCACCGGTTTCGTAG-1,4.3561854,2.160327,s1d1
TTCACCGTCAGTCAGT-1,10.859546,7.457356,s1d1
TTCACCGTCTAAGCCA-1,14.189151,8.970131,s1d1
TTCACCGTCTCTGCCA-1,14.357745,7.1181993,s1d1
TTCACCGTCTGAACGT-1,-2.2637472,10.170433,s1d1
TTCACGCAGAATTGTG-1,12.044449,12.203698,s1d1
TTCACGCAGGCCTTCG-1,6.349093,19.35959,s1d1
TTCACGCCATGTGCCG-1,3.344307,4.9601555,s1d1
TTCACGCGTATCCCAA-1,-4.4133444,9.327345,s1d1
TTCACGCGTCTGATAC-1,10.448373,8.578311,s1d1
TTCACGCTCAAATAGG-1,11.733598,-3.848515,s1d1
TTCACGCTCAGAGCGA-1,4.5663075,2.6992412,s1d1
TTCACGCTCCGAGGCT-1,9.624533,-5.790961,s1d1
TTCACGCTCTGGAAGG-1,14.091158,9.115352,s1d1
TTCAGGAAGAACAAGG-1,5.7910523,20.921858,s1d1
TTCAGGAAGATCCAAA-1,9.039005,8.454564,s1d1
TTCAGGAAGGCTAGCA-1,6.850471,11.865308,s1d1
TTCAGGAAGGGACCAT-1,15.006778,8.133501,s1d1
TTCAGGACACTATGTG-1,8.912256,1.6879967,s1d1
TTCAGGAGTAAGAACT-1,3.6796858,20.039454,s1d1
TTCAGGATCGTCCTTG-1,15.4106865,7.2104993,s1d1
TTCAGGATCTGCGAGC-1,8.95463,-5.018265,s1d1
TTCAGGATCTGCGGAC-1,8.153179,8.934094,s1d1
TTCAGGATCTGTCGTC-1,-4.7039847,8.795411,s1d1
TTCAGGATCTTTGCGC-1,-0.4138599,5.0873766,s1d1
TTCATGTAGCTGCCAC-1,4.9337463,20.55301,s1d1
TTCATGTCACGCCACA-1,8.2739935,-5.1866255,s1d1
TTCATGTTCATTGCTT-1,3.6300774,2.9386313,s1d1
TTCATGTTCTACCTTA-1,9.016839,-0.18179567,s1d1
TTCATTGAGAATAGTC-1,7.300179,-2.487132,s1d1
TTCATTGAGGCTAACG-1,9.766109,7.9385314,s1d1
TTCATTGAGGTGCGAT-1,8.70701,-3.611054,s1d1
TTCATTGAGTCATCGT-1,11.519238,17.780573,s1d1
TTCATTGCAAATACAG-1,8.297752,1.5421907,s1d1
TTCATTGCACGCAGTC-1,11.19496,7.45747,s1d1
TTCATTGCACTCCGGA-1,5.692185,20.707626,s1d1
TTCATTGCATCTGCGG-1,13.632473,3.9943101,s1d1
TTCATTGCATTACTCT-1,3.7154505,1.9535944,s1d1
TTCATTGGTACCAATC-1,5.2002597,19.02563,s1d1
TTCATTGGTAGTCCTA-1,4.7955103,18.99646,s1d1
TTCATTGGTCATCGCG-1,12.257914,3.3874757,s1d1
TTCATTGGTTGGGTTT-1,9.184178,-3.6269739,s1d1
TTCATTGTCAGAGTGG-1,10.383997,-0.5279534,s1d1
TTCATTGTCCAACACA-1,-4.250973,8.521031,s1d1
TTCCAATAGACCCTTA-1,5.5582447,17.795353,s1d1
TTCCAATAGGGTGAGG-1,9.395994,-1.4804128,s1d1
TTCCAATCAACCTATG-1,-4.8095074,11.043536,s1d1
TTCCAATCAAGATCCT-1,14.125688,5.885656,s1d1
TTCCAATTCAAGGAGC-1,11.140215,8.037157,s1d1
TTCCACGAGCACTCCG-1,12.228966,9.252448,s1d1
TTCCACGCAGAAGTGC-1,7.7344146,2.8720717,s1d1
TTCCGGTAGAAGAACG-1,-1.214776,7.486583,s1d1
TTCCGGTAGTTGTAAG-1,9.415474,-3.4678082,s1d1
TTCCGGTCAGCATCTA-1,8.833549,8.454761,s1d1
TTCCGGTGTTTGGAGG-1,12.517091,10.0993,s1d1
TTCCGGTTCGCACGAC-1,8.207157,-5.8305817,s1d1
TTCCGGTTCGCATGAT-1,-1.6724151,7.4017043,s1d1
TTCCGGTTCTCAAAGC-1,3.9731073,20.193235,s1d1
TTCCGTGAGTAAGAGG-1,13.369347,4.2795362,s1d1
TTCCGTGCACCCGTAG-1,13.284234,7.3505187,s1d1
TTCCGTGCACGTACTA-1,6.8471026,11.203335,s1d1
TTCCGTGCACTTGAAC-1,8.949706,3.6939855,s1d1
TTCCGTGCACTTGGGC-1,11.55321,9.780308,s1d1
TTCCGTGCAGACGCTC-1,3.1003985,3.7053053,s1d1
TTCCGTGCAGGATTCT-1,9.424973,-1.0085226,s1d1
TTCCGTGCATATTCGG-1,10.804009,12.957255,s1d1
TTCCGTGGTGACAACG-1,9.02452,6.6892686,s1d1
TTCCGTGGTGGAAGTC-1,5.8244524,17.830359,s1d1
TTCCGTGTCGAGGCAA-1,3.5378513,20.27124,s1d1
TTCCGTGTCTCTTAAC-1,-0.8376506,3.3492527,s1d1
TTCCTAAAGATGCTTC-1,13.771124,3.91664,s1d1
TTCCTAAAGGTCGTAG-1,0.47677156,2.5731583,s1d1
TTCCTAAAGTTAGAAC-1,6.3933797,11.452031,s1d1
TTCCTAACACAAATCC-1,13.041395,3.958046,s1d1
TTCCTAACATCTCAAG-1,9.542426,-3.468307,s1d1
TTCCTAAGTAGACGTG-1,13.390061,3.968304,s1d1
TTCCTAATCAGCCTTC-1,4.195146,20.47974,s1d1
TTCCTAATCCTAAGTG-1,10.970898,11.686125,s1d1
TTCCTAATCCTTCGAC-1,9.650554,9.63202,s1d1
TTCCTAATCGAAACAA-1,5.245024,17.989895,s1d1
TTCCTAATCTCATTTG-1,7.5551386,-4.2473016,s1d1
TTCCTCTAGGCCCACT-1,4.2369094,4.166789,s1d1
TTCCTCTCATCGGCCA-1,7.1993966,-3.106166,s1d1
TTCCTCTCATGAGTAA-1,10.757431,6.970194,s1d1
TTCCTCTGTAAGGCCA-1,10.508096,-2.6514184,s1d1
TTCCTCTTCACGGGCT-1,9.996172,6.8710017,s1d1
TTCCTCTTCTGCCTCA-1,4.1397996,20.122517,s1d1
TTCCTCTTCTTCTTCC-1,15.769505,9.212985,s1d1
TTCCTCTTCTTGAACG-1,13.689806,3.7334507,s1d1
TTCCTTCAGATCGCCC-1,-3.940491,7.5701323,s1d1
TTCCTTCAGCATTGTC-1,9.117412,-5.4586987,s1d1
TTCCTTCAGGTAGGCT-1,2.8267772,4.2862477,s1d1
TTCCTTCAGTGCTAGG-1,11.690832,11.432215,s1d1
TTCCTTCGTAACATCC-1,10.019777,-4.087995,s1d1
TTCCTTCGTATCGCGC-1,14.408163,7.6076756,s1d1
TTCCTTCGTTTCCATT-1,9.129378,8.657505,s1d1
TTCCTTCTCAACGTGT-1,11.7182665,8.789997,s1d1
TTCCTTCTCCACCTCA-1,13.338949,9.01755,s1d1
TTCCTTCTCCTGTAAG-1,5.806738,19.50091,s1d1
TTCCTTCTCTAGTGTG-1,6.8370867,20.389761,s1d1
TTCGATTAGAAATCCA-1,14.081386,8.477367,s1d1
TTCGATTAGTAGTGCG-1,-3.5809238,9.034557,s1d1
TTCGATTAGTTCATCG-1,7.8654017,-3.9423738,s1d1
TTCGATTCACCTGCAG-1,11.069242,12.810824,s1d1
TTCGATTCAGGAGACT-1,14.069579,5.3585157,s1d1
TTCGATTGTATGCAAA-1,10.914652,9.264692,s1d1
TTCGATTGTTCAGGTT-1,12.424397,8.747841,s1d1
TTCGATTTCAGGACAG-1,0.16508296,4.830049,s1d1
TTCGATTTCATATGGC-1,11.832258,9.786999,s1d1
TTCGATTTCCATTGGA-1,13.942447,5.897702,s1d1
TTCGATTTCCCGTGAG-1,-2.9345903,9.697299,s1d1
TTCGATTTCCGACGGT-1,9.361145,1.8746096,s1d1
TTCGATTTCCTTCACG-1,13.998743,6.2906947,s1d1
TTCGCTGAGAGGATCC-1,2.7311497,2.9834702,s1d1
TTCGCTGCATGGTGGA-1,4.1908607,20.582428,s1d1
TTCGCTGCATGTACGT-1,12.081305,9.593713,s1d1
TTCGCTGGTAACACGG-1,6.483039,11.147023,s1d1
TTCGCTGGTAGACGTG-1,-3.610934,5.212768,s1d1
TTCGCTGGTGTCACAT-1,14.377295,6.171722,s1d1
TTCGCTGGTTACACTG-1,9.140016,-4.3637524,s1d1
TTCGCTGTCAGTGGGA-1,9.225826,-3.796679,s1d1
TTCGCTGTCGCTATTT-1,10.6095495,17.586569,s1d1
TTCGCTGTCGCTCCTA-1,-3.9701629,7.612835,s1d1
TTCGGTCCACTTTATC-1,2.726914,16.47417,s1d1
TTCGGTCCAGAGACTG-1,10.1631565,-0.18739928,s1d1
TTCGGTCGTCTTCAAG-1,0.7767296,2.3572385,s1d1
TTCGGTCTCATCGCCT-1,15.197816,7.6967745,s1d1
TTCGGTCTCCTGCTAC-1,14.533975,7.8041773,s1d1
TTCGGTCTCGCACGAC-1,7.1669517,20.522253,s1d1
TTCGGTCTCTAAGCCA-1,2.5508277,4.431482,s1d1
TTCGGTCTCTTTACAC-1,11.5679655,6.9415007,s1d1
TTCTAACAGATACTGA-1,8.907098,-4.746062,s1d1
TTCTAACCAACGAGGT-1,14.898255,8.281279,s1d1
TTCTAACCACGCAGTC-1,-4.4039717,8.2927065,s1d1
TTCTAACCAGCTTTCC-1,-4.101882,5.3573723,s1d1
TTCTAACCATGACAAA-1,13.30556,3.3924055,s1d1
TTCTAACGTACCCAGC-1,6.789916,20.742315,s1d1
TTCTAACGTCAACGCC-1,-3.8407326,7.8561306,s1d1
TTCTAACTCAGTGCGC-1,11.14812,2.126278,s1d1
TTCTAACTCCCGATCT-1,9.770885,13.234005,s1d1
TTCTAGTAGACAGCGT-1,7.682613,-3.513724,s1d1
TTCTAGTAGCGGGTAT-1,7.3328614,1.602072,s1d1
TTCTAGTAGTCCCAAT-1,10.668792,13.046938,s1d1
TTCTAGTAGTTCCAGT-1,6.7658744,-2.341958,s1d1
TTCTAGTCAAGTTTGC-1,15.378304,9.399782,s1d1
TTCTAGTCACTGGAAG-1,11.030721,11.6306095,s1d1
TTCTAGTGTACTGAGG-1,8.943978,3.636222,s1d1
TTCTAGTGTTAGGCTT-1,2.676021,20.219316,s1d1
TTCTAGTGTTGGTAGG-1,-4.501247,6.56757,s1d1
TTCTAGTTCATTCGGA-1,5.443156,17.359663,s1d1
TTCTAGTTCCTCATAT-1,6.4990745,20.623402,s1d1
TTCTAGTTCTTCCACG-1,12.504657,6.800484,s1d1
TTCTCTCAGCATTGAA-1,-4.594731,7.959384,s1d1
TTCTCTCAGCCAGAGT-1,13.98854,7.2023883,s1d1
TTCTCTCAGCGGCTCT-1,2.627956,17.381083,s1d1
TTCTCTCGTAAGCTCT-1,-2.862727,9.50029,s1d1
TTCTCTCGTAGACTGG-1,11.712168,0.6232264,s1d1
TTCTCTCGTCCACTTC-1,10.795651,16.68353,s1d1
TTCTCTCGTCTCACGG-1,12.217229,10.841515,s1d1
TTCTCTCTCGCGCCAA-1,11.859728,12.453246,s1d1
TTCTGTAAGAAATTCG-1,7.5268574,-1.6937628,s1d1
TTCTGTAAGCGTGCCT-1,9.110838,-3.1248422,s1d1
TTCTGTAAGGTTCAGG-1,8.508556,-5.845617,s1d1
TTCTGTACAAGTAGTA-1,5.6050344,18.228098,s1d1
TTCTGTACAGACTGCC-1,5.832695,11.138102,s1d1
TTCTGTAGTAAGAACT-1,5.849672,17.74645,s1d1
TTCTGTAGTCGTGTTA-1,13.631453,4.166278,s1d1
TTCTGTAGTCTCAGAT-1,12.638419,9.801304,s1d1
TTCTGTAGTCTCGACG-1,-4.3227243,7.3952937,s1d1
TTCTGTATCCAAACCA-1,11.978819,-1.6726986,s1d1
TTCTTCCAGCGATGGT-1,12.412672,7.65657,s1d1
TTCTTCCAGTTGGACG-1,15.860649,9.540634,s1d1
TTCTTCCCAACCTATG-1,12.713299,11.993017,s1d1
TTCTTCCCACCGTGGT-1,15.57122,8.921944,s1d1
TTCTTCCGTACCGGCT-1,12.142772,1.0999898,s1d1
TTCTTCCGTAGGAGTC-1,4.263646,4.320184,s1d1
TTCTTCCGTGTTATCG-1,-2.7693753,10.673565,s1d1
TTCTTCCGTTGCTAGT-1,2.4835432,3.5358942,s1d1
TTCTTCCTCCAGCTCT-1,13.028045,10.76831,s1d1
TTCTTCCTCCTCTCGA-1,8.453765,-5.34975,s1d1
TTCTTCCTCGCTGTCT-1,9.793096,16.968527,s1d1
TTCTTGACAACCGACC-1,14.626883,5.94535,s1d1
TTCTTGACAATTCTTC-1,5.4614434,18.73495,s1d1
TTCTTGACACATAACC-1,6.5609794,10.757147,s1d1
TTCTTGACATGACGTT-1,-5.342869,8.291551,s1d1
TTCTTGAGTACTAAGA-1,6.981984,2.9821465,s1d1
TTCTTGAGTCTCAAGT-1,14.314914,5.856624,s1d1
TTCTTGAGTGTTCAGT-1,5.6879287,18.172308,s1d1
TTCTTGAGTTTCACTT-1,12.541838,9.075963,s1d1
TTCTTGATCACCTCAC-1,11.220293,8.369874,s1d1
TTCTTGATCCAGCAAT-1,14.127734,6.284184,s1d1
TTGAACGAGAACAGGA-1,9.85184,8.728923,s1d1
TTGAACGAGCGAATGC-1,13.916544,4.745244,s1d1
TTGAACGCACATAACC-1,9.283709,9.358049,s1d1
TTGAACGGTAGGACCA-1,2.3135135,15.999152,s1d1
TTGAACGGTTGTATGC-1,8.392589,-5.422255,s1d1
TTGAACGTCACAACCA-1,8.241853,-3.12867,s1d1
TTGACCCAGCCGATAG-1,13.320049,8.022782,s1d1
TTGACCCAGGTTAAAC-1,8.961735,7.4784675,s1d1
TTGACCCCAAGATGGC-1,13.600054,3.4578934,s1d1
TTGACCCCAGCACCCA-1,16.217695,8.303393,s1d1
TTGACCCCATCGTTCC-1,12.541186,0.71667975,s1d1
TTGACCCGTGAGATCG-1,9.698003,9.121489,s1d1
TTGACCCTCATGCTAG-1,3.6700861,17.803223,s1d1
TTGACCCTCCGACGGT-1,13.856139,7.673273,s1d1
TTGACCCTCGGTGCAC-1,8.850602,-3.4887605,s1d1
TTGAGTGAGAAACCAT-1,11.123524,13.757019,s1d1
TTGAGTGAGTCCGCCA-1,14.957096,9.772406,s1d1
TTGAGTGCAACGAGGT-1,3.2254832,16.108023,s1d1
TTGAGTGCACGGTGAA-1,3.2881103,20.085583,s1d1
TTGAGTGCATAGAAAC-1,4.0008435,20.483479,s1d1
TTGAGTGGTCAGTCCG-1,14.548901,5.0757585,s1d1
TTGAGTGGTGAATTGA-1,2.4872956,2.9685874,s1d1
TTGAGTGTCCATCCGT-1,14.25444,5.668731,s1d1
TTGAGTGTCTCTTGCG-1,8.388351,-2.979746,s1d1
TTGATGGAGGCACAAC-1,3.646235,3.8216872,s1d1
TTGATGGCACACGGAA-1,10.665117,12.657494,s1d1
TTGATGGCACCCTATC-1,6.2366686,10.65816,s1d1
TTGATGGCATATCTGG-1,14.862733,7.9247637,s1d1
TTGATGGCATGTGCTA-1,-4.4569325,10.964054,s1d1
TTGATGGGTAATCAGA-1,11.007644,7.3575015,s1d1
TTGATGGGTGGCTTGC-1,2.388244,3.0303555,s1d1
TTGATGGGTGTGCTTA-1,-4.3718867,7.8951583,s1d1
TTGATGGTCAACTGAC-1,7.9381123,-4.891997,s1d1
TTGATGGTCACAACCA-1,5.5595875,17.230515,s1d1
TTGATGGTCCGAAATC-1,9.190046,-5.939904,s1d1
TTGATGGTCGGCTGTG-1,14.002187,4.147275,s1d1
TTGATGGTCTGACGCG-1,2.2877865,17.036274,s1d1
TTGCATTAGACTGTTC-1,15.331313,6.3929234,s1d1
TTGCATTAGCCGTCGT-1,8.931466,2.338958,s1d1
TTGCATTCAGGTAGTG-1,9.220711,6.511005,s1d1
TTGCATTGTAATCAGA-1,12.30665,9.801917,s1d1
TTGCATTGTATAATGG-1,12.520502,8.961057,s1d1
TTGCATTGTCGCGTTG-1,10.824517,9.027436,s1d1
TTGCATTGTTAGAGAT-1,7.732564,-4.969854,s1d1
TTGCATTTCAGGTGTT-1,10.4766655,2.62423,s1d1
TTGCATTTCCACGTGG-1,12.832858,5.4125485,s1d1
TTGCCTGAGACCCGCT-1,4.0110283,20.693213,s1d1
TTGCCTGAGCACCGAA-1,3.6555154,20.436537,s1d1
TTGCCTGAGCATCAAA-1,10.797005,-0.61601114,s1d1
TTGCCTGAGTATTAGG-1,-4.48115,8.497952,s1d1
TTGCCTGCAACCCTAA-1,2.6912184,2.2399657,s1d1
TTGCCTGCAATGTCTG-1,10.491374,-5.0636454,s1d1
TTGCCTGCATAACCCA-1,12.160954,7.3727922,s1d1
TTGCCTGGTAGATTAG-1,-3.1702936,11.603449,s1d1
TTGCCTGGTCACAGAG-1,11.72827,0.009701358,s1d1
TTGCCTGGTCGGCCTA-1,-1.3690065,7.4862447,s1d1
TTGCCTGGTCGGTGAA-1,8.705086,6.4416037,s1d1
TTGCCTGGTGAGCTCC-1,13.607047,5.8533874,s1d1
TTGCCTGTCATGACAC-1,9.428756,1.7463895,s1d1
TTGCGTCAGACTCATC-1,-0.067929044,4.9778485,s1d1
TTGCGTCAGATTGACA-1,13.03297,5.561726,s1d1
TTGCGTCAGGCGTTGA-1,10.114511,-3.7796469,s1d1
TTGCGTCAGTGATAAC-1,-3.6935134,9.295688,s1d1
TTGCGTCCAATAGGGC-1,11.799974,9.210885,s1d1
TTGCGTCCACGTGAGA-1,6.5127754,11.771421,s1d1
TTGCGTCCAGGCGAAT-1,11.588901,10.36554,s1d1
TTGCGTCGTGCCGGTT-1,8.482206,-3.4173503,s1d1
TTGCGTCGTGCTCTTC-1,8.915346,-3.2337508,s1d1
TTGCGTCGTTAGGAGC-1,2.9514852,0.86457,s1d1
TTGCGTCTCAAGTCTG-1,12.928196,7.053491,s1d1
TTGCGTCTCCCAGGAC-1,7.0340085,11.665419,s1d1
TTGCTGCAGACAAGCC-1,-2.220137,9.854506,s1d1
TTGCTGCCAGACCAGA-1,13.725583,5.1113124,s1d1
TTGCTGCGTACGCTTA-1,3.7033882,1.9667163,s1d1
TTGCTGCGTAGCGCTC-1,2.4958339,4.7502217,s1d1
TTGCTGCGTGATAGTA-1,15.776089,9.3857,s1d1
TTGCTGCTCCATAGAC-1,13.072537,3.2577991,s1d1
TTGCTGCTCCCTGTTG-1,13.405404,5.22986,s1d1
TTGCTGCTCCGCAGTG-1,8.780655,3.7403836,s1d1
TTGCTGCTCGTGGGAA-1,-0.08207161,3.8829322,s1d1
TTGGATGAGCCTGTGC-1,9.894816,-5.293228,s1d1
TTGGATGAGCGCCTTG-1,2.3103714,3.1393194,s1d1
TTGGATGAGTACAACA-1,-3.9181864,9.314579,s1d1
TTGGATGAGTGCGCTC-1,13.121674,7.1705904,s1d1
TTGGATGCAATCAGCT-1,9.944355,-4.943915,s1d1
TTGGATGCAGTGGTGA-1,-3.9559157,8.448471,s1d1
TTGGATGGTAGATTAG-1,8.797374,-3.7735753,s1d1
TTGGATGGTAGCTGAG-1,12.396002,1.5640154,s1d1
TTGGATGGTCGCTTGG-1,9.748248,9.541113,s1d1
TTGGATGGTGGAATGC-1,14.126128,5.90525,s1d1
TTGGATGGTTGCCGAC-1,0.74672425,2.0393102,s1d1
TTGGATGTCATTTCCA-1,13.485236,6.0866666,s1d1
TTGGATGTCCACAAGT-1,12.668796,7.4351535,s1d1
TTGGATGTCTAGTTCT-1,0.7951118,2.0127683,s1d1
TTGGGATAGAACTTCC-1,13.295768,3.4931207,s1d1
TTGGGATAGGTCCCGT-1,9.59173,-4.198958,s1d1
TTGGGATAGTGCTCAT-1,9.659323,8.295216,s1d1
TTGGGATCACTGTGTA-1,-4.111725,8.869636,s1d1
TTGGGATCAGACAAGC-1,-3.5290828,5.2020535,s1d1
TTGGGATCATCATGAC-1,12.278229,9.049239,s1d1
TTGGGATTCCAACTAG-1,4.012803,20.904678,s1d1
TTGGGATTCGGTGTTA-1,11.13164,8.114179,s1d1
TTGGGATTCGTACACA-1,12.573574,10.174879,s1d1
TTGGGATTCTATGCCC-1,8.717837,8.41288,s1d1
TTGGGCGAGAGCAGCT-1,9.92592,7.7831445,s1d1
TTGGGCGAGGCCTAGA-1,13.700223,7.6598415,s1d1
TTGGGCGAGTTCTCTT-1,6.8451767,18.418385,s1d1
TTGGGCGCAAAGTGTA-1,-2.3977902,9.589594,s1d1
TTGGGCGCAATAGTAG-1,11.923561,11.77676,s1d1
TTGGGCGCACAATGAA-1,5.7697597,20.051594,s1d1
TTGGGCGCAGGTCAGA-1,2.9460013,5.562182,s1d1
TTGGGCGGTACTCCGG-1,12.067762,9.84335,s1d1
TTGGGCGGTATCAAGA-1,14.20831,6.3187575,s1d1
TTGGGCGTCACATCAG-1,3.114312,1.7041479,s1d1
TTGGGCGTCCTATTGT-1,9.33298,7.4353623,s1d1
TTGGGCGTCGGCATTA-1,-3.3488786,9.922268,s1d1
TTGGGTAAGAACCGCA-1,12.861025,9.639316,s1d1
TTGGGTAAGAGAATCT-1,6.661657,20.405384,s1d1
TTGGGTAAGCATCAGG-1,2.819876,20.77411,s1d1
TTGGGTAAGTATGACA-1,10.029891,-4.889796,s1d1
TTGGGTACAAGAGGTC-1,10.825848,13.095145,s1d1
TTGGGTACATAGAAAC-1,3.9630845,19.548464,s1d1
TTGGGTACATGTACGT-1,9.538323,-5.5992694,s1d1
TTGGGTAGTAACATCC-1,8.407594,7.2911077,s1d1
TTGGGTAGTACTGCCG-1,11.728377,9.800605,s1d1
TTGGGTAGTGCATGAG-1,12.031162,8.123555,s1d1
TTGGGTAGTGCCGAAA-1,7.063722,17.48828,s1d1
TTGGTTTAGATGCAGC-1,8.488137,-2.758968,s1d1
TTGGTTTCACGACGAA-1,7.5517845,20.345566,s1d1
TTGGTTTCAGTCACGC-1,8.958379,8.190648,s1d1
TTGGTTTCATTGGATC-1,-5.43526,9.491802,s1d1
TTGGTTTGTCTCTCCA-1,9.760269,-5.5123143,s1d1
TTGGTTTGTTCAGCTA-1,9.346954,8.12274,s1d1
TTGGTTTGTTCGGCGT-1,8.902746,-5.4278693,s1d1
TTGGTTTGTTTGGCTA-1,9.86606,16.988115,s1d1
TTGGTTTTCCACAGCG-1,-1.6741037,6.9075713,s1d1
TTGTGGACAAGTTGGG-1,9.926657,9.152218,s1d1
TTGTGGACAGGAGACT-1,9.704794,-1.7247937,s1d1
TTGTGGAGTGACAACG-1,3.2935662,2.0802422,s1d1
TTGTGGAGTGACATCT-1,2.096615,4.1204915,s1d1
TTGTGGAGTGTTCATG-1,5.4536815,18.105057,s1d1
TTGTGGAGTTCAGCGC-1,10.696359,2.450039,s1d1
TTGTGGAGTTGCGGCT-1,15.817396,9.496172,s1d1
TTGTGGAGTTTACTTC-1,9.822842,9.501692,s1d1
TTGTGGATCTGGGAGA-1,3.601958,20.506207,s1d1
TTGTGTTAGCTCTTCC-1,-3.116995,8.550488,s1d1
TTGTGTTAGGAGGTTC-1,10.712846,14.268047,s1d1
TTGTGTTCACAATGAA-1,11.579799,11.006851,s1d1
TTGTGTTCAGCGACCT-1,12.472667,6.4603295,s1d1
TTGTGTTGTAAGAACT-1,3.7673376,19.88951,s1d1
TTGTGTTTCCGCGAGT-1,12.768152,2.5464754,s1d1
TTGTTCAAGATGACAT-1,4.0975266,18.0955,s1d1
TTGTTCAGTCTCTCCA-1,13.206347,3.1965566,s1d1
TTGTTCAGTGAATGAT-1,12.585137,6.2295885,s1d1
TTGTTCAGTTTCTTAC-1,13.66948,6.1713233,s1d1
TTGTTGTAGGCTTTCA-1,2.4321551,4.9310813,s1d1
TTGTTGTAGTTGCTGT-1,10.33363,2.3729641,s1d1
TTGTTGTCAAAGCAAT-1,13.620717,3.9939985,s1d1
TTGTTGTCACCCGTAG-1,6.906646,20.796,s1d1
TTGTTGTGTACGAGTG-1,3.40625,19.816553,s1d1
TTGTTGTGTCCAGTTA-1,15.734482,8.922292,s1d1
TTGTTGTTCGATTGAC-1,10.779164,7.9609795,s1d1
TTGTTTGAGCTTACGT-1,6.500371,11.095625,s1d1
TTGTTTGAGCTTGTGT-1,8.339837,8.108269,s1d1
TTGTTTGCAGCTTCCT-1,10.669997,8.469534,s1d1
TTGTTTGGTAACATAG-1,-1.2569358,3.9623322,s1d1
TTGTTTGGTACGATCT-1,7.4153943,-4.2837358,s1d1
TTGTTTGGTAGTCGTT-1,3.8162475,20.245792,s1d1
TTTACCAAGAAGGTAG-1,2.9170313,0.22943412,s1d1
TTTACCAAGCGTCAGA-1,10.321411,-5.0552874,s1d1
TTTACCAAGCTGTTCA-1,2.0790083,3.017771,s1d1
TTTACCAAGTTTGCTG-1,-4.084829,8.131872,s1d1
TTTACCACAGGCCCTA-1,9.697133,9.463952,s1d1
TTTACCATCAAGCCGC-1,7.588735,-5.075062,s1d1
TTTACCATCGCGGTAC-1,11.719402,11.79648,s1d1
TTTACGTAGATGACAT-1,8.971327,2.0546649,s1d1
TTTACGTAGCGGCTCT-1,11.652306,12.842852,s1d1
TTTACGTCAATTTCTC-1,12.039364,-1.5032707,s1d1
TTTACGTCATTAAAGG-1,11.644627,9.658048,s1d1
TTTACGTGTCAACACT-1,3.7205386,20.551596,s1d1
TTTACGTTCATGAAAG-1,4.064114,2.7677162,s1d1
TTTACGTTCCGTAATG-1,11.71863,0.4988815,s1d1
TTTACGTTCCGTTGGG-1,9.846243,-4.1086316,s1d1
TTTACTGAGATAGGGA-1,10.09808,9.259851,s1d1
TTTACTGAGCACTCTA-1,16.08689,7.9423504,s1d1
TTTACTGAGCATGTTC-1,13.985663,4.506772,s1d1
TTTACTGCAAGGGTCA-1,-4.2583714,8.923895,s1d1
TTTACTGCAGAGGCTA-1,11.865903,9.6632,s1d1
TTTACTGCAGAGTAAT-1,12.273998,0.7447191,s1d1
TTTACTGCATGTCGTA-1,7.859856,-1.5283444,s1d1
TTTACTGGTTGGTAGG-1,6.7885585,-2.3781078,s1d1
TTTAGTCAGGGACACT-1,8.719161,-5.986739,s1d1
TTTAGTCAGTGCGACA-1,5.6817617,17.67422,s1d1
TTTAGTCCAGGCATTT-1,11.732253,10.098835,s1d1
TTTAGTCCATAACGGG-1,6.420671,20.878927,s1d1
TTTAGTCGTTGTTTGG-1,6.8729677,20.533226,s1d1
TTTAGTCTCATGCTAG-1,14.706847,8.063505,s1d1
TTTATGCCACTGCATA-1,2.278673,4.2887836,s1d1
TTTATGCCATAGGCGA-1,2.7645383,20.072477,s1d1
TTTATGCCATATCGGT-1,-4.080628,10.064081,s1d1
TTTATGCGTACAGTCT-1,11.052027,14.159773,s1d1
TTTATGCGTACCACGC-1,-2.7277038,11.095857,s1d1
TTTATGCGTCCGGATC-1,7.638594,-4.5305843,s1d1
TTTATGCGTGGAACCA-1,13.125799,6.780179,s1d1
TTTATGCTCCATATGG-1,15.141235,6.3515663,s1d1
TTTATGCTCCGGCTTT-1,16.52239,8.443886,s1d1
TTTATGCTCCTCACCA-1,8.195409,1.5772506,s1d1
TTTATGCTCTACGGGC-1,0.41125938,4.964344,s1d1
TTTCACAAGCCAGTAG-1,10.934766,2.9261644,s1d1
TTTCACAAGTGAGCCA-1,6.0667567,11.021144,s1d1
TTTCACACAGTCGGAA-1,13.001665,6.556467,s1d1
TTTCACAGTTTGGGTT-1,14.789823,7.795376,s1d1
TTTCACATCATTCTTG-1,-4.1591964,8.031299,s1d1
TTTCACATCGGTAAGG-1,10.732273,-3.7268648,s1d1
TTTCAGTAGATTGCGG-1,12.311055,9.04654,s1d1
TTTCAGTCATATAGCC-1,6.1503425,17.747602,s1d1
TTTCAGTGTGTTCAGT-1,12.277885,9.762848,s1d1
TTTCAGTGTTAAAGTG-1,12.00188,1.8350497,s1d1
TTTCAGTGTTCACGAT-1,5.748717,11.231107,s1d1
TTTCAGTTCGTGTCAA-1,16.330713,8.024278,s1d1
TTTCAGTTCTAGATCG-1,1.566478,1.7806369,s1d1
TTTCAGTTCTGCGGCA-1,4.299855,16.136751,s1d1
TTTCATGAGAAGGCTC-1,9.278684,-1.7592145,s1d1
TTTCATGAGGCTGGAT-1,2.969108,15.922272,s1d1
TTTCATGAGTCTGCAT-1,7.001089,19.995451,s1d1
TTTCATGCAACGCCCA-1,7.1346593,18.296267,s1d1
TTTCATGCAGTAGAAT-1,-3.3362315,11.872467,s1d1
TTTCATGCATGGAGAC-1,10.192504,-3.0957868,s1d1
TTTCATGGTCAAGTTC-1,14.849029,6.178006,s1d1
TTTCATGGTCATCCCT-1,5.3729553,17.799568,s1d1
TTTCATGGTTCTTAGG-1,9.446769,-3.9060109,s1d1
TTTCATGTCAAAGGTA-1,3.9390688,2.8034132,s1d1
TTTCATGTCGAGTGAG-1,-3.9355092,8.048255,s1d1
TTTCATGTCTGGAGAG-1,10.984231,11.531267,s1d1
TTTCATGTCTTGAACG-1,7.5681334,1.6183547,s1d1
TTTCCTCAGCCTCTCT-1,15.349843,9.657186,s1d1
TTTCCTCAGGTTCACT-1,2.8197877,20.358793,s1d1
TTTCCTCCAAATACAG-1,5.038133,2.219512,s1d1
TTTCCTCCATGGCCCA-1,11.35165,-0.31218523,s1d1
TTTCCTCGTCCACTTC-1,12.840596,6.520843,s1d1
TTTCCTCGTCCTGGGT-1,-3.7932446,10.780345,s1d1
TTTCCTCGTTCGGACC-1,-3.3889828,9.249457,s1d1
TTTCCTCTCATCTGTT-1,12.9549055,7.6313734,s1d1
TTTCCTCTCGGTCTGG-1,5.442855,18.37301,s1d1
TTTCGATAGAATACAC-1,-3.8264844,10.43621,s1d1
TTTCGATCAATTGTGC-1,3.1196377,16.405672,s1d1
TTTCGATCACCATTCC-1,14.031882,3.914246,s1d1
TTTCGATCAGGTGGAT-1,-4.322301,10.150614,s1d1
TTTCGATCATCGCTCT-1,6.66008,20.684242,s1d1
TTTCGATGTATAGGAT-1,8.534717,-5.6834283,s1d1
TTTCGATGTCGCATCG-1,13.615912,3.0900972,s1d1
TTTCGATGTCTTTCAT-1,-0.6493827,5.7333035,s1d1
TTTCGATGTTGGGTAG-1,2.875773,0.8287278,s1d1
TTTCGATTCAAACGAA-1,15.094541,6.1250925,s1d1
TTTCGATTCCCTTTGG-1,15.614881,8.298519,s1d1
TTTCGATTCCTGTACC-1,2.417179,16.954548,s1d1
TTTCGATTCGATACAC-1,2.1274066,1.5821328,s1d1
TTTGACTAGGCTGAAC-1,-4.044295,9.380062,s1d1
TTTGACTAGGTACATA-1,12.664743,-3.3788044,s1d1
TTTGACTAGTCATACC-1,2.40655,3.291286,s1d1
TTTGACTAGTCGAAAT-1,15.657594,9.6998625,s1d1
TTTGACTAGTGGTGGT-1,9.796408,8.07239,s1d1
TTTGACTCACGTAGTT-1,7.269157,20.417553,s1d1
TTTGACTCACTAACCA-1,15.344336,8.806322,s1d1
TTTGACTCAGGCTACC-1,6.136378,19.791693,s1d1
TTTGACTCATTCCTAT-1,10.885811,6.8595514,s1d1
TTTGATCAGCCGTTAT-1,14.321323,6.522932,s1d1
TTTGATCAGGTCGTCC-1,6.6387057,11.203775,s1d1
TTTGATCCAACGTAAA-1,13.720163,4.565497,s1d1
TTTGATCCATCTCATT-1,-0.67272127,5.4062896,s1d1
TTTGATCGTAGACAAT-1,-4.491771,9.348558,s1d1
TTTGATCGTCGGAACA-1,13.536454,7.604437,s1d1
TTTGATCGTCTTTCTA-1,6.7387733,20.709255,s1d1
TTTGATCGTGAACGGT-1,9.457025,-3.7107456,s1d1
TTTGATCGTGCCAAGA-1,8.569127,-5.4611583,s1d1
TTTGATCGTGTCCCTT-1,-4.7755003,9.373799,s1d1
TTTGATCGTTCAAGTC-1,2.8837583,3.6635637,s1d1
TTTGGAGAGCAACCAG-1,0.024066422,5.963443,s1d1
TTTGGAGAGGGTACAC-1,11.944947,11.869332,s1d1
TTTGGAGAGTACCATC-1,-3.9935637,9.028571,s1d1
TTTGGAGCATGTGGCC-1,14.730813,7.5612903,s1d1
TTTGGAGGTTGTTGAC-1,10.459982,14.419726,s1d1
TTTGGAGGTTGTTTGG-1,9.880741,7.604663,s1d1
TTTGGAGTCACTCGAA-1,10.160461,13.416523,s1d1
TTTGGAGTCCCTCGTA-1,13.2942705,9.002105,s1d1
TTTGGTTAGGATTTGA-1,8.790501,3.7580914,s1d1
TTTGGTTCAACCGATT-1,4.0136237,20.629827,s1d1
TTTGGTTCACAGCTTA-1,12.123776,-1.207274,s1d1
TTTGGTTCAGCCTACG-1,13.654867,5.311067,s1d1
TTTGGTTCATAGGTTC-1,14.581114,10.032331,s1d1
TTTGGTTGTTAGTTCG-1,12.963501,7.5234013,s1d1
TTTGGTTTCTCAACCC-1,1.2004676,1.5685992,s1d1
TTTGTTGAGAATTTGG-1,3.4635203,20.319908,s1d1
TTTGTTGAGCTTACGT-1,7.9494224,-4.6038837,s1d1
TTTGTTGAGGGATCGT-1,9.285057,1.2723151,s1d1
TTTGTTGAGGTTACCT-1,7.0238113,17.579262,s1d1
TTTGTTGAGTAGTCCT-1,9.192603,-3.605636,s1d1
TTTGTTGAGTCTAGAA-1,12.655698,12.307577,s1d1
TTTGTTGCAAATCAGA-1,12.626208,0.7204971,s1d1
TTTGTTGCACGCCACA-1,-2.559799,9.225646,s1d1
TTTGTTGCATAGGAGC-1,8.147057,13.573298,s1d1
TTTGTTGCATTCGATG-1,13.151934,6.658848,s1d1
TTTGTTGGTCACTCAA-1,8.696716,3.565304,s1d1
AAACCCAAGAAGTGTT-1,10.977704,7.687395,s1d3
AAACCCAAGCTGACTT-1,12.634966,11.911895,s1d3
AAACCCACAAATGGCG-1,9.842752,-3.807198,s1d3
AAACCCACATAGAATG-1,9.791551,6.1447425,s1d3
AAACCCAGTCTTCTAT-1,9.031069,13.797488,s1d3
AAACCCAGTTTAGAGA-1,2.4250493,19.963167,s1d3
AAACCCATCACTGGGC-1,13.248643,6.324164,s1d3
AAACCCATCGCGTAGC-1,6.926229,11.910064,s1d3
AAACGAAAGAGGCCAT-1,-2.0963516,5.175662,s1d3
AAACGAAAGATCCTAC-1,9.649479,7.734493,s1d3
AAACGAAAGCGATTCT-1,7.818039,-1.3840066,s1d3
AAACGAAAGTTTGCTG-1,-1.4029254,7.015473,s1d3
AAACGAAGTAGACGGT-1,13.746553,7.524146,s1d3
AAACGAAGTGCATGAG-1,8.424704,7.1744385,s1d3
AAACGAAGTTATTCCT-1,-3.374213,11.3847065,s1d3
AAACGAAGTTTCTATC-1,12.559904,12.521468,s1d3
AAACGAATCAGCCCAG-1,3.3406534,20.022251,s1d3
AAACGCTAGCCAAGGT-1,9.216753,6.267953,s1d3
AAACGCTAGGAGGTTC-1,12.330207,11.343213,s1d3
AAACGCTCAAGATGTA-1,10.05128,9.705071,s1d3
AAACGCTCACAATGTC-1,10.66805,7.4810367,s1d3
AAACGCTCACCCAAGC-1,16.194752,8.096299,s1d3
AAACGCTCACCCTAGG-1,10.696181,7.909328,s1d3
AAACGCTCACCTGCTT-1,9.187873,6.333877,s1d3
AAACGCTCAGAGGCAT-1,9.961655,6.1493692,s1d3
AAACGCTCATTCAGCA-1,7.764313,11.979942,s1d3
AAACGCTCATTCGGGC-1,9.06107,9.168395,s1d3
AAACGCTTCAAAGAAC-1,0.02514838,4.268413,s1d3
AAACGCTTCGGTCAGC-1,9.310202,5.96429,s1d3
AAACGCTTCTTGTTAC-1,9.224768,5.8577785,s1d3
AAAGAACAGGTTCAGG-1,7.8491864,19.440104,s1d3
AAAGAACAGGTTGCCC-1,12.6299095,6.793664,s1d3
AAAGAACCAATTTCCT-1,9.897346,8.800726,s1d3
AAAGAACCACACACTA-1,11.899811,9.452687,s1d3
AAAGAACTCCATCCGT-1,5.7234144,19.76749,s1d3
AAAGAACTCGTGTGGC-1,15.249156,9.530627,s1d3
AAAGAACTCTACTCAT-1,5.522441,11.3994465,s1d3
AAAGAACTCTTAGGAC-1,13.409664,6.147061,s1d3
AAAGGATAGACCATAA-1,3.3570204,16.190567,s1d3
AAAGGATAGCTGGTGA-1,2.5666974,5.645769,s1d3
AAAGGATAGGTAAACT-1,8.009688,7.279519,s1d3
AAAGGATCACACACTA-1,9.410204,8.566835,s1d3
AAAGGATCATATCTCT-1,3.6279237,16.284058,s1d3
AAAGGATGTAGACAAT-1,-3.1472058,9.806026,s1d3
AAAGGATGTATCGATC-1,-2.2886257,5.376278,s1d3
AAAGGATGTCTGCGCA-1,8.544923,-3.4822695,s1d3
AAAGGATGTGCCTACG-1,10.629958,13.942701,s1d3
AAAGGATGTTATGTGC-1,7.3787007,18.92457,s1d3
AAAGGATTCCGGTAGC-1,9.154681,8.193619,s1d3
AAAGGATTCGAGCCTG-1,-4.6456285,11.191387,s1d3
AAAGGATTCGTTAGAC-1,8.963192,7.7772646,s1d3
AAAGGATTCTCGACGG-1,3.6815984,19.47095,s1d3
AAAGGGCAGCCTCTCT-1,6.543063,20.109179,s1d3
AAAGGGCAGGATATGT-1,2.5256975,18.860556,s1d3
AAAGGGCAGTCACGAG-1,14.712176,6.004255,s1d3
AAAGGGCCAAGACGAC-1,-4.186386,11.732047,s1d3
AAAGGGCCAAGGCGTA-1,9.778051,6.8954186,s1d3
AAAGGGCCAGGTTTAC-1,12.169243,11.817551,s1d3
AAAGGGCCAGTCAGTT-1,13.234546,8.963148,s1d3
AAAGGGCGTGGCTCTG-1,9.581985,9.383851,s1d3
AAAGGGCGTTAAAGTG-1,10.262051,8.518063,s1d3
AAAGGGCTCAAATAGG-1,-2.7257097,11.589105,s1d3
AAAGGGCTCAAGGCTT-1,7.409734,11.767142,s1d3
AAAGGGCTCAATCCAG-1,9.327997,8.854999,s1d3
AAAGGGCTCACGGGAA-1,-3.3354962,9.628477,s1d3
AAAGGTAAGAGTGAAG-1,8.473728,7.1568995,s1d3
AAAGGTAAGGCCTGCT-1,11.2608795,8.322733,s1d3
AAAGGTAAGTAGAGTT-1,-3.239444,10.207652,s1d3
AAAGGTACACAACGTT-1,-5.3826385,9.653036,s1d3
AAAGGTACATTCCTAT-1,9.491748,5.9633827,s1d3
AAAGGTATCACGAGGA-1,7.942644,-2.5281968,s1d3
AAAGTCCAGAGAAGGT-1,7.8191633,2.4711528,s1d3
AAAGTCCAGATAACAC-1,12.705062,5.607666,s1d3
AAAGTCCCAATGCAGG-1,11.281832,6.126555,s1d3
AAAGTCCCAGAGCCCT-1,10.240703,8.426057,s1d3
AAAGTCCGTCTAGGTT-1,8.572197,6.3257437,s1d3
AAAGTCCTCAGCCTCT-1,-4.319998,8.694409,s1d3
AAAGTGAAGGCGTTGA-1,10.894239,13.2641735,s1d3
AAAGTGACAAATGGCG-1,12.298161,9.748236,s1d3
AAAGTGACAATACCCA-1,-3.2370749,13.675498,s1d3
AAAGTGACACGTAGAG-1,9.793122,9.552839,s1d3
AAAGTGACATTATGCG-1,11.997446,9.632184,s1d3
AAAGTGAGTCTATGAC-1,-1.6352054,7.3017826,s1d3
AAAGTGATCACACCGG-1,11.761824,11.414769,s1d3
AAAGTGATCGAATCCA-1,8.557581,6.8237953,s1d3
AAAGTGATCTGGCCGA-1,8.496513,14.064746,s1d3
AAATGGAAGCATGCGA-1,3.4384336,15.580197,s1d3
AAATGGAAGGCACCAA-1,14.592059,5.9072523,s1d3
AAATGGACAACAACAA-1,4.7049794,18.79437,s1d3
AAATGGACAATCTAGC-1,10.025957,7.8546352,s1d3
AAATGGACACTCCTTG-1,8.931951,6.671736,s1d3
AAATGGAGTCACCGCA-1,8.135049,19.68016,s1d3
AAATGGAGTCCAAAGG-1,14.7101345,5.7614403,s1d3
AAATGGATCACTGCTC-1,10.662181,14.206151,s1d3
AAATGGATCCAGTGCG-1,9.652292,10.236633,s1d3
AAATGGATCCGATAGT-1,2.2655442,16.236578,s1d3
AAATGGATCCGTAATG-1,10.813152,10.723627,s1d3
AAATGGATCGGCTGTG-1,10.223713,-3.5676792,s1d3
AACAAAGCAAGGCAAC-1,13.579921,7.1197534,s1d3
AACAAAGCACAAGCAG-1,3.3605413,3.9597871,s1d3
AACAAAGCAGATACTC-1,9.627718,-1.2114967,s1d3
AACAAAGCAGATTTCG-1,6.927558,11.071385,s1d3
AACAAAGCAGTTGAAA-1,-2.5861337,11.748048,s1d3
AACAAAGGTTGGTACT-1,9.419199,8.971765,s1d3
AACAACCAGCTAGAAT-1,10.33107,-4.9252734,s1d3
AACAACCAGTGCACAG-1,8.557011,13.803086,s1d3
AACAACCAGTGTTCCA-1,-3.200997,9.574095,s1d3
AACAACCCAATCCTAG-1,7.047193,2.9940999,s1d3
AACAACCCACAGTCGC-1,9.615489,-3.7510962,s1d3
AACAACCCAGTGCGCT-1,9.252375,13.192975,s1d3
AACAACCCATTCTTCA-1,3.5318148,20.015755,s1d3
AACAACCGTAACAGTA-1,13.053846,7.0250797,s1d3
AACAACCGTACATACC-1,12.632319,6.938385,s1d3
AACAACCGTCCAGTTA-1,12.973139,7.0368204,s1d3
AACAACCTCAGCCTTC-1,-4.730776,5.7866755,s1d3
AACAACCTCATCTATC-1,12.503593,11.159479,s1d3
AACAACCTCCCTGGTT-1,11.844021,10.373137,s1d3
AACAAGAAGAACTTCC-1,12.6148615,2.8289275,s1d3
AACAAGAAGTAATCCC-1,9.043172,1.5799707,s1d3
AACAAGACATGCCGGT-1,9.433585,8.38764,s1d3
AACAAGAGTCCATAGT-1,15.61491,9.079855,s1d3
AACAAGAGTTAGAAAC-1,9.808318,7.2431974,s1d3
AACACACAGGTAAGTT-1,12.7609415,6.903702,s1d3
AACACACCAAAGCGTG-1,9.74741,8.916683,s1d3
AACACACCAAAGCTAA-1,8.713086,13.707098,s1d3
AACACACCACAAGTGG-1,3.737789,18.206846,s1d3
AACACACCACCCTAAA-1,14.537944,8.65019,s1d3
AACACACCACTGCTTC-1,14.409172,8.904205,s1d3
AACACACGTCACTCTC-1,10.391906,6.1061606,s1d3
AACACACGTTGCACGC-1,10.086517,7.9809875,s1d3
AACACACGTTGCATAC-1,5.7502236,11.013454,s1d3
AACACACTCTGCTCTG-1,9.8288355,-4.098107,s1d3
AACAGGGAGCACACCC-1,8.261845,6.7440147,s1d3
AACAGGGAGGCCTAGA-1,8.829302,13.151672,s1d3
AACAGGGCAACCGACC-1,3.623421,20.412296,s1d3
AACAGGGCAGTATGAA-1,4.356615,19.106068,s1d3
AACAGGGGTAACATAG-1,8.523148,-5.170335,s1d3
AACAGGGGTATTCTCT-1,11.397165,9.600568,s1d3
AACCAACAGGGCCTCT-1,9.610824,6.5963244,s1d3
AACCAACCATAGATGA-1,2.085802,15.786869,s1d3
AACCAACCATTGTACG-1,-3.9781113,10.451973,s1d3
AACCAACGTATCGCTA-1,12.606125,10.263328,s1d3
AACCAACTCAAGCGTT-1,14.076776,7.7693005,s1d3
AACCAACTCAGCGGAA-1,10.001459,-5.008989,s1d3
AACCAACTCATCTACT-1,-1.2248293,6.8454747,s1d3
AACCAACTCCAACTGA-1,3.2443082,4.519686,s1d3
AACCAACTCGACGTCG-1,11.585482,-4.0549006,s1d3
AACCAACTCGCAGTTA-1,-1.1982629,4.0294194,s1d3
AACCACAAGCTACTGT-1,9.039187,6.3713474,s1d3
AACCACACACTCACTC-1,11.089786,8.304335,s1d3
AACCACAGTTCTCTAT-1,10.363768,6.468934,s1d3
AACCACAGTTGCAACT-1,16.155548,8.321589,s1d3
AACCACATCGTCCTTG-1,11.301699,12.830478,s1d3
AACCATGAGAGGATCC-1,10.603498,-4.582165,s1d3
AACCATGAGGCAGTCA-1,8.073671,11.951387,s1d3
AACCATGAGTTGGGAC-1,8.353882,13.723259,s1d3
AACCATGCACTGATTG-1,3.0892954,19.700891,s1d3
AACCATGCATGGGAAC-1,9.996612,12.879032,s1d3
AACCATGGTATCGTGT-1,9.543158,7.3366065,s1d3
AACCATGGTGTATTCG-1,4.137449,17.989397,s1d3
AACCATGTCACTTGGA-1,10.982205,17.179586,s1d3
AACCATGTCATAGAGA-1,10.632934,8.290926,s1d3
AACCATGTCTTACGGA-1,8.610989,13.377163,s1d3
AACCCAAAGATCCGAG-1,-3.0516906,13.433135,s1d3
AACCCAAAGCTGTACT-1,9.376449,8.505186,s1d3
AACCCAAAGGAGCAAA-1,-2.0270796,5.579276,s1d3
AACCCAAAGGCACTAG-1,11.026733,7.898931,s1d3
AACCCAAAGGTTTACC-1,12.555769,6.7328734,s1d3
AACCCAAAGTACCCTA-1,9.004675,8.021211,s1d3
AACCCAACACCCTGAG-1,9.156801,8.639709,s1d3
AACCCAACATGTTACG-1,11.088442,14.116893,s1d3
AACCCAAGTGGGTATG-1,9.492222,7.9398623,s1d3
AACCCAATCTCAACCC-1,8.711433,13.132129,s1d3
AACCTGAAGATTAGCA-1,-2.6992106,10.837526,s1d3
AACCTGAAGGGCAGGA-1,3.0433238,-0.10665484,s1d3
AACCTGACACAACGCC-1,3.3868172,19.889755,s1d3
AACCTGAGTAAGACCG-1,9.911788,9.101339,s1d3
AACCTGAGTATTAAGG-1,9.914319,9.2185335,s1d3
AACCTGATCACACCGG-1,8.905168,8.119085,s1d3
AACCTTTAGCACTCTA-1,-4.2923894,11.166822,s1d3
AACCTTTAGCGATCGA-1,8.314786,13.929168,s1d3
AACCTTTAGGTCTTTG-1,3.5186143,5.341675,s1d3
AACCTTTCACAGACGA-1,14.377101,8.018182,s1d3
AACCTTTCAGACCAAG-1,8.887789,8.793291,s1d3
AACCTTTCATGAGGGT-1,13.753731,6.0309706,s1d3
AACCTTTGTACAATAG-1,7.888921,18.556644,s1d3
AACCTTTGTATTAAGG-1,8.868976,6.9348907,s1d3
AACCTTTGTCGCCTAG-1,-2.9145186,10.682719,s1d3
AACCTTTTCACTACTT-1,9.43817,13.277426,s1d3
AACCTTTTCATCAGTG-1,-5.2483807,8.8847,s1d3
AACCTTTTCGATTGAC-1,-2.8537145,10.275107,s1d3
AACCTTTTCGTGTGAT-1,12.416585,7.2894745,s1d3
AACGAAAAGACGCCCT-1,-3.0684738,11.287514,s1d3
AACGAAAAGCCATTGT-1,12.133111,5.9734125,s1d3
AACGAAAAGCTGAGTG-1,9.872621,7.862114,s1d3
AACGAAAAGCTGCGAA-1,9.594852,10.236531,s1d3
AACGAAACAGAGTAAT-1,0.49240702,5.6099305,s1d3
AACGGGAAGCCTCTCT-1,-5.3686476,10.236967,s1d3
AACGGGAAGCTATCTG-1,9.678427,6.0460906,s1d3
AACGGGAAGTTGGCTT-1,4.1010857,17.946274,s1d3
AACGGGACATCGATAC-1,10.487198,8.313841,s1d3
AACGGGATCACTTCTA-1,8.7056265,6.5429726,s1d3
AACGGGATCGCGATCG-1,13.767245,6.227476,s1d3
AACGGGATCTTGCAGA-1,10.239212,-3.8169925,s1d3
AACGTCAAGCAACTCT-1,3.4962857,16.020235,s1d3
AACGTCACAATCGCAT-1,8.785674,3.4187114,s1d3
AACGTCACATCCTAAG-1,10.881942,13.514139,s1d3
AACGTCAGTAATACCC-1,8.891427,-3.1914816,s1d3
AACGTCAGTAGGGTAC-1,8.56164,13.378534,s1d3
AACGTCAGTATGACAA-1,2.522436,5.377859,s1d3
AACGTCAGTGTTCGAT-1,10.706779,7.326501,s1d3
AACGTCAGTTGACTAC-1,8.977561,3.1896446,s1d3
AACGTCATCAGCAGAG-1,4.2156925,20.4103,s1d3
AACGTCATCCCTCAAC-1,13.323107,6.2964983,s1d3
AACGTCATCCGATGTA-1,10.324231,1.9562396,s1d3
AACTTCTAGGTCGAGT-1,12.353968,8.198827,s1d3
AACTTCTAGTAGGGTC-1,7.9524145,8.890538,s1d3
AACTTCTCACAAGTTC-1,-4.7177367,8.747819,s1d3
AACTTCTTCGGTTGTA-1,13.371338,6.796907,s1d3
AACTTCTTCTACTCAT-1,8.817888,7.2964754,s1d3
AACTTCTTCTTCGCTG-1,-4.5940275,9.0301075,s1d3
AAGAACAAGGAGCAAA-1,12.521875,2.5222692,s1d3
AAGAACACAGAGTTCT-1,13.131632,3.3275936,s1d3
AAGAACACATGATGCT-1,11.200049,9.06867,s1d3
AAGAACAGTCTGCCTT-1,12.016504,8.798649,s1d3
AAGAACATCCGCTGTT-1,1.1419078,2.9435964,s1d3
AAGAACATCTCACGAA-1,10.186818,7.677548,s1d3
AAGACAAAGCCTGCCA-1,6.0251694,19.347612,s1d3
AAGACAAAGGAGACCT-1,-4.543898,11.297122,s1d3
AAGACAAAGTGGAAAG-1,14.218707,5.0378213,s1d3
AAGACAACAAACCACT-1,3.7946963,16.28872,s1d3
AAGACAACAAACTCTG-1,-3.6230898,11.13781,s1d3
AAGACAACACGGATCC-1-1,9.295354,7.180084,s1d3
AAGACAAGTGGTCTGC-1,8.467208,7.1537256,s1d3
AAGACAAGTGTTGACT-1,8.256687,7.249005,s1d3
AAGACTCAGTCACTGT-1,3.6303754,19.540714,s1d3
AAGACTCAGTTCGGTT-1,4.0022154,17.95225,s1d3
AAGACTCCACAATCTG-1,12.865822,8.615162,s1d3
AAGACTCCATATTCGG-1,10.272796,8.201399,s1d3
AAGACTCGTGAGTAAT-1,8.767291,13.515237,s1d3
AAGACTCTCCGCAGTG-1,10.7791195,11.426898,s1d3
AAGACTCTCTCCGATC-1,13.074441,6.563978,s1d3
AAGATAGAGACATAAC-1,12.098658,9.939608,s1d3
AAGATAGCAAGACCGA-1,5.4113193,2.197123,s1d3
AAGATAGCACGGTGTC-1,10.138927,13.185336,s1d3
AAGATAGCATGCCGGT-1,-1.4123158,7.1039166,s1d3
AAGATAGGTCAAAGCG-1,13.721827,5.589434,s1d3
AAGATAGGTTCTATCT-1,9.166937,12.756083,s1d3
AAGATAGTCATAAGGA-1,-1.278307,4.155631,s1d3
AAGATAGTCATTCCTA-1,11.849581,10.595397,s1d3
AAGCATCAGGAAGTGA-1,-1.28233,5.3147073,s1d3
AAGCATCAGGTAAGGA-1,0.25182346,5.954542,s1d3
AAGCATCCACATTACG-1,-4.3294535,10.440874,s1d3
AAGCATCCATTAAAGG-1,2.0702577,15.980918,s1d3
AAGCATCGTAGCTGTT-1,6.4087315,11.184783,s1d3
AAGCATCTCACTAGCA-1,9.478837,9.02617,s1d3
AAGCCATAGAAAGCGA-1,3.916412,18.11188,s1d3
AAGCCATAGACAAGCC-1,5.6937823,11.170626,s1d3
AAGCCATAGGCTAAAT-1,-4.325321,10.9978895,s1d3
AAGCCATAGTAACGAT-1,8.780265,6.6907454,s1d3
AAGCCATCATGACCCG-1,-5.068496,10.360964,s1d3
AAGCCATGTGCTGTCG-1,-4.59847,9.204243,s1d3
AAGCCATTCGTCGATA-1,-2.5753133,10.123236,s1d3
AAGCCATTCGTGGCGT-1,8.368918,0.58125013,s1d3
AAGCCATTCTCACCCA-1,12.480542,6.323911,s1d3
AAGCCATTCTGGTCAA-1,6.0958877,11.233431,s1d3
AAGCGAGCAAGTTTGC-1,-3.7566855,10.7599535,s1d3
AAGCGAGCACACGGAA-1,1.3381053,3.7500005,s1d3
AAGCGAGCAGCTTCGG-1,15.427805,8.74619,s1d3
AAGCGAGGTGACTGAG-1,2.58957,15.9508,s1d3
AAGCGAGGTTCCTACC-1,13.626335,5.310777,s1d3
AAGCGAGTCGCGATCG-1,14.526208,6.14571,s1d3
AAGCGAGTCGGAGTGA-1,14.506232,6.7734647,s1d3
AAGCGTTCAATCGCCG-1,0.025088588,5.157437,s1d3
AAGCGTTCACTACAGT-1,8.642253,1.6104635,s1d3
AAGCGTTCAGAGATTA-1,-3.384885,13.59532,s1d3
AAGCGTTGTACAGTTC-1,11.32275,11.056135,s1d3
AAGCGTTGTACTGCGC-1,13.007217,11.911157,s1d3
AAGCGTTGTGAGTCAG-1,9.069905,9.43001,s1d3
AAGCGTTGTGCGTTTA-1,4.5857596,19.070078,s1d3
AAGCGTTGTTACCCTC-1,8.313181,7.2585955,s1d3
AAGCGTTGTTAGGACG-1,8.083706,7.7574162,s1d3
AAGCGTTGTTATCTTC-1,10.340052,8.267088,s1d3
AAGCGTTGTTCTCCAC-1,-1.2186196,7.7257104,s1d3
AAGCGTTTCGCCCAGA-1,9.707014,6.3864603,s1d3
AAGCGTTTCGCTCTAC-1,14.84653,9.035175,s1d3
AAGCGTTTCTCATTTG-1,9.126395,13.172484,s1d3
AAGCGTTTCTGACAGT-1,14.146609,5.3480554,s1d3
AAGGAATAGACTAGAT-1,-2.881217,12.274794,s1d3
AAGGAATAGTGTCATC-1,13.145254,7.0674286,s1d3
AAGGAATCAGGCTATT-1,9.275622,8.586015,s1d3
AAGGAATTCACACCGG-1,5.6629605,20.366919,s1d3
AAGGTAAAGCATCTTG-1,8.634524,7.809681,s1d3
AAGGTAAAGGCTCCCA-1,3.6746435,18.24166,s1d3
AAGGTAACAAGTTTGC-1,8.585777,13.869991,s1d3
AAGGTAACACATAGCT-1,12.65387,7.1659904,s1d3
AAGGTAATCGGCATCG-1,9.876247,8.044326,s1d3
AAGGTAATCTTGCAGA-1,6.125621,17.922033,s1d3
AAGTACCAGCCTATTG-1,13.154134,5.2829256,s1d3
AAGTACCAGCCTGCCA-1,9.10189,12.727749,s1d3
AAGTACCAGGACTTCT-1,9.224308,5.856097,s1d3
AAGTACCAGGCCTTGC-1,2.081623,15.684954,s1d3
AAGTACCAGGTAAGTT-1,8.749907,14.002551,s1d3
AAGTACCAGTACAGAT-1,10.113092,9.167551,s1d3
AAGTACCAGTCGGCCT-1,1.9521738,15.773727,s1d3
AAGTACCAGTTCCATG-1,8.27668,-1.9988048,s1d3
AAGTACCCACAGCTTA-1,9.772718,-4.8310966,s1d3
AAGTACCCAGGTGTTT-1,7.7733994,19.518524,s1d3
AAGTACCGTTGCTTGA-1,13.200458,7.1796007,s1d3
AAGTACCTCAACCCGG-1,-3.7698667,10.961524,s1d3
AAGTACCTCACTCACC-1,8.318528,6.541592,s1d3
AAGTACCTCGTAACAC-1,3.348077,19.580763,s1d3
AAGTACCTCTCGCTTG-1,10.615751,7.5039554,s1d3
AAGTACCTCTTTCGAT-1,-2.9781268,12.817493,s1d3
AAGTCGTAGTAATTGG-1,8.865658,6.2789035,s1d3
AAGTCGTAGTCAATCC-1,6.486254,12.289353,s1d3
AAGTCGTCACTATCGA-1,11.643792,8.330094,s1d3
AAGTCGTCAGCAGATG-1,9.641569,7.4619193,s1d3
AAGTCGTCATAGAATG-1,3.2155223,3.6742468,s1d3
AAGTCGTGTGGAAGTC-1,3.0801537,20.653683,s1d3
AAGTCGTTCCAGTGCG-1,10.829636,8.076053,s1d3
AAGTCGTTCCCTCTCC-1,0.5209378,2.5483937,s1d3
AAGTCGTTCCGGTTCT-1,3.5582976,16.090328,s1d3
AAGTCGTTCCTGTACC-1,12.918642,6.6689386,s1d3
AAGTCGTTCTGGGCCA-1,2.2525623,16.702122,s1d3
AAGTGAACAACCACGC-1,7.9773517,7.887806,s1d3
AAGTGAACAACTCGTA-1,-2.2999017,10.3271,s1d3
AAGTGAACAGAGTGTG-1,8.916784,3.363581,s1d3
AAGTGAACATGGAACG-1,12.904069,12.0514,s1d3
AAGTGAAGTCGCACGT-1,11.984736,11.703313,s1d3
AAGTGAAGTCTAATCG-1,10.349099,9.3110075,s1d3
AAGTGAAGTCTCGACG-1,7.4808536,3.3681793,s1d3
AAGTGAAGTGACCTGC-1,10.015468,9.409737,s1d3
AAGTGAAGTTGCTCCT-1,8.68657,7.1144595,s1d3
AAGTGAATCAACTGGT-1,7.1980376,11.788939,s1d3
AAGTGAATCACCCTGT-1,7.926432,8.18657,s1d3
AAGTGAATCCCTGTTG-1,-3.2531936,9.236958,s1d3
AAGTGAATCCTGTAGA-1,3.2687132,5.7915936,s1d3
AAGTGAATCTAGCCAA-1,9.357957,-3.4419804,s1d3
AAGTTCGCACTCTCGT-1,-3.9243665,10.138465,s1d3
AAGTTCGCAGCTTCGG-1,9.56715,7.5342064,s1d3
AAGTTCGCAGGAATCG-1,11.39841,10.639776,s1d3
AAGTTCGGTCCGTACG-1,4.1266623,2.8936067,s1d3
AAGTTCGGTTCCTACC-1,-4.170261,9.43559,s1d3
AAGTTCGTCCACTAGA-1,-2.2141094,10.342411,s1d3
AAGTTCGTCGAAATCC-1,-4.333193,8.641996,s1d3
AAGTTCGTCGAGAAGC-1,10.667832,9.569021,s1d3
AAGTTCGTCGTCACCT-1,8.947417,7.8967047,s1d3
AATAGAGAGAGCCCAA-1,10.179786,7.704212,s1d3
AATAGAGAGGGATGTC-1,9.42033,6.874215,s1d3
AATAGAGAGTTTCTTC-1,-5.0308633,10.574901,s1d3
AATAGAGCACGACTAT-1,2.3589242,16.082293,s1d3
AATAGAGGTGAAGCGT-1,15.616886,8.91988,s1d3
AATAGAGTCTCTCGCA-1,-3.081786,13.480316,s1d3
AATCACGAGGCATCGA-1,12.494182,12.171371,s1d3
AATCACGGTGAGTTGG-1,-4.313376,11.00479,s1d3
AATCACGGTGCACATT-1,8.317778,13.882171,s1d3
AATCGACAGCATCGAG-1,7.9214897,18.623726,s1d3
AATCGACAGCGACTTT-1,-3.1821158,12.3091345,s1d3
AATCGACAGGCTTAGG-1,10.833456,7.3206377,s1d3
AATCGACGTACTCGTA-1,8.913838,1.6896048,s1d3
AATCGACGTACTTCCC-1,6.442275,20.11786,s1d3
AATCGACTCACCTGTC-1,-4.170928,11.998175,s1d3
AATCGACTCACTGCTC-1,11.072529,9.04664,s1d3
AATCGTGAGCGGACAT-1,8.537327,-4.8176136,s1d3
AATCGTGAGGACAAGA-1,9.32063,-2.841867,s1d3
AATCGTGAGTGCACAG-1,7.957822,19.42068,s1d3
AATCGTGAGTTACTCG-1,9.1349535,8.3989105,s1d3
AATCGTGCACCAGTTA-1,9.652242,7.6464434,s1d3
AATCGTGCAGAATCGG-1,2.1561692,15.919898,s1d3
AATCGTGGTCGCAACC-1,8.151746,19.483034,s1d3
AATCGTGTCCCTCATG-1,11.289672,11.088504,s1d3
AATCGTGTCGTGGGAA-1,-0.025406107,3.02091,s1d3
AATCGTGTCTACCACC-1,10.050317,-4.585846,s1d3
AATCGTGTCTAGTCAG-1,10.938819,7.667061,s1d3
AATCGTGTCTGTGCAA-1,10.661079,8.091768,s1d3
AATGAAGAGGCCCACT-1,10.067617,-3.3500557,s1d3
AATGAAGCAAGTATCC-1,5.7859836,11.632421,s1d3
AATGAAGCACAGTCCG-1,6.505163,20.931017,s1d3
AATGAAGCAGTTAAAG-1,9.821128,9.155728,s1d3
AATGAAGCATATGCGT-1,9.19647,8.026222,s1d3
AATGAAGGTCTTTCAT-1,3.7651303,18.307903,s1d3
AATGAAGGTTCTCGTC-1,-2.3087196,10.1125765,s1d3
AATGAAGTCATCCTGC-1,13.82854,7.9301615,s1d3
AATGAAGTCATTCTTG-1,14.282967,6.4559035,s1d3
AATGAAGTCGTCAAAC-1,8.607406,13.992501,s1d3
AATGAAGTCTGCTAGA-1,-3.6218495,11.821872,s1d3
AATGACCAGCTGCCTG-1,9.752399,5.831499,s1d3
AATGACCGTCGTGCCA-1,8.611272,8.288469,s1d3
AATGACCGTTCTTGTT-1,13.470329,3.218768,s1d3
AATGACCGTTGTTGCA-1,8.59079,-3.7995393,s1d3
AATGACCTCGATCCAA-1,13.895014,7.6908116,s1d3
AATGACCTCTGGGCGT-1,9.124085,9.6345215,s1d3
AATGCCAAGCAGATAT-1,-5.4084816,9.323627,s1d3
AATGCCAAGGCCCGTT-1,-4.7446437,7.827086,s1d3
AATGCCAAGGGTGAAA-1,3.8475847,2.0280526,s1d3
AATGCCACAATGAGCG-1,9.836548,6.606787,s1d3
AATGCCACATTGAAAG-1,9.052251,17.676601,s1d3
AATGCCAGTCAGCGTC-1,-1.3307161,7.570134,s1d3
AATGCCAGTCGGCTAC-1,9.28072,7.4304066,s1d3
AATGCCAGTGTTAGCT-1,8.561188,6.524947,s1d3
AATGGAAAGAAATGGG-1,8.907227,14.025479,s1d3
AATGGAAAGGAAAGAC-1,11.336137,12.148343,s1d3
AATGGAAAGTGGATAT-1,13.877174,4.2320848,s1d3
AATGGAACAACCACAT-1,-3.7953026,11.101889,s1d3
AATGGAACAAGAAATC-1,3.0249171,19.74427,s1d3
AATGGAACAAGGCCTC-1,7.845245,12.330448,s1d3
AATGGAACAGTGTGCC-1,-2.43146,11.207462,s1d3
AATGGAAGTACGGATG-1,2.3617055,1.6571782,s1d3
AATGGAATCGCCGAGT-1,7.810412,7.7721395,s1d3
AATGGCTAGAGGTTAT-1,12.927674,6.4890513,s1d3
AATGGCTAGATCACTC-1,5.858901,19.872267,s1d3
AATGGCTAGCGTTGTT-1,14.432984,6.362846,s1d3
AATGGCTAGTGATGGC-1,6.5021143,20.265242,s1d3
AATGGCTCAACTCATG-1,10.178972,7.2180157,s1d3
AATGGCTCACCAGTTA-1,-0.6017244,7.2282705,s1d3
AATGGCTCAGACCTAT-1,9.554458,9.4330435,s1d3
AATGGCTGTAGCTTTG-1,11.04709,9.332367,s1d3
AATGGCTGTCCGGACT-1,9.405282,1.6602125,s1d3
AATGGCTGTCGTTTCC-1,13.835772,3.511395,s1d3
AATTCCTCACACAGCC-1,8.500197,-4.694756,s1d3
AATTCCTCACCAAATC-1,12.309135,-3.8167942,s1d3
AATTCCTCAGTTCACA-1,11.543343,12.507421,s1d3
AATTCCTCATCAGCTA-1,10.499052,7.810462,s1d3
AATTCCTGTTCAAACC-1,12.5967045,7.4734416,s1d3
AATTCCTTCCCATTTA-1,10.178285,7.7682343,s1d3
AATTCCTTCGAAGAAT-1,2.6833575,5.0639405,s1d3
AATTTCCAGCCGGAAT-1,11.240449,13.734987,s1d3
AATTTCCAGGCATGCA-1,11.569756,7.8118677,s1d3
AATTTCCAGGTGGGTT-1,-4.5108213,9.457684,s1d3
AATTTCCGTCCTGGTG-1,2.9250565,20.306353,s1d3
AATTTCCGTGAGTCAG-1,2.945981,16.14949,s1d3
AATTTCCGTGCACATT-1,12.327835,7.0987134,s1d3
AATTTCCGTGCTCGTG-1,8.4649,13.551493,s1d3
AATTTCCTCAACACCA-1,0.0074688415,4.156251,s1d3
AATTTCCTCAAGTCGT-1,8.390613,7.151705,s1d3
AATTTCCTCAGAGCAG-1,-0.32653427,7.202145,s1d3
AATTTCCTCCAGCACG-1,12.420488,12.392484,s1d3
ACAAAGAAGATGAACT-1,8.343641,13.8651495,s1d3
ACAAAGAAGGACGCTA-1,8.574527,-3.2005093,s1d3
ACAAAGAAGTTTGTCG-1,9.633098,1.3883007,s1d3
ACAAAGACAGGTGAGT-1,-3.6623998,12.082257,s1d3
ACAAAGACATTCACCC-1,12.366584,6.49386,s1d3
ACAAAGAGTACTGCGC-1,11.41628,13.198288,s1d3
ACAAAGATCCGCGGAT-1,-4.351278,10.973976,s1d3
ACAAAGATCGAGGCAA-1,-3.1832876,13.598549,s1d3
ACAACCAAGAGGGTCT-1,10.446345,6.0400004,s1d3
ACAACCAAGCCTCAGC-1,2.408681,15.976437,s1d3
ACAACCACAACATACC-1,11.8003645,1.5089778,s1d3
ACAACCACAATACGAA-1,3.496455,2.6419215,s1d3
ACAACCACATGAGAAT-1,8.891698,13.691578,s1d3
ACAACCAGTACCGGAA-1,10.559496,7.572049,s1d3
ACAACCAGTACTTCCC-1,-3.1889784,13.486522,s1d3
ACAACCAGTCACTCTC-1,-5.1861277,9.500741,s1d3
ACAACCAGTTTCTATC-1,-4.672923,10.685024,s1d3
ACAACCATCAACCCGG-1,-1.3604909,7.5192122,s1d3
ACAACCATCCTACGGG-1,9.296196,7.054491,s1d3
ACAACCATCGAGAAGC-1,-4.2550836,10.392941,s1d3
ACAACCATCGATAACC-1,9.484291,-5.351424,s1d3
ACAACCATCGCCTATC-1,6.408726,20.213316,s1d3
ACAAGCTAGCCTGACC-1,11.020703,10.418624,s1d3
ACAAGCTAGTTCCAGT-1,9.079193,6.3605466,s1d3
ACAAGCTCACAAGTTC-1,3.218787,16.359335,s1d3
ACAAGCTCAGGGAGAG-1,8.392018,9.114114,s1d3
ACAAGCTCAGTAGTGG-1,9.50213,-1.1661999,s1d3
ACAAGCTCAGTCTTCC-1,4.192465,16.121248,s1d3
ACAAGCTGTCCGAAGA-1,-3.8258712,12.303753,s1d3
ACAAGCTGTGAAGCGT-1,12.461578,11.696482,s1d3
ACAAGCTGTTTACTTC-1,12.158843,9.44698,s1d3
ACAAGCTTCCATGCAA-1,7.625158,19.014925,s1d3
ACAAGCTTCTACGGGC-1,9.437939,8.275292,s1d3
ACAAGCTTCTGTTCAT-1,6.910712,10.914909,s1d3
ACACAGTAGATACGAT-1,9.928431,6.927168,s1d3
ACACAGTAGATGAATC-1,7.943189,7.0589924,s1d3
ACACAGTAGGAAGAAC-1,-0.6177964,7.1095247,s1d3
ACACAGTAGGAGTCTG-1,12.1543,11.320472,s1d3
ACACAGTAGGCTCCCA-1,9.168403,-4.169445,s1d3
ACACAGTCAACGATTC-1,15.358449,7.958966,s1d3
ACACAGTCAACTAGAA-1,-1.3874837,5.4871216,s1d3
ACACAGTCATGACTTG-1,13.994792,3.7690945,s1d3
ACACAGTCATTCTTCA-1,5.7069855,20.047352,s1d3
ACACAGTGTGGCGTAA-1,7.9568124,18.46686,s1d3
ACACAGTGTTGACTAC-1,11.219579,12.166211,s1d3
ACACAGTTCCCGATCT-1,7.0953074,19.031961,s1d3
ACACAGTTCTAAGGAA-1,3.4372637,19.139286,s1d3
ACACAGTTCTTGGCTC-1,9.669055,5.908163,s1d3
ACACCAACAGCATACT-1,6.9698834,-2.3261924,s1d3
ACACCAACATGTGCCG-1,9.467449,13.296669,s1d3
ACACCAAGTCAAATCC-1,10.353374,6.4452934,s1d3
ACACCAATCCAACTAG-1,9.424715,6.5070105,s1d3
ACACGCGAGACCCTTA-1,14.194055,5.5557394,s1d3
ACACGCGCAGCCGTCA-1,1.5803165,1.5044681,s1d3
ACACGCGTCCCATGGG-1,12.276822,11.318656,s1d3
ACACGCGTCTGCTCTG-1,15.317557,7.7542768,s1d3
ACACTGAAGGAGTATT-1,8.45001,13.9929,s1d3
ACACTGAAGGATTTGA-1,9.561385,7.1473513,s1d3
ACACTGACAAATACAG-1,10.170497,-5.240067,s1d3
ACACTGACAAATCCCA-1,4.5182843,16.082838,s1d3
ACACTGACACAGCCAC-1,10.801127,9.551163,s1d3
ACACTGACAGAACTAA-1,11.665568,10.178506,s1d3
ACACTGACATGACAGG-1,0.22729187,5.657973,s1d3
ACACTGAGTAGACGGT-1,8.403536,13.331739,s1d3
ACACTGAGTAGTTCCA-1,9.6458845,13.166648,s1d3
ACACTGAGTGACTATC-1,2.739577,4.9603634,s1d3
ACACTGATCAGTGATC-1,3.4038029,15.292302,s1d3
ACACTGATCGCGTTTC-1,8.682084,6.3899055,s1d3
ACAGAAAAGCTAGTTC-1,6.247861,11.855134,s1d3
ACAGAAAAGCTTTGTG-1,-4.239128,10.817955,s1d3
ACAGAAACACCAGTAT-1,4.110341,19.623844,s1d3
ACAGAAACATGAAGGC-1,9.529385,7.54069,s1d3
ACAGAAAGTCAACGCC-1,9.112887,8.158447,s1d3
ACAGAAAGTGCACAAG-1,11.632535,9.809298,s1d3
ACAGAAAGTTAAGCAA-1,-4.583722,7.7485313,s1d3
ACAGAAATCAACGAGG-1,11.49745,13.632066,s1d3
ACAGCCGAGAGCATTA-1,5.9385724,11.764219,s1d3
ACAGCCGAGTTCTACG-1,11.939666,1.3846004,s1d3
ACAGCCGCAATCGCAT-1,13.96632,5.8428617,s1d3
ACAGCCGCAGCTACCG-1,5.8065953,17.670538,s1d3
ACAGCCGCATTGGGAG-1,9.761233,7.814371,s1d3
ACAGCCGGTAGCGTCC-1,9.883803,8.935431,s1d3
ACAGCCGGTCCTGTCT-1,-4.2624474,8.475689,s1d3
ACAGCCGGTGTTCATG-1,10.848203,8.036632,s1d3
ACAGCCGGTTTCGATG-1,10.406653,-4.911961,s1d3
ACAGCCGTCCTATGGA-1,-4.3258595,10.237881,s1d3
ACAGGGAAGAAACACT-1,9.893162,7.744864,s1d3
ACAGGGAAGAGAGTGA-1,11.193951,5.978557,s1d3
ACAGGGAAGCAACTCT-1,9.740606,7.694856,s1d3
ACAGGGAAGGAATGTT-1,11.520173,11.720706,s1d3
ACAGGGACACAAATCC-1,-3.963719,8.942555,s1d3
ACAGGGACACCCAACG-1,7.5118103,12.540342,s1d3
ACAGGGACACGCAGTC-1,8.464243,0.4658679,s1d3
ACAGGGACACTCAGAT-1,8.131548,7.713321,s1d3
ACAGGGACAGGACATG-1,11.34908,13.156858,s1d3
ACAGGGACATGATCTG-1,12.162173,12.060875,s1d3
ACAGGGAGTCTGATAC-1,-1.7644811,6.573491,s1d3
ACAGGGATCAGACCGC-1,12.435386,6.9366193,s1d3
ACAGGGATCCCAGTGG-1,10.871811,12.74645,s1d3
ACATCCCAGCTCCCTT-1,2.5312536,16.92031,s1d3
ACATCCCAGGACAGTC-1,-3.4487607,11.831252,s1d3
ACATCCCCACCATTCC-1,15.397755,9.514738,s1d3
ACATCCCGTAACATAG-1,2.9866393,17.999516,s1d3
ACATCCCGTAGTCCTA-1,10.27241,6.2308593,s1d3
ACATCCCGTCAAGTTC-1,2.8913105,19.333218,s1d3
ACATCCCGTGGTCTAT-1,7.38851,-3.0762687,s1d3
ACATCCCGTTGTTTGG-1,6.698598,19.190666,s1d3
ACATCCCTCATTGTTC-1,1.8926176,1.603733,s1d3
ACATCCCTCCAAGCTA-1,7.9223266,-3.0021782,s1d3
ACATCCCTCCTACGAA-1-1,9.064692,6.00332,s1d3
ACATCCCTCTTAGCAG-1,8.748195,14.077271,s1d3
ACATCGAAGTTGAAGT-1,8.978003,6.4991717,s1d3
ACATCGACATCTCAAG-1,-3.1053941,12.674412,s1d3
ACATCGACATGGGTTT-1,2.9355304,19.423958,s1d3
ACATCGAGTATACGGG-1,-3.190871,9.279337,s1d3
ACATCGAGTTATGTGC-1,14.39876,7.1882567,s1d3
ACATCGATCCATACTT-1,9.022495,8.556243,s1d3
ACATCGATCCGAAGGA-1,-4.7892904,9.909635,s1d3
ACATCGATCCGAGATT-1,10.279134,9.531997,s1d3
ACATCGATCGCCCAGA-1,12.163045,9.740724,s1d3
ACATCGATCTATCCAT-1,5.0189056,19.236973,s1d3
ACATGCAAGACCATAA-1,9.758261,8.049182,s1d3
ACATGCAAGAGCCGAT-1,11.931767,6.885381,s1d3
ACATGCAAGTATAGAC-1,11.61686,9.151242,s1d3
ACATGCACACCATTCC-1,12.484774,6.437234,s1d3
ACATGCACACCGCTGA-1,6.6284003,19.950405,s1d3
ACATGCAGTTCCGCAG-1,11.721519,6.8303576,s1d3
ACATGCATCCATAAGC-1,13.577601,5.1170793,s1d3
ACATGCATCCATCTCG-1,8.24043,-5.284542,s1d3
ACATTTCAGAGTACCG-1,11.040803,7.346147,s1d3
ACATTTCCAACCCTAA-1,12.594831,9.723248,s1d3
ACATTTCCAGCAGTGA-1,5.9191556,11.623772,s1d3
ACATTTCCAGCTCATA-1,14.12882,7.9416223,s1d3
ACATTTCCATAAGCAA-1,3.8470771,4.398801,s1d3
ACATTTCGTACTGGGA-1,3.207141,19.355932,s1d3
ACATTTCGTAGTCACT-1,7.8082643,-4.158654,s1d3
ACATTTCGTGCACGCT-1,5.8546395,11.371907,s1d3
ACATTTCGTTAGGGTG-1,2.6872385,4.3153467,s1d3
ACATTTCGTTCTCGTC-1,8.2945,7.0954275,s1d3
ACCAAACAGACTTCAC-1,9.371291,7.9022865,s1d3
ACCAAACAGCACTCGC-1,10.740799,8.505318,s1d3
ACCAAACAGGTGCATG-1,12.256969,9.623549,s1d3
ACCAAACAGTTTCTTC-1,0.5849333,2.980103,s1d3
ACCAAACCAATCCTTT-1,6.149558,11.64425,s1d3
ACCAAACCAATTTCTC-1,-4.8147783,10.526721,s1d3
ACCAAACGTACTAGCT-1,-3.1511202,13.623531,s1d3
ACCAAACGTATCAGCT-1,-2.6891215,11.600141,s1d3
ACCAAACGTCGGAACA-1,9.644313,7.784841,s1d3
ACCAAACTCAACCGAT-1,10.339606,8.453647,s1d3
ACCAACAAGAAGGTAG-1,12.745663,5.274271,s1d3
ACCAACAAGCCTCATA-1,9.577554,7.144864,s1d3
ACCAACAAGTTAGAAC-1,10.55956,7.988979,s1d3
ACCAACACAAGCTACT-1,4.898996,19.112299,s1d3
ACCAACACATGACAGG-1,9.050462,1.6619189,s1d3
ACCAACAGTCGCGGTT-1,15.810553,8.198827,s1d3
ACCAACAGTTGTGTAC-1,-0.11323392,4.5602355,s1d3
ACCAACATCGAGCACC-1,3.8678524,16.276176,s1d3
ACCAACATCTCTCCGA-1,3.4938488,5.421701,s1d3
ACCACAAAGACAACTA-1,9.365263,6.247558,s1d3
ACCACAAAGACTTCCA-1,9.798134,7.3026123,s1d3
ACCACAAAGAGGTTAT-1,-2.8653996,12.397732,s1d3
ACCACAAAGCTATCTG-1,2.1486545,16.255009,s1d3
ACCACAAAGGCACTCC-1,9.2246895,5.976373,s1d3
ACCACAACAGTCGGAA-1,3.0119526,3.858212,s1d3
ACCACAACATGTGACT-1,3.7250965,19.354767,s1d3
ACCACAAGTCTCTCAC-1,5.204875,18.691925,s1d3
ACCACAAGTGGACAGT-1,12.237446,-1.300809,s1d3
ACCACAAGTGGTCTGC-1,8.284597,7.4227786,s1d3
ACCACAATCACTTTGT-1,-3.5013652,11.969811,s1d3
ACCACAATCCAGTGTA-1,7.680631,1.6145085,s1d3
ACCACAATCCCAATAG-1,9.654648,8.108125,s1d3
ACCACAATCTGTGCAA-1,13.846708,3.4455066,s1d3
ACCATTTAGTTCCGGC-1,10.113446,9.268631,s1d3
ACCATTTCAATGACCT-1,-4.8668427,9.755214,s1d3
ACCATTTTCAGCGCGT-1,8.900347,8.056985,s1d3
ACCATTTTCCCATTCG-1,0.9034167,3.316104,s1d3
ACCATTTTCTTGAACG-1,13.82813,5.5884895,s1d3
ACCCAAAAGAAGATCT-1,12.98539,4.709504,s1d3
ACCCAAAAGCTAGTTC-1,14.113824,6.731743,s1d3
ACCCAAAAGGGCAGGA-1,15.570808,9.231714,s1d3
ACCCAAACAGCGAGTA-1,5.5014157,18.593317,s1d3
ACCCAAACATATTCGG-1,12.794738,6.8381352,s1d3
ACCCAAACATGGCCCA-1,-4.8611,8.635041,s1d3
ACCCAAACATTACTCT-1,-2.318487,10.809025,s1d3
ACCCAAAGTAATTAGG-1,-3.0638616,13.289258,s1d3
ACCCAAAGTATAGGGC-1,11.711831,8.186198,s1d3
ACCCAAAGTTCTCTCG-1,7.695297,3.326667,s1d3
ACCCAAATCCATACTT-1,-1.4548155,7.198021,s1d3
ACCCAAATCGGCTTCT-1,7.580175,12.014506,s1d3
ACCCAAATCTCTTAAC-1,8.126073,12.658003,s1d3
ACCCAAATCTTTCCGG-1,6.432914,21.005842,s1d3
ACCCTCAAGAGAGCAA-1,15.877102,8.525732,s1d3
ACCCTCAAGATTACCC-1,10.546066,8.252329,s1d3
ACCCTCAAGCGACAGT-1,10.655368,8.993536,s1d3
ACCCTCAAGCGTATAA-1,2.8730545,5.4101954,s1d3
ACCCTCAGTGCAATGG-1,-4.870658,9.607038,s1d3
ACCCTCAGTGGTTTGT-1,8.66899,13.75251,s1d3
ACCCTCATCCCTATTA-1,8.690813,6.5445275,s1d3
ACCCTCATCTAGTACG-1,1.4434246,2.7432163,s1d3
ACCCTTGAGAATGTTG-1,15.422088,9.067441,s1d3
ACCCTTGAGACTCAAA-1,10.442622,7.600981,s1d3
ACCCTTGAGATGGCGT-1,2.059042,5.108077,s1d3
ACCCTTGCACTGATTG-1,-5.0891056,9.317034,s1d3
ACCCTTGCATCAGCAT-1,15.936588,7.8239717,s1d3
ACCCTTGGTCTGATAC-1,8.719591,13.905547,s1d3
ACCCTTGTCATCCCGT-1,-4.7504272,9.4448805,s1d3
ACCGTTCAGCAAGTGC-1,-2.5225384,10.31822,s1d3
ACCGTTCAGCACGGAT-1,12.326544,6.1809025,s1d3
ACCGTTCAGCTGACTT-1,12.8060875,9.494659,s1d3
ACCGTTCAGTATTCCG-1,12.3746605,10.043053,s1d3
ACCGTTCCAATAGTCC-1,11.135966,8.371699,s1d3
ACCGTTCCACCAAATC-1,15.544002,9.825017,s1d3
ACCGTTCGTATACAGA-1,-3.8296297,9.961231,s1d3
ACCGTTCGTTCAAGGG-1,9.152396,9.102304,s1d3
ACCTACCAGAGCAGCT-1,13.061374,5.436055,s1d3
ACCTACCAGTTGGAGC-1,3.2023125,15.239613,s1d3
ACCTACCCAACATCGT-1,2.2381694,15.888444,s1d3
ACCTACCCACGCTGTG-1,-4.257579,8.427885,s1d3
ACCTACCCAGTTGTTG-1,4.195792,19.56173,s1d3
ACCTACCGTTGGATCT-1,-0.25837386,5.6124935,s1d3
ACCTACCTCAGTGGGA-1,-0.82809037,3.7840614,s1d3
ACCTACCTCTGCATGA-1,-3.4332433,9.734826,s1d3
ACCTGAAAGGCTGGAT-1,8.775911,7.6842394,s1d3
ACCTGAAAGGGAGGCA-1,9.98723,10.560072,s1d3
ACCTGAACACGCGTCA-1,13.695762,6.811373,s1d3
ACCTGAACAGCCTATA-1,13.429459,4.5301204,s1d3
ACCTGAACAGGTGGAT-1,4.8395195,17.98462,s1d3
ACCTGAACATCATCTT-1,8.81991,6.618419,s1d3
ACCTGAACATTGCTTT-1,14.623299,6.53253,s1d3
ACCTGAAGTGCCTGCA-1,3.9158723,19.712435,s1d3
ACCTGAATCGATACAC-1,9.298406,-0.8459945,s1d3
ACCTGAATCTGCGAGC-1,-4.3045864,10.10845,s1d3
ACCTGTCAGATCCGAG-1,13.835219,5.176222,s1d3
ACCTGTCAGATTAGTG-1,13.894597,7.5341516,s1d3
ACCTGTCAGGTATCTC-1,10.718132,6.827501,s1d3
ACCTGTCAGTCGCTAT-1,-4.5674005,10.181769,s1d3
ACCTGTCCAGTTGTCA-1,9.496134,5.8706255,s1d3
ACCTGTCGTAAGAACT-1,3.0182238,4.8617716,s1d3
ACCTGTCTCAAATGCC-1,11.098141,9.706768,s1d3
ACCTGTCTCACAGTGT-1,7.136524,11.718088,s1d3
ACCTGTCTCAGGAAAT-1,3.3324554,19.37119,s1d3
ACCTGTCTCTCAATCT-1,6.8237457,19.684923,s1d3
ACGATCAAGCCTGAGA-1,10.123886,7.4614654,s1d3
ACGATCAAGCGGTATG-1,-3.6542218,10.928727,s1d3
ACGATCAAGTAGATCA-1,7.3128633,3.1541936,s1d3
ACGATCAGTATCCCAA-1,10.506574,7.5885134,s1d3
ACGATCAGTCTCACAA-1,-4.0966597,11.807768,s1d3
ACGATCAGTTATGTCG-1,0.7073384,2.2515564,s1d3
ACGATCAGTTCAAGGG-1,-3.0810928,13.52053,s1d3
ACGATCATCCACTGGG-1,12.917089,5.2434816,s1d3
ACGATCATCGATCCAA-1,-3.2264478,10.547853,s1d3
ACGATCATCTAGAACC-1,13.039088,2.795868,s1d3
ACGATCATCTTCCCGA-1,-4.602215,8.755885,s1d3
ACGATGTAGTCACGAG-1,10.980962,13.931165,s1d3
ACGATGTAGTTGGAGC-1,8.812163,-5.4339485,s1d3
ACGATGTCAATCGTCA-1,8.410571,13.889237,s1d3
ACGATGTCACTGTCGG-1,9.11432,8.785416,s1d3
ACGATGTTCCCTTTGG-1,12.589259,6.824447,s1d3
ACGATGTTCGAGATAA-1,9.520921,6.2392135,s1d3
ACGCACGAGCTGTTAC-1,5.8276076,11.360959,s1d3
ACGCACGCAGAAGCGT-1,7.5037217,3.426609,s1d3
ACGCACGCATCGGAGA-1,2.1827977,15.749928,s1d3
ACGCACGGTCATCGCG-1,-4.425482,11.631953,s1d3
ACGCACGGTGTGCCTG-1,6.4367557,18.689804,s1d3
ACGCACGGTTAGAAAC-1,-3.8191876,9.653552,s1d3
ACGCACGTCATCGCCT-1,10.620611,8.735401,s1d3
ACGCACGTCGATCCCT-1,7.8973107,3.1154673,s1d3
ACGCACGTCTATTGTC-1,13.835207,7.0908146,s1d3
ACGGAAGAGACCATTC-1,9.672067,7.04541,s1d3
ACGGAAGAGCACCCAC-1,8.116829,-4.019197,s1d3
ACGGAAGCAAAGGCTG-1,12.683522,12.33218,s1d3
ACGGAAGCAACATCGT-1,8.8917465,7.423852,s1d3
ACGGAAGCAACCACAT-1,7.85586,7.612436,s1d3
ACGGAAGCAAGCAGGT-1,12.1190195,11.141772,s1d3
ACGGAAGCAATCTCGA-1,4.111,17.93241,s1d3
ACGGAAGCAATTTCTC-1,10.252812,-4.9182034,s1d3
ACGGAAGCAGTAGGAC-1,-3.94761,10.577691,s1d3
ACGGAAGTCTCTGACC-1,11.805953,11.460571,s1d3
ACGGAAGTCTTACGTT-1,8.717598,6.192291,s1d3
ACGGAAGTCTTCTGGC-1,11.740399,11.814287,s1d3
ACGGGTCAGCCTTTCC-1,3.8332694,20.121914,s1d3
ACGGGTCAGGGCCTCT-1,-4.2175765,11.780872,s1d3
ACGGTCGAGAAAGCGA-1,8.210654,13.833567,s1d3
ACGGTCGAGGCACGAT-1,8.054144,6.802076,s1d3
ACGGTCGAGTCCCTAA-1,8.9095125,6.101227,s1d3
ACGGTCGCAAGCAGGT-1,10.105914,7.790494,s1d3
ACGGTCGCAAGGTTGG-1,9.505243,7.91258,s1d3
ACGGTCGCACGCGCAT-1,11.177769,11.501402,s1d3
ACGGTCGCACTTCCTG-1,12.598746,7.2191772,s1d3
ACGGTCGCAGAGCCCT-1,11.964688,11.336246,s1d3
ACGGTCGCATTGCTGA-1,-2.6170104,10.657157,s1d3
ACGGTCGGTACAACGG-1,-4.8885336,11.037587,s1d3
ACGGTCGGTGTGTCGC-1,9.845034,7.9126406,s1d3
ACGGTCGGTTCTAACG-1,3.5079236,15.944289,s1d3
ACGGTCGTCTTAGCAG-1,10.755634,14.0651245,s1d3
ACGGTTAAGCCATGCC-1,10.085449,8.027387,s1d3
ACGGTTACACGAGGAT-1,13.540474,9.645181,s1d3
ACGGTTACACTCTGCT-1,12.35128,11.213652,s1d3
ACGGTTACAGCTTCGG-1,6.319326,11.715089,s1d3
ACGGTTAGTACAGAGC-1,2.098638,15.697405,s1d3
ACGGTTATCACTCTTA-1,8.963738,6.2209215,s1d3
ACGGTTATCCTAGCGG-1,6.792452,20.450552,s1d3
ACGTAACAGACTGGGT-1,10.571147,7.4070024,s1d3
ACGTAACAGTCACTAC-1,10.313725,9.559812,s1d3
ACGTAACGTGATTAGA-1,-4.3295617,10.458848,s1d3
ACGTAACGTTCCAAAC-1,9.001124,13.755638,s1d3
ACGTACAAGCCTAGGA-1,8.482869,7.736643,s1d3
ACGTACAAGGGATCTG-1,14.394658,7.056936,s1d3
ACGTACACAAATGAGT-1,16.406929,7.609385,s1d3
ACGTACACAACGTATC-1,0.84131473,1.9370618,s1d3
ACGTACACAGCTAACT-1,11.008977,11.024338,s1d3
ACGTACAGTAGGCAGT-1,9.241581,8.054898,s1d3
ACGTACAGTGAGTCAG-1,7.651107,8.134885,s1d3
ACGTACAGTGTGTACT-1,8.552352,7.015643,s1d3
ACGTACATCAGATGCT-1,14.04147,4.887023,s1d3
ACGTACATCCGTATGA-1,12.278337,10.669918,s1d3
ACGTACATCTTGTGCC-1,13.941577,7.6081343,s1d3
ACGTAGTAGAACGCGT-1,10.735865,8.423059,s1d3
ACGTAGTAGTAGGCCA-1,14.461182,5.384226,s1d3
ACGTAGTCACCCTAAA-1,3.6107037,20.316622,s1d3
ACGTAGTCACGCCACA-1,8.783903,-3.1220968,s1d3
ACGTAGTTCGACCTAA-1,8.928324,3.5928307,s1d3
ACGTAGTTCGGCTTCT-1,11.082568,11.02231,s1d3
ACGTAGTTCTCCGCAT-1,13.260439,8.778725,s1d3
ACGTCCTAGCTAAGTA-1,10.927824,17.017683,s1d3
ACGTCCTAGCTACTAC-1,8.927421,3.1796913,s1d3
ACGTCCTAGGACGCTA-1,13.123959,7.8560386,s1d3
ACGTCCTCAAACACCT-1,3.912466,2.8086958,s1d3
ACGTCCTCAACTCATG-1,9.051389,12.80146,s1d3
ACGTCCTCACAGCTTA-1,6.616223,18.96137,s1d3
ACGTCCTCAGCGTGAA-1,8.796285,8.362408,s1d3
ACGTCCTCAGGAATAT-1,7.732873,-2.1549091,s1d3
ACGTTCCAGACATATG-1,8.725581,13.314849,s1d3
ACGTTCCCAAATTAGG-1,10.469864,9.311102,s1d3
ACGTTCCCAACGAGGT-1,15.212024,6.8605824,s1d3
ACGTTCCCACAGTCGC-1,11.519832,11.208028,s1d3
ACGTTCCGTAGTACGG-1,13.997233,9.558733,s1d3
ACGTTCCGTCACAATC-1,9.832055,6.4870296,s1d3
ACGTTCCGTCTTACTT-1,9.209101,-5.0636425,s1d3
ACGTTCCGTGAGGAAA-1,-4.209479,9.966264,s1d3
ACGTTCCTCAACTGGT-1,12.65742,9.521408,s1d3
ACGTTCCTCAGTCAGT-1,11.299851,11.670081,s1d3
ACTACGAAGAGGATGA-1,8.346804,8.960561,s1d3
ACTACGAAGCCGTTAT-1,3.0855436,5.473931,s1d3
ACTACGAAGCTCATAC-1,7.3682327,19.730577,s1d3
ACTACGAAGCTGACAG-1,9.726964,-1.790453,s1d3
ACTACGACACTGTCGG-1,-3.2612834,9.814486,s1d3
ACTACGACACTTGACA-1,-3.1248927,13.352921,s1d3
ACTACGACATCGCTCT-1,9.7404995,7.87729,s1d3
ACTACGAGTAGGGTAC-1,14.324739,8.065277,s1d3
ACTACGAGTCAAACGG-1,12.596682,5.9176784,s1d3
ACTACGATCACGAACT-1,12.811493,6.7978587,s1d3
ACTATCTTCAAGCCTA-1,13.388467,6.4741836,s1d3
ACTATCTTCAGTGATC-1,12.528789,11.302847,s1d3
ACTATCTTCCATCTAT-1,10.069192,7.9148307,s1d3
ACTATCTTCCCGTAAA-1,-3.0142782,10.3604555,s1d3
ACTATGGAGGTGCCTC-1,9.729653,8.215752,s1d3
ACTATGGAGTTGAATG-1,-3.0174842,11.780666,s1d3
ACTATGGCATGCAGCC-1,14.612135,6.111737,s1d3
ACTATGGGTATTAAGG-1,9.261612,1.6112458,s1d3
ACTATGGGTCATCTAG-1,7.177345,12.013669,s1d3
ACTATGGGTGCAGATG-1,13.269245,7.823691,s1d3
ACTATGGTCCAAGCCG-1,12.742412,12.1702,s1d3
ACTATGGTCCGCTGTT-1,13.721504,5.7455096,s1d3
ACTATGGTCCTTCTAA-1,16.117704,7.869072,s1d3
ACTATGGTCGCGAAGA-1,8.499748,13.354089,s1d3
ACTATGGTCTATGCCC-1,6.622034,11.052885,s1d3
ACTATGGTCTGGTGGC-1,7.291732,12.022541,s1d3
ACTATGGTCTTGAGCA-1,9.98205,6.269608,s1d3
ACTATTCAGCACCAGA-1,5.105874,16.386015,s1d3
ACTATTCAGCCGTTGC-1,9.688559,-4.1804676,s1d3
ACTATTCAGTGCTCGC-1,2.3612967,15.708519,s1d3
ACTATTCCAACACGAG-1,10.341645,9.73174,s1d3
ACTATTCCAATAACGA-1,10.010342,9.177436,s1d3
ACTATTCCAGGTTCCG-1,12.271838,9.786271,s1d3
ACTATTCGTAGTGTGG-1,8.034002,7.9659414,s1d3
ACTATTCGTCTTACAG-1,14.030826,4.1088552,s1d3
ACTATTCGTTGGTGTT-1,9.935741,7.969329,s1d3
ACTATTCTCTGTGCTC-1,-2.8969283,10.779993,s1d3
ACTCCCAAGTCTAGAA-1,13.833962,4.5190983,s1d3
ACTCCCAAGTGAGGCT-1,-1.2850126,7.3351636,s1d3
ACTCCCAGTCCAATCA-1,-4.342917,10.33365,s1d3
ACTCCCATCACCTCGT-1,3.7100112,17.975012,s1d3
ACTCCCATCGTCTAAG-1,10.615384,7.975408,s1d3
ACTCTCGAGCAGCCTC-1,-5.102613,9.553796,s1d3
ACTCTCGAGGTTACAA-1,-2.8780458,8.991871,s1d3
ACTCTCGGTACGGGAT-1,8.818237,13.45298,s1d3
ACTCTCGGTAGCTGAG-1,9.366634,7.6482425,s1d3
ACTCTCGGTTCGGCTG-1,8.684225,6.264822,s1d3
ACTCTCGGTTGACTAC-1,10.271559,7.993693,s1d3
ACTCTCGTCATCAGTG-1,2.8697307,19.941114,s1d3
ACTGATGAGAGAGCGG-1,8.736097,7.163235,s1d3
ACTGATGCACAGCATT-1,10.304351,7.1848884,s1d3
ACTGATGCACTCCCTA-1,13.424556,5.5709887,s1d3
ACTGATGCACTTGAGT-1,12.856774,5.9491014,s1d3
ACTGATGCACTTTATC-1,8.421539,8.458231,s1d3
ACTGATGCATAGTCAC-1,3.784752,18.264336,s1d3
ACTGATGTCCCTCGAT-1,11.576103,8.193662,s1d3
ACTGCAAAGTGGCGAT-1,4.8060107,16.648155,s1d3
ACTGCAACATCCTATT-1,13.163275,6.2874727,s1d3
ACTGCAAGTCAAAGCG-1,-4.41505,8.3647,s1d3
ACTGCAAGTTGATGTC-1,13.87628,7.3830004,s1d3
ACTGCAATCAAGAGTA-1,3.565738,15.580649,s1d3
ACTGCAATCATACAGC-1,8.640076,8.788232,s1d3
ACTGCAATCCCATAAG-1,9.88501,8.9638815,s1d3
ACTGCAATCTACAGGT-1,9.578178,7.7559233,s1d3
ACTGCAATCTAGTTCT-1,3.3194056,20.175472,s1d3
ACTGTCCAGACTCGAG-1,8.921601,6.5771847,s1d3
ACTGTCCAGCCTCGTG-1,-2.4615042,10.885155,s1d3
ACTGTCCCAGTCGCTG-1,2.3523433,3.6684403,s1d3
ACTGTCCGTGTTAGCT-1,9.425862,8.897511,s1d3
ACTGTCCTCACCGACG-1,-4.020839,9.892296,s1d3
ACTGTCCTCTGACCCT-1,-4.312566,10.097162,s1d3
ACTGTCCTCTGGTTGA-1,6.708999,11.187024,s1d3
ACTGTGACACGACGAA-1,10.574407,-4.023329,s1d3
ACTGTGACAGTGTACT-1,11.0768175,9.579206,s1d3
ACTGTGAGTGTGGACA-1,11.435976,13.135401,s1d3
ACTGTGATCACTGATG-1,12.533238,11.7232895,s1d3
ACTGTGATCATCCCGT-1,10.498291,6.6308165,s1d3
ACTGTGATCTGCTTTA-1,7.8585167,8.361891,s1d3
ACTTAGGCACCTTCGT-1,11.370014,10.773,s1d3
ACTTAGGCACGCACCA-1,-2.898081,12.205562,s1d3
ACTTAGGCAGAGAAAG-1,13.907986,7.438452,s1d3
ACTTAGGTCGACATCA-1,4.8468285,18.634457,s1d3
ACTTAGGTCGATCCAA-1,-5.197446,8.963205,s1d3
ACTTATCAGCATGTTC-1,-3.5961287,12.098385,s1d3
ACTTATCAGCTAAATG-1,4.990813,20.269787,s1d3
ACTTATCCATCCGAGC-1,13.397481,6.402537,s1d3
ACTTATCCATCCTGTC-1,11.933087,9.34637,s1d3
ACTTATCGTGAACGGT-1,9.061357,7.0498633,s1d3
ACTTATCTCAAAGACA-1,12.59239,6.4308734,s1d3
ACTTATCTCCTACCAC-1,14.568251,5.7448177,s1d3
ACTTATCTCGTGTGAT-1,9.778708,8.359128,s1d3
ACTTATCTCGTTACCC-1,10.003073,5.8907013,s1d3
ACTTCCGAGTATCCTG-1,10.907856,-3.7742484,s1d3
ACTTCCGAGTATGACA-1,11.042825,12.385999,s1d3
ACTTCCGAGTCATGAA-1,3.7753117,18.141691,s1d3
ACTTCCGCATATGGCT-1,9.12601,13.939265,s1d3
ACTTCCGGTCTGTGAT-1,3.2514362,15.772089,s1d3
ACTTCCGTCAAGAGTA-1,8.452418,9.104838,s1d3
ACTTCCGTCACTGCTC-1,10.097735,7.604473,s1d3
ACTTCCGTCATTTGTC-1,9.276976,-4.800249,s1d3
ACTTCCGTCTTGGAAC-1,5.31806,17.7852,s1d3
ACTTCGCAGCCGTTGC-1,13.035946,12.199228,s1d3
ACTTCGCCAACGTAAA-1,8.206972,7.144787,s1d3
ACTTCGCGTCCTGGGT-1,15.157729,6.965205,s1d3
ACTTCGCGTCTCCCTA-1,-3.8520315,10.341615,s1d3
ACTTCGCGTGTACGCC-1,-4.5049334,11.187565,s1d3
ACTTCGCGTTGTTGTG-1,7.9020123,-2.4306488,s1d3
ACTTCGCTCCCGAATA-1,6.2143664,11.224723,s1d3
ACTTTCAAGGAGGCAG-1,8.708343,13.383018,s1d3
ACTTTCAAGTCCTGCG-1,13.932362,6.629228,s1d3
ACTTTCAAGTGCAGCA-1,11.733861,11.223206,s1d3
ACTTTCACAAACCACT-1,10.306352,9.129669,s1d3
ACTTTCACAAACTAGA-1,9.927251,7.912835,s1d3
ACTTTCACACCCTGAG-1,-4.5630584,9.906924,s1d3
ACTTTCACAGATTCGT-1,12.703082,12.100958,s1d3
ACTTTCACAGCGCGTT-1,16.052382,7.788189,s1d3
ACTTTCACATTGACAC-1,-3.9724133,10.41484,s1d3
ACTTTCAGTGCCTATA-1,12.810168,6.7750635,s1d3
ACTTTCAGTTTGTTGG-1,12.516338,9.892027,s1d3
ACTTTCATCAGCTCTC-1,8.570133,2.888746,s1d3
ACTTTCATCCAGTTCC-1,10.107607,8.478245,s1d3
ACTTTGTAGAATCCCT-1,14.643216,9.678371,s1d3
ACTTTGTAGATGCTAA-1,12.228602,9.143236,s1d3
ACTTTGTCAAATAGCA-1,13.361786,5.694843,s1d3
ACTTTGTCAAGACCGA-1,14.239018,6.1089787,s1d3
ACTTTGTCACGCGTCA-1,3.2469666,5.2930536,s1d3
ACTTTGTCACTGTCGG-1,11.1281395,10.146548,s1d3
ACTTTGTCAGTCCCGA-1,9.4813,6.1934385,s1d3
ACTTTGTCATGGGAAC-1,11.700419,8.954756,s1d3
ACTTTGTGTGGTGATG-1,2.920813,4.9754324,s1d3
ACTTTGTGTTCGTAAC-1,9.599658,-0.94955695,s1d3
ACTTTGTGTTTGGGTT-1,-4.905729,9.663666,s1d3
ACTTTGTTCCCAATAG-1,-3.5067573,12.335778,s1d3
ACTTTGTTCCCTCGTA-1,10.908055,7.2872972,s1d3
AGAAATGAGTGCCTCG-1,-4.9329057,10.362874,s1d3
AGAAATGCAAGAGAGA-1,6.400438,12.069384,s1d3
AGAAATGTCCCAGGAC-1,12.904104,11.414316,s1d3
AGAAATGTCTCTCGAC-1,16.228119,8.70767,s1d3
AGAACAAAGAAGAGCA-1,9.33545,-3.4529545,s1d3
AGAACAAAGTTGTCGT-1,8.490788,6.7902284,s1d3
AGAACAACACAGTCAT-1,8.423738,-3.390023,s1d3
AGAACAACACTACTTT-1,12.025938,10.723292,s1d3
AGAACAACACTTCATT-1,14.26982,5.2724366,s1d3
AGAACAACAGAACCGA-1,-3.9208574,10.08373,s1d3
AGAACAACAGATCACT-1,-1.4171963,7.161981,s1d3
AGAACAATCTATCACT-1,10.695271,9.483417,s1d3
AGAACCTAGCACTCTA-1,3.3568685,20.547146,s1d3
AGAACCTAGCCATCCG-1,-4.703787,9.30868,s1d3
AGAACCTAGGACTATA-1,8.931402,13.269053,s1d3
AGAACCTAGGTCTTTG-1,8.5012455,14.152644,s1d3
AGAACCTAGTAAAGCT-1,8.465086,6.700201,s1d3
AGAACCTCACGACGTC-1,11.662484,10.136146,s1d3
AGAACCTCAGAGTCAG-1,-3.2942998,11.362054,s1d3
AGAACCTCAGGCGATA-1,5.8113914,17.53803,s1d3
AGAACCTCATCCGAAT-1,15.26963,6.4934077,s1d3
AGAACCTGTCGGCACT-1,-2.8470497,10.455484,s1d3
AGAACCTGTTTCGCTC-1,10.07623,9.149095,s1d3
AGAACCTTCAAGTCTG-1,0.114421695,4.1945744,s1d3
AGAACCTTCGAGCACC-1,13.907311,6.940818,s1d3
AGAAGCGAGCTTCATG-1,8.303292,-3.7251515,s1d3
AGAAGCGAGGGAACAA-1,14.851277,5.9560513,s1d3
AGAAGCGCAAGCCCAC-1,9.06553,-5.6923094,s1d3
AGAAGCGCAGCTGTCG-1,8.378931,6.587258,s1d3
AGAAGCGCATACCAGT-1,8.012874,8.831466,s1d3
AGAAGCGCATGGCGCT-1,5.7267523,11.178882,s1d3
AGAAGCGCATTAGGCT-1,6.0768614,11.056759,s1d3
AGAAGCGGTGGCTACC-1,11.205288,7.30689,s1d3
AGAAGCGGTGTCTTAG-1,9.15812,6.4366393,s1d3
AGAAGCGGTTCTGAGT-1,12.610269,9.319755,s1d3
AGAAGCGTCTCGTCGT-1,-4.164432,8.959288,s1d3
AGAAGCGTCTGGAAGG-1,-2.9850295,13.409242,s1d3
AGAAGTAAGCGTCAAG-1,9.182457,-3.7784398,s1d3
AGAAGTACATGGACAG-1,5.964785,11.584273,s1d3
AGAAGTAGTATAATGG-1,2.8014047,2.950925,s1d3
AGAAGTAGTATTCCTT-1,13.683867,7.850392,s1d3
AGAAGTAGTGAGATAT-1,6.3339653,11.777749,s1d3
AGAAGTAGTTTATGCG-1,9.095384,9.339269,s1d3
AGAAGTATCAAGGCTT-1,13.173554,6.187697,s1d3
AGAAGTATCACTTGGA-1,10.490947,7.2604833,s1d3
AGAAGTATCATCGACA-1,3.151734,20.120113,s1d3
AGAAGTATCGCCGATG-1,2.8609416,19.950388,s1d3
AGAAGTATCTAAGCCA-1,8.526388,6.8682213,s1d3
AGACAAAAGAACCGCA-1,8.884493,3.574686,s1d3
AGACAAAAGCCGATAG-1,9.297839,6.7134466,s1d3
AGACAAACATTCTTCA-1,6.389053,11.63309,s1d3
AGACAAACATTGACAC-1,9.663104,-4.11472,s1d3
AGACAAAGTAGTTAGA-1,2.8570764,20.212526,s1d3
AGACAAAGTGATACTC-1,-4.309693,9.894299,s1d3
AGACAAAGTTGCCATA-1,12.491904,11.453799,s1d3
AGACAAATCCCATGGG-1,-3.2359302,10.559831,s1d3
AGACACTAGAGAGCAA-1,10.195233,7.4425673,s1d3
AGACACTAGGAGAGGC-1,-4.201233,11.699779,s1d3
AGACACTCAACTTCTT-1,13.399277,7.0977535,s1d3
AGACACTCACGACGAA-1,13.47755,7.449002,s1d3
AGACACTCAGAGCTAG-1,8.610094,13.940625,s1d3
AGACACTCAGGAATAT-1,-3.4641197,13.245185,s1d3
AGACACTCAGGAGGTT-1,-4.1550155,8.155124,s1d3
AGACACTCATTACGGT-1,10.413797,7.121856,s1d3
AGACACTTCCCGTAAA-1,11.403432,9.956324,s1d3
AGACAGGAGAAGGCTC-1,8.690778,14.242437,s1d3
AGACAGGAGCGTGCTC-1,13.262733,6.8940177,s1d3
AGACAGGAGGAAAGAC-1,6.784094,10.803777,s1d3
AGACAGGCAAGCCCAC-1,2.952093,17.367527,s1d3
AGACAGGCAAGTCATC-1,-2.9760761,11.64633,s1d3
AGACAGGCAGAGAAAG-1,11.429664,7.0849996,s1d3
AGACAGGGTTAAGGAT-1,7.9576387,11.919027,s1d3
AGACAGGTCATGCAGT-1,8.9169035,7.2574997,s1d3
AGACCATAGCACCGTC-1,8.136905,7.745388,s1d3
AGACCATAGCACTTTG-1,11.212095,7.4966545,s1d3
AGACCATCATCCTATT-1,9.5398655,1.7506676,s1d3
AGACCATCATGGGCAA-1,12.953679,12.25387,s1d3
AGACCATGTACAAACA-1,8.059612,7.7308664,s1d3
AGACCATGTCTACGAT-1,9.647674,9.092057,s1d3
AGACCCGAGGAGTACC-1,10.041555,9.185291,s1d3
AGACCCGAGGTGATCG-1,10.549865,7.9223137,s1d3
AGACCCGCAGACGATG-1,15.816019,9.320476,s1d3
AGACCCGCAGCGGTCT-1,2.9814115,20.301798,s1d3
AGACCCGCATCTGTTT-1,11.458898,7.064254,s1d3
AGACCCGGTACTGTTG-1,9.545773,6.16794,s1d3
AGACCCGGTGCAGTGA-1,13.828844,8.716244,s1d3
AGACCCGGTGGTCTGC-1,6.836259,11.874924,s1d3
AGACCCGGTTATCTTC-1,10.81577,7.8098955,s1d3
AGACCCGGTTCACGAT-1,11.714324,13.165392,s1d3
AGACCCGTCAATCTCT-1,-3.6801474,11.519745,s1d3
AGACCCGTCCCATAGA-1,8.941593,6.6108055,s1d3
AGACTCAAGACATCAA-1,-2.2650616,10.5455,s1d3
AGACTCAAGGGAGTTC-1,7.6821756,7.5939236,s1d3
AGACTCACAAACTAAG-1,5.434606,17.70805,s1d3
AGACTCACACAACGTT-1,0.66809106,2.4112308,s1d3
AGACTCACATAGGAGC-1,8.130079,-2.8555162,s1d3
AGACTCACATGTGGTT-1,1.1722869,3.233334,s1d3
AGACTCAGTTTCGTAG-1,9.872825,-1.3118583,s1d3
AGACTCATCGCGTGAC-1,9.547514,-3.4299695,s1d3
AGAGAATAGATCGCCC-1,9.4361925,6.940911,s1d3
AGAGAATAGATTTGCC-1,8.872537,13.582621,s1d3
AGAGAATAGCGCTTCG-1,14.316472,9.303156,s1d3
AGAGAATAGGTAAAGG-1,-3.9153726,10.22374,s1d3
AGAGAATCAGCGGTTC-1,14.071665,7.2057405,s1d3
AGAGAATGTTCCGTTC-1,9.997231,6.3349495,s1d3
AGAGAATGTTGTGGAG-1,-2.5215747,10.842288,s1d3
AGAGAATTCAAACCCA-1,13.8724785,6.388007,s1d3
AGAGAATTCACATTGG-1,10.275756,-3.855748,s1d3
AGAGAATTCATCGGGC-1,6.3245544,18.981253,s1d3
AGAGAATTCATTCACT-1,9.814131,8.809453,s1d3
AGAGAATTCCGAGGCT-1,8.898016,-3.6290004,s1d3
AGAGAATTCGCTTGAA-1,9.420515,8.178999,s1d3
AGAGAGCAGCAGGTCA-1,9.223308,9.386678,s1d3
AGAGAGCCACGGAAGT-1,11.026437,10.835093,s1d3
AGAGAGCGTCATAGTC-1,2.0389912,1.4315245,s1d3
AGAGAGCGTGAGACCA-1,14.902008,6.178762,s1d3
AGAGAGCGTTCTATCT-1,8.254049,8.271593,s1d3
AGAGAGCTCGAACACT-1,8.933665,1.4934585,s1d3
AGAGAGCTCGAGTCCG-1,-3.8391693,10.084912,s1d3
AGAGAGCTCGCGCTGA-1,15.091098,7.0854855,s1d3
AGAGAGCTCGTCAGAT-1,8.335632,2.863892,s1d3
AGAGAGCTCTGTCGCT-1,8.488089,6.9657135,s1d3
AGAGCAGAGATAACGT-1,9.273071,-4.992479,s1d3
AGAGCAGAGATGCTGG-1,-4.357908,10.134529,s1d3
AGAGCAGAGCATTTCG-1,10.133153,6.3453135,s1d3
AGAGCAGAGCTTGTGT-1,9.209133,8.106061,s1d3
AGAGCAGCAGAAGCGT-1,9.158553,8.059851,s1d3
AGAGCAGCATTGAGGG-1,13.266035,8.021152,s1d3
AGAGCAGGTCAGGTAG-1,8.4157915,12.062264,s1d3
AGAGCAGGTGCAATAA-1,8.20307,1.3856354,s1d3
AGAGCAGGTGGATGAC-1,9.28072,7.818253,s1d3
AGAGCAGTCATAGACC-1,10.161066,8.2500925,s1d3
AGAGCCCAGAGTGACC-1,14.80165,8.637399,s1d3
AGAGCCCAGCTGAAAT-1,-2.1886666,10.622185,s1d3
AGAGCCCCACTGCGAC-1,-3.4604807,9.164752,s1d3
AGAGCCCCAGCTTTGA-1,7.760708,-3.9968522,s1d3
AGAGCCCTCCTACGAA-1,11.596273,10.689844,s1d3
AGAGCCCTCTTCACGC-1,14.0761595,7.2295227,s1d3
AGATAGAAGCCATCCG-1,8.746649,7.0838056,s1d3
AGATAGACAACCTAAC-1,9.159196,13.306814,s1d3
AGATAGACATGACGTT-1,13.294884,7.6318064,s1d3
AGATAGAGTCCGGACT-1,3.4947283,5.358331,s1d3
AGATAGAGTCGTACAT-1,10.752689,7.6634235,s1d3
AGATAGAGTCTCGGGT-1,7.897718,1.443973,s1d3
AGATAGAGTGTACATC-1,3.738126,5.647788,s1d3
AGATAGATCAGGAAAT-1,10.840469,7.0119824,s1d3
AGATAGATCAGTGATC-1,14.393935,6.6104627,s1d3
AGATAGATCATTTGTC-1,13.429903,6.245238,s1d3
AGATAGATCGGTTGTA-1,7.157934,11.906165,s1d3
AGATAGATCTATTTCG-1,8.440524,2.9458756,s1d3
AGATCCAAGGTTAAAC-1,14.480364,6.600388,s1d3
AGATCCAAGTACTGTC-1,11.201816,13.677917,s1d3
AGATCCACAGAACTTC-1,3.4139261,5.399565,s1d3
AGATCCACAGAGGACT-1,15.991833,7.545446,s1d3
AGATCCACATCATTGG-1,2.9395912,0.4511376,s1d3
AGATCCAGTAGCTTTG-1,-3.3011985,10.264717,s1d3
AGATCCATCTGATTCT-1,-5.302357,8.923919,s1d3
AGATCGTAGGCACTAG-1,10.811642,8.460078,s1d3
AGATCGTAGTCATAGA-1,10.717191,12.947323,s1d3
AGATCGTCAGTAACCT-1,9.604709,6.8113313,s1d3
AGATCGTGTAATGCTC-1,12.570991,-3.4938817,s1d3
AGATCGTGTGAGACGT-1,-3.6998258,10.204825,s1d3
AGATCGTGTTCCAGGC-1,8.187564,13.498932,s1d3
AGATCGTTCGAGAATA-1,9.280306,-1.2977836,s1d3
AGATCGTTCGGCATCG-1,9.399605,-3.8704777,s1d3
AGATCGTTCGGCCAAC-1,10.9400425,10.917269,s1d3
AGATCGTTCTGTACAG-1,12.38273,12.695827,s1d3
AGATGAAAGCGCAATG-1,0.017885564,4.1224065,s1d3
AGATGAACAGACCGCT-1,8.802149,13.853326,s1d3
AGATGAAGTGTCCGTG-1,13.899589,4.952888,s1d3
AGATGAATCCATTGTT-1,13.363923,7.940213,s1d3
AGATGAATCCTCAGGG-1,8.637417,7.0691833,s1d3
AGATGAATCCTGTAGA-1,3.3331308,19.93755,s1d3
AGATGAATCGGTAAGG-1,8.346527,9.355821,s1d3
AGATGAATCGTTCTAT-1,5.6641865,11.414678,s1d3
AGATGCTAGCCATATC-1,-0.27732566,3.450001,s1d3
AGATGCTAGGGCATGT-1,6.3944798,11.921186,s1d3
AGATGCTCAATGTCTG-1,6.220533,11.431968,s1d3
AGATGCTCAGCTGTCG-1,3.5104358,18.76759,s1d3
AGATGCTGTAATGTGA-1,13.464157,6.067311,s1d3
AGATGCTGTCATGGCC-1,9.331176,8.656396,s1d3
AGATGCTGTTCCAAAC-1,3.3540018,20.07089,s1d3
AGATGCTTCTGCACCT-1,12.397625,11.145139,s1d3
AGCATCAAGCAAATCA-1,8.566694,13.2241125,s1d3
AGCATCAAGCAGCCCT-1,4.292744,20.10077,s1d3
AGCATCAAGTCCGTCG-1,3.0424173,19.68231,s1d3
AGCATCAGTAAGAACT-1,12.691016,6.9749207,s1d3
AGCATCAGTTATTCTC-1,10.690706,8.006297,s1d3
AGCATCATCACCTGTC-1,9.435261,6.1845512,s1d3
AGCATCATCGGAACTT-1,9.449519,8.935038,s1d3
AGCATCATCTAACGGT-1,3.231288,19.516706,s1d3
AGCCAATAGAGAAGGT-1,7.2671833,12.265139,s1d3
AGCCAATAGAGATGCC-1,12.420533,5.9036345,s1d3
AGCCAATAGCACTCAT-1,5.387926,19.286589,s1d3
AGCCAATAGCATCGAG-1,13.791815,3.9632378,s1d3
AGCCAATAGTATAGGT-1,9.627537,6.7227116,s1d3
AGCCAATCAAGCGAGT-1,2.7893784,15.981974,s1d3
AGCCAATCAGCGTATT-1,6.640918,20.170292,s1d3
AGCCAATCATACTGAC-1,8.521142,12.307563,s1d3
AGCCAATGTACCCAGC-1,7.0694466,17.645647,s1d3
AGCCAATGTGCCTACG-1,10.49953,8.785382,s1d3
AGCCACGAGCTCAGAG-1,-3.4747026,10.070109,s1d3
AGCCACGAGGATTACA-1,7.999865,19.447752,s1d3
AGCCACGAGGCCATAG-1,-4.6446843,9.389583,s1d3
AGCCACGAGTGAGTTA-1,0.42635167,3.401082,s1d3
AGCCACGCAGGGAATC-1,11.779342,11.702013,s1d3
AGCCACGCATTAAAGG-1,9.756155,6.6814265,s1d3
AGCCACGGTAGATTAG-1,0.8881272,2.2936175,s1d3
AGCCACGGTGTTAACC-1,2.389821,16.786768,s1d3
AGCCACGTCCCTTTGG-1,15.657718,9.727174,s1d3
AGCCACGTCCGCTGTT-1,14.500747,6.019872,s1d3
AGCCAGCCAGTTGAAA-1,8.408977,6.6275773,s1d3
AGCCAGCCATGTCGTA-1,8.943352,6.569441,s1d3
AGCCAGCTCACAAGAA-1,9.554157,6.1169558,s1d3
AGCCAGCTCCTCCACA-1,4.0475183,17.804068,s1d3
AGCCAGCTCTGCATAG-1,4.2468033,16.065168,s1d3
AGCGATTAGATTACCC-1,8.628526,1.0280278,s1d3
AGCGATTAGCTAATCC-1,10.144789,7.490328,s1d3
AGCGATTAGCTTTCTT-1,12.584426,7.259281,s1d3
AGCGATTAGGCCGCTT-1,8.397278,14.229631,s1d3
AGCGATTAGGGACAGG-1,9.649708,7.9301786,s1d3
AGCGATTCAATCGCAT-1,-3.7183464,9.945061,s1d3
AGCGATTCACAGCCTG-1,9.514201,6.228441,s1d3
AGCGATTGTCTAGGCC-1,10.976228,7.993886,s1d3
AGCGATTGTGATGAAT-1,9.489958,8.666359,s1d3
AGCGATTTCCCTTGTG-1,13.50333,6.700375,s1d3
AGCGATTTCCGGTAAT-1,8.460232,7.9342337,s1d3
AGCGATTTCGAACGGA-1,2.4767094,19.612766,s1d3
AGCGCCACACACACGC-1,-3.8633637,10.897774,s1d3
AGCGCCACACTTGTCC-1,12.304443,7.0046124,s1d3
AGCGCCACATGGCACC-1,9.300589,-3.6983416,s1d3
AGCGCCAGTAGCGAGT-1,12.465756,12.019395,s1d3
AGCGCCATCTACTCAT-1,13.708153,6.773497,s1d3
AGCGCCATCTCGCCTA-1,-5.2923045,9.50831,s1d3
AGCGCTGAGACCTCCG-1,-2.8867373,10.777417,s1d3
AGCGCTGCAAAGACTA-1,3.5827806,19.396893,s1d3
AGCGCTGGTAGGGTAC-1,8.540712,6.3700056,s1d3
AGCGCTGTCCTACAAG-1,-3.2216575,13.631366,s1d3
AGCGCTGTCGCTCTCA-1,8.451873,7.586808,s1d3
AGCGCTGTCGTCGACG-1,8.234397,7.1787825,s1d3
AGCGTATAGAGAGGTA-1,8.964475,-5.535883,s1d3
AGCGTATCAGCGTACC-1,7.9810543,19.379244,s1d3
AGCGTATGTACTGTTG-1,9.738571,-1.8031609,s1d3
AGCGTATGTGCGAACA-1,9.671442,13.516593,s1d3
AGCGTATTCAAACTGC-1,-1.2507967,7.2809763,s1d3
AGCGTATTCCAATCCC-1,12.912346,5.745305,s1d3
AGCGTATTCCAGTACA-1,11.85138,7.0468764,s1d3
AGCGTATTCTTCCAGC-1,10.548679,8.107212,s1d3
AGCGTCGAGCGATTCT-1,3.3022947,19.972422,s1d3
AGCGTCGAGCTGAAAT-1,9.928237,6.6669354,s1d3
AGCGTCGCACCCTTAC-1,-4.812701,11.110391,s1d3
AGCGTCGCATCGTCCT-1,9.168116,-4.8839545,s1d3
AGCGTCGGTGTGATGG-1,-2.2244613,10.610291,s1d3
AGCTACAAGCCTATTG-1,7.919438,19.48614,s1d3
AGCTACACAAATGGAT-1,9.578204,1.402402,s1d3
AGCTACACAACACAGG-1,10.676415,7.383312,s1d3
AGCTACACACGTATAC-1,14.664452,6.439777,s1d3
AGCTACACAGCCTACG-1,2.5264769,1.8171602,s1d3
AGCTACACAGGGTCTC-1,8.686632,13.603042,s1d3
AGCTACACAGTTACCA-1,14.081483,5.4290867,s1d3
AGCTACAGTGTTCGAT-1,-4.5313663,8.270459,s1d3
AGCTACAGTTACACTG-1,10.660478,12.791892,s1d3
AGCTACATCCTAAACG-1,12.409945,-3.7169347,s1d3
AGCTCAAAGGAACTAT-1,-3.1227007,13.650288,s1d3
AGCTCAACACCAGCGT-1,-5.620033,8.9166975,s1d3
AGCTCAACAGAAGCTG-1,14.824721,6.4765797,s1d3
AGCTCAACAGATAAAC-1,15.488117,7.771533,s1d3
AGCTCAACAGCAGAAC-1,9.411603,-3.2393482,s1d3
AGCTCAACATGAGATA-1,12.111349,11.324828,s1d3
AGCTCAAGTCCAAGAG-1,12.05423,10.817133,s1d3
AGCTCAAGTCTATGAC-1,9.407634,6.1805625,s1d3
AGCTCAATCCCTAGGG-1,-2.8513079,11.779394,s1d3
AGCTCAATCTGCCTCA-1,3.7022507,15.939167,s1d3
AGCTTCCAGACGTCGA-1,12.641381,6.378578,s1d3
AGCTTCCAGCTACTAC-1,11.535074,2.1368392,s1d3
AGCTTCCAGTGCTAGG-1,-4.5459127,9.856211,s1d3
AGCTTCCCACGAAGAC-1,9.367749,7.8310647,s1d3
AGCTTCCCACGACTAT-1,-3.9195604,11.67346,s1d3
AGCTTCCCAGCCTACG-1,3.6513479,19.421146,s1d3
AGCTTCCGTCACAGAG-1,14.155986,8.342958,s1d3
AGCTTCCGTCCAGCCA-1,9.100733,7.875886,s1d3
AGCTTCCGTTTCGACA-1,-2.7003999,10.426224,s1d3
AGCTTCCTCACTCGAA-1,13.277196,3.5271263,s1d3
AGCTTCCTCGTAGTGT-1,13.899195,6.05289,s1d3
AGGAAATAGATAACAC-1,10.322175,9.122695,s1d3
AGGAAATAGCTTACGT-1,9.237314,8.261227,s1d3
AGGAAATCAAACGTGG-1,7.5625114,3.2936504,s1d3
AGGAAATCAAGAATAC-1,7.518161,11.686672,s1d3
AGGAAATCAGTCGGTC-1,4.278453,20.257238,s1d3
AGGAAATGTGACACAG-1,9.441685,9.461414,s1d3
AGGAAATTCCCACAGG-1,12.356951,6.815485,s1d3
AGGAATAAGAGTACCG-1,8.516205,13.506553,s1d3
AGGAATAAGATCCGAG-1,10.088729,7.6456227,s1d3
AGGAATAAGCCTGAAG-1,8.356093,7.222333,s1d3
AGGAATAAGTCTAGCT-1,10.4442,7.385665,s1d3
AGGAATAAGTGGCGAT-1,11.989691,9.297945,s1d3
AGGAATACAATCGAAA-1,12.101785,9.790138,s1d3
AGGAATACACCTGCAG-1,9.599352,6.062941,s1d3
AGGAATAGTCTCAGAT-1,9.73975,7.5687003,s1d3
AGGAATAGTGTTCGTA-1,10.546737,9.21902,s1d3
AGGAATAGTTTCGACA-1,8.698614,-0.49227408,s1d3
AGGAATATCATCCTAT-1,11.44153,8.9811945,s1d3
AGGAATATCCTACGAA-1,8.219489,7.8851004,s1d3
AGGAATATCCTGGGTG-1,12.636405,11.777181,s1d3
AGGAATATCTGCTTTA-1,10.301704,6.950819,s1d3
AGGACGAAGGAACGTC-1,8.4996195,8.258261,s1d3
AGGACGAAGGCGCTTC-1,15.601267,9.834235,s1d3
AGGACGAAGTGGCCTC-1,14.344644,6.697793,s1d3
AGGACGACAGACAAGC-1,2.793766,19.728725,s1d3
AGGACGACAGGAATCG-1,13.98748,5.7497244,s1d3
AGGACGAGTAACCCGC-1,14.0402355,4.4920177,s1d3
AGGACGAGTGAAGCTG-1,8.761079,14.008313,s1d3
AGGACGAGTTTGGAGG-1,13.56573,6.898592,s1d3
AGGACGATCCCAATAG-1,6.2786126,11.717913,s1d3
AGGACGATCGCGGTAC-1,-1.4161344,4.5108447,s1d3
AGGACGATCTCGCAGG-1,8.911191,6.5132995,s1d3
AGGACTTAGACATAGT-1,3.61078,16.30361,s1d3
AGGACTTAGCCTTCTC-1,10.984333,7.4795294,s1d3
AGGACTTAGCGAGTAC-1,12.4790745,12.464014,s1d3
AGGACTTCAAATCCCA-1,-4.8814783,8.871876,s1d3
AGGACTTCAAGAGATT-1,9.314921,6.2496758,s1d3
AGGACTTCATAATCGC-1,8.179024,19.646635,s1d3
AGGACTTCATCTCCCA-1,5.1556396,20.15552,s1d3
AGGACTTGTCCCTCAT-1,8.970255,17.760859,s1d3
AGGACTTGTGACCTGC-1,9.227261,6.3879695,s1d3
AGGACTTGTGCGCTCA-1,8.468478,1.362912,s1d3
AGGACTTGTTAAGGGC-1,7.8876176,19.005508,s1d3
AGGACTTTCCTTCTTC-1,11.700212,7.9076014,s1d3
AGGACTTTCGGTCAGC-1,9.255931,7.7283864,s1d3
AGGACTTTCTAAGCGT-1,10.053291,7.3939705,s1d3
AGGACTTTCTCCGTGT-1,9.474112,5.9216537,s1d3
AGGAGGTAGCCGATTT-1,10.044441,6.8153944,s1d3
AGGAGGTAGGGAGGAC-1,14.880121,7.9899287,s1d3
AGGAGGTAGTGGACGT-1,9.753412,8.622918,s1d3
AGGAGGTCAACAAGTA-1,8.878109,9.935308,s1d3
AGGAGGTGTCAGACTT-1,10.412405,8.814521,s1d3
AGGAGGTGTCGCGTTG-1,12.357907,9.404359,s1d3
AGGAGGTGTTCGCGTG-1,14.740929,6.860415,s1d3
AGGAGGTTCCGACAGC-1,5.5157967,17.690695,s1d3
AGGATAAAGACCAGAC-1,8.656278,3.08338,s1d3
AGGATAAAGCGCACAA-1,11.346962,-3.8676775,s1d3
AGGATAAAGGCGTTAG-1,0.86497456,2.2502816,s1d3
AGGATAAAGGGTGAAA-1,11.681535,10.735181,s1d3
AGGATAACACCTGCTT-1,3.8223288,17.85402,s1d3
AGGATAACAGCACCCA-1,7.9283056,2.3706267,s1d3
AGGATAAGTACCTATG-1,9.229791,13.702849,s1d3
AGGATAAGTAGAGTTA-1,9.081058,7.930147,s1d3
AGGATAATCGAACGGA-1,12.827364,-3.7260292,s1d3
AGGATAATCGTCACCT-1,-4.94895,10.765979,s1d3
AGGATCTAGTAATACG-1,2.6095986,19.790522,s1d3
AGGATCTCAGCTGTCG-1,13.421253,5.7974706,s1d3
AGGATCTCATTACTCT-1,11.054058,7.754752,s1d3
AGGATCTGTAAGTTGA-1,11.160413,14.277765,s1d3
AGGATCTGTCTGCGCA-1,15.374787,9.005049,s1d3
AGGATCTGTTCGGGTC-1,8.355161,7.1433825,s1d3
AGGATCTTCCGAGATT-1,-3.0008252,13.332973,s1d3
AGGATCTTCCTCGCAT-1,12.659455,12.403795,s1d3
AGGATCTTCGGCACTG-1,13.472537,7.558659,s1d3
AGGCATTAGCAGGCAT-1,1.7631882,2.6347299,s1d3
AGGCATTAGCGTCGAA-1,8.347567,7.997578,s1d3
AGGCATTAGGGCCAAT-1,8.090999,13.632207,s1d3
AGGCATTAGTAGTCTC-1,-2.6941478,10.552861,s1d3
AGGCATTCACTTGACA-1,-2.7096658,10.55357,s1d3
AGGCATTCAGACCCGT-1,3.5258296,15.584365,s1d3
AGGCATTCAGCTGTAT-1,1.4101156,3.688445,s1d3
AGGCATTCAGTTGTTG-1,-2.5122266,10.326181,s1d3
AGGCATTCATGGGTTT-1,3.1176374,15.147217,s1d3
AGGCATTGTGTTTACG-1,3.3732722,19.019484,s1d3
AGGCATTTCAACCTTT-1,9.203939,-3.129337,s1d3
AGGCATTTCCCATACC-1,7.0464425,11.581765,s1d3
AGGCATTTCGAACGGA-1,-4.672621,11.0994625,s1d3
AGGCCACAGATCACCT-1,10.37003,6.914395,s1d3
AGGCCACAGGCGTTGA-1,8.967134,7.2290354,s1d3
AGGCCACAGGTACAAT-1,9.171813,1.5449091,s1d3
AGGCCACAGTATAGAC-1,12.627737,8.419732,s1d3
AGGCCACGTCTCGCGA-1,14.799789,7.0605397,s1d3
AGGCCACTCAGAGCAG-1,3.4763246,19.521088,s1d3
AGGCCACTCCGCGAGT-1,3.8137064,4.8718586,s1d3
AGGCCACTCCGTACGG-1,7.741556,-1.7225428,s1d3
AGGCCACTCTTGCGCT-1,7.217353,20.275543,s1d3
AGGCTGCAGTTGTACC-1,13.267869,5.5281887,s1d3
AGGCTGCCATCCGAGC-1,-3.6991615,9.18927,s1d3
AGGCTGCGTCGCATGC-1,13.884798,6.6074905,s1d3
AGGCTGCGTGGTACAG-1,9.559625,-4.512384,s1d3
AGGCTGCTCATCTACT-1,-4.776623,8.17696,s1d3
AGGCTGCTCCTACGAA-1,14.457511,7.881477,s1d3
AGGCTGCTCGCCAGAC-1,7.8591366,19.180471,s1d3
AGGGAGTAGACAGTCG-1,12.138526,11.109684,s1d3
AGGGAGTAGGATCATA-1,9.797052,8.410884,s1d3
AGGGAGTAGTTCCATG-1,5.806583,11.038181,s1d3
AGGGAGTCACGGCTAC-1,1.2748489,2.55624,s1d3
AGGGAGTCATCTGTTT-1,7.883468,8.500349,s1d3
AGGGAGTGTATGAGGC-1,8.719485,7.8660617,s1d3
AGGGAGTGTCCGTACG-1,8.097195,8.54954,s1d3
AGGGAGTTCAAAGGTA-1,1.9568142,1.7725378,s1d3
AGGGAGTTCGAAGCCC-1,10.21031,-4.6340237,s1d3
AGGGAGTTCTATCGCC-1,9.95567,13.429031,s1d3
AGGGCCTAGTGCGCTC-1,5.994917,11.470871,s1d3
AGGGCCTCAACAACAA-1,-3.921286,8.540566,s1d3
AGGGCCTCAAGTGACG-1,10.266885,8.69074,s1d3
AGGGCCTCAGAGTTCT-1,12.315692,6.8323674,s1d3
AGGGCCTCAGGCATTT-1,10.1431875,7.235723,s1d3
AGGGCCTGTAACATAG-1,10.324339,8.218323,s1d3
AGGGCCTGTGACTATC-1,-5.0440297,9.504105,s1d3
AGGGCCTTCCACGAAT-1,-3.6520894,9.747753,s1d3
AGGGCCTTCGCTACGG-1,10.519399,8.487468,s1d3
AGGGCCTTCTCTAAGG-1,9.074198,5.7317295,s1d3
AGGGCTCAGATGTTCC-1,9.034053,-3.2757318,s1d3
AGGGCTCAGCAGCAGT-1,9.203017,6.583081,s1d3
AGGGCTCAGCAGTCTT-1,2.4389052,19.684076,s1d3
AGGGCTCAGCTATCCA-1,12.71238,6.343522,s1d3
AGGGCTCAGTCCCAGC-1,2.6200051,20.284344,s1d3
AGGGCTCAGTTGAATG-1,8.122819,7.0479527,s1d3
AGGGCTCCAATGAACA-1,3.039074,16.233912,s1d3
AGGGCTCCACAGAGCA-1,9.243079,6.078585,s1d3
AGGGCTCGTAATACCC-1,10.688715,8.92365,s1d3
AGGGCTCGTCATCGGC-1,12.804926,11.630675,s1d3
AGGGCTCGTGATTGGG-1,8.582457,7.906614,s1d3
AGGGCTCTCAGTCCGG-1,8.145262,-3.3534145,s1d3
AGGGCTCTCTACCTTA-1,8.867198,6.882921,s1d3
AGGGTCCAGCGTGAGT-1,8.245076,7.074649,s1d3
AGGGTCCCAACGAGGT-1,-4.5578284,11.445143,s1d3
AGGGTCCCAGAGGGTT-1,6.8589954,20.354004,s1d3
AGGGTCCGTATGGTTC-1,6.742828,2.877655,s1d3
AGGGTCCGTCGAGCAA-1,8.138253,1.4872222,s1d3
AGGGTCCTCGGTATGT-1,10.495435,7.7931075,s1d3
AGGGTCCTCTTCGCTG-1,3.1913006,5.6112785,s1d3
AGGGTGAAGAGAACCC-1,6.760039,12.077053,s1d3
AGGGTGAAGCGGACAT-1,16.209965,7.646839,s1d3
AGGGTGAAGGCTCAAG-1,12.614766,12.203781,s1d3
AGGGTGACACCAGACC-1,14.119984,5.5606737,s1d3
AGGGTGACACCTGCTT-1,9.005641,1.7359695,s1d3
AGGGTGACACGTGAGA-1,2.8795407,5.5806184,s1d3
AGGGTGACACTTTATC-1,-3.8966088,8.373823,s1d3
AGGGTGACAGCCGTCA-1,12.692267,7.3046784,s1d3
AGGGTGAGTTCCTAAG-1,-3.467299,10.879628,s1d3
AGGGTGAGTTGTTGTG-1,9.775854,6.5960965,s1d3
AGGGTTTAGACTCATC-1,12.200283,11.495101,s1d3
AGGGTTTAGATTTGCC-1,9.140559,3.371146,s1d3
AGGGTTTAGGTCACAG-1,8.366877,6.8191504,s1d3
AGGGTTTAGTTGAAAC-1,-0.29631132,3.0840826,s1d3
AGGGTTTCAGCAGACA-1,1.1239852,1.5044652,s1d3
AGGGTTTCATAACTCG-1,-1.0855162,4.856962,s1d3
AGGGTTTGTCGTCAGC-1,8.385932,0.46687683,s1d3
AGGGTTTGTCTGTAGT-1,10.035055,7.1959934,s1d3
AGGGTTTGTTAGAAGT-1,-4.7859645,8.551208,s1d3
AGGGTTTGTTCTGAGT-1,-3.7553117,11.061159,s1d3
AGGGTTTTCCATTGGA-1,3.4818604,20.366856,s1d3
AGGGTTTTCCTTCTGG-1,14.418346,6.300452,s1d3
AGGGTTTTCGTTCGCT-1,-3.266333,13.384223,s1d3
AGGTAGGAGTTGGGAC-1,-0.3048259,7.133116,s1d3
AGGTAGGCACAGAAGC-1,11.441987,10.860738,s1d3
AGGTAGGGTAAGTTAG-1,12.052616,-1.4048073,s1d3
AGGTAGGTCCATTTGT-1,3.7080252,20.278465,s1d3
AGGTCATAGGCCTAGA-1,7.094029,11.478587,s1d3
AGGTCATAGTTCATGC-1,9.467614,5.7939806,s1d3
AGGTCATCAATGTCAC-1,-3.6503549,8.239486,s1d3
AGGTCATCACTAGGTT-1,11.273576,14.1033745,s1d3
AGGTCATCAGAGATGC-1,12.78827,6.126171,s1d3
AGGTCATCATTCTCTA-1,7.279843,3.2336226,s1d3
AGGTCATGTTACAGCT-1,-3.9135373,7.614862,s1d3
AGGTCATGTTCCACAA-1,6.89012,18.592245,s1d3
AGGTCATTCAAGAGGC-1,9.8367605,7.3528423,s1d3
AGGTCATTCACATTGG-1,14.146305,8.314785,s1d3
AGGTCATTCCGAGAAG-1,9.100214,7.656464,s1d3
AGGTCTAAGCTTTCTT-1,11.657364,13.261723,s1d3
AGGTCTAAGGGCATGT-1,9.025213,8.19079,s1d3
AGGTCTACAGATTTCG-1,3.26293,3.8829246,s1d3
AGGTCTACATGCTGCG-1,15.123488,8.986046,s1d3
AGGTCTAGTACCCGAC-1,7.8461657,19.48498,s1d3
AGGTCTAGTCGTGGAA-1,14.995529,8.126952,s1d3
AGGTCTATCCCGTTCA-1,3.430419,4.5201344,s1d3
AGGTCTATCCTATTGT-1,-3.4575324,10.422555,s1d3
AGGTCTATCTCGCTCA-1,12.993424,6.1069303,s1d3
AGGTGTTAGCCTCATA-1,10.378623,-4.1630836,s1d3
AGGTGTTAGCTGTTAC-1,13.071631,7.145955,s1d3
AGGTGTTCAGTGTACT-1,8.873523,13.299487,s1d3
AGGTGTTGTGAGACCA-1,6.3037543,18.87547,s1d3
AGGTGTTGTGTCCAAT-1,8.949689,3.598754,s1d3
AGGTGTTGTTCTAAGC-1,-3.02521,10.631978,s1d3
AGGTGTTGTTTGGAAA-1,8.2235565,7.5551624,s1d3
AGGTGTTTCAGCATTG-1,12.05858,8.680249,s1d3
AGGTGTTTCCAGCACG-1,11.568518,7.646341,s1d3
AGGTGTTTCGTAGGAG-1,-4.5398574,11.352237,s1d3
AGGTTACAGGTACATA-1,9.118223,1.3949202,s1d3
AGGTTACCAAACTCTG-1,-4.49486,11.051262,s1d3
AGGTTACCACTGATTG-1,8.749728,13.685389,s1d3
AGGTTACCACTGTGTA-1,-3.3348455,10.324798,s1d3
AGGTTACCAGGCACAA-1,15.253101,7.233707,s1d3
AGGTTACCATCGATAC-1,-4.965628,9.136838,s1d3
AGGTTACGTCTCGGGT-1,9.148837,6.2456627,s1d3
AGGTTACGTTGCATGT-1,8.075749,7.6007648,s1d3
AGGTTACGTTTCACAG-1,4.270237,2.8397925,s1d3
AGGTTACTCATGCCAA-1,2.7038965,15.948776,s1d3
AGGTTACTCTATTGTC-1,14.883072,6.175944,s1d3
AGGTTGTAGCGACATG-1,9.894531,8.963354,s1d3
AGGTTGTAGCGCCTCA-1,9.547509,6.114954,s1d3
AGGTTGTAGCTGGTGA-1,12.015325,11.035985,s1d3
AGGTTGTAGTGGACTG-1,-3.3730145,10.726916,s1d3
AGGTTGTCAGCGAGTA-1,-2.6373816,10.472674,s1d3
AGGTTGTCATCACAGT-1,-3.9931316,10.394331,s1d3
AGGTTGTGTCAAATCC-1,-4.3098607,10.730522,s1d3
AGGTTGTGTCTGTAAC-1,15.200482,6.8716416,s1d3
AGGTTGTTCCATGCAA-1,12.15879,6.5325084,s1d3
AGGTTGTTCCTCTCTT-1,9.63489,6.338726,s1d3
AGGTTGTTCGACGATT-1,10.147462,7.9651675,s1d3
AGTAACCAGAGGGCGA-1,8.755369,3.3213968,s1d3
AGTAACCAGATCGACG-1,8.224261,7.2171216,s1d3
AGTAACCCACAAATCC-1,-3.270124,9.07615,s1d3
AGTAACCCATCATTGG-1,-3.2101371,12.4237995,s1d3
AGTAACCGTCACGTGC-1,7.618297,18.916927,s1d3
AGTAACCGTCAGGAGT-1,9.106976,7.141978,s1d3
AGTAACCGTGTTTACG-1,2.9297485,15.783309,s1d3
AGTAACCGTTAAGAAC-1,9.119206,-0.53545433,s1d3
AGTAACCGTTTAGAGA-1,3.3108675,19.765623,s1d3
AGTAACCTCAAGGACG-1,9.738499,7.648344,s1d3
AGTAACCTCACCGGGT-1,-3.023152,12.236525,s1d3
AGTAACCTCCGGACGT-1,10.583866,13.984401,s1d3
AGTAACCTCTCTCAAT-1,12.534507,6.8889427,s1d3
AGTACCAAGAGAGAAC-1,2.292943,16.46695,s1d3
AGTACCAAGCCAGACA-1,5.948607,11.674658,s1d3
AGTACCAAGCTAGTTC-1,8.607357,13.425771,s1d3
AGTACCACAGCGTATT-1,8.381709,13.610334,s1d3
AGTACCACATGGGAAC-1,10.20797,7.084761,s1d3
AGTACCATCAGAGCAG-1,3.0856857,20.273989,s1d3
AGTACCATCAGCACCG-1,10.3069515,8.855403,s1d3
AGTACCATCGGTTGTA-1,10.801202,2.3511708,s1d3
AGTACCATCTGACAGT-1,3.436666,19.224194,s1d3
AGTACTGAGACAGTCG-1,-3.878438,12.125999,s1d3
AGTACTGAGCCTATTG-1,12.678143,9.592419,s1d3
AGTACTGAGGTTAAAC-1,13.047583,5.8180733,s1d3
AGTACTGCAATCGAAA-1,9.04656,6.8601627,s1d3
AGTACTGGTACGGCAA-1,13.854406,6.0957837,s1d3
AGTACTGGTCTTCATT-1,9.613521,5.850299,s1d3
AGTACTGGTGTCCATA-1,11.447999,8.950583,s1d3
AGTACTGTCTTACTGT-1,10.360099,8.859823,s1d3
AGTAGCTCAACACAAA-1,-3.7943215,10.462101,s1d3
AGTAGCTCATGGGATG-1,9.163505,13.307596,s1d3
AGTAGCTCATTACGGT-1,8.573466,14.187069,s1d3
AGTAGCTGTAGACAAT-1,11.211885,-3.8516028,s1d3
AGTAGCTGTGGAATGC-1,-3.886658,10.653975,s1d3
AGTAGCTGTTTGTGGT-1,13.789499,3.601134,s1d3
AGTAGCTTCGGTCGAC-1,5.5528617,18.151533,s1d3
AGTAGTCAGAAGATCT-1,8.272881,-4.1999526,s1d3
AGTAGTCCACAGTGAG-1,15.505675,8.8972435,s1d3
AGTAGTCCATGAATAG-1,12.935777,8.07336,s1d3
AGTAGTCCATGCAGGA-1,8.334137,7.512623,s1d3
AGTAGTCGTGTGACCC-1,10.08688,-3.7417765,s1d3
AGTAGTCGTTATCTTC-1,15.610447,8.092895,s1d3
AGTAGTCGTTGTCATG-1,9.513806,7.70501,s1d3
AGTAGTCTCGTAACAC-1,9.532507,7.1085544,s1d3
AGTCAACAGAGGACTC-1,9.881995,7.440066,s1d3
AGTCAACAGATGCTGG-1,9.438721,9.167619,s1d3
AGTCAACAGATTGTGA-1,9.411352,7.8588023,s1d3
AGTCAACAGTAGCATA-1,-2.315672,11.020267,s1d3
AGTCAACCATGAGAAT-1,12.481001,9.375937,s1d3
AGTCAACCATGGCTAT-1,10.652337,14.140666,s1d3
AGTCAACGTCTAACTG-1,8.812706,13.676899,s1d3
AGTCAACGTGCACGCT-1,9.591317,6.5874643,s1d3
AGTCAACGTTAATCGC-1,1.023847,2.9385955,s1d3
AGTCACAAGACGCCAA-1,-4.6181555,8.676794,s1d3
AGTCACAAGCAGCCTC-1,-1.2741668,4.2058477,s1d3
AGTCACAAGGCCTAGA-1,12.575236,5.448756,s1d3
AGTCACAAGTATTCCG-1,-4.338916,8.913147,s1d3
AGTCACAAGTGTCATC-1,8.011224,12.260302,s1d3
AGTCACACAAACCATC-1,-4.8422766,10.311191,s1d3
AGTCACACAATACCCA-1,12.794396,7.080394,s1d3
AGTCACACAGAACTTC-1,-3.3629637,13.446863,s1d3
AGTCACACAGGTGTGA-1,11.170167,8.032267,s1d3
AGTCACAGTCGTCATA-1,10.792266,7.862471,s1d3
AGTCACAGTCGTTCAA-1,12.839452,6.786516,s1d3
AGTCACAGTTATGGTC-1,9.451888,7.418631,s1d3
AGTCACATCACTACGA-1,14.473246,8.08703,s1d3
AGTCACATCCTCACTG-1,7.7247443,19.288404,s1d3
AGTCACATCCTCGCAT-1,6.5698376,18.739628,s1d3
AGTCACATCTCATGCC-1,-3.9375165,8.669275,s1d3
AGTCATGAGATTACCC-1,9.457755,6.4538765,s1d3
AGTCATGCAGATCCTA-1,15.621441,7.2591524,s1d3
AGTCATGGTCGTCGGT-1,4.2659736,19.79909,s1d3
AGTCATGTCCAAGCAT-1,11.362141,8.515326,s1d3
AGTCATGTCCATTCAT-1,8.793734,1.4974853,s1d3
AGTCTCCAGGAGGGTG-1,-5.1196866,9.793774,s1d3
AGTCTCCAGTCCCAGC-1,11.618498,8.154776,s1d3
AGTCTCCCAAGACAAT-1,-4.0254526,10.157712,s1d3
AGTCTCCCAGCCGTCA-1,9.9177475,8.294183,s1d3
AGTCTCCCAGTTGTTG-1,-3.9188015,10.861655,s1d3
AGTCTCCTCAGGAAAT-1,-4.7780204,10.536117,s1d3
AGTCTCCTCGGTAACT-1,6.178154,10.950823,s1d3
AGTCTCCTCTGCTTTA-1,7.7038097,12.411528,s1d3
AGTGACTAGACCTCCG-1,11.592685,11.052614,s1d3
AGTGACTCAGGTCTCG-1,15.135984,6.767819,s1d3
AGTGACTCATACCACA-1,8.564283,14.316045,s1d3
AGTGATCCAAGTTTGC-1,10.014428,5.940049,s1d3
AGTGATCCACGCAGTC-1,2.0839064,15.545329,s1d3
AGTGATCGTAAGATTG-1,8.096312,19.46791,s1d3
AGTGATCGTCACCCTT-1,7.841102,-1.3866591,s1d3
AGTGATCGTCTACAAC-1,-3.2130187,10.496115,s1d3
AGTGATCGTTTCGTTT-1,-2.3089373,10.065486,s1d3
AGTGATCTCACAAGGG-1,0.17789353,5.898972,s1d3
AGTGATCTCACCTCGT-1,8.383784,7.1311445,s1d3
AGTGATCTCCACGGGT-1,10.391473,7.764263,s1d3
AGTGATCTCTTCGCTG-1,2.5787168,2.8707278,s1d3
AGTGCCGAGCAGCACA-1,12.895529,8.1022005,s1d3
AGTGCCGAGGAATGTT-1,10.028435,0.040267266,s1d3
AGTGCCGCATCAGTGT-1,10.375416,12.573612,s1d3
AGTGCCGGTACCGTCG-1,9.915756,6.780328,s1d3
AGTGCCGGTCTGTAGT-1,8.983427,6.8057137,s1d3
AGTGCCGTCAGCCCAG-1,10.456257,-3.0405788,s1d3
AGTGCCGTCCGTTGAA-1,3.5524538,19.550823,s1d3
AGTGCCGTCTGCATAG-1,-1.109466,7.417162,s1d3
AGTGCCGTCTGCGATA-1,-4.5794535,9.973309,s1d3
AGTGCCGTCTGCTGAA-1,9.257769,13.02422,s1d3
AGTGTTGAGAACTCCT-1,12.699633,12.145185,s1d3
AGTGTTGAGCCATGCC-1,-4.1240716,11.350214,s1d3
AGTGTTGAGTGCAGCA-1,2.0293381,16.20856,s1d3
AGTGTTGCAAGGCCTC-1,8.55631,13.720951,s1d3
AGTGTTGCAATACCCA-1,14.9661045,6.64688,s1d3
AGTGTTGCAGGACATG-1,12.088179,11.2848015,s1d3
AGTGTTGGTAGGACTG-1,8.453955,8.523277,s1d3
AGTGTTGGTGGCTCTG-1,10.385475,9.092048,s1d3
AGTGTTGGTTACAGCT-1,7.969117,19.278719,s1d3
AGTGTTGTCGCTATTT-1,9.978215,7.097232,s1d3
AGTTAGCAGCTGCCTG-1,13.083986,5.770432,s1d3
AGTTAGCCAAAGGTTA-1,12.412318,-3.4327614,s1d3
AGTTAGCCAATGTCAC-1,11.435519,10.069561,s1d3
AGTTAGCCAGTGGTGA-1,14.425823,5.1474543,s1d3
AGTTAGCGTGAGGAAA-1,-4.283909,11.122188,s1d3
AGTTAGCGTGTTGAGG-1,8.794627,6.2048197,s1d3
AGTTAGCGTTCACGAT-1,12.695516,6.156935,s1d3
AGTTAGCTCGAGATGG-1,10.809766,7.967324,s1d3
AGTTCCCAGTTGCCTA-1,7.213258,19.178232,s1d3
AGTTCCCCAAATGCTC-1,-5.2645063,10.016188,s1d3
AGTTCCCGTACGACTT-1,9.373476,8.683386,s1d3
AGTTCCCGTCGGTGAA-1,15.092878,9.584818,s1d3
AGTTCCCTCCGTGGGT-1,9.7125635,6.5731373,s1d3
AGTTCGAAGACTACCT-1,12.279064,9.508463,s1d3
AGTTCGAAGAGTGAAG-1,7.2584815,3.0119836,s1d3
AGTTCGAAGTCCCGAC-1,8.860218,-4.087334,s1d3
AGTTCGACAAGGTTGG-1,8.836886,7.4808416,s1d3
AGTTCGACAATGAGCG-1,2.6699383,19.285673,s1d3
AGTTCGACACGATAGG-1,9.823189,8.890809,s1d3
AGTTCGATCCAGTGTA-1,10.134663,8.635777,s1d3
AGTTCGATCTGTACAG-1,11.0167885,8.282123,s1d3
ATACCGAAGAGGGTCT-1,8.063651,7.38834,s1d3
ATACCGAAGCGTGAGT-1,6.821073,19.042645,s1d3
ATACCGAGTGAATGTA-1,13.212035,3.8744898,s1d3
ATACCGAGTTGCGAAG-1,11.766465,11.37656,s1d3
ATACCGATCCATTGTT-1,6.7832866,-2.1182039,s1d3
ATACCGATCCGGTTCT-1,-3.8002179,10.461066,s1d3
ATACCGATCGAGCCTG-1,13.10482,6.316499,s1d3
ATACCGATCTGGGTCG-1,3.7580776,16.548176,s1d3
ATACCTTCAATCGCCG-1,-4.739121,9.836491,s1d3
ATACCTTCAGACGGAT-1,11.134388,11.79293,s1d3
ATACCTTGTATGGGAC-1,7.9605093,19.302025,s1d3
ATACCTTGTCAACCAT-1,4.1920695,20.54877,s1d3
ATACCTTGTGGCTTAT-1,12.695418,6.7340126,s1d3
ATACCTTGTTTACACG-1,12.2992115,11.531264,s1d3
ATACCTTTCAAGAGGC-1,3.9300318,3.6389346,s1d3
ATACCTTTCGACGTCG-1,-4.0869856,9.047448,s1d3
ATACTTCAGCACTTTG-1,13.117037,6.736164,s1d3
ATACTTCAGCGTGAGT-1,8.312903,6.6160626,s1d3
ATACTTCAGCTTGTTG-1,9.075488,6.1261053,s1d3
ATACTTCAGGGCCTCT-1,10.045668,8.620677,s1d3
ATACTTCCAAGGCCTC-1,13.74944,5.689231,s1d3
ATACTTCCACTTTAGG-1,-5.4919167,9.382587,s1d3
ATACTTCCATGAATAG-1,5.475813,19.16398,s1d3
ATACTTCCATTCAGCA-1,8.567391,14.096507,s1d3
ATACTTCGTAACGATA-1,12.38318,12.468997,s1d3
ATACTTCGTGGATCAG-1,8.918501,8.969125,s1d3
ATACTTCTCGGACGTC-1,3.5577705,15.6193285,s1d3
ATACTTCTCTACCCAC-1,12.553516,12.460744,s1d3
ATAGACCAGAGTGAAG-1,9.762788,8.004674,s1d3
ATAGACCAGATTGGGC-1,9.250442,6.046051,s1d3
ATAGACCAGGAAAGGT-1,12.600924,-3.6469471,s1d3
ATAGACCAGGGAGGGT-1,15.980774,7.661995,s1d3
ATAGACCAGGTACAGC-1,8.742319,6.3526816,s1d3
ATAGACCAGGTGAGAA-1,-4.7418256,8.575309,s1d3
ATAGACCCAACCGACC-1,8.569838,14.039776,s1d3
ATAGACCCAATAACGA-1,-5.0036745,9.518578,s1d3
ATAGACCCACCAATTG-1,10.695369,14.2817545,s1d3
ATAGACCCAGGGAGAG-1,13.014347,5.6853895,s1d3
ATAGACCGTACACGTT-1,9.627763,5.9388466,s1d3
ATAGACCGTCGAAACG-1,9.017524,6.133576,s1d3
ATAGACCTCAATGTCG-1,13.62472,7.5745325,s1d3
ATAGACCTCTGCGATA-1,3.500507,3.25651,s1d3
ATAGAGAAGAAGCTGC-1,9.299942,12.932589,s1d3
ATAGAGAAGCAATTAG-1,6.0891757,20.925716,s1d3
ATAGAGACAGACCCGT-1,9.675232,6.3669543,s1d3
ATAGAGAGTAGCTTGT-1,-5.384948,9.763594,s1d3
ATAGAGATCAGCTTGA-1,8.937776,-4.7932725,s1d3
ATAGAGATCGTCCTCA-1,4.047736,2.842293,s1d3
ATAGGCTCATCTCAAG-1,6.207567,11.560901,s1d3
ATAGGCTGTAACACGG-1,-2.5097737,10.589926,s1d3
ATAGGCTGTAGAATGT-1,-4.1209445,9.872128,s1d3
ATAGGCTGTGTTCGTA-1,12.34664,10.564608,s1d3
ATAGGCTTCACCTCGT-1,13.653379,5.546395,s1d3
ATAGGCTTCCTAGCTC-1,13.620423,7.130735,s1d3
ATATCCTAGACCAAGC-1,-4.002188,9.592752,s1d3
ATATCCTAGACCATAA-1,9.8350525,6.172004,s1d3
ATATCCTAGACTCAAA-1,-4.8317304,9.784234,s1d3
ATATCCTAGCCGTCGT-1,1.4623623,3.0987904,s1d3
ATATCCTAGCTCGACC-1,8.217635,6.7308574,s1d3
ATATCCTAGCTTCTAG-1,12.236678,12.831467,s1d3
ATATCCTAGGCAGTCA-1,10.798716,13.408893,s1d3
ATATCCTAGGGCAACT-1,11.038756,8.800859,s1d3
ATATCCTAGGTGATCG-1,14.163562,5.45405,s1d3
ATATCCTCAACTTGCA-1,10.760084,-3.6258032,s1d3
ATATCCTCAAGCGGAT-1,-4.62849,10.886178,s1d3
ATATCCTCAAGGTCTT-1,12.467936,8.91092,s1d3
ATATCCTCATCAGCGC-1,-4.9025884,9.553746,s1d3
ATATCCTGTATAGCTC-1,6.8635216,18.828888,s1d3
ATATCCTGTATCCTCC-1,-3.7017677,10.198008,s1d3
ATATCCTGTCAGATTC-1,9.92309,6.4871845,s1d3
ATATCCTGTCATTCCC-1,7.7204156,12.174392,s1d3
ATATCCTTCATTACTC-1,2.8642473,5.3901777,s1d3
ATATCCTTCATTCATC-1,-2.8945467,10.789658,s1d3
ATATCCTTCCATGCAA-1,8.972062,2.4353087,s1d3
ATATCCTTCTAGTTCT-1,9.333247,-4.617908,s1d3
ATATCCTTCTTCGTAT-1,12.458027,6.964716,s1d3
ATCACAGAGAGGTTAT-1,8.544513,14.070292,s1d3
ATCACAGAGGCGCTCT-1,15.621813,7.709709,s1d3
ATCACAGAGGTGCCAA-1,8.590614,2.745997,s1d3
ATCACAGCAGCACGAA-1,12.571368,12.556537,s1d3
ATCACAGCAGCGTTGC-1,11.826006,11.904044,s1d3
ATCACAGGTCGAAACG-1,12.956718,3.826353,s1d3
ATCACAGGTGTAAATG-1,10.428667,7.633183,s1d3
ATCACAGTCGCCTTTG-1,10.765238,7.361662,s1d3
ATCACAGTCGGACCAC-1,-3.1514032,10.727028,s1d3
ATCACGAAGAGCATCG-1,8.987646,8.72738,s1d3
ATCACGAAGGCGCTCT-1,14.990466,8.656403,s1d3
ATCACGACACAAATCC-1,10.4503355,8.850467,s1d3
ATCACGACACAGAGAC-1,9.458368,0.45388475,s1d3
ATCACGACATCAGCAT-1,8.49308,13.793527,s1d3
ATCACGAGTAACCAGG-1,14.377807,6.867805,s1d3
ATCACGAGTATCGTAC-1,11.0721,6.6833453,s1d3
ATCACGAGTCTCGGGT-1,7.308602,18.84528,s1d3
ATCACGAGTGAGAGGG-1,13.210489,4.5798383,s1d3
ATCACGATCAAAGGTA-1,-1.9861447,5.3731723,s1d3
ATCACGATCGAGTTGT-1,8.24502,13.4750395,s1d3
ATCACGATCTAGAACC-1,3.4945307,19.641193,s1d3
ATCACTTAGAAGAGCA-1,2.5915866,16.704672,s1d3
ATCACTTAGGCTTAAA-1,12.138768,10.895485,s1d3
ATCACTTAGTATTGCC-1,7.749142,2.4515557,s1d3
ATCACTTAGTCAACAA-1,8.983071,6.554942,s1d3
ATCACTTCAGAATGTA-1,3.5824876,20.026058,s1d3
ATCACTTGTACGATCT-1,14.205822,5.3759766,s1d3
ATCACTTGTGAGTCAG-1,4.0586457,4.1634035,s1d3
ATCACTTTCGAGATGG-1,-5.112252,8.821474,s1d3
ATCACTTTCGGATAAA-1,15.559416,8.74945,s1d3
ATCACTTTCGTTCTAT-1,-4.3787265,10.754493,s1d3
ATCAGGTCACCGCTGA-1,10.67809,8.834489,s1d3
ATCAGGTCAGCAGAAC-1,13.7923565,6.0348806,s1d3
ATCAGGTCATCTGCGG-1,-3.6553547,9.813728,s1d3
ATCAGGTGTGATCATC-1,12.52415,6.54657,s1d3
ATCAGGTTCAAGTGTC-1,13.099691,7.0282974,s1d3
ATCAGGTTCGCGTTTC-1,8.714575,7.291131,s1d3
ATCAGGTTCGGTATGT-1,3.81344,19.382612,s1d3
ATCATTCCATCAACCA-1,15.525743,8.071967,s1d3
ATCATTCCATCGATCA-1,9.996259,8.387749,s1d3
ATCATTCCATTGACAC-1,-1.554691,6.751834,s1d3
ATCATTCGTCCAATCA-1,5.852986,10.952052,s1d3
ATCATTCTCAGACAAA-1,14.435699,8.740754,s1d3
ATCATTCTCAGACATC-1,15.04606,6.9212604,s1d3
ATCATTCTCTTGGTCC-1,12.8047,5.5286665,s1d3
ATCCACCCACCTATCC-1,8.954718,6.2620497,s1d3
ATCCACCCATGACCCG-1,13.837499,5.0634727,s1d3
ATCCACCGTTCAGCTA-1,13.182321,8.508632,s1d3
ATCCACCTCAGCCTTC-1,9.872618,7.7132664,s1d3
ATCCACCTCCGTGGGT-1,-1.1285105,7.5304995,s1d3
ATCCACCTCGTTCCCA-1,8.817404,14.13583,s1d3
ATCCATTAGGCCCAAA-1,8.671985,9.7513895,s1d3
ATCCATTGTCAACATC-1,12.846654,12.202402,s1d3
ATCCATTGTTGAATCC-1,13.418014,6.9364324,s1d3
ATCCATTGTTTCGATG-1,3.7222457,3.0342402,s1d3
ATCCATTTCAACTGGT-1,-5.069821,8.310675,s1d3
ATCCATTTCATTTCCA-1,10.489012,12.939007,s1d3
ATCCCTGAGCGCCTTG-1,-3.419364,12.044515,s1d3
ATCCCTGGTGTGTCGC-1,13.524823,3.7863667,s1d3
ATCCCTGGTTCAGCTA-1,13.96848,7.6050134,s1d3
ATCCCTGTCAATCCAG-1,12.765549,6.33806,s1d3
ATCCCTGTCAGTGGGA-1,9.095744,7.2266545,s1d3
ATCCCTGTCTCCCAAC-1,13.333964,6.0831075,s1d3
ATCCGTCAGAGCACTG-1,2.412616,15.987782,s1d3
ATCCGTCAGAGCATAT-1,6.151024,19.872255,s1d3
ATCCGTCAGCTAAATG-1,-4.512019,8.720932,s1d3
ATCCGTCAGGATTTCC-1,13.424403,5.8147206,s1d3
ATCCGTCAGTAATACG-1,5.8137026,17.530117,s1d3
ATCCGTCAGTGCCAGA-1,10.53292,9.784626,s1d3
ATCCGTCGTACAAACA-1,3.138992,15.795336,s1d3
ATCCGTCGTCTACACA-1,13.163017,4.7934847,s1d3
ATCCGTCTCAAGGACG-1,13.134847,7.916828,s1d3
ATCCTATAGTTTCTTC-1,-0.51139134,3.3598583,s1d3
ATCCTATGTCTCGGGT-1,8.607475,13.544619,s1d3
ATCCTATGTGGTTCTA-1,10.472532,7.080939,s1d3
ATCCTATTCGTAGTCA-1,-3.0058904,11.592728,s1d3
ATCCTATTCGTGGCTG-1,3.2969038,15.991173,s1d3
ATCGATGAGCTGTTAC-1,11.971153,1.707232,s1d3
ATCGATGCAAGGCTTT-1,8.453074,-3.1436856,s1d3
ATCGATGCATAGTCGT-1,9.02475,9.170695,s1d3
ATCGATGGTCTAGATC-1,10.433866,9.353861,s1d3
ATCGATGGTTATTCTC-1,11.234056,13.678842,s1d3
ATCGATGTCCAGTGTA-1,3.627673,15.465897,s1d3
ATCGCCTAGATGCTGG-1,13.024623,6.7273507,s1d3
ATCGCCTAGGCACGAT-1,12.516298,-3.5027924,s1d3
ATCGCCTAGGTCGTCC-1,3.9059613,19.490654,s1d3
ATCGCCTCATTGAGGG-1,-3.8757467,9.5823765,s1d3
ATCGCCTTCCCGAAAT-1,11.031185,7.778322,s1d3
ATCGCCTTCGGACTGC-1,13.798879,4.105036,s1d3
ATCGCCTTCGGTCGGT-1,-2.9805052,10.116208,s1d3
ATCGCCTTCGTAACAC-1,11.084911,9.387731,s1d3
ATCGCCTTCTTGGTCC-1,9.437817,6.0566225,s1d3
ATCGGATAGATGACAT-1,2.3061054,15.791541,s1d3
ATCGGATCAAGTATCC-1,-0.08505095,5.140277,s1d3
ATCGGATGTTTATGCG-1,15.358724,8.329646,s1d3
ATCGGATTCCATCAGA-1,2.4095323,4.4629307,s1d3
ATCGGATTCGGATTAC-1,-1.2109828,5.598615,s1d3
ATCGGATTCTACAGGT-1,-4.938219,9.95134,s1d3
ATCGGATTCTCTTCAA-1,-4.219035,11.38169,s1d3
ATCGGCGAGAACCGCA-1,9.898671,8.897392,s1d3
ATCGGCGAGGGTAATT-1,9.632388,7.8334994,s1d3
ATCGGCGCATGACGGA-1,8.617054,6.556071,s1d3
ATCGGCGGTCGAACGA-1,2.4906485,16.855648,s1d3
ATCGGCGGTTTACTTC-1,5.858214,17.832935,s1d3
ATCGGCGTCACTCTTA-1,2.081419,15.862801,s1d3
ATCGGCGTCATGGCCG-1,1.0010818,3.2589397,s1d3
ATCGGCGTCCATCACC-1,12.752987,6.959954,s1d3
ATCGGCGTCCCAACTC-1,9.764988,6.8017106,s1d3
ATCGGCGTCCTCAGGG-1,-4.2558413,8.694136,s1d3
ATCGTAGAGAAACTCA-1,13.49477,3.7679677,s1d3
ATCGTAGAGATCCTAC-1,11.192458,2.338846,s1d3
ATCGTAGAGGATGAGA-1,8.979725,5.813248,s1d3
ATCGTAGCACATCATG-1,10.168923,12.620356,s1d3
ATCGTAGCAGAGTAAT-1,6.644232,20.197474,s1d3
ATCGTAGCAGCAGACA-1,10.524168,8.157364,s1d3
ATCGTAGGTGACGCCT-1,11.418765,10.101206,s1d3
ATCGTAGGTTTCGATG-1,15.2916765,9.624126,s1d3
ATCGTAGTCAGACCGC-1,8.907281,7.2752905,s1d3
ATCGTAGTCCGGTAAT-1,8.326912,13.594689,s1d3
ATCGTAGTCGACACCG-1,-3.002311,10.512417,s1d3
ATCGTAGTCTCCTGTG-1,3.7878563,18.310858,s1d3
ATCGTAGTCTCGCCTA-1,-0.31597987,7.122717,s1d3
ATCGTCCAGACCAAAT-1,13.384935,7.971976,s1d3
ATCGTCCAGGTTGCCC-1,3.3222826,3.0348482,s1d3
ATCGTCCAGTCATGAA-1,6.237407,18.809954,s1d3
ATCGTCCCATCGGTTA-1,-0.9802637,4.0694084,s1d3
ATCGTCCCATTAGGAA-1,9.229706,6.279003,s1d3
ATCGTCCGTCAGGCAA-1,-3.9023082,11.55533,s1d3
ATCGTCCTCATCCCGT-1,9.342474,13.4729595,s1d3
ATCGTCCTCGACGATT-1,3.7156172,15.829043,s1d3
ATCGTCCTCTACGCGG-1,9.855571,9.206357,s1d3
ATCGTGAAGAGGCGGA-1,-4.517209,9.8226795,s1d3
ATCGTGAAGCCGCTTG-1,-3.8722918,8.994853,s1d3
ATCGTGAAGCGCTGAA-1,9.906963,8.386356,s1d3
ATCGTGAAGGTAGTAT-1,8.345144,13.617157,s1d3
ATCGTGACAAAGACGC-1,9.941399,7.4654193,s1d3
ATCGTGACATAAGCAA-1,10.686183,7.924179,s1d3
ATCGTGAGTTCTAAGC-1,8.238398,7.7610517,s1d3
ATCGTGAGTTTACTGG-1,8.50373,6.6377726,s1d3
ATCGTGATCACGACTA-1,6.1458974,11.45766,s1d3
ATCTCTAAGGCTTTCA-1,10.076977,7.567785,s1d3
ATCTCTAAGTATGAGT-1,9.04653,13.531663,s1d3
ATCTCTACACTAACGT-1,9.375341,0.5439032,s1d3
ATCTCTACAGTAACGG-1,8.089682,7.2321196,s1d3
ATCTCTACATACTGAC-1,-4.199351,9.08277,s1d3
ATCTCTACATAGCTGT-1,1.7849101,4.79467,s1d3
ATCTCTAGTCAACCAT-1,-4.370839,11.735681,s1d3
ATCTCTAGTCAGGTAG-1,-2.6745014,9.738938,s1d3
ATCTCTATCAGCTGAT-1,8.219552,7.7687373,s1d3
ATCTCTATCATCCTAT-1,11.181133,8.585167,s1d3
ATCTCTATCCGATAGT-1,14.528155,5.981394,s1d3
ATCTCTATCCTTCTGG-1,3.0108757,4.9828644,s1d3
ATCTTCAAGGACCCAA-1,10.114072,12.728734,s1d3
ATCTTCAAGTCACTGT-1,9.623998,1.4668173,s1d3
ATCTTCAAGTGATAAC-1,9.830529,8.142,s1d3
ATCTTCACAAAGGAGA-1,12.819058,6.98592,s1d3
ATCTTCACACGAGAAC-1,7.200469,20.145823,s1d3
ATCTTCACAGAACCGA-1,8.702488,13.468194,s1d3
ATCTTCACATTGCAAC-1,12.986741,7.981082,s1d3
ATCTTCAGTATTCCTT-1,10.183623,7.802107,s1d3
ATCTTCAGTGACAGCA-1,-2.8004568,11.22652,s1d3
ATCTTCAGTTTCGCTC-1,10.166808,7.007303,s1d3
ATCTTCATCCCAAGTA-1,-3.1628559,12.0426855,s1d3
ATGAAAGAGATCGACG-1,3.5755644,4.7359295,s1d3
ATGAAAGAGCATGTTC-1,2.911737,5.42194,s1d3
ATGAAAGAGCGCCATC-1,15.675117,7.6331124,s1d3
ATGAAAGAGGCACAAC-1,11.400753,9.932499,s1d3
ATGAAAGCAACCACAT-1,13.609932,3.9705548,s1d3
ATGAAAGGTACGCGTC-1,11.724253,9.368753,s1d3
ATGAAAGGTGCCTAAT-1,-3.012288,11.751206,s1d3
ATGAAAGTCACCTTAT-1,-1.8307467,5.7193623,s1d3
ATGAAAGTCATTATCC-1,9.376935,8.828287,s1d3
ATGAAAGTCCAGTGCG-1,13.581017,5.3601403,s1d3
ATGAAAGTCTACCACC-1,-2.5838935,9.676818,s1d3
ATGAAAGTCTATACTC-1,-3.782819,9.841909,s1d3
ATGACCAAGCCTTTGA-1,8.705341,13.689814,s1d3
ATGACCAAGTTTCAGC-1,12.872922,11.951957,s1d3
ATGACCAGTACACGCC-1,7.4885173,11.79358,s1d3
ATGACCAGTAGTCACT-1,7.7313123,3.2290165,s1d3
ATGACCAGTCATACCA-1,11.343858,9.117215,s1d3
ATGACCAGTCCCTCAT-1,11.137636,7.7030315,s1d3
ATGACCATCTTCGACC-1,-2.4966013,11.852235,s1d3
ATGAGGGAGAGTCGAC-1,6.9166265,11.929623,s1d3
ATGAGGGAGGTTCATC-1,14.113477,4.799017,s1d3
ATGAGGGAGTCCCGAC-1,-3.2448823,12.738891,s1d3
ATGAGGGAGTCTGCAT-1,9.21244,9.352819,s1d3
ATGAGGGCATTCACAG-1,9.530728,13.062137,s1d3
ATGAGGGGTTCTAACG-1,12.303849,6.562929,s1d3
ATGAGGGGTTCTCCAC-1,8.615761,-4.7922893,s1d3
ATGAGGGGTTGGGCCT-1,9.41155,6.5671744,s1d3
ATGAGGGTCCATGAGT-1,9.264582,6.9901123,s1d3
ATGAGGGTCGCTCATC-1,8.709529,8.192042,s1d3
ATGAGGGTCGGTGAAG-1,9.440396,8.911507,s1d3
ATGAGGGTCTACTATC-1,9.232827,8.231559,s1d3
ATGAGTCAGACGACGT-1,-4.6738715,9.959513,s1d3
ATGAGTCAGCTTTGTG-1,-3.3009646,10.778034,s1d3
ATGAGTCAGGAAAGGT-1,11.354179,1.2787489,s1d3
ATGAGTCAGGTAAACT-1,2.199557,16.436054,s1d3
ATGAGTCAGTGAGTGC-1,1.0399907,2.845119,s1d3
ATGAGTCCAGCGGATA-1,11.637628,7.475508,s1d3
ATGAGTCGTGTTCGTA-1,-0.8453811,4.494817,s1d3
ATGAGTCTCATTCATC-1,12.309051,7.888067,s1d3
ATGAGTCTCCGCTGTT-1,14.141181,6.59165,s1d3
ATGATCGAGCCATCCG-1,11.357074,9.738701,s1d3
ATGATCGAGCCGAACA-1,12.88568,6.74886,s1d3
ATGATCGAGGTCTACT-1,14.160044,7.52023,s1d3
ATGATCGCACTTGAAC-1,4.5917583,2.108111,s1d3
ATGATCGCATCCCGTT-1,11.022401,12.902724,s1d3
ATGATCGGTAGGAGGG-1,13.195669,6.1655746,s1d3
ATGATCGTCGTTCTAT-1,6.2212653,11.983801,s1d3
ATGATCGTCTCACGAA-1,10.310756,7.6691093,s1d3
ATGCATGAGACCTCCG-1,8.488448,-4.5636535,s1d3
ATGCATGAGAGCATAT-1,8.779246,7.202926,s1d3
ATGCATGAGCAGTACG-1,3.5088809,5.2851634,s1d3
ATGCATGGTGGTCTGC-1,5.5905485,19.672998,s1d3
ATGCATGGTTTGTTGG-1,10.519892,-4.4797277,s1d3
ATGCATGTCTTTCAGT-1,-1.0981699,7.7692957,s1d3
ATGCCTCAGAAGAACG-1,-4.913043,10.421797,s1d3
ATGCCTCAGATGCTAA-1,3.8140354,5.6625385,s1d3
ATGCCTCAGCGTCGAA-1,9.13402,7.6349087,s1d3
ATGCCTCAGTGTCATC-1,11.882985,9.455558,s1d3
ATGCCTCTCACAATGC-1,15.244243,6.3942738,s1d3
ATGCGATAGCGACTAG-1,3.4562252,4.179711,s1d3
ATGCGATAGTCAGCGA-1,3.4869204,4.2362657,s1d3
ATGCGATCAATCACGT-1,-4.6406775,10.900406,s1d3
ATGCGATCAGGATTCT-1,9.353602,6.739812,s1d3
ATGCGATCATACGCAT-1,14.336242,6.801149,s1d3
ATGCGATGTGGCTACC-1,9.2050495,8.488431,s1d3
ATGCGATGTTTCACTT-1,10.0017805,-0.004870689,s1d3
ATGCGATTCATTTGTC-1,-4.5104756,9.478526,s1d3
ATGCGATTCGCTACAA-1,7.046445,11.448687,s1d3
ATGGAGGAGGTAAAGG-1,9.381197,7.9243164,s1d3
ATGGAGGCAATCGCAT-1,10.65766,12.963871,s1d3
ATGGAGGCACGACGTC-1,8.005463,19.613554,s1d3
ATGGAGGCAGATTTCG-1,10.01245,9.384951,s1d3
ATGGAGGGTCTAGATC-1,10.502167,7.1387777,s1d3
ATGGAGGGTGGCTACC-1,12.289016,11.377814,s1d3
ATGGAGGGTTCGGTAT-1,2.7030234,20.38639,s1d3
ATGGAGGTCAATCTTC-1,13.043003,4.8094387,s1d3
ATGGAGGTCTCATTTG-1,9.880485,-3.5383737,s1d3
ATGGAGGTCTCCGTGT-1,9.89545,-3.3655393,s1d3
ATGGATCAGCCTAGGA-1,7.458299,-2.4397311,s1d3
ATGGATCCAGGTTACT-1,-4.946696,9.568211,s1d3
ATGGATCGTGTACAGG-1,6.371968,21.036697,s1d3
ATGGATCTCATCGGGC-1,15.208926,9.526746,s1d3
ATGGATCTCTTACACT-1,9.339738,6.3124733,s1d3
ATGGGAGAGAATCGTA-1,12.153973,6.171518,s1d3
ATGGGAGAGACTTCAC-1,2.3150089,4.653774,s1d3
ATGGGAGAGCGAATGC-1,16.12434,7.576511,s1d3
ATGGGAGCACTTCATT-1,10.042686,-4.9140353,s1d3
ATGGGAGTCCGCTGTT-1,-3.2661483,11.56025,s1d3
ATGGGTTAGAGCCGAT-1,8.058583,6.9757175,s1d3
ATGGGTTAGATCGACG-1,14.58038,6.0048857,s1d3
ATGGGTTAGATGCAGC-1,10.045095,9.23002,s1d3
ATGGGTTCAACTGGTT-1,8.894469,13.589232,s1d3
ATGGGTTGTCACTCTC-1,14.389781,6.081002,s1d3
ATGGGTTTCATCCTGC-1,12.242058,12.736145,s1d3
ATGGGTTTCGGCCTTT-1,-1.6879746,4.9397817,s1d3
ATGGTTGAGATGAAGG-1,7.0453644,12.012145,s1d3
ATGGTTGAGTAACCTC-1,8.34204,6.9354854,s1d3
ATGGTTGCAATGGCAG-1,7.8944597,12.044124,s1d3
ATGGTTGCAGACCAAG-1,-4.0449514,7.7925334,s1d3
ATGGTTGCATAGTCGT-1,10.174195,7.6058927,s1d3
ATGGTTGGTCTTCAAG-1,8.53131,13.387697,s1d3
ATGGTTGGTGTAGCAG-1,3.5538454,19.10266,s1d3
ATGGTTGTCAGCTTGA-1,11.012893,7.2216945,s1d3
ATGTCCCAGACCAAGC-1,11.305925,8.861593,s1d3
ATGTCCCAGACGCAGT-1,-3.3611414,11.958551,s1d3
ATGTCCCAGGTGCTTT-1,9.214557,6.3641014,s1d3
ATGTCCCAGTCACACT-1,9.944918,5.9079,s1d3
ATGTCCCCAAGTGATA-1,10.213799,7.7429247,s1d3
ATGTCCCCATCGCTCT-1,10.918306,9.371914,s1d3
ATGTCCCCATGGGTTT-1,10.205609,7.6093407,s1d3
ATGTCCCCATTCATCT-1,14.641878,6.40578,s1d3
ATGTCCCGTAATGCGG-1,9.228671,8.607286,s1d3
ATGTCCCGTCTTGAAC-1,13.388537,4.407748,s1d3
ATGTCCCGTGCTATTG-1,8.621769,7.3722258,s1d3
ATGTCCCGTGCTTATG-1,9.521919,9.369173,s1d3
ATGTCCCTCCTAACAG-1,1.45548,2.807785,s1d3
ATGTCCCTCCTAGCCT-1,-5.244042,9.01874,s1d3
ATGTCTTAGAACTCCT-1,12.471282,10.616364,s1d3
ATGTCTTAGCCGAATG-1,2.954969,16.0623,s1d3
ATGTCTTCAGCTGTCG-1,9.731882,-1.4742177,s1d3
ATGTCTTGTACCTGTA-1,8.460005,-3.9083734,s1d3
ATGTCTTGTACGTGAG-1,7.885343,1.5118822,s1d3
ATGTCTTGTATGCGTT-1,12.555685,6.5084033,s1d3
ATGTCTTGTATGGTTC-1,-3.492935,12.393447,s1d3
ATGTCTTGTCCGGTGT-1,9.819552,-3.9878886,s1d3
ATGTCTTGTGCCCGTA-1,10.253335,7.3459315,s1d3
ATGTCTTGTGTTCCAA-1,10.144471,7.0315676,s1d3
ATGTCTTGTTCAGCTA-1,10.693478,8.580273,s1d3
ATGTCTTGTTGCGGAA-1,4.6134477,16.27455,s1d3
ATGTCTTTCCGAGCTG-1,7.9101677,18.809416,s1d3
ATGTCTTTCGGCTCTT-1,12.041295,-1.2954773,s1d3
ATTACCTAGCCTGCCA-1,3.9816306,20.298008,s1d3
ATTACCTAGCGGCTCT-1,9.732444,7.6619663,s1d3
ATTACCTCAGCAGTCC-1,13.159675,6.0815697,s1d3
ATTACCTCATGACAAA-1,10.979896,7.166064,s1d3
ATTACCTCATGACGTT-1,0.3324695,2.9076836,s1d3
ATTACCTGTCACAGAG-1,10.826377,12.612179,s1d3
ATTACCTGTCTACGTA-1,1.1093863,1.5561893,s1d3
ATTACCTTCCCATTTA-1,11.673409,10.020579,s1d3
ATTACCTTCGGAATTC-1,9.086402,13.404943,s1d3
ATTACCTTCGGTCTGG-1,6.574972,19.035114,s1d3
ATTACTCAGGAGACCT-1,10.202854,-5.001401,s1d3
ATTACTCAGTAGTCCT-1,9.561506,1.8338014,s1d3
ATTACTCGTAACCCTA-1,14.370084,7.221452,s1d3
ATTACTCGTCAAGCCC-1,-3.1235642,13.590417,s1d3
ATTACTCGTGACTCTA-1,9.422537,-4.3099003,s1d3
ATTACTCGTTGGCCGT-1,9.290294,12.95932,s1d3
ATTACTCTCACGATAC-1,-4.11791,8.902084,s1d3
ATTACTCTCCATCAGA-1,9.652271,7.7934484,s1d3
ATTATCCAGTCCCAAT-1,12.785647,-3.5013058,s1d3
ATTATCCCACGCTATA-1,-3.286726,13.465304,s1d3
ATTATCCCAGACATCT-1,10.160627,8.84295,s1d3
ATTATCCCATGACCCG-1,8.742758,-3.1926906,s1d3
ATTATCCGTACAGGTG-1,10.421018,8.687554,s1d3
ATTATCCGTACGAGTG-1,2.8891194,2.6623912,s1d3
ATTATCCGTTCTCGTC-1,10.089161,6.5908566,s1d3
ATTATCCTCACTTTGT-1,11.376512,7.949872,s1d3
ATTATCCTCATAGCAC-1,0.07504034,3.9150264,s1d3
ATTATCCTCCTTATAC-1,-5.046784,10.92316,s1d3
ATTATCCTCTTAGCAG-1,4.27763,19.414026,s1d3
ATTCACTAGAGTTCGG-1,9.679914,12.6843605,s1d3
ATTCACTAGCGCTTCG-1,9.227019,6.8413706,s1d3
ATTCACTAGTTCCAGT-1,-4.7396584,10.201342,s1d3
ATTCACTGTACAGAGC-1,3.5619879,16.403301,s1d3
ATTCACTGTGCAACGA-1,11.67268,10.983932,s1d3
ATTCACTTCGGAGTAG-1,12.435855,9.542179,s1d3
ATTCACTTCGTCGGGT-1,8.568437,13.996934,s1d3
ATTCAGGCAGGGAGAG-1,11.6358595,11.153739,s1d3
ATTCAGGGTCCCTGTT-1,12.800493,6.41673,s1d3
ATTCAGGGTGAGATTA-1,10.353321,7.587243,s1d3
ATTCAGGGTTGGGATG-1,3.0499654,-0.13083927,s1d3
ATTCAGGTCGCATTGA-1,-3.8394525,9.559494,s1d3
ATTCATCAGCGACTAG-1,-2.890583,11.095137,s1d3
ATTCATCAGGTCCCTG-1,12.618392,-3.8418121,s1d3
ATTCATCAGTCAGCGA-1,-2.736992,11.025995,s1d3
ATTCATCGTACTTCCC-1,8.041996,12.203985,s1d3
ATTCATCGTAGGTTTC-1,12.48623,12.277293,s1d3
ATTCATCTCAAAGAAC-1,10.95216,-3.6793633,s1d3
ATTCATCTCGGATAAA-1,11.582735,9.158498,s1d3
ATTCATCTCTTGGTCC-1,9.072064,-3.1624722,s1d3
ATTCCATAGCCGAATG-1,10.179793,9.63248,s1d3
ATTCCATAGGTCATAA-1,9.094268,8.387067,s1d3
ATTCCATCACTCAGAT-1,11.527279,8.467396,s1d3
ATTCCATCACTGATTG-1,-1.6475854,7.281866,s1d3
ATTCCATGTATCGATC-1,10.165989,9.572979,s1d3
ATTCCATGTGTATTGC-1,9.516811,8.42294,s1d3
ATTCCATTCAGTAGGG-1,-4.6005754,6.0268593,s1d3
ATTCCATTCAGTGTTG-1,-4.9020314,10.271778,s1d3
ATTCCCGAGGATACCG-1,9.133719,-3.964897,s1d3
ATTCCCGCACCGTGCA-1,7.901415,2.5212522,s1d3
ATTCCCGCATCGGAAG-1,12.292781,6.0357223,s1d3
ATTCCCGCATGTCTAG-1,-4.297693,10.972209,s1d3
ATTCCCGGTGTCACAT-1,3.3370976,20.114817,s1d3
ATTCCCGTCCAACTAG-1,-2.8836582,11.373294,s1d3
ATTCCCGTCCACGGGT-1,7.4587035,-2.9909213,s1d3
ATTCCCGTCCGATTAG-1,10.870875,13.887759,s1d3
ATTCCCGTCGTCTCAC-1,11.978838,11.442016,s1d3
ATTCCTAAGCCTGTGC-1,-5.5503182,8.959291,s1d3
ATTCCTACAAACACGG-1,-4.222171,9.604474,s1d3
ATTCCTACAAGTATAG-1,-4.7200994,11.244602,s1d3
ATTCCTACACGCCACA-1,1.5626451,2.2027862,s1d3
ATTCCTACACTTACAG-1,12.700198,12.354364,s1d3
ATTCCTACAGCTGAGA-1,9.040309,7.3104415,s1d3
ATTCCTACATCCTAAG-1,7.6366057,11.897675,s1d3
ATTCCTAGTAGATCGG-1,11.423052,13.396357,s1d3
ATTCCTAGTTATGGTC-1,9.056244,7.826503,s1d3
ATTCCTATCAAATGCC-1,8.730282,13.916488,s1d3
ATTCGTTAGTATAGAC-1,9.619739,8.136203,s1d3
ATTCGTTCACAGCCAC-1,11.272451,11.319281,s1d3
ATTCGTTGTCTTACAG-1,-4.523933,9.192165,s1d3
ATTCGTTTCCGACATA-1,12.476731,11.858513,s1d3
ATTCGTTTCTTTCCGG-1,-4.835041,9.609537,s1d3
ATTCTACAGCCGCTTG-1,13.063899,7.306734,s1d3
ATTCTACAGCTTACGT-1,10.595068,6.917667,s1d3
ATTCTACAGGCCTTCG-1,-4.4294467,9.6771555,s1d3
ATTCTACCACGCGTCA-1,9.250479,-3.1532376,s1d3
ATTCTACGTCCAGCCA-1,9.469219,5.914538,s1d3
ATTCTACGTTATGTGC-1,10.084968,-4.4768763,s1d3
ATTCTACTCATCACAG-1,9.1233425,8.499627,s1d3
ATTCTACTCCTTCTAA-1,-3.690501,10.228966,s1d3
ATTCTACTCGTGGTAT-1,12.255507,7.8126464,s1d3
ATTCTACTCTGGTGCG-1,2.7423606,4.830278,s1d3
ATTCTTGAGGTGATCG-1,13.538314,6.1928496,s1d3
ATTCTTGCACGGCCAT-1,7.1755996,3.0297291,s1d3
ATTCTTGCATGGAACG-1,16.241043,8.715099,s1d3
ATTCTTGGTACACGCC-1,6.936156,11.498077,s1d3
ATTCTTGGTACCGGAA-1,-2.900807,11.53955,s1d3
ATTCTTGTCACTCTTA-1,2.039467,15.922112,s1d3
ATTCTTGTCAGTAGGG-1,8.804652,8.021249,s1d3
ATTCTTGTCCTGTTGC-1,2.686319,19.941673,s1d3
ATTGGGTAGAGTATAC-1,8.188451,7.374606,s1d3
ATTGGGTAGCCTGAAG-1,8.304562,8.755797,s1d3
ATTGGGTAGTTGCATC-1,11.833482,-3.8094058,s1d3
ATTGGGTCACGCGTGT-1,11.788827,10.412872,s1d3
ATTGGGTCATAACTCG-1,-4.595421,7.954486,s1d3
ATTGGGTTCCATCAGA-1,3.08154,20.16593,s1d3
ATTGGGTTCGAACGCC-1,-3.0511281,12.108587,s1d3
ATTGTTCAGCAATAGT-1,-4.9140153,10.687703,s1d3
ATTGTTCAGCCATTCA-1,8.808364,7.206427,s1d3
ATTGTTCAGGGAGATA-1,12.775725,-3.537096,s1d3
ATTGTTCAGTATGATG-1,-2.8573976,11.231844,s1d3
ATTGTTCAGTCTGTAC-1,8.635506,9.369606,s1d3
ATTGTTCTCAGCACCG-1,10.705774,8.222884,s1d3
ATTGTTCTCATGGGAG-1,-4.291152,9.916606,s1d3
ATTGTTCTCGACTCCT-1,10.28278,-4.7095966,s1d3
ATTGTTCTCGCCTAGG-1,8.129819,6.817021,s1d3
ATTTACCAGAGTTGAT-1,10.04549,5.951389,s1d3
ATTTACCAGCATCGAG-1,-4.9510207,8.932484,s1d3
ATTTACCGTAAGCAAT-1,11.50642,11.590582,s1d3
ATTTACCGTAATTGGA-1,7.586693,3.4522667,s1d3
ATTTACCGTGTGGACA-1,9.736119,6.4450793,s1d3
ATTTACCGTTAATCGC-1,10.386486,13.819982,s1d3
ATTTACCTCGGTAAGG-1,9.068474,6.0464225,s1d3
ATTTCACAGACTTAAG-1,12.820121,6.7059617,s1d3
ATTTCACAGAGTAACT-1,8.258041,8.856399,s1d3
ATTTCACAGATGCGAC-1,11.770684,11.91626,s1d3
ATTTCACCAAGTTCCA-1,1.5463393,2.963743,s1d3
ATTTCACCACGTGAGA-1,1.1224957,3.7120934,s1d3
ATTTCACGTCCTGAAT-1,2.310829,16.10983,s1d3
ATTTCACGTCGTTATG-1,8.875931,7.5642004,s1d3
ATTTCACGTGCCTGAC-1,11.649664,12.0318775,s1d3
ATTTCACTCCGTGTAA-1,8.814433,9.028177,s1d3
ATTTCACTCCTAACAG-1,12.421679,6.1660023,s1d3
ATTTCTGAGAGGTTTA-1,9.362605,6.043268,s1d3
ATTTCTGAGGTTTGAA-1,10.933226,7.9329495,s1d3
ATTTCTGCACAAATAG-1,-5.153004,9.283926,s1d3
ATTTCTGCATCCTATT-1,7.7009625,19.453672,s1d3
ATTTCTGGTAGGACCA-1,8.14333,-4.3451233,s1d3
ATTTCTGGTATTCTCT-1,12.393335,-3.4205303,s1d3
ATTTCTGGTCTTGGTA-1,13.192597,4.3170004,s1d3
ATTTCTGGTTCAAACC-1,12.477303,12.01285,s1d3
CAAAGAAAGACCAAAT-1,6.922309,11.304472,s1d3
CAAAGAAAGCCTGCCA-1,13.003523,6.06553,s1d3
CAAAGAAAGCTCCATA-1,9.801861,6.506057,s1d3
CAAAGAACACAACGAG-1,-4.4798098,11.425285,s1d3
CAAAGAACAGGGTTGA-1,10.818838,2.6594548,s1d3
CAAAGAAGTGCCCACA-1,11.145137,13.891037,s1d3
CAAAGAATCCCTGGTT-1,6.062814,11.075958,s1d3
CAAAGAATCGAAGGAC-1,-4.6049333,10.4762535,s1d3
CAACAACAGATGACAT-1,3.09872,20.056074,s1d3
CAACAACAGCCACCGT-1,3.861063,16.4499,s1d3
CAACAACAGCGTGAGT-1,13.547303,5.29751,s1d3
CAACAACAGTGAGGCT-1,9.031138,8.089129,s1d3
CAACAACGTAGTATAG-1,8.32567,13.928258,s1d3
CAACAACGTCAAGCCC-1,9.261798,-2.2378986,s1d3
CAACAACGTCTGTGAT-1,7.5537434,-2.878909,s1d3
CAACAACTCCAGTGTA-1,12.9087715,7.123513,s1d3
CAACAGTAGGAACGCT-1,11.700569,9.343824,s1d3
CAACAGTCAACGCATT-1,8.74278,3.5499902,s1d3
CAACAGTCACAGCGCT-1,-5.284384,8.752416,s1d3
CAACAGTCACTAGAGG-1,-3.681444,9.947209,s1d3
CAACAGTGTCATACCA-1,7.870475,18.556334,s1d3
CAACAGTGTCATATGC-1,10.617162,10.75899,s1d3
CAACAGTGTCCAAAGG-1-1,7.1603904,19.791733,s1d3
CAACAGTGTCGTCTCT-1,12.243189,12.754931,s1d3
CAACAGTGTTTGGGAG-1,8.965745,13.653499,s1d3
CAACAGTTCCCGAAAT-1,10.983221,8.731233,s1d3
CAACCAACACGGGCTT-1,12.450833,11.24623,s1d3
CAACCAACATAACCCA-1,15.858669,7.6862383,s1d3
CAACCAAGTACGGTTT-1,10.0052185,8.75863,s1d3
CAACCAAGTAGACGGT-1,9.798245,7.6742845,s1d3
CAACCAAGTGTCTCCT-1,9.352847,-1.5458931,s1d3
CAACCAAGTTGAAGTA-1,12.181355,6.133819,s1d3
CAACCAATCATCGTAG-1,10.456565,6.463441,s1d3
CAACCTCAGGCCTGAA-1,8.32051,-3.9602046,s1d3
CAACCTCAGGTGCATG-1,13.310543,7.1470885,s1d3
CAACCTCGTTGTTTGG-1,9.969318,16.89841,s1d3
CAACCTCTCCACCTGT-1,10.78839,7.047787,s1d3
CAACCTCTCCGTATGA-1,8.851369,6.7483034,s1d3
CAACGATAGCACCGAA-1,9.097142,13.292402,s1d3
CAACGATAGCACTTTG-1,9.13918,6.658134,s1d3
CAACGATGTAACATAG-1,10.764507,7.1079288,s1d3
CAACGATGTACTGGGA-1,14.993001,9.630199,s1d3
CAACGATGTCGGCACT-1,7.26243,11.298145,s1d3
CAACGATGTCGGTAAG-1,11.129326,10.788574,s1d3
CAACGATGTGTCCGGT-1,6.2957172,19.946823,s1d3
CAACGGCAGCGCCTTG-1,11.543635,8.321588,s1d3
CAACGGCAGGAATTAC-1,-3.499354,9.9501295,s1d3
CAACGGCAGTACCGGA-1,-1.2471753,6.794778,s1d3
CAACGGCAGTCACGAG-1,8.455255,0.32679912,s1d3
CAACGGCCAGAGAAAG-1,8.580012,6.1606994,s1d3
CAACGGCCATTATGCG-1,11.232169,8.834117,s1d3
CAACGGCGTCCTTAAG-1,12.433911,2.4053166,s1d3
CAACGGCGTCTACGAT-1,14.019365,7.807765,s1d3
CAACGGCGTCTCAAGT-1,3.9536998,17.8903,s1d3
CAACGGCGTTAAGCAA-1,3.6082082,15.437931,s1d3
CAACGGCGTTGTAAAG-1,12.381843,12.01947,s1d3
CAACGGCTCACCACAA-1,10.193355,-5.105635,s1d3
CAACGGCTCACGATCA-1,13.863047,5.9072824,s1d3
CAACGGCTCCATCTCG-1,8.137633,7.1094527,s1d3
CAACGGCTCGAGTACT-1,-4.5183153,10.944279,s1d3
CAAGACTAGACATAGT-1,10.421976,8.196884,s1d3
CAAGACTAGTAAGAGG-1,-1.2727903,7.4438887,s1d3
CAAGACTCACAAATCC-1,7.6222153,8.402986,s1d3
CAAGACTGTACACTCA-1,8.441037,9.087728,s1d3
CAAGACTGTATGGTTC-1,13.988946,6.663799,s1d3
CAAGACTGTTTGTGGT-1,10.92303,10.490564,s1d3
CAAGACTTCAGCTCTC-1,11.119186,9.558651,s1d3
CAAGACTTCTATTCGT-1,9.816053,7.997858,s1d3
CAAGACTTCTCATTGT-1,8.070549,13.59377,s1d3
CAAGAGGAGCTACTAC-1,7.719948,7.827578,s1d3
CAAGAGGCAGGCTCTG-1,9.695494,7.5665956,s1d3
CAAGAGGGTCGAAACG-1,8.772052,-4.5757046,s1d3
CAAGAGGGTTGCCATA-1,14.1217785,5.2858834,s1d3
CAAGAGGTCCGTATAG-1,2.2470329,16.045254,s1d3
CAAGCTAAGACCCGCT-1,12.292883,10.8712225,s1d3
CAAGCTACAAGTATCC-1,8.701375,6.3942466,s1d3
CAAGCTACACTACTTT-1,7.6160593,12.596745,s1d3
CAAGCTACAGCCGGTT-1,10.282005,7.7892065,s1d3
CAAGCTAGTAGCGTAG-1,-3.7384336,10.115563,s1d3
CAAGCTAGTGAATGTA-1,13.771478,5.7956486,s1d3
CAAGCTATCCTCACGT-1,8.5542145,-3.4074993,s1d3
CAAGGGAAGTCTCGTA-1,12.684337,6.6066437,s1d3
CAAGGGACAGGGACTA-1,10.213022,7.5616994,s1d3
CAAGGGAGTCGGAAAC-1,10.078439,7.9782014,s1d3
CAAGGGAGTCTCTCTG-1,6.6979203,18.906685,s1d3
CAAGGGAGTGAACGGT-1,3.25103,19.94723,s1d3
CAAGGGATCAATCTTC-1,13.576408,3.6646714,s1d3
CAAGGGATCAGGTGTT-1,7.778913,19.63601,s1d3
CAAGGGATCTGTGCGG-1,13.011406,6.1203785,s1d3
CAATACGAGAATAGTC-1,9.958672,7.5435867,s1d3
CAATACGAGACCTTTG-1,9.820031,7.466236,s1d3
CAATACGCAATTGGTC-1,-4.4964213,9.689477,s1d3
CAATACGCACGAGGAT-1,10.869777,13.453278,s1d3
CAATACGCAGCGTACC-1,-0.945873,5.154325,s1d3
CAATACGCATGACCCG-1,9.827181,6.179724,s1d3
CAATACGGTATCTTCT-1,1.6630198,1.557151,s1d3
CAATCGAAGGAAAGAC-1,10.250156,9.480557,s1d3
CAATCGAAGGTAGTCG-1,9.370084,9.885226,s1d3
CAATCGACAAGCAATA-1,9.232694,9.162091,s1d3
CAATCGACACCTGCAG-1,8.803431,17.8744,s1d3
CAATCGACAGGTATGG-1,5.8160434,11.569263,s1d3
CAATCGACAGTATTCG-1,-4.659629,9.959619,s1d3
CAATCGACATTGCTTT-1,5.7388906,18.531195,s1d3
CAATCGAGTAACCCGC-1,13.695301,5.7645597,s1d3
CAATCGAGTCCGGATC-1,9.808608,-1.1459476,s1d3
CAATCGAGTGCTATTG-1,9.580809,7.384592,s1d3
CAATCGATCACTGGTA-1,14.406149,7.442877,s1d3
CAATCGATCATGCCGG-1,15.561013,8.043622,s1d3
CAATCGATCCAGGACC-1,-3.3063235,10.429963,s1d3
CAATCGATCCGTAGTA-1,10.825003,10.878506,s1d3
CAATGACAGCGTCTGC-1,10.495962,8.535683,s1d3
CAATGACAGCTGACTT-1,8.971554,14.352618,s1d3
CAATGACAGGCAGGTT-1,9.471367,9.374929,s1d3
CAATGACAGGCCTTGC-1,-4.8417826,8.838485,s1d3
CAATGACAGTAGGAAG-1,9.745179,-1.2947704,s1d3
CAATGACAGTCGGCCT-1,-5.278008,8.601865,s1d3
CAATGACCAAATGGTA-1,6.331367,11.834833,s1d3
CAATGACCACGCTGCA-1,11.07862,7.772144,s1d3
CAATGACGTTGGGTTT-1,10.108008,7.473043,s1d3
CAATGACTCATCCCGT-1,0.42786372,5.027175,s1d3
CAATGACTCGCTACAA-1,-1.1966883,4.2795644,s1d3
CAATTTCAGAGTCTGG-1,9.163827,1.5466721,s1d3
CAATTTCAGCACCGTC-1,8.935697,6.915461,s1d3
CAATTTCAGCCTTTGA-1,8.770898,3.6479402,s1d3
CAATTTCCAAAGCGTG-1,11.77328,6.562813,s1d3
CAATTTCCATCATTTC-1,13.396239,7.0049562,s1d3
CAATTTCCATTGTGCA-1,13.205749,7.3730836,s1d3
CAATTTCGTCCAACGC-1,8.599099,13.993053,s1d3
CAATTTCGTCGGCCTA-1,3.6541262,19.271828,s1d3
CAATTTCGTTTGCAGT-1,7.009516,2.7000706,s1d3
CAATTTCTCAGGGATG-1,-4.6760044,10.128679,s1d3
CACAACAAGAAAGCGA-1,7.9237776,18.920248,s1d3
CACAACACACTTGTGA-1,6.807131,2.8092854,s1d3
CACAACAGTAACATGA-1,9.989569,6.6860824,s1d3
CACAACAGTAACGGTG-1,7.004641,11.920073,s1d3
CACAACAGTCCAGGTC-1,13.418445,6.0762877,s1d3
CACAACATCTGTAACG-1,5.493188,17.38146,s1d3
CACACAAAGAGAGAAC-1,12.295818,10.779239,s1d3
CACACAAAGCACGGAT-1,6.789626,10.846702,s1d3
CACACAAAGTATGACA-1,12.785546,6.4141865,s1d3
CACACAAAGTGTCATC-1,9.281469,7.6400933,s1d3
CACACAACACGACGTC-1,1.4396908,2.7109225,s1d3
CACACAAGTTCGAGCC-1,9.517717,6.2377324,s1d3
CACACAATCAAAGCCT-1,11.109249,7.4828424,s1d3
CACAGATAGATAGTCA-1,2.4475956,4.9684377,s1d3
CACAGATAGCCGTAAG-1,10.241792,-4.963865,s1d3
CACAGATAGGACAAGA-1,9.315148,9.119507,s1d3
CACAGATAGGTCCCTG-1,15.744049,8.048114,s1d3
CACAGATGTACGCTAT-1,9.397128,6.1220927,s1d3
CACAGATGTTTGATCG-1,13.205915,3.7705545,s1d3
CACAGATTCCAACACA-1,10.625878,7.746854,s1d3
CACAGATTCCATTTAC-1,10.5125475,12.399501,s1d3
CACAGGCAGATGAATC-1,12.940322,4.1241117,s1d3
CACAGGCAGCACCTGC-1,9.085401,13.551866,s1d3
CACAGGCAGCCTGACC-1,9.524177,6.548696,s1d3
CACAGGCAGGCCACTC-1,-1.2829525,7.7289405,s1d3
CACAGGCAGGTACTGG-1,10.565382,13.578529,s1d3
CACAGGCAGTGATGGC-1,6.4613247,1.8599987,s1d3
CACAGGCCAACCGCCA-1,11.093268,9.398162,s1d3
CACAGGCCAAGTGGCA-1,12.662434,12.017818,s1d3
CACAGGCCACTGATTG-1,6.145198,11.091543,s1d3
CACAGGCGTGGTAACG-1,12.015107,11.344589,s1d3
CACAGGCGTGTATTGC-1,4.339786,18.20918,s1d3
CACAGGCTCAGTCTTT-1,10.2886505,7.7701035,s1d3
CACAGGCTCAGTGTGT-1,14.730278,6.6175313,s1d3
CACAGGCTCCATAAGC-1,2.0502634,4.005646,s1d3
CACAGGCTCGCAGTTA-1,-1.277802,6.8664227,s1d3
CACATGAAGTCTGGAG-1,-4.784031,7.904668,s1d3
CACATGAAGTGAGGTC-1,-3.1552649,9.081726,s1d3
CACATGACACACCAGC-1,14.839366,6.38428,s1d3
CACATGACATCGAAGG-1,9.902804,8.183093,s1d3
CACATGAGTACCTTCC-1,-3.7316437,9.372643,s1d3
CACATGATCTTCCACG-1,2.3353488,15.851249,s1d3
CACCAAAAGTCCCGAC-1,2.4624183,20.199522,s1d3
CACCAAACAACCTAAC-1,0.056932792,5.002111,s1d3
CACCAAACACTTGGGC-1,-4.0531197,9.07209,s1d3
CACCAAAGTAGACACG-1,-4.4076014,11.138238,s1d3
CACCAAAGTATACCCA-1,6.6036706,11.56106,s1d3
CACCAAATCAACTACG-1,10.091494,8.150084,s1d3
CACCAAATCTTCCCAG-1,11.984122,11.92196,s1d3
CACCGTTAGAGGGCGA-1,12.954178,7.032598,s1d3
CACCGTTAGCGCAATG-1,-4.295309,8.512741,s1d3
CACCGTTAGTAGAGTT-1,-3.1731255,9.942333,s1d3
CACCGTTCAGCAGTCC-1,13.336522,8.754379,s1d3
CACCGTTGTAACTAAG-1,3.928225,16.656672,s1d3
CACCGTTGTTCGTAAC-1,5.5775547,11.436848,s1d3
CACCGTTTCGGCCAAC-1,8.458436,13.956803,s1d3
CACCGTTTCGTCGATA-1,3.246429,4.9118023,s1d3
CACCGTTTCTACGCGG-1,12.335233,10.156467,s1d3
CACGAATAGGGTCTTT-1,9.506394,9.165421,s1d3
CACGAATGTTAAAGTG-1,2.0987177,16.115833,s1d3
CACGAATTCTCGAACA-1,14.464431,5.8066206,s1d3
CACGGGTAGGGACTGT-1,7.2876353,12.033157,s1d3
CACGGGTCAAGAGATT-1,6.2684417,11.818723,s1d3
CACGGGTCAGCAGGAT-1,12.261173,6.5376787,s1d3
CACGGGTCAGTCGGAA-1,11.617811,11.74744,s1d3
CACGGGTGTAATGTGA-1,-3.885405,9.6910925,s1d3
CACGGGTGTCAAGCCC-1,-3.0381079,11.92958,s1d3
CACGGGTTCTATCGGA-1,-2.7219534,11.764677,s1d3
CACGTGGAGAAATCCA-1,-2.37133,11.376029,s1d3
CACGTGGCAAGCGCAA-1,9.978515,13.366447,s1d3
CACGTGGCACGCGTCA-1,-3.2995121,12.296269,s1d3
CACGTGGCAGAGATGC-1,1.5258111,3.4940546,s1d3
CACGTGGGTACCACGC-1,11.647751,7.177991,s1d3
CACGTGGTCTGAGAAA-1,-1.3757075,7.020029,s1d3
CACGTTCAGCATCCTA-1,8.617528,12.541186,s1d3
CACGTTCAGGCATCGA-1,3.598174,20.086481,s1d3
CACGTTCAGGTAAAGG-1,15.2998495,9.160095,s1d3
CACGTTCAGTATTAGG-1,2.7117927,5.2208652,s1d3
CACGTTCCACGTAACT-1,5.2593985,2.0969996,s1d3
CACGTTCGTGGTCTCG-1,9.179692,6.214586,s1d3
CACGTTCGTTAGAGAT-1,10.329658,7.788853,s1d3
CACGTTCTCGAGAGCA-1,11.448098,8.024985,s1d3
CACTAAGAGGATCACG-1,-4.6916423,9.498511,s1d3
CACTAAGCACTACAGT-1,10.119059,7.1195536,s1d3
CACTAAGGTAAGTTAG-1,8.66283,6.30662,s1d3
CACTAAGGTAGCACAG-1,12.320837,11.59331,s1d3
CACTAAGTCCTGTAGA-1,11.823271,9.797461,s1d3
CACTAAGTCTCTATGT-1,2.448335,15.947112,s1d3
CACTGAAAGCACTCAT-1,11.795859,8.642963,s1d3
CACTGAAAGGGAGGTG-1,10.911343,13.983909,s1d3
CACTGAAGTCCACTTC-1,13.555811,4.1059246,s1d3
CACTGAATCACCCTTG-1,9.725573,-3.7645047,s1d3
CACTGAATCTGGAAGG-1,15.541726,9.641193,s1d3
CACTGGGAGACATAGT-1,10.643327,-4.151501,s1d3
CACTGGGAGTAGGATT-1,9.583167,9.144532,s1d3
CACTGGGCAAGCCATT-1,12.539607,6.834361,s1d3
CACTGGGGTCGTCTCT-1,9.5626745,9.111048,s1d3
CACTGGGGTGCAATAA-1,3.2870066,19.927706,s1d3
CACTGGGGTTATAGAG-1,9.185417,6.689778,s1d3
CACTGGGTCGAATGCT-1,11.310447,11.847459,s1d3
CACTGTCAGATTGCGG-1,8.043372,6.9590464,s1d3
CACTGTCAGATTTGCC-1,9.465171,6.158895,s1d3
CACTGTCAGCATGCAG-1,9.471924,1.450949,s1d3
CACTGTCAGGAGTCTG-1,3.39031,16.161482,s1d3
CACTGTCCAGCATCTA-1,9.732315,6.4569325,s1d3
CACTGTCCAGTCAGTT-1,3.903643,20.08757,s1d3
CACTGTCCATAATGCC-1,14.600541,5.9208317,s1d3
CACTGTCGTTCCTAAG-1,6.1415453,10.621647,s1d3
CACTGTCGTTGCTAGT-1,10.490977,8.351876,s1d3
CACTGTCTCGGCTGTG-1,11.851396,10.511375,s1d3
CACTTCGAGATCGACG-1,13.349903,5.7527647,s1d3
CACTTCGAGGCGAAGG-1,-3.6868377,9.183614,s1d3
CACTTCGAGTATGCAA-1,-2.9177601,12.058337,s1d3
CACTTCGCAAAGGAGA-1,8.183322,6.541419,s1d3
CACTTCGCAACATACC-1,16.201605,8.583902,s1d3
CACTTCGCATAGCACT-1,2.4822798,15.991517,s1d3
CACTTCGGTCTCGACG-1,8.531921,-4.7292304,s1d3
CACTTCGTCGCTTGCT-1,12.579301,11.744392,s1d3
CAGAGCCAGCTGTTAC-1,-4.748825,10.957865,s1d3
CAGAGCCAGGTGGTTG-1,2.5331967,17.724983,s1d3
CAGAGCCCATCAGCTA-1,15.879526,7.4276876,s1d3
CAGAGCCGTACAAGCG-1,13.4266405,6.6280565,s1d3
CAGAGCCGTGCATACT-1,8.710902,8.117456,s1d3
CAGAGCCTCTAGTGAC-1,-3.4161859,11.940928,s1d3
CAGAGCCTCTATTTCG-1,2.0398774,2.524251,s1d3
CAGATACAGAGAACCC-1,10.448097,7.522779,s1d3
CAGATACCACCAGTTA-1,6.606637,11.450585,s1d3
CAGATACGTCATAGTC-1,-4.0855856,8.218876,s1d3
CAGATACGTGTCTTAG-1,6.8962483,11.645156,s1d3
CAGATACGTTGGGTAG-1,-2.6610434,9.908909,s1d3
CAGATACTCACAGTGT-1,13.3230915,3.7773738,s1d3
CAGATACTCGTCGGGT-1,11.791212,1.453564,s1d3
CAGATCAAGACAGTCG-1,2.6577952,5.179298,s1d3
CAGATCAAGCCTGAGA-1,9.23057,-1.0590559,s1d3
CAGATCAGTACAAGTA-1,11.100604,13.36602,s1d3
CAGATCAGTCAACATC-1,9.7404585,6.831629,s1d3
CAGATCATCATTATCC-1,-3.3911424,13.456762,s1d3
CAGATCATCCCATGGG-1,2.4806669,16.193508,s1d3
CAGATTGAGAAACTAC-1,2.213535,4.904355,s1d3
CAGATTGAGCTGAGTG-1,10.475036,-3.9941382,s1d3
CAGATTGAGTTGCTCA-1,4.6766095,17.127285,s1d3
CAGATTGGTAACTGCT-1,2.4670374,20.134518,s1d3
CAGATTGGTAGCGCTC-1,8.372754,6.963903,s1d3
CAGATTGGTCCGCAGT-1,9.728494,6.5800247,s1d3
CAGATTGGTCGTATGT-1,11.013922,13.756484,s1d3
CAGATTGGTTAGCTAC-1,8.409086,6.5600476,s1d3
CAGATTGTCACACCCT-1,-4.6940784,7.1930113,s1d3
CAGATTGTCAGCTTGA-1,12.411945,10.077224,s1d3
CAGATTGTCCACAGGC-1,8.683934,7.04131,s1d3
CAGATTGTCTGTCCCA-1,3.2641706,19.694088,s1d3
CAGCAATAGCATTGAA-1,10.609511,7.822985,s1d3
CAGCAATAGCTCATAC-1,11.061628,11.954646,s1d3
CAGCAATTCGCTCTCA-1,10.939624,7.847444,s1d3
CAGCACGAGACGGAAA-1,9.910885,-1.2870182,s1d3
CAGCACGAGTAAGGGA-1,12.546427,6.570597,s1d3
CAGCACGCACTAGGCC-1,8.679416,13.95923,s1d3
CAGCACGCATATAGCC-1,2.199241,15.70545,s1d3
CAGCACGGTAGGACCA-1,8.836494,6.939482,s1d3
CAGCACGGTAGGATAT-1,-4.3804836,7.649688,s1d3
CAGCACGGTAGGCTCC-1,-5.2906346,8.913122,s1d3
CAGCACGGTGACTATC-1,6.65662,11.195913,s1d3
CAGCACGGTGTCTTAG-1,10.136587,7.868585,s1d3
CAGCACGGTTAGAGTA-1,8.859615,2.4541504,s1d3
CAGCACGTCTCCCAAC-1,11.746918,11.289425,s1d3
CAGCAGCAGTAGGGTC-1,6.7738194,2.8003814,s1d3
CAGCAGCAGTATGCAA-1,9.643171,7.3639183,s1d3
CAGCAGCAGTCCCAGC-1,9.664588,12.862255,s1d3
CAGCAGCCAATAGGGC-1,12.860691,12.118098,s1d3
CAGCAGCGTATCGAGG-1,-3.929225,8.5553665,s1d3
CAGCAGCGTCTTTATC-1,9.346672,7.9999557,s1d3
CAGCAGCGTGGCTAGA-1,-3.768264,10.940765,s1d3
CAGCAGCGTTGACTGT-1,-3.8706224,9.665346,s1d3
CAGCAGCGTTGTCAGT-1,2.9556682,2.695369,s1d3
CAGCAGCTCCGTAATG-1,13.144648,7.531491,s1d3
CAGCCAGCAGTCGCTG-1,9.25174,8.354002,s1d3
CAGCCAGGTGCTAGCC-1,-4.7197933,9.1176815,s1d3
CAGCCAGGTGGCGTAA-1,-5.3790855,9.758765,s1d3
CAGCGTGAGGCCATAG-1,10.22588,8.3271,s1d3
CAGCGTGCATGAGGGT-1,9.455483,7.940291,s1d3
CAGCGTGGTGCGACAA-1,3.9335515,18.217285,s1d3
CAGCGTGTCTACTTCA-1,9.920339,7.748538,s1d3
CAGGCCAAGTCTGTAC-1,14.809631,6.518449,s1d3
CAGGCCAAGTGCCAGA-1,9.443283,5.87796,s1d3
CAGGCCAAGTTGCCCG-1,9.213077,6.643689,s1d3
CAGGCCACATTCGGGC-1,11.128118,10.028468,s1d3
CAGGCCAGTAGGAAAG-1,9.551933,6.247393,s1d3
CAGGCCAGTGCATCTA-1,-4.767708,9.518618,s1d3
CAGGCCAGTTCAGCGC-1,10.863909,8.655412,s1d3
CAGGCCATCAAGCCAT-1,11.237353,14.159222,s1d3
CAGGCCATCAGCTCTC-1,-4.518388,7.636319,s1d3
CAGGCCATCGGCTGAC-1,-2.9950645,12.272257,s1d3
CAGGCCATCTGCAGCG-1,6.9765744,2.8347406,s1d3
CAGGCCATCTTGAGCA-1,12.828383,12.029011,s1d3
CAGGGCTAGAGAGCAA-1,0.4499012,2.9547372,s1d3
CAGGGCTAGAGTCGAC-1,10.187471,-4.46308,s1d3
CAGGGCTCAAGAAATC-1,8.36456,8.679863,s1d3
CAGGGCTCAGCGTTGC-1,-2.6540408,10.3260975,s1d3
CAGGGCTGTATTGGCT-1,2.1903656,15.714685,s1d3
CAGGGCTGTCACTCAA-1,15.441532,7.691533,s1d3
CAGGGCTTCACGGTCG-1,10.645646,13.119918,s1d3
CAGGGCTTCGACATCA-1,7.870954,19.173914,s1d3
CAGGGCTTCGCATGAT-1,14.086507,8.0384,s1d3
CAGGTATAGACCATAA-1,-5.275623,10.496317,s1d3
CAGGTATAGCAGATAT-1,8.863367,7.9977016,s1d3
CAGGTATAGCTCATAC-1,8.770478,6.3028326,s1d3
CAGGTATAGTTGCCTA-1,10.300627,9.071905,s1d3
CAGGTATCAACTACGT-1,10.074144,0.009221252,s1d3
CAGGTATCACGAGGTA-1,3.6158788,18.676044,s1d3
CAGGTATGTAAGTCAA-1,-0.48336148,7.2065125,s1d3
CAGGTATGTCCTACAA-1,11.235677,17.254673,s1d3
CAGGTATGTTGGGCCT-1,-3.4083958,11.775956,s1d3
CAGGTATTCGGAGTAG-1,10.440789,7.259391,s1d3
CAGGTATTCGTAGCCG-1,6.1588182,11.165437,s1d3
CAGTGCGAGAATCGCG-1,10.680023,-3.8838544,s1d3
CAGTGCGAGCAACTTC-1,10.527431,6.5426154,s1d3
CAGTGCGAGGCTTCCG-1,9.665232,8.767542,s1d3
CAGTGCGCACAGCCTG-1,9.001349,1.2768687,s1d3
CAGTGCGCAGACCTAT-1,9.382585,6.6258836,s1d3
CAGTGCGGTAGGACCA-1,9.895474,7.5465894,s1d3
CAGTGCGGTAGTCGGA-1,9.2680855,7.778589,s1d3
CAGTGCGGTGGGCTCT-1,8.540208,-5.699336,s1d3
CAGTGCGGTTTACGTG-1,-3.9630954,10.754442,s1d3
CAGTGCGGTTTAGAGA-1,2.3036103,4.8337274,s1d3
CAGTGCGTCGAGCACC-1,12.161427,11.794388,s1d3
CAGTGCGTCGCTACGG-1,8.569561,8.60945,s1d3
CAGTGCGTCTGAATGC-1,3.4118886,4.157748,s1d3
CAGTTAGAGTCACACT-1,6.284165,19.77745,s1d3
CAGTTAGCAAATGCGG-1,14.831296,6.9643273,s1d3
CAGTTAGGTACGATTC-1,8.287558,6.8669105,s1d3
CAGTTAGGTAGAGATT-1,11.669272,11.899533,s1d3
CAGTTAGGTGGCTGCT-1,6.3145013,19.539127,s1d3
CAGTTAGGTGGGACAT-1,4.219691,18.090008,s1d3
CAGTTAGGTTCGTTCC-1,8.16982,13.613803,s1d3
CAGTTAGTCAGAGTGG-1,14.985872,6.1626124,s1d3
CAGTTAGTCATTACGG-1,11.094806,9.473665,s1d3
CAGTTAGTCTCCTGAC-1,9.643349,8.37891,s1d3
CAGTTCCAGATCCCGC-1,6.25639,11.560999,s1d3
CAGTTCCAGCGCCTTG-1,0.52914226,2.527807,s1d3
CAGTTCCAGGCGTTGA-1,13.637293,8.524039,s1d3
CAGTTCCCACAAGGTG-1,14.256784,6.502242,s1d3
CAGTTCCCAGCGTTTA-1,8.433324,13.541331,s1d3
CAGTTCCGTCAGGTAG-1,-2.5708616,11.63831,s1d3
CAGTTCCGTTCAAAGA-1,0.2086058,4.988668,s1d3
CAGTTCCTCCACGAAT-1,3.7052839,20.40854,s1d3
CAGTTCCTCTAGAACC-1,7.8272896,8.522781,s1d3
CATAAGCAGCTACGTT-1,12.46989,12.441937,s1d3
CATAAGCAGGGACCAT-1,12.261302,10.370457,s1d3
CATAAGCCACGCCAGT-1,15.569998,7.4712687,s1d3
CATAAGCCAGTCTTCC-1,1.8744142,1.502553,s1d3
CATAAGCCATCCTTCG-1,14.924635,6.499998,s1d3
CATAAGCGTGTACGCC-1,8.605319,7.437808,s1d3
CATAAGCGTTCTCTCG-1,9.6332245,-1.4914961,s1d3
CATAAGCTCGGTCGGT-1,-4.0188856,11.752699,s1d3
CATACAGAGAATCGCG-1,10.86692,3.5481436,s1d3
CATACAGAGTCGCTAT-1,-2.7221045,11.745136,s1d3
CATACAGAGTTAACAG-1,4.4416127,2.5405703,s1d3
CATACAGAGTTGAAGT-1,12.325604,6.7817783,s1d3
CATACAGCACAAATCC-1,14.770605,5.2853584,s1d3
CATACAGCACTGCACG-1,3.212598,5.1840534,s1d3
CATACAGCATAGAAAC-1,-0.28086677,6.3904037,s1d3
CATACAGCATTCCTCG-1,8.044087,18.779457,s1d3
CATACAGGTATCGCGC-1,8.969812,1.5326273,s1d3
CATACAGGTTTCAGAC-1,11.109964,7.528131,s1d3
CATACAGGTTTGCCGG-1,-3.2874532,11.847247,s1d3
CATACAGTCCACTGGG-1,-4.729748,9.00804,s1d3
CATACAGTCCTACTGC-1,-4.545672,10.273539,s1d3
CATACAGTCGGTAAGG-1,9.483727,-1.2583386,s1d3
CATACAGTCGTGGTAT-1,10.7927685,7.4625773,s1d3
CATACCCAGACCTCCG-1,12.178505,12.207741,s1d3
CATACCCAGGCTCCCA-1,-3.8013048,10.786976,s1d3
CATACCCAGGGAGGGT-1,9.499519,6.8678894,s1d3
CATACCCAGGTCTACT-1,11.849387,11.052724,s1d3
CATACCCCAATGCAAA-1,10.644291,-4.7141604,s1d3
CATACCCCATACAGAA-1,11.227184,6.9076886,s1d3
CATACCCCATCGGAAG-1,11.042025,14.065041,s1d3
CATACCCTCCAGCTCT-1,11.339275,8.344086,s1d3
CATACTTAGGTCGTGA-1,8.4158745,7.3818054,s1d3
CATACTTCAGCAGATG-1,11.6612835,8.2357435,s1d3
CATACTTCATCGGATT-1,11.829959,10.501392,s1d3
CATACTTGTTAAGAAC-1,8.666664,6.892392,s1d3
CATACTTTCCCGTGTT-1,8.73247,1.712935,s1d3
CATAGACAGCGTTGTT-1,13.28567,4.9309716,s1d3
CATAGACAGGAGAGGC-1,9.189956,-3.6398687,s1d3
CATAGACAGTCTGGTT-1,12.393378,6.790118,s1d3
CATAGACAGTGATCGG-1,8.58446,13.336678,s1d3
CATAGACCACCTGCTT-1,10.455507,6.587216,s1d3
CATAGACCACTGGATT-1,14.856653,6.6100845,s1d3
CATAGACGTACAGTCT-1,10.6006975,7.8073974,s1d3
CATAGACTCGCAGTGC-1,8.637638,13.276601,s1d3
CATCAAGAGAACCGCA-1,2.3259947,17.070473,s1d3
CATCAAGAGCACTGGA-1,12.302224,12.3302555,s1d3
CATCAAGCAGCTGTAT-1,8.914127,6.3582706,s1d3
CATCAAGGTAGCTGCC-1,4.1762543,19.139782,s1d3
CATCAAGGTAGTGTGG-1,11.545876,8.718511,s1d3
CATCAAGGTATGCTTG-1,-4.8662496,8.820696,s1d3
CATCAAGGTTCGAAGG-1,8.118518,7.2064137,s1d3
CATCCACAGTTGCCCG-1,10.990546,7.561646,s1d3
CATCCACAGTTGTCGT-1,-4.3886156,9.543322,s1d3
CATCCACCACACCTTC-1,11.682749,12.235977,s1d3
CATCCACCACGGTCTG-1,10.714974,7.4919405,s1d3
CATCCACCAGCGCTTG-1,9.784342,8.779932,s1d3
CATCCACGTAGAGGAA-1,11.771318,9.72267,s1d3
CATCCACGTAGCTCGC-1,9.708573,0.3076754,s1d3
CATCCACGTCTACGAT-1,4.1767607,20.761034,s1d3
CATCCACGTCTCACGG-1,9.307748,6.4758954,s1d3
CATCCCAAGAATACAC-1,13.655522,7.7332673,s1d3
CATCCCATCCAACTGA-1,-4.426241,11.128124,s1d3
CATCCGTAGACAGCGT-1,8.803338,5.856727,s1d3
CATCCGTCACAAGTTC-1,-4.193012,11.232817,s1d3
CATCCGTCACTCCACT-1,12.100858,10.148185,s1d3
CATCCGTCAGTTCTAG-1,10.732342,7.7353225,s1d3
CATCCGTGTATCGCGC-1,11.158531,8.750831,s1d3
CATCCGTGTGCAATGG-1,9.056274,6.08525,s1d3
CATCCGTGTTGGTGTT-1,14.636916,6.182248,s1d3
CATCCGTTCAGTCATG-1,8.795422,7.050442,s1d3
CATCCGTTCCACTGGG-1,-0.49146166,6.8176107,s1d3
CATCCGTTCGAGCCTG-1,9.921074,8.057818,s1d3
CATCGCTAGATGTTGA-1,2.4654987,15.722309,s1d3
CATCGCTCAAGGTCTT-1,10.358802,8.520444,s1d3
CATCGCTGTATCGTGT-1,10.940351,10.309711,s1d3
CATCGCTTCCATCAGA-1,-3.6247041,10.273993,s1d3
CATCGCTTCCATTGTT-1,8.685507,13.684863,s1d3
CATCGCTTCCCGTAAA-1,12.4946375,5.715976,s1d3
CATCGCTTCCGCCTAT-1,11.625097,8.990721,s1d3
CATCGCTTCCGGTTCT-1,5.601218,18.481602,s1d3
CATCGCTTCCTCACTG-1,14.39616,8.670782,s1d3
CATCGCTTCTAACGGT-1,8.013977,19.465616,s1d3
CATCGCTTCTTTACAC-1,1.917134,3.4706044,s1d3
CATCGGGAGGAGTATT-1,11.272816,11.386497,s1d3
CATCGGGAGGTCATCT-1,7.587441,8.388651,s1d3
CATCGGGAGGTTGGAC-1,8.585617,11.839336,s1d3
CATCGGGCAAGCAATA-1,12.741197,6.871602,s1d3
CATCGGGCACCGTCTT-1,14.448605,7.531324,s1d3
CATCGGGCATTGTCGA-1,9.682362,-4.0171723,s1d3
CATCGGGGTCGCAACC-1,-4.817935,9.565151,s1d3
CATCGGGGTGGTTTAC-1,2.2859905,16.098566,s1d3
CATCGGGGTTGGCCGT-1,-5.187877,9.013961,s1d3
CATCGGGTCCCTTGGT-1,6.455186,20.768341,s1d3
CATCGGGTCGACCCAG-1,7.284392,-2.5856133,s1d3
CATCGGGTCTCTATAC-1,-5.09293,9.508311,s1d3
CATCGTCAGCCGTCGT-1,3.3171337,20.613338,s1d3
CATCGTCAGCTGCCAC-1,8.29967,8.838891,s1d3
CATCGTCAGGATCACG-1,6.0061703,17.778988,s1d3
CATCGTCAGTTCTCTT-1,10.571923,8.921673,s1d3
CATCGTCCAACAGAGC-1,2.4809275,15.7565155,s1d3
CATCGTCCAGACTGCC-1,12.390124,9.768176,s1d3
CATCGTCGTCGAGCAA-1,-2.8029938,10.569365,s1d3
CATCGTCGTTGTGGAG-1,15.197798,8.216983,s1d3
CATCGTCTCACAGAGG-1,13.419869,7.056962,s1d3
CATCGTCTCAGCTCTC-1,9.158209,5.988724,s1d3
CATCGTCTCGGAAACG-1,3.1797903,19.858263,s1d3
CATCGTCTCTGTGCGG-1,3.721081,15.793861,s1d3
CATCGTCTCTTGAACG-1,-4.167563,9.409582,s1d3
CATGAGTAGAAGCGAA-1,-1.4728973,6.8676195,s1d3
CATGAGTAGCCTCTTC-1,8.643958,-5.848184,s1d3
CATGAGTGTTCCATTT-1,12.454182,11.692513,s1d3
CATGAGTGTTCTCCAC-1,14.129551,5.2044516,s1d3
CATGAGTTCAAGCTGT-1,-0.54219437,6.976113,s1d3
CATGAGTTCAGCAGAG-1,-0.8656581,3.8661976,s1d3
CATGAGTTCAGGTGTT-1,8.105237,7.3738546,s1d3
CATGAGTTCCGCGGAT-1,3.0321171,19.883133,s1d3
CATGCAAAGATACAGT-1,9.995253,12.645512,s1d3
CATGCAACAAGCGCAA-1,10.892825,7.177149,s1d3
CATGCAACATGATGCT-1,-3.4387615,13.535432,s1d3
CATGCAAGTAATGCTC-1,12.252932,11.683463,s1d3
CATGCAAGTCAACCAT-1,-4.908935,8.187466,s1d3
CATGCAAGTCGCCTAG-1,-0.8106656,5.809191,s1d3
CATGCAAGTTCGATTG-1,-4.327989,9.061693,s1d3
CATGCCTAGTAAGAGG-1,8.195041,13.483462,s1d3
CATGCCTCAAAGGCGT-1,8.619627,6.442715,s1d3
CATGCCTCAACTCATG-1,13.4965725,5.968673,s1d3
CATGCCTCAATCCTTT-1,9.84772,6.193256,s1d3
CATGCCTCACAAATAG-1,14.017319,4.012111,s1d3
CATGCCTCATGTCGTA-1,7.747112,3.1880603,s1d3
CATGCCTGTATGGAAT-1,-0.89884114,4.0018306,s1d3
CATGCCTGTGGTAATA-1,-4.723349,7.8810954,s1d3
CATGCCTGTTTACGAC-1,8.099659,2.1420135,s1d3
CATGCCTTCACTGGGC-1,8.479947,6.520864,s1d3
CATGCCTTCACTTATC-1,13.016954,8.81956,s1d3
CATGCCTTCCGACATA-1,5.744298,2.0789433,s1d3
CATGCGGAGCGTGCTC-1,-3.6753201,9.808115,s1d3
CATGCGGGTTACTCAG-1,-1.788594,4.813496,s1d3
CATGCGGTCCGCATAA-1,8.540095,13.68922,s1d3
CATGCGGTCCTGTAAG-1,11.814457,11.506171,s1d3
CATGCGGTCGTGCAGC-1,9.684949,9.970001,s1d3
CATGCTCAGGCTAACG-1,-2.9064388,12.527715,s1d3
CATGCTCTCACCATAG-1,3.087016,17.51491,s1d3
CATGCTCTCCAGCACG-1,6.769016,20.535667,s1d3
CATGCTCTCCGCGGAT-1,10.600093,-4.894343,s1d3
CATGCTCTCGGAAACG-1,9.319837,1.6279616,s1d3
CATGCTCTCTATCGGA-1,9.138831,12.870217,s1d3
CATGGATAGGCCGCTT-1,12.141944,9.257264,s1d3
CATGGATCAAGTACCT-1,6.8242793,18.602467,s1d3
CATGGATCACGCTGAC-1,10.56835,14.245583,s1d3
CATGGATGTAACCCGC-1,4.624701,19.324783,s1d3
CATGGATTCAAATGCC-1,-1.3056792,7.4535604,s1d3
CATGGATTCCCAAGTA-1,8.38543,1.368465,s1d3
CATGGATTCCGGACGT-1,3.2455764,19.467506,s1d3
CATGGTAAGCATGAAT-1,-1.2574171,8.057453,s1d3
CATGGTAAGGCTAACG-1,12.88548,-3.707278,s1d3
CATGGTAAGTCATCGT-1,13.239032,5.0393786,s1d3
CATGGTACAGCGAACA-1,12.309715,0.9787092,s1d3
CATGGTAGTCGTTGGC-1,-3.7369406,9.370171,s1d3
CATGGTAGTGTATACC-1,6.2815337,17.618116,s1d3
CATGGTATCATGGTAC-1,12.318929,6.449554,s1d3
CATGGTATCGAGTCTA-1,8.940553,-3.8445697,s1d3
CATGGTATCGGTCACG-1,-3.4029512,13.415008,s1d3
CATTCATAGAGGTTTA-1,14.493096,5.7926526,s1d3
CATTCATAGCCGAACA-1,8.00802,19.571896,s1d3
CATTCATAGTTACTCG-1,8.432755,12.807854,s1d3
CATTCATCACATTGTG-1,10.046385,6.351762,s1d3
CATTCATGTCGAGCAA-1,8.232763,6.597163,s1d3
CATTCATGTTCAAGGG-1,-4.458414,10.303251,s1d3
CATTCATTCTATCACT-1,-1.7660426,5.656717,s1d3
CATTCATTCTCGGCTT-1,10.772794,12.769647,s1d3
CATTCCGAGATGAAGG-1,10.51149,-3.422632,s1d3
CATTCCGAGCAGCCCT-1,4.038596,16.74316,s1d3
CATTCCGAGGCGCTTC-1,2.1668808,1.5939673,s1d3
CATTCCGAGTAACGTA-1,11.961411,11.140228,s1d3
CATTCCGAGTCAATCC-1,8.863823,13.992857,s1d3
CATTCCGCAACCTAAC-1,3.688756,15.666731,s1d3
CATTCCGCAAGTATCC-1,13.707433,5.853047,s1d3
CATTCCGCAATCTCGA-1,9.595875,6.018332,s1d3
CATTCCGCAATCTGCA-1,7.8321996,-2.3124719,s1d3
CATTCCGCACCATTCC-1,3.0810864,20.631012,s1d3
CATTCCGCACGCTGAC-1,8.926272,13.893208,s1d3
CATTCCGCAGCTTTCC-1,8.450352,6.520804,s1d3
CATTCCGCATGGAACG-1,-1.3829031,7.268819,s1d3
CATTCCGGTCAAAGTA-1,8.684856,13.902139,s1d3
CATTCCGTCTCTAGGA-1,8.114742,19.397587,s1d3
CATTCTAAGAATCTAG-1,10.184226,8.907713,s1d3
CATTCTAAGTACAGAT-1,5.4910913,17.430954,s1d3
CATTCTACAGCAGTAG-1,5.6458693,10.984572,s1d3
CATTCTAGTCCAATCA-1,10.156483,13.219316,s1d3
CATTCTAGTTCGGTTA-1,9.598047,8.071139,s1d3
CATTCTATCAGCCTCT-1-1,11.386882,17.593859,s1d3
CATTCTATCCTAAGTG-1,10.093554,9.140983,s1d3
CATTCTATCGCTAATG-1,3.2629051,19.853933,s1d3
CATTCTATCTGAATCG-1,8.791065,1.4071864,s1d3
CATTCTATCTGGTGGC-1,3.6957736,20.261234,s1d3
CATTGAGAGCCGTTAT-1,3.0182252,17.237284,s1d3
CATTGAGCATATAGCC-1,7.7303157,19.44454,s1d3
CATTGAGGTGAGTTTC-1,9.790573,9.503662,s1d3
CATTGAGGTTGCAACT-1,11.42804,9.303777,s1d3
CATTGAGTCACCCTCA-1,9.514497,13.341563,s1d3
CATTGAGTCCGAAGGA-1,9.7449,7.8569336,s1d3
CATTGCCCAAACACGG-1,-1.7984754,4.7648935,s1d3
CATTGCCCAGCCTTCT-1,2.8811944,15.777981,s1d3
CATTGCCCATCCGGTG-1,-1.3695053,7.2899904,s1d3
CATTGCCGTTGTCCCT-1,-2.639665,11.088166,s1d3
CATTGCCTCAACGAGG-1,9.825187,7.410939,s1d3
CATTGCCTCAGTGTCA-1,3.4608388,19.139853,s1d3
CATTGCCTCCTGGGAC-1,10.001059,8.234352,s1d3
CATTGCCTCGGAAACG-1,8.310031,13.9557,s1d3
CATTGCCTCTCAGAAC-1,10.629557,-3.5447803,s1d3
CATTGTTAGCCTGCCA-1,3.426866,19.246536,s1d3
CATTGTTCACACGTGC-1,8.530541,14.083895,s1d3
CATTGTTGTGGCTAGA-1,-4.3493967,9.078937,s1d3
CATTGTTGTTGGTAGG-1,8.094896,19.60731,s1d3
CATTGTTTCCAGCCTT-1,13.615154,3.292544,s1d3
CATTGTTTCCCTCTAG-1,-2.691158,11.183455,s1d3
CATTGTTTCGTCGATA-1,8.500793,6.553858,s1d3
CATTGTTTCTAGACAC-1,14.302507,4.758439,s1d3
CATTTCAAGCCTGCCA-1,8.59059,6.693162,s1d3
CATTTCACATAGACTC-1,12.590395,6.843824,s1d3
CATTTCACATGACGTT-1,7.5174484,11.833474,s1d3
CATTTCACATGAGTAA-1,3.2781606,20.037916,s1d3
CATTTCAGTAAGATTG-1,8.787302,6.450719,s1d3
CATTTCAGTTGCATAC-1,15.796036,7.6845436,s1d3
CATTTCATCAAGAATG-1,-4.5956903,7.7485003,s1d3
CATTTCATCGTTCGCT-1,9.89309,8.224596,s1d3
CCAAGCGAGAATTGCA-1,3.5255775,5.1046815,s1d3
CCAAGCGCAAGACTGG-1,-2.2222672,10.816534,s1d3
CCAAGCGCAGGGTCTC-1,0.2499421,4.5507646,s1d3
CCAAGCGGTGCTGATT-1,-3.083087,10.556701,s1d3
CCAAGCGGTTGTCAGT-1,-0.79858875,5.539622,s1d3
CCAAGCGTCATCACCC-1,8.249276,13.755325,s1d3
CCAAGCGTCTTCGATT-1,11.90801,10.594026,s1d3
CCAATGAAGACGCAGT-1,9.535763,6.722125,s1d3
CCAATGACAAAGAGTT-1,3.3384902,1.9426149,s1d3
CCAATGACACGCTGAC-1,3.8981848,19.62833,s1d3
CCAATGACATTGTCGA-1,-5.1690507,10.090337,s1d3
CCAATGAGTAACACCT-1,-2.773563,10.245662,s1d3
CCAATGAGTAGCTGTT-1,7.927115,-1.3680662,s1d3
CCAATGAGTAGGATAT-1,9.259084,8.345344,s1d3
CCAATGAGTCTGTGCG-1,2.2183583,5.1625376,s1d3
CCAATGAGTGAGATCG-1,8.909789,8.857765,s1d3
CCAATGATCAGAGTGG-1,6.188689,12.005681,s1d3
CCAATTTAGATACATG-1,13.99272,3.4378977,s1d3
CCAATTTAGGGCCAAT-1,2.8162851,4.268053,s1d3
CCAATTTAGTAAATGC-1,12.727315,7.4694476,s1d3
CCAATTTAGTTGGCGA-1,9.5499115,7.3044667,s1d3
CCAATTTCAAGCGCTC-1,16.367258,8.045651,s1d3
CCAATTTGTCAACATC-1,15.75937,9.736997,s1d3
CCAATTTGTGGCCCAT-1,-3.5108576,10.125874,s1d3
CCAATTTGTGGTCAAG-1,2.8508785,19.421787,s1d3
CCAATTTGTTGCAAGG-1,9.565904,3.4453127,s1d3
CCAATTTTCTCCGTGT-1,7.4981995,11.37132,s1d3
CCACAAAAGCTTTCTT-1,9.038952,8.718148,s1d3
CCACAAAAGGCTCTAT-1,2.0629497,15.828017,s1d3
CCACAAAAGGGATGTC-1,14.933423,8.077416,s1d3
CCACAAACAAACTAGA-1,12.82809,7.5090404,s1d3
CCACAAACAATCGCGC-1,14.651464,5.393846,s1d3
CCACAAACAGATGCGA-1,9.798595,7.918105,s1d3
CCACAAATCCAAGCTA-1,-3.6329575,8.519604,s1d3
CCACAAATCCGTCCTA-1,2.265014,16.006723,s1d3
CCACAAATCTGCTAGA-1,12.628833,12.277335,s1d3
CCACACTAGAAGCGAA-1,7.878483,12.104672,s1d3
CCACACTAGACCATGG-1,3.8042617,19.23027,s1d3
CCACACTAGAGATGCC-1,-2.8398368,10.534214,s1d3
CCACACTAGTGCGCTC-1,11.951975,9.640031,s1d3
CCACACTCAAATGGAT-1,8.71565,7.2022476,s1d3
CCACACTGTTCTTGCC-1,11.383472,9.671212,s1d3
CCACACTTCACACGAT-1,-4.9379854,9.803505,s1d3
CCACACTTCGGAATGG-1,15.340693,9.301747,s1d3
CCACCATAGGCAGGGA-1,12.498392,11.479073,s1d3
CCACCATAGTTCCGTA-1,10.806343,13.140578,s1d3
CCACCATGTACTGGGA-1,3.6522777,5.164387,s1d3
CCACCATGTAGGGAGG-1,10.601353,2.632694,s1d3
CCACCATGTATCAAGA-1,-5.4012556,10.10789,s1d3
CCACCATTCGGCCAAC-1,8.789184,14.252368,s1d3
CCACCATTCGTTAGTG-1,13.662824,3.3738704,s1d3
CCACGAGAGCTGAAAT-1,5.6964426,11.641037,s1d3
CCACGAGAGGCATCTT-1,12.050892,6.341655,s1d3
CCACGAGAGTCATCCA-1,1.8899974,3.7036583,s1d3
CCACGAGAGTGGTGAC-1,10.675198,13.824838,s1d3
CCACGAGCAAGCTGCC-1,8.097416,8.543196,s1d3
CCACGAGCACTTCTCG-1,1.169536,3.380028,s1d3
CCACGAGCAGGAATAT-1,2.5931416,20.095245,s1d3
CCACGAGCATACAGCT-1,3.6767068,19.677557,s1d3
CCACGAGGTAATACCC-1,7.912643,8.0267105,s1d3
CCACGAGGTGACTGAG-1,5.642021,10.9340725,s1d3
CCACGAGGTTCCGCGA-1,9.074422,1.5761559,s1d3
CCACGAGTCCACCTCA-1,13.424258,6.4933424,s1d3
CCACGAGTCGTCGACG-1,10.683048,7.62991,s1d3
CCACGTTAGAGGCGTT-1,-0.19220449,5.0576534,s1d3
CCACGTTCAATGCTCA-1,11.609181,6.7389355,s1d3
CCACGTTCACCCAACG-1,12.265754,9.767702,s1d3
CCACGTTCATCGTGGC-1,3.2444968,19.548004,s1d3
CCACGTTGTACAACGG-1,11.016886,17.308027,s1d3
CCACGTTGTATTCCGA-1,6.492566,3.2216313,s1d3
CCACGTTTCTTAGCCC-1,8.451297,8.461202,s1d3
CCACTTGAGCCTCACG-1,10.618383,8.178678,s1d3
CCACTTGAGTCTACCA-1,3.5829964,19.850115,s1d3
CCACTTGAGTTGGCTT-1,5.8982987,11.5228195,s1d3
CCACTTGCAAGATCCT-1,12.976476,7.042748,s1d3
CCACTTGGTAGCCCTG-1,7.8891983,-2.4745653,s1d3
CCACTTGGTAGCGTTT-1,10.414743,-3.2367902,s1d3
CCACTTGGTATGTCAC-1,10.832404,7.455627,s1d3
CCACTTGGTGTACAGG-1,9.268635,6.7937183,s1d3
CCACTTGGTGTCTTCC-1,-4.229976,9.611756,s1d3
CCACTTGTCACCACAA-1,8.650804,-5.0538683,s1d3
CCACTTGTCCGAAGGA-1,11.70033,13.484495,s1d3
CCATAAGAGAAGAACG-1,10.920509,6.259496,s1d3
CCATAAGAGTCATACC-1,2.6324735,15.509419,s1d3
CCATAAGCACTTTAGG-1,8.880479,7.161016,s1d3
CCATAAGCAGCATTGT-1,3.754625,18.905619,s1d3
CCATAAGCAGGGAGAG-1,-3.6122165,11.096069,s1d3
CCATAAGGTACTCGCG-1,7.107224,17.423658,s1d3
CCATAAGGTGACCTGC-1,9.230829,1.7095639,s1d3
CCATAAGTCCAGCAAT-1,-5.267073,9.109107,s1d3
CCATAAGTCTCGGGAC-1,10.569608,10.0569105,s1d3
CCATCACAGACGCCCT-1,10.717549,7.5938487,s1d3
CCATCACCAGGTGACA-1,9.476026,-1.4085273,s1d3
CCATCACGTCGAACGA-1,14.008018,4.5954814,s1d3
CCATCACGTGGGTTGA-1,-3.2182615,10.145057,s1d3
CCATCACTCAAAGGTA-1,8.261016,6.8597956,s1d3
CCATCACTCGGAGATG-1,-4.1442122,11.458338,s1d3
CCATCACTCTGACCCT-1,12.5662985,6.1908846,s1d3
CCCAACTAGCCGCACT-1,9.664113,-4.4653616,s1d3
CCCAACTAGGCGAACT-1,-5.0332103,8.396913,s1d3
CCCAACTAGTACGTCT-1,8.6659155,-5.33401,s1d3
CCCAACTAGTAGCTCT-1,1.0797443,2.3236282,s1d3
CCCAACTAGTCATCCA-1,-2.7548354,9.501453,s1d3
CCCAACTCAGATTCGT-1,7.9595666,8.896945,s1d3
CCCAACTGTAGTAAGT-1,12.563245,6.7126155,s1d3
CCCAACTGTCAAGGCA-1,11.076695,7.4274707,s1d3
CCCAACTGTCCCTGAG-1,16.440577,8.245192,s1d3
CCCAACTGTTACCCAA-1,15.646773,7.4129524,s1d3
CCCAACTTCACTCCGT-1,8.825574,13.960967,s1d3
CCCAACTTCGCAGATT-1,9.698572,-1.3109359,s1d3
CCCAACTTCGTCCTTG-1,15.271168,7.80356,s1d3
CCCATTGAGGCATCTT-1,9.528328,8.496767,s1d3
CCCATTGCAATGCTCA-1,13.608029,7.740483,s1d3
CCCATTGCACAAGCAG-1,-4.939277,10.303931,s1d3
CCCATTGCACCATAAC-1,10.577488,7.708197,s1d3
CCCATTGGTCCATCTC-1,10.252166,8.701701,s1d3
CCCATTGTCATAGCAC-1,9.276231,-4.2969174,s1d3
CCCATTGTCGACGTCG-1,13.39376,5.4752855,s1d3
CCCATTGTCGGTCGGT-1,8.701797,-4.524789,s1d3
CCCATTGTCTTAAGGC-1,10.150384,9.022188,s1d3
CCCGAAGAGAAACACT-1,6.7763224,18.642828,s1d3
CCCGAAGAGAAAGTCT-1,9.220266,8.62432,s1d3
CCCGAAGAGACCAGAC-1,10.466078,8.109509,s1d3
CCCGAAGAGAGGTTAT-1,11.968005,12.567867,s1d3
CCCGAAGAGCTGAGTG-1,-3.007914,10.813913,s1d3
CCCGAAGCAAGCGATG-1,10.009582,-2.9283745,s1d3
CCCGAAGCACTGCTTC-1,15.813465,8.959239,s1d3
CCCGAAGCAGTCGTTA-1,2.5679097,15.943729,s1d3
CCCGAAGCATAGATGA-1,3.3319952,16.127123,s1d3
CCCGAAGGTATCGCTA-1,8.468189,7.2188964,s1d3
CCCGAAGGTTGTGTTG-1,8.88295,7.4546533,s1d3
CCCGAAGTCTAGTCAG-1,11.147084,12.466456,s1d3
CCCGAAGTCTCTGGTC-1,9.529573,6.8927627,s1d3
CCCGGAAAGACGACTG-1,2.0951588,5.2167997,s1d3
CCCGGAAAGAGGGTGG-1,7.9380965,-2.5192537,s1d3
CCCGGAAAGGTTGAGC-1,10.565699,8.733096,s1d3
CCCGGAAGTACTGGGA-1,5.953266,11.733935,s1d3
CCCGGAAGTCGAAACG-1,10.952825,13.891441,s1d3
CCCGGAAGTGGCCTCA-1,9.368762,-3.2387328,s1d3
CCCGGAATCCTGGGTG-1,9.920745,8.457341,s1d3
CCCGGAATCTCTGACC-1,6.4002204,11.470783,s1d3
CCCGGAATCTGGGAGA-1,9.6109295,0.61405003,s1d3
CCCTAACAGGCACAAC-1,11.2769575,9.639499,s1d3
CCCTAACAGTTGGACG-1,10.155622,8.122411,s1d3
CCCTAACCACCCTGTT-1,16.285406,7.8522167,s1d3
CCCTAACCACGCGGTT-1,9.639832,6.7708626,s1d3
CCCTAACCAGAACTTC-1,11.064053,7.39357,s1d3
CCCTAACGTATCATGC-1,15.098127,9.745419,s1d3
CCCTAACTCGGTCTAA-1,15.720127,8.859817,s1d3
CCCTCAACAGACCATT-1,6.339182,18.637157,s1d3
CCCTCAACAGACCCGT-1,12.773044,9.389909,s1d3
CCCTCAACAGTATACC-1,8.583814,2.787106,s1d3
CCCTCAACATTCTTCA-1,-2.2626758,10.307586,s1d3
CCCTCAAGTAGCGAGT-1,8.402954,13.648417,s1d3
CCCTCAAGTCCGACGT-1,9.068985,6.560184,s1d3
CCCTCAAGTGGTAACG-1,14.778524,8.619653,s1d3
CCCTCAAGTGGTACAG-1,12.676878,7.183351,s1d3
CCCTCTCCACTCCTGT-1,9.130078,1.311541,s1d3
CCCTCTCCAGGAGGAG-1,13.928863,6.0279,s1d3
CCCTCTCCAGGCTCTG-1,6.8055267,12.205509,s1d3
CCCTCTCGTTGTTGTG-1,8.285343,12.788004,s1d3
CCCTCTCTCGGAACTT-1,8.429069,-4.4398627,s1d3
CCCTCTCTCGTGGCGT-1,14.781282,6.311606,s1d3
CCCTGATAGCTAAGTA-1,-2.9705505,11.731213,s1d3
CCCTGATAGGCATCAG-1,10.536763,12.66558,s1d3
CCCTGATAGTCATAGA-1,2.4423711,15.662501,s1d3
CCCTGATAGTCCTGCG-1,-4.392966,9.448097,s1d3
CCCTGATAGTGGTTAA-1,8.8198185,13.399805,s1d3
CCCTGATCAGTGGCTC-1,11.748206,9.007635,s1d3
CCCTGATCATACACCA-1,13.651963,4.986742,s1d3
CCCTGATGTATTGCCA-1,12.241936,11.709778,s1d3
CCCTGATTCAAACGAA-1,11.328297,0.6433151,s1d3
CCCTGATTCCCGAATA-1,8.230191,-5.4493384,s1d3
CCCTGATTCGTAACAC-1,7.267022,-3.2354198,s1d3
CCCTTAGAGCCTGTGC-1,5.87222,11.671854,s1d3
CCCTTAGAGTCTCTGA-1,12.774405,12.288832,s1d3
CCCTTAGAGTTTAGGA-1,12.748029,9.039187,s1d3
CCCTTAGCAAATACAG-1,6.005077,20.41071,s1d3
CCCTTAGTCAGATGCT-1,-3.2887774,12.223474,s1d3
CCCTTAGTCATGCCCT-1,9.11639,12.595165,s1d3
CCCTTAGTCCAAATGC-1,-3.387955,10.63992,s1d3
CCCTTAGTCGTCAACA-1,6.721222,2.8190422,s1d3
CCGAACGAGAAAGTCT-1,15.801365,7.7191434,s1d3
CCGAACGAGCGTGCCT-1,2.8286796,5.652224,s1d3
CCGAACGAGGATTCCT-1,10.547105,7.79125,s1d3
CCGAACGAGTTTGTCG-1,11.6517105,9.219255,s1d3
CCGAACGGTAACATCC-1,10.794848,7.3424144,s1d3
CCGAACGGTCTATGAC-1,6.1797953,11.5823965,s1d3
CCGAACGTCATGGGAG-1,-1.9937481,4.952372,s1d3
CCGAACGTCTTGTGCC-1,-2.7951474,10.406443,s1d3
CCGATCTAGACAAGCC-1,13.325165,8.711252,s1d3
CCGATCTAGGCTCAAG-1,10.103941,9.511992,s1d3
CCGATCTAGGGCTGAT-1,8.573862,7.623442,s1d3
CCGATCTCACAGCTGC-1,9.661701,-5.126061,s1d3
CCGATCTCATAGGTAA-1,12.413393,-3.8656929,s1d3
CCGATCTCATCAGTGT-1,10.662366,7.1808753,s1d3
CCGATCTGTAGCACGA-1,5.907385,20.12151,s1d3
CCGATCTGTCACTACA-1,8.795013,7.640864,s1d3
CCGATCTGTGGACCTC-1,-1.2687309,5.693968,s1d3
CCGATCTTCGTGCATA-1,14.616431,9.410428,s1d3
CCGATCTTCTGGGCGT-1,9.56629,7.290587,s1d3
CCGATGGCATTATGCG-1,2.1831343,4.7174125,s1d3
CCGATGGGTGCCTTCT-1,10.164789,7.015046,s1d3
CCGATGGGTTTATGCG-1,4.034921,4.509873,s1d3
CCGATGGGTTTGCAGT-1,10.938698,11.876257,s1d3
CCGATGGTCCTTCTGG-1,11.9138565,1.3212107,s1d3
CCGCAAGAGATAGTCA-1,9.128989,8.888287,s1d3
CCGCAAGAGATGAACT-1,11.183486,10.801127,s1d3
CCGCAAGAGCATCAGG-1,9.180159,-3.8732204,s1d3
CCGCAAGAGCGGCTCT-1,3.585853,15.615548,s1d3
CCGCAAGAGGAAGAAC-1,11.953955,9.588244,s1d3
CCGCAAGAGGTCATCT-1,9.385261,8.201024,s1d3
CCGCAAGCAAGCACAG-1,11.374847,10.321238,s1d3
CCGCAAGCATAGAAAC-1,-1.221938,6.7819796,s1d3
CCGCAAGGTACGACTT-1,7.9398794,8.277467,s1d3
CCGCAAGGTTAAACCC-1,-4.415321,10.782299,s1d3
CCGCAAGTCGTGTTCC-1,9.591058,8.293283,s1d3
CCGGACAAGACACACG-1,10.949756,11.142799,s1d3
CCGGACAAGACGGTTG-1,14.43732,7.406296,s1d3
CCGGACAAGAGTCTTC-1,15.570433,7.218699,s1d3
CCGGACACATGACAGG-1,9.539679,9.396661,s1d3
CCGGACAGTCTAGATC-1,8.74147,7.0428,s1d3
CCGGACATCCATTCGC-1,9.677914,-1.593756,s1d3
CCGGACATCCGCTGTT-1,3.4067595,20.09537,s1d3
CCGGACATCTAAGAAG-1,10.613949,12.282563,s1d3
CCGGGTAAGCCTGGAA-1,11.366028,12.722284,s1d3
CCGGGTAAGGACTATA-1,12.776784,6.803168,s1d3
CCGGGTAAGTTGCTCA-1,8.040324,8.91926,s1d3
CCGGGTAAGTTGCTGT-1,8.276618,14.118022,s1d3
CCGGGTACACGCGTGT-1,9.496471,-3.3231823,s1d3
CCGGGTACATACTGAC-1,7.9209433,12.642223,s1d3
CCGGGTACATATACCG-1,9.1649885,13.751775,s1d3
CCGGGTAGTAAGGTCG-1,2.921061,15.637849,s1d3
CCGGGTAGTTGTGTTG-1,12.597336,7.8002243,s1d3
CCGGGTAGTTTCTATC-1,7.0455894,20.344276,s1d3
CCGGTAGAGTGAGGTC-1,10.638485,11.137385,s1d3
CCGGTAGCAGCTCTGG-1,8.253029,19.47258,s1d3
CCGGTAGTCCCGTTGT-1,-3.263544,12.243157,s1d3
CCGGTGAAGATCCTAC-1,16.113987,8.248995,s1d3
CCGGTGAAGGCGTTAG-1,9.518279,8.023046,s1d3
CCGGTGAAGTTTGCTG-1,14.475527,5.8117166,s1d3
CCGGTGACACGGTCTG-1,8.834743,6.8410473,s1d3
CCGGTGACATAGAGGC-1,10.031713,9.06118,s1d3
CCGGTGAGTCGTATGT-1,11.713597,11.239059,s1d3
CCGGTGATCAAGAAAC-1,-4.951763,10.772413,s1d3
CCGGTGATCTCACCCA-1,9.403528,7.2672567,s1d3
CCGTAGGAGACATAGT-1,4.2599616,2.4499855,s1d3
CCGTAGGAGAGTGTTA-1,2.3336625,16.176144,s1d3
CCGTAGGGTGTGTCGC-1,8.378582,13.704198,s1d3
CCGTAGGGTTCTCCTG-1,8.031107,1.6530312,s1d3
CCGTAGGTCCCTCAAC-1,7.3464274,12.136632,s1d3
CCGTAGGTCGTAGGAG-1,-3.4614432,10.46848,s1d3
CCGTAGGTCGTGCGAC-1,8.441923,13.536646,s1d3
CCGTGAGAGCCTCTCT-1,11.799567,9.920639,s1d3
CCGTGAGAGGCAATGC-1,12.555459,12.005944,s1d3
CCGTGAGAGGGCAATC-1,-3.7666593,10.152374,s1d3
CCGTGAGAGTTGGAGC-1,11.983771,7.4246445,s1d3
CCGTGAGCAGATGCGA-1,9.766731,8.726549,s1d3
CCGTGAGCAGTCTTCC-1,8.916122,7.474281,s1d3
CCGTGAGCATGAAGCG-1,11.106895,10.024218,s1d3
CCGTGAGGTGAGTGAC-1,11.229163,9.544122,s1d3
CCGTGAGTCAGACAAA-1,11.296859,10.3734,s1d3
CCGTGAGTCATCTCTA-1,9.840799,6.190708,s1d3
CCGTGAGTCTCGTCAC-1,-3.2078586,12.335891,s1d3
CCGTTCAAGGATAATC-1,3.6279564,19.837118,s1d3
CCGTTCAAGGATCACG-1,11.487134,9.408211,s1d3
CCGTTCACAGCAATTC-1,3.6769934,16.06876,s1d3
CCGTTCATCAATCCGA-1,9.70157,8.112358,s1d3
CCGTTCATCTTTCGAT-1,9.988315,8.152961,s1d3
CCTAACCAGACAGCTG-1,13.152338,6.7503676,s1d3
CCTAACCAGCTTGTTG-1,11.194102,7.7734365,s1d3
CCTAACCAGTTAGTGA-1,3.1957304,5.2609916,s1d3
CCTAACCCAACATCGT-1,12.056216,8.814724,s1d3
CCTAACCCAACTGGTT-1,10.249239,7.6962814,s1d3
CCTAACCCAAGTTGGG-1,5.7365155,11.588166,s1d3
CCTAACCCATACGCAT-1,9.198968,7.825579,s1d3
CCTAACCTCCGATCGG-1,7.6500883,19.266998,s1d3
CCTAAGACAGCGTATT-1,3.8139565,16.570608,s1d3
CCTAAGAGTTTAGACC-1,10.415559,13.119279,s1d3
CCTAAGATCATCCCGT-1,9.862355,-4.9905887,s1d3
CCTAAGATCTGTGTGA-1,7.5795803,3.387817,s1d3
CCTAAGATCTTCGTGC-1,16.07592,8.109781,s1d3
CCTACGTAGGACAGTC-1,9.32635,1.3220228,s1d3
CCTACGTAGGGCAGAG-1,2.248482,15.830052,s1d3
CCTACGTAGTAGGAAG-1,7.650712,-1.790494,s1d3
CCTACGTAGTGTTCAC-1,3.080014,4.8135104,s1d3
CCTACGTCAAGCCATT-1,9.113352,6.4977875,s1d3
CCTACGTCAAGTGACG-1,8.671749,-3.3588808,s1d3
CCTACGTCACGTCGTG-1,9.097679,9.107883,s1d3
CCTACGTGTACATTGC-1,9.983582,5.8142457,s1d3
CCTACGTGTCCAAATC-1,15.289618,8.730278,s1d3
CCTACGTGTGTTTGCA-1,8.557559,6.5928264,s1d3
CCTACGTGTTCCTAGA-1,12.142781,12.846426,s1d3
CCTACGTGTTTGTTGG-1,12.894281,5.9812484,s1d3
CCTACGTTCACCTCAC-1,9.884342,8.948794,s1d3
CCTACGTTCACTGAAC-1,-1.2763946,5.6781964,s1d3
CCTACGTTCCTTCAGC-1,10.979541,7.8290234,s1d3
CCTACGTTCGGTAACT-1,8.051046,6.9900913,s1d3
CCTACGTTCGGTAGAG-1,9.078672,8.355054,s1d3
CCTACGTTCTACGCAA-1,2.4907925,15.713234,s1d3
CCTATCGAGCGATGGT-1,7.5189795,12.091654,s1d3
CCTATCGAGGAGAGTA-1,7.7358065,8.628497,s1d3
CCTATCGAGGGTTAAT-1,10.523925,13.432587,s1d3
CCTATCGCAACCGACC-1,12.49658,10.159289,s1d3
CCTATCGGTAGGAGTC-1,11.295487,11.5420685,s1d3
CCTATCGGTATCTCTT-1,-3.8237464,9.182517,s1d3
CCTATCGGTCTCACAA-1,7.027533,11.62312,s1d3
CCTATCGGTGAGGATC-1,10.984465,13.593266,s1d3
CCTATCGGTGCATCTA-1,7.7359643,7.830593,s1d3
CCTATCGTCAGATGCT-1,9.695686,1.3343755,s1d3
CCTCAACAGGATACGC-1,14.169544,6.3410325,s1d3
CCTCAACAGTTAGTAG-1,11.163899,10.716216,s1d3
CCTCAACCAACCGCTG-1,8.988545,6.0536895,s1d3
CCTCAACCATTGAAGA-1,2.6335058,16.322338,s1d3
CCTCACAAGCGTCTGC-1,7.584152,12.46521,s1d3
CCTCACAAGCTGAGTG-1,2.426301,16.782309,s1d3
CCTCACAAGGTAGTAT-1-1,8.356533,13.957427,s1d3
CCTCACAGTACAAGTA-1,5.3726783,18.03154,s1d3
CCTCACAGTTGAATCC-1,11.4655,12.315442,s1d3
CCTCACATCATCTATC-1,10.165577,8.61527,s1d3
CCTCACATCCTGTTAT-1,9.964855,8.576389,s1d3
CCTCAGTAGCTCGTGC-1,9.130424,8.518988,s1d3
CCTCAGTAGGGACCAT-1,13.996161,3.7309742,s1d3
CCTCAGTCAGCATCTA-1,5.9805613,19.779922,s1d3
CCTCAGTCAGGTCCCA-1,6.3092275,10.9756565,s1d3
CCTCAGTCATATCGGT-1,15.795267,7.7430162,s1d3
CCTCAGTGTCCTGAAT-1,11.634237,8.298653,s1d3
CCTCAGTGTGTGACCC-1,13.523398,5.918693,s1d3
CCTCAGTGTTGCGTAT-1,-5.4136763,8.627041,s1d3
CCTCAGTTCATTGCTT-1,12.471,6.7776566,s1d3
CCTCATGAGGCCTTGC-1,8.032916,19.266962,s1d3
CCTCATGAGTCGGCCT-1,8.189332,19.560411,s1d3
CCTCATGAGTGGAATT-1,-4.751064,9.389731,s1d3
CCTCATGCAACTGATC-1,3.5604005,19.439108,s1d3
CCTCATGCACATGACT-1,9.638534,8.699397,s1d3
CCTCATGCACCATTCC-1,10.178178,7.591482,s1d3
CCTCATGCAGGTGACA-1,10.351444,8.592887,s1d3
CCTCATGGTACCTGTA-1,-4.694719,10.33246,s1d3
CCTCATGGTGCAATAA-1,11.057685,7.383739,s1d3
CCTCATGGTTGTGCAT-1,12.744293,7.564488,s1d3
CCTCATGTCAGTGTGT-1,4.0745573,3.8219233,s1d3
CCTCCAAAGAGCAAGA-1,3.7691152,4.4991817,s1d3
CCTCCAAAGAGGATGA-1,9.670001,8.892293,s1d3
CCTCCAAAGATAGTGT-1,4.025602,19.327421,s1d3
CCTCCAAAGTAAACGT-1,-3.9485865,10.202327,s1d3
CCTCCAAAGTAGGGTC-1,9.491523,6.8344607,s1d3
CCTCCAACAGTTTCAG-1,4.5593286,2.6795096,s1d3
CCTCCAAGTATCTCTT-1,15.683287,9.617854,s1d3
CCTCCAAGTGACGTCC-1,8.856221,6.093505,s1d3
CCTCCAAGTTCTCCTG-1,1.5356345,4.2873125,s1d3
CCTCCAAGTTGTTTGG-1,9.4180975,5.8136125,s1d3
CCTCCTCAGAAGTCAT-1,8.9199,14.152618,s1d3
CCTCCTCAGCTAATCC-1,0.18877316,3.8354223,s1d3
CCTCCTCAGGGATCAC-1,1.0166011,3.540033,s1d3
CCTCCTCCAATGTCAC-1,8.865088,8.240804,s1d3
CCTCCTCCAATTGCCA-1,-0.31229573,4.1828732,s1d3
CCTCCTCCAGAGCTAG-1,11.534886,9.769271,s1d3
CCTCCTCGTGAGAGGG-1,-4.435431,8.058476,s1d3
CCTCCTCGTGCACATT-1,-2.5382178,11.8409815,s1d3
CCTCCTCGTTCCATTT-1,8.765196,13.837031,s1d3
CCTCCTCTCACCGGTG-1,-5.1727324,8.598862,s1d3
CCTCCTCTCCAAGCAT-1,15.173554,7.004895,s1d3
CCTCCTCTCCTTCGAC-1,13.688836,7.186689,s1d3
CCTCCTCTCGAAATCC-1,13.072187,3.6665967,s1d3
CCTCCTCTCTACCAGA-1,0.12053036,3.866032,s1d3
CCTCTAGAGAACCGCA-1,12.314921,12.425301,s1d3
CCTCTAGAGCTTCATG-1,8.797844,12.714331,s1d3
CCTCTAGAGGGATCAC-1,8.093342,6.6577535,s1d3
CCTCTAGCATCCAACA-1,3.9691412,3.0350394,s1d3
CCTCTAGGTTATCCAG-1,2.1914604,16.342731,s1d3
CCTCTAGGTTTCGACA-1,-2.8100893,11.62974,s1d3
CCTCTAGTCGTAACCA-1,11.122402,10.487274,s1d3
CCTCTAGTCTGCATAG-1,-5.3210974,8.742942,s1d3
CCTCTCCAGAGCAAGA-1,15.432611,9.749168,s1d3
CCTCTCCAGCTGACAG-1,7.978069,19.508106,s1d3
CCTCTCCAGTGCGACA-1,15.524397,7.797781,s1d3
CCTCTCCCACCCTATC-1,9.554464,9.254526,s1d3
CCTCTCCCACTTGGCG-1,12.955141,6.7696753,s1d3
CCTCTCCCATCTATCT-1,8.415722,13.964982,s1d3
CCTCTCCGTACATACC-1,7.820881,11.877861,s1d3
CCTCTCCGTCTTGAGT-1,5.232443,18.697954,s1d3
CCTCTCCTCGAGATAA-1,5.8755803,11.24074,s1d3
CCTCTCCTCTTAGCCC-1,13.7938175,7.1980405,s1d3
CCTGCATAGGGAGGCA-1,3.6244013,18.888565,s1d3
CCTGCATCAAGAAACT-1,14.337838,5.9167876,s1d3
CCTGCATCACCTCGTT-1,8.946038,5.690217,s1d3
CCTGCATGTCGAGCTC-1,1.6114072,1.511452,s1d3
CCTGCATGTGAATGAT-1,7.646565,19.806507,s1d3
CCTGCATTCAAGTGGG-1,8.070064,-3.7302387,s1d3
CCTGCATTCCCGATCT-1,-0.27884087,3.2886019,s1d3
CCTGCATTCCGGTTCT-1,2.6996899,5.0727596,s1d3
CCTGCATTCGCTTGCT-1,9.958139,6.32766,s1d3
CCTGCATTCGGAAGGT-1,10.438623,-4.953162,s1d3
CCTGTTGCAAGTCCAT-1,9.535161,5.7654557,s1d3
CCTGTTGCACCCTTAC-1,12.797164,6.79012,s1d3
CCTGTTGCATTCACCC-1,15.923486,7.77228,s1d3
CCTGTTGGTATCGCGC-1,8.762517,6.173469,s1d3
CCTGTTGTCAAATAGG-1,-1.4744272,7.1048946,s1d3
CCTGTTGTCACCGGGT-1,8.986482,9.789025,s1d3
CCTGTTGTCCCATAGA-1,5.56239,10.922745,s1d3
CCTGTTGTCCCATGGG-1,-4.0042133,10.088349,s1d3
CCTTCAGAGACCAGCA-1,9.975983,7.677956,s1d3
CCTTCAGAGAGGATGA-1,5.899791,11.686872,s1d3
CCTTCAGAGTTGAAGT-1,8.351919,13.578988,s1d3
CCTTCAGCACCCTAGG-1,9.533237,-4.2130313,s1d3
CCTTCAGGTATGGAGC-1,-4.715743,11.229076,s1d3
CCTTCAGGTTAGGACG-1,-2.622458,11.108049,s1d3
CCTTCAGTCAATCGGT-1,-0.29239097,3.1447139,s1d3
CCTTCAGTCACTTTGT-1,8.904569,6.206035,s1d3
CCTTCAGTCTCCGAGG-1,1.1598383,1.7853612,s1d3
CCTTGTGCACAGTCGC-1,9.309086,7.1988225,s1d3
CCTTGTGCATCGTGCG-1,11.239796,13.874691,s1d3
CCTTGTGCATGGAAGC-1,12.854498,8.093003,s1d3
CCTTGTGTCGGTCACG-1,14.604966,9.671855,s1d3
CCTTGTGTCTCTGACC-1,-3.9275231,7.3478203,s1d3
CCTTTGGCAGTCAGTT-1,12.133523,9.775095,s1d3
CCTTTGGGTGTATACC-1,-2.8922002,12.943425,s1d3
CCTTTGGGTTTCGATG-1,-1.3443779,7.3945312,s1d3
CCTTTGGTCATCCTAT-1,-2.8098462,11.045046,s1d3
CGAAGGAAGTCACGAG-1,-1.2823454,7.3937383,s1d3
CGAAGGACATCATGAC-1,8.359133,-5.0515924,s1d3
CGAAGGATCATGAGGG-1,11.587604,12.801674,s1d3
CGAAGGATCGCTTGCT-1,14.341512,5.946392,s1d3
CGAAGGATCGGACAAG-1,-5.2094593,9.7981,s1d3
CGAAGTTCAAACCGGA-1,-3.7730932,10.214976,s1d3
CGAAGTTCAAAGCAAT-1,15.50863,9.7965145,s1d3
CGAAGTTCAGCTACAT-1,3.736131,4.877689,s1d3
CGAAGTTCATAGATGA-1,9.238967,9.48369,s1d3
CGAAGTTGTACGATTC-1,13.063428,6.178612,s1d3
CGAAGTTGTCACTCGG-1,14.920524,6.6957617,s1d3
CGAAGTTGTCACTTCC-1,11.353195,11.695872,s1d3
CGAAGTTGTCCACTCT-1,4.3501697,2.622936,s1d3
CGAAGTTGTCTCCTGT-1,9.111502,7.9731464,s1d3
CGAAGTTGTGAGTGAC-1,-1.909619,5.378217,s1d3
CGAAGTTGTGCCTTTC-1,-3.050194,10.296611,s1d3
CGAATTGAGCAAGGAA-1,10.302089,8.046914,s1d3
CGAATTGAGTATGGAT-1,11.065285,9.879816,s1d3
CGAATTGGTAGCTGTT-1,14.075853,6.106296,s1d3
CGAATTGGTGCCGTTG-1,12.858543,7.5052686,s1d3
CGAATTGTCCACACCT-1,10.820902,7.127952,s1d3
CGAATTGTCCCAGTGG-1,15.740912,7.750459,s1d3
CGAATTGTCCTCAGAA-1,9.6955,-3.9041395,s1d3
CGAATTGTCGCTACGG-1,10.978994,7.901562,s1d3
CGAATTGTCGCTTTAT-1,5.942697,11.517395,s1d3
CGAATTGTCTAGCCTC-1,9.798792,6.507238,s1d3
CGACAGCAGATACATG-1,-2.4935834,10.144619,s1d3
CGACAGCAGCGCCTCA-1,14.331117,5.2270756,s1d3
CGACAGCAGGTCCTGC-1,10.657049,9.715596,s1d3
CGACAGCCAAGGTCAG-1,8.953473,13.141506,s1d3
CGACAGCCACACGGTC-1,10.696017,7.217068,s1d3
CGACAGCCACGTATAC-1,12.8529415,7.629384,s1d3
CGACAGCCACTCTCGT-1,8.553856,18.063747,s1d3
CGACAGCCATCCGTGG-1,6.225461,20.416073,s1d3
CGACAGCTCATATGGC-1,9.779307,6.1559367,s1d3
CGACAGCTCCTCGCAT-1,11.346178,13.474576,s1d3
CGAGAAGAGGGTCACA-1,8.754981,7.988187,s1d3
CGAGAAGGTAGACTGG-1,15.930944,7.839587,s1d3
CGAGAAGGTCAAATCC-1,12.2956505,6.32502,s1d3
CGAGAAGTCATTCGGA-1,-3.404211,9.9769,s1d3
CGAGAAGTCCTTTAGT-1,11.351659,17.529314,s1d3
CGAGAAGTCGCCTTGT-1,12.55981,11.442107,s1d3
CGAGAAGTCGCGTCGA-1,8.195099,12.397458,s1d3
CGAGGAAAGGTCATAA-1,-4.581386,9.282856,s1d3
CGAGGAAAGGTTAAAC-1,3.9669974,17.891912,s1d3
CGAGGAAAGTCAACAA-1,9.190765,7.753287,s1d3
CGAGGAAAGTTGCCTA-1,12.033697,11.280411,s1d3
CGAGGAACAAAGCAAT-1,13.814265,7.8304577,s1d3
CGAGGAACAATAGTGA-1,12.075948,9.581666,s1d3
CGAGGAACATGGTGGA-1,12.649109,12.019429,s1d3
CGAGGAAGTACCTAGT-1,8.385722,6.8909583,s1d3
CGAGGAAGTACGGTTT-1,5.6201806,18.16827,s1d3
CGAGGAAGTATAATGG-1,6.5057464,20.249994,s1d3
CGAGGAAGTCTACAAC-1,10.119731,7.9910297,s1d3
CGAGGAAGTTCTCGCT-1,8.163824,19.419044,s1d3
CGAGGCTAGAGAGAAC-1,9.038178,6.8268304,s1d3
CGAGGCTCACTCCGGA-1,9.201264,-1.2430519,s1d3
CGAGGCTGTTCGCGTG-1,-3.7252183,12.224204,s1d3
CGAGGCTTCACCATAG-1,14.061214,4.7413564,s1d3
CGAGGCTTCCCGTTCA-1,-5.1822424,9.522966,s1d3
CGAGGCTTCGCTAAAC-1,7.437101,-2.3918614,s1d3
CGAGGCTTCGGTCAGC-1,11.907278,9.562597,s1d3
CGAGTGCAGCAGCGAT-1,9.578781,-1.2748365,s1d3
CGAGTGCAGGGAGGAC-1,12.577437,11.85847,s1d3
CGAGTGCCACTACCCT-1,11.995493,1.698624,s1d3
CGAGTGCCAGTCAGTT-1,9.303841,6.525264,s1d3
CGAGTGCCATTCTCCG-1,12.241905,10.947528,s1d3
CGAGTGCGTAGTATAG-1,7.909417,19.194859,s1d3
CGAGTGCGTAGTCACT-1,11.213843,8.900413,s1d3
CGAGTGCGTCGACTGC-1,9.105548,8.642532,s1d3
CGAGTGCGTGCGACAA-1,2.8796864,19.664907,s1d3
CGAGTGCTCTACGCAA-1,-4.230473,9.32986,s1d3
CGAGTTAAGACGGTTG-1,-3.2431445,11.115624,s1d3
CGAGTTAAGCATTTGC-1,10.620332,7.4489264,s1d3
CGAGTTAAGCTGGAGT-1,3.3691647,19.867851,s1d3
CGAGTTACACGCGTCA-1,8.500777,14.078833,s1d3
CGAGTTACAGAGGCTA-1,-4.8995657,10.4597025,s1d3
CGAGTTAGTCACCACG-1,9.68425,-4.923067,s1d3
CGAGTTAGTCCTACAA-1,9.874532,12.970055,s1d3
CGAGTTAGTCCTATAG-1,0.35433468,2.6520474,s1d3
CGAGTTAGTGGCTAGA-1,-4.6480646,9.211552,s1d3
CGAGTTAGTTAAGGGC-1,6.662339,2.9891553,s1d3
CGAGTTATCAAGAAAC-1,5.2796893,17.597002,s1d3
CGAGTTATCATGCCAA-1,11.390222,10.822073,s1d3
CGAGTTATCCAACTGA-1,12.916965,9.210498,s1d3
CGAGTTATCTTTGCGC-1,8.268396,13.565919,s1d3
CGATCGGAGGAAACGA-1,6.8944125,11.589744,s1d3
CGATCGGGTGCCAAGA-1,2.755151,3.1930568,s1d3
CGATCGGGTTTGATCG-1,12.7756605,12.306681,s1d3
CGATCGGTCAAACTGC-1,9.190427,8.317064,s1d3
CGATCGGTCCTAGCCT-1,11.556773,8.793708,s1d3
CGATGCGAGACGGTCA-1,11.666518,17.97647,s1d3
CGATGCGAGAGAGCCT-1,-4.771317,9.892635,s1d3
CGATGCGAGAGTTGAT-1,3.569043,5.544707,s1d3
CGATGCGAGCCTCTCT-1,11.470702,8.282768,s1d3
CGATGCGAGCCTGCCA-1,14.47995,6.083517,s1d3
CGATGCGAGGTCGACA-1,11.454712,13.627114,s1d3
CGATGCGGTCAGTCTA-1,14.146892,4.705415,s1d3
CGATGCGGTCTTGAGT-1,11.604787,9.84672,s1d3
CGATGCGTCACGGGCT-1,11.20234,9.975994,s1d3
CGATGCGTCCCGTTGT-1,8.473429,-4.819976,s1d3
CGATGCGTCGTGAGAG-1,6.6061907,12.011516,s1d3
CGATGGCCACCAGGTC-1,13.29307,8.324094,s1d3
CGATGGCCACTTGAAC-1,10.4971895,8.829037,s1d3
CGATGGCCAGAAGCTG-1,11.280622,3.0576174,s1d3
CGATGGCCAGAGTGAC-1,3.3560648,19.846294,s1d3
CGATGGCCAGTCTACA-1,-4.745813,9.787071,s1d3
CGATGGCGTAGGTTTC-1,14.298653,6.134391,s1d3
CGATGGCGTAGTCCTA-1,8.1810465,7.2300725,s1d3
CGATGGCGTCGGTGTC-1,8.367232,8.638133,s1d3
CGATGGCTCTAACGGT-1,-5.057569,8.737401,s1d3
CGCAGGTAGATGATTG-1,6.89448,10.958313,s1d3
CGCAGGTAGCACCGAA-1,-4.1519303,8.343965,s1d3
CGCAGGTAGGTTATAG-1,9.842341,9.163792,s1d3
CGCAGGTAGTCCTACA-1,7.4033175,-4.322542,s1d3
CGCAGGTCATGAGAAT-1,10.454622,7.6489615,s1d3
CGCAGGTGTTCTTCAT-1,4.6460295,20.51397,s1d3
CGCAGGTTCTTAAGGC-1,-2.4939911,11.237902,s1d3
CGCAGGTTCTTACGGA-1,9.04102,6.0896897,s1d3
CGCATAAAGACCCGCT-1,9.794667,6.090487,s1d3
CGCATAAAGCAACTCT-1,16.188528,7.914799,s1d3
CGCATAAAGCCACCGT-1,13.926617,8.404889,s1d3
CGCATAACAAGACAAT-1,15.77545,9.946387,s1d3
CGCATAACAGTGGCTC-1,15.004786,7.541809,s1d3
CGCATAACATGGCACC-1,3.4194934,16.123814,s1d3
CGCATAAGTACGAAAT-1,9.76112,7.8476596,s1d3
CGCATAAGTCCGGCAT-1,9.802591,8.896482,s1d3
CGCATAATCAAGCCAT-1,12.284697,10.214197,s1d3
CGCATAATCGGCACTG-1,6.581139,20.522615,s1d3
CGCATGGAGCGTCAGA-1,8.851054,6.9754567,s1d3
CGCATGGAGGTAGTCG-1,12.361986,12.189382,s1d3
CGCATGGCAATGAAAC-1,6.4430437,10.925932,s1d3
CGCATGGCACACTTAG-1,8.1678705,8.605089,s1d3
CGCATGGGTCATCCGG-1,10.867883,13.95952,s1d3
CGCATGGGTCCGTTTC-1,9.396359,6.3783855,s1d3
CGCATGGGTTGGGCCT-1,7.5098305,19.016157,s1d3
CGCCAGAAGATTCGCT-1,6.519139,11.405699,s1d3
CGCCAGAAGGAATTAC-1,-3.1119163,13.604125,s1d3
CGCCAGACACTCCTTG-1,11.710041,6.851871,s1d3
CGCCAGACAGAAACCG-1,3.2545805,15.204159,s1d3
CGCCAGAGTACTCGCG-1,8.183454,13.560858,s1d3
CGCCAGAGTCAGTTTG-1,3.7531137,2.8606398,s1d3
CGCCAGATCAGCGGAA-1,11.01608,10.016008,s1d3
CGCCAGATCCCAGGAC-1,12.250932,10.925571,s1d3
CGCCAGATCCGTACGG-1,8.611654,6.6288404,s1d3
CGCCAGATCGACACTA-1,11.073586,2.2644482,s1d3
CGCCAGATCTGCGGCA-1,8.305813,9.263183,s1d3
CGCCATTAGACCAGAC-1,11.78861,11.439461,s1d3
CGCCATTAGATGTAGT-1,9.108879,-4.104274,s1d3
CGCCATTCAGGTACGA-1,9.191549,-3.369611,s1d3
CGCCATTCAGTGGGTA-1,9.969151,6.6699314,s1d3
CGCCATTCAGTTGCGC-1,4.023926,19.45104,s1d3
CGCCATTGTGGTTTAC-1,8.561095,6.8332496,s1d3
CGCCATTTCCGATTAG-1,3.503324,3.526873,s1d3
CGCGTGAAGCAGTACG-1,5.862668,10.970021,s1d3
CGCGTGACAGAGCGTA-1,3.7080758,15.705529,s1d3
CGCGTGAGTCCTTGTC-1,2.9728775,5.707066,s1d3
CGGAACCAGGTCGACA-1,3.3696237,4.434177,s1d3
CGGAACCCAAACGAGC-1,13.305976,4.726033,s1d3
CGGAACCCACGCAAAG-1,4.527683,19.595568,s1d3
CGGAACCCACGCGTCA-1,2.2178395,1.819709,s1d3
CGGAACCCATCAGCGC-1,10.399873,8.007807,s1d3
CGGAACCGTATGAAAC-1,3.7375293,5.3400187,s1d3
CGGAACCTCATAGAGA-1,-4.3825727,9.04391,s1d3
CGGAACCTCCCGAGAC-1,8.545472,14.006574,s1d3
CGGAACCTCGGCATCG-1,11.3529825,10.355063,s1d3
CGGAATTAGAGGTCGT-1,9.67697,8.091104,s1d3
CGGAATTAGCTATCTG-1,4.2566695,18.391943,s1d3
CGGAATTAGGGTGGGA-1,9.648671,13.097494,s1d3
CGGAATTAGTCTTCCC-1,11.261978,12.0844345,s1d3
CGGAATTAGTTGTCAC-1,-3.809636,10.337691,s1d3
CGGAATTCAATCACGT-1,8.718787,13.137853,s1d3
CGGAATTCATACTGAC-1,0.3782031,2.837506,s1d3
CGGAATTGTCGGCACT-1,5.802073,17.914917,s1d3
CGGACACAGATGAACT-1,11.037811,8.096038,s1d3
CGGACACAGGGCAAGG-1,-4.4388685,10.601745,s1d3
CGGACACAGTGTACAA-1,12.129773,11.167212,s1d3
CGGACACCAACCTAAC-1,2.1186829,15.829363,s1d3
CGGACACCAGGCCTGT-1,-3.5182605,12.451166,s1d3
CGGACACCATGATAGA-1,15.577864,9.111089,s1d3
CGGACACGTAGCGAGT-1,2.4894097,17.288525,s1d3
CGGACACTCCGTTGAA-1,-3.5266657,12.055666,s1d3
CGGACACTCGCGTCGA-1,13.786486,7.4309907,s1d3
CGGACACTCGCTCATC-1,-1.4956709,7.0163307,s1d3
CGGACACTCTACCTTA-1,13.381288,5.699085,s1d3
CGGAGAACAGTAACAA-1,11.714221,18.005991,s1d3
CGGAGAACATTGCTTT-1,9.326449,8.393856,s1d3
CGGAGAAGTGTTGATC-1,8.223401,13.45568,s1d3
CGGAGAATCACCTTAT-1,2.8447244,18.158945,s1d3
CGGAGAATCTGAGAGG-1,14.939523,6.6338935,s1d3
CGGCAGTAGACGCATG-1,13.68272,5.07729,s1d3
CGGCAGTAGACTGTTC-1,11.667327,9.668342,s1d3
CGGCAGTAGACTTCAC-1,9.638185,7.5690446,s1d3
CGGCAGTAGGCGAACT-1,12.784979,6.6068134,s1d3
CGGCAGTAGTGAGTTA-1,8.225962,12.662754,s1d3
CGGCAGTGTCGCTTGG-1,11.366152,10.883103,s1d3
CGGCAGTGTGGGATTG-1,13.420339,5.92956,s1d3
CGGCAGTGTTCTCGTC-1,8.547562,13.3147335,s1d3
CGGCAGTGTTGGAGAC-1,2.2290764,16.332119,s1d3
CGGCAGTTCACGATAC-1,9.739712,-0.27294105,s1d3
CGGCAGTTCTCGCGTT-1,-3.210233,13.578982,s1d3
CGGGACTAGACGAGCT-1,0.85997593,2.2825575,s1d3
CGGGACTAGCGTCAGA-1,8.152201,9.151715,s1d3
CGGGACTAGCTAAATG-1,3.0104554,19.9983,s1d3
CGGGACTAGGCGATAC-1,2.8208034,3.1593885,s1d3
CGGGACTAGGGTTTCT-1,2.9648197,20.224134,s1d3
CGGGACTAGTAGTCCT-1,-3.9147494,9.69019,s1d3
CGGGACTAGTCTGCAT-1,7.729401,19.325407,s1d3
CGGGACTCAAACCATC-1,7.292523,20.267866,s1d3
CGGGACTCATACCGTA-1,2.9509583,1.8683017,s1d3
CGGGACTGTAACAAGT-1,9.37781,7.076706,s1d3
CGGGACTGTTGCTGAT-1,9.87177,6.6234083,s1d3
CGGGACTTCCGTCCTA-1,11.165887,11.460852,s1d3
CGGGACTTCGAAACAA-1,-3.058887,11.684201,s1d3
CGGGCATAGAGCCTGA-1,8.201439,6.8724356,s1d3
CGGGCATAGCGGTATG-1,9.655158,7.7345443,s1d3
CGGGCATAGTTTCGAC-1,4.5592694,20.406582,s1d3
CGGGCATCACCCTAAA-1,-2.7957757,10.188391,s1d3
CGGGCATCAGCCCACA-1,13.211103,5.9740787,s1d3
CGGGCATCAGGGTTGA-1,12.282369,11.179048,s1d3
CGGGCATCAGTCTACA-1,6.261286,11.363179,s1d3
CGGGCATGTATTTCCT-1,12.851926,4.2104163,s1d3
CGGGCATGTCTGATCA-1,11.022563,7.063903,s1d3
CGGGCATGTGCTCTCT-1,11.030185,9.000486,s1d3
CGGGCATTCGGCTTCT-1,9.275947,13.154126,s1d3
CGGGCATTCTGTGCTC-1,12.688366,6.4158196,s1d3
CGGGTCAAGCCGTAAG-1,2.8274858,15.5369005,s1d3
CGGGTCACACGAAGAC-1,14.732954,8.163035,s1d3
CGGGTCACACTCCGAG-1,2.576807,17.512188,s1d3
CGGGTCATCATTCGTT-1,8.124263,13.420478,s1d3
CGGGTCATCGGAGATG-1,3.7381983,20.049803,s1d3
CGGGTGTAGACAAGCC-1,8.63124,14.200635,s1d3
CGGGTGTAGATGGTCG-1,8.89473,6.424318,s1d3
CGGGTGTAGCCATTCA-1,9.024602,6.935163,s1d3
CGGGTGTAGGCGAAGG-1,9.901645,7.9225183,s1d3
CGGGTGTCATCCTTCG-1,8.99142,7.475348,s1d3
CGGGTGTCATCGGCCA-1,3.7765813,19.891224,s1d3
CGGGTGTGTAGGAGTC-1,8.827941,3.5895324,s1d3
CGGGTGTGTGCCTACG-1,-4.565453,9.874759,s1d3
CGGGTGTGTGCGGTAA-1,9.188622,8.95454,s1d3
CGGGTGTGTTTGACAC-1,9.644549,7.4823413,s1d3
CGGGTGTTCAAGAAAC-1,9.481006,5.901929,s1d3
CGGGTGTTCAGCCTTC-1,13.176483,7.4298325,s1d3
CGGGTGTTCTGTCGCT-1,2.53871,19.619207,s1d3
CGGGTGTTCTTAAGGC-1,10.740347,7.869072,s1d3
CGGTCAGCATGGAAGC-1,-5.308705,9.58822,s1d3
CGGTCAGGTGCCCGTA-1,-3.2317634,13.506208,s1d3
CGGTCAGGTGTGAGCA-1,0.6893231,4.855694,s1d3
CGGTCAGTCAGAGTGG-1,2.6587148,5.343834,s1d3
CGGTCAGTCGAGAGAC-1,2.2015755,15.85196,s1d3
CGGTCAGTCGCAGTGC-1,8.617519,13.976416,s1d3
CGTAAGTAGGTTCTAC-1,4.476034,16.242117,s1d3
CGTAAGTCAACGTATC-1,8.485795,6.7161164,s1d3
CGTAAGTCAGCGTGAA-1,7.9340763,7.6484013,s1d3
CGTAAGTGTGTTCATG-1,10.338869,7.8479652,s1d3
CGTAAGTTCAATCTTC-1,9.114547,5.7210307,s1d3
CGTAAGTTCTCAACGA-1,9.747834,9.309127,s1d3
CGTAATGAGCCAGACA-1,4.3340425,16.030706,s1d3
CGTAATGAGCTGACAG-1,2.972174,19.597788,s1d3
CGTAATGAGTCTGCGC-1,10.993334,11.346303,s1d3
CGTAATGCAGAGCTAG-1,12.1512575,9.573574,s1d3
CGTAATGCAGATTTCG-1,2.6039574,15.784777,s1d3
CGTAATGCAGGGACTA-1,13.151128,8.109354,s1d3
CGTAATGCAGTAGTTC-1,11.27379,10.393539,s1d3
CGTAATGGTTGTTGAC-1,12.914469,7.5466113,s1d3
CGTAATGTCCTCAGAA-1,7.985109,19.091423,s1d3
CGTAGTAAGCGTGTTT-1,10.176359,-4.9220476,s1d3
CGTAGTACAAGTGCAG-1,13.101368,8.400122,s1d3
CGTAGTACACTTTATC-1,12.118857,7.0719724,s1d3
CGTAGTACATCCTTCG-1,2.7457085,20.002836,s1d3
CGTAGTACATTCGATG-1,11.173637,9.778433,s1d3
CGTAGTAGTATGTCTG-1,11.644359,10.337045,s1d3
CGTAGTAGTTCTTGTT-1,10.712338,8.161256,s1d3
CGTAGTATCATTCATC-1,4.504711,16.034145,s1d3
CGTAGTATCGTCGATA-1,9.1981535,9.087072,s1d3
CGTCAAAAGATCACCT-1,11.688801,1.179098,s1d3
CGTCAAAAGATGTAGT-1,-4.217395,10.063998,s1d3
CGTCAAAAGCTCAGAG-1,9.33757,5.9066586,s1d3
CGTCAAAAGCTCTGTA-1,14.387099,8.67872,s1d3
CGTCAAAAGGGTTGCA-1,9.427766,8.219897,s1d3
CGTCAAACATCAACCA-1,10.817575,8.087047,s1d3
CGTCAAACATCCCGTT-1,8.064375,7.626671,s1d3
CGTCAAAGTGGGTATG-1,2.4004622,4.90904,s1d3
CGTCAAAGTTCTAACG-1,9.804941,7.533621,s1d3
CGTCAAATCACCCATC-1,14.371698,5.7355804,s1d3
CGTCAAATCCAGCAAT-1,9.646523,7.3789845,s1d3
CGTCCATAGCAACTTC-1,10.904907,-0.10538197,s1d3
CGTCCATAGCGACAGT-1,10.020602,7.3910084,s1d3
CGTCCATAGGAATGTT-1,13.949987,6.503612,s1d3
CGTCCATCAACAGATA-1,12.463887,9.398324,s1d3
CGTCCATCAACGTATC-1,12.1886,-1.4227853,s1d3
CGTCCATCAAGACCTT-1,8.9241905,3.5797682,s1d3
CGTCCATTCAATCTCT-1,12.969289,12.4624195,s1d3
CGTGAATAGAAACCAT-1,11.84004,11.777016,s1d3
CGTGAATAGTGTAGTA-1,11.878372,12.046429,s1d3
CGTGAATCAACGGTAG-1,2.6515558,20.179703,s1d3
CGTGAATCAGGTAGTG-1,8.8906145,6.1782784,s1d3
CGTGAATCATACTGTG-1,7.932254,7.760583,s1d3
CGTGAATGTGCCTATA-1,10.373284,14.089474,s1d3
CGTGAATGTGTGTGGA-1,8.353806,13.2102785,s1d3
CGTGAATGTTGGTAGG-1,-3.1998286,12.069524,s1d3
CGTGAATTCAAGAAAC-1,0.44522768,5.582492,s1d3
CGTGAATTCGCTGACG-1,12.302858,12.2147255,s1d3
CGTGATAAGGGTACAC-1,-1.6848,4.3912945,s1d3
CGTGATACACTCACTC-1,13.417866,3.3528235,s1d3
CGTGATACATCGGTTA-1,10.392549,8.6232605,s1d3
CGTGATAGTCTTCTAT-1,15.140233,9.540119,s1d3
CGTGATATCCCTCTAG-1,14.117403,7.19803,s1d3
CGTGATATCCTGCTAC-1,-1.0115376,3.930552,s1d3
CGTGATATCGAGTGAG-1,2.6381583,5.824268,s1d3
CGTGCTTAGCGATGGT-1,-3.9679906,10.494464,s1d3
CGTGCTTCACCTAAAC-1,8.531734,7.2396226,s1d3
CGTGCTTGTTCGTGCG-1,3.5495937,16.22897,s1d3
CGTGCTTGTTGTCAGT-1,12.702006,-3.4652321,s1d3
CGTGCTTTCAGTGTGT-1,11.032299,6.8774753,s1d3
CGTGCTTTCGCTATTT-1,10.867166,8.046257,s1d3
CGTGCTTTCGGATACT-1,8.760122,6.2015133,s1d3
CGTGCTTTCGTAGTGT-1,7.078777,19.306694,s1d3
CGTGTCTAGCAGGGAG-1,7.3944936,11.918774,s1d3
CGTGTCTAGGCGCTTC-1,15.60414,6.738314,s1d3
CGTGTCTCAAGAAACT-1,13.905541,5.963214,s1d3
CGTGTCTCAGCGATTT-1,9.609195,6.9492803,s1d3
CGTGTCTGTAGAGTTA-1,-5.6288347,8.9254675,s1d3
CGTGTCTGTCGCATTA-1,13.607124,5.822429,s1d3
CGTGTCTGTCGTACTA-1,12.608998,6.022359,s1d3
CGTGTCTTCCGAAGGA-1,3.955541,19.466988,s1d3
CGTGTCTTCTTCACAT-1,15.732496,8.351376,s1d3
CGTTAGAAGCAGGTCA-1,8.509576,7.4158363,s1d3
CGTTAGAAGCCAGACA-1,12.560194,5.894123,s1d3
CGTTAGAAGTGCTACT-1,3.6429856,16.200193,s1d3
CGTTAGACAAAGAGTT-1,9.699139,6.840279,s1d3
CGTTAGACAAGCAGGT-1,3.136487,17.460075,s1d3
CGTTAGACACCAGGTC-1,8.554476,7.082849,s1d3
CGTTAGACAGTAGTTC-1,6.3058276,11.987169,s1d3
CGTTAGACATCAGTCA-1,3.2469893,16.47265,s1d3
CGTTAGACATGAGGGT-1,9.614463,-3.2715778,s1d3
CGTTAGAGTTCGGCCA-1,11.519072,12.009998,s1d3
CGTTAGATCAACGAGG-1,6.413593,18.394672,s1d3
CGTTCTGAGCACCCAC-1,10.387323,9.111033,s1d3
CGTTCTGAGTGCCTCG-1,12.231009,7.349328,s1d3
CGTTCTGCAACCTATG-1,3.344348,4.576404,s1d3
CGTTCTGCAGACCATT-1,-2.9266658,12.150228,s1d3
CGTTCTGGTGAATTGA-1,11.30425,6.854612,s1d3
CGTTCTGGTTGCAAGG-1,3.3081017,1.8122411,s1d3
CGTTGGGAGACCATGG-1,-2.8386953,12.575143,s1d3
CGTTGGGAGTGGTTAA-1,8.954492,6.349203,s1d3
CGTTGGGCAGGCACAA-1,5.174896,17.995815,s1d3
CGTTGGGCATCGATGT-1,9.843555,9.142438,s1d3
CGTTGGGGTAGTCGGA-1,-5.0043354,9.618157,s1d3
CTAACCCAGACTGTTC-1,9.562082,5.9963145,s1d3
CTAACCCAGCTTAGTC-1,11.741727,8.877602,s1d3
CTAACCCAGGCCCAAA-1,12.302358,6.603811,s1d3
CTAACCCCACGAGGAT-1,10.512451,6.7768545,s1d3
CTAACCCCATGTTACG-1,10.267922,9.679356,s1d3
CTAACCCGTCATCGCG-1,13.043816,7.6364045,s1d3
CTAACCCGTTTCCCAC-1,-3.4744222,10.373011,s1d3
CTAACCCTCGTCACCT-1,13.872949,4.750851,s1d3
CTAACCCTCGTCCTTG-1,3.402795,19.136581,s1d3
CTAACTTAGACATCAA-1,12.617016,11.798348,s1d3
CTAACTTAGACGTCGA-1,10.155666,9.189075,s1d3
CTAACTTCACAACGAG-1,11.805155,9.657725,s1d3
CTAACTTCACCATTCC-1,10.031897,6.027398,s1d3
CTAAGTGAGACGAAGA-1,8.538515,7.5603566,s1d3
CTAAGTGAGCGCCTCA-1,8.485343,-5.090696,s1d3
CTAAGTGAGGTTGTTC-1,12.196214,6.1921353,s1d3
CTAAGTGCAACCAATC-1,-4.46009,10.249415,s1d3
CTAAGTGCACTGATTG-1,7.4535074,12.060849,s1d3
CTAAGTGCAGAACTCT-1,4.325048,19.24649,s1d3
CTAAGTGCATAATGCC-1,11.152032,8.202539,s1d3
CTAAGTGCATGACGAG-1,9.61439,7.5625477,s1d3
CTAAGTGGTACAAAGT-1,12.286202,11.466332,s1d3
CTAAGTGGTAGAGATT-1,11.70882,9.191829,s1d3
CTAAGTGTCCTACGAA-1,9.858613,9.071866,s1d3
CTAAGTGTCTTCCAGC-1,4.9232774,16.860168,s1d3
CTACAGAAGATTGGGC-1,10.353246,14.194179,s1d3
CTACAGAAGCGTTCAT-1,9.746886,8.929207,s1d3
CTACAGAGTACCCACG-1,9.377018,9.364308,s1d3
CTACATTCACGCTGTG-1,-3.7178943,9.700536,s1d3
CTACATTCATGGGTTT-1,1.2630588,3.4680643,s1d3
CTACATTGTCACCCTT-1,8.921447,1.6932963,s1d3
CTACATTGTGTACGCC-1,12.550988,11.572948,s1d3
CTACATTGTTCTCCTG-1,10.436607,-3.7349675,s1d3
CTACCCAAGCACCTGC-1,12.635847,11.377738,s1d3
CTACCCAAGTGTAGTA-1,1.2186586,2.642049,s1d3
CTACCCACAAAGTGTA-1,13.589709,6.796109,s1d3
CTACCCACACTGGAAG-1,-5.2849493,9.187677,s1d3
CTACCCAGTTGAGTCT-1,7.269964,-2.1780865,s1d3
CTACCTGAGAGGCGTT-1,8.914813,13.364388,s1d3
CTACCTGAGGAAAGAC-1,5.7524047,17.567814,s1d3
CTACCTGAGTAATTGG-1,15.720592,7.279429,s1d3
CTACCTGGTACCGTGC-1,2.0563424,4.9600496,s1d3
CTACCTGGTGGAACCA-1,8.238347,13.458838,s1d3
CTACGGGAGAGGGTAA-1,13.568044,7.9194517,s1d3
CTACGGGAGTACCATC-1,6.232033,11.558953,s1d3
CTACGGGCACAAATCC-1,10.165047,7.22766,s1d3
CTACGGGCACTAGTAC-1,9.364167,6.432838,s1d3
CTACGGGCATCGATGT-1,15.071361,8.080779,s1d3
CTACGGGCATCTGTTT-1,-1.2145584,7.420971,s1d3
CTACGGGGTAACAGTA-1,11.024406,7.722156,s1d3
CTACGGGGTCCGCAGT-1,-5.0334263,10.062045,s1d3
CTACGGGGTTATTCTC-1,11.824764,-1.3327868,s1d3
CTACTATAGCACTAAA-1,5.6814494,11.306447,s1d3
CTACTATAGCTCGACC-1,9.635402,-1.4326684,s1d3
CTACTATAGGGCTGAT-1,-5.1361175,8.6397505,s1d3
CTACTATCAACTGCTA-1,6.0584207,11.597518,s1d3
CTACTATCAGCGAGTA-1,11.551723,11.650914,s1d3
CTACTATCATCCAATG-1,13.697623,3.4234812,s1d3
CTACTATGTATACCCA-1,8.762404,7.4048853,s1d3
CTACTATGTGGGACAT-1,-3.115033,10.310159,s1d3
CTACTATGTTATGTGC-1,6.536298,11.383708,s1d3
CTACTATTCAAGCTTG-1,9.7315235,6.4628654,s1d3
CTACTATTCAATGTCG-1,13.83677,5.9293675,s1d3
CTACTATTCCGTTGGG-1,8.954842,5.8332973,s1d3
CTACTATTCGAACCTA-1,10.810074,7.8690476,s1d3
CTACTATTCTCGGTCT-1,11.089088,13.548272,s1d3
CTAGACAAGGAACTCG-1,12.696157,6.565023,s1d3
CTAGACAAGTCCTGCG-1,11.177984,13.64163,s1d3
CTAGACACAGACCGCT-1,9.140354,6.4141893,s1d3
CTAGACAGTCCGGTCA-1,13.627738,4.8263206,s1d3
CTAGACAGTCGTTGCG-1,12.561509,9.742885,s1d3
CTAGACAGTTAAGGAT-1,-3.8530126,12.375351,s1d3
CTAGACATCAAAGGTA-1,12.882775,6.7909446,s1d3
CTAGACATCCCTCGAT-1,3.6027126,15.828025,s1d3
CTAGACATCTACCTTA-1,9.709125,6.1298265,s1d3
CTAGACATCTCGGTCT-1,11.310575,8.659361,s1d3
CTAGGTAAGCGTGCTC-1,3.9584692,17.918272,s1d3
CTAGGTAAGTAAGAGG-1,3.811255,18.056364,s1d3
CTAGGTACAAGATGGC-1,-3.6049933,11.719924,s1d3
CTAGGTACATGGAAGC-1,9.802508,8.76805,s1d3
CTAGGTAGTATACGGG-1,8.408482,8.683493,s1d3
CTAGGTATCCGTAGTA-1,8.768418,13.95702,s1d3
CTATAGGAGAGGGTGG-1,9.988869,7.5894895,s1d3
CTATAGGCAAGGTCGA-1,10.16607,6.7876263,s1d3
CTATAGGCAGCGAGTA-1,-2.7216249,10.573192,s1d3
CTATAGGCAGCTATTG-1,9.893571,9.351519,s1d3
CTATAGGGTGAGGCAT-1,2.2166493,20.109724,s1d3
CTATAGGTCCACGTGG-1,14.649115,6.19331,s1d3
CTATAGGTCTCGGGAC-1,0.6692164,2.1468503,s1d3
CTATCCGAGCCAAGTG-1,8.580417,6.862988,s1d3
CTATCCGAGGCACTAG-1,2.6264284,4.772841,s1d3
CTATCCGAGTAGAGTT-1,11.194708,17.363245,s1d3
CTATCCGCAAGAAATC-1,7.779262,18.630033,s1d3
CTATCCGCAAGGACAC-1,9.965614,-1.4076918,s1d3
CTATCCGCAGTTAGGG-1,5.934664,11.374958,s1d3
CTATCCGGTCTGCAAT-1,12.614189,7.1947613,s1d3
CTATCCGGTGTCCGGT-1,7.6110086,-3.8857732,s1d3
CTATCCGTCTGGTTGA-1,7.4061403,12.032023,s1d3
CTATCTAAGACTTAAG-1,11.651297,11.055716,s1d3
CTATCTAAGAGTGAAG-1,13.029416,4.4809313,s1d3
CTATCTAAGTCATGCT-1,13.405093,6.5906525,s1d3
CTATCTACATGGGAAC-1,15.744932,8.612635,s1d3
CTATCTAGTACCCGAC-1,6.6800137,11.214966,s1d3
CTATCTAGTCTCGACG-1,9.416088,8.245292,s1d3
CTATCTAGTCTGTTAG-1,4.0374646,4.79756,s1d3
CTATCTAGTTAAGTCC-1,9.759755,-3.3645167,s1d3
CTATCTAGTTCCTAAG-1,2.283494,1.6071604,s1d3
CTATCTATCGCGTAGC-1,-4.5743337,11.249857,s1d3
CTCAACCCATGACAAA-1,12.498677,10.467405,s1d3
CTCAACCGTACAGCGA-1,8.609327,6.897474,s1d3
CTCAACCGTTCGCGTG-1,9.384063,6.220126,s1d3
CTCAACCTCCTTCGAC-1,10.699246,7.9943204,s1d3
CTCAAGAAGAAATTGC-1,8.93762,12.75067,s1d3
CTCAAGAAGTAACGAT-1,5.5972924,11.46307,s1d3
CTCAAGACAAGTGCAG-1,2.4633365,19.70028,s1d3
CTCAAGACACCGGTCA-1,12.609381,9.265706,s1d3
CTCAAGACACGGCCAT-1,10.690682,7.728905,s1d3
CTCAAGAGTCAAGCGA-1,6.9692845,20.405998,s1d3
CTCAAGAGTCATCAGT-1,12.840294,12.355421,s1d3
CTCAAGAGTCTAATCG-1,-1.3422773,5.266092,s1d3
CTCAAGAGTGATACAA-1,10.9702015,12.053568,s1d3
CTCAAGAGTGTTCCAA-1,6.187831,1.88244,s1d3
CTCAAGAGTTACCTTT-1,10.257509,8.274754,s1d3
CTCAAGATCAACTCTT-1,-4.106298,8.929724,s1d3
CTCAAGATCCGAGCTG-1,15.493672,6.573402,s1d3
CTCAATTAGATGAATC-1,11.343036,6.9663854,s1d3
CTCAATTAGTAGACAT-1,-4.72498,7.7826767,s1d3
CTCAATTCAGCGTGCT-1,-4.8074274,10.734607,s1d3
CTCAATTCAGGAGACT-1,3.1206355,19.879417,s1d3
CTCAATTCATCCGAAT-1,-3.2076542,13.554859,s1d3
CTCAATTGTCACGTGC-1,0.7351177,2.0913448,s1d3
CTCAATTGTCTGCATA-1,3.4558485,19.669453,s1d3
CTCACTGAGCCTCACG-1,-5.3665967,9.170772,s1d3
CTCACTGCAACCGGAA-1,-4.9455357,8.518566,s1d3
CTCACTGCATAGTCGT-1,3.5749102,5.2451744,s1d3
CTCACTGCATCTAGAC-1,12.096526,9.312521,s1d3
CTCACTGGTGGTCTCG-1,7.706878,-3.5018046,s1d3
CTCACTGTCTACTATC-1,3.931535,2.7575374,s1d3
CTCACTGTCTAGAACC-1,9.669632,6.2371073,s1d3
CTCACTGTCTTGGCTC-1,3.746761,18.809025,s1d3
CTCAGAAAGGGTTAAT-1,8.01553,19.488567,s1d3
CTCAGAAAGTCCGCGT-1,13.169292,6.21857,s1d3
CTCAGAACACAAAGCG-1,-4.7050714,10.5053215,s1d3
CTCAGAACAGTGTGGA-1,9.775103,7.083246,s1d3
CTCAGAACATCGCTCT-1,8.469072,6.385776,s1d3
CTCAGAAGTACGATTC-1,10.599996,8.019742,s1d3
CTCAGAATCCCTGTTG-1,10.251407,6.133317,s1d3
CTCAGAATCTAGGAAA-1,8.807376,6.2354126,s1d3
CTCAGGGAGCGATCGA-1,-4.983354,8.132053,s1d3
CTCAGGGAGCTAGTTC-1,8.950902,12.846901,s1d3
CTCAGGGAGCTGGCTC-1,10.730834,10.616691,s1d3
CTCAGGGCACGCGGTT-1,10.098434,9.846784,s1d3
CTCAGGGCAGGAGGTT-1,-4.7049155,9.584527,s1d3
CTCAGGGGTACGAGCA-1,-2.3692667,11.156909,s1d3
CTCAGGGGTTCGGTCG-1,14.411925,8.640391,s1d3
CTCAGGGGTTGGACCC-1,13.698335,6.316204,s1d3
CTCAGGGGTTTGGAGG-1,9.761041,-3.6504576,s1d3
CTCAGGGTCGCGCTGA-1,9.811683,0.4636671,s1d3
CTCAGTCAGACCAAGC-1,-5.014731,10.958817,s1d3
CTCAGTCAGTCATTGC-1,9.4315405,6.66013,s1d3
CTCAGTCCACATGAAA-1,9.343747,6.4896293,s1d3
CTCAGTCCAGTCAGAG-1,3.760283,4.76209,s1d3
CTCAGTCCATGCCGAC-1,3.8282402,2.719845,s1d3
CTCAGTCGTCCATACA-1,11.600715,11.034676,s1d3
CTCAGTCGTTATAGCC-1,14.400394,6.4365387,s1d3
CTCAGTCTCGACCTAA-1,8.939327,13.466468,s1d3
CTCAGTCTCGTTTACT-1,8.261841,6.9020543,s1d3
CTCATCGAGCGAAACC-1,-4.827669,10.600456,s1d3
CTCATCGAGCTGGTGA-1,10.900022,9.256046,s1d3
CTCATCGAGTAAGACT-1,9.953432,12.900705,s1d3
CTCATCGCACAACGCC-1,9.612211,-0.89970773,s1d3
CTCATCGCATCGGTTA-1,-1.7157283,4.7193,s1d3
CTCATCGGTAGGCTGA-1,4.349442,19.053083,s1d3
CTCATCGGTTCTCTCG-1,10.500382,6.512511,s1d3
CTCATCGGTTGGCCGT-1,-5.164146,10.292394,s1d3
CTCATCGTCACCATGA-1,9.122674,6.0505433,s1d3
CTCATGCAGAAGCGAA-1,11.402961,6.4788833,s1d3
CTCATGCCACTCCTGT-1,15.456956,8.211326,s1d3
CTCATGCCAGACAAAT-1,10.79118,12.952439,s1d3
CTCATGCGTGAGCAGT-1,11.333869,0.69369733,s1d3
CTCATGCGTGCTAGCC-1,5.725202,11.317403,s1d3
CTCATGCGTGGCGTAA-1,5.901392,11.947348,s1d3
CTCATGCGTGTCATCA-1,-1.7168765,5.574005,s1d3
CTCATGCGTTCCGCAG-1,9.195822,6.2423444,s1d3
CTCATTAAGACATATG-1,11.545704,11.236996,s1d3
CTCATTAAGAGTCAAT-1,11.72219,10.7398,s1d3
CTCATTAAGGATACAT-1-1,12.988605,7.572684,s1d3
CTCATTACATGAAGCG-1,10.269761,9.260732,s1d3
CTCATTAGTATCGAAA-1,10.689162,8.575797,s1d3
CTCATTAGTCGGTACC-1,-3.7975037,9.690642,s1d3
CTCATTAGTGCACGCT-1,-3.9779947,12.158189,s1d3
CTCATTAGTGTCCATA-1,9.673305,-4.9887576,s1d3
CTCATTATCAAAGGAT-1,-2.225674,5.609015,s1d3
CTCATTATCCAGCTCT-1,-5.2286925,10.488006,s1d3
CTCCAACAGAAAGCGA-1,3.5262408,19.537981,s1d3
CTCCAACAGAGATCGC-1,9.872407,1.9929129,s1d3
CTCCAACAGCGTGTCC-1,9.557813,6.0242586,s1d3
CTCCAACAGTCCCTAA-1,3.6622188,15.420997,s1d3
CTCCAACCACCTCAGG-1,10.343727,-3.7883077,s1d3
CTCCAACGTCCTTGTC-1,11.96142,10.069392,s1d3
CTCCAACGTCTAGGCC-1,12.602789,10.216726,s1d3
CTCCAACTCCTAGCTC-1,12.2022915,6.331439,s1d3
CTCCAACTCGGCTTGG-1,1.0383677,2.8473308,s1d3
CTCCAACTCGTGCACG-1,8.835063,7.2599034,s1d3
CTCCACAAGAAGTCCG-1,-4.7204103,8.555362,s1d3
CTCCACAAGCGGGTAT-1,16.043491,7.8590107,s1d3
CTCCACAAGGTCGTAG-1,8.492355,13.967353,s1d3
CTCCACATCAGAGTGG-1,-4.3319345,11.258514,s1d3
CTCCACATCATTGCGA-1,12.201044,9.041994,s1d3
CTCCACATCCAGTGCG-1,3.056709,19.94744,s1d3
CTCCACATCCTTGGAA-1,12.286626,11.474944,s1d3
CTCCATGAGCAGTCTT-1,5.811979,18.267149,s1d3
CTCCATGCAAGTGATA-1,6.3299775,11.142426,s1d3
CTCCATGCACTTGACA-1,-3.2961972,13.414508,s1d3
CTCCATGCATTGACTG-1,11.498216,13.485368,s1d3
CTCCATGGTGGTCTCG-1,-3.6344717,9.6229105,s1d3
CTCCATGTCAAGCTTG-1,11.91249,10.130301,s1d3
CTCCATGTCGAGTACT-1,8.603941,0.9841442,s1d3
CTCCCAAAGGAGACCT-1,5.962276,18.205423,s1d3
CTCCCAACACAACGAG-1,14.934505,9.042126,s1d3
CTCCCAACACTTCCTG-1,-2.765552,11.927925,s1d3
CTCCCAACAGCATTGT-1,3.0814238,-0.1339431,s1d3
CTCCCAACATCCTGTC-1,8.668762,12.577722,s1d3
CTCCCAACATGATGCT-1,9.854153,6.0065246,s1d3
CTCCCAAGTCAAGCGA-1,11.263167,13.57979,s1d3
CTCCCAAGTGTCCGGT-1,15.797014,7.743842,s1d3
CTCCCAATCTTCGGAA-1,7.894277,-3.7214513,s1d3
CTCCCTCAGACGGAAA-1,8.308492,7.425583,s1d3
CTCCCTCAGCCATTTG-1,12.67761,10.958869,s1d3
CTCCCTCAGTTTAGGA-1,-0.28940806,3.1693351,s1d3
CTCCCTCCATAGATCC-1,3.517338,5.014275,s1d3
CTCCCTCCATGACCCG-1,5.9152346,11.511124,s1d3
CTCCCTCGTAAGATTG-1,3.6409185,18.706984,s1d3
CTCCCTCTCCTTACCG-1,11.273553,8.107603,s1d3
CTCCCTCTCGGTGTAT-1,-1.3556571,5.606359,s1d3
CTCCCTCTCTCTATGT-1,9.969235,9.116579,s1d3
CTCCGATAGGAGAGTA-1,13.007288,7.273121,s1d3
CTCCGATAGTCTCTGA-1,-4.434591,9.779338,s1d3
CTCCGATCAAGCAGGT-1,3.523902,20.203058,s1d3
CTCCGATCAAGCCCAC-1,10.236833,7.4635878,s1d3
CTCCGATGTCAAATCC-1,8.826401,1.4994138,s1d3
CTCCGATTCAAGTAAG-1,-1.6740354,5.120429,s1d3
CTCCGATTCCTTTGAT-1,8.939701,7.018114,s1d3
CTCCTCCAGAGATGCC-1,-4.1854177,9.642134,s1d3
CTCCTCCAGCACTAAA-1,12.698533,6.7836337,s1d3
CTCCTCCCAGCTGCCA-1,15.000653,6.2763505,s1d3
CTCCTCCCAGTCGAGA-1,8.587412,6.767588,s1d3
CTCCTCCCATCCTCAC-1,11.150185,8.644882,s1d3
CTCCTCCGTCAACGCC-1,3.848641,18.079243,s1d3
CTCCTCCGTCTGTGCG-1,12.275051,11.556446,s1d3
CTCCTCCTCATTGTGG-1,13.4816675,8.066216,s1d3
CTCCTCCTCGGCTCTT-1,-4.8675485,9.429059,s1d3
CTCCTTTAGGCCACTC-1,12.196409,-3.8380187,s1d3
CTCCTTTCAGGGAATC-1,10.599721,9.419444,s1d3
CTCCTTTGTACATTGC-1,9.606321,0.6985028,s1d3
CTCCTTTGTGGAATGC-1,14.06618,8.015481,s1d3
CTCCTTTGTTTCCCAC-1,15.46389,7.739378,s1d3
CTCCTTTTCAGCCTCT-1,13.808329,7.324383,s1d3
CTCCTTTTCCACGTGG-1,3.152598,16.126202,s1d3
CTCCTTTTCGCAAGAG-1,3.172752,5.145095,s1d3
CTCCTTTTCTGCTTAT-1,6.8423533,11.006355,s1d3
CTCCTTTTCTTTCCAA-1,-5.1467433,9.306386,s1d3
CTCGAGGAGGAGAATG-1,14.067639,5.3980665,s1d3
CTCGAGGAGGATACAT-1,8.747307,6.3564854,s1d3
CTCGAGGGTAGCGCCT-1,5.307742,17.99163,s1d3
CTCGAGGGTATGAGGC-1,14.140375,6.538929,s1d3
CTCGAGGGTGCAATAA-1,12.692367,6.747706,s1d3
CTCGAGGGTTCCTACC-1,9.735959,6.9002285,s1d3
CTCGAGGTCACCTTAT-1,10.451893,8.071835,s1d3
CTCGAGGTCGATACAC-1,10.185661,9.794844,s1d3
CTCTCAGAGCATGCAG-1,9.896586,6.6009836,s1d3
CTCTCAGAGGTATTGA-1,3.568817,19.21808,s1d3
CTCTCAGCATGGTACT-1,2.1962512,15.708238,s1d3
CTCTCAGGTAGCTCGC-1,6.5112805,11.595722,s1d3
CTCTCAGGTAGCTTTG-1,3.45239,19.348833,s1d3
CTCTCAGGTCCCTAAA-1,5.492413,11.497464,s1d3
CTCTCAGGTGGATGAC-1,11.907278,10.548971,s1d3
CTCTCAGGTGTCCGTG-1,9.113878,13.440297,s1d3
CTCTCAGGTTAGAGTA-1,10.490189,9.186176,s1d3
CTCTCAGGTTGGGTAG-1,-2.5533254,11.212871,s1d3
CTCTCAGTCATCCTAT-1,9.488757,8.954812,s1d3
CTCTCAGTCCGTGCGA-1,-4.7034054,9.9589815,s1d3
CTCTCAGTCCGTGGTG-1,9.641532,5.9073534,s1d3
CTCTCAGTCGTAGGGA-1,-3.1007361,13.499398,s1d3
CTCTCAGTCTGGGATT-1,10.038384,7.393958,s1d3
CTCTCGAAGATCACTC-1,10.510313,7.094978,s1d3
CTCTCGAAGGAATCGC-1,3.124836,15.95325,s1d3
CTCTCGAAGGGCATGT-1,13.150676,7.498976,s1d3
CTCTCGACAAACACGG-1,9.269447,6.504857,s1d3
CTCTCGACAGAACTAA-1,7.8681965,19.335342,s1d3
CTCTCGATCTATTCGT-1,12.611146,6.153631,s1d3
CTCTGGTCATTCTCTA-1,2.9687593,18.467472,s1d3
CTCTGGTGTGGGTCAA-1,3.7111578,18.461094,s1d3
CTCTGGTTCAGGACAG-1-1,2.0814896,1.7471926,s1d3
CTCTGGTTCCACTTTA-1,2.8001277,4.8403487,s1d3
CTCTGGTTCTCCCAAC-1,11.799785,1.5130327,s1d3
CTGAATGAGGTACAGC-1,9.633296,-1.5326067,s1d3
CTGAATGGTACAACGG-1,9.574199,8.31098,s1d3
CTGAATGGTAGGATAT-1,14.635843,6.663877,s1d3
CTGAATGGTGCACAAG-1,6.428364,12.015774,s1d3
CTGAATGGTTCGAACT-1,13.436614,5.3993406,s1d3
CTGAATGTCACTGTTT-1,9.026708,13.401184,s1d3
CTGAATGTCATAGGCT-1,-4.416694,8.679804,s1d3
CTGAATGTCCTTCAGC-1,9.720666,5.9860125,s1d3
CTGAATGTCGCCTCTA-1,-4.8920455,9.562865,s1d3
CTGAGCGAGAGCAGTC-1,8.677408,6.1953325,s1d3
CTGAGCGAGTTCATCG-1,14.093174,5.666912,s1d3
CTGAGCGAGTTGAATG-1,-3.803047,11.249451,s1d3
CTGAGCGCAATGGGTG-1,10.213912,-5.040128,s1d3
CTGAGCGCACCTGCAG-1,3.3144765,19.74893,s1d3
CTGAGCGCATTCACCC-1,9.05595,-3.5853503,s1d3
CTGAGCGGTATGCGGA-1,3.9842575,18.297203,s1d3
CTGAGCGGTTCCCAAA-1,11.473735,9.216173,s1d3
CTGAGCGGTTGATCGT-1,8.745437,13.865259,s1d3
CTGAGCGGTTTGACAC-1,9.635298,12.998632,s1d3
CTGAGCGTCCATACTT-1,12.963713,4.237721,s1d3
CTGAGCGTCTTTACAC-1,12.174962,11.253733,s1d3
CTGAGGCAGACCAAGC-1,-3.820027,9.676968,s1d3
CTGAGGCCAACTGGTT-1,6.827627,11.438567,s1d3
CTGAGGCCAATTTCGG-1,15.619219,8.003481,s1d3
CTGAGGCCACTTGAAC-1,8.223182,-3.8589902,s1d3
CTGAGGCGTTTCACAG-1,8.624338,7.247537,s1d3
CTGAGGCGTTTCGGCG-1,12.487877,10.723455,s1d3
CTGAGGCTCACCTGGG-1,-4.3629355,10.994702,s1d3
CTGAGGCTCCGTGGCA-1,1.1866809,3.0450964,s1d3
CTGAGGCTCGCCTCTA-1,10.877078,7.8337383,s1d3
CTGAGGCTCTCCAATT-1,-0.39224237,6.942924,s1d3
CTGAGGCTCTGGAGAG-1,11.837105,6.7136693,s1d3
CTGATCCAGCTCATAC-1,-5.210699,8.289223,s1d3
CTGATCCAGTAATTGG-1,8.944234,7.1010027,s1d3
CTGATCCCAGGTGAGT-1,-5.5347304,9.778577,s1d3
CTGATCCGTTCATCTT-1,7.9352846,18.686697,s1d3
CTGATCCTCGAAGTGG-1,-4.1659846,10.163797,s1d3
CTGCAGGAGAGCAAGA-1,2.3121445,16.724148,s1d3
CTGCAGGCAATCTCTT-1,13.476991,10.063212,s1d3
CTGCAGGGTGTCGCTG-1,3.3296986,15.284056,s1d3
CTGCAGGTCCTACCAC-1,8.11658,1.4749438,s1d3
CTGCAGGTCGACATAC-1,-4.7492814,10.52299,s1d3
CTGCAGGTCGTAATGC-1,12.987614,12.140151,s1d3
CTGCATCAGTCATGGG-1,10.821003,13.621557,s1d3
CTGCATCGTACAGCGA-1,9.265103,6.0311146,s1d3
CTGCATCGTAGTCTGT-1,-3.2840922,12.3945055,s1d3
CTGCATCTCCCTATTA-1,7.9815507,7.3803115,s1d3
CTGCATCTCGCTTACC-1,11.930681,9.037388,s1d3
CTGCATCTCTTACCAT-1,11.630931,9.884536,s1d3
CTGCCATAGACGGTTG-1,-1.2018318,7.4982343,s1d3
CTGCCATAGGGTGAAA-1,-2.3818035,5.6529927,s1d3
CTGCCATAGGTTCTTG-1,3.7649217,20.394346,s1d3
CTGCCATCAACAGCTT-1,6.384611,12.034074,s1d3
CTGCCATGTAGCGTAG-1,9.506099,8.422011,s1d3
CTGCCATGTCTGCCTT-1,-3.6404047,9.17819,s1d3
CTGCCATGTTGCCATA-1,-1.2893251,7.564231,s1d3
CTGCCATTCATGCTAG-1,8.139606,7.4031982,s1d3
CTGCCATTCGAATGCT-1,6.9937544,2.8108854,s1d3
CTGCCATTCGACCATA-1,4.2702155,2.599464,s1d3
CTGCCTAAGAAATTCG-1,-4.565232,6.783023,s1d3
CTGCCTAAGGTTCCAT-1,12.7899685,12.153801,s1d3
CTGCCTACAAGTGGCA-1,-5.4468365,9.523548,s1d3
CTGCCTACACCTCAGG-1,-2.251939,10.44713,s1d3
CTGCCTACATTGCTTT-1,7.502683,11.830179,s1d3
CTGCCTAGTGTCCACG-1,-2.7960882,11.902245,s1d3
CTGCCTATCCATCTCG-1,11.916322,12.720938,s1d3
CTGCGAGAGTGCAGGT-1,10.814452,12.566021,s1d3
CTGCGAGAGTGTTCCA-1,3.1855702,20.21277,s1d3
CTGCGAGAGTTGTACC-1,5.960975,11.295076,s1d3
CTGCGAGCAAAGTGTA-1,8.33892,12.856346,s1d3
CTGCGAGCAACCTAAC-1,8.586492,8.827978,s1d3
CTGCGAGCAGAACCGA-1,2.2590742,15.901658,s1d3
CTGCGAGCAGTCGCAC-1,13.758536,3.991107,s1d3
CTGCGAGTCAAAGGTA-1,2.1014512,5.300683,s1d3
CTGCGAGTCCTGATAG-1,10.239581,7.967994,s1d3
CTGCTCAAGACTTAAG-1,8.905371,6.280857,s1d3
CTGCTCAAGCCTGCCA-1,9.149517,7.357849,s1d3
CTGCTCAAGGAGGTTC-1,13.011106,7.484916,s1d3
CTGCTCAAGGATTCCT-1,9.3565235,-1.2677824,s1d3
CTGCTCACAACGCATT-1,-5.126796,9.258592,s1d3
CTGCTCACAAGCCCAC-1,4.0168266,19.74475,s1d3
CTGCTCAGTGAATAAC-1,9.018107,7.002104,s1d3
CTGCTCATCCACTTTA-1,13.660033,3.5538917,s1d3
CTGCTCATCCCTAGGG-1,9.049689,6.600581,s1d3
CTGCTCATCGTTGCCT-1,6.546743,19.992838,s1d3
CTGGACGAGCACCCAC-1,12.153193,12.444869,s1d3
CTGGACGAGGCGCTCT-1,13.30713,6.4569993,s1d3
CTGGACGCAAGAATGT-1,-4.0030823,11.554329,s1d3
CTGGACGCAAGATTGA-1,8.19124,13.367895,s1d3
CTGGACGCAATAGTCC-1,12.978822,5.3173456,s1d3
CTGGACGCATGACTGT-1,-4.560188,9.687313,s1d3
CTGGACGTCTTCGACC-1,8.274716,6.3737793,s1d3
CTGGACGTCTTGGATG-1,3.461667,20.21308,s1d3
CTGGCAGCAACCTAAC-1,14.276902,7.286921,s1d3
CTGGCAGCAATGAAAC-1,-1.4316723,6.813536,s1d3
CTGGCAGCAGAAACCG-1,9.954884,7.83936,s1d3
CTGGCAGCATGACCCG-1-1,8.507237,6.189596,s1d3
CTGGCAGGTATTAAGG-1,12.654208,11.929594,s1d3
CTGGCAGGTCACGTGC-1,9.53304,7.8412557,s1d3
CTGGCAGGTCGTCGGT-1,-3.1024475,10.8926935,s1d3
CTGGCAGGTCTCACGG-1,9.012576,6.200651,s1d3
CTGGCAGTCCACAGCG-1,9.315035,13.411315,s1d3
CTGGCAGTCGCCACTT-1,-5.197829,9.809173,s1d3
CTGGCAGTCGTTCAGA-1,7.9518733,18.572386,s1d3
CTGGCAGTCTATTCGT-1,3.1529565,5.7434373,s1d3
CTGGCAGTCTGTCCGT-1,6.551375,11.74093,s1d3
CTGGTCTGTAACATCC-1,3.1433659,15.26181,s1d3
CTGGTCTGTACCGCGT-1,14.912199,6.127098,s1d3
CTGGTCTGTGAGCCAA-1,9.183678,8.256994,s1d3
CTGGTCTTCCGGTTCT-1,10.929278,8.1180105,s1d3
CTGGTCTTCGCAGTTA-1,13.570901,8.312146,s1d3
CTGGTCTTCGGCATTA-1,-3.1331692,11.227058,s1d3
CTGGTCTTCTAAACGC-1,-2.6532848,10.916532,s1d3
CTGGTCTTCTCTAAGG-1,10.985798,8.759397,s1d3
CTGTACCAGAGCCATG-1,10.580454,10.585762,s1d3
CTGTACCCAAATAAGC-1,9.19149,5.9999533,s1d3
CTGTACCCAATCGAAA-1,1.9382058,4.927469,s1d3
CTGTACCCAGTCAGCC-1,-5.6861024,9.76172,s1d3
CTGTACCGTCGATTAC-1,8.937786,6.2941275,s1d3
CTGTACCGTGATGTAA-1,12.407183,10.921863,s1d3
CTGTACCGTGGCTCTG-1,10.983066,13.986798,s1d3
CTGTACCGTTCGAAGG-1,8.935327,-4.661955,s1d3
CTGTACCGTTGTGCAT-1,8.78836,-0.37399837,s1d3
CTGTACCGTTTACCTT-1,12.453893,10.930919,s1d3
CTGTACCTCTTGAGCA-1,8.835587,13.7157,s1d3
CTGTAGAAGCCTCGTG-1,13.1146755,4.031101,s1d3
CTGTAGAAGCTGTGCC-1,12.76677,8.280681,s1d3
CTGTAGACAATAGTAG-1,2.7757056,5.104724,s1d3
CTGTAGACACAGCTTA-1,8.969937,6.798742,s1d3
CTGTAGACATAGCACT-1,-4.378385,9.991174,s1d3
CTGTAGAGTGGGCTCT-1,13.029168,5.130319,s1d3
CTGTAGAGTGGTCCGT-1,9.298369,7.966584,s1d3
CTGTAGAGTTGTGTAC-1,8.764852,7.807596,s1d3
CTGTAGATCGTTTACT-1,13.282279,6.207094,s1d3
CTGTATTAGCCAAGTG-1,12.338826,9.306368,s1d3
CTGTATTAGGCGTTGA-1,12.60072,12.332137,s1d3
CTGTATTCAAATGCTC-1,3.564855,19.769264,s1d3
CTGTATTCATACTTTC-1,9.954709,9.699086,s1d3
CTGTATTGTATTCTCT-1,-5.1828628,9.76892,s1d3
CTGTATTTCAGGTGTT-1,-4.394467,10.20875,s1d3
CTGTCGTAGCACCTGC-1,12.540135,12.179589,s1d3
CTGTCGTAGCCAAGCA-1,-3.2992454,11.950758,s1d3
CTGTCGTAGGCTAAAT-1,2.9539285,19.75852,s1d3
CTGTCGTAGTCACGAG-1,9.511066,7.9372845,s1d3
CTGTCGTCAGAGAGGG-1,-3.7006004,10.666006,s1d3
CTGTCGTCATCTTTCA-1,14.440195,5.972512,s1d3
CTGTCGTGTCTAGATC-1,11.112583,10.247466,s1d3
CTGTCGTTCCCGTTCA-1,1.0092411,2.1378322,s1d3
CTGTCGTTCTAGACAC-1,13.445826,5.4933825,s1d3
CTGTCGTTCTTTCCGG-1,10.700298,7.6369596,s1d3
CTGTGAAAGAGCATAT-1,11.813279,9.142231,s1d3
CTGTGAAAGCATCCTA-1,-4.947562,10.587396,s1d3
CTGTGAACAATGAGCG-1,-3.7880182,9.9408865,s1d3
CTGTGAACACACTTAG-1,9.6989355,9.280642,s1d3
CTGTGAACACTAACGT-1,11.947253,10.844955,s1d3
CTGTGAACACTACCGG-1,-4.877947,9.428819,s1d3
CTGTGAAGTGTCATCA-1,9.55861,6.668799,s1d3
CTGTGAAGTTTGTTCT-1,8.558963,7.029661,s1d3
CTGTGAATCGACCCAG-1,3.8996427,4.3976483,s1d3
CTGTGAATCTGTAAGC-1,9.549065,7.3860908,s1d3
CTGTGGGAGCACGGAT-1,9.8415575,8.225837,s1d3
CTGTGGGAGTGGAAAG-1,13.350385,5.645804,s1d3
CTGTGGGCAGCGCGTT-1,13.585787,7.621006,s1d3
CTGTGGGGTAGCGCTC-1,2.2351618,3.2464383,s1d3
CTGTGGGGTTAGTTCG-1,13.213508,6.489963,s1d3
CTGTGGGTCCGGCAAC-1,11.888297,10.239099,s1d3
CTTACCGAGAGTGGCT-1,-3.3644779,10.646972,s1d3
CTTACCGAGCGACATG-1,-3.8042514,10.0233135,s1d3
CTTACCGAGGCCTAAG-1,9.509293,7.9377,s1d3
CTTACCGCACCTGCTT-1,-1.4589574,6.947148,s1d3
CTTACCGCAGATCCAT-1,-2.849781,10.785453,s1d3
CTTACCGGTCGCTGCA-1,8.635176,6.335908,s1d3
CTTACCGGTGGTCCGT-1,9.822376,6.036961,s1d3
CTTACCGGTTGTCCCT-1,5.945382,19.288187,s1d3
CTTACCGTCTATCGGA-1,-3.2594733,13.400113,s1d3
CTTACCGTCTTACCGC-1,3.8707638,19.716457,s1d3
CTTAGGAAGACTTCCA-1,13.0005,6.8861494,s1d3
CTTAGGAAGATACAGT-1,-3.6426814,9.693472,s1d3
CTTAGGACACGCAGTC-1,14.302808,8.028047,s1d3
CTTAGGAGTATTGGCT-1,2.7250009,0.7172242,s1d3
CTTAGGAGTCACGTGC-1,-2.9646726,10.29002,s1d3
CTTAGGAGTTACCCTC-1,2.909772,0.0512273,s1d3
CTTAGGATCTGTCTCG-1,-3.3360262,11.798423,s1d3
CTTCAATAGCACTGGA-1,3.9568176,3.683217,s1d3
CTTCAATAGCGTATGG-1,10.812287,9.53318,s1d3
CTTCAATCAACCCTAA-1,13.098051,10.235827,s1d3
CTTCAATCAAGATGTA-1,8.340802,8.9171,s1d3
CTTCAATCAGGCTATT-1,10.023594,12.7188425,s1d3
CTTCAATGTGAATTAG-1,8.920199,6.592533,s1d3
CTTCCGAAGAGCCGTA-1,-4.0697474,9.286178,s1d3
CTTCCGAAGCTTTCTT-1,0.5214662,2.4162838,s1d3
CTTCCGAAGTACTGGG-1,6.1311507,20.07457,s1d3
CTTCCGAGTAACACCT-1,6.276753,11.916418,s1d3
CTTCCGAGTTGTTGTG-1,5.6165886,17.577957,s1d3
CTTCCGATCAGCAGAG-1,7.190206,20.167269,s1d3
CTTCCGATCCTGTTAT-1,15.14346,6.6636996,s1d3
CTTCCGATCGATACGT-1,-4.2846036,8.952943,s1d3
CTTCCGATCTTTCCAA-1,5.6973486,18.042555,s1d3
CTTCCTTAGACGGTTG-1,8.739985,-3.6835873,s1d3
CTTCCTTCAAGTATAG-1,14.352462,9.582451,s1d3
CTTCCTTCAATTTCTC-1,4.3511696,2.740124,s1d3
CTTCCTTCACCTATCC-1,9.605675,-1.0862107,s1d3
CTTCCTTCACTTCTCG-1,12.869593,9.679265,s1d3
CTTCCTTCATTCCTCG-1,-5.305017,8.582601,s1d3
CTTCCTTGTACGAAAT-1,12.264262,2.0797307,s1d3
CTTCCTTGTACGTTCA-1,10.952307,11.120978,s1d3
CTTCCTTGTCCATAGT-1,-4.8722234,10.170027,s1d3
CTTCCTTGTGTAAACA-1,9.221493,6.474576,s1d3
CTTCCTTGTTGGTGTT-1,9.667764,-1.0498626,s1d3
CTTCCTTTCAAAGGTA-1,5.7707925,11.337794,s1d3
CTTCCTTTCAAGGAGC-1,8.5215435,7.5189686,s1d3
CTTCCTTTCCGGACGT-1,-0.7018362,5.689924,s1d3
CTTCCTTTCCTTGGAA-1,10.079504,7.189588,s1d3
CTTCCTTTCTCAGGCG-1,9.882218,9.103766,s1d3
CTTCGGTAGGCTATCT-1,10.084464,8.867927,s1d3
CTTCGGTAGGGCATGT-1,9.473674,7.884466,s1d3
CTTCGGTGTCCGGATC-1,13.180891,6.642202,s1d3
CTTCGGTGTCTGTGCG-1,10.529247,-3.6311204,s1d3
CTTCGGTGTGCAACGA-1,13.632645,5.666597,s1d3
CTTCGGTGTTGGCCGT-1,1.953353,1.4744314,s1d3
CTTCGGTTCAGGCGAA-1,15.246655,7.768756,s1d3
CTTCGGTTCATGAAAG-1,12.570465,11.559699,s1d3
CTTCGGTTCCATCTCG-1,11.712624,9.770753,s1d3
CTTCGGTTCCATTTAC-1,13.845365,9.508694,s1d3
CTTCGGTTCTTAGCAG-1,9.485827,1.696839,s1d3
CTTCTAAAGATTCGCT-1,10.268299,12.64694,s1d3
CTTCTAAAGCTTCTAG-1,10.485028,7.272288,s1d3
CTTCTAAAGGGCGAAG-1,-4.0728674,11.2205515,s1d3
CTTCTAATCGGTGAAG-1,8.989767,7.239626,s1d3
CTTCTCTAGCGGGTTA-1,8.419874,14.086461,s1d3
CTTCTCTAGTAGATCA-1,-3.0822103,13.571606,s1d3
CTTCTCTTCCACCTCA-1,14.955986,6.4459634,s1d3
CTTCTCTTCGTGGAAG-1,-4.861637,8.547892,s1d3
CTTCTCTTCTAGTACG-1,3.6868103,4.872774,s1d3
CTTGAGAGTCTCACGG-1,-1.3879131,7.179451,s1d3
CTTGAGATCACTCCGT-1,2.985242,0.73723793,s1d3
CTTGATTAGACCCTTA-1,-1.5414994,5.310335,s1d3
CTTGATTAGAGTGACC-1,11.183568,9.561846,s1d3
CTTGATTAGGTGGCTA-1,5.980505,18.225132,s1d3
CTTGATTAGTGACCTT-1,9.445439,-3.703341,s1d3
CTTGATTCAAATCAGA-1,7.178507,11.923635,s1d3
CTTGATTCAGCTATTG-1,14.681051,8.098651,s1d3
CTTGATTGTCTATGAC-1,11.867386,9.706332,s1d3
CTTGATTGTGCAGATG-1,7.519588,7.9504023,s1d3
CTTGATTTCAAGAGTA-1,15.098503,8.644015,s1d3
CTTGATTTCCACGGGT-1,14.923477,5.810403,s1d3
CTTGATTTCCCGAACG-1,12.959863,7.5126324,s1d3
CTTGATTTCCGCACGA-1,12.464544,6.1299953,s1d3
CTTGATTTCTGCGGCA-1,8.926592,7.1660905,s1d3
CTTTCAACAAGTCCAT-1,4.0050435,17.92669,s1d3
CTTTCAACATGGAAGC-1,10.857835,-3.907473,s1d3
CTTTCAACATGGATCT-1,8.26812,12.508113,s1d3
CTTTCAATCATGTCTT-1,8.865324,13.69636,s1d3
CTTTCAATCGGTAAGG-1,-3.8296087,10.132769,s1d3
CTTTCAATCTATTTCG-1,9.46408,-3.3351495,s1d3
CTTTCAATCTCCAAGA-1,15.55477,9.427745,s1d3
CTTTCGGAGACTTAAG-1,13.615106,6.449996,s1d3
CTTTCGGAGCAGTACG-1,10.679632,8.23216,s1d3
CTTTCGGAGCCTTTCC-1,9.345949,8.935637,s1d3
CTTTCGGAGTCATGAA-1,11.201551,12.589402,s1d3
CTTTCGGAGTGTAGTA-1,-3.1603782,13.068772,s1d3
CTTTCGGCAACCGTGC-1,10.302007,6.7587447,s1d3
CTTTCGGCACTCGATA-1,-4.025757,9.252928,s1d3
CTTTCGGCAGCCTATA-1,9.453456,6.638327,s1d3
CTTTCGGCAGTGGTGA-1,9.853035,9.304031,s1d3
CTTTCGGCATTCTCTA-1,8.720929,14.109818,s1d3
CTTTCGGGTATTTCGG-1,4.265581,17.945522,s1d3
CTTTCGGTCAGATGCT-1,3.352678,19.490831,s1d3
CTTTCGGTCGACGCTG-1,10.943894,13.309084,s1d3
CTTTCGGTCGGCTTCT-1,11.077992,6.129225,s1d3
GAAACCTAGAAGCGAA-1,-1.4391451,5.447137,s1d3
GAAACCTAGCGTTCAT-1,8.03288,19.608572,s1d3
GAAACCTCAATTCTTC-1,10.717573,13.275174,s1d3
GAAACCTCACACGTGC-1,12.620987,12.152444,s1d3
GAAACCTGTAGGAGGG-1,12.617159,12.111193,s1d3
GAAACCTGTTGTCAGT-1,6.2479873,11.830006,s1d3
GAAACCTTCCATACAG-1,8.660234,13.642322,s1d3
GAAACCTTCTATTCGT-1,8.949579,7.2774234,s1d3
GAAATGAAGCACTCGC-1,12.300201,9.244518,s1d3
GAAATGAAGTATAGGT-1,11.833187,9.340732,s1d3
GAAATGACACCAGACC-1,9.797155,8.1472025,s1d3
GAAATGAGTCTACATG-1,13.847901,4.261091,s1d3
GAAATGAGTTGCATAC-1,10.938324,7.7105455,s1d3
GAAATGATCCAACCGG-1,11.999693,9.54169,s1d3
GAAATGATCCGTGGCA-1,10.821977,6.9573307,s1d3
GAACACTAGACATAAC-1,14.734636,5.269342,s1d3
GAACACTAGAGTGTGC-1,10.68332,7.556808,s1d3
GAACACTAGCTCGAAG-1,11.043872,9.776403,s1d3
GAACACTAGGTTGACG-1,8.487389,6.1873946,s1d3
GAACACTCAATAGTAG-1,9.949997,9.320517,s1d3
GAACACTCACTTGTCC-1,13.688605,4.737979,s1d3
GAACACTGTAGAGTTA-1,8.520388,7.0244083,s1d3
GAACACTGTTAGGGTG-1,6.540044,20.63203,s1d3
GAACACTTCAAGTAAG-1,10.006453,6.780503,s1d3
GAACGTTAGACTACCT-1,8.500802,7.158686,s1d3
GAACGTTCATCGAACT-1,9.566101,6.898636,s1d3
GAACGTTGTGACAGGT-1,8.737486,6.808601,s1d3
GAACGTTGTTGTTTGG-1,8.50322,6.588294,s1d3
GAACGTTTCCTACGAA-1,10.50011,7.919617,s1d3
GAACTGTAGTCATTGC-1,7.5431347,11.770644,s1d3
GAACTGTCACTACTTT-1,9.396921,5.7030187,s1d3
GAACTGTGTCCCGCAA-1,6.001289,11.199317,s1d3
GAACTGTGTCTTGCTC-1,7.089135,12.337848,s1d3
GAACTGTGTGTAAACA-1,14.018979,5.901278,s1d3
GAACTGTGTTGCGTAT-1,10.872691,7.773117,s1d3
GAAGAATAGATCCCAT-1,14.096275,4.054474,s1d3
GAAGAATCAAGGTCAG-1,9.33012,0.5705472,s1d3
GAAGAATCACCAAATC-1,8.944367,8.365584,s1d3
GAAGAATCATAGGTAA-1,11.152346,2.5536647,s1d3
GAAGAATCATGTTACG-1,11.203508,12.412765,s1d3
GAAGAATGTAGCTAAA-1,8.964031,-5.2358756,s1d3
GAAGAATTCATCGGGC-1,11.972803,10.304453,s1d3
GAAGAATTCCATCAGA-1,9.989451,-5.1982803,s1d3
GAAGAATTCCGCACTT-1,13.262989,8.178849,s1d3
GAAGAATTCGCTTGCT-1,13.293689,6.3702464,s1d3
GAAGAATTCTGGGATT-1,11.313164,11.543808,s1d3
GAAGCCCAGACGGAAA-1,-4.723926,9.914246,s1d3
GAAGCCCAGATAGCAT-1,13.73793,6.3198853,s1d3
GAAGCCCAGGTGAGCT-1,-4.945488,8.52383,s1d3
GAAGCCCAGTCAATCC-1,-3.852053,10.1194725,s1d3
GAAGCCCCAAGGGTCA-1,9.265007,6.1426005,s1d3
GAAGCCCCACCAATTG-1,-3.6269152,9.4999485,s1d3
GAAGCCCCACTTGGCG-1,0.58663815,2.2003968,s1d3
GAAGCCCGTATGAAGT-1,4.158163,19.134367,s1d3
GAAGCCCGTTCCTAGA-1,10.662108,12.994103,s1d3
GAAGCCCTCATGTCAG-1,2.7116194,4.91708,s1d3
GAAGCCCTCCTCATAT-1,8.301958,-2.5196457,s1d3
GAAGCCCTCCTCTCGA-1,9.576271,7.7638373,s1d3
GAAGCCCTCTGCATGA-1,9.518825,7.8304105,s1d3
GAAGCGAAGAGGGTGG-1,12.647009,6.4453154,s1d3
GAAGCGAAGAGTAACT-1,2.3321419,5.168428,s1d3
GAAGCGAAGCCACAAG-1,9.878056,-4.365665,s1d3
GAAGCGAAGGACTGGT-1,8.392751,1.3584915,s1d3
GAAGCGAAGGATATAC-1,11.917417,11.967616,s1d3
GAAGCGACAAGGAGTC-1,8.669272,8.794864,s1d3
GAAGCGACAGATTTCG-1,5.736038,17.556894,s1d3
GAAGCGAGTATGGTTC-1,10.368474,9.343126,s1d3
GAAGCGAGTCGGTACC-1,9.020613,8.196557,s1d3
GAAGCGATCAGGTAAA-1,15.561475,9.84319,s1d3
GAAGCGATCCACGAAT-1,8.3014765,1.4725695,s1d3
GAAGCGATCGCTCATC-1,-4.9814053,10.584371,s1d3
GAAGCGATCGGCAGTC-1,5.1752815,2.199971,s1d3
GAAGCGATCTATTTCG-1,8.714668,14.081901,s1d3
GAAGCGATCTTGCAAG-1,-4.0307627,8.969391,s1d3
GAAGGACAGAGTAACT-1,2.9140503,5.169084,s1d3
GAAGGACAGCAACTCT-1,14.251493,6.0463424,s1d3
GAAGGACAGGAAAGAC-1,9.371761,7.857289,s1d3
GAAGGACAGTGGATTA-1,9.695538,9.403664,s1d3
GAAGGACAGTTTAGGA-1,8.271698,12.4494095,s1d3
GAAGGACCAACCGTGC-1,7.1623964,11.988093,s1d3
GAAGGACCACGACAAG-1,3.8090754,19.694582,s1d3
GAAGGACCAGAACATA-1,-3.6398728,10.382032,s1d3
GAAGGACGTAACCCTA-1,10.687573,8.542227,s1d3
GAAGGACGTAGGACCA-1,12.216102,6.8836007,s1d3
GAAGGACGTGCTCCGA-1,6.9486866,19.528744,s1d3
GAAGGACTCCTCAGGG-1,10.178492,-3.474922,s1d3
GAAGGACTCGCAATGT-1,8.445153,-2.9755206,s1d3
GAAGGGTAGGTTCTAC-1,12.459902,6.5639396,s1d3
GAAGGGTAGTAGCAAT-1,13.376965,4.7159786,s1d3
GAAGGGTAGTTCCATG-1,10.388559,8.992808,s1d3
GAAGGGTCAGAAGCGT-1,12.079318,12.4977455,s1d3
GAAGGGTGTACATTGC-1,11.15931,10.118103,s1d3
GAAGGGTGTCACAGTT-1,8.896446,8.072638,s1d3
GAAGGGTGTCCTTTGC-1,7.9536147,7.792958,s1d3
GAAGGGTGTTCCGTTC-1,8.049165,7.264627,s1d3
GAAGGGTTCTTCCCAG-1,-3.9597912,11.927977,s1d3
GAAGTAAAGAGATTCA-1,11.018188,8.074129,s1d3
GAAGTAAAGAGTCAAT-1,-1.1244673,4.4808245,s1d3
GAAGTAAAGGGAACAA-1,10.92594,10.351335,s1d3
GAAGTAAAGTAATCCC-1,12.129359,10.920965,s1d3
GAAGTAACAACGGCTC-1,14.475873,8.266578,s1d3
GAAGTAACACAAGTGG-1,11.258737,11.648028,s1d3
GAAGTAACACTCATAG-1,10.398499,8.154525,s1d3
GAAGTAAGTATGAAAC-1,9.648172,7.750445,s1d3
GAAGTAAGTCTTGGTA-1,11.184136,8.784817,s1d3
GAAGTAAGTGGCTTGC-1,5.6013055,18.42414,s1d3
GAAGTAAGTTCTCACC-1,11.717802,7.2711225,s1d3
GAAGTAATCCCTAGGG-1,12.225711,-1.3295709,s1d3
GAAGTAATCCGAAATC-1,10.323446,8.361645,s1d3
GAAGTAATCCGAGATT-1,-5.0637665,10.3178425,s1d3
GAATAGAAGTAGCATA-1,11.500126,9.974086,s1d3
GAATAGACAACCTATG-1,12.368686,10.053351,s1d3
GAATAGACAAGCTACT-1,10.532951,7.7786126,s1d3
GAATAGACAGGCGTTC-1,6.4664493,18.872877,s1d3
GAATAGACATTCTCTA-1,-4.6068397,7.0354276,s1d3
GAATAGAGTCCCTAAA-1,6.5476685,11.415633,s1d3
GAATAGATCCTGATAG-1,0.6556204,2.324632,s1d3
GAATCACAGCACTTTG-1,3.4905515,5.2683387,s1d3
GAATCACAGTGCGCTC-1,15.960577,7.838245,s1d3
GAATCACCACTTCAAG-1,3.3019753,16.135002,s1d3
GAATCACCAGTCGAGA-1,7.4430118,-2.2971685,s1d3
GAATCACGTACCACGC-1,12.930913,7.1774435,s1d3
GAATCACGTTGTTGCA-1,-3.392097,10.227193,s1d3
GAATCACTCATTCGTT-1,-5.1919847,8.602883,s1d3
GAATCACTCCTACGGG-1,7.426075,-1.8453225,s1d3
GAATCGTAGATAGTGT-1,12.709853,6.604901,s1d3
GAATCGTAGCGTCGAA-1,12.17192,11.654746,s1d3
GAATCGTCACGGTGAA-1,10.061157,7.744703,s1d3
GAATCGTCACTTCTCG-1,10.500834,-4.978636,s1d3
GAATCGTCAGTCGGAA-1,10.510668,7.7099295,s1d3
GAATCGTCATGTCTAG-1,13.553484,3.707257,s1d3
GAATCGTGTGTAGTGG-1,5.764714,18.883003,s1d3
GAATCGTGTTGCGAAG-1,5.632622,11.464421,s1d3
GAATCGTTCTGGGAGA-1,-3.6879165,10.8531685,s1d3
GACACGCAGACAACAT-1,10.63446,5.961248,s1d3
GACACGCCACAATGAA-1,4.4904084,19.126537,s1d3
GACACGCCAGAACTCT-1,8.0230255,6.666994,s1d3
GACACGCGTTAAGGGC-1,12.526693,12.4504385,s1d3
GACACGCGTTACGGAG-1,3.5269012,4.3239446,s1d3
GACACGCGTTCCGCGA-1,12.580425,8.872582,s1d3
GACACGCTCAGACCGC-1,12.86782,12.490419,s1d3
GACACGCTCTAGTACG-1,-5.2918797,10.113167,s1d3
GACAGCCCAATGCTCA-1,-1.831912,5.6367245,s1d3
GACAGCCCACTAAACC-1,10.310577,6.5633903,s1d3
GACAGCCCATCGTGGC-1,3.7275562,16.129702,s1d3
GACAGCCGTTTGAACC-1,3.9167128,19.812712,s1d3
GACATCAAGAAGGTAG-1,8.85633,6.55015,s1d3
GACATCACAACCGCTG-1,8.996215,13.883157,s1d3
GACATCACATCGCTCT-1,4.4841256,16.09308,s1d3
GACATCAGTAGTTCCA-1,1.2563496,3.235421,s1d3
GACATCATCCACGGGT-1,-4.649272,9.137493,s1d3
GACATCATCCGTAGTA-1,9.621637,6.089913,s1d3
GACATCATCGCTTGCT-1,-4.204064,10.726051,s1d3
GACATCATCGGCATTA-1,3.5220933,15.468851,s1d3
GACATCATCTGTGCGG-1,8.536481,8.290865,s1d3
GACCAATAGAGCCGAT-1,-2.9350238,12.22745,s1d3
GACCAATAGCCGATTT-1,9.698462,8.544108,s1d3
GACCAATAGCCTCATA-1,10.06641,9.217195,s1d3
GACCAATAGGTGCTTT-1,9.133932,6.794126,s1d3
GACCAATAGTAAGACT-1,9.245941,6.9930387,s1d3
GACCAATCAAAGCTAA-1,2.2160766,15.738604,s1d3
GACCAATCATCTTTCA-1,14.178523,9.034039,s1d3
GACCAATGTGCGAGTA-1,-4.9944487,10.960843,s1d3
GACCCAGAGAAGGATG-1,8.054242,13.4147215,s1d3
GACCCAGAGGGATCTG-1,-3.390409,10.997417,s1d3
GACCCAGCACCGCTGA-1,-2.6421967,12.009772,s1d3
GACCCAGCATAATCCG-1,11.601537,7.8238134,s1d3
GACCCAGGTACAAACA-1,8.16132,13.723582,s1d3
GACCCAGGTCATGCAT-1,-3.2255297,10.458843,s1d3
GACCCAGTCATGACAC-1,12.117626,11.324543,s1d3
GACCCAGTCCATTTAC-1,11.950299,9.438531,s1d3
GACCCAGTCGCGTCGA-1,10.803455,13.645787,s1d3
GACCCAGTCGTTCTCG-1,7.854327,7.7690196,s1d3
GACCCAGTCTTCTGTA-1,-4.769368,10.222049,s1d3
GACCCTTAGAGTCGAC-1,-0.43970197,7.312303,s1d3
GACCCTTCATCATCTT-1,3.4256465,5.049585,s1d3
GACCCTTCATCGTGCG-1,12.9011545,7.479837,s1d3
GACCCTTGTTGACGGA-1,7.955592,-3.836449,s1d3
GACCCTTTCCACTGAA-1,8.106292,-4.3716702,s1d3
GACCGTGGTCCTCATC-1,10.17481,7.942152,s1d3
GACCGTGGTGACAGCA-1,11.101119,9.583018,s1d3
GACCGTGGTTCAAGTC-1,7.735901,8.216439,s1d3
GACCGTGTCGGCATTA-1,-2.7873538,12.4831705,s1d3
GACCTTCAGTTAGTGA-1,-2.986657,13.190366,s1d3
GACCTTCCAAGAGTGC-1,10.53451,9.464262,s1d3
GACCTTCCACAAAGCG-1,12.461825,7.967666,s1d3
GACCTTCCATTGACCA-1,-3.0608435,11.185643,s1d3
GACCTTCGTCCATACA-1,-3.6133225,13.278492,s1d3
GACCTTCGTGTTGATC-1,9.60103,6.556357,s1d3
GACCTTCTCGGCCTTT-1,-0.9471857,4.9296145,s1d3
GACGCTGAGCTAGCCC-1,8.277992,-4.5766726,s1d3
GACGCTGAGTCATACC-1,12.403124,-1.113056,s1d3
GACGCTGCAGTCGTTA-1,8.822793,8.199574,s1d3
GACGCTGGTAAGTTGA-1,9.281759,1.4486266,s1d3
GACGCTGGTGCAATAA-1,3.6849282,19.358955,s1d3
GACGCTGGTTCTGAGT-1,7.996997,18.937136,s1d3
GACGCTGTCCGACAGC-1,-1.0591018,7.3742337,s1d3
GACGCTGTCGCTGTTC-1,12.902267,3.508601,s1d3
GACGCTGTCTCTATGT-1,-1.6157646,5.6535606,s1d3
GACGTTAAGGGTATAT-1,-4.109544,10.349547,s1d3
GACGTTACAGGTTCCG-1,6.228809,18.987225,s1d3
GACGTTACATTCGGGC-1,10.978019,7.2760468,s1d3
GACGTTAGTCAACATC-1,11.860257,9.200219,s1d3
GACGTTAGTCACGCTG-1,11.873146,7.3914366,s1d3
GACGTTAGTCCTTAAG-1,10.042846,9.064198,s1d3
GACGTTAGTCTCCCTA-1,8.636658,7.5706263,s1d3
GACGTTATCGGCGATC-1,12.824689,-3.6420915,s1d3
GACGTTATCTTCCCAG-1,6.101398,20.11258,s1d3
GACTATGAGCGGGTTA-1,7.826063,11.55373,s1d3
GACTATGAGTAGACCG-1,8.598316,13.102763,s1d3
GACTATGCAAATGCGG-1,8.45469,6.767899,s1d3
GACTATGCAATTGAGA-1,8.470103,8.488535,s1d3
GACTATGCACTCATAG-1,-5.031636,9.659983,s1d3
GACTATGCACTTGGGC-1,9.624835,8.5667515,s1d3
GACTATGCAGTTGGTT-1,8.073344,6.7679806,s1d3
GACTATGGTTGGACCC-1,6.2658453,11.640069,s1d3
GACTATGGTTTCACAG-1,8.807808,7.0068727,s1d3
GACTATGTCATCTACT-1,8.314795,13.5923815,s1d3
GACTCAAAGAGTATAC-1,8.381976,6.471477,s1d3
GACTCAACACTGTGAT-1,8.818672,8.00942,s1d3
GACTCAAGTAGCGATG-1,-3.5554821,11.70236,s1d3
GACTCAAGTCATGGCC-1,4.1114,18.24385,s1d3
GACTCAAGTCTTTCTA-1,12.954642,6.9105463,s1d3
GACTCAAGTGGAAGTC-1,11.157515,13.43628,s1d3
GACTCTCAGGCCCACT-1,10.069488,8.361892,s1d3
GACTCTCAGTCATAGA-1,11.630146,11.431272,s1d3
GACTCTCAGTTGGCTT-1,-1.9183265,5.638071,s1d3
GACTCTCCAAGGTCTT-1,8.758945,6.2526298,s1d3
GACTCTCCATAGACTC-1,16.45583,8.131285,s1d3
GACTCTCGTCATCTAG-1,10.313492,-3.912763,s1d3
GACTCTCTCTTCCAGC-1,15.166627,8.459702,s1d3
GACTGATCAAGGTCGA-1,12.092175,6.9394884,s1d3
GACTGATGTAGCGCTC-1,-3.7633882,12.361319,s1d3
GACTGATGTCACTGAT-1,15.765467,8.601132,s1d3
GACTGATGTCGAATTC-1,-0.059904132,3.7380378,s1d3
GACTGATGTCGAGCAA-1,-4.264653,9.541463,s1d3
GACTGATTCTGCTGAA-1,9.062282,1.5407882,s1d3
GACTTCCAGCCAACCC-1,11.370378,7.7811217,s1d3
GACTTCCAGCGTCTCG-1,3.1297565,2.9492028,s1d3
GACTTCCCAACCGATT-1,11.334933,6.892618,s1d3
GACTTCCCAATGACCT-1,3.342221,3.4250538,s1d3
GACTTCCCACCTCAGG-1,10.0827265,7.8467703,s1d3
GACTTCCCAGGTGTTT-1,3.3664677,19.298716,s1d3
GACTTCCGTTATAGAG-1,3.4606261,19.643684,s1d3
GAGAAATAGACGCTCC-1,8.3676195,7.573463,s1d3
GAGAAATAGGTAAGTT-1,10.144974,7.4547076,s1d3
GAGAAATCAGCTTCCT-1,10.349959,-3.181791,s1d3
GAGAAATCATTGAAAG-1,12.394117,6.6104918,s1d3
GAGAAATGTCAGACGA-1,12.053868,6.6979823,s1d3
GAGAAATTCATTGCCC-1,9.096724,8.480571,s1d3
GAGAAATTCGTGCAGC-1,8.871706,6.3657484,s1d3
GAGAAATTCTAGGCCG-1,10.640709,7.171407,s1d3
GAGACCCAGACGAAGA-1,9.627913,7.757857,s1d3
GAGACCCCACCAGCCA-1,-4.2586555,10.340929,s1d3
GAGACCCCACGATTCA-1,10.623845,9.281742,s1d3
GAGACCCGTACAGGTG-1,-3.8387349,12.249873,s1d3
GAGACCCGTATAGGAT-1,6.749444,20.465479,s1d3
GAGACCCGTGAGTTGG-1,11.869755,10.129704,s1d3
GAGACCCGTGCAATAA-1,11.4110155,8.60718,s1d3
GAGACCCGTTGGGATG-1,7.814422,-2.4484456,s1d3
GAGACCCTCGCATAGT-1,-2.1107807,5.710528,s1d3
GAGACCCTCGTGGCTG-1,8.15779,13.556021,s1d3
GAGACCCTCTGGCCAG-1,3.2340639,15.945376,s1d3
GAGACTTAGCGTACAG-1,7.452583,19.621405,s1d3
GAGACTTAGTGGTCAG-1,8.853348,14.237682,s1d3
GAGACTTCACTAAACC-1,11.739593,9.925849,s1d3
GAGACTTCATATCTCT-1,-1.1055528,7.568862,s1d3
GAGACTTGTCCTGAAT-1,2.9963512,15.933666,s1d3
GAGACTTGTGTTCGTA-1,9.012257,6.448181,s1d3
GAGACTTGTTCTCAGA-1,8.42492,13.541781,s1d3
GAGACTTGTTGCATCA-1,12.766768,10.746946,s1d3
GAGACTTTCCCAATAG-1,12.500245,6.197704,s1d3
GAGAGGTAGTAAGACT-1,0.37330726,2.6173394,s1d3
GAGAGGTAGTCAGCGA-1,10.863652,8.227274,s1d3
GAGAGGTCAATTGTGC-1,2.4684477,16.148024,s1d3
GAGAGGTCATCGTTCC-1,2.599947,19.972069,s1d3
GAGAGGTCATGCCGGT-1,3.730262,2.8638139,s1d3
GAGAGGTGTGCGTTTA-1,8.258047,19.406664,s1d3
GAGAGGTTCCCTTCCC-1,16.18246,8.490204,s1d3
GAGAGGTTCGCTGTCT-1,8.783861,6.4073176,s1d3
GAGATGGAGCGTGCTC-1,-4.7465725,11.205793,s1d3
GAGATGGCACAGCGCT-1,11.805841,12.764922,s1d3
GAGATGGCACCAGTTA-1,7.938184,7.202889,s1d3
GAGATGGCACTTGTGA-1,8.099273,9.050017,s1d3
GAGATGGCAGCACACC-1,15.622413,7.842261,s1d3
GAGATGGGTTTCAGAC-1,2.9472213,20.021608,s1d3
GAGATGGTCCGCCTAT-1,6.5614214,11.410667,s1d3
GAGATGGTCGGTCATA-1,12.222046,10.546626,s1d3
GAGCCTGCAAATGAGT-1,9.172059,7.462361,s1d3
GAGCCTGCAATGCAAA-1,8.947206,13.498184,s1d3
GAGCCTGCACAAACGG-1,14.0008545,8.077218,s1d3
GAGCCTGTCCGGCAGT-1,-4.59798,10.400103,s1d3
GAGCCTGTCTGGCCAG-1,-4.8099194,9.652687,s1d3
GAGCCTGTCTTAGCAG-1,11.401792,17.621658,s1d3
GAGCTGCAGAGGCGGA-1,-3.831916,11.06093,s1d3
GAGCTGCAGATACATG-1,0.4109396,3.021535,s1d3
GAGCTGCAGTCACGAG-1,14.345857,5.1237926,s1d3
GAGCTGCAGTGCAGGT-1,10.617307,8.8808,s1d3
GAGCTGCGTACTCCGG-1,-3.1215937,11.977607,s1d3
GAGCTGCGTAGCCAGA-1,14.910915,6.771307,s1d3
GAGCTGCGTGCCTATA-1,12.127517,12.625374,s1d3
GAGCTGCGTTGCACGC-1,9.319893,7.7879214,s1d3
GAGCTGCTCACCTTAT-1,-0.21702741,7.2203755,s1d3
GAGCTGCTCTCGTTTA-1,11.681421,17.970535,s1d3
GAGCTGCTCTTGTGCC-1,-4.6748233,6.0452356,s1d3
GAGGCAACAATTAGGA-1,4.204219,20.365013,s1d3
GAGGCAACAGAGTGTG-1,6.15838,11.5351095,s1d3
GAGGCAACATCGAAGG-1,9.678491,8.999557,s1d3
GAGGCAAGTATGGGAC-1,9.113935,5.937074,s1d3
GAGGCAAGTCTGCGCA-1,14.004595,6.2400208,s1d3
GAGGCAAGTGAGCCAA-1,9.654276,8.021755,s1d3
GAGGCAAGTTCACCGG-1,7.0163946,12.021454,s1d3
GAGGCAATCCTATTTG-1,9.261062,9.330047,s1d3
GAGGCCTAGCTTAAGA-1,7.2267966,11.820017,s1d3
GAGGCCTCACTCGATA-1,10.507486,9.639336,s1d3
GAGGCCTCACTCTGCT-1,9.205603,6.2229037,s1d3
GAGGCCTCAGCGTGAA-1,11.041439,17.275276,s1d3
GAGGCCTGTCGTGGTC-1,15.537946,7.2302074,s1d3
GAGGCCTGTCGTTGGC-1,4.1612406,2.5701318,s1d3
GAGGGATAGAACGCGT-1,5.9247646,11.652412,s1d3
GAGGGATAGGACAAGA-1,9.850134,7.926429,s1d3
GAGGGATGTACAAACA-1,3.8516476,18.517422,s1d3
GAGGGATGTGCATTTG-1,9.633463,7.8511343,s1d3
GAGGGATGTTCTGACA-1,11.025693,11.575773,s1d3
GAGGGATTCACTCGAA-1,12.821372,6.9621463,s1d3
GAGGGATTCACTTCTA-1-1,11.28993,0.5638125,s1d3
GAGGGATTCTCTAAGG-1,-4.6109276,10.239823,s1d3
GAGGGTAAGTGGAAAG-1,9.016329,-1.4052249,s1d3
GAGGGTACAATCGCCG-1,8.823214,13.165086,s1d3
GAGGGTACACAAATCC-1,-4.34139,10.5222225,s1d3
GAGGGTAGTCCTGTTC-1,1.3669478,1.6616641,s1d3
GAGTCATAGACATAAC-1,11.777666,10.56625,s1d3
GAGTCATCAACTCCCT-1,13.924924,4.373508,s1d3
GAGTCATGTGAACGGT-1,13.803254,7.2061505,s1d3
GAGTCATGTGAATGTA-1,13.40222,4.3623466,s1d3
GAGTCATGTGCTTATG-1,11.193472,11.482331,s1d3
GAGTCATTCAATCCGA-1,9.841923,8.180202,s1d3
GAGTCATTCGAGCTGC-1,12.597061,6.8862977,s1d3
GAGTCATTCTCGTCAC-1,-4.642386,9.768921,s1d3
GAGTCTAAGACGTCGA-1,-4.762651,10.40973,s1d3
GAGTCTAAGGACATCG-1,3.3048773,4.776986,s1d3
GAGTCTAAGTGAGTTA-1,15.63652,8.851076,s1d3
GAGTCTACAATTGCTG-1,10.973901,9.224375,s1d3
GAGTCTACACAAATCC-1,13.679669,7.7286677,s1d3
GAGTCTAGTGGCTTGC-1,11.767137,6.743434,s1d3
GAGTCTATCGTGGCGT-1,7.7856083,-2.493165,s1d3
GAGTCTATCTTAGCCC-1,13.897542,7.894287,s1d3
GAGTGAGGTCAACCAT-1,8.334334,13.252954,s1d3
GAGTGAGTCAGTCCGG-1,11.829423,10.006408,s1d3
GAGTGAGTCCTCTAAT-1,10.545301,7.6941395,s1d3
GAGTGAGTCCTGCCAT-1,8.06778,19.499376,s1d3
GAGTGAGTCCTGTAGA-1,12.27631,10.449696,s1d3
GAGTGAGTCGTCTAAG-1,10.733014,7.1559873,s1d3
GAGTGAGTCTCGCTTG-1,-4.7592278,9.81403,s1d3
GAGTGTTAGCTTCTAG-1,8.845058,9.098383,s1d3
GAGTGTTAGGACAGTC-1,9.236759,1.4634101,s1d3
GAGTGTTAGTAATACG-1,12.864634,4.3567605,s1d3
GAGTGTTCATCGCTGG-1,9.070596,6.9716306,s1d3
GAGTGTTGTTCAATCG-1,14.052318,7.8507857,s1d3
GAGTGTTTCCGACAGC-1,12.733239,5.8516073,s1d3
GAGTGTTTCGCCGATG-1,12.09051,6.459866,s1d3
GAGTTACAGTGGCGAT-1,2.510445,17.637497,s1d3
GAGTTACCACCAGCCA-1,8.545085,13.937177,s1d3
GAGTTACCAGGCTTGC-1,-0.9628322,5.7051134,s1d3
GAGTTACCAGTTTCAG-1,10.047165,8.975078,s1d3
GAGTTACCATAAGCGG-1,12.37405,11.856948,s1d3
GAGTTACCATCAGCGC-1,10.283,8.648017,s1d3
GAGTTACGTCTCACGG-1,13.644516,3.3219523,s1d3
GAGTTACTCAAGTAAG-1,14.172538,7.747344,s1d3
GAGTTACTCCGTGTGG-1,-1.0672067,4.0946636,s1d3
GAGTTGTAGATAACGT-1,11.093703,9.68183,s1d3
GAGTTGTAGCAACAAT-1,8.320538,6.903701,s1d3
GAGTTGTAGCTCCATA-1,9.653471,12.688956,s1d3
GAGTTGTAGGTAGTAT-1,12.149052,6.5104628,s1d3
GAGTTGTCAATACAGA-1,9.48452,-5.107613,s1d3
GAGTTGTCACAACGCC-1,13.321522,10.637734,s1d3
GAGTTGTCACGGCCAT-1,15.614884,8.412539,s1d3
GAGTTGTCAGTCGGAA-1,-3.2864077,9.792998,s1d3
GAGTTGTCATGTTACG-1,1.0724611,3.5555975,s1d3
GAGTTGTGTCTGTAAC-1,6.273339,18.847929,s1d3
GAGTTGTGTGTGAGCA-1,8.985147,6.0089035,s1d3
GAGTTGTGTTCGTAAC-1,8.764502,8.5489235,s1d3
GAGTTGTGTTTCGTGA-1,7.9102793,7.513924,s1d3
GAGTTTGAGGGTTGCA-1,12.668646,7.326656,s1d3
GAGTTTGCAAACACGG-1,-4.8419356,8.570708,s1d3
GAGTTTGCAACTGCCG-1,12.332761,6.6458206,s1d3
GAGTTTGCACACTGGC-1,-3.1885781,9.004521,s1d3
GAGTTTGCAGGGATAC-1,13.380065,7.772587,s1d3
GAGTTTGCAGTTGTCA-1,-5.6686993,8.976591,s1d3
GAGTTTGCATCTATCT-1,9.852773,9.414643,s1d3
GAGTTTGGTGGAACAC-1,4.160716,18.040178,s1d3
GAGTTTGGTTCCGTTC-1,3.740729,3.0096235,s1d3
GAGTTTGTCAATGCAC-1,3.305399,1.9858967,s1d3
GAGTTTGTCCATGATG-1,5.9109845,11.776181,s1d3
GAGTTTGTCTGACCCT-1,9.687478,9.793754,s1d3
GATAGAAAGCGTGCCT-1,10.361278,7.116006,s1d3
GATAGAACACCCTGAG-1,12.697138,7.594232,s1d3
GATAGAACAGAGTCAG-1,9.779789,8.221847,s1d3
GATAGAAGTCCAGCCA-1-1,11.091547,11.348043,s1d3
GATAGAAGTTAGTTCG-1,-3.73532,9.400357,s1d3
GATAGAATCGGTCACG-1,12.649927,12.532855,s1d3
GATAGAATCTGTGTGA-1,10.440106,7.588371,s1d3
GATAGCTAGATAGCAT-1,15.131873,8.6102495,s1d3
GATAGCTAGCATCAGG-1,8.273006,6.933624,s1d3
GATAGCTAGTGGACTG-1,14.598325,6.879051,s1d3
GATAGCTGTATTCCTT-1,15.435625,7.6075454,s1d3
GATAGCTTCGAGTTGT-1,-3.2091525,9.428472,s1d3
GATAGCTTCTCTTAAC-1,11.943725,6.9235363,s1d3
GATCACAAGGCTCACC-1,7.504412,19.52323,s1d3
GATCACAAGGGTAGCT-1,3.7646093,16.589867,s1d3
GATCACAAGTAGCTCT-1,8.533712,8.850662,s1d3
GATCACAGTATCGTGT-1,8.654596,6.235705,s1d3
GATCACAGTCGCGTTG-1,8.036417,8.713149,s1d3
GATCAGTAGACGGTCA-1,2.128604,5.2181125,s1d3
GATCAGTCAAGTGTCT-1,10.233233,8.190924,s1d3
GATCAGTCACACGGAA-1,10.878968,8.576504,s1d3
GATCAGTGTCATGGCC-1,2.9224498,5.6254945,s1d3
GATCAGTGTCTCCTGT-1,13.891057,5.7198915,s1d3
GATCAGTGTTGCGGCT-1,2.196455,15.889109,s1d3
GATCAGTTCACCTCAC-1,4.06679,18.32749,s1d3
GATCAGTTCACTCCGT-1,9.028399,7.037603,s1d3
GATCAGTTCAGTGGGA-1,9.553495,7.3647175,s1d3
GATCAGTTCCCAGGCA-1,4.510339,19.46047,s1d3
GATCAGTTCGCGCTGA-1,6.222152,11.051242,s1d3
GATCAGTTCGTCGATA-1,12.970365,2.8439958,s1d3
GATCAGTTCTACGCGG-1,6.469403,11.922486,s1d3
GATCATGAGCCTCACG-1,12.296598,12.860555,s1d3
GATCATGAGCGCCGTT-1,10.760989,12.925874,s1d3
GATCATGCACACGGTC-1,12.62436,11.289222,s1d3
GATCATGCACCGTCGA-1,8.555848,7.638735,s1d3
GATCATGGTGGATTTC-1,12.487824,12.425961,s1d3
GATCATGTCATCCCGT-1,0.9537707,1.9800133,s1d3
GATCATGTCCCTCGTA-1,8.734606,6.48486,s1d3
GATCCCTAGGTGATCG-1,9.091875,10.032211,s1d3
GATCCCTAGTATCCTG-1,9.021356,6.073878,s1d3
GATCCCTGTTACTCAG-1,12.613454,6.89854,s1d3
GATCCCTTCAGACCGC-1,5.6578116,11.097329,s1d3
GATCCCTTCCACATAG-1,10.986127,13.783483,s1d3
GATCCCTTCCGTGTCT-1,7.939412,12.939832,s1d3
GATCCCTTCGACATTG-1,10.296926,7.9114594,s1d3
GATCCCTTCGTACACA-1,6.027157,11.649742,s1d3
GATCCCTTCTTTACAC-1,-4.7118196,11.290217,s1d3
GATCGTAAGCGAATGC-1,10.67156,7.589054,s1d3
GATCGTAAGGCCTAAG-1,13.834155,3.5440478,s1d3
GATCGTAAGGGTTGCA-1,14.628022,5.8178864,s1d3
GATCGTACAACACACT-1,12.677379,8.496072,s1d3
GATCGTACAATCTCGA-1,10.747815,8.42956,s1d3
GATCGTACACTTCAAG-1,9.702819,6.593603,s1d3
GATCGTACATGGTGGA-1,10.305409,9.1529045,s1d3
GATCGTAGTCACCACG-1,11.899265,12.522279,s1d3
GATCGTATCAGCACCG-1,8.0984125,19.4593,s1d3
GATCGTATCCGGACTG-1,15.5138855,8.950861,s1d3
GATCGTATCTCCGATC-1,8.963875,6.7494497,s1d3
GATCGTATCTCGCTCA-1,-3.9128923,8.639654,s1d3
GATGACTAGAGCATAT-1,3.6304965,5.5509124,s1d3
GATGACTAGATGAACT-1,9.21779,6.925556,s1d3
GATGACTAGGTACAGC-1,-4.5794506,10.660705,s1d3
GATGACTCACAGACGA-1,12.01508,6.7637343,s1d3
GATGACTCACCGTGCA-1,2.820073,5.314193,s1d3
GATGACTCATTGCCGG-1,6.57369,11.338102,s1d3
GATGACTGTAGCCCTG-1,11.210926,7.245828,s1d3
GATGACTGTTCTAAGC-1,3.2319932,4.438588,s1d3
GATGACTTCGGTGAAG-1,-3.0099216,12.1075,s1d3
GATGAGGAGATGTAGT-1,5.7829633,11.197769,s1d3
GATGAGGAGGTTGAGC-1,10.397727,10.345177,s1d3
GATGAGGCAACCTATG-1,10.331147,8.289999,s1d3
GATGAGGCACAGTCGC-1,-2.7335052,11.455623,s1d3
GATGAGGCACTTACAG-1,12.432024,6.4113436,s1d3
GATGAGGCAGCAGTTT-1,10.328326,7.646928,s1d3
GATGAGGGTGGTAATA-1,11.2710285,10.111824,s1d3
GATGAGGTCACTTCTA-1,9.794055,9.17931,s1d3
GATGAGGTCGAGTGGA-1,10.317368,7.5807223,s1d3
GATGAGGTCGGAAACG-1,13.107975,5.18629,s1d3
GATGAGGTCTATTTCG-1,-4.1109023,9.993169,s1d3
GATGAGGTCTCAAAGC-1,8.428017,13.473133,s1d3
GATGATCAGGTAGGCT-1,7.9254665,8.652261,s1d3
GATGATCAGTCAGGGT-1,6.9367533,11.946413,s1d3
GATGATCGTCAGCTTA-1,8.199185,9.078184,s1d3
GATGCTAAGCTGCCTG-1,13.2808485,7.591522,s1d3
GATGCTAAGGGACTGT-1,3.15817,20.162294,s1d3
GATGCTAAGGTAGTAT-1,12.262324,12.055148,s1d3
GATGCTAAGTCCCTAA-1,14.224821,8.6888275,s1d3
GATGCTAGTGCAACGA-1,3.1051097,16.000187,s1d3
GATGCTAGTGTGGTCC-1,-2.4181855,10.999607,s1d3
GATGCTATCGAAGTGG-1,9.298933,5.814996,s1d3
GATGGAGCAAGAGGTC-1,9.5065155,9.923477,s1d3
GATGGAGCAGAAGTTA-1,2.860502,19.873661,s1d3
GATGGAGCAGATTTCG-1,2.4583368,16.848457,s1d3
GATGGAGGTACGGTTT-1,4.2336445,19.229715,s1d3
GATGGAGGTCACAATC-1,5.8551917,18.095314,s1d3
GATGGAGGTGGATCGA-1,11.9931555,6.4572086,s1d3
GATGGAGGTTACGATC-1,9.361451,9.157716,s1d3
GATGGAGGTTCTCTCG-1,-4.0205417,8.625593,s1d3
GATGGAGGTTGGCTAT-1,12.526183,-3.6283927,s1d3
GATGGAGTCACGGGAA-1,4.312896,1.994255,s1d3
GATGGAGTCCCAAGCG-1,5.205384,19.147852,s1d3
GATGGAGTCTAACGCA-1,12.208345,-1.2879682,s1d3
GATGGAGTCTGGACCG-1,12.609483,3.576651,s1d3
GATGTTGAGAATACAC-1,11.020317,7.0469775,s1d3
GATGTTGAGAGGGTGG-1,8.584566,7.125776,s1d3
GATGTTGAGTGGCAGT-1,12.192981,11.37773,s1d3
GATGTTGCAAATGAAC-1,7.636879,11.9745865,s1d3
GATGTTGCAAGACCTT-1,10.442424,8.709049,s1d3
GATGTTGCACCAGCTG-1,2.1964986,15.704121,s1d3
GATGTTGCATCGATAC-1,9.335771,6.7908597,s1d3
GATGTTGGTAGCTTTG-1,-4.1671715,8.311331,s1d3
GATGTTGTCCAAGGGA-1,8.630141,14.20362,s1d3
GATGTTGTCTACGCAA-1,10.735831,10.223255,s1d3
GATTCGAAGATAGCAT-1,10.201804,13.001497,s1d3
GATTCGAAGCATTGTC-1,14.70518,9.197953,s1d3
GATTCGAAGCCACTCG-1,-2.6207824,10.961831,s1d3
GATTCGAAGTTTCGAC-1,3.0105703,20.067335,s1d3
GATTCGACAATACAGA-1,5.8524485,11.285897,s1d3
GATTCGACACAGTATC-1,9.69272,6.535276,s1d3
GATTCGATCAACTGGT-1,10.835756,2.1357195,s1d3
GATTCGATCCGATTAG-1,6.0420084,11.540363,s1d3
GATTCGATCTTTCTAG-1,2.5848541,4.574382,s1d3
GATTCTTAGGCGCTCT-1,-5.344906,9.730929,s1d3
GATTCTTCACGGCCAT-1,9.665287,8.9577875,s1d3
GATTCTTGTCTTCAAG-1,8.528174,13.641576,s1d3
GATTCTTTCATGAGAA-1,-2.7708929,12.401664,s1d3
GATTGGTAGAGCATAT-1,6.7802796,2.8904483,s1d3
GATTGGTAGGTTCATC-1,8.377106,7.1937113,s1d3
GATTGGTCACCTCGTT-1,12.804471,8.275254,s1d3
GATTGGTCAGGACTTT-1,8.416048,2.3775303,s1d3
GATTGGTGTAGTCGGA-1,10.425582,7.4726105,s1d3
GATTGGTTCAGACATC-1,-3.8704667,8.923666,s1d3
GATTTCTAGATGGGCT-1,6.534199,12.060936,s1d3
GATTTCTAGCTCGCAC-1,10.802863,7.1549654,s1d3
GATTTCTCAACTCCCT-1,2.2115993,15.997185,s1d3
GATTTCTCAATCTCTT-1,4.242553,19.940105,s1d3
GATTTCTCATCGGAGA-1,-0.7645791,3.4948945,s1d3
GATTTCTGTACCCGAC-1,13.299231,3.9625843,s1d3
GATTTCTGTTGGATCT-1,-0.20022938,3.2110171,s1d3
GATTTCTTCAAGATAG-1,12.050299,9.704463,s1d3
GCAACATAGAGCATTA-1,-3.140895,12.101034,s1d3
GCAACATAGAGCCATG-1,8.128706,13.552162,s1d3
GCAACATCACACAGCC-1,-3.811221,11.852849,s1d3
GCAACATCACTTACAG-1,10.440697,7.453506,s1d3
GCAACATCAGTAGAGC-1,-5.1475363,9.064046,s1d3
GCAACATCATAGCTGT-1,-3.2848911,11.241497,s1d3
GCAACATTCAGACCCG-1,9.420623,12.820272,s1d3
GCAACATTCCGATGTA-1,3.69557,18.392616,s1d3
GCAACATTCGGACTGC-1,-4.8485723,9.75324,s1d3
GCAACCGAGGGCATGT-1,3.605745,15.469031,s1d3
GCAACCGCACATTCTT-1,-1.6408975,5.243029,s1d3
GCAACCGGTAGATGTA-1,12.41801,11.495165,s1d3
GCAACCGGTCAACCAT-1,7.141383,2.9929235,s1d3
GCAACCGGTCACTCTC-1,-4.233189,11.425532,s1d3
GCAACCGGTGGATGAC-1,16.021019,7.550066,s1d3
GCAACCGGTTATGTCG-1,12.382575,9.618668,s1d3
GCAACCGTCCAAACCA-1,9.606521,-4.64587,s1d3
GCACATAAGTCACACT-1,10.101006,8.041461,s1d3
GCACATACACCGTCGA-1,11.28147,11.388619,s1d3
GCACATACACCTCGTT-1,3.718629,19.298994,s1d3
GCACATACAGGCTACC-1,-5.0341873,8.859383,s1d3
GCACATACATGAGAAT-1,-0.25985575,3.248953,s1d3
GCACATAGTAGATTGA-1,9.722998,5.984542,s1d3
GCACATAGTTCGATTG-1,6.585551,20.274672,s1d3
GCACATATCACAGTGT-1,9.148126,-3.3295014,s1d3
GCACATATCAGCAGAG-1,2.348171,16.900133,s1d3
GCACGGTAGATTGAGT-1,14.439404,6.306884,s1d3
GCACGGTAGCTGGCTC-1,6.1808968,11.862731,s1d3
GCACGGTAGTCCTACA-1,8.585892,12.830362,s1d3
GCACGGTGTACCTAAC-1,-2.5535312,11.203284,s1d3
GCACGGTTCAACGCTA-1,14.037914,5.470711,s1d3
GCACGGTTCCTGTTGC-1,5.873344,18.081652,s1d3
GCACGGTTCGTAGTGT-1,9.309874,-4.171738,s1d3
GCACGTGAGACTAGAT-1,-5.059439,10.586827,s1d3
GCACGTGGTACAGCGA-1,8.929892,1.1802734,s1d3
GCACGTGGTATCAGCT-1,13.868299,8.920636,s1d3
GCACGTGGTCGAGTTT-1,7.635739,3.186678,s1d3
GCACGTGGTGTGAATA-1,11.673171,9.515954,s1d3
GCACGTGGTTGCCATA-1,9.815604,-4.0444946,s1d3
GCACGTGTCAGCCCAG-1,9.08046,9.14328,s1d3
GCACGTGTCCACTGGG-1,10.529132,13.754766,s1d3
GCACGTGTCCATCAGA-1,9.877929,7.8669577,s1d3
GCACGTGTCCTCTTTC-1,9.282789,-3.114111,s1d3
GCACGTGTCGGTCTAA-1,9.055681,12.705654,s1d3
GCACTAAAGCACTAAA-1,13.137755,6.5084453,s1d3
GCACTAAAGCGTTAGG-1,8.26012,6.8991246,s1d3
GCACTAAAGGATTTCC-1,2.1385798,15.884984,s1d3
GCACTAAAGGTAAACT-1,10.944736,9.518704,s1d3
GCACTAAAGGTGCTAG-1,10.57224,8.622475,s1d3
GCACTAAAGGTTGAGC-1,14.120305,7.5360465,s1d3
GCACTAACAAGAGAGA-1,10.047644,7.806362,s1d3
GCACTAACAAGTGATA-1,-5.0687156,10.8325405,s1d3
GCACTAACACAAGGTG-1,5.6799884,11.252383,s1d3
GCACTAACAGCTCCTT-1,-5.227339,8.441799,s1d3
GCACTAAGTCACTTCC-1,7.384213,11.780475,s1d3
GCACTAAGTCTCAAGT-1,9.388862,5.7210975,s1d3
GCACTAATCATACAGC-1,7.2977242,11.73501,s1d3
GCACTAATCTTAATCC-1,8.898692,-4.8838286,s1d3
GCAGCCAAGGAACGAA-1,8.039015,18.518793,s1d3
GCAGCCACAAGAAACT-1,11.660734,9.359624,s1d3
GCAGCCACAAGTTGGG-1,14.399874,7.104555,s1d3
GCAGCCACACGACAGA-1,5.7356644,11.595449,s1d3
GCAGCCACACGCACCA-1,10.090507,7.692509,s1d3
GCAGCCAGTCTCGCGA-1,9.180995,6.412812,s1d3
GCAGCCAGTGACTGTT-1,-3.2023265,9.583001,s1d3
GCAGCCAGTGCCTGCA-1,13.86683,5.7429843,s1d3
GCAGCCAGTTCCATTT-1,8.912851,1.6546081,s1d3
GCAGCCAGTTGACTGT-1,10.84417,7.6140447,s1d3
GCAGCCATCAGAGTGG-1,13.618307,3.9783368,s1d3
GCAGCTGAGGATGGCT-1,5.0542426,2.3645244,s1d3
GCAGCTGCACCAGCGT-1,9.335931,7.6011806,s1d3
GCAGCTGCAGGCGTTC-1,14.229363,4.4523487,s1d3
GCAGCTGCATATTCGG-1,9.15112,8.684921,s1d3
GCAGCTGGTGAACTAA-1,2.96415,-0.028237946,s1d3
GCAGCTGTCACGGGAA-1,-5.0473585,8.53746,s1d3
GCAGCTGTCATAGCAC-1,10.580776,9.554964,s1d3
GCAGCTGTCTCTGCCA-1,9.443553,6.0792875,s1d3
GCAGGCTAGATTCGCT-1,9.248715,2.9730506,s1d3
GCAGGCTAGGTGCCTC-1,14.845185,9.792347,s1d3
GCAGGCTCAACTGTGT-1,9.432928,-2.0367637,s1d3
GCAGGCTCAGGTGTTT-1,11.796297,9.65767,s1d3
GCAGGCTGTCGCGTTG-1,3.193968,5.5975847,s1d3
GCAGGCTGTGTCATGT-1,11.268752,3.4106867,s1d3
GCAGGCTTCGAACCTA-1,9.048577,6.433995,s1d3
GCAGGCTTCGACGATT-1,-4.4765368,9.975307,s1d3
GCAGGCTTCGGTAGGA-1,11.822724,10.920185,s1d3
GCAGTTAAGGTGGCTA-1,14.179517,6.036282,s1d3
GCAGTTACAATCTGCA-1,8.7624035,-3.8370595,s1d3
GCAGTTACACATTCGA-1,-4.6683364,10.520215,s1d3
GCAGTTAGTCCTACGG-1,9.386908,9.280966,s1d3
GCAGTTAGTCTGCAAT-1,-3.9464765,10.938042,s1d3
GCATCGGAGGGATCTG-1,8.705267,13.62271,s1d3
GCATCGGGTACCGTCG-1,8.408496,6.7951736,s1d3
GCATCGGTCAACTCTT-1,8.603206,8.958059,s1d3
GCATCGGTCTATCGGA-1,12.635704,-3.4508834,s1d3
GCATCGGTCTTCGATT-1,13.5792265,7.506746,s1d3
GCATCTCAGCCTGAAG-1,9.047968,7.421652,s1d3
GCATCTCAGTAGTCTC-1,9.446008,6.800813,s1d3
GCATCTCAGTCAAGCG-1,14.247063,8.009979,s1d3
GCATCTCCACGTAACT-1,11.756699,9.906519,s1d3
GCATCTCCATCGCTGG-1,10.001357,12.262349,s1d3
GCATCTCGTCCAAGAG-1,7.7887206,19.470709,s1d3
GCATCTCGTGGCAACA-1,10.6209,7.8625293,s1d3
GCATCTCTCCATATGG-1,-5.0025935,10.531604,s1d3
GCATCTCTCGTAGAGG-1,11.5974,9.31752,s1d3
GCATGATCACAGTCGC-1,12.590869,11.711841,s1d3
GCATGATCACCCTTAC-1,8.317927,13.390116,s1d3
GCATGATCAGAACTTC-1,8.486698,14.057428,s1d3
GCATGATCATGGACAG-1,12.310276,12.012095,s1d3
GCATGATGTAATGCTC-1,12.723271,10.827027,s1d3
GCATGATTCAGACCGC-1,13.397461,7.6236525,s1d3
GCATGATTCGAGTCCG-1,8.946714,5.959337,s1d3
GCATTAGAGAAGCCAC-1,10.137557,7.773947,s1d3
GCATTAGAGAGTCACG-1,7.765682,2.432065,s1d3
GCATTAGAGCTCGGCT-1,11.1614,6.641325,s1d3
GCATTAGAGGAATGTT-1,8.536206,14.003015,s1d3
GCATTAGAGTTCCATG-1,9.454991,-4.943294,s1d3
GCATTAGCACAAAGCG-1,8.871778,1.209153,s1d3
GCATTAGCATGAAAGT-1,8.976899,3.4319165,s1d3
GCATTAGGTATTAAGG-1,11.200717,9.899042,s1d3
GCATTAGTCGCTTAAG-1,14.824773,8.579246,s1d3
GCATTAGTCGTCTCAC-1,14.301493,5.723311,s1d3
GCCAACGAGAATTGTG-1,10.881331,13.916897,s1d3
GCCAACGAGACATAAC-1,-2.9629664,13.127191,s1d3
GCCAACGAGAGATTCA-1,10.736945,7.375976,s1d3
GCCAACGAGTATTAGG-1,-4.467236,11.457538,s1d3
GCCAACGCACCGGTCA-1,10.230418,7.4602,s1d3
GCCAACGCACCTCGTT-1,-4.96493,8.468069,s1d3
GCCAACGCACGAGAAC-1,8.095193,13.807355,s1d3
GCCAACGGTTTGTTCT-1,4.630218,18.655102,s1d3
GCCAACGTCACTTGGA-1,-2.8746898,11.758562,s1d3
GCCAACGTCGCACGAC-1,10.030747,8.859862,s1d3
GCCAGCAAGGAGATAG-1,7.754139,19.141378,s1d3
GCCAGCAAGGCTGAAC-1,11.667733,-1.3324943,s1d3
GCCAGCACAGACTCTA-1,-4.0848355,9.623589,s1d3
GCCAGCACAGTCTACA-1,11.406133,9.042259,s1d3
GCCAGCAGTAAGACCG-1,12.271173,6.0109463,s1d3
GCCAGCAGTATCTCTT-1,3.3065464,15.938238,s1d3
GCCAGCAGTTAGCTAC-1,-4.904483,10.0703,s1d3
GCCAGCAGTTTACGAC-1,9.577905,-3.263812,s1d3
GCCAGCATCCGACGGT-1,11.0978365,9.035687,s1d3
GCCAGGTAGTAACCGG-1,9.04833,6.147914,s1d3
GCCAGGTAGTATTGCC-1,3.2447553,19.124878,s1d3
GCCAGGTGTAACTGCT-1,6.2024813,11.318371,s1d3
GCCAGGTGTATTGGCT-1,9.536753,12.916386,s1d3
GCCAGGTGTCGCACGT-1,-2.9125857,12.179353,s1d3
GCCAGGTTCACTCGAA-1,11.884679,1.7431263,s1d3
GCCAGTGCACCCTATC-1,10.137862,8.397203,s1d3
GCCAGTGCAGATAAAC-1,5.2012267,17.90147,s1d3
GCCAGTGCAGCTGTAT-1,10.259601,6.7245417,s1d3
GCCAGTGCATAACAGA-1,16.302185,7.8143883,s1d3
GCCAGTGCATACCATG-1,9.6623745,8.518302,s1d3
GCCAGTGGTAGCTGCC-1,12.196885,9.486483,s1d3
GCCAGTGGTAGTAAGT-1,3.484645,19.856268,s1d3
GCCAGTGGTTAAGGAT-1,12.149295,9.438773,s1d3
GCCAGTGGTTGGTAGG-1,11.361339,9.721231,s1d3
GCCAGTGTCATTCCTA-1,10.4397335,8.8608265,s1d3
GCCAGTGTCTCTCGAC-1,8.834922,7.144027,s1d3
GCCATGGAGCCTTCTC-1,9.06254,7.6271496,s1d3
GCCATGGCAGAAGCTG-1,8.822819,13.671631,s1d3
GCCATGGGTTAGGGTG-1,2.0199535,3.7925496,s1d3
GCCATGGGTTAGTTCG-1,8.905318,5.885459,s1d3
GCCATGGTCAACCTTT-1,8.669375,14.111445,s1d3
GCCATGGTCGTCAGAT-1,14.918637,7.562436,s1d3
GCCATTCAGCCGAACA-1,12.66204,9.557739,s1d3
GCCATTCCACCGGTCA-1,9.673698,-0.89029455,s1d3
GCCATTCCATTGACAC-1,8.856072,13.750136,s1d3
GCCATTCGTCTTTCTA-1,9.366564,-0.23211747,s1d3
GCCCAGAAGCTCCACG-1,11.920504,9.336329,s1d3
GCCCAGAAGGATTTGA-1,12.703555,12.277713,s1d3
GCCCAGACAAAGGCTG-1,3.346175,15.688959,s1d3
GCCCAGACACTCCACT-1,14.910855,9.493089,s1d3
GCCCAGAGTACAAGCG-1,10.189219,-4.8543158,s1d3
GCCCAGAGTGATCGTT-1,10.154129,7.4312325,s1d3
GCCCAGAGTTCCATTT-1,9.523804,6.9799953,s1d3
GCCCAGATCCGTGACG-1,9.545378,7.738184,s1d3
GCCCAGATCGCTTGAA-1,11.832568,10.973475,s1d3
GCCCAGATCTACGCAA-1,6.968913,19.091866,s1d3
GCCCGAAAGAGTTGAT-1,-1.3093301,4.492647,s1d3
GCCCGAAAGCGTTCAT-1,-3.6607616,12.221969,s1d3
GCCCGAAAGTAGAGTT-1,3.0588765,5.6954308,s1d3
GCCCGAACAAATGGCG-1,11.2798,12.302368,s1d3
GCCCGAACACCCTTGT-1,10.830932,13.818659,s1d3
GCCCGAAGTATGCTTG-1,14.840251,6.7513494,s1d3
GCCCGAAGTGGCAGAT-1,8.219215,8.413014,s1d3
GCCCGAATCGACCACG-1,7.9197497,7.04723,s1d3
GCCCGAATCGTAGTCA-1,8.435802,13.887076,s1d3
GCCCGAATCTGAGGTT-1,12.820634,11.829387,s1d3
GCCGATGAGCCTGCCA-1,12.989471,12.125309,s1d3
GCCGATGAGCTCACTA-1,3.361414,19.632252,s1d3
GCCGATGTCCAGTTCC-1,2.1110227,15.917288,s1d3
GCCGATGTCCGCGAGT-1,10.382518,7.940484,s1d3
GCCGATGTCTTAGTTC-1,9.837841,-3.7740097,s1d3
GCCGTGAAGATCCGAG-1,9.730718,-1.7561183,s1d3
GCCGTGAAGGGTACAC-1,-2.403427,10.765016,s1d3
GCCGTGACAAGAGTTA-1,14.671566,5.5661793,s1d3
GCCGTGACATGAATCC-1,13.461907,6.4487176,s1d3
GCCGTGAGTGGGACAT-1,9.095978,12.58314,s1d3
GCCGTGATCAAGTCTG-1,-3.7693746,12.2164955,s1d3
GCCTGTTAGGAAACGA-1,3.2531395,19.328459,s1d3
GCCTGTTAGGCACGAT-1,2.9954982,15.692716,s1d3
GCCTGTTAGTAACAGT-1,16.504951,8.332312,s1d3
GCCTGTTAGTCACACT-1,12.976691,5.785602,s1d3
GCCTGTTCAAACTCGT-1,10.224202,9.263243,s1d3
GCCTGTTCAAGAGATT-1,16.021996,7.521075,s1d3
GCCTGTTCACGAAAGC-1,6.623037,11.454963,s1d3
GCCTGTTGTAGACGGT-1,8.025712,19.371979,s1d3
GCCTGTTGTGTATTGC-1,10.598928,7.0675325,s1d3
GCCTGTTTCCCGTGTT-1,-0.8930847,7.432076,s1d3
GCGAGAAAGAAGCTCG-1,6.717347,2.7965145,s1d3
GCGAGAACACAATGCT-1,14.009849,8.157167,s1d3
GCGAGAACAGACCGCT-1,12.696407,6.5745754,s1d3
GCGAGAAGTCTCGACG-1,14.034937,8.024231,s1d3
GCGAGAATCTTCACAT-1,8.149908,-5.278098,s1d3
GCGATCGAGAAGCTGC-1,4.4124155,17.098972,s1d3
GCGATCGAGCCACCGT-1,8.257435,13.61757,s1d3
GCGATCGAGGCTCTAT-1,-4.9221764,9.694652,s1d3
GCGATCGAGTAGACAT-1,9.681259,8.302066,s1d3
GCGATCGAGTCACACT-1,11.91446,11.35559,s1d3
GCGATCGCACAGTCGC-1,-4.613283,10.786887,s1d3
GCGATCGCATGGCTGC-1,14.043655,5.3698697,s1d3
GCGATCGGTGTCACAT-1,12.54694,6.433729,s1d3
GCGATCGTCAACTCTT-1,8.447067,9.111555,s1d3
GCGATCGTCAGACAAA-1,7.1167912,18.480734,s1d3
GCGATCGTCTATGCCC-1,12.177314,6.7771444,s1d3
GCGGAAAAGTGTAGAT-1,9.877483,7.723535,s1d3
GCGGAAACAGTCGGAA-1,6.135396,11.756151,s1d3
GCGGAAACATGCTGCG-1,11.3461685,8.568132,s1d3
GCGGAAAGTCCTCAGG-1,12.534052,3.0543964,s1d3
GCGGAAATCCATAGGT-1,10.335386,9.5895405,s1d3
GCGGAAATCTCTTAAC-1,5.67521,11.596427,s1d3
GCGGATCAGCTAGTTC-1,-3.2881885,13.207485,s1d3
GCGGATCAGGATACAT-1,-4.423915,9.277839,s1d3
GCGGATCAGTTCTCTT-1,2.8950813,20.090418,s1d3
GCGGATCCAATGCAAA-1,8.4903555,8.152652,s1d3
GCGGATCGTGGCCACT-1,10.0874,8.410707,s1d3
GCGGATCTCAATCCGA-1,1.0786018,3.5572724,s1d3
GCGTGCACAGAAATTG-1,9.46413,-4.385796,s1d3
GCGTGCACAGCAGTGA-1,10.361204,-3.0692675,s1d3
GCGTGCAGTAACCAGG-1,12.379103,5.870395,s1d3
GCGTGCAGTCGACTGC-1,2.1410708,3.24072,s1d3
GCGTGCATCCATAGAC-1,12.936691,9.701606,s1d3
GCGTTTCAGATAGCAT-1,12.212273,11.219862,s1d3
GCGTTTCAGTTGGGAC-1,1.1245927,3.793044,s1d3
GCGTTTCCAAGCTCTA-1,9.363597,8.8366375,s1d3
GCGTTTCCACTCCTTG-1,8.121237,13.416437,s1d3
GCGTTTCGTTTCACTT-1,8.808224,3.6696556,s1d3
GCGTTTCTCCAATCCC-1,-5.1946673,8.598917,s1d3
GCGTTTCTCCCGAGTG-1,13.806908,6.089945,s1d3
GCGTTTCTCCCGTTCA-1,-3.0537858,13.484726,s1d3
GCGTTTCTCGGACAAG-1,15.819666,7.539129,s1d3
GCGTTTCTCGGACCAC-1,-4.4764123,10.706538,s1d3
GCGTTTCTCTGTGCAA-1,4.8567452,20.669693,s1d3
GCTACAAAGAGAATCT-1,8.934712,6.647183,s1d3
GCTACAAAGGTACATA-1,10.831177,11.553745,s1d3
GCTACAAAGTTGGAAT-1,12.117775,6.061769,s1d3
GCTACAACACGTTCGG-1,9.96885,7.0737967,s1d3
GCTACAACAGCTATAC-1,11.986225,10.827993,s1d3
GCTACAACAGTGCGCT-1,8.542575,14.115809,s1d3
GCTACAACATACAGGG-1,7.878961,19.462507,s1d3
GCTACAAGTCTACTGA-1,9.086186,-3.3567977,s1d3
GCTACAAGTGTCCAAT-1,11.383334,13.838854,s1d3
GCTACAAGTTCGGGTC-1,-4.7749724,9.297241,s1d3
GCTACAATCGCAGTGC-1,13.625095,3.3511438,s1d3
GCTACAATCGCCGAAC-1,3.3618548,20.466799,s1d3
GCTACCTAGCTGACTT-1,-4.9055686,10.2703085,s1d3
GCTACCTCACATTACG-1,1.7565902,2.46275,s1d3
GCTACCTCACTGGCGT-1,-1.5741826,7.0375237,s1d3
GCTACCTCATACAGAA-1,4.725151,18.961803,s1d3
GCTACCTGTCGCCACA-1,11.418568,7.5416102,s1d3
GCTACCTGTGAGATAT-1,3.7465808,20.284681,s1d3
GCTACCTTCGCGTAGC-1,2.3633747,4.6226406,s1d3
GCTACCTTCTTAAGGC-1,10.607876,9.303097,s1d3
GCTCAAAAGCGCAATG-1,8.121878,6.762305,s1d3
GCTCAAAAGGGCAGAG-1,15.76078,7.247031,s1d3
GCTCAAACAGAAATTG-1,8.745655,13.361982,s1d3
GCTCAAAGTATCACGT-1,9.903414,7.2353525,s1d3
GCTCAAATCAAAGCCT-1,13.050959,8.091499,s1d3
GCTCAAATCCAAGGGA-1,15.814855,7.657278,s1d3
GCTCAAATCGTCAGAT-1,8.077652,7.52574,s1d3
GCTCAAATCTTACACT-1,-5.0056,9.469428,s1d3
GCTGAATAGAAGTGTT-1,8.254141,7.5260015,s1d3
GCTGAATCATGGATCT-1,5.7213616,11.101657,s1d3
GCTGAATGTCTCTCCA-1,9.932376,7.454559,s1d3
GCTGAATTCATCGGGC-1,12.227243,-1.3375659,s1d3
GCTGAATTCGCGAAGA-1,13.255308,4.7997284,s1d3
GCTGCAGAGAGAATCT-1,7.7771564,18.542316,s1d3
GCTGCAGAGGGTGGGA-1,0.48550838,4.90109,s1d3
GCTGCAGAGTTCCATG-1,13.250444,5.792679,s1d3
GCTGCAGCAAACACGG-1,14.208795,7.040749,s1d3
GCTGCAGCAACACAAA-1,8.748413,6.779252,s1d3
GCTGCAGCAAGAGGTC-1,8.925581,3.1759486,s1d3
GCTGCAGCAAGAGTAT-1,9.517488,6.033614,s1d3
GCTGCAGCACTACAGT-1,11.028783,7.4547696,s1d3
GCTGCAGGTACAAAGT-1,-4.131842,11.866073,s1d3
GCTGCAGGTCGTTCAA-1,12.350795,12.1129055,s1d3
GCTGCAGGTTAGGCTT-1,14.515472,7.8922386,s1d3
GCTGCAGTCCTCTAAT-1,6.175589,20.087467,s1d3
GCTGGGTCACCTATCC-1,11.672092,1.6445894,s1d3
GCTGGGTCACCTGCGA-1,11.860077,11.309358,s1d3
GCTGGGTCACTTGAAC-1,-4.6200967,9.711481,s1d3
GCTGGGTCAGAGCCCT-1,13.834548,8.077567,s1d3
GCTGGGTCAGTTACCA-1-1,10.818554,12.785034,s1d3
GCTGGGTCAGTTTCAG-1,13.638648,3.5098493,s1d3
GCTGGGTCATTGACAC-1,16.414152,7.653535,s1d3
GCTGGGTGTCCGTTTC-1,-3.707819,11.947766,s1d3
GCTGGGTGTGTTACTG-1,10.938231,7.4074273,s1d3
GCTGGGTGTTCACGAT-1,4.0513277,16.078783,s1d3
GCTGGGTTCGGAGTGA-1,-4.7119365,9.87958,s1d3
GCTGGGTTCTGAGAAA-1,3.97654,20.47007,s1d3
GCTGGGTTCTGATGGT-1,9.772751,6.1324024,s1d3
GCTGGGTTCTTCGGAA-1,8.685769,6.446348,s1d3
GCTTCACAGATGCCGA-1,8.266514,13.518919,s1d3
GCTTCACAGTAGGAAG-1,2.8405592,19.960314,s1d3
GCTTCACAGTCATGGG-1,13.627121,7.7043552,s1d3
GCTTCACAGTGATGGC-1,6.9286323,19.103191,s1d3
GCTTCACCAGCTATTG-1,10.460497,7.393202,s1d3
GCTTCACGTACGCTTA-1,7.803116,12.427853,s1d3
GCTTCACGTCTGATCA-1,0.6262334,3.0972624,s1d3
GCTTCACGTGGCTACC-1,12.768357,9.559681,s1d3
GCTTCACGTTCGCGTG-1,-4.9341717,8.381748,s1d3
GCTTCACTCTGGTGCG-1,-0.89001745,4.081707,s1d3
GCTTGGGAGGTCGTCC-1,0.07967618,6.0556364,s1d3
GCTTGGGAGGTGAGCT-1,9.4175205,7.8754163,s1d3
GCTTGGGAGTACTGGG-1,-2.4699023,10.195218,s1d3
GCTTGGGCAACTGAAA-1,-5.4687977,9.530954,s1d3
GCTTGGGGTGTTACAC-1,10.228382,9.000666,s1d3
GCTTGGGTCCTTCTGG-1,12.1016035,9.437539,s1d3
GCTTTCGAGACATATG-1,8.334582,14.048209,s1d3
GCTTTCGAGAGAAGGT-1,-3.4150386,13.768926,s1d3
GCTTTCGAGAGTGTTA-1,9.23004,9.106493,s1d3
GCTTTCGAGATCCTAC-1,3.262282,3.528055,s1d3
GCTTTCGAGCATCCCG-1,-0.78857684,3.770071,s1d3
GCTTTCGAGGAACGTC-1,11.251818,11.592667,s1d3
GCTTTCGCACTTTAGG-1,14.463268,6.531973,s1d3
GCTTTCGGTACGTAGG-1,3.5083709,19.777658,s1d3
GCTTTCGGTCATTCCC-1,8.204368,6.4649587,s1d3
GCTTTCGGTCTACAAC-1,-5.144231,10.176631,s1d3
GCTTTCGGTGCCTGAC-1,9.997186,7.725352,s1d3
GCTTTCGGTTCTAAGC-1,14.314372,6.4417,s1d3
GCTTTCGTCAAGAGTA-1,12.912952,10.012136,s1d3
GCTTTCGTCGCCAATA-1,12.327201,6.9205666,s1d3
GGAACCCCACAGTCAT-1,10.385927,7.9340453,s1d3
GGAACCCCAGGGCTTC-1,8.591557,0.28396964,s1d3
GGAACCCGTAGTGTGG-1,7.7600284,19.732103,s1d3
GGAACCCGTCTCGGAC-1,1.1308879,2.6162326,s1d3
GGAACCCGTGCTGCAC-1,7.307824,11.7559805,s1d3
GGAACCCTCAACTGGT-1,8.595965,14.170103,s1d3
GGAACCCTCATCTACT-1,13.898064,6.5611243,s1d3
GGAACCCTCGACCACG-1,10.499011,8.189815,s1d3
GGAAGTGAGAGGACTC-1,-3.6260452,11.02624,s1d3
GGAAGTGAGTCACGAG-1,14.901592,9.903868,s1d3
GGAAGTGAGTGCGTCC-1,10.800291,-4.544692,s1d3
GGAAGTGCAACGTATC-1,9.804239,8.171342,s1d3
GGAAGTGCATAAGCGG-1,9.493974,-4.986767,s1d3
GGAAGTGGTATGCTTG-1,14.009853,6.473925,s1d3
GGAAGTGGTCGTGGAA-1,2.8412898,19.81316,s1d3
GGAAGTGTCCAAGCTA-1,8.174979,13.432566,s1d3
GGAAGTGTCGTTGTAG-1,10.741408,-4.6143355,s1d3
GGAATCTAGAGTCACG-1,11.424594,8.044276,s1d3
GGAATCTAGATAGCTA-1,5.0905037,2.1661181,s1d3
GGAATCTAGGCCACTC-1,9.856702,6.9935775,s1d3
GGAATCTCAGAACTTC-1,2.610616,4.6633124,s1d3
GGAATCTCATCTCAAG-1,10.5347805,8.250555,s1d3
GGAATCTGTCGTCTCT-1,-3.3527112,13.55914,s1d3
GGAATCTGTTCGGACC-1,13.633218,6.29271,s1d3
GGAATCTTCATCGACA-1,-4.6991553,9.603872,s1d3
GGAATCTTCGGCTCTT-1,8.685807,6.6163807,s1d3
GGAATGGAGGTGCGAT-1,0.8911393,2.1570642,s1d3
GGAATGGCAAATGGCG-1,7.055712,11.881874,s1d3
GGAATGGTCTCGAGTA-1,9.278631,7.4850917,s1d3
GGACGTCCACTTCCTG-1,-3.932449,9.124603,s1d3
GGACGTCCATCGCCTT-1,9.916324,-1.4611646,s1d3
GGACGTCCATGGCCAC-1,-3.055556,10.167399,s1d3
GGACGTCTCAAACGTC-1,7.657325,8.436413,s1d3
GGACGTCTCATGAAAG-1,12.792648,6.3199186,s1d3
GGACGTCTCATGAGGG-1,12.073494,11.315308,s1d3
GGACGTCTCGTAACTG-1,8.417249,12.385527,s1d3
GGACGTCTCTAGGCCG-1,3.5171688,19.618471,s1d3
GGAGAACAGGGCAGTT-1,9.772796,6.316114,s1d3
GGAGAACAGGTTAAAC-1,-3.4375427,11.691757,s1d3
GGAGAACGTCAAGGCA-1,3.8951712,2.905101,s1d3
GGAGAACGTCCAAGAG-1,5.9844627,11.513293,s1d3
GGAGAACTCTATTGTC-1,9.753264,6.9429836,s1d3
GGAGAACTCTCTATAC-1,15.565228,7.8414397,s1d3
GGAGATGAGCTGACTT-1,6.1747375,20.671038,s1d3
GGAGATGAGGTCTGGA-1,9.210424,7.89965,s1d3
GGAGATGAGTATAACG-1,3.1022348,15.8426695,s1d3
GGAGATGCAAGGATGC-1,-4.906816,8.853746,s1d3
GGAGATGCACGTGTGC-1,2.8109777,20.230919,s1d3
GGAGATGCAGTTGTCA-1,-4.3739295,10.019992,s1d3
GGAGATGCATTGGATC-1,7.734921,19.356401,s1d3
GGAGATGTCGCCTATC-1,11.0305,11.553874,s1d3
GGAGATGTCGTCCTTG-1,9.822024,-1.460092,s1d3
GGAGATGTCTTCTTCC-1,11.222819,17.480589,s1d3
GGAGCAAAGATTAGTG-1,-3.8708756,11.710232,s1d3
GGAGCAAAGCGCATCC-1,3.0819485,5.576372,s1d3
GGAGCAAAGGGTACAC-1,13.293921,3.868405,s1d3
GGAGCAAAGGTCTACT-1,7.1162486,20.606752,s1d3
GGAGCAACAATTGAGA-1,0.95609164,3.5131097,s1d3
GGAGCAACAGAACGCA-1,9.596917,12.782246,s1d3
GGAGCAAGTAAGATTG-1,8.146902,7.079085,s1d3
GGAGCAAGTACTGACT-1,-0.51302296,3.2141802,s1d3
GGAGCAAGTGGTCTCG-1,11.718822,11.912947,s1d3
GGAGCAAGTGTCATGT-1,11.275311,13.923865,s1d3
GGAGCAAGTGTTAACC-1,10.201945,8.153259,s1d3
GGAGCAATCTCCACTG-1,7.9706283,8.90733,s1d3
GGAGCAATCTGTTGGA-1,9.05638,7.7599626,s1d3
GGAGGATAGAACTGAT-1,10.00322,7.365576,s1d3
GGAGGATAGAGCCTGA-1,7.200128,12.04185,s1d3
GGAGGATAGGGCAAGG-1,9.697507,-1.3298128,s1d3
GGAGGATAGGTAGACC-1,1.9764774,2.813255,s1d3
GGAGGATCAATTTCTC-1,14.102457,5.341861,s1d3
GGAGGATCATTACGGT-1,3.2869203,5.742861,s1d3
GGAGGATGTGCGCTCA-1,15.976646,7.9884596,s1d3
GGAGGATGTGTTTACG-1,2.5395143,15.657483,s1d3
GGAGGATTCGCTTAAG-1,6.2665515,20.920233,s1d3
GGAGGATTCTTTCCAA-1,16.028715,8.027359,s1d3
GGAGGTAAGCGACAGT-1,9.209389,1.5511872,s1d3
GGAGGTACATAACTCG-1,12.39865,9.404212,s1d3
GGAGGTAGTGTAAACA-1,10.703923,11.274806,s1d3
GGAGGTATCTTACTGT-1,10.248805,-4.1198616,s1d3
GGATCTAAGATTCGCT-1,2.6806056,17.663033,s1d3
GGATCTACATCTAACG-1,11.419736,13.605416,s1d3
GGATCTAGTACTCGCG-1,13.467039,5.1378803,s1d3
GGATCTAGTTGCCAAT-1,8.706262,8.9694,s1d3
GGATCTATCCCTCTAG-1,-3.8897476,10.452838,s1d3
GGATCTATCGTTACCC-1,11.378918,9.0693245,s1d3
GGATGTTAGAGAGCGG-1,-5.6882052,9.336199,s1d3
GGATGTTAGCCTATTG-1,11.0227375,8.037608,s1d3
GGATGTTAGGTAGTAT-1,-4.6614327,10.537645,s1d3
GGATGTTAGTAAGCAT-1,9.946456,8.436098,s1d3
GGATGTTCAAACTAGA-1,8.346435,1.5660467,s1d3
GGATGTTCATGACGTT-1,10.98929,11.085121,s1d3
GGATGTTCATGCACTA-1,9.725363,-5.445443,s1d3
GGATGTTGTATGAGGC-1,12.911271,6.4017057,s1d3
GGATGTTGTGTTACTG-1,4.3852983,2.0927472,s1d3
GGATGTTTCAGCTGTA-1,6.813587,2.7714927,s1d3
GGCACGTAGCCTGACC-1,11.302918,12.581801,s1d3
GGCACGTAGCTTTCCC-1,15.227229,6.569842,s1d3
GGCACGTAGGCGACAT-1,10.2482195,7.845035,s1d3
GGCACGTCAATTCACG-1,1.9606744,15.420797,s1d3
GGCACGTCACGACGTC-1,13.009585,6.999367,s1d3
GGCACGTCACTTCATT-1,-2.8379183,12.345402,s1d3
GGCACGTCATCTGCGG-1,9.216116,6.019806,s1d3
GGCACGTGTCGACTTA-1,14.310028,5.555178,s1d3
GGCACGTGTGTACATC-1,9.278349,-3.2891736,s1d3
GGCACGTTCAATCAGC-1,11.261,1.9618363,s1d3
GGCACGTTCATGCCGG-1,16.22202,7.7467422,s1d3
GGCAGTCAGACTCGAG-1,9.768713,-4.9729104,s1d3
GGCAGTCAGACTGTTC-1,-2.594049,10.811594,s1d3
GGCAGTCAGAGACAAG-1,9.738638,8.027854,s1d3
GGCAGTCAGATGATTG-1,7.2035108,20.300009,s1d3
GGCAGTCAGCGGGTTA-1,11.266754,13.075019,s1d3
GGCAGTCCAAGTGCAG-1,9.443912,1.4121343,s1d3
GGCAGTCCATCCGTGG-1,11.055286,13.98118,s1d3
GGCAGTCCATCGGCCA-1,8.784511,6.3773756,s1d3
GGCAGTCGTATAGGGC-1,3.2097738,5.374948,s1d3
GGCAGTCTCGGTAAGG-1,-4.676592,9.286926,s1d3
GGCAGTCTCTTACTGT-1,3.168076,20.226961,s1d3
GGCGTCAAGCGTGTTT-1,-3.1119308,13.629574,s1d3
GGCGTCACACAGTACT-1,-3.2693222,10.25045,s1d3
GGCGTCACACTTGTGA-1,-4.5450053,10.245935,s1d3
GGCGTCACAGTGTGGA-1,4.3619227,17.969229,s1d3
GGCGTCACATCATTGG-1,3.7865906,5.084323,s1d3
GGCGTCAGTGCACATT-1,8.94376,9.141504,s1d3
GGCGTCAGTGCGACAA-1,9.311163,8.692074,s1d3
GGCGTCATCAAGATAG-1,10.284756,8.382448,s1d3
GGCGTCATCCACGGGT-1,14.593838,6.00548,s1d3
GGCTGTGAGAAGCTGC-1,7.9938855,18.851694,s1d3
GGCTGTGAGTGAATAC-1,9.6922865,7.2599993,s1d3
GGCTGTGCAGTTGCGC-1,7.4038324,19.312792,s1d3
GGCTGTGGTCAGTTTG-1,11.568178,9.094254,s1d3
GGCTTGGAGAGAATCT-1,3.2545955,19.640781,s1d3
GGCTTGGAGGTTCCGC-1,0.45761144,3.195556,s1d3
GGCTTGGAGGTTGCCC-1,14.536918,6.8876724,s1d3
GGCTTGGCAGTCAACT-1,-3.0163722,12.123895,s1d3
GGCTTGGGTATGAAAC-1,0.67341346,2.2311273,s1d3
GGCTTGGGTATGTCTG-1,12.748804,8.983923,s1d3
GGCTTGGTCTACGCAA-1,6.720785,11.959395,s1d3
GGCTTGGTCTCCGCAT-1,8.966265,3.1565175,s1d3
GGCTTTCAGCCGCACT-1,10.030427,7.047002,s1d3
GGCTTTCAGCTAGATA-1,8.061643,19.62355,s1d3
GGCTTTCAGCTGTGCC-1,7.2976136,20.08644,s1d3
GGCTTTCCACTATGTG-1,11.172313,8.80794,s1d3
GGCTTTCCATCTATCT-1,8.84384,12.753879,s1d3
GGCTTTCCATGGCCCA-1,1.3597903,1.4323412,s1d3
GGCTTTCCATTGCTTT-1,12.621133,6.661931,s1d3
GGCTTTCGTACGCTAT-1,11.484057,6.99382,s1d3
GGCTTTCGTTCGAGCC-1,2.061989,15.835568,s1d3
GGCTTTCTCAGTCATG-1,-5.3322587,9.978639,s1d3
GGCTTTCTCGGCCCAA-1,-3.2698653,10.18189,s1d3
GGCTTTCTCGGTCATA-1,10.312662,13.589556,s1d3
GGCTTTCTCGTAACTG-1,2.2438972,5.5584846,s1d3
GGCTTTCTCTGTCCGT-1,7.9007225,1.6170003,s1d3
GGGAAGTAGCCTGGAA-1,13.068553,7.3373594,s1d3
GGGAAGTAGGGCAACT-1,-3.3198025,9.804954,s1d3
GGGAAGTAGGGTCAAC-1,9.56297,12.927945,s1d3
GGGAAGTAGTAAACTG-1,2.6152642,5.611806,s1d3
GGGAAGTCACAGACGA-1,-1.3640426,7.2765303,s1d3
GGGAAGTGTCTGCGCA-1,8.106254,13.498057,s1d3
GGGAAGTGTGAGCGAT-1,7.319754,19.12665,s1d3
GGGAAGTTCCTAAGTG-1,14.56772,9.461062,s1d3
GGGACAAAGCATTGAA-1,-3.0022578,10.648673,s1d3
GGGACAAAGCCTCCAG-1,11.7984295,1.528434,s1d3
GGGACAAAGGAGAATG-1,8.80559,6.8462367,s1d3
GGGACAACAACTACGT-1,-3.8099687,9.32626,s1d3
GGGACAACAAGTGCAG-1,8.653798,7.548755,s1d3
GGGACAACATCCTGTC-1,5.5557265,17.270893,s1d3
GGGACAAGTAGCGTCC-1,8.747674,9.004918,s1d3
GGGACAAGTCAACCTA-1,10.746525,6.7256618,s1d3
GGGACAAGTGGTGATG-1,8.744653,-4.283736,s1d3
GGGACAATCACCACAA-1,12.532621,7.7871327,s1d3
GGGACCTAGCATCCTA-1,11.737067,9.65059,s1d3
GGGACCTAGGCTCTAT-1,12.52783,6.8703485,s1d3
GGGACCTAGGTCCTGC-1,12.983411,8.206153,s1d3
GGGACCTCAAATCAAG-1,3.0635617,15.840096,s1d3
GGGACCTGTGAACTAA-1,14.062226,6.1226854,s1d3
GGGACCTTCACCCTCA-1,9.014574,6.158488,s1d3
GGGACCTTCATTACCT-1,-3.4045885,9.264187,s1d3
GGGACCTTCCTATTGT-1,10.778813,8.602748,s1d3
GGGACCTTCTGGGCGT-1,5.453858,18.32209,s1d3
GGGACTCAGCCTCCAG-1,13.656594,5.9911685,s1d3
GGGACTCAGGAAAGAC-1,2.9111314,19.422894,s1d3
GGGACTCAGGTTTACC-1,-4.2111344,10.784152,s1d3
GGGACTCCAGACAAGC-1,3.0473065,20.142668,s1d3
GGGACTCGTCTTCGAA-1-1,9.532285,7.871546,s1d3
GGGACTCGTGGAGAAA-1,13.857767,5.5401025,s1d3
GGGACTCGTGTCATTG-1,12.75478,11.761446,s1d3
GGGACTCGTTATTCTC-1,2.6437087,4.84039,s1d3
GGGACTCGTTTGACAC-1,3.1144545,4.736613,s1d3
GGGAGATAGACATGCG-1,-4.0811505,10.186044,s1d3
GGGAGATAGATCCGAG-1,-5.3495936,9.596343,s1d3
GGGAGATAGCGCCGTT-1,-1.296947,5.399828,s1d3
GGGAGATAGGGAGGAC-1,13.610205,6.2156944,s1d3
GGGAGATAGGGCCTCT-1,11.138108,12.839737,s1d3
GGGAGATAGGGCGAGA-1,7.7670665,7.148378,s1d3
GGGAGATCACCATAAC-1,8.534979,8.90517,s1d3
GGGAGATCACTGGCGT-1,11.748796,9.306382,s1d3
GGGAGATCACTTGAGT-1,9.247722,6.8175483,s1d3
GGGAGATGTACCGTGC-1,7.0607634,18.660992,s1d3
GGGAGATGTACTTCCC-1,9.54409,8.662969,s1d3
GGGAGATGTCGGATTT-1,0.95625603,3.4149747,s1d3
GGGAGATTCATTCCTA-1,-3.9712632,11.826604,s1d3
GGGAGATTCCGCTAGG-1,5.1921177,18.112047,s1d3
GGGAGATTCTCCGATC-1,13.477274,8.588283,s1d3
GGGAGATTCTTGGCTC-1,8.80304,7.855331,s1d3
GGGAGTAAGATGCTAA-1,-4.228811,9.98318,s1d3
GGGAGTAAGCCTTTGA-1,16.137674,8.046219,s1d3
GGGAGTAAGGAAAGTG-1,-4.641242,10.69821,s1d3
GGGAGTAAGTATAGAC-1,8.698392,6.2139664,s1d3
GGGAGTACAACCGACC-1,8.920408,5.896566,s1d3
GGGAGTACAAGGCAAC-1,10.506659,9.478949,s1d3
GGGAGTACAGCCTACG-1,-4.1197267,10.681479,s1d3
GGGAGTACAGCTACAT-1,2.4190347,19.86842,s1d3
GGGAGTAGTGTTAACC-1,7.1032743,11.401591,s1d3
GGGAGTAGTTCTAAGC-1,-4.158718,8.226515,s1d3
GGGAGTATCCATACTT-1,8.5203705,-3.8468916,s1d3
GGGAGTATCGTGCGAC-1,10.827934,8.399853,s1d3
GGGAGTATCTTCACGC-1,8.535353,7.1492867,s1d3
GGGATCCAGCACTCCG-1,8.86981,-4.9647217,s1d3
GGGATCCCACCTGATA-1,10.784657,7.9974513,s1d3
GGGATCCCATTGCTGA-1,8.528819,13.987515,s1d3
GGGATCCGTGTTAGCT-1,9.775098,8.826373,s1d3
GGGATCCTCAATCTTC-1,-3.3480628,13.135646,s1d3
GGGATGAAGAGTCACG-1,3.8454123,20.70419,s1d3
GGGATGAAGGCGATAC-1,1.2792363,2.1168149,s1d3
GGGATGAAGGTCATAA-1,9.329697,9.55839,s1d3
GGGATGAAGTAGACCG-1,-3.9520106,8.962732,s1d3
GGGATGAAGTGCTACT-1,9.495038,6.3687563,s1d3
GGGATGACACTCTCGT-1,2.5281162,20.05045,s1d3
GGGATGACACTGAATC-1,-3.8278537,11.189912,s1d3
GGGATGAGTAACTGCT-1,3.7679937,20.12521,s1d3
GGGATGATCATTCACT-1,12.331418,7.042027,s1d3
GGGCCATAGAAACCAT-1,10.596449,6.892812,s1d3
GGGCCATAGAATCGAT-1,8.318604,1.5173943,s1d3
GGGCCATAGGATACGC-1,9.713464,7.9112926,s1d3
GGGCCATCACAAATAG-1,9.900461,-1.1893073,s1d3
GGGCCATCACACAGCC-1,15.902466,7.213859,s1d3
GGGCCATCAGGTCTCG-1,-3.6350312,10.977419,s1d3
GGGCCATGTACCTAGT-1,-3.19665,11.498688,s1d3
GGGCCATGTCAACATC-1,10.116881,9.080974,s1d3
GGGCCATTCACTAGCA-1,13.549666,5.8213205,s1d3
GGGCCATTCTCATTAC-1,9.50027,8.4399605,s1d3
GGGCGTTAGCCAACCC-1,8.414972,14.291504,s1d3
GGGCGTTCAGACGGAT-1,9.190599,7.875791,s1d3
GGGCGTTGTCAACACT-1,14.411859,9.427381,s1d3
GGGCGTTGTGCTGATT-1,11.667885,17.945057,s1d3
GGGCGTTGTGTTAGCT-1,3.343496,15.134933,s1d3
GGGCGTTTCTGAGGCC-1,14.573816,6.431993,s1d3
GGGCTACCACCAGTTA-1,10.560523,9.913448,s1d3
GGGCTACCAGTTAGAA-1,11.979463,11.174112,s1d3
GGGCTACTCCCTCTCC-1,8.881573,6.3439307,s1d3
GGGCTACTCCTGGGAC-1,2.276139,4.553904,s1d3
GGGCTACTCTTTGATC-1,15.837961,9.025174,s1d3
GGGCTCAAGTACAACA-1,8.552351,-5.5079145,s1d3
GGGCTCACAACATCGT-1,9.362099,6.251329,s1d3
GGGCTCACACGACAAG-1,8.608194,7.5231304,s1d3
GGGCTCACAGCAGTCC-1,11.857876,8.907432,s1d3
GGGCTCACATACTGAC-1,13.993719,6.036293,s1d3
GGGCTCAGTAGTCTGT-1,8.178588,7.759941,s1d3
GGGCTCAGTATCCTTT-1,2.7073286,15.64133,s1d3
GGGCTCATCCATCTAT-1,3.9210067,19.947124,s1d3
GGGCTCATCCATTGTT-1,10.519096,-4.7320747,s1d3
GGGTAGACAACTGAAA-1,9.202948,8.702408,s1d3
GGGTAGACAGCTAACT-1,11.720815,9.7397995,s1d3
GGGTAGACAGTAGGAC-1,9.516352,5.8516703,s1d3
GGGTAGACATAATCGC-1,8.911862,7.4561644,s1d3
GGGTAGAGTCTACGTA-1,9.702818,8.069835,s1d3
GGGTAGAGTGGACCAA-1,8.802737,6.5033298,s1d3
GGGTAGATCCTAGCCT-1,8.472457,7.7825375,s1d3
GGGTATTAGAATTGTG-1,11.278261,8.560269,s1d3
GGGTATTAGATCCCAT-1,13.278029,5.8722887,s1d3
GGGTATTAGATGTTGA-1,8.93549,17.772072,s1d3
GGGTATTAGGCAATGC-1,0.46750575,2.6740515,s1d3
GGGTATTAGTATGCAA-1,13.844841,7.7845254,s1d3
GGGTATTAGTCTTCGA-1,10.275269,8.940767,s1d3
GGGTATTCAAAGGATT-1,2.6798036,19.846924,s1d3
GGGTATTCAAGAGAGA-1,0.8369336,3.2263708,s1d3
GGGTATTGTAGGAAAG-1,2.4940028,5.318998,s1d3
GGGTATTGTATGGAAT-1,12.679743,-3.4893084,s1d3
GGGTATTGTGTGCCTG-1,8.165045,13.768688,s1d3
GGGTATTTCCAATGCA-1,12.605808,10.85663,s1d3
GGGTATTTCCGGCTTT-1,8.463923,7.905655,s1d3
GGGTATTTCCTCTCGA-1,3.084339,18.422459,s1d3
GGGTATTTCGCCAGTG-1,14.332056,8.152471,s1d3
GGGTATTTCTTCACAT-1,-2.892139,11.643002,s1d3
GGGTATTTCTTCGCTG-1,-4.0546823,11.900179,s1d3
GGGTCACAGCCTCTGG-1,10.032707,8.311113,s1d3
GGGTCACAGTCACTAC-1,8.927352,3.2455974,s1d3
GGGTCACGTCTAGATC-1,10.726412,-4.921819,s1d3
GGGTCACGTGCATGAG-1,13.72588,8.144837,s1d3
GGGTCACTCGCATAGT-1,10.139417,6.2312226,s1d3
GGGTCTGAGATTGATG-1,10.036452,7.6863003,s1d3
GGGTCTGAGCGTGTCC-1,2.28209,4.8937483,s1d3
GGGTCTGAGGTAAGAG-1,8.615697,9.642796,s1d3
GGGTCTGCAACGGCCT-1,8.647491,5.8801727,s1d3
GGGTCTGCATCTCATT-1,8.735257,14.161753,s1d3
GGGTCTGGTATCGTGT-1,12.196956,6.266649,s1d3
GGGTCTGGTCGATGCC-1,-4.7428503,10.728562,s1d3
GGGTCTGGTCTACGAT-1,10.091082,7.7760134,s1d3
GGGTCTGGTGCTTCAA-1,9.382482,7.84707,s1d3
GGGTCTGGTGTATCCA-1,12.74606,-3.490641,s1d3
GGGTCTGGTGTCTTGA-1,-0.5747699,5.282123,s1d3
GGGTCTGGTTATAGCC-1,-4.8686333,8.004906,s1d3
GGGTCTGGTTGTAGCT-1,-3.7553866,9.249078,s1d3
GGGTCTGTCCCGTTCA-1,1.334651,3.2996275,s1d3
GGGTCTGTCGCGTGCA-1,13.944775,3.9385486,s1d3
GGGTGAAAGAGCAGTC-1,9.850615,9.741107,s1d3
GGGTGAAAGCTCCATA-1,1.8303967,3.580235,s1d3
GGGTGAACAACGGCTC-1,8.094247,18.591791,s1d3
GGGTGAAGTCGTTGGC-1,8.997858,-3.5268657,s1d3
GGGTGAAGTTGCGAAG-1,2.14026,4.6501822,s1d3
GGGTGTCAGAACCGCA-1,8.5619545,6.9290714,s1d3
GGGTGTCAGACATATG-1,12.924252,12.463781,s1d3
GGGTGTCAGCGGATCA-1,10.902365,9.085676,s1d3
GGGTGTCAGTCGCCCA-1,-4.845498,8.71211,s1d3
GGGTGTCGTAGGAGTC-1,9.76673,8.291022,s1d3
GGGTGTCGTCTTGCGG-1,13.838675,6.520622,s1d3
GGGTGTCTCAAACGTC-1,5.3610997,2.2094944,s1d3
GGGTGTCTCAAGTGTC-1,0.39088285,2.808279,s1d3
GGGTGTCTCTAGTGAC-1,11.761952,11.319045,s1d3
GGGTTATAGCGAGAAA-1,3.0982044,19.658138,s1d3
GGGTTATCACCGGAAA-1,3.5372164,15.533157,s1d3
GGGTTATCAGCACAGA-1,7.465045,12.106515,s1d3
GGGTTATGTCTCTCTG-1,8.798117,-4.4325223,s1d3
GGGTTATTCCCGAATA-1,14.300795,6.4808874,s1d3
GGGTTTAAGCCTCATA-1,-5.022866,9.419178,s1d3
GGGTTTAAGGTGCGAT-1,8.750783,13.378942,s1d3
GGGTTTACAAAGCTAA-1,8.250109,6.904114,s1d3
GGGTTTACAAAGTATG-1,-3.9478552,10.405063,s1d3
GGGTTTACATGTGTCA-1,-3.3565865,13.663867,s1d3
GGGTTTAGTAATGATG-1,8.36565,6.685318,s1d3
GGGTTTAGTCGGTAAG-1,-4.956204,10.098536,s1d3
GGGTTTATCACTACGA-1,11.2729435,10.00368,s1d3
GGGTTTATCCTATGGA-1,10.111572,-4.5626473,s1d3
GGGTTTATCGATCCAA-1,-4.894031,10.358585,s1d3
GGTAACTAGGGAGAAT-1,3.0699773,19.528044,s1d3
GGTAACTAGTCAACAA-1,8.553353,7.4872456,s1d3
GGTAACTCACTGTCGG-1,6.5052667,20.600346,s1d3
GGTAACTCAGAGTCTT-1,9.648294,8.849211,s1d3
GGTAACTGTCGCGTCA-1,-3.2935069,12.007323,s1d3
GGTAACTTCAGCATTG-1,9.182011,5.967518,s1d3
GGTAACTTCCTTATGT-1,12.8945465,7.057257,s1d3
GGTAACTTCGACCATA-1,-5.4085126,9.448254,s1d3
GGTAACTTCTGGTGCG-1,8.959147,6.0232577,s1d3
GGTAATCAGACCGTTT-1,-5.355879,9.446803,s1d3
GGTAATCAGGTTGGTG-1,9.021954,5.9459867,s1d3
GGTAATCAGTCTGTAC-1,9.380417,7.8250737,s1d3
GGTAATCCAGACATCT-1,14.253629,7.4604535,s1d3
GGTAATCGTAGGTTTC-1,2.0316625,4.3960953,s1d3
GGTAATCGTGTTCGTA-1,12.521352,6.6814904,s1d3
GGTAATCGTTCTCAGA-1,13.5282955,4.024327,s1d3
GGTAATCTCACCGGTG-1,10.215985,8.016288,s1d3
GGTAATCTCCACCCTA-1,-3.1992161,12.201314,s1d3
GGTAATCTCTAGCAAC-1,7.0889325,19.25277,s1d3
GGTAATCTCTGAGAAA-1,4.3288546,16.978312,s1d3
GGTAATCTCTTAATCC-1,9.893787,9.55047,s1d3
GGTAGAGAGAAACTGT-1,9.071761,6.101483,s1d3
GGTAGAGAGCCAAGGT-1,9.444576,1.5393589,s1d3
GGTAGAGAGCGTGAGT-1,14.159975,5.6499557,s1d3
GGTAGAGCACATACGT-1,6.1809244,11.858117,s1d3
GGTAGAGCACCTTCGT-1,3.6106322,15.580032,s1d3
GGTAGAGGTAACGTTC-1,8.738687,8.434721,s1d3
GGTAGAGGTCAACCAT-1,-2.7362835,11.078736,s1d3
GGTAGAGTCCATCCGT-1,10.75933,8.323902,s1d3
GGTCACGAGGCGCTCT-1,-4.662934,8.560284,s1d3
GGTCACGGTGGACTGA-1,-5.0388722,9.636481,s1d3
GGTCACGGTTCAAGGG-1,12.917147,7.2612977,s1d3
GGTCACGTCACTCGAA-1,9.032713,6.71647,s1d3
GGTCACGTCAGCATTG-1,10.139272,8.461465,s1d3
GGTCACGTCCCGAATA-1,6.73942,2.8113072,s1d3
GGTCTGGAGAAGCCTG-1,8.101133,19.368954,s1d3
GGTCTGGAGATGGTAT-1,12.498717,6.4928575,s1d3
GGTCTGGAGGGTTAGC-1,9.762482,8.534422,s1d3
GGTCTGGCAATGCAAA-1,2.968677,5.679186,s1d3
GGTCTGGGTCGTTGCG-1,11.854812,11.703766,s1d3
GGTCTGGGTGGTGATG-1,10.808172,14.115685,s1d3
GGTCTGGTCAATCGGT-1,10.242926,7.3908033,s1d3
GGTGAAGAGCACCGTC-1,9.906819,-3.5761392,s1d3
GGTGAAGGTATTGGCT-1,6.5689363,19.828447,s1d3
GGTGAAGGTCTAGGCC-1,7.9286437,7.149321,s1d3
GGTGAAGGTCTTCATT-1,12.787153,6.980572,s1d3
GGTGAAGGTGGCTACC-1,11.317221,9.846592,s1d3
GGTGAAGTCCCGTGTT-1,9.202578,-3.3768582,s1d3
GGTGAAGTCCGTAGGC-1,10.022046,9.551049,s1d3
GGTGATTAGTGGACGT-1,11.00977,9.881915,s1d3
GGTGATTCACACAGCC-1,14.540714,5.7783356,s1d3
GGTGATTCACTCAGAT-1,11.101614,11.143677,s1d3
GGTGATTCAGGACAGT-1,4.4501867,18.801277,s1d3
GGTGATTCATAAGCAA-1,12.782445,6.3492093,s1d3
GGTGATTGTACTCAAC-1,8.346938,6.734842,s1d3
GGTGATTGTATCACCA-1,12.091339,11.1924925,s1d3
GGTGATTGTATCCTTT-1,14.487694,6.082958,s1d3
GGTGATTTCCCAATAG-1,14.695883,6.302661,s1d3
GGTGATTTCGACGCTG-1,3.959671,2.416383,s1d3
GGTGATTTCGTTACCC-1,11.390489,0.9130224,s1d3
GGTGGCTAGCTAAACA-1,10.521351,7.4677105,s1d3
GGTGGCTAGTTCATCG-1,7.8620152,-3.4381983,s1d3
GGTGGCTCAACGACAG-1,3.199464,16.20504,s1d3
GGTGGCTCACCGAATT-1,9.177918,12.916128,s1d3
GGTGGCTCAGAAGTTA-1,10.3394785,-4.6677628,s1d3
GGTGGCTCAGGCATTT-1,11.3462925,-0.15608743,s1d3
GGTGGCTGTTCGTTCC-1,9.318442,5.7196684,s1d3
GGTGGCTGTTTCGATG-1,8.790974,7.9552546,s1d3
GGTGTCGAGAGGCGTT-1,12.404017,11.796189,s1d3
GGTGTCGAGTTGAAGT-1,9.813426,6.972769,s1d3
GGTGTCGCAGGCCTGT-1,9.805399,-4.419782,s1d3
GGTGTCGGTACAACGG-1,8.799042,6.044834,s1d3
GGTGTCGGTACCCGAC-1,-4.379261,10.956829,s1d3
GGTGTCGGTCATGGCC-1,10.125351,7.790793,s1d3
GGTGTCGTCCGATGCG-1,13.558034,5.133713,s1d3
GGTGTCGTCCTATTGT-1,9.226922,-3.6648781,s1d3
GGTGTCGTCTGCTTAT-1,3.079055,15.948994,s1d3
GGTGTTAAGCCTATTG-1,9.014794,7.133405,s1d3
GGTGTTAAGTCACGCC-1,3.2816753,19.555052,s1d3
GGTGTTACAGTAACAA-1,-1.1434587,7.425847,s1d3
GGTGTTACATGACGGA-1,5.9989076,11.110952,s1d3
GGTGTTAGTCGCGTCA-1,14.414774,6.291923,s1d3
GGTGTTAGTTCTCTCG-1,3.4806066,4.7997866,s1d3
GGTGTTATCGAGAAAT-1,9.723896,10.356657,s1d3
GGTGTTATCTTGGAAC-1,10.696154,8.18902,s1d3
GGTTAACAGGCATGGT-1,4.118469,16.898354,s1d3
GGTTAACAGGGAGGGT-1,9.339736,7.00466,s1d3
GGTTAACCACCTATCC-1,2.3173964,15.710991,s1d3
GGTTAACTCAAACTGC-1,-2.6129515,10.047607,s1d3
GGTTAACTCAGAACCT-1,3.7724092,5.5069523,s1d3
GGTTAACTCTTAGCTT-1,11.815721,12.091938,s1d3
GGTTCTCAGCGAGAAA-1,10.2048,8.147078,s1d3
GGTTCTCAGTAACCGG-1,5.587937,18.063545,s1d3
GGTTCTCTCGACATTG-1,10.214971,8.722069,s1d3
GGTTCTCTCTCTATAC-1,-2.9734,13.259946,s1d3
GGTTCTCTCTGGCCTT-1,-4.925354,8.540293,s1d3
GGTTCTCTCTGTGCGG-1,9.169574,6.731839,s1d3
GGTTGTAAGAAGGGAT-1,-5.335821,9.027612,s1d3
GGTTGTAAGCATCGAG-1,9.066601,-3.1022232,s1d3
GGTTGTAAGGAATTAC-1,2.6361737,19.68909,s1d3
GGTTGTACAACACTAC-1,-3.8583922,8.249364,s1d3
GGTTGTACAGACCGCT-1,11.904304,10.587786,s1d3
GGTTGTACATAATGCC-1,12.275532,11.013892,s1d3
GGTTGTACATCGAGCC-1,12.079338,-1.3317808,s1d3
GGTTGTAGTAGACACG-1,9.370696,6.0064154,s1d3
GGTTGTAGTGGCCACT-1,9.008421,13.638608,s1d3
GGTTGTAGTGTCTTGA-1,9.610964,1.7673947,s1d3
GGTTGTAGTTACACTG-1,-5.0828495,8.529233,s1d3
GGTTGTAGTTGACGGA-1,7.331746,12.01038,s1d3
GGTTGTATCCCAAGCG-1,8.134029,-2.2789173,s1d3
GGTTGTATCCCGTTCA-1,9.395387,8.76462,s1d3
GTAACACGTACTGTTG-1,12.865839,3.643213,s1d3
GTAACACTCTTGCGCT-1,9.479578,6.3080406,s1d3
GTAACCAAGTCCCAGC-1,12.882849,12.359858,s1d3
GTAACCACACTTCAAG-1,12.941284,12.33691,s1d3
GTAACCACATGACACT-1,11.193548,7.3943734,s1d3
GTAACCACATGACTCA-1,7.7728095,11.830773,s1d3
GTAACCATCGGAGTGA-1,-4.719882,9.1256695,s1d3
GTAACCATCTGGAGAG-1,9.940124,9.403447,s1d3
GTAAGTCAGAGTCAGC-1,14.897735,6.536231,s1d3
GTAAGTCAGCATTGTC-1,9.278119,8.978777,s1d3
GTAAGTCAGGATGAGA-1,8.592357,7.28974,s1d3
GTAAGTCGTACGATGG-1,-3.9451716,9.579723,s1d3
GTAAGTCGTATGTCCA-1,11.73481,10.595394,s1d3
GTAAGTCGTGCTCGTG-1,2.4082136,20.26332,s1d3
GTAAGTCGTGGATACG-1,9.218495,9.581039,s1d3
GTAAGTCGTGGTGATG-1,-3.8302963,11.272707,s1d3
GTAAGTCTCCCGAATA-1,-5.164526,8.524998,s1d3
GTAATCGAGCAGGTCA-1,10.950008,7.386294,s1d3
GTAATCGAGTAATCCC-1,6.095877,1.9067091,s1d3
GTAATCGAGTATTGCC-1,10.829733,-3.6044395,s1d3
GTAATCGCACAACGAG-1,10.174928,7.4151487,s1d3
GTAATCGCATTGACCA-1,10.447659,13.685891,s1d3
GTAATCGGTACTTGTG-1,1.4914782,1.8694248,s1d3
GTAATCGTCCCGAGTG-1,10.6443205,8.173519,s1d3
GTAATCGTCCGATCTC-1,8.4971695,13.854845,s1d3
GTAATCGTCCTATTGT-1,2.5962534,16.37662,s1d3
GTAATCGTCGAAGTGG-1,3.882111,19.865952,s1d3
GTAATCGTCTAAACGC-1,8.158897,9.013409,s1d3
GTAATGCAGAGAAGGT-1,8.542878,-3.7882843,s1d3
GTAATGCAGAGTCAGC-1,-4.260916,10.912184,s1d3
GTAATGCAGATGGCGT-1,15.907688,7.6309958,s1d3
GTAATGCAGCCATATC-1,13.748798,7.8336973,s1d3
GTAATGCAGTACCCTA-1,10.852595,10.102255,s1d3
GTAATGCAGTGAGTGC-1,9.425683,9.453929,s1d3
GTAATGCAGTGCCGAA-1,3.7030327,3.1836772,s1d3
GTAATGCCACACGGAA-1,8.939568,7.155873,s1d3
GTAATGCCATCCCACT-1,7.957795,18.74481,s1d3
GTAATGCGTAGTCACT-1,-3.585328,10.048162,s1d3
GTAATGCGTCAAATCC-1,13.5203,7.231452,s1d3
GTACAACAGATAGCAT-1,13.489389,7.322065,s1d3
GTACAACAGCATCTTG-1,8.506158,8.847891,s1d3
GTACAACCACCGTCTT-1,-0.26213488,7.1831837,s1d3
GTACAACGTGAGTCAG-1,8.945499,6.3587637,s1d3
GTACAACGTTCACGAT-1,11.695509,8.471077,s1d3
GTACAACTCGAGAATA-1,5.6346784,19.263903,s1d3
GTACAACTCTAAGCCA-1,1.9553676,2.9104643,s1d3
GTACAGTAGGTATAGT-1,8.180984,13.165496,s1d3
GTACAGTCACGGGCTT-1,6.1813755,11.209526,s1d3
GTACAGTCATACCAGT-1,13.459911,3.7150311,s1d3
GTACAGTGTACAGAAT-1,4.591361,2.5553796,s1d3
GTACAGTGTACCCGCA-1,12.360291,12.4260235,s1d3
GTACAGTGTATCACGT-1,13.891289,5.352486,s1d3
GTACAGTGTCTCCTGT-1,12.849055,5.959877,s1d3
GTACAGTTCAATCCAG-1,5.8091316,18.224043,s1d3
GTACAGTTCCCAACTC-1,11.618773,9.132152,s1d3
GTACAGTTCCGGTAAT-1,-3.1424727,10.283719,s1d3
GTACAGTTCGATACGT-1,11.763776,9.604704,s1d3
GTACAGTTCTTGATTC-1,-2.8864458,11.999774,s1d3
GTAGAAACAGCCATTA-1,-3.1901188,9.838211,s1d3
GTAGAAACATAGGCGA-1,10.411366,13.075344,s1d3
GTAGAAACATGGTGGA-1,9.666574,8.3467655,s1d3
GTAGAAAGTAGTGCGA-1,15.905586,7.6244764,s1d3
GTAGAAAGTTAAGTCC-1,10.010838,8.808558,s1d3
GTAGAAATCCTATTGT-1,14.918699,6.474517,s1d3
GTAGAAATCGACCCAG-1,2.3799653,19.774372,s1d3
GTAGAAATCTAGTTCT-1,8.354958,13.331688,s1d3
GTAGAGGAGAAAGCGA-1,-3.358842,11.1195345,s1d3
GTAGAGGAGATCGCTT-1,11.154185,12.055137,s1d3
GTAGAGGAGGTGCAGT-1,13.278333,5.8469067,s1d3
GTAGAGGAGGTGCGAT-1,7.5760136,8.332824,s1d3
GTAGAGGAGTTGTAAG-1,10.935207,11.938625,s1d3
GTAGAGGGTCAAGTTC-1,9.826251,-4.1398787,s1d3
GTAGAGGGTGCGGCTT-1,-4.56594,10.141892,s1d3
GTAGAGGTCCCAGTGG-1,14.758004,7.7294626,s1d3
GTAGAGGTCCTGGGAC-1,4.6911016,16.404997,s1d3
GTAGAGGTCGTCTCAC-1,-3.0313325,13.586512,s1d3
GTAGAGGTCTTGATTC-1,4.716543,2.2980993,s1d3
GTAGATCCAAGCGGAT-1,9.483161,7.6995664,s1d3
GTAGATCGTATACCTG-1,10.12625,9.504037,s1d3
GTAGATCGTTTAGAGA-1,11.870806,11.377682,s1d3
GTAGATCTCTGTCGTC-1,9.077893,13.457204,s1d3
GTAGCTAAGACATCAA-1,13.777856,5.6484604,s1d3
GTAGCTAAGGATGCGT-1,-5.0719066,8.396751,s1d3
GTAGCTAAGTATGCAA-1,9.694438,8.708961,s1d3
GTAGCTAAGTTGAAGT-1,7.663853,1.6575062,s1d3
GTAGCTACAAAGGCGT-1,7.65906,19.314838,s1d3
GTAGCTACAATTGAGA-1,13.872753,3.5670223,s1d3
GTAGCTACATCCAATG-1,9.873874,6.8157077,s1d3
GTAGCTAGTGGTGATG-1,-4.4067473,11.834804,s1d3
GTAGCTAGTGTGACCC-1,-2.1325588,10.62337,s1d3
GTAGCTATCAACTGAC-1,14.199795,4.9586444,s1d3
GTAGCTATCCCGAGTG-1,13.899075,4.2669725,s1d3
GTAGCTATCCGGACGT-1,8.236734,13.95999,s1d3
GTAGCTATCTATTCGT-1,14.30716,6.783021,s1d3
GTAGCTATCTGCTTTA-1,-5.1976504,9.793477,s1d3
GTAGGAGAGTCAACAA-1,13.4036665,7.326425,s1d3
GTAGGAGCAATACCCA-1,4.2754374,16.123283,s1d3
GTAGGAGCATTCTCTA-1,9.377234,6.2590203,s1d3
GTAGGAGGTAACGTTC-1,13.2075205,3.4871674,s1d3
GTAGGAGGTATGATCC-1,13.490492,3.3926837,s1d3
GTAGGAGTCATAGACC-1,13.054832,3.9669774,s1d3
GTAGGAGTCGCTTAAG-1,10.877709,13.022009,s1d3
GTAGGTTAGAGAGGTA-1,12.353141,11.931453,s1d3
GTAGGTTCAGATGCGA-1,9.271066,8.499909,s1d3
GTAGGTTCATCACCAA-1,10.491828,8.375399,s1d3
GTAGGTTGTATGCAAA-1,3.3579226,3.6516478,s1d3
GTAGGTTGTCCATCTC-1,12.763781,7.384875,s1d3
GTAGGTTTCGTAACTG-1,11.863321,1.1250846,s1d3
GTAGTACAGACGCATG-1,-2.6147625,12.196927,s1d3
GTAGTACAGCAGCCTC-1,14.917569,6.4200273,s1d3
GTAGTACAGCTACTAC-1,12.839627,6.875792,s1d3
GTAGTACCAACCGTAT-1,7.540012,12.339735,s1d3
GTAGTACGTAGAGATT-1,10.648178,12.894025,s1d3
GTAGTACGTATCGGTT-1,5.737793,20.575966,s1d3
GTAGTACTCAACGTGT-1,13.403699,4.8528996,s1d3
GTAGTACTCGGTAACT-1,11.309659,12.968239,s1d3
GTAGTACTCTTCTTCC-1,12.152206,-1.3812592,s1d3
GTATTGGAGCAATTAG-1,5.9821935,10.912359,s1d3
GTATTGGAGCACAAAT-1,11.765691,8.953366,s1d3
GTATTGGAGCACTTTG-1,6.3215394,11.467886,s1d3
GTATTGGAGTCACAGG-1,8.639016,8.925289,s1d3
GTATTGGCAACCAATC-1,-3.3783004,9.597676,s1d3
GTATTGGCAATCGCCG-1,15.588607,9.447784,s1d3
GTATTGGCACAAATCC-1,-2.7871754,9.808756,s1d3
GTATTGGCAGGCTACC-1,-4.01247,11.623486,s1d3
GTATTGGGTCGGCACT-1,10.713996,8.539667,s1d3
GTATTGGGTGGCTACC-1,-3.2431405,13.59711,s1d3
GTATTGGTCGCCTCTA-1,11.443562,9.571736,s1d3
GTATTGGTCTCATGGA-1,11.430424,10.904871,s1d3
GTATTTCAGACCAGAC-1,-4.750908,10.245346,s1d3
GTATTTCAGTCATGGG-1,8.763281,3.2983682,s1d3
GTATTTCCACGTAGAG-1,15.718209,7.520581,s1d3
GTATTTCCAGCTGCCA-1,3.0285015,20.303936,s1d3
GTATTTCCATCTCCCA-1,13.267419,3.3958776,s1d3
GTATTTCTCCTATTGT-1,10.77914,7.0422153,s1d3
GTCAAACAGAAGTCAT-1,12.643264,5.5873256,s1d3
GTCAAACAGACTACCT-1,1.779715,3.731907,s1d3
GTCAAACAGGCCATAG-1,-3.6420474,9.910238,s1d3
GTCAAACCAGTAGTTC-1,9.203199,13.266926,s1d3
GTCAAACTCGGAATGG-1,10.184646,7.3815856,s1d3
GTCAAGTAGCCAAGTG-1,12.988058,12.266115,s1d3
GTCAAGTAGGCATGGT-1,10.772029,12.5001135,s1d3
GTCAAGTCACAGCCTG-1,8.993415,-3.0750475,s1d3
GTCAAGTCACGGTGTC-1,-1.7685814,5.1710052,s1d3
GTCAAGTCACTTACAG-1,11.711851,9.006629,s1d3
GTCAAGTGTCACTCGG-1,2.4176242,15.948385,s1d3
GTCAAGTGTCTCCCTA-1,3.1909978,18.975454,s1d3
GTCAAGTGTCTTGAAC-1,1.3948467,2.9845345,s1d3
GTCAAGTTCCTTCAGC-1,-3.7579174,9.90537,s1d3
GTCAAGTTCTGGTCAA-1,10.927495,8.030058,s1d3
GTCACGGAGGATAATC-1,5.0769553,2.1780357,s1d3
GTCACGGCAGTAACCT-1,12.099788,6.813775,s1d3
GTCACGGGTAATACCC-1,1.3292457,3.2348304,s1d3
GTCACGGGTGAGCCAA-1,13.36179,5.1483307,s1d3
GTCACTCAGTGGACTG-1,2.8492613,16.037624,s1d3
GTCACTCGTATCTCTT-1,9.827388,6.714094,s1d3
GTCACTCGTGAGAACC-1,10.048442,7.8010335,s1d3
GTCACTCGTGAGGAAA-1,14.241417,8.777944,s1d3
GTCACTCGTTACCTGA-1,8.751072,6.726893,s1d3
GTCACTCTCCACGGAC-1,11.531235,7.5797744,s1d3
GTCACTCTCCTACCAC-1,13.714158,10.172964,s1d3
GTCACTCTCGTTCTGC-1,4.486415,2.5750842,s1d3
GTCAGCGAGAATCGTA-1,11.9189415,10.635179,s1d3
GTCAGCGAGAATTCAG-1,16.089674,7.540194,s1d3
GTCAGCGAGACTACCT-1,5.3903637,11.181949,s1d3
GTCAGCGAGCTCTATG-1,10.238533,8.681737,s1d3
GTCAGCGCAGTTCTAG-1,7.487452,19.246885,s1d3
GTCAGCGCATGGCGCT-1,10.532241,8.26665,s1d3
GTCAGCGTCCCTTTGG-1,11.821717,13.251504,s1d3
GTCAGCGTCGAGCCAC-1,6.7149787,19.32508,s1d3
GTCATCCAGACAACAT-1,-4.101263,10.774706,s1d3
GTCATCCAGCACGATG-1,9.077269,-2.950505,s1d3
GTCATCCAGTCGGGAT-1,-4.6907496,9.131468,s1d3
GTCATCCAGTTGTAGA-1,-5.4188766,9.783511,s1d3
GTCATCCCAAATGCGG-1,9.145492,6.5038505,s1d3
GTCATCCGTTCGGCGT-1,9.642978,-4.3731313,s1d3
GTCATCCTCACTCTTA-1,-3.140021,13.346104,s1d3
GTCATCCTCCTTACCG-1,-5.1822543,9.907469,s1d3
GTCATCCTCGGTCAGC-1,12.542112,9.394194,s1d3
GTCATGAAGTACTGTC-1,1.1277648,2.6572373,s1d3
GTCATGAAGTGTCATC-1,10.0374565,8.077223,s1d3
GTCATGACAAGACCTT-1,10.721746,6.29231,s1d3
GTCATGACAATGCTCA-1,9.87475,-1.2525313,s1d3
GTCATGACAATGGCCC-1,12.55275,5.6125174,s1d3
GTCATGACAGTCGCTG-1,4.264617,18.13931,s1d3
GTCATGACATATCTCT-1,2.2061288,15.873384,s1d3
GTCATGAGTACGAGTG-1,8.125194,7.546867,s1d3
GTCATGAGTACTAAGA-1,11.810244,11.273379,s1d3
GTCATGAGTGCAATAA-1,11.463493,7.864384,s1d3
GTCATGAGTGTAAATG-1,7.6742496,18.882414,s1d3
GTCATTTAGCATATGA-1,10.807458,9.863831,s1d3
GTCATTTAGGCGCTCT-1,5.7099485,11.095136,s1d3
GTCATTTCACCGTGAC-1,-4.8604603,9.009741,s1d3
GTCATTTGTCGGCTAC-1,-3.7076554,10.643176,s1d3
GTCATTTGTGACTGAG-1,10.752109,13.0354,s1d3
GTCATTTGTGGGAGAG-1,2.3571768,16.061543,s1d3
GTCATTTGTGTGTCGC-1,9.494896,-3.2330754,s1d3
GTCATTTTCATCGACA-1,-3.702919,12.640791,s1d3
GTCCACTAGCGCGTTC-1,-3.9899287,10.299267,s1d3
GTCCACTAGGAGAATG-1,9.008106,6.0459595,s1d3
GTCCACTAGGTGCTGA-1,5.997775,11.227437,s1d3
GTCCACTCAATACCCA-1,2.4738288,2.486436,s1d3
GTCCACTCAATTGGTC-1,11.562509,12.5843725,s1d3
GTCCACTCACAACGAG-1,11.159404,11.321311,s1d3
GTCCACTCACGCAAAG-1,10.083893,9.905537,s1d3
GTCCACTGTCTTGAGT-1,8.235818,13.642597,s1d3
GTCCACTTCATTATCC-1,12.106636,11.377937,s1d3
GTCCACTTCGCAGTGC-1,13.547567,7.0388756,s1d3
GTCCACTTCGCCTAGG-1,8.064968,7.255373,s1d3
GTCCACTTCTCGACCT-1,9.571721,-4.005059,s1d3
GTCCCATCAAGAGATT-1,10.970988,7.363765,s1d3
GTCCCATCAGATACTC-1,2.8307815,20.387222,s1d3
GTCCCATCAGATTCGT-1,12.706375,12.561603,s1d3
GTCCCATGTAGTCACT-1,12.047068,1.7411572,s1d3
GTCCCATTCTTCTCAA-1,10.543972,7.903164,s1d3
GTCCTCAAGAAACTCA-1,10.358512,9.364534,s1d3
GTCCTCAAGCCTTTCC-1,2.380163,4.532293,s1d3
GTCCTCAAGGGCAGAG-1,8.276227,12.62355,s1d3
GTCCTCACAACGATCT-1,3.723479,3.3459387,s1d3
GTCCTCACAACGGTAG-1,7.5408263,18.84334,s1d3
GTCCTCACAGAGGTAC-1,7.2140107,18.902191,s1d3
GTCCTCAGTACAGCGA-1,10.293626,-3.7101197,s1d3
GTCCTCAGTCAGTTTG-1,11.099269,8.14684,s1d3
GTCCTCAGTCTTGCGG-1,2.3850255,4.8816524,s1d3
GTCCTCAGTGCAGGAT-1,10.594982,8.370617,s1d3
GTCCTCAGTTATGTCG-1,5.1399603,18.43206,s1d3
GTCCTCATCGCAGTGC-1,-3.427665,11.126968,s1d3
GTCCTCATCTAAACGC-1,9.357076,1.3503543,s1d3
GTCGAATAGCTAGAAT-1,10.9145155,11.530156,s1d3
GTCGAATAGGCATTTC-1,8.315494,7.010834,s1d3
GTCGAATCACCTAAAC-1,10.236743,7.3979445,s1d3
GTCGAATCACTACAGT-1,8.963976,17.773317,s1d3
GTCGAATCAGGCATTT-1,6.0291195,11.181402,s1d3
GTCGAATCATTGCCTC-1,7.7834396,-4.107698,s1d3
GTCGAATGTCGTCATA-1,12.875065,6.6004295,s1d3
GTCGAATGTGTTCGAT-1,7.1807637,11.786233,s1d3
GTCGAATTCAAGCTTG-1,-4.22948,10.301005,s1d3
GTCGAATTCATGTCTT-1,11.607763,9.599783,s1d3
GTCGAATTCGCATTGA-1,10.771537,14.263236,s1d3
GTCGAATTCGGCTGGT-1,-4.4170527,10.117027,s1d3
GTCGCGAAGAACTTCC-1,-4.5287614,6.385919,s1d3
GTCGCGAAGACTCAAA-1,8.971143,6.271896,s1d3
GTCGCGACAATCCTTT-1,5.5211205,17.67973,s1d3
GTCGCGACATGACTAC-1,10.936877,9.162246,s1d3
GTCGCGACATTCCTCG-1,12.456109,6.1434,s1d3
GTCGCGAGTCTACACA-1,6.9646444,11.345973,s1d3
GTCGCGATCACGATCA-1,-4.344147,7.6850295,s1d3
GTCGCGATCAGAGTTC-1,13.706066,7.368139,s1d3
GTCGCGATCCAGTGTA-1,14.548355,5.6600204,s1d3
GTCGCGATCCCAAGTA-1,11.587125,11.895524,s1d3
GTCGCGATCCGAGCTG-1,11.759468,11.345349,s1d3
GTCGCGATCGCTGTCT-1,6.8743253,12.097911,s1d3
GTCGCGATCGTCAACA-1,13.146229,7.600311,s1d3
GTCGCGATCTGTCGCT-1,10.141061,8.806419,s1d3
GTCGTAAAGACCAACG-1,2.4789433,17.504995,s1d3
GTCGTAACAGCAGACA-1,13.339781,4.913994,s1d3
GTCGTAACATCCGAAT-1,8.993335,8.073054,s1d3
GTCGTAACATGGAGAC-1,8.924023,7.772056,s1d3
GTCGTAACATGTAACC-1,11.272369,6.705304,s1d3
GTCGTAAGTACGGATG-1,8.842017,-4.156127,s1d3
GTCGTAAGTGAGATCG-1,8.846526,6.913232,s1d3
GTCGTAATCACGTAGT-1,10.049595,-3.9525354,s1d3
GTCGTAATCAGCCCAG-1,13.94547,5.2292423,s1d3
GTCGTAATCTACGCAA-1,15.467643,7.0492134,s1d3
GTCGTAATCTTCGATT-1,10.962958,7.7192044,s1d3
GTCGTTCAGCAAGTGC-1,8.433436,9.402851,s1d3
GTCGTTCAGGCTTAGG-1,3.7116108,5.0970716,s1d3
GTCGTTCAGTATGGCG-1,8.460009,-3.0190246,s1d3
GTCGTTCAGTTGTACC-1,7.7817855,-2.462791,s1d3
GTCGTTCCAACGGGTA-1,2.7039785,19.377535,s1d3
GTCGTTCCAAGGGTCA-1,11.440577,17.610521,s1d3
GTCGTTCCAGGACTAG-1,-4.2158237,10.332826,s1d3
GTCGTTCGTCTTTCAT-1,8.613464,-3.1275032,s1d3
GTCGTTCTCAACCTCC-1,10.618731,14.172166,s1d3
GTCGTTCTCACCTACC-1,10.36024,-3.08653,s1d3
GTCGTTCTCACGGGAA-1,9.174764,8.05778,s1d3
GTCGTTCTCCAAGGGA-1,-0.76365066,3.7399204,s1d3
GTCGTTCTCCCTAGGG-1,12.661452,-3.5502274,s1d3
GTCGTTCTCGCGGACT-1,8.333785,6.420058,s1d3
GTCGTTCTCTGCGGGT-1,-2.1750557,10.645514,s1d3
GTCTACCAGCCTGAAG-1,-1.9779197,4.7977376,s1d3
GTCTACCAGCGAACTG-1,3.7621047,20.703815,s1d3
GTCTACCAGGGAGGCA-1,7.8058763,19.234507,s1d3
GTCTACCCATGAAAGT-1,-3.5723026,11.1667,s1d3
GTCTACCGTAGGAAAG-1,10.297988,-3.609286,s1d3
GTCTACCGTATGCTTG-1,10.682662,7.585423,s1d3
GTCTACCGTGGCCTCA-1,10.907599,8.588564,s1d3
GTCTACCGTTATGACC-1,14.380518,4.575203,s1d3
GTCTACCTCACAAGAA-1,6.5081377,11.364149,s1d3
GTCTACCTCAGAATAG-1,-3.716954,7.4264364,s1d3
GTCTACCTCCAAGAGG-1,9.6004305,-3.2374716,s1d3
GTCTAGAAGCAATTCC-1,2.6032908,3.616728,s1d3
GTCTAGACACCAGCGT-1,3.2327132,20.08681,s1d3
GTCTAGACAGAGGTTG-1,9.407609,7.6427608,s1d3
GTCTAGACAGGACGAT-1,13.871037,3.4166977,s1d3
GTCTAGAGTACGAGTG-1,2.2266815,5.351746,s1d3
GTCTAGAGTATGTCCA-1,13.796643,5.934256,s1d3
GTCTAGAGTGCTTCAA-1,8.669213,3.1430507,s1d3
GTCTAGAGTGTCTAAC-1,12.36069,8.354531,s1d3
GTCTAGATCACAAGAA-1,3.4707243,3.416428,s1d3
GTCTAGATCGCTAATG-1,-3.9054754,7.8076677,s1d3
GTCTAGATCGTCTAAG-1,4.2435603,19.123652,s1d3
GTCTAGATCTTTCTAG-1,-5.0661297,10.400181,s1d3
GTCTCACAGAGGCTGT-1,8.673928,13.041185,s1d3
GTCTCACAGGAAGTAG-1,12.453083,6.237269,s1d3
GTCTCACAGGTGATCG-1,11.783602,12.742587,s1d3
GTCTCACCACAGCTGC-1,12.526366,6.782177,s1d3
GTCTCACGTGGGCTTC-1,9.662915,-1.8252136,s1d3
GTCTCACTCGCCTATC-1,4.030642,1.8388431,s1d3
GTCTCACTCTCGCTTG-1,9.930753,5.8992033,s1d3
GTCTGTCAGTTTGCTG-1,9.57829,-5.115402,s1d3
GTCTGTCCAGAAATCA-1,10.831063,12.436971,s1d3
GTCTGTCCAGTTGTCA-1,16.083637,8.188956,s1d3
GTCTGTCCATAGGAGC-1,9.440905,9.032487,s1d3
GTCTGTCGTAACATCC-1,7.30508,11.5941725,s1d3
GTCTGTCGTCACTGAT-1,12.365998,6.9224076,s1d3
GTCTGTCGTGGCATCC-1,0.6768761,2.1022685,s1d3
GTCTGTCGTTATTCCT-1,8.499934,-3.0503907,s1d3
GTCTGTCTCCAGTGCG-1,9.697951,8.642138,s1d3
GTCTGTCTCCTTCTAA-1,10.502314,8.453625,s1d3
GTCTGTCTCTTAGCCC-1,9.588422,8.983246,s1d3
GTCTTTAAGCCATATC-1,12.866669,6.289908,s1d3
GTCTTTAAGCTGCCAC-1,8.315109,13.775349,s1d3
GTCTTTAGTAGGGAGG-1,2.8391113,20.261,s1d3
GTCTTTAGTCAAGCCC-1,15.00066,6.647427,s1d3
GTCTTTAGTTAAGGAT-1,13.055729,4.0722013,s1d3
GTCTTTAGTTATGACC-1,11.840952,6.47426,s1d3
GTCTTTAGTTGCCGAC-1,-5.0541916,9.357164,s1d3
GTGACGCAGACCGTTT-1,11.570555,10.598662,s1d3
GTGACGCAGATAGCAT-1,11.610228,8.172691,s1d3
GTGACGCAGGATCACG-1,12.352263,11.361102,s1d3
GTGACGCAGTTGGACG-1,13.487759,6.041781,s1d3
GTGACGCCACTTCCTG-1,3.616946,15.62223,s1d3
GTGACGCCATCTTAGG-1,9.342995,-3.487755,s1d3
GTGACGCCATGGCCAC-1,8.817302,-0.68325895,s1d3
GTGACGCGTTGGGACA-1,9.492191,8.16075,s1d3
GTGACGCTCGCTCATC-1,9.892644,7.253852,s1d3
GTGAGCCAGGTCACAG-1,5.777342,18.115547,s1d3
GTGAGCCAGTCCGCCA-1,1.9601059,16.089258,s1d3
GTGAGCCCAAACCACT-1,5.7041044,11.540281,s1d3
GTGAGCCCAAAGGCGT-1,3.3077826,16.14711,s1d3
GTGAGCCCAACTGCCG-1,8.621743,-3.026908,s1d3
GTGAGCCCACATAACC-1,12.627204,-3.7220054,s1d3
GTGAGCCCATCCGAGC-1,9.846655,-3.8614168,s1d3
GTGAGCCCATCGTTCC-1,-3.0252988,10.878568,s1d3
GTGAGCCGTAATTGGA-1,12.183054,9.724612,s1d3
GTGAGCCGTACGTACT-1,8.221598,-2.7766783,s1d3
GTGAGGAAGAAGCGGG-1,-4.5975924,11.243135,s1d3
GTGAGGAAGCTTGTTG-1,15.007157,8.77975,s1d3
GTGAGGAGTACCAATC-1,2.8638432,20.22881,s1d3
GTGAGGAGTAGCGATG-1,-4.8712683,9.125945,s1d3
GTGAGGAGTCATTCCC-1,2.7548363,4.7665677,s1d3
GTGAGGAGTCTGATAC-1,2.122299,4.536953,s1d3
GTGAGGAGTTGCATAC-1,13.314657,3.9730306,s1d3
GTGAGGAGTTGCGGCT-1,8.612499,6.41531,s1d3
GTGAGGATCACGAACT-1,12.174038,11.69469,s1d3
GTGAGTTAGACCGTTT-1,-3.3106756,13.131398,s1d3
GTGAGTTAGATGGCGT-1,2.349047,3.0080388,s1d3
GTGAGTTAGGTACATA-1,8.236924,6.8800282,s1d3
GTGAGTTCAAGAGTTA-1,-5.340244,9.395876,s1d3
GTGAGTTCACAGTCGC-1,9.185465,12.789491,s1d3
GTGAGTTCATTCTCTA-1,9.538969,1.6712011,s1d3
GTGAGTTGTAGGGTAC-1,9.0826435,-4.959648,s1d3
GTGAGTTTCGACGAGA-1,8.931484,3.5257242,s1d3
GTGAGTTTCGCATAGT-1,9.646416,7.7537184,s1d3
GTGAGTTTCTGACAGT-1,-2.6576524,10.867642,s1d3
GTGAGTTTCTTTGGAG-1,9.641343,7.703276,s1d3
GTGATGTAGCTAGAAT-1,-3.0357137,13.228896,s1d3
GTGATGTCAGGTTCGC-1,0.71619636,2.005116,s1d3
GTGATGTGTGATGAAT-1,12.536345,-3.6036658,s1d3
GTGATGTTCGTTTACT-1,-2.830863,11.319788,s1d3
GTGATGTTCTTTGGAG-1,8.867966,6.660733,s1d3
GTGCACGAGTGGTTCT-1,8.307523,6.418433,s1d3
GTGCACGCAAGTTGGG-1,6.486889,19.986788,s1d3
GTGCACGCACACAGCC-1,9.097868,3.4779687,s1d3
GTGCACGCAGAGATGC-1,10.735312,8.399589,s1d3
GTGCACGCAGCTCATA-1,5.0780563,17.017864,s1d3
GTGCACGGTCTTCTAT-1,8.83507,13.045609,s1d3
GTGCACGTCATCTGTT-1,8.609125,0.5652921,s1d3
GTGCAGCAGAAAGTCT-1,11.580381,8.509215,s1d3
GTGCAGCAGAGATGCC-1,4.1591873,19.436699,s1d3
GTGCAGCAGCGTCAAG-1,9.5455065,7.4865065,s1d3
GTGCAGCAGCTTAGTC-1,8.715504,7.4548755,s1d3
GTGCAGCAGGCTTCCG-1,2.3953903,15.799457,s1d3
GTGCAGCCACGGTAGA-1,-1.8637756,5.056916,s1d3
GTGCAGCCAGAATTCC-1,11.606833,9.017858,s1d3
GTGCAGCCAGCGTAGA-1,7.913798,8.948461,s1d3
GTGCAGCCATTGTCGA-1,-2.4535642,10.571299,s1d3
GTGCAGCGTCAGTCCG-1,-4.569889,11.00432,s1d3
GTGCAGCGTTCTCCCA-1,9.909107,6.2738295,s1d3
GTGCGTGAGGCCCAAA-1,10.595873,14.519416,s1d3
GTGCGTGAGTGGTGAC-1,8.968672,7.171986,s1d3
GTGCGTGCATCGCCTT-1,10.899128,8.784713,s1d3
GTGCGTGGTCGCATGC-1,4.6166635,17.61619,s1d3
GTGCGTGTCAAGTAAG-1,8.185683,18.438776,s1d3
GTGCGTGTCCGGGACT-1,11.221146,8.804468,s1d3
GTGCTGGAGAGGTCGT-1,8.524595,6.929064,s1d3
GTGCTGGAGATCCAAA-1,6.3586674,19.990784,s1d3
GTGCTGGAGGATTCCT-1,8.844368,-5.3818483,s1d3
GTGCTGGAGTTAGTGA-1,8.509231,6.561672,s1d3
GTGCTGGCAGACAATA-1,11.421404,9.861576,s1d3
GTGCTGGGTAACAGGC-1,8.080917,6.971588,s1d3
GTGCTGGGTAGAGACC-1,9.979781,7.836322,s1d3
GTGCTGGGTCGAAGCA-1,11.649142,1.2514368,s1d3
GTGCTGGGTCGTGGAA-1,8.792477,-2.5613348,s1d3
GTGCTGGTCTGAACGT-1,9.258792,-0.6592768,s1d3
GTGCTGGTCTTAGGAC-1,8.576408,6.83205,s1d3
GTGCTTCAGCGCCTTG-1,10.384437,9.694733,s1d3
GTGCTTCCAGCTGCCA-1,-3.5383751,9.560345,s1d3
GTGCTTCGTACATACC-1,8.799723,-3.0178313,s1d3
GTGCTTCTCCCATTTA-1,9.825837,7.048935,s1d3
GTGGAAGAGCCGTTGC-1,-5.465234,8.886407,s1d3
GTGGAAGAGGCACTCC-1,-2.9784575,12.048568,s1d3
GTGGAAGCAAGGTCTT-1,9.475218,6.3602896,s1d3
GTGGAAGGTGCCGTAC-1,14.4578495,5.7012844,s1d3
GTGGAAGTCTTACCAT-1,5.817174,11.0377865,s1d3
GTGGAGAAGATTGGGC-1,9.907504,7.268716,s1d3
GTGGAGAAGCAGCCCT-1,12.34934,7.222845,s1d3
GTGGAGAAGCATGAAT-1,8.729862,6.8342266,s1d3
GTGGAGAAGCCAGTAG-1,11.142804,10.212055,s1d3
GTGGAGAAGGAAAGGT-1,8.175096,13.4269495,s1d3
GTGGAGAAGGCCTAGA-1,6.70802,2.8524895,s1d3
GTGGAGAAGTCAGCGA-1,9.059747,6.1147003,s1d3
GTGGAGAGTAGCGCCT-1,-5.505063,9.796759,s1d3
GTGGAGAGTATGGAGC-1,9.029887,8.78303,s1d3
GTGGAGAGTTGGAGAC-1,10.929405,11.708395,s1d3
GTGGAGATCCAGTGTA-1,15.060296,6.941366,s1d3
GTGGAGATCGTGTTCC-1,12.779188,5.687196,s1d3
GTGGCGTAGGGCAGAG-1,3.436165,19.028349,s1d3
GTGGCGTCACACACTA-1,2.7577047,2.429547,s1d3
GTGGCGTCAGCCTATA-1,9.712574,-4.801028,s1d3
GTGGCGTGTGGTCTAT-1,2.2642262,16.222452,s1d3
GTGGCGTTCAATCTTC-1,10.395499,-3.677952,s1d3
GTGGCGTTCACGATAC-1,2.522344,2.831143,s1d3
GTGGCGTTCACTGGGC-1,8.336115,6.336346,s1d3
GTGGCGTTCCCTCGAT-1,-5.580985,9.880605,s1d3
GTGGCGTTCGCAAGAG-1,-4.963922,9.198208,s1d3
GTGGGAAAGCAAGGAA-1,10.119597,8.806402,s1d3
GTGGGAAAGCGACAGT-1,9.462286,2.0470772,s1d3
GTGGGAAAGGAACGCT-1,1.1751947,3.7514277,s1d3
GTGGGAACACCACATA-1,-4.9273014,9.441853,s1d3
GTGGGAACAGAGGGTT-1,-0.3707375,3.2381077,s1d3
GTGGGAACAGGACTTT-1,-2.904633,10.784086,s1d3
GTGGGAAGTACCAATC-1,12.561828,9.513218,s1d3
GTGGGAAGTGAGACCA-1,3.1899395,3.2082715,s1d3
GTGGGAAGTGTCCATA-1,11.382507,12.850694,s1d3
GTGGGAAGTTGAGAGC-1,4.020734,19.13148,s1d3
GTGGGAATCTGTGCGG-1,-4.9656715,9.203928,s1d3
GTGGTTAAGCCTCTCT-1,8.968393,8.5429125,s1d3
GTGGTTAAGGAAGTGA-1,10.050416,9.386097,s1d3
GTGGTTACAGAGAATT-1,8.328148,14.070456,s1d3
GTGGTTAGTAGGGTAC-1,8.492721,13.589874,s1d3
GTGGTTAGTATACAGA-1,13.8359585,4.7347918,s1d3
GTGGTTAGTATGACAA-1,3.1159458,5.3898664,s1d3
GTGGTTAGTCGAGTTT-1,9.936422,7.5254703,s1d3
GTGGTTATCCATTTCA-1,10.643143,6.9789147,s1d3
GTGGTTATCTCATTAC-1,10.967931,8.418694,s1d3
GTGGTTATCTTCACAT-1,9.90299,6.0827055,s1d3
GTGTAACAGCTGTCCG-1,8.744562,7.7072296,s1d3
GTGTAACAGTCAAGCG-1,4.7416434,18.274725,s1d3
GTGTAACAGTGACCTT-1,12.737372,12.140659,s1d3
GTGTAACCACCCTAGG-1,11.861528,6.6193185,s1d3
GTGTAACCACTACCCT-1,10.884432,9.939075,s1d3
GTGTAACCACTAGTAC-1,3.400485,2.5263867,s1d3
GTGTAACCAGGTCCGT-1,7.4667306,-1.9616017,s1d3
GTGTAACTCATAGCAC-1,-3.7842176,12.653879,s1d3
GTGTCCTAGACAGCGT-1,12.588653,12.158834,s1d3
GTGTCCTAGATGCGAC-1,15.195474,6.4002495,s1d3
GTGTCCTAGCAACTTC-1,12.530933,-3.7113528,s1d3
GTGTCCTAGCGTTCCG-1,-4.038123,11.072172,s1d3
GTGTCCTAGTCAGCCC-1,13.049308,5.2792554,s1d3
GTGTCCTCAATAAGGT-1,12.177484,9.810893,s1d3
GTGTCCTCACCTCTGT-1,9.765435,6.559112,s1d3
GTGTCCTCACGATAGG-1,13.615459,7.6854024,s1d3
GTGTCCTCATCTGCGG-1,-3.9118745,10.250394,s1d3
GTGTCCTGTCGAGCTC-1,12.959797,6.441213,s1d3
GTGTCCTTCACTCGAA-1,11.322138,12.850082,s1d3
GTGTCCTTCGTGCGAC-1,10.140776,9.2665825,s1d3
GTGTGATAGCGTATGG-1,11.99676,6.097139,s1d3
GTGTGATAGGGAGGAC-1,10.155033,8.644596,s1d3
GTGTGATCAGCAGGAT-1,8.506986,1.6521107,s1d3
GTGTGATCATGTTCAG-1,-3.896838,12.479174,s1d3
GTGTGATGTGCAACAG-1,9.359143,6.9915376,s1d3
GTGTGATGTGCCCGTA-1,9.367173,5.8677826,s1d3
GTGTGATTCGTAACTG-1,8.721822,13.928129,s1d3
GTGTGATTCTATGTGG-1,9.252061,8.839141,s1d3
GTGTGGCCAATTGAGA-1,9.046121,8.941175,s1d3
GTGTGGCCACGGTGTC-1,6.4438944,19.292662,s1d3
GTGTGGCGTACTGCCG-1,6.9444103,18.726702,s1d3
GTGTGGCGTAGTATAG-1,-4.928612,8.888931,s1d3
GTGTGGCGTGTCCCTT-1,13.072107,7.6679077,s1d3
GTGTGGCGTGTCTCCT-1,12.4737,6.28811,s1d3
GTGTGGCTCTCTTCAA-1,9.40591,-4.941188,s1d3
GTGTGGCTCTTAGCCC-1,2.9899704,-0.105295375,s1d3
GTGTTAGAGACATCCT-1,11.8396635,10.028358,s1d3
GTGTTAGAGCGTGTCC-1,11.504722,9.917056,s1d3
GTGTTAGAGGCAGTCA-1,0.031187601,3.8451219,s1d3
GTGTTAGAGGGTTAGC-1,6.899941,11.979958,s1d3
GTGTTAGAGGTTGCCC-1,-5.6271944,9.966868,s1d3
GTGTTAGAGTGCCGAA-1,9.004742,6.2690053,s1d3
GTGTTAGCAAAGACGC-1,8.366812,7.6390944,s1d3
GTGTTAGCAGAACATA-1,-4.6582603,9.801345,s1d3
GTGTTAGGTACTCCCT-1,-3.0653496,11.832988,s1d3
GTGTTAGTCCACTAGA-1,3.0274858,19.301586,s1d3
GTGTTAGTCGAGCTGC-1,8.179991,6.616634,s1d3
GTGTTCCAGAGAATCT-1,8.414048,14.271319,s1d3
GTGTTCCAGTAGACCG-1,10.273304,7.835357,s1d3
GTGTTCCAGTCCTACA-1,12.435417,11.460956,s1d3
GTGTTCCCAAGGAGTC-1,8.235707,-4.419544,s1d3
GTGTTCCCATGAAAGT-1,13.548708,6.524982,s1d3
GTGTTCCGTCCAAGAG-1,2.881104,15.925885,s1d3
GTGTTCCGTGAGCTCC-1,6.328221,10.876905,s1d3
GTGTTCCTCAGCAATC-1,11.210269,11.654377,s1d3
GTTACAGAGCATCAGG-1,8.322656,7.9280653,s1d3
GTTACAGAGGAGTCTG-1,9.47841,6.6723356,s1d3
GTTACAGCAATGAACA-1,9.164181,-4.9145207,s1d3
GTTACCCAGACGCAGT-1,4.454689,2.6187139,s1d3
GTTACCCAGAGTTCGG-1,6.6302776,2.7857702,s1d3
GTTACCCAGGCTCTCG-1,10.519334,8.049043,s1d3
GTTACCCAGTCTAACC-1,8.262289,6.7963276,s1d3
GTTACCCCAATCTCGA-1,13.509402,7.142872,s1d3
GTTACCCCACTGTCCT-1,7.151354,19.286322,s1d3
GTTACCCCACTTGACA-1,9.749003,8.553101,s1d3
GTTACCCGTAGCTGCC-1,8.4317255,-4.8681316,s1d3
GTTACCCGTATACGGG-1,12.037578,11.118188,s1d3
GTTACCCGTTCAAGTC-1,11.036951,13.371954,s1d3
GTTACCCTCCTGCTAC-1,11.390916,11.337839,s1d3
GTTACGAAGACTAGAT-1,10.540306,7.3316665,s1d3
GTTACGAAGCGGACAT-1,-4.614307,8.154707,s1d3
GTTACGAAGTGGCCTC-1,5.583003,11.542988,s1d3
GTTACGACAGGCGTTC-1,14.858806,6.3706074,s1d3
GTTACGAGTAAGCAAT-1,2.3185532,15.970374,s1d3
GTTACGAGTACTCGTA-1,7.871037,19.376097,s1d3
GTTACGAGTCGCTGCA-1,9.7775345,7.07736,s1d3
GTTACGAGTGATGGCA-1,1.8516122,2.7261226,s1d3
GTTACGAGTTGGACCC-1,9.778975,-2.075025,s1d3
GTTACGATCGGCTTGG-1,3.4703445,20.558226,s1d3
GTTACGATCTTCGCTG-1,9.308375,8.325586,s1d3
GTTAGACAGCGCCTAC-1,14.028514,4.5013366,s1d3
GTTAGACAGTCGGGAT-1,16.272524,8.357636,s1d3
GTTAGACGTCCTACGG-1,9.56862,9.286301,s1d3
GTTAGACTCAAGCTTG-1,-2.6734314,9.282063,s1d3
GTTAGACTCGCAATGT-1,-1.4278004,7.137146,s1d3
GTTAGTGAGACTCTAC-1,3.6273484,18.455956,s1d3
GTTAGTGAGCAGGCAT-1,13.092574,6.478267,s1d3
GTTAGTGAGCCATTCA-1,3.3696358,15.568565,s1d3
GTTAGTGAGCGTATAA-1,8.878709,6.263237,s1d3
GTTAGTGCAACACGAG-1,13.439199,3.5022674,s1d3
GTTAGTGCAAGGGTCA-1,1.0107532,2.8047385,s1d3
GTTAGTGCACGACGTC-1,13.591294,5.719772,s1d3
GTTAGTGCATGGATCT-1-1,14.041442,4.939872,s1d3
GTTAGTGGTTGAGTCT-1,10.270354,8.82808,s1d3
GTTAGTGTCGGTTCAA-1,7.714966,7.957891,s1d3
GTTAGTGTCGTGCATA-1,9.297904,8.633837,s1d3
GTTATGGTCATTGCGA-1,3.588738,18.714426,s1d3
GTTATGGTCCTCTAAT-1,1.1620578,3.589515,s1d3
GTTATGGTCTTTCCAA-1,9.330217,1.6647575,s1d3
GTTCATTAGGGTGGGA-1,14.416416,6.34752,s1d3
GTTCATTAGGTACCTT-1,13.178591,5.5366616,s1d3
GTTCATTGTAACGCGA-1,9.039053,9.259774,s1d3
GTTCATTGTGACCGAA-1,2.4745233,17.44072,s1d3
GTTCATTGTTCTTCAT-1,9.6106,-2.850158,s1d3
GTTCATTGTTGGCCTG-1,11.004227,7.033682,s1d3
GTTCCGTAGAGCCGAT-1,11.21439,8.4493065,s1d3
GTTCCGTAGCGAGTCA-1,15.675131,9.3753395,s1d3
GTTCCGTAGCTGACTT-1,4.07716,20.15596,s1d3
GTTCCGTCAGTCAGTT-1,12.273455,11.287472,s1d3
GTTCCGTGTGAGCTCC-1,15.837233,8.129458,s1d3
GTTCCGTGTGCCTTCT-1,-4.0970325,10.773045,s1d3
GTTCCGTGTGTGGACA-1,-4.8160567,8.608004,s1d3
GTTCCGTTCCGTAGTA-1,3.729765,16.213741,s1d3
GTTCCGTTCGCAGTGC-1,9.3997345,-3.3366888,s1d3
GTTCCGTTCTCCGATC-1,-4.9181657,10.445864,s1d3
GTTCGCTAGAGATGCC-1,-1.1267884,6.756667,s1d3
GTTCGCTAGCACACAG-1,9.620379,9.110988,s1d3
GTTCGCTAGCCGTTAT-1,11.44642,13.40098,s1d3
GTTCGCTCAACACGTT-1,3.1314518,19.829903,s1d3
GTTCGCTCAATGACCT-1,2.9886556,15.925433,s1d3
GTTCGCTCAGGTCAGA-1,10.29419,7.102273,s1d3
GTTCGCTGTATCCTCC-1,-2.9875658,12.492865,s1d3
GTTCGCTGTGGCTACC-1,8.630801,7.029714,s1d3
GTTCGCTGTTGCACGC-1,-2.8193007,11.73967,s1d3
GTTCGCTTCTGCCTCA-1,14.502217,6.9513373,s1d3
GTTCTATAGCATTGTC-1,9.556639,6.3637795,s1d3
GTTCTATAGCGAGTAC-1,11.474107,1.2066439,s1d3
GTTCTATCAGAGGCTA-1,2.958251,17.50847,s1d3
GTTCTATCATAGAAAC-1,13.484263,5.4923906,s1d3
GTTCTATGTCAGATTC-1,11.821869,12.878521,s1d3
GTTCTATGTTTGCAGT-1,13.22425,7.5962462,s1d3
GTTCTATTCACCCTCA-1,-4.818019,8.971648,s1d3
GTTCTATTCCAATCCC-1,15.003907,6.4230447,s1d3
GTTCTATTCCGTATAG-1,4.0561895,19.608004,s1d3
GTTCTATTCCGTGGCA-1,2.2983372,16.259779,s1d3
GTTGAACAGGTACATA-1,6.849502,2.9757001,s1d3
GTTGAACCAAATGAGT-1,15.816352,7.846177,s1d3
GTTGAACCACTATCCC-1,10.844336,10.18406,s1d3
GTTGAACCAGGAAGTC-1,13.752266,8.033545,s1d3
GTTGAACCAGGTAGTG-1,11.14009,11.198467,s1d3
GTTGAACGTACCGGCT-1,5.146893,2.0548437,s1d3
GTTGAACGTACTCGAT-1,12.260077,6.3827515,s1d3
GTTGAACGTTAGAGTA-1,15.323288,6.688107,s1d3
GTTGAACGTTCCGCGA-1,11.317277,10.877849,s1d3
GTTGAACTCACAACCA-1,8.047641,-2.844212,s1d3
GTTGCGGCAATCTCGA-1,11.033682,11.58873,s1d3
GTTGCGGCACACAGAG-1,8.798937,6.6554675,s1d3
GTTGCGGCAGAAGTGC-1,9.102626,6.611947,s1d3
GTTGCGGCAGACACCC-1,7.4984255,11.952864,s1d3
GTTGCGGCATGGCGCT-1,2.8940604,0.031030199,s1d3
GTTGCGGGTACCTGTA-1,10.339475,9.745988,s1d3
GTTGCGGGTTGTAAAG-1,14.223672,6.330762,s1d3
GTTGCGGTCAAATAGG-1,4.666323,19.043816,s1d3
GTTGCGGTCTGCAGCG-1,16.073114,8.040079,s1d3
GTTGCTCCAAACTAAG-1,-5.1509647,8.821379,s1d3
GTTGCTCCAGGAATAT-1,-4.7448096,10.036603,s1d3
GTTGCTCCATTCAGCA-1,3.5844982,19.481224,s1d3
GTTGCTCGTATCACGT-1,11.372583,12.639314,s1d3
GTTGCTCGTGTCTCCT-1,-4.9993405,9.875696,s1d3
GTTGCTCGTTGCCGAC-1,1.9895688,5.254744,s1d3
GTTGCTCTCCAGCTCT-1,3.8469589,2.7875643,s1d3
GTTGCTCTCGTCGCTT-1,10.436684,8.404216,s1d3
GTTGTAGCACAATTCG-1,-1.6179924,7.0095005,s1d3
GTTGTAGCACTTGTCC-1,10.369029,-4.7033076,s1d3
GTTGTAGGTACTCGTA-1,2.407871,17.123903,s1d3
GTTGTAGGTTCTGAGT-1,10.188552,9.746347,s1d3
GTTGTAGTCCAAGGGA-1,9.681181,6.2596803,s1d3
GTTGTAGTCCTCTAAT-1,10.849248,6.997637,s1d3
GTTGTAGTCTCTCGCA-1,11.077673,12.091876,s1d3
GTTGTAGTCTTGGTCC-1,10.000871,7.3053885,s1d3
GTTGTCCCAACCGCTG-1,11.678907,0.8234969,s1d3
GTTGTCCCATTATGCG-1,8.349229,12.910371,s1d3
GTTGTCCGTGAACGGT-1,13.954865,5.715792,s1d3
GTTGTCCGTTCTGAGT-1,-5.375112,9.15049,s1d3
GTTGTGAAGAGATTCA-1,9.581004,8.780872,s1d3
GTTGTGAAGAGCATAT-1,12.296308,6.1609254,s1d3
GTTGTGAAGTGGTGAC-1,12.923382,5.628942,s1d3
GTTGTGACAATGCAGG-1,3.5220103,5.1560144,s1d3
GTTGTGACACATTCGA-1,5.729326,11.53653,s1d3
GTTGTGACAGCTATTG-1,11.492395,9.66009,s1d3
GTTGTGAGTCGCCACA-1,10.767113,12.663757,s1d3
GTTGTGAGTTTGTTCT-1,-3.6555219,8.65718,s1d3
GTTGTGATCCACTTCG-1,12.2790165,-1.1160609,s1d3
GTTTACTCAGTATACC-1,9.11074,6.0280766,s1d3
GTTTACTCATTCTCTA-1,13.360024,8.533389,s1d3
GTTTACTGTGAGGCAT-1,9.390711,7.0707893,s1d3
GTTTACTGTTCGTTCC-1,12.676809,6.8431783,s1d3
GTTTACTGTTTGTGGT-1,12.695249,10.894493,s1d3
GTTTACTTCAAGTTGC-1,12.877279,5.0661716,s1d3
GTTTACTTCTAAGCGT-1,9.22574,-3.9531536,s1d3
GTTTGGAAGCACGATG-1,10.566877,13.259519,s1d3
GTTTGGAAGCATGGGT-1,13.956076,6.086424,s1d3
GTTTGGAAGCCGGATA-1,4.1818933,19.409157,s1d3
GTTTGGAAGCCTTGAT-1,1.4556668,2.883408,s1d3
GTTTGGAAGTAGCATA-1,7.250343,11.323469,s1d3
GTTTGGAAGTTGGAAT-1,8.990667,8.276298,s1d3
GTTTGGAGTAGAGTTA-1,8.007155,19.384666,s1d3
GTTTGGAGTATGGTTC-1,11.358315,7.5877795,s1d3
GTTTGGATCCTACACC-1,-2.9959304,10.561839,s1d3
TAACACGAGGCGATAC-1,-4.076492,9.369946,s1d3
TAACACGCAGATACTC-1,8.5489855,6.9405622,s1d3
TAACACGCAGGATTCT-1,-4.809094,10.046832,s1d3
TAACACGGTAACCAGG-1,12.504689,6.494246,s1d3
TAACACGTCCTCTGCA-1,6.092587,20.098585,s1d3
TAACCAGAGACCTTTG-1,6.803246,11.888669,s1d3
TAACCAGCACAGAGCA-1,10.04386,8.775794,s1d3
TAACCAGCAGTTTGGT-1,13.709666,7.9135523,s1d3
TAACCAGGTGGCTTGC-1,-4.563667,10.699497,s1d3
TAACCAGTCACTCACC-1,8.683185,13.282892,s1d3
TAACCAGTCGTAACTG-1,12.643302,9.642039,s1d3
TAACGACAGGTTCTTG-1,9.346386,5.8020973,s1d3
TAACGACCAACTTGCA-1,9.648655,9.248575,s1d3
TAACGACCAATCAGCT-1,-4.4858217,8.479711,s1d3
TAACGACCACCCTGTT-1,15.148646,8.592826,s1d3
TAACGACCAGAACTCT-1,12.819419,7.8965664,s1d3
TAACGACCAGAGCCCT-1,9.471162,-3.2094178,s1d3
TAACGACGTTATCTGG-1,-4.3188605,9.364902,s1d3
TAACGACTCTGGGAGA-1,3.5932372,20.157019,s1d3
TAACTTCAGACAGCGT-1,15.3011675,7.218209,s1d3
TAACTTCAGTAGCAAT-1,8.55337,6.1929526,s1d3
TAACTTCCAACCCTCT-1,9.382833,1.7149695,s1d3
TAACTTCCACCTTCCA-1,1.3565593,2.4201012,s1d3
TAACTTCCAGTAACCT-1,11.288372,7.674823,s1d3
TAACTTCCATCGATGT-1,-4.8097463,9.778152,s1d3
TAACTTCGTATGTGTC-1,6.571,11.550313,s1d3
TAACTTCGTGCCGTTG-1,1.0541738,2.5900745,s1d3
TAACTTCGTGTCTAAC-1,-4.178021,12.205969,s1d3
TAACTTCGTGTGGTCC-1,9.263281,6.214048,s1d3
TAACTTCTCATCTGTT-1,8.832811,6.7579713,s1d3
TAACTTCTCGGACCAC-1,8.914182,6.4137745,s1d3
TAAGCACAGGTCGTAG-1,9.688339,7.8079815,s1d3
TAAGCACCAAAGGTTA-1,9.269051,6.3948483,s1d3
TAAGCACCAAGCAATA-1,11.031806,8.844708,s1d3
TAAGCACGTATCATGC-1,11.051365,14.279643,s1d3
TAAGCACGTGTTGAGG-1,12.864965,-3.6551385,s1d3
TAAGCACTCAAGTTGC-1,-4.6518216,9.845481,s1d3
TAAGCCAAGACCTGGA-1,12.052582,2.247953,s1d3
TAAGCCAGTCCGTTTC-1,11.915348,1.3016421,s1d3
TAAGCCAGTTGGTAGG-1,14.409718,5.9163704,s1d3
TAAGCCATCGAACGCC-1,-4.159976,9.667507,s1d3
TAAGCCATCGCTACGG-1,7.9196835,-1.9591199,s1d3
TAAGCCATCTAGTACG-1,-4.4072986,9.22421,s1d3
TAAGCCATCTCCATAT-1,-4.9226546,10.143628,s1d3
TAAGCGTAGTGCGCTC-1,2.108015,5.2382703,s1d3
TAAGCGTCAATGGCAG-1,11.307189,13.184705,s1d3
TAAGCGTCACGAGGTA-1,8.370288,8.178061,s1d3
TAAGCGTCAGGCACTC-1,8.670031,8.952238,s1d3
TAAGCGTGTACTAACC-1,3.6871312,16.296444,s1d3
TAAGCGTGTAGATTGA-1,10.736054,6.455976,s1d3
TAAGCGTGTCGATTTG-1,8.474597,7.6985235,s1d3
TAAGCGTGTCTAATCG-1,9.352874,-4.9076304,s1d3
TAAGCGTGTGTGCTTA-1,-5.5334554,9.123577,s1d3
TAAGCGTTCCGTGGTG-1,12.505135,12.152562,s1d3
TAAGCGTTCCTGGGAC-1,9.686487,9.654463,s1d3
TAAGCGTTCGTGTTCC-1,13.712212,4.0158772,s1d3
TAAGCGTTCTGGGTCG-1,10.168581,-4.6371703,s1d3
TAAGCGTTCTTACGTT-1,9.529344,6.747519,s1d3
TAAGTCGAGCACTAAA-1,11.366162,7.535845,s1d3
TAAGTCGAGCCAGAGT-1,9.582332,5.9774513,s1d3
TAAGTCGAGGACGCTA-1,12.487305,6.166873,s1d3
TAAGTCGGTTGCATCA-1,11.889654,-1.5620817,s1d3
TAAGTCGGTTGTGTTG-1,9.635476,6.634772,s1d3
TAAGTCGGTTTGAACC-1,4.0071507,17.94631,s1d3
TAAGTCGTCCCTGGTT-1,8.100303,7.1190186,s1d3
TAAGTCGTCCTGGGTG-1,11.668579,1.4137133,s1d3
TAAGTCGTCTCGTCGT-1,11.408806,9.155456,s1d3
TAATCTCAGCCTCTTC-1,10.560295,13.041893,s1d3
TAATCTCAGCGTGCTC-1,-5.068031,9.978482,s1d3
TAATCTCAGCTGACAG-1,8.5602045,6.6041245,s1d3
TAATCTCAGTTGCCCG-1,1.9295875,15.631006,s1d3
TAATCTCCACGTTGGC-1,11.7937765,9.85699,s1d3
TAATCTCCACTAGTAC-1,11.340935,8.063105,s1d3
TAATCTCCAGAATTCC-1,1.1464918,2.7213392,s1d3
TAATCTCCAGAGTGAC-1,12.368963,11.310188,s1d3
TAATCTCGTATAGGGC-1,9.514009,5.832575,s1d3
TAATCTCGTCTTGCTC-1,8.229659,13.263438,s1d3
TAATCTCGTGGACAGT-1,9.362454,5.751182,s1d3
TAATCTCGTTACGCCG-1,-3.0026498,10.189573,s1d3
TAATCTCTCCCATTTA-1,11.345703,11.0908165,s1d3
TAATTCCAGCCTCTGG-1,8.464751,6.3843284,s1d3
TAATTCCAGCGTACAG-1,13.269513,8.634171,s1d3
TAATTCCAGCGTCAGA-1,12.792016,5.949033,s1d3
TAATTCCAGGAGTCTG-1,10.468247,8.784601,s1d3
TAATTCCCAGTAGTGG-1,-2.917292,9.630172,s1d3
TAATTCCCATAACAGA-1,-4.460982,8.934576,s1d3
TAATTCCGTACGTGTT-1,9.063325,7.068529,s1d3
TAATTCCGTATAGCTC-1,-4.906776,9.516499,s1d3
TAATTCCGTGGTTCTA-1,8.886981,8.353558,s1d3
TAATTCCGTTAGAGAT-1,-1.8896304,5.4774437,s1d3
TAATTCCTCGCGGTAC-1,-3.6153688,9.515681,s1d3
TAATTCCTCGGCATTA-1,9.141343,7.4949894,s1d3
TACAACGAGAATCGCG-1,10.272405,10.309948,s1d3
TACAACGAGAGGTATT-1,9.101599,6.5891843,s1d3
TACAACGAGGGACTGT-1,13.3301525,6.8625298,s1d3
TACAACGCAGAGTCAG-1,11.898279,8.779023,s1d3
TACAACGGTCACGACC-1,8.981585,8.201224,s1d3
TACAACGTCAGAGCAG-1,6.4156156,20.734037,s1d3
TACAACGTCCACAGGC-1,-0.31159276,7.0414944,s1d3
TACAACGTCGACCCAG-1,8.011475,7.5475793,s1d3
TACACCCAGACATGCG-1,10.2549715,8.373587,s1d3
TACACCCAGACGACTG-1,5.91397,18.638575,s1d3
TACACCCAGACTTCGT-1,4.371271,16.28723,s1d3
TACACCCAGCAAGCCA-1,13.582481,6.265228,s1d3
TACACCCAGCTAGATA-1,-4.3693304,10.707853,s1d3
TACACCCCAAATGAGT-1,11.358425,11.621047,s1d3
TACACCCCAACGGCTC-1,11.167826,8.119776,s1d3
TACACCCCAGCTATTG-1,-3.2455692,10.451923,s1d3
TACACCCCAGTCGGTC-1,8.539032,13.709001,s1d3
TACACCCCATCCGCGA-1,9.287123,7.985384,s1d3
TACACCCCATCGGAAG-1,8.358066,7.542657,s1d3
TACACCCGTACGATTC-1,11.219814,-3.859396,s1d3
TACACCCTCCAAACCA-1,-4.956339,8.313453,s1d3
TACAGGTAGGTAAGTT-1,14.252268,5.7478323,s1d3
TACAGGTCAAACACCT-1,12.542963,11.46172,s1d3
TACAGGTCACATGGTT-1,10.833928,7.1834984,s1d3
TACAGGTCACTAGTAC-1,10.67605,-4.238001,s1d3
TACAGGTCAGAGTGTG-1,3.7703764,16.515913,s1d3
TACAGGTCAGCACAAG-1,9.856957,8.730678,s1d3
TACAGGTCAGTGAGCA-1,9.401724,7.43651,s1d3
TACAGGTGTAATGCTC-1,-3.97615,12.40293,s1d3
TACAGGTGTAGACAAT-1,8.501338,13.6137905,s1d3
TACAGGTGTAGATCCT-1,9.330594,-0.76304585,s1d3
TACAGGTGTTACACTG-1,8.663265,6.983076,s1d3
TACAGGTGTTCGGTTA-1,-4.583452,10.162842,s1d3
TACAGGTTCATTCATC-1,16.074617,8.6690855,s1d3
TACAGGTTCCGGCAGT-1,9.1725235,6.359707,s1d3
TACAGGTTCTCCTGTG-1,14.797442,7.7871823,s1d3
TACATTCAGAAGTGTT-1,12.3698,11.2820635,s1d3
TACATTCAGCATTGTC-1,8.617645,13.641353,s1d3
TACATTCAGCCTGAAG-1,9.662156,6.00181,s1d3
TACATTCAGTACTGTC-1,11.04885,8.717767,s1d3
TACATTCCACCTGCTT-1,14.133651,7.825139,s1d3
TACATTCCACTGCGTG-1,-4.9713364,8.095305,s1d3
TACATTCGTCAACCTA-1,14.033969,6.396104,s1d3
TACATTCGTCCACTTC-1,9.685501,8.400406,s1d3
TACATTCGTGTATTGC-1,8.381446,6.2584624,s1d3
TACATTCGTTTAGACC-1,7.230599,19.522089,s1d3
TACATTCTCCGGTTCT-1,13.491534,7.9754915,s1d3
TACATTCTCTAACGCA-1,9.854005,-1.326499,s1d3
TACATTCTCTCCAAGA-1,9.333497,13.023866,s1d3
TACCCACAGAAGCCAC-1,10.767194,6.659618,s1d3
TACCCACAGATGCTGG-1,-4.598613,8.396369,s1d3
TACCCACAGGTCATCT-1,2.1869824,1.5858985,s1d3
TACCCACAGTATTGCC-1,2.885242,0.8864985,s1d3
TACCCACCAACTGATC-1,-2.6561568,11.070363,s1d3
TACCCACCAATGCAGG-1,8.079078,19.540087,s1d3
TACCCACCACACGGTC-1,-2.22116,9.978223,s1d3
TACCCACCATATGAAG-1,11.867242,9.502385,s1d3
TACCCACGTCTCGGAC-1,8.441752,6.8360577,s1d3
TACCCACGTTCTCAGA-1,8.341866,-2.9661407,s1d3
TACCCACTCAAGTCGT-1,9.011385,13.747125,s1d3
TACCCACTCATCAGTG-1,13.973652,7.588426,s1d3
TACCCACTCCAGCTCT-1,9.826814,7.6077366,s1d3
TACCCACTCCCGTGTT-1,9.588098,-3.8029735,s1d3
TACCCACTCGGCTCTT-1,9.488198,7.507303,s1d3
TACCCACTCTGTAAGC-1,8.544671,9.618325,s1d3
TACCCGTAGGTTCTTG-1,11.13311,7.5403323,s1d3
TACCCGTAGTTGAAAC-1,12.678962,-3.7155147,s1d3
TACCCGTCAACTGCTA-1,11.338343,11.20222,s1d3
TACCCGTCAGCTTCCT-1,12.355182,9.795799,s1d3
TACCCGTGTCAGTCTA-1,11.6340885,13.307441,s1d3
TACCCGTGTTCTCAGA-1,6.628799,11.737764,s1d3
TACCCGTTCCAGCACG-1,12.96336,5.5453353,s1d3
TACCCGTTCCCATTTA-1,11.22387,10.554937,s1d3
TACCCGTTCGAAGCCC-1,11.620709,8.834772,s1d3
TACCGAACAAAGGGCT-1,11.105215,12.559552,s1d3
TACCGAACACGGAAGT-1,10.741114,14.32627,s1d3
TACCGAACACTCAAGT-1,14.326164,6.7229505,s1d3
TACCGAACATCGGAAG-1,7.4055853,-2.786464,s1d3
TACCGAACATTCCTAT-1,8.728168,6.8006744,s1d3
TACCGAAGTTACGGAG-1,9.520881,8.514942,s1d3
TACCGAAGTTGCATTG-1,9.550582,-5.2195125,s1d3
TACCGAATCGAGCCTG-1,12.832581,7.1356945,s1d3
TACCGGGAGAACGCGT-1,8.006383,18.728947,s1d3
TACCGGGAGAGCAGTC-1,8.256412,8.139997,s1d3
TACCGGGAGATGCCGA-1,14.808878,7.4338045,s1d3
TACCGGGAGCAGAAAG-1,14.13149,9.556509,s1d3
TACCGGGCAAGTGCAG-1,-5.399128,9.962695,s1d3
TACCGGGCACGACAAG-1,-5.3390284,8.696047,s1d3
TACCGGGGTGACTGTT-1,9.209796,7.7127833,s1d3
TACCGGGTCCACCTGT-1,15.59157,6.978909,s1d3
TACCTCGAGTACCCTA-1,9.583667,6.3092575,s1d3
TACCTCGCAACTCCCT-1,-0.2709269,3.0663507,s1d3
TACCTCGCATGGACAG-1,7.142257,20.45631,s1d3
TACCTCGGTCACAGAG-1,14.825925,9.392631,s1d3
TACCTCGGTTAATCGC-1,3.7667835,2.0007665,s1d3
TACCTCGTCCTAAGTG-1,10.899286,7.2559752,s1d3
TACCTCGTCTAGATCG-1,10.2408905,6.9648623,s1d3
TACCTCGTCTTACGTT-1,14.170814,4.795907,s1d3
TACCTGCGTAGCTTTG-1,-4.5005765,11.542523,s1d3
TACCTGCGTATCGAGG-1,8.537145,6.102089,s1d3
TACCTGCTCATCTATC-1,9.488991,1.8619746,s1d3
TACCTGCTCGTCAACA-1,16.55932,8.245698,s1d3
TACGCTCAGTAAACTG-1,6.6632934,20.725163,s1d3
TACGCTCAGTGATAGT-1,-0.43992049,5.916792,s1d3
TACGCTCAGTGCACCC-1,9.384114,-5.150638,s1d3
TACGCTCAGTGGAATT-1,9.711966,-3.5957053,s1d3
TACGCTCCACTGTTCC-1,4.1149077,19.66567,s1d3
TACGCTCCATCCGGCA-1,11.8245325,11.305908,s1d3
TACGCTCGTAATGTGA-1,-2.0826752,5.6176863,s1d3
TACGCTCGTACGCTTA-1,2.5058482,16.437895,s1d3
TACGCTCGTATGCTTG-1,-1.3520381,7.429018,s1d3
TACGCTCGTCCAGCAC-1,10.675388,6.4703774,s1d3
TACGCTCTCCAGGACC-1,11.165682,11.665493,s1d3
TACGCTCTCCGATGCG-1,-5.6145816,9.293473,s1d3
TACGCTCTCGCACGGT-1,10.720174,7.3851533,s1d3
TACGCTCTCTAACGCA-1,13.084972,8.735948,s1d3
TACGCTCTCTTTGCTA-1-1,10.482998,9.876235,s1d3
TACGGGCAGGCGAAGG-1,9.42826,9.226987,s1d3
TACGGGCCACATATGC-1,13.993093,5.642103,s1d3
TACGGGCCAGGAAGTC-1,12.384997,10.823495,s1d3
TACGGGCCATGGCTGC-1,-5.190854,9.295228,s1d3
TACGGGCGTCTTACTT-1,8.539073,13.905809,s1d3
TACGGGCGTGAATATG-1,-4.448093,8.846608,s1d3
TACGGTAAGAACTGAT-1,7.9902678,3.054966,s1d3
TACGGTAAGATAACGT-1,13.675936,6.089305,s1d3
TACGGTAAGCGACAGT-1,12.259853,10.12806,s1d3
TACGGTACACGGATCC-1,14.426716,6.723421,s1d3
TACGGTACAGGTCCCA-1,10.725451,8.758598,s1d3
TACGGTACATACCATG-1,15.316065,7.2303667,s1d3
TACGGTACATTCCTAT-1,-3.9457436,10.437475,s1d3
TACGGTAGTACCTAAC-1,7.9237123,19.409515,s1d3
TACGGTAGTAGCACGA-1,9.414377,6.422136,s1d3
TACGGTAGTTCTTCAT-1,11.9161215,6.3882,s1d3
TACGGTAGTTGTGTTG-1,-2.2905116,10.660198,s1d3
TACGGTATCCATCAGA-1,-5.571831,9.39018,s1d3
TACGGTATCCGTCAAA-1,10.119018,7.7508035,s1d3
TACGTCCAGGAGAGGC-1,2.922195,5.7160335,s1d3
TACGTCCAGGGTTGCA-1,9.266231,6.0764213,s1d3
TACGTCCAGGTACCTT-1,3.73332,18.224499,s1d3
TACGTCCAGTAACGAT-1,8.650786,8.963235,s1d3
TACGTCCCAAATCAGA-1,2.5431674,3.018355,s1d3
TACGTCCCAACATACC-1,9.624412,-4.9206867,s1d3
TACGTCCCAAGACGGT-1,-0.40934613,7.0950284,s1d3
TACGTCCCAATAACGA-1,10.629414,7.4941196,s1d3
TACGTCCCACAGCCTG-1,9.137321,1.4002014,s1d3
TACGTCCCAGTGGTGA-1,3.339589,19.87016,s1d3
TACGTCCGTAAGCAAT-1,5.617358,11.444853,s1d3
TACGTCCGTTCTCGCT-1,-2.9590282,12.740168,s1d3
TACTGCCAGATGTTCC-1,9.072652,13.97312,s1d3
TACTGCCAGCTCAGAG-1,8.546336,13.474178,s1d3
TACTGCCAGCTCCATA-1,10.591318,13.458656,s1d3
TACTGCCCAAATCGTC-1,11.064366,7.2303286,s1d3
TACTGCCCAAGTTTGC-1,2.505443,16.843494,s1d3
TACTGCCCAGCTCGGT-1,14.163112,5.7224965,s1d3
TACTGCCGTCCGTTTC-1,-4.432565,10.821068,s1d3
TACTGCCTCACTACGA-1,12.457013,6.6230326,s1d3
TACTTACAGTACGTCT-1,7.215928,12.214094,s1d3
TACTTACCACAGCCTG-1,12.48025,7.166047,s1d3
TACTTACCACATTCGA-1,3.7023478,5.2943735,s1d3
TACTTACGTGGTACAG-1,3.5641415,19.14527,s1d3
TACTTACGTTCAAACC-1,6.1958623,20.413397,s1d3
TACTTACTCCCAAGTA-1,12.294782,9.461083,s1d3
TACTTACTCCCGGTAG-1-1,10.338714,7.9959745,s1d3
TACTTACTCGTTGTTT-1,10.856697,7.914512,s1d3
TACTTACTCTTCCCAG-1,-3.4035804,9.728348,s1d3
TACTTCACAAGCTACT-1,2.1336558,15.8847885,s1d3
TACTTCAGTACTAACC-1,10.951503,9.164203,s1d3
TACTTCAGTGGATCGA-1,-4.9185987,9.968838,s1d3
TACTTCAGTTGCGTAT-1,9.151927,8.336525,s1d3
TACTTCATCAGCCTTC-1,7.722353,12.085381,s1d3
TACTTCATCCAAGCAT-1,10.5672,8.836928,s1d3
TACTTCATCCCTCAAC-1,11.496123,13.1285515,s1d3
TACTTCATCGTGTGGC-1,1.2833403,3.0423782,s1d3
TACTTGTAGCGGTATG-1,4.5579133,16.109783,s1d3
TACTTGTCAAGATTGA-1,3.6448689,4.9103265,s1d3
TACTTGTCATGTAACC-1,9.685977,6.280563,s1d3
TACTTGTGTTCGGCTG-1,12.365508,5.965909,s1d3
TAGACCAAGCCGATAG-1,9.664338,-1.2123241,s1d3
TAGACCAAGGGCAGTT-1,-4.3887424,10.94311,s1d3
TAGACCAAGGGCTGAT-1,-4.3242683,9.325695,s1d3
TAGACCACAATTTCGG-1,10.982246,12.528555,s1d3
TAGACCAGTGTCCTAA-1,8.398362,6.9569545,s1d3
TAGACCAGTTTCGTTT-1,9.451389,13.032631,s1d3
TAGACCATCCCGTAAA-1,6.8672624,11.600395,s1d3
TAGACCATCGTTGTGA-1,10.652349,8.776297,s1d3
TAGACCATCTGGGATT-1,9.577866,9.134787,s1d3
TAGACCATCTTTACAC-1,3.7404473,15.894104,s1d3
TAGACTGAGCACTGGA-1,12.391431,11.342442,s1d3
TAGACTGAGCGTGTCC-1,12.292648,-1.4832243,s1d3
TAGACTGAGGAACGTC-1,9.11714,9.147765,s1d3
TAGACTGAGGATTCAA-1,11.010705,11.423966,s1d3
TAGACTGAGGTAGCCA-1,9.807491,-0.8538838,s1d3
TAGACTGAGTTGGACG-1,10.271444,-4.4056306,s1d3
TAGACTGCAACACAGG-1,13.629336,6.2516274,s1d3
TAGACTGCAACGTTAC-1,10.681855,7.291058,s1d3
TAGACTGCATCCTGTC-1,15.501018,7.452767,s1d3
TAGACTGCATGATAGA-1,10.231999,8.57721,s1d3
TAGACTGGTCTGCCTT-1,13.205366,3.8044102,s1d3
TAGACTGGTGGACAGT-1,10.057173,7.0511913,s1d3
TAGACTGGTTCTTAGG-1,10.039701,8.372694,s1d3
TAGACTGTCACTTGGA-1,8.853881,3.5421317,s1d3
TAGACTGTCAGACCGC-1,11.012196,17.405619,s1d3
TAGACTGTCTACGGTA-1,11.516905,10.237682,s1d3
TAGAGTCAGCTAAATG-1,9.339981,5.9247947,s1d3
TAGAGTCAGGTTGACG-1,1.3737552,1.4112139,s1d3
TAGAGTCTCAAACCTG-1,-4.071039,11.17541,s1d3
TAGAGTCTCTCCCATG-1,3.793838,19.663847,s1d3
TAGATCGAGAATAACC-1,12.393253,11.526998,s1d3
TAGATCGAGTTGTCAC-1,8.301888,13.734717,s1d3
TAGATCGCACGCGCAT-1,11.613632,9.696601,s1d3
TAGATCGCACGCTGTG-1,11.367842,9.992917,s1d3
TAGATCGCAGATACCT-1,6.6349,11.437973,s1d3
TAGATCGCAGCTGTCG-1,-5.0847964,10.078562,s1d3
TAGATCGCAGGATCTT-1,9.626225,9.008942,s1d3
TAGATCGGTATGACAA-1,-2.6157098,10.741162,s1d3
TAGATCGGTCAGACTT-1,8.794984,6.7466083,s1d3
TAGATCGGTGACAGGT-1,3.2627409,4.5641003,s1d3
TAGATCGTCAACGCTA-1,7.010642,20.3975,s1d3
TAGATCGTCCGAGTGC-1,-1.0262027,3.8602521,s1d3
TAGATCGTCCTTGAAG-1,10.351604,11.6685095,s1d3
TAGCACACATATGAAG-1,8.850531,-3.1732202,s1d3
TAGCACAGTACGCGTC-1,-3.0127435,12.555694,s1d3
TAGCACATCCCAGGAC-1,9.052221,6.871288,s1d3
TAGGAGGAGACCAGAC-1,15.264372,8.158436,s1d3
TAGGAGGAGGCCTTCG-1,11.793844,6.610029,s1d3
TAGGAGGAGTATTGCC-1,11.928765,7.2046065,s1d3
TAGGAGGCAGTGTGGA-1,12.10617,-1.2973529,s1d3
TAGGAGGGTAACGGTG-1,2.4327295,16.432592,s1d3
TAGGAGGGTCCTCAGG-1,12.179156,-1.3626213,s1d3
TAGGAGGGTGTGCTTA-1,-4.746864,9.293121,s1d3
TAGGAGGGTGTGTCGC-1,2.5929286,19.445148,s1d3
TAGGAGGGTTATGGTC-1,6.771445,2.801709,s1d3
TAGGAGGGTTGGTACT-1,8.7724,1.605063,s1d3
TAGGAGGGTTTCGCTC-1,-3.8526366,10.966999,s1d3
TAGGAGGTCTGGCCGA-1,12.94783,6.918327,s1d3
TAGGGTTCACGGTGCT-1,3.4637766,15.439285,s1d3
TAGGGTTCATCCAACA-1,3.4387033,19.57893,s1d3
TAGGGTTGTCGTTGCG-1,3.8514092,2.989425,s1d3
TAGGGTTGTGCATGTT-1,11.708675,10.637671,s1d3
TAGGGTTTCTGTCCGT-1,11.455436,11.525982,s1d3
TAGGTACAGATGGGCT-1,8.663423,7.3933725,s1d3
TAGGTACAGTAGAATC-1,11.47105,13.565987,s1d3
TAGGTACCAATTGCTG-1,2.9486952,19.34885,s1d3
TAGGTACCAGAGTTGG-1,10.709833,9.817617,s1d3
TAGGTACCAGTCTGGC-1,3.7619667,19.561024,s1d3
TAGGTACCAGTTGAAA-1,8.082303,7.559402,s1d3
TAGGTACCATTGACTG-1,10.030881,-4.395396,s1d3
TAGGTACGTGAATGAT-1,8.911848,13.36018,s1d3
TAGGTACGTTCTCCTG-1,12.908312,8.367096,s1d3
TAGGTACTCATGCCAA-1,8.031713,-3.5407271,s1d3
TAGGTTGAGATTGGGC-1,14.329148,6.0683203,s1d3
TAGGTTGAGCAATTAG-1,9.228793,7.2513447,s1d3
TAGGTTGAGCCTTTCC-1,13.843596,6.3946424,s1d3
TAGGTTGAGGCACTAG-1,5.9893084,11.944207,s1d3
TAGGTTGAGTAGCCAG-1,12.669497,6.1772203,s1d3
TAGGTTGGTAGGGAGG-1,-2.372072,10.6023445,s1d3
TAGGTTGGTATCGAGG-1,-0.30227548,3.1418653,s1d3
TAGGTTGGTCAGTCTA-1,12.402516,5.6099787,s1d3
TAGGTTGTCCACTGGG-1,10.152635,6.1388407,s1d3
TAGGTTGTCCGTGCGA-1,7.870198,7.2736197,s1d3
TAGGTTGTCTCCCATG-1,9.883367,6.501258,s1d3
TAGTGCAAGCATCCCG-1,8.336131,6.715438,s1d3
TAGTGCACAAAGTGTA-1,15.151663,7.4540796,s1d3
TAGTGCACAACAAGAT-1,10.35996,3.4490993,s1d3
TAGTGCAGTCACCACG-1,13.541711,7.2569165,s1d3
TAGTGCATCAAGATAG-1,8.530487,7.0034256,s1d3
TAGTGCATCAGACCTA-1,8.747943,-3.701094,s1d3
TAGTGCATCCACGTCT-1,8.708177,6.558984,s1d3
TAGTGCATCCCAAGTA-1,9.731676,8.187612,s1d3
TAGTGCATCCTCGCAT-1,9.951028,5.980721,s1d3
TAGTGCATCGTCGCTT-1,10.048482,9.254644,s1d3
TATACCTCAACATCGT-1,11.166913,8.921639,s1d3
TATACCTGTACAAAGT-1,-4.5378118,11.27478,s1d3
TATACCTGTCGAACGA-1,10.628715,9.290415,s1d3
TATACCTGTGAGGATC-1,9.157592,6.917528,s1d3
TATACCTTCCCGTTGT-1,7.9412565,18.799917,s1d3
TATATCCAGACCAACG-1,13.766441,7.815626,s1d3
TATATCCAGTTTCGAC-1,-5.3368936,9.261356,s1d3
TATATCCCACTCATAG-1,8.234042,13.951012,s1d3
TATATCCCAGAGTAAT-1,10.108271,7.4288383,s1d3
TATATCCCAGAGTCTT-1,10.357185,6.278374,s1d3
TATATCCCATTAGGCT-1,6.266923,20.455273,s1d3
TATATCCGTCGGTGAA-1,9.495269,8.850327,s1d3
TATATCCGTCTACATG-1,9.356458,6.3927636,s1d3
TATATCCTCGTCACCT-1,10.639853,8.011851,s1d3
TATATCCTCGTCGATA-1,4.71458,16.26472,s1d3
TATCAGGAGGCCTTCG-1,8.724188,6.284751,s1d3
TATCAGGCAGAAGTGC-1,-5.072702,9.886441,s1d3
TATCAGGCATGTGGTT-1,8.4866,8.684795,s1d3
TATCAGGGTCCCGTGA-1,8.4628315,3.0101523,s1d3
TATCAGGGTGATTGGG-1,11.236702,9.550533,s1d3
TATCAGGGTGCTGCAC-1,14.145933,5.403875,s1d3
TATCAGGTCTAGAACC-1,11.778402,9.49023,s1d3
TATCAGGTCTCATTTG-1,11.563565,1.0534922,s1d3
TATCAGGTCTCGTGAA-1,-4.217494,11.168002,s1d3
TATCCTAAGCACTAAA-1,9.596642,5.922122,s1d3
TATCCTAAGTCGTCTA-1,2.0658722,16.255056,s1d3
TATCCTACACAATCTG-1,8.870638,14.211257,s1d3
TATCCTACAGAGGCTA-1,9.604322,7.4638796,s1d3
TATCCTACAGCACAAG-1,8.703275,-5.100535,s1d3
TATCCTAGTCTTCGAA-1,-1.3821025,7.200149,s1d3
TATCCTATCAGAGTTC-1,5.133713,20.663395,s1d3
TATCCTATCAGCTAGT-1,15.663866,8.173458,s1d3
TATCCTATCGCAGTCG-1,9.228043,6.9189496,s1d3
TATCCTATCTAGTCAG-1,8.3699465,7.429579,s1d3
TATCGCCCAGATTTCG-1,15.415749,9.433039,s1d3
TATCGCCCAGTCAACT-1,12.699171,5.969528,s1d3
TATCGCCGTTGTTGAC-1,9.908799,8.287254,s1d3
TATCGCCTCGAGTGAG-1,2.3414526,16.119284,s1d3
TATCGCCTCGGCTGTG-1,1.109324,2.6687353,s1d3
TATCTGTCAAGCACCC-1,10.910715,8.290677,s1d3
TATCTGTCACTGTCCT-1,2.2580454,15.903677,s1d3
TATCTGTCAGCGCGTT-1,8.648721,12.743756,s1d3
TATCTGTTCCATGCAA-1,9.604926,3.305029,s1d3
TATCTGTTCCCTGGTT-1,8.164565,-4.472728,s1d3
TATCTGTTCCTTCTTC-1,9.607365,-3.9264674,s1d3
TATCTGTTCTGCTAGA-1,10.158686,8.406282,s1d3
TATCTTGAGGTCGCCT-1,8.840936,6.1554184,s1d3
TATCTTGAGTTCATGC-1,14.320632,5.4941,s1d3
TATCTTGAGTTTCAGC-1,12.459215,8.997547,s1d3
TATCTTGCACAAGCAG-1,2.72155,5.700898,s1d3
TATCTTGCAGTTGCGC-1,10.689586,9.38455,s1d3
TATCTTGCATTGTGCA-1,9.797667,9.442759,s1d3
TATCTTGGTCACCGAC-1,9.751391,3.396856,s1d3
TATCTTGGTGGCCACT-1,12.763493,6.3538322,s1d3
TATCTTGGTGTGTGGA-1,12.966961,6.6192703,s1d3
TATCTTGGTTAGAGAT-1,9.604278,8.423649,s1d3
TATCTTGTCGGCCAAC-1,9.073306,7.599699,s1d3
TATGTTCAGAGATGCC-1,6.3375087,11.257107,s1d3
TATGTTCAGCACTCCG-1,14.401171,8.149153,s1d3
TATGTTCAGCTTTCTT-1,-4.8016844,11.003935,s1d3
TATGTTCCATGCCATA-1,-5.4913764,10.081821,s1d3
TATGTTCCATTGACCA-1,8.057749,7.420704,s1d3
TATGTTCGTCGCATGC-1,9.243415,8.26912,s1d3
TATGTTCGTGATTCAC-1,8.7542095,6.7022834,s1d3
TATGTTCTCAAAGGTA-1,9.861985,-5.0173273,s1d3
TATTCCAAGCCATTGT-1,14.849138,8.186443,s1d3
TATTCCAAGGCGAAGG-1,6.1431127,10.989322,s1d3
TATTCCAAGTCATGAA-1,-5.0693603,9.336911,s1d3
TATTCCAAGTCTTCGA-1,7.5589404,3.2245305,s1d3
TATTCCACAGCTACCG-1,6.1589813,19.569532,s1d3
TATTCCAGTACCCACG-1,11.981294,12.690595,s1d3
TATTCCAGTCACGCTG-1,3.4934223,15.572378,s1d3
TATTCCAGTGACGTCC-1,6.153219,11.940509,s1d3
TATTCCAGTGATTGGG-1,-3.8758442,9.97947,s1d3
TATTCCAGTTGGTACT-1,9.691963,6.799691,s1d3
TATTCCATCCAAATGC-1,4.0694256,18.196962,s1d3
TATTCCATCTATTCGT-1,8.944151,13.546767,s1d3
TATTGCTAGAACCCGA-1,12.205091,10.321607,s1d3
TATTGCTAGACTGAGC-1,11.179084,10.615883,s1d3
TATTGCTAGAGCCCAA-1,8.041307,19.236162,s1d3
TATTGCTAGGAACGCT-1,10.186813,-3.3797138,s1d3
TATTGCTAGGTAACTA-1,6.690902,19.677887,s1d3
TATTGCTCAAAGGCAC-1,3.5999758,15.383303,s1d3
TATTGCTCACGTAACT-1,13.366994,3.493953,s1d3
TATTGCTCAGTCACGC-1,8.227555,7.4542747,s1d3
TATTGCTGTCACTCTC-1,10.644611,3.4678113,s1d3
TATTGCTGTCATCTAG-1,7.023878,18.7975,s1d3
TATTGCTGTCGCTTGG-1,3.2598965,19.370974,s1d3
TATTGCTGTTCGAAGG-1,-3.3686738,12.113259,s1d3
TATTGGGAGCGTTCCG-1,8.118324,1.9170647,s1d3
TATTGGGCAAAGGATT-1,14.332751,5.8945184,s1d3
TATTGGGCAGCCTACG-1,10.492164,9.403005,s1d3
TATTGGGTCACTGGGC-1,-0.5081946,7.5901074,s1d3
TATTTCGAGCAACAAT-1,10.136438,6.90166,s1d3
TATTTCGAGTGATAAC-1,15.821253,7.3912344,s1d3
TATTTCGGTATGCTTG-1,8.786049,13.696397,s1d3
TATTTCGGTCCAAGAG-1,9.186066,7.0914006,s1d3
TATTTCGGTCTTTCAT-1,5.0338078,17.601461,s1d3
TATTTCGGTGACCGTC-1,7.126678,10.97083,s1d3
TATTTCGGTTCCGGTG-1,-4.991236,9.845283,s1d3
TATTTCGGTTCTCTCG-1,12.873282,12.234191,s1d3
TATTTCGTCACAAGGG-1,4.8248186,19.140799,s1d3
TATTTCGTCATCACCC-1,11.029689,7.076139,s1d3
TATTTCGTCGAGTACT-1,-4.7020736,8.469684,s1d3
TATTTCGTCGTAGAGG-1,12.954351,7.9668064,s1d3
TATTTCGTCTTTCCGG-1,12.624224,5.586774,s1d3
TCAAGACAGAGAGGGC-1,-0.57174265,7.110057,s1d3
TCAAGACAGCACAAAT-1,0.8638607,1.8579919,s1d3
TCAAGACCAGTGACCC-1,8.626727,7.265207,s1d3
TCAAGACTCGTGTGGC-1,10.923497,9.207577,s1d3
TCAAGACTCTCTTGCG-1,7.7632155,19.491848,s1d3
TCAAGCAAGAGTCTGG-1,9.576057,13.108674,s1d3
TCAAGCAAGCATGATA-1,8.438586,6.508742,s1d3
TCAAGCACAAGCAATA-1,12.825013,9.917866,s1d3
TCAAGCACAAGTGGAC-1,7.870954,-3.4023497,s1d3
TCAAGCACAGACCTGC-1,7.029921,-2.1561909,s1d3
TCAAGCACAGTGACCC-1,9.943578,-4.276131,s1d3
TCAAGCAGTAGATTAG-1,8.250671,13.691693,s1d3
TCAAGCAGTCGAAACG-1,14.138295,5.810575,s1d3
TCAAGCAGTTGAATCC-1,13.799052,3.5384586,s1d3
TCAAGCAGTTGCTAGT-1,9.397796,1.6948265,s1d3
TCAAGCATCGTCCTTG-1,9.359362,8.121256,s1d3
TCAAGTGAGGTTCTAC-1,0.68656635,4.0008283,s1d3
TCAAGTGCACTTCAAG-1,12.367314,-1.1567711,s1d3
TCAAGTGCAGCTTTGA-1,13.728172,5.129952,s1d3
TCAAGTGCATCAACCA-1,10.364406,6.2428203,s1d3
TCAAGTGGTATGAGAT-1,11.859413,9.055755,s1d3
TCAAGTGGTGGGAGAG-1,7.84417,7.230225,s1d3
TCAAGTGTCACCGGTG-1,-3.7936444,12.042058,s1d3
TCAAGTGTCCAAGCAT-1,9.318601,-2.387828,s1d3
TCAATCTAGCCATGCC-1,2.7367027,15.898588,s1d3
TCAATCTCAATTTCGG-1,13.315612,6.289989,s1d3
TCAATCTCACGGCCAT-1,9.2611885,6.5896163,s1d3
TCAATCTCAGGAGACT-1,5.1973653,19.042158,s1d3
TCAATCTGTAGTTACC-1,11.024916,9.848738,s1d3
TCAATCTGTGTTATCG-1,8.456893,7.0288467,s1d3
TCAATCTTCGCGTCGA-1,8.032937,7.553259,s1d3
TCAATCTTCTAATTCC-1,11.2043295,8.985608,s1d3
TCAATCTTCTCCTGAC-1,12.903958,7.1092024,s1d3
TCAATTCAGAAGCTGC-1,14.228567,4.8521986,s1d3
TCAATTCAGATTAGAC-1,-5.109552,9.745104,s1d3
TCAATTCAGGTTCAGG-1,5.7719026,11.055419,s1d3
TCAATTCCACGTACAT-1,1.3359476,1.4502585,s1d3
TCAATTCCACTCACTC-1,6.2293243,20.503952,s1d3
TCAATTCCAGTGTACT-1,11.500813,9.15985,s1d3
TCAATTCTCCATCAGA-1,8.856501,13.296184,s1d3
TCAATTCTCCTGTTGC-1,10.268152,8.483472,s1d3
TCAATTCTCGAGATAA-1,6.825007,2.8819296,s1d3
TCAATTCTCTTGAGCA-1,6.2719727,20.28302,s1d3
TCACAAGAGACGCATG-1,8.011791,18.83727,s1d3
TCACAAGAGCAGCAGT-1,11.332674,11.444026,s1d3
TCACAAGAGGCGCTCT-1,7.6982903,11.701815,s1d3
TCACAAGAGGTGCTAG-1,-3.3735144,12.261733,s1d3
TCACAAGGTACCTATG-1,10.038278,7.039741,s1d3
TCACAAGGTCCTCCAT-1,7.975129,7.099915,s1d3
TCACAAGGTGTATCCA-1,7.8910646,-4.4598184,s1d3
TCACAAGGTTAGGGAC-1,9.595319,7.5151167,s1d3
TCACAAGTCAGACTGT-1,6.2597404,19.998844,s1d3
TCACAAGTCATTGTTC-1,2.2268739,16.358833,s1d3
TCACAAGTCTCTAGGA-1,12.791583,4.94783,s1d3
TCACACCAGATCACTC-1,6.1090665,18.172026,s1d3
TCACACCAGGTCCGAA-1,8.277699,2.8333488,s1d3
TCACACCCAAATCCCA-1,13.0739765,7.8810625,s1d3
TCACACCCACAACATC-1,11.311936,13.873437,s1d3
TCACACCCACAGGATG-1,9.617057,1.8966136,s1d3
TCACACCCATGAGAAT-1,10.31528,6.103105,s1d3
TCACACCGTATGCTTG-1,5.490192,18.894794,s1d3
TCACACCTCACCCTCA-1,2.4797978,16.11972,s1d3
TCACACCTCTACCACC-1,9.997426,6.5432777,s1d3
TCACACCTCTCGAGTA-1,-4.4649873,8.607109,s1d3
TCACATTAGCTGAAGC-1,9.2831135,5.6244297,s1d3
TCACATTCAATGACCT-1,16.301313,7.874967,s1d3
TCACATTCAGACTGCC-1,7.1314626,-2.0300593,s1d3
TCACATTGTTGAGTCT-1,9.577252,-3.5198853,s1d3
TCACATTTCCATATGG-1,13.615805,6.460865,s1d3
TCACATTTCGTTCTCG-1,5.6996646,19.065857,s1d3
TCACATTTCTACGCAA-1,8.4688835,-2.0979643,s1d3
TCACGCTAGGGTAGCT-1,9.402777,7.3905835,s1d3
TCACGCTCAAGATCCT-1,8.45759,13.859785,s1d3
TCACGCTGTATGTGTC-1,-4.1494646,12.236655,s1d3
TCACGCTGTTACCTTT-1,-3.6490085,8.622567,s1d3
TCACGCTTCCTTATCA-1,11.424751,11.791882,s1d3
TCACGCTTCGATACGT-1,-3.003827,11.177908,s1d3
TCACGCTTCTATCACT-1,11.9440565,9.971843,s1d3
TCACGGGAGTCTCGTA-1,-4.402853,10.5363865,s1d3
TCACGGGAGTGGCAGT-1,7.461865,12.271362,s1d3
TCACGGGCAAAGGCAC-1,10.294306,8.867459,s1d3
TCACGGGCACGGCGTT-1,10.458136,-3.9232073,s1d3
TCACGGGGTCCAGCGT-1,8.532396,14.058545,s1d3
TCACGGGGTTGTAGCT-1,10.981928,13.156442,s1d3
TCACGGGTCTTACGGA-1,6.776453,19.067518,s1d3
TCACTATAGCAAGGAA-1,9.773995,7.610893,s1d3
TCACTATAGCCATTCA-1,8.525693,6.936326,s1d3
TCACTATAGGATGAGA-1,13.013571,6.7755084,s1d3
TCACTATAGTTGAAGT-1,15.503305,6.815257,s1d3
TCACTATCACGCTATA-1,-5.40591,9.35347,s1d3
TCACTATGTACTAGCT-1,8.267964,6.779864,s1d3
TCACTATGTATCGTTG-1,6.5985646,20.140018,s1d3
TCACTATTCGCTTGCT-1,2.701302,17.756594,s1d3
TCACTATTCTCACCCA-1,10.318416,7.4853454,s1d3
TCACTCGAGCTCGCAC-1,12.718207,6.583927,s1d3
TCACTCGCAAGTTGGG-1,14.037339,7.8103075,s1d3
TCACTCGCAGGATCTT-1,-2.6413426,10.523576,s1d3
TCACTCGGTAGGACCA-1,11.605573,10.364015,s1d3
TCACTCGTCACGAGGA-1,6.329862,11.568074,s1d3
TCACTCGTCTACCACC-1,16.120317,8.752444,s1d3
TCAGCAAAGATAACAC-1,13.739909,7.43842,s1d3
TCAGCAAAGCAGCACA-1,12.5522785,6.050206,s1d3
TCAGCAAAGCTAGATA-1,8.435332,1.5853359,s1d3
TCAGCAAAGGATATAC-1,12.386283,-1.102154,s1d3
TCAGCAAGTGGTTTAC-1,-3.3796744,13.521539,s1d3
TCAGCAATCAAGGAGC-1,15.373536,9.551908,s1d3
TCAGCAATCGCAATTG-1,9.964234,13.820383,s1d3
TCAGCAATCTACCCAC-1,6.102865,10.954724,s1d3
TCAGCAATCTTACCAT-1,2.8054588,17.91007,s1d3
TCAGCCTAGAGAACCC-1,9.156501,-4.976055,s1d3
TCAGCCTAGTGATCGG-1,10.837982,9.535999,s1d3
TCAGCCTCAAGCGAGT-1,14.050363,7.7153506,s1d3
TCAGCCTCATAACCCA-1,11.137665,8.341746,s1d3
TCAGCCTCATCCTAAG-1,9.460659,6.901058,s1d3
TCAGCCTGTATCCTTT-1,7.5487943,3.470602,s1d3
TCAGCCTTCACAACCA-1,8.736171,-4.56076,s1d3
TCAGCCTTCCGGCAGT-1,7.99194,12.339231,s1d3
TCAGGGCAGAAGTCTA-1,8.101602,-1.1520725,s1d3
TCAGGGCAGCCGCTTG-1,-4.518011,10.625827,s1d3
TCAGGGCAGTAATACG-1,9.163306,8.297945,s1d3
TCAGGGCCAATACAGA-1,14.708295,7.421761,s1d3
TCAGGGCGTTACGGAG-1,2.2856896,4.7979765,s1d3
TCAGGGCGTTAGCGGA-1,9.085698,8.310094,s1d3
TCAGGGCGTTTCGTGA-1,10.232638,-4.0934634,s1d3
TCAGGGCTCATGGCCG-1,14.718949,8.108461,s1d3
TCAGGTAAGAATACAC-1,10.135244,7.3367467,s1d3
TCAGGTAAGCAAGGAA-1,-1.9467368,5.2465887,s1d3
TCAGGTACACGGCACT-1,5.5224533,10.914818,s1d3
TCAGGTACACTTCCTG-1,9.226639,7.714741,s1d3
TCAGGTAGTGCTGCAC-1,9.4863405,5.994431,s1d3
TCAGGTAGTTATCTTC-1,10.8191185,8.8511,s1d3
TCAGTCCAGAACCCGA-1,-4.234652,8.426709,s1d3
TCAGTCCAGCCTCTTC-1,9.738571,6.047689,s1d3
TCAGTCCAGGGTCAAC-1,8.675472,14.26474,s1d3
TCAGTCCAGTTGAAGT-1,-3.630697,8.842543,s1d3
TCAGTCCCATAGAAAC-1,11.369055,13.472614,s1d3
TCAGTCCGTCTACTGA-1,12.138593,9.187322,s1d3
TCAGTCCGTTCAAGTC-1,4.218375,2.0969992,s1d3
TCAGTCCTCCATGATG-1,1.3947328,1.6854252,s1d3
TCAGTGAAGATTAGCA-1,10.294692,8.297407,s1d3
TCAGTGAAGCCTGTCG-1,-3.2894988,11.5954075,s1d3
TCAGTGACAATGTTGC-1,13.053862,7.2123346,s1d3
TCAGTGACAGAGTAAT-1,9.520835,-5.7508545,s1d3
TCAGTGACAGCAAGAC-1,6.6473336,11.662827,s1d3
TCAGTGACATCCTTGC-1,3.0410683,0.75945234,s1d3
TCAGTTTAGAGGCTGT-1,1.6042477,2.7494001,s1d3
TCAGTTTAGCAATTCC-1,11.510904,9.655925,s1d3
TCAGTTTAGGGCAATC-1,10.774048,13.9781475,s1d3
TCAGTTTCAGTAGTGG-1,1.2970631,2.8287122,s1d3
TCAGTTTCATGTACGT-1,8.752838,8.82663,s1d3
TCAGTTTGTCAATCTG-1,13.075051,6.5483346,s1d3
TCAGTTTTCAACTGAC-1,10.821767,9.130166,s1d3
TCAGTTTTCAAGTGGG-1,8.408686,6.8991365,s1d3
TCAGTTTTCGCGTGAC-1,-4.5854874,7.981868,s1d3
TCAGTTTTCTAACGCA-1,14.357763,6.5149446,s1d3
TCAGTTTTCTTACCAT-1,9.033005,-3.353056,s1d3
TCATACTAGGTATAGT-1,-5.308563,9.861764,s1d3
TCATACTAGTTGCGAG-1,12.284943,10.928454,s1d3
TCATACTCAGTTCTAG-1,11.505614,10.125081,s1d3
TCATACTCATAGATCC-1,12.578053,7.0240684,s1d3
TCATACTGTAAGATTG-1,8.805113,7.2225,s1d3
TCATACTGTTCTCAGA-1,9.433516,9.221305,s1d3
TCATACTTCCAGTGCG-1,3.508826,19.374142,s1d3
TCATACTTCGCCTAGG-1,9.65427,8.46283,s1d3
TCATACTTCTCTCGAC-1,7.759137,-3.1436179,s1d3
TCATATCAGCGCCATC-1,4.0054293,19.778517,s1d3
TCATATCAGGAACGCT-1,8.291404,7.4575715,s1d3
TCATATCCAATAACGA-1,6.155147,10.921211,s1d3
TCATATCCACCCTTGT-1,9.455491,8.810193,s1d3
TCATATCCACGTTCGG-1,5.8256216,11.104855,s1d3
TCATATCCACTGGCCA-1,8.145762,8.477145,s1d3
TCATATCGTGGTAATA-1,6.775356,11.518701,s1d3
TCATATCGTTGGCCTG-1,6.216959,11.213841,s1d3
TCATATCTCAAGAGGC-1,9.205099,-3.2708042,s1d3
TCATATCTCTCTCAAT-1,8.852265,7.997923,s1d3
TCATATCTCTCTCTAA-1,5.4615235,10.99812,s1d3
TCATCATAGATCGCCC-1,9.082856,3.5150936,s1d3
TCATCATAGCCATTGT-1,1.8200065,2.1615682,s1d3
TCATCATAGTTGGAAT-1,8.07655,2.2791293,s1d3
TCATCATCACGAGGTA-1,8.7525015,-4.3427835,s1d3
TCATCATCAGATGCGA-1,9.744974,-1.3202744,s1d3
TCATCATGTCCACGCA-1,11.658471,10.084832,s1d3
TCATCATTCCATGATG-1,9.490931,8.418832,s1d3
TCATCATTCCGATCGG-1,6.619266,19.603806,s1d3
TCATCATTCCGGTAGC-1,-0.61881864,3.7088463,s1d3
TCATCATTCGTTCTGC-1,11.5250025,8.427775,s1d3
TCATCATTCTACTATC-1,10.331874,6.708243,s1d3
TCATCATTCTGAACGT-1,9.10427,-0.5700696,s1d3
TCATCATTCTTCCAGC-1,10.175313,6.3611627,s1d3
TCATCCGAGAGTTGTA-1,8.966466,8.214978,s1d3
TCATCCGCAAATGAGT-1,11.797305,8.589898,s1d3
TCATCCGCAACACGTT-1,3.5598423,15.6333475,s1d3
TCATCCGCAGCGGTCT-1,10.272458,7.9119806,s1d3
TCATCCGCAGGTCAGA-1,8.935284,8.2746105,s1d3
TCATGAGAGATAGCAT-1,8.037315,7.425226,s1d3
TCATGAGAGTCCCAGC-1,2.1155705,16.282888,s1d3
TCATGAGGTAACTAAG-1,-2.5905426,11.629492,s1d3
TCATGAGGTCTCACGG-1,9.579386,7.704224,s1d3
TCATGAGGTGACGTCC-1,9.650737,9.142125,s1d3
TCATGAGGTGGAAGTC-1,10.407296,7.7042155,s1d3
TCATGAGTCCTTACCG-1,8.473617,7.211356,s1d3
TCATGAGTCTATTCGT-1,6.536337,11.153084,s1d3
TCATGCCAGCAGCACA-1,-4.803729,10.528403,s1d3
TCATGCCAGCGACTTT-1,8.720348,14.026569,s1d3
TCATGCCAGCTGGCCT-1,-0.14399762,3.7092094,s1d3
TCATGCCAGGCATGGT-1,8.407259,-3.8235662,s1d3
TCATGCCAGTGCAACG-1,10.097348,9.140473,s1d3
TCATGCCCAACGGCCT-1,10.586668,6.2355914,s1d3
TCATGCCCAATACAGA-1,8.70817,13.946399,s1d3
TCATGCCCATAATCCG-1,-4.2054477,11.50314,s1d3
TCATGCCCATCATTGG-1,3.6412477,19.339872,s1d3
TCATGCCGTAGAAACT-1,11.101823,8.792727,s1d3
TCATGCCGTGCAATGG-1,2.732773,19.965736,s1d3
TCATGCCTCTCCCATG-1,-4.0865045,10.521852,s1d3
TCATGCCTCTTTCCAA-1,-4.813599,10.583163,s1d3
TCATGGAGTCATGCAT-1,7.042377,2.6410599,s1d3
TCATGGAGTCGCTTGG-1,8.239296,9.157396,s1d3
TCATGGATCAGCGCAC-1,9.326017,7.545565,s1d3
TCATGGATCCACAGGC-1,3.4133277,-0.35236278,s1d3
TCATGGATCCATCCGT-1,10.834429,6.12789,s1d3
TCATGGATCGCGTGCA-1,11.667191,12.168026,s1d3
TCATGTTAGTTGCTCA-1,10.570793,7.436494,s1d3
TCATGTTCAACCGTGC-1,7.734161,1.5465873,s1d3
TCATGTTCAGTGCGCT-1,3.8416138,2.2409225,s1d3
TCATGTTGTGGGTCAA-1,8.749243,8.395159,s1d3
TCATGTTTCGGTCGGT-1,11.991341,10.302387,s1d3
TCATGTTTCTTCGGAA-1,3.5615575,15.491638,s1d3
TCATTACAGCATCAAA-1,7.8320503,19.329388,s1d3
TCATTACCAACTTCTT-1,9.850323,5.9949207,s1d3
TCATTACCACAAAGCG-1,12.719132,5.52923,s1d3
TCATTACCAGCGTAGA-1,5.3261275,17.609747,s1d3
TCATTACCAGGTTCCG-1,12.21031,6.9529514,s1d3
TCATTACGTTCGAACT-1,9.569322,6.0012264,s1d3
TCATTACTCCATCTCG-1,13.290672,5.116006,s1d3
TCATTACTCCGTGGGT-1,3.3491182,2.8771794,s1d3
TCATTACTCTGGGCGT-1,-4.4544773,11.557523,s1d3
TCATTACTCTTTGCAT-1,12.833559,6.6347303,s1d3
TCATTCAAGAATAACC-1,9.7140045,6.3066025,s1d3
TCATTCAAGAGTGTGC-1,10.414845,8.038227,s1d3
TCATTCACAAGTGACG-1,3.098029,19.273605,s1d3
TCATTCACAATGACCT-1,10.674724,8.20518,s1d3
TCATTCACACATATCG-1,-1.5208012,5.2675962,s1d3
TCATTCAGTCTCTCTG-1,12.436422,9.720864,s1d3
TCATTCATCCCGTAAA-1,4.7595377,16.414782,s1d3
TCATTCATCGCTACAA-1,11.13013,11.205683,s1d3
TCATTGTAGAGCCTGA-1,9.177444,5.971786,s1d3
TCATTGTAGGTCGTAG-1,8.610495,7.032373,s1d3
TCATTGTGTGCGAGTA-1,3.516371,15.4503975,s1d3
TCATTGTTCAGGCGAA-1,13.016255,6.5173836,s1d3
TCATTTGAGACGAAGA-1,5.918959,11.543777,s1d3
TCATTTGAGCACCAGA-1,9.85336,0.21910883,s1d3
TCATTTGAGCAGTACG-1,9.761422,6.6924458,s1d3
TCATTTGAGCGTATAA-1,11.634026,9.308242,s1d3
TCATTTGAGTGGATAT-1,3.6718876,19.34206,s1d3
TCATTTGCAGGTTCGC-1,9.33643,6.567999,s1d3
TCATTTGCATATGCGT-1,8.025887,2.2824254,s1d3
TCATTTGCATCCTATT-1,9.208568,6.691034,s1d3
TCATTTGGTAGCTCGC-1,10.775174,7.736772,s1d3
TCATTTGTCAACACCA-1,14.967881,7.7360473,s1d3
TCATTTGTCACTACGA-1,9.903427,-3.3002586,s1d3
TCATTTGTCCGTGACG-1,9.304977,9.365952,s1d3
TCATTTGTCTACTGCC-1,14.285075,6.812955,s1d3
TCCACCAAGGCACTAG-1,12.923109,7.2303987,s1d3
TCCACCACATTGCCTC-1,9.968903,6.204328,s1d3
TCCACCAGTCACCACG-1,12.0279045,10.425777,s1d3
TCCACCAGTGGCCTCA-1,13.815626,6.1546755,s1d3
TCCACCATCAAATGCC-1,12.08916,9.325355,s1d3
TCCACCATCATTGAGC-1,-4.981686,10.28913,s1d3
TCCACCATCGTGTGGC-1,8.173503,13.863558,s1d3
TCCACCATCGTTAGAC-1,2.0684977,15.600638,s1d3
TCCACCATCTCAGAAC-1,12.661696,9.612568,s1d3
TCCACGTAGCGTGAAC-1,-3.1657267,10.244307,s1d3
TCCACGTAGGATTTGA-1,11.366793,8.289343,s1d3
TCCACGTAGGGACTGT-1,9.204476,-3.351403,s1d3
TCCACGTAGTGAGTGC-1,12.574958,-3.5286007,s1d3
TCCACGTCAAGAGTGC-1,-3.2060816,12.672252,s1d3
TCCACGTGTAGAAACT-1,-3.7898357,8.608514,s1d3
TCCACGTGTCCTACGG-1,12.888586,11.672507,s1d3
TCCAGAAAGAGAGCCT-1,12.569972,8.591508,s1d3
TCCAGAAAGCACCTGC-1,9.652527,-4.7451887,s1d3
TCCAGAAGTGTACATC-1,9.269686,6.4755564,s1d3
TCCAGAATCCGTCAAA-1,7.2119613,-2.1653333,s1d3
TCCATCGAGACATGCG-1,9.578392,3.1842115,s1d3
TCCATCGAGAGAGCGG-1,8.508478,9.405008,s1d3
TCCATCGAGGTCGTGA-1,8.700174,9.495642,s1d3
TCCATCGAGTCAGGGT-1,9.2295475,-3.1955361,s1d3
TCCATCGGTATAGGAT-1,-2.281988,5.5332813,s1d3
TCCATCGGTATCCTCC-1,9.56834,6.1827803,s1d3
TCCATCGGTGAATGTA-1,-1.2404265,7.6398067,s1d3
TCCATCGTCATGGATC-1,14.13928,7.722145,s1d3
TCCATCGTCCACTAGA-1,14.075687,6.8225513,s1d3
TCCATGCAGCTCGCAC-1,9.411559,6.5322795,s1d3
TCCATGCAGGGAGAAT-1,4.4806614,20.24258,s1d3
TCCATGCAGGTCCCGT-1,12.599691,7.0470505,s1d3
TCCATGCAGTATGGAT-1,11.209882,11.809331,s1d3
TCCATGCCAACAAAGT-1,12.359773,6.845279,s1d3
TCCATGCGTCGAACAG-1,9.888268,7.487585,s1d3
TCCATGCTCTGGAGAG-1,13.710482,5.2996087,s1d3
TCCCACAAGACTTCAC-1,-2.738879,12.46494,s1d3
TCCCACAAGCTCTTCC-1,9.092904,-3.6502166,s1d3
TCCCACACAAGACGGT-1,-4.620919,6.333201,s1d3
TCCCACACACAGCCAC-1,10.289375,6.482883,s1d3
TCCCACACACCTATCC-1,9.483162,5.79493,s1d3
TCCCACACACGACTAT-1,2.4161365,17.030987,s1d3
TCCCACAGTACTAGCT-1,2.5242634,4.743067,s1d3
TCCCACAGTGATAGTA-1,6.1435957,11.040284,s1d3
TCCCACATCAAGCCTA-1,-1.301039,6.9545746,s1d3
TCCCACATCGGTTAGT-1,8.436925,7.1763945,s1d3
TCCCACATCTGGGCGT-1,12.904012,5.580225,s1d3
TCCCAGTCAAGCACAG-1,14.356142,6.2054653,s1d3
TCCCAGTCACCGTGAC-1,10.062488,-4.078271,s1d3
TCCCAGTCACTCCGGA-1,11.1147175,8.964899,s1d3
TCCCAGTGTACAGAGC-1,-4.7350645,8.529423,s1d3
TCCCAGTGTACTGGGA-1,3.2299347,3.3875427,s1d3
TCCCAGTGTGCCTGCA-1,-0.53602314,7.0967383,s1d3
TCCCATGCAGCGAACA-1,13.829259,5.097018,s1d3
TCCCATGGTGACACGA-1,2.0328104,15.930482,s1d3
TCCCATGTCGTGCTCT-1,3.282159,20.603569,s1d3
TCCGAAAAGAGATCGC-1,8.694688,6.376487,s1d3
TCCGAAAAGTACAGAT-1,11.02664,7.39577,s1d3
TCCGAAACATGACTTG-1,7.8701224,19.4072,s1d3
TCCGAAAGTCACAGTT-1,11.129004,7.679349,s1d3
TCCGAAAGTGAGTGAC-1,14.459197,6.1780515,s1d3
TCCGAAAGTGGCAGAT-1,11.03405,9.972224,s1d3
TCCGAAATCTTACCAT-1,8.464286,14.131485,s1d3
TCCGATCAGAGGCGTT-1,10.456456,13.263421,s1d3
TCCGATCAGGCATCGA-1,9.4035,12.785784,s1d3
TCCGATCCACCGTCTT-1,11.5365925,8.636858,s1d3
TCCGATCCATAGATCC-1,7.632493,8.154284,s1d3
TCCGATCGTATGGTTC-1,-3.5364013,10.408169,s1d3
TCCGATCGTCAGCGTC-1,2.398647,5.340662,s1d3
TCCGATCGTCATAGTC-1,9.94016,8.26822,s1d3
TCCGATCGTGCCTTTC-1,9.07421,6.804854,s1d3
TCCGATCTCCCTCTAG-1,7.8854136,-3.482257,s1d3
TCCGGGAAGATAGTGT-1,-5.4049425,9.727357,s1d3
TCCGGGAAGTATTAGG-1,-4.50014,8.334237,s1d3
TCCGGGAAGTTGCGAG-1,2.1718595,19.946358,s1d3
TCCGGGACAAGTGACG-1,-4.8795457,10.703179,s1d3
TCCGGGACAGTGTGGA-1,15.24897,6.598225,s1d3
TCCGGGAGTAAGATCA-1,11.152691,13.45244,s1d3
TCCGGGAGTGTTCCTC-1,8.534531,-3.1229546,s1d3
TCCGGGATCACCCTGT-1,-3.4088407,9.969079,s1d3
TCCGGGATCCTTGACC-1,8.856913,6.911274,s1d3
TCCGTGTTCTCCTGTG-1,1.3595918,2.6401017,s1d3
TCCTAATAGTAAAGCT-1,10.007783,6.533231,s1d3
TCCTAATAGTATCTGC-1,14.861528,6.391266,s1d3
TCCTAATAGTGCCGAA-1,-2.2940485,10.546066,s1d3
TCCTAATCAAACAGGC-1,-3.855351,7.849439,s1d3
TCCTAATGTCTCACGG-1,12.236767,11.90384,s1d3
TCCTAATGTGTGAGCA-1,-3.397678,13.3294735,s1d3
TCCTCCCAGCACTCAT-1,3.5707998,15.361615,s1d3
TCCTCCCAGTAAGAGG-1,14.794143,6.2127213,s1d3
TCCTCCCAGTCCCAAT-1,10.263732,7.96104,s1d3
TCCTCCCGTTCGGCGT-1,12.038793,10.26682,s1d3
TCCTCCCTCGAAGCAG-1,10.258889,9.155233,s1d3
TCCTCCCTCGAGAAGC-1,8.634996,-5.617626,s1d3
TCCTCGAAGCACTTTG-1,7.085587,19.090084,s1d3
TCCTCGAAGTATTCCG-1,10.213534,7.425308,s1d3
TCCTCGACAATTCGTG-1,10.346506,7.3214025,s1d3
TCCTCGACAGTCGGAA-1,0.9429372,3.6487753,s1d3
TCCTCGAGTCACCACG-1,8.468552,6.2432213,s1d3
TCCTCGATCTCCGAAA-1,9.726136,0.21024013,s1d3
TCCTCGATCTGATGGT-1,2.3926113,5.430785,s1d3
TCCTCTTAGACCGTTT-1,12.785003,12.62998,s1d3
TCCTCTTAGGGAGAAT-1,-3.1268816,12.232957,s1d3
TCCTCTTAGTAAGACT-1,8.631729,6.784208,s1d3
TCCTCTTCAAAGCGTG-1,8.005335,19.312576,s1d3
TCCTCTTCAATACCTG-1,9.06451,6.177265,s1d3
TCCTCTTCACGGGCTT-1,-5.151372,8.229526,s1d3
TCCTCTTCAGTGGTGA-1,-4.099637,10.611903,s1d3
TCCTCTTGTAAGATCA-1,3.5814712,15.849083,s1d3
TCCTCTTTCGCCGAGT-1,12.0848875,9.538999,s1d3
TCCTCTTTCGGAGTAG-1,9.603556,-1.7226089,s1d3
TCCTCTTTCTATCGTT-1,2.5080528,5.047392,s1d3
TCCTGCAAGTACTGGG-1,9.334194,13.8972025,s1d3
TCCTGCACAAATAAGC-1,14.641106,8.773424,s1d3
TCCTGCACACGCACCA-1,-4.079607,8.952936,s1d3
TCCTGCACAGCGTATT-1,2.4323058,3.905049,s1d3
TCCTGCACAGCTGTGC-1,0.52270347,2.8438017,s1d3
TCCTGCACATCTTAGG-1,10.984951,12.780935,s1d3
TCCTGCACATGTACGT-1,12.397441,-1.0729369,s1d3
TCCTGCAGTTCTTGTT-1,11.976439,7.2235055,s1d3
TCCTGCAGTTTCGACA-1,-3.1421075,13.716611,s1d3
TCCTGCATCCACTTCG-1,1.3483492,2.4490173,s1d3
TCCTGCATCGTAGGGA-1,9.714936,9.464453,s1d3
TCCTTCTAGTATAACG-1,-0.86081636,5.7943525,s1d3
TCCTTCTCAGCTGAAG-1,8.882668,6.157495,s1d3
TCCTTCTGTATTCTCT-1,10.682197,7.3036356,s1d3
TCCTTCTGTCACTCAA-1,10.4775915,7.9229574,s1d3
TCCTTTCAGACTTCGT-1,9.272918,5.916412,s1d3
TCCTTTCCAAGCTGTT-1,6.311706,20.602621,s1d3
TCCTTTCGTGCTTATG-1,5.5325823,18.73974,s1d3
TCCTTTCGTGGTCCGT-1,2.9381766,15.258944,s1d3
TCCTTTCTCGACGTCG-1,10.838064,13.365043,s1d3
TCGAACAAGCTCTGTA-1,8.754411,6.9002833,s1d3
TCGAACACATGAAAGT-1,9.347918,6.643606,s1d3
TCGAACATCGAGAATA-1,9.369075,8.461584,s1d3
TCGAAGTCAACAGATA-1,8.326858,6.4542947,s1d3
TCGAAGTCAAGTAGTA-1,10.321934,8.090495,s1d3
TCGAAGTCAGAATTCC-1,14.89829,6.8378673,s1d3
TCGAAGTCATTCTCCG-1,-3.6192276,9.119133,s1d3
TCGAAGTGTCCGTTTC-1,-3.2897704,10.156158,s1d3
TCGAAGTGTTGCGTAT-1,9.505182,7.825139,s1d3
TCGAAGTTCAAATGCC-1,8.802999,6.0638585,s1d3
TCGAAGTTCACTCCGT-1,12.197618,6.9441566,s1d3
TCGAAGTTCAGAGTGG-1,-4.1458826,11.003681,s1d3
TCGAAGTTCAGTCAGT-1,7.972624,7.2112947,s1d3
TCGAAGTTCCGGCAGT-1,-2.4071167,11.4302845,s1d3
TCGAAGTTCCTAACAG-1,13.607432,3.3769057,s1d3
TCGAAGTTCTTCGCTG-1,6.8367724,-2.491987,s1d3
TCGAAGTTCTTCGGTC-1,4.785958,19.033794,s1d3
TCGACCTAGCCTATCA-1,7.147939,11.780272,s1d3
TCGACCTCAAATACGA-1,2.5091934,17.275194,s1d3
TCGACCTCAGCTGTCG-1,-3.896045,9.170725,s1d3
TCGACCTCAGTCAGTT-1,9.914905,7.5348597,s1d3
TCGACCTGTGGCCCAT-1,7.980676,-2.597668,s1d3
TCGACGGAGACGTCGA-1,10.853341,11.199921,s1d3
TCGACGGAGAGACAAG-1,-1.9152598,4.8912287,s1d3
TCGACGGAGCTGAAGC-1,7.0528297,11.660555,s1d3
TCGACGGCAACCGTGC-1,3.0687466,15.741782,s1d3
TCGACGGCAGCTACCG-1,3.1713831,20.272818,s1d3
TCGACGGCAGCTTTCC-1,12.3987,12.218176,s1d3
TCGACGGGTCGTCTCT-1,11.797614,1.5627215,s1d3
TCGACGGGTCTGTGTA-1,13.005432,7.0864024,s1d3
TCGACGGTCACTTGTT-1,9.697523,6.8833017,s1d3
TCGACGGTCATTACCT-1,7.668754,11.841248,s1d3
TCGACGGTCCGTAGGC-1,13.531939,8.072274,s1d3
TCGACGGTCTACCAGA-1,8.434805,7.216266,s1d3
TCGATTTCAGACATCT-1,13.150713,5.6525164,s1d3
TCGATTTGTATCGTTG-1,13.085298,6.8444605,s1d3
TCGATTTGTGGGTATG-1,15.461952,7.237251,s1d3
TCGATTTGTTGTCAGT-1,-5.3654985,10.112206,s1d3
TCGATTTTCAGCGCGT-1,8.045298,-2.552663,s1d3
TCGATTTTCCCTGGTT-1,9.264323,7.7578287,s1d3
TCGATTTTCTCACGAA-1,10.8775425,8.565757,s1d3
TCGATTTTCTCTCCGA-1,12.457731,6.4305477,s1d3
TCGCACTAGCGTTACT-1,-4.586624,9.900768,s1d3
TCGCACTAGGTGCAGT-1,-1.3023633,4.1391587,s1d3
TCGCACTCAATCGCGC-1,10.25633,7.4221206,s1d3
TCGCACTGTATAATGG-1,15.552075,9.666059,s1d3
TCGCACTGTATTGCCA-1,8.347201,-5.3024096,s1d3
TCGCACTGTCCCAAAT-1,12.5991,-3.6978555,s1d3
TCGCACTTCATCTATC-1,5.782659,11.086037,s1d3
TCGCACTTCGAATCCA-1,9.320526,-0.8551121,s1d3
TCGCACTTCTAAGAAG-1,12.696127,7.1726217,s1d3
TCGCAGGAGATTAGTG-1,8.311794,7.5115004,s1d3
TCGCAGGAGATTTGCC-1,9.741581,6.0442314,s1d3
TCGCAGGAGCCTTGAT-1,14.762735,5.386456,s1d3
TCGCAGGAGCGACTTT-1,8.437354,14.087219,s1d3
TCGCAGGAGCGTCGAA-1,11.190378,8.419937,s1d3
TCGCAGGCAAACTAGA-1,3.1788857,19.497906,s1d3
TCGCAGGCAATATCCG-1,10.153423,8.029512,s1d3
TCGCAGGGTGACTGAG-1,6.147486,11.505087,s1d3
TCGCAGGGTGTCCATA-1,3.458177,15.587386,s1d3
TCGCAGGTCTATACGG-1,9.796998,7.376082,s1d3
TCGCAGGTCTCAGTCC-1,12.745787,5.834463,s1d3
TCGCTCAAGGCACTCC-1,9.005816,14.239589,s1d3
TCGCTCACAGCCGGTT-1,7.146115,2.8195617,s1d3
TCGCTCACATGACTAC-1,11.903026,9.437817,s1d3
TCGCTCACATGTACGT-1,11.6375265,9.487737,s1d3
TCGCTCACATTGGATC-1,9.670379,5.989888,s1d3
TCGCTCAGTAATGCGG-1,15.295453,8.624888,s1d3
TCGCTCAGTAGGACCA-1,3.4918935,17.879549,s1d3
TCGCTCAGTCACTCGG-1,-4.359484,8.379734,s1d3
TCGCTCATCCCTCAAC-1,-1.3072177,7.512811,s1d3
TCGCTCATCGCAGATT-1,4.6295514,18.970287,s1d3
TCGCTCATCGCTCTCA-1,10.363498,7.0860605,s1d3
TCGCTTGAGACGCCAA-1,9.890191,7.803489,s1d3
TCGCTTGCAATGAACA-1,8.525899,7.0360103,s1d3
TCGCTTGGTCATCCGG-1,9.447289,6.9364586,s1d3
TCGCTTGGTGCCCAGT-1,9.847984,13.127953,s1d3
TCGCTTGGTGTTGACT-1,15.060016,7.213649,s1d3
TCGCTTGGTTGTCAGT-1,8.994496,7.0533185,s1d3
TCGCTTGTCAATCTCT-1,11.01335,7.3781075,s1d3
TCGCTTGTCACAACCA-1,8.749864,1.6279091,s1d3
TCGCTTGTCTTAGCTT-1,4.7244453,2.5236611,s1d3
TCGGATAAGAGCGACT-1,9.928628,7.6961017,s1d3
TCGGATAAGATGCTAA-1,8.06399,13.8002205,s1d3
TCGGATAAGGCTAACG-1,12.976029,11.654933,s1d3
TCGGATAAGTATGCAA-1,10.883583,7.0376625,s1d3
TCGGATAAGTGATGGC-1,7.4520907,11.918016,s1d3
TCGGATACAATGACCT-1,3.7369132,19.743128,s1d3
TCGGATACATGATCTG-1,8.464579,9.129709,s1d3
TCGGATAGTGAGAACC-1,9.181632,-4.350638,s1d3
TCGGATAGTTGGAGAC-1,8.556958,8.861867,s1d3
TCGGATATCACCACAA-1,1.2614216,2.5994751,s1d3
TCGGATATCGGAGATG-1,2.9295201,5.699339,s1d3
TCGGATATCGTAACTG-1,4.59705,2.1818235,s1d3
TCGGATATCTACACTT-1,14.11054,5.574114,s1d3
TCGGGACCACCAGCTG-1,5.3007503,2.1243515,s1d3
TCGGGACCACTTCATT-1,12.027877,6.513393,s1d3
TCGGGACCAGAAACCG-1,-3.1128635,10.706936,s1d3
TCGGGACCAGCCTACG-1,9.144023,9.0711565,s1d3
TCGGGACGTAATTAGG-1,-4.600179,11.185693,s1d3
TCGGGACGTAGCTTAC-1,4.1040225,4.5666213,s1d3
TCGGGACGTGGAGGTT-1,3.208955,19.93547,s1d3
TCGGGACTCATCGCAA-1,7.7944775,19.35329,s1d3
TCGGGACTCGGTCATA-1,9.851082,6.456842,s1d3
TCGGGACTCGTAGGGA-1,9.042015,6.291002,s1d3
TCGGGCAAGACGACTG-1,7.473967,-3.733945,s1d3
TCGGGCAAGGCTCCCA-1,9.082749,3.37554,s1d3
TCGGGCACACTATCCC-1,-1.2063558,7.3127294,s1d3
TCGGGCACAGACCCGT-1,8.965581,7.322027,s1d3
TCGGGCACAGCTTCCT-1,11.401947,10.784702,s1d3
TCGGGCAGTCAAGGCA-1,7.1201873,18.764729,s1d3
TCGGGCATCGGCTATA-1,8.637073,12.826418,s1d3
TCGGGCATCGTAGGAG-1,8.332482,8.074614,s1d3
TCGGGCATCTACTGAG-1,-4.579593,9.8131075,s1d3
TCGGGCATCTGTACAG-1,9.709872,7.3840737,s1d3
TCGGGTGAGAATTCAG-1,8.864723,6.4473577,s1d3
TCGGGTGAGAGAGCGG-1,7.990692,8.346067,s1d3
TCGGGTGAGCGTATGG-1,11.897661,6.274062,s1d3
TCGGGTGAGGTGCCTC-1,9.156637,13.203767,s1d3
TCGGGTGCATCCTAAG-1,10.711996,7.9075756,s1d3
TCGGGTGGTATACGGG-1,-1.6462511,4.790261,s1d3
TCGGGTGGTTTCCCAC-1,-5.2813163,9.601153,s1d3
TCGGGTGTCAAACGTC-1,7.991899,19.404148,s1d3
TCGGTCTAGATTTGCC-1,15.920807,8.206258,s1d3
TCGGTCTAGCGAGGAG-1,8.267544,-3.7431242,s1d3
TCGGTCTAGCGGTAAC-1,3.5606253,15.883786,s1d3
TCGGTCTCAAAGGTTA-1,12.985947,5.740219,s1d3
TCGGTCTCAACCAACT-1,-4.514897,9.912205,s1d3
TCGGTCTCAGAGTTGG-1,8.242687,7.404172,s1d3
TCGGTCTCATTGCTGA-1,7.9833198,8.209881,s1d3
TCGGTCTGTAGAATAC-1,8.671946,6.189753,s1d3
TCGGTCTGTGCGCTCA-1,2.9463613,4.5361466,s1d3
TCGGTCTTCACGGGAA-1,9.190199,9.154128,s1d3
TCGGTCTTCCATTGGA-1,10.172244,8.075794,s1d3
TCGGTCTTCTACGGTA-1,14.539451,5.3172345,s1d3
TCGGTCTTCTCTCTAA-1,9.652466,7.6304455,s1d3
TCGTAGAAGTCCCTAA-1,-3.0369558,13.439675,s1d3
TCGTAGAAGTTGAATG-1,14.85454,8.415626,s1d3
TCGTAGACAGGCATTT-1,7.4905734,19.385967,s1d3
TCGTAGAGTACTTGTG-1,-2.257631,5.3534126,s1d3
TCGTAGAGTGGCCCAT-1,14.738047,5.7561517,s1d3
TCGTAGATCCACGAAT-1,3.0518303,20.479874,s1d3
TCGTAGATCCGAAGGA-1,2.794156,20.524462,s1d3
TCGTCCAAGTGCTCAT-1,-1.387399,6.080082,s1d3
TCGTCCACACATCCCT-1,-4.328457,11.15462,s1d3
TCGTCCACACATTCTT-1,12.323608,10.516118,s1d3
TCGTCCACACTGGATT-1,2.5695126,20.283394,s1d3
TCGTCCACAGCACGAA-1,8.551504,7.8426585,s1d3
TCGTCCAGTGAGTTGG-1,-5.190906,8.842229,s1d3
TCGTCCATCCTATTGT-1,9.931568,8.394392,s1d3
TCGTGCTAGCATTTGC-1,8.6986065,7.520791,s1d3
TCGTGCTGTATGTCCA-1,6.014854,11.21561,s1d3
TCGTGCTGTTATTCTC-1,2.5910425,3.1102843,s1d3
TCGTGCTTCATGCATG-1,8.267883,8.549012,s1d3
TCGTGCTTCATTTCCA-1,-4.866615,8.245407,s1d3
TCGTGCTTCCCAAGCG-1,-4.4672318,8.261092,s1d3
TCGTGCTTCTGCACCT-1,2.9943738,0.15546426,s1d3
TCGTGGGAGCGGATCA-1,6.585436,18.893055,s1d3
TCGTGGGCATCCGAGC-1,8.998571,8.649753,s1d3
TCGTGGGGTCTCACGG-1,-2.004963,5.1020613,s1d3
TCGTGGGGTCTTACTT-1,13.288954,5.9568467,s1d3
TCGTGGGTCACTTATC-1,15.477892,7.2609653,s1d3
TCGTGGGTCAGGAACG-1,-4.517382,9.589616,s1d3
TCGTGGGTCGCAATGT-1,-3.664563,12.059957,s1d3
TCGTGGGTCGTTCTGC-1,8.225603,7.444954,s1d3
TCTAACTAGAGTAACT-1,10.4326,7.6863813,s1d3
TCTAACTGTAATCAGA-1,12.640474,6.5983353,s1d3
TCTAACTGTACTCAAC-1,14.725635,8.171641,s1d3
TCTAACTGTTCAAGGG-1,9.41209,1.7374592,s1d3
TCTAACTGTTGATCGT-1,-5.050064,8.021136,s1d3
TCTAACTTCAAACCCA-1,2.9997277,2.136797,s1d3
TCTAACTTCCTGTTAT-1,12.838934,12.184584,s1d3
TCTAACTTCGGTCGGT-1,9.03993,1.529969,s1d3
TCTAACTTCGTGTGAT-1,12.085501,10.306156,s1d3
TCTACATAGAGCCTGA-1,11.039054,17.13162,s1d3
TCTACATAGAGGCGGA-1,13.417598,5.71166,s1d3
TCTACATCACTTTATC-1,4.2060137,3.8747542,s1d3
TCTACATGTACGGTTT-1,6.868588,20.094086,s1d3
TCTACATGTAGCTTAC-1,2.7321315,1.981354,s1d3
TCTACATGTTGCGGAA-1,-4.335296,10.551618,s1d3
TCTACATTCCGAGGCT-1,9.33021,6.884368,s1d3
TCTACCGAGCTCGCAC-1,-3.3568907,12.730344,s1d3
TCTACCGCAACTGCCG-1,-0.20967385,3.1282465,s1d3
TCTACCGGTAGACTGG-1,9.815214,-1.6667694,s1d3
TCTATACAGATACCAA-1,-4.012767,11.127406,s1d3
TCTATACAGCACTTTG-1,15.895773,9.760233,s1d3
TCTATACAGGGTAATT-1,4.2104497,19.160301,s1d3
TCTATACCAACATACC-1,3.386732,2.4271262,s1d3
TCTATACCAATAGTAG-1,3.3523307,19.842293,s1d3
TCTATACCATGGGTCC-1,9.107185,7.9855714,s1d3
TCTATACTCGTACCTC-1,8.962485,6.265776,s1d3
TCTATCAAGGTCCTGC-1,9.9791155,7.3616586,s1d3
TCTATCAAGTGTTGAA-1,11.103583,14.021769,s1d3
TCTATCACAACCGTGC-1,10.337723,7.830969,s1d3
TCTATCACACAAAGTA-1,11.142681,8.290358,s1d3
TCTATCACATTGTACG-1,9.509095,8.501802,s1d3
TCTATCAGTGTAAACA-1,13.173468,7.527789,s1d3
TCTATCAGTTGGAGAC-1,3.9942658,16.845959,s1d3
TCTATCATCTGTGTGA-1,11.426032,10.331304,s1d3
TCTCACGAGTTGGAGC-1,8.0128355,19.369976,s1d3
TCTCACGCACGGTGAA-1,11.1407175,8.91915,s1d3
TCTCACGGTACAAGCG-1,9.869227,7.357539,s1d3
TCTCACGGTACAGAAT-1,12.463062,12.052622,s1d3
TCTCACGGTATCGTAC-1,9.620144,-3.6096184,s1d3
TCTCACGGTGCAATAA-1,9.62163,8.978185,s1d3
TCTCACGTCATGCATG-1,11.437334,9.262717,s1d3
TCTCACGTCCACTTTA-1,-4.902106,9.256137,s1d3
TCTCACGTCCTACGGG-1,5.2538,18.200401,s1d3
TCTCACGTCTTTGGAG-1,12.727352,6.6532083,s1d3
TCTCAGCAGAACGCGT-1,10.333087,10.117459,s1d3
TCTCAGCAGACAACAT-1,5.452223,17.670124,s1d3
TCTCAGCAGGAGAGGC-1,9.749835,7.579999,s1d3
TCTCAGCAGGCTAAAT-1,11.063286,7.1797,s1d3
TCTCAGCAGGTGATAT-1,-4.889435,9.568491,s1d3
TCTCAGCCACAATGCT-1,11.938297,6.634541,s1d3
TCTCAGCCAGCGACCT-1,8.953804,5.8687844,s1d3
TCTCAGCCATAGGAGC-1,9.336479,3.3431613,s1d3
TCTCAGCGTAGAGACC-1,-5.4990005,9.879399,s1d3
TCTCAGCGTTATAGCC-1,7.3820434,12.394475,s1d3
TCTCAGCTCGTAGGGA-1,1.8180348,1.4964796,s1d3
TCTCCGAAGACGGAAA-1,-2.2553709,10.95739,s1d3
TCTCCGAAGGGACACT-1,11.027006,11.381396,s1d3
TCTCCGACACGGGTAA-1,13.2894,8.252875,s1d3
TCTCCGAGTAGATGTA-1,10.760196,9.298801,s1d3
TCTCCGAGTTAGGGAC-1,2.3658884,4.603183,s1d3
TCTCCGATCAGTGTTG-1,9.750491,7.4636893,s1d3
TCTCCGATCCTGGGTG-1,11.152035,7.5269895,s1d3
TCTCCGATCGCTAATG-1,11.022486,7.490082,s1d3
TCTCCGATCTATTCGT-1,9.813148,-4.3985276,s1d3
TCTCCGATCTCATTTG-1,-3.2723908,9.845176,s1d3
TCTCTGGCAGAGGACT-1,6.5274897,11.834384,s1d3
TCTCTGGCAGTTTCAG-1,12.168376,7.307858,s1d3
TCTCTGGGTCGTGGAA-1,0.034087654,2.9110045,s1d3
TCTCTGGTCACAATGC-1,12.543192,7.0982122,s1d3
TCTCTGGTCGAGGCAA-1,8.996508,5.7626395,s1d3
TCTCTGGTCGTTGCCT-1,3.3376145,19.995298,s1d3
TCTCTGGTCTTACACT-1,3.846889,18.635145,s1d3
TCTGCCACACCCTAAA-1,12.366049,12.125883,s1d3
TCTGCCAGTAGCGAGT-1,3.7566922,20.438475,s1d3
TCTGCCAGTCACAATC-1,9.595736,6.492236,s1d3
TCTGCCAGTCCCGGTA-1,3.5717845,2.9756458,s1d3
TCTGCCAGTTCGGCCA-1,0.24230388,4.999135,s1d3
TCTGCCATCAAAGGTA-1,9.432038,6.2702284,s1d3
TCTGCCATCCAACTGA-1,8.722901,13.954841,s1d3
TCTGCCATCCCTTGTG-1,10.30331,-5.1177244,s1d3
TCTGGCTAGGGATCGT-1,5.1385665,18.377035,s1d3
TCTGGCTAGTACCATC-1,-3.6685054,9.344671,s1d3
TCTGGCTCAACAGCCC-1,-5.189857,8.82821,s1d3
TCTGGCTCACACGGTC-1,14.180142,8.215236,s1d3
TCTGGCTTCAGAGCAG-1,8.905209,8.13312,s1d3
TCTGGCTTCCTATTGT-1,-5.202398,9.550684,s1d3
TCTGGCTTCGACGCTG-1,14.901889,7.2739744,s1d3
TCTGGCTTCTCAGTCC-1,12.674,6.521192,s1d3
TCTGGCTTCTTGCGCT-1,12.207717,9.378079,s1d3
TCTGTCGAGAGAAGGT-1,9.897199,9.85442,s1d3
TCTGTCGCACCGTCGA-1,13.255752,6.3153787,s1d3
TCTGTCGCATTAAAGG-1,2.11939,15.886803,s1d3
TCTGTCGGTACAGAGC-1,9.739297,-4.1211486,s1d3
TCTGTCGGTACCTAGT-1,9.195273,5.647,s1d3
TCTGTCGGTGATACTC-1,-5.035045,8.863994,s1d3
TCTGTCGGTGGAATGC-1,9.54986,6.736658,s1d3
TCTGTCGTCGTAGTCA-1,2.69909,5.735485,s1d3
TCTGTCGTCTGGGTCG-1,14.767382,5.748952,s1d3
TCTTAGTAGGAAGTGA-1,8.442964,-0.8863621,s1d3
TCTTAGTAGTCCTGTA-1,8.904198,13.711606,s1d3
TCTTAGTAGTGTACAA-1,-2.4611351,11.693924,s1d3
TCTTAGTCAGGTTTAC-1,13.00795,5.6562324,s1d3
TCTTAGTCAGTCGCAC-1,9.138949,6.5506225,s1d3
TCTTAGTCATCCGCGA-1,14.794816,9.2656765,s1d3
TCTTAGTGTATACAGA-1,10.22176,10.179419,s1d3
TCTTAGTGTCGGCACT-1,13.337899,5.197834,s1d3
TCTTAGTGTTAGGCCC-1,11.278076,7.0377326,s1d3
TCTTAGTGTTTCGTAG-1,10.4743185,9.296973,s1d3
TCTTAGTTCATGCATG-1,9.468539,8.794392,s1d3
TCTTAGTTCCAGCACG-1,8.521241,6.550363,s1d3
TCTTAGTTCGTCCATC-1,-3.5319715,9.862634,s1d3
TCTTCCTCAATAAGGT-1,1.5353667,3.2666068,s1d3
TCTTCCTGTAAGGAGA-1,9.555693,-1.6204436,s1d3
TCTTCCTGTAGGATAT-1,14.102526,5.3761134,s1d3
TCTTCCTGTATCACGT-1,8.696322,8.956497,s1d3
TCTTCCTGTTTAGTCG-1,-0.9785503,5.8088226,s1d3
TCTTCCTTCGCTAGCG-1,-1.0789196,7.491689,s1d3
TCTTCCTTCGTCAGAT-1,12.426122,6.36129,s1d3
TCTTGCGAGAGTCGAC-1,8.111831,-2.8047469,s1d3
TCTTGCGAGATCCAAA-1,1.969445,4.6376457,s1d3
TCTTGCGAGGGCCCTT-1,7.807756,7.4475,s1d3
TCTTGCGAGTCCGTCG-1,9.4907055,8.614803,s1d3
TCTTGCGGTCACCCTT-1,6.1558256,18.806583,s1d3
TCTTGCGGTCTGTGTA-1,7.86548,1.5451716,s1d3
TCTTGCGTCCACCCTA-1,8.664976,-4.2596035,s1d3
TCTTTGAAGACCTGGA-1,12.3019905,10.503085,s1d3
TCTTTGAAGCTAGAAT-1,9.9423895,6.7322927,s1d3
TCTTTGACAATCCTTT-1,15.609236,7.1519494,s1d3
TCTTTGACAGGGACTA-1-1,2.3087764,4.680193,s1d3
TCTTTGACATCCGGCA-1,10.546068,6.8930216,s1d3
TCTTTGAGTATGTCTG-1,10.381065,7.8039308,s1d3
TCTTTGAGTGATAGAT-1,-5.4803815,10.0115,s1d3
TGAACGTAGCGAGTAC-1,-3.5142071,11.177122,s1d3
TGAACGTAGCTGACTT-1,2.8907497,0.038229212,s1d3
TGAACGTCAAGCTGCC-1,10.582374,14.283274,s1d3
TGAACGTCACATACTG-1,13.1663265,5.684659,s1d3
TGAACGTCAGACCTAT-1,-0.5045237,5.4808,s1d3
TGAATCGAGAATCGAT-1,8.894494,3.4705155,s1d3
TGAATCGAGTAAGCAT-1,11.612575,10.00096,s1d3
TGAATCGCAAGCACAG-1,-3.359439,13.5668335,s1d3
TGAATCGCATGGCTGC-1,13.392998,6.217486,s1d3
TGAATCGGTCGGCTAC-1,-1.383755,7.0708375,s1d3
TGAATCGGTTGAGGAC-1,3.7885408,3.8044887,s1d3
TGAATCGGTTTGGGAG-1,11.420119,10.92748,s1d3
TGAATCGTCTGAGGTT-1,8.422894,6.4953966,s1d3
TGAATCGTCTTTCCGG-1,14.121141,7.842942,s1d3
TGAATGCAGTAGAATC-1,9.219723,8.434844,s1d3
TGAATGCCAGTCTACA-1,10.405238,9.62573,s1d3
TGAATGCGTACAACGG-1,12.126014,11.07157,s1d3
TGAATGCGTTCAATCG-1,12.632676,5.71407,s1d3
TGAATGCTCACTGGTA-1,5.85611,11.722478,s1d3
TGAATGCTCGACGCTG-1,-2.32665,10.6609535,s1d3
TGACAGTAGATTGACA-1,14.5059595,5.6516747,s1d3
TGACAGTAGCAACTCT-1,-4.1875677,9.857277,s1d3
TGACAGTAGCGACTGA-1,9.823067,8.33205,s1d3
TGACAGTAGTCTAACC-1,11.314953,13.073372,s1d3
TGACAGTAGTTACGGG-1,-3.9791408,7.4866834,s1d3
TGACAGTCACAGCTGC-1,1.0904528,3.4855957,s1d3
TGACAGTCATGGCTGC-1,8.63518,14.092877,s1d3
TGACAGTGTAGCTAAA-1,3.7371967,19.729126,s1d3
TGACAGTGTTTAAGGA-1,3.2959979,4.8152113,s1d3
TGACAGTTCACTGGGC-1,9.975192,7.1232743,s1d3
TGACCCTAGTAACAGT-1,8.663779,7.145336,s1d3
TGACCCTGTAGAGACC-1,13.661914,3.8261127,s1d3
TGACCCTTCACAGTGT-1,10.119634,6.27137,s1d3
TGACCCTTCTCGTCAC-1,-5.1180615,9.502762,s1d3
TGACCCTTCTGTGCTC-1,9.400823,6.6190877,s1d3
TGACGCGAGATCGCTT-1,4.0299172,4.2276464,s1d3
TGACGCGAGTGGTTCT-1,8.695316,6.324447,s1d3
TGACGCGCACACCGCA-1,-2.840731,11.094957,s1d3
TGACGCGCATGAGATA-1,5.059831,18.699505,s1d3
TGACGCGTCCCGAGAC-1,-3.2774887,10.579375,s1d3
TGACGCGTCCGTGCGA-1,9.139799,9.454326,s1d3
TGACGCGTCGGTGTTA-1,13.339824,5.2715807,s1d3
TGACTCCCAAATGAAC-1,9.524128,6.4277687,s1d3
TGACTCCCAGGTCAAG-1,-4.25405,9.2776985,s1d3
TGACTCCGTACAGCGA-1,-4.8717074,10.140034,s1d3
TGACTCCGTCGTTGGC-1,-3.2312438,13.57108,s1d3
TGACTCCGTCTTAGTG-1,12.971942,7.76826,s1d3
TGACTCCTCACTTGTT-1,7.890943,7.2247944,s1d3
TGACTCCTCCATATGG-1,12.224351,6.009858,s1d3
TGAGACTAGAATTGCA-1,12.9213085,7.652542,s1d3
TGAGACTAGATTGATG-1,12.089891,6.328916,s1d3
TGAGACTCAAACGTGG-1,6.496957,12.150631,s1d3
TGAGACTCAAAGGGCT-1,13.502805,4.902968,s1d3
TGAGACTCAACTGAAA-1,2.3022206,5.008178,s1d3
TGAGACTCAATAGTAG-1,-2.9297624,12.446857,s1d3
TGAGACTCACAAGTTC-1,11.442222,12.579193,s1d3
TGAGACTCACTATCCC-1,12.098355,11.6256895,s1d3
TGAGACTCAGAGACTG-1,8.535418,6.652197,s1d3
TGAGACTCATCTCGTC-1,4.2894616,2.7056944,s1d3
TGAGACTGTATGCTTG-1,10.594596,8.836475,s1d3
TGAGACTGTCAGTCCG-1,14.474383,7.712735,s1d3
TGAGACTGTGACCGAA-1,-4.530932,8.410089,s1d3
TGAGACTGTGATACTC-1,9.691628,-1.7886355,s1d3
TGAGACTGTGGCTGCT-1,9.4643955,1.6396517,s1d3
TGAGACTGTGTCCACG-1,2.5401156,4.5979567,s1d3
TGAGACTTCCTTCAGC-1,6.1966834,10.83709,s1d3
TGAGACTTCGCTGACG-1,-3.7160854,9.262357,s1d3
TGAGCATAGACCAAAT-1,8.4296875,6.6573515,s1d3
TGAGCATAGGCGCTTC-1,8.286635,6.909328,s1d3
TGAGCATCAAGATGGC-1,9.391156,8.0631695,s1d3
TGAGCATCAGCTTCCT-1,8.814488,6.63256,s1d3
TGAGCATCAGGAGACT-1,12.081922,6.126103,s1d3
TGAGCATTCTCAGTCC-1,8.498472,13.8977585,s1d3
TGAGCGCAGATGTTCC-1,13.370158,7.2602167,s1d3
TGAGCGCAGTATCCTG-1,12.483732,12.467317,s1d3
TGAGCGCCAAGCTACT-1,8.154953,7.147331,s1d3
TGAGCGCCACTCCACT-1,8.873763,6.439044,s1d3
TGAGCGCGTGATTCAC-1,8.624404,8.491289,s1d3
TGAGCGCTCACTTATC-1,13.24591,4.4049377,s1d3
TGAGCGCTCAGCGGAA-1,8.516198,13.778374,s1d3
TGAGCGCTCGTAGGGA-1,8.905968,8.389888,s1d3
TGAGCGCTCTGGCCTT-1,6.486682,11.810553,s1d3
TGAGGAGAGAGAGAAC-1,-4.7663484,9.822571,s1d3
TGAGGAGAGAGAGCCT-1,7.523136,11.739239,s1d3
TGAGGAGGTGACTGTT-1,8.703499,9.24391,s1d3
TGAGGAGGTGAGCGAT-1,6.8538585,20.360899,s1d3
TGAGGAGTCACCTGGG-1,8.137935,1.5127598,s1d3
TGAGGAGTCGCCTAGG-1-1,8.849935,3.576425,s1d3
TGAGGGAAGAAGCTCG-1,9.946506,13.088727,s1d3
TGAGGGAAGCTGAGCA-1,13.275323,6.9604483,s1d3
TGAGGGAAGGCTGTAG-1,6.021519,11.570309,s1d3
TGAGGGACAATTGAAG-1,11.194035,10.418961,s1d3
TGAGGGACACACCTTC-1,4.1040454,4.206745,s1d3
TGAGGGACATATTCGG-1,10.62038,6.4281807,s1d3
TGAGGGAGTCATGACT-1,-2.9835854,10.490717,s1d3
TGAGGGAGTGCTGCAC-1,9.806543,7.0647984,s1d3
TGAGGGAGTTCAGCGC-1,8.498095,14.125076,s1d3
TGAGGTTCAAGAAATC-1,9.4344225,6.2377048,s1d3
TGAGGTTCAGTTCACA-1,6.4218,20.344301,s1d3
TGAGGTTCAGTTGTCA-1,-4.2692914,11.314543,s1d3
TGAGGTTGTACGATCT-1,6.6175547,20.330824,s1d3
TGAGGTTGTACTCCGG-1,-4.440693,9.258689,s1d3
TGAGGTTGTACTGTTG-1,12.35195,8.799246,s1d3
TGAGGTTGTCCTTAAG-1,7.8508477,7.5226593,s1d3
TGAGGTTGTTCAAAGA-1,1.9866642,4.9604306,s1d3
TGAGGTTTCAACCCGG-1,14.579998,6.477589,s1d3
TGAGGTTTCCAGCAAT-1,2.9726355,16.032818,s1d3
TGAGTCAAGGTGCTGA-1,-3.0174499,13.419568,s1d3
TGAGTCACAATGCAGG-1,14.316915,7.476347,s1d3
TGAGTCACACACTGGC-1,12.636143,6.621528,s1d3
TGAGTCACACCAGACC-1,6.62878,12.156285,s1d3
TGAGTCACATAGATGA-1,-3.2042212,11.024858,s1d3
TGAGTCACATCTGTTT-1,8.04298,18.594046,s1d3
TGAGTCAGTCCGGACT-1,14.271601,7.675478,s1d3
TGAGTCAGTTTCAGAC-1,10.570175,8.555674,s1d3
TGAGTCATCCTTATAC-1,10.933059,6.541557,s1d3
TGAGTCATCGCTGCGA-1,11.062945,7.69937,s1d3
TGAGTCATCGTCCTCA-1,13.0048065,5.830086,s1d3
TGATCAGAGGAAGTCC-1,1.636625,2.657433,s1d3
TGATCAGAGTAGAATC-1,10.0025015,7.690979,s1d3
TGATCAGAGTTGCCTA-1,-3.2063248,13.672962,s1d3
TGATCAGCAAAGGCAC-1,11.811932,10.801542,s1d3
TGATCAGCAGCGTTGC-1,14.295324,5.6315703,s1d3
TGATCAGGTATTCTCT-1,3.3618984,4.372139,s1d3
TGATCAGGTGATAGAT-1,9.482631,6.6289177,s1d3
TGATCAGTCCGTATAG-1,-4.1485963,9.412537,s1d3
TGATCTTAGGGACCAT-1,8.910148,6.132078,s1d3
TGATCTTAGGGCTAAC-1,2.917402,15.355448,s1d3
TGATCTTCAAGCCTGC-1,10.144038,8.938465,s1d3
TGATCTTCACGATAGG-1,3.1036503,3.5753305,s1d3
TGATCTTGTACGATCT-1,3.488187,19.867908,s1d3
TGATCTTGTCGAATTC-1,11.295845,10.711623,s1d3
TGATCTTGTTACGATC-1,12.730514,12.0702,s1d3
TGATCTTGTTATAGAG-1,8.875087,7.102625,s1d3
TGATCTTTCTACCAGA-1,4.423309,16.404371,s1d3
TGATGCAAGTCCTGCG-1,6.811797,19.526327,s1d3
TGATGCACAGCGTATT-1,10.988847,13.057268,s1d3
TGATGCACAGGTTCGC-1,-4.4869337,9.510821,s1d3
TGATGCAGTCGTTGGC-1,14.918484,6.985129,s1d3
TGATGCAGTCTGTCCT-1,8.44997,-4.3366666,s1d3
TGATGCAGTGTACGCC-1,-2.6258464,12.040001,s1d3
TGATGCATCACCCTCA-1,11.125306,7.4088793,s1d3
TGATGCATCCATCGTC-1,-3.084501,11.077375,s1d3
TGATGCATCCCTTCCC-1,12.290542,6.2002206,s1d3
TGATGGTAGAAGCCAC-1,15.02151,6.2469087,s1d3
TGATGGTAGGGTGAAA-1,-5.625181,9.167097,s1d3
TGATGGTAGTGATTCC-1,-3.1637897,9.22749,s1d3
TGATGGTCACAGCTTA-1,14.61428,5.6817694,s1d3
TGATGGTCATTGCCGG-1,8.812331,2.5282335,s1d3
TGATGGTGTAACATCC-1,6.7691064,11.224527,s1d3
TGATGGTGTCCTGAAT-1,7.2108355,11.427766,s1d3
TGATGGTTCCTCTAGC-1,12.569363,-3.5487132,s1d3
TGATGGTTCGCAATTG-1,7.1254697,19.455921,s1d3
TGATGGTTCTAATTCC-1,-3.354032,11.046395,s1d3
TGATTCTGTACTGCCG-1,12.770613,12.3638735,s1d3
TGATTCTGTAGGCTCC-1,11.302408,12.021508,s1d3
TGATTCTGTTCCTTGC-1,-2.7847981,10.477663,s1d3
TGATTCTTCGGCCTTT-1,9.532691,6.369396,s1d3
TGATTCTTCTCTATAC-1,7.8962846,11.278112,s1d3
TGATTTCAGCATGAAT-1,5.8421597,11.690948,s1d3
TGATTTCAGTGCCTCG-1,8.012869,12.073799,s1d3
TGATTTCGTAGATGTA-1,14.364725,6.2473354,s1d3
TGATTTCTCTAACGCA-1,12.8420725,5.7631226,s1d3
TGCACGGAGGGATGTC-1,11.691079,7.802326,s1d3
TGCACGGAGTGCAACG-1,13.238027,5.24596,s1d3
TGCACGGAGTGGCGAT-1,6.017897,17.4891,s1d3
TGCACGGCAACTGATC-1,9.508856,7.492979,s1d3
TGCACGGCAAGGGCAT-1,12.429544,12.597335,s1d3
TGCACGGCAGCTGCCA-1,6.016334,20.213356,s1d3
TGCACGGGTACGTACT-1,3.6201284,5.6915407,s1d3
TGCACGGGTATCACGT-1,14.44414,6.982561,s1d3
TGCACGGGTGATCGTT-1,10.835452,10.025253,s1d3
TGCACGGTCAACACCA-1,3.6958106,2.9799256,s1d3
TGCACGGTCAATCTTC-1,10.634174,9.0522785,s1d3
TGCACGGTCCGTAATG-1,8.888892,6.5540648,s1d3
TGCAGATAGGATGTTA-1,13.369994,6.395637,s1d3
TGCAGATAGTAAACTG-1,-1.222827,3.8545327,s1d3
TGCAGATAGTCGCCCA-1,5.275835,18.721224,s1d3
TGCAGATCACCGGCTA-1,8.831331,-3.9452186,s1d3
TGCAGATCAGCCCAGT-1,12.453711,11.889522,s1d3
TGCAGATGTCGACTGC-1,8.105309,1.4489781,s1d3
TGCAGATGTCGTATGT-1,14.51739,6.5387044,s1d3
TGCAGATGTGACAACG-1,8.738485,-3.189469,s1d3
TGCAGATGTGAGATTA-1,14.578047,7.173337,s1d3
TGCAGATTCAAATGAG-1,8.097365,7.530842,s1d3
TGCAGATTCAGGCGAA-1,2.8768728,19.438326,s1d3
TGCAGATTCCTATTTG-1,9.655171,9.165644,s1d3
TGCAGATTCTCGCAGG-1,13.16799,8.151684,s1d3
TGCAGGCAGGTCGTAG-1,9.738033,7.5650973,s1d3
TGCAGGCCAAGTCCCG-1,3.6658251,18.059774,s1d3
TGCAGGCGTGAGAACC-1,3.1954305,4.6492953,s1d3
TGCAGGCGTTGTATGC-1,5.763467,20.42283,s1d3
TGCAGGCGTTGTCATG-1,7.9120355,7.3939195,s1d3
TGCAGGCTCCAGTTCC-1,13.63776,5.400146,s1d3
TGCAGTACAAGAATAC-1,-3.8083932,9.33525,s1d3
TGCAGTACAGCGTTGC-1,12.85778,5.283509,s1d3
TGCAGTACAGCTGAGA-1,8.092859,19.28932,s1d3
TGCAGTACAGTATGAA-1,10.406561,7.2108293,s1d3
TGCAGTACAGTGTACT-1,15.430682,8.0652485,s1d3
TGCAGTAGTGGTTTAC-1,10.759624,13.79847,s1d3
TGCAGTATCGGTTGTA-1,-3.184678,12.28765,s1d3
TGCATCCAGAACTTCC-1,3.14953,20.29171,s1d3
TGCATCCCAAGATGGC-1,2.6924129,4.602199,s1d3
TGCATCCCATGAGGGT-1,10.231975,9.232825,s1d3
TGCATCCGTCATCTAG-1,10.084039,7.17984,s1d3
TGCATCCGTGCGTCGT-1,0.42824662,4.9298244,s1d3
TGCATCCGTGTGAATA-1,4.8255763,18.352518,s1d3
TGCATCCGTTGGACCC-1,12.31697,9.931874,s1d3
TGCATCCTCACACGAT-1,7.7953672,19.490683,s1d3
TGCATCCTCAGTCATG-1,9.783896,-1.4231825,s1d3
TGCATGAAGAGTCAAT-1,8.614774,6.2677646,s1d3
TGCATGAAGCCTCTCT-1,13.552541,5.8159924,s1d3
TGCATGACACTCCCTA-1,10.834664,7.976957,s1d3
TGCATGACATGGACAG-1,4.020594,3.7253275,s1d3
TGCATGAGTACAGAGC-1,8.703658,6.2483535,s1d3
TGCATGAGTCACCTTC-1,8.280952,7.038169,s1d3
TGCATGAGTCCGGTCA-1,12.615809,7.103686,s1d3
TGCATGAGTGATGAAT-1,10.522866,-4.2014074,s1d3
TGCATGAGTTAGAGTA-1,13.545088,6.2184076,s1d3
TGCATGAGTTTGGAGG-1,-3.123084,10.472968,s1d3
TGCATGATCCACTGAA-1,9.149974,5.9485607,s1d3
TGCCGAGAGCGTTACT-1,9.87242,8.7992525,s1d3
TGCCGAGAGTGAATAC-1,12.549503,12.467474,s1d3
TGCCGAGCACGCTGTG-1,10.843924,8.313105,s1d3
TGCCGAGCAGTCAGTT-1,3.1331506,19.97942,s1d3
TGCCGAGGTATGAAGT-1,-3.2191622,13.384976,s1d3
TGCCGAGGTGGTAATA-1-1,3.8416848,18.234503,s1d3
TGCCGAGTCAGCTTGA-1,8.770842,3.609889,s1d3
TGCCGAGTCCCAACTC-1,-5.398034,9.098881,s1d3
TGCGACGAGCAAACAT-1,8.97979,-5.7617054,s1d3
TGCGACGAGTCCTGCG-1,8.624768,-3.364007,s1d3
TGCGACGCAACGGGTA-1,8.621424,13.85155,s1d3
TGCGACGCACGTATAC-1,4.0958276,18.24283,s1d3
TGCGACGGTTAACAGA-1,8.165822,1.5706257,s1d3
TGCGACGTCACTCGAA-1,7.99402,6.6136155,s1d3
TGCGACGTCCTACCAC-1,8.21365,-3.8049176,s1d3
TGCGACGTCTAACGGT-1,2.524971,20.116962,s1d3
TGCGACGTCTTAGCCC-1,7.562721,-3.920741,s1d3
TGCGATAAGCGCCGTT-1,11.746873,12.029595,s1d3
TGCGATACACTGAGGA-1,7.793068,7.406139,s1d3
TGCGATATCCTTCACG-1,12.071389,12.904412,s1d3
TGCGGCAAGACACACG-1,14.324811,6.359201,s1d3
TGCGGCAAGATAGTGT-1,8.250079,19.650873,s1d3
TGCGGCAAGATGGCAC-1,15.947968,8.539749,s1d3
TGCGGCAAGCTAATCC-1,10.968962,8.286423,s1d3
TGCGGCAAGGAGGCAG-1,8.269866,7.593911,s1d3
TGCGGCAAGGATACGC-1,10.914208,10.502612,s1d3
TGCGGCAAGTGCAACG-1,11.633919,10.557914,s1d3
TGCGGCACAACTCGTA-1,9.984148,7.5037174,s1d3
TGCGGCACAAGACCTT-1,7.853534,19.408747,s1d3
TGCGGCACACAAGGTG-1,11.864963,10.568969,s1d3
TGCGGCACACTCAGAT-1,-5.333496,8.699054,s1d3
TGCGGCACAGCGCTTG-1,9.424003,6.49622,s1d3
TGCGGCAGTAGGCTGA-1,13.059147,5.3731494,s1d3
TGCGGCAGTGATCGTT-1,8.660621,13.427838,s1d3
TGCGGCAGTGGAACAC-1,12.090901,6.701505,s1d3
TGCGGCATCAAGTAAG-1,8.900818,6.141895,s1d3
TGCGGCATCAGTGATC-1,9.556708,7.455398,s1d3
TGCGGCATCCGTGGGT-1,3.2918699,5.807983,s1d3
TGCGGGTAGTAAACAC-1,8.520685,14.127949,s1d3
TGCGGGTGTCCCGTGA-1,13.567336,8.45089,s1d3
TGCGGGTGTTAGAGTA-1,-2.6211345,11.878348,s1d3
TGCGGGTTCGAGCCTG-1,3.7586932,17.998957,s1d3
TGCTCCAAGCATCTTG-1,12.284872,12.680484,s1d3
TGCTCCAAGCGCCCAT-1,14.770702,8.161692,s1d3
TGCTCCAAGTGCAGCA-1,9.566559,-1.4133924,s1d3
TGCTCCAGTTAGAGAT-1,10.18459,-3.6057959,s1d3
TGCTCCAGTTATCCAG-1,13.27959,6.249771,s1d3
TGCTCCATCCGCATAA-1,0.57493645,5.125376,s1d3
TGCTCCATCCGCGAGT-1,-2.7834764,9.403873,s1d3
TGCTCCATCGAACCAT-1,8.971236,1.427628,s1d3
TGCTCCATCGAACGGA-1,8.228667,9.420511,s1d3
TGCTCGTAGGTAAACT-1,9.433152,6.3749504,s1d3
TGCTCGTAGGTTCAGG-1,-2.8747008,12.268112,s1d3
TGCTCGTAGTGATCGG-1,3.3658023,19.47362,s1d3
TGCTCGTCAAGAGCTG-1,8.814785,6.471278,s1d3
TGCTCGTCACTCCTGT-1,9.7656975,6.835005,s1d3
TGCTCGTCAGGCCCTA-1,10.614736,6.9952755,s1d3
TGCTCGTCAGTTAAAG-1,8.0161495,7.0407495,s1d3
TGCTCGTCATGGATCT-1,10.593988,9.275578,s1d3
TGCTCGTGTCGATGCC-1,9.809353,9.127522,s1d3
TGCTCGTTCACCCATC-1,9.660513,-4.790947,s1d3
TGCTCGTTCGCCTAGG-1,-4.8558145,9.233351,s1d3
TGCTGAACAAGCTCTA-1,12.188201,10.87652,s1d3
TGCTGAACATACAGGG-1,10.855753,10.421072,s1d3
TGCTGAACATACCGTA-1,9.209821,5.762689,s1d3
TGCTGAAGTGGTCTCG-1,-3.6665456,10.444274,s1d3
TGCTGAATCATCGGGC-1,14.0906925,4.8783393,s1d3
TGCTGAATCCACTTCG-1,11.606507,9.594129,s1d3
TGCTGAATCGCTACGG-1,4.1092825,19.89842,s1d3
TGCTGAATCTTACTGT-1,6.570313,20.317223,s1d3
TGCTTCGAGCAATTCC-1,13.222907,5.5497756,s1d3
TGCTTCGCAGCAATTC-1,11.975943,6.922951,s1d3
TGCTTCGCAGCCTATA-1,11.05822,7.338225,s1d3
TGCTTCGGTTCGGTAT-1,11.324619,9.625239,s1d3
TGCTTCGTCTTCCAGC-1,-3.309816,10.162274,s1d3
TGCTTGCAGCGATTCT-1,5.9115467,19.950258,s1d3
TGCTTGCCAAGCAATA-1,7.768569,-2.3482382,s1d3
TGCTTGCCAGAAACCG-1,9.276492,12.842684,s1d3
TGCTTGCCAGAGAGGG-1,12.890778,5.745431,s1d3
TGCTTGCCATAGAAAC-1,12.297067,11.25901,s1d3
TGCTTGCTCACGGACC-1,7.749716,18.485489,s1d3
TGCTTGCTCAGAACCT-1,8.9001665,7.925039,s1d3
TGGAACTCAGTTGAAA-1,13.377187,7.8555837,s1d3
TGGAACTGTAAGTTGA-1,12.291344,11.522471,s1d3
TGGAACTGTCGGATTT-1,9.272565,-3.086203,s1d3
TGGAACTGTGAAGCTG-1,10.931038,9.019998,s1d3
TGGAGAGAGCAGGTCA-1,12.425832,6.081998,s1d3
TGGAGAGAGGTTCCAT-1,9.5075445,7.5714307,s1d3
TGGAGAGCAAACGGCA-1,3.7321935,4.9698687,s1d3
TGGAGAGCATCCGGTG-1,7.4252415,11.974593,s1d3
TGGAGAGGTAGGCTCC-1,3.3637369,20.228195,s1d3
TGGAGAGGTGTTTGCA-1,13.506562,8.744421,s1d3
TGGAGAGGTTGCCGCA-1,11.959989,10.850896,s1d3
TGGAGAGTCCCTCTTT-1,8.597563,6.3464127,s1d3
TGGAGAGTCCGGTAGC-1,12.9975395,5.1339626,s1d3
TGGAGAGTCGCTCCTA-1,9.4708395,7.809998,s1d3
TGGAGGAAGGCGTTAG-1,3.1521866,19.981924,s1d3
TGGAGGAGTAATGATG-1,-5.351317,9.38463,s1d3
TGGAGGAGTAGATGTA-1,10.977747,11.294226,s1d3
TGGAGGATCATTGCCC-1,10.743726,7.5874662,s1d3
TGGAGGATCCCGAATA-1,10.248395,6.839871,s1d3
TGGAGGATCGTCGGGT-1,-2.364958,11.014086,s1d3
TGGATCAAGGTTGTTC-1,10.40028,-4.8059697,s1d3
TGGATCACAGCTAACT-1,11.743748,9.82444,s1d3
TGGATCACAGTTTGGT-1,13.647512,4.047934,s1d3
TGGATCACATTAAAGG-1,10.471776,10.133071,s1d3
TGGATCAGTGTCTTCC-1,8.225532,13.600212,s1d3
TGGATGTAGGCTCTAT-1,9.240826,6.6189613,s1d3
TGGATGTAGGTGGTTG-1,2.6703417,3.7793286,s1d3
TGGATGTAGTCTTGGT-1,-4.293686,11.956694,s1d3
TGGATGTCATACTGAC-1,11.182856,9.658813,s1d3
TGGATGTCATTGACTG-1,9.1192665,6.9410834,s1d3
TGGATGTGTGTGTCCG-1,7.401044,12.04936,s1d3
TGGCGTGAGTCGAAGC-1,2.0625267,15.619006,s1d3
TGGCGTGCAGCGTAGA-1,9.355991,9.220373,s1d3
TGGCGTGGTCGCCACA-1,12.775184,3.2246509,s1d3
TGGGAAGAGGTCGAGT-1,9.914142,10.450319,s1d3
TGGGAAGAGTTCTCTT-1,11.22407,12.797744,s1d3
TGGGAAGGTGAGCCAA-1,2.2688336,15.994793,s1d3
TGGGAAGTCAACTGAC-1,6.273402,20.383757,s1d3
TGGGAAGTCCATAGAC-1,-5.0314183,10.285569,s1d3
TGGGAGAAGTCAACAA-1,12.687837,5.8898664,s1d3
TGGGAGAAGTCCGCGT-1,11.121952,6.8030677,s1d3
TGGGAGACAACTGCTA-1,7.0216165,18.85124,s1d3
TGGGAGACAGCAGTGA-1,9.483338,7.185531,s1d3
TGGGAGAGTACGCGTC-1,10.282437,8.490354,s1d3
TGGGAGAGTAGTCGGA-1,3.5770342,19.2417,s1d3
TGGGAGATCCCTGTTG-1,12.260465,2.4363582,s1d3
TGGGAGATCGGCATCG-1,-3.4650018,9.603824,s1d3
TGGGAGATCGGCCTTT-1,15.667555,9.606653,s1d3
TGGGATTAGCCTCGTG-1,12.26545,5.5873265,s1d3
TGGGATTAGCTAAGTA-1,3.8878942,20.251116,s1d3
TGGGATTAGGGTAGCT-1,8.209484,6.9308887,s1d3
TGGGATTCAGTGTGCC-1,9.049323,-0.41167057,s1d3
TGGGATTGTACCCGCA-1,13.744892,8.507611,s1d3
TGGGATTGTTCGATTG-1,9.057013,6.114132,s1d3
TGGGATTGTTGAGTCT-1,13.440947,3.2123437,s1d3
TGGGATTTCCACGGGT-1,13.974925,8.069055,s1d3
TGGGCGTAGCGTGAGT-1,14.702376,5.6840024,s1d3
TGGGCGTAGGCACTCC-1,7.5695806,11.841385,s1d3
TGGGCGTCACCGTACG-1,9.827608,9.260643,s1d3
TGGGCGTCACCTTCCA-1,3.1668756,19.95792,s1d3
TGGGCGTGTACCAGAG-1,8.295233,13.920542,s1d3
TGGGCGTGTTAAGTCC-1,-5.192035,8.077763,s1d3
TGGGCGTTCACTGTCC-1,15.1103945,7.040576,s1d3
TGGGCGTTCAGAACCT-1,10.924643,9.169859,s1d3
TGGGCGTTCATCTACT-1,3.3990011,20.004585,s1d3
TGGGCGTTCCTTCTTC-1,6.48916,11.539535,s1d3
TGGGCGTTCTCGTGGG-1,12.342528,10.766988,s1d3
TGGGCGTTCTGCGATA-1,13.595577,5.6404653,s1d3
TGGGCTGAGGTAACTA-1,10.152297,8.59824,s1d3
TGGGCTGCAGGTGTTT-1,11.400969,11.569649,s1d3
TGGGCTGCAGTCGAGA-1,0.10327162,4.0909324,s1d3
TGGGCTGTCTATTGTC-1,4.9063277,18.687635,s1d3
TGGGTTAAGAACAAGG-1,8.849286,3.41353,s1d3
TGGGTTAAGAGTTCGG-1,15.5906,7.371215,s1d3
TGGGTTAAGATGGCAC-1,-3.7855983,9.425779,s1d3
TGGGTTAAGCCGAATG-1,7.6243877,12.423521,s1d3
TGGGTTAAGGATTACA-1,13.218715,7.3604193,s1d3
TGGGTTAAGTAAAGCT-1,-2.9001844,11.656679,s1d3
TGGGTTACAAGCCTGC-1,10.949059,8.231595,s1d3
TGGGTTACATCCGATA-1,9.770207,7.147671,s1d3
TGGGTTACATTGTCGA-1,12.985643,3.5851011,s1d3
TGGGTTATCGCACGGT-1,4.3550115,2.4647737,s1d3
TGGTACAAGACAGCTG-1,10.483092,7.888926,s1d3
TGGTACACACCGCTGA-1,10.459,8.445014,s1d3
TGGTACAGTACGAAAT-1,9.996455,7.947438,s1d3
TGGTACAGTCCATAGT-1,-4.7244816,9.822105,s1d3
TGGTACATCCGACGGT-1,7.3713903,11.798433,s1d3
TGGTACATCGATGGAG-1,-2.6159072,10.869977,s1d3
TGGTACATCTCGCCTA-1,7.0987587,11.210098,s1d3
TGGTACATCTTGTGCC-1,8.4849415,-5.873117,s1d3
TGGTAGTAGATCGACG-1,-0.29411644,3.0497868,s1d3
TGGTAGTAGCGATGAC-1,6.33509,11.181893,s1d3
TGGTAGTAGCTAGATA-1,2.3524315,15.980578,s1d3
TGGTAGTAGTCTTGGT-1,11.040576,7.6007843,s1d3
TGGTAGTCACTGAATC-1,12.732604,9.27333,s1d3
TGGTAGTCATCGCTAA-1,2.6861286,5.68494,s1d3
TGGTAGTTCAAACCCA-1,-4.4363604,11.08558,s1d3
TGGTAGTTCAGCAATC-1,5.4700274,17.684994,s1d3
TGGTAGTTCGTCGATA-1,10.758695,9.655483,s1d3
TGGTAGTTCTAAGAAG-1,12.770575,-3.6333034,s1d3
TGGTGATAGGATAATC-1,9.223169,5.982285,s1d3
TGGTGATGTGACGTCC-1,11.605935,6.332519,s1d3
TGGTGATGTGGTTTAC-1,11.172757,8.551071,s1d3
TGGTGATGTTCGGGTC-1,10.826787,-4.46533,s1d3
TGGTGATTCCAGCACG-1,15.802514,9.216262,s1d3
TGGTGATTCCGAACGC-1,14.395259,6.900857,s1d3
TGGTTAGAGAATCGCG-1,8.319733,7.145027,s1d3
TGGTTAGAGACATATG-1,8.825713,6.86074,s1d3
TGGTTAGAGCTTACGT-1,11.974486,-1.4869217,s1d3
TGGTTAGAGGAATCGC-1,14.041146,6.396116,s1d3
TGGTTAGAGGGTATAT-1,9.330544,6.3622527,s1d3
TGGTTAGCAAGAAACT-1,14.110971,4.788382,s1d3
TGGTTAGCAAGCTGTT-1,9.780548,6.259425,s1d3
TGGTTAGCACGAAGAC-1,11.609414,10.608134,s1d3
TGGTTAGCAGCTAACT-1,7.166171,2.9253614,s1d3
TGGTTAGCAGTTACCA-1,10.716451,7.386919,s1d3
TGGTTAGGTGACTGTT-1,10.857084,7.5389156,s1d3
TGGTTAGTCATCACTT-1,-4.422841,11.17277,s1d3
TGGTTAGTCGACCCAG-1,9.072373,7.4601393,s1d3
TGTAACGAGCGACCCT-1,2.6613643,15.6821375,s1d3
TGTAACGAGGTAAAGG-1,5.804961,17.820028,s1d3
TGTAACGCAGTCTTCC-1,12.057532,11.331179,s1d3
TGTAACGCATCAACCA-1,11.749822,11.019527,s1d3
TGTAACGGTACCTGTA-1,7.311995,11.474665,s1d3
TGTAACGTCCAGCCTT-1,-4.20114,8.996947,s1d3
TGTAACGTCCTTGAAG-1,9.982409,7.816212,s1d3
TGTAACGTCGACATAC-1,9.063841,-3.2202387,s1d3
TGTAAGCAGCCTAACT-1,6.347111,20.72618,s1d3
TGTAAGCCAGGAGGAG-1,6.591648,20.35504,s1d3
TGTAAGCCATGCCGCA-1,16.130745,8.800073,s1d3
TGTAAGCTCAGCATTG-1,-0.94199,4.007779,s1d3
TGTAAGCTCATCTGTT-1,9.472754,9.35158,s1d3
TGTACAGAGACAAGCC-1,10.869656,10.463926,s1d3
TGTACAGAGGTAACTA-1,-2.8031108,10.774545,s1d3
TGTACAGAGTCCCTAA-1,11.75946,0.8083087,s1d3
TGTACAGCAGCCTACG-1,13.731352,4.7658234,s1d3
TGTACAGCATCTCAAG-1,8.231893,-4.0824575,s1d3
TGTACAGTCCACTTCG-1,-3.0028596,10.610475,s1d3
TGTACAGTCTGAGATC-1,9.260331,6.511015,s1d3
TGTAGACAGACCCTTA-1,-4.731698,9.978473,s1d3
TGTAGACAGGAGTCTG-1,14.016206,6.5307117,s1d3
TGTAGACAGGCTTAGG-1,3.2632537,20.259714,s1d3
TGTAGACCACAAGTTC-1,9.17654,-3.4960742,s1d3
TGTAGACCAGAAACCG-1,2.4354591,19.714693,s1d3
TGTAGACCAGTGACCC-1,12.736297,5.7963376,s1d3
TGTAGACGTACTGCGC-1,-5.1414003,9.045543,s1d3
TGTAGACGTAGTGGCA-1,-4.0126367,11.833451,s1d3
TGTAGACTCCGTGGCA-1,3.7570035,20.049791,s1d3
TGTAGACTCGACTCCT-1,10.663519,10.701596,s1d3
TGTCAGAAGGGCTGAT-1,9.043441,7.204954,s1d3
TGTCAGACAATCGTCA-1,11.268954,13.876735,s1d3
TGTCAGACACAGGATG-1,-4.647713,10.629637,s1d3
TGTCAGAGTCTAATCG-1,11.319264,13.534966,s1d3
TGTCAGAGTGAAGCTG-1,-4.763047,11.224694,s1d3
TGTCAGAGTTCGGACC-1,1.7840936,5.1801157,s1d3
TGTCAGATCACGGGCT-1,14.265715,5.2190685,s1d3
TGTCAGATCCGAGGCT-1,6.9430304,20.017544,s1d3
TGTCAGATCTAAGGAA-1,-4.902508,10.401398,s1d3
TGTCAGATCTATCACT-1,6.711777,2.8357675,s1d3
TGTCCACAGCACCCAC-1,12.237137,6.6801353,s1d3
TGTCCACAGCGTCTGC-1,2.1101532,5.100144,s1d3
TGTCCACCACGGCGTT-1,7.140567,1.6941046,s1d3
TGTCCACGTAGCGCCT-1,9.071311,7.5140166,s1d3
TGTCCACGTGTTAAAG-1,-5.5608,9.062058,s1d3
TGTCCACTCCGATCTC-1,2.486962,17.35859,s1d3
TGTCCACTCGCACTCT-1,8.439383,8.266671,s1d3
TGTCCCAAGTGGTTGG-1,-5.460201,9.900364,s1d3
TGTCCCACAAATGAAC-1,8.944399,6.868592,s1d3
TGTCCCACAATGTCAC-1,8.010265,19.351566,s1d3
TGTCCCACACTGTGAT-1,9.006681,6.0832224,s1d3
TGTCCCACATTGTAGC-1,15.284042,7.4095716,s1d3
TGTCCCAGTACTCGCG-1,8.941184,6.226471,s1d3
TGTCCCAGTAGCTGAG-1,2.168673,16.407305,s1d3
TGTCCCATCCAGTGTA-1,3.3237014,16.024519,s1d3
TGTCCTGAGAGAGGTA-1,8.024386,7.3810987,s1d3
TGTCCTGAGGATCACG-1,9.040108,13.291864,s1d3
TGTCCTGAGTGGACTG-1,-1.2303187,6.7733426,s1d3
TGTCCTGCACCAGGTC-1,8.038088,7.53909,s1d3
TGTCCTGCACTTGAAC-1,3.5587804,5.292768,s1d3
TGTCCTGCAGTAGAAT-1,0.21581164,3.7914436,s1d3
TGTCCTGGTTATGTGC-1,-3.1284602,13.292686,s1d3
TGTGAGTAGAGTATAC-1,9.9203005,6.188918,s1d3
TGTGAGTAGAGTGAAG-1,2.3461468,19.754519,s1d3
TGTGAGTAGGTCATTC-1,8.092115,7.1760774,s1d3
TGTGAGTAGTAAGAGG-1,11.000322,13.289399,s1d3
TGTGAGTAGTAATCCC-1,2.948381,-0.010572311,s1d3
TGTGAGTAGTCCTACA-1,4.094189,18.149979,s1d3
TGTGAGTAGTCGAATA-1,9.897638,-4.3214016,s1d3
TGTGAGTAGTGCTAGG-1,-5.291132,9.413787,s1d3
TGTGAGTCACCCTAGG-1,10.668017,8.888925,s1d3
TGTGAGTCAGAGATGC-1,6.913569,12.136807,s1d3
TGTGAGTTCAATCCAG-1,13.964818,4.0672593,s1d3
TGTGAGTTCGCTGACG-1,-3.223409,13.781205,s1d3
TGTGAGTTCGTTGCCT-1,3.1346512,19.676376,s1d3
TGTGAGTTCTTACGGA-1,15.490123,8.473854,s1d3
TGTGATGAGACATAAC-1,11.297579,8.87896,s1d3
TGTGATGAGAGACAAG-1,9.931563,9.032543,s1d3
TGTGATGAGCAGTACG-1,3.4578812,2.856552,s1d3
TGTGATGAGTGTGTTC-1,11.120035,17.34308,s1d3
TGTGATGCAGGAATCG-1,8.753417,9.067262,s1d3
TGTGATGTCAAGCCCG-1,6.042356,20.224873,s1d3
TGTGATGTCATCTGTT-1,9.474759,6.2029123,s1d3
TGTGATGTCCATACTT-1,10.911321,8.966499,s1d3
TGTGATGTCGGTTCAA-1,15.314011,7.8886523,s1d3
TGTGATGTCGTTAGAC-1,2.1626298,16.73785,s1d3
TGTGCGGAGATGCTTC-1,2.3142421,16.460035,s1d3
TGTGCGGAGGCTAACG-1,2.2496536,16.587715,s1d3
TGTGCGGCAAGTATCC-1,8.047735,7.0395274,s1d3
TGTGCGGGTTGGCCGT-1,-4.8740115,8.552773,s1d3
TGTGCGGTCAGTCTTT-1,12.392267,10.554341,s1d3
TGTGCGGTCCTCTTTC-1,8.7145405,7.208638,s1d3
TGTGCGGTCGACCAAT-1,-5.042327,9.562648,s1d3
TGTGCGGTCTAGTCAG-1,11.739531,9.383193,s1d3
TGTGGCGCACGGTGCT-1,7.9436135,6.891257,s1d3
TGTGGCGCAGAGTGAC-1,13.88164,5.2642226,s1d3
TGTGGCGGTAACGCGA-1,6.08778,19.802574,s1d3
TGTGGCGGTTCGAAGG-1,12.885663,5.2838144,s1d3
TGTGGCGTCCTCTGCA-1,8.9770355,12.961089,s1d3
TGTGGCGTCCTTACCG-1,12.606266,7.0496492,s1d3
TGTGGCGTCTCGCGTT-1,1.3844943,4.003635,s1d3
TGTGTGAAGCGCCCAT-1,13.607135,5.4623375,s1d3
TGTGTGACAACTCGAT-1,8.383287,13.376413,s1d3
TGTGTGACAATGGGTG-1,15.6747265,7.4745073,s1d3
TGTGTGACAGTCAGTT-1,9.334848,5.8299556,s1d3
TGTGTGAGTAACTGCT-1,14.350206,7.0393577,s1d3
TGTGTGAGTATACGGG-1,-4.5111957,10.1815815,s1d3
TGTGTGAGTCTAGGTT-1,2.079261,15.859215,s1d3
TGTGTGAGTTGCCGAC-1,6.709417,20.438377,s1d3
TGTGTGATCAAGTTGC-1,9.026599,7.5238442,s1d3
TGTGTGATCTACACAG-1,2.5593274,17.1846,s1d3
TGTGTGATCTGGTGGC-1,-3.1158142,11.760756,s1d3
TGTTACTAGCACTAGG-1,9.154566,9.023416,s1d3
TGTTACTAGGGCCAAT-1,-4.2594223,10.494743,s1d3
TGTTACTCAGACATCT-1,15.592799,7.2963657,s1d3
TGTTACTGTAGATCCT-1,12.852457,5.879686,s1d3
TGTTACTGTCAATCTG-1,9.283522,7.816062,s1d3
TGTTACTGTCCATCTC-1,12.444803,6.8435082,s1d3
TGTTACTTCCCATTCG-1,7.703435,1.5569508,s1d3
TGTTACTTCGGTAGGA-1,8.888918,6.7758436,s1d3
TGTTACTTCTCTCTAA-1,14.005511,5.4685564,s1d3
TGTTCATAGAGTGAAG-1,-3.5168133,10.906895,s1d3
TGTTCATAGCAGATAT-1,8.046346,-2.4213483,s1d3
TGTTCATAGTCAAGCG-1,9.582411,6.6861954,s1d3
TGTTCATCACCTTCCA-1,10.974439,8.935681,s1d3
TGTTCATCACTGGACC-1,10.995765,12.955121,s1d3
TGTTCATCAGTAACCT-1,11.483707,12.969517,s1d3
TGTTCATCATTGGCAT-1,5.857851,11.5422945,s1d3
TGTTCATGTAACATGA-1,3.7960877,19.020819,s1d3
TGTTCATGTGAGGCAT-1,10.359941,7.177935,s1d3
TGTTCATTCCGCACTT-1,10.153679,8.677073,s1d3
TGTTCATTCCTTCAGC-1,8.346154,7.389837,s1d3
TGTTCATTCTCTGAGA-1,11.657696,9.834248,s1d3
TGTTCCGAGAGTCACG-1,-4.323742,10.327066,s1d3
TGTTCCGAGGTCATAA-1,9.619415,-3.0546932,s1d3
TGTTCCGAGTACTGGG-1,3.7042642,5.373679,s1d3
TGTTCCGCAGATTAAG-1,5.629074,11.014334,s1d3
TGTTCCGCAGCTGAAG-1,7.498286,-2.1208053,s1d3
TGTTCCGTCAATGCAC-1,8.912238,6.4802766,s1d3
TGTTCCGTCCGTATGA-1,7.8451805,-2.5920942,s1d3
TGTTCCGTCGTAACAC-1,15.667544,7.3248835,s1d3
TGTTCTACACCTGCGA-1,9.2307,6.7685175,s1d3
TGTTCTACACGGTGCT-1,10.0332575,7.527892,s1d3
TGTTCTACATAACCCA-1,7.047377,-2.1033762,s1d3
TGTTCTAGTCAAGCCC-1,-4.6399655,8.7535925,s1d3
TGTTCTAGTGACTGTT-1,5.88694,11.350035,s1d3
TGTTCTATCACCTTGC-1,11.314784,8.364511,s1d3
TGTTCTATCACGGAGA-1,2.3659127,20.384104,s1d3
TGTTCTATCGCAGAGA-1,8.599745,3.4879742,s1d3
TGTTCTATCTCGAACA-1,-4.623572,9.002624,s1d3
TGTTGAGCAGCGGATA-1,9.4220705,6.2196407,s1d3
TGTTGAGCAGCTACAT-1,12.917136,3.5496068,s1d3
TGTTGAGGTGGAGAAA-1,7.8717875,7.1028934,s1d3
TGTTGAGTCTCGGTAA-1,8.354014,6.194677,s1d3
TGTTGAGTCTGTTCAT-1,9.667405,8.497032,s1d3
TGTTGGAAGGTTTACC-1,9.564369,12.913882,s1d3
TGTTGGACAGGAGGTT-1,9.861788,8.3454685,s1d3
TGTTGGACAGGGACTA-1,6.7090464,2.8864954,s1d3
TGTTGGAGTCCCAAAT-1,-2.1967409,5.71534,s1d3
TGTTGGAGTCGCCTAG-1,2.6885498,2.4880505,s1d3
TGTTGGAGTGTAGCAG-1,5.866528,20.33215,s1d3
TGTTGGAGTTTAAGGA-1,10.923961,11.361248,s1d3
TGTTGGATCAGCACCG-1,-3.0765955,10.634198,s1d3
TGTTGGATCCCTCATG-1,-3.3002183,13.38833,s1d3
TGTTGGATCTCCACTG-1,8.935976,7.621624,s1d3
TGTTGGATCTCTGGTC-1,9.406143,8.358173,s1d3
TGTTTGTAGGAGTCTG-1,2.9885082,0.9566341,s1d3
TGTTTGTAGGGATCGT-1,9.722107,10.080448,s1d3
TGTTTGTCACCAACAT-1,10.474296,13.083197,s1d3
TGTTTGTCACGACGAA-1,8.96765,7.8467226,s1d3
TGTTTGTCATGGTACT-1,-2.4232938,11.406315,s1d3
TGTTTGTGTAACGCGA-1,9.71178,13.176586,s1d3
TGTTTGTGTCTCTCCA-1,3.0256562,0.86269855,s1d3
TGTTTGTGTTCGGTAT-1,8.694921,13.70847,s1d3
TGTTTGTGTTTCCCAC-1,13.486,9.6686735,s1d3
TGTTTGTTCCCAGTGG-1,10.325502,8.582215,s1d3
TGTTTGTTCCTCGCAT-1,8.845805,8.000006,s1d3
TGTTTGTTCTAAGGAA-1,9.233833,-3.0703359,s1d3
TGTTTGTTCTGTCCGT-1,12.979419,6.2992234,s1d3
TTAATCCAGCTTCTAG-1,-3.5123599,11.484442,s1d3
TTAATCCCAACCCGCA-1,5.687785,11.280852,s1d3
TTAATCCGTAATTGGA-1,12.658436,6.7161374,s1d3
TTAATCCGTAGATCGG-1,8.279907,13.34348,s1d3
TTAATCCGTCGAGATG-1,2.1634119,15.428687,s1d3
TTAATCCTCAGATGCT-1,3.4615438,19.46893,s1d3
TTAATCCTCGCAGTGC-1,12.169788,8.663622,s1d3
TTAATCCTCTCGTGGG-1,8.359175,13.644919,s1d3
TTAATCCTCTGCTCTG-1,12.257017,10.563841,s1d3
TTAATCCTCTGCTGAA-1,14.582434,6.432204,s1d3
TTAATCCTCTGTCGCT-1,2.7660353,15.716867,s1d3
TTACAGGAGACGGTTG-1,6.1704264,11.022374,s1d3
TTACAGGAGAGTCACG-1,8.617571,6.6903853,s1d3
TTACAGGAGCAGAAAG-1,8.711858,13.252773,s1d3
TTACAGGAGCTAGCCC-1,5.837403,11.6347685,s1d3
TTACAGGAGTCCCAGC-1,9.5445385,9.660806,s1d3
TTACAGGCAAACACGG-1,10.815892,7.7646923,s1d3
TTACAGGCAGATTCGT-1-1,12.028613,11.173883,s1d3
TTACAGGCATTGACTG-1-1,15.263773,8.72841,s1d3
TTACAGGGTAGAATGT-1,7.847129,11.77021,s1d3
TTACAGGGTCAGACGA-1,-4.5966296,9.951754,s1d3
TTACAGGGTCAGGTGA-1,10.448128,-4.521449,s1d3
TTACAGGGTGGACAGT-1,10.233232,-5.2131643,s1d3
TTACAGGGTGTCCGTG-1,11.387982,9.230478,s1d3
TTACCATAGGCCCGTT-1,10.721327,7.165405,s1d3
TTACCATCAGACTGCC-1,9.640493,8.913083,s1d3
TTACCATCAGCGTTGC-1,8.105431,2.4641516,s1d3
TTACCATGTCAACCTA-1,11.579722,9.767886,s1d3
TTACCATGTTCTTGCC-1,8.514788,13.65214,s1d3
TTACCATGTTGCACGC-1,15.5411825,7.978994,s1d3
TTACCATTCACTGGTA-1,12.58132,9.481482,s1d3
TTACCATTCAGTCACA-1,12.336695,11.114207,s1d3
TTACCATTCCAGGACC-1,15.083025,9.636109,s1d3
TTACCATTCGAACCTA-1,9.90313,-4.8014374,s1d3
TTACCATTCTTTGCAT-1,13.475859,8.008146,s1d3
TTACCGCAGACAGTCG-1,8.790711,9.909633,s1d3
TTACCGCAGCACACCC-1,-2.744492,11.256196,s1d3
TTACCGCAGCTAAATG-1,12.89769,5.5044885,s1d3
TTACCGCAGGCTTAAA-1,8.791288,7.5435176,s1d3
TTACCGCAGTGGCGAT-1,-2.7668772,11.947287,s1d3
TTACCGCCAAGCACAG-1,8.80799,6.0632505,s1d3
TTACCGCGTACTGACT-1,8.061451,-3.6854584,s1d3
TTACCGCGTAGAGATT-1,14.076338,5.5834017,s1d3
TTACCGCGTCCATCTC-1,9.396609,6.2753468,s1d3
TTACCGCGTGACAGGT-1,2.3353262,17.205608,s1d3
TTACCGCTCAGACATC-1,14.5672035,5.684384,s1d3
TTACGCCCACACCTAA-1,15.073311,6.374259,s1d3
TTACGCCCATCACCAA-1,13.52543,6.553213,s1d3
TTACGCCCATGGAAGC-1,11.514567,10.79221,s1d3
TTACGCCGTAGTTACC-1,15.790951,7.8534904,s1d3
TTACGCCGTCCCTCAT-1,3.7304957,19.800676,s1d3
TTACGCCTCTCTATAC-1,3.3187244,3.6284425,s1d3
TTACGCCTCTGGCCTT-1,-4.126491,7.4310145,s1d3
TTACGTTGTCCTGGGT-1,8.67795,-4.5518346,s1d3
TTACGTTTCTCGGCTT-1,2.6583939,19.496527,s1d3
TTACTGTAGAAGCGCT-1,8.802293,-3.2219539,s1d3
TTACTGTAGACGATAT-1,11.182702,8.417937,s1d3
TTACTGTAGCAGCCTC-1,9.849338,8.487183,s1d3
TTACTGTAGGTCATTC-1,-3.696612,10.024284,s1d3
TTACTGTAGTGATAAC-1,12.079076,9.763844,s1d3
TTACTGTCACGTTCGG-1,9.768213,-2.8883555,s1d3
TTACTGTCATAATGCC-1,11.203069,-4.2314296,s1d3
TTACTGTCATGGCGCT-1,9.725532,8.32282,s1d3
TTACTGTGTGTTCGTA-1,8.322158,-0.91655713,s1d3
TTACTGTGTTAACCTG-1,9.340002,8.609288,s1d3
TTACTGTTCGCATTGA-1,8.966649,6.782428,s1d3
TTAGGCACAAACCGGA-1,-3.487188,9.471863,s1d3
TTAGGCACACCAGCTG-1,-4.367259,10.619821,s1d3
TTAGGCACACCCATAA-1,8.718394,13.6071,s1d3
TTAGGCACACGACAAG-1,3.208674,19.249144,s1d3
TTAGGCACAGCGCGTT-1,-0.8294675,7.2397213,s1d3
TTAGGCAGTCTAGGCC-1,2.4887576,16.070772,s1d3
TTAGGCAGTTGAATCC-1,1.4953724,3.6099136,s1d3
TTAGGCATCAGTGATC-1,8.354614,1.7065909,s1d3
TTAGGCATCATCACCC-1,8.417051,13.986768,s1d3
TTAGGGTAGGATTTGA-1,11.081635,8.125407,s1d3
TTAGGGTCAAGCAATA-1,-3.306684,10.920489,s1d3
TTAGGGTCACATTGTG-1,13.813962,6.958938,s1d3
TTAGGGTCAGTCGCAC-1,13.268031,6.2549314,s1d3
TTAGGGTGTACACGTT-1,12.186731,11.024898,s1d3
TTAGGGTGTATCATGC-1,11.1246395,7.3449616,s1d3
TTAGGGTGTCTTTATC-1,12.870148,6.613047,s1d3
TTAGGGTGTGATGGCA-1,14.097354,6.5875406,s1d3
TTAGGGTGTGTTACAC-1,-5.4240646,9.005108,s1d3
TTAGGGTTCATCTACT-1,4.759172,2.4849088,s1d3
TTAGGGTTCCGTATAG-1,7.215322,19.608114,s1d3
TTAGTCTCACAAACGG-1,14.723498,8.05441,s1d3
TTAGTCTCACCCATAA-1,-2.611981,10.674135,s1d3
TTAGTCTCACTGGAAG-1,10.6234455,8.4344015,s1d3
TTAGTCTCATTGCTGA-1,6.8386016,11.104868,s1d3
TTAGTCTTCGCTAAAC-1,3.042962,19.668894,s1d3
TTAGTCTTCTGTAACG-1,5.8811984,18.067286,s1d3
TTATTGCCAACACTAC-1,15.463851,6.8908877,s1d3
TTATTGCCAGATCATC-1,14.988985,7.586733,s1d3
TTATTGCGTCAACGCC-1,-4.05177,8.525955,s1d3
TTATTGCTCTGACCCT-1,1.8353583,4.644114,s1d3
TTCAATCAGGGCAATC-1,6.4251366,11.202046,s1d3
TTCAATCCAATCGCAT-1,13.352878,7.1562033,s1d3
TTCAATCGTAGATTGA-1,3.807599,18.121485,s1d3
TTCAATCGTATGCTTG-1,-5.025556,8.491931,s1d3
TTCAATCGTCACAGAG-1,6.2481647,11.909144,s1d3
TTCAATCTCGGATTAC-1,14.19261,7.760614,s1d3
TTCAATCTCTTGAACG-1,5.904233,17.691679,s1d3
TTCAATCTCTTGTGCC-1,9.760611,6.2081933,s1d3
TTCACCGCAAATGGCG-1,13.576842,3.5621486,s1d3
TTCACCGCAAGCCCAC-1,-2.2716386,10.902819,s1d3
TTCACCGCACGTTGGC-1,6.6207757,2.7022536,s1d3
TTCACCGCATTCATCT-1,8.49819,7.451463,s1d3
TTCACCGGTACAGTAA-1,12.159053,12.529032,s1d3
TTCACCGGTGAGGCAT-1,7.1820965,19.377216,s1d3
TTCACCGGTTAAGCAA-1,-2.9537325,10.978831,s1d3
TTCACCGTCCATTCGC-1,9.866689,-1.3647068,s1d3
TTCACCGTCCTCCACA-1,7.8229976,-1.8456787,s1d3
TTCACGCAGCGTGAAC-1,-0.43699792,7.3124495,s1d3
TTCACGCAGGCAGCTA-1,15.637499,7.600874,s1d3
TTCACGCAGTCTGCAT-1,10.323802,13.721843,s1d3
TTCACGCCAGGTGGAT-1,8.220226,6.863338,s1d3
TTCACGCGTTCGGCGT-1,3.191621,5.035655,s1d3
TTCACGCTCCCTCGTA-1,3.6953213,19.866173,s1d3
TTCACGCTCGTTCCTG-1,10.739221,6.9458375,s1d3
TTCACGCTCTCACTCG-1,3.410059,15.658018,s1d3
TTCACGCTCTTTCGAT-1,11.94788,12.571889,s1d3
TTCAGGAAGGAACATT-1,13.073201,3.654678,s1d3
TTCAGGAAGTCAGCGA-1,12.468808,12.392078,s1d3
TTCAGGACAATGACCT-1,-2.6684787,10.199395,s1d3
TTCAGGACACCCTTAC-1,12.5107155,3.727899,s1d3
TTCAGGACAGAAATCA-1,-5.563622,9.24279,s1d3
TTCAGGACATGAGGGT-1,10.312234,7.134138,s1d3
TTCAGGAGTCATCCCT-1,13.078323,11.439213,s1d3
TTCAGGAGTGCATTAC-1,2.100115,5.271343,s1d3
TTCAGGATCCGGTAGC-1,8.560851,13.727329,s1d3
TTCAGGATCCGTTTCG-1,-4.9300647,10.200276,s1d3
TTCAGGATCGCGAAGA-1,2.9164536,0.7866344,s1d3
TTCAGGATCTATACGG-1,10.393512,-4.789848,s1d3
TTCATGTAGATGAACT-1,2.4762301,16.148947,s1d3
TTCATGTCAAATAAGC-1,-1.5860057,5.5455885,s1d3
TTCATGTCAAGTGCTT-1,-1.8338313,9.048359,s1d3
TTCATGTCAATCGCGC-1,10.914991,7.005496,s1d3
TTCATGTCAGCTCATA-1,12.532667,12.463603,s1d3
TTCATGTCAGGTCTCG-1,-4.846299,8.125369,s1d3
TTCATGTGTAGCTTTG-1,12.467659,6.829781,s1d3
TTCATGTGTCGAACAG-1,-1.3475816,7.3274736,s1d3
TTCATGTTCAGAGTTC-1,11.337102,13.419597,s1d3
TTCATGTTCGGTAAGG-1,-2.7828286,11.272414,s1d3
TTCATTGAGACATGCG-1,12.820243,9.377431,s1d3
TTCATTGAGCATCCCG-1,-2.3528376,10.690472,s1d3
TTCATTGAGTCTAACC-1,9.128201,5.8710113,s1d3
TTCATTGCAAATGAAC-1,-3.6113055,9.536124,s1d3
TTCATTGTCACCTGTC-1,10.542135,7.4822106,s1d3
TTCATTGTCAGATGCT-1,9.78407,-1.2348524,s1d3
TTCATTGTCATACAGC-1,8.273787,13.646277,s1d3
TTCATTGTCGCTTACC-1,12.47275,11.439255,s1d3
TTCATTGTCGGAACTT-1,4.525978,16.219168,s1d3
TTCATTGTCTCCATAT-1,10.361225,8.335638,s1d3
TTCATTGTCTGAGAAA-1,7.3509264,20.19807,s1d3
TTCCAATAGCCTATCA-1,12.070564,1.796597,s1d3
TTCCAATAGGTCGTCC-1,-4.5890217,10.133122,s1d3
TTCCAATGTCACTCTC-1,8.532677,-5.6437793,s1d3
TTCCAATGTCGGCTAC-1,13.65186,4.6429043,s1d3
TTCCAATTCATCTCTA-1,8.319336,7.3371906,s1d3
TTCCAATTCGAGTTGT-1,9.809147,-3.486309,s1d3
TTCCACGAGTTGCGCC-1,12.73634,5.7590237,s1d3
TTCCACGCAGAGCGTA-1,7.225633,19.84847,s1d3
TTCCACGCAGATCCTA-1,12.364642,6.285757,s1d3
TTCCACGCAGCGTTGC-1,9.924404,7.983911,s1d3
TTCCACGGTTATTCCT-1,10.197317,8.903537,s1d3
TTCCACGTCACCACAA-1,4.585921,16.094034,s1d3
TTCCACGTCACCTTGC-1,8.986646,1.4566574,s1d3
TTCCACGTCATGCATG-1,9.672818,-4.070922,s1d3
TTCCACGTCCGTCCTA-1,0.3079245,5.1553335,s1d3
TTCCGGTAGACGACTG-1,5.578625,11.52606,s1d3
TTCCGGTAGATTGGGC-1,-4.5502405,10.506108,s1d3
TTCCGGTAGCAAGTGC-1,5.8366013,20.38357,s1d3
TTCCGGTCACATGGTT-1,11.227162,7.826426,s1d3
TTCCGGTCATCCCACT-1,4.7250385,18.286098,s1d3
TTCCGGTGTCTCCTGT-1,14.6347,6.670062,s1d3
TTCCGGTGTGACTGAG-1,-4.1508746,11.357485,s1d3
TTCCGGTGTTAACCTG-1,12.873715,7.287921,s1d3
TTCCGGTTCCGAGATT-1,8.567846,6.4077864,s1d3
TTCCGGTTCGCCTATC-1,-5.113723,9.587,s1d3
TTCCGGTTCGTTGCCT-1,12.352851,6.887721,s1d3
TTCCGGTTCTCCGCAT-1,14.954863,5.572216,s1d3
TTCCGTGAGACTTGTC-1,8.654025,2.7977202,s1d3
TTCCGTGAGCGTCTCG-1,9.347911,8.695674,s1d3
TTCCGTGCAAGACCGA-1,8.319875,13.691741,s1d3
TTCCGTGCAATAGAGT-1,12.148482,5.6782155,s1d3
TTCCGTGCAGCTCGGT-1,10.352573,7.321354,s1d3
TTCCGTGGTACAGTCT-1,8.8328285,17.869942,s1d3
TTCCGTGGTACGACAG-1,-4.502058,10.2491865,s1d3
TTCCGTGGTAGTACGG-1,12.486205,11.25984,s1d3
TTCCGTGGTATGAAGT-1,10.911089,10.398254,s1d3
TTCCGTGGTCGTGTTA-1,10.248851,8.121309,s1d3
TTCCGTGGTGAAGCGT-1,9.530314,13.352871,s1d3
TTCCGTGTCCTTCGAC-1,-2.4113703,10.473337,s1d3
TTCCGTGTCTCGCGTT-1,12.500453,12.027983,s1d3
TTCCGTGTCTGTACAG-1,-0.23602709,2.9971952,s1d3
TTCCTAAAGATAGTCA-1,10.268645,8.4386635,s1d3
TTCCTAAAGCGTATGG-1,16.35284,8.240579,s1d3
TTCCTAACACTGCTTC-1,3.7386706,5.331935,s1d3
TTCCTAAGTAGATTAG-1,3.0342488,4.5464597,s1d3
TTCCTAAGTTGTTGAC-1,4.6767025,19.053669,s1d3
TTCCTAATCCTATTTG-1,12.327083,10.100006,s1d3
TTCCTAATCTTCACGC-1,11.1200285,7.919994,s1d3
TTCCTCTAGTCCCAGC-1,9.890249,9.571832,s1d3
TTCCTCTAGTGGTCAG-1,9.792761,7.1591,s1d3
TTCCTCTCAACCAATC-1,8.513859,7.0346785,s1d3
TTCCTCTGTACAAACA-1,7.5995383,2.5847268,s1d3
TTCCTCTGTGTGTCGC-1,7.5652122,8.393278,s1d3
TTCCTCTTCCATTTAC-1,6.830723,2.909882,s1d3
TTCCTCTTCCTGTAGA-1,3.9582877,4.938302,s1d3
TTCCTCTTCGAACGGA-1,11.72628,12.052865,s1d3
TTCCTTCCAAAGGCAC-1,15.36701,9.5424795,s1d3
TTCCTTCCACTCCGAG-1,11.025859,14.202926,s1d3
TTCCTTCGTACGCGTC-1,12.507762,10.500223,s1d3
TTCCTTCGTTCGGACC-1,12.394214,7.222098,s1d3
TTCCTTCGTTTCGATG-1,10.525358,7.0893908,s1d3
TTCCTTCTCCTAAACG-1,11.97776,6.903998,s1d3
TTCCTTCTCGTTAGAC-1,8.779737,6.909373,s1d3
TTCCTTCTCTAGCCTC-1,6.7551646,11.425829,s1d3
TTCGATTAGGGTGAGG-1,-4.3925014,11.515934,s1d3
TTCGATTCAAGACCGA-1,13.209812,4.766651,s1d3
TTCGATTCATGTTACG-1,3.23179,2.2952437,s1d3
TTCGATTTCAGAACCT-1,3.7078745,5.31133,s1d3
TTCGATTTCCACGGGT-1,10.863523,6.5844398,s1d3
TTCGCTGAGAAGCCTG-1,8.520369,6.7671304,s1d3
TTCGCTGAGACGCCCT-1,13.239355,6.2469034,s1d3
TTCGCTGAGCGAGGAG-1,10.414196,14.507771,s1d3
TTCGCTGAGCGTACAG-1,8.921392,6.7443323,s1d3
TTCGCTGAGGGCCCTT-1,6.7189503,11.63806,s1d3
TTCGCTGAGGTACCTT-1,-3.593326,12.250577,s1d3
TTCGCTGGTACGTTCA-1,10.99372,10.090921,s1d3
TTCGGTCCACAACGAG-1,10.882633,9.290966,s1d3
TTCGGTCCACCTGTCT-1,-4.8550277,9.531495,s1d3
TTCGGTCCAGCTATTG-1,8.116845,6.932486,s1d3
TTCGGTCGTCGAGCTC-1,12.13151,11.473593,s1d3
TTCGGTCGTGACACGA-1,9.299979,-4.943871,s1d3
TTCGGTCGTGCTTATG-1,9.845068,8.044369,s1d3
TTCGGTCGTGGTATGG-1,10.045177,13.517846,s1d3
TTCGGTCTCTAGTACG-1,3.5990984,5.835386,s1d3
TTCTAACAGCGGATCA-1,11.900907,10.475735,s1d3
TTCTAACAGCGGGTAT-1,11.622767,11.091896,s1d3
TTCTAACAGGTGCTAG-1,12.513933,11.980439,s1d3
TTCTAACAGTCGTCTA-1,9.304365,6.21528,s1d3
TTCTAACCACCGCTGA-1,13.115518,3.6413474,s1d3
TTCTAACGTAATCAAG-1,9.805408,9.246714,s1d3
TTCTAACTCGGCTGGT-1,13.896875,7.619794,s1d3
TTCTAACTCGTCGCTT-1,-4.779288,8.135627,s1d3
TTCTAACTCGTGGGAA-1,12.055667,9.89659,s1d3
TTCTAACTCTATGTGG-1,8.045168,6.70989,s1d3
TTCTAGTAGCATCTTG-1,10.56655,13.160619,s1d3
TTCTAGTAGGTAGCAC-1,13.901452,6.468412,s1d3
TTCTAGTCAAATGGTA-1,3.5048292,1.798782,s1d3
TTCTAGTCAAGACTGG-1,9.599328,6.5838585,s1d3
TTCTAGTCACGGATCC-1,-1.7979689,4.878334,s1d3
TTCTAGTGTCGTTCAA-1,13.403312,5.7750373,s1d3
TTCTAGTTCATGAAAG-1,2.9700258,20.433683,s1d3
TTCTAGTTCGATTGAC-1,9.754398,9.404417,s1d3
TTCTAGTTCTCTCCGA-1,6.268716,19.242254,s1d3
TTCTAGTTCTTGCAGA-1,2.7719452,18.036747,s1d3
TTCTCTCAGGGTAATT-1,16.177084,7.9217005,s1d3
TTCTCTCCACAACGCC-1,11.060957,11.083771,s1d3
TTCTCTCCAGCAGTAG-1,9.46055,1.6229571,s1d3
TTCTCTCGTGATAGTA-1,10.342205,7.5157743,s1d3
TTCTCTCTCAGCGTCG-1,-5.290469,9.831147,s1d3
TTCTCTCTCCCTTGGT-1,-4.839247,9.309377,s1d3
TTCTCTCTCTAGACCA-1,-3.782897,11.105702,s1d3
TTCTGTAAGAGTTGTA-1,9.073817,7.7279167,s1d3
TTCTGTAAGCGGTAAC-1,3.6145823,15.623891,s1d3
TTCTGTAAGGTGGGTT-1,-4.49007,9.983867,s1d3
TTCTGTACACGTACAT-1,10.673046,7.6570086,s1d3
TTCTGTACATTCAGGT-1,11.392866,10.008288,s1d3
TTCTGTAGTATGTCTG-1,2.7214873,15.673024,s1d3
TTCTGTAGTTGCATGT-1,8.837979,6.7199664,s1d3
TTCTGTAGTTTACACG-1,12.456884,11.654581,s1d3
TTCTGTATCCCTCTTT-1,11.447975,7.4379363,s1d3
TTCTGTATCGTTGTGA-1,9.097946,6.320889,s1d3
TTCTTCCAGAGCCATG-1,8.675849,13.421869,s1d3
TTCTTCCAGTATGTAG-1,7.9634256,7.3888965,s1d3
TTCTTCCCAGCATTGT-1,8.782596,6.2566223,s1d3
TTCTTCCGTATATGGA-1,15.698163,8.742954,s1d3
TTCTTCCGTCACTCTC-1,-0.09628332,3.441261,s1d3
TTCTTCCGTCTTACTT-1,9.398578,5.9448066,s1d3
TTCTTCCGTTGACGGA-1,9.023227,13.5980215,s1d3
TTCTTCCTCACCCATC-1,14.97393,8.417954,s1d3
TTCTTCCTCCATCGTC-1,2.2094588,15.875997,s1d3
TTCTTCCTCTGCACCT-1,-4.712062,9.869024,s1d3
TTCTTGAAGCACTAGG-1,12.709314,6.644037,s1d3
TTCTTGACAGCTAACT-1,-5.1273894,8.179514,s1d3
TTCTTGACAGGGTCTC-1,-1.0991038,4.685653,s1d3
TTCTTGAGTACTGAGG-1,14.087112,7.848412,s1d3
TTCTTGAGTTCTGACA-1,8.959398,7.001586,s1d3
TTCTTGATCAACTGGT-1,12.002856,11.371254,s1d3
TTCTTGATCATATGGC-1,9.578158,5.9566355,s1d3
TTGAACGAGAGTTCGG-1,-2.6634786,10.406676,s1d3
TTGAACGAGCGAAACC-1,2.0763488,16.250368,s1d3
TTGAACGAGCGTTACT-1,9.610807,6.6392746,s1d3
TTGAACGAGCTTCGTA-1,7.7705493,7.4506764,s1d3
TTGAACGAGGATTTCC-1,8.137825,-4.31267,s1d3
TTGAACGAGGCACTCC-1,-5.013268,10.041583,s1d3
TTGAACGCAATTGCAC-1,12.284232,11.676997,s1d3
TTGAACGCATAGACTC-1,13.087116,11.129647,s1d3
TTGAACGGTGTTCATG-1,3.7737415,16.11432,s1d3
TTGAACGGTTACGTAC-1,7.4411983,-1.6916927,s1d3
TTGAACGGTTGGGACA-1,12.972573,7.025847,s1d3
TTGAACGTCAAGTTGC-1,-4.815174,8.99693,s1d3
TTGACCCAGAGCATAT-1,15.755152,7.813724,s1d3
TTGACCCAGATAGTGT-1,16.12059,8.24466,s1d3
TTGACCCAGCAGTACG-1,9.437782,-1.3381661,s1d3
TTGACCCAGCCGATTT-1,13.061356,11.783859,s1d3
TTGACCCAGCCTCTTC-1,14.669598,6.5922337,s1d3
TTGACCCAGCTGCCTG-1,3.156814,18.78739,s1d3
TTGACCCAGTCTCGTA-1,11.803842,8.656145,s1d3
TTGACCCAGTGGACGT-1,10.68615,7.788047,s1d3
TTGACCCCAGCTGTCG-1,9.992553,8.669775,s1d3
TTGACCCCATCTCGTC-1,15.377111,8.403768,s1d3
TTGACCCGTCTACAGT-1,13.580854,4.759719,s1d3
TTGACCCTCAGACATC-1,3.719017,16.072603,s1d3
TTGACCCTCATTTCCA-1,12.571552,12.022564,s1d3
TTGACCCTCCTGTAGA-1,9.17997,13.274362,s1d3
TTGACCCTCGTGCACG-1,8.026501,7.3999705,s1d3
TTGAGTGAGGATTCAA-1,10.81779,10.687603,s1d3
TTGAGTGAGTAATTGG-1,-4.0089426,8.1462145,s1d3
TTGAGTGGTGGGCTCT-1,12.754872,5.7536206,s1d3
TTGAGTGGTTCGTGCG-1,10.223116,8.111124,s1d3
TTGAGTGGTTCTCGTC-1,-3.0574062,12.765226,s1d3
TTGAGTGTCAGTGTGT-1,9.543231,-1.1777298,s1d3
TTGAGTGTCATTCGTT-1,9.9023,7.757983,s1d3
TTGAGTGTCCACCTCA-1,16.178167,8.001344,s1d3
TTGAGTGTCCATCTGC-1,9.434228,7.7983155,s1d3
TTGAGTGTCCATTGTT-1,9.537598,6.1525173,s1d3
TTGAGTGTCCCATTCG-1,13.309977,5.1875496,s1d3
TTGAGTGTCCTACGGG-1,-2.1482663,10.262777,s1d3
TTGAGTGTCGTACACA-1,6.6607785,19.778685,s1d3
TTGAGTGTCTCAACGA-1,13.204949,4.3388457,s1d3
TTGAGTGTCTCCACTG-1,13.069716,8.410777,s1d3
TTGATGGAGACGGAAA-1,11.153244,10.438679,s1d3
TTGATGGAGCAGCCTC-1,10.098394,8.864394,s1d3
TTGATGGAGCCGAACA-1,10.705595,6.2244062,s1d3
TTGATGGAGGATGGCT-1,-4.672951,10.88687,s1d3
TTGATGGAGGCTGAAC-1,-2.4503107,10.728147,s1d3
TTGATGGAGTCGCGAA-1,9.244948,7.075696,s1d3
TTGATGGCAAGCGAGT-1,12.288145,11.039837,s1d3
TTGATGGCAAGGCCTC-1,14.091025,7.997053,s1d3
TTGATGGCAGAGGCTA-1,2.0673263,16.00811,s1d3
TTGATGGCATATACCG-1,8.258623,7.8975606,s1d3
TTGATGGCATGTACGT-1,14.897372,9.326087,s1d3
TTGATGGGTCTACAGT-1,11.423485,13.687231,s1d3
TTGATGGTCCTCTTTC-1,10.978645,6.850506,s1d3
TTGCATTAGACATACA-1,-2.7300332,12.093949,s1d3
TTGCATTAGGAAGAAC-1,-4.362535,10.583887,s1d3
TTGCATTAGGAAGTAG-1,-4.7798333,10.027294,s1d3
TTGCATTCAGCTACTA-1,2.9647496,19.52137,s1d3
TTGCATTTCACCATAG-1,13.835177,5.94437,s1d3
TTGCATTTCCCGGTAG-1,8.307815,13.33544,s1d3
TTGCATTTCGCGAAGA-1,2.374923,4.9998765,s1d3
TTGCCTGAGAGTTGTA-1,-4.8953824,10.83008,s1d3
TTGCCTGAGCAGGCTA-1,12.9316,5.4340215,s1d3
TTGCCTGCAAGGGTCA-1,3.5183988,5.033867,s1d3
TTGCCTGCAGACCAGA-1,9.976184,5.989309,s1d3
TTGCCTGGTTGTGTTG-1,10.14403,9.915566,s1d3
TTGCCTGTCAAGAGGC-1,10.27879,9.216111,s1d3
TTGCCTGTCGGACCAC-1,11.531553,10.478804,s1d3
TTGCGTCAGACAGCTG-1,9.484148,7.680526,s1d3
TTGCGTCAGCTTCGTA-1,-3.849348,11.926606,s1d3
TTGCGTCAGGAAGTAG-1,8.5722475,3.1067576,s1d3
TTGCGTCAGTTAGAAC-1,6.0838656,11.130003,s1d3
TTGCGTCCAACTGCTA-1,3.332232,4.1748943,s1d3
TTGCGTCCACTGTTCC-1,9.035962,9.437422,s1d3
TTGCGTCCATTAAGCC-1,3.364436,4.6450114,s1d3
TTGCGTCGTCCTACAA-1,-4.1708384,9.500295,s1d3
TTGCGTCGTCTGATCA-1,7.4539495,-1.8221102,s1d3
TTGCGTCGTTATAGAG-1,10.537699,13.375043,s1d3
TTGCGTCTCAGGGTAG-1,13.248272,6.1465287,s1d3
TTGCGTCTCTCCGATC-1,8.865711,6.021876,s1d3
TTGCTGCAGAAGCCAC-1,8.423181,13.267729,s1d3
TTGCTGCAGACACACG-1,-2.7823346,12.207299,s1d3
TTGCTGCAGCAATTAG-1,7.931027,19.186266,s1d3
TTGCTGCAGCGACAGT-1,12.377216,7.3688464,s1d3
TTGCTGCCAAGTCGTT-1,9.95361,7.4126077,s1d3
TTGCTGCTCATTACTC-1,8.692864,13.629627,s1d3
TTGGATGAGACTTCAC-1,-2.362987,10.601944,s1d3
TTGGATGAGAGATCGC-1,3.8237534,16.149708,s1d3
TTGGATGAGAGTCCGA-1,11.253058,7.1201773,s1d3
TTGGATGAGCATACTC-1,8.039084,8.787956,s1d3
TTGGATGAGCTTAAGA-1,10.466121,-2.9708867,s1d3
TTGGATGCACCGAATT-1,9.458845,5.9014397,s1d3
TTGGATGCATCTCGTC-1,8.947128,3.4418144,s1d3
TTGGATGGTAATCAGA-1,10.149854,8.009683,s1d3
TTGGATGGTTGACTGT-1,-2.6989567,10.398849,s1d3
TTGGATGTCGCATAGT-1,9.739404,7.28418,s1d3
TTGGGATAGAAATTGC-1,3.7895854,3.0656252,s1d3
TTGGGATAGGTAGTCG-1,3.3506553,20.30486,s1d3
TTGGGATCACAAGTGG-1,2.7204847,17.959244,s1d3
TTGGGATCAGCATGCC-1,-4.118796,9.961982,s1d3
TTGGGATCATTGACTG-1,-1.6458322,7.200109,s1d3
TTGGGATGTACGATCT-1,-3.7061791,8.753558,s1d3
TTGGGATGTCCGAAAG-1,7.016937,2.8607082,s1d3
TTGGGATTCGCACTCT-1,12.729714,6.2973156,s1d3
TTGGGATTCGCTCTCA-1,2.7770262,17.654581,s1d3
TTGGGCGAGGACAAGA-1,12.921344,6.455061,s1d3
TTGGGCGCAGATACTC-1,-3.3889747,12.0498,s1d3
TTGGGCGGTGCCGTTG-1,8.350863,6.3529444,s1d3
TTGGGCGGTGGATTTC-1,10.5603895,8.454634,s1d3
TTGGGCGTCCTAAGTG-1,9.132727,8.610411,s1d3
TTGGGCGTCTGGTCAA-1,8.484334,7.217896,s1d3
TTGGGTAAGCTCGACC-1,14.239565,5.427327,s1d3
TTGGGTACACCCTATC-1,3.6269236,4.002165,s1d3
TTGGGTACAGGAATAT-1,9.600629,7.7421603,s1d3
TTGGGTAGTCACTTAG-1,10.825828,6.880937,s1d3
TTGGGTAGTTCTCAGA-1,8.788118,8.738358,s1d3
TTGGGTATCGTGTGGC-1,14.161726,5.035216,s1d3
TTGGGTATCTCTGCTG-1,13.220005,4.9034424,s1d3
TTGGTTTAGACATATG-1,8.729925,3.327274,s1d3
TTGGTTTAGCGTCTCG-1,9.13481,6.0042353,s1d3
TTGGTTTAGTCTACCA-1,8.494824,-4.1978736,s1d3
TTGGTTTAGTGGCAGT-1,-5.129105,10.623953,s1d3
TTGGTTTGTAAGCTCT-1,7.696586,19.090834,s1d3
TTGGTTTGTTCCTAAG-1,-1.7587395,4.9199142,s1d3
TTGTGGACACGCAAAG-1,10.967972,8.510684,s1d3
TTGTGGAGTGCCGTTG-1,10.4364805,14.454464,s1d3
TTGTGGATCAGACAAA-1,-4.366624,10.315765,s1d3
TTGTGGATCGTAGTGT-1,7.2999563,20.16979,s1d3
TTGTGGATCTTCTGTA-1,9.62352,6.086051,s1d3
TTGTGTTAGAGTATAC-1,16.19868,8.512305,s1d3
TTGTGTTCAGCTGGTC-1,10.125926,9.918563,s1d3
TTGTTCAAGAGAGCCT-1,9.502169,8.353144,s1d3
TTGTTCAAGCTGTTCA-1,9.444746,7.854176,s1d3
TTGTTCAAGTACAGAT-1,8.796962,-5.468644,s1d3
TTGTTCACATGGCTAT-1,2.6709905,15.553873,s1d3
TTGTTCAGTAGATTAG-1,14.7264385,6.783272,s1d3
TTGTTCAGTCAAAGCG-1,12.220019,6.6587825,s1d3
TTGTTCAGTCAGATTC-1,10.730691,7.203669,s1d3
TTGTTCAGTCCTCCTA-1,11.109568,8.808981,s1d3
TTGTTCAGTTGGTACT-1,5.875535,10.949435,s1d3
TTGTTCATCAGGACGA-1,10.026103,7.5099516,s1d3
TTGTTCATCCCAGGAC-1,12.470678,8.846913,s1d3
TTGTTCATCGTGCTCT-1,12.309916,-1.3118039,s1d3
TTGTTCATCGTTATCT-1,9.27386,1.6555264,s1d3
TTGTTGTAGACCGTTT-1,2.5724266,20.04152,s1d3
TTGTTGTCACTACGGC-1,13.2896805,5.2773438,s1d3
TTGTTGTGTATGCGGA-1,-1.0814161,3.7660975,s1d3
TTGTTGTGTCATCGGC-1,8.551365,9.13063,s1d3
TTGTTGTGTCTTACAG-1,-0.39444426,4.78467,s1d3
TTGTTGTGTTGAAGTA-1,9.50627,9.577837,s1d3
TTGTTGTTCGAGTCTA-1,12.434623,5.4813714,s1d3
TTGTTGTTCGTTCCCA-1,13.432335,5.353064,s1d3
TTGTTGTTCTAAGCGT-1,9.167257,-3.2163477,s1d3
TTGTTTGAGATGAAGG-1,-2.9919832,11.161355,s1d3
TTGTTTGAGCGGACAT-1,10.333986,7.7867937,s1d3
TTGTTTGAGGTACTGG-1,11.416602,9.40182,s1d3
TTGTTTGAGTGCACCC-1,8.599495,1.4961525,s1d3
TTGTTTGCACGACGTC-1,12.973839,7.3223796,s1d3
TTGTTTGCACTATCCC-1,9.698746,6.575345,s1d3
TTGTTTGCAGCACCCA-1,5.52374,19.973711,s1d3
TTGTTTGCAGCCGTCA-1,4.5130434,17.027954,s1d3
TTGTTTGGTGAGTGAC-1,9.313046,7.814041,s1d3
TTGTTTGGTGATGGCA-1,11.853408,10.509429,s1d3
TTGTTTGGTGTCACAT-1,3.9496357,19.789415,s1d3
TTGTTTGGTTCAGCTA-1,10.4463415,-4.8960304,s1d3
TTGTTTGTCACGGGCT-1,2.295549,5.2877135,s1d3
TTGTTTGTCAGGGTAG-1,-4.8100185,10.764955,s1d3
TTTACCAAGAGCCCAA-1,10.121838,5.9132,s1d3
TTTACCAAGAGGGCGA-1,8.827898,3.3317456,s1d3
TTTACCAAGTTCATGC-1,-3.145393,13.566175,s1d3
TTTACCACAACCGGAA-1,12.751789,8.789027,s1d3
TTTACCACATACCAGT-1,15.205326,9.265074,s1d3
TTTACCAGTACAAACA-1,12.593301,7.0969057,s1d3
TTTACCATCGAGTACT-1,3.8950095,17.95447,s1d3
TTTACGTAGATCACTC-1,-5.380443,8.821102,s1d3
TTTACGTAGCGGGTAT-1,-4.4961305,10.391783,s1d3
TTTACGTAGGGTGAAA-1,12.087514,6.3779984,s1d3
TTTACGTCAGAGTAAT-1,16.51818,8.051213,s1d3
TTTACGTCAGCTATAC-1,12.708591,10.43807,s1d3
TTTACGTGTAACCAGG-1,12.149917,-3.8962371,s1d3
TTTACGTGTGTATTCG-1,10.11875,8.599,s1d3
TTTACTGAGACTAGAT-1,11.381227,7.4865985,s1d3
TTTACTGAGTTAACAG-1,8.6777115,14.114811,s1d3
TTTACTGCACAGTATC-1,7.06572,2.8914976,s1d3
TTTACTGGTACGATCT-1,-2.91387,10.115371,s1d3
TTTACTGGTAGGCAAC-1,9.411047,8.052059,s1d3
TTTACTGTCCATCTCG-1,8.455704,14.208315,s1d3
TTTAGTCAGACATCCT-1,4.5339985,19.285738,s1d3
TTTAGTCCACCGGTCA-1,10.9401655,8.280886,s1d3
TTTAGTCCAGAATCGG-1,9.859532,8.39054,s1d3
TTTAGTCCAGCCTACG-1,-1.1591547,7.588243,s1d3
TTTAGTCCATACCATG-1,12.4675,-3.6446936,s1d3
TTTAGTCGTACAGTTC-1,5.4059324,18.12575,s1d3
TTTAGTCTCCTCGATC-1,14.441069,9.471978,s1d3
TTTAGTCTCTGATGGT-1,8.76583,5.9670763,s1d3
TTTATGCAGCATCGAG-1,2.4405909,4.3273277,s1d3
TTTATGCAGCGAGTCA-1,8.988635,-3.2242544,s1d3
TTTATGCAGTAGAGTT-1,7.441485,3.2836108,s1d3
TTTATGCAGTAGGGTC-1,-4.215288,10.239501,s1d3
TTTATGCCACACACTA-1,9.771693,12.889017,s1d3
TTTATGCCACCTAAAC-1,2.966292,19.803816,s1d3
TTTATGCGTCAACACT-1,3.5425355,5.262909,s1d3
TTTATGCGTCCGGACT-1,6.937289,20.421423,s1d3
TTTATGCGTCGACTGC-1,15.006475,9.636592,s1d3
TTTATGCGTGGGACAT-1,5.9594545,19.72506,s1d3
TTTATGCGTTGTACGT-1,13.345584,6.9620104,s1d3
TTTATGCGTTTCCAAG-1,-4.9754806,8.948693,s1d3
TTTATGCTCGAGAGAC-1,10.688575,12.795449,s1d3
TTTATGCTCTCTGCCA-1,2.4982288,17.075506,s1d3
TTTATGCTCTGCGGGT-1,8.955863,0.045591176,s1d3
TTTCACAAGATGGCAC-1,10.023767,9.326799,s1d3
TTTCACAAGTGCAACG-1,9.322056,6.7136717,s1d3
TTTCACAAGTGGAATT-1,8.411073,-3.2925694,s1d3
TTTCACACAACTTGGT-1,2.5230567,20.023827,s1d3
TTTCACACACAGTCCG-1,-3.166245,10.6544075,s1d3
TTTCACAGTCAAGGCA-1,3.0054853,19.295574,s1d3
TTTCACATCACATTGG-1,10.775352,12.706053,s1d3
TTTCACATCTACGGTA-1,-5.021095,9.685737,s1d3
TTTCAGTAGTCTAACC-1,14.44675,5.4219503,s1d3
TTTCAGTAGTTTGAGA-1,3.8132172,19.704214,s1d3
TTTCAGTCAATCGCGC-1,13.362054,8.644486,s1d3
TTTCAGTGTAGCACAG-1,-4.8308854,8.479544,s1d3
TTTCAGTGTCATGCAT-1,11.738522,12.458615,s1d3
TTTCAGTGTGCAGATG-1,-3.3370283,9.91572,s1d3
TTTCAGTGTGGCTGAA-1,11.022032,7.4147468,s1d3
TTTCAGTTCCAGCACG-1,9.116391,6.1993394,s1d3
TTTCATGCATTGCTTT-1,10.897069,9.372775,s1d3
TTTCATGGTACTGTTG-1,10.962976,7.795426,s1d3
TTTCATGGTCGCGTTG-1,11.333583,10.576722,s1d3
TTTCATGGTCTGGTTA-1,8.719814,-4.152674,s1d3
TTTCATGGTCTGTTAG-1,3.0160244,19.855112,s1d3
TTTCATGGTGAGTTGG-1,11.718043,8.30707,s1d3
TTTCATGTCATCACCC-1,-0.74666387,5.361439,s1d3
TTTCATGTCATGCCAA-1,12.083314,10.439378,s1d3
TTTCATGTCGAGCCTG-1,13.283086,8.312761,s1d3
TTTCATGTCGCTACAA-1,2.619867,16.185608,s1d3
TTTCATGTCGTCCATC-1,11.15039,14.1287775,s1d3
TTTCCTCAGCGAAACC-1,8.461452,6.4815097,s1d3
TTTCCTCAGGCGATAC-1,9.9957,9.363233,s1d3
TTTCCTCAGGCTCCCA-1,14.842824,7.1314387,s1d3
TTTCCTCAGTCGTTAC-1,5.79539,17.951468,s1d3
TTTCCTCCACGGATCC-1,6.0448275,10.792859,s1d3
TTTCCTCCATGGAACG-1,10.374297,9.208647,s1d3
TTTCCTCGTCGACGCT-1,11.002643,6.768103,s1d3
TTTCCTCTCGAGCACC-1,6.8242645,11.960984,s1d3
TTTCGATAGGTCCTGC-1,12.674162,7.5698557,s1d3
TTTCGATAGTCACTGT-1,12.185017,8.825386,s1d3
TTTCGATAGTGATGGC-1,8.769966,3.612141,s1d3
TTTCGATCACACGGAA-1,9.267793,8.931794,s1d3
TTTCGATCACAGAGAC-1,12.0151825,11.022894,s1d3
TTTCGATCATCCTATT-1,8.71709,13.917894,s1d3
TTTCGATGTAGCGTCC-1,10.701683,8.387696,s1d3
TTTCGATTCAGCACCG-1,12.32987,10.330001,s1d3
TTTCGATTCATCACTT-1,8.17459,-4.6570215,s1d3
TTTCGATTCGCCAGTG-1,11.697533,0.36332622,s1d3
TTTCGATTCTAGAGCT-1,-4.779273,8.393678,s1d3
TTTCGATTCTCCATAT-1,9.705803,-2.4339023,s1d3
TTTGACTAGATCCCAT-1,8.285169,13.685399,s1d3
TTTGACTAGATGTTGA-1,1.9844903,2.6932116,s1d3
TTTGACTAGTAGGAAG-1,10.150969,8.351131,s1d3
TTTGACTCACCGAATT-1,3.8518767,19.106396,s1d3
TTTGACTCACTTACAG-1,14.75811,8.383591,s1d3
TTTGACTCATGTGTCA-1,12.717584,6.521882,s1d3
TTTGACTGTGGAACAC-1,10.97962,8.788952,s1d3
TTTGACTGTGTAGCAG-1,10.602791,9.19397,s1d3
TTTGACTTCTCGGCTT-1,10.449705,9.401223,s1d3
TTTGACTTCTTTCGAT-1,11.280792,7.599591,s1d3
TTTGATCCAGGTAGTG-1,10.283429,9.263515,s1d3
TTTGATCGTACGTTCA-1,10.247741,-0.3897447,s1d3
TTTGATCGTCGAGTGA-1,2.3574758,15.701263,s1d3
TTTGATCTCAAACGTC-1,-2.6001742,12.038822,s1d3
TTTGATCTCATTGCTT-1,-4.8364925,8.950591,s1d3
TTTGGAGAGCACCGTC-1,-4.332834,8.841645,s1d3
TTTGGAGCAAACTGCT-1,9.20111,6.505689,s1d3
TTTGGAGTCCCTATTA-1,12.895605,5.151806,s1d3
TTTGGTTAGAACTCCT-1,10.143783,8.224119,s1d3
TTTGGTTAGTGGTCAG-1,14.31402,7.8785734,s1d3
TTTGGTTAGTTAACAG-1,8.732437,8.732848,s1d3
TTTGGTTCACATTACG-1,9.067949,6.296699,s1d3
TTTGGTTCATGACGGA-1,2.621006,15.9571705,s1d3
TTTGGTTCATGTTACG-1,8.9086685,-3.097395,s1d3
TTTGGTTGTCTCACAA-1,3.985351,4.0972576,s1d3
TTTGGTTTCCCATTCG-1,11.970508,1.4975373,s1d3
TTTGGTTTCCGTCCTA-1,10.704374,7.9794803,s1d3
TTTGGTTTCTTGCGCT-1,14.83562,5.012133,s1d3
TTTGTTGAGAGTCTGG-1,14.458533,5.062667,s1d3
TTTGTTGCAGACAATA-1,8.221836,-0.62477136,s1d3
TTTGTTGCATGTTACG-1,2.899358,4.9984584,s1d3
TTTGTTGGTAGTCACT-1,12.805622,6.2066326,s1d3
TTTGTTGTCGCGCTGA-1,9.315851,7.7984,s1d3
